source,target,ligand,receptor,prob,pval,interaction_name,interaction_name_2,pathway_name,annotation,evidence
ENDO,ENDO,Tgfb1,TGFbR1_R2,0.009209565800297637,0.0,TGFB1_TGFBR1_TGFBR2,Tgfb1 - (Tgfbr1+Tgfbr2),TGFb,Secreted Signaling,KEGG: mmu04350
ENDO,FIB-P,Tgfb1,TGFbR1_R2,0.0024453607399813225,0.0,TGFB1_TGFBR1_TGFBR2,Tgfb1 - (Tgfbr1+Tgfbr2),TGFb,Secreted Signaling,KEGG: mmu04350
ENDO,MELA,Tgfb1,TGFbR1_R2,0.006819105831314787,0.0,TGFB1_TGFBR1_TGFBR2,Tgfb1 - (Tgfbr1+Tgfbr2),TGFb,Secreted Signaling,KEGG: mmu04350
ENDO,MYL,Tgfb1,TGFbR1_R2,0.0051581187424691605,0.0,TGFB1_TGFBR1_TGFBR2,Tgfb1 - (Tgfbr1+Tgfbr2),TGFb,Secreted Signaling,KEGG: mmu04350
Immune,ENDO,Tgfb1,TGFbR1_R2,0.012085355759824688,0.0,TGFB1_TGFBR1_TGFBR2,Tgfb1 - (Tgfbr1+Tgfbr2),TGFb,Secreted Signaling,KEGG: mmu04350
Immune,FIB-P,Tgfb1,TGFbR1_R2,0.0032134663340433003,0.0,TGFB1_TGFBR1_TGFBR2,Tgfb1 - (Tgfbr1+Tgfbr2),TGFb,Secreted Signaling,KEGG: mmu04350
Immune,MELA,Tgfb1,TGFbR1_R2,0.008957014111011075,0.0,TGFB1_TGFBR1_TGFBR2,Tgfb1 - (Tgfbr1+Tgfbr2),TGFb,Secreted Signaling,KEGG: mmu04350
Immune,MYL,Tgfb1,TGFbR1_R2,0.006777529992707853,0.0,TGFB1_TGFBR1_TGFBR2,Tgfb1 - (Tgfbr1+Tgfbr2),TGFb,Secreted Signaling,KEGG: mmu04350
MYL,ENDO,Tgfb1,TGFbR1_R2,0.011216692169648731,0.0,TGFB1_TGFBR1_TGFBR2,Tgfb1 - (Tgfbr1+Tgfbr2),TGFb,Secreted Signaling,KEGG: mmu04350
MYL,FIB-P,Tgfb1,TGFbR1_R2,0.0029816209876096936,0.0,TGFB1_TGFBR1_TGFBR2,Tgfb1 - (Tgfbr1+Tgfbr2),TGFb,Secreted Signaling,KEGG: mmu04350
MYL,MELA,Tgfb1,TGFbR1_R2,0.008311557520068475,0.0,TGFB1_TGFBR1_TGFBR2,Tgfb1 - (Tgfbr1+Tgfbr2),TGFb,Secreted Signaling,KEGG: mmu04350
MYL,MYL,Tgfb1,TGFbR1_R2,0.006288696808267048,0.0,TGFB1_TGFBR1_TGFBR2,Tgfb1 - (Tgfbr1+Tgfbr2),TGFb,Secreted Signaling,KEGG: mmu04350
FIB-A,ENDO,Tgfb2,TGFbR1_R2,0.0009751061073105742,0.0,TGFB2_TGFBR1_TGFBR2,Tgfb2  - (Tgfbr1+Tgfbr2),TGFb,Secreted Signaling,KEGG: mmu04350
FIB-A,FIB-P,Tgfb2,TGFbR1_R2,0.0002578896280692397,0.0,TGFB2_TGFBR1_TGFBR2,Tgfb2  - (Tgfbr1+Tgfbr2),TGFb,Secreted Signaling,KEGG: mmu04350
FIB-A,MELA,Tgfb2,TGFbR1_R2,0.0007200576442669379,0.0,TGFB2_TGFBR1_TGFBR2,Tgfb2  - (Tgfbr1+Tgfbr2),TGFb,Secreted Signaling,KEGG: mmu04350
FIB-A,MYL,Tgfb2,TGFbR1_R2,0.000544157880033779,0.0,TGFB2_TGFBR1_TGFBR2,Tgfb2  - (Tgfbr1+Tgfbr2),TGFb,Secreted Signaling,KEGG: mmu04350
Muscle,ENDO,Tgfb2,TGFbR1_R2,0.005949349334628711,0.0,TGFB2_TGFBR1_TGFBR2,Tgfb2  - (Tgfbr1+Tgfbr2),TGFb,Secreted Signaling,KEGG: mmu04350
Muscle,FIB-P,Tgfb2,TGFbR1_R2,0.0015769336192379745,0.0,TGFB2_TGFBR1_TGFBR2,Tgfb2  - (Tgfbr1+Tgfbr2),TGFb,Secreted Signaling,KEGG: mmu04350
Muscle,MELA,Tgfb2,TGFbR1_R2,0.004399874839425678,0.0,TGFB2_TGFBR1_TGFBR2,Tgfb2  - (Tgfbr1+Tgfbr2),TGFb,Secreted Signaling,KEGG: mmu04350
Muscle,MYL,Tgfb2,TGFbR1_R2,0.003326785712490288,0.0,TGFB2_TGFBR1_TGFBR2,Tgfb2  - (Tgfbr1+Tgfbr2),TGFb,Secreted Signaling,KEGG: mmu04350
Spinious,ENDO,Tgfb2,TGFbR1_R2,0.0009271105106125927,0.0,TGFB2_TGFBR1_TGFBR2,Tgfb2  - (Tgfbr1+Tgfbr2),TGFb,Secreted Signaling,KEGG: mmu04350
Spinious,FIB-P,Tgfb2,TGFbR1_R2,0.0002450443652574198,0.0,TGFB2_TGFBR1_TGFBR2,Tgfb2  - (Tgfbr1+Tgfbr2),TGFb,Secreted Signaling,KEGG: mmu04350
Spinious,MELA,Tgfb2,TGFbR1_R2,0.000684326980383786,0.0,TGFB2_TGFBR1_TGFBR2,Tgfb2  - (Tgfbr1+Tgfbr2),TGFb,Secreted Signaling,KEGG: mmu04350
Spinious,MYL,Tgfb2,TGFbR1_R2,0.0005170802960106375,0.0,TGFB2_TGFBR1_TGFBR2,Tgfb2  - (Tgfbr1+Tgfbr2),TGFb,Secreted Signaling,KEGG: mmu04350
Muscle,ENDO,Tgfb3,TGFbR1_R2,0.0010339199132041153,0.0,TGFB3_TGFBR1_TGFBR2,Tgfb3  - (Tgfbr1+Tgfbr2),TGFb,Secreted Signaling,KEGG: mmu04350
Muscle,FIB-P,Tgfb3,TGFbR1_R2,0.000273296764679591,0.0,TGFB3_TGFBR1_TGFBR2,Tgfb3  - (Tgfbr1+Tgfbr2),TGFb,Secreted Signaling,KEGG: mmu04350
Muscle,MELA,Tgfb3,TGFbR1_R2,0.0007632072610619619,0.0,TGFB3_TGFBR1_TGFBR2,Tgfb3  - (Tgfbr1+Tgfbr2),TGFb,Secreted Signaling,KEGG: mmu04350
Muscle,MYL,Tgfb3,TGFbR1_R2,0.0005766933156107481,0.0,TGFB3_TGFBR1_TGFBR2,Tgfb3  - (Tgfbr1+Tgfbr2),TGFb,Secreted Signaling,KEGG: mmu04350
Basal-P,Muscle,Bmp2,BMPR1A_ACVR2B,0.000334426133800213,0.0,BMP2_BMPR1A_ACVR2B,Bmp2  - (Bmpr1a+Acvr2b),BMP,Secreted Signaling,KEGG: mmu04350; PMID:26893264
FIB-B,Muscle,Bmp4,BMPR1A_ACVR2B,0.0005802373466133254,0.0,BMP4_BMPR1A_ACVR2B,Bmp4  - (Bmpr1a+Acvr2b),BMP,Secreted Signaling,KEGG: mmu04350; PMID:26893264
FIB-P,Muscle,Bmp4,BMPR1A_ACVR2B,0.0005418928801887171,0.0,BMP4_BMPR1A_ACVR2B,Bmp4  - (Bmpr1a+Acvr2b),BMP,Secreted Signaling,KEGG: mmu04350; PMID:26893264
Basal,Muscle,Bmp7,BMPR1A_ACVR2B,0.0036399649487426143,0.0,BMP7_BMPR1A_ACVR2B,Bmp7  - (Bmpr1a+Acvr2b),BMP,Secreted Signaling,KEGG: mmu04350; PMID:26893264
Basal-P,Muscle,Bmp7,BMPR1A_ACVR2B,0.0038881865046303094,0.0,BMP7_BMPR1A_ACVR2B,Bmp7  - (Bmpr1a+Acvr2b),BMP,Secreted Signaling,KEGG: mmu04350; PMID:26893264
Muscle,Muscle,Bmp7,BMPR1A_ACVR2B,0.0003350606027788677,0.0,BMP7_BMPR1A_ACVR2B,Bmp7  - (Bmpr1a+Acvr2b),BMP,Secreted Signaling,KEGG: mmu04350; PMID:26893264
Spinious,Muscle,Bmp7,BMPR1A_ACVR2B,0.0025262435569410723,0.0,BMP7_BMPR1A_ACVR2B,Bmp7  - (Bmpr1a+Acvr2b),BMP,Secreted Signaling,KEGG: mmu04350; PMID:26893264
Basal,FIB-A,Wnt10a,FZD1_LRP6,0.00048313168119965005,0.0,WNT10A_FZD1_LRP6,Wnt10a  - (Fzd1+Lrp6),WNT,Secreted Signaling,KEGG: mmu04310; PMID: 23209147
Basal,FIB-P,Wnt10a,FZD1_LRP6,0.0011095152387980763,0.0,WNT10A_FZD1_LRP6,Wnt10a  - (Fzd1+Lrp6),WNT,Secreted Signaling,KEGG: mmu04310; PMID: 23209147
Basal-P,FIB-A,Wnt10a,FZD1_LRP6,0.00040860388983152,0.0,WNT10A_FZD1_LRP6,Wnt10a  - (Fzd1+Lrp6),WNT,Secreted Signaling,KEGG: mmu04310; PMID: 23209147
Basal-P,FIB-P,Wnt10a,FZD1_LRP6,0.0009382922835636316,0.0,WNT10A_FZD1_LRP6,Wnt10a  - (Fzd1+Lrp6),WNT,Secreted Signaling,KEGG: mmu04310; PMID: 23209147
Basal,Basal,Wnt10a,FZD10_LRP6,0.0034700656334380902,0.0,WNT10A_FZD10_LRP6,Wnt10a  - (Fzd10+Lrp6),WNT,Secreted Signaling,KEGG: mmu04310; PMID: 23209147
Basal,Basal-P,Wnt10a,FZD10_LRP6,0.004232802119682763,0.0,WNT10A_FZD10_LRP6,Wnt10a  - (Fzd10+Lrp6),WNT,Secreted Signaling,KEGG: mmu04310; PMID: 23209147
Basal,Spinious,Wnt10a,FZD10_LRP6,0.002051113154383418,0.0,WNT10A_FZD10_LRP6,Wnt10a  - (Fzd10+Lrp6),WNT,Secreted Signaling,KEGG: mmu04310; PMID: 23209147
Basal-P,Basal,Wnt10a,FZD10_LRP6,0.0029361630718486367,0.0,WNT10A_FZD10_LRP6,Wnt10a  - (Fzd10+Lrp6),WNT,Secreted Signaling,KEGG: mmu04310; PMID: 23209147
Basal-P,Basal-P,Wnt10a,FZD10_LRP6,0.0035824802950755576,0.0,WNT10A_FZD10_LRP6,Wnt10a  - (Fzd10+Lrp6),WNT,Secreted Signaling,KEGG: mmu04310; PMID: 23209147
Basal-P,Spinious,Wnt10a,FZD10_LRP6,0.00173440246535941,0.0,WNT10A_FZD10_LRP6,Wnt10a  - (Fzd10+Lrp6),WNT,Secreted Signaling,KEGG: mmu04310; PMID: 23209147
Basal,Basal-P,Wnt10a,FZD2_LRP6,0.0014816894959900242,0.0,WNT10A_FZD2_LRP6,Wnt10a  - (Fzd2+Lrp6),WNT,Secreted Signaling,KEGG: mmu04310; PMID: 23209147
Basal,FIB-A,Wnt10a,FZD2_LRP6,0.0009574018882160549,0.0,WNT10A_FZD2_LRP6,Wnt10a  - (Fzd2+Lrp6),WNT,Secreted Signaling,KEGG: mmu04310; PMID: 23209147
Basal,FIB-P,Wnt10a,FZD2_LRP6,0.002168826587211217,0.0,WNT10A_FZD2_LRP6,Wnt10a  - (Fzd2+Lrp6),WNT,Secreted Signaling,KEGG: mmu04310; PMID: 23209147
Basal,MELA,Wnt10a,FZD2_LRP6,0.0015283284119872583,0.0,WNT10A_FZD2_LRP6,Wnt10a  - (Fzd2+Lrp6),WNT,Secreted Signaling,KEGG: mmu04310; PMID: 23209147
Basal,Muscle,Wnt10a,FZD2_LRP6,0.0014485029283866629,0.0,WNT10A_FZD2_LRP6,Wnt10a  - (Fzd2+Lrp6),WNT,Secreted Signaling,KEGG: mmu04310; PMID: 23209147
Basal,Spinious,Wnt10a,FZD2_LRP6,0.0024463596730718577,0.0,WNT10A_FZD2_LRP6,Wnt10a  - (Fzd2+Lrp6),WNT,Secreted Signaling,KEGG: mmu04310; PMID: 23209147
Basal-P,Basal-P,Wnt10a,FZD2_LRP6,0.0012529165300441056,0.0,WNT10A_FZD2_LRP6,Wnt10a  - (Fzd2+Lrp6),WNT,Secreted Signaling,KEGG: mmu04310; PMID: 23209147
Basal-P,FIB-A,Wnt10a,FZD2_LRP6,0.0008102306890339753,0.0,WNT10A_FZD2_LRP6,Wnt10a  - (Fzd2+Lrp6),WNT,Secreted Signaling,KEGG: mmu04310; PMID: 23209147
Basal-P,FIB-P,Wnt10a,FZD2_LRP6,0.0018351384491802137,0.0,WNT10A_FZD2_LRP6,Wnt10a  - (Fzd2+Lrp6),WNT,Secreted Signaling,KEGG: mmu04310; PMID: 23209147
Basal-P,MELA,Wnt10a,FZD2_LRP6,0.0012924137018372394,0.0,WNT10A_FZD2_LRP6,Wnt10a  - (Fzd2+Lrp6),WNT,Secreted Signaling,KEGG: mmu04310; PMID: 23209147
Basal-P,Muscle,Wnt10a,FZD2_LRP6,0.0012247350634174339,0.0,WNT10A_FZD2_LRP6,Wnt10a  - (Fzd2+Lrp6),WNT,Secreted Signaling,KEGG: mmu04310; PMID: 23209147
Basal-P,Spinious,Wnt10a,FZD2_LRP6,0.002068808173104938,0.0,WNT10A_FZD2_LRP6,Wnt10a  - (Fzd2+Lrp6),WNT,Secreted Signaling,KEGG: mmu04310; PMID: 23209147
Basal,MELA,Wnt10a,FZD3_LRP6,0.001521937616554399,0.0,WNT10A_FZD3_LRP6,Wnt10a  - (Fzd3+Lrp6),WNT,Secreted Signaling,KEGG: mmu04310; PMID: 23209147
Basal-P,MELA,Wnt10a,FZD3_LRP6,0.001287006542866652,0.0,WNT10A_FZD3_LRP6,Wnt10a  - (Fzd3+Lrp6),WNT,Secreted Signaling,KEGG: mmu04310; PMID: 23209147
Basal,Basal,Wnt10a,FZD6_LRP6,0.0018056511018308824,0.0,WNT10A_FZD6_LRP6,Wnt10a  - (Fzd6+Lrp6),WNT,Secreted Signaling,KEGG: mmu04310; PMID: 23209147
Basal,Basal-P,Wnt10a,FZD6_LRP6,0.0018282125069979769,0.0,WNT10A_FZD6_LRP6,Wnt10a  - (Fzd6+Lrp6),WNT,Secreted Signaling,KEGG: mmu04310; PMID: 23209147
Basal,Spinious,Wnt10a,FZD6_LRP6,0.00231358251664792,0.0,WNT10A_FZD6_LRP6,Wnt10a  - (Fzd6+Lrp6),WNT,Secreted Signaling,KEGG: mmu04310; PMID: 23209147
Basal-P,Basal,Wnt10a,FZD6_LRP6,0.00152701117164357,0.0,WNT10A_FZD6_LRP6,Wnt10a  - (Fzd6+Lrp6),WNT,Secreted Signaling,KEGG: mmu04310; PMID: 23209147
Basal-P,Basal-P,Wnt10a,FZD6_LRP6,0.0015461115728422526,0.0,WNT10A_FZD6_LRP6,Wnt10a  - (Fzd6+Lrp6),WNT,Secreted Signaling,KEGG: mmu04310; PMID: 23209147
Basal-P,Spinious,Wnt10a,FZD6_LRP6,0.0019564627659037826,0.0,WNT10A_FZD6_LRP6,Wnt10a  - (Fzd6+Lrp6),WNT,Secreted Signaling,KEGG: mmu04310; PMID: 23209147
FIB-A,FIB-A,Wnt2,FZD1_LRP6,3.899220287469323e-05,0.0,WNT2_FZD1_LRP6,Wnt2  - (Fzd1+Lrp6),WNT,Secreted Signaling,KEGG: mmu04310; PMID: 23209147
FIB-A,FIB-P,Wnt2,FZD1_LRP6,8.951568284786969e-05,0.0,WNT2_FZD1_LRP6,Wnt2  - (Fzd1+Lrp6),WNT,Secreted Signaling,KEGG: mmu04310; PMID: 23209147
FIB-A,Basal,Wnt2,FZD10_LRP6,0.00028066477006856807,0.0,WNT2_FZD10_LRP6,Wnt2  - (Fzd10+Lrp6),WNT,Secreted Signaling,KEGG: mmu04310; PMID: 23209147
FIB-A,Basal-P,Wnt2,FZD10_LRP6,0.0003427648347092118,0.0,WNT2_FZD10_LRP6,Wnt2  - (Fzd10+Lrp6),WNT,Secreted Signaling,KEGG: mmu04310; PMID: 23209147
FIB-A,Spinious,Wnt2,FZD10_LRP6,0.00016540633025699828,0.0,WNT2_FZD10_LRP6,Wnt2  - (Fzd10+Lrp6),WNT,Secreted Signaling,KEGG: mmu04310; PMID: 23209147
FIB-A,Basal-P,Wnt2,FZD2_LRP6,0.00011949260075175969,0.0,WNT2_FZD2_LRP6,Wnt2  - (Fzd2+Lrp6),WNT,Secreted Signaling,KEGG: mmu04310; PMID: 23209147
FIB-A,FIB-A,Wnt2,FZD2_LRP6,7.749490530895724e-05,0.0,WNT2_FZD2_LRP6,Wnt2  - (Fzd2+Lrp6),WNT,Secreted Signaling,KEGG: mmu04310; PMID: 23209147
FIB-A,FIB-P,Wnt2,FZD2_LRP6,0.00017542116794437367,0.0,WNT2_FZD2_LRP6,Wnt2  - (Fzd2+Lrp6),WNT,Secreted Signaling,KEGG: mmu04310; PMID: 23209147
FIB-A,MELA,Wnt2,FZD2_LRP6,0.00012327963486588085,0.0,WNT2_FZD2_LRP6,Wnt2  - (Fzd2+Lrp6),WNT,Secreted Signaling,KEGG: mmu04310; PMID: 23209147
FIB-A,Muscle,Wnt2,FZD2_LRP6,0.00011676456297769144,0.0,WNT2_FZD2_LRP6,Wnt2  - (Fzd2+Lrp6),WNT,Secreted Signaling,KEGG: mmu04310; PMID: 23209147
FIB-A,Spinious,Wnt2,FZD2_LRP6,0.00019736200937743912,0.0,WNT2_FZD2_LRP6,Wnt2  - (Fzd2+Lrp6),WNT,Secreted Signaling,KEGG: mmu04310; PMID: 23209147
FIB-A,MELA,Wnt2,FZD3_LRP6,0.00012276289249604487,0.0,WNT2_FZD3_LRP6,Wnt2  - (Fzd3+Lrp6),WNT,Secreted Signaling,KEGG: mmu04310; PMID: 23209147
FIB-A,Basal,Wnt2,FZD6_LRP6,0.0001456852788818573,0.0,WNT2_FZD6_LRP6,Wnt2  - (Fzd6+Lrp6),WNT,Secreted Signaling,KEGG: mmu04310; PMID: 23209147
FIB-A,Basal-P,Wnt2,FZD6_LRP6,0.00014751454796728676,0.0,WNT2_FZD6_LRP6,Wnt2  - (Fzd6+Lrp6),WNT,Secreted Signaling,KEGG: mmu04310; PMID: 23209147
FIB-A,Spinious,Wnt2,FZD6_LRP6,0.0001866240099086399,0.0,WNT2_FZD6_LRP6,Wnt2  - (Fzd6+Lrp6),WNT,Secreted Signaling,KEGG: mmu04310; PMID: 23209147
Basal,FIB-A,Wnt3,FZD1_LRP6,0.0005269014329040891,0.0,WNT3_FZD1_LRP6,Wnt3  - (Fzd1+Lrp6),WNT,Secreted Signaling,KEGG: mmu04310; PMID: 23209147
Basal,FIB-P,Wnt3,FZD1_LRP6,0.0012100884075737098,0.0,WNT3_FZD1_LRP6,Wnt3  - (Fzd1+Lrp6),WNT,Secreted Signaling,KEGG: mmu04310; PMID: 23209147
Basal-P,FIB-A,Wnt3,FZD1_LRP6,0.0005456049282093863,0.0,WNT3_FZD1_LRP6,Wnt3  - (Fzd1+Lrp6),WNT,Secreted Signaling,KEGG: mmu04310; PMID: 23209147
Basal-P,FIB-P,Wnt3,FZD1_LRP6,0.001253074985112188,0.0,WNT3_FZD1_LRP6,Wnt3  - (Fzd1+Lrp6),WNT,Secreted Signaling,KEGG: mmu04310; PMID: 23209147
Basal,Basal,Wnt3,FZD10_LRP6,0.0037833263783391678,0.0,WNT3_FZD10_LRP6,Wnt3  - (Fzd10+Lrp6),WNT,Secreted Signaling,KEGG: mmu04310; PMID: 23209147
Basal,Basal-P,Wnt3,FZD10_LRP6,0.004614170736920863,0.0,WNT3_FZD10_LRP6,Wnt3  - (Fzd10+Lrp6),WNT,Secreted Signaling,KEGG: mmu04310; PMID: 23209147
Basal,Spinious,Wnt3,FZD10_LRP6,0.0022371813789060085,0.0,WNT3_FZD10_LRP6,Wnt3  - (Fzd10+Lrp6),WNT,Secreted Signaling,KEGG: mmu04310; PMID: 23209147
Basal-P,Basal,Wnt3,FZD10_LRP6,0.003916985855773272,0.0,WNT3_FZD10_LRP6,Wnt3  - (Fzd10+Lrp6),WNT,Secreted Signaling,KEGG: mmu04310; PMID: 23209147
Basal-P,Basal-P,Wnt3,FZD10_LRP6,0.004776754121095285,0.0,WNT3_FZD10_LRP6,Wnt3  - (Fzd10+Lrp6),WNT,Secreted Signaling,KEGG: mmu04310; PMID: 23209147
Basal-P,Spinious,Wnt3,FZD10_LRP6,0.002316735853803815,0.0,WNT3_FZD10_LRP6,Wnt3  - (Fzd10+Lrp6),WNT,Secreted Signaling,KEGG: mmu04310; PMID: 23209147
Basal,Basal-P,Wnt3,FZD2_LRP6,0.001616091218119491,0.0,WNT3_FZD2_LRP6,Wnt3  - (Fzd2+Lrp6),WNT,Secreted Signaling,KEGG: mmu04310; PMID: 23209147
Basal,FIB-A,Wnt3,FZD2_LRP6,0.0010437241008229054,0.0,WNT3_FZD2_LRP6,Wnt3  - (Fzd2+Lrp6),WNT,Secreted Signaling,KEGG: mmu04310; PMID: 23209147
Basal,FIB-P,Wnt3,FZD2_LRP6,0.002364612611196441,0.0,WNT3_FZD2_LRP6,Wnt3  - (Fzd2+Lrp6),WNT,Secreted Signaling,KEGG: mmu04310; PMID: 23209147
Basal,MELA,Wnt3,FZD2_LRP6,0.0016669130966486592,0.0,WNT3_FZD2_LRP6,Wnt3  - (Fzd2+Lrp6),WNT,Secreted Signaling,KEGG: mmu04310; PMID: 23209147
Basal,Muscle,Wnt3,FZD2_LRP6,0.0015799897657221439,0.0,WNT3_FZD2_LRP6,Wnt3  - (Fzd2+Lrp6),WNT,Secreted Signaling,KEGG: mmu04310; PMID: 23209147
Basal,Spinious,Wnt3,FZD2_LRP6,0.002668131450882905,0.0,WNT3_FZD2_LRP6,Wnt3  - (Fzd2+Lrp6),WNT,Secreted Signaling,KEGG: mmu04310; PMID: 23209147
Basal-P,Basal-P,Wnt3,FZD2_LRP6,0.0016735534374552202,0.0,WNT3_FZD2_LRP6,Wnt3  - (Fzd2+Lrp6),WNT,Secreted Signaling,KEGG: mmu04310; PMID: 23209147
Basal-P,FIB-A,Wnt3,FZD2_LRP6,0.0010805358458669382,0.0,WNT3_FZD2_LRP6,Wnt3  - (Fzd2+Lrp6),WNT,Secreted Signaling,KEGG: mmu04310; PMID: 23209147
Basal-P,FIB-P,Wnt3,FZD2_LRP6,0.0024481480204549474,0.0,WNT3_FZD2_LRP6,Wnt3  - (Fzd2+Lrp6),WNT,Secreted Signaling,KEGG: mmu04310; PMID: 23209147
Basal-P,MELA,Wnt3,FZD2_LRP6,0.0017261550708339447,0.0,WNT3_FZD2_LRP6,Wnt3  - (Fzd2+Lrp6),WNT,Secreted Signaling,KEGG: mmu04310; PMID: 23209147
Basal-P,Muscle,Wnt3,FZD2_LRP6,0.0016362230715102016,0.0,WNT3_FZD2_LRP6,Wnt3  - (Fzd2+Lrp6),WNT,Secreted Signaling,KEGG: mmu04310; PMID: 23209147
Basal-P,Spinious,Wnt3,FZD2_LRP6,0.002762923686960914,0.0,WNT3_FZD2_LRP6,Wnt3  - (Fzd2+Lrp6),WNT,Secreted Signaling,KEGG: mmu04310; PMID: 23209147
Basal,MELA,Wnt3,FZD3_LRP6,0.0016599450913164422,0.0,WNT3_FZD3_LRP6,Wnt3  - (Fzd3+Lrp6),WNT,Secreted Signaling,KEGG: mmu04310; PMID: 23209147
Basal-P,MELA,Wnt3,FZD3_LRP6,0.001718940736253383,0.0,WNT3_FZD3_LRP6,Wnt3  - (Fzd3+Lrp6),WNT,Secreted Signaling,KEGG: mmu04310; PMID: 23209147
Basal,Basal,Wnt3,FZD6_LRP6,0.0019693163523194467,0.0,WNT3_FZD6_LRP6,Wnt3  - (Fzd6+Lrp6),WNT,Secreted Signaling,KEGG: mmu04310; PMID: 23209147
Basal,Basal-P,Wnt3,FZD6_LRP6,0.0019939062380095306,0.0,WNT3_FZD6_LRP6,Wnt3  - (Fzd6+Lrp6),WNT,Secreted Signaling,KEGG: mmu04310; PMID: 23209147
Basal,Spinious,Wnt3,FZD6_LRP6,0.002523365679158956,0.0,WNT3_FZD6_LRP6,Wnt3  - (Fzd6+Lrp6),WNT,Secreted Signaling,KEGG: mmu04310; PMID: 23209147
Basal-P,Basal,Wnt3,FZD6_LRP6,0.00203926769939277,0.0,WNT3_FZD6_LRP6,Wnt3  - (Fzd6+Lrp6),WNT,Secreted Signaling,KEGG: mmu04310; PMID: 23209147
Basal-P,Basal-P,Wnt3,FZD6_LRP6,0.002064721573899565,0.0,WNT3_FZD6_LRP6,Wnt3  - (Fzd6+Lrp6),WNT,Secreted Signaling,KEGG: mmu04310; PMID: 23209147
Basal-P,Spinious,Wnt3,FZD6_LRP6,0.0026130423401930394,0.0,WNT3_FZD6_LRP6,Wnt3  - (Fzd6+Lrp6),WNT,Secreted Signaling,KEGG: mmu04310; PMID: 23209147
Basal,FIB-A,Wnt4,FZD1_LRP6,0.0005678319784039613,0.0,WNT4_FZD1_LRP6,Wnt4  - (Fzd1+Lrp6),WNT,Secreted Signaling,KEGG: mmu04310; PMID: 23209147
Basal,FIB-P,Wnt4,FZD1_LRP6,0.0013041460788703854,0.0,WNT4_FZD1_LRP6,Wnt4  - (Fzd1+Lrp6),WNT,Secreted Signaling,KEGG: mmu04310; PMID: 23209147
Basal-P,FIB-A,Wnt4,FZD1_LRP6,0.0006606968928736461,0.0,WNT4_FZD1_LRP6,Wnt4  - (Fzd1+Lrp6),WNT,Secreted Signaling,KEGG: mmu04310; PMID: 23209147
Basal-P,FIB-P,Wnt4,FZD1_LRP6,0.0015175886852192473,0.0,WNT4_FZD1_LRP6,Wnt4  - (Fzd1+Lrp6),WNT,Secreted Signaling,KEGG: mmu04310; PMID: 23209147
FIB-B,FIB-A,Wnt4,FZD1_LRP6,0.00015034864483915299,0.0,WNT4_FZD1_LRP6,Wnt4  - (Fzd1+Lrp6),WNT,Secreted Signaling,KEGG: mmu04310; PMID: 23209147
FIB-B,FIB-P,Wnt4,FZD1_LRP6,0.00034516532397707697,0.0,WNT4_FZD1_LRP6,Wnt4  - (Fzd1+Lrp6),WNT,Secreted Signaling,KEGG: mmu04310; PMID: 23209147
Spinious,FIB-A,Wnt4,FZD1_LRP6,0.0005051975105814121,0.0,WNT4_FZD1_LRP6,Wnt4  - (Fzd1+Lrp6),WNT,Secreted Signaling,KEGG: mmu04310; PMID: 23209147
Spinious,FIB-P,Wnt4,FZD1_LRP6,0.0011600400943817576,0.0,WNT4_FZD1_LRP6,Wnt4  - (Fzd1+Lrp6),WNT,Secreted Signaling,KEGG: mmu04310; PMID: 23209147
Basal,Basal,Wnt4,FZD10_LRP6,0.004076100212207529,0.0,WNT4_FZD10_LRP6,Wnt4  - (Fzd10+Lrp6),WNT,Secreted Signaling,KEGG: mmu04310; PMID: 23209147
Basal,Basal-P,Wnt4,FZD10_LRP6,0.0049704864727434924,0.0,WNT4_FZD10_LRP6,Wnt4  - (Fzd10+Lrp6),WNT,Secreted Signaling,KEGG: mmu04310; PMID: 23209147
Basal,Spinious,Wnt4,FZD10_LRP6,0.002411216940883029,0.0,WNT4_FZD10_LRP6,Wnt4  - (Fzd10+Lrp6),WNT,Secreted Signaling,KEGG: mmu04310; PMID: 23209147
Basal-P,Basal,Wnt4,FZD10_LRP6,0.004739547903654025,0.0,WNT4_FZD10_LRP6,Wnt4  - (Fzd10+Lrp6),WNT,Secreted Signaling,KEGG: mmu04310; PMID: 23209147
Basal-P,Basal-P,Wnt4,FZD10_LRP6,0.005777381906398405,0.0,WNT4_FZD10_LRP6,Wnt4  - (Fzd10+Lrp6),WNT,Secreted Signaling,KEGG: mmu04310; PMID: 23209147
Basal-P,Spinious,Wnt4,FZD10_LRP6,0.0028062558680584607,0.0,WNT4_FZD10_LRP6,Wnt4  - (Fzd10+Lrp6),WNT,Secreted Signaling,KEGG: mmu04310; PMID: 23209147
FIB-B,Basal,Wnt4,FZD10_LRP6,0.0010821048437715238,0.0,WNT4_FZD10_LRP6,Wnt4  - (Fzd10+Lrp6),WNT,Secreted Signaling,KEGG: mmu04310; PMID: 23209147
FIB-B,Basal-P,Wnt4,FZD10_LRP6,0.001321464191799412,0.0,WNT4_FZD10_LRP6,Wnt4  - (Fzd10+Lrp6),WNT,Secreted Signaling,KEGG: mmu04310; PMID: 23209147
FIB-B,Spinious,Wnt4,FZD10_LRP6,0.0006378064127839134,0.0,WNT4_FZD10_LRP6,Wnt4  - (Fzd10+Lrp6),WNT,Secreted Signaling,KEGG: mmu04310; PMID: 23209147
Spinious,Basal,Wnt4,FZD10_LRP6,0.0036315464761924763,0.0,WNT4_FZD10_LRP6,Wnt4  - (Fzd10+Lrp6),WNT,Secreted Signaling,KEGG: mmu04310; PMID: 23209147
Spinious,Basal-P,Wnt4,FZD10_LRP6,0.004431793826148345,0.0,WNT4_FZD10_LRP6,Wnt4  - (Fzd10+Lrp6),WNT,Secreted Signaling,KEGG: mmu04310; PMID: 23209147
Spinious,Spinious,Wnt4,FZD10_LRP6,0.002144132420634323,0.0,WNT4_FZD10_LRP6,Wnt4  - (Fzd10+Lrp6),WNT,Secreted Signaling,KEGG: mmu04310; PMID: 23209147
Basal,Basal-P,Wnt4,FZD2_LRP6,0.0017417998189104302,0.0,WNT4_FZD2_LRP6,Wnt4  - (Fzd2+Lrp6),WNT,Secreted Signaling,KEGG: mmu04310; PMID: 23209147
Basal,FIB-A,Wnt4,FZD2_LRP6,0.0011243848775733896,0.0,WNT4_FZD2_LRP6,Wnt4  - (Fzd2+Lrp6),WNT,Secreted Signaling,KEGG: mmu04310; PMID: 23209147
Basal,FIB-P,Wnt4,FZD2_LRP6,0.0025475936714310994,0.0,WNT4_FZD2_LRP6,Wnt4  - (Fzd2+Lrp6),WNT,Secreted Signaling,KEGG: mmu04310; PMID: 23209147
Basal,MELA,Wnt4,FZD2_LRP6,0.001796526945333172,0.0,WNT4_FZD2_LRP6,Wnt4  - (Fzd2+Lrp6),WNT,Secreted Signaling,KEGG: mmu04310; PMID: 23209147
Basal,Muscle,Wnt4,FZD2_LRP6,0.0017029863921019166,0.0,WNT4_FZD2_LRP6,Wnt4  - (Fzd2+Lrp6),WNT,Secreted Signaling,KEGG: mmu04310; PMID: 23209147
Basal,Spinious,Wnt4,FZD2_LRP6,0.002875538892706077,0.0,WNT4_FZD2_LRP6,Wnt4  - (Fzd2+Lrp6),WNT,Secreted Signaling,KEGG: mmu04310; PMID: 23209147
Basal-P,Basal-P,Wnt4,FZD2_LRP6,0.0020271346798180867,0.0,WNT4_FZD2_LRP6,Wnt4  - (Fzd2+Lrp6),WNT,Secreted Signaling,KEGG: mmu04310; PMID: 23209147
Basal-P,FIB-A,Wnt4,FZD2_LRP6,0.0013070903039256179,0.0,WNT4_FZD2_LRP6,Wnt4  - (Fzd2+Lrp6),WNT,Secreted Signaling,KEGG: mmu04310; PMID: 23209147
Basal-P,FIB-P,Wnt4,FZD2_LRP6,0.002962238871022995,0.0,WNT4_FZD2_LRP6,Wnt4  - (Fzd2+Lrp6),WNT,Secreted Signaling,KEGG: mmu04310; PMID: 23209147
Basal-P,MELA,Wnt4,FZD2_LRP6,0.0020906911826512158,0.0,WNT4_FZD2_LRP6,Wnt4  - (Fzd2+Lrp6),WNT,Secreted Signaling,KEGG: mmu04310; PMID: 23209147
Basal-P,Muscle,Wnt4,FZD2_LRP6,0.001982235461240919,0.0,WNT4_FZD2_LRP6,Wnt4  - (Fzd2+Lrp6),WNT,Secreted Signaling,KEGG: mmu04310; PMID: 23209147
Basal-P,Spinious,Wnt4,FZD2_LRP6,0.0033462170142019333,0.0,WNT4_FZD2_LRP6,Wnt4  - (Fzd2+Lrp6),WNT,Secreted Signaling,KEGG: mmu04310; PMID: 23209147
FIB-B,Basal-P,Wnt4,FZD2_LRP6,0.0004607622122995567,0.0,WNT4_FZD2_LRP6,Wnt4  - (Fzd2+Lrp6),WNT,Secreted Signaling,KEGG: mmu04310; PMID: 23209147
FIB-B,FIB-A,Wnt4,FZD2_LRP6,0.00029877238060723154,0.0,WNT4_FZD2_LRP6,Wnt4  - (Fzd2+Lrp6),WNT,Secreted Signaling,KEGG: mmu04310; PMID: 23209147
FIB-B,FIB-P,Wnt4,FZD2_LRP6,0.0006763369862174348,0.0,WNT4_FZD2_LRP6,Wnt4  - (Fzd2+Lrp6),WNT,Secreted Signaling,KEGG: mmu04310; PMID: 23209147
FIB-B,MELA,Wnt4,FZD2_LRP6,0.00047536071018484195,0.0,WNT4_FZD2_LRP6,Wnt4  - (Fzd2+Lrp6),WNT,Secreted Signaling,KEGG: mmu04310; PMID: 23209147
FIB-B,Muscle,Wnt4,FZD2_LRP6,0.0004502514703282338,0.0,WNT4_FZD2_LRP6,Wnt4  - (Fzd2+Lrp6),WNT,Secreted Signaling,KEGG: mmu04310; PMID: 23209147
FIB-B,Spinious,Wnt4,FZD2_LRP6,0.0007610138461457834,0.0,WNT4_FZD2_LRP6,Wnt4  - (Fzd2+Lrp6),WNT,Secreted Signaling,KEGG: mmu04310; PMID: 23209147
Spinious,Basal-P,Wnt4,FZD2_LRP6,0.0015489140964198588,0.0,WNT4_FZD2_LRP6,Wnt4  - (Fzd2+Lrp6),WNT,Secreted Signaling,KEGG: mmu04310; PMID: 23209147
Spinious,FIB-A,Wnt4,FZD2_LRP6,0.0010022443305107037,0.0,WNT4_FZD2_LRP6,Wnt4  - (Fzd2+Lrp6),WNT,Secreted Signaling,KEGG: mmu04310; PMID: 23209147
Spinious,FIB-P,Wnt4,FZD2_LRP6,0.0022697676460227173,0.0,WNT4_FZD2_LRP6,Wnt4  - (Fzd2+Lrp6),WNT,Secreted Signaling,KEGG: mmu04310; PMID: 23209147
Spinious,MELA,Wnt4,FZD2_LRP6,0.0015977968066492915,0.0,WNT4_FZD2_LRP6,Wnt4  - (Fzd2+Lrp6),WNT,Secreted Signaling,KEGG: mmu04310; PMID: 23209147
Spinious,Muscle,Wnt4,FZD2_LRP6,0.0015139656935779335,0.0,WNT4_FZD2_LRP6,Wnt4  - (Fzd2+Lrp6),WNT,Secreted Signaling,KEGG: mmu04310; PMID: 23209147
Spinious,Spinious,Wnt4,FZD2_LRP6,0.0025577105511548743,0.0,WNT4_FZD2_LRP6,Wnt4  - (Fzd2+Lrp6),WNT,Secreted Signaling,KEGG: mmu04310; PMID: 23209147
Basal,MELA,Wnt4,FZD3_LRP6,0.00178901943856347,0.0,WNT4_FZD3_LRP6,Wnt4  - (Fzd3+Lrp6),WNT,Secreted Signaling,KEGG: mmu04310; PMID: 23209147
Basal-P,MELA,Wnt4,FZD3_LRP6,0.002081960929095564,0.0,WNT4_FZD3_LRP6,Wnt4  - (Fzd3+Lrp6),WNT,Secreted Signaling,KEGG: mmu04310; PMID: 23209147
FIB-B,MELA,Wnt4,FZD3_LRP6,0.0004733683802872141,0.0,WNT4_FZD3_LRP6,Wnt4  - (Fzd3+Lrp6),WNT,Secreted Signaling,KEGG: mmu04310; PMID: 23209147
Spinious,MELA,Wnt4,FZD3_LRP6,0.0015911093742658887,0.0,WNT4_FZD3_LRP6,Wnt4  - (Fzd3+Lrp6),WNT,Secreted Signaling,KEGG: mmu04310; PMID: 23209147
Basal,Basal,Wnt4,FZD6_LRP6,0.002122377283404119,0.0,WNT4_FZD6_LRP6,Wnt4  - (Fzd6+Lrp6),WNT,Secreted Signaling,KEGG: mmu04310; PMID: 23209147
Basal,Basal-P,Wnt4,FZD6_LRP6,0.0021488617375924894,0.0,WNT4_FZD6_LRP6,Wnt4  - (Fzd6+Lrp6),WNT,Secreted Signaling,KEGG: mmu04310; PMID: 23209147
Basal,Spinious,Wnt4,FZD6_LRP6,0.0027195682612431546,0.0,WNT4_FZD6_LRP6,Wnt4  - (Fzd6+Lrp6),WNT,Secreted Signaling,KEGG: mmu04310; PMID: 23209147
Basal-P,Basal,Wnt4,FZD6_LRP6,0.0024697072158013328,0.0,WNT4_FZD6_LRP6,Wnt4  - (Fzd6+Lrp6),WNT,Secreted Signaling,KEGG: mmu04310; PMID: 23209147
Basal-P,Basal-P,Wnt4,FZD6_LRP6,0.0025004788157292983,0.0,WNT4_FZD6_LRP6,Wnt4  - (Fzd6+Lrp6),WNT,Secreted Signaling,KEGG: mmu04310; PMID: 23209147
Basal-P,Spinious,Wnt4,FZD6_LRP6,0.0031648539465382514,0.0,WNT4_FZD6_LRP6,Wnt4  - (Fzd6+Lrp6),WNT,Secreted Signaling,KEGG: mmu04310; PMID: 23209147
FIB-B,Basal,Wnt4,FZD6_LRP6,0.000561749913563926,0.0,WNT4_FZD6_LRP6,Wnt4  - (Fzd6+Lrp6),WNT,Secreted Signaling,KEGG: mmu04310; PMID: 23209147
FIB-B,Basal-P,Wnt4,FZD6_LRP6,0.0005688019370786006,0.0,WNT4_FZD6_LRP6,Wnt4  - (Fzd6+Lrp6),WNT,Secreted Signaling,KEGG: mmu04310; PMID: 23209147
FIB-B,Spinious,Wnt4,FZD6_LRP6,0.0007196132029671777,0.0,WNT4_FZD6_LRP6,Wnt4  - (Fzd6+Lrp6),WNT,Secreted Signaling,KEGG: mmu04310; PMID: 23209147
Spinious,Basal,Wnt4,FZD6_LRP6,0.001887902981327374,0.0,WNT4_FZD6_LRP6,Wnt4  - (Fzd6+Lrp6),WNT,Secreted Signaling,KEGG: mmu04310; PMID: 23209147
Spinious,Basal-P,Wnt4,FZD6_LRP6,0.0019115364374828246,0.0,WNT4_FZD6_LRP6,Wnt4  - (Fzd6+Lrp6),WNT,Secreted Signaling,KEGG: mmu04310; PMID: 23209147
Spinious,Spinious,Wnt4,FZD6_LRP6,0.002418760483354549,0.0,WNT4_FZD6_LRP6,Wnt4  - (Fzd6+Lrp6),WNT,Secreted Signaling,KEGG: mmu04310; PMID: 23209147
Basal,FIB-A,Wnt6,FZD1_LRP6,0.0016543118926097679,0.0,WNT6_FZD1_LRP6,Wnt6  - (Fzd1+Lrp6),WNT,Secreted Signaling,KEGG: mmu04310; PMID: 23209147
Basal,FIB-P,Wnt6,FZD1_LRP6,0.0038038179343296446,0.0,WNT6_FZD1_LRP6,Wnt6  - (Fzd1+Lrp6),WNT,Secreted Signaling,KEGG: mmu04310; PMID: 23209147
Basal-P,FIB-A,Wnt6,FZD1_LRP6,0.0016199374027537313,0.0,WNT6_FZD1_LRP6,Wnt6  - (Fzd1+Lrp6),WNT,Secreted Signaling,KEGG: mmu04310; PMID: 23209147
Basal-P,FIB-P,Wnt6,FZD1_LRP6,0.003724709118969178,0.0,WNT6_FZD1_LRP6,Wnt6  - (Fzd1+Lrp6),WNT,Secreted Signaling,KEGG: mmu04310; PMID: 23209147
Spinious,FIB-A,Wnt6,FZD1_LRP6,0.0008028406995088001,0.0,WNT6_FZD1_LRP6,Wnt6  - (Fzd1+Lrp6),WNT,Secreted Signaling,KEGG: mmu04310; PMID: 23209147
Spinious,FIB-P,Wnt6,FZD1_LRP6,0.0018439029139498929,0.0,WNT6_FZD1_LRP6,Wnt6  - (Fzd1+Lrp6),WNT,Secreted Signaling,KEGG: mmu04310; PMID: 23209147
Basal,Basal,Wnt6,FZD10_LRP6,0.011789199679447686,0.0,WNT6_FZD10_LRP6,Wnt6  - (Fzd10+Lrp6),WNT,Secreted Signaling,KEGG: mmu04310; PMID: 23209147
Basal,Basal-P,Wnt6,FZD10_LRP6,0.014318852852100434,0.0,WNT6_FZD10_LRP6,Wnt6  - (Fzd10+Lrp6),WNT,Secreted Signaling,KEGG: mmu04310; PMID: 23209147
Basal,Spinious,Wnt6,FZD10_LRP6,0.007044010738266703,0.0,WNT6_FZD10_LRP6,Wnt6  - (Fzd10+Lrp6),WNT,Secreted Signaling,KEGG: mmu04310; PMID: 23209147
Basal-P,Basal,Wnt6,FZD10_LRP6,0.011545617623800724,0.0,WNT6_FZD10_LRP6,Wnt6  - (Fzd10+Lrp6),WNT,Secreted Signaling,KEGG: mmu04310; PMID: 23209147
Basal-P,Basal-P,Wnt6,FZD10_LRP6,0.01402391937358871,0.0,WNT6_FZD10_LRP6,Wnt6  - (Fzd10+Lrp6),WNT,Secreted Signaling,KEGG: mmu04310; PMID: 23209147
Basal-P,Spinious,Wnt6,FZD10_LRP6,0.006897333426535003,0.0,WNT6_FZD10_LRP6,Wnt6  - (Fzd10+Lrp6),WNT,Secreted Signaling,KEGG: mmu04310; PMID: 23209147
Spinious,Basal,Wnt6,FZD10_LRP6,0.005762883316161287,0.0,WNT6_FZD10_LRP6,Wnt6  - (Fzd10+Lrp6),WNT,Secreted Signaling,KEGG: mmu04310; PMID: 23209147
Spinious,Basal-P,Wnt6,FZD10_LRP6,0.007027257184781676,0.0,WNT6_FZD10_LRP6,Wnt6  - (Fzd10+Lrp6),WNT,Secreted Signaling,KEGG: mmu04310; PMID: 23209147
Spinious,Spinious,Wnt6,FZD10_LRP6,0.0034091904382426035,0.0,WNT6_FZD10_LRP6,Wnt6  - (Fzd10+Lrp6),WNT,Secreted Signaling,KEGG: mmu04310; PMID: 23209147
Basal,Basal-P,Wnt6,FZD2_LRP6,0.0050875603391089715,0.0,WNT6_FZD2_LRP6,Wnt6  - (Fzd2+Lrp6),WNT,Secreted Signaling,KEGG: mmu04310; PMID: 23209147
Basal,FIB-A,Wnt6,FZD2_LRP6,0.003243812468330416,0.0,WNT6_FZD2_LRP6,Wnt6  - (Fzd2+Lrp6),WNT,Secreted Signaling,KEGG: mmu04310; PMID: 23209147
Basal,FIB-P,Wnt6,FZD2_LRP6,0.007367944286455625,0.0,WNT6_FZD2_LRP6,Wnt6  - (Fzd2+Lrp6),WNT,Secreted Signaling,KEGG: mmu04310; PMID: 23209147
Basal,MELA,Wnt6,FZD2_LRP6,0.005243685067231727,0.0,WNT6_FZD2_LRP6,Wnt6  - (Fzd2+Lrp6),WNT,Secreted Signaling,KEGG: mmu04310; PMID: 23209147
Basal,Muscle,Wnt6,FZD2_LRP6,0.004981681672143506,0.0,WNT6_FZD2_LRP6,Wnt6  - (Fzd2+Lrp6),WNT,Secreted Signaling,KEGG: mmu04310; PMID: 23209147
Basal,Spinious,Wnt6,FZD2_LRP6,0.008388598132154663,0.0,WNT6_FZD2_LRP6,Wnt6  - (Fzd2+Lrp6),WNT,Secreted Signaling,KEGG: mmu04310; PMID: 23209147
Basal-P,Basal-P,Wnt6,FZD2_LRP6,0.004981635918453675,0.0,WNT6_FZD2_LRP6,Wnt6  - (Fzd2+Lrp6),WNT,Secreted Signaling,KEGG: mmu04310; PMID: 23209147
Basal-P,FIB-A,Wnt6,FZD2_LRP6,0.0031769222877937693,0.0,WNT6_FZD2_LRP6,Wnt6  - (Fzd2+Lrp6),WNT,Secreted Signaling,KEGG: mmu04310; PMID: 23209147
Basal-P,FIB-P,Wnt6,FZD2_LRP6,0.007215718165771894,0.0,WNT6_FZD2_LRP6,Wnt6  - (Fzd2+Lrp6),WNT,Secreted Signaling,KEGG: mmu04310; PMID: 23209147
Basal-P,MELA,Wnt6,FZD2_LRP6,0.0051345704878343985,0.0,WNT6_FZD2_LRP6,Wnt6  - (Fzd2+Lrp6),WNT,Secreted Signaling,KEGG: mmu04310; PMID: 23209147
Basal-P,Muscle,Wnt6,FZD2_LRP6,0.004877839982088441,0.0,WNT6_FZD2_LRP6,Wnt6  - (Fzd2+Lrp6),WNT,Secreted Signaling,KEGG: mmu04310; PMID: 23209147
Basal-P,Spinious,Wnt6,FZD2_LRP6,0.008214114670593978,0.0,WNT6_FZD2_LRP6,Wnt6  - (Fzd2+Lrp6),WNT,Secreted Signaling,KEGG: mmu04310; PMID: 23209147
Spinious,Basal-P,Wnt6,FZD2_LRP6,0.002462707793842963,0.0,WNT6_FZD2_LRP6,Wnt6  - (Fzd2+Lrp6),WNT,Secreted Signaling,KEGG: mmu04310; PMID: 23209147
Spinious,FIB-A,Wnt6,FZD2_LRP6,0.0015896623158899556,0.0,WNT6_FZD2_LRP6,Wnt6  - (Fzd2+Lrp6),WNT,Secreted Signaling,KEGG: mmu04310; PMID: 23209147
Spinious,FIB-P,Wnt6,FZD2_LRP6,0.0036018450618247625,0.0,WNT6_FZD2_LRP6,Wnt6  - (Fzd2+Lrp6),WNT,Secreted Signaling,KEGG: mmu04310; PMID: 23209147
Spinious,MELA,Wnt6,FZD2_LRP6,0.002540077486485445,0.0,WNT6_FZD2_LRP6,Wnt6  - (Fzd2+Lrp6),WNT,Secreted Signaling,KEGG: mmu04310; PMID: 23209147
Spinious,Muscle,Wnt6,FZD2_LRP6,0.0024078465898519676,0.0,WNT6_FZD2_LRP6,Wnt6  - (Fzd2+Lrp6),WNT,Secreted Signaling,KEGG: mmu04310; PMID: 23209147
Spinious,Spinious,Wnt6,FZD2_LRP6,0.004065663290052612,0.0,WNT6_FZD2_LRP6,Wnt6  - (Fzd2+Lrp6),WNT,Secreted Signaling,KEGG: mmu04310; PMID: 23209147
Basal,MELA,Wnt6,FZD3_LRP6,0.005221951434748798,0.0,WNT6_FZD3_LRP6,Wnt6  - (Fzd3+Lrp6),WNT,Secreted Signaling,KEGG: mmu04310; PMID: 23209147
Basal-P,MELA,Wnt6,FZD3_LRP6,0.005113286199915233,0.0,WNT6_FZD3_LRP6,Wnt6  - (Fzd3+Lrp6),WNT,Secreted Signaling,KEGG: mmu04310; PMID: 23209147
Spinious,MELA,Wnt6,FZD3_LRP6,0.002529463154255827,0.0,WNT6_FZD3_LRP6,Wnt6  - (Fzd3+Lrp6),WNT,Secreted Signaling,KEGG: mmu04310; PMID: 23209147
Basal,Basal,Wnt6,FZD6_LRP6,0.006189590442249813,0.0,WNT6_FZD6_LRP6,Wnt6  - (Fzd6+Lrp6),WNT,Secreted Signaling,KEGG: mmu04310; PMID: 23209147
Basal,Basal-P,Wnt6,FZD6_LRP6,0.006265540005633708,0.0,WNT6_FZD6_LRP6,Wnt6  - (Fzd6+Lrp6),WNT,Secreted Signaling,KEGG: mmu04310; PMID: 23209147
Basal,Spinious,Wnt6,FZD6_LRP6,0.007937360739774173,0.0,WNT6_FZD6_LRP6,Wnt6  - (Fzd6+Lrp6),WNT,Secreted Signaling,KEGG: mmu04310; PMID: 23209147
Basal-P,Basal,Wnt6,FZD6_LRP6,0.006060876709537311,0.0,WNT6_FZD6_LRP6,Wnt6  - (Fzd6+Lrp6),WNT,Secreted Signaling,KEGG: mmu04310; PMID: 23209147
Basal-P,Basal-P,Wnt6,FZD6_LRP6,0.0061352677521688635,0.0,WNT6_FZD6_LRP6,Wnt6  - (Fzd6+Lrp6),WNT,Secreted Signaling,KEGG: mmu04310; PMID: 23209147
Basal-P,Spinious,Wnt6,FZD6_LRP6,0.007772202026183002,0.0,WNT6_FZD6_LRP6,Wnt6  - (Fzd6+Lrp6),WNT,Secreted Signaling,KEGG: mmu04310; PMID: 23209147
Spinious,Basal,Wnt6,FZD6_LRP6,0.0030007799596576622,0.0,WNT6_FZD6_LRP6,Wnt6  - (Fzd6+Lrp6),WNT,Secreted Signaling,KEGG: mmu04310; PMID: 23209147
Spinious,Basal-P,Wnt6,FZD6_LRP6,0.003038222847542387,0.0,WNT6_FZD6_LRP6,Wnt6  - (Fzd6+Lrp6),WNT,Secreted Signaling,KEGG: mmu04310; PMID: 23209147
Spinious,Spinious,Wnt6,FZD6_LRP6,0.0038451480970688266,0.0,WNT6_FZD6_LRP6,Wnt6  - (Fzd6+Lrp6),WNT,Secreted Signaling,KEGG: mmu04310; PMID: 23209147
Basal,FIB-A,Wnt7a,FZD1_LRP6,0.00013894228658299952,0.0,WNT7A_FZD1_LRP6,Wnt7a  - (Fzd1+Lrp6),WNT,Secreted Signaling,KEGG: mmu04310; PMID: 23209147
Basal,FIB-P,Wnt7a,FZD1_LRP6,0.0003189666071170733,0.0,WNT7A_FZD1_LRP6,Wnt7a  - (Fzd1+Lrp6),WNT,Secreted Signaling,KEGG: mmu04310; PMID: 23209147
Basal-P,FIB-A,Wnt7a,FZD1_LRP6,0.00012541360145240427,0.0,WNT7A_FZD1_LRP6,Wnt7a  - (Fzd1+Lrp6),WNT,Secreted Signaling,KEGG: mmu04310; PMID: 23209147
Basal-P,FIB-P,Wnt7a,FZD1_LRP6,0.00028790541090228065,0.0,WNT7A_FZD1_LRP6,Wnt7a  - (Fzd1+Lrp6),WNT,Secreted Signaling,KEGG: mmu04310; PMID: 23209147
Basal,Basal,Wnt7a,FZD10_LRP6,0.001000258963704976,0.0,WNT7A_FZD10_LRP6,Wnt7a  - (Fzd10+Lrp6),WNT,Secreted Signaling,KEGG: mmu04310; PMID: 23209147
Basal,Basal-P,Wnt7a,FZD10_LRP6,0.001221682549783021,0.0,WNT7A_FZD10_LRP6,Wnt7a  - (Fzd10+Lrp6),WNT,Secreted Signaling,KEGG: mmu04310; PMID: 23209147
Basal,Spinious,Wnt7a,FZD10_LRP6,0.0005893638934569948,0.0,WNT7A_FZD10_LRP6,Wnt7a  - (Fzd10+Lrp6),WNT,Secreted Signaling,KEGG: mmu04310; PMID: 23209147
Basal-P,Basal,Wnt7a,FZD10_LRP6,0.000902939211537963,0.0,WNT7A_FZD10_LRP6,Wnt7a  - (Fzd10+Lrp6),WNT,Secreted Signaling,KEGG: mmu04310; PMID: 23209147
Basal-P,Basal-P,Wnt7a,FZD10_LRP6,0.0011028698915371458,0.0,WNT7A_FZD10_LRP6,Wnt7a  - (Fzd10+Lrp6),WNT,Secreted Signaling,KEGG: mmu04310; PMID: 23209147
Basal-P,Spinious,Wnt7a,FZD10_LRP6,0.0005319617108234402,0.0,WNT7A_FZD10_LRP6,Wnt7a  - (Fzd10+Lrp6),WNT,Secreted Signaling,KEGG: mmu04310; PMID: 23209147
Basal,Basal-P,Wnt7a,FZD2_LRP6,0.00042576891605536983,0.0,WNT7A_FZD2_LRP6,Wnt7a  - (Fzd2+Lrp6),WNT,Secreted Signaling,KEGG: mmu04310; PMID: 23209147
Basal,FIB-A,Wnt7a,FZD2_LRP6,0.00027619863249265337,0.0,WNT7A_FZD2_LRP6,Wnt7a  - (Fzd2+Lrp6),WNT,Secreted Signaling,KEGG: mmu04310; PMID: 23209147
Basal,FIB-P,Wnt7a,FZD2_LRP6,0.0006251828445239098,0.0,WNT7A_FZD2_LRP6,Wnt7a  - (Fzd2+Lrp6),WNT,Secreted Signaling,KEGG: mmu04310; PMID: 23209147
Basal,MELA,Wnt7a,FZD2_LRP6,0.000439269287429632,0.0,WNT7A_FZD2_LRP6,Wnt7a  - (Fzd2+Lrp6),WNT,Secreted Signaling,KEGG: mmu04310; PMID: 23209147
Basal,Muscle,Wnt7a,FZD2_LRP6,0.00041603524370712125,0.0,WNT7A_FZD2_LRP6,Wnt7a  - (Fzd2+Lrp6),WNT,Secreted Signaling,KEGG: mmu04310; PMID: 23209147
Basal,Spinious,Wnt7a,FZD2_LRP6,0.0007032472043530636,0.0,WNT7A_FZD2_LRP6,Wnt7a  - (Fzd2+Lrp6),WNT,Secreted Signaling,KEGG: mmu04310; PMID: 23209147
Basal-P,Basal-P,Wnt7a,FZD2_LRP6,0.0003843010870189088,0.0,WNT7A_FZD2_LRP6,Wnt7a  - (Fzd2+Lrp6),WNT,Secreted Signaling,KEGG: mmu04310; PMID: 23209147
Basal-P,FIB-A,Wnt7a,FZD2_LRP6,0.0002493332360383277,0.0,WNT7A_FZD2_LRP6,Wnt7a  - (Fzd2+Lrp6),WNT,Secreted Signaling,KEGG: mmu04310; PMID: 23209147
Basal-P,FIB-P,Wnt7a,FZD2_LRP6,0.0005643563030984208,0.0,WNT7A_FZD2_LRP6,Wnt7a  - (Fzd2+Lrp6),WNT,Secreted Signaling,KEGG: mmu04310; PMID: 23209147
Basal-P,MELA,Wnt7a,FZD2_LRP6,0.0003964897521840109,0.0,WNT7A_FZD2_LRP6,Wnt7a  - (Fzd2+Lrp6),WNT,Secreted Signaling,KEGG: mmu04310; PMID: 23209147
Basal-P,Muscle,Wnt7a,FZD2_LRP6,0.00037550909065123803,0.0,WNT7A_FZD2_LRP6,Wnt7a  - (Fzd2+Lrp6),WNT,Secreted Signaling,KEGG: mmu04310; PMID: 23209147
Basal-P,Spinious,Wnt7a,FZD2_LRP6,0.0006347632275527394,0.0,WNT7A_FZD2_LRP6,Wnt7a  - (Fzd2+Lrp6),WNT,Secreted Signaling,KEGG: mmu04310; PMID: 23209147
Basal,MELA,Wnt7a,FZD3_LRP6,0.0004374277144542597,0.0,WNT7A_FZD3_LRP6,Wnt7a  - (Fzd3+Lrp6),WNT,Secreted Signaling,KEGG: mmu04310; PMID: 23209147
Basal-P,MELA,Wnt7a,FZD3_LRP6,0.0003948273738725669,0.0,WNT7A_FZD3_LRP6,Wnt7a  - (Fzd3+Lrp6),WNT,Secreted Signaling,KEGG: mmu04310; PMID: 23209147
Basal,Basal,Wnt7a,FZD6_LRP6,0.000519114206014924,0.0,WNT7A_FZD6_LRP6,Wnt7a  - (Fzd6+Lrp6),WNT,Secreted Signaling,KEGG: mmu04310; PMID: 23209147
Basal,Basal-P,Wnt7a,FZD6_LRP6,0.0005256346675395888,0.0,WNT7A_FZD6_LRP6,Wnt7a  - (Fzd6+Lrp6),WNT,Secreted Signaling,KEGG: mmu04310; PMID: 23209147
Basal,Spinious,Wnt7a,FZD6_LRP6,0.0006649784716398828,0.0,WNT7A_FZD6_LRP6,Wnt7a  - (Fzd6+Lrp6),WNT,Secreted Signaling,KEGG: mmu04310; PMID: 23209147
Basal-P,Basal,Wnt7a,FZD6_LRP6,0.000468563151470115,0.0,WNT7A_FZD6_LRP6,Wnt7a  - (Fzd6+Lrp6),WNT,Secreted Signaling,KEGG: mmu04310; PMID: 23209147
Basal-P,Basal-P,Wnt7a,FZD6_LRP6,0.00047444975274837535,0.0,WNT7A_FZD6_LRP6,Wnt7a  - (Fzd6+Lrp6),WNT,Secreted Signaling,KEGG: mmu04310; PMID: 23209147
Basal-P,Spinious,Wnt7a,FZD6_LRP6,0.0006002179968347937,0.0,WNT7A_FZD6_LRP6,Wnt7a  - (Fzd6+Lrp6),WNT,Secreted Signaling,KEGG: mmu04310; PMID: 23209147
Basal,FIB-A,Wnt7b,FZD1_LRP6,0.0007122030170960545,0.0,WNT7B_FZD1_LRP6,Wnt7b  - (Fzd1+Lrp6),WNT,Secreted Signaling,KEGG: mmu04310; PMID: 23209147
Basal,FIB-P,Wnt7b,FZD1_LRP6,0.001635972765070404,0.0,WNT7B_FZD1_LRP6,Wnt7b  - (Fzd1+Lrp6),WNT,Secreted Signaling,KEGG: mmu04310; PMID: 23209147
Basal-P,FIB-A,Wnt7b,FZD1_LRP6,0.0008733428869186881,0.0,WNT7B_FZD1_LRP6,Wnt7b  - (Fzd1+Lrp6),WNT,Secreted Signaling,KEGG: mmu04310; PMID: 23209147
Basal-P,FIB-P,Wnt7b,FZD1_LRP6,0.0020064789914524626,0.0,WNT7B_FZD1_LRP6,Wnt7b  - (Fzd1+Lrp6),WNT,Secreted Signaling,KEGG: mmu04310; PMID: 23209147
Basal,Basal,Wnt7b,FZD10_LRP6,0.005107493774096788,0.0,WNT7B_FZD10_LRP6,Wnt7b  - (Fzd10+Lrp6),WNT,Secreted Signaling,KEGG: mmu04310; PMID: 23209147
Basal,Basal-P,Wnt7b,FZD10_LRP6,0.006224867846005321,0.0,WNT7B_FZD10_LRP6,Wnt7b  - (Fzd10+Lrp6),WNT,Secreted Signaling,KEGG: mmu04310; PMID: 23209147
Basal,Spinious,Wnt7b,FZD10_LRP6,0.0030253643214510116,0.0,WNT7B_FZD10_LRP6,Wnt7b  - (Fzd10+Lrp6),WNT,Secreted Signaling,KEGG: mmu04310; PMID: 23209147
Basal-P,Basal,Wnt7b,FZD10_LRP6,0.006255955789926536,0.0,WNT7B_FZD10_LRP6,Wnt7b  - (Fzd10+Lrp6),WNT,Secreted Signaling,KEGG: mmu04310; PMID: 23209147
Basal-P,Basal-P,Wnt7b,FZD10_LRP6,0.007619804210603138,0.0,WNT7B_FZD10_LRP6,Wnt7b  - (Fzd10+Lrp6),WNT,Secreted Signaling,KEGG: mmu04310; PMID: 23209147
Basal-P,Spinious,Wnt7b,FZD10_LRP6,0.003711454179608214,0.0,WNT7B_FZD10_LRP6,Wnt7b  - (Fzd10+Lrp6),WNT,Secreted Signaling,KEGG: mmu04310; PMID: 23209147
Basal,Basal-P,Wnt7b,FZD2_LRP6,0.0021853954696658177,0.0,WNT7B_FZD2_LRP6,Wnt7b  - (Fzd2+Lrp6),WNT,Secreted Signaling,KEGG: mmu04310; PMID: 23209147
Basal,FIB-A,Wnt7b,FZD2_LRP6,0.0014084158581551796,0.0,WNT7B_FZD2_LRP6,Wnt7b  - (Fzd2+Lrp6),WNT,Secreted Signaling,KEGG: mmu04310; PMID: 23209147
Basal,FIB-P,Wnt7b,FZD2_LRP6,0.003192199600702272,0.0,WNT7B_FZD2_LRP6,Wnt7b  - (Fzd2+Lrp6),WNT,Secreted Signaling,KEGG: mmu04310; PMID: 23209147
Basal,MELA,Wnt7b,FZD2_LRP6,0.0022538479920399704,0.0,WNT7B_FZD2_LRP6,Wnt7b  - (Fzd2+Lrp6),WNT,Secreted Signaling,KEGG: mmu04310; PMID: 23209147
Basal,Muscle,Wnt7b,FZD2_LRP6,0.0021371231934335356,0.0,WNT7B_FZD2_LRP6,Wnt7b  - (Fzd2+Lrp6),WNT,Secreted Signaling,KEGG: mmu04310; PMID: 23209147
Basal,Spinious,Wnt7b,FZD2_LRP6,0.0036072749954278744,0.0,WNT7B_FZD2_LRP6,Wnt7b  - (Fzd2+Lrp6),WNT,Secreted Signaling,KEGG: mmu04310; PMID: 23209147
Basal-P,Basal-P,Wnt7b,FZD2_LRP6,0.0026809280074213777,0.0,WNT7B_FZD2_LRP6,Wnt7b  - (Fzd2+Lrp6),WNT,Secreted Signaling,KEGG: mmu04310; PMID: 23209147
Basal-P,FIB-A,Wnt7b,FZD2_LRP6,0.0017244236698811936,0.0,WNT7B_FZD2_LRP6,Wnt7b  - (Fzd2+Lrp6),WNT,Secreted Signaling,KEGG: mmu04310; PMID: 23209147
Basal-P,FIB-P,Wnt7b,FZD2_LRP6,0.003909958998494993,0.0,WNT7B_FZD2_LRP6,Wnt7b  - (Fzd2+Lrp6),WNT,Secreted Signaling,KEGG: mmu04310; PMID: 23209147
Basal-P,MELA,Wnt7b,FZD2_LRP6,0.002764595101295086,0.0,WNT7B_FZD2_LRP6,Wnt7b  - (Fzd2+Lrp6),WNT,Secreted Signaling,KEGG: mmu04310; PMID: 23209147
Basal-P,Muscle,Wnt7b,FZD2_LRP6,0.0026223262141389955,0.0,WNT7B_FZD2_LRP6,Wnt7b  - (Fzd2+Lrp6),WNT,Secreted Signaling,KEGG: mmu04310; PMID: 23209147
Basal-P,Spinious,Wnt7b,FZD2_LRP6,0.004424353149564984,0.0,WNT7B_FZD2_LRP6,Wnt7b  - (Fzd2+Lrp6),WNT,Secreted Signaling,KEGG: mmu04310; PMID: 23209147
Basal,MELA,Wnt7b,FZD3_LRP6,0.0022444396046628436,0.0,WNT7B_FZD3_LRP6,Wnt7b  - (Fzd3+Lrp6),WNT,Secreted Signaling,KEGG: mmu04310; PMID: 23209147
Basal-P,MELA,Wnt7b,FZD3_LRP6,0.0027530694347238137,0.0,WNT7B_FZD3_LRP6,Wnt7b  - (Fzd3+Lrp6),WNT,Secreted Signaling,KEGG: mmu04310; PMID: 23209147
Basal,Basal,Wnt7b,FZD6_LRP6,0.002662350490411993,0.0,WNT7B_FZD6_LRP6,Wnt7b  - (Fzd6+Lrp6),WNT,Secreted Signaling,KEGG: mmu04310; PMID: 23209147
Basal,Basal-P,Wnt7b,FZD6_LRP6,0.002695499510946619,0.0,WNT7B_FZD6_LRP6,Wnt7b  - (Fzd6+Lrp6),WNT,Secreted Signaling,KEGG: mmu04310; PMID: 23209147
Basal,Spinious,Wnt7b,FZD6_LRP6,0.0034118294006283065,0.0,WNT7B_FZD6_LRP6,Wnt7b  - (Fzd6+Lrp6),WNT,Secreted Signaling,KEGG: mmu04310; PMID: 23209147
Basal-P,Basal,Wnt7b,FZD6_LRP6,0.003265241500782338,0.0,WNT7B_FZD6_LRP6,Wnt7b  - (Fzd6+Lrp6),WNT,Secreted Signaling,KEGG: mmu04310; PMID: 23209147
Basal-P,Basal-P,Wnt7b,FZD6_LRP6,0.003305790852085861,0.0,WNT7B_FZD6_LRP6,Wnt7b  - (Fzd6+Lrp6),WNT,Secreted Signaling,KEGG: mmu04310; PMID: 23209147
Basal-P,Spinious,Wnt7b,FZD6_LRP6,0.004184947792220272,0.0,WNT7B_FZD6_LRP6,Wnt7b  - (Fzd6+Lrp6),WNT,Secreted Signaling,KEGG: mmu04310; PMID: 23209147
FIB-A,FIB-A,Wnt5a,Fzd1,0.004914994264006058,0.0,WNT5A_FZD1,Wnt5a  - Fzd1,ncWNT,Secreted Signaling,KEGG: mmu04310
FIB-A,FIB-P,Wnt5a,Fzd1,0.004813360058496615,0.0,WNT5A_FZD1,Wnt5a  - Fzd1,ncWNT,Secreted Signaling,KEGG: mmu04310
FIB-B,FIB-A,Wnt5a,Fzd1,0.005749219316217382,0.0,WNT5A_FZD1,Wnt5a  - Fzd1,ncWNT,Secreted Signaling,KEGG: mmu04310
FIB-B,FIB-P,Wnt5a,Fzd1,0.005630432280562254,0.0,WNT5A_FZD1,Wnt5a  - Fzd1,ncWNT,Secreted Signaling,KEGG: mmu04310
FIB-P,FIB-A,Wnt5a,Fzd1,0.005877983460477934,0.0,WNT5A_FZD1,Wnt5a  - Fzd1,ncWNT,Secreted Signaling,KEGG: mmu04310
FIB-P,FIB-P,Wnt5a,Fzd1,0.0057565513783179485,0.0,WNT5A_FZD1,Wnt5a  - Fzd1,ncWNT,Secreted Signaling,KEGG: mmu04310
FIB-A,Basal,Wnt5a,Fzd10,0.02391612490143001,0.0,WNT5A_FZD10,Wnt5a  - Fzd10,ncWNT,Secreted Signaling,KEGG: mmu04310
FIB-A,Basal-P,Wnt5a,Fzd10,0.035952950073525364,0.0,WNT5A_FZD10,Wnt5a  - Fzd10,ncWNT,Secreted Signaling,KEGG: mmu04310
FIB-A,Spinious,Wnt5a,Fzd10,0.003766904586071408,0.0,WNT5A_FZD10,Wnt5a  - Fzd10,ncWNT,Secreted Signaling,KEGG: mmu04310
FIB-B,Basal,Wnt5a,Fzd10,0.027885048214088586,0.0,WNT5A_FZD10,Wnt5a  - Fzd10,ncWNT,Secreted Signaling,KEGG: mmu04310
FIB-B,Basal-P,Wnt5a,Fzd10,0.041833793989817174,0.0,WNT5A_FZD10,Wnt5a  - Fzd10,ncWNT,Secreted Signaling,KEGG: mmu04310
FIB-B,Spinious,Wnt5a,Fzd10,0.004407126699679685,0.0,WNT5A_FZD10,Wnt5a  - Fzd10,ncWNT,Secreted Signaling,KEGG: mmu04310
FIB-P,Basal,Wnt5a,Fzd10,0.028495375308137928,0.0,WNT5A_FZD10,Wnt5a  - Fzd10,ncWNT,Secreted Signaling,KEGG: mmu04310
FIB-P,Basal-P,Wnt5a,Fzd10,0.042735999256873713,0.0,WNT5A_FZD10,Wnt5a  - Fzd10,ncWNT,Secreted Signaling,KEGG: mmu04310
FIB-P,Spinious,Wnt5a,Fzd10,0.00450596848347683,0.0,WNT5A_FZD10,Wnt5a  - Fzd10,ncWNT,Secreted Signaling,KEGG: mmu04310
FIB-A,Basal-P,Wnt5a,Fzd2,0.0044932814833344315,0.0,WNT5A_FZD2,Wnt5a  - Fzd2,ncWNT,Secreted Signaling,KEGG: mmu04310
FIB-A,FIB-A,Wnt5a,Fzd2,0.019191992462285326,0.0,WNT5A_FZD2,Wnt5a  - Fzd2,ncWNT,Secreted Signaling,KEGG: mmu04310
FIB-A,FIB-B,Wnt5a,Fzd2,0.007039968548950084,0.0,WNT5A_FZD2,Wnt5a  - Fzd2,ncWNT,Secreted Signaling,KEGG: mmu04310
FIB-A,FIB-P,Wnt5a,Fzd2,0.018281035961883716,0.0,WNT5A_FZD2,Wnt5a  - Fzd2,ncWNT,Secreted Signaling,KEGG: mmu04310
FIB-A,MELA,Wnt5a,Fzd2,0.004323268290804273,0.01,WNT5A_FZD2,Wnt5a  - Fzd2,ncWNT,Secreted Signaling,KEGG: mmu04310
FIB-B,Basal-P,Wnt5a,Fzd2,0.005256307053404496,0.0,WNT5A_FZD2,Wnt5a  - Fzd2,ncWNT,Secreted Signaling,KEGG: mmu04310
FIB-B,FIB-A,Wnt5a,Fzd2,0.022394924943144084,0.0,WNT5A_FZD2,Wnt5a  - Fzd2,ncWNT,Secreted Signaling,KEGG: mmu04310
FIB-B,FIB-B,Wnt5a,Fzd2,0.008231883131795828,0.0,WNT5A_FZD2,Wnt5a  - Fzd2,ncWNT,Secreted Signaling,KEGG: mmu04310
FIB-B,FIB-P,Wnt5a,Fzd2,0.021335246857735798,0.0,WNT5A_FZD2,Wnt5a  - Fzd2,ncWNT,Secreted Signaling,KEGG: mmu04310
FIB-B,MELA,Wnt5a,Fzd2,0.005057569784260847,0.01,WNT5A_FZD2,Wnt5a  - Fzd2,ncWNT,Secreted Signaling,KEGG: mmu04310
FIB-B,Muscle,Wnt5a,Fzd2,0.0036384769845590166,0.0,WNT5A_FZD2,Wnt5a  - Fzd2,ncWNT,Secreted Signaling,KEGG: mmu04310
FIB-B,Spinious,Wnt5a,Fzd2,0.00626540957357199,0.02,WNT5A_FZD2,Wnt5a  - Fzd2,ncWNT,Secreted Signaling,KEGG: mmu04310
FIB-P,Basal-P,Wnt5a,Fzd2,0.0053740912090060045,0.0,WNT5A_FZD2,Wnt5a  - Fzd2,ncWNT,Secreted Signaling,KEGG: mmu04310
FIB-P,FIB-A,Wnt5a,Fzd2,0.02288791751162476,0.0,WNT5A_FZD2,Wnt5a  - Fzd2,ncWNT,Secreted Signaling,KEGG: mmu04310
FIB-P,FIB-B,Wnt5a,Fzd2,0.008415780358818981,0.0,WNT5A_FZD2,Wnt5a  - Fzd2,ncWNT,Secreted Signaling,KEGG: mmu04310
FIB-P,FIB-P,Wnt5a,Fzd2,0.02180543242788583,0.0,WNT5A_FZD2,Wnt5a  - Fzd2,ncWNT,Secreted Signaling,KEGG: mmu04310
FIB-P,MELA,Wnt5a,Fzd2,0.00517092375340348,0.01,WNT5A_FZD2,Wnt5a  - Fzd2,ncWNT,Secreted Signaling,KEGG: mmu04310
FIB-P,Muscle,Wnt5a,Fzd2,0.0037201441268906693,0.0,WNT5A_FZD2,Wnt5a  - Fzd2,ncWNT,Secreted Signaling,KEGG: mmu04310
FIB-P,Spinious,Wnt5a,Fzd2,0.006405660246255024,0.01,WNT5A_FZD2,Wnt5a  - Fzd2,ncWNT,Secreted Signaling,KEGG: mmu04310
FIB-A,MELA,Wnt5a,Fzd3,0.004287212670509378,0.0,WNT5A_FZD3,Wnt5a  - Fzd3,ncWNT,Secreted Signaling,KEGG: mmu04310
FIB-B,MELA,Wnt5a,Fzd3,0.005015421011579487,0.0,WNT5A_FZD3,Wnt5a  - Fzd3,ncWNT,Secreted Signaling,KEGG: mmu04310
FIB-P,MELA,Wnt5a,Fzd3,0.005127835180199761,0.0,WNT5A_FZD3,Wnt5a  - Fzd3,ncWNT,Secreted Signaling,KEGG: mmu04310
FIB-A,Basal,Wnt5a,Fzd6,0.006542258796045126,0.0,WNT5A_FZD6,Wnt5a  - Fzd6,ncWNT,Secreted Signaling,KEGG: mmu04310
FIB-A,Basal-P,Wnt5a,Fzd6,0.006835257926806841,0.0,WNT5A_FZD6,Wnt5a  - Fzd6,ncWNT,Secreted Signaling,KEGG: mmu04310
FIB-A,Spinious,Wnt5a,Fzd6,0.004791699283778377,0.0,WNT5A_FZD6,Wnt5a  - Fzd6,ncWNT,Secreted Signaling,KEGG: mmu04310
FIB-B,Basal,Wnt5a,Fzd6,0.00765055698061315,0.0,WNT5A_FZD6,Wnt5a  - Fzd6,ncWNT,Secreted Signaling,KEGG: mmu04310
FIB-B,Basal-P,Wnt5a,Fzd6,0.007992792593712028,0.0,WNT5A_FZD6,Wnt5a  - Fzd6,ncWNT,Secreted Signaling,KEGG: mmu04310
FIB-B,Spinious,Wnt5a,Fzd6,0.005605115279082542,0.0,WNT5A_FZD6,Wnt5a  - Fzd6,ncWNT,Secreted Signaling,KEGG: mmu04310
FIB-P,Basal,Wnt5a,Fzd6,0.007821570015041116,0.0,WNT5A_FZD6,Wnt5a  - Fzd6,ncWNT,Secreted Signaling,KEGG: mmu04310
FIB-P,Basal-P,Wnt5a,Fzd6,0.00817139263372978,0.0,WNT5A_FZD6,Wnt5a  - Fzd6,ncWNT,Secreted Signaling,KEGG: mmu04310
FIB-P,Spinious,Wnt5a,Fzd6,0.005730670555832735,0.0,WNT5A_FZD6,Wnt5a  - Fzd6,ncWNT,Secreted Signaling,KEGG: mmu04310
FIB-A,MELA,Wnt5a,Mcam,0.006462143977193529,0.0,WNT5A_MCAM,Wnt5a  - Mcam,ncWNT,Secreted Signaling,PMID: 24335906
FIB-B,MELA,Wnt5a,Mcam,0.00755697346535624,0.0,WNT5A_MCAM,Wnt5a  - Mcam,ncWNT,Secreted Signaling,PMID: 24335906
FIB-P,MELA,Wnt5a,Mcam,0.0077259109120561865,0.0,WNT5A_MCAM,Wnt5a  - Mcam,ncWNT,Secreted Signaling,PMID: 24335906
MELA,Basal,Hbegf,Egfr,0.0011228152059204446,0.0,HBEGF_EGFR,Hbegf  - Egfr,EGF,Secreted Signaling,KEGG: mmu04012
MELA,Basal-P,Hbegf,Egfr,0.0012851127488061125,0.0,HBEGF_EGFR,Hbegf  - Egfr,EGF,Secreted Signaling,KEGG: mmu04012
MELA,Spinious,Hbegf,Egfr,0.0010913638945747469,0.0,HBEGF_EGFR,Hbegf  - Egfr,EGF,Secreted Signaling,KEGG: mmu04012
MELA,Spinious,Hbegf,EGFR_ERBB2,0.0013653332087865005,0.0,HBEGF_EGFR_ERBB2,Hbegf  - (Egfr+Erbb2),EGF,Secreted Signaling,KEGG: mmu04012
FIB-A,ENDO,Fgf7,Fgfr1,0.0018079013492548,0.0,FGF7_FGFR1,Fgf7  - Fgfr1,FGF,Secreted Signaling,PMC: 4393358
FIB-A,FIB-A,Fgf7,Fgfr1,0.007840674975448075,0.0,FGF7_FGFR1,Fgf7  - Fgfr1,FGF,Secreted Signaling,PMC: 4393358
FIB-A,FIB-B,Fgf7,Fgfr1,0.00935402299547089,0.0,FGF7_FGFR1,Fgf7  - Fgfr1,FGF,Secreted Signaling,PMC: 4393358
FIB-A,FIB-P,Fgf7,Fgfr1,0.008730736157617849,0.0,FGF7_FGFR1,Fgf7  - Fgfr1,FGF,Secreted Signaling,PMC: 4393358
FIB-A,Muscle,Fgf7,Fgfr1,0.0016116231041043718,0.0,FGF7_FGFR1,Fgf7  - Fgfr1,FGF,Secreted Signaling,PMC: 4393358
FIB-A,Basal,Fgf7,Fgfr2,0.007539539288126707,0.0,FGF7_FGFR2,Fgf7  - Fgfr2,FGF,Secreted Signaling,PMC: 4393358
FIB-A,Basal-P,Fgf7,Fgfr2,0.010932529163673122,0.0,FGF7_FGFR2,Fgf7  - Fgfr2,FGF,Secreted Signaling,PMC: 4393358
FIB-A,Spinious,Fgf7,Fgfr2,0.0019277350575249762,0.0,FGF7_FGFR2,Fgf7  - Fgfr2,FGF,Secreted Signaling,PMC: 4393358
Muscle,ENDO,Fgf9,Fgfr1,0.00110042953160761,0.0,FGF9_FGFR1,Fgf9  - Fgfr1,FGF,Secreted Signaling,PMC: 4393358
Muscle,FIB-A,Fgf9,Fgfr1,0.0047837590473862315,0.0,FGF9_FGFR1,Fgf9  - Fgfr1,FGF,Secreted Signaling,PMC: 4393358
Muscle,FIB-B,Fgf9,Fgfr1,0.005710480123116749,0.0,FGF9_FGFR1,Fgf9  - Fgfr1,FGF,Secreted Signaling,PMC: 4393358
Muscle,FIB-P,Fgf9,Fgfr1,0.005328667653629194,0.0,FGF9_FGFR1,Fgf9  - Fgfr1,FGF,Secreted Signaling,PMC: 4393358
Muscle,Muscle,Fgf9,Fgfr1,0.0009808838323969145,0.0,FGF9_FGFR1,Fgf9  - Fgfr1,FGF,Secreted Signaling,PMC: 4393358
Muscle,Basal,Fgf9,Fgfr2,0.004599485617660724,0.0,FGF9_FGFR2,Fgf9  - Fgfr2,FGF,Secreted Signaling,PMC: 4393358
Muscle,Basal-P,Fgf9,Fgfr2,0.0066782776065323094,0.0,FGF9_FGFR2,Fgf9  - Fgfr2,FGF,Secreted Signaling,PMC: 4393358
Muscle,Spinious,Fgf9,Fgfr2,0.001173424782948065,0.0,FGF9_FGFR2,Fgf9  - Fgfr2,FGF,Secreted Signaling,PMC: 4393358
Muscle,Muscle,Fgf9,Fgfr4,0.002595251892377331,0.0,FGF9_FGFR4,Fgf9  - Fgfr4,FGF,Secreted Signaling,PMC: 4393358
Basal,FIB-A,Pdgfa,Pdgfra,0.005824570826388404,0.0,PDGFA_PDGFRA,Pdgfa  - Pdgfra,PDGF,Secreted Signaling,PMID: 15207812
Basal,FIB-B,Pdgfa,Pdgfra,0.016459590140633674,0.0,PDGFA_PDGFRA,Pdgfa  - Pdgfra,PDGF,Secreted Signaling,PMID: 15207812
Basal,FIB-P,Pdgfa,Pdgfra,0.016005858298406596,0.0,PDGFA_PDGFRA,Pdgfa  - Pdgfra,PDGF,Secreted Signaling,PMID: 15207812
Basal-P,FIB-A,Pdgfa,Pdgfra,0.007198240865190993,0.0,PDGFA_PDGFRA,Pdgfa  - Pdgfra,PDGF,Secreted Signaling,PMID: 15207812
Basal-P,FIB-B,Pdgfa,Pdgfra,0.020219910379889773,0.0,PDGFA_PDGFRA,Pdgfa  - Pdgfra,PDGF,Secreted Signaling,PMID: 15207812
Basal-P,FIB-P,Pdgfa,Pdgfra,0.01966758119239234,0.0,PDGFA_PDGFRA,Pdgfa  - Pdgfra,PDGF,Secreted Signaling,PMID: 15207812
MELA,FIB-A,Pdgfa,Pdgfra,0.0016526237559920589,0.0,PDGFA_PDGFRA,Pdgfa  - Pdgfra,PDGF,Secreted Signaling,PMID: 15207812
MELA,FIB-B,Pdgfa,Pdgfra,0.00476474010298742,0.0,PDGFA_PDGFRA,Pdgfa  - Pdgfra,PDGF,Secreted Signaling,PMID: 15207812
MELA,FIB-P,Pdgfa,Pdgfra,0.0046293534793072745,0.0,PDGFA_PDGFRA,Pdgfa  - Pdgfra,PDGF,Secreted Signaling,PMID: 15207812
Muscle,FIB-A,Pdgfa,Pdgfra,0.003340513430909072,0.0,PDGFA_PDGFRA,Pdgfa  - Pdgfra,PDGF,Secreted Signaling,PMID: 15207812
Muscle,FIB-B,Pdgfa,Pdgfra,0.009569889149605012,0.0,PDGFA_PDGFRA,Pdgfa  - Pdgfra,PDGF,Secreted Signaling,PMID: 15207812
Muscle,FIB-P,Pdgfa,Pdgfra,0.009300565672927117,0.0,PDGFA_PDGFRA,Pdgfa  - Pdgfra,PDGF,Secreted Signaling,PMID: 15207812
Spinious,FIB-A,Pdgfa,Pdgfra,0.0030072994797118954,0.0,PDGFA_PDGFRA,Pdgfa  - Pdgfra,PDGF,Secreted Signaling,PMID: 15207812
Spinious,FIB-B,Pdgfa,Pdgfra,0.00865657979603319,0.0,PDGFA_PDGFRA,Pdgfa  - Pdgfra,PDGF,Secreted Signaling,PMID: 15207812
Spinious,FIB-P,Pdgfa,Pdgfra,0.008411200446001495,0.0,PDGFA_PDGFRA,Pdgfa  - Pdgfra,PDGF,Secreted Signaling,PMID: 15207812
Basal,FIB-A,Pdgfa,Pdgfrb,0.005312757029243858,0.0,PDGFA_PDGFRB,Pdgfa  - Pdgfrb,PDGF,Secreted Signaling,PMID: 15207812
Basal,FIB-B,Pdgfa,Pdgfrb,0.006292209670260647,0.0,PDGFA_PDGFRB,Pdgfa  - Pdgfrb,PDGF,Secreted Signaling,PMID: 15207812
Basal,FIB-P,Pdgfa,Pdgfrb,0.005723911425042744,0.0,PDGFA_PDGFRB,Pdgfa  - Pdgfrb,PDGF,Secreted Signaling,PMID: 15207812
Basal,Immune,Pdgfa,Pdgfrb,0.005677796071963017,0.0,PDGFA_PDGFRB,Pdgfa  - Pdgfrb,PDGF,Secreted Signaling,PMID: 15207812
Basal-P,FIB-A,Pdgfa,Pdgfrb,0.00656786584081491,0.0,PDGFA_PDGFRB,Pdgfa  - Pdgfrb,PDGF,Secreted Signaling,PMID: 15207812
Basal-P,FIB-B,Pdgfa,Pdgfrb,0.007776157324522601,0.0,PDGFA_PDGFRB,Pdgfa  - Pdgfrb,PDGF,Secreted Signaling,PMID: 15207812
Basal-P,FIB-P,Pdgfa,Pdgfrb,0.007076185309339982,0.0,PDGFA_PDGFRB,Pdgfa  - Pdgfrb,PDGF,Secreted Signaling,PMID: 15207812
Basal-P,Immune,Pdgfa,Pdgfrb,0.007029959695856611,0.0,PDGFA_PDGFRB,Pdgfa  - Pdgfrb,PDGF,Secreted Signaling,PMID: 15207812
MELA,FIB-A,Pdgfa,Pdgfrb,0.0015057802742970646,0.0,PDGFA_PDGFRB,Pdgfa  - Pdgfrb,PDGF,Secreted Signaling,PMID: 15207812
MELA,FIB-B,Pdgfa,Pdgfrb,0.001785316426025015,0.0,PDGFA_PDGFRB,Pdgfa  - Pdgfrb,PDGF,Secreted Signaling,PMID: 15207812
MELA,FIB-P,Pdgfa,Pdgfrb,0.001622288312255114,0.0,PDGFA_PDGFRB,Pdgfa  - Pdgfrb,PDGF,Secreted Signaling,PMID: 15207812
MELA,Immune,Pdgfa,Pdgfrb,0.001601114530663627,0.0,PDGFA_PDGFRB,Pdgfa  - Pdgfrb,PDGF,Secreted Signaling,PMID: 15207812
Muscle,FIB-A,Pdgfa,Pdgfrb,0.003044730160555593,0.0,PDGFA_PDGFRB,Pdgfa  - Pdgfrb,PDGF,Secreted Signaling,PMID: 15207812
Muscle,FIB-B,Pdgfa,Pdgfrb,0.0036087252146770237,0.0,PDGFA_PDGFRB,Pdgfa  - Pdgfrb,PDGF,Secreted Signaling,PMID: 15207812
Muscle,FIB-P,Pdgfa,Pdgfrb,0.003280328235621884,0.0,PDGFA_PDGFRB,Pdgfa  - Pdgfrb,PDGF,Secreted Signaling,PMID: 15207812
Muscle,Immune,Pdgfa,Pdgfrb,0.003242670641931084,0.0,PDGFA_PDGFRB,Pdgfa  - Pdgfrb,PDGF,Secreted Signaling,PMID: 15207812
Spinious,FIB-A,Pdgfa,Pdgfrb,0.0027403203440396406,0.0,PDGFA_PDGFRB,Pdgfa  - Pdgfrb,PDGF,Secreted Signaling,PMID: 15207812
Spinious,FIB-B,Pdgfa,Pdgfrb,0.0032487607830167806,0.0,PDGFA_PDGFRB,Pdgfa  - Pdgfrb,PDGF,Secreted Signaling,PMID: 15207812
Spinious,FIB-P,Pdgfa,Pdgfrb,0.002952353017694263,0.0,PDGFA_PDGFRB,Pdgfa  - Pdgfrb,PDGF,Secreted Signaling,PMID: 15207812
Spinious,Immune,Pdgfa,Pdgfrb,0.002914979777890883,0.0,PDGFA_PDGFRB,Pdgfa  - Pdgfrb,PDGF,Secreted Signaling,PMID: 15207812
Basal,FIB-A,Pdgfc,Pdgfra,0.002286281228857676,0.0,PDGFC_PDGFRA,Pdgfc  - Pdgfra,PDGF,Secreted Signaling,PMID: 15207812
Basal,FIB-B,Pdgfc,Pdgfra,0.0065839270599210185,0.0,PDGFC_PDGFRA,Pdgfc  - Pdgfra,PDGF,Secreted Signaling,PMID: 15207812
Basal,FIB-P,Pdgfc,Pdgfra,0.006397179153847946,0.0,PDGFC_PDGFRA,Pdgfc  - Pdgfra,PDGF,Secreted Signaling,PMID: 15207812
Basal-P,FIB-A,Pdgfc,Pdgfra,0.002406917153905552,0.0,PDGFC_PDGFRA,Pdgfc  - Pdgfra,PDGF,Secreted Signaling,PMID: 15207812
Basal-P,FIB-B,Pdgfc,Pdgfra,0.006929781342310134,0.0,PDGFC_PDGFRA,Pdgfc  - Pdgfra,PDGF,Secreted Signaling,PMID: 15207812
Basal-P,FIB-P,Pdgfc,Pdgfra,0.00673328948752142,0.0,PDGFC_PDGFRA,Pdgfc  - Pdgfra,PDGF,Secreted Signaling,PMID: 15207812
Muscle,FIB-A,Pdgfc,Pdgfra,0.0018268950301069905,0.0,PDGFC_PDGFRA,Pdgfc  - Pdgfra,PDGF,Secreted Signaling,PMID: 15207812
Muscle,FIB-B,Pdgfc,Pdgfra,0.0052753846401300125,0.0,PDGFC_PDGFRA,Pdgfc  - Pdgfra,PDGF,Secreted Signaling,PMID: 15207812
Muscle,FIB-P,Pdgfc,Pdgfra,0.00512513820887182,0.0,PDGFC_PDGFRA,Pdgfc  - Pdgfra,PDGF,Secreted Signaling,PMID: 15207812
Spinious,FIB-A,Pdgfc,Pdgfra,0.0021430427536118955,0.0,PDGFC_PDGFRA,Pdgfc  - Pdgfra,PDGF,Secreted Signaling,PMID: 15207812
Spinious,FIB-B,Pdgfc,Pdgfra,0.0061914637521404935,0.0,PDGFC_PDGFRA,Pdgfc  - Pdgfra,PDGF,Secreted Signaling,PMID: 15207812
Spinious,FIB-P,Pdgfc,Pdgfra,0.006014991558138672,0.0,PDGFC_PDGFRA,Pdgfc  - Pdgfra,PDGF,Secreted Signaling,PMID: 15207812
Basal,ENDO,Vegfb,Flt1,0.0019498485617557054,0.0,VEGFB_VEGFR1,Vegfb  - Vegfr1,VEGF,Secreted Signaling,KEGG: mmu04370; PMID: 16633338
Basal-P,ENDO,Vegfb,Flt1,0.0018982784169855886,0.0,VEGFB_VEGFR1,Vegfb  - Vegfr1,VEGF,Secreted Signaling,KEGG: mmu04370; PMID: 16633338
FIB-A,ENDO,Vegfb,Flt1,0.0024462353337169865,0.0,VEGFB_VEGFR1,Vegfb  - Vegfr1,VEGF,Secreted Signaling,KEGG: mmu04370; PMID: 16633338
FIB-B,ENDO,Vegfb,Flt1,0.0029729997952686288,0.0,VEGFB_VEGFR1,Vegfb  - Vegfr1,VEGF,Secreted Signaling,KEGG: mmu04370; PMID: 16633338
FIB-P,ENDO,Vegfb,Flt1,0.002651946478693854,0.0,VEGFB_VEGFR1,Vegfb  - Vegfr1,VEGF,Secreted Signaling,KEGG: mmu04370; PMID: 16633338
MELA,ENDO,Vegfb,Flt1,0.0017694895419453625,0.0,VEGFB_VEGFR1,Vegfb  - Vegfr1,VEGF,Secreted Signaling,KEGG: mmu04370; PMID: 16633338
MYL,ENDO,Vegfb,Flt1,0.001711923459032612,0.0,VEGFB_VEGFR1,Vegfb  - Vegfr1,VEGF,Secreted Signaling,KEGG: mmu04370; PMID: 16633338
Muscle,ENDO,Vegfb,Flt1,0.001990351005668126,0.0,VEGFB_VEGFR1,Vegfb  - Vegfr1,VEGF,Secreted Signaling,KEGG: mmu04370; PMID: 16633338
Spinious,ENDO,Vegfb,Flt1,0.0015613220639699942,0.0,VEGFB_VEGFR1,Vegfb  - Vegfr1,VEGF,Secreted Signaling,KEGG: mmu04370; PMID: 16633338
Muscle,ENDO,Pgf,Flt1,0.0007533101046087235,0.0,PGF_VEGFR1,Pgf  - Vegfr1,VEGF,Secreted Signaling,KEGG: mmu04370; PMID: 16633338
ENDO,Immune,Igf1,Igf1r,0.0006575078909541504,0.0,IGF1_IGF1R,Igf1  - Igf1r,IGF,Secreted Signaling,PMID: 14604834
ENDO,MELA,Igf1,Igf1r,0.0006186139564649171,0.02,IGF1_IGF1R,Igf1  - Igf1r,IGF,Secreted Signaling,PMID: 14604834
ENDO,Muscle,Igf1,Igf1r,0.00047784108769413863,0.04,IGF1_IGF1R,Igf1  - Igf1r,IGF,Secreted Signaling,PMID: 14604834
FIB-A,Basal,Igf1,Igf1r,0.0007213511390680014,0.0,IGF1_IGF1R,Igf1  - Igf1r,IGF,Secreted Signaling,PMID: 14604834
FIB-A,Basal-P,Igf1,Igf1r,0.0012236704830173408,0.0,IGF1_IGF1R,Igf1  - Igf1r,IGF,Secreted Signaling,PMID: 14604834
FIB-A,ENDO,Igf1,Igf1r,0.0016155590890476643,0.0,IGF1_IGF1R,Igf1  - Igf1r,IGF,Secreted Signaling,PMID: 14604834
FIB-A,FIB-A,Igf1,Igf1r,0.0009553018028092562,0.0,IGF1_IGF1R,Igf1  - Igf1r,IGF,Secreted Signaling,PMID: 14604834
FIB-A,FIB-P,Igf1,Igf1r,0.0010464808358130765,0.0,IGF1_IGF1R,Igf1  - Igf1r,IGF,Secreted Signaling,PMID: 14604834
FIB-A,Immune,Igf1,Igf1r,0.002283798280091133,0.0,IGF1_IGF1R,Igf1  - Igf1r,IGF,Secreted Signaling,PMID: 14604834
FIB-A,MELA,Igf1,Igf1r,0.0021438067316521888,0.0,IGF1_IGF1R,Igf1  - Igf1r,IGF,Secreted Signaling,PMID: 14604834
FIB-A,Muscle,Igf1,Igf1r,0.001640251359053644,0.0,IGF1_IGF1R,Igf1  - Igf1r,IGF,Secreted Signaling,PMID: 14604834
FIB-P,ENDO,Igf1,Igf1r,0.00038822614269276687,0.0,IGF1_IGF1R,Igf1  - Igf1r,IGF,Secreted Signaling,PMID: 14604834
FIB-P,Immune,Igf1,Igf1r,0.0005470687101107092,0.0,IGF1_IGF1R,Igf1  - Igf1r,IGF,Secreted Signaling,PMID: 14604834
FIB-P,MELA,Igf1,Igf1r,0.0005147117137288788,0.0,IGF1_IGF1R,Igf1  - Igf1r,IGF,Secreted Signaling,PMID: 14604834
FIB-P,Muscle,Igf1,Igf1r,0.00039759622138690274,0.0,IGF1_IGF1R,Igf1  - Igf1r,IGF,Secreted Signaling,PMID: 14604834
MYL,Basal,Igf1,Igf1r,0.0008240462038930405,0.0,IGF1_IGF1R,Igf1  - Igf1r,IGF,Secreted Signaling,PMID: 14604834
MYL,Basal-P,Igf1,Igf1r,0.001399801523791199,0.0,IGF1_IGF1R,Igf1  - Igf1r,IGF,Secreted Signaling,PMID: 14604834
MYL,ENDO,Igf1,Igf1r,0.0018508767912913159,0.0,IGF1_IGF1R,Igf1  - Igf1r,IGF,Secreted Signaling,PMID: 14604834
MYL,FIB-A,Igf1,Igf1r,0.001093590673596168,0.0,IGF1_IGF1R,Igf1  - Igf1r,IGF,Secreted Signaling,PMID: 14604834
MYL,FIB-P,Igf1,Igf1r,0.001197379658132662,0.0,IGF1_IGF1R,Igf1  - Igf1r,IGF,Secreted Signaling,PMID: 14604834
MYL,Immune,Igf1,Igf1r,0.0026120476775225443,0.0,IGF1_IGF1R,Igf1  - Igf1r,IGF,Secreted Signaling,PMID: 14604834
MYL,MELA,Igf1,Igf1r,0.0024549171755137694,0.0,IGF1_IGF1R,Igf1  - Igf1r,IGF,Secreted Signaling,PMID: 14604834
MYL,Muscle,Igf1,Igf1r,0.0018878196057199755,0.0,IGF1_IGF1R,Igf1  - Igf1r,IGF,Secreted Signaling,PMID: 14604834
ENDO,Basal-P,Igf2,Igf1r,0.0022538567776799407,0.0,IGF2_IGF1R,Igf2  - Igf1r,IGF,Secreted Signaling,PMID: 14604834
ENDO,ENDO,Igf2,Igf1r,0.0029728418437238798,0.0,IGF2_IGF1R,Igf2  - Igf1r,IGF,Secreted Signaling,PMID: 14604834
ENDO,FIB-A,Igf2,Igf1r,0.0017587527815983671,0.0,IGF2_IGF1R,Igf2  - Igf1r,IGF,Secreted Signaling,PMID: 14604834
ENDO,FIB-P,Igf2,Igf1r,0.0019272171943214966,0.0,IGF2_IGF1R,Igf2  - Igf1r,IGF,Secreted Signaling,PMID: 14604834
ENDO,Immune,Igf2,Igf1r,0.004206969598295722,0.0,IGF2_IGF1R,Igf2  - Igf1r,IGF,Secreted Signaling,PMID: 14604834
ENDO,MELA,Igf2,Igf1r,0.003946055385256021,0.0,IGF2_IGF1R,Igf2  - Igf1r,IGF,Secreted Signaling,PMID: 14604834
ENDO,Muscle,Igf2,Igf1r,0.0030095624936034952,0.0,IGF2_IGF1R,Igf2  - Igf1r,IGF,Secreted Signaling,PMID: 14604834
FIB-A,Basal-P,Igf2,Igf1r,0.0020361619552776203,0.0,IGF2_IGF1R,Igf2  - Igf1r,IGF,Secreted Signaling,PMID: 14604834
FIB-A,ENDO,Igf2,Igf1r,0.002681994292067049,0.0,IGF2_IGF1R,Igf2  - Igf1r,IGF,Secreted Signaling,PMID: 14604834
FIB-A,FIB-A,Igf2,Igf1r,0.0015878279481837995,0.0,IGF2_IGF1R,Igf2  - Igf1r,IGF,Secreted Signaling,PMID: 14604834
FIB-A,FIB-P,Igf2,Igf1r,0.001740707613963622,0.0,IGF2_IGF1R,Igf2  - Igf1r,IGF,Secreted Signaling,PMID: 14604834
FIB-A,Immune,Igf2,Igf1r,0.003801262308641819,0.0,IGF2_IGF1R,Igf2  - Igf1r,IGF,Secreted Signaling,PMID: 14604834
FIB-A,MELA,Igf2,Igf1r,0.0035615244179989483,0.0,IGF2_IGF1R,Igf2  - Igf1r,IGF,Secreted Signaling,PMID: 14604834
FIB-A,Muscle,Igf2,Igf1r,0.002703789270423703,0.0,IGF2_IGF1R,Igf2  - Igf1r,IGF,Secreted Signaling,PMID: 14604834
FIB-B,ENDO,Igf2,Igf1r,0.001603173039054453,0.03,IGF2_IGF1R,Igf2  - Igf1r,IGF,Secreted Signaling,PMID: 14604834
FIB-B,Immune,Igf2,Igf1r,0.002266526633789142,0.0,IGF2_IGF1R,Igf2  - Igf1r,IGF,Secreted Signaling,PMID: 14604834
FIB-B,MELA,Igf2,Igf1r,0.0021274327602584815,0.0,IGF2_IGF1R,Igf2  - Igf1r,IGF,Secreted Signaling,PMID: 14604834
FIB-B,Muscle,Igf2,Igf1r,0.0016272119943282213,0.0,IGF2_IGF1R,Igf2  - Igf1r,IGF,Secreted Signaling,PMID: 14604834
FIB-P,Basal-P,Igf2,Igf1r,0.0017881027995982229,0.0,IGF2_IGF1R,Igf2  - Igf1r,IGF,Secreted Signaling,PMID: 14604834
FIB-P,ENDO,Igf2,Igf1r,0.002359141052950556,0.0,IGF2_IGF1R,Igf2  - Igf1r,IGF,Secreted Signaling,PMID: 14604834
FIB-P,FIB-A,Igf2,Igf1r,0.0013954891690145894,0.0,IGF2_IGF1R,Igf2  - Igf1r,IGF,Secreted Signaling,PMID: 14604834
FIB-P,FIB-P,Igf2,Igf1r,0.0015290242399675026,0.0,IGF2_IGF1R,Igf2  - Igf1r,IGF,Secreted Signaling,PMID: 14604834
FIB-P,Immune,Igf2,Igf1r,0.003337502133836563,0.0,IGF2_IGF1R,Igf2  - Igf1r,IGF,Secreted Signaling,PMID: 14604834
FIB-P,MELA,Igf2,Igf1r,0.003131188262702932,0.0,IGF2_IGF1R,Igf2  - Igf1r,IGF,Secreted Signaling,PMID: 14604834
FIB-P,Muscle,Igf2,Igf1r,0.0023902188494120385,0.0,IGF2_IGF1R,Igf2  - Igf1r,IGF,Secreted Signaling,PMID: 14604834
Muscle,Immune,Igf2,Igf1r,0.0019361289568106455,0.0,IGF2_IGF1R,Igf2  - Igf1r,IGF,Secreted Signaling,PMID: 14604834
Muscle,MELA,Igf2,Igf1r,0.0018171567002914209,0.0,IGF2_IGF1R,Igf2  - Igf1r,IGF,Secreted Signaling,PMID: 14604834
Spinious,Basal-P,Igf2,Igf1r,0.0016664619786712445,0.0,IGF2_IGF1R,Igf2  - Igf1r,IGF,Secreted Signaling,PMID: 14604834
Spinious,ENDO,Igf2,Igf1r,0.002203482961871732,0.0,IGF2_IGF1R,Igf2  - Igf1r,IGF,Secreted Signaling,PMID: 14604834
Spinious,FIB-P,Igf2,Igf1r,0.001425480604159276,0.01,IGF2_IGF1R,Igf2  - Igf1r,IGF,Secreted Signaling,PMID: 14604834
Spinious,Immune,Igf2,Igf1r,0.0031096367301075983,0.0,IGF2_IGF1R,Igf2  - Igf1r,IGF,Secreted Signaling,PMID: 14604834
Spinious,MELA,Igf2,Igf1r,0.0029225908555203994,0.0,IGF2_IGF1R,Igf2  - Igf1r,IGF,Secreted Signaling,PMID: 14604834
Spinious,Muscle,Igf2,Igf1r,0.0022475150762056727,0.0,IGF2_IGF1R,Igf2  - Igf1r,IGF,Secreted Signaling,PMID: 14604834
ENDO,ENDO,Igf2,Igf2r,0.0028147062062918366,0.02,IGF2_IGF2R,Igf2  - Igf2r,IGF,Secreted Signaling,PMID: 14604834
ENDO,FIB-A,Igf2,Igf2r,0.005603938064879052,0.0,IGF2_IGF2R,Igf2  - Igf2r,IGF,Secreted Signaling,PMID: 14604834
ENDO,FIB-P,Igf2,Igf2r,0.002670926763441988,0.0,IGF2_IGF2R,Igf2  - Igf2r,IGF,Secreted Signaling,PMID: 14604834
ENDO,Muscle,Igf2,Igf2r,0.0032889493254531317,0.0,IGF2_IGF2R,Igf2  - Igf2r,IGF,Secreted Signaling,PMID: 14604834
ENDO,Spinious,Igf2,Igf2r,0.0028243077684328047,0.01,IGF2_IGF2R,Igf2  - Igf2r,IGF,Secreted Signaling,PMID: 14604834
FIB-A,ENDO,Igf2,Igf2r,0.002540012941181664,0.03,IGF2_IGF2R,Igf2  - Igf2r,IGF,Secreted Signaling,PMID: 14604834
FIB-A,FIB-A,Igf2,Igf2r,0.005011769087572891,0.0,IGF2_IGF2R,Igf2  - Igf2r,IGF,Secreted Signaling,PMID: 14604834
FIB-A,FIB-P,Igf2,Igf2r,0.002408828579057201,0.0,IGF2_IGF2R,Igf2  - Igf2r,IGF,Secreted Signaling,PMID: 14604834
FIB-A,Muscle,Igf2,Igf2r,0.0029522663971280816,0.0,IGF2_IGF2R,Igf2  - Igf2r,IGF,Secreted Signaling,PMID: 14604834
FIB-A,Spinious,Igf2,Igf2r,0.0025534489857175543,0.01,IGF2_IGF2R,Igf2  - Igf2r,IGF,Secreted Signaling,PMID: 14604834
FIB-B,FIB-A,Igf2,Igf2r,0.0030385873935623977,0.0,IGF2_IGF2R,Igf2  - Igf2r,IGF,Secreted Signaling,PMID: 14604834
FIB-P,ENDO,Igf2,Igf2r,0.0022335340911874032,0.03,IGF2_IGF2R,Igf2  - Igf2r,IGF,Secreted Signaling,PMID: 14604834
FIB-P,FIB-A,Igf2,Igf2r,0.004454632782890694,0.0,IGF2_IGF2R,Igf2  - Igf2r,IGF,Secreted Signaling,PMID: 14604834
FIB-P,FIB-P,Igf2,Igf2r,0.002119686215037293,0.0,IGF2_IGF2R,Igf2  - Igf2r,IGF,Secreted Signaling,PMID: 14604834
FIB-P,Muscle,Igf2,Igf2r,0.0026125442292353434,0.0,IGF2_IGF2R,Igf2  - Igf2r,IGF,Secreted Signaling,PMID: 14604834
FIB-P,Spinious,Igf2,Igf2r,0.0022403437665825896,0.01,IGF2_IGF2R,Igf2  - Igf2r,IGF,Secreted Signaling,PMID: 14604834
Muscle,FIB-A,Igf2,Igf2r,0.002593598579997558,0.0,IGF2_IGF2R,Igf2  - Igf2r,IGF,Secreted Signaling,PMID: 14604834
Spinious,FIB-A,Igf2,Igf2r,0.004219647082723169,0.0,IGF2_IGF2R,Igf2  - Igf2r,IGF,Secreted Signaling,PMID: 14604834
Spinious,FIB-P,Igf2,Igf2r,0.0019808594844914224,0.0,IGF2_IGF2R,Igf2  - Igf2r,IGF,Secreted Signaling,PMID: 14604834
Spinious,Muscle,Igf2,Igf2r,0.0024599564323260167,0.0,IGF2_IGF2R,Igf2  - Igf2r,IGF,Secreted Signaling,PMID: 14604834
Spinious,Spinious,Igf2,Igf2r,0.0020854341011011853,0.03,IGF2_IGF2R,Igf2  - Igf2r,IGF,Secreted Signaling,PMID: 14604834
ENDO,Basal-P,Igf1,ITGA6_ITGB4,0.0003318881344763391,0.0,IGF1_ITGA6_ITGB4,Igf1  - (Itga6+Itgb4),IGF,Secreted Signaling,PMID: 28190785; PMID: 28873464
FIB-A,Basal-P,Igf1,ITGA6_ITGB4,0.0011528923211127685,0.0,IGF1_ITGA6_ITGB4,Igf1  - (Itga6+Itgb4),IGF,Secreted Signaling,PMID: 28190785; PMID: 28873464
FIB-P,Basal-P,Igf1,ITGA6_ITGB4,0.0002761420173361382,0.0,IGF1_ITGA6_ITGB4,Igf1  - (Itga6+Itgb4),IGF,Secreted Signaling,PMID: 28190785; PMID: 28873464
MYL,Basal-P,Igf1,ITGA6_ITGB4,0.0013185319308519439,0.0,IGF1_ITGA6_ITGB4,Igf1  - (Itga6+Itgb4),IGF,Secreted Signaling,PMID: 28190785; PMID: 28873464
Muscle,Basal-P,Igf1,ITGA6_ITGB4,0.00013004761309974434,0.0,IGF1_ITGA6_ITGB4,Igf1  - (Itga6+Itgb4),IGF,Secreted Signaling,PMID: 28190785; PMID: 28873464
Basal,Basal-P,Igf2,ITGA6_ITGB4,0.00022647506805536965,0.0,IGF2_ITGA6_ITGB4,Igf2  - (Itga6+Itgb4),IGF,Secreted Signaling,PMID: 28190785; PMID: 28873464
Basal-P,Basal-P,Igf2,ITGA6_ITGB4,0.00023468330760922468,0.0,IGF2_ITGA6_ITGB4,Igf2  - (Itga6+Itgb4),IGF,Secreted Signaling,PMID: 28190785; PMID: 28873464
ENDO,Basal-P,Igf2,ITGA6_ITGB4,0.002123801731976697,0.0,IGF2_ITGA6_ITGB4,Igf2  - (Itga6+Itgb4),IGF,Secreted Signaling,PMID: 28190785; PMID: 28873464
FIB-A,Basal-P,Igf2,ITGA6_ITGB4,0.0019190761887388375,0.0,IGF2_ITGA6_ITGB4,Igf2  - (Itga6+Itgb4),IGF,Secreted Signaling,PMID: 28190785; PMID: 28873464
FIB-B,Basal-P,Igf2,ITGA6_ITGB4,0.0011441768822145076,0.0,IGF2_ITGA6_ITGB4,Igf2  - (Itga6+Itgb4),IGF,Secreted Signaling,PMID: 28190785; PMID: 28873464
FIB-P,Basal-P,Igf2,ITGA6_ITGB4,0.0016848542228786259,0.0,IGF2_ITGA6_ITGB4,Igf2  - (Itga6+Itgb4),IGF,Secreted Signaling,PMID: 28190785; PMID: 28873464
Immune,Basal-P,Igf2,ITGA6_ITGB4,0.00029370504452570556,0.0,IGF2_ITGA6_ITGB4,Igf2  - (Itga6+Itgb4),IGF,Secreted Signaling,PMID: 28190785; PMID: 28873464
MYL,Basal-P,Igf2,ITGA6_ITGB4,0.0002781704900445476,0.0,IGF2_ITGA6_ITGB4,Igf2  - (Itga6+Itgb4),IGF,Secreted Signaling,PMID: 28190785; PMID: 28873464
Muscle,Basal-P,Igf2,ITGA6_ITGB4,0.0009773905231460348,0.0,IGF2_ITGA6_ITGB4,Igf2  - (Itga6+Itgb4),IGF,Secreted Signaling,PMID: 28190785; PMID: 28873464
Spinious,Basal-P,Igf2,ITGA6_ITGB4,0.0015697088353168413,0.0,IGF2_ITGA6_ITGB4,Igf2  - (Itga6+Itgb4),IGF,Secreted Signaling,PMID: 28190785; PMID: 28873464
ENDO,ENDO,Apln,Aplnr,0.0061146301530915145,0.0,APLN_APLNR,Apln  - Aplnr,APELIN,Secreted Signaling,KEGG: mmu04371
MYL,MYL,Ccl3,Ccr1,0.021608737519386082,0.0,CCL3_CCR1,Ccl3  - Ccr1,CCL,Secreted Signaling,KEGG: mmu04060
MYL,MYL,Ccl9,Ccr1,0.019391753420447192,0.0,CCL9_CCR1,Ccl9  - Ccr1,CCL,Secreted Signaling,KEGG: mmu04060
MYL,MYL,Ccl6,Ccr1,0.0030496008606557745,0.0,CCL6_CCR1,Ccl6  - Ccr1,CCL,Secreted Signaling,KEGG: mmu04060
MYL,MYL,Ccl7,Ccr1,0.004960766764961674,0.0,CCL7_CCR1,Ccl7  - Ccr1,CCL,Secreted Signaling,KEGG: mmu04060
MYL,Immune,Ccl6,Ccr2,0.0023964451704207392,0.0,CCL6_CCR2,Ccl6  - Ccr2,CCL,Secreted Signaling,KEGG: mmu04060
MYL,Immune,Ccl7,Ccr2,0.003899883680448103,0.0,CCL7_CCR2,Ccl7  - Ccr2,CCL,Secreted Signaling,KEGG: mmu04060
MYL,Immune,Ccl2,Ccr2,0.017296741365442795,0.0,CCL2_CCR2,Ccl2  - Ccr2,CCL,Secreted Signaling,KEGG: mmu04060
MYL,Immune,Ccl12,Ccr2,0.003958022457731404,0.0,CCL12_CCR2,Ccl12  - Ccr2,CCL,Secreted Signaling,KEGG: mmu04060
Immune,MYL,Il4,Il4ra,0.004185438340172864,0.0,IL4_IL4R,Il4  - Il4r,IL4,Secreted Signaling,KEGG: mmu04060
Basal,FIB-B,Ngf,Ngfr,0.002911253992996818,0.0,NGF_NGFR,Ngf  - Ngfr,NGF,Secreted Signaling,KEGG: mmu04060
Basal,FIB-P,Ngf,Ngfr,0.0024931824273566943,0.0,NGF_NGFR,Ngf  - Ngfr,NGF,Secreted Signaling,KEGG: mmu04060
Basal,MELA,Ngf,Ngfr,0.009159812730042923,0.0,NGF_NGFR,Ngf  - Ngfr,NGF,Secreted Signaling,KEGG: mmu04060
Basal,Muscle,Ngf,Ngfr,0.0012896299184769061,0.0,NGF_NGFR,Ngf  - Ngfr,NGF,Secreted Signaling,KEGG: mmu04060
Basal-P,FIB-B,Ngf,Ngfr,0.0057418307304159324,0.0,NGF_NGFR,Ngf  - Ngfr,NGF,Secreted Signaling,KEGG: mmu04060
Basal-P,FIB-P,Ngf,Ngfr,0.004919278738110636,0.0,NGF_NGFR,Ngf  - Ngfr,NGF,Secreted Signaling,KEGG: mmu04060
Basal-P,MELA,Ngf,Ngfr,0.01795637624521723,0.0,NGF_NGFR,Ngf  - Ngfr,NGF,Secreted Signaling,KEGG: mmu04060
Basal-P,Muscle,Ngf,Ngfr,0.002547549765545796,0.0,NGF_NGFR,Ngf  - Ngfr,NGF,Secreted Signaling,KEGG: mmu04060
FIB-B,FIB-B,Ngf,Ngfr,0.0021465619838861353,0.0,NGF_NGFR,Ngf  - Ngfr,NGF,Secreted Signaling,KEGG: mmu04060
FIB-B,FIB-P,Ngf,Ngfr,0.0018381018216926297,0.0,NGF_NGFR,Ngf  - Ngfr,NGF,Secreted Signaling,KEGG: mmu04060
FIB-B,MELA,Ngf,Ngfr,0.00676496269741772,0.0,NGF_NGFR,Ngf  - Ngfr,NGF,Secreted Signaling,KEGG: mmu04060
FIB-B,Muscle,Ngf,Ngfr,0.00095047992571668,0.0,NGF_NGFR,Ngf  - Ngfr,NGF,Secreted Signaling,KEGG: mmu04060
MELA,FIB-B,Ngf,Ngfr,0.0019034948512936883,0.0,NGF_NGFR,Ngf  - Ngfr,NGF,Secreted Signaling,KEGG: mmu04060
MELA,FIB-P,Ngf,Ngfr,0.0016299062931384425,0.0,NGF_NGFR,Ngf  - Ngfr,NGF,Secreted Signaling,KEGG: mmu04060
MELA,MELA,Ngf,Ngfr,0.0060020740474759525,0.0,NGF_NGFR,Ngf  - Ngfr,NGF,Secreted Signaling,KEGG: mmu04060
MELA,Muscle,Ngf,Ngfr,0.0008427374209644018,0.0,NGF_NGFR,Ngf  - Ngfr,NGF,Secreted Signaling,KEGG: mmu04060
FIB-A,Spinious,Tnfsf12,Tnfrsf12a,0.0003760016839338623,0.0,TNFSF12_TNFRSF12A,Tnfsf12  - Tnfrsf12a,TWEAK,Secreted Signaling,KEGG: mmu04060
MELA,ENDO,Angptl2,ITGA5_ITGB1,0.003087363954804117,0.0,ANGPTL2_ITGA5_ITGB1,Angptl2  - (Itga5+Itgb1),ANGPTL,Secreted Signaling,PMID: 24478758
FIB-A,ENDO,Angptl4,ITGA5_ITGB1,0.006010264857402532,0.0,ANGPTL4_ITGA5_ITGB1,Angptl4  - (Itga5+Itgb1),ANGPTL,Secreted Signaling,PMID: 30049845
FIB-B,ENDO,Angptl4,ITGA5_ITGB1,0.006309932578598957,0.0,ANGPTL4_ITGA5_ITGB1,Angptl4  - (Itga5+Itgb1),ANGPTL,Secreted Signaling,PMID: 30049845
FIB-P,ENDO,Angptl4,ITGA5_ITGB1,0.005083781232584405,0.0,ANGPTL4_ITGA5_ITGB1,Angptl4  - (Itga5+Itgb1),ANGPTL,Secreted Signaling,PMID: 30049845
FIB-A,ENDO,Angptl4,Cdh5,0.019361166337691204,0.0,ANGPTL4_CDH5,Angptl4  - Cdh5,ANGPTL,Secreted Signaling,PMID: 30049845
FIB-B,ENDO,Angptl4,Cdh5,0.020312897550424057,0.0,ANGPTL4_CDH5,Angptl4  - Cdh5,ANGPTL,Secreted Signaling,PMID: 30049845
FIB-P,ENDO,Angptl4,Cdh5,0.01641061636141302,0.0,ANGPTL4_CDH5,Angptl4  - Cdh5,ANGPTL,Secreted Signaling,PMID: 30049845
FIB-A,FIB-A,Angptl4,Cdh11,0.010494132700541682,0.0,ANGPTL4_CDH11,Angptl4  - Cdh11,ANGPTL,Secreted Signaling,PMID: 30049845
FIB-A,FIB-B,Angptl4,Cdh11,0.009034355872954878,0.0,ANGPTL4_CDH11,Angptl4  - Cdh11,ANGPTL,Secreted Signaling,PMID: 30049845
FIB-A,FIB-P,Angptl4,Cdh11,0.009020800350052049,0.0,ANGPTL4_CDH11,Angptl4  - Cdh11,ANGPTL,Secreted Signaling,PMID: 30049845
FIB-B,FIB-A,Angptl4,Cdh11,0.011014885618773604,0.0,ANGPTL4_CDH11,Angptl4  - Cdh11,ANGPTL,Secreted Signaling,PMID: 30049845
FIB-B,FIB-B,Angptl4,Cdh11,0.009483364177670772,0.0,ANGPTL4_CDH11,Angptl4  - Cdh11,ANGPTL,Secreted Signaling,PMID: 30049845
FIB-B,FIB-P,Angptl4,Cdh11,0.009469141381674349,0.0,ANGPTL4_CDH11,Angptl4  - Cdh11,ANGPTL,Secreted Signaling,PMID: 30049845
FIB-P,FIB-A,Angptl4,Cdh11,0.00888263658613615,0.0,ANGPTL4_CDH11,Angptl4  - Cdh11,ANGPTL,Secreted Signaling,PMID: 30049845
FIB-P,FIB-B,Angptl4,Cdh11,0.007645293478103752,0.0,ANGPTL4_CDH11,Angptl4  - Cdh11,ANGPTL,Secreted Signaling,PMID: 30049845
FIB-P,FIB-P,Angptl4,Cdh11,0.007633806106647113,0.0,ANGPTL4_CDH11,Angptl4  - Cdh11,ANGPTL,Secreted Signaling,PMID: 30049845
FIB-A,Basal,Angptl4,Sdc1,0.008233720555292857,0.0,ANGPTL4_SDC1,Angptl4  - Sdc1,ANGPTL,Secreted Signaling,PMID: 29017031
FIB-A,Basal-P,Angptl4,Sdc1,0.006756426800370667,0.0,ANGPTL4_SDC1,Angptl4  - Sdc1,ANGPTL,Secreted Signaling,PMID: 29017031
FIB-A,FIB-A,Angptl4,Sdc1,0.007499782795248971,0.0,ANGPTL4_SDC1,Angptl4  - Sdc1,ANGPTL,Secreted Signaling,PMID: 29017031
FIB-A,FIB-B,Angptl4,Sdc1,0.008617268513690105,0.0,ANGPTL4_SDC1,Angptl4  - Sdc1,ANGPTL,Secreted Signaling,PMID: 29017031
FIB-A,FIB-P,Angptl4,Sdc1,0.008011636087582487,0.0,ANGPTL4_SDC1,Angptl4  - Sdc1,ANGPTL,Secreted Signaling,PMID: 29017031
FIB-A,Spinious,Angptl4,Sdc1,0.014022498885089359,0.0,ANGPTL4_SDC1,Angptl4  - Sdc1,ANGPTL,Secreted Signaling,PMID: 29017031
FIB-B,Basal,Angptl4,Sdc1,0.008643284278285547,0.0,ANGPTL4_SDC1,Angptl4  - Sdc1,ANGPTL,Secreted Signaling,PMID: 29017031
FIB-B,Basal-P,Angptl4,Sdc1,0.007093032170373716,0.0,ANGPTL4_SDC1,Angptl4  - Sdc1,ANGPTL,Secreted Signaling,PMID: 29017031
FIB-B,FIB-A,Angptl4,Sdc1,0.007873128624500582,0.0,ANGPTL4_SDC1,Angptl4  - Sdc1,ANGPTL,Secreted Signaling,PMID: 29017031
FIB-B,FIB-B,Angptl4,Sdc1,0.009045736759990354,0.0,ANGPTL4_SDC1,Angptl4  - Sdc1,ANGPTL,Secreted Signaling,PMID: 29017031
FIB-B,FIB-P,Angptl4,Sdc1,0.008410246510316473,0.0,ANGPTL4_SDC1,Angptl4  - Sdc1,ANGPTL,Secreted Signaling,PMID: 29017031
FIB-B,Spinious,Angptl4,Sdc1,0.014715736894090245,0.0,ANGPTL4_SDC1,Angptl4  - Sdc1,ANGPTL,Secreted Signaling,PMID: 29017031
FIB-P,Basal,Angptl4,Sdc1,0.006966893069312678,0.0,ANGPTL4_SDC1,Angptl4  - Sdc1,ANGPTL,Secreted Signaling,PMID: 29017031
FIB-P,FIB-A,Angptl4,Sdc1,0.0063451553762417096,0.0,ANGPTL4_SDC1,Angptl4  - Sdc1,ANGPTL,Secreted Signaling,PMID: 29017031
FIB-P,FIB-B,Angptl4,Sdc1,0.007291862813711101,0.0,ANGPTL4_SDC1,Angptl4  - Sdc1,ANGPTL,Secreted Signaling,PMID: 29017031
FIB-P,FIB-P,Angptl4,Sdc1,0.006778744623884025,0.0,ANGPTL4_SDC1,Angptl4  - Sdc1,ANGPTL,Secreted Signaling,PMID: 29017031
FIB-P,Spinious,Angptl4,Sdc1,0.011875683854402151,0.0,ANGPTL4_SDC1,Angptl4  - Sdc1,ANGPTL,Secreted Signaling,PMID: 29017031
FIB-A,Basal,Angptl4,Sdc2,0.0021680551447538932,0.0,ANGPTL4_SDC2,Angptl4  - Sdc2,ANGPTL,Secreted Signaling,PMID: 29017031
FIB-A,FIB-A,Angptl4,Sdc2,0.002480801822137508,0.0,ANGPTL4_SDC2,Angptl4  - Sdc2,ANGPTL,Secreted Signaling,PMID: 29017031
FIB-A,FIB-B,Angptl4,Sdc2,0.008215333252284861,0.0,ANGPTL4_SDC2,Angptl4  - Sdc2,ANGPTL,Secreted Signaling,PMID: 29017031
FIB-A,FIB-P,Angptl4,Sdc2,0.006304768454764323,0.0,ANGPTL4_SDC2,Angptl4  - Sdc2,ANGPTL,Secreted Signaling,PMID: 29017031
FIB-B,Basal,Angptl4,Sdc2,0.0022765916645262597,0.0,ANGPTL4_SDC2,Angptl4  - Sdc2,ANGPTL,Secreted Signaling,PMID: 29017031
FIB-B,FIB-A,Angptl4,Sdc2,0.0026049540978993085,0.0,ANGPTL4_SDC2,Angptl4  - Sdc2,ANGPTL,Secreted Signaling,PMID: 29017031
FIB-B,FIB-B,Angptl4,Sdc2,0.008623990302803359,0.0,ANGPTL4_SDC2,Angptl4  - Sdc2,ANGPTL,Secreted Signaling,PMID: 29017031
FIB-B,FIB-P,Angptl4,Sdc2,0.006619022145436283,0.0,ANGPTL4_SDC2,Angptl4  - Sdc2,ANGPTL,Secreted Signaling,PMID: 29017031
FIB-P,FIB-A,Angptl4,Sdc2,0.0020972377475963868,0.03,ANGPTL4_SDC2,Angptl4  - Sdc2,ANGPTL,Secreted Signaling,PMID: 29017031
FIB-P,FIB-B,Angptl4,Sdc2,0.0069513149794265434,0.0,ANGPTL4_SDC2,Angptl4  - Sdc2,ANGPTL,Secreted Signaling,PMID: 29017031
FIB-P,FIB-P,Angptl4,Sdc2,0.005333130613175595,0.0,ANGPTL4_SDC2,Angptl4  - Sdc2,ANGPTL,Secreted Signaling,PMID: 29017031
FIB-A,MELA,Angptl4,Sdc3,0.0056576948403681175,0.0,ANGPTL4_SDC3,Angptl4  - Sdc3,ANGPTL,Secreted Signaling,PMID: 29017031
FIB-B,MELA,Angptl4,Sdc3,0.005939888708207816,0.0,ANGPTL4_SDC3,Angptl4  - Sdc3,ANGPTL,Secreted Signaling,PMID: 29017031
FIB-P,MELA,Angptl4,Sdc3,0.004785298312237595,0.0,ANGPTL4_SDC3,Angptl4  - Sdc3,ANGPTL,Secreted Signaling,PMID: 29017031
FIB-A,Basal,Angptl4,Sdc4,0.007168703249143558,0.0,ANGPTL4_SDC4,Angptl4  - Sdc4,ANGPTL,Secreted Signaling,PMID: 29017031
FIB-A,Basal-P,Angptl4,Sdc4,0.008152561993690117,0.0,ANGPTL4_SDC4,Angptl4  - Sdc4,ANGPTL,Secreted Signaling,PMID: 29017031
FIB-A,MYL,Angptl4,Sdc4,0.002283390863816696,0.0,ANGPTL4_SDC4,Angptl4  - Sdc4,ANGPTL,Secreted Signaling,PMID: 29017031
FIB-A,Spinious,Angptl4,Sdc4,0.0024038190615324495,0.0,ANGPTL4_SDC4,Angptl4  - Sdc4,ANGPTL,Secreted Signaling,PMID: 29017031
FIB-B,Basal,Angptl4,Sdc4,0.00752569261684803,0.0,ANGPTL4_SDC4,Angptl4  - Sdc4,ANGPTL,Secreted Signaling,PMID: 29017031
FIB-B,Basal-P,Angptl4,Sdc4,0.008558123543896531,0.0,ANGPTL4_SDC4,Angptl4  - Sdc4,ANGPTL,Secreted Signaling,PMID: 29017031
FIB-B,MYL,Angptl4,Sdc4,0.0023976874113204876,0.0,ANGPTL4_SDC4,Angptl4  - Sdc4,ANGPTL,Secreted Signaling,PMID: 29017031
FIB-B,Spinious,Angptl4,Sdc4,0.0025241284667073412,0.0,ANGPTL4_SDC4,Angptl4  - Sdc4,ANGPTL,Secreted Signaling,PMID: 29017031
FIB-P,Basal,Angptl4,Sdc4,0.006064735645964535,0.0,ANGPTL4_SDC4,Angptl4  - Sdc4,ANGPTL,Secreted Signaling,PMID: 29017031
FIB-P,Basal-P,Angptl4,Sdc4,0.006898134586598461,0.0,ANGPTL4_SDC4,Angptl4  - Sdc4,ANGPTL,Secreted Signaling,PMID: 29017031
FIB-P,MYL,Angptl4,Sdc4,0.0019302900154306913,0.0,ANGPTL4_SDC4,Angptl4  - Sdc4,ANGPTL,Secreted Signaling,PMID: 29017031
FIB-P,Spinious,Angptl4,Sdc4,0.002032133270603753,0.0,ANGPTL4_SDC4,Angptl4  - Sdc4,ANGPTL,Secreted Signaling,PMID: 29017031
Basal,Spinious,Mdk,Sdc1,0.12752490564244445,0.0,MDK_SDC1,Mdk  - Sdc1,MK,Secreted Signaling,PMID: 28356350
Basal-P,Spinious,Mdk,Sdc1,0.11467534088470459,0.0,MDK_SDC1,Mdk  - Sdc1,MK,Secreted Signaling,PMID: 28356350
FIB-A,Basal,Mdk,Sdc1,0.10572840223085189,0.0,MDK_SDC1,Mdk  - Sdc1,MK,Secreted Signaling,PMID: 28356350
FIB-A,Basal-P,Mdk,Sdc1,0.08831631529188998,0.0,MDK_SDC1,Mdk  - Sdc1,MK,Secreted Signaling,PMID: 28356350
FIB-A,FIB-A,Mdk,Sdc1,0.09715531558817075,0.0,MDK_SDC1,Mdk  - Sdc1,MK,Secreted Signaling,PMID: 28356350
FIB-A,FIB-B,Mdk,Sdc1,0.1101491029472249,0.0,MDK_SDC1,Mdk  - Sdc1,MK,Secreted Signaling,PMID: 28356350
FIB-A,FIB-P,Mdk,Sdc1,0.1031501411216071,0.0,MDK_SDC1,Mdk  - Sdc1,MK,Secreted Signaling,PMID: 28356350
FIB-A,Spinious,Mdk,Sdc1,0.16842136349184075,0.0,MDK_SDC1,Mdk  - Sdc1,MK,Secreted Signaling,PMID: 28356350
FIB-B,Basal,Mdk,Sdc1,0.09256460898236595,0.0,MDK_SDC1,Mdk  - Sdc1,MK,Secreted Signaling,PMID: 28356350
FIB-B,FIB-A,Mdk,Sdc1,0.08495751595428463,0.0,MDK_SDC1,Mdk  - Sdc1,MK,Secreted Signaling,PMID: 28356350
FIB-B,FIB-B,Mdk,Sdc1,0.09649429698793881,0.0,MDK_SDC1,Mdk  - Sdc1,MK,Secreted Signaling,PMID: 28356350
FIB-B,FIB-P,Mdk,Sdc1,0.09027495103236688,0.0,MDK_SDC1,Mdk  - Sdc1,MK,Secreted Signaling,PMID: 28356350
FIB-B,Spinious,Mdk,Sdc1,0.14875030088773675,0.0,MDK_SDC1,Mdk  - Sdc1,MK,Secreted Signaling,PMID: 28356350
FIB-P,Basal,Mdk,Sdc1,0.09400344519326556,0.0,MDK_SDC1,Mdk  - Sdc1,MK,Secreted Signaling,PMID: 28356350
FIB-P,FIB-A,Mdk,Sdc1,0.08628935068011573,0.0,MDK_SDC1,Mdk  - Sdc1,MK,Secreted Signaling,PMID: 28356350
FIB-P,FIB-B,Mdk,Sdc1,0.09798762078606765,0.0,MDK_SDC1,Mdk  - Sdc1,MK,Secreted Signaling,PMID: 28356350
FIB-P,FIB-P,Mdk,Sdc1,0.09168179237829989,0.0,MDK_SDC1,Mdk  - Sdc1,MK,Secreted Signaling,PMID: 28356350
FIB-P,Spinious,Mdk,Sdc1,0.1509172450233106,0.0,MDK_SDC1,Mdk  - Sdc1,MK,Secreted Signaling,PMID: 28356350
MELA,Spinious,Mdk,Sdc1,0.10817651055814524,0.0,MDK_SDC1,Mdk  - Sdc1,MK,Secreted Signaling,PMID: 28356350
Muscle,Spinious,Mdk,Sdc1,0.09504197786641057,0.0,MDK_SDC1,Mdk  - Sdc1,MK,Secreted Signaling,PMID: 28356350
Spinious,Spinious,Mdk,Sdc1,0.11489637946085793,0.0,MDK_SDC1,Mdk  - Sdc1,MK,Secreted Signaling,PMID: 28356350
Basal,FIB-B,Mdk,Sdc2,0.07845288228398611,0.0,MDK_SDC2,Mdk  - Sdc2,MK,Secreted Signaling,PMID: 28356350
Basal,FIB-P,Mdk,Sdc2,0.061216030410120616,0.0,MDK_SDC2,Mdk  - Sdc2,MK,Secreted Signaling,PMID: 28356350
Basal-P,FIB-B,Mdk,Sdc2,0.07015031318766217,0.0,MDK_SDC2,Mdk  - Sdc2,MK,Secreted Signaling,PMID: 28356350
Basal-P,FIB-P,Mdk,Sdc2,0.05462947931148398,0.0,MDK_SDC2,Mdk  - Sdc2,MK,Secreted Signaling,PMID: 28356350
FIB-A,FIB-A,Mdk,Sdc2,0.03420512272587025,0.0,MDK_SDC2,Mdk  - Sdc2,MK,Secreted Signaling,PMID: 28356350
FIB-A,FIB-B,Mdk,Sdc2,0.1055154564549787,0.0,MDK_SDC2,Mdk  - Sdc2,MK,Secreted Signaling,PMID: 28356350
FIB-A,FIB-P,Mdk,Sdc2,0.08286736499482956,0.0,MDK_SDC2,Mdk  - Sdc2,MK,Secreted Signaling,PMID: 28356350
FIB-B,FIB-B,Mdk,Sdc2,0.09237543747203876,0.0,MDK_SDC2,Mdk  - Sdc2,MK,Secreted Signaling,PMID: 28356350
FIB-B,FIB-P,Mdk,Sdc2,0.07231971950440992,0.0,MDK_SDC2,Mdk  - Sdc2,MK,Secreted Signaling,PMID: 28356350
FIB-P,FIB-B,Mdk,Sdc2,0.09381163716927983,0.0,MDK_SDC2,Mdk  - Sdc2,MK,Secreted Signaling,PMID: 28356350
FIB-P,FIB-P,Mdk,Sdc2,0.07346934495022982,0.0,MDK_SDC2,Mdk  - Sdc2,MK,Secreted Signaling,PMID: 28356350
MELA,FIB-B,Mdk,Sdc2,0.06598671395340742,0.0,MDK_SDC2,Mdk  - Sdc2,MK,Secreted Signaling,PMID: 28356350
MELA,FIB-P,Mdk,Sdc2,0.05133622225261282,0.0,MDK_SDC2,Mdk  - Sdc2,MK,Secreted Signaling,PMID: 28356350
Muscle,FIB-B,Mdk,Sdc2,0.05764366330461234,0.0,MDK_SDC2,Mdk  - Sdc2,MK,Secreted Signaling,PMID: 28356350
Muscle,FIB-P,Mdk,Sdc2,0.04475674927492727,0.0,MDK_SDC2,Mdk  - Sdc2,MK,Secreted Signaling,PMID: 28356350
Spinious,FIB-B,Mdk,Sdc2,0.07029234313935323,0.0,MDK_SDC2,Mdk  - Sdc2,MK,Secreted Signaling,PMID: 28356350
Spinious,FIB-P,Mdk,Sdc2,0.05474193498473759,0.0,MDK_SDC2,Mdk  - Sdc2,MK,Secreted Signaling,PMID: 28356350
Basal,Basal,Mdk,Sdc4,0.06908129407763844,0.0,MDK_SDC4,Mdk  - Sdc4,MK,Secreted Signaling,PMID: 28356350
Basal,Basal-P,Mdk,Sdc4,0.07789559417507637,0.0,MDK_SDC4,Mdk  - Sdc4,MK,Secreted Signaling,PMID: 28356350
Basal,MYL,Mdk,Sdc4,0.022980519557509852,0.0,MDK_SDC4,Mdk  - Sdc4,MK,Secreted Signaling,PMID: 28356350
Basal,Spinious,Mdk,Sdc4,0.024166094186797823,0.01,MDK_SDC4,Mdk  - Sdc4,MK,Secreted Signaling,PMID: 28356350
Basal-P,Basal,Mdk,Sdc4,0.0617041013721306,0.0,MDK_SDC4,Mdk  - Sdc4,MK,Secreted Signaling,PMID: 28356350
Basal-P,Basal-P,Mdk,Sdc4,0.06964754487531286,0.0,MDK_SDC4,Mdk  - Sdc4,MK,Secreted Signaling,PMID: 28356350
Basal-P,MYL,Mdk,Sdc4,0.020418447814338055,0.0,MDK_SDC4,Mdk  - Sdc4,MK,Secreted Signaling,PMID: 28356350
ENDO,Basal,Mdk,Sdc4,0.022816540339849353,0.0,MDK_SDC4,Mdk  - Sdc4,MK,Secreted Signaling,PMID: 28356350
ENDO,Basal-P,Mdk,Sdc4,0.02589195863000346,0.0,MDK_SDC4,Mdk  - Sdc4,MK,Secreted Signaling,PMID: 28356350
FIB-A,Basal,Mdk,Sdc4,0.09323818548684483,0.0,MDK_SDC4,Mdk  - Sdc4,MK,Secreted Signaling,PMID: 28356350
FIB-A,Basal-P,Mdk,Sdc4,0.10478778916167891,0.0,MDK_SDC4,Mdk  - Sdc4,MK,Secreted Signaling,PMID: 28356350
FIB-A,MYL,Mdk,Sdc4,0.03156311271636714,0.0,MDK_SDC4,Mdk  - Sdc4,MK,Secreted Signaling,PMID: 28356350
FIB-A,Spinious,Mdk,Sdc4,0.03317643155467805,0.0,MDK_SDC4,Mdk  - Sdc4,MK,Secreted Signaling,PMID: 28356350
FIB-B,Basal,Mdk,Sdc4,0.08148779183349854,0.0,MDK_SDC4,Mdk  - Sdc4,MK,Secreted Signaling,PMID: 28356350
FIB-B,Basal-P,Mdk,Sdc4,0.09172909501303525,0.0,MDK_SDC4,Mdk  - Sdc4,MK,Secreted Signaling,PMID: 28356350
FIB-B,MYL,Mdk,Sdc4,0.027350905934276384,0.0,MDK_SDC4,Mdk  - Sdc4,MK,Secreted Signaling,PMID: 28356350
FIB-B,Spinious,Mdk,Sdc4,0.02875531466681539,0.0,MDK_SDC4,Mdk  - Sdc4,MK,Secreted Signaling,PMID: 28356350
FIB-P,Basal,Mdk,Sdc4,0.08277015362475391,0.0,MDK_SDC4,Mdk  - Sdc4,MK,Secreted Signaling,PMID: 28356350
FIB-P,Basal-P,Mdk,Sdc4,0.0931562771522335,0.0,MDK_SDC4,Mdk  - Sdc4,MK,Secreted Signaling,PMID: 28356350
FIB-P,MYL,Mdk,Sdc4,0.027807115089210584,0.0,MDK_SDC4,Mdk  - Sdc4,MK,Secreted Signaling,PMID: 28356350
FIB-P,Spinious,Mdk,Sdc4,0.029234245077100176,0.0,MDK_SDC4,Mdk  - Sdc4,MK,Secreted Signaling,PMID: 28356350
Immune,Basal,Mdk,Sdc4,0.01878196795494655,0.02,MDK_SDC4,Mdk  - Sdc4,MK,Secreted Signaling,PMID: 28356350
Immune,Basal-P,Mdk,Sdc4,0.02132543822958135,0.0,MDK_SDC4,Mdk  - Sdc4,MK,Secreted Signaling,PMID: 28356350
MELA,Basal,Mdk,Sdc4,0.058010531398651304,0.0,MDK_SDC4,Mdk  - Sdc4,MK,Secreted Signaling,PMID: 28356350
MELA,Basal-P,Mdk,Sdc4,0.0655116838274926,0.0,MDK_SDC4,Mdk  - Sdc4,MK,Secreted Signaling,PMID: 28356350
MYL,Basal-P,Mdk,Sdc4,0.017730178322591765,0.04,MDK_SDC4,Mdk  - Sdc4,MK,Secreted Signaling,PMID: 28356350
Muscle,Basal,Mdk,Sdc4,0.050621295133374544,0.0,MDK_SDC4,Mdk  - Sdc4,MK,Secreted Signaling,PMID: 28356350
Muscle,Basal-P,Mdk,Sdc4,0.0572250139755364,0.0,MDK_SDC4,Mdk  - Sdc4,MK,Secreted Signaling,PMID: 28356350
Spinious,Basal,Mdk,Sdc4,0.06183016779003951,0.0,MDK_SDC4,Mdk  - Sdc4,MK,Secreted Signaling,PMID: 28356350
Spinious,Basal-P,Mdk,Sdc4,0.06978863329571819,0.0,MDK_SDC4,Mdk  - Sdc4,MK,Secreted Signaling,PMID: 28356350
Spinious,MYL,Mdk,Sdc4,0.020462003808275654,0.01,MDK_SDC4,Mdk  - Sdc4,MK,Secreted Signaling,PMID: 28356350
Basal,MELA,Mdk,Ptprz1,0.058736683231466545,0.0,MDK_PTPRZ1,Mdk  - Ptprz1,MK,Secreted Signaling,PMID: 28356350
Basal-P,MELA,Mdk,Ptprz1,0.05240200738042295,0.0,MDK_PTPRZ1,Mdk  - Ptprz1,MK,Secreted Signaling,PMID: 28356350
ENDO,MELA,Mdk,Ptprz1,0.019256558641461047,0.0,MDK_PTPRZ1,Mdk  - Ptprz1,MK,Secreted Signaling,PMID: 28356350
FIB-A,MELA,Mdk,Ptprz1,0.07958544451249952,0.0,MDK_PTPRZ1,Mdk  - Ptprz1,MK,Secreted Signaling,PMID: 28356350
FIB-B,MELA,Mdk,Ptprz1,0.06942391213757311,0.0,MDK_PTPRZ1,Mdk  - Ptprz1,MK,Secreted Signaling,PMID: 28356350
FIB-P,MELA,Mdk,Ptprz1,0.07053100444382719,0.0,MDK_PTPRZ1,Mdk  - Ptprz1,MK,Secreted Signaling,PMID: 28356350
Immune,MELA,Mdk,Ptprz1,0.015841280971480354,0.0,MDK_PTPRZ1,Mdk  - Ptprz1,MK,Secreted Signaling,PMID: 28356350
MELA,MELA,Mdk,Ptprz1,0.04923603670415913,0.0,MDK_PTPRZ1,Mdk  - Ptprz1,MK,Secreted Signaling,PMID: 28356350
MYL,MELA,Mdk,Ptprz1,0.013158165430800358,0.0,MDK_PTPRZ1,Mdk  - Ptprz1,MK,Secreted Signaling,PMID: 28356350
Muscle,MELA,Mdk,Ptprz1,0.04291355655070091,0.0,MDK_PTPRZ1,Mdk  - Ptprz1,MK,Secreted Signaling,PMID: 28356350
Spinious,MELA,Mdk,Ptprz1,0.052510132453900016,0.0,MDK_PTPRZ1,Mdk  - Ptprz1,MK,Secreted Signaling,PMID: 28356350
Basal,Immune,Mdk,ITGA4_ITGB1,0.0789912450144315,0.0,MDK_ITGA4_ITGB1,Mdk  - (Itga4+Itgb1),MK,Secreted Signaling,PMID: 28356350
Basal,MELA,Mdk,ITGA4_ITGB1,0.09285220244031812,0.0,MDK_ITGA4_ITGB1,Mdk  - (Itga4+Itgb1),MK,Secreted Signaling,PMID: 28356350
Basal,MYL,Mdk,ITGA4_ITGB1,0.03636305831436513,0.0,MDK_ITGA4_ITGB1,Mdk  - (Itga4+Itgb1),MK,Secreted Signaling,PMID: 28356350
Basal,Muscle,Mdk,ITGA4_ITGB1,0.06056387401467851,0.0,MDK_ITGA4_ITGB1,Mdk  - (Itga4+Itgb1),MK,Secreted Signaling,PMID: 28356350
Basal-P,Immune,Mdk,ITGA4_ITGB1,0.07063606871659155,0.0,MDK_ITGA4_ITGB1,Mdk  - (Itga4+Itgb1),MK,Secreted Signaling,PMID: 28356350
Basal-P,MELA,Mdk,ITGA4_ITGB1,0.08316328958988699,0.0,MDK_ITGA4_ITGB1,Mdk  - (Itga4+Itgb1),MK,Secreted Signaling,PMID: 28356350
Basal-P,MYL,Mdk,ITGA4_ITGB1,0.032358397111970603,0.0,MDK_ITGA4_ITGB1,Mdk  - (Itga4+Itgb1),MK,Secreted Signaling,PMID: 28356350
Basal-P,Muscle,Mdk,ITGA4_ITGB1,0.054043452365990625,0.0,MDK_ITGA4_ITGB1,Mdk  - (Itga4+Itgb1),MK,Secreted Signaling,PMID: 28356350
ENDO,Immune,Mdk,ITGA4_ITGB1,0.026276989774517923,0.0,MDK_ITGA4_ITGB1,Mdk  - (Itga4+Itgb1),MK,Secreted Signaling,PMID: 28356350
ENDO,MELA,Mdk,ITGA4_ITGB1,0.031201299711213996,0.0,MDK_ITGA4_ITGB1,Mdk  - (Itga4+Itgb1),MK,Secreted Signaling,PMID: 28356350
ENDO,MYL,Mdk,ITGA4_ITGB1,0.011733992278545465,0.0,MDK_ITGA4_ITGB1,Mdk  - (Itga4+Itgb1),MK,Secreted Signaling,PMID: 28356350
ENDO,Muscle,Mdk,ITGA4_ITGB1,0.01988153626332707,0.0,MDK_ITGA4_ITGB1,Mdk  - (Itga4+Itgb1),MK,Secreted Signaling,PMID: 28356350
FIB-A,Immune,Mdk,ITGA4_ITGB1,0.10621812409039197,0.0,MDK_ITGA4_ITGB1,Mdk  - (Itga4+Itgb1),MK,Secreted Signaling,PMID: 28356350
FIB-A,MELA,Mdk,ITGA4_ITGB1,0.1242123701097087,0.0,MDK_ITGA4_ITGB1,Mdk  - (Itga4+Itgb1),MK,Secreted Signaling,PMID: 28356350
FIB-A,MYL,Mdk,ITGA4_ITGB1,0.04968947236352694,0.0,MDK_ITGA4_ITGB1,Mdk  - (Itga4+Itgb1),MK,Secreted Signaling,PMID: 28356350
FIB-A,Muscle,Mdk,ITGA4_ITGB1,0.08200469771742397,0.0,MDK_ITGA4_ITGB1,Mdk  - (Itga4+Itgb1),MK,Secreted Signaling,PMID: 28356350
FIB-B,Immune,Mdk,ITGA4_ITGB1,0.09299969855910428,0.0,MDK_ITGA4_ITGB1,Mdk  - (Itga4+Itgb1),MK,Secreted Signaling,PMID: 28356350
FIB-B,MELA,Mdk,ITGA4_ITGB1,0.10902779391073734,0.0,MDK_ITGA4_ITGB1,Mdk  - (Itga4+Itgb1),MK,Secreted Signaling,PMID: 28356350
FIB-B,MYL,Mdk,ITGA4_ITGB1,0.0431660631037793,0.0,MDK_ITGA4_ITGB1,Mdk  - (Itga4+Itgb1),MK,Secreted Signaling,PMID: 28356350
FIB-B,Muscle,Mdk,ITGA4_ITGB1,0.07155828822560811,0.0,MDK_ITGA4_ITGB1,Mdk  - (Itga4+Itgb1),MK,Secreted Signaling,PMID: 28356350
FIB-P,Immune,Mdk,ITGA4_ITGB1,0.09444459396576027,0.0,MDK_ITGA4_ITGB1,Mdk  - (Itga4+Itgb1),MK,Secreted Signaling,PMID: 28356350
FIB-P,MELA,Mdk,ITGA4_ITGB1,0.11069131992900423,0.0,MDK_ITGA4_ITGB1,Mdk  - (Itga4+Itgb1),MK,Secreted Signaling,PMID: 28356350
FIB-P,MYL,Mdk,ITGA4_ITGB1,0.0438741675727473,0.0,MDK_ITGA4_ITGB1,Mdk  - (Itga4+Itgb1),MK,Secreted Signaling,PMID: 28356350
FIB-P,Muscle,Mdk,ITGA4_ITGB1,0.07269675815274304,0.0,MDK_ITGA4_ITGB1,Mdk  - (Itga4+Itgb1),MK,Secreted Signaling,PMID: 28356350
Immune,Immune,Mdk,ITGA4_ITGB1,0.021644070947885424,0.0,MDK_ITGA4_ITGB1,Mdk  - (Itga4+Itgb1),MK,Secreted Signaling,PMID: 28356350
Immune,MELA,Mdk,ITGA4_ITGB1,0.02572310725853315,0.0,MDK_ITGA4_ITGB1,Mdk  - (Itga4+Itgb1),MK,Secreted Signaling,PMID: 28356350
Immune,MYL,Mdk,ITGA4_ITGB1,0.009639777671668726,0.0,MDK_ITGA4_ITGB1,Mdk  - (Itga4+Itgb1),MK,Secreted Signaling,PMID: 28356350
Immune,Muscle,Mdk,ITGA4_ITGB1,0.016357263393013296,0.0,MDK_ITGA4_ITGB1,Mdk  - (Itga4+Itgb1),MK,Secreted Signaling,PMID: 28356350
MELA,Immune,Mdk,ITGA4_ITGB1,0.06644569886665792,0.0,MDK_ITGA4_ITGB1,Mdk  - (Itga4+Itgb1),MK,Secreted Signaling,PMID: 28356350
MELA,MELA,Mdk,ITGA4_ITGB1,0.07829236848885668,0.0,MDK_ITGA4_ITGB1,Mdk  - (Itga4+Itgb1),MK,Secreted Signaling,PMID: 28356350
MELA,MYL,Mdk,ITGA4_ITGB1,0.030364596539515204,0.0,MDK_ITGA4_ITGB1,Mdk  - (Itga4+Itgb1),MK,Secreted Signaling,PMID: 28356350
MELA,Muscle,Mdk,ITGA4_ITGB1,0.05078362532676957,0.0,MDK_ITGA4_ITGB1,Mdk  - (Itga4+Itgb1),MK,Secreted Signaling,PMID: 28356350
MYL,Immune,Mdk,ITGA4_ITGB1,0.0179960804717913,0.0,MDK_ITGA4_ITGB1,Mdk  - (Itga4+Itgb1),MK,Secreted Signaling,PMID: 28356350
MYL,MELA,Mdk,ITGA4_ITGB1,0.021402657227761655,0.0,MDK_ITGA4_ITGB1,Mdk  - (Itga4+Itgb1),MK,Secreted Signaling,PMID: 28356350
MYL,MYL,Mdk,ITGA4_ITGB1,0.007998504501146664,0.0,MDK_ITGA4_ITGB1,Mdk  - (Itga4+Itgb1),MK,Secreted Signaling,PMID: 28356350
MYL,Muscle,Mdk,ITGA4_ITGB1,0.013587960003232336,0.0,MDK_ITGA4_ITGB1,Mdk  - (Itga4+Itgb1),MK,Secreted Signaling,PMID: 28356350
Muscle,Immune,Mdk,ITGA4_ITGB1,0.05804822295688564,0.0,MDK_ITGA4_ITGB1,Mdk  - (Itga4+Itgb1),MK,Secreted Signaling,PMID: 28356350
Muscle,MELA,Mdk,ITGA4_ITGB1,0.06850756775825463,0.0,MDK_ITGA4_ITGB1,Mdk  - (Itga4+Itgb1),MK,Secreted Signaling,PMID: 28356350
Muscle,MYL,Mdk,ITGA4_ITGB1,0.02639814519969096,0.0,MDK_ITGA4_ITGB1,Mdk  - (Itga4+Itgb1),MK,Secreted Signaling,PMID: 28356350
Muscle,Muscle,Mdk,ITGA4_ITGB1,0.04427167043326466,0.0,MDK_ITGA4_ITGB1,Mdk  - (Itga4+Itgb1),MK,Secreted Signaling,PMID: 28356350
Spinious,Immune,Mdk,ITGA4_ITGB1,0.07077900729232682,0.0,MDK_ITGA4_ITGB1,Mdk  - (Itga4+Itgb1),MK,Secreted Signaling,PMID: 28356350
Spinious,MELA,Mdk,ITGA4_ITGB1,0.08332930519958945,0.0,MDK_ITGA4_ITGB1,Mdk  - (Itga4+Itgb1),MK,Secreted Signaling,PMID: 28356350
Spinious,MYL,Mdk,ITGA4_ITGB1,0.03242657991436795,0.0,MDK_ITGA4_ITGB1,Mdk  - (Itga4+Itgb1),MK,Secreted Signaling,PMID: 28356350
Spinious,Muscle,Mdk,ITGA4_ITGB1,0.0541547707977655,0.0,MDK_ITGA4_ITGB1,Mdk  - (Itga4+Itgb1),MK,Secreted Signaling,PMID: 28356350
Basal,Basal,Mdk,ITGA6_ITGB1,0.0346380381350449,0.0,MDK_ITGA6_ITGB1,Mdk  - (Itga6+Itgb1),MK,Secreted Signaling,PMID: 28356350
Basal,Basal-P,Mdk,ITGA6_ITGB1,0.03297064521301501,0.01,MDK_ITGA6_ITGB1,Mdk  - (Itga6+Itgb1),MK,Secreted Signaling,PMID: 28356350
Basal,ENDO,Mdk,ITGA6_ITGB1,0.10131683584084795,0.0,MDK_ITGA6_ITGB1,Mdk  - (Itga6+Itgb1),MK,Secreted Signaling,PMID: 28356350
Basal,MELA,Mdk,ITGA6_ITGB1,0.10775449745757835,0.0,MDK_ITGA6_ITGB1,Mdk  - (Itga6+Itgb1),MK,Secreted Signaling,PMID: 28356350
Basal,MYL,Mdk,ITGA6_ITGB1,0.06015159423626773,0.0,MDK_ITGA6_ITGB1,Mdk  - (Itga6+Itgb1),MK,Secreted Signaling,PMID: 28356350
Basal-P,Basal,Mdk,ITGA6_ITGB1,0.030817277813549714,0.0,MDK_ITGA6_ITGB1,Mdk  - (Itga6+Itgb1),MK,Secreted Signaling,PMID: 28356350
Basal-P,Basal-P,Mdk,ITGA6_ITGB1,0.029328219562480082,0.01,MDK_ITGA6_ITGB1,Mdk  - (Itga6+Itgb1),MK,Secreted Signaling,PMID: 28356350
Basal-P,ENDO,Mdk,ITGA6_ITGB1,0.09083309974633094,0.0,MDK_ITGA6_ITGB1,Mdk  - (Itga6+Itgb1),MK,Secreted Signaling,PMID: 28356350
Basal-P,MELA,Mdk,ITGA6_ITGB1,0.09667628568044746,0.0,MDK_ITGA6_ITGB1,Mdk  - (Itga6+Itgb1),MK,Secreted Signaling,PMID: 28356350
Basal-P,MYL,Mdk,ITGA6_ITGB1,0.053673023448427996,0.0,MDK_ITGA6_ITGB1,Mdk  - (Itga6+Itgb1),MK,Secreted Signaling,PMID: 28356350
ENDO,Basal,Mdk,ITGA6_ITGB1,0.011163809959787432,0.0,MDK_ITGA6_ITGB1,Mdk  - (Itga6+Itgb1),MK,Secreted Signaling,PMID: 28356350
ENDO,Basal-P,Mdk,ITGA6_ITGB1,0.010613986569299011,0.01,MDK_ITGA6_ITGB1,Mdk  - (Itga6+Itgb1),MK,Secreted Signaling,PMID: 28356350
ENDO,ENDO,Mdk,ITGA6_ITGB1,0.03425793183846095,0.03,MDK_ITGA6_ITGB1,Mdk  - (Itga6+Itgb1),MK,Secreted Signaling,PMID: 28356350
ENDO,MELA,Mdk,ITGA6_ITGB1,0.03660824766104121,0.01,MDK_ITGA6_ITGB1,Mdk  - (Itga6+Itgb1),MK,Secreted Signaling,PMID: 28356350
ENDO,MYL,Mdk,ITGA6_ITGB1,0.019740376269118134,0.02,MDK_ITGA6_ITGB1,Mdk  - (Itga6+Itgb1),MK,Secreted Signaling,PMID: 28356350
FIB-A,Basal,Mdk,ITGA6_ITGB1,0.04736333545308662,0.0,MDK_ITGA6_ITGB1,Mdk  - (Itga6+Itgb1),MK,Secreted Signaling,PMID: 28356350
FIB-A,Basal-P,Mdk,ITGA6_ITGB1,0.04511200252460283,0.0,MDK_ITGA6_ITGB1,Mdk  - (Itga6+Itgb1),MK,Secreted Signaling,PMID: 28356350
FIB-A,ENDO,Mdk,ITGA6_ITGB1,0.13511007455776328,0.0,MDK_ITGA6_ITGB1,Mdk  - (Itga6+Itgb1),MK,Secreted Signaling,PMID: 28356350
FIB-A,MELA,Mdk,ITGA6_ITGB1,0.14335244393448135,0.0,MDK_ITGA6_ITGB1,Mdk  - (Itga6+Itgb1),MK,Secreted Signaling,PMID: 28356350
FIB-A,MYL,Mdk,ITGA6_ITGB1,0.08145911852353188,0.0,MDK_ITGA6_ITGB1,Mdk  - (Itga6+Itgb1),MK,Secreted Signaling,PMID: 28356350
FIB-B,Basal,Mdk,ITGA6_ITGB1,0.04113209180616469,0.0,MDK_ITGA6_ITGB1,Mdk  - (Itga6+Itgb1),MK,Secreted Signaling,PMID: 28356350
FIB-B,Basal-P,Mdk,ITGA6_ITGB1,0.039164773090067745,0.0,MDK_ITGA6_ITGB1,Mdk  - (Itga6+Itgb1),MK,Secreted Signaling,PMID: 28356350
FIB-B,ENDO,Mdk,ITGA6_ITGB1,0.11877396170499346,0.0,MDK_ITGA6_ITGB1,Mdk  - (Itga6+Itgb1),MK,Secreted Signaling,PMID: 28356350
FIB-B,MELA,Mdk,ITGA6_ITGB1,0.12616512463165672,0.0,MDK_ITGA6_ITGB1,Mdk  - (Itga6+Itgb1),MK,Secreted Signaling,PMID: 28356350
FIB-B,MYL,Mdk,ITGA6_ITGB1,0.07107682810860044,0.0,MDK_ITGA6_ITGB1,Mdk  - (Itga6+Itgb1),MK,Secreted Signaling,PMID: 28356350
FIB-P,Basal,Mdk,ITGA6_ITGB1,0.04180828850818852,0.0,MDK_ITGA6_ITGB1,Mdk  - (Itga6+Itgb1),MK,Secreted Signaling,PMID: 28356350
FIB-P,Basal-P,Mdk,ITGA6_ITGB1,0.03980997054955609,0.0,MDK_ITGA6_ITGB1,Mdk  - (Itga6+Itgb1),MK,Secreted Signaling,PMID: 28356350
FIB-P,ENDO,Mdk,ITGA6_ITGB1,0.12056607021396082,0.0,MDK_ITGA6_ITGB1,Mdk  - (Itga6+Itgb1),MK,Secreted Signaling,PMID: 28356350
FIB-P,MELA,Mdk,ITGA6_ITGB1,0.1280525486425352,0.0,MDK_ITGA6_ITGB1,Mdk  - (Itga6+Itgb1),MK,Secreted Signaling,PMID: 28356350
FIB-P,MYL,Mdk,ITGA6_ITGB1,0.07220823389248028,0.0,MDK_ITGA6_ITGB1,Mdk  - (Itga6+Itgb1),MK,Secreted Signaling,PMID: 28356350
Immune,Basal,Mdk,ITGA6_ITGB1,0.009170413885167946,0.0,MDK_ITGA6_ITGB1,Mdk  - (Itga6+Itgb1),MK,Secreted Signaling,PMID: 28356350
Immune,Basal-P,Mdk,ITGA6_ITGB1,0.008717900728497537,0.01,MDK_ITGA6_ITGB1,Mdk  - (Itga6+Itgb1),MK,Secreted Signaling,PMID: 28356350
Immune,MELA,Mdk,ITGA6_ITGB1,0.030210329321546162,0.01,MDK_ITGA6_ITGB1,Mdk  - (Itga6+Itgb1),MK,Secreted Signaling,PMID: 28356350
Immune,MYL,Mdk,ITGA6_ITGB1,0.01624071130171293,0.02,MDK_ITGA6_ITGB1,Mdk  - (Itga6+Itgb1),MK,Secreted Signaling,PMID: 28356350
MELA,Basal,Mdk,ITGA6_ITGB1,0.028915597530089182,0.0,MDK_ITGA6_ITGB1,Mdk  - (Itga6+Itgb1),MK,Secreted Signaling,PMID: 28356350
MELA,Basal-P,Mdk,ITGA6_ITGB1,0.027515817712541836,0.01,MDK_ITGA6_ITGB1,Mdk  - (Itga6+Itgb1),MK,Secreted Signaling,PMID: 28356350
MELA,ENDO,Mdk,ITGA6_ITGB1,0.08555487307742063,0.0,MDK_ITGA6_ITGB1,Mdk  - (Itga6+Itgb1),MK,Secreted Signaling,PMID: 28356350
MELA,MELA,Mdk,ITGA6_ITGB1,0.09109253681010708,0.0,MDK_ITGA6_ITGB1,Mdk  - (Itga6+Itgb1),MK,Secreted Signaling,PMID: 28356350
MELA,MYL,Mdk,ITGA6_ITGB1,0.05043434890045619,0.0,MDK_ITGA6_ITGB1,Mdk  - (Itga6+Itgb1),MK,Secreted Signaling,PMID: 28356350
MYL,Basal,Mdk,ITGA6_ITGB1,0.007608440878110279,0.0,MDK_ITGA6_ITGB1,Mdk  - (Itga6+Itgb1),MK,Secreted Signaling,PMID: 28356350
MYL,Basal-P,Mdk,ITGA6_ITGB1,0.007232440520810817,0.01,MDK_ITGA6_ITGB1,Mdk  - (Itga6+Itgb1),MK,Secreted Signaling,PMID: 28356350
MYL,MELA,Mdk,ITGA6_ITGB1,0.025155665725209247,0.01,MDK_ITGA6_ITGB1,Mdk  - (Itga6+Itgb1),MK,Secreted Signaling,PMID: 28356350
MYL,MYL,Mdk,ITGA6_ITGB1,0.013490869680114278,0.02,MDK_ITGA6_ITGB1,Mdk  - (Itga6+Itgb1),MK,Secreted Signaling,PMID: 28356350
Muscle,Basal,Mdk,ITGA6_ITGB1,0.025133519082721118,0.0,MDK_ITGA6_ITGB1,Mdk  - (Itga6+Itgb1),MK,Secreted Signaling,PMID: 28356350
Muscle,Basal-P,Mdk,ITGA6_ITGB1,0.02391231810619768,0.01,MDK_ITGA6_ITGB1,Mdk  - (Itga6+Itgb1),MK,Secreted Signaling,PMID: 28356350
Muscle,ENDO,Mdk,ITGA6_ITGB1,0.07493621457593783,0.0,MDK_ITGA6_ITGB1,Mdk  - (Itga6+Itgb1),MK,Secreted Signaling,PMID: 28356350
Muscle,MELA,Mdk,ITGA6_ITGB1,0.0798465838439729,0.0,MDK_ITGA6_ITGB1,Mdk  - (Itga6+Itgb1),MK,Secreted Signaling,PMID: 28356350
Muscle,MYL,Mdk,ITGA6_ITGB1,0.04396510708582333,0.0,MDK_ITGA6_ITGB1,Mdk  - (Itga6+Itgb1),MK,Secreted Signaling,PMID: 28356350
Spinious,Basal,Mdk,ITGA6_ITGB1,0.030882316941388804,0.0,MDK_ITGA6_ITGB1,Mdk  - (Itga6+Itgb1),MK,Secreted Signaling,PMID: 28356350
Spinious,Basal-P,Mdk,ITGA6_ITGB1,0.029390211367671816,0.01,MDK_ITGA6_ITGB1,Mdk  - (Itga6+Itgb1),MK,Secreted Signaling,PMID: 28356350
Spinious,ENDO,Mdk,ITGA6_ITGB1,0.09101290640441552,0.0,MDK_ITGA6_ITGB1,Mdk  - (Itga6+Itgb1),MK,Secreted Signaling,PMID: 28356350
Spinious,MELA,Mdk,ITGA6_ITGB1,0.09686642671862317,0.0,MDK_ITGA6_ITGB1,Mdk  - (Itga6+Itgb1),MK,Secreted Signaling,PMID: 28356350
Spinious,MYL,Mdk,ITGA6_ITGB1,0.05378362225439577,0.0,MDK_ITGA6_ITGB1,Mdk  - (Itga6+Itgb1),MK,Secreted Signaling,PMID: 28356350
Basal,FIB-A,Mdk,Lrp1,0.02735978068077476,0.01,MDK_LRP1,Mdk  - Lrp1,MK,Secreted Signaling,PMID: 28356350
Basal,MYL,Mdk,Lrp1,0.05424390522641184,0.0,MDK_LRP1,Mdk  - Lrp1,MK,Secreted Signaling,PMID: 28356350
Basal-P,MYL,Mdk,Lrp1,0.048368870550010934,0.0,MDK_LRP1,Mdk  - Lrp1,MK,Secreted Signaling,PMID: 28356350
FIB-A,FIB-A,Mdk,Lrp1,0.037515107230976605,0.0,MDK_LRP1,Mdk  - Lrp1,MK,Secreted Signaling,PMID: 28356350
FIB-A,FIB-B,Mdk,Lrp1,0.03634037850777887,0.0,MDK_LRP1,Mdk  - Lrp1,MK,Secreted Signaling,PMID: 28356350
FIB-A,FIB-P,Mdk,Lrp1,0.0349054767074545,0.0,MDK_LRP1,Mdk  - Lrp1,MK,Secreted Signaling,PMID: 28356350
FIB-A,MYL,Mdk,Lrp1,0.07362267593116721,0.0,MDK_LRP1,Mdk  - Lrp1,MK,Secreted Signaling,PMID: 28356350
FIB-B,FIB-A,Mdk,Lrp1,0.0325352716618851,0.0,MDK_LRP1,Mdk  - Lrp1,MK,Secreted Signaling,PMID: 28356350
FIB-B,FIB-B,Mdk,Lrp1,0.03151137365895202,0.0,MDK_LRP1,Mdk  - Lrp1,MK,Secreted Signaling,PMID: 28356350
FIB-B,FIB-P,Mdk,Lrp1,0.03026115778211538,0.0,MDK_LRP1,Mdk  - Lrp1,MK,Secreted Signaling,PMID: 28356350
FIB-B,MYL,Mdk,Lrp1,0.06416939613519629,0.0,MDK_LRP1,Mdk  - Lrp1,MK,Secreted Signaling,PMID: 28356350
FIB-P,FIB-A,Mdk,Lrp1,0.033075014715603694,0.0,MDK_LRP1,Mdk  - Lrp1,MK,Secreted Signaling,PMID: 28356350
FIB-P,FIB-B,Mdk,Lrp1,0.032034693221166706,0.0,MDK_LRP1,Mdk  - Lrp1,MK,Secreted Signaling,PMID: 28356350
FIB-P,FIB-P,Mdk,Lrp1,0.030764374140916987,0.0,MDK_LRP1,Mdk  - Lrp1,MK,Secreted Signaling,PMID: 28356350
FIB-P,MYL,Mdk,Lrp1,0.0651985662442641,0.0,MDK_LRP1,Mdk  - Lrp1,MK,Secreted Signaling,PMID: 28356350
MELA,MYL,Mdk,Lrp1,0.04543488644768039,0.0,MDK_LRP1,Mdk  - Lrp1,MK,Secreted Signaling,PMID: 28356350
Muscle,MYL,Mdk,Lrp1,0.039580198181825704,0.0,MDK_LRP1,Mdk  - Lrp1,MK,Secreted Signaling,PMID: 28356350
Spinious,MYL,Mdk,Lrp1,0.04846909940294492,0.0,MDK_LRP1,Mdk  - Lrp1,MK,Secreted Signaling,PMID: 28356350
Basal,Basal,Mdk,Ncl,0.2517214742515715,0.0,MDK_NCL,Mdk  - Ncl,MK,Secreted Signaling,PMID: 28356350
Basal,Basal-P,Mdk,Ncl,0.2508802175255878,0.0,MDK_NCL,Mdk  - Ncl,MK,Secreted Signaling,PMID: 28356350
Basal,Muscle,Mdk,Ncl,0.24947650511161942,0.0,MDK_NCL,Mdk  - Ncl,MK,Secreted Signaling,PMID: 28356350
Basal,Spinious,Mdk,Ncl,0.2621852993982061,0.0,MDK_NCL,Mdk  - Ncl,MK,Secreted Signaling,PMID: 28356350
FIB-A,Basal,Mdk,Ncl,0.31793314848713156,0.0,MDK_NCL,Mdk  - Ncl,MK,Secreted Signaling,PMID: 28356350
FIB-A,Basal-P,Mdk,Ncl,0.31696434386224664,0.0,MDK_NCL,Mdk  - Ncl,MK,Secreted Signaling,PMID: 28356350
FIB-A,ENDO,Mdk,Ncl,0.27079753653222627,0.0,MDK_NCL,Mdk  - Ncl,MK,Secreted Signaling,PMID: 28356350
FIB-A,FIB-B,Mdk,Ncl,0.27297476519431635,0.0,MDK_NCL,Mdk  - Ncl,MK,Secreted Signaling,PMID: 28356350
FIB-A,FIB-P,Mdk,Ncl,0.26812187903894913,0.0,MDK_NCL,Mdk  - Ncl,MK,Secreted Signaling,PMID: 28356350
FIB-A,Immune,Mdk,Ncl,0.29818739465504934,0.0,MDK_NCL,Mdk  - Ncl,MK,Secreted Signaling,PMID: 28356350
FIB-A,MELA,Mdk,Ncl,0.25620439346470975,0.0,MDK_NCL,Mdk  - Ncl,MK,Secreted Signaling,PMID: 28356350
FIB-A,MYL,Mdk,Ncl,0.2526538053719847,0.0,MDK_NCL,Mdk  - Ncl,MK,Secreted Signaling,PMID: 28356350
FIB-A,Muscle,Mdk,Ncl,0.3153465296183464,0.0,MDK_NCL,Mdk  - Ncl,MK,Secreted Signaling,PMID: 28356350
FIB-A,Spinious,Mdk,Ncl,0.3299357438617084,0.0,MDK_NCL,Mdk  - Ncl,MK,Secreted Signaling,PMID: 28356350
FIB-B,Basal,Mdk,Ncl,0.2868226460311697,0.0,MDK_NCL,Mdk  - Ncl,MK,Secreted Signaling,PMID: 28356350
FIB-B,Basal-P,Mdk,Ncl,0.2859089030089987,0.0,MDK_NCL,Mdk  - Ncl,MK,Secreted Signaling,PMID: 28356350
FIB-B,FIB-B,Mdk,Ncl,0.2446853425644707,0.0,MDK_NCL,Mdk  - Ncl,MK,Secreted Signaling,PMID: 28356350
FIB-B,Immune,Mdk,Ncl,0.26824916055710313,0.0,MDK_NCL,Mdk  - Ncl,MK,Secreted Signaling,PMID: 28356350
FIB-B,Muscle,Mdk,Ncl,0.2843836025765206,0.0,MDK_NCL,Mdk  - Ncl,MK,Secreted Signaling,PMID: 28356350
FIB-B,Spinious,Mdk,Ncl,0.2981641818781265,0.0,MDK_NCL,Mdk  - Ncl,MK,Secreted Signaling,PMID: 28356350
FIB-P,Basal,Mdk,Ncl,0.29031500520653486,0.0,MDK_NCL,Mdk  - Ncl,MK,Secreted Signaling,PMID: 28356350
FIB-P,Basal-P,Mdk,Ncl,0.28939465106161755,0.0,MDK_NCL,Mdk  - Ncl,MK,Secreted Signaling,PMID: 28356350
FIB-P,FIB-B,Mdk,Ncl,0.24784293690193546,0.0,MDK_NCL,Mdk  - Ncl,MK,Secreted Signaling,PMID: 28356350
FIB-P,FIB-P,Mdk,Ncl,0.24328732843906659,0.0,MDK_NCL,Mdk  - Ncl,MK,Secreted Signaling,PMID: 28356350
FIB-P,Immune,Mdk,Ncl,0.2716014943866067,0.0,MDK_NCL,Mdk  - Ncl,MK,Secreted Signaling,PMID: 28356350
FIB-P,Muscle,Mdk,Ncl,0.2878582507818658,0.0,MDK_NCL,Mdk  - Ncl,MK,Secreted Signaling,PMID: 28356350
FIB-P,Spinious,Mdk,Ncl,0.30173620971292775,0.0,MDK_NCL,Mdk  - Ncl,MK,Secreted Signaling,PMID: 28356350
Basal,MELA,Ptn,Ptprz1,0.05260825325423697,0.0,PTN_PTPRZ1,Ptn  - Ptprz1,PTN,Secreted Signaling,PMID: 28356350; PMID: 25620911
Basal-P,MELA,Ptn,Ptprz1,0.05226303512047306,0.0,PTN_PTPRZ1,Ptn  - Ptprz1,PTN,Secreted Signaling,PMID: 28356350; PMID: 25620911
ENDO,MELA,Ptn,Ptprz1,0.004640150694070474,0.0,PTN_PTPRZ1,Ptn  - Ptprz1,PTN,Secreted Signaling,PMID: 28356350; PMID: 25620911
FIB-A,MELA,Ptn,Ptprz1,0.08897178685985256,0.0,PTN_PTPRZ1,Ptn  - Ptprz1,PTN,Secreted Signaling,PMID: 28356350; PMID: 25620911
FIB-B,MELA,Ptn,Ptprz1,0.03101343393731909,0.0,PTN_PTPRZ1,Ptn  - Ptprz1,PTN,Secreted Signaling,PMID: 28356350; PMID: 25620911
FIB-P,MELA,Ptn,Ptprz1,0.04951154033317711,0.0,PTN_PTPRZ1,Ptn  - Ptprz1,PTN,Secreted Signaling,PMID: 28356350; PMID: 25620911
Immune,MELA,Ptn,Ptprz1,0.0033661550344728495,0.0,PTN_PTPRZ1,Ptn  - Ptprz1,PTN,Secreted Signaling,PMID: 28356350; PMID: 25620911
MELA,MELA,Ptn,Ptprz1,0.006564453269891811,0.0,PTN_PTPRZ1,Ptn  - Ptprz1,PTN,Secreted Signaling,PMID: 28356350; PMID: 25620911
MYL,MELA,Ptn,Ptprz1,0.004623463050439422,0.0,PTN_PTPRZ1,Ptn  - Ptprz1,PTN,Secreted Signaling,PMID: 28356350; PMID: 25620911
Muscle,MELA,Ptn,Ptprz1,0.03228039957596992,0.0,PTN_PTPRZ1,Ptn  - Ptprz1,PTN,Secreted Signaling,PMID: 28356350; PMID: 25620911
Spinious,MELA,Ptn,Ptprz1,0.03703810418145379,0.0,PTN_PTPRZ1,Ptn  - Ptprz1,PTN,Secreted Signaling,PMID: 28356350; PMID: 25620911
Basal,FIB-B,Ptn,Sdc1,0.07364060523614346,0.01,PTN_SDC1,Ptn  - Sdc1,PTN,Secreted Signaling,PMID: 28356350; PMID: 25620911
Basal,Spinious,Ptn,Sdc1,0.11509691457254136,0.0,PTN_SDC1,Ptn  - Sdc1,PTN,Secreted Signaling,PMID: 28356350; PMID: 25620911
Basal-P,FIB-B,Ptn,Sdc1,0.07316803076925056,0.0,PTN_SDC1,Ptn  - Sdc1,PTN,Secreted Signaling,PMID: 28356350; PMID: 25620911
Basal-P,Spinious,Ptn,Sdc1,0.11439115378359355,0.0,PTN_SDC1,Ptn  - Sdc1,PTN,Secreted Signaling,PMID: 28356350; PMID: 25620911
FIB-A,Basal,Ptn,Sdc1,0.11780342487496455,0.0,PTN_SDC1,Ptn  - Sdc1,PTN,Secreted Signaling,PMID: 28356350; PMID: 25620911
FIB-A,Basal-P,Ptn,Sdc1,0.09862204600718744,0.0,PTN_SDC1,Ptn  - Sdc1,PTN,Secreted Signaling,PMID: 28356350; PMID: 25620911
FIB-A,FIB-A,Ptn,Sdc1,0.10836987503364472,0.0,PTN_SDC1,Ptn  - Sdc1,PTN,Secreted Signaling,PMID: 28356350; PMID: 25620911
FIB-A,FIB-B,Ptn,Sdc1,0.12265975465404169,0.0,PTN_SDC1,Ptn  - Sdc1,PTN,Secreted Signaling,PMID: 28356350; PMID: 25620911
FIB-A,FIB-P,Ptn,Sdc1,0.11496856172090363,0.0,PTN_SDC1,Ptn  - Sdc1,PTN,Secreted Signaling,PMID: 28356350; PMID: 25620911
FIB-A,Muscle,Ptn,Sdc1,0.07172685160469047,0.02,PTN_SDC1,Ptn  - Sdc1,PTN,Secreted Signaling,PMID: 28356350; PMID: 25620911
FIB-A,Spinious,Ptn,Sdc1,0.18616587278005886,0.0,PTN_SDC1,Ptn  - Sdc1,PTN,Secreted Signaling,PMID: 28356350; PMID: 25620911
FIB-P,Spinious,Ptn,Sdc1,0.10874409799749893,0.0,PTN_SDC1,Ptn  - Sdc1,PTN,Secreted Signaling,PMID: 28356350; PMID: 25620911
Spinious,Spinious,Ptn,Sdc1,0.08264573002320469,0.0,PTN_SDC1,Ptn  - Sdc1,PTN,Secreted Signaling,PMID: 28356350; PMID: 25620911
Basal,FIB-B,Ptn,Sdc2,0.0704212222681861,0.0,PTN_SDC2,Ptn  - Sdc2,PTN,Secreted Signaling,PMID: 28356350; PMID: 25620911
Basal,FIB-P,Ptn,Sdc2,0.054843984751935713,0.0,PTN_SDC2,Ptn  - Sdc2,PTN,Secreted Signaling,PMID: 28356350; PMID: 25620911
Basal-P,FIB-B,Ptn,Sdc2,0.06996774714563266,0.0,PTN_SDC2,Ptn  - Sdc2,PTN,Secreted Signaling,PMID: 28356350; PMID: 25620911
Basal-P,FIB-P,Ptn,Sdc2,0.0544849393654511,0.0,PTN_SDC2,Ptn  - Sdc2,PTN,Secreted Signaling,PMID: 28356350; PMID: 25620911
FIB-A,Basal,Ptn,Sdc2,0.033767606498249766,0.0,PTN_SDC2,Ptn  - Sdc2,PTN,Secreted Signaling,PMID: 28356350; PMID: 25620911
FIB-A,Basal-P,Ptn,Sdc2,0.030579148641102206,0.0,PTN_SDC2,Ptn  - Sdc2,PTN,Secreted Signaling,PMID: 28356350; PMID: 25620911
FIB-A,FIB-A,Ptn,Sdc2,0.038462950525120276,0.0,PTN_SDC2,Ptn  - Sdc2,PTN,Secreted Signaling,PMID: 28356350; PMID: 25620911
FIB-A,FIB-B,Ptn,Sdc2,0.11756935635025746,0.0,PTN_SDC2,Ptn  - Sdc2,PTN,Secreted Signaling,PMID: 28356350; PMID: 25620911
FIB-A,FIB-P,Ptn,Sdc2,0.0926018357112084,0.0,PTN_SDC2,Ptn  - Sdc2,PTN,Secreted Signaling,PMID: 28356350; PMID: 25620911
FIB-A,Muscle,Ptn,Sdc2,0.03050264033190016,0.0,PTN_SDC2,Ptn  - Sdc2,PTN,Secreted Signaling,PMID: 28356350; PMID: 25620911
FIB-B,FIB-B,Ptn,Sdc2,0.04183737237138225,0.0,PTN_SDC2,Ptn  - Sdc2,PTN,Secreted Signaling,PMID: 28356350; PMID: 25620911
FIB-B,FIB-P,Ptn,Sdc2,0.03236278414270499,0.0,PTN_SDC2,Ptn  - Sdc2,PTN,Secreted Signaling,PMID: 28356350; PMID: 25620911
FIB-P,FIB-B,Ptn,Sdc2,0.06634940619720202,0.0,PTN_SDC2,Ptn  - Sdc2,PTN,Secreted Signaling,PMID: 28356350; PMID: 25620911
FIB-P,FIB-P,Ptn,Sdc2,0.051622839540236984,0.0,PTN_SDC2,Ptn  - Sdc2,PTN,Secreted Signaling,PMID: 28356350; PMID: 25620911
Muscle,FIB-B,Ptn,Sdc2,0.04352665655051659,0.0,PTN_SDC2,Ptn  - Sdc2,PTN,Secreted Signaling,PMID: 28356350; PMID: 25620911
Muscle,FIB-P,Ptn,Sdc2,0.03368295748477953,0.0,PTN_SDC2,Ptn  - Sdc2,PTN,Secreted Signaling,PMID: 28356350; PMID: 25620911
Spinious,FIB-B,Ptn,Sdc2,0.04985651463704373,0.0,PTN_SDC2,Ptn  - Sdc2,PTN,Secreted Signaling,PMID: 28356350; PMID: 25620911
Spinious,FIB-P,Ptn,Sdc2,0.038639126743194925,0.0,PTN_SDC2,Ptn  - Sdc2,PTN,Secreted Signaling,PMID: 28356350; PMID: 25620911
Basal,MELA,Ptn,Sdc3,0.049463188167608176,0.0,PTN_SDC3,Ptn  - Sdc3,PTN,Secreted Signaling,PMID: 28356350; PMID: 25620911
Basal-P,MELA,Ptn,Sdc3,0.04913753769952209,0.0,PTN_SDC3,Ptn  - Sdc3,PTN,Secreted Signaling,PMID: 28356350; PMID: 25620911
ENDO,MELA,Ptn,Sdc3,0.004349584035479056,0.0,PTN_SDC3,Ptn  - Sdc3,PTN,Secreted Signaling,PMID: 28356350; PMID: 25620911
FIB-A,MELA,Ptn,Sdc3,0.08384520393179183,0.0,PTN_SDC3,Ptn  - Sdc3,PTN,Secreted Signaling,PMID: 28356350; PMID: 25620911
FIB-B,MELA,Ptn,Sdc3,0.029119685157138843,0.0,PTN_SDC3,Ptn  - Sdc3,PTN,Secreted Signaling,PMID: 28356350; PMID: 25620911
FIB-P,MELA,Ptn,Sdc3,0.04654251032545151,0.0,PTN_SDC3,Ptn  - Sdc3,PTN,Secreted Signaling,PMID: 28356350; PMID: 25620911
Immune,MELA,Ptn,Sdc3,0.003155113218826153,0.0,PTN_SDC3,Ptn  - Sdc3,PTN,Secreted Signaling,PMID: 28356350; PMID: 25620911
MELA,MELA,Ptn,Sdc3,0.006154131638870892,0.0,PTN_SDC3,Ptn  - Sdc3,PTN,Secreted Signaling,PMID: 28356350; PMID: 25620911
MYL,MELA,Ptn,Sdc3,0.004333936823612693,0.0,PTN_SDC3,Ptn  - Sdc3,PTN,Secreted Signaling,PMID: 28356350; PMID: 25620911
Muscle,MELA,Ptn,Sdc3,0.0303117071568341,0.0,PTN_SDC3,Ptn  - Sdc3,PTN,Secreted Signaling,PMID: 28356350; PMID: 25620911
Spinious,MELA,Ptn,Sdc3,0.03478968377287298,0.0,PTN_SDC3,Ptn  - Sdc3,PTN,Secreted Signaling,PMID: 28356350; PMID: 25620911
Basal,Basal,Ptn,Sdc4,0.06194456549190811,0.0,PTN_SDC4,Ptn  - Sdc4,PTN,Secreted Signaling,PMID: 28356350; PMID: 25620911
Basal,Basal-P,Ptn,Sdc4,0.0699166583387622,0.0,PTN_SDC4,Ptn  - Sdc4,PTN,Secreted Signaling,PMID: 28356350; PMID: 25620911
Basal,MYL,Ptn,Sdc4,0.020501535035048375,0.0,PTN_SDC4,Ptn  - Sdc4,PTN,Secreted Signaling,PMID: 28356350; PMID: 25620911
Basal,Spinious,Ptn,Sdc4,0.021562040285577753,0.0,PTN_SDC4,Ptn  - Sdc4,PTN,Secreted Signaling,PMID: 28356350; PMID: 25620911
Basal-P,Basal,Ptn,Sdc4,0.0615420617505397,0.0,PTN_SDC4,Ptn  - Sdc4,PTN,Secreted Signaling,PMID: 28356350; PMID: 25620911
Basal-P,Basal-P,Ptn,Sdc4,0.06946618953624976,0.0,PTN_SDC4,Ptn  - Sdc4,PTN,Secreted Signaling,PMID: 28356350; PMID: 25620911
Basal-P,MYL,Ptn,Sdc4,0.020362474565758744,0.0,PTN_SDC4,Ptn  - Sdc4,PTN,Secreted Signaling,PMID: 28356350; PMID: 25620911
Basal-P,Spinious,Ptn,Sdc4,0.021415943760221486,0.0,PTN_SDC4,Ptn  - Sdc4,PTN,Secreted Signaling,PMID: 28356350; PMID: 25620911
FIB-A,Basal,Ptn,Sdc4,0.1040527041229392,0.0,PTN_SDC4,Ptn  - Sdc4,PTN,Secreted Signaling,PMID: 28356350; PMID: 25620911
FIB-A,Basal-P,Ptn,Sdc4,0.11676941339782523,0.0,PTN_SDC4,Ptn  - Sdc4,PTN,Secreted Signaling,PMID: 28356350; PMID: 25620911
FIB-A,MYL,Ptn,Sdc4,0.03550415509123813,0.0,PTN_SDC4,Ptn  - Sdc4,PTN,Secreted Signaling,PMID: 28356350; PMID: 25620911
FIB-A,Spinious,Ptn,Sdc4,0.037311155585075174,0.0,PTN_SDC4,Ptn  - Sdc4,PTN,Secreted Signaling,PMID: 28356350; PMID: 25620911
FIB-B,Basal,Ptn,Sdc4,0.03666566460502522,0.0,PTN_SDC4,Ptn  - Sdc4,PTN,Secreted Signaling,PMID: 28356350; PMID: 25620911
FIB-B,Basal-P,Ptn,Sdc4,0.041528460642815825,0.0,PTN_SDC4,Ptn  - Sdc4,PTN,Secreted Signaling,PMID: 28356350; PMID: 25620911
FIB-P,Basal,Ptn,Sdc4,0.05833212099399409,0.0,PTN_SDC4,Ptn  - Sdc4,PTN,Secreted Signaling,PMID: 28356350; PMID: 25620911
FIB-P,Basal-P,Ptn,Sdc4,0.06587194923599847,0.0,PTN_SDC4,Ptn  - Sdc4,PTN,Secreted Signaling,PMID: 28356350; PMID: 25620911
FIB-P,MYL,Ptn,Sdc4,0.01925632643701753,0.0,PTN_SDC4,Ptn  - Sdc4,PTN,Secreted Signaling,PMID: 28356350; PMID: 25620911
FIB-P,Spinious,Ptn,Sdc4,0.020253751320908626,0.01,PTN_SDC4,Ptn  - Sdc4,PTN,Secreted Signaling,PMID: 28356350; PMID: 25620911
Muscle,Basal,Ptn,Sdc4,0.03815444399347768,0.0,PTN_SDC4,Ptn  - Sdc4,PTN,Secreted Signaling,PMID: 28356350; PMID: 25620911
Muscle,Basal-P,Ptn,Sdc4,0.04320583421014027,0.0,PTN_SDC4,Ptn  - Sdc4,PTN,Secreted Signaling,PMID: 28356350; PMID: 25620911
Spinious,Basal,Ptn,Sdc4,0.04373877490121056,0.0,PTN_SDC4,Ptn  - Sdc4,PTN,Secreted Signaling,PMID: 28356350; PMID: 25620911
Spinious,Basal-P,Ptn,Sdc4,0.049491450881223815,0.0,PTN_SDC4,Ptn  - Sdc4,PTN,Secreted Signaling,PMID: 28356350; PMID: 25620911
Basal,Basal,Ptn,Ncl,0.23038594253613945,0.0,PTN_NCL,Ptn  - Ncl,PTN,Secreted Signaling,PMID: 28356350; PMID: 25620911
Basal,Basal-P,Ptn,Ncl,0.22959411137827052,0.0,PTN_NCL,Ptn  - Ncl,PTN,Secreted Signaling,PMID: 28356350; PMID: 25620911
Basal,Muscle,Ptn,Ncl,0.22827320585824934,0.0,PTN_NCL,Ptn  - Ncl,PTN,Secreted Signaling,PMID: 28356350; PMID: 25620911
Basal,Spinious,Ptn,Ncl,0.2402476234569032,0.0,PTN_NCL,Ptn  - Ncl,PTN,Secreted Signaling,PMID: 28356350; PMID: 25620911
Basal-P,Basal,Ptn,Ncl,0.22915631326077834,0.0,PTN_NCL,Ptn  - Ncl,PTN,Secreted Signaling,PMID: 28356350; PMID: 25620911
Basal-P,Basal-P,Ptn,Ncl,0.22836745426846689,0.0,PTN_NCL,Ptn  - Ncl,PTN,Secreted Signaling,PMID: 28356350; PMID: 25620911
Basal-P,Muscle,Ptn,Ncl,0.22705152609356619,0.0,PTN_NCL,Ptn  - Ncl,PTN,Secreted Signaling,PMID: 28356350; PMID: 25620911
Basal-P,Spinious,Ptn,Ncl,0.23898170393662538,0.0,PTN_NCL,Ptn  - Ncl,PTN,Secreted Signaling,PMID: 28356350; PMID: 25620911
FIB-A,Basal,Ptn,Ncl,0.34489666543693404,0.0,PTN_NCL,Ptn  - Ncl,PTN,Secreted Signaling,PMID: 28356350; PMID: 25620911
FIB-A,Basal-P,Ptn,Ncl,0.3438871230132879,0.0,PTN_NCL,Ptn  - Ncl,PTN,Secreted Signaling,PMID: 28356350; PMID: 25620911
FIB-A,ENDO,Ptn,Ncl,0.29549540407244057,0.0,PTN_NCL,Ptn  - Ncl,PTN,Secreted Signaling,PMID: 28356350; PMID: 25620911
FIB-A,FIB-A,Ptn,Ncl,0.2574057231700481,0.0,PTN_NCL,Ptn  - Ncl,PTN,Secreted Signaling,PMID: 28356350; PMID: 25620911
FIB-A,FIB-B,Ptn,Ncl,0.2977901125452234,0.0,PTN_NCL,Ptn  - Ncl,PTN,Secreted Signaling,PMID: 28356350; PMID: 25620911
FIB-A,FIB-P,Ptn,Ncl,0.2926736600923706,0.0,PTN_NCL,Ptn  - Ncl,PTN,Secreted Signaling,PMID: 28356350; PMID: 25620911
FIB-A,Immune,Ptn,Ncl,0.32427245353073114,0.0,PTN_NCL,Ptn  - Ncl,PTN,Secreted Signaling,PMID: 28356350; PMID: 25620911
FIB-A,MELA,Ptn,Ncl,0.28008251784105326,0.0,PTN_NCL,Ptn  - Ncl,PTN,Secreted Signaling,PMID: 28356350; PMID: 25620911
FIB-A,MYL,Ptn,Ncl,0.2763239526079973,0.0,PTN_NCL,Ptn  - Ncl,PTN,Secreted Signaling,PMID: 28356350; PMID: 25620911
FIB-A,Muscle,Ptn,Ncl,0.3422007380289284,0.0,PTN_NCL,Ptn  - Ncl,PTN,Secreted Signaling,PMID: 28356350; PMID: 25620911
FIB-A,Spinious,Ptn,Ncl,0.35738382190344536,0.0,PTN_NCL,Ptn  - Ncl,PTN,Secreted Signaling,PMID: 28356350; PMID: 25620911
FIB-P,Basal,Ptn,Ncl,0.21924632632961055,0.0,PTN_NCL,Ptn  - Ncl,PTN,Secreted Signaling,PMID: 28356350; PMID: 25620911
FIB-P,Basal-P,Ptn,Ncl,0.21848191278140147,0.0,PTN_NCL,Ptn  - Ncl,PTN,Secreted Signaling,PMID: 28356350; PMID: 25620911
FIB-P,Muscle,Ptn,Ncl,0.21720691361286568,0.0,PTN_NCL,Ptn  - Ncl,PTN,Secreted Signaling,PMID: 28356350; PMID: 25620911
FIB-P,Spinious,Ptn,Ncl,0.22877291689583454,0.0,PTN_NCL,Ptn  - Ncl,PTN,Secreted Signaling,PMID: 28356350; PMID: 25620911
Muscle,MELA,Edn3,Ednrb,0.015153604568207536,0.0,EDN3_EDNRB,Edn3  - Ednrb,EDN,Secreted Signaling,KEGG: mmu04080
Muscle,MYL,Edn3,Ednrb,0.006944390109828095,0.0,EDN3_EDNRB,Edn3  - Ednrb,EDN,Secreted Signaling,KEGG: mmu04080
Basal,Immune,Kitl,Kit,0.007334069303815909,0.0,KITL_KIT,Kitl  - Kit,KIT,Secreted Signaling,KEGG: mmu04080
Basal-P,Immune,Kitl,Kit,0.007305470110935228,0.0,KITL_KIT,Kitl  - Kit,KIT,Secreted Signaling,KEGG: mmu04080
ENDO,Immune,Kitl,Kit,0.008039525263424038,0.0,KITL_KIT,Kitl  - Kit,KIT,Secreted Signaling,KEGG: mmu04080
MELA,Immune,Kitl,Kit,0.0070325694220487,0.0,KITL_KIT,Kitl  - Kit,KIT,Secreted Signaling,KEGG: mmu04080
Basal,Muscle,Ngf,Ntrk1,0.0010628906559943271,0.0,NGF_NTRK1,Ngf  - Ntrk1,NT,Secreted Signaling,PMID: 27908981
Basal-P,Muscle,Ngf,Ntrk1,0.002100111489017449,0.0,NGF_NTRK1,Ngf  - Ntrk1,NT,Secreted Signaling,PMID: 27908981
FIB-B,Muscle,Ngf,Ntrk1,0.0007833223338666386,0.0,NGF_NTRK1,Ngf  - Ntrk1,NT,Secreted Signaling,PMID: 27908981
MELA,Muscle,Ngf,Ntrk1,0.0006945149555156822,0.0,NGF_NTRK1,Ngf  - Ntrk1,NT,Secreted Signaling,PMID: 27908981
Basal-P,Muscle,Ntf3,Ntrk1,0.0005953184963515235,0.0,NTF3_NTRK1,Ntf3  - Ntrk1,NT,Secreted Signaling,PMID: 27908981
FIB-A,ENDO,Sema3c,NRP1_NRP2,0.010228637495505418,0.0,SEMA3C_NRP1_NRP2,Sema3c  - (Nrp1+Nrp2),SEMA3,Secreted Signaling,PMID: 27533782
FIB-A,MYL,Sema3c,NRP1_NRP2,0.002580965894742224,0.0,SEMA3C_NRP1_NRP2,Sema3c  - (Nrp1+Nrp2),SEMA3,Secreted Signaling,PMID: 27533782
MELA,ENDO,Sema3c,NRP1_NRP2,0.027976011341828002,0.0,SEMA3C_NRP1_NRP2,Sema3c  - (Nrp1+Nrp2),SEMA3,Secreted Signaling,PMID: 27533782
MELA,MYL,Sema3c,NRP1_NRP2,0.007155038240610972,0.0,SEMA3C_NRP1_NRP2,Sema3c  - (Nrp1+Nrp2),SEMA3,Secreted Signaling,PMID: 27533782
FIB-A,ENDO,Sema3c,Plxnd1,0.009737927087275179,0.0,SEMA3C_PLXND1,Sema3c  - Plxnd1,SEMA3,Secreted Signaling,PMID: 27533782
FIB-A,MYL,Sema3c,Plxnd1,0.0013393277095135935,0.0,SEMA3C_PLXND1,Sema3c  - Plxnd1,SEMA3,Secreted Signaling,PMID: 27533782
MELA,ENDO,Sema3c,Plxnd1,0.026656815955375838,0.0,SEMA3C_PLXND1,Sema3c  - Plxnd1,SEMA3,Secreted Signaling,PMID: 27533782
MELA,MYL,Sema3c,Plxnd1,0.003721137617738692,0.0,SEMA3C_PLXND1,Sema3c  - Plxnd1,SEMA3,Secreted Signaling,PMID: 27533782
FIB-B,ENDO,Apela,Aplnr,0.005303051026764722,0.0,APELA_APLNR,Apela  - Aplnr,APJ,Secreted Signaling,PMID: 25995451
FIB-P,ENDO,Apela,Aplnr,0.004299148604119304,0.0,APELA_APLNR,Apela  - Aplnr,APJ,Secreted Signaling,PMID: 25995451
MYL,Basal,Gas6,Axl,0.010761492001754346,0.0,GAS6_AXL,Gas6  - Axl,GAS,Secreted Signaling,PMID: 27801848
MYL,Basal-P,Gas6,Axl,0.010317468774925134,0.0,GAS6_AXL,Gas6  - Axl,GAS,Secreted Signaling,PMID: 27801848
MYL,FIB-A,Gas6,Axl,0.017740869809146083,0.0,GAS6_AXL,Gas6  - Axl,GAS,Secreted Signaling,PMID: 27801848
MYL,FIB-B,Gas6,Axl,0.00862852802935728,0.0,GAS6_AXL,Gas6  - Axl,GAS,Secreted Signaling,PMID: 27801848
MYL,FIB-P,Gas6,Axl,0.011993240486721662,0.0,GAS6_AXL,Gas6  - Axl,GAS,Secreted Signaling,PMID: 27801848
MYL,Spinious,Gas6,Axl,0.006614938187542034,0.0,GAS6_AXL,Gas6  - Axl,GAS,Secreted Signaling,PMID: 27801848
MYL,Spinious,Gas6,Tyro3,0.006510113200210821,0.0,GAS6_TYRO3,Gas6  - Tyro3,GAS,Secreted Signaling,PMID: 27801848
FIB-A,Immune,Lgals9,Ptprc,0.001265702081336021,0.0,LGALS9_CD45,Lgals9  - Cd45,GALECTIN,Secreted Signaling,PMID: 30120235
FIB-A,MYL,Lgals9,Ptprc,0.003622950524346429,0.0,LGALS9_CD45,Lgals9  - Cd45,GALECTIN,Secreted Signaling,PMID: 30120235
Immune,Immune,Lgals9,Ptprc,0.005224542604580193,0.0,LGALS9_CD45,Lgals9  - Cd45,GALECTIN,Secreted Signaling,PMID: 30120235
Immune,MYL,Lgals9,Ptprc,0.014845159447603564,0.0,LGALS9_CD45,Lgals9  - Cd45,GALECTIN,Secreted Signaling,PMID: 30120235
MYL,Immune,Lgals9,Ptprc,0.004629162270170194,0.0,LGALS9_CD45,Lgals9  - Cd45,GALECTIN,Secreted Signaling,PMID: 30120235
MYL,MYL,Lgals9,Ptprc,0.013167941836149137,0.0,LGALS9_CD45,Lgals9  - Cd45,GALECTIN,Secreted Signaling,PMID: 30120235
MELA,Basal,Pros1,Axl,0.0010941947899523496,0.0,PROS1_AXL,Pros1  - Axl,PROS,Secreted Signaling,PMID: 29531161
MELA,Basal-P,Pros1,Axl,0.0010486250774918828,0.0,PROS1_AXL,Pros1  - Axl,PROS,Secreted Signaling,PMID: 29531161
MELA,FIB-A,Pros1,Axl,0.0018153415885072356,0.0,PROS1_AXL,Pros1  - Axl,PROS,Secreted Signaling,PMID: 29531161
MELA,FIB-B,Pros1,Axl,0.0008756256658532455,0.0,PROS1_AXL,Pros1  - Axl,PROS,Secreted Signaling,PMID: 29531161
MELA,FIB-P,Pros1,Axl,0.0012208006376251415,0.0,PROS1_AXL,Pros1  - Axl,PROS,Secreted Signaling,PMID: 29531161
MELA,Spinious,Pros1,Axl,0.0006700630890500548,0.0,PROS1_AXL,Pros1  - Axl,PROS,Secreted Signaling,PMID: 29531161
MYL,Basal,Pros1,Axl,0.0006112584687182331,0.0,PROS1_AXL,Pros1  - Axl,PROS,Secreted Signaling,PMID: 29531161
MYL,Basal-P,Pros1,Axl,0.0005857897142808908,0.0,PROS1_AXL,Pros1  - Axl,PROS,Secreted Signaling,PMID: 29531161
MYL,FIB-A,Pros1,Axl,0.0010144415000674385,0.0,PROS1_AXL,Pros1  - Axl,PROS,Secreted Signaling,PMID: 29531161
MYL,FIB-B,Pros1,Axl,0.000489110279102991,0.0,PROS1_AXL,Pros1  - Axl,PROS,Secreted Signaling,PMID: 29531161
MYL,FIB-P,Pros1,Axl,0.0006820234217489559,0.0,PROS1_AXL,Pros1  - Axl,PROS,Secreted Signaling,PMID: 29531161
MYL,Spinious,Pros1,Axl,0.00037425237257270006,0.0,PROS1_AXL,Pros1  - Axl,PROS,Secreted Signaling,PMID: 29531161
MELA,Spinious,Pros1,Tyro3,0.0006593822637337771,0.0,PROS1_TYRO3,Pros1  - Tyro3,PROS,Secreted Signaling,PMID: 30501104
MYL,Spinious,Pros1,Tyro3,0.00036828504105013024,0.0,PROS1_TYRO3,Pros1  - Tyro3,PROS,Secreted Signaling,PMID: 30501104
FIB-A,Immune,Lgals9,Cd44,0.001322231424691442,0.0,LGALS9_CD44,Lgals9  - Cd44,GALECTIN,Secreted Signaling,PMID: 25065622
FIB-A,MYL,Lgals9,Cd44,0.0012219411770513309,0.0,LGALS9_CD44,Lgals9  - Cd44,GALECTIN,Secreted Signaling,PMID: 25065622
FIB-A,Muscle,Lgals9,Cd44,0.0011064483841769948,0.0,LGALS9_CD44,Lgals9  - Cd44,GALECTIN,Secreted Signaling,PMID: 25065622
Immune,Immune,Lgals9,Cd44,0.005456917357179761,0.0,LGALS9_CD44,Lgals9  - Cd44,GALECTIN,Secreted Signaling,PMID: 25065622
Immune,MYL,Lgals9,Cd44,0.0050445984723022875,0.0,LGALS9_CD44,Lgals9  - Cd44,GALECTIN,Secreted Signaling,PMID: 25065622
Immune,Muscle,Lgals9,Cd44,0.004569456998554223,0.0,LGALS9_CD44,Lgals9  - Cd44,GALECTIN,Secreted Signaling,PMID: 25065622
MYL,Immune,Lgals9,Cd44,0.004835184689057941,0.0,LGALS9_CD44,Lgals9  - Cd44,GALECTIN,Secreted Signaling,PMID: 25065622
MYL,MYL,Lgals9,Cd44,0.004469632140774965,0.0,LGALS9_CD44,Lgals9  - Cd44,GALECTIN,Secreted Signaling,PMID: 25065622
MYL,Muscle,Lgals9,Cd44,0.004048425336616372,0.0,LGALS9_CD44,Lgals9  - Cd44,GALECTIN,Secreted Signaling,PMID: 25065622
Basal,Basal,Klk8,F2r,0.0008180386789541169,0.0,KLK8_F2R,Klk8 - F2r,KLK,Secreted Signaling,PMID: 34552064
Basal,Basal-P,Klk8,F2r,0.0007877278506216082,0.0,KLK8_F2R,Klk8 - F2r,KLK,Secreted Signaling,PMID: 34552064
Basal,ENDO,Klk8,F2r,0.001592091034534225,0.0,KLK8_F2R,Klk8 - F2r,KLK,Secreted Signaling,PMID: 34552064
Basal,FIB-A,Klk8,F2r,0.0014699906900610942,0.0,KLK8_F2R,Klk8 - F2r,KLK,Secreted Signaling,PMID: 34552064
Basal,FIB-B,Klk8,F2r,0.0012650486743248192,0.0,KLK8_F2R,Klk8 - F2r,KLK,Secreted Signaling,PMID: 34552064
Basal,FIB-P,Klk8,F2r,0.0012101970285621614,0.0,KLK8_F2R,Klk8 - F2r,KLK,Secreted Signaling,PMID: 34552064
Basal,Immune,Klk8,F2r,0.0004819903390993469,0.0,KLK8_F2R,Klk8 - F2r,KLK,Secreted Signaling,PMID: 34552064
Basal,Muscle,Klk8,F2r,0.0006333675482321186,0.0,KLK8_F2R,Klk8 - F2r,KLK,Secreted Signaling,PMID: 34552064
Immune,Basal,Klk8,F2r,0.007034653451699311,0.0,KLK8_F2R,Klk8 - F2r,KLK,Secreted Signaling,PMID: 34552064
Immune,Basal-P,Klk8,F2r,0.006775560074428608,0.0,KLK8_F2R,Klk8 - F2r,KLK,Secreted Signaling,PMID: 34552064
Immune,ENDO,Klk8,F2r,0.013610920615569072,0.0,KLK8_F2R,Klk8 - F2r,KLK,Secreted Signaling,PMID: 34552064
Immune,FIB-A,Klk8,F2r,0.012578687307209922,0.0,KLK8_F2R,Klk8 - F2r,KLK,Secreted Signaling,PMID: 34552064
Immune,FIB-B,Klk8,F2r,0.010841817603896077,0.0,KLK8_F2R,Klk8 - F2r,KLK,Secreted Signaling,PMID: 34552064
Immune,FIB-P,Klk8,F2r,0.010376037829544651,0.0,KLK8_F2R,Klk8 - F2r,KLK,Secreted Signaling,PMID: 34552064
Immune,Immune,Klk8,F2r,0.004155455345566813,0.0,KLK8_F2R,Klk8 - F2r,KLK,Secreted Signaling,PMID: 34552064
Immune,Muscle,Klk8,F2r,0.005454250624114939,0.0,KLK8_F2R,Klk8 - F2r,KLK,Secreted Signaling,PMID: 34552064
MELA,Basal,Klk8,F2r,0.0009916830046900918,0.0,KLK8_F2R,Klk8 - F2r,KLK,Secreted Signaling,PMID: 34552064
MELA,Basal-P,Klk8,F2r,0.0009549442736101645,0.0,KLK8_F2R,Klk8 - F2r,KLK,Secreted Signaling,PMID: 34552064
MELA,ENDO,Klk8,F2r,0.0019297254214518415,0.0,KLK8_F2R,Klk8 - F2r,KLK,Secreted Signaling,PMID: 34552064
MELA,FIB-A,Klk8,F2r,0.0017817774949896814,0.0,KLK8_F2R,Klk8 - F2r,KLK,Secreted Signaling,PMID: 34552064
MELA,FIB-B,Klk8,F2r,0.001533433783730645,0.0,KLK8_F2R,Klk8 - F2r,KLK,Secreted Signaling,PMID: 34552064
MELA,FIB-P,Klk8,F2r,0.0014669622357406612,0.0,KLK8_F2R,Klk8 - F2r,KLK,Secreted Signaling,PMID: 34552064
MELA,Immune,Klk8,F2r,0.0005843437065588796,0.0,KLK8_F2R,Klk8 - F2r,KLK,Secreted Signaling,PMID: 34552064
MELA,Muscle,Klk8,F2r,0.0007678420251816153,0.0,KLK8_F2R,Klk8 - F2r,KLK,Secreted Signaling,PMID: 34552064
MYL,Basal,Klk8,F2r,0.0009423851866327359,0.0,KLK8_F2R,Klk8 - F2r,KLK,Secreted Signaling,PMID: 34552064
MYL,Basal-P,Klk8,F2r,0.0009074711254158314,0.0,KLK8_F2R,Klk8 - F2r,KLK,Secreted Signaling,PMID: 34552064
MYL,ENDO,Klk8,F2r,0.0018338819280393943,0.0,KLK8_F2R,Klk8 - F2r,KLK,Secreted Signaling,PMID: 34552064
MYL,FIB-A,Klk8,F2r,0.001693269651111587,0.0,KLK8_F2R,Klk8 - F2r,KLK,Secreted Signaling,PMID: 34552064
MYL,FIB-B,Klk8,F2r,0.0014572441325294576,0.0,KLK8_F2R,Klk8 - F2r,KLK,Secreted Signaling,PMID: 34552064
MYL,FIB-P,Klk8,F2r,0.0013940706552315436,0.0,KLK8_F2R,Klk8 - F2r,KLK,Secreted Signaling,PMID: 34552064
MYL,Immune,Klk8,F2r,0.0005552839855743589,0.0,KLK8_F2R,Klk8 - F2r,KLK,Secreted Signaling,PMID: 34552064
MYL,Muscle,Klk8,F2r,0.0007296634983630063,0.0,KLK8_F2R,Klk8 - F2r,KLK,Secreted Signaling,PMID: 34552064
Spinious,Basal,Klk8,F2r,0.0007230036139879225,0.0,KLK8_F2R,Klk8 - F2r,KLK,Secreted Signaling,PMID: 34552064
Spinious,Basal-P,Klk8,F2r,0.0006962116710949983,0.0,KLK8_F2R,Klk8 - F2r,KLK,Secreted Signaling,PMID: 34552064
Spinious,ENDO,Klk8,F2r,0.0014072576358376365,0.0,KLK8_F2R,Klk8 - F2r,KLK,Secreted Signaling,PMID: 34552064
Spinious,FIB-A,Klk8,F2r,0.0012993140519987404,0.0,KLK8_F2R,Klk8 - F2r,KLK,Secreted Signaling,PMID: 34552064
Spinious,FIB-B,Klk8,F2r,0.0011181406530760493,0.0,KLK8_F2R,Klk8 - F2r,KLK,Secreted Signaling,PMID: 34552064
Spinious,FIB-P,Klk8,F2r,0.001069652016558729,0.0,KLK8_F2R,Klk8 - F2r,KLK,Secreted Signaling,PMID: 34552064
Spinious,Immune,Klk8,F2r,0.0004259788084402242,0.0,KLK8_F2R,Klk8 - F2r,KLK,Secreted Signaling,PMID: 34552064
Spinious,Muscle,Klk8,F2r,0.0005597745020124627,0.0,KLK8_F2R,Klk8 - F2r,KLK,Secreted Signaling,PMID: 34552064
MELA,FIB-A,Slitrk2,Ptprd,0.006476355235055776,0.0,SLITRK2_PTPRD,Slitrk2 - Ptprd,SLITRK,Secreted Signaling,PMID: 30648269;PMID: 30822649
MELA,FIB-B,Slitrk2,Ptprd,0.001926804478930335,0.0,SLITRK2_PTPRD,Slitrk2 - Ptprd,SLITRK,Secreted Signaling,PMID: 30648269;PMID: 30822649
MELA,FIB-P,Slitrk2,Ptprd,0.002346508626837105,0.0,SLITRK2_PTPRD,Slitrk2 - Ptprd,SLITRK,Secreted Signaling,PMID: 30648269;PMID: 30822649
MELA,Muscle,Slitrk2,Ptprd,0.0031607261512408154,0.0,SLITRK2_PTPRD,Slitrk2 - Ptprd,SLITRK,Secreted Signaling,PMID: 30648269;PMID: 30822649
MELA,Basal,Slitrk2,Ptprs,0.0014464947384763085,0.0,SLITRK2_PTPRS,Slitrk2 - Ptprs,SLITRK,Secreted Signaling,PMID: 30648269;PMID: 30822649
MELA,Basal-P,Slitrk2,Ptprs,0.001588355757069596,0.0,SLITRK2_PTPRS,Slitrk2 - Ptprs,SLITRK,Secreted Signaling,PMID: 30648269;PMID: 30822649
MELA,FIB-A,Slitrk2,Ptprs,0.005150733376294914,0.0,SLITRK2_PTPRS,Slitrk2 - Ptprs,SLITRK,Secreted Signaling,PMID: 30648269;PMID: 30822649
MELA,FIB-B,Slitrk2,Ptprs,0.002127552828501439,0.0,SLITRK2_PTPRS,Slitrk2 - Ptprs,SLITRK,Secreted Signaling,PMID: 30648269;PMID: 30822649
MELA,FIB-P,Slitrk2,Ptprs,0.004905602649030516,0.0,SLITRK2_PTPRS,Slitrk2 - Ptprs,SLITRK,Secreted Signaling,PMID: 30648269;PMID: 30822649
MELA,MELA,Slitrk2,Ptprs,0.0018948174493037418,0.0,SLITRK2_PTPRS,Slitrk2 - Ptprs,SLITRK,Secreted Signaling,PMID: 30648269;PMID: 30822649
MELA,Muscle,Slitrk2,Ptprs,0.001005454605380862,0.0,SLITRK2_PTPRS,Slitrk2 - Ptprs,SLITRK,Secreted Signaling,PMID: 30648269;PMID: 30822649
MELA,Spinious,Slitrk2,Ptprs,0.0013012193011238652,0.0,SLITRK2_PTPRS,Slitrk2 - Ptprs,SLITRK,Secreted Signaling,PMID: 30648269;PMID: 30822649
MELA,Basal,Slitrk6,Ptprs,0.0012136336083910688,0.0,SLITRK6_PTPRS,Slitrk6 - Ptprs,SLITRK,Secreted Signaling,PMID: 30648269;PMID: 30822649
MELA,Basal-P,Slitrk6,Ptprs,0.0013326878869711475,0.0,SLITRK6_PTPRS,Slitrk6 - Ptprs,SLITRK,Secreted Signaling,PMID: 30648269;PMID: 30822649
MELA,FIB-A,Slitrk6,Ptprs,0.004324134926251795,0.0,SLITRK6_PTPRS,Slitrk6 - Ptprs,SLITRK,Secreted Signaling,PMID: 30648269;PMID: 30822649
MELA,FIB-B,Slitrk6,Ptprs,0.001785248908176376,0.0,SLITRK6_PTPRS,Slitrk6 - Ptprs,SLITRK,Secreted Signaling,PMID: 30648269;PMID: 30822649
MELA,FIB-P,Slitrk6,Ptprs,0.004118180351050468,0.0,SLITRK6_PTPRS,Slitrk6 - Ptprs,SLITRK,Secreted Signaling,PMID: 30648269;PMID: 30822649
MELA,MELA,Slitrk6,Ptprs,0.0015898988762778252,0.0,SLITRK6_PTPRS,Slitrk6 - Ptprs,SLITRK,Secreted Signaling,PMID: 30648269;PMID: 30822649
MELA,Muscle,Slitrk6,Ptprs,0.0008435334820321425,0.0,SLITRK6_PTPRS,Slitrk6 - Ptprs,SLITRK,Secreted Signaling,PMID: 30648269;PMID: 30822649
MELA,Spinious,Slitrk6,Ptprs,0.001091719484658685,0.0,SLITRK6_PTPRS,Slitrk6 - Ptprs,SLITRK,Secreted Signaling,PMID: 30648269;PMID: 30822649
ENDO,FIB-A,Igfbp3,Tmem219,0.0027266692856551026,0.0,IGFBP3_TMEM219,Igfbp3 - Tmem219,IGFBP,Secreted Signaling,PMID: 35115561;PMID:20353938
ENDO,FIB-P,Igfbp3,Tmem219,0.001620212427358794,0.01,IGFBP3_TMEM219,Igfbp3 - Tmem219,IGFBP,Secreted Signaling,PMID: 35115561;PMID:20353938
ENDO,Immune,Igfbp3,Tmem219,0.005939678125614609,0.0,IGFBP3_TMEM219,Igfbp3 - Tmem219,IGFBP,Secreted Signaling,PMID: 35115561;PMID:20353938
ENDO,MYL,Igfbp3,Tmem219,0.002812970327852444,0.0,IGFBP3_TMEM219,Igfbp3 - Tmem219,IGFBP,Secreted Signaling,PMID: 35115561;PMID:20353938
ENDO,Spinious,Igfbp3,Tmem219,0.0024758529481227996,0.0,IGFBP3_TMEM219,Igfbp3 - Tmem219,IGFBP,Secreted Signaling,PMID: 35115561;PMID:20353938
FIB-A,FIB-A,Igfbp3,Tmem219,0.001664583601136337,0.0,IGFBP3_TMEM219,Igfbp3 - Tmem219,IGFBP,Secreted Signaling,PMID: 35115561;PMID:20353938
FIB-A,FIB-P,Igfbp3,Tmem219,0.000988683893797985,0.03,IGFBP3_TMEM219,Igfbp3 - Tmem219,IGFBP,Secreted Signaling,PMID: 35115561;PMID:20353938
FIB-A,Immune,Igfbp3,Tmem219,0.0036306251751879104,0.0,IGFBP3_TMEM219,Igfbp3 - Tmem219,IGFBP,Secreted Signaling,PMID: 35115561;PMID:20353938
FIB-A,MYL,Igfbp3,Tmem219,0.0017173267553433251,0.0,IGFBP3_TMEM219,Igfbp3 - Tmem219,IGFBP,Secreted Signaling,PMID: 35115561;PMID:20353938
FIB-A,Spinious,Igfbp3,Tmem219,0.001511316586844145,0.0,IGFBP3_TMEM219,Igfbp3 - Tmem219,IGFBP,Secreted Signaling,PMID: 35115561;PMID:20353938
Muscle,ENDO,Igfbp3,Tmem219,0.0032269724262851502,0.0,IGFBP3_TMEM219,Igfbp3 - Tmem219,IGFBP,Secreted Signaling,PMID: 35115561;PMID:20353938
Muscle,FIB-A,Igfbp3,Tmem219,0.01191787586368412,0.0,IGFBP3_TMEM219,Igfbp3 - Tmem219,IGFBP,Secreted Signaling,PMID: 35115561;PMID:20353938
Muscle,FIB-P,Igfbp3,Tmem219,0.007108297804772343,0.0,IGFBP3_TMEM219,Igfbp3 - Tmem219,IGFBP,Secreted Signaling,PMID: 35115561;PMID:20353938
Muscle,Immune,Igfbp3,Tmem219,0.025682553721483384,0.0,IGFBP3_TMEM219,Igfbp3 - Tmem219,IGFBP,Secreted Signaling,PMID: 35115561;PMID:20353938
Muscle,MYL,Igfbp3,Tmem219,0.012291499723007809,0.0,IGFBP3_TMEM219,Igfbp3 - Tmem219,IGFBP,Secreted Signaling,PMID: 35115561;PMID:20353938
Muscle,Muscle,Igfbp3,Tmem219,0.005619730930033489,0.0,IGFBP3_TMEM219,Igfbp3 - Tmem219,IGFBP,Secreted Signaling,PMID: 35115561;PMID:20353938
Muscle,Spinious,Igfbp3,Tmem219,0.010830776124548924,0.0,IGFBP3_TMEM219,Igfbp3 - Tmem219,IGFBP,Secreted Signaling,PMID: 35115561;PMID:20353938
FIB-A,Basal,Lgals9,P4hb,0.005976818231770553,0.0,LGALS9_P4HB,Lgals9 - P4hb,GALECTIN,Secreted Signaling,PMID:21670307;uniprot
FIB-A,Basal-P,Lgals9,P4hb,0.006116565587505525,0.0,LGALS9_P4HB,Lgals9 - P4hb,GALECTIN,Secreted Signaling,PMID:21670307;uniprot
FIB-A,ENDO,Lgals9,P4hb,0.006381325874345337,0.0,LGALS9_P4HB,Lgals9 - P4hb,GALECTIN,Secreted Signaling,PMID:21670307;uniprot
FIB-A,FIB-A,Lgals9,P4hb,0.011064852440084535,0.0,LGALS9_P4HB,Lgals9 - P4hb,GALECTIN,Secreted Signaling,PMID:21670307;uniprot
FIB-A,FIB-B,Lgals9,P4hb,0.009827519711850778,0.0,LGALS9_P4HB,Lgals9 - P4hb,GALECTIN,Secreted Signaling,PMID:21670307;uniprot
FIB-A,FIB-P,Lgals9,P4hb,0.01043152284231206,0.0,LGALS9_P4HB,Lgals9 - P4hb,GALECTIN,Secreted Signaling,PMID:21670307;uniprot
FIB-A,Immune,Lgals9,P4hb,0.009564817075869226,0.0,LGALS9_P4HB,Lgals9 - P4hb,GALECTIN,Secreted Signaling,PMID:21670307;uniprot
FIB-A,MELA,Lgals9,P4hb,0.009272669982854032,0.0,LGALS9_P4HB,Lgals9 - P4hb,GALECTIN,Secreted Signaling,PMID:21670307;uniprot
FIB-A,MYL,Lgals9,P4hb,0.009608959173489116,0.0,LGALS9_P4HB,Lgals9 - P4hb,GALECTIN,Secreted Signaling,PMID:21670307;uniprot
FIB-A,Muscle,Lgals9,P4hb,0.006946660845744117,0.0,LGALS9_P4HB,Lgals9 - P4hb,GALECTIN,Secreted Signaling,PMID:21670307;uniprot
FIB-A,Spinious,Lgals9,P4hb,0.006247327878317885,0.0,LGALS9_P4HB,Lgals9 - P4hb,GALECTIN,Secreted Signaling,PMID:21670307;uniprot
Immune,Basal,Lgals9,P4hb,0.024312300144213858,0.0,LGALS9_P4HB,Lgals9 - P4hb,GALECTIN,Secreted Signaling,PMID:21670307;uniprot
Immune,Basal-P,Lgals9,P4hb,0.02487003354056426,0.0,LGALS9_P4HB,Lgals9 - P4hb,GALECTIN,Secreted Signaling,PMID:21670307;uniprot
Immune,ENDO,Lgals9,P4hb,0.02592537757769365,0.0,LGALS9_P4HB,Lgals9 - P4hb,GALECTIN,Secreted Signaling,PMID:21670307;uniprot
Immune,FIB-A,Lgals9,P4hb,0.04431339229658176,0.0,LGALS9_P4HB,Lgals9 - P4hb,GALECTIN,Secreted Signaling,PMID:21670307;uniprot
Immune,FIB-B,Lgals9,P4hb,0.03950655497063347,0.0,LGALS9_P4HB,Lgals9 - P4hb,GALECTIN,Secreted Signaling,PMID:21670307;uniprot
Immune,FIB-P,Lgals9,P4hb,0.04185753350097516,0.0,LGALS9_P4HB,Lgals9 - P4hb,GALECTIN,Secreted Signaling,PMID:21670307;uniprot
Immune,Immune,Lgals9,P4hb,0.038481324909827766,0.0,LGALS9_P4HB,Lgals9 - P4hb,GALECTIN,Secreted Signaling,PMID:21670307;uniprot
Immune,MELA,Lgals9,P4hb,0.037339251454154954,0.0,LGALS9_P4HB,Lgals9 - P4hb,GALECTIN,Secreted Signaling,PMID:21670307;uniprot
Immune,MYL,Lgals9,P4hb,0.03865370990703701,0.0,LGALS9_P4HB,Lgals9 - P4hb,GALECTIN,Secreted Signaling,PMID:21670307;uniprot
Immune,Muscle,Lgals9,P4hb,0.02817306736916914,0.0,LGALS9_P4HB,Lgals9 - P4hb,GALECTIN,Secreted Signaling,PMID:21670307;uniprot
Immune,Spinious,Lgals9,P4hb,0.025391472110468057,0.0,LGALS9_P4HB,Lgals9 - P4hb,GALECTIN,Secreted Signaling,PMID:21670307;uniprot
MYL,Basal,Lgals9,P4hb,0.021588917220502823,0.0,LGALS9_P4HB,Lgals9 - P4hb,GALECTIN,Secreted Signaling,PMID:21670307;uniprot
MYL,Basal-P,Lgals9,P4hb,0.022085589367617557,0.0,LGALS9_P4HB,Lgals9 - P4hb,GALECTIN,Secreted Signaling,PMID:21670307;uniprot
MYL,ENDO,Lgals9,P4hb,0.023025567288236615,0.0,LGALS9_P4HB,Lgals9 - P4hb,GALECTIN,Secreted Signaling,PMID:21670307;uniprot
MYL,FIB-A,Lgals9,P4hb,0.039440119318835044,0.0,LGALS9_P4HB,Lgals9 - P4hb,GALECTIN,Secreted Signaling,PMID:21670307;uniprot
MYL,FIB-B,Lgals9,P4hb,0.035142465449656116,0.0,LGALS9_P4HB,Lgals9 - P4hb,GALECTIN,Secreted Signaling,PMID:21670307;uniprot
MYL,FIB-P,Lgals9,P4hb,0.03724381333933386,0.0,LGALS9_P4HB,Lgals9 - P4hb,GALECTIN,Secreted Signaling,PMID:21670307;uniprot
MYL,Immune,Lgals9,P4hb,0.03422645172555135,0.0,LGALS9_P4HB,Lgals9 - P4hb,GALECTIN,Secreted Signaling,PMID:21670307;uniprot
MYL,MELA,Lgals9,P4hb,0.033206296053790024,0.0,LGALS9_P4HB,Lgals9 - P4hb,GALECTIN,Secreted Signaling,PMID:21670307;uniprot
MYL,MYL,Lgals9,P4hb,0.034380457682460716,0.0,LGALS9_P4HB,Lgals9 - P4hb,GALECTIN,Secreted Signaling,PMID:21670307;uniprot
MYL,Muscle,Lgals9,P4hb,0.025028307867145588,0.0,LGALS9_P4HB,Lgals9 - P4hb,GALECTIN,Secreted Signaling,PMID:21670307;uniprot
MYL,Spinious,Lgals9,P4hb,0.02254999782377456,0.0,LGALS9_P4HB,Lgals9 - P4hb,GALECTIN,Secreted Signaling,PMID:21670307;uniprot
Basal-P,FIB-B,Ntf3,Ngfr,0.0016319037167487852,0.0,NTF3_NGFR,Ntf3 - Ngfr,NT,Secreted Signaling,uniprot
Basal-P,FIB-P,Ntf3,Ngfr,0.0013972961959399619,0.0,NTF3_NGFR,Ntf3 - Ngfr,NT,Secreted Signaling,uniprot
Basal-P,MELA,Ntf3,Ngfr,0.005148713219242446,0.0,NTF3_NGFR,Ntf3 - Ngfr,NT,Secreted Signaling,uniprot
Basal-P,Muscle,Ntf3,Ngfr,0.0007223858881779243,0.0,NTF3_NGFR,Ntf3 - Ngfr,NT,Secreted Signaling,uniprot
Basal,FIB-B,Ntf5,Ngfr,0.0025946649033710655,0.0,NTF5_NGFR,Ntf5 - Ngfr,NT,Secreted Signaling,uniprot
Basal,FIB-P,Ntf5,Ngfr,0.0022219559020489597,0.0,NTF5_NGFR,Ntf5 - Ngfr,NT,Secreted Signaling,uniprot
Basal,MELA,Ntf5,Ngfr,0.008169281187784058,0.0,NTF5_NGFR,Ntf5 - Ngfr,NT,Secreted Signaling,uniprot
Basal,Muscle,Ntf5,Ngfr,0.0011491837522788096,0.0,NTF5_NGFR,Ntf5 - Ngfr,NT,Secreted Signaling,uniprot
Basal-P,FIB-B,Ntf5,Ngfr,0.006430005817444944,0.0,NTF5_NGFR,Ntf5 - Ngfr,NT,Secreted Signaling,uniprot
Basal-P,FIB-P,Ntf5,Ngfr,0.005509414863894297,0.0,NTF5_NGFR,Ntf5 - Ngfr,NT,Secreted Signaling,uniprot
Basal-P,MELA,Ntf5,Ngfr,0.020078935796528523,0.0,NTF5_NGFR,Ntf5 - Ngfr,NT,Secreted Signaling,uniprot
Basal-P,Muscle,Ntf5,Ngfr,0.0028539799414903323,0.0,NTF5_NGFR,Ntf5 - Ngfr,NT,Secreted Signaling,uniprot
FIB-A,FIB-B,Slit2,Robo2,0.0021328653210957124,0.0,SLIT2_ROBO2,Slit2 - Robo2,SLIT,Secreted Signaling,PMID:10102268
FIB-A,FIB-P,Slit2,Robo2,0.001346071800392433,0.0,SLIT2_ROBO2,Slit2 - Robo2,SLIT,Secreted Signaling,PMID:10102268
FIB-B,FIB-B,Slit2,Robo2,0.0015326568777889475,0.0,SLIT2_ROBO2,Slit2 - Robo2,SLIT,Secreted Signaling,PMID:10102268
FIB-B,FIB-P,Slit2,Robo2,0.0009670599084987979,0.0,SLIT2_ROBO2,Slit2 - Robo2,SLIT,Secreted Signaling,PMID:10102268
FIB-P,FIB-B,Slit2,Robo2,0.001354005391139055,0.0,SLIT2_ROBO2,Slit2 - Robo2,SLIT,Secreted Signaling,PMID:10102268
FIB-P,FIB-P,Slit2,Robo2,0.0008542798428333193,0.0,SLIT2_ROBO2,Slit2 - Robo2,SLIT,Secreted Signaling,PMID:10102268
