source,target,ligand,receptor,prob,pval,interaction_name,interaction_name_2,pathway_name,annotation,evidence
ENDO,FIB-A,Tgfb1,TGFbR1_R2,0.0026977779200915513,0.0,TGFB1_TGFBR1_TGFBR2,Tgfb1 - (Tgfbr1+Tgfbr2),TGFb,Secreted Signaling,KEGG: mmu04350
ENDO,FIB-P,Tgfb1,TGFbR1_R2,0.0020074892630422853,0.0,TGFB1_TGFBR1_TGFBR2,Tgfb1 - (Tgfbr1+Tgfbr2),TGFb,Secreted Signaling,KEGG: mmu04350
ENDO,MELA,Tgfb1,TGFbR1_R2,0.0052699950590119875,0.0,TGFB1_TGFBR1_TGFBR2,Tgfb1 - (Tgfbr1+Tgfbr2),TGFb,Secreted Signaling,KEGG: mmu04350
Immune,FIB-A,Tgfb1,TGFbR1_R2,0.0043552520357681,0.0,TGFB1_TGFBR1_TGFBR2,Tgfb1 - (Tgfbr1+Tgfbr2),TGFb,Secreted Signaling,KEGG: mmu04350
Immune,FIB-P,Tgfb1,TGFbR1_R2,0.0032434842401845203,0.0,TGFB1_TGFBR1_TGFBR2,Tgfb1 - (Tgfbr1+Tgfbr2),TGFb,Secreted Signaling,KEGG: mmu04350
Immune,MELA,Tgfb1,TGFbR1_R2,0.00851702330282872,0.0,TGFB1_TGFBR1_TGFBR2,Tgfb1 - (Tgfbr1+Tgfbr2),TGFb,Secreted Signaling,KEGG: mmu04350
MYL,FIB-A,Tgfb1,TGFbR1_R2,0.004277610217269853,0.0,TGFB1_TGFBR1_TGFBR2,Tgfb1 - (Tgfbr1+Tgfbr2),TGFb,Secreted Signaling,KEGG: mmu04350
MYL,FIB-P,Tgfb1,TGFbR1_R2,0.003185292914335827,0.0,TGFB1_TGFBR1_TGFBR2,Tgfb1 - (Tgfbr1+Tgfbr2),TGFb,Secreted Signaling,KEGG: mmu04350
MYL,MELA,Tgfb1,TGFbR1_R2,0.008363890910674564,0.0,TGFB1_TGFBR1_TGFBR2,Tgfb1 - (Tgfbr1+Tgfbr2),TGFb,Secreted Signaling,KEGG: mmu04350
Pericyte,FIB-A,Tgfb1,TGFbR1_R2,0.00036726212859427264,0.0,TGFB1_TGFBR1_TGFBR2,Tgfb1 - (Tgfbr1+Tgfbr2),TGFb,Secreted Signaling,KEGG: mmu04350
Pericyte,FIB-P,Tgfb1,TGFbR1_R2,0.0002730069519562565,0.0,TGFB1_TGFBR1_TGFBR2,Tgfb1 - (Tgfbr1+Tgfbr2),TGFb,Secreted Signaling,KEGG: mmu04350
Pericyte,MELA,Tgfb1,TGFbR1_R2,0.0007164379799722956,0.0,TGFB1_TGFBR1_TGFBR2,Tgfb1 - (Tgfbr1+Tgfbr2),TGFb,Secreted Signaling,KEGG: mmu04350
ENDO,FIB-A,Tgfb2,TGFbR1_R2,0.000425773613179013,0.0,TGFB2_TGFBR1_TGFBR2,Tgfb2  - (Tgfbr1+Tgfbr2),TGFb,Secreted Signaling,KEGG: mmu04350
ENDO,FIB-P,Tgfb2,TGFbR1_R2,0.00031650256040362224,0.0,TGFB2_TGFBR1_TGFBR2,Tgfb2  - (Tgfbr1+Tgfbr2),TGFb,Secreted Signaling,KEGG: mmu04350
ENDO,MELA,Tgfb2,TGFbR1_R2,0.0008305818470035764,0.0,TGFB2_TGFBR1_TGFBR2,Tgfb2  - (Tgfbr1+Tgfbr2),TGFb,Secreted Signaling,KEGG: mmu04350
Muscle,FIB-A,Tgfb2,TGFbR1_R2,0.002483088061166862,0.0,TGFB2_TGFBR1_TGFBR2,Tgfb2  - (Tgfbr1+Tgfbr2),TGFb,Secreted Signaling,KEGG: mmu04350
Muscle,FIB-P,Tgfb2,TGFbR1_R2,0.0018476183328251846,0.0,TGFB2_TGFBR1_TGFBR2,Tgfb2  - (Tgfbr1+Tgfbr2),TGFb,Secreted Signaling,KEGG: mmu04350
Muscle,MELA,Tgfb2,TGFbR1_R2,0.0048502054355935575,0.0,TGFB2_TGFBR1_TGFBR2,Tgfb2  - (Tgfbr1+Tgfbr2),TGFb,Secreted Signaling,KEGG: mmu04350
Pericyte,FIB-A,Tgfb2,TGFbR1_R2,0.0006173004805214764,0.0,TGFB2_TGFBR1_TGFBR2,Tgfb2  - (Tgfbr1+Tgfbr2),TGFb,Secreted Signaling,KEGG: mmu04350
Pericyte,FIB-P,Tgfb2,TGFbR1_R2,0.0004589345422992762,0.0,TGFB2_TGFBR1_TGFBR2,Tgfb2  - (Tgfbr1+Tgfbr2),TGFb,Secreted Signaling,KEGG: mmu04350
Pericyte,MELA,Tgfb2,TGFbR1_R2,0.0012044111602441756,0.0,TGFB2_TGFBR1_TGFBR2,Tgfb2  - (Tgfbr1+Tgfbr2),TGFb,Secreted Signaling,KEGG: mmu04350
DC,Basal,Bmp4,BMPR1A_BMPR2,0.013552462912086992,0.0,BMP4_BMPR1A_BMPR2,Bmp4  - (Bmpr1a+Bmpr2),BMP,Secreted Signaling,KEGG: mmu04350; PMID:26893264
DC,Basal-P,Bmp4,BMPR1A_BMPR2,0.013213781524137222,0.0,BMP4_BMPR1A_BMPR2,Bmp4  - (Bmpr1a+Bmpr2),BMP,Secreted Signaling,KEGG: mmu04350; PMID:26893264
DC,FIB-A,Bmp4,BMPR1A_BMPR2,0.015182905025820634,0.0,BMP4_BMPR1A_BMPR2,Bmp4  - (Bmpr1a+Bmpr2),BMP,Secreted Signaling,KEGG: mmu04350; PMID:26893264
DC,FIB-P,Bmp4,BMPR1A_BMPR2,0.011915834462325525,0.0,BMP4_BMPR1A_BMPR2,Bmp4  - (Bmpr1a+Bmpr2),BMP,Secreted Signaling,KEGG: mmu04350; PMID:26893264
DC,MELA,Bmp4,BMPR1A_BMPR2,0.014467074934925002,0.0,BMP4_BMPR1A_BMPR2,Bmp4  - (Bmpr1a+Bmpr2),BMP,Secreted Signaling,KEGG: mmu04350; PMID:26893264
DC,Muscle,Bmp4,BMPR1A_BMPR2,0.011481822764119428,0.0,BMP4_BMPR1A_BMPR2,Bmp4  - (Bmpr1a+Bmpr2),BMP,Secreted Signaling,KEGG: mmu04350; PMID:26893264
DC,Pericyte,Bmp4,BMPR1A_BMPR2,0.012022649055271013,0.0,BMP4_BMPR1A_BMPR2,Bmp4  - (Bmpr1a+Bmpr2),BMP,Secreted Signaling,KEGG: mmu04350; PMID:26893264
DC,Spinious,Bmp4,BMPR1A_BMPR2,0.012265044435498982,0.0,BMP4_BMPR1A_BMPR2,Bmp4  - (Bmpr1a+Bmpr2),BMP,Secreted Signaling,KEGG: mmu04350; PMID:26893264
FIB-B,Basal,Bmp4,BMPR1A_BMPR2,0.001124686251566038,0.0,BMP4_BMPR1A_BMPR2,Bmp4  - (Bmpr1a+Bmpr2),BMP,Secreted Signaling,KEGG: mmu04350; PMID:26893264
FIB-B,Basal-P,Bmp4,BMPR1A_BMPR2,0.0010962101097544965,0.0,BMP4_BMPR1A_BMPR2,Bmp4  - (Bmpr1a+Bmpr2),BMP,Secreted Signaling,KEGG: mmu04350; PMID:26893264
FIB-B,FIB-A,Bmp4,BMPR1A_BMPR2,0.0012636270058999188,0.0,BMP4_BMPR1A_BMPR2,Bmp4  - (Bmpr1a+Bmpr2),BMP,Secreted Signaling,KEGG: mmu04350; PMID:26893264
FIB-B,FIB-P,Bmp4,BMPR1A_BMPR2,0.0009905043848978286,0.0,BMP4_BMPR1A_BMPR2,Bmp4  - (Bmpr1a+Bmpr2),BMP,Secreted Signaling,KEGG: mmu04350; PMID:26893264
FIB-B,MELA,Bmp4,BMPR1A_BMPR2,0.0012016824018059396,0.0,BMP4_BMPR1A_BMPR2,Bmp4  - (Bmpr1a+Bmpr2),BMP,Secreted Signaling,KEGG: mmu04350; PMID:26893264
FIB-B,Muscle,Bmp4,BMPR1A_BMPR2,0.0009529912581548906,0.0,BMP4_BMPR1A_BMPR2,Bmp4  - (Bmpr1a+Bmpr2),BMP,Secreted Signaling,KEGG: mmu04350; PMID:26893264
FIB-B,Pericyte,Bmp4,BMPR1A_BMPR2,0.0009968635332877533,0.0,BMP4_BMPR1A_BMPR2,Bmp4  - (Bmpr1a+Bmpr2),BMP,Secreted Signaling,KEGG: mmu04350; PMID:26893264
FIB-B,Spinious,Bmp4,BMPR1A_BMPR2,0.0010165429825651625,0.0,BMP4_BMPR1A_BMPR2,Bmp4  - (Bmpr1a+Bmpr2),BMP,Secreted Signaling,KEGG: mmu04350; PMID:26893264
FIB-P,Basal,Bmp4,BMPR1A_BMPR2,0.0007976280230772711,0.0,BMP4_BMPR1A_BMPR2,Bmp4  - (Bmpr1a+Bmpr2),BMP,Secreted Signaling,KEGG: mmu04350; PMID:26893264
FIB-P,Basal-P,Bmp4,BMPR1A_BMPR2,0.0007774268841088042,0.0,BMP4_BMPR1A_BMPR2,Bmp4  - (Bmpr1a+Bmpr2),BMP,Secreted Signaling,KEGG: mmu04350; PMID:26893264
FIB-P,FIB-A,Bmp4,BMPR1A_BMPR2,0.0008962225127034832,0.0,BMP4_BMPR1A_BMPR2,Bmp4  - (Bmpr1a+Bmpr2),BMP,Secreted Signaling,KEGG: mmu04350; PMID:26893264
FIB-P,FIB-P,Bmp4,BMPR1A_BMPR2,0.0007024921259341424,0.0,BMP4_BMPR1A_BMPR2,Bmp4  - (Bmpr1a+Bmpr2),BMP,Secreted Signaling,KEGG: mmu04350; PMID:26893264
FIB-P,MELA,Bmp4,BMPR1A_BMPR2,0.0008522510566746548,0.0,BMP4_BMPR1A_BMPR2,Bmp4  - (Bmpr1a+Bmpr2),BMP,Secreted Signaling,KEGG: mmu04350; PMID:26893264
FIB-P,Muscle,Bmp4,BMPR1A_BMPR2,0.0006758641052200923,0.0,BMP4_BMPR1A_BMPR2,Bmp4  - (Bmpr1a+Bmpr2),BMP,Secreted Signaling,KEGG: mmu04350; PMID:26893264
FIB-P,Pericyte,Bmp4,BMPR1A_BMPR2,0.0007069623900310724,0.0,BMP4_BMPR1A_BMPR2,Bmp4  - (Bmpr1a+Bmpr2),BMP,Secreted Signaling,KEGG: mmu04350; PMID:26893264
FIB-P,Spinious,Bmp4,BMPR1A_BMPR2,0.0007209121791756885,0.0,BMP4_BMPR1A_BMPR2,Bmp4  - (Bmpr1a+Bmpr2),BMP,Secreted Signaling,KEGG: mmu04350; PMID:26893264
DC,Basal-P,Bmp4,BMPR1B_BMPR2,0.011231306818173534,0.0,BMP4_BMPR1B_BMPR2,Bmp4  - (Bmpr1b+Bmpr2),BMP,Secreted Signaling,KEGG: mmu04350; PMID:26893264
FIB-B,Basal-P,Bmp4,BMPR1B_BMPR2,0.0009299092194393839,0.0,BMP4_BMPR1B_BMPR2,Bmp4  - (Bmpr1b+Bmpr2),BMP,Secreted Signaling,KEGG: mmu04350; PMID:26893264
FIB-P,Basal-P,Bmp4,BMPR1B_BMPR2,0.0006594581423074287,0.0,BMP4_BMPR1B_BMPR2,Bmp4  - (Bmpr1b+Bmpr2),BMP,Secreted Signaling,KEGG: mmu04350; PMID:26893264
Basal,Basal,Bmp7,BMPR1A_BMPR2,0.003968668069841479,0.0,BMP7_BMPR1A_BMPR2,Bmp7  - (Bmpr1a+Bmpr2),BMP,Secreted Signaling,KEGG: mmu04350; PMID:26893264
Basal,Basal-P,Bmp7,BMPR1A_BMPR2,0.0038684448869151173,0.0,BMP7_BMPR1A_BMPR2,Bmp7  - (Bmpr1a+Bmpr2),BMP,Secreted Signaling,KEGG: mmu04350; PMID:26893264
Basal,FIB-A,Bmp7,BMPR1A_BMPR2,0.004456382287993871,0.0,BMP7_BMPR1A_BMPR2,Bmp7  - (Bmpr1a+Bmpr2),BMP,Secreted Signaling,KEGG: mmu04350; PMID:26893264
Basal,FIB-P,Bmp7,BMPR1A_BMPR2,0.0034940272889313613,0.0,BMP7_BMPR1A_BMPR2,Bmp7  - (Bmpr1a+Bmpr2),BMP,Secreted Signaling,KEGG: mmu04350; PMID:26893264
Basal,MELA,Bmp7,BMPR1A_BMPR2,0.0042395922933439354,0.0,BMP7_BMPR1A_BMPR2,Bmp7  - (Bmpr1a+Bmpr2),BMP,Secreted Signaling,KEGG: mmu04350; PMID:26893264
Basal,Muscle,Bmp7,BMPR1A_BMPR2,0.0033627095299821387,0.0,BMP7_BMPR1A_BMPR2,Bmp7  - (Bmpr1a+Bmpr2),BMP,Secreted Signaling,KEGG: mmu04350; PMID:26893264
Basal,Pericyte,Bmp7,BMPR1A_BMPR2,0.0035182315057005155,0.0,BMP7_BMPR1A_BMPR2,Bmp7  - (Bmpr1a+Bmpr2),BMP,Secreted Signaling,KEGG: mmu04350; PMID:26893264
Basal,Spinious,Bmp7,BMPR1A_BMPR2,0.003587980850664725,0.0,BMP7_BMPR1A_BMPR2,Bmp7  - (Bmpr1a+Bmpr2),BMP,Secreted Signaling,KEGG: mmu04350; PMID:26893264
Basal-P,Basal,Bmp7,BMPR1A_BMPR2,0.004318554239691694,0.0,BMP7_BMPR1A_BMPR2,Bmp7  - (Bmpr1a+Bmpr2),BMP,Secreted Signaling,KEGG: mmu04350; PMID:26893264
Basal-P,Basal-P,Bmp7,BMPR1A_BMPR2,0.004209532512169131,0.0,BMP7_BMPR1A_BMPR2,Bmp7  - (Bmpr1a+Bmpr2),BMP,Secreted Signaling,KEGG: mmu04350; PMID:26893264
Basal-P,FIB-A,Bmp7,BMPR1A_BMPR2,0.004848898687219224,0.0,BMP7_BMPR1A_BMPR2,Bmp7  - (Bmpr1a+Bmpr2),BMP,Secreted Signaling,KEGG: mmu04350; PMID:26893264
Basal-P,FIB-P,Bmp7,BMPR1A_BMPR2,0.0038019025223756816,0.0,BMP7_BMPR1A_BMPR2,Bmp7  - (Bmpr1a+Bmpr2),BMP,Secreted Signaling,KEGG: mmu04350; PMID:26893264
Basal-P,MELA,Bmp7,BMPR1A_BMPR2,0.0046132530879204135,0.0,BMP7_BMPR1A_BMPR2,Bmp7  - (Bmpr1a+Bmpr2),BMP,Secreted Signaling,KEGG: mmu04350; PMID:26893264
Basal-P,Muscle,Bmp7,BMPR1A_BMPR2,0.003659158724701066,0.0,BMP7_BMPR1A_BMPR2,Bmp7  - (Bmpr1a+Bmpr2),BMP,Secreted Signaling,KEGG: mmu04350; PMID:26893264
Basal-P,Pericyte,Bmp7,BMPR1A_BMPR2,0.0038284937779592236,0.0,BMP7_BMPR1A_BMPR2,Bmp7  - (Bmpr1a+Bmpr2),BMP,Secreted Signaling,KEGG: mmu04350; PMID:26893264
Basal-P,Spinious,Bmp7,BMPR1A_BMPR2,0.0039044363937765256,0.0,BMP7_BMPR1A_BMPR2,Bmp7  - (Bmpr1a+Bmpr2),BMP,Secreted Signaling,KEGG: mmu04350; PMID:26893264
DC,Basal,Bmp7,BMPR1A_BMPR2,0.006347199787395521,0.0,BMP7_BMPR1A_BMPR2,Bmp7  - (Bmpr1a+Bmpr2),BMP,Secreted Signaling,KEGG: mmu04350; PMID:26893264
DC,Basal-P,Bmp7,BMPR1A_BMPR2,0.006187361385969609,0.0,BMP7_BMPR1A_BMPR2,Bmp7  - (Bmpr1a+Bmpr2),BMP,Secreted Signaling,KEGG: mmu04350; PMID:26893264
DC,FIB-A,Bmp7,BMPR1A_BMPR2,0.007122773795089449,0.0,BMP7_BMPR1A_BMPR2,Bmp7  - (Bmpr1a+Bmpr2),BMP,Secreted Signaling,KEGG: mmu04350; PMID:26893264
DC,FIB-P,Bmp7,BMPR1A_BMPR2,0.005586093247591324,0.0,BMP7_BMPR1A_BMPR2,Bmp7  - (Bmpr1a+Bmpr2),BMP,Secreted Signaling,KEGG: mmu04350; PMID:26893264
DC,MELA,Bmp7,BMPR1A_BMPR2,0.006779159733095478,0.0,BMP7_BMPR1A_BMPR2,Bmp7  - (Bmpr1a+Bmpr2),BMP,Secreted Signaling,KEGG: mmu04350; PMID:26893264
DC,Muscle,Bmp7,BMPR1A_BMPR2,0.005377899790259401,0.0,BMP7_BMPR1A_BMPR2,Bmp7  - (Bmpr1a+Bmpr2),BMP,Secreted Signaling,KEGG: mmu04350; PMID:26893264
DC,Pericyte,Bmp7,BMPR1A_BMPR2,0.005627862269526372,0.0,BMP7_BMPR1A_BMPR2,Bmp7  - (Bmpr1a+Bmpr2),BMP,Secreted Signaling,KEGG: mmu04350; PMID:26893264
DC,Spinious,Bmp7,BMPR1A_BMPR2,0.0057399464778603,0.0,BMP7_BMPR1A_BMPR2,Bmp7  - (Bmpr1a+Bmpr2),BMP,Secreted Signaling,KEGG: mmu04350; PMID:26893264
Basal,Basal-P,Bmp7,BMPR1B_BMPR2,0.0032828712402523034,0.0,BMP7_BMPR1B_BMPR2,Bmp7  - (Bmpr1b+Bmpr2),BMP,Secreted Signaling,KEGG: mmu04350; PMID:26893264
Basal-P,Basal-P,Bmp7,BMPR1B_BMPR2,0.0035725129707218435,0.0,BMP7_BMPR1B_BMPR2,Bmp7  - (Bmpr1b+Bmpr2),BMP,Secreted Signaling,KEGG: mmu04350; PMID:26893264
DC,Basal-P,Bmp7,BMPR1B_BMPR2,0.005253007785737073,0.0,BMP7_BMPR1B_BMPR2,Bmp7  - (Bmpr1b+Bmpr2),BMP,Secreted Signaling,KEGG: mmu04350; PMID:26893264
Basal,FIB-P,Wnt10a,FZD1_LRP6,0.0007873873812265658,0.0,WNT10A_FZD1_LRP6,Wnt10a  - (Fzd1+Lrp6),WNT,Secreted Signaling,KEGG: mmu04310; PMID: 23209147
Basal-P,FIB-P,Wnt10a,FZD1_LRP6,0.0006640931119955124,0.0,WNT10A_FZD1_LRP6,Wnt10a  - (Fzd1+Lrp6),WNT,Secreted Signaling,KEGG: mmu04310; PMID: 23209147
Basal,Basal,Wnt10a,FZD10_LRP6,0.001311212132645938,0.0,WNT10A_FZD10_LRP6,Wnt10a  - (Fzd10+Lrp6),WNT,Secreted Signaling,KEGG: mmu04310; PMID: 23209147
Basal,Basal-P,Wnt10a,FZD10_LRP6,0.00143890684078249,0.0,WNT10A_FZD10_LRP6,Wnt10a  - (Fzd10+Lrp6),WNT,Secreted Signaling,KEGG: mmu04310; PMID: 23209147
Basal-P,Basal,Wnt10a,FZD10_LRP6,0.0011061281588726664,0.0,WNT10A_FZD10_LRP6,Wnt10a  - (Fzd10+Lrp6),WNT,Secreted Signaling,KEGG: mmu04310; PMID: 23209147
Basal-P,Basal-P,Wnt10a,FZD10_LRP6,0.0012139186810096938,0.0,WNT10A_FZD10_LRP6,Wnt10a  - (Fzd10+Lrp6),WNT,Secreted Signaling,KEGG: mmu04310; PMID: 23209147
Basal,Basal-P,Wnt10a,FZD2_LRP6,0.0005884179290226192,0.0,WNT10A_FZD2_LRP6,Wnt10a  - (Fzd2+Lrp6),WNT,Secreted Signaling,KEGG: mmu04310; PMID: 23209147
Basal,DC,Wnt10a,FZD2_LRP6,0.0014461244959834431,0.0,WNT10A_FZD2_LRP6,Wnt10a  - (Fzd2+Lrp6),WNT,Secreted Signaling,KEGG: mmu04310; PMID: 23209147
Basal,FIB-A,Wnt10a,FZD2_LRP6,0.0005675154588463094,0.0,WNT10A_FZD2_LRP6,Wnt10a  - (Fzd2+Lrp6),WNT,Secreted Signaling,KEGG: mmu04310; PMID: 23209147
Basal,FIB-B,Wnt10a,FZD2_LRP6,0.0011595107222693722,0.0,WNT10A_FZD2_LRP6,Wnt10a  - (Fzd2+Lrp6),WNT,Secreted Signaling,KEGG: mmu04310; PMID: 23209147
Basal,FIB-P,Wnt10a,FZD2_LRP6,0.0017201430008649018,0.0,WNT10A_FZD2_LRP6,Wnt10a  - (Fzd2+Lrp6),WNT,Secreted Signaling,KEGG: mmu04310; PMID: 23209147
Basal,MELA,Wnt10a,FZD2_LRP6,0.000745365404966712,0.0,WNT10A_FZD2_LRP6,Wnt10a  - (Fzd2+Lrp6),WNT,Secreted Signaling,KEGG: mmu04310; PMID: 23209147
Basal,Muscle,Wnt10a,FZD2_LRP6,0.0006983969930599669,0.0,WNT10A_FZD2_LRP6,Wnt10a  - (Fzd2+Lrp6),WNT,Secreted Signaling,KEGG: mmu04310; PMID: 23209147
Basal,Pericyte,Wnt10a,FZD2_LRP6,0.0008349666058350329,0.0,WNT10A_FZD2_LRP6,Wnt10a  - (Fzd2+Lrp6),WNT,Secreted Signaling,KEGG: mmu04310; PMID: 23209147
Basal,Spinious,Wnt10a,FZD2_LRP6,0.0008782253574106204,0.0,WNT10A_FZD2_LRP6,Wnt10a  - (Fzd2+Lrp6),WNT,Secreted Signaling,KEGG: mmu04310; PMID: 23209147
Basal-P,Basal-P,Wnt10a,FZD2_LRP6,0.0004962673322565532,0.0,WNT10A_FZD2_LRP6,Wnt10a  - (Fzd2+Lrp6),WNT,Secreted Signaling,KEGG: mmu04310; PMID: 23209147
Basal-P,DC,Wnt10a,FZD2_LRP6,0.0012201160159535822,0.0,WNT10A_FZD2_LRP6,Wnt10a  - (Fzd2+Lrp6),WNT,Secreted Signaling,KEGG: mmu04310; PMID: 23209147
Basal-P,FIB-A,Wnt10a,FZD2_LRP6,0.0004787975545717433,0.0,WNT10A_FZD2_LRP6,Wnt10a  - (Fzd2+Lrp6),WNT,Secreted Signaling,KEGG: mmu04310; PMID: 23209147
Basal-P,FIB-B,Wnt10a,FZD2_LRP6,0.000978008398989659,0.0,WNT10A_FZD2_LRP6,Wnt10a  - (Fzd2+Lrp6),WNT,Secreted Signaling,KEGG: mmu04310; PMID: 23209147
Basal-P,FIB-P,Wnt10a,FZD2_LRP6,0.001451182356026601,0.0,WNT10A_FZD2_LRP6,Wnt10a  - (Fzd2+Lrp6),WNT,Secreted Signaling,KEGG: mmu04310; PMID: 23209147
Basal-P,MELA,Wnt10a,FZD2_LRP6,0.0006286430221175464,0.0,WNT10A_FZD2_LRP6,Wnt10a  - (Fzd2+Lrp6),WNT,Secreted Signaling,KEGG: mmu04310; PMID: 23209147
Basal-P,Muscle,Wnt10a,FZD2_LRP6,0.000588994371741478,0.0,WNT10A_FZD2_LRP6,Wnt10a  - (Fzd2+Lrp6),WNT,Secreted Signaling,KEGG: mmu04310; PMID: 23209147
Basal-P,Pericyte,Wnt10a,FZD2_LRP6,0.000704206281948908,0.0,WNT10A_FZD2_LRP6,Wnt10a  - (Fzd2+Lrp6),WNT,Secreted Signaling,KEGG: mmu04310; PMID: 23209147
Basal-P,Spinious,Wnt10a,FZD2_LRP6,0.000740676149308516,0.0,WNT10A_FZD2_LRP6,Wnt10a  - (Fzd2+Lrp6),WNT,Secreted Signaling,KEGG: mmu04310; PMID: 23209147
Basal,MELA,Wnt10a,FZD3_LRP6,0.0009957712926360182,0.0,WNT10A_FZD3_LRP6,Wnt10a  - (Fzd3+Lrp6),WNT,Secreted Signaling,KEGG: mmu04310; PMID: 23209147
Basal,Spinious,Wnt10a,FZD3_LRP6,0.0008588866665591975,0.0,WNT10A_FZD3_LRP6,Wnt10a  - (Fzd3+Lrp6),WNT,Secreted Signaling,KEGG: mmu04310; PMID: 23209147
Basal-P,MELA,Wnt10a,FZD3_LRP6,0.0008398964006092021,0.0,WNT10A_FZD3_LRP6,Wnt10a  - (Fzd3+Lrp6),WNT,Secreted Signaling,KEGG: mmu04310; PMID: 23209147
Basal-P,Spinious,Wnt10a,FZD3_LRP6,0.0007243633604991437,0.0,WNT10A_FZD3_LRP6,Wnt10a  - (Fzd3+Lrp6),WNT,Secreted Signaling,KEGG: mmu04310; PMID: 23209147
Basal,ENDO,Wnt10a,FZD4_LRP6,0.0006614799633149804,0.0,WNT10A_FZD4_LRP6,Wnt10a  - (Fzd4+Lrp6),WNT,Secreted Signaling,KEGG: mmu04310; PMID: 23209147
Basal-P,ENDO,Wnt10a,FZD4_LRP6,0.0005579060205561517,0.0,WNT10A_FZD4_LRP6,Wnt10a  - (Fzd4+Lrp6),WNT,Secreted Signaling,KEGG: mmu04310; PMID: 23209147
Basal,Basal,Wnt10a,FZD6_LRP6,0.0006686191017032643,0.0,WNT10A_FZD6_LRP6,Wnt10a  - (Fzd6+Lrp6),WNT,Secreted Signaling,KEGG: mmu04310; PMID: 23209147
Basal,Basal-P,Wnt10a,FZD6_LRP6,0.0007164353804394388,0.0,WNT10A_FZD6_LRP6,Wnt10a  - (Fzd6+Lrp6),WNT,Secreted Signaling,KEGG: mmu04310; PMID: 23209147
Basal,Spinious,Wnt10a,FZD6_LRP6,0.0009215809573326428,0.0,WNT10A_FZD6_LRP6,Wnt10a  - (Fzd6+Lrp6),WNT,Secreted Signaling,KEGG: mmu04310; PMID: 23209147
Basal-P,Basal,Wnt10a,FZD6_LRP6,0.0005639204383947613,0.0,WNT10A_FZD6_LRP6,Wnt10a  - (Fzd6+Lrp6),WNT,Secreted Signaling,KEGG: mmu04310; PMID: 23209147
Basal-P,Basal-P,Wnt10a,FZD6_LRP6,0.0006042629250597136,0.0,WNT10A_FZD6_LRP6,Wnt10a  - (Fzd6+Lrp6),WNT,Secreted Signaling,KEGG: mmu04310; PMID: 23209147
Basal-P,Spinious,Wnt10a,FZD6_LRP6,0.0007772484340346237,0.0,WNT10A_FZD6_LRP6,Wnt10a  - (Fzd6+Lrp6),WNT,Secreted Signaling,KEGG: mmu04310; PMID: 23209147
Basal,FIB-P,Wnt16,FZD1_LRP6,0.000642645507555437,0.0,WNT16_FZD1_LRP6,Wnt16  - (Fzd1+Lrp6),WNT,Secreted Signaling,KEGG: mmu04310; PMID: 23209147
Basal-P,FIB-P,Wnt16,FZD1_LRP6,0.0006340461854954705,0.0,WNT16_FZD1_LRP6,Wnt16  - (Fzd1+Lrp6),WNT,Secreted Signaling,KEGG: mmu04310; PMID: 23209147
Basal,Basal,Wnt16,FZD10_LRP6,0.0010704912570639617,0.0,WNT16_FZD10_LRP6,Wnt16  - (Fzd10+Lrp6),WNT,Secreted Signaling,KEGG: mmu04310; PMID: 23209147
Basal,Basal-P,Wnt16,FZD10_LRP6,0.0011748342976375867,0.0,WNT16_FZD10_LRP6,Wnt16  - (Fzd10+Lrp6),WNT,Secreted Signaling,KEGG: mmu04310; PMID: 23209147
Basal-P,Basal,Wnt16,FZD10_LRP6,0.0010561473199711172,0.0,WNT16_FZD10_LRP6,Wnt16  - (Fzd10+Lrp6),WNT,Secreted Signaling,KEGG: mmu04310; PMID: 23209147
Basal-P,Basal-P,Wnt16,FZD10_LRP6,0.0011590865245255622,0.0,WNT16_FZD10_LRP6,Wnt16  - (Fzd10+Lrp6),WNT,Secreted Signaling,KEGG: mmu04310; PMID: 23209147
Basal,Basal-P,Wnt16,FZD2_LRP6,0.0004802353030879058,0.0,WNT16_FZD2_LRP6,Wnt16  - (Fzd2+Lrp6),WNT,Secreted Signaling,KEGG: mmu04310; PMID: 23209147
Basal,DC,Wnt16,FZD2_LRP6,0.001180872178778001,0.0,WNT16_FZD2_LRP6,Wnt16  - (Fzd2+Lrp6),WNT,Secreted Signaling,KEGG: mmu04310; PMID: 23209147
Basal,FIB-A,Wnt16,FZD2_LRP6,0.00046338883776289455,0.0,WNT16_FZD2_LRP6,Wnt16  - (Fzd2+Lrp6),WNT,Secreted Signaling,KEGG: mmu04310; PMID: 23209147
Basal,FIB-B,Wnt16,FZD2_LRP6,0.0009464453068454754,0.0,WNT16_FZD2_LRP6,Wnt16  - (Fzd2+Lrp6),WNT,Secreted Signaling,KEGG: mmu04310; PMID: 23209147
Basal,FIB-P,Wnt16,FZD2_LRP6,0.0014044594671047226,0.0,WNT16_FZD2_LRP6,Wnt16  - (Fzd2+Lrp6),WNT,Secreted Signaling,KEGG: mmu04310; PMID: 23209147
Basal,MELA,Wnt16,FZD2_LRP6,0.0006083372857513488,0.0,WNT16_FZD2_LRP6,Wnt16  - (Fzd2+Lrp6),WNT,Secreted Signaling,KEGG: mmu04310; PMID: 23209147
Basal,Muscle,Wnt16,FZD2_LRP6,0.0005699562316151521,0.0,WNT16_FZD2_LRP6,Wnt16  - (Fzd2+Lrp6),WNT,Secreted Signaling,KEGG: mmu04310; PMID: 23209147
Basal,Pericyte,Wnt16,FZD2_LRP6,0.0006814573364261931,0.0,WNT16_FZD2_LRP6,Wnt16  - (Fzd2+Lrp6),WNT,Secreted Signaling,KEGG: mmu04310; PMID: 23209147
Basal,Spinious,Wnt16,FZD2_LRP6,0.0007167437651771901,0.0,WNT16_FZD2_LRP6,Wnt16  - (Fzd2+Lrp6),WNT,Secreted Signaling,KEGG: mmu04310; PMID: 23209147
Basal-P,Basal-P,Wnt16,FZD2_LRP6,0.0004738102366855181,0.0,WNT16_FZD2_LRP6,Wnt16  - (Fzd2+Lrp6),WNT,Secreted Signaling,KEGG: mmu04310; PMID: 23209147
Basal-P,DC,Wnt16,FZD2_LRP6,0.001165034431727786,0.0,WNT16_FZD2_LRP6,Wnt16  - (Fzd2+Lrp6),WNT,Secreted Signaling,KEGG: mmu04310; PMID: 23209147
Basal-P,FIB-A,Wnt16,FZD2_LRP6,0.00045717586387903654,0.0,WNT16_FZD2_LRP6,Wnt16  - (Fzd2+Lrp6),WNT,Secreted Signaling,KEGG: mmu04310; PMID: 23209147
Basal-P,FIB-B,Wnt16,FZD2_LRP6,0.0009337756704880069,0.0,WNT16_FZD2_LRP6,Wnt16  - (Fzd2+Lrp6),WNT,Secreted Signaling,KEGG: mmu04310; PMID: 23209147
Basal-P,FIB-P,Wnt16,FZD2_LRP6,0.0013856335958196352,0.0,WNT16_FZD2_LRP6,Wnt16  - (Fzd2+Lrp6),WNT,Secreted Signaling,KEGG: mmu04310; PMID: 23209147
Basal-P,MELA,Wnt16,FZD2_LRP6,0.0006001977299981829,0.0,WNT16_FZD2_LRP6,Wnt16  - (Fzd2+Lrp6),WNT,Secreted Signaling,KEGG: mmu04310; PMID: 23209147
Basal-P,Muscle,Wnt16,FZD2_LRP6,0.0005623331670313952,0.0,WNT16_FZD2_LRP6,Wnt16  - (Fzd2+Lrp6),WNT,Secreted Signaling,KEGG: mmu04310; PMID: 23209147
Basal-P,Pericyte,Wnt16,FZD2_LRP6,0.0006723399861140509,0.0,WNT16_FZD2_LRP6,Wnt16  - (Fzd2+Lrp6),WNT,Secreted Signaling,KEGG: mmu04310; PMID: 23209147
Basal-P,Spinious,Wnt16,FZD2_LRP6,0.0007071555067330314,0.0,WNT16_FZD2_LRP6,Wnt16  - (Fzd2+Lrp6),WNT,Secreted Signaling,KEGG: mmu04310; PMID: 23209147
Basal,MELA,Wnt16,FZD3_LRP6,0.0008127893577842399,0.0,WNT16_FZD3_LRP6,Wnt16  - (Fzd3+Lrp6),WNT,Secreted Signaling,KEGG: mmu04310; PMID: 23209147
Basal,Spinious,Wnt16,FZD3_LRP6,0.0007009569730226402,0.0,WNT16_FZD3_LRP6,Wnt16  - (Fzd3+Lrp6),WNT,Secreted Signaling,KEGG: mmu04310; PMID: 23209147
Basal-P,MELA,Wnt16,FZD3_LRP6,0.0008019091873091614,0.0,WNT16_FZD3_LRP6,Wnt16  - (Fzd3+Lrp6),WNT,Secreted Signaling,KEGG: mmu04310; PMID: 23209147
Basal-P,Spinious,Wnt16,FZD3_LRP6,0.0006915801496804396,0.0,WNT16_FZD3_LRP6,Wnt16  - (Fzd3+Lrp6),WNT,Secreted Signaling,KEGG: mmu04310; PMID: 23209147
Basal,ENDO,Wnt16,FZD4_LRP6,0.0005398896634341107,0.0,WNT16_FZD4_LRP6,Wnt16  - (Fzd4+Lrp6),WNT,Secreted Signaling,KEGG: mmu04310; PMID: 23209147
Basal-P,ENDO,Wnt16,FZD4_LRP6,0.0005326649199220019,0.0,WNT16_FZD4_LRP6,Wnt16  - (Fzd4+Lrp6),WNT,Secreted Signaling,KEGG: mmu04310; PMID: 23209147
Basal,Basal,Wnt16,FZD6_LRP6,0.0005457073123192466,0.0,WNT16_FZD6_LRP6,Wnt16  - (Fzd6+Lrp6),WNT,Secreted Signaling,KEGG: mmu04310; PMID: 23209147
Basal,Basal-P,Wnt16,FZD6_LRP6,0.0005847519258539258,0.0,WNT16_FZD6_LRP6,Wnt16  - (Fzd6+Lrp6),WNT,Secreted Signaling,KEGG: mmu04310; PMID: 23209147
Basal,Spinious,Wnt16,FZD6_LRP6,0.0007521369764347851,0.0,WNT16_FZD6_LRP6,Wnt16  - (Fzd6+Lrp6),WNT,Secreted Signaling,KEGG: mmu04310; PMID: 23209147
Basal-P,Basal,Wnt16,FZD6_LRP6,0.0005384052920068565,0.0,WNT16_FZD6_LRP6,Wnt16  - (Fzd6+Lrp6),WNT,Secreted Signaling,KEGG: mmu04310; PMID: 23209147
Basal-P,Basal-P,Wnt16,FZD6_LRP6,0.0005769263098364605,0.0,WNT16_FZD6_LRP6,Wnt16  - (Fzd6+Lrp6),WNT,Secreted Signaling,KEGG: mmu04310; PMID: 23209147
Basal-P,Spinious,Wnt16,FZD6_LRP6,0.000742074650483332,0.0,WNT16_FZD6_LRP6,Wnt16  - (Fzd6+Lrp6),WNT,Secreted Signaling,KEGG: mmu04310; PMID: 23209147
FIB-A,FIB-P,Wnt2,FZD1_LRP6,0.00024125080399260124,0.0,WNT2_FZD1_LRP6,Wnt2  - (Fzd1+Lrp6),WNT,Secreted Signaling,KEGG: mmu04310; PMID: 23209147
FIB-A,Basal,Wnt2,FZD10_LRP6,0.0004018353368960478,0.0,WNT2_FZD10_LRP6,Wnt2  - (Fzd10+Lrp6),WNT,Secreted Signaling,KEGG: mmu04310; PMID: 23209147
FIB-A,Basal-P,Wnt2,FZD10_LRP6,0.00044099436275142466,0.0,WNT2_FZD10_LRP6,Wnt2  - (Fzd10+Lrp6),WNT,Secreted Signaling,KEGG: mmu04310; PMID: 23209147
FIB-A,Basal-P,Wnt2,FZD2_LRP6,0.00018028315301909945,0.0,WNT2_FZD2_LRP6,Wnt2  - (Fzd2+Lrp6),WNT,Secreted Signaling,KEGG: mmu04310; PMID: 23209147
FIB-A,DC,Wnt2,FZD2_LRP6,0.00044324697387617296,0.0,WNT2_FZD2_LRP6,Wnt2  - (Fzd2+Lrp6),WNT,Secreted Signaling,KEGG: mmu04310; PMID: 23209147
FIB-A,FIB-A,Wnt2,FZD2_LRP6,0.00017393857569603015,0.0,WNT2_FZD2_LRP6,Wnt2  - (Fzd2+Lrp6),WNT,Secreted Signaling,KEGG: mmu04310; PMID: 23209147
FIB-A,FIB-B,Wnt2,FZD2_LRP6,0.000355290204239609,0.0,WNT2_FZD2_LRP6,Wnt2  - (Fzd2+Lrp6),WNT,Secreted Signaling,KEGG: mmu04310; PMID: 23209147
FIB-A,FIB-P,Wnt2,FZD2_LRP6,0.0005271879182169947,0.0,WNT2_FZD2_LRP6,Wnt2  - (Fzd2+Lrp6),WNT,Secreted Signaling,KEGG: mmu04310; PMID: 23209147
FIB-A,MELA,Wnt2,FZD2_LRP6,0.00022837245234200504,0.0,WNT2_FZD2_LRP6,Wnt2  - (Fzd2+Lrp6),WNT,Secreted Signaling,KEGG: mmu04310; PMID: 23209147
FIB-A,Muscle,Wnt2,FZD2_LRP6,0.00021396854987724363,0.0,WNT2_FZD2_LRP6,Wnt2  - (Fzd2+Lrp6),WNT,Secreted Signaling,KEGG: mmu04310; PMID: 23209147
FIB-A,Pericyte,Wnt2,FZD2_LRP6,0.0002558228796819674,0.0,WNT2_FZD2_LRP6,Wnt2  - (Fzd2+Lrp6),WNT,Secreted Signaling,KEGG: mmu04310; PMID: 23209147
FIB-A,Spinious,Wnt2,FZD2_LRP6,0.0002690714288957532,0.0,WNT2_FZD2_LRP6,Wnt2  - (Fzd2+Lrp6),WNT,Secreted Signaling,KEGG: mmu04310; PMID: 23209147
FIB-A,MELA,Wnt2,FZD3_LRP6,0.00030511693709529977,0.0,WNT2_FZD3_LRP6,Wnt2  - (Fzd3+Lrp6),WNT,Secreted Signaling,KEGG: mmu04310; PMID: 23209147
FIB-A,Spinious,Wnt2,FZD3_LRP6,0.0002631453161829153,0.0,WNT2_FZD3_LRP6,Wnt2  - (Fzd3+Lrp6),WNT,Secreted Signaling,KEGG: mmu04310; PMID: 23209147
FIB-A,ENDO,Wnt2,FZD4_LRP6,0.00020267536401810018,0.0,WNT2_FZD4_LRP6,Wnt2  - (Fzd4+Lrp6),WNT,Secreted Signaling,KEGG: mmu04310; PMID: 23209147
FIB-A,Basal,Wnt2,FZD6_LRP6,0.00020486019544266548,0.0,WNT2_FZD6_LRP6,Wnt2  - (Fzd6+Lrp6),WNT,Secreted Signaling,KEGG: mmu04310; PMID: 23209147
FIB-A,Basal-P,Wnt2,FZD6_LRP6,0.0002195159116112877,0.0,WNT2_FZD6_LRP6,Wnt2  - (Fzd6+Lrp6),WNT,Secreted Signaling,KEGG: mmu04310; PMID: 23209147
FIB-A,Spinious,Wnt2,FZD6_LRP6,0.0002823574202692065,0.0,WNT2_FZD6_LRP6,Wnt2  - (Fzd6+Lrp6),WNT,Secreted Signaling,KEGG: mmu04310; PMID: 23209147
Basal,FIB-P,Wnt3,FZD1_LRP6,0.0019123702390722922,0.0,WNT3_FZD1_LRP6,Wnt3  - (Fzd1+Lrp6),WNT,Secreted Signaling,KEGG: mmu04310; PMID: 23209147
Basal-P,FIB-P,Wnt3,FZD1_LRP6,0.0018440269614419834,0.0,WNT3_FZD1_LRP6,Wnt3  - (Fzd1+Lrp6),WNT,Secreted Signaling,KEGG: mmu04310; PMID: 23209147
Basal,Basal,Wnt3,FZD10_LRP6,0.003177383062865707,0.0,WNT3_FZD10_LRP6,Wnt3  - (Fzd10+Lrp6),WNT,Secreted Signaling,KEGG: mmu04310; PMID: 23209147
Basal,Basal-P,Wnt3,FZD10_LRP6,0.0034847173251422825,0.0,WNT3_FZD10_LRP6,Wnt3  - (Fzd10+Lrp6),WNT,Secreted Signaling,KEGG: mmu04310; PMID: 23209147
Basal-P,Basal,Wnt3,FZD10_LRP6,0.0030639347376019803,0.0,WNT3_FZD10_LRP6,Wnt3  - (Fzd10+Lrp6),WNT,Secreted Signaling,KEGG: mmu04310; PMID: 23209147
Basal-P,Basal-P,Wnt3,FZD10_LRP6,0.0033603256513606234,0.0,WNT3_FZD10_LRP6,Wnt3  - (Fzd10+Lrp6),WNT,Secreted Signaling,KEGG: mmu04310; PMID: 23209147
Basal,Basal-P,Wnt3,FZD2_LRP6,0.0014295020446173632,0.0,WNT3_FZD2_LRP6,Wnt3  - (Fzd2+Lrp6),WNT,Secreted Signaling,KEGG: mmu04310; PMID: 23209147
Basal,DC,Wnt3,FZD2_LRP6,0.0034988723657696473,0.0,WNT3_FZD2_LRP6,Wnt3  - (Fzd2+Lrp6),WNT,Secreted Signaling,KEGG: mmu04310; PMID: 23209147
Basal,FIB-A,Wnt3,FZD2_LRP6,0.0013738116873372734,0.0,WNT3_FZD2_LRP6,Wnt3  - (Fzd2+Lrp6),WNT,Secreted Signaling,KEGG: mmu04310; PMID: 23209147
Basal,FIB-B,Wnt3,FZD2_LRP6,0.0028142662052792673,0.0,WNT3_FZD2_LRP6,Wnt3  - (Fzd2+Lrp6),WNT,Secreted Signaling,KEGG: mmu04310; PMID: 23209147
Basal,FIB-P,Wnt3,FZD2_LRP6,0.004165756381823158,0.0,WNT3_FZD2_LRP6,Wnt3  - (Fzd2+Lrp6),WNT,Secreted Signaling,KEGG: mmu04310; PMID: 23209147
Basal,MELA,Wnt3,FZD2_LRP6,0.0018105626367280589,0.0,WNT3_FZD2_LRP6,Wnt3  - (Fzd2+Lrp6),WNT,Secreted Signaling,KEGG: mmu04310; PMID: 23209147
Basal,Muscle,Wnt3,FZD2_LRP6,0.0016975676403072073,0.0,WNT3_FZD2_LRP6,Wnt3  - (Fzd2+Lrp6),WNT,Secreted Signaling,KEGG: mmu04310; PMID: 23209147
Basal,Pericyte,Wnt3,FZD2_LRP6,0.0020284171127911204,0.0,WNT3_FZD2_LRP6,Wnt3  - (Fzd2+Lrp6),WNT,Secreted Signaling,KEGG: mmu04310; PMID: 23209147
Basal,Spinious,Wnt3,FZD2_LRP6,0.002133950952977555,0.0,WNT3_FZD2_LRP6,Wnt3  - (Fzd2+Lrp6),WNT,Secreted Signaling,KEGG: mmu04310; PMID: 23209147
Basal-P,Basal-P,Wnt3,FZD2_LRP6,0.0013784098158336976,0.0,WNT3_FZD2_LRP6,Wnt3  - (Fzd2+Lrp6),WNT,Secreted Signaling,KEGG: mmu04310; PMID: 23209147
Basal-P,DC,Wnt3,FZD2_LRP6,0.0033740228529720697,0.0,WNT3_FZD2_LRP6,Wnt3  - (Fzd2+Lrp6),WNT,Secreted Signaling,KEGG: mmu04310; PMID: 23209147
Basal-P,FIB-A,Wnt3,FZD2_LRP6,0.0013247800048066794,0.0,WNT3_FZD2_LRP6,Wnt3  - (Fzd2+Lrp6),WNT,Secreted Signaling,KEGG: mmu04310; PMID: 23209147
Basal-P,FIB-B,Wnt3,FZD2_LRP6,0.0027137186449212483,0.0,WNT3_FZD2_LRP6,Wnt3  - (Fzd2+Lrp6),WNT,Secreted Signaling,KEGG: mmu04310; PMID: 23209147
Basal-P,FIB-P,Wnt3,FZD2_LRP6,0.0040170548645608,0.0,WNT3_FZD2_LRP6,Wnt3  - (Fzd2+Lrp6),WNT,Secreted Signaling,KEGG: mmu04310; PMID: 23209147
Basal-P,MELA,Wnt3,FZD2_LRP6,0.0017458540746050706,0.0,WNT3_FZD2_LRP6,Wnt3  - (Fzd2+Lrp6),WNT,Secreted Signaling,KEGG: mmu04310; PMID: 23209147
Basal-P,Muscle,Wnt3,FZD2_LRP6,0.0016368817532928803,0.0,WNT3_FZD2_LRP6,Wnt3  - (Fzd2+Lrp6),WNT,Secreted Signaling,KEGG: mmu04310; PMID: 23209147
Basal-P,Pericyte,Wnt3,FZD2_LRP6,0.0019559196122152997,0.0,WNT3_FZD2_LRP6,Wnt3  - (Fzd2+Lrp6),WNT,Secreted Signaling,KEGG: mmu04310; PMID: 23209147
Basal-P,Spinious,Wnt3,FZD2_LRP6,0.002057675217672388,0.0,WNT3_FZD2_LRP6,Wnt3  - (Fzd2+Lrp6),WNT,Secreted Signaling,KEGG: mmu04310; PMID: 23209147
Basal,MELA,Wnt3,FZD3_LRP6,0.002416953138216642,0.0,WNT3_FZD3_LRP6,Wnt3  - (Fzd3+Lrp6),WNT,Secreted Signaling,KEGG: mmu04310; PMID: 23209147
Basal,Spinious,Wnt3,FZD3_LRP6,0.002087052560082075,0.0,WNT3_FZD3_LRP6,Wnt3  - (Fzd3+Lrp6),WNT,Secreted Signaling,KEGG: mmu04310; PMID: 23209147
Basal-P,MELA,Wnt3,FZD3_LRP6,0.0023305992508384707,0.0,WNT3_FZD3_LRP6,Wnt3  - (Fzd3+Lrp6),WNT,Secreted Signaling,KEGG: mmu04310; PMID: 23209147
Basal-P,Spinious,Wnt3,FZD3_LRP6,0.0020124518434123146,0.0,WNT3_FZD3_LRP6,Wnt3  - (Fzd3+Lrp6),WNT,Secreted Signaling,KEGG: mmu04310; PMID: 23209147
Basal,ENDO,Wnt3,FZD4_LRP6,0.0016064199114414707,0.0,WNT3_FZD4_LRP6,Wnt3  - (Fzd4+Lrp6),WNT,Secreted Signaling,KEGG: mmu04310; PMID: 23209147
Basal-P,ENDO,Wnt3,FZD4_LRP6,0.0015490127047571175,0.0,WNT3_FZD4_LRP6,Wnt3  - (Fzd4+Lrp6),WNT,Secreted Signaling,KEGG: mmu04310; PMID: 23209147
Basal,Basal,Wnt3,FZD6_LRP6,0.001623970363373291,0.0,WNT3_FZD6_LRP6,Wnt3  - (Fzd6+Lrp6),WNT,Secreted Signaling,KEGG: mmu04310; PMID: 23209147
Basal,Basal-P,Wnt3,FZD6_LRP6,0.0017396838078938643,0.0,WNT3_FZD6_LRP6,Wnt3  - (Fzd6+Lrp6),WNT,Secreted Signaling,KEGG: mmu04310; PMID: 23209147
Basal,Spinious,Wnt3,FZD6_LRP6,0.002239077956641569,0.0,WNT3_FZD6_LRP6,Wnt3  - (Fzd6+Lrp6),WNT,Secreted Signaling,KEGG: mmu04310; PMID: 23209147
Basal-P,Basal,Wnt3,FZD6_LRP6,0.0015659329222251859,0.0,WNT3_FZD6_LRP6,Wnt3  - (Fzd6+Lrp6),WNT,Secreted Signaling,KEGG: mmu04310; PMID: 23209147
Basal-P,Basal-P,Wnt3,FZD6_LRP6,0.0016775170835345444,0.0,WNT3_FZD6_LRP6,Wnt3  - (Fzd6+Lrp6),WNT,Secreted Signaling,KEGG: mmu04310; PMID: 23209147
Basal-P,Spinious,Wnt3,FZD6_LRP6,0.0021590477294482196,0.0,WNT3_FZD6_LRP6,Wnt3  - (Fzd6+Lrp6),WNT,Secreted Signaling,KEGG: mmu04310; PMID: 23209147
Basal,FIB-P,Wnt4,FZD1_LRP6,0.002691978650427829,0.0,WNT4_FZD1_LRP6,Wnt4  - (Fzd1+Lrp6),WNT,Secreted Signaling,KEGG: mmu04310; PMID: 23209147
Basal-P,FIB-P,Wnt4,FZD1_LRP6,0.0025897137697674156,0.0,WNT4_FZD1_LRP6,Wnt4  - (Fzd1+Lrp6),WNT,Secreted Signaling,KEGG: mmu04310; PMID: 23209147
FIB-B,FIB-P,Wnt4,FZD1_LRP6,0.0010494208859235007,0.0,WNT4_FZD1_LRP6,Wnt4  - (Fzd1+Lrp6),WNT,Secreted Signaling,KEGG: mmu04310; PMID: 23209147
FIB-P,FIB-P,Wnt4,FZD1_LRP6,0.0008469237237961139,0.0,WNT4_FZD1_LRP6,Wnt4  - (Fzd1+Lrp6),WNT,Secreted Signaling,KEGG: mmu04310; PMID: 23209147
MELA,FIB-P,Wnt4,FZD1_LRP6,0.0001907912412573462,0.0,WNT4_FZD1_LRP6,Wnt4  - (Fzd1+Lrp6),WNT,Secreted Signaling,KEGG: mmu04310; PMID: 23209147
Spinious,FIB-P,Wnt4,FZD1_LRP6,0.001328671373514967,0.0,WNT4_FZD1_LRP6,Wnt4  - (Fzd1+Lrp6),WNT,Secreted Signaling,KEGG: mmu04310; PMID: 23209147
Basal,Basal,Wnt4,FZD10_LRP6,0.004465669729301746,0.0,WNT4_FZD10_LRP6,Wnt4  - (Fzd10+Lrp6),WNT,Secreted Signaling,KEGG: mmu04310; PMID: 23209147
Basal,Basal-P,Wnt4,FZD10_LRP6,0.004895578087373683,0.0,WNT4_FZD10_LRP6,Wnt4  - (Fzd10+Lrp6),WNT,Secreted Signaling,KEGG: mmu04310; PMID: 23209147
Basal-P,Basal,Wnt4,FZD10_LRP6,0.00429628208041093,0.0,WNT4_FZD10_LRP6,Wnt4  - (Fzd10+Lrp6),WNT,Secreted Signaling,KEGG: mmu04310; PMID: 23209147
Basal-P,Basal-P,Wnt4,FZD10_LRP6,0.004709958175639509,0.0,WNT4_FZD10_LRP6,Wnt4  - (Fzd10+Lrp6),WNT,Secreted Signaling,KEGG: mmu04310; PMID: 23209147
FIB-B,Basal,Wnt4,FZD10_LRP6,0.0017475798944125297,0.0,WNT4_FZD10_LRP6,Wnt4  - (Fzd10+Lrp6),WNT,Secreted Signaling,KEGG: mmu04310; PMID: 23209147
FIB-B,Basal-P,Wnt4,FZD10_LRP6,0.0019177743634800446,0.0,WNT4_FZD10_LRP6,Wnt4  - (Fzd10+Lrp6),WNT,Secreted Signaling,KEGG: mmu04310; PMID: 23209147
FIB-P,Basal,Wnt4,FZD10_LRP6,0.0014105197376465272,0.0,WNT4_FZD10_LRP6,Wnt4  - (Fzd10+Lrp6),WNT,Secreted Signaling,KEGG: mmu04310; PMID: 23209147
FIB-P,Basal-P,Wnt4,FZD10_LRP6,0.0015479333683811364,0.0,WNT4_FZD10_LRP6,Wnt4  - (Fzd10+Lrp6),WNT,Secreted Signaling,KEGG: mmu04310; PMID: 23209147
MELA,Basal,Wnt4,FZD10_LRP6,0.00031812000841896287,0.0,WNT4_FZD10_LRP6,Wnt4  - (Fzd10+Lrp6),WNT,Secreted Signaling,KEGG: mmu04310; PMID: 23209147
MELA,Basal-P,Wnt4,FZD10_LRP6,0.0003492178034259585,0.0,WNT4_FZD10_LRP6,Wnt4  - (Fzd10+Lrp6),WNT,Secreted Signaling,KEGG: mmu04310; PMID: 23209147
Spinious,Basal,Wnt4,FZD10_LRP6,0.0022123689052543872,0.0,WNT4_FZD10_LRP6,Wnt4  - (Fzd10+Lrp6),WNT,Secreted Signaling,KEGG: mmu04310; PMID: 23209147
Spinious,Basal-P,Wnt4,FZD10_LRP6,0.0024277582299791433,0.0,WNT4_FZD10_LRP6,Wnt4  - (Fzd10+Lrp6),WNT,Secreted Signaling,KEGG: mmu04310; PMID: 23209147
Basal,Basal-P,Wnt4,FZD2_LRP6,0.00201263201188251,0.0,WNT4_FZD2_LRP6,Wnt4  - (Fzd2+Lrp6),WNT,Secreted Signaling,KEGG: mmu04310; PMID: 23209147
Basal,DC,Wnt4,FZD2_LRP6,0.004912248284868224,0.0,WNT4_FZD2_LRP6,Wnt4  - (Fzd2+Lrp6),WNT,Secreted Signaling,KEGG: mmu04310; PMID: 23209147
Basal,FIB-A,Wnt4,FZD2_LRP6,0.001929460292114363,0.0,WNT4_FZD2_LRP6,Wnt4  - (Fzd2+Lrp6),WNT,Secreted Signaling,KEGG: mmu04310; PMID: 23209147
Basal,FIB-B,Wnt4,FZD2_LRP6,0.00395969555258582,0.0,WNT4_FZD2_LRP6,Wnt4  - (Fzd2+Lrp6),WNT,Secreted Signaling,KEGG: mmu04310; PMID: 23209147
Basal,FIB-P,Wnt4,FZD2_LRP6,0.0058522983794320705,0.0,WNT4_FZD2_LRP6,Wnt4  - (Fzd2+Lrp6),WNT,Secreted Signaling,KEGG: mmu04310; PMID: 23209147
Basal,MELA,Wnt4,FZD2_LRP6,0.002548914836444746,0.0,WNT4_FZD2_LRP6,Wnt4  - (Fzd2+Lrp6),WNT,Secreted Signaling,KEGG: mmu04310; PMID: 23209147
Basal,Muscle,Wnt4,FZD2_LRP6,0.002390910564736708,0.0,WNT4_FZD2_LRP6,Wnt4  - (Fzd2+Lrp6),WNT,Secreted Signaling,KEGG: mmu04310; PMID: 23209147
Basal,Pericyte,Wnt4,FZD2_LRP6,0.0028558107625619366,0.0,WNT4_FZD2_LRP6,Wnt4  - (Fzd2+Lrp6),WNT,Secreted Signaling,KEGG: mmu04310; PMID: 23209147
Basal,Spinious,Wnt4,FZD2_LRP6,0.0030048251699310038,0.0,WNT4_FZD2_LRP6,Wnt4  - (Fzd2+Lrp6),WNT,Secreted Signaling,KEGG: mmu04310; PMID: 23209147
Basal-P,Basal-P,Wnt4,FZD2_LRP6,0.001936161048391269,0.0,WNT4_FZD2_LRP6,Wnt4  - (Fzd2+Lrp6),WNT,Secreted Signaling,KEGG: mmu04310; PMID: 23209147
Basal-P,DC,Wnt4,FZD2_LRP6,0.004726114089934204,0.0,WNT4_FZD2_LRP6,Wnt4  - (Fzd2+Lrp6),WNT,Secreted Signaling,KEGG: mmu04310; PMID: 23209147
Basal-P,FIB-A,Wnt4,FZD2_LRP6,0.001856324005558285,0.0,WNT4_FZD2_LRP6,Wnt4  - (Fzd2+Lrp6),WNT,Secreted Signaling,KEGG: mmu04310; PMID: 23209147
Basal-P,FIB-B,Wnt4,FZD2_LRP6,0.003809339649006507,0.0,WNT4_FZD2_LRP6,Wnt4  - (Fzd2+Lrp6),WNT,Secreted Signaling,KEGG: mmu04310; PMID: 23209147
Basal-P,FIB-P,Wnt4,FZD2_LRP6,0.005630405516878813,0.0,WNT4_FZD2_LRP6,Wnt4  - (Fzd2+Lrp6),WNT,Secreted Signaling,KEGG: mmu04310; PMID: 23209147
Basal-P,MELA,Wnt4,FZD2_LRP6,0.0024520756896016147,0.0,WNT4_FZD2_LRP6,Wnt4  - (Fzd2+Lrp6),WNT,Secreted Signaling,KEGG: mmu04310; PMID: 23209147
Basal-P,Muscle,Wnt4,FZD2_LRP6,0.0023000350435040573,0.0,WNT4_FZD2_LRP6,Wnt4  - (Fzd2+Lrp6),WNT,Secreted Signaling,KEGG: mmu04310; PMID: 23209147
Basal-P,Pericyte,Wnt4,FZD2_LRP6,0.002747304594604398,0.0,WNT4_FZD2_LRP6,Wnt4  - (Fzd2+Lrp6),WNT,Secreted Signaling,KEGG: mmu04310; PMID: 23209147
Basal-P,Spinious,Wnt4,FZD2_LRP6,0.0028906413086089,0.0,WNT4_FZD2_LRP6,Wnt4  - (Fzd2+Lrp6),WNT,Secreted Signaling,KEGG: mmu04310; PMID: 23209147
FIB-B,DC,Wnt4,FZD2_LRP6,0.0019273993069975715,0.0,WNT4_FZD2_LRP6,Wnt4  - (Fzd2+Lrp6),WNT,Secreted Signaling,KEGG: mmu04310; PMID: 23209147
FIB-B,FIB-P,Wnt4,FZD2_LRP6,0.002292605870182637,0.0,WNT4_FZD2_LRP6,Wnt4  - (Fzd2+Lrp6),WNT,Secreted Signaling,KEGG: mmu04310; PMID: 23209147
FIB-P,FIB-P,Wnt4,FZD2_LRP6,0.0018504801125056708,0.0,WNT4_FZD2_LRP6,Wnt4  - (Fzd2+Lrp6),WNT,Secreted Signaling,KEGG: mmu04310; PMID: 23209147
Spinious,DC,Wnt4,FZD2_LRP6,0.0024398312301274682,0.0,WNT4_FZD2_LRP6,Wnt4  - (Fzd2+Lrp6),WNT,Secreted Signaling,KEGG: mmu04310; PMID: 23209147
Spinious,FIB-B,Wnt4,FZD2_LRP6,0.001956548769846004,0.0,WNT4_FZD2_LRP6,Wnt4  - (Fzd2+Lrp6),WNT,Secreted Signaling,KEGG: mmu04310; PMID: 23209147
Spinious,FIB-P,Wnt4,FZD2_LRP6,0.002902264963291684,0.0,WNT4_FZD2_LRP6,Wnt4  - (Fzd2+Lrp6),WNT,Secreted Signaling,KEGG: mmu04310; PMID: 23209147
Basal,MELA,Wnt4,FZD3_LRP6,0.0034007715904962052,0.0,WNT4_FZD3_LRP6,Wnt4  - (Fzd3+Lrp6),WNT,Secreted Signaling,KEGG: mmu04310; PMID: 23209147
Basal,Spinious,Wnt4,FZD3_LRP6,0.0029388768236878232,0.0,WNT4_FZD3_LRP6,Wnt4  - (Fzd3+Lrp6),WNT,Secreted Signaling,KEGG: mmu04310; PMID: 23209147
Basal-P,MELA,Wnt4,FZD3_LRP6,0.003271635288855098,0.0,WNT4_FZD3_LRP6,Wnt4  - (Fzd3+Lrp6),WNT,Secreted Signaling,KEGG: mmu04310; PMID: 23209147
Basal-P,Spinious,Wnt4,FZD3_LRP6,0.0028271957243919854,0.0,WNT4_FZD3_LRP6,Wnt4  - (Fzd3+Lrp6),WNT,Secreted Signaling,KEGG: mmu04310; PMID: 23209147
FIB-B,MELA,Wnt4,FZD3_LRP6,0.0013271549817966222,0.0,WNT4_FZD3_LRP6,Wnt4  - (Fzd3+Lrp6),WNT,Secreted Signaling,KEGG: mmu04310; PMID: 23209147
FIB-B,Spinious,Wnt4,FZD3_LRP6,0.0011447127009294592,0.0,WNT4_FZD3_LRP6,Wnt4  - (Fzd3+Lrp6),WNT,Secreted Signaling,KEGG: mmu04310; PMID: 23209147
FIB-P,MELA,Wnt4,FZD3_LRP6,0.0010710986334783997,0.0,WNT4_FZD3_LRP6,Wnt4  - (Fzd3+Lrp6),WNT,Secreted Signaling,KEGG: mmu04310; PMID: 23209147
FIB-P,Spinious,Wnt4,FZD3_LRP6,0.0009238060549273351,0.0,WNT4_FZD3_LRP6,Wnt4  - (Fzd3+Lrp6),WNT,Secreted Signaling,KEGG: mmu04310; PMID: 23209147
MELA,MELA,Wnt4,FZD3_LRP6,0.00024136930747639565,0.0,WNT4_FZD3_LRP6,Wnt4  - (Fzd3+Lrp6),WNT,Secreted Signaling,KEGG: mmu04310; PMID: 23209147
MELA,Spinious,Wnt4,FZD3_LRP6,0.0002080593619319089,0.0,WNT4_FZD3_LRP6,Wnt4  - (Fzd3+Lrp6),WNT,Secreted Signaling,KEGG: mmu04310; PMID: 23209147
Spinious,MELA,Wnt4,FZD3_LRP6,0.0016802593954521033,0.0,WNT4_FZD3_LRP6,Wnt4  - (Fzd3+Lrp6),WNT,Secreted Signaling,KEGG: mmu04310; PMID: 23209147
Spinious,Spinious,Wnt4,FZD3_LRP6,0.001449354535490788,0.0,WNT4_FZD3_LRP6,Wnt4  - (Fzd3+Lrp6),WNT,Secreted Signaling,KEGG: mmu04310; PMID: 23209147
Basal,ENDO,Wnt4,FZD4_LRP6,0.0022611543294078227,0.0,WNT4_FZD4_LRP6,Wnt4  - (Fzd4+Lrp6),WNT,Secreted Signaling,KEGG: mmu04310; PMID: 23209147
Basal-P,ENDO,Wnt4,FZD4_LRP6,0.00217526137199898,0.0,WNT4_FZD4_LRP6,Wnt4  - (Fzd4+Lrp6),WNT,Secreted Signaling,KEGG: mmu04310; PMID: 23209147
FIB-B,ENDO,Wnt4,FZD4_LRP6,0.0008816131600144527,0.0,WNT4_FZD4_LRP6,Wnt4  - (Fzd4+Lrp6),WNT,Secreted Signaling,KEGG: mmu04310; PMID: 23209147
FIB-P,ENDO,Wnt4,FZD4_LRP6,0.0007114995644158069,0.0,WNT4_FZD4_LRP6,Wnt4  - (Fzd4+Lrp6),WNT,Secreted Signaling,KEGG: mmu04310; PMID: 23209147
MELA,ENDO,Wnt4,FZD4_LRP6,0.00016029112764776862,0.0,WNT4_FZD4_LRP6,Wnt4  - (Fzd4+Lrp6),WNT,Secreted Signaling,KEGG: mmu04310; PMID: 23209147
Spinious,ENDO,Wnt4,FZD4_LRP6,0.001116205007470068,0.0,WNT4_FZD4_LRP6,Wnt4  - (Fzd4+Lrp6),WNT,Secreted Signaling,KEGG: mmu04310; PMID: 23209147
Basal,Basal,Wnt4,FZD6_LRP6,0.0022860655515335704,0.0,WNT4_FZD6_LRP6,Wnt4  - (Fzd6+Lrp6),WNT,Secreted Signaling,KEGG: mmu04310; PMID: 23209147
Basal,Basal-P,Wnt4,FZD6_LRP6,0.002448541326045159,0.0,WNT4_FZD6_LRP6,Wnt4  - (Fzd6+Lrp6),WNT,Secreted Signaling,KEGG: mmu04310; PMID: 23209147
Basal,Spinious,Wnt4,FZD6_LRP6,0.0031526397843555285,0.0,WNT4_FZD6_LRP6,Wnt4  - (Fzd6+Lrp6),WNT,Secreted Signaling,KEGG: mmu04310; PMID: 23209147
Basal-P,Basal,Wnt4,FZD6_LRP6,0.0021992186832040968,0.0,WNT4_FZD6_LRP6,Wnt4  - (Fzd6+Lrp6),WNT,Secreted Signaling,KEGG: mmu04310; PMID: 23209147
Basal-P,Basal-P,Wnt4,FZD6_LRP6,0.0023555372635285427,0.0,WNT4_FZD6_LRP6,Wnt4  - (Fzd6+Lrp6),WNT,Secreted Signaling,KEGG: mmu04310; PMID: 23209147
Basal-P,Spinious,Wnt4,FZD6_LRP6,0.0030328468442412347,0.0,WNT4_FZD6_LRP6,Wnt4  - (Fzd6+Lrp6),WNT,Secreted Signaling,KEGG: mmu04310; PMID: 23209147
FIB-B,Basal,Wnt4,FZD6_LRP6,0.0008911277901617064,0.0,WNT4_FZD6_LRP6,Wnt4  - (Fzd6+Lrp6),WNT,Secreted Signaling,KEGG: mmu04310; PMID: 23209147
FIB-B,Basal-P,Wnt4,FZD6_LRP6,0.0009548574394720405,0.0,WNT4_FZD6_LRP6,Wnt4  - (Fzd6+Lrp6),WNT,Secreted Signaling,KEGG: mmu04310; PMID: 23209147
FIB-B,Spinious,Wnt4,FZD6_LRP6,0.0012282713160102945,0.0,WNT4_FZD6_LRP6,Wnt4  - (Fzd6+Lrp6),WNT,Secreted Signaling,KEGG: mmu04310; PMID: 23209147
FIB-P,Basal,Wnt4,FZD6_LRP6,0.0007191737426317381,0.0,WNT4_FZD6_LRP6,Wnt4  - (Fzd6+Lrp6),WNT,Secreted Signaling,KEGG: mmu04310; PMID: 23209147
FIB-P,Basal-P,Wnt4,FZD6_LRP6,0.0007706150245609703,0.0,WNT4_FZD6_LRP6,Wnt4  - (Fzd6+Lrp6),WNT,Secreted Signaling,KEGG: mmu04310; PMID: 23209147
FIB-P,Spinious,Wnt4,FZD6_LRP6,0.0009912463121805096,0.0,WNT4_FZD6_LRP6,Wnt4  - (Fzd6+Lrp6),WNT,Secreted Signaling,KEGG: mmu04310; PMID: 23209147
MELA,Basal,Wnt4,FZD6_LRP6,0.00016200932333933416,0.0,WNT4_FZD6_LRP6,Wnt4  - (Fzd6+Lrp6),WNT,Secreted Signaling,KEGG: mmu04310; PMID: 23209147
MELA,Basal-P,Wnt4,FZD6_LRP6,0.00017361891313183423,0.0,WNT4_FZD6_LRP6,Wnt4  - (Fzd6+Lrp6),WNT,Secreted Signaling,KEGG: mmu04310; PMID: 23209147
MELA,Spinious,Wnt4,FZD6_LRP6,0.00022326422096024406,0.0,WNT4_FZD6_LRP6,Wnt4  - (Fzd6+Lrp6),WNT,Secreted Signaling,KEGG: mmu04310; PMID: 23209147
Spinious,Basal,Wnt4,FZD6_LRP6,0.0011282585139841506,0.0,WNT4_FZD6_LRP6,Wnt4  - (Fzd6+Lrp6),WNT,Secreted Signaling,KEGG: mmu04310; PMID: 23209147
Spinious,Basal-P,Wnt4,FZD6_LRP6,0.0012089325874493305,0.0,WNT4_FZD6_LRP6,Wnt4  - (Fzd6+Lrp6),WNT,Secreted Signaling,KEGG: mmu04310; PMID: 23209147
Spinious,Spinious,Wnt4,FZD6_LRP6,0.0015551399578671787,0.0,WNT4_FZD6_LRP6,Wnt4  - (Fzd6+Lrp6),WNT,Secreted Signaling,KEGG: mmu04310; PMID: 23209147
Basal,FIB-P,Wnt6,FZD1_LRP6,0.0060613894713547195,0.0,WNT6_FZD1_LRP6,Wnt6  - (Fzd1+Lrp6),WNT,Secreted Signaling,KEGG: mmu04310; PMID: 23209147
Basal-P,FIB-P,Wnt6,FZD1_LRP6,0.006073938815716431,0.0,WNT6_FZD1_LRP6,Wnt6  - (Fzd1+Lrp6),WNT,Secreted Signaling,KEGG: mmu04310; PMID: 23209147
Basal,Basal,Wnt6,FZD10_LRP6,0.009987326860995236,0.0,WNT6_FZD10_LRP6,Wnt6  - (Fzd10+Lrp6),WNT,Secreted Signaling,KEGG: mmu04310; PMID: 23209147
Basal,Basal-P,Wnt6,FZD10_LRP6,0.010929327730757707,0.0,WNT6_FZD10_LRP6,Wnt6  - (Fzd10+Lrp6),WNT,Secreted Signaling,KEGG: mmu04310; PMID: 23209147
Basal-P,Basal,Wnt6,FZD10_LRP6,0.010004348752264742,0.0,WNT6_FZD10_LRP6,Wnt6  - (Fzd10+Lrp6),WNT,Secreted Signaling,KEGG: mmu04310; PMID: 23209147
Basal-P,Basal-P,Wnt6,FZD10_LRP6,0.010946907272782264,0.0,WNT6_FZD10_LRP6,Wnt6  - (Fzd10+Lrp6),WNT,Secreted Signaling,KEGG: mmu04310; PMID: 23209147
Basal,Basal-P,Wnt6,FZD2_LRP6,0.004535348951692406,0.0,WNT6_FZD2_LRP6,Wnt6  - (Fzd2+Lrp6),WNT,Secreted Signaling,KEGG: mmu04310; PMID: 23209147
Basal,DC,Wnt6,FZD2_LRP6,0.010935946338870548,0.0,WNT6_FZD2_LRP6,Wnt6  - (Fzd2+Lrp6),WNT,Secreted Signaling,KEGG: mmu04310; PMID: 23209147
Basal,FIB-A,Wnt6,FZD2_LRP6,0.004302087386493396,0.0,WNT6_FZD2_LRP6,Wnt6  - (Fzd2+Lrp6),WNT,Secreted Signaling,KEGG: mmu04310; PMID: 23209147
Basal,FIB-B,Wnt6,FZD2_LRP6,0.00889786987855643,0.0,WNT6_FZD2_LRP6,Wnt6  - (Fzd2+Lrp6),WNT,Secreted Signaling,KEGG: mmu04310; PMID: 23209147
Basal,FIB-P,Wnt6,FZD2_LRP6,0.01306470250621772,0.0,WNT6_FZD2_LRP6,Wnt6  - (Fzd2+Lrp6),WNT,Secreted Signaling,KEGG: mmu04310; PMID: 23209147
Basal,MELA,Wnt6,FZD2_LRP6,0.0057416678059368734,0.0,WNT6_FZD2_LRP6,Wnt6  - (Fzd2+Lrp6),WNT,Secreted Signaling,KEGG: mmu04310; PMID: 23209147
Basal,Muscle,Wnt6,FZD2_LRP6,0.005396199519393596,0.0,WNT6_FZD2_LRP6,Wnt6  - (Fzd2+Lrp6),WNT,Secreted Signaling,KEGG: mmu04310; PMID: 23209147
Basal,Pericyte,Wnt6,FZD2_LRP6,0.006434926541320199,0.0,WNT6_FZD2_LRP6,Wnt6  - (Fzd2+Lrp6),WNT,Secreted Signaling,KEGG: mmu04310; PMID: 23209147
Basal,Spinious,Wnt6,FZD2_LRP6,0.006774922604729154,0.0,WNT6_FZD2_LRP6,Wnt6  - (Fzd2+Lrp6),WNT,Secreted Signaling,KEGG: mmu04310; PMID: 23209147
Basal-P,Basal-P,Wnt6,FZD2_LRP6,0.004544935006169602,0.0,WNT6_FZD2_LRP6,Wnt6  - (Fzd2+Lrp6),WNT,Secreted Signaling,KEGG: mmu04310; PMID: 23209147
Basal-P,DC,Wnt6,FZD2_LRP6,0.01095189526591685,0.0,WNT6_FZD2_LRP6,Wnt6  - (Fzd2+Lrp6),WNT,Secreted Signaling,KEGG: mmu04310; PMID: 23209147
Basal-P,FIB-A,Wnt6,FZD2_LRP6,0.004308716363780124,0.0,WNT6_FZD2_LRP6,Wnt6  - (Fzd2+Lrp6),WNT,Secreted Signaling,KEGG: mmu04310; PMID: 23209147
Basal-P,FIB-B,Wnt6,FZD2_LRP6,0.008915317788018235,0.0,WNT6_FZD2_LRP6,Wnt6  - (Fzd2+Lrp6),WNT,Secreted Signaling,KEGG: mmu04310; PMID: 23209147
Basal-P,FIB-P,Wnt6,FZD2_LRP6,0.01308569019837398,0.0,WNT6_FZD2_LRP6,Wnt6  - (Fzd2+Lrp6),WNT,Secreted Signaling,KEGG: mmu04310; PMID: 23209147
Basal-P,MELA,Wnt6,FZD2_LRP6,0.005753686030133413,0.0,WNT6_FZD2_LRP6,Wnt6  - (Fzd2+Lrp6),WNT,Secreted Signaling,KEGG: mmu04310; PMID: 23209147
Basal-P,Muscle,Wnt6,FZD2_LRP6,0.005408063648678093,0.0,WNT6_FZD2_LRP6,Wnt6  - (Fzd2+Lrp6),WNT,Secreted Signaling,KEGG: mmu04310; PMID: 23209147
Basal-P,Pericyte,Wnt6,FZD2_LRP6,0.006448501697506502,0.0,WNT6_FZD2_LRP6,Wnt6  - (Fzd2+Lrp6),WNT,Secreted Signaling,KEGG: mmu04310; PMID: 23209147
Basal-P,Spinious,Wnt6,FZD2_LRP6,0.006789444849804066,0.0,WNT6_FZD2_LRP6,Wnt6  - (Fzd2+Lrp6),WNT,Secreted Signaling,KEGG: mmu04310; PMID: 23209147
Basal,MELA,Wnt6,FZD3_LRP6,0.0076428634906083774,0.0,WNT6_FZD3_LRP6,Wnt6  - (Fzd3+Lrp6),WNT,Secreted Signaling,KEGG: mmu04310; PMID: 23209147
Basal,Spinious,Wnt6,FZD3_LRP6,0.006627103595194615,0.0,WNT6_FZD3_LRP6,Wnt6  - (Fzd3+Lrp6),WNT,Secreted Signaling,KEGG: mmu04310; PMID: 23209147
Basal-P,MELA,Wnt6,FZD3_LRP6,0.007657902313636515,0.0,WNT6_FZD3_LRP6,Wnt6  - (Fzd3+Lrp6),WNT,Secreted Signaling,KEGG: mmu04310; PMID: 23209147
Basal-P,Spinious,Wnt6,FZD3_LRP6,0.006641356502452442,0.0,WNT6_FZD3_LRP6,Wnt6  - (Fzd3+Lrp6),WNT,Secreted Signaling,KEGG: mmu04310; PMID: 23209147
Basal,ENDO,Wnt6,FZD4_LRP6,0.0050898806003847035,0.0,WNT6_FZD4_LRP6,Wnt6  - (Fzd4+Lrp6),WNT,Secreted Signaling,KEGG: mmu04310; PMID: 23209147
Basal-P,ENDO,Wnt6,FZD4_LRP6,0.005100340158783191,0.0,WNT6_FZD4_LRP6,Wnt6  - (Fzd4+Lrp6),WNT,Secreted Signaling,KEGG: mmu04310; PMID: 23209147
Basal,Basal,Wnt6,FZD6_LRP6,0.005147976622058702,0.0,WNT6_FZD6_LRP6,Wnt6  - (Fzd6+Lrp6),WNT,Secreted Signaling,KEGG: mmu04310; PMID: 23209147
Basal,Basal-P,Wnt6,FZD6_LRP6,0.0055098265025170495,0.0,WNT6_FZD6_LRP6,Wnt6  - (Fzd6+Lrp6),WNT,Secreted Signaling,KEGG: mmu04310; PMID: 23209147
Basal,Spinious,Wnt6,FZD6_LRP6,0.007106098124178946,0.0,WNT6_FZD6_LRP6,Wnt6  - (Fzd6+Lrp6),WNT,Secreted Signaling,KEGG: mmu04310; PMID: 23209147
Basal-P,Basal,Wnt6,FZD6_LRP6,0.005158665317399286,0.0,WNT6_FZD6_LRP6,Wnt6  - (Fzd6+Lrp6),WNT,Secreted Signaling,KEGG: mmu04310; PMID: 23209147
Basal-P,Basal-P,Wnt6,FZD6_LRP6,0.0055210478674222185,0.0,WNT6_FZD6_LRP6,Wnt6  - (Fzd6+Lrp6),WNT,Secreted Signaling,KEGG: mmu04310; PMID: 23209147
Basal-P,Spinious,Wnt6,FZD6_LRP6,0.007121216105156563,0.0,WNT6_FZD6_LRP6,Wnt6  - (Fzd6+Lrp6),WNT,Secreted Signaling,KEGG: mmu04310; PMID: 23209147
Basal,FIB-P,Wnt7b,FZD1_LRP6,0.000875904928707581,0.0,WNT7B_FZD1_LRP6,Wnt7b  - (Fzd1+Lrp6),WNT,Secreted Signaling,KEGG: mmu04310; PMID: 23209147
Basal-P,FIB-P,Wnt7b,FZD1_LRP6,0.0018126974913080945,0.0,WNT7B_FZD1_LRP6,Wnt7b  - (Fzd1+Lrp6),WNT,Secreted Signaling,KEGG: mmu04310; PMID: 23209147
Spinious,FIB-P,Wnt7b,FZD1_LRP6,0.0007958248067438238,0.0,WNT7B_FZD1_LRP6,Wnt7b  - (Fzd1+Lrp6),WNT,Secreted Signaling,KEGG: mmu04310; PMID: 23209147
Basal,Basal,Wnt7b,FZD10_LRP6,0.001458356642258033,0.0,WNT7B_FZD10_LRP6,Wnt7b  - (Fzd10+Lrp6),WNT,Secreted Signaling,KEGG: mmu04310; PMID: 23209147
Basal,Basal-P,Wnt7b,FZD10_LRP6,0.001600305208488396,0.0,WNT7B_FZD10_LRP6,Wnt7b  - (Fzd10+Lrp6),WNT,Secreted Signaling,KEGG: mmu04310; PMID: 23209147
Basal-P,Basal,Wnt7b,FZD10_LRP6,0.00301207513695289,0.0,WNT7B_FZD10_LRP6,Wnt7b  - (Fzd10+Lrp6),WNT,Secreted Signaling,KEGG: mmu04310; PMID: 23209147
Basal-P,Basal-P,Wnt7b,FZD10_LRP6,0.003303506251808553,0.0,WNT7B_FZD10_LRP6,Wnt7b  - (Fzd10+Lrp6),WNT,Secreted Signaling,KEGG: mmu04310; PMID: 23209147
Spinious,Basal,Wnt7b,FZD10_LRP6,0.0013260280296743788,0.0,WNT7B_FZD10_LRP6,Wnt7b  - (Fzd10+Lrp6),WNT,Secreted Signaling,KEGG: mmu04310; PMID: 23209147
Spinious,Basal-P,Wnt7b,FZD10_LRP6,0.0014553888293025242,0.0,WNT7B_FZD10_LRP6,Wnt7b  - (Fzd10+Lrp6),WNT,Secreted Signaling,KEGG: mmu04310; PMID: 23209147
Basal,Basal-P,Wnt7b,FZD2_LRP6,0.0006545811465406878,0.0,WNT7B_FZD2_LRP6,Wnt7b  - (Fzd2+Lrp6),WNT,Secreted Signaling,KEGG: mmu04310; PMID: 23209147
Basal,DC,Wnt7b,FZD2_LRP6,0.0016082118952695792,0.0,WNT7B_FZD2_LRP6,Wnt7b  - (Fzd2+Lrp6),WNT,Secreted Signaling,KEGG: mmu04310; PMID: 23209147
Basal,FIB-A,Wnt7b,FZD2_LRP6,0.000631150906904784,0.0,WNT7B_FZD2_LRP6,Wnt7b  - (Fzd2+Lrp6),WNT,Secreted Signaling,KEGG: mmu04310; PMID: 23209147
Basal,FIB-B,Wnt7b,FZD2_LRP6,0.0012897936007040694,0.0,WNT7B_FZD2_LRP6,Wnt7b  - (Fzd2+Lrp6),WNT,Secreted Signaling,KEGG: mmu04310; PMID: 23209147
Basal,FIB-P,Wnt7b,FZD2_LRP6,0.0019130849506613905,0.0,WNT7B_FZD2_LRP6,Wnt7b  - (Fzd2+Lrp6),WNT,Secreted Signaling,KEGG: mmu04310; PMID: 23209147
Basal,MELA,Wnt7b,FZD2_LRP6,0.0008291680032512682,0.0,WNT7B_FZD2_LRP6,Wnt7b  - (Fzd2+Lrp6),WNT,Secreted Signaling,KEGG: mmu04310; PMID: 23209147
Basal,Muscle,Wnt7b,FZD2_LRP6,0.0007769583129034771,0.0,WNT7B_FZD2_LRP6,Wnt7b  - (Fzd2+Lrp6),WNT,Secreted Signaling,KEGG: mmu04310; PMID: 23209147
Basal,Pericyte,Wnt7b,FZD2_LRP6,0.0009288505831020024,0.0,WNT7B_FZD2_LRP6,Wnt7b  - (Fzd2+Lrp6),WNT,Secreted Signaling,KEGG: mmu04310; PMID: 23209147
Basal,Spinious,Wnt7b,FZD2_LRP6,0.0009769893446188445,0.0,WNT7B_FZD2_LRP6,Wnt7b  - (Fzd2+Lrp6),WNT,Secreted Signaling,KEGG: mmu04310; PMID: 23209147
Basal-P,Basal-P,Wnt7b,FZD2_LRP6,0.0013549807375674262,0.0,WNT7B_FZD2_LRP6,Wnt7b  - (Fzd2+Lrp6),WNT,Secreted Signaling,KEGG: mmu04310; PMID: 23209147
Basal-P,DC,Wnt7b,FZD2_LRP6,0.00331706175196986,0.0,WNT7B_FZD2_LRP6,Wnt7b  - (Fzd2+Lrp6),WNT,Secreted Signaling,KEGG: mmu04310; PMID: 23209147
Basal-P,FIB-A,Wnt7b,FZD2_LRP6,0.0013023953045313797,0.0,WNT7B_FZD2_LRP6,Wnt7b  - (Fzd2+Lrp6),WNT,Secreted Signaling,KEGG: mmu04310; PMID: 23209147
Basal-P,FIB-B,Wnt7b,FZD2_LRP6,0.002667664900235379,0.0,WNT7B_FZD2_LRP6,Wnt7b  - (Fzd2+Lrp6),WNT,Secreted Signaling,KEGG: mmu04310; PMID: 23209147
Basal-P,FIB-P,Wnt7b,FZD2_LRP6,0.003949132342446607,0.0,WNT7B_FZD2_LRP6,Wnt7b  - (Fzd2+Lrp6),WNT,Secreted Signaling,KEGG: mmu04310; PMID: 23209147
Basal-P,MELA,Wnt7b,FZD2_LRP6,0.0017161856542759215,0.0,WNT7B_FZD2_LRP6,Wnt7b  - (Fzd2+Lrp6),WNT,Secreted Signaling,KEGG: mmu04310; PMID: 23209147
Basal-P,Muscle,Wnt7b,FZD2_LRP6,0.0016090354146357858,0.0,WNT7B_FZD2_LRP6,Wnt7b  - (Fzd2+Lrp6),WNT,Secreted Signaling,KEGG: mmu04310; PMID: 23209147
Basal-P,Pericyte,Wnt7b,FZD2_LRP6,0.001922675856154608,0.0,WNT7B_FZD2_LRP6,Wnt7b  - (Fzd2+Lrp6),WNT,Secreted Signaling,KEGG: mmu04310; PMID: 23209147
Basal-P,Spinious,Wnt7b,FZD2_LRP6,0.0020226899298090967,0.0,WNT7B_FZD2_LRP6,Wnt7b  - (Fzd2+Lrp6),WNT,Secreted Signaling,KEGG: mmu04310; PMID: 23209147
Spinious,Basal-P,Wnt7b,FZD2_LRP6,0.0005946831857052914,0.0,WNT7B_FZD2_LRP6,Wnt7b  - (Fzd2+Lrp6),WNT,Secreted Signaling,KEGG: mmu04310; PMID: 23209147
Spinious,DC,Wnt7b,FZD2_LRP6,0.0014630430955821954,0.0,WNT7B_FZD2_LRP6,Wnt7b  - (Fzd2+Lrp6),WNT,Secreted Signaling,KEGG: mmu04310; PMID: 23209147
Spinious,FIB-A,Wnt7b,FZD2_LRP6,0.0005740784752502972,0.0,WNT7B_FZD2_LRP6,Wnt7b  - (Fzd2+Lrp6),WNT,Secreted Signaling,KEGG: mmu04310; PMID: 23209147
Spinious,FIB-B,Wnt7b,FZD2_LRP6,0.0011721364816200674,0.0,WNT7B_FZD2_LRP6,Wnt7b  - (Fzd2+Lrp6),WNT,Secreted Signaling,KEGG: mmu04310; PMID: 23209147
Spinious,FIB-P,Wnt7b,FZD2_LRP6,0.001739852087654326,0.0,WNT7B_FZD2_LRP6,Wnt7b  - (Fzd2+Lrp6),WNT,Secreted Signaling,KEGG: mmu04310; PMID: 23209147
Spinious,MELA,Wnt7b,FZD2_LRP6,0.0007533257834302531,0.0,WNT7B_FZD2_LRP6,Wnt7b  - (Fzd2+Lrp6),WNT,Secreted Signaling,KEGG: mmu04310; PMID: 23209147
Spinious,Muscle,Wnt7b,FZD2_LRP6,0.0007057402177734772,0.0,WNT7B_FZD2_LRP6,Wnt7b  - (Fzd2+Lrp6),WNT,Secreted Signaling,KEGG: mmu04310; PMID: 23209147
Spinious,Pericyte,Wnt7b,FZD2_LRP6,0.0008438623063546765,0.0,WNT7B_FZD2_LRP6,Wnt7b  - (Fzd2+Lrp6),WNT,Secreted Signaling,KEGG: mmu04310; PMID: 23209147
Spinious,Spinious,Wnt7b,FZD2_LRP6,0.0008875351379590801,0.0,WNT7B_FZD2_LRP6,Wnt7b  - (Fzd2+Lrp6),WNT,Secreted Signaling,KEGG: mmu04310; PMID: 23209147
Basal,MELA,Wnt7b,FZD3_LRP6,0.0011076600318932431,0.0,WNT7B_FZD3_LRP6,Wnt7b  - (Fzd3+Lrp6),WNT,Secreted Signaling,KEGG: mmu04310; PMID: 23209147
Basal,Spinious,Wnt7b,FZD3_LRP6,0.0009554791506923893,0.0,WNT7B_FZD3_LRP6,Wnt7b  - (Fzd3+Lrp6),WNT,Secreted Signaling,KEGG: mmu04310; PMID: 23209147
Basal-P,MELA,Wnt7b,FZD3_LRP6,0.0022910445657999697,0.0,WNT7B_FZD3_LRP6,Wnt7b  - (Fzd3+Lrp6),WNT,Secreted Signaling,KEGG: mmu04310; PMID: 23209147
Basal-P,Spinious,Wnt7b,FZD3_LRP6,0.0019782329713538063,0.0,WNT7B_FZD3_LRP6,Wnt7b  - (Fzd3+Lrp6),WNT,Secreted Signaling,KEGG: mmu04310; PMID: 23209147
Spinious,MELA,Wnt7b,FZD3_LRP6,0.0010066033917883691,0.0,WNT7B_FZD3_LRP6,Wnt7b  - (Fzd3+Lrp6),WNT,Secreted Signaling,KEGG: mmu04310; PMID: 23209147
Spinious,Spinious,Wnt7b,FZD3_LRP6,0.0008679817833350432,0.0,WNT7B_FZD3_LRP6,Wnt7b  - (Fzd3+Lrp6),WNT,Secreted Signaling,KEGG: mmu04310; PMID: 23209147
Basal,ENDO,Wnt7b,FZD4_LRP6,0.000735837600518068,0.0,WNT7B_FZD4_LRP6,Wnt7b  - (Fzd4+Lrp6),WNT,Secreted Signaling,KEGG: mmu04310; PMID: 23209147
Basal-P,ENDO,Wnt7b,FZD4_LRP6,0.00152269956857168,0.0,WNT7B_FZD4_LRP6,Wnt7b  - (Fzd4+Lrp6),WNT,Secreted Signaling,KEGG: mmu04310; PMID: 23209147
Spinious,ENDO,Wnt7b,FZD4_LRP6,0.0006685842679309037,0.0,WNT7B_FZD4_LRP6,Wnt7b  - (Fzd4+Lrp6),WNT,Secreted Signaling,KEGG: mmu04310; PMID: 23209147
Basal,Basal,Wnt7b,FZD6_LRP6,0.0007437869291820637,0.0,WNT7B_FZD6_LRP6,Wnt7b  - (Fzd6+Lrp6),WNT,Secreted Signaling,KEGG: mmu04310; PMID: 23209147
Basal,Basal-P,Wnt7b,FZD6_LRP6,0.0007969635232036458,0.0,WNT7B_FZD6_LRP6,Wnt7b  - (Fzd6+Lrp6),WNT,Secreted Signaling,KEGG: mmu04310; PMID: 23209147
Basal,Spinious,Wnt7b,FZD6_LRP6,0.0010252127187320517,0.0,WNT7B_FZD6_LRP6,Wnt7b  - (Fzd6+Lrp6),WNT,Secreted Signaling,KEGG: mmu04310; PMID: 23209147
Basal-P,Basal,Wnt7b,FZD6_LRP6,0.001539326584547651,0.0,WNT7B_FZD6_LRP6,Wnt7b  - (Fzd6+Lrp6),WNT,Secreted Signaling,KEGG: mmu04310; PMID: 23209147
Basal-P,Basal-P,Wnt7b,FZD6_LRP6,0.001649026374028831,0.0,WNT7B_FZD6_LRP6,Wnt7b  - (Fzd6+Lrp6),WNT,Secreted Signaling,KEGG: mmu04310; PMID: 23209147
Basal-P,Spinious,Wnt7b,FZD6_LRP6,0.0021223448535358422,0.0,WNT7B_FZD6_LRP6,Wnt7b  - (Fzd6+Lrp6),WNT,Secreted Signaling,KEGG: mmu04310; PMID: 23209147
Spinious,Basal,Wnt7b,FZD6_LRP6,0.0006757776048224596,0.0,WNT7B_FZD6_LRP6,Wnt7b  - (Fzd6+Lrp6),WNT,Secreted Signaling,KEGG: mmu04310; PMID: 23209147
Spinious,Basal-P,Wnt7b,FZD6_LRP6,0.0007241506752638318,0.0,WNT7B_FZD6_LRP6,Wnt7b  - (Fzd6+Lrp6),WNT,Secreted Signaling,KEGG: mmu04310; PMID: 23209147
Spinious,Spinious,Wnt7b,FZD6_LRP6,0.000931373576467693,0.0,WNT7B_FZD6_LRP6,Wnt7b  - (Fzd6+Lrp6),WNT,Secreted Signaling,KEGG: mmu04310; PMID: 23209147
DC,FIB-P,Wnt5a,Fzd1,0.005709194628888083,0.0,WNT5A_FZD1,Wnt5a  - Fzd1,ncWNT,Secreted Signaling,KEGG: mmu04310
FIB-A,FIB-P,Wnt5a,Fzd1,0.005521161267202096,0.0,WNT5A_FZD1,Wnt5a  - Fzd1,ncWNT,Secreted Signaling,KEGG: mmu04310
FIB-B,FIB-P,Wnt5a,Fzd1,0.004044132447748223,0.0,WNT5A_FZD1,Wnt5a  - Fzd1,ncWNT,Secreted Signaling,KEGG: mmu04310
FIB-P,FIB-P,Wnt5a,Fzd1,0.0054974483033508395,0.0,WNT5A_FZD1,Wnt5a  - Fzd1,ncWNT,Secreted Signaling,KEGG: mmu04310
Pericyte,FIB-P,Wnt5a,Fzd1,0.0008676464130448667,0.0,WNT5A_FZD1,Wnt5a  - Fzd1,ncWNT,Secreted Signaling,KEGG: mmu04310
DC,Basal,Wnt5a,Fzd10,0.026017487505701566,0.0,WNT5A_FZD10,Wnt5a  - Fzd10,ncWNT,Secreted Signaling,KEGG: mmu04310
DC,Basal-P,Wnt5a,Fzd10,0.030937873131688207,0.0,WNT5A_FZD10,Wnt5a  - Fzd10,ncWNT,Secreted Signaling,KEGG: mmu04310
FIB-A,Basal,Wnt5a,Fzd10,0.02517753370431734,0.0,WNT5A_FZD10,Wnt5a  - Fzd10,ncWNT,Secreted Signaling,KEGG: mmu04310
FIB-A,Basal-P,Wnt5a,Fzd10,0.029943952290202823,0.0,WNT5A_FZD10,Wnt5a  - Fzd10,ncWNT,Secreted Signaling,KEGG: mmu04310
FIB-B,Basal,Wnt5a,Fzd10,0.01854003857481041,0.0,WNT5A_FZD10,Wnt5a  - Fzd10,ncWNT,Secreted Signaling,KEGG: mmu04310
FIB-B,Basal-P,Wnt5a,Fzd10,0.02207835653795736,0.0,WNT5A_FZD10,Wnt5a  - Fzd10,ncWNT,Secreted Signaling,KEGG: mmu04310
FIB-P,Basal,Wnt5a,Fzd10,0.025071526484338837,0.0,WNT5A_FZD10,Wnt5a  - Fzd10,ncWNT,Secreted Signaling,KEGG: mmu04310
FIB-P,Basal-P,Wnt5a,Fzd10,0.0298184904595222,0.0,WNT5A_FZD10,Wnt5a  - Fzd10,ncWNT,Secreted Signaling,KEGG: mmu04310
Pericyte,Basal,Wnt5a,Fzd10,0.004023662486016705,0.0,WNT5A_FZD10,Wnt5a  - Fzd10,ncWNT,Secreted Signaling,KEGG: mmu04310
Pericyte,Basal-P,Wnt5a,Fzd10,0.004805131635261231,0.0,WNT5A_FZD10,Wnt5a  - Fzd10,ncWNT,Secreted Signaling,KEGG: mmu04310
DC,Basal-P,Wnt5a,Fzd2,0.005287243972153961,0.0,WNT5A_FZD2,Wnt5a  - Fzd2,ncWNT,Secreted Signaling,KEGG: mmu04310
DC,DC,Wnt5a,Fzd2,0.03405967917229801,0.0,WNT5A_FZD2,Wnt5a  - Fzd2,ncWNT,Secreted Signaling,KEGG: mmu04310
DC,FIB-A,Wnt5a,Fzd2,0.026734875784547148,0.0,WNT5A_FZD2,Wnt5a  - Fzd2,ncWNT,Secreted Signaling,KEGG: mmu04310
DC,FIB-B,Wnt5a,Fzd2,0.010479382607559951,0.0,WNT5A_FZD2,Wnt5a  - Fzd2,ncWNT,Secreted Signaling,KEGG: mmu04310
DC,FIB-P,Wnt5a,Fzd2,0.02677844404424208,0.0,WNT5A_FZD2,Wnt5a  - Fzd2,ncWNT,Secreted Signaling,KEGG: mmu04310
DC,MELA,Wnt5a,Fzd2,0.005019639797250062,0.0,WNT5A_FZD2,Wnt5a  - Fzd2,ncWNT,Secreted Signaling,KEGG: mmu04310
DC,Muscle,Wnt5a,Fzd2,0.00345131316641701,0.0,WNT5A_FZD2,Wnt5a  - Fzd2,ncWNT,Secreted Signaling,KEGG: mmu04310
DC,Pericyte,Wnt5a,Fzd2,0.005378751475363812,0.0,WNT5A_FZD2,Wnt5a  - Fzd2,ncWNT,Secreted Signaling,KEGG: mmu04310
DC,Spinious,Wnt5a,Fzd2,0.004662743141874347,0.0,WNT5A_FZD2,Wnt5a  - Fzd2,ncWNT,Secreted Signaling,KEGG: mmu04310
FIB-A,Basal-P,Wnt5a,Fzd2,0.00511303616798326,0.0,WNT5A_FZD2,Wnt5a  - Fzd2,ncWNT,Secreted Signaling,KEGG: mmu04310
FIB-A,DC,Wnt5a,Fzd2,0.03296887819205468,0.0,WNT5A_FZD2,Wnt5a  - Fzd2,ncWNT,Secreted Signaling,KEGG: mmu04310
FIB-A,FIB-A,Wnt5a,Fzd2,0.025872376894278282,0.0,WNT5A_FZD2,Wnt5a  - Fzd2,ncWNT,Secreted Signaling,KEGG: mmu04310
FIB-A,FIB-B,Wnt5a,Fzd2,0.010135843794379302,0.0,WNT5A_FZD2,Wnt5a  - Fzd2,ncWNT,Secreted Signaling,KEGG: mmu04310
FIB-A,FIB-P,Wnt5a,Fzd2,0.025914577015247058,0.0,WNT5A_FZD2,Wnt5a  - Fzd2,ncWNT,Secreted Signaling,KEGG: mmu04310
FIB-A,MELA,Wnt5a,Fzd2,0.004854206174134678,0.0,WNT5A_FZD2,Wnt5a  - Fzd2,ncWNT,Secreted Signaling,KEGG: mmu04310
FIB-A,Muscle,Wnt5a,Fzd2,0.0033373939345160597,0.0,WNT5A_FZD2,Wnt5a  - Fzd2,ncWNT,Secreted Signaling,KEGG: mmu04310
FIB-A,Pericyte,Wnt5a,Fzd2,0.005201544384410208,0.0,WNT5A_FZD2,Wnt5a  - Fzd2,ncWNT,Secreted Signaling,KEGG: mmu04310
FIB-A,Spinious,Wnt5a,Fzd2,0.00450901855394804,0.0,WNT5A_FZD2,Wnt5a  - Fzd2,ncWNT,Secreted Signaling,KEGG: mmu04310
FIB-B,Basal-P,Wnt5a,Fzd2,0.003744778415411899,0.0,WNT5A_FZD2,Wnt5a  - Fzd2,ncWNT,Secreted Signaling,KEGG: mmu04310
FIB-B,DC,Wnt5a,Fzd2,0.024328630892263246,0.0,WNT5A_FZD2,Wnt5a  - Fzd2,ncWNT,Secreted Signaling,KEGG: mmu04310
FIB-B,FIB-A,Wnt5a,Fzd2,0.019055282555542577,0.0,WNT5A_FZD2,Wnt5a  - Fzd2,ncWNT,Secreted Signaling,KEGG: mmu04310
FIB-B,FIB-B,Wnt5a,Fzd2,0.00743351644183788,0.0,WNT5A_FZD2,Wnt5a  - Fzd2,ncWNT,Secreted Signaling,KEGG: mmu04310
FIB-B,FIB-P,Wnt5a,Fzd2,0.019086581262151348,0.0,WNT5A_FZD2,Wnt5a  - Fzd2,ncWNT,Secreted Signaling,KEGG: mmu04310
FIB-B,MELA,Wnt5a,Fzd2,0.003554964303107005,0.0,WNT5A_FZD2,Wnt5a  - Fzd2,ncWNT,Secreted Signaling,KEGG: mmu04310
FIB-B,Pericyte,Wnt5a,Fzd2,0.003809692368728062,0.01,WNT5A_FZD2,Wnt5a  - Fzd2,ncWNT,Secreted Signaling,KEGG: mmu04310
FIB-B,Spinious,Wnt5a,Fzd2,0.0033018605673810586,0.0,WNT5A_FZD2,Wnt5a  - Fzd2,ncWNT,Secreted Signaling,KEGG: mmu04310
FIB-P,Basal-P,Wnt5a,Fzd2,0.005091067096603982,0.0,WNT5A_FZD2,Wnt5a  - Fzd2,ncWNT,Secreted Signaling,KEGG: mmu04310
FIB-P,DC,Wnt5a,Fzd2,0.03283117120829505,0.0,WNT5A_FZD2,Wnt5a  - Fzd2,ncWNT,Secreted Signaling,KEGG: mmu04310
FIB-P,FIB-A,Wnt5a,Fzd2,0.02576352143337748,0.0,WNT5A_FZD2,Wnt5a  - Fzd2,ncWNT,Secreted Signaling,KEGG: mmu04310
FIB-P,FIB-B,Wnt5a,Fzd2,0.010092512264457277,0.0,WNT5A_FZD2,Wnt5a  - Fzd2,ncWNT,Secreted Signaling,KEGG: mmu04310
FIB-P,FIB-P,Wnt5a,Fzd2,0.02580554870506067,0.0,WNT5A_FZD2,Wnt5a  - Fzd2,ncWNT,Secreted Signaling,KEGG: mmu04310
FIB-P,MELA,Wnt5a,Fzd2,0.00483334380913368,0.0,WNT5A_FZD2,Wnt5a  - Fzd2,ncWNT,Secreted Signaling,KEGG: mmu04310
FIB-P,Muscle,Wnt5a,Fzd2,0.00332302874364178,0.0,WNT5A_FZD2,Wnt5a  - Fzd2,ncWNT,Secreted Signaling,KEGG: mmu04310
FIB-P,Pericyte,Wnt5a,Fzd2,0.005179197001427121,0.0,WNT5A_FZD2,Wnt5a  - Fzd2,ncWNT,Secreted Signaling,KEGG: mmu04310
FIB-P,Spinious,Wnt5a,Fzd2,0.004489633040234292,0.0,WNT5A_FZD2,Wnt5a  - Fzd2,ncWNT,Secreted Signaling,KEGG: mmu04310
Pericyte,DC,Wnt5a,Fzd2,0.005304430571146399,0.0,WNT5A_FZD2,Wnt5a  - Fzd2,ncWNT,Secreted Signaling,KEGG: mmu04310
Pericyte,FIB-A,Wnt5a,Fzd2,0.004137184169096599,0.0,WNT5A_FZD2,Wnt5a  - Fzd2,ncWNT,Secreted Signaling,KEGG: mmu04310
Pericyte,FIB-P,Wnt5a,Fzd2,0.004144083098244214,0.0,WNT5A_FZD2,Wnt5a  - Fzd2,ncWNT,Secreted Signaling,KEGG: mmu04310
DC,MELA,Wnt5a,Fzd3,0.008933297125772911,0.0,WNT5A_FZD3,Wnt5a  - Fzd3,ncWNT,Secreted Signaling,KEGG: mmu04310
DC,Spinious,Wnt5a,Fzd3,0.004460288291323084,0.0,WNT5A_FZD3,Wnt5a  - Fzd3,ncWNT,Secreted Signaling,KEGG: mmu04310
FIB-A,MELA,Wnt5a,Fzd3,0.008640000081465201,0.0,WNT5A_FZD3,Wnt5a  - Fzd3,ncWNT,Secreted Signaling,KEGG: mmu04310
FIB-A,Spinious,Wnt5a,Fzd3,0.0043132094528490665,0.0,WNT5A_FZD3,Wnt5a  - Fzd3,ncWNT,Secreted Signaling,KEGG: mmu04310
FIB-B,MELA,Wnt5a,Fzd3,0.006333929213141674,0.0,WNT5A_FZD3,Wnt5a  - Fzd3,ncWNT,Secreted Signaling,KEGG: mmu04310
FIB-B,Spinious,Wnt5a,Fzd3,0.0031583073172967865,0.0,WNT5A_FZD3,Wnt5a  - Fzd3,ncWNT,Secreted Signaling,KEGG: mmu04310
FIB-P,MELA,Wnt5a,Fzd3,0.008603007822866472,0.0,WNT5A_FZD3,Wnt5a  - Fzd3,ncWNT,Secreted Signaling,KEGG: mmu04310
FIB-P,Spinious,Wnt5a,Fzd3,0.004294662144654862,0.0,WNT5A_FZD3,Wnt5a  - Fzd3,ncWNT,Secreted Signaling,KEGG: mmu04310
Pericyte,MELA,Wnt5a,Fzd3,0.001361368145585533,0.0,WNT5A_FZD3,Wnt5a  - Fzd3,ncWNT,Secreted Signaling,KEGG: mmu04310
Pericyte,Spinious,Wnt5a,Fzd3,0.0006771244546531647,0.0,WNT5A_FZD3,Wnt5a  - Fzd3,ncWNT,Secreted Signaling,KEGG: mmu04310
DC,ENDO,Wnt5a,Fzd4,0.0058438535013081066,0.0,WNT5A_FZD4,Wnt5a  - Fzd4,ncWNT,Secreted Signaling,KEGG: mmu04310
FIB-A,ENDO,Wnt5a,Fzd4,0.005651410333213455,0.0,WNT5A_FZD4,Wnt5a  - Fzd4,ncWNT,Secreted Signaling,KEGG: mmu04310
FIB-B,ENDO,Wnt5a,Fzd4,0.004139682146235008,0.0,WNT5A_FZD4,Wnt5a  - Fzd4,ncWNT,Secreted Signaling,KEGG: mmu04310
FIB-P,ENDO,Wnt5a,Fzd4,0.0056271411249752806,0.0,WNT5A_FZD4,Wnt5a  - Fzd4,ncWNT,Secreted Signaling,KEGG: mmu04310
Pericyte,ENDO,Wnt5a,Fzd4,0.0008882130073516321,0.0,WNT5A_FZD4,Wnt5a  - Fzd4,ncWNT,Secreted Signaling,KEGG: mmu04310
DC,Basal,Wnt5a,Fzd6,0.006875798255196908,0.0,WNT5A_FZD6,Wnt5a  - Fzd6,ncWNT,Secreted Signaling,KEGG: mmu04310
DC,Basal-P,Wnt5a,Fzd6,0.00782331304356342,0.0,WNT5A_FZD6,Wnt5a  - Fzd6,ncWNT,Secreted Signaling,KEGG: mmu04310
DC,Spinious,Wnt5a,Fzd6,0.005132762695700092,0.0,WNT5A_FZD6,Wnt5a  - Fzd6,ncWNT,Secreted Signaling,KEGG: mmu04310
FIB-A,Basal,Wnt5a,Fzd6,0.006649599551223535,0.0,WNT5A_FZD6,Wnt5a  - Fzd6,ncWNT,Secreted Signaling,KEGG: mmu04310
FIB-A,Basal-P,Wnt5a,Fzd6,0.007566180657695768,0.0,WNT5A_FZD6,Wnt5a  - Fzd6,ncWNT,Secreted Signaling,KEGG: mmu04310
FIB-A,Spinious,Wnt5a,Fzd6,0.004963619449533624,0.0,WNT5A_FZD6,Wnt5a  - Fzd6,ncWNT,Secreted Signaling,KEGG: mmu04310
FIB-B,Basal,Wnt5a,Fzd6,0.004872168319240001,0.0,WNT5A_FZD6,Wnt5a  - Fzd6,ncWNT,Secreted Signaling,KEGG: mmu04310
FIB-B,Basal-P,Wnt5a,Fzd6,0.005545115877759561,0.0,WNT5A_FZD6,Wnt5a  - Fzd6,ncWNT,Secreted Signaling,KEGG: mmu04310
FIB-B,Spinious,Wnt5a,Fzd6,0.0036351997843292305,0.0,WNT5A_FZD6,Wnt5a  - Fzd6,ncWNT,Secreted Signaling,KEGG: mmu04310
FIB-P,Basal,Wnt5a,Fzd6,0.006621072299109474,0.0,WNT5A_FZD6,Wnt5a  - Fzd6,ncWNT,Secreted Signaling,KEGG: mmu04310
FIB-P,Basal-P,Wnt5a,Fzd6,0.007533751030351182,0.0,WNT5A_FZD6,Wnt5a  - Fzd6,ncWNT,Secreted Signaling,KEGG: mmu04310
FIB-P,Spinious,Wnt5a,Fzd6,0.0049422891844867565,0.0,WNT5A_FZD6,Wnt5a  - Fzd6,ncWNT,Secreted Signaling,KEGG: mmu04310
Pericyte,Basal,Wnt5a,Fzd6,0.0010459800154866813,0.0,WNT5A_FZD6,Wnt5a  - Fzd6,ncWNT,Secreted Signaling,KEGG: mmu04310
Pericyte,Basal-P,Wnt5a,Fzd6,0.0011910841043990667,0.0,WNT5A_FZD6,Wnt5a  - Fzd6,ncWNT,Secreted Signaling,KEGG: mmu04310
Pericyte,Spinious,Wnt5a,Fzd6,0.0007796607126381571,0.0,WNT5A_FZD6,Wnt5a  - Fzd6,ncWNT,Secreted Signaling,KEGG: mmu04310
DC,ENDO,Wnt5a,Mcam,0.005934373975099226,0.0,WNT5A_MCAM,Wnt5a  - Mcam,ncWNT,Secreted Signaling,PMID: 24335906
DC,MELA,Wnt5a,Mcam,0.009518126661296507,0.0,WNT5A_MCAM,Wnt5a  - Mcam,ncWNT,Secreted Signaling,PMID: 24335906
DC,Pericyte,Wnt5a,Mcam,0.021862980197931037,0.0,WNT5A_MCAM,Wnt5a  - Mcam,ncWNT,Secreted Signaling,PMID: 24335906
FIB-A,ENDO,Wnt5a,Mcam,0.005738967097183213,0.0,WNT5A_MCAM,Wnt5a  - Mcam,ncWNT,Secreted Signaling,PMID: 24335906
FIB-A,MELA,Wnt5a,Mcam,0.00920580691152458,0.0,WNT5A_MCAM,Wnt5a  - Mcam,ncWNT,Secreted Signaling,PMID: 24335906
FIB-A,Pericyte,Wnt5a,Mcam,0.021154238243605388,0.0,WNT5A_MCAM,Wnt5a  - Mcam,ncWNT,Secreted Signaling,PMID: 24335906
FIB-B,ENDO,Wnt5a,Mcam,0.0042039168686642875,0.0,WNT5A_MCAM,Wnt5a  - Mcam,ncWNT,Secreted Signaling,PMID: 24335906
FIB-B,MELA,Wnt5a,Mcam,0.006749746821737582,0.0,WNT5A_MCAM,Wnt5a  - Mcam,ncWNT,Secreted Signaling,PMID: 24335906
FIB-B,Pericyte,Wnt5a,Mcam,0.01556046470721705,0.0,WNT5A_MCAM,Wnt5a  - Mcam,ncWNT,Secreted Signaling,PMID: 24335906
FIB-P,ENDO,Wnt5a,Mcam,0.0057143240492054685,0.0,WNT5A_MCAM,Wnt5a  - Mcam,ncWNT,Secreted Signaling,PMID: 24335906
FIB-P,MELA,Wnt5a,Mcam,0.00916641454379437,0.0,WNT5A_MCAM,Wnt5a  - Mcam,ncWNT,Secreted Signaling,PMID: 24335906
FIB-P,Pericyte,Wnt5a,Mcam,0.02106480461766048,0.0,WNT5A_MCAM,Wnt5a  - Mcam,ncWNT,Secreted Signaling,PMID: 24335906
Pericyte,ENDO,Wnt5a,Mcam,0.0009020409523183005,0.0,WNT5A_MCAM,Wnt5a  - Mcam,ncWNT,Secreted Signaling,PMID: 24335906
Pericyte,MELA,Wnt5a,Mcam,0.0014512176854471531,0.0,WNT5A_MCAM,Wnt5a  - Mcam,ncWNT,Secreted Signaling,PMID: 24335906
Pericyte,Pericyte,Wnt5a,Mcam,0.0033690106239551323,0.0,WNT5A_MCAM,Wnt5a  - Mcam,ncWNT,Secreted Signaling,PMID: 24335906
ENDO,Basal,Hbegf,Egfr,0.0010285631735598856,0.0,HBEGF_EGFR,Hbegf  - Egfr,EGF,Secreted Signaling,KEGG: mmu04012
ENDO,Basal-P,Hbegf,Egfr,0.0009385156439281301,0.0,HBEGF_EGFR,Hbegf  - Egfr,EGF,Secreted Signaling,KEGG: mmu04012
ENDO,Pericyte,Hbegf,Egfr,0.0006121955002814791,0.0,HBEGF_EGFR,Hbegf  - Egfr,EGF,Secreted Signaling,KEGG: mmu04012
ENDO,Spinious,Hbegf,Egfr,0.0008930933074414396,0.0,HBEGF_EGFR,Hbegf  - Egfr,EGF,Secreted Signaling,KEGG: mmu04012
MELA,Basal,Hbegf,Egfr,0.0026001366521746865,0.0,HBEGF_EGFR,Hbegf  - Egfr,EGF,Secreted Signaling,KEGG: mmu04012
MELA,Basal-P,Hbegf,Egfr,0.0023728295227484677,0.0,HBEGF_EGFR,Hbegf  - Egfr,EGF,Secreted Signaling,KEGG: mmu04012
MELA,Pericyte,Hbegf,Egfr,0.001548574123627557,0.0,HBEGF_EGFR,Hbegf  - Egfr,EGF,Secreted Signaling,KEGG: mmu04012
MELA,Spinious,Hbegf,Egfr,0.0022581460802948705,0.0,HBEGF_EGFR,Hbegf  - Egfr,EGF,Secreted Signaling,KEGG: mmu04012
Pericyte,Basal,Hbegf,Egfr,0.0008549521764369057,0.0,HBEGF_EGFR,Hbegf  - Egfr,EGF,Secreted Signaling,KEGG: mmu04012
Pericyte,Basal-P,Hbegf,Egfr,0.0007800918845830643,0.0,HBEGF_EGFR,Hbegf  - Egfr,EGF,Secreted Signaling,KEGG: mmu04012
Pericyte,Pericyte,Hbegf,Egfr,0.0005088273329798632,0.0,HBEGF_EGFR,Hbegf  - Egfr,EGF,Secreted Signaling,KEGG: mmu04012
Pericyte,Spinious,Hbegf,Egfr,0.0007423312536140752,0.0,HBEGF_EGFR,Hbegf  - Egfr,EGF,Secreted Signaling,KEGG: mmu04012
ENDO,Spinious,Hbegf,EGFR_ERBB2,0.0010069065893512123,0.0,HBEGF_EGFR_ERBB2,Hbegf  - (Egfr+Erbb2),EGF,Secreted Signaling,KEGG: mmu04012
MELA,Spinious,Hbegf,EGFR_ERBB2,0.0025454746191584865,0.0,HBEGF_EGFR_ERBB2,Hbegf  - (Egfr+Erbb2),EGF,Secreted Signaling,KEGG: mmu04012
Pericyte,Spinious,Hbegf,EGFR_ERBB2,0.0008369479407282877,0.0,HBEGF_EGFR_ERBB2,Hbegf  - (Egfr+Erbb2),EGF,Secreted Signaling,KEGG: mmu04012
FIB-A,DC,Fgf7,Fgfr1,0.017325543509815425,0.0,FGF7_FGFR1,Fgf7  - Fgfr1,FGF,Secreted Signaling,PMC: 4393358
FIB-A,ENDO,Fgf7,Fgfr1,0.002071704050010377,0.0,FGF7_FGFR1,Fgf7  - Fgfr1,FGF,Secreted Signaling,PMC: 4393358
FIB-A,FIB-A,Fgf7,Fgfr1,0.008456722743564264,0.0,FGF7_FGFR1,Fgf7  - Fgfr1,FGF,Secreted Signaling,PMC: 4393358
FIB-A,FIB-B,Fgf7,Fgfr1,0.011913702743675534,0.0,FGF7_FGFR1,Fgf7  - Fgfr1,FGF,Secreted Signaling,PMC: 4393358
FIB-A,FIB-P,Fgf7,Fgfr1,0.013578004564828532,0.0,FGF7_FGFR1,Fgf7  - Fgfr1,FGF,Secreted Signaling,PMC: 4393358
FIB-A,Muscle,Fgf7,Fgfr1,0.0021246242572538787,0.0,FGF7_FGFR1,Fgf7  - Fgfr1,FGF,Secreted Signaling,PMC: 4393358
FIB-A,Pericyte,Fgf7,Fgfr1,0.0012199966006386893,0.0,FGF7_FGFR1,Fgf7  - Fgfr1,FGF,Secreted Signaling,PMC: 4393358
FIB-A,Basal,Fgf7,Fgfr2,0.008616893600303717,0.0,FGF7_FGFR2,Fgf7  - Fgfr2,FGF,Secreted Signaling,PMC: 4393358
FIB-A,Basal-P,Fgf7,Fgfr2,0.009721298317469738,0.0,FGF7_FGFR2,Fgf7  - Fgfr2,FGF,Secreted Signaling,PMC: 4393358
FIB-A,DC,Fgf7,Fgfr2,0.0022475180694433244,0.0,FGF7_FGFR2,Fgf7  - Fgfr2,FGF,Secreted Signaling,PMC: 4393358
FIB-A,FIB-P,Fgf7,Fgfr2,0.001770711756090041,0.0,FGF7_FGFR2,Fgf7  - Fgfr2,FGF,Secreted Signaling,PMC: 4393358
FIB-A,Spinious,Fgf7,Fgfr2,0.0014568126489659789,0.0,FGF7_FGFR2,Fgf7  - Fgfr2,FGF,Secreted Signaling,PMC: 4393358
DC,DC,Fgf10,Fgfr1,0.0643535715958079,0.0,FGF10_FGFR1,Fgf10  - Fgfr1,FGF,Secreted Signaling,PMC: 4393358
DC,ENDO,Fgf10,Fgfr1,0.00803357846731268,0.0,FGF10_FGFR1,Fgf10  - Fgfr1,FGF,Secreted Signaling,PMC: 4393358
DC,FIB-A,Fgf10,Fgfr1,0.032200276600835194,0.0,FGF10_FGFR1,Fgf10  - Fgfr1,FGF,Secreted Signaling,PMC: 4393358
DC,FIB-B,Fgf10,Fgfr1,0.044923514654593356,0.0,FGF10_FGFR1,Fgf10  - Fgfr1,FGF,Secreted Signaling,PMC: 4393358
DC,FIB-P,Fgf10,Fgfr1,0.050961335377914925,0.0,FGF10_FGFR1,Fgf10  - Fgfr1,FGF,Secreted Signaling,PMC: 4393358
DC,Muscle,Fgf10,Fgfr1,0.008237533404905135,0.0,FGF10_FGFR1,Fgf10  - Fgfr1,FGF,Secreted Signaling,PMC: 4393358
DC,Pericyte,Fgf10,Fgfr1,0.004742506433051016,0.0,FGF10_FGFR1,Fgf10  - Fgfr1,FGF,Secreted Signaling,PMC: 4393358
FIB-A,DC,Fgf10,Fgfr1,0.006532461083454277,0.0,FGF10_FGFR1,Fgf10  - Fgfr1,FGF,Secreted Signaling,PMC: 4393358
FIB-A,ENDO,Fgf10,Fgfr1,0.0007736387426526053,0.0,FGF10_FGFR1,Fgf10  - Fgfr1,FGF,Secreted Signaling,PMC: 4393358
FIB-A,FIB-A,Fgf10,Fgfr1,0.0031707146261032797,0.0,FGF10_FGFR1,Fgf10  - Fgfr1,FGF,Secreted Signaling,PMC: 4393358
FIB-A,FIB-B,Fgf10,Fgfr1,0.0044766104173626356,0.0,FGF10_FGFR1,Fgf10  - Fgfr1,FGF,Secreted Signaling,PMC: 4393358
FIB-A,FIB-P,Fgf10,Fgfr1,0.005107347123100285,0.0,FGF10_FGFR1,Fgf10  - Fgfr1,FGF,Secreted Signaling,PMC: 4393358
FIB-A,Muscle,Fgf10,Fgfr1,0.0007934271575742661,0.0,FGF10_FGFR1,Fgf10  - Fgfr1,FGF,Secreted Signaling,PMC: 4393358
FIB-A,Pericyte,Fgf10,Fgfr1,0.0004553411857504136,0.0,FGF10_FGFR1,Fgf10  - Fgfr1,FGF,Secreted Signaling,PMC: 4393358
DC,Basal,Fgf10,Fgfr2,0.03279527788448826,0.0,FGF10_FGFR2,Fgf10  - Fgfr2,FGF,Secreted Signaling,PMC: 4393358
DC,Basal-P,Fgf10,Fgfr2,0.0368832725918476,0.0,FGF10_FGFR2,Fgf10  - Fgfr2,FGF,Secreted Signaling,PMC: 4393358
DC,DC,Fgf10,Fgfr2,0.008710927211320234,0.0,FGF10_FGFR2,Fgf10  - Fgfr2,FGF,Secreted Signaling,PMC: 4393358
DC,FIB-P,Fgf10,Fgfr2,0.006872366615239796,0.0,FGF10_FGFR2,Fgf10  - Fgfr2,FGF,Secreted Signaling,PMC: 4393358
DC,Spinious,Fgf10,Fgfr2,0.005659209829719388,0.0,FGF10_FGFR2,Fgf10  - Fgfr2,FGF,Secreted Signaling,PMC: 4393358
FIB-A,Basal,Fgf10,Fgfr2,0.0032310944065876207,0.0,FGF10_FGFR2,Fgf10  - Fgfr2,FGF,Secreted Signaling,PMC: 4393358
FIB-A,Basal-P,Fgf10,Fgfr2,0.0036477551985829512,0.0,FGF10_FGFR2,Fgf10  - Fgfr2,FGF,Secreted Signaling,PMC: 4393358
FIB-A,DC,Fgf10,Fgfr2,0.0008393858254179544,0.0,FGF10_FGFR2,Fgf10  - Fgfr2,FGF,Secreted Signaling,PMC: 4393358
FIB-A,FIB-P,Fgf10,Fgfr2,0.0006611139163773945,0.0,FGF10_FGFR2,Fgf10  - Fgfr2,FGF,Secreted Signaling,PMC: 4393358
FIB-A,Spinious,Fgf10,Fgfr2,0.0005438092150100149,0.0,FGF10_FGFR2,Fgf10  - Fgfr2,FGF,Secreted Signaling,PMC: 4393358
Basal,DC,Pdgfa,Pdgfra,0.009902287318510969,0.0,PDGFA_PDGFRA,Pdgfa  - Pdgfra,PDGF,Secreted Signaling,PMID: 15207812
Basal,FIB-A,Pdgfa,Pdgfra,0.006348245072479227,0.0,PDGFA_PDGFRA,Pdgfa  - Pdgfra,PDGF,Secreted Signaling,PMID: 15207812
Basal,FIB-B,Pdgfa,Pdgfra,0.019503486076202142,0.0,PDGFA_PDGFRA,Pdgfa  - Pdgfra,PDGF,Secreted Signaling,PMID: 15207812
Basal,FIB-P,Pdgfa,Pdgfra,0.02108852482157168,0.0,PDGFA_PDGFRA,Pdgfa  - Pdgfra,PDGF,Secreted Signaling,PMID: 15207812
Basal-P,DC,Pdgfa,Pdgfra,0.012045178088717782,0.0,PDGFA_PDGFRA,Pdgfa  - Pdgfra,PDGF,Secreted Signaling,PMID: 15207812
Basal-P,FIB-A,Pdgfa,Pdgfra,0.007727445215421382,0.0,PDGFA_PDGFRA,Pdgfa  - Pdgfra,PDGF,Secreted Signaling,PMID: 15207812
Basal-P,FIB-B,Pdgfa,Pdgfra,0.02354024492935572,0.0,PDGFA_PDGFRA,Pdgfa  - Pdgfra,PDGF,Secreted Signaling,PMID: 15207812
Basal-P,FIB-P,Pdgfa,Pdgfra,0.025428752125359284,0.0,PDGFA_PDGFRA,Pdgfa  - Pdgfra,PDGF,Secreted Signaling,PMID: 15207812
MELA,DC,Pdgfa,Pdgfra,0.0035586778896519638,0.0,PDGFA_PDGFRA,Pdgfa  - Pdgfra,PDGF,Secreted Signaling,PMID: 15207812
MELA,FIB-A,Pdgfa,Pdgfra,0.0022773324911352483,0.0,PDGFA_PDGFRA,Pdgfa  - Pdgfra,PDGF,Secreted Signaling,PMID: 15207812
MELA,FIB-B,Pdgfa,Pdgfra,0.007152485028031484,0.0,PDGFA_PDGFRA,Pdgfa  - Pdgfra,PDGF,Secreted Signaling,PMID: 15207812
MELA,FIB-P,Pdgfa,Pdgfra,0.007753553269192516,0.0,PDGFA_PDGFRA,Pdgfa  - Pdgfra,PDGF,Secreted Signaling,PMID: 15207812
Muscle,DC,Pdgfa,Pdgfra,0.007712391450474336,0.0,PDGFA_PDGFRA,Pdgfa  - Pdgfra,PDGF,Secreted Signaling,PMID: 15207812
Muscle,FIB-A,Pdgfa,Pdgfra,0.0049394941154793145,0.0,PDGFA_PDGFRA,Pdgfa  - Pdgfra,PDGF,Secreted Signaling,PMID: 15207812
Muscle,FIB-B,Pdgfa,Pdgfra,0.01535772130170184,0.0,PDGFA_PDGFRA,Pdgfa  - Pdgfra,PDGF,Secreted Signaling,PMID: 15207812
Muscle,FIB-P,Pdgfa,Pdgfra,0.016628712810139973,0.0,PDGFA_PDGFRA,Pdgfa  - Pdgfra,PDGF,Secreted Signaling,PMID: 15207812
Pericyte,DC,Pdgfa,Pdgfra,0.002696184535577114,0.0,PDGFA_PDGFRA,Pdgfa  - Pdgfra,PDGF,Secreted Signaling,PMID: 15207812
Pericyte,FIB-A,Pdgfa,Pdgfra,0.001724495656874406,0.0,PDGFA_PDGFRA,Pdgfa  - Pdgfra,PDGF,Secreted Signaling,PMID: 15207812
Pericyte,FIB-B,Pdgfa,Pdgfra,0.005451200003350303,0.0,PDGFA_PDGFRA,Pdgfa  - Pdgfra,PDGF,Secreted Signaling,PMID: 15207812
Pericyte,FIB-P,Pdgfa,Pdgfra,0.00591378770690899,0.0,PDGFA_PDGFRA,Pdgfa  - Pdgfra,PDGF,Secreted Signaling,PMID: 15207812
Basal,DC,Pdgfa,Pdgfrb,0.009419966284137224,0.0,PDGFA_PDGFRB,Pdgfa  - Pdgfrb,PDGF,Secreted Signaling,PMID: 15207812
Basal,FIB-A,Pdgfa,Pdgfrb,0.004787141381693593,0.0,PDGFA_PDGFRB,Pdgfa  - Pdgfrb,PDGF,Secreted Signaling,PMID: 15207812
Basal,FIB-B,Pdgfa,Pdgfrb,0.006228305206040649,0.0,PDGFA_PDGFRB,Pdgfa  - Pdgfrb,PDGF,Secreted Signaling,PMID: 15207812
Basal,FIB-P,Pdgfa,Pdgfrb,0.005685902370566704,0.0,PDGFA_PDGFRB,Pdgfa  - Pdgfrb,PDGF,Secreted Signaling,PMID: 15207812
Basal,Immune,Pdgfa,Pdgfrb,0.005756289717360997,0.0,PDGFA_PDGFRB,Pdgfa  - Pdgfrb,PDGF,Secreted Signaling,PMID: 15207812
Basal,Pericyte,Pdgfa,Pdgfrb,0.04473679903846839,0.0,PDGFA_PDGFRB,Pdgfa  - Pdgfrb,PDGF,Secreted Signaling,PMID: 15207812
Basal-P,DC,Pdgfa,Pdgfrb,0.01146145896323867,0.0,PDGFA_PDGFRB,Pdgfa  - Pdgfrb,PDGF,Secreted Signaling,PMID: 15207812
Basal-P,FIB-A,Pdgfa,Pdgfrb,0.005833832483913614,0.0,PDGFA_PDGFRB,Pdgfa  - Pdgfrb,PDGF,Secreted Signaling,PMID: 15207812
Basal-P,FIB-B,Pdgfa,Pdgfrb,0.007584752993031309,0.0,PDGFA_PDGFRB,Pdgfa  - Pdgfrb,PDGF,Secreted Signaling,PMID: 15207812
Basal-P,FIB-P,Pdgfa,Pdgfrb,0.006926931393367168,0.0,PDGFA_PDGFRB,Pdgfa  - Pdgfrb,PDGF,Secreted Signaling,PMID: 15207812
Basal-P,Immune,Pdgfa,Pdgfrb,0.007025433946239409,0.0,PDGFA_PDGFRB,Pdgfa  - Pdgfrb,PDGF,Secreted Signaling,PMID: 15207812
Basal-P,Pericyte,Pdgfa,Pdgfrb,0.053213545127660765,0.0,PDGFA_PDGFRB,Pdgfa  - Pdgfrb,PDGF,Secreted Signaling,PMID: 15207812
MELA,DC,Pdgfa,Pdgfrb,0.0033830864323376167,0.0,PDGFA_PDGFRB,Pdgfa  - Pdgfrb,PDGF,Secreted Signaling,PMID: 15207812
MELA,FIB-A,Pdgfa,Pdgfrb,0.0017123147038937178,0.0,PDGFA_PDGFRB,Pdgfa  - Pdgfrb,PDGF,Secreted Signaling,PMID: 15207812
MELA,FIB-B,Pdgfa,Pdgfrb,0.0022318167605231798,0.0,PDGFA_PDGFRB,Pdgfa  - Pdgfrb,PDGF,Secreted Signaling,PMID: 15207812
MELA,FIB-P,Pdgfa,Pdgfrb,0.002035420382155785,0.0,PDGFA_PDGFRB,Pdgfa  - Pdgfrb,PDGF,Secreted Signaling,PMID: 15207812
MELA,Immune,Pdgfa,Pdgfrb,0.0020511170163374564,0.0,PDGFA_PDGFRB,Pdgfa  - Pdgfrb,PDGF,Secreted Signaling,PMID: 15207812
MELA,Pericyte,Pdgfa,Pdgfrb,0.017068709996912394,0.0,PDGFA_PDGFRB,Pdgfa  - Pdgfrb,PDGF,Secreted Signaling,PMID: 15207812
Muscle,DC,Pdgfa,Pdgfrb,0.007334076066779681,0.0,PDGFA_PDGFRB,Pdgfa  - Pdgfrb,PDGF,Secreted Signaling,PMID: 15207812
Muscle,FIB-A,Pdgfa,Pdgfrb,0.003718909077849899,0.0,PDGFA_PDGFRB,Pdgfa  - Pdgfrb,PDGF,Secreted Signaling,PMID: 15207812
Muscle,FIB-B,Pdgfa,Pdgfrb,0.0048432290640680175,0.0,PDGFA_PDGFRB,Pdgfa  - Pdgfrb,PDGF,Secreted Signaling,PMID: 15207812
Muscle,FIB-P,Pdgfa,Pdgfrb,0.004419041444399038,0.0,PDGFA_PDGFRB,Pdgfa  - Pdgfrb,PDGF,Secreted Signaling,PMID: 15207812
Muscle,Immune,Pdgfa,Pdgfrb,0.004462480660043313,0.0,PDGFA_PDGFRB,Pdgfa  - Pdgfrb,PDGF,Secreted Signaling,PMID: 15207812
Muscle,Pericyte,Pdgfa,Pdgfrb,0.03598001155519021,0.0,PDGFA_PDGFRB,Pdgfa  - Pdgfrb,PDGF,Secreted Signaling,PMID: 15207812
Pericyte,DC,Pdgfa,Pdgfrb,0.0025626566596905955,0.0,PDGFA_PDGFRB,Pdgfa  - Pdgfrb,PDGF,Secreted Signaling,PMID: 15207812
Pericyte,FIB-A,Pdgfa,Pdgfrb,0.0012955526760496654,0.0,PDGFA_PDGFRB,Pdgfa  - Pdgfrb,PDGF,Secreted Signaling,PMID: 15207812
Pericyte,FIB-B,Pdgfa,Pdgfrb,0.0016894864599329628,0.0,PDGFA_PDGFRB,Pdgfa  - Pdgfrb,PDGF,Secreted Signaling,PMID: 15207812
Pericyte,FIB-P,Pdgfa,Pdgfrb,0.0015403714004400195,0.0,PDGFA_PDGFRB,Pdgfa  - Pdgfrb,PDGF,Secreted Signaling,PMID: 15207812
Pericyte,Immune,Pdgfa,Pdgfrb,0.0015501952412817917,0.0,PDGFA_PDGFRB,Pdgfa  - Pdgfrb,PDGF,Secreted Signaling,PMID: 15207812
Pericyte,Pericyte,Pdgfa,Pdgfrb,0.01316647232894746,0.0,PDGFA_PDGFRB,Pdgfa  - Pdgfrb,PDGF,Secreted Signaling,PMID: 15207812
Basal,DC,Pdgfc,Pdgfra,0.0011643180495879428,0.0,PDGFC_PDGFRA,Pdgfc  - Pdgfra,PDGF,Secreted Signaling,PMID: 15207812
Basal,FIB-A,Pdgfc,Pdgfra,0.0007441389857722967,0.0,PDGFC_PDGFRA,Pdgfc  - Pdgfra,PDGF,Secreted Signaling,PMID: 15207812
Basal,FIB-B,Pdgfc,Pdgfra,0.002374739989121328,0.0,PDGFC_PDGFRA,Pdgfc  - Pdgfra,PDGF,Secreted Signaling,PMID: 15207812
Basal,FIB-P,Pdgfc,Pdgfra,0.0025791750333586288,0.0,PDGFC_PDGFRA,Pdgfc  - Pdgfra,PDGF,Secreted Signaling,PMID: 15207812
Basal-P,DC,Pdgfc,Pdgfra,0.002370397218847002,0.0,PDGFC_PDGFRA,Pdgfc  - Pdgfra,PDGF,Secreted Signaling,PMID: 15207812
Basal-P,FIB-A,Pdgfc,Pdgfra,0.001515594572282836,0.0,PDGFC_PDGFRA,Pdgfc  - Pdgfra,PDGF,Secreted Signaling,PMID: 15207812
Basal-P,FIB-B,Pdgfc,Pdgfra,0.0048116456415820555,0.0,PDGFC_PDGFRA,Pdgfc  - Pdgfra,PDGF,Secreted Signaling,PMID: 15207812
Basal-P,FIB-P,Pdgfc,Pdgfra,0.005222640485006711,0.0,PDGFC_PDGFRA,Pdgfc  - Pdgfra,PDGF,Secreted Signaling,PMID: 15207812
Muscle,DC,Pdgfc,Pdgfra,0.0008559283329842674,0.0,PDGFC_PDGFRA,Pdgfc  - Pdgfra,PDGF,Secreted Signaling,PMID: 15207812
Muscle,FIB-A,Pdgfc,Pdgfra,0.0005469691622077725,0.0,PDGFC_PDGFRA,Pdgfc  - Pdgfra,PDGF,Secreted Signaling,PMID: 15207812
Muscle,FIB-B,Pdgfc,Pdgfra,0.0017484046685875797,0.0,PDGFC_PDGFRA,Pdgfc  - Pdgfra,PDGF,Secreted Signaling,PMID: 15207812
Muscle,FIB-P,Pdgfc,Pdgfra,0.001899295235219523,0.0,PDGFC_PDGFRA,Pdgfc  - Pdgfra,PDGF,Secreted Signaling,PMID: 15207812
Basal,ENDO,Vegfb,Flt1,0.006503913536376035,0.0,VEGFB_VEGFR1,Vegfb  - Vegfr1,VEGF,Secreted Signaling,KEGG: mmu04370; PMID: 16633338
Basal-P,ENDO,Vegfb,Flt1,0.005852207348429291,0.0,VEGFB_VEGFR1,Vegfb  - Vegfr1,VEGF,Secreted Signaling,KEGG: mmu04370; PMID: 16633338
FIB-A,ENDO,Vegfb,Flt1,0.007238243360234947,0.0,VEGFB_VEGFR1,Vegfb  - Vegfr1,VEGF,Secreted Signaling,KEGG: mmu04370; PMID: 16633338
FIB-B,ENDO,Vegfb,Flt1,0.0070182374141985835,0.0,VEGFB_VEGFR1,Vegfb  - Vegfr1,VEGF,Secreted Signaling,KEGG: mmu04370; PMID: 16633338
FIB-P,ENDO,Vegfb,Flt1,0.007440060076934535,0.0,VEGFB_VEGFR1,Vegfb  - Vegfr1,VEGF,Secreted Signaling,KEGG: mmu04370; PMID: 16633338
Immune,ENDO,Vegfb,Flt1,0.0036230049305824774,0.0,VEGFB_VEGFR1,Vegfb  - Vegfr1,VEGF,Secreted Signaling,KEGG: mmu04370; PMID: 16633338
MELA,ENDO,Vegfb,Flt1,0.004932953631310298,0.0,VEGFB_VEGFR1,Vegfb  - Vegfr1,VEGF,Secreted Signaling,KEGG: mmu04370; PMID: 16633338
MYL,ENDO,Vegfb,Flt1,0.004097082445473634,0.0,VEGFB_VEGFR1,Vegfb  - Vegfr1,VEGF,Secreted Signaling,KEGG: mmu04370; PMID: 16633338
Muscle,ENDO,Vegfb,Flt1,0.0069700017263905675,0.0,VEGFB_VEGFR1,Vegfb  - Vegfr1,VEGF,Secreted Signaling,KEGG: mmu04370; PMID: 16633338
Pericyte,ENDO,Vegfb,Flt1,0.005710028795744273,0.0,VEGFB_VEGFR1,Vegfb  - Vegfr1,VEGF,Secreted Signaling,KEGG: mmu04370; PMID: 16633338
Pericyte,ENDO,Vegfc,Flt4,0.0027544141859304054,0.0,VEGFC_VEGFR3,Vegfc  - Vegfr3,VEGF,Secreted Signaling,KEGG: mmu04370; PMID: 16633338
Pericyte,ENDO,Vegfc,Kdr,0.027505377137503447,0.0,VEGFC_VEGFR2,Vegfc  - Vegfr2,VEGF,Secreted Signaling,KEGG: mmu04370; PMID: 16633338
Pericyte,ENDO,Vegfc,FLT4_KDR,0.01045922023506532,0.0,VEGFC_VEGFR2R3,Vegfc  - Vegfr2r3,VEGF,Secreted Signaling,PMID: 16633339
DC,Basal,Igf1,Igf1r,0.002490198499574956,0.0,IGF1_IGF1R,Igf1  - Igf1r,IGF,Secreted Signaling,PMID: 14604834
DC,Basal-P,Igf1,Igf1r,0.0028291133153395096,0.0,IGF1_IGF1R,Igf1  - Igf1r,IGF,Secreted Signaling,PMID: 14604834
DC,ENDO,Igf1,Igf1r,0.0072050428863811985,0.0,IGF1_IGF1R,Igf1  - Igf1r,IGF,Secreted Signaling,PMID: 14604834
DC,FIB-A,Igf1,Igf1r,0.0026546434072608756,0.0,IGF1_IGF1R,Igf1  - Igf1r,IGF,Secreted Signaling,PMID: 14604834
DC,FIB-P,Igf1,Igf1r,0.0030594200216419237,0.0,IGF1_IGF1R,Igf1  - Igf1r,IGF,Secreted Signaling,PMID: 14604834
DC,MELA,Igf1,Igf1r,0.0059051724088377555,0.0,IGF1_IGF1R,Igf1  - Igf1r,IGF,Secreted Signaling,PMID: 14604834
DC,Muscle,Igf1,Igf1r,0.002670651809266448,0.0,IGF1_IGF1R,Igf1  - Igf1r,IGF,Secreted Signaling,PMID: 14604834
DC,Pericyte,Igf1,Igf1r,0.0029638416142081215,0.0,IGF1_IGF1R,Igf1  - Igf1r,IGF,Secreted Signaling,PMID: 14604834
ENDO,ENDO,Igf1,Igf1r,0.0011911528942491778,0.0,IGF1_IGF1R,Igf1  - Igf1r,IGF,Secreted Signaling,PMID: 14604834
ENDO,MELA,Igf1,Igf1r,0.0009579847541376601,0.0,IGF1_IGF1R,Igf1  - Igf1r,IGF,Secreted Signaling,PMID: 14604834
FIB-A,Basal,Igf1,Igf1r,0.0013855145205535252,0.0,IGF1_IGF1R,Igf1  - Igf1r,IGF,Secreted Signaling,PMID: 14604834
FIB-A,Basal-P,Igf1,Igf1r,0.0015749432441244024,0.0,IGF1_IGF1R,Igf1  - Igf1r,IGF,Secreted Signaling,PMID: 14604834
FIB-A,ENDO,Igf1,Igf1r,0.004057593158031481,0.0,IGF1_IGF1R,Igf1  - Igf1r,IGF,Secreted Signaling,PMID: 14604834
FIB-A,FIB-A,Igf1,Igf1r,0.001480983850379477,0.0,IGF1_IGF1R,Igf1  - Igf1r,IGF,Secreted Signaling,PMID: 14604834
FIB-A,FIB-P,Igf1,Igf1r,0.0017040740747180884,0.0,IGF1_IGF1R,Igf1  - Igf1r,IGF,Secreted Signaling,PMID: 14604834
FIB-A,MELA,Igf1,Igf1r,0.0032957651356353584,0.0,IGF1_IGF1R,Igf1  - Igf1r,IGF,Secreted Signaling,PMID: 14604834
FIB-A,Muscle,Igf1,Igf1r,0.001489776867056467,0.0,IGF1_IGF1R,Igf1  - Igf1r,IGF,Secreted Signaling,PMID: 14604834
FIB-A,Pericyte,Igf1,Igf1r,0.0016485930136480329,0.0,IGF1_IGF1R,Igf1  - Igf1r,IGF,Secreted Signaling,PMID: 14604834
MYL,Basal,Igf1,Igf1r,0.0007996756858478674,0.0,IGF1_IGF1R,Igf1  - Igf1r,IGF,Secreted Signaling,PMID: 14604834
MYL,Basal-P,Igf1,Igf1r,0.0009094819693953068,0.0,IGF1_IGF1R,Igf1  - Igf1r,IGF,Secreted Signaling,PMID: 14604834
MYL,ENDO,Igf1,Igf1r,0.0023693991221991465,0.0,IGF1_IGF1R,Igf1  - Igf1r,IGF,Secreted Signaling,PMID: 14604834
MYL,FIB-A,Igf1,Igf1r,0.0008569747993108307,0.0,IGF1_IGF1R,Igf1  - Igf1r,IGF,Secreted Signaling,PMID: 14604834
MYL,FIB-P,Igf1,Igf1r,0.0009845589887777194,0.0,IGF1_IGF1R,Igf1  - Igf1r,IGF,Secreted Signaling,PMID: 14604834
MYL,MELA,Igf1,Igf1r,0.0019078579289051995,0.0,IGF1_IGF1R,Igf1  - Igf1r,IGF,Secreted Signaling,PMID: 14604834
MYL,Muscle,Igf1,Igf1r,0.0008619865233005696,0.0,IGF1_IGF1R,Igf1  - Igf1r,IGF,Secreted Signaling,PMID: 14604834
MYL,Pericyte,Igf1,Igf1r,0.0009512687681565201,0.0,IGF1_IGF1R,Igf1  - Igf1r,IGF,Secreted Signaling,PMID: 14604834
ENDO,Basal,Igf2,Igf1r,0.005375098111450194,0.0,IGF2_IGF1R,Igf2  - Igf1r,IGF,Secreted Signaling,PMID: 14604834
ENDO,Basal-P,Igf2,Igf1r,0.0060996566890795904,0.0,IGF2_IGF1R,Igf2  - Igf1r,IGF,Secreted Signaling,PMID: 14604834
ENDO,ENDO,Igf2,Igf1r,0.015169621663682254,0.0,IGF2_IGF1R,Igf2  - Igf1r,IGF,Secreted Signaling,PMID: 14604834
ENDO,FIB-A,Igf2,Igf1r,0.0056979964344726014,0.0,IGF2_IGF1R,Igf2  - Igf1r,IGF,Secreted Signaling,PMID: 14604834
ENDO,FIB-P,Igf2,Igf1r,0.006588751884240861,0.0,IGF2_IGF1R,Igf2  - Igf1r,IGF,Secreted Signaling,PMID: 14604834
ENDO,MELA,Igf2,Igf1r,0.01266413444111189,0.0,IGF2_IGF1R,Igf2  - Igf1r,IGF,Secreted Signaling,PMID: 14604834
ENDO,Muscle,Igf2,Igf1r,0.005733460057731401,0.0,IGF2_IGF1R,Igf2  - Igf1r,IGF,Secreted Signaling,PMID: 14604834
ENDO,Pericyte,Igf2,Igf1r,0.006401124437699723,0.0,IGF2_IGF1R,Igf2  - Igf1r,IGF,Secreted Signaling,PMID: 14604834
FIB-A,Basal,Igf2,Igf1r,0.0046358702697047345,0.0,IGF2_IGF1R,Igf2  - Igf1r,IGF,Secreted Signaling,PMID: 14604834
FIB-A,Basal-P,Igf2,Igf1r,0.005260112405044687,0.0,IGF2_IGF1R,Igf2  - Igf1r,IGF,Secreted Signaling,PMID: 14604834
FIB-A,ENDO,Igf2,Igf1r,0.013047705649270932,0.0,IGF2_IGF1R,Igf2  - Igf1r,IGF,Secreted Signaling,PMID: 14604834
FIB-A,FIB-A,Igf2,Igf1r,0.004911307171581779,0.0,IGF2_IGF1R,Igf2  - Igf1r,IGF,Secreted Signaling,PMID: 14604834
FIB-A,FIB-P,Igf2,Igf1r,0.005681176973805118,0.0,IGF2_IGF1R,Igf2  - Igf1r,IGF,Secreted Signaling,PMID: 14604834
FIB-A,MELA,Igf2,Igf1r,0.010914635867106125,0.0,IGF2_IGF1R,Igf2  - Igf1r,IGF,Secreted Signaling,PMID: 14604834
FIB-A,Muscle,Igf2,Igf1r,0.004941979548517946,0.0,IGF2_IGF1R,Igf2  - Igf1r,IGF,Secreted Signaling,PMID: 14604834
FIB-A,Pericyte,Igf2,Igf1r,0.0055211407055639405,0.0,IGF2_IGF1R,Igf2  - Igf1r,IGF,Secreted Signaling,PMID: 14604834
FIB-B,ENDO,Igf2,Igf1r,0.008022095584245723,0.0,IGF2_IGF1R,Igf2  - Igf1r,IGF,Secreted Signaling,PMID: 14604834
FIB-B,MELA,Igf2,Igf1r,0.006547005773900395,0.0,IGF2_IGF1R,Igf2  - Igf1r,IGF,Secreted Signaling,PMID: 14604834
FIB-P,Basal-P,Igf2,Igf1r,0.004360663123099473,0.01,IGF2_IGF1R,Igf2  - Igf1r,IGF,Secreted Signaling,PMID: 14604834
FIB-P,ENDO,Igf2,Igf1r,0.011070205407651544,0.0,IGF2_IGF1R,Igf2  - Igf1r,IGF,Secreted Signaling,PMID: 14604834
FIB-P,FIB-P,Igf2,Igf1r,0.004714939432822404,0.0,IGF2_IGF1R,Igf2  - Igf1r,IGF,Secreted Signaling,PMID: 14604834
FIB-P,MELA,Igf2,Igf1r,0.009095514740386723,0.0,IGF2_IGF1R,Igf2  - Igf1r,IGF,Secreted Signaling,PMID: 14604834
Muscle,ENDO,Igf2,Igf1r,0.00993831392089038,0.0,IGF2_IGF1R,Igf2  - Igf1r,IGF,Secreted Signaling,PMID: 14604834
Muscle,FIB-P,Igf2,Igf1r,0.004269860900596208,0.03,IGF2_IGF1R,Igf2  - Igf1r,IGF,Secreted Signaling,PMID: 14604834
Muscle,MELA,Igf2,Igf1r,0.008223684612570201,0.0,IGF2_IGF1R,Igf2  - Igf1r,IGF,Secreted Signaling,PMID: 14604834
Pericyte,Basal,Igf2,Igf1r,0.004908138293095292,0.01,IGF2_IGF1R,Igf2  - Igf1r,IGF,Secreted Signaling,PMID: 14604834
Pericyte,Basal-P,Igf2,Igf1r,0.005575107437717066,0.0,IGF2_IGF1R,Igf2  - Igf1r,IGF,Secreted Signaling,PMID: 14604834
Pericyte,ENDO,Igf2,Igf1r,0.01414373778709966,0.0,IGF2_IGF1R,Igf2  - Igf1r,IGF,Secreted Signaling,PMID: 14604834
Pericyte,FIB-A,Igf2,Igf1r,0.005227532722687394,0.01,IGF2_IGF1R,Igf2  - Igf1r,IGF,Secreted Signaling,PMID: 14604834
Pericyte,FIB-P,Igf2,Igf1r,0.006027858194091359,0.0,IGF2_IGF1R,Igf2  - Igf1r,IGF,Secreted Signaling,PMID: 14604834
Pericyte,MELA,Igf2,Igf1r,0.01162687298215037,0.0,IGF2_IGF1R,Igf2  - Igf1r,IGF,Secreted Signaling,PMID: 14604834
Pericyte,Muscle,Igf2,Igf1r,0.0052592197600753055,0.01,IGF2_IGF1R,Igf2  - Igf1r,IGF,Secreted Signaling,PMID: 14604834
Pericyte,Pericyte,Igf2,Igf1r,0.005842218223933886,0.0,IGF2_IGF1R,Igf2  - Igf1r,IGF,Secreted Signaling,PMID: 14604834
Spinious,Basal-P,Igf2,Igf1r,0.004388236017330167,0.0,IGF2_IGF1R,Igf2  - Igf1r,IGF,Secreted Signaling,PMID: 14604834
Spinious,ENDO,Igf2,Igf1r,0.011298923549647441,0.0,IGF2_IGF1R,Igf2  - Igf1r,IGF,Secreted Signaling,PMID: 14604834
Spinious,FIB-P,Igf2,Igf1r,0.0047479003818204895,0.0,IGF2_IGF1R,Igf2  - Igf1r,IGF,Secreted Signaling,PMID: 14604834
Spinious,MELA,Igf2,Igf1r,0.009181737380214773,0.0,IGF2_IGF1R,Igf2  - Igf1r,IGF,Secreted Signaling,PMID: 14604834
Basal,FIB-A,Igf2,Igf2r,0.006277603774384017,0.01,IGF2_IGF2R,Igf2  - Igf2r,IGF,Secreted Signaling,PMID: 14604834
Basal,Pericyte,Igf2,Igf2r,0.017198970156143824,0.0,IGF2_IGF2R,Igf2  - Igf2r,IGF,Secreted Signaling,PMID: 14604834
Basal-P,Pericyte,Igf2,Igf2r,0.016049333316843724,0.0,IGF2_IGF2R,Igf2  - Igf2r,IGF,Secreted Signaling,PMID: 14604834
DC,Pericyte,Igf2,Igf2r,0.013149086031961046,0.0,IGF2_IGF2R,Igf2  - Igf2r,IGF,Secreted Signaling,PMID: 14604834
ENDO,ENDO,Igf2,Igf2r,0.015860513529321624,0.0,IGF2_IGF2R,Igf2  - Igf2r,IGF,Secreted Signaling,PMID: 14604834
ENDO,FIB-A,Igf2,Igf2r,0.022593971391153912,0.0,IGF2_IGF2R,Igf2  - Igf2r,IGF,Secreted Signaling,PMID: 14604834
ENDO,FIB-B,Igf2,Igf2r,0.008792978541356985,0.0,IGF2_IGF2R,Igf2  - Igf2r,IGF,Secreted Signaling,PMID: 14604834
ENDO,FIB-P,Igf2,Igf2r,0.009737316770815869,0.0,IGF2_IGF2R,Igf2  - Igf2r,IGF,Secreted Signaling,PMID: 14604834
ENDO,Muscle,Igf2,Igf2r,0.014500042865496747,0.0,IGF2_IGF2R,Igf2  - Igf2r,IGF,Secreted Signaling,PMID: 14604834
ENDO,Pericyte,Igf2,Igf2r,0.058773711776882995,0.0,IGF2_IGF2R,Igf2  - Igf2r,IGF,Secreted Signaling,PMID: 14604834
FIB-A,ENDO,Igf2,Igf2r,0.013639542517330043,0.0,IGF2_IGF2R,Igf2  - Igf2r,IGF,Secreted Signaling,PMID: 14604834
FIB-A,FIB-A,Igf2,Igf2r,0.019372123735492096,0.0,IGF2_IGF2R,Igf2  - Igf2r,IGF,Secreted Signaling,PMID: 14604834
FIB-A,FIB-B,Igf2,Igf2r,0.007578124152623764,0.0,IGF2_IGF2R,Igf2  - Igf2r,IGF,Secreted Signaling,PMID: 14604834
FIB-A,FIB-P,Igf2,Igf2r,0.008390366809634908,0.0,IGF2_IGF2R,Igf2  - Igf2r,IGF,Secreted Signaling,PMID: 14604834
FIB-A,Muscle,Igf2,Igf2r,0.01246479124889908,0.0,IGF2_IGF2R,Igf2  - Igf2r,IGF,Secreted Signaling,PMID: 14604834
FIB-A,Pericyte,Igf2,Igf2r,0.0502421980644941,0.0,IGF2_IGF2R,Igf2  - Igf2r,IGF,Secreted Signaling,PMID: 14604834
FIB-B,ENDO,Igf2,Igf2r,0.008404412657875369,0.02,IGF2_IGF2R,Igf2  - Igf2r,IGF,Secreted Signaling,PMID: 14604834
FIB-B,FIB-A,Igf2,Igf2r,0.012396375124753245,0.0,IGF2_IGF2R,Igf2  - Igf2r,IGF,Secreted Signaling,PMID: 14604834
FIB-B,Muscle,Igf2,Igf2r,0.0077173865606119,0.0,IGF2_IGF2R,Igf2  - Igf2r,IGF,Secreted Signaling,PMID: 14604834
FIB-B,Pericyte,Igf2,Igf2r,0.03343530205147263,0.0,IGF2_IGF2R,Igf2  - Igf2r,IGF,Secreted Signaling,PMID: 14604834
FIB-P,ENDO,Igf2,Igf2r,0.01159079278916478,0.01,IGF2_IGF2R,Igf2  - Igf2r,IGF,Secreted Signaling,PMID: 14604834
FIB-P,FIB-A,Igf2,Igf2r,0.01691711173840566,0.0,IGF2_IGF2R,Igf2  - Igf2r,IGF,Secreted Signaling,PMID: 14604834
FIB-P,FIB-B,Igf2,Igf2r,0.006316127779455016,0.0,IGF2_IGF2R,Igf2  - Igf2r,IGF,Secreted Signaling,PMID: 14604834
FIB-P,FIB-P,Igf2,Igf2r,0.007005111371624494,0.0,IGF2_IGF2R,Igf2  - Igf2r,IGF,Secreted Signaling,PMID: 14604834
FIB-P,Muscle,Igf2,Igf2r,0.010629277671601505,0.0,IGF2_IGF2R,Igf2  - Igf2r,IGF,Secreted Signaling,PMID: 14604834
FIB-P,Pericyte,Igf2,Igf2r,0.04511904126928046,0.0,IGF2_IGF2R,Igf2  - Igf2r,IGF,Secreted Signaling,PMID: 14604834
Muscle,ENDO,Igf2,Igf2r,0.010399089417706122,0.01,IGF2_IGF2R,Igf2  - Igf2r,IGF,Secreted Signaling,PMID: 14604834
Muscle,FIB-A,Igf2,Igf2r,0.015012915837597257,0.0,IGF2_IGF2R,Igf2  - Igf2r,IGF,Secreted Signaling,PMID: 14604834
Muscle,FIB-P,Igf2,Igf2r,0.00632897611352378,0.01,IGF2_IGF2R,Igf2  - Igf2r,IGF,Secreted Signaling,PMID: 14604834
Muscle,Muscle,Igf2,Igf2r,0.009523287662479814,0.0,IGF2_IGF2R,Igf2  - Igf2r,IGF,Secreted Signaling,PMID: 14604834
Muscle,Pericyte,Igf2,Igf2r,0.03958692485897641,0.0,IGF2_IGF2R,Igf2  - Igf2r,IGF,Secreted Signaling,PMID: 14604834
Pericyte,ENDO,Igf2,Igf2r,0.01480816794454753,0.0,IGF2_IGF2R,Igf2  - Igf2r,IGF,Secreted Signaling,PMID: 14604834
Pericyte,FIB-A,Igf2,Igf2r,0.021595423468770403,0.0,IGF2_IGF2R,Igf2  - Igf2r,IGF,Secreted Signaling,PMID: 14604834
Pericyte,FIB-B,Igf2,Igf2r,0.008073921082650277,0.0,IGF2_IGF2R,Igf2  - Igf2r,IGF,Secreted Signaling,PMID: 14604834
Pericyte,FIB-P,Igf2,Igf2r,0.008954206855655315,0.0,IGF2_IGF2R,Igf2  - Igf2r,IGF,Secreted Signaling,PMID: 14604834
Pericyte,Muscle,Igf2,Igf2r,0.013578368763044803,0.0,IGF2_IGF2R,Igf2  - Igf2r,IGF,Secreted Signaling,PMID: 14604834
Pericyte,Pericyte,Igf2,Igf2r,0.057547138420403036,0.0,IGF2_IGF2R,Igf2  - Igf2r,IGF,Secreted Signaling,PMID: 14604834
Spinious,ENDO,Igf2,Igf2r,0.011842008780585367,0.01,IGF2_IGF2R,Igf2  - Igf2r,IGF,Secreted Signaling,PMID: 14604834
Spinious,FIB-A,Igf2,Igf2r,0.017586754319006585,0.0,IGF2_IGF2R,Igf2  - Igf2r,IGF,Secreted Signaling,PMID: 14604834
Spinious,FIB-B,Igf2,Igf2r,0.0063766340493275194,0.0,IGF2_IGF2R,Igf2  - Igf2r,IGF,Secreted Signaling,PMID: 14604834
Spinious,FIB-P,Igf2,Igf2r,0.007079562944638336,0.0,IGF2_IGF2R,Igf2  - Igf2r,IGF,Secreted Signaling,PMID: 14604834
Spinious,Muscle,Igf2,Igf2r,0.01088321949512804,0.0,IGF2_IGF2R,Igf2  - Igf2r,IGF,Secreted Signaling,PMID: 14604834
Spinious,Pericyte,Igf2,Igf2r,0.047788515308670634,0.0,IGF2_IGF2R,Igf2  - Igf2r,IGF,Secreted Signaling,PMID: 14604834
DC,Basal,Igf1,ITGA6_ITGB4,0.003579200802356392,0.0,IGF1_ITGA6_ITGB4,Igf1  - (Itga6+Itgb4),IGF,Secreted Signaling,PMID: 28190785; PMID: 28873464
DC,Basal-P,Igf1,ITGA6_ITGB4,0.005269882327712633,0.0,IGF1_ITGA6_ITGB4,Igf1  - (Itga6+Itgb4),IGF,Secreted Signaling,PMID: 28190785; PMID: 28873464
ENDO,Basal,Igf1,ITGA6_ITGB4,0.0005795094827416839,0.0,IGF1_ITGA6_ITGB4,Igf1  - (Itga6+Itgb4),IGF,Secreted Signaling,PMID: 28190785; PMID: 28873464
ENDO,Basal-P,Igf1,ITGA6_ITGB4,0.000858849950354164,0.0,IGF1_ITGA6_ITGB4,Igf1  - (Itga6+Itgb4),IGF,Secreted Signaling,PMID: 28190785; PMID: 28873464
FIB-A,Basal,Igf1,ITGA6_ITGB4,0.001995730576941541,0.0,IGF1_ITGA6_ITGB4,Igf1  - (Itga6+Itgb4),IGF,Secreted Signaling,PMID: 28190785; PMID: 28873464
FIB-A,Basal-P,Igf1,ITGA6_ITGB4,0.002947652028066413,0.0,IGF1_ITGA6_ITGB4,Igf1  - (Itga6+Itgb4),IGF,Secreted Signaling,PMID: 28190785; PMID: 28873464
MYL,Basal,Igf1,ITGA6_ITGB4,0.0011542531949276427,0.0,IGF1_ITGA6_ITGB4,Igf1  - (Itga6+Itgb4),IGF,Secreted Signaling,PMID: 28190785; PMID: 28873464
MYL,Basal-P,Igf1,ITGA6_ITGB4,0.001709937437725441,0.0,IGF1_ITGA6_ITGB4,Igf1  - (Itga6+Itgb4),IGF,Secreted Signaling,PMID: 28190785; PMID: 28873464
Basal,Basal,Igf2,ITGA6_ITGB4,0.0019591078153720163,0.0,IGF2_ITGA6_ITGB4,Igf2  - (Itga6+Itgb4),IGF,Secreted Signaling,PMID: 28190785; PMID: 28873464
Basal,Basal-P,Igf2,ITGA6_ITGB4,0.002897734741779069,0.0,IGF2_ITGA6_ITGB4,Igf2  - (Itga6+Itgb4),IGF,Secreted Signaling,PMID: 28190785; PMID: 28873464
Basal-P,Basal,Igf2,ITGA6_ITGB4,0.001821389376597593,0.0,IGF2_ITGA6_ITGB4,Igf2  - (Itga6+Itgb4),IGF,Secreted Signaling,PMID: 28190785; PMID: 28873464
Basal-P,Basal-P,Igf2,ITGA6_ITGB4,0.002694779444045229,0.0,IGF2_ITGA6_ITGB4,Igf2  - (Itga6+Itgb4),IGF,Secreted Signaling,PMID: 28190785; PMID: 28873464
DC,Basal,Igf2,ITGA6_ITGB4,0.001500961952602654,0.0,IGF2_ITGA6_ITGB4,Igf2  - (Itga6+Itgb4),IGF,Secreted Signaling,PMID: 28190785; PMID: 28873464
DC,Basal-P,Igf2,ITGA6_ITGB4,0.0022197357505119833,0.0,IGF2_ITGA6_ITGB4,Igf2  - (Itga6+Itgb4),IGF,Secreted Signaling,PMID: 28190785; PMID: 28873464
ENDO,Basal,Igf2,ITGA6_ITGB4,0.007690898134977955,0.0,IGF2_ITGA6_ITGB4,Igf2  - (Itga6+Itgb4),IGF,Secreted Signaling,PMID: 28190785; PMID: 28873464
ENDO,Basal-P,Igf2,ITGA6_ITGB4,0.011250568463113427,0.0,IGF2_ITGA6_ITGB4,Igf2  - (Itga6+Itgb4),IGF,Secreted Signaling,PMID: 28190785; PMID: 28873464
FIB-A,Basal,Igf2,ITGA6_ITGB4,0.006629861900723453,0.0,IGF2_ITGA6_ITGB4,Igf2  - (Itga6+Itgb4),IGF,Secreted Signaling,PMID: 28190785; PMID: 28873464
FIB-A,Basal-P,Igf2,ITGA6_ITGB4,0.009691509693254758,0.0,IGF2_ITGA6_ITGB4,Igf2  - (Itga6+Itgb4),IGF,Secreted Signaling,PMID: 28190785; PMID: 28873464
FIB-B,Basal,Igf2,ITGA6_ITGB4,0.003966464579901362,0.0,IGF2_ITGA6_ITGB4,Igf2  - (Itga6+Itgb4),IGF,Secreted Signaling,PMID: 28190785; PMID: 28873464
FIB-B,Basal-P,Igf2,ITGA6_ITGB4,0.005848710994691102,0.0,IGF2_ITGA6_ITGB4,Igf2  - (Itga6+Itgb4),IGF,Secreted Signaling,PMID: 28190785; PMID: 28873464
FIB-P,Basal,Igf2,ITGA6_ITGB4,0.005514342224473003,0.0,IGF2_ITGA6_ITGB4,Igf2  - (Itga6+Itgb4),IGF,Secreted Signaling,PMID: 28190785; PMID: 28873464
FIB-P,Basal-P,Igf2,ITGA6_ITGB4,0.00811208670401588,0.0,IGF2_ITGA6_ITGB4,Igf2  - (Itga6+Itgb4),IGF,Secreted Signaling,PMID: 28190785; PMID: 28873464
Immune,Basal,Igf2,ITGA6_ITGB4,0.0005766327032011563,0.0,IGF2_ITGA6_ITGB4,Igf2  - (Itga6+Itgb4),IGF,Secreted Signaling,PMID: 28190785; PMID: 28873464
Immune,Basal-P,Igf2,ITGA6_ITGB4,0.0008550625013001695,0.0,IGF2_ITGA6_ITGB4,Igf2  - (Itga6+Itgb4),IGF,Secreted Signaling,PMID: 28190785; PMID: 28873464
MYL,Basal,Igf2,ITGA6_ITGB4,0.0005453378289643268,0.0,IGF2_ITGA6_ITGB4,Igf2  - (Itga6+Itgb4),IGF,Secreted Signaling,PMID: 28190785; PMID: 28873464
MYL,Basal-P,Igf2,ITGA6_ITGB4,0.0008085062005810442,0.0,IGF2_ITGA6_ITGB4,Igf2  - (Itga6+Itgb4),IGF,Secreted Signaling,PMID: 28190785; PMID: 28873464
Muscle,Basal,Igf2,ITGA6_ITGB4,0.004989514181229638,0.0,IGF2_ITGA6_ITGB4,Igf2  - (Itga6+Itgb4),IGF,Secreted Signaling,PMID: 28190785; PMID: 28873464
Muscle,Basal-P,Igf2,ITGA6_ITGB4,0.007321756607351056,0.0,IGF2_ITGA6_ITGB4,Igf2  - (Itga6+Itgb4),IGF,Secreted Signaling,PMID: 28190785; PMID: 28873464
Pericyte,Basal,Igf2,ITGA6_ITGB4,0.007049417825059227,0.0,IGF2_ITGA6_ITGB4,Igf2  - (Itga6+Itgb4),IGF,Secreted Signaling,PMID: 28190785; PMID: 28873464
Pericyte,Basal-P,Igf2,ITGA6_ITGB4,0.010368420996936427,0.0,IGF2_ITGA6_ITGB4,Igf2  - (Itga6+Itgb4),IGF,Secreted Signaling,PMID: 28190785; PMID: 28873464
Spinious,Basal,Igf2,ITGA6_ITGB4,0.005560211335356206,0.0,IGF2_ITGA6_ITGB4,Igf2  - (Itga6+Itgb4),IGF,Secreted Signaling,PMID: 28190785; PMID: 28873464
Spinious,Basal-P,Igf2,ITGA6_ITGB4,0.00821100419875914,0.0,IGF2_ITGA6_ITGB4,Igf2  - (Itga6+Itgb4),IGF,Secreted Signaling,PMID: 28190785; PMID: 28873464
ENDO,ENDO,Apln,Aplnr,0.004130563960815437,0.0,APLN_APLNR,Apln  - Aplnr,APELIN,Secreted Signaling,KEGG: mmu04371
MYL,MYL,Ccl3,Ccr1,0.017895858647714598,0.0,CCL3_CCR1,Ccl3  - Ccr1,CCL,Secreted Signaling,KEGG: mmu04060
MYL,MYL,Ccl9,Ccr1,0.017112312841561342,0.0,CCL9_CCR1,Ccl9  - Ccr1,CCL,Secreted Signaling,KEGG: mmu04060
MYL,MYL,Ccl6,Ccr1,0.003949551414631421,0.0,CCL6_CCR1,Ccl6  - Ccr1,CCL,Secreted Signaling,KEGG: mmu04060
MYL,MYL,Ccl7,Ccr1,0.008380000792863529,0.0,CCL7_CCR1,Ccl7  - Ccr1,CCL,Secreted Signaling,KEGG: mmu04060
MYL,Immune,Ccl6,Ccr2,0.0027077564591742455,0.0,CCL6_CCR2,Ccl6  - Ccr2,CCL,Secreted Signaling,KEGG: mmu04060
MYL,MYL,Ccl6,Ccr2,0.0036448301046581957,0.0,CCL6_CCR2,Ccl6  - Ccr2,CCL,Secreted Signaling,KEGG: mmu04060
MYL,Immune,Ccl7,Ccr2,0.005753255785840202,0.0,CCL7_CCR2,Ccl7  - Ccr2,CCL,Secreted Signaling,KEGG: mmu04060
MYL,MYL,Ccl7,Ccr2,0.00773611013660007,0.0,CCL7_CCR2,Ccl7  - Ccr2,CCL,Secreted Signaling,KEGG: mmu04060
MYL,Immune,Ccl2,Ccr2,0.019705703509473416,0.0,CCL2_CCR2,Ccl2  - Ccr2,CCL,Secreted Signaling,KEGG: mmu04060
MYL,MYL,Ccl2,Ccr2,0.026369718442718425,0.0,CCL2_CCR2,Ccl2  - Ccr2,CCL,Secreted Signaling,KEGG: mmu04060
Pericyte,Immune,Ccl2,Ccr2,0.002883725958099273,0.0,CCL2_CCR2,Ccl2  - Ccr2,CCL,Secreted Signaling,KEGG: mmu04060
Pericyte,MYL,Ccl2,Ccr2,0.0038814603778399804,0.0,CCL2_CCR2,Ccl2  - Ccr2,CCL,Secreted Signaling,KEGG: mmu04060
MYL,Immune,Ccl12,Ccr2,0.006302972945740041,0.0,CCL12_CCR2,Ccl12  - Ccr2,CCL,Secreted Signaling,KEGG: mmu04060
MYL,MYL,Ccl12,Ccr2,0.00847367210582044,0.0,CCL12_CCR2,Ccl12  - Ccr2,CCL,Secreted Signaling,KEGG: mmu04060
Basal,MYL,Mif,CD74_CD44,0.043742818078117744,0.0,MIF_CD74_CD44,Mif  - (Cd74+Cd44),MIF,Secreted Signaling,PMID: 29637711; PMID: 26175090
Basal-P,MYL,Mif,CD74_CD44,0.043691558191055635,0.0,MIF_CD74_CD44,Mif  - (Cd74+Cd44),MIF,Secreted Signaling,PMID: 29637711; PMID: 26175090
DC,MYL,Mif,CD74_CD44,0.028092260587372513,0.0,MIF_CD74_CD44,Mif  - (Cd74+Cd44),MIF,Secreted Signaling,PMID: 29637711; PMID: 26175090
ENDO,MYL,Mif,CD74_CD44,0.030246614715112086,0.0,MIF_CD74_CD44,Mif  - (Cd74+Cd44),MIF,Secreted Signaling,PMID: 29637711; PMID: 26175090
FIB-A,MYL,Mif,CD74_CD44,0.02671531253659288,0.0,MIF_CD74_CD44,Mif  - (Cd74+Cd44),MIF,Secreted Signaling,PMID: 29637711; PMID: 26175090
FIB-B,MYL,Mif,CD74_CD44,0.03394634121990759,0.0,MIF_CD74_CD44,Mif  - (Cd74+Cd44),MIF,Secreted Signaling,PMID: 29637711; PMID: 26175090
FIB-P,MYL,Mif,CD74_CD44,0.03329991224449528,0.0,MIF_CD74_CD44,Mif  - (Cd74+Cd44),MIF,Secreted Signaling,PMID: 29637711; PMID: 26175090
Immune,MYL,Mif,CD74_CD44,0.04229506171556048,0.0,MIF_CD74_CD44,Mif  - (Cd74+Cd44),MIF,Secreted Signaling,PMID: 29637711; PMID: 26175090
MELA,MYL,Mif,CD74_CD44,0.03427096793425457,0.0,MIF_CD74_CD44,Mif  - (Cd74+Cd44),MIF,Secreted Signaling,PMID: 29637711; PMID: 26175090
MYL,MYL,Mif,CD74_CD44,0.0322979112602884,0.0,MIF_CD74_CD44,Mif  - (Cd74+Cd44),MIF,Secreted Signaling,PMID: 29637711; PMID: 26175090
Muscle,MYL,Mif,CD74_CD44,0.04252401119173831,0.0,MIF_CD74_CD44,Mif  - (Cd74+Cd44),MIF,Secreted Signaling,PMID: 29637711; PMID: 26175090
Pericyte,MYL,Mif,CD74_CD44,0.03697026735616589,0.0,MIF_CD74_CD44,Mif  - (Cd74+Cd44),MIF,Secreted Signaling,PMID: 29637711; PMID: 26175090
Spinious,MYL,Mif,CD74_CD44,0.042413054120355884,0.0,MIF_CD74_CD44,Mif  - (Cd74+Cd44),MIF,Secreted Signaling,PMID: 29637711; PMID: 26175090
Immune,MYL,Il4,Il4ra,0.0024523618726923894,0.0,IL4_IL4R,Il4  - Il4r,IL4,Secreted Signaling,KEGG: mmu04060
Immune,Pericyte,Il13,Il13ra1,0.0050460484932696665,0.0,IL13_IL13RA1,Il13  - Il13ra1,IL4,Secreted Signaling,KEGG: mmu04060
Basal,ENDO,Ctf1,LIFR_IL6ST,0.0010578124336304352,0.0,CTF1_LIFR_IL6ST,Ctf1  - (Lifr+Il6st),LIFR,Secreted Signaling,KEGG: mmu04060
Basal,MELA,Ctf1,LIFR_IL6ST,0.000987193063237852,0.0,CTF1_LIFR_IL6ST,Ctf1  - (Lifr+Il6st),LIFR,Secreted Signaling,KEGG: mmu04060
Basal,Muscle,Ctf1,LIFR_IL6ST,0.0010078260611432045,0.0,CTF1_LIFR_IL6ST,Ctf1  - (Lifr+Il6st),LIFR,Secreted Signaling,KEGG: mmu04060
Basal,Pericyte,Ctf1,LIFR_IL6ST,0.00344193654813991,0.0,CTF1_LIFR_IL6ST,Ctf1  - (Lifr+Il6st),LIFR,Secreted Signaling,KEGG: mmu04060
Basal-P,ENDO,Ctf1,LIFR_IL6ST,0.0008651206444620793,0.0,CTF1_LIFR_IL6ST,Ctf1  - (Lifr+Il6st),LIFR,Secreted Signaling,KEGG: mmu04060
Basal-P,MELA,Ctf1,LIFR_IL6ST,0.0008073549468588775,0.0,CTF1_LIFR_IL6ST,Ctf1  - (Lifr+Il6st),LIFR,Secreted Signaling,KEGG: mmu04060
Basal-P,Muscle,Ctf1,LIFR_IL6ST,0.0008242323085078278,0.0,CTF1_LIFR_IL6ST,Ctf1  - (Lifr+Il6st),LIFR,Secreted Signaling,KEGG: mmu04060
Basal-P,Pericyte,Ctf1,LIFR_IL6ST,0.0028161755281609804,0.0,CTF1_LIFR_IL6ST,Ctf1  - (Lifr+Il6st),LIFR,Secreted Signaling,KEGG: mmu04060
Immune,ENDO,Osm,LIFR_IL6ST,0.0016931844758815943,0.0,OSM_LIFR_IL6ST,Osm  - (Lifr+Il6st),OSM,Secreted Signaling,KEGG: mmu04060
Immune,MELA,Osm,LIFR_IL6ST,0.0015802148801422286,0.0,OSM_LIFR_IL6ST,Osm  - (Lifr+Il6st),OSM,Secreted Signaling,KEGG: mmu04060
Immune,Muscle,Osm,LIFR_IL6ST,0.0016132224172938918,0.0,OSM_LIFR_IL6ST,Osm  - (Lifr+Il6st),OSM,Secreted Signaling,KEGG: mmu04060
Immune,Pericyte,Osm,LIFR_IL6ST,0.005501439487799526,0.0,OSM_LIFR_IL6ST,Osm  - (Lifr+Il6st),OSM,Secreted Signaling,KEGG: mmu04060
Immune,Basal,Tnf,Tnfrsf1a,0.0015164756116064202,0.0,TNF_TNFRSF1A,Tnf  - Tnfrsf1a,TNF,Secreted Signaling,KEGG: mmu04060
Immune,Basal-P,Tnf,Tnfrsf1a,0.0014199674123609736,0.0,TNF_TNFRSF1A,Tnf  - Tnfrsf1a,TNF,Secreted Signaling,KEGG: mmu04060
Immune,ENDO,Tnf,Tnfrsf1a,0.0014174732518185535,0.0,TNF_TNFRSF1A,Tnf  - Tnfrsf1a,TNF,Secreted Signaling,KEGG: mmu04060
Immune,FIB-A,Tnf,Tnfrsf1a,0.001563637601501941,0.0,TNF_TNFRSF1A,Tnf  - Tnfrsf1a,TNF,Secreted Signaling,KEGG: mmu04060
Immune,FIB-B,Tnf,Tnfrsf1a,0.0018680389060647285,0.0,TNF_TNFRSF1A,Tnf  - Tnfrsf1a,TNF,Secreted Signaling,KEGG: mmu04060
Immune,FIB-P,Tnf,Tnfrsf1a,0.0015981049503063342,0.0,TNF_TNFRSF1A,Tnf  - Tnfrsf1a,TNF,Secreted Signaling,KEGG: mmu04060
Immune,MYL,Tnf,Tnfrsf1a,0.004651858507287719,0.0,TNF_TNFRSF1A,Tnf  - Tnfrsf1a,TNF,Secreted Signaling,KEGG: mmu04060
Immune,Pericyte,Tnf,Tnfrsf1a,0.0034560993482837454,0.0,TNF_TNFRSF1A,Tnf  - Tnfrsf1a,TNF,Secreted Signaling,KEGG: mmu04060
Immune,Spinious,Tnf,Tnfrsf1a,0.004076184358673071,0.0,TNF_TNFRSF1A,Tnf  - Tnfrsf1a,TNF,Secreted Signaling,KEGG: mmu04060
Basal,DC,Ngf,Ngfr,0.009027558493891464,0.0,NGF_NGFR,Ngf  - Ngfr,NGF,Secreted Signaling,KEGG: mmu04060
Basal,FIB-B,Ngf,Ngfr,0.0015695906268576774,0.0,NGF_NGFR,Ngf  - Ngfr,NGF,Secreted Signaling,KEGG: mmu04060
Basal,FIB-P,Ngf,Ngfr,0.001198266508828079,0.0,NGF_NGFR,Ngf  - Ngfr,NGF,Secreted Signaling,KEGG: mmu04060
Basal,MELA,Ngf,Ngfr,0.006958950860889914,0.0,NGF_NGFR,Ngf  - Ngfr,NGF,Secreted Signaling,KEGG: mmu04060
Basal,Pericyte,Ngf,Ngfr,0.000856407304996741,0.0,NGF_NGFR,Ngf  - Ngfr,NGF,Secreted Signaling,KEGG: mmu04060
Basal-P,DC,Ngf,Ngfr,0.008966446870208044,0.0,NGF_NGFR,Ngf  - Ngfr,NGF,Secreted Signaling,KEGG: mmu04060
Basal-P,FIB-B,Ngf,Ngfr,0.001558885939054458,0.0,NGF_NGFR,Ngf  - Ngfr,NGF,Secreted Signaling,KEGG: mmu04060
Basal-P,FIB-P,Ngf,Ngfr,0.0011900912517876408,0.0,NGF_NGFR,Ngf  - Ngfr,NGF,Secreted Signaling,KEGG: mmu04060
Basal-P,MELA,Ngf,Ngfr,0.006911744908006124,0.0,NGF_NGFR,Ngf  - Ngfr,NGF,Secreted Signaling,KEGG: mmu04060
Basal-P,Pericyte,Ngf,Ngfr,0.0008505624200812389,0.0,NGF_NGFR,Ngf  - Ngfr,NGF,Secreted Signaling,KEGG: mmu04060
Basal,ENDO,Nampt,ITGA5_ITGB1,0.00398951385525784,0.0,NAMPT_ITGA5_ITGB1,Nampt  - (Itga5+Itgb1),VISFATIN,Secreted Signaling,PMID: 28490838
Basal,FIB-A,Nampt,ITGA5_ITGB1,0.0033176246540900503,0.0,NAMPT_ITGA5_ITGB1,Nampt  - (Itga5+Itgb1),VISFATIN,Secreted Signaling,PMID: 28490838
Basal,FIB-P,Nampt,ITGA5_ITGB1,0.002549311804635306,0.0,NAMPT_ITGA5_ITGB1,Nampt  - (Itga5+Itgb1),VISFATIN,Secreted Signaling,PMID: 28490838
Basal-P,ENDO,Nampt,ITGA5_ITGB1,0.0036255836685186553,0.0,NAMPT_ITGA5_ITGB1,Nampt  - (Itga5+Itgb1),VISFATIN,Secreted Signaling,PMID: 28490838
Basal-P,FIB-A,Nampt,ITGA5_ITGB1,0.0030147998143604943,0.0,NAMPT_ITGA5_ITGB1,Nampt  - (Itga5+Itgb1),VISFATIN,Secreted Signaling,PMID: 28490838
Basal-P,FIB-P,Nampt,ITGA5_ITGB1,0.0023164537302289637,0.0,NAMPT_ITGA5_ITGB1,Nampt  - (Itga5+Itgb1),VISFATIN,Secreted Signaling,PMID: 28490838
ENDO,ENDO,Nampt,ITGA5_ITGB1,0.0028020643589027937,0.0,NAMPT_ITGA5_ITGB1,Nampt  - (Itga5+Itgb1),VISFATIN,Secreted Signaling,PMID: 28490838
ENDO,FIB-A,Nampt,ITGA5_ITGB1,0.002329690279152526,0.0,NAMPT_ITGA5_ITGB1,Nampt  - (Itga5+Itgb1),VISFATIN,Secreted Signaling,PMID: 28490838
ENDO,FIB-P,Nampt,ITGA5_ITGB1,0.0017897575899901734,0.0,NAMPT_ITGA5_ITGB1,Nampt  - (Itga5+Itgb1),VISFATIN,Secreted Signaling,PMID: 28490838
Pericyte,ENDO,Nampt,ITGA5_ITGB1,0.0026192515866079,0.0,NAMPT_ITGA5_ITGB1,Nampt  - (Itga5+Itgb1),VISFATIN,Secreted Signaling,PMID: 28490838
Pericyte,FIB-A,Nampt,ITGA5_ITGB1,0.0021776289187719336,0.0,NAMPT_ITGA5_ITGB1,Nampt  - (Itga5+Itgb1),VISFATIN,Secreted Signaling,PMID: 28490838
Pericyte,FIB-P,Nampt,ITGA5_ITGB1,0.0016728791167984435,0.0,NAMPT_ITGA5_ITGB1,Nampt  - (Itga5+Itgb1),VISFATIN,Secreted Signaling,PMID: 28490838
FIB-A,Pericyte,Angptl1,ITGA1_ITGB1,0.04004338485977345,0.0,ANGPTL1_ITGA1_ITGB1,Angptl1  - (Itga1+Itgb1),ANGPTL,Secreted Signaling,PMID: 24478758
FIB-A,ENDO,Angptl4,ITGA5_ITGB1,0.006891570256005094,0.0,ANGPTL4_ITGA5_ITGB1,Angptl4  - (Itga5+Itgb1),ANGPTL,Secreted Signaling,PMID: 30049845
FIB-A,FIB-A,Angptl4,ITGA5_ITGB1,0.005733748272731781,0.0,ANGPTL4_ITGA5_ITGB1,Angptl4  - (Itga5+Itgb1),ANGPTL,Secreted Signaling,PMID: 30049845
FIB-A,FIB-P,Angptl4,ITGA5_ITGB1,0.004408371757791976,0.0,ANGPTL4_ITGA5_ITGB1,Angptl4  - (Itga5+Itgb1),ANGPTL,Secreted Signaling,PMID: 30049845
FIB-B,ENDO,Angptl4,ITGA5_ITGB1,0.007024075978273988,0.0,ANGPTL4_ITGA5_ITGB1,Angptl4  - (Itga5+Itgb1),ANGPTL,Secreted Signaling,PMID: 30049845
FIB-B,FIB-A,Angptl4,ITGA5_ITGB1,0.005844123302468071,0.0,ANGPTL4_ITGA5_ITGB1,Angptl4  - (Itga5+Itgb1),ANGPTL,Secreted Signaling,PMID: 30049845
FIB-B,FIB-P,Angptl4,ITGA5_ITGB1,0.004493348505364161,0.0,ANGPTL4_ITGA5_ITGB1,Angptl4  - (Itga5+Itgb1),ANGPTL,Secreted Signaling,PMID: 30049845
FIB-P,ENDO,Angptl4,ITGA5_ITGB1,0.006371382603359205,0.0,ANGPTL4_ITGA5_ITGB1,Angptl4  - (Itga5+Itgb1),ANGPTL,Secreted Signaling,PMID: 30049845
FIB-P,FIB-A,Angptl4,ITGA5_ITGB1,0.005300488580027127,0.0,ANGPTL4_ITGA5_ITGB1,Angptl4  - (Itga5+Itgb1),ANGPTL,Secreted Signaling,PMID: 30049845
FIB-P,FIB-P,Angptl4,ITGA5_ITGB1,0.00407485115193231,0.0,ANGPTL4_ITGA5_ITGB1,Angptl4  - (Itga5+Itgb1),ANGPTL,Secreted Signaling,PMID: 30049845
FIB-A,ENDO,Angptl4,Cdh5,0.02524176503595533,0.0,ANGPTL4_CDH5,Angptl4  - Cdh5,ANGPTL,Secreted Signaling,PMID: 30049845
FIB-B,ENDO,Angptl4,Cdh5,0.02571795709084913,0.0,ANGPTL4_CDH5,Angptl4  - Cdh5,ANGPTL,Secreted Signaling,PMID: 30049845
FIB-P,ENDO,Angptl4,Cdh5,0.023369066132364294,0.0,ANGPTL4_CDH5,Angptl4  - Cdh5,ANGPTL,Secreted Signaling,PMID: 30049845
FIB-A,DC,Angptl4,Cdh11,0.01956715334631679,0.0,ANGPTL4_CDH11,Angptl4  - Cdh11,ANGPTL,Secreted Signaling,PMID: 30049845
FIB-A,FIB-A,Angptl4,Cdh11,0.014839330371405774,0.0,ANGPTL4_CDH11,Angptl4  - Cdh11,ANGPTL,Secreted Signaling,PMID: 30049845
FIB-A,FIB-B,Angptl4,Cdh11,0.013416655218220854,0.0,ANGPTL4_CDH11,Angptl4  - Cdh11,ANGPTL,Secreted Signaling,PMID: 30049845
FIB-A,FIB-P,Angptl4,Cdh11,0.017165019491601576,0.0,ANGPTL4_CDH11,Angptl4  - Cdh11,ANGPTL,Secreted Signaling,PMID: 30049845
FIB-B,DC,Angptl4,Cdh11,0.019938482213489737,0.0,ANGPTL4_CDH11,Angptl4  - Cdh11,ANGPTL,Secreted Signaling,PMID: 30049845
FIB-B,FIB-A,Angptl4,Cdh11,0.015122322479988893,0.0,ANGPTL4_CDH11,Angptl4  - Cdh11,ANGPTL,Secreted Signaling,PMID: 30049845
FIB-B,FIB-B,Angptl4,Cdh11,0.013672892875817291,0.0,ANGPTL4_CDH11,Angptl4  - Cdh11,ANGPTL,Secreted Signaling,PMID: 30049845
FIB-B,FIB-P,Angptl4,Cdh11,0.017491575975175273,0.0,ANGPTL4_CDH11,Angptl4  - Cdh11,ANGPTL,Secreted Signaling,PMID: 30049845
FIB-P,DC,Angptl4,Cdh11,0.018107635896842295,0.0,ANGPTL4_CDH11,Angptl4  - Cdh11,ANGPTL,Secreted Signaling,PMID: 30049845
FIB-P,FIB-A,Angptl4,Cdh11,0.013727524463802597,0.0,ANGPTL4_CDH11,Angptl4  - Cdh11,ANGPTL,Secreted Signaling,PMID: 30049845
FIB-P,FIB-B,Angptl4,Cdh11,0.01241009755250325,0.0,ANGPTL4_CDH11,Angptl4  - Cdh11,ANGPTL,Secreted Signaling,PMID: 30049845
FIB-P,FIB-P,Angptl4,Cdh11,0.015881775215197475,0.0,ANGPTL4_CDH11,Angptl4  - Cdh11,ANGPTL,Secreted Signaling,PMID: 30049845
FIB-A,Basal,Angptl4,Sdc1,0.007584388832612871,0.0,ANGPTL4_SDC1,Angptl4  - Sdc1,ANGPTL,Secreted Signaling,PMID: 29017031
FIB-A,Basal-P,Angptl4,Sdc1,0.006910758367293881,0.0,ANGPTL4_SDC1,Angptl4  - Sdc1,ANGPTL,Secreted Signaling,PMID: 29017031
FIB-A,DC,Angptl4,Sdc1,0.02023732225264339,0.0,ANGPTL4_SDC1,Angptl4  - Sdc1,ANGPTL,Secreted Signaling,PMID: 29017031
FIB-A,FIB-A,Angptl4,Sdc1,0.006639298280017862,0.0,ANGPTL4_SDC1,Angptl4  - Sdc1,ANGPTL,Secreted Signaling,PMID: 29017031
FIB-A,FIB-P,Angptl4,Sdc1,0.005483272399969176,0.0,ANGPTL4_SDC1,Angptl4  - Sdc1,ANGPTL,Secreted Signaling,PMID: 29017031
FIB-A,Pericyte,Angptl4,Sdc1,0.006051512752767448,0.0,ANGPTL4_SDC1,Angptl4  - Sdc1,ANGPTL,Secreted Signaling,PMID: 29017031
FIB-A,Spinious,Angptl4,Sdc1,0.020785355256773462,0.0,ANGPTL4_SDC1,Angptl4  - Sdc1,ANGPTL,Secreted Signaling,PMID: 29017031
FIB-B,Basal,Angptl4,Sdc1,0.007730111841363559,0.0,ANGPTL4_SDC1,Angptl4  - Sdc1,ANGPTL,Secreted Signaling,PMID: 29017031
FIB-B,Basal-P,Angptl4,Sdc1,0.007043630406889964,0.0,ANGPTL4_SDC1,Angptl4  - Sdc1,ANGPTL,Secreted Signaling,PMID: 29017031
FIB-B,DC,Angptl4,Sdc1,0.02062110152673061,0.0,ANGPTL4_SDC1,Angptl4  - Sdc1,ANGPTL,Secreted Signaling,PMID: 29017031
FIB-B,FIB-A,Angptl4,Sdc1,0.006766986565022296,0.0,ANGPTL4_SDC1,Angptl4  - Sdc1,ANGPTL,Secreted Signaling,PMID: 29017031
FIB-B,FIB-P,Angptl4,Sdc1,0.005588852855796911,0.0,ANGPTL4_SDC1,Angptl4  - Sdc1,ANGPTL,Secreted Signaling,PMID: 29017031
FIB-B,Pericyte,Angptl4,Sdc1,0.006167966822602433,0.0,ANGPTL4_SDC1,Angptl4  - Sdc1,ANGPTL,Secreted Signaling,PMID: 29017031
FIB-B,Spinious,Angptl4,Sdc1,0.021179302733307145,0.0,ANGPTL4_SDC1,Angptl4  - Sdc1,ANGPTL,Secreted Signaling,PMID: 29017031
FIB-P,Basal,Angptl4,Sdc1,0.007012275287181074,0.0,ANGPTL4_SDC1,Angptl4  - Sdc1,ANGPTL,Secreted Signaling,PMID: 29017031
FIB-P,Basal-P,Angptl4,Sdc1,0.006389131680718007,0.0,ANGPTL4_SDC1,Angptl4  - Sdc1,ANGPTL,Secreted Signaling,PMID: 29017031
FIB-P,DC,Angptl4,Sdc1,0.018728771684037134,0.0,ANGPTL4_SDC1,Angptl4  - Sdc1,ANGPTL,Secreted Signaling,PMID: 29017031
FIB-P,FIB-A,Angptl4,Sdc1,0.006138034861738898,0.0,ANGPTL4_SDC1,Angptl4  - Sdc1,ANGPTL,Secreted Signaling,PMID: 29017031
FIB-P,FIB-P,Angptl4,Sdc1,0.005068842946390602,0.0,ANGPTL4_SDC1,Angptl4  - Sdc1,ANGPTL,Secreted Signaling,PMID: 29017031
FIB-P,Pericyte,Angptl4,Sdc1,0.005594376899204226,0.0,ANGPTL4_SDC1,Angptl4  - Sdc1,ANGPTL,Secreted Signaling,PMID: 29017031
FIB-P,Spinious,Angptl4,Sdc1,0.01923675476034275,0.0,ANGPTL4_SDC1,Angptl4  - Sdc1,ANGPTL,Secreted Signaling,PMID: 29017031
FIB-A,Basal,Angptl4,Sdc2,0.002136924315524807,0.0,ANGPTL4_SDC2,Angptl4  - Sdc2,ANGPTL,Secreted Signaling,PMID: 29017031
FIB-A,Basal-P,Angptl4,Sdc2,0.0019901504715477774,0.0,ANGPTL4_SDC2,Angptl4  - Sdc2,ANGPTL,Secreted Signaling,PMID: 29017031
FIB-A,FIB-A,Angptl4,Sdc2,0.0022233011456729204,0.0,ANGPTL4_SDC2,Angptl4  - Sdc2,ANGPTL,Secreted Signaling,PMID: 29017031
FIB-A,FIB-B,Angptl4,Sdc2,0.0028578379715126644,0.0,ANGPTL4_SDC2,Angptl4  - Sdc2,ANGPTL,Secreted Signaling,PMID: 29017031
FIB-A,FIB-P,Angptl4,Sdc2,0.002668280580287362,0.0,ANGPTL4_SDC2,Angptl4  - Sdc2,ANGPTL,Secreted Signaling,PMID: 29017031
FIB-A,Muscle,Angptl4,Sdc2,0.002082212680552244,0.0,ANGPTL4_SDC2,Angptl4  - Sdc2,ANGPTL,Secreted Signaling,PMID: 29017031
FIB-A,Pericyte,Angptl4,Sdc2,0.0018149720517381606,0.0,ANGPTL4_SDC2,Angptl4  - Sdc2,ANGPTL,Secreted Signaling,PMID: 29017031
FIB-B,Basal,Angptl4,Sdc2,0.002178211935702412,0.0,ANGPTL4_SDC2,Angptl4  - Sdc2,ANGPTL,Secreted Signaling,PMID: 29017031
FIB-B,Basal-P,Angptl4,Sdc2,0.0020286080321375373,0.0,ANGPTL4_SDC2,Angptl4  - Sdc2,ANGPTL,Secreted Signaling,PMID: 29017031
FIB-B,FIB-A,Angptl4,Sdc2,0.0022662538666192145,0.0,ANGPTL4_SDC2,Angptl4  - Sdc2,ANGPTL,Secreted Signaling,PMID: 29017031
FIB-B,FIB-B,Angptl4,Sdc2,0.0029130137383204884,0.0,ANGPTL4_SDC2,Angptl4  - Sdc2,ANGPTL,Secreted Signaling,PMID: 29017031
FIB-B,FIB-P,Angptl4,Sdc2,0.0027198065787726504,0.0,ANGPTL4_SDC2,Angptl4  - Sdc2,ANGPTL,Secreted Signaling,PMID: 29017031
FIB-B,Muscle,Angptl4,Sdc2,0.0021224454629425057,0.0,ANGPTL4_SDC2,Angptl4  - Sdc2,ANGPTL,Secreted Signaling,PMID: 29017031
FIB-B,Pericyte,Angptl4,Sdc2,0.0018500507491389995,0.0,ANGPTL4_SDC2,Angptl4  - Sdc2,ANGPTL,Secreted Signaling,PMID: 29017031
FIB-P,Basal,Angptl4,Sdc2,0.0019749118766198143,0.0,ANGPTL4_SDC2,Angptl4  - Sdc2,ANGPTL,Secreted Signaling,PMID: 29017031
FIB-P,Basal-P,Angptl4,Sdc2,0.0018392452856406429,0.0,ANGPTL4_SDC2,Angptl4  - Sdc2,ANGPTL,Secreted Signaling,PMID: 29017031
FIB-P,FIB-A,Angptl4,Sdc2,0.002054753470695463,0.0,ANGPTL4_SDC2,Angptl4  - Sdc2,ANGPTL,Secreted Signaling,PMID: 29017031
FIB-P,FIB-B,Angptl4,Sdc2,0.0026413136246757453,0.0,ANGPTL4_SDC2,Angptl4  - Sdc2,ANGPTL,Secreted Signaling,PMID: 29017031
FIB-P,FIB-P,Angptl4,Sdc2,0.0024660825470009013,0.0,ANGPTL4_SDC2,Angptl4  - Sdc2,ANGPTL,Secreted Signaling,PMID: 29017031
FIB-P,Muscle,Angptl4,Sdc2,0.0019243402439583063,0.0,ANGPTL4_SDC2,Angptl4  - Sdc2,ANGPTL,Secreted Signaling,PMID: 29017031
FIB-P,Pericyte,Angptl4,Sdc2,0.0016773276233728875,0.0,ANGPTL4_SDC2,Angptl4  - Sdc2,ANGPTL,Secreted Signaling,PMID: 29017031
FIB-A,MELA,Angptl4,Sdc3,0.0032468131715413322,0.0,ANGPTL4_SDC3,Angptl4  - Sdc3,ANGPTL,Secreted Signaling,PMID: 29017031
FIB-B,MELA,Angptl4,Sdc3,0.0033094738880317513,0.0,ANGPTL4_SDC3,Angptl4  - Sdc3,ANGPTL,Secreted Signaling,PMID: 29017031
FIB-P,MELA,Angptl4,Sdc3,0.0030009067766623297,0.0,ANGPTL4_SDC3,Angptl4  - Sdc3,ANGPTL,Secreted Signaling,PMID: 29017031
FIB-A,Basal,Angptl4,Sdc4,0.009824737053611029,0.0,ANGPTL4_SDC4,Angptl4  - Sdc4,ANGPTL,Secreted Signaling,PMID: 29017031
FIB-A,Basal-P,Angptl4,Sdc4,0.011253991643692495,0.0,ANGPTL4_SDC4,Angptl4  - Sdc4,ANGPTL,Secreted Signaling,PMID: 29017031
FIB-A,MYL,Angptl4,Sdc4,0.0028605181109469533,0.0,ANGPTL4_SDC4,Angptl4  - Sdc4,ANGPTL,Secreted Signaling,PMID: 29017031
FIB-A,Spinious,Angptl4,Sdc4,0.00845859343643686,0.0,ANGPTL4_SDC4,Angptl4  - Sdc4,ANGPTL,Secreted Signaling,PMID: 29017031
FIB-B,Basal,Angptl4,Sdc4,0.010013070790512512,0.0,ANGPTL4_SDC4,Angptl4  - Sdc4,ANGPTL,Secreted Signaling,PMID: 29017031
FIB-B,Basal-P,Angptl4,Sdc4,0.011469405894299707,0.0,ANGPTL4_SDC4,Angptl4  - Sdc4,ANGPTL,Secreted Signaling,PMID: 29017031
FIB-B,MYL,Angptl4,Sdc4,0.0029157454714201117,0.0,ANGPTL4_SDC4,Angptl4  - Sdc4,ANGPTL,Secreted Signaling,PMID: 29017031
FIB-B,Spinious,Angptl4,Sdc4,0.008620967106818032,0.0,ANGPTL4_SDC4,Angptl4  - Sdc4,ANGPTL,Secreted Signaling,PMID: 29017031
FIB-P,Basal,Angptl4,Sdc4,0.009085174314124284,0.0,ANGPTL4_SDC4,Angptl4  - Sdc4,ANGPTL,Secreted Signaling,PMID: 29017031
FIB-P,Basal-P,Angptl4,Sdc4,0.01040797182498169,0.0,ANGPTL4_SDC4,Angptl4  - Sdc4,ANGPTL,Secreted Signaling,PMID: 29017031
FIB-P,MYL,Angptl4,Sdc4,0.002643791241498123,0.0,ANGPTL4_SDC4,Angptl4  - Sdc4,ANGPTL,Secreted Signaling,PMID: 29017031
FIB-P,Spinious,Angptl4,Sdc4,0.007821055668216748,0.0,ANGPTL4_SDC4,Angptl4  - Sdc4,ANGPTL,Secreted Signaling,PMID: 29017031
Pericyte,ENDO,Angpt1,Tek,0.000990131980190896,0.0,ANGPT1_TEK,Angpt1  - Tek,ANGPT,Secreted Signaling,PMID: 20651738
Basal,DC,Mdk,Sdc1,0.11270052819008732,0.0,MDK_SDC1,Mdk  - Sdc1,MK,Secreted Signaling,PMID: 28356350
Basal,Spinious,Mdk,Sdc1,0.11545742467311726,0.0,MDK_SDC1,Mdk  - Sdc1,MK,Secreted Signaling,PMID: 28356350
Basal-P,DC,Mdk,Sdc1,0.0975790424658786,0.0,MDK_SDC1,Mdk  - Sdc1,MK,Secreted Signaling,PMID: 28356350
Basal-P,Spinious,Mdk,Sdc1,0.10000772695584527,0.0,MDK_SDC1,Mdk  - Sdc1,MK,Secreted Signaling,PMID: 28356350
DC,DC,Mdk,Sdc1,0.11616871125939376,0.0,MDK_SDC1,Mdk  - Sdc1,MK,Secreted Signaling,PMID: 28356350
DC,Spinious,Mdk,Sdc1,0.11899906883101599,0.0,MDK_SDC1,Mdk  - Sdc1,MK,Secreted Signaling,PMID: 28356350
FIB-A,Basal,Mdk,Sdc1,0.07792840498042096,0.0,MDK_SDC1,Mdk  - Sdc1,MK,Secreted Signaling,PMID: 28356350
FIB-A,Basal-P,Mdk,Sdc1,0.07145681870394446,0.0,MDK_SDC1,Mdk  - Sdc1,MK,Secreted Signaling,PMID: 28356350
FIB-A,DC,Mdk,Sdc1,0.18594693086205277,0.0,MDK_SDC1,Mdk  - Sdc1,MK,Secreted Signaling,PMID: 28356350
FIB-A,FIB-A,Mdk,Sdc1,0.0688256543252169,0.0,MDK_SDC1,Mdk  - Sdc1,MK,Secreted Signaling,PMID: 28356350
FIB-A,FIB-P,Mdk,Sdc1,0.0574682358452912,0.0,MDK_SDC1,Mdk  - Sdc1,MK,Secreted Signaling,PMID: 28356350
FIB-A,Pericyte,Mdk,Sdc1,0.06308204699902342,0.0,MDK_SDC1,Mdk  - Sdc1,MK,Secreted Signaling,PMID: 28356350
FIB-A,Spinious,Mdk,Sdc1,0.19011169020594879,0.0,MDK_SDC1,Mdk  - Sdc1,MK,Secreted Signaling,PMID: 28356350
FIB-B,Basal,Mdk,Sdc1,0.050633130738921096,0.0,MDK_SDC1,Mdk  - Sdc1,MK,Secreted Signaling,PMID: 28356350
FIB-B,Basal-P,Mdk,Sdc1,0.04631443264837342,0.02,MDK_SDC1,Mdk  - Sdc1,MK,Secreted Signaling,PMID: 28356350
FIB-B,DC,Mdk,Sdc1,0.12598649800639042,0.0,MDK_SDC1,Mdk  - Sdc1,MK,Secreted Signaling,PMID: 28356350
FIB-B,Spinious,Mdk,Sdc1,0.12902113945310142,0.0,MDK_SDC1,Mdk  - Sdc1,MK,Secreted Signaling,PMID: 28356350
FIB-P,Basal,Mdk,Sdc1,0.049655422790016016,0.0,MDK_SDC1,Mdk  - Sdc1,MK,Secreted Signaling,PMID: 28356350
FIB-P,DC,Mdk,Sdc1,0.12374339833959463,0.0,MDK_SDC1,Mdk  - Sdc1,MK,Secreted Signaling,PMID: 28356350
FIB-P,Spinious,Mdk,Sdc1,0.12673184445008975,0.0,MDK_SDC1,Mdk  - Sdc1,MK,Secreted Signaling,PMID: 28356350
MELA,Basal,Mdk,Sdc1,0.04753868423915964,0.02,MDK_SDC1,Mdk  - Sdc1,MK,Secreted Signaling,PMID: 28356350
MELA,DC,Mdk,Sdc1,0.11886341361408,0.0,MDK_SDC1,Mdk  - Sdc1,MK,Secreted Signaling,PMID: 28356350
MELA,Spinious,Mdk,Sdc1,0.12175038137992876,0.0,MDK_SDC1,Mdk  - Sdc1,MK,Secreted Signaling,PMID: 28356350
Muscle,DC,Mdk,Sdc1,0.06457624643126622,0.0,MDK_SDC1,Mdk  - Sdc1,MK,Secreted Signaling,PMID: 28356350
Muscle,Spinious,Mdk,Sdc1,0.06624380869415489,0.0,MDK_SDC1,Mdk  - Sdc1,MK,Secreted Signaling,PMID: 28356350
Pericyte,DC,Mdk,Sdc1,0.10709173413157538,0.0,MDK_SDC1,Mdk  - Sdc1,MK,Secreted Signaling,PMID: 28356350
Pericyte,Spinious,Mdk,Sdc1,0.10972839479257451,0.0,MDK_SDC1,Mdk  - Sdc1,MK,Secreted Signaling,PMID: 28356350
Spinious,DC,Mdk,Sdc1,0.05602255882802401,0.0,MDK_SDC1,Mdk  - Sdc1,MK,Secreted Signaling,PMID: 28356350
Spinious,Spinious,Mdk,Sdc1,0.057482811423718694,0.0,MDK_SDC1,Mdk  - Sdc1,MK,Secreted Signaling,PMID: 28356350
Basal,FIB-B,Mdk,Sdc2,0.01731875869414821,0.0,MDK_SDC2,Mdk  - Sdc2,MK,Secreted Signaling,PMID: 28356350
Basal,FIB-P,Mdk,Sdc2,0.016185592973150104,0.0,MDK_SDC2,Mdk  - Sdc2,MK,Secreted Signaling,PMID: 28356350
Basal-P,FIB-B,Mdk,Sdc2,0.014781828518416924,0.0,MDK_SDC2,Mdk  - Sdc2,MK,Secreted Signaling,PMID: 28356350
DC,FIB-B,Mdk,Sdc2,0.017910966752733123,0.0,MDK_SDC2,Mdk  - Sdc2,MK,Secreted Signaling,PMID: 28356350
DC,FIB-P,Mdk,Sdc2,0.016739712945458656,0.0,MDK_SDC2,Mdk  - Sdc2,MK,Secreted Signaling,PMID: 28356350
FIB-A,Basal,Mdk,Sdc2,0.023134343031330707,0.0,MDK_SDC2,Mdk  - Sdc2,MK,Secreted Signaling,PMID: 28356350
FIB-A,Basal-P,Mdk,Sdc2,0.021576553709952807,0.0,MDK_SDC2,Mdk  - Sdc2,MK,Secreted Signaling,PMID: 28356350
FIB-A,FIB-A,Mdk,Sdc2,0.024049003578273685,0.0,MDK_SDC2,Mdk  - Sdc2,MK,Secreted Signaling,PMID: 28356350
FIB-A,FIB-B,Mdk,Sdc2,0.030720871011603666,0.0,MDK_SDC2,Mdk  - Sdc2,MK,Secreted Signaling,PMID: 28356350
FIB-A,FIB-P,Mdk,Sdc2,0.028736448682344127,0.0,MDK_SDC2,Mdk  - Sdc2,MK,Secreted Signaling,PMID: 28356350
FIB-A,Muscle,Mdk,Sdc2,0.022554185879085295,0.0,MDK_SDC2,Mdk  - Sdc2,MK,Secreted Signaling,PMID: 28356350
FIB-A,Pericyte,Mdk,Sdc2,0.019711378306622583,0.0,MDK_SDC2,Mdk  - Sdc2,MK,Secreted Signaling,PMID: 28356350
FIB-B,Basal,Mdk,Sdc2,0.01472480140109784,0.0,MDK_SDC2,Mdk  - Sdc2,MK,Secreted Signaling,PMID: 28356350
FIB-B,FIB-A,Mdk,Sdc2,0.015312186294640347,0.0,MDK_SDC2,Mdk  - Sdc2,MK,Secreted Signaling,PMID: 28356350
FIB-B,FIB-B,Mdk,Sdc2,0.019608915833012615,0.0,MDK_SDC2,Mdk  - Sdc2,MK,Secreted Signaling,PMID: 28356350
FIB-B,FIB-P,Mdk,Sdc2,0.018328700083473086,0.0,MDK_SDC2,Mdk  - Sdc2,MK,Secreted Signaling,PMID: 28356350
FIB-P,Basal,Mdk,Sdc2,0.014429931655380989,0.0,MDK_SDC2,Mdk  - Sdc2,MK,Secreted Signaling,PMID: 28356350
FIB-P,FIB-A,Mdk,Sdc2,0.015005733087523296,0.0,MDK_SDC2,Mdk  - Sdc2,MK,Secreted Signaling,PMID: 28356350
FIB-P,FIB-B,Mdk,Sdc2,0.019218147585186852,0.0,MDK_SDC2,Mdk  - Sdc2,MK,Secreted Signaling,PMID: 28356350
FIB-P,FIB-P,Mdk,Sdc2,0.017962976648788556,0.0,MDK_SDC2,Mdk  - Sdc2,MK,Secreted Signaling,PMID: 28356350
MELA,FIB-A,Mdk,Sdc2,0.014343766789128617,0.03,MDK_SDC2,Mdk  - Sdc2,MK,Secreted Signaling,PMID: 28356350
MELA,FIB-B,Mdk,Sdc2,0.018373820257113548,0.0,MDK_SDC2,Mdk  - Sdc2,MK,Secreted Signaling,PMID: 28356350
MELA,FIB-P,Mdk,Sdc2,0.017172828276895036,0.0,MDK_SDC2,Mdk  - Sdc2,MK,Secreted Signaling,PMID: 28356350
Pericyte,FIB-B,Mdk,Sdc2,0.016369279298832088,0.0,MDK_SDC2,Mdk  - Sdc2,MK,Secreted Signaling,PMID: 28356350
Pericyte,FIB-P,Mdk,Sdc2,0.01529727089601273,0.0,MDK_SDC2,Mdk  - Sdc2,MK,Secreted Signaling,PMID: 28356350
Basal,Basal,Mdk,Sdc4,0.0575057342504191,0.0,MDK_SDC4,Mdk  - Sdc4,MK,Secreted Signaling,PMID: 28356350
Basal,Basal-P,Mdk,Sdc4,0.06541315292884138,0.0,MDK_SDC4,Mdk  - Sdc4,MK,Secreted Signaling,PMID: 28356350
Basal,Spinious,Mdk,Sdc4,0.049843225406777734,0.0,MDK_SDC4,Mdk  - Sdc4,MK,Secreted Signaling,PMID: 28356350
Basal-P,Basal,Mdk,Sdc4,0.04937783278664384,0.0,MDK_SDC4,Mdk  - Sdc4,MK,Secreted Signaling,PMID: 28356350
Basal-P,Basal-P,Mdk,Sdc4,0.05623429572051894,0.0,MDK_SDC4,Mdk  - Sdc4,MK,Secreted Signaling,PMID: 28356350
Basal-P,Spinious,Mdk,Sdc4,0.042749225074512155,0.0,MDK_SDC4,Mdk  - Sdc4,MK,Secreted Signaling,PMID: 28356350
DC,Basal,Mdk,Sdc4,0.05938907049343599,0.0,MDK_SDC4,Mdk  - Sdc4,MK,Secreted Signaling,PMID: 28356350
DC,Basal-P,Mdk,Sdc4,0.06753690309681669,0.0,MDK_SDC4,Mdk  - Sdc4,MK,Secreted Signaling,PMID: 28356350
DC,Spinious,Mdk,Sdc4,0.051489321004063754,0.0,MDK_SDC4,Mdk  - Sdc4,MK,Secreted Signaling,PMID: 28356350
FIB-A,Basal,Mdk,Sdc4,0.09887736888074676,0.0,MDK_SDC4,Mdk  - Sdc4,MK,Secreted Signaling,PMID: 28356350
FIB-A,Basal-P,Mdk,Sdc4,0.11179884565087436,0.0,MDK_SDC4,Mdk  - Sdc4,MK,Secreted Signaling,PMID: 28356350
FIB-A,MYL,Mdk,Sdc4,0.030748875891349354,0.0,MDK_SDC4,Mdk  - Sdc4,MK,Secreted Signaling,PMID: 28356350
FIB-A,Spinious,Mdk,Sdc4,0.08620640723062072,0.0,MDK_SDC4,Mdk  - Sdc4,MK,Secreted Signaling,PMID: 28356350
FIB-B,Basal,Mdk,Sdc4,0.0647598331444941,0.0,MDK_SDC4,Mdk  - Sdc4,MK,Secreted Signaling,PMID: 28356350
FIB-B,Basal-P,Mdk,Sdc4,0.07358685790806205,0.0,MDK_SDC4,Mdk  - Sdc4,MK,Secreted Signaling,PMID: 28356350
FIB-B,MYL,Mdk,Sdc4,0.019626996264890513,0.0,MDK_SDC4,Mdk  - Sdc4,MK,Secreted Signaling,PMID: 28356350
FIB-B,Spinious,Mdk,Sdc4,0.05618835705125902,0.0,MDK_SDC4,Mdk  - Sdc4,MK,Secreted Signaling,PMID: 28356350
FIB-P,Basal,Mdk,Sdc4,0.06352759692925587,0.0,MDK_SDC4,Mdk  - Sdc4,MK,Secreted Signaling,PMID: 28356350
FIB-P,Basal-P,Mdk,Sdc4,0.07219962920939851,0.0,MDK_SDC4,Mdk  - Sdc4,MK,Secreted Signaling,PMID: 28356350
FIB-P,MYL,Mdk,Sdc4,0.019235874778056935,0.0,MDK_SDC4,Mdk  - Sdc4,MK,Secreted Signaling,PMID: 28356350
FIB-P,Spinious,Mdk,Sdc4,0.05510960649950927,0.0,MDK_SDC4,Mdk  - Sdc4,MK,Secreted Signaling,PMID: 28356350
MELA,Basal,Mdk,Sdc4,0.0608573761641189,0.0,MDK_SDC4,Mdk  - Sdc4,MK,Secreted Signaling,PMID: 28356350
MELA,Basal-P,Mdk,Sdc4,0.06919183345682778,0.0,MDK_SDC4,Mdk  - Sdc4,MK,Secreted Signaling,PMID: 28356350
MELA,Spinious,Mdk,Sdc4,0.05277327511908628,0.0,MDK_SDC4,Mdk  - Sdc4,MK,Secreted Signaling,PMID: 28356350
Muscle,Basal,Mdk,Sdc4,0.03209760842486488,0.0,MDK_SDC4,Mdk  - Sdc4,MK,Secreted Signaling,PMID: 28356350
Muscle,Basal-P,Mdk,Sdc4,0.0366470909817917,0.0,MDK_SDC4,Mdk  - Sdc4,MK,Secreted Signaling,PMID: 28356350
Muscle,Spinious,Mdk,Sdc4,0.02772109662661187,0.0,MDK_SDC4,Mdk  - Sdc4,MK,Secreted Signaling,PMID: 28356350
Pericyte,Basal,Mdk,Sdc4,0.05447518893944816,0.0,MDK_SDC4,Mdk  - Sdc4,MK,Secreted Signaling,PMID: 28356350
Pericyte,Basal-P,Mdk,Sdc4,0.06199329768530325,0.0,MDK_SDC4,Mdk  - Sdc4,MK,Secreted Signaling,PMID: 28356350
Pericyte,Spinious,Mdk,Sdc4,0.047196272070162616,0.0,MDK_SDC4,Mdk  - Sdc4,MK,Secreted Signaling,PMID: 28356350
Spinious,Basal,Mdk,Sdc4,0.027718520559303444,0.0,MDK_SDC4,Mdk  - Sdc4,MK,Secreted Signaling,PMID: 28356350
Spinious,Basal-P,Mdk,Sdc4,0.031667623151073396,0.0,MDK_SDC4,Mdk  - Sdc4,MK,Secreted Signaling,PMID: 28356350
Spinious,Spinious,Mdk,Sdc4,0.023924339107148276,0.0,MDK_SDC4,Mdk  - Sdc4,MK,Secreted Signaling,PMID: 28356350
Basal,Basal-P,Mdk,Ptprz1,0.008163493350552171,0.0,MDK_PTPRZ1,Mdk  - Ptprz1,MK,Secreted Signaling,PMID: 28356350
Basal,MELA,Mdk,Ptprz1,0.07557762541180958,0.0,MDK_PTPRZ1,Mdk  - Ptprz1,MK,Secreted Signaling,PMID: 28356350
Basal-P,Basal-P,Mdk,Ptprz1,0.006958171790729421,0.0,MDK_PTPRZ1,Mdk  - Ptprz1,MK,Secreted Signaling,PMID: 28356350
Basal-P,MELA,Mdk,Ptprz1,0.06507178379267829,0.0,MDK_PTPRZ1,Mdk  - Ptprz1,MK,Secreted Signaling,PMID: 28356350
DC,Basal-P,Mdk,Ptprz1,0.008445331252605453,0.0,MDK_PTPRZ1,Mdk  - Ptprz1,MK,Secreted Signaling,PMID: 28356350
DC,MELA,Mdk,Ptprz1,0.07800383908327935,0.0,MDK_PTPRZ1,Mdk  - Ptprz1,MK,Secreted Signaling,PMID: 28356350
ENDO,Basal-P,Mdk,Ptprz1,0.001683541752568635,0.0,MDK_PTPRZ1,Mdk  - Ptprz1,MK,Secreted Signaling,PMID: 28356350
ENDO,MELA,Mdk,Ptprz1,0.016475092569559383,0.0,MDK_PTPRZ1,Mdk  - Ptprz1,MK,Secreted Signaling,PMID: 28356350
FIB-A,Basal-P,Mdk,Ptprz1,0.014585968257917433,0.0,MDK_PTPRZ1,Mdk  - Ptprz1,MK,Secreted Signaling,PMID: 28356350
FIB-A,MELA,Mdk,Ptprz1,0.12818255324843872,0.0,MDK_PTPRZ1,Mdk  - Ptprz1,MK,Secreted Signaling,PMID: 28356350
FIB-B,Basal-P,Mdk,Ptprz1,0.009254399435183722,0.0,MDK_PTPRZ1,Mdk  - Ptprz1,MK,Secreted Signaling,PMID: 28356350
FIB-B,MELA,Mdk,Ptprz1,0.08490604553315535,0.0,MDK_PTPRZ1,Mdk  - Ptprz1,MK,Secreted Signaling,PMID: 28356350
FIB-P,Basal-P,Mdk,Ptprz1,0.009068068343926917,0.0,MDK_PTPRZ1,Mdk  - Ptprz1,MK,Secreted Signaling,PMID: 28356350
FIB-P,MELA,Mdk,Ptprz1,0.08332462474654738,0.0,MDK_PTPRZ1,Mdk  - Ptprz1,MK,Secreted Signaling,PMID: 28356350
Immune,Basal-P,Mdk,Ptprz1,0.0011312539704401447,0.0,MDK_PTPRZ1,Mdk  - Ptprz1,MK,Secreted Signaling,PMID: 28356350
Immune,MELA,Mdk,Ptprz1,0.011124491104419773,0.0,MDK_PTPRZ1,Mdk  - Ptprz1,MK,Secreted Signaling,PMID: 28356350
MELA,Basal-P,Mdk,Ptprz1,0.008665733086183977,0.0,MDK_PTPRZ1,Mdk  - Ptprz1,MK,Secreted Signaling,PMID: 28356350
MELA,MELA,Mdk,Ptprz1,0.07989327678898522,0.0,MDK_PTPRZ1,Mdk  - Ptprz1,MK,Secreted Signaling,PMID: 28356350
Muscle,Basal-P,Mdk,Ptprz1,0.0044535482102857115,0.0,MDK_PTPRZ1,Mdk  - Ptprz1,MK,Secreted Signaling,PMID: 28356350
Muscle,MELA,Mdk,Ptprz1,0.04254512312718828,0.0,MDK_PTPRZ1,Mdk  - Ptprz1,MK,Secreted Signaling,PMID: 28356350
Pericyte,Basal-P,Mdk,Ptprz1,0.007712000911738412,0.0,MDK_PTPRZ1,Mdk  - Ptprz1,MK,Secreted Signaling,PMID: 28356350
Pericyte,MELA,Mdk,Ptprz1,0.07166711291690993,0.0,MDK_PTPRZ1,Mdk  - Ptprz1,MK,Secreted Signaling,PMID: 28356350
Spinious,Basal-P,Mdk,Ptprz1,0.0038310212808495363,0.0,MDK_PTPRZ1,Mdk  - Ptprz1,MK,Secreted Signaling,PMID: 28356350
Spinious,MELA,Mdk,Ptprz1,0.03679486226661341,0.0,MDK_PTPRZ1,Mdk  - Ptprz1,MK,Secreted Signaling,PMID: 28356350
Basal,Immune,Mdk,ITGA4_ITGB1,0.06102370838605627,0.0,MDK_ITGA4_ITGB1,Mdk  - (Itga4+Itgb1),MK,Secreted Signaling,PMID: 28356350
Basal,MELA,Mdk,ITGA4_ITGB1,0.09060009630437782,0.0,MDK_ITGA4_ITGB1,Mdk  - (Itga4+Itgb1),MK,Secreted Signaling,PMID: 28356350
Basal,MYL,Mdk,ITGA4_ITGB1,0.03623383021726215,0.0,MDK_ITGA4_ITGB1,Mdk  - (Itga4+Itgb1),MK,Secreted Signaling,PMID: 28356350
Basal,Muscle,Mdk,ITGA4_ITGB1,0.025515516097638306,0.0,MDK_ITGA4_ITGB1,Mdk  - (Itga4+Itgb1),MK,Secreted Signaling,PMID: 28356350
Basal,Pericyte,Mdk,ITGA4_ITGB1,0.026536436789691593,0.0,MDK_ITGA4_ITGB1,Mdk  - (Itga4+Itgb1),MK,Secreted Signaling,PMID: 28356350
Basal-P,Immune,Mdk,ITGA4_ITGB1,0.05242623252890158,0.0,MDK_ITGA4_ITGB1,Mdk  - (Itga4+Itgb1),MK,Secreted Signaling,PMID: 28356350
Basal-P,MELA,Mdk,ITGA4_ITGB1,0.07818263300906145,0.0,MDK_ITGA4_ITGB1,Mdk  - (Itga4+Itgb1),MK,Secreted Signaling,PMID: 28356350
Basal-P,MYL,Mdk,ITGA4_ITGB1,0.031013580541858782,0.0,MDK_ITGA4_ITGB1,Mdk  - (Itga4+Itgb1),MK,Secreted Signaling,PMID: 28356350
Basal-P,Muscle,Mdk,ITGA4_ITGB1,0.021804529856392134,0.0,MDK_ITGA4_ITGB1,Mdk  - (Itga4+Itgb1),MK,Secreted Signaling,PMID: 28356350
Basal-P,Pericyte,Mdk,ITGA4_ITGB1,0.02268042329644445,0.0,MDK_ITGA4_ITGB1,Mdk  - (Itga4+Itgb1),MK,Secreted Signaling,PMID: 28356350
DC,Immune,Mdk,ITGA4_ITGB1,0.06301455651021322,0.0,MDK_ITGA4_ITGB1,Mdk  - (Itga4+Itgb1),MK,Secreted Signaling,PMID: 28356350
DC,MELA,Mdk,ITGA4_ITGB1,0.09345980906083244,0.0,MDK_ITGA4_ITGB1,Mdk  - (Itga4+Itgb1),MK,Secreted Signaling,PMID: 28356350
DC,MYL,Mdk,ITGA4_ITGB1,0.03744818350572121,0.0,MDK_ITGA4_ITGB1,Mdk  - (Itga4+Itgb1),MK,Secreted Signaling,PMID: 28356350
DC,Muscle,Mdk,ITGA4_ITGB1,0.026380484649363625,0.0,MDK_ITGA4_ITGB1,Mdk  - (Itga4+Itgb1),MK,Secreted Signaling,PMID: 28356350
DC,Pericyte,Mdk,ITGA4_ITGB1,0.027435039896853055,0.0,MDK_ITGA4_ITGB1,Mdk  - (Itga4+Itgb1),MK,Secreted Signaling,PMID: 28356350
ENDO,Immune,Mdk,ITGA4_ITGB1,0.013140712346453377,0.0,MDK_ITGA4_ITGB1,Mdk  - (Itga4+Itgb1),MK,Secreted Signaling,PMID: 28356350
ENDO,MELA,Mdk,ITGA4_ITGB1,0.020004041494974773,0.0,MDK_ITGA4_ITGB1,Mdk  - (Itga4+Itgb1),MK,Secreted Signaling,PMID: 28356350
ENDO,MYL,Mdk,ITGA4_ITGB1,0.007644158868304943,0.0,MDK_ITGA4_ITGB1,Mdk  - (Itga4+Itgb1),MK,Secreted Signaling,PMID: 28356350
ENDO,Muscle,Mdk,ITGA4_ITGB1,0.005336118717895216,0.0,MDK_ITGA4_ITGB1,Mdk  - (Itga4+Itgb1),MK,Secreted Signaling,PMID: 28356350
ENDO,Pericyte,Mdk,ITGA4_ITGB1,0.005554228195366229,0.0,MDK_ITGA4_ITGB1,Mdk  - (Itga4+Itgb1),MK,Secreted Signaling,PMID: 28356350
FIB-A,Immune,Mdk,ITGA4_ITGB1,0.10464528437574491,0.0,MDK_ITGA4_ITGB1,Mdk  - (Itga4+Itgb1),MK,Secreted Signaling,PMID: 28356350
FIB-A,MELA,Mdk,ITGA4_ITGB1,0.1519426053175582,0.0,MDK_ITGA4_ITGB1,Mdk  - (Itga4+Itgb1),MK,Secreted Signaling,PMID: 28356350
FIB-A,MYL,Mdk,ITGA4_ITGB1,0.06333003526240019,0.0,MDK_ITGA4_ITGB1,Mdk  - (Itga4+Itgb1),MK,Secreted Signaling,PMID: 28356350
FIB-A,Muscle,Mdk,ITGA4_ITGB1,0.04497040775404988,0.0,MDK_ITGA4_ITGB1,Mdk  - (Itga4+Itgb1),MK,Secreted Signaling,PMID: 28356350
FIB-A,Pericyte,Mdk,ITGA4_ITGB1,0.046732422732483424,0.0,MDK_ITGA4_ITGB1,Mdk  - (Itga4+Itgb1),MK,Secreted Signaling,PMID: 28356350
FIB-B,Immune,Mdk,ITGA4_ITGB1,0.0686892418522217,0.0,MDK_ITGA4_ITGB1,Mdk  - (Itga4+Itgb1),MK,Secreted Signaling,PMID: 28356350
FIB-B,MELA,Mdk,ITGA4_ITGB1,0.10157896869914927,0.0,MDK_ITGA4_ITGB1,Mdk  - (Itga4+Itgb1),MK,Secreted Signaling,PMID: 28356350
FIB-B,MYL,Mdk,ITGA4_ITGB1,0.04092107636083369,0.0,MDK_ITGA4_ITGB1,Mdk  - (Itga4+Itgb1),MK,Secreted Signaling,PMID: 28356350
FIB-B,Muscle,Mdk,ITGA4_ITGB1,0.02885774642515771,0.0,MDK_ITGA4_ITGB1,Mdk  - (Itga4+Itgb1),MK,Secreted Signaling,PMID: 28356350
FIB-B,Pericyte,Mdk,ITGA4_ITGB1,0.030008277596817994,0.0,MDK_ITGA4_ITGB1,Mdk  - (Itga4+Itgb1),MK,Secreted Signaling,PMID: 28356350
FIB-P,Immune,Mdk,ITGA4_ITGB1,0.06738762500688096,0.0,MDK_ITGA4_ITGB1,Mdk  - (Itga4+Itgb1),MK,Secreted Signaling,PMID: 28356350
FIB-P,MELA,Mdk,ITGA4_ITGB1,0.0997208465644273,0.0,MDK_ITGA4_ITGB1,Mdk  - (Itga4+Itgb1),MK,Secreted Signaling,PMID: 28356350
FIB-P,MYL,Mdk,ITGA4_ITGB1,0.04012297893999949,0.0,MDK_ITGA4_ITGB1,Mdk  - (Itga4+Itgb1),MK,Secreted Signaling,PMID: 28356350
FIB-P,Muscle,Mdk,ITGA4_ITGB1,0.028287984728648165,0.0,MDK_ITGA4_ITGB1,Mdk  - (Itga4+Itgb1),MK,Secreted Signaling,PMID: 28356350
FIB-P,Pericyte,Mdk,ITGA4_ITGB1,0.029416488115322187,0.0,MDK_ITGA4_ITGB1,Mdk  - (Itga4+Itgb1),MK,Secreted Signaling,PMID: 28356350
Immune,Immune,Mdk,ITGA4_ITGB1,0.008863255811662762,0.0,MDK_ITGA4_ITGB1,Mdk  - (Itga4+Itgb1),MK,Secreted Signaling,PMID: 28356350
Immune,MELA,Mdk,ITGA4_ITGB1,0.013523104726038848,0.0,MDK_ITGA4_ITGB1,Mdk  - (Itga4+Itgb1),MK,Secreted Signaling,PMID: 28356350
Immune,MYL,Mdk,ITGA4_ITGB1,0.005146564375341294,0.0,MDK_ITGA4_ITGB1,Mdk  - (Itga4+Itgb1),MK,Secreted Signaling,PMID: 28356350
Immune,Muscle,Mdk,ITGA4_ITGB1,0.0035899077143679214,0.0,MDK_ITGA4_ITGB1,Mdk  - (Itga4+Itgb1),MK,Secreted Signaling,PMID: 28356350
Immune,Pericyte,Mdk,ITGA4_ITGB1,0.0037369104014624696,0.0,MDK_ITGA4_ITGB1,Mdk  - (Itga4+Itgb1),MK,Secreted Signaling,PMID: 28356350
MELA,Immune,Mdk,ITGA4_ITGB1,0.06456634408983858,0.0,MDK_ITGA4_ITGB1,Mdk  - (Itga4+Itgb1),MK,Secreted Signaling,PMID: 28356350
MELA,MELA,Mdk,ITGA4_ITGB1,0.09568477377956949,0.0,MDK_ITGA4_ITGB1,Mdk  - (Itga4+Itgb1),MK,Secreted Signaling,PMID: 28356350
MELA,MYL,Mdk,ITGA4_ITGB1,0.03839617694917032,0.0,MDK_ITGA4_ITGB1,Mdk  - (Itga4+Itgb1),MK,Secreted Signaling,PMID: 28356350
MELA,Muscle,Mdk,ITGA4_ITGB1,0.027056176889301363,0.0,MDK_ITGA4_ITGB1,Mdk  - (Itga4+Itgb1),MK,Secreted Signaling,PMID: 28356350
MELA,Pericyte,Mdk,ITGA4_ITGB1,0.028136962224772688,0.0,MDK_ITGA4_ITGB1,Mdk  - (Itga4+Itgb1),MK,Secreted Signaling,PMID: 28356350
Muscle,Immune,Mdk,ITGA4_ITGB1,0.03411748039841326,0.0,MDK_ITGA4_ITGB1,Mdk  - (Itga4+Itgb1),MK,Secreted Signaling,PMID: 28356350
Muscle,MELA,Mdk,ITGA4_ITGB1,0.0513666024382989,0.0,MDK_ITGA4_ITGB1,Mdk  - (Itga4+Itgb1),MK,Secreted Signaling,PMID: 28356350
Muscle,MYL,Mdk,ITGA4_ITGB1,0.020024715983529385,0.0,MDK_ITGA4_ITGB1,Mdk  - (Itga4+Itgb1),MK,Secreted Signaling,PMID: 28356350
Muscle,Muscle,Mdk,ITGA4_ITGB1,0.014031405817201152,0.0,MDK_ITGA4_ITGB1,Mdk  - (Itga4+Itgb1),MK,Secreted Signaling,PMID: 28356350
Muscle,Pericyte,Mdk,ITGA4_ITGB1,0.014599711265022738,0.0,MDK_ITGA4_ITGB1,Mdk  - (Itga4+Itgb1),MK,Secreted Signaling,PMID: 28356350
Pericyte,Immune,Mdk,ITGA4_ITGB1,0.05781913978673162,0.0,MDK_ITGA4_ITGB1,Mdk  - (Itga4+Itgb1),MK,Secreted Signaling,PMID: 28356350
Pericyte,MELA,Mdk,ITGA4_ITGB1,0.08598459504261985,0.0,MDK_ITGA4_ITGB1,Mdk  - (Itga4+Itgb1),MK,Secreted Signaling,PMID: 28356350
Pericyte,MYL,Mdk,ITGA4_ITGB1,0.034283533989804195,0.0,MDK_ITGA4_ITGB1,Mdk  - (Itga4+Itgb1),MK,Secreted Signaling,PMID: 28356350
Pericyte,Muscle,Mdk,ITGA4_ITGB1,0.024127693194897926,0.0,MDK_ITGA4_ITGB1,Mdk  - (Itga4+Itgb1),MK,Secreted Signaling,PMID: 28356350
Pericyte,Pericyte,Mdk,ITGA4_ITGB1,0.02509451461635954,0.0,MDK_ITGA4_ITGB1,Mdk  - (Itga4+Itgb1),MK,Secreted Signaling,PMID: 28356350
Spinious,Immune,Mdk,ITGA4_ITGB1,0.029471211457076037,0.0,MDK_ITGA4_ITGB1,Mdk  - (Itga4+Itgb1),MK,Secreted Signaling,PMID: 28356350
Spinious,MELA,Mdk,ITGA4_ITGB1,0.044479447626235784,0.0,MDK_ITGA4_ITGB1,Mdk  - (Itga4+Itgb1),MK,Secreted Signaling,PMID: 28356350
Spinious,MYL,Mdk,ITGA4_ITGB1,0.017263359443599264,0.0,MDK_ITGA4_ITGB1,Mdk  - (Itga4+Itgb1),MK,Secreted Signaling,PMID: 28356350
Spinious,Muscle,Mdk,ITGA4_ITGB1,0.012086318253220343,0.0,MDK_ITGA4_ITGB1,Mdk  - (Itga4+Itgb1),MK,Secreted Signaling,PMID: 28356350
Spinious,Pericyte,Mdk,ITGA4_ITGB1,0.012576847922232449,0.0,MDK_ITGA4_ITGB1,Mdk  - (Itga4+Itgb1),MK,Secreted Signaling,PMID: 28356350
Basal,Basal-P,Mdk,ITGA6_ITGB1,0.03992018059397543,0.0,MDK_ITGA6_ITGB1,Mdk  - (Itga6+Itgb1),MK,Secreted Signaling,PMID: 28356350
Basal,DC,Mdk,ITGA6_ITGB1,0.03634601069247199,0.0,MDK_ITGA6_ITGB1,Mdk  - (Itga6+Itgb1),MK,Secreted Signaling,PMID: 28356350
Basal,ENDO,Mdk,ITGA6_ITGB1,0.09090040951665641,0.0,MDK_ITGA6_ITGB1,Mdk  - (Itga6+Itgb1),MK,Secreted Signaling,PMID: 28356350
Basal,MELA,Mdk,ITGA6_ITGB1,0.0950447098797329,0.0,MDK_ITGA6_ITGB1,Mdk  - (Itga6+Itgb1),MK,Secreted Signaling,PMID: 28356350
Basal,MYL,Mdk,ITGA6_ITGB1,0.032381361419489156,0.0,MDK_ITGA6_ITGB1,Mdk  - (Itga6+Itgb1),MK,Secreted Signaling,PMID: 28356350
Basal,Pericyte,Mdk,ITGA6_ITGB1,0.08225272513937205,0.0,MDK_ITGA6_ITGB1,Mdk  - (Itga6+Itgb1),MK,Secreted Signaling,PMID: 28356350
Basal-P,Basal-P,Mdk,ITGA6_ITGB1,0.03418767376456835,0.0,MDK_ITGA6_ITGB1,Mdk  - (Itga6+Itgb1),MK,Secreted Signaling,PMID: 28356350
Basal-P,DC,Mdk,ITGA6_ITGB1,0.031110120750917843,0.04,MDK_ITGA6_ITGB1,Mdk  - (Itga6+Itgb1),MK,Secreted Signaling,PMID: 28356350
Basal-P,ENDO,Mdk,ITGA6_ITGB1,0.07844533641991698,0.0,MDK_ITGA6_ITGB1,Mdk  - (Itga6+Itgb1),MK,Secreted Signaling,PMID: 28356350
Basal-P,MELA,Mdk,ITGA6_ITGB1,0.08207305433343992,0.0,MDK_ITGA6_ITGB1,Mdk  - (Itga6+Itgb1),MK,Secreted Signaling,PMID: 28356350
Basal-P,Pericyte,Mdk,ITGA6_ITGB1,0.07089015181727976,0.0,MDK_ITGA6_ITGB1,Mdk  - (Itga6+Itgb1),MK,Secreted Signaling,PMID: 28356350
DC,Basal-P,Mdk,ITGA6_ITGB1,0.04125279130655875,0.0,MDK_ITGA6_ITGB1,Mdk  - (Itga6+Itgb1),MK,Secreted Signaling,PMID: 28356350
DC,DC,Mdk,ITGA6_ITGB1,0.037563977099476106,0.0,MDK_ITGA6_ITGB1,Mdk  - (Itga6+Itgb1),MK,Secreted Signaling,PMID: 28356350
DC,ENDO,Mdk,ITGA6_ITGB1,0.09376862400023708,0.0,MDK_ITGA6_ITGB1,Mdk  - (Itga6+Itgb1),MK,Secreted Signaling,PMID: 28356350
DC,MELA,Mdk,ITGA6_ITGB1,0.09802959024958169,0.0,MDK_ITGA6_ITGB1,Mdk  - (Itga6+Itgb1),MK,Secreted Signaling,PMID: 28356350
DC,MYL,Mdk,ITGA6_ITGB1,0.03347108574346079,0.01,MDK_ITGA6_ITGB1,Mdk  - (Itga6+Itgb1),MK,Secreted Signaling,PMID: 28356350
DC,Pericyte,Mdk,ITGA6_ITGB1,0.08487355056652415,0.0,MDK_ITGA6_ITGB1,Mdk  - (Itga6+Itgb1),MK,Secreted Signaling,PMID: 28356350
FIB-A,Basal,Mdk,ITGA6_ITGB1,0.04886587524722273,0.0,MDK_ITGA6_ITGB1,Mdk  - (Itga6+Itgb1),MK,Secreted Signaling,PMID: 28356350
FIB-A,Basal-P,Mdk,ITGA6_ITGB1,0.06957408784848541,0.0,MDK_ITGA6_ITGB1,Mdk  - (Itga6+Itgb1),MK,Secreted Signaling,PMID: 28356350
FIB-A,DC,Mdk,ITGA6_ITGB1,0.06352057689229472,0.0,MDK_ITGA6_ITGB1,Mdk  - (Itga6+Itgb1),MK,Secreted Signaling,PMID: 28356350
FIB-A,ENDO,Mdk,ITGA6_ITGB1,0.15241217343034236,0.0,MDK_ITGA6_ITGB1,Mdk  - (Itga6+Itgb1),MK,Secreted Signaling,PMID: 28356350
FIB-A,MELA,Mdk,ITGA6_ITGB1,0.15887080667419803,0.0,MDK_ITGA6_ITGB1,Mdk  - (Itga6+Itgb1),MK,Secreted Signaling,PMID: 28356350
FIB-A,MYL,Mdk,ITGA6_ITGB1,0.0567663206646807,0.0,MDK_ITGA6_ITGB1,Mdk  - (Itga6+Itgb1),MK,Secreted Signaling,PMID: 28356350
FIB-A,Muscle,Mdk,ITGA6_ITGB1,0.044084326916884714,0.0,MDK_ITGA6_ITGB1,Mdk  - (Itga6+Itgb1),MK,Secreted Signaling,PMID: 28356350
FIB-A,Pericyte,Mdk,ITGA6_ITGB1,0.13880614208900008,0.0,MDK_ITGA6_ITGB1,Mdk  - (Itga6+Itgb1),MK,Secreted Signaling,PMID: 28356350
FIB-B,Basal,Mdk,ITGA6_ITGB1,0.03140338273274834,0.0,MDK_ITGA6_ITGB1,Mdk  - (Itga6+Itgb1),MK,Secreted Signaling,PMID: 28356350
FIB-B,Basal-P,Mdk,ITGA6_ITGB1,0.045062000260778064,0.0,MDK_ITGA6_ITGB1,Mdk  - (Itga6+Itgb1),MK,Secreted Signaling,PMID: 28356350
FIB-B,DC,Mdk,ITGA6_ITGB1,0.041047150557431945,0.0,MDK_ITGA6_ITGB1,Mdk  - (Itga6+Itgb1),MK,Secreted Signaling,PMID: 28356350
FIB-B,ENDO,Mdk,ITGA6_ITGB1,0.10191159547509893,0.0,MDK_ITGA6_ITGB1,Mdk  - (Itga6+Itgb1),MK,Secreted Signaling,PMID: 28356350
FIB-B,MELA,Mdk,ITGA6_ITGB1,0.10649910368205266,0.0,MDK_ITGA6_ITGB1,Mdk  - (Itga6+Itgb1),MK,Secreted Signaling,PMID: 28356350
FIB-B,MYL,Mdk,ITGA6_ITGB1,0.03658916827669276,0.0,MDK_ITGA6_ITGB1,Mdk  - (Itga6+Itgb1),MK,Secreted Signaling,PMID: 28356350
FIB-B,Pericyte,Mdk,ITGA6_ITGB1,0.09232275852022148,0.0,MDK_ITGA6_ITGB1,Mdk  - (Itga6+Itgb1),MK,Secreted Signaling,PMID: 28356350
FIB-P,Basal,Mdk,ITGA6_ITGB1,0.030784953737331772,0.0,MDK_ITGA6_ITGB1,Mdk  - (Itga6+Itgb1),MK,Secreted Signaling,PMID: 28356350
FIB-P,Basal-P,Mdk,ITGA6_ITGB1,0.044186861891588575,0.0,MDK_ITGA6_ITGB1,Mdk  - (Itga6+Itgb1),MK,Secreted Signaling,PMID: 28356350
FIB-P,DC,Mdk,ITGA6_ITGB1,0.04024669745309967,0.0,MDK_ITGA6_ITGB1,Mdk  - (Itga6+Itgb1),MK,Secreted Signaling,PMID: 28356350
FIB-P,ENDO,Mdk,ITGA6_ITGB1,0.10004806637515426,0.0,MDK_ITGA6_ITGB1,Mdk  - (Itga6+Itgb1),MK,Secreted Signaling,PMID: 28356350
FIB-P,MELA,Mdk,ITGA6_ITGB1,0.10456145516012239,0.0,MDK_ITGA6_ITGB1,Mdk  - (Itga6+Itgb1),MK,Secreted Signaling,PMID: 28356350
FIB-P,MYL,Mdk,ITGA6_ITGB1,0.03587239745477449,0.0,MDK_ITGA6_ITGB1,Mdk  - (Itga6+Itgb1),MK,Secreted Signaling,PMID: 28356350
FIB-P,Pericyte,Mdk,ITGA6_ITGB1,0.09061687675791463,0.0,MDK_ITGA6_ITGB1,Mdk  - (Itga6+Itgb1),MK,Secreted Signaling,PMID: 28356350
MELA,Basal,Mdk,ITGA6_ITGB1,0.029447709812466683,0.04,MDK_ITGA6_ITGB1,Mdk  - (Itga6+Itgb1),MK,Secreted Signaling,PMID: 28356350
MELA,Basal-P,Mdk,ITGA6_ITGB1,0.042292865829854566,0.0,MDK_ITGA6_ITGB1,Mdk  - (Itga6+Itgb1),MK,Secreted Signaling,PMID: 28356350
MELA,DC,Mdk,ITGA6_ITGB1,0.0385147845447114,0.0,MDK_ITGA6_ITGB1,Mdk  - (Itga6+Itgb1),MK,Secreted Signaling,PMID: 28356350
MELA,ENDO,Mdk,ITGA6_ITGB1,0.09600016202642263,0.0,MDK_ITGA6_ITGB1,Mdk  - (Itga6+Itgb1),MK,Secreted Signaling,PMID: 28356350
MELA,MELA,Mdk,ITGA6_ITGB1,0.10035130327876601,0.0,MDK_ITGA6_ITGB1,Mdk  - (Itga6+Itgb1),MK,Secreted Signaling,PMID: 28356350
MELA,MYL,Mdk,ITGA6_ITGB1,0.0343219896911446,0.0,MDK_ITGA6_ITGB1,Mdk  - (Itga6+Itgb1),MK,Secreted Signaling,PMID: 28356350
MELA,Pericyte,Mdk,ITGA6_ITGB1,0.08691370287947833,0.0,MDK_ITGA6_ITGB1,Mdk  - (Itga6+Itgb1),MK,Secreted Signaling,PMID: 28356350
Muscle,ENDO,Mdk,ITGA6_ITGB1,0.051544238950629186,0.0,MDK_ITGA6_ITGB1,Mdk  - (Itga6+Itgb1),MK,Secreted Signaling,PMID: 28356350
Muscle,MELA,Mdk,ITGA6_ITGB1,0.054000809028355384,0.0,MDK_ITGA6_ITGB1,Mdk  - (Itga6+Itgb1),MK,Secreted Signaling,PMID: 28356350
Muscle,Pericyte,Mdk,ITGA6_ITGB1,0.046449349260029506,0.0,MDK_ITGA6_ITGB1,Mdk  - (Itga6+Itgb1),MK,Secreted Signaling,PMID: 28356350
Pericyte,Basal-P,Mdk,ITGA6_ITGB1,0.03777924344684084,0.0,MDK_ITGA6_ITGB1,Mdk  - (Itga6+Itgb1),MK,Secreted Signaling,PMID: 28356350
Pericyte,DC,Mdk,ITGA6_ITGB1,0.03438989177705609,0.0,MDK_ITGA6_ITGB1,Mdk  - (Itga6+Itgb1),MK,Secreted Signaling,PMID: 28356350
Pericyte,ENDO,Mdk,ITGA6_ITGB1,0.08627106055732375,0.0,MDK_ITGA6_ITGB1,Mdk  - (Itga6+Itgb1),MK,Secreted Signaling,PMID: 28356350
Pericyte,MELA,Mdk,ITGA6_ITGB1,0.09022524823141409,0.0,MDK_ITGA6_ITGB1,Mdk  - (Itga6+Itgb1),MK,Secreted Signaling,PMID: 28356350
Pericyte,Pericyte,Mdk,ITGA6_ITGB1,0.07802598375123028,0.0,MDK_ITGA6_ITGB1,Mdk  - (Itga6+Itgb1),MK,Secreted Signaling,PMID: 28356350
Spinious,ENDO,Mdk,ITGA6_ITGB1,0.04463438753946231,0.0,MDK_ITGA6_ITGB1,Mdk  - (Itga6+Itgb1),MK,Secreted Signaling,PMID: 28356350
Spinious,MELA,Mdk,ITGA6_ITGB1,0.046777879962527,0.0,MDK_ITGA6_ITGB1,Mdk  - (Itga6+Itgb1),MK,Secreted Signaling,PMID: 28356350
Spinious,Pericyte,Mdk,ITGA6_ITGB1,0.04019355775120524,0.0,MDK_ITGA6_ITGB1,Mdk  - (Itga6+Itgb1),MK,Secreted Signaling,PMID: 28356350
Basal,DC,Mdk,Lrp1,0.018742656804977817,0.04,MDK_LRP1,Mdk  - Lrp1,MK,Secreted Signaling,PMID: 28356350
Basal,FIB-A,Mdk,Lrp1,0.05268656001065916,0.0,MDK_LRP1,Mdk  - Lrp1,MK,Secreted Signaling,PMID: 28356350
Basal,FIB-B,Mdk,Lrp1,0.044522151150621504,0.0,MDK_LRP1,Mdk  - Lrp1,MK,Secreted Signaling,PMID: 28356350
Basal,FIB-P,Mdk,Lrp1,0.04437424896559675,0.0,MDK_LRP1,Mdk  - Lrp1,MK,Secreted Signaling,PMID: 28356350
Basal,MYL,Mdk,Lrp1,0.03771543755310857,0.0,MDK_LRP1,Mdk  - Lrp1,MK,Secreted Signaling,PMID: 28356350
Basal-P,FIB-A,Mdk,Lrp1,0.04520713263804899,0.0,MDK_LRP1,Mdk  - Lrp1,MK,Secreted Signaling,PMID: 28356350
Basal-P,FIB-B,Mdk,Lrp1,0.03815506772164093,0.0,MDK_LRP1,Mdk  - Lrp1,MK,Secreted Signaling,PMID: 28356350
Basal-P,FIB-P,Mdk,Lrp1,0.03802747511695999,0.0,MDK_LRP1,Mdk  - Lrp1,MK,Secreted Signaling,PMID: 28356350
Basal-P,MYL,Mdk,Lrp1,0.03228888240825875,0.0,MDK_LRP1,Mdk  - Lrp1,MK,Secreted Signaling,PMID: 28356350
DC,DC,Mdk,Lrp1,0.019382594128955453,0.02,MDK_LRP1,Mdk  - Lrp1,MK,Secreted Signaling,PMID: 28356350
DC,FIB-A,Mdk,Lrp1,0.0544211796934651,0.0,MDK_LRP1,Mdk  - Lrp1,MK,Secreted Signaling,PMID: 28356350
DC,FIB-B,Mdk,Lrp1,0.04600102366934019,0.0,MDK_LRP1,Mdk  - Lrp1,MK,Secreted Signaling,PMID: 28356350
DC,FIB-P,Mdk,Lrp1,0.04584844442307269,0.0,MDK_LRP1,Mdk  - Lrp1,MK,Secreted Signaling,PMID: 28356350
DC,MYL,Mdk,Lrp1,0.03897743775582372,0.0,MDK_LRP1,Mdk  - Lrp1,MK,Secreted Signaling,PMID: 28356350
FIB-A,DC,Mdk,Lrp1,0.03320941413270584,0.0,MDK_LRP1,Mdk  - Lrp1,MK,Secreted Signaling,PMID: 28356350
FIB-A,FIB-A,Mdk,Lrp1,0.09092559339825841,0.0,MDK_LRP1,Mdk  - Lrp1,MK,Secreted Signaling,PMID: 28356350
FIB-A,FIB-B,Mdk,Lrp1,0.0773192355328821,0.0,MDK_LRP1,Mdk  - Lrp1,MK,Secreted Signaling,PMID: 28356350
FIB-A,FIB-P,Mdk,Lrp1,0.077071170031898,0.0,MDK_LRP1,Mdk  - Lrp1,MK,Secreted Signaling,PMID: 28356350
FIB-A,MYL,Mdk,Lrp1,0.06584391520485659,0.0,MDK_LRP1,Mdk  - Lrp1,MK,Secreted Signaling,PMID: 28356350
FIB-A,Pericyte,Mdk,Lrp1,0.02175822247629174,0.02,MDK_LRP1,Mdk  - Lrp1,MK,Secreted Signaling,PMID: 28356350
FIB-B,DC,Mdk,Lrp1,0.021217038656799588,0.0,MDK_LRP1,Mdk  - Lrp1,MK,Secreted Signaling,PMID: 28356350
FIB-B,FIB-A,Mdk,Lrp1,0.05937103587452507,0.0,MDK_LRP1,Mdk  - Lrp1,MK,Secreted Signaling,PMID: 28356350
FIB-B,FIB-B,Mdk,Lrp1,0.05022570726140365,0.0,MDK_LRP1,Mdk  - Lrp1,MK,Secreted Signaling,PMID: 28356350
FIB-B,FIB-P,Mdk,Lrp1,0.05005985060309987,0.0,MDK_LRP1,Mdk  - Lrp1,MK,Secreted Signaling,PMID: 28356350
FIB-B,MYL,Mdk,Lrp1,0.04258587700082961,0.0,MDK_LRP1,Mdk  - Lrp1,MK,Secreted Signaling,PMID: 28356350
FIB-P,DC,Mdk,Lrp1,0.020794903331344913,0.0,MDK_LRP1,Mdk  - Lrp1,MK,Secreted Signaling,PMID: 28356350
FIB-P,FIB-A,Mdk,Lrp1,0.058234951835483086,0.0,MDK_LRP1,Mdk  - Lrp1,MK,Secreted Signaling,PMID: 28356350
FIB-P,FIB-B,Mdk,Lrp1,0.049255458346924824,0.0,MDK_LRP1,Mdk  - Lrp1,MK,Secreted Signaling,PMID: 28356350
FIB-P,FIB-P,Mdk,Lrp1,0.049092640060451526,0.0,MDK_LRP1,Mdk  - Lrp1,MK,Secreted Signaling,PMID: 28356350
FIB-P,MYL,Mdk,Lrp1,0.04175672407115952,0.0,MDK_LRP1,Mdk  - Lrp1,MK,Secreted Signaling,PMID: 28356350
MELA,DC,Mdk,Lrp1,0.019882707365881064,0.02,MDK_LRP1,Mdk  - Lrp1,MK,Secreted Signaling,PMID: 28356350
MELA,FIB-A,Mdk,Lrp1,0.055773944600031836,0.0,MDK_LRP1,Mdk  - Lrp1,MK,Secreted Signaling,PMID: 28356350
MELA,FIB-B,Mdk,Lrp1,0.04715492370420955,0.0,MDK_LRP1,Mdk  - Lrp1,MK,Secreted Signaling,PMID: 28356350
MELA,FIB-P,Mdk,Lrp1,0.0469987056790784,0.0,MDK_LRP1,Mdk  - Lrp1,MK,Secreted Signaling,PMID: 28356350
MELA,MYL,Mdk,Lrp1,0.039962536722461986,0.0,MDK_LRP1,Mdk  - Lrp1,MK,Secreted Signaling,PMID: 28356350
Muscle,FIB-A,Mdk,Lrp1,0.029341432444492093,0.0,MDK_LRP1,Mdk  - Lrp1,MK,Secreted Signaling,PMID: 28356350
Muscle,FIB-B,Mdk,Lrp1,0.024700303014735907,0.0,MDK_LRP1,Mdk  - Lrp1,MK,Secreted Signaling,PMID: 28356350
Muscle,FIB-P,Mdk,Lrp1,0.024616552348864333,0.0,MDK_LRP1,Mdk  - Lrp1,MK,Secreted Signaling,PMID: 28356350
Muscle,MYL,Mdk,Lrp1,0.020857874152408216,0.0,MDK_LRP1,Mdk  - Lrp1,MK,Secreted Signaling,PMID: 28356350
Pericyte,FIB-A,Mdk,Lrp1,0.049896539197849525,0.0,MDK_LRP1,Mdk  - Lrp1,MK,Secreted Signaling,PMID: 28356350
Pericyte,FIB-B,Mdk,Lrp1,0.042145242454028044,0.0,MDK_LRP1,Mdk  - Lrp1,MK,Secreted Signaling,PMID: 28356350
Pericyte,FIB-P,Mdk,Lrp1,0.042004889209860834,0.0,MDK_LRP1,Mdk  - Lrp1,MK,Secreted Signaling,PMID: 28356350
Pericyte,MYL,Mdk,Lrp1,0.03568834646211982,0.0,MDK_LRP1,Mdk  - Lrp1,MK,Secreted Signaling,PMID: 28356350
Spinious,FIB-A,Mdk,Lrp1,0.025328530596606027,0.0,MDK_LRP1,Mdk  - Lrp1,MK,Secreted Signaling,PMID: 28356350
Spinious,FIB-B,Mdk,Lrp1,0.021308214347936096,0.0,MDK_LRP1,Mdk  - Lrp1,MK,Secreted Signaling,PMID: 28356350
Spinious,FIB-P,Mdk,Lrp1,0.021235714720152225,0.0,MDK_LRP1,Mdk  - Lrp1,MK,Secreted Signaling,PMID: 28356350
Basal,Basal,Mdk,Ncl,0.19296320863611874,0.0,MDK_NCL,Mdk  - Ncl,MK,Secreted Signaling,PMID: 28356350
Basal,Basal-P,Mdk,Ncl,0.19329957677056875,0.0,MDK_NCL,Mdk  - Ncl,MK,Secreted Signaling,PMID: 28356350
Basal,Muscle,Mdk,Ncl,0.18694973255527345,0.0,MDK_NCL,Mdk  - Ncl,MK,Secreted Signaling,PMID: 28356350
Basal,Spinious,Mdk,Ncl,0.17963622228963688,0.0,MDK_NCL,Mdk  - Ncl,MK,Secreted Signaling,PMID: 28356350
DC,Basal,Mdk,Ncl,0.19834920960814653,0.0,MDK_NCL,Mdk  - Ncl,MK,Secreted Signaling,PMID: 28356350
DC,Basal-P,Mdk,Ncl,0.19869265496354704,0.0,MDK_NCL,Mdk  - Ncl,MK,Secreted Signaling,PMID: 28356350
DC,Muscle,Mdk,Ncl,0.19220786064207843,0.0,MDK_NCL,Mdk  - Ncl,MK,Secreted Signaling,PMID: 28356350
DC,Spinious,Mdk,Ncl,0.1847353888094128,0.0,MDK_NCL,Mdk  - Ncl,MK,Secreted Signaling,PMID: 28356350
FIB-A,Basal,Mdk,Ncl,0.3006960521461685,0.0,MDK_NCL,Mdk  - Ncl,MK,Secreted Signaling,PMID: 28356350
FIB-A,Basal-P,Mdk,Ncl,0.3011501397629442,0.0,MDK_NCL,Mdk  - Ncl,MK,Secreted Signaling,PMID: 28356350
FIB-A,DC,Mdk,Ncl,0.22983061848746886,0.0,MDK_NCL,Mdk  - Ncl,MK,Secreted Signaling,PMID: 28356350
FIB-A,ENDO,Mdk,Ncl,0.27776844878388895,0.0,MDK_NCL,Mdk  - Ncl,MK,Secreted Signaling,PMID: 28356350
FIB-A,FIB-A,Mdk,Ncl,0.23243236123891836,0.0,MDK_NCL,Mdk  - Ncl,MK,Secreted Signaling,PMID: 28356350
FIB-A,FIB-B,Mdk,Ncl,0.2474716614506502,0.0,MDK_NCL,Mdk  - Ncl,MK,Secreted Signaling,PMID: 28356350
FIB-A,FIB-P,Mdk,Ncl,0.25776526076915435,0.0,MDK_NCL,Mdk  - Ncl,MK,Secreted Signaling,PMID: 28356350
FIB-A,Immune,Mdk,Ncl,0.2602346441966311,0.0,MDK_NCL,Mdk  - Ncl,MK,Secreted Signaling,PMID: 28356350
FIB-A,MELA,Mdk,Ncl,0.2508807341133281,0.0,MDK_NCL,Mdk  - Ncl,MK,Secreted Signaling,PMID: 28356350
FIB-A,MYL,Mdk,Ncl,0.2512724111793413,0.0,MDK_NCL,Mdk  - Ncl,MK,Secreted Signaling,PMID: 28356350
FIB-A,Muscle,Mdk,Ncl,0.29254221686379456,0.0,MDK_NCL,Mdk  - Ncl,MK,Secreted Signaling,PMID: 28356350
FIB-A,Pericyte,Mdk,Ncl,0.26293305292603836,0.0,MDK_NCL,Mdk  - Ncl,MK,Secreted Signaling,PMID: 28356350
FIB-A,Spinious,Mdk,Ncl,0.28253335221744913,0.0,MDK_NCL,Mdk  - Ncl,MK,Secreted Signaling,PMID: 28356350
FIB-B,Basal,Mdk,Ncl,0.21343511260683098,0.0,MDK_NCL,Mdk  - Ncl,MK,Secreted Signaling,PMID: 28356350
FIB-B,Basal-P,Mdk,Ncl,0.21379771295777278,0.0,MDK_NCL,Mdk  - Ncl,MK,Secreted Signaling,PMID: 28356350
FIB-B,ENDO,Mdk,Ncl,0.19530281551911238,0.0,MDK_NCL,Mdk  - Ncl,MK,Secreted Signaling,PMID: 28356350
FIB-B,FIB-P,Mdk,Ncl,0.17976019032298407,0.02,MDK_NCL,Mdk  - Ncl,MK,Secreted Signaling,PMID: 28356350
FIB-B,Immune,Mdk,Ncl,0.18166518908900137,0.0,MDK_NCL,Mdk  - Ncl,MK,Secreted Signaling,PMID: 28356350
FIB-B,Muscle,Mdk,Ncl,0.20694725033876343,0.0,MDK_NCL,Mdk  - Ncl,MK,Secreted Signaling,PMID: 28356350
FIB-B,Pericyte,Mdk,Ncl,0.18375126410413525,0.0,MDK_NCL,Mdk  - Ncl,MK,Secreted Signaling,PMID: 28356350
FIB-B,Spinious,Mdk,Ncl,0.19904294989202334,0.0,MDK_NCL,Mdk  - Ncl,MK,Secreted Signaling,PMID: 28356350
FIB-P,Basal,Mdk,Ncl,0.2100091612986019,0.0,MDK_NCL,Mdk  - Ncl,MK,Secreted Signaling,PMID: 28356350
FIB-P,Basal-P,Mdk,Ncl,0.21036749801208016,0.0,MDK_NCL,Mdk  - Ncl,MK,Secreted Signaling,PMID: 28356350
FIB-P,ENDO,Mdk,Ncl,0.19209683352993193,0.0,MDK_NCL,Mdk  - Ncl,MK,Secreted Signaling,PMID: 28356350
FIB-P,FIB-P,Mdk,Ncl,0.17675330560050204,0.01,MDK_NCL,Mdk  - Ncl,MK,Secreted Signaling,PMID: 28356350
FIB-P,Immune,Mdk,Ncl,0.17863337875496127,0.01,MDK_NCL,Mdk  - Ncl,MK,Secreted Signaling,PMID: 28356350
FIB-P,Muscle,Mdk,Ncl,0.20359848278720524,0.0,MDK_NCL,Mdk  - Ncl,MK,Secreted Signaling,PMID: 28356350
FIB-P,Pericyte,Mdk,Ncl,0.1806923264773182,0.0,MDK_NCL,Mdk  - Ncl,MK,Secreted Signaling,PMID: 28356350
FIB-P,Spinious,Mdk,Ncl,0.19579051016786667,0.0,MDK_NCL,Mdk  - Ncl,MK,Secreted Signaling,PMID: 28356350
MELA,Basal,Mdk,Ncl,0.20251341609143403,0.0,MDK_NCL,Mdk  - Ncl,MK,Secreted Signaling,PMID: 28356350
MELA,Basal-P,Mdk,Ncl,0.2028622472153909,0.0,MDK_NCL,Mdk  - Ncl,MK,Secreted Signaling,PMID: 28356350
MELA,ENDO,Mdk,Ncl,0.185090630687889,0.04,MDK_NCL,Mdk  - Ncl,MK,Secreted Signaling,PMID: 28356350
MELA,Muscle,Mdk,Ncl,0.19627470151390053,0.0,MDK_NCL,Mdk  - Ncl,MK,Secreted Signaling,PMID: 28356350
MELA,Spinious,Mdk,Ncl,0.18868105293702617,0.0,MDK_NCL,Mdk  - Ncl,MK,Secreted Signaling,PMID: 28356350
Basal,Basal-P,Ptn,Ptprz1,0.00849445983401596,0.0,PTN_PTPRZ1,Ptn  - Ptprz1,PTN,Secreted Signaling,PMID: 28356350; PMID: 25620911
Basal,MELA,Ptn,Ptprz1,0.07842560236610177,0.0,PTN_PTPRZ1,Ptn  - Ptprz1,PTN,Secreted Signaling,PMID: 28356350; PMID: 25620911
Basal-P,Basal-P,Ptn,Ptprz1,0.009547067304794666,0.0,PTN_PTPRZ1,Ptn  - Ptprz1,PTN,Secreted Signaling,PMID: 28356350; PMID: 25620911
Basal-P,MELA,Ptn,Ptprz1,0.08738016963015498,0.0,PTN_PTPRZ1,Ptn  - Ptprz1,PTN,Secreted Signaling,PMID: 28356350; PMID: 25620911
FIB-A,Basal-P,Ptn,Ptprz1,0.019502337841282275,0.0,PTN_PTPRZ1,Ptn  - Ptprz1,PTN,Secreted Signaling,PMID: 28356350; PMID: 25620911
FIB-A,MELA,Ptn,Ptprz1,0.16497763093903164,0.0,PTN_PTPRZ1,Ptn  - Ptprz1,PTN,Secreted Signaling,PMID: 28356350; PMID: 25620911
FIB-B,Basal-P,Ptn,Ptprz1,0.0038750409669107725,0.0,PTN_PTPRZ1,Ptn  - Ptprz1,PTN,Secreted Signaling,PMID: 28356350; PMID: 25620911
FIB-B,MELA,Ptn,Ptprz1,0.037203501666871266,0.0,PTN_PTPRZ1,Ptn  - Ptprz1,PTN,Secreted Signaling,PMID: 28356350; PMID: 25620911
FIB-P,Basal-P,Ptn,Ptprz1,0.005466456743192178,0.0,PTN_PTPRZ1,Ptn  - Ptprz1,PTN,Secreted Signaling,PMID: 28356350; PMID: 25620911
FIB-P,MELA,Ptn,Ptprz1,0.05177100000516933,0.0,PTN_PTPRZ1,Ptn  - Ptprz1,PTN,Secreted Signaling,PMID: 28356350; PMID: 25620911
Immune,Basal-P,Ptn,Ptprz1,0.0006710200261549285,0.0,PTN_PTPRZ1,Ptn  - Ptprz1,PTN,Secreted Signaling,PMID: 28356350; PMID: 25620911
Immune,MELA,Ptn,Ptprz1,0.0066256241021382745,0.0,PTN_PTPRZ1,Ptn  - Ptprz1,PTN,Secreted Signaling,PMID: 28356350; PMID: 25620911
MELA,Basal-P,Ptn,Ptprz1,0.001960890639903731,0.0,PTN_PTPRZ1,Ptn  - Ptprz1,PTN,Secreted Signaling,PMID: 28356350; PMID: 25620911
MELA,MELA,Ptn,Ptprz1,0.019142496327591664,0.0,PTN_PTPRZ1,Ptn  - Ptprz1,PTN,Secreted Signaling,PMID: 28356350; PMID: 25620911
Muscle,Basal-P,Ptn,Ptprz1,0.004086166831316839,0.0,PTN_PTPRZ1,Ptn  - Ptprz1,PTN,Secreted Signaling,PMID: 28356350; PMID: 25620911
Muscle,MELA,Ptn,Ptprz1,0.03915909559221008,0.0,PTN_PTPRZ1,Ptn  - Ptprz1,PTN,Secreted Signaling,PMID: 28356350; PMID: 25620911
Pericyte,Basal-P,Ptn,Ptprz1,0.00845013741112475,0.0,PTN_PTPRZ1,Ptn  - Ptprz1,PTN,Secreted Signaling,PMID: 28356350; PMID: 25620911
Pericyte,MELA,Ptn,Ptprz1,0.07804511459737369,0.0,PTN_PTPRZ1,Ptn  - Ptprz1,PTN,Secreted Signaling,PMID: 28356350; PMID: 25620911
Spinious,Basal-P,Ptn,Ptprz1,0.0015093464470623498,0.0,PTN_PTPRZ1,Ptn  - Ptprz1,PTN,Secreted Signaling,PMID: 28356350; PMID: 25620911
Spinious,MELA,Ptn,Ptprz1,0.014793100827888435,0.0,PTN_PTPRZ1,Ptn  - Ptprz1,PTN,Secreted Signaling,PMID: 28356350; PMID: 25620911
Basal,Basal,Ptn,Sdc1,0.046635252514270496,0.0,PTN_SDC1,Ptn  - Sdc1,PTN,Secreted Signaling,PMID: 28356350; PMID: 25620911
Basal,Basal-P,Ptn,Sdc1,0.042642232833538816,0.0,PTN_SDC1,Ptn  - Sdc1,PTN,Secreted Signaling,PMID: 28356350; PMID: 25620911
Basal,DC,Ptn,Sdc1,0.11677069537485404,0.0,PTN_SDC1,Ptn  - Sdc1,PTN,Secreted Signaling,PMID: 28356350; PMID: 25620911
Basal,FIB-A,Ptn,Sdc1,0.04102519405111461,0.0,PTN_SDC1,Ptn  - Sdc1,PTN,Secreted Signaling,PMID: 28356350; PMID: 25620911
Basal,Spinious,Ptn,Sdc1,0.11961373486044216,0.0,PTN_SDC1,Ptn  - Sdc1,PTN,Secreted Signaling,PMID: 28356350; PMID: 25620911
Basal-P,Basal,Ptn,Sdc1,0.052165488818462696,0.0,PTN_SDC1,Ptn  - Sdc1,PTN,Secreted Signaling,PMID: 28356350; PMID: 25620911
Basal-P,Basal-P,Ptn,Sdc1,0.04772265995721122,0.0,PTN_SDC1,Ptn  - Sdc1,PTN,Secreted Signaling,PMID: 28356350; PMID: 25620911
Basal-P,DC,Ptn,Sdc1,0.12948829995743935,0.0,PTN_SDC1,Ptn  - Sdc1,PTN,Secreted Signaling,PMID: 28356350; PMID: 25620911
Basal-P,FIB-A,Ptn,Sdc1,0.04592220719754771,0.0,PTN_SDC1,Ptn  - Sdc1,PTN,Secreted Signaling,PMID: 28356350; PMID: 25620911
Basal-P,FIB-P,Ptn,Sdc1,0.03818924895296132,0.0,PTN_SDC1,Ptn  - Sdc1,PTN,Secreted Signaling,PMID: 28356350; PMID: 25620911
Basal-P,Pericyte,Ptn,Sdc1,0.042003711164662026,0.01,PTN_SDC1,Ptn  - Sdc1,PTN,Secreted Signaling,PMID: 28356350; PMID: 25620911
Basal-P,Spinious,Ptn,Sdc1,0.1325944931995826,0.0,PTN_SDC1,Ptn  - Sdc1,PTN,Secreted Signaling,PMID: 28356350; PMID: 25620911
FIB-A,Basal,Ptn,Sdc1,0.10198542713771036,0.0,PTN_SDC1,Ptn  - Sdc1,PTN,Secreted Signaling,PMID: 28356350; PMID: 25620911
FIB-A,Basal-P,Ptn,Sdc1,0.09371907673756602,0.0,PTN_SDC1,Ptn  - Sdc1,PTN,Secreted Signaling,PMID: 28356350; PMID: 25620911
FIB-A,DC,Ptn,Sdc1,0.23485658121595002,0.0,PTN_SDC1,Ptn  - Sdc1,PTN,Secreted Signaling,PMID: 28356350; PMID: 25620911
FIB-A,FIB-A,Ptn,Sdc1,0.09034793811669273,0.0,PTN_SDC1,Ptn  - Sdc1,PTN,Secreted Signaling,PMID: 28356350; PMID: 25620911
FIB-A,FIB-B,Ptn,Sdc1,0.04257391924354299,0.0,PTN_SDC1,Ptn  - Sdc1,PTN,Secreted Signaling,PMID: 28356350; PMID: 25620911
FIB-A,FIB-P,Ptn,Sdc1,0.07572780187961153,0.0,PTN_SDC1,Ptn  - Sdc1,PTN,Secreted Signaling,PMID: 28356350; PMID: 25620911
FIB-A,Pericyte,Ptn,Sdc1,0.0829682938334683,0.0,PTN_SDC1,Ptn  - Sdc1,PTN,Secreted Signaling,PMID: 28356350; PMID: 25620911
FIB-A,Spinious,Ptn,Sdc1,0.2397941110254649,0.0,PTN_SDC1,Ptn  - Sdc1,PTN,Secreted Signaling,PMID: 28356350; PMID: 25620911
FIB-B,DC,Ptn,Sdc1,0.05663218352370737,0.0,PTN_SDC1,Ptn  - Sdc1,PTN,Secreted Signaling,PMID: 28356350; PMID: 25620911
FIB-B,Spinious,Ptn,Sdc1,0.05810734812375321,0.0,PTN_SDC1,Ptn  - Sdc1,PTN,Secreted Signaling,PMID: 28356350; PMID: 25620911
FIB-P,DC,Ptn,Sdc1,0.07818941198172696,0.0,PTN_SDC1,Ptn  - Sdc1,PTN,Secreted Signaling,PMID: 28356350; PMID: 25620911
FIB-P,Spinious,Ptn,Sdc1,0.0801783778377514,0.0,PTN_SDC1,Ptn  - Sdc1,PTN,Secreted Signaling,PMID: 28356350; PMID: 25620911
Muscle,DC,Ptn,Sdc1,0.05954587992696299,0.0,PTN_SDC1,Ptn  - Sdc1,PTN,Secreted Signaling,PMID: 28356350; PMID: 25620911
Muscle,Spinious,Ptn,Sdc1,0.06109202596274812,0.0,PTN_SDC1,Ptn  - Sdc1,PTN,Secreted Signaling,PMID: 28356350; PMID: 25620911
Pericyte,Basal,Ptn,Sdc1,0.04640123240321215,0.0,PTN_SDC1,Ptn  - Sdc1,PTN,Secreted Signaling,PMID: 28356350; PMID: 25620911
Pericyte,Basal-P,Ptn,Sdc1,0.04242735835584977,0.0,PTN_SDC1,Ptn  - Sdc1,PTN,Secreted Signaling,PMID: 28356350; PMID: 25620911
Pericyte,DC,Ptn,Sdc1,0.11622763583073957,0.0,PTN_SDC1,Ptn  - Sdc1,PTN,Secreted Signaling,PMID: 28356350; PMID: 25620911
Pericyte,FIB-A,Ptn,Sdc1,0.040818120430549845,0.01,PTN_SDC1,Ptn  - Sdc1,PTN,Secreted Signaling,PMID: 28356350; PMID: 25620911
Pericyte,Spinious,Ptn,Sdc1,0.11905923565864747,0.0,PTN_SDC1,Ptn  - Sdc1,PTN,Secreted Signaling,PMID: 28356350; PMID: 25620911
Basal,Basal,Ptn,Sdc2,0.013521781983638518,0.0,PTN_SDC2,Ptn  - Sdc2,PTN,Secreted Signaling,PMID: 28356350; PMID: 25620911
Basal,Basal-P,Ptn,Sdc2,0.012602919609388757,0.0,PTN_SDC2,Ptn  - Sdc2,PTN,Secreted Signaling,PMID: 28356350; PMID: 25620911
Basal,FIB-A,Ptn,Sdc2,0.014061862312449647,0.0,PTN_SDC2,Ptn  - Sdc2,PTN,Secreted Signaling,PMID: 28356350; PMID: 25620911
Basal,FIB-B,Ptn,Sdc2,0.018014158898637986,0.0,PTN_SDC2,Ptn  - Sdc2,PTN,Secreted Signaling,PMID: 28356350; PMID: 25620911
Basal,FIB-P,Ptn,Sdc2,0.01683627272019651,0.0,PTN_SDC2,Ptn  - Sdc2,PTN,Secreted Signaling,PMID: 28356350; PMID: 25620911
Basal,Muscle,Ptn,Sdc2,0.013179433893075446,0.0,PTN_SDC2,Ptn  - Sdc2,PTN,Secreted Signaling,PMID: 28356350; PMID: 25620911
Basal,Pericyte,Ptn,Sdc2,0.011504344968034133,0.04,PTN_SDC2,Ptn  - Sdc2,PTN,Secreted Signaling,PMID: 28356350; PMID: 25620911
Basal-P,Basal,Ptn,Sdc2,0.015187817212672323,0.0,PTN_SDC2,Ptn  - Sdc2,PTN,Secreted Signaling,PMID: 28356350; PMID: 25620911
Basal-P,Basal-P,Ptn,Sdc2,0.014157365470136908,0.0,PTN_SDC2,Ptn  - Sdc2,PTN,Secreted Signaling,PMID: 28356350; PMID: 25620911
Basal-P,FIB-A,Ptn,Sdc2,0.015793376137396363,0.0,PTN_SDC2,Ptn  - Sdc2,PTN,Secreted Signaling,PMID: 28356350; PMID: 25620911
Basal-P,FIB-B,Ptn,Sdc2,0.020222358628862038,0.0,PTN_SDC2,Ptn  - Sdc2,PTN,Secreted Signaling,PMID: 28356350; PMID: 25620911
Basal-P,FIB-P,Ptn,Sdc2,0.0189028649785973,0.0,PTN_SDC2,Ptn  - Sdc2,PTN,Secreted Signaling,PMID: 28356350; PMID: 25620911
Basal-P,Muscle,Ptn,Sdc2,0.014803921002265226,0.0,PTN_SDC2,Ptn  - Sdc2,PTN,Secreted Signaling,PMID: 28356350; PMID: 25620911
Basal-P,Pericyte,Ptn,Sdc2,0.01292506615809826,0.0,PTN_SDC2,Ptn  - Sdc2,PTN,Secreted Signaling,PMID: 28356350; PMID: 25620911
FIB-A,Basal,Ptn,Sdc2,0.030841860451836026,0.0,PTN_SDC2,Ptn  - Sdc2,PTN,Secreted Signaling,PMID: 28356350; PMID: 25620911
FIB-A,Basal-P,Ptn,Sdc2,0.02878036337825711,0.0,PTN_SDC2,Ptn  - Sdc2,PTN,Secreted Signaling,PMID: 28356350; PMID: 25620911
FIB-A,FIB-A,Ptn,Sdc2,0.03205125412731335,0.0,PTN_SDC2,Ptn  - Sdc2,PTN,Secreted Signaling,PMID: 28356350; PMID: 25620911
FIB-A,FIB-B,Ptn,Sdc2,0.04085024581812021,0.0,PTN_SDC2,Ptn  - Sdc2,PTN,Secreted Signaling,PMID: 28356350; PMID: 25620911
FIB-A,FIB-P,Ptn,Sdc2,0.038237326008418684,0.0,PTN_SDC2,Ptn  - Sdc2,PTN,Secreted Signaling,PMID: 28356350; PMID: 25620911
FIB-A,MELA,Ptn,Sdc2,0.019276890661740206,0.0,PTN_SDC2,Ptn  - Sdc2,PTN,Secreted Signaling,PMID: 28356350; PMID: 25620911
FIB-A,Muscle,Ptn,Sdc2,0.030074366797411763,0.0,PTN_SDC2,Ptn  - Sdc2,PTN,Secreted Signaling,PMID: 28356350; PMID: 25620911
FIB-A,Pericyte,Ptn,Sdc2,0.02630920274121315,0.0,PTN_SDC2,Ptn  - Sdc2,PTN,Secreted Signaling,PMID: 28356350; PMID: 25620911
FIB-P,FIB-B,Ptn,Sdc2,0.011632500447260103,0.0,PTN_SDC2,Ptn  - Sdc2,PTN,Secreted Signaling,PMID: 28356350; PMID: 25620911
FIB-P,FIB-P,Ptn,Sdc2,0.01086727194291489,0.0,PTN_SDC2,Ptn  - Sdc2,PTN,Secreted Signaling,PMID: 28356350; PMID: 25620911
Pericyte,Basal,Ptn,Sdc2,0.013451583860555007,0.0,PTN_SDC2,Ptn  - Sdc2,PTN,Secreted Signaling,PMID: 28356350; PMID: 25620911
Pericyte,Basal-P,Ptn,Sdc2,0.01253743111959687,0.01,PTN_SDC2,Ptn  - Sdc2,PTN,Secreted Signaling,PMID: 28356350; PMID: 25620911
Pericyte,FIB-A,Ptn,Sdc2,0.013988900130615912,0.0,PTN_SDC2,Ptn  - Sdc2,PTN,Secreted Signaling,PMID: 28356350; PMID: 25620911
Pericyte,FIB-B,Ptn,Sdc2,0.017921062355830183,0.0,PTN_SDC2,Ptn  - Sdc2,PTN,Secreted Signaling,PMID: 28356350; PMID: 25620911
Pericyte,FIB-P,Ptn,Sdc2,0.016749159624849547,0.0,PTN_SDC2,Ptn  - Sdc2,PTN,Secreted Signaling,PMID: 28356350; PMID: 25620911
Pericyte,Muscle,Ptn,Sdc2,0.013110989443337065,0.01,PTN_SDC2,Ptn  - Sdc2,PTN,Secreted Signaling,PMID: 28356350; PMID: 25620911
Basal,MELA,Ptn,Sdc3,0.020423780790804074,0.0,PTN_SDC3,Ptn  - Sdc3,PTN,Secreted Signaling,PMID: 28356350; PMID: 25620911
Basal-P,MELA,Ptn,Sdc3,0.022920460881438988,0.0,PTN_SDC3,Ptn  - Sdc3,PTN,Secreted Signaling,PMID: 28356350; PMID: 25620911
FIB-A,MELA,Ptn,Sdc3,0.04617086207613261,0.0,PTN_SDC3,Ptn  - Sdc3,PTN,Secreted Signaling,PMID: 28356350; PMID: 25620911
FIB-B,MELA,Ptn,Sdc3,0.009378374390137379,0.0,PTN_SDC3,Ptn  - Sdc3,PTN,Secreted Signaling,PMID: 28356350; PMID: 25620911
FIB-P,MELA,Ptn,Sdc3,0.013199969264529978,0.0,PTN_SDC3,Ptn  - Sdc3,PTN,Secreted Signaling,PMID: 28356350; PMID: 25620911
Immune,MELA,Ptn,Sdc3,0.001631455281984194,0.0,PTN_SDC3,Ptn  - Sdc3,PTN,Secreted Signaling,PMID: 28356350; PMID: 25620911
MELA,MELA,Ptn,Sdc3,0.004758734481117675,0.0,PTN_SDC3,Ptn  - Sdc3,PTN,Secreted Signaling,PMID: 28356350; PMID: 25620911
Muscle,MELA,Ptn,Sdc3,0.009886365351409573,0.0,PTN_SDC3,Ptn  - Sdc3,PTN,Secreted Signaling,PMID: 28356350; PMID: 25620911
Pericyte,MELA,Ptn,Sdc3,0.02031848907091511,0.0,PTN_SDC3,Ptn  - Sdc3,PTN,Secreted Signaling,PMID: 28356350; PMID: 25620911
Spinious,MELA,Ptn,Sdc3,0.003665282738670042,0.0,PTN_SDC3,Ptn  - Sdc3,PTN,Secreted Signaling,PMID: 28356350; PMID: 25620911
Basal,Basal,Ptn,Sdc4,0.05971670349421919,0.0,PTN_SDC4,Ptn  - Sdc4,PTN,Secreted Signaling,PMID: 28356350; PMID: 25620911
Basal,Basal-P,Ptn,Sdc4,0.06790624036514047,0.0,PTN_SDC4,Ptn  - Sdc4,PTN,Secreted Signaling,PMID: 28356350; PMID: 25620911
Basal,MYL,Ptn,Sdc4,0.01803079592600781,0.0,PTN_SDC4,Ptn  - Sdc4,PTN,Secreted Signaling,PMID: 28356350; PMID: 25620911
Basal,Spinious,Ptn,Sdc4,0.05177577217549253,0.0,PTN_SDC4,Ptn  - Sdc4,PTN,Secreted Signaling,PMID: 28356350; PMID: 25620911
Basal-P,Basal,Ptn,Sdc4,0.06668968845256393,0.0,PTN_SDC4,Ptn  - Sdc4,PTN,Secreted Signaling,PMID: 28356350; PMID: 25620911
Basal-P,Basal-P,Ptn,Sdc4,0.07575845229528913,0.0,PTN_SDC4,Ptn  - Sdc4,PTN,Secreted Signaling,PMID: 28356350; PMID: 25620911
Basal-P,MYL,Ptn,Sdc4,0.02024099300882144,0.0,PTN_SDC4,Ptn  - Sdc4,PTN,Secreted Signaling,PMID: 28356350; PMID: 25620911
Basal-P,Spinious,Ptn,Sdc4,0.05787858847331909,0.0,PTN_SDC4,Ptn  - Sdc4,PTN,Secreted Signaling,PMID: 28356350; PMID: 25620911
FIB-A,Basal,Ptn,Sdc4,0.1285002215702601,0.0,PTN_SDC4,Ptn  - Sdc4,PTN,Secreted Signaling,PMID: 28356350; PMID: 25620911
FIB-A,Basal-P,Ptn,Sdc4,0.14467136776586467,0.0,PTN_SDC4,Ptn  - Sdc4,PTN,Secreted Signaling,PMID: 28356350; PMID: 25620911
FIB-A,FIB-P,Ptn,Sdc4,0.022177453821829177,0.0,PTN_SDC4,Ptn  - Sdc4,PTN,Secreted Signaling,PMID: 28356350; PMID: 25620911
FIB-A,MELA,Ptn,Sdc4,0.02124043680914096,0.0,PTN_SDC4,Ptn  - Sdc4,PTN,Secreted Signaling,PMID: 28356350; PMID: 25620911
FIB-A,MYL,Ptn,Sdc4,0.04088709503669995,0.0,PTN_SDC4,Ptn  - Sdc4,PTN,Secreted Signaling,PMID: 28356350; PMID: 25620911
FIB-A,Spinious,Ptn,Sdc4,0.11250709655371909,0.0,PTN_SDC4,Ptn  - Sdc4,PTN,Secreted Signaling,PMID: 28356350; PMID: 25620911
FIB-B,Basal,Ptn,Sdc4,0.028029292484258943,0.0,PTN_SDC4,Ptn  - Sdc4,PTN,Secreted Signaling,PMID: 28356350; PMID: 25620911
FIB-B,Basal-P,Ptn,Sdc4,0.0320212130603016,0.0,PTN_SDC4,Ptn  - Sdc4,PTN,Secreted Signaling,PMID: 28356350; PMID: 25620911
FIB-B,Spinious,Ptn,Sdc4,0.024193630301662494,0.0,PTN_SDC4,Ptn  - Sdc4,PTN,Secreted Signaling,PMID: 28356350; PMID: 25620911
FIB-P,Basal,Ptn,Sdc4,0.03915058821636118,0.0,PTN_SDC4,Ptn  - Sdc4,PTN,Secreted Signaling,PMID: 28356350; PMID: 25620911
FIB-P,Basal-P,Ptn,Sdc4,0.04465363321817662,0.0,PTN_SDC4,Ptn  - Sdc4,PTN,Secreted Signaling,PMID: 28356350; PMID: 25620911
FIB-P,Spinious,Ptn,Sdc4,0.03384603023676759,0.0,PTN_SDC4,Ptn  - Sdc4,PTN,Secreted Signaling,PMID: 28356350; PMID: 25620911
MELA,Basal,Ptn,Sdc4,0.014355639291310012,0.01,PTN_SDC4,Ptn  - Sdc4,PTN,Secreted Signaling,PMID: 28356350; PMID: 25620911
MELA,Basal-P,Ptn,Sdc4,0.016433088258824967,0.0,PTN_SDC4,Ptn  - Sdc4,PTN,Secreted Signaling,PMID: 28356350; PMID: 25620911
Muscle,Basal,Ptn,Sdc4,0.029517430642027068,0.0,PTN_SDC4,Ptn  - Sdc4,PTN,Secreted Signaling,PMID: 28356350; PMID: 25620911
Muscle,Basal-P,Ptn,Sdc4,0.03371393986878294,0.0,PTN_SDC4,Ptn  - Sdc4,PTN,Secreted Signaling,PMID: 28356350; PMID: 25620911
Muscle,Spinious,Ptn,Sdc4,0.02548346373710546,0.0,PTN_SDC4,Ptn  - Sdc4,PTN,Secreted Signaling,PMID: 28356350; PMID: 25620911
Pericyte,Basal,Ptn,Sdc4,0.05942113086781031,0.0,PTN_SDC4,Ptn  - Sdc4,PTN,Secreted Signaling,PMID: 28356350; PMID: 25620911
Pericyte,Basal-P,Ptn,Sdc4,0.0675730459809138,0.0,PTN_SDC4,Ptn  - Sdc4,PTN,Secreted Signaling,PMID: 28356350; PMID: 25620911
Pericyte,MYL,Ptn,Sdc4,0.017937614974185598,0.0,PTN_SDC4,Ptn  - Sdc4,PTN,Secreted Signaling,PMID: 28356350; PMID: 25620911
Pericyte,Spinious,Ptn,Sdc4,0.0515173503781067,0.0,PTN_SDC4,Ptn  - Sdc4,PTN,Secreted Signaling,PMID: 28356350; PMID: 25620911
Basal,Basal,Ptn,Ncl,0.19928103165386626,0.0,PTN_NCL,Ptn  - Ncl,PTN,Secreted Signaling,PMID: 28356350; PMID: 25620911
Basal,Basal-P,Ptn,Ncl,0.19962568869370165,0.0,PTN_NCL,Ptn  - Ncl,PTN,Secreted Signaling,PMID: 28356350; PMID: 25620911
Basal,DC,Ptn,Ncl,0.14728243210429715,0.01,PTN_NCL,Ptn  - Ncl,PTN,Secreted Signaling,PMID: 28356350; PMID: 25620911
Basal,ENDO,Ptn,Ncl,0.18207284668418638,0.0,PTN_NCL,Ptn  - Ncl,PTN,Secreted Signaling,PMID: 28356350; PMID: 25620911
Basal,FIB-A,Ptn,Ncl,0.14913065198358577,0.0,PTN_NCL,Ptn  - Ncl,PTN,Secreted Signaling,PMID: 28356350; PMID: 25620911
Basal,FIB-B,Ptn,Ncl,0.1599028567414936,0.0,PTN_NCL,Ptn  - Ncl,PTN,Secreted Signaling,PMID: 28356350; PMID: 25620911
Basal,FIB-P,Ptn,Ncl,0.16736411129526735,0.0,PTN_NCL,Ptn  - Ncl,PTN,Secreted Signaling,PMID: 28356350; PMID: 25620911
Basal,Immune,Ptn,Ncl,0.1691648361475946,0.0,PTN_NCL,Ptn  - Ncl,PTN,Secreted Signaling,PMID: 28356350; PMID: 25620911
Basal,MELA,Ptn,Ncl,0.16236589066967513,0.0,PTN_NCL,Ptn  - Ncl,PTN,Secreted Signaling,PMID: 28356350; PMID: 25620911
Basal,MYL,Ptn,Ncl,0.16264938158071085,0.0,PTN_NCL,Ptn  - Ncl,PTN,Secreted Signaling,PMID: 28356350; PMID: 25620911
Basal,Muscle,Ptn,Ncl,0.19311778162460885,0.0,PTN_NCL,Ptn  - Ncl,PTN,Secreted Signaling,PMID: 28356350; PMID: 25620911
Basal,Pericyte,Ptn,Ncl,0.17113738754167812,0.0,PTN_NCL,Ptn  - Ncl,PTN,Secreted Signaling,PMID: 28356350; PMID: 25620911
Basal,Spinious,Ptn,Ncl,0.18561806339305614,0.0,PTN_NCL,Ptn  - Ncl,PTN,Secreted Signaling,PMID: 28356350; PMID: 25620911
Basal-P,Basal,Ptn,Ncl,0.2187591826066493,0.0,PTN_NCL,Ptn  - Ncl,PTN,Secreted Signaling,PMID: 28356350; PMID: 25620911
Basal-P,Basal-P,Ptn,Ncl,0.21912830808329745,0.0,PTN_NCL,Ptn  - Ncl,PTN,Secreted Signaling,PMID: 28356350; PMID: 25620911
Basal-P,DC,Ptn,Ncl,0.1627109147266469,0.0,PTN_NCL,Ptn  - Ncl,PTN,Secreted Signaling,PMID: 28356350; PMID: 25620911
Basal-P,ENDO,Ptn,Ncl,0.20028975533835258,0.0,PTN_NCL,Ptn  - Ncl,PTN,Secreted Signaling,PMID: 28356350; PMID: 25620911
Basal-P,FIB-A,Ptn,Ncl,0.1647153452188689,0.0,PTN_NCL,Ptn  - Ncl,PTN,Secreted Signaling,PMID: 28356350; PMID: 25620911
Basal-P,FIB-B,Ptn,Ncl,0.176379926641921,0.0,PTN_NCL,Ptn  - Ncl,PTN,Secreted Signaling,PMID: 28356350; PMID: 25620911
Basal-P,FIB-P,Ptn,Ncl,0.18444122381334183,0.0,PTN_NCL,Ptn  - Ncl,PTN,Secreted Signaling,PMID: 28356350; PMID: 25620911
Basal-P,Immune,Ptn,Ncl,0.18638455728895273,0.0,PTN_NCL,Ptn  - Ncl,PTN,Secreted Signaling,PMID: 28356350; PMID: 25620911
Basal-P,MELA,Ptn,Ncl,0.1790426715281959,0.0,PTN_NCL,Ptn  - Ncl,PTN,Secreted Signaling,PMID: 28356350; PMID: 25620911
Basal-P,MYL,Ptn,Ncl,0.17934904561042017,0.0,PTN_NCL,Ptn  - Ncl,PTN,Secreted Signaling,PMID: 28356350; PMID: 25620911
Basal-P,Muscle,Ptn,Ncl,0.21215313372923028,0.0,PTN_NCL,Ptn  - Ncl,PTN,Secreted Signaling,PMID: 28356350; PMID: 25620911
Basal-P,Pericyte,Ptn,Ncl,0.1885123412479387,0.0,PTN_NCL,Ptn  - Ncl,PTN,Secreted Signaling,PMID: 28356350; PMID: 25620911
Basal-P,Spinious,Ptn,Ncl,0.2041011689074534,0.0,PTN_NCL,Ptn  - Ncl,PTN,Secreted Signaling,PMID: 28356350; PMID: 25620911
FIB-A,Basal,Ptn,Ncl,0.3662102781739665,0.0,PTN_NCL,Ptn  - Ncl,PTN,Secreted Signaling,PMID: 28356350; PMID: 25620911
FIB-A,Basal-P,Ptn,Ncl,0.36671141952069075,0.0,PTN_NCL,Ptn  - Ncl,PTN,Secreted Signaling,PMID: 28356350; PMID: 25620911
FIB-A,DC,Ptn,Ncl,0.28622452788319785,0.0,PTN_NCL,Ptn  - Ncl,PTN,Secreted Signaling,PMID: 28356350; PMID: 25620911
FIB-A,ENDO,Ptn,Ncl,0.3407212007734741,0.0,PTN_NCL,Ptn  - Ncl,PTN,Secreted Signaling,PMID: 28356350; PMID: 25620911
FIB-A,FIB-A,Ptn,Ncl,0.2892249257520369,0.0,PTN_NCL,Ptn  - Ncl,PTN,Secreted Signaling,PMID: 28356350; PMID: 25620911
FIB-A,FIB-B,Ptn,Ncl,0.30647170784699523,0.0,PTN_NCL,Ptn  - Ncl,PTN,Secreted Signaling,PMID: 28356350; PMID: 25620911
FIB-A,FIB-P,Ptn,Ncl,0.31818177809516496,0.0,PTN_NCL,Ptn  - Ncl,PTN,Secreted Signaling,PMID: 28356350; PMID: 25620911
FIB-A,Immune,Ptn,Ncl,0.3209796527004409,0.0,PTN_NCL,Ptn  - Ncl,PTN,Secreted Signaling,PMID: 28356350; PMID: 25620911
FIB-A,MELA,Ptn,Ncl,0.3103583422739671,0.0,PTN_NCL,Ptn  - Ncl,PTN,Secreted Signaling,PMID: 28356350; PMID: 25620911
FIB-A,MYL,Ptn,Ncl,0.31080435057903943,0.0,PTN_NCL,Ptn  - Ncl,PTN,Secreted Signaling,PMID: 28356350; PMID: 25620911
FIB-A,Muscle,Ptn,Ncl,0.3571873263476393,0.0,PTN_NCL,Ptn  - Ncl,PTN,Secreted Signaling,PMID: 28356350; PMID: 25620911
FIB-A,Pericyte,Ptn,Ncl,0.32403203762828364,0.0,PTN_NCL,Ptn  - Ncl,PTN,Secreted Signaling,PMID: 28356350; PMID: 25620911
FIB-A,Spinious,Ptn,Ncl,0.3460485861413964,0.0,PTN_NCL,Ptn  - Ncl,PTN,Secreted Signaling,PMID: 28356350; PMID: 25620911
Pericyte,Basal,Ptn,Ncl,0.19844045965692345,0.0,PTN_NCL,Ptn  - Ncl,PTN,Secreted Signaling,PMID: 28356350; PMID: 25620911
Pericyte,Basal-P,Ptn,Ncl,0.19878402383419783,0.0,PTN_NCL,Ptn  - Ncl,PTN,Secreted Signaling,PMID: 28356350; PMID: 25620911
Pericyte,ENDO,Ptn,Ncl,0.18128842556110517,0.0,PTN_NCL,Ptn  - Ncl,PTN,Secreted Signaling,PMID: 28356350; PMID: 25620911
Pericyte,FIB-B,Ptn,Ncl,0.15919535992544004,0.01,PTN_NCL,Ptn  - Ncl,PTN,Secreted Signaling,PMID: 28356350; PMID: 25620911
Pericyte,FIB-P,Ptn,Ncl,0.1666301497818508,0.01,PTN_NCL,Ptn  - Ncl,PTN,Secreted Signaling,PMID: 28356350; PMID: 25620911
Pericyte,Immune,Ptn,Ncl,0.1684245750852591,0.01,PTN_NCL,Ptn  - Ncl,PTN,Secreted Signaling,PMID: 28356350; PMID: 25620911
Pericyte,MELA,Ptn,Ncl,0.1616495929871452,0.01,PTN_NCL,Ptn  - Ncl,PTN,Secreted Signaling,PMID: 28356350; PMID: 25620911
Pericyte,MYL,Ptn,Ncl,0.16193207501993193,0.01,PTN_NCL,Ptn  - Ncl,PTN,Secreted Signaling,PMID: 28356350; PMID: 25620911
Pericyte,Muscle,Ptn,Ncl,0.19229696310406028,0.0,PTN_NCL,Ptn  - Ncl,PTN,Secreted Signaling,PMID: 28356350; PMID: 25620911
Pericyte,Pericyte,Ptn,Ncl,0.17039026488779332,0.01,PTN_NCL,Ptn  - Ncl,PTN,Secreted Signaling,PMID: 28356350; PMID: 25620911
Pericyte,Spinious,Ptn,Ncl,0.18482181979968715,0.0,PTN_NCL,Ptn  - Ncl,PTN,Secreted Signaling,PMID: 28356350; PMID: 25620911
Basal,FIB-A,Postn,ITGAV_ITGB5,0.008620464894635256,0.0,POSTN_ITGAV_ITGB5,Postn  - (Itgav+Itgb5),PERIOSTIN,Secreted Signaling,PMID: 26721738
Basal,FIB-P,Postn,ITGAV_ITGB5,0.006669643648666796,0.0,POSTN_ITGAV_ITGB5,Postn  - (Itgav+Itgb5),PERIOSTIN,Secreted Signaling,PMID: 26721738
Basal,Pericyte,Postn,ITGAV_ITGB5,0.006882208163972678,0.0,POSTN_ITGAV_ITGB5,Postn  - (Itgav+Itgb5),PERIOSTIN,Secreted Signaling,PMID: 26721738
Basal-P,FIB-A,Postn,ITGAV_ITGB5,0.007473001442780336,0.0,POSTN_ITGAV_ITGB5,Postn  - (Itgav+Itgb5),PERIOSTIN,Secreted Signaling,PMID: 26721738
Basal-P,FIB-P,Postn,ITGAV_ITGB5,0.005780338466772833,0.0,POSTN_ITGAV_ITGB5,Postn  - (Itgav+Itgb5),PERIOSTIN,Secreted Signaling,PMID: 26721738
Basal-P,Pericyte,Postn,ITGAV_ITGB5,0.005964730620429221,0.01,POSTN_ITGAV_ITGB5,Postn  - (Itgav+Itgb5),PERIOSTIN,Secreted Signaling,PMID: 26721738
DC,FIB-A,Postn,ITGAV_ITGB5,0.0017596483611527977,0.0,POSTN_ITGAV_ITGB5,Postn  - (Itgav+Itgb5),PERIOSTIN,Secreted Signaling,PMID: 26721738
DC,FIB-P,Postn,ITGAV_ITGB5,0.0013593090581641653,0.0,POSTN_ITGAV_ITGB5,Postn  - (Itgav+Itgb5),PERIOSTIN,Secreted Signaling,PMID: 26721738
FIB-A,FIB-A,Postn,ITGAV_ITGB5,0.019938465504065184,0.0,POSTN_ITGAV_ITGB5,Postn  - (Itgav+Itgb5),PERIOSTIN,Secreted Signaling,PMID: 26721738
FIB-A,FIB-P,Postn,ITGAV_ITGB5,0.015466325534069987,0.0,POSTN_ITGAV_ITGB5,Postn  - (Itgav+Itgb5),PERIOSTIN,Secreted Signaling,PMID: 26721738
FIB-A,Pericyte,Postn,ITGAV_ITGB5,0.015954741209426433,0.0,POSTN_ITGAV_ITGB5,Postn  - (Itgav+Itgb5),PERIOSTIN,Secreted Signaling,PMID: 26721738
FIB-B,FIB-A,Postn,ITGAV_ITGB5,0.002392337760791277,0.0,POSTN_ITGAV_ITGB5,Postn  - (Itgav+Itgb5),PERIOSTIN,Secreted Signaling,PMID: 26721738
FIB-B,FIB-P,Postn,ITGAV_ITGB5,0.0018483212030113332,0.0,POSTN_ITGAV_ITGB5,Postn  - (Itgav+Itgb5),PERIOSTIN,Secreted Signaling,PMID: 26721738
FIB-P,FIB-A,Postn,ITGAV_ITGB5,0.005782749771622314,0.0,POSTN_ITGAV_ITGB5,Postn  - (Itgav+Itgb5),PERIOSTIN,Secreted Signaling,PMID: 26721738
FIB-P,FIB-P,Postn,ITGAV_ITGB5,0.0044712104817390885,0.0,POSTN_ITGAV_ITGB5,Postn  - (Itgav+Itgb5),PERIOSTIN,Secreted Signaling,PMID: 26721738
MELA,FIB-A,Postn,ITGAV_ITGB5,0.016752151400974996,0.0,POSTN_ITGAV_ITGB5,Postn  - (Itgav+Itgb5),PERIOSTIN,Secreted Signaling,PMID: 26721738
MELA,FIB-P,Postn,ITGAV_ITGB5,0.012985223348941762,0.0,POSTN_ITGAV_ITGB5,Postn  - (Itgav+Itgb5),PERIOSTIN,Secreted Signaling,PMID: 26721738
MELA,Pericyte,Postn,ITGAV_ITGB5,0.013396353676187937,0.0,POSTN_ITGAV_ITGB5,Postn  - (Itgav+Itgb5),PERIOSTIN,Secreted Signaling,PMID: 26721738
Muscle,FIB-A,Postn,ITGAV_ITGB5,0.0018700234312114352,0.0,POSTN_ITGAV_ITGB5,Postn  - (Itgav+Itgb5),PERIOSTIN,Secreted Signaling,PMID: 26721738
Muscle,FIB-P,Postn,ITGAV_ITGB5,0.0014446089294275284,0.0,POSTN_ITGAV_ITGB5,Postn  - (Itgav+Itgb5),PERIOSTIN,Secreted Signaling,PMID: 26721738
Pericyte,FIB-A,Postn,ITGAV_ITGB5,0.005351536799950592,0.0,POSTN_ITGAV_ITGB5,Postn  - (Itgav+Itgb5),PERIOSTIN,Secreted Signaling,PMID: 26721738
Pericyte,FIB-P,Postn,ITGAV_ITGB5,0.004137390489960537,0.0,POSTN_ITGAV_ITGB5,Postn  - (Itgav+Itgb5),PERIOSTIN,Secreted Signaling,PMID: 26721738
Spinious,FIB-A,Postn,ITGAV_ITGB5,0.002626464791479121,0.0,POSTN_ITGAV_ITGB5,Postn  - (Itgav+Itgb5),PERIOSTIN,Secreted Signaling,PMID: 26721738
Spinious,FIB-P,Postn,ITGAV_ITGB5,0.002029316150246984,0.0,POSTN_ITGAV_ITGB5,Postn  - (Itgav+Itgb5),PERIOSTIN,Secreted Signaling,PMID: 26721738
DC,DC,Edn3,Ednra,0.011654157115514825,0.0,EDN3_EDNRA,Edn3  - Ednra,EDN,Secreted Signaling,KEGG: mmu04080
DC,FIB-B,Edn3,Ednra,0.010797611419860118,0.0,EDN3_EDNRA,Edn3  - Ednra,EDN,Secreted Signaling,KEGG: mmu04080
DC,FIB-P,Edn3,Ednra,0.00899469151242732,0.0,EDN3_EDNRA,Edn3  - Ednra,EDN,Secreted Signaling,KEGG: mmu04080
DC,Pericyte,Edn3,Ednra,0.01987384050457263,0.0,EDN3_EDNRA,Edn3  - Ednra,EDN,Secreted Signaling,KEGG: mmu04080
Muscle,DC,Edn3,Ednra,0.002423409759467009,0.0,EDN3_EDNRA,Edn3  - Ednra,EDN,Secreted Signaling,KEGG: mmu04080
Muscle,FIB-B,Edn3,Ednra,0.002243756203161025,0.0,EDN3_EDNRA,Edn3  - Ednra,EDN,Secreted Signaling,KEGG: mmu04080
Muscle,FIB-P,Edn3,Ednra,0.0018664125100453593,0.0,EDN3_EDNRA,Edn3  - Ednra,EDN,Secreted Signaling,KEGG: mmu04080
Muscle,Pericyte,Edn3,Ednra,0.004160045119529427,0.0,EDN3_EDNRA,Edn3  - Ednra,EDN,Secreted Signaling,KEGG: mmu04080
DC,MELA,Edn3,Ednrb,0.09977918556109237,0.0,EDN3_EDNRB,Edn3  - Ednrb,EDN,Secreted Signaling,KEGG: mmu04080
DC,MYL,Edn3,Ednrb,0.03031972021817299,0.0,EDN3_EDNRB,Edn3  - Ednrb,EDN,Secreted Signaling,KEGG: mmu04080
Muscle,MELA,Edn3,Ednrb,0.022325131750446058,0.0,EDN3_EDNRB,Edn3  - Ednrb,EDN,Secreted Signaling,KEGG: mmu04080
Muscle,MYL,Edn3,Ednrb,0.006400540457039057,0.0,EDN3_EDNRB,Edn3  - Ednrb,EDN,Secreted Signaling,KEGG: mmu04080
Basal,Immune,Kitl,Kit,0.013786788004400785,0.0,KITL_KIT,Kitl  - Kit,KIT,Secreted Signaling,KEGG: mmu04080
Basal-P,Immune,Kitl,Kit,0.015516053669148116,0.0,KITL_KIT,Kitl  - Kit,KIT,Secreted Signaling,KEGG: mmu04080
ENDO,Immune,Kitl,Kit,0.04923798216457971,0.0,KITL_KIT,Kitl  - Kit,KIT,Secreted Signaling,KEGG: mmu04080
FIB-A,Immune,Kitl,Kit,0.07477668717254933,0.0,KITL_KIT,Kitl  - Kit,KIT,Secreted Signaling,KEGG: mmu04080
FIB-B,Immune,Kitl,Kit,0.019893396611436763,0.0,KITL_KIT,Kitl  - Kit,KIT,Secreted Signaling,KEGG: mmu04080
FIB-P,Immune,Kitl,Kit,0.040514258909974545,0.0,KITL_KIT,Kitl  - Kit,KIT,Secreted Signaling,KEGG: mmu04080
MELA,Immune,Kitl,Kit,0.017967029427230316,0.0,KITL_KIT,Kitl  - Kit,KIT,Secreted Signaling,KEGG: mmu04080
FIB-A,Pericyte,Sema3a,NRP1_PLXNA1,0.003085506726293241,0.0,SEMA3A_NRP1_PLXNA1,Sema3a  - (Nrp1+Plxna1),SEMA3,Secreted Signaling,PMID: 27533782
FIB-A,DC,Sema3a,NRP1_PLXNA4,0.0049569712169385575,0.0,SEMA3A_NRP1_PLXNA4,Sema3a  - (Nrp1+Plxna4),SEMA3,Secreted Signaling,PMID: 27533782
FIB-A,FIB-P,Sema3a,NRP1_PLXNA4,0.005452662522510272,0.0,SEMA3A_NRP1_PLXNA4,Sema3a  - (Nrp1+Plxna4),SEMA3,Secreted Signaling,PMID: 27533782
FIB-A,MELA,Sema3a,NRP1_PLXNA4,0.0037141585980706455,0.0,SEMA3A_NRP1_PLXNA4,Sema3a  - (Nrp1+Plxna4),SEMA3,Secreted Signaling,PMID: 27533782
MELA,Pericyte,Sema3b,NRP1_PLXNA1,0.00217340139538384,0.0,SEMA3B_NRP1_PLXNA1,Sema3b  - (Nrp1+Plxna1),SEMA3,Secreted Signaling,PMID: 27533782
MELA,DC,Sema3b,NRP1_PLXNA4,0.0034935817750696993,0.0,SEMA3B_NRP1_PLXNA4,Sema3b  - (Nrp1+Plxna4),SEMA3,Secreted Signaling,PMID: 27533782
MELA,FIB-P,Sema3b,NRP1_PLXNA4,0.003843501102699248,0.0,SEMA3B_NRP1_PLXNA4,Sema3b  - (Nrp1+Plxna4),SEMA3,Secreted Signaling,PMID: 27533782
MELA,MELA,Sema3b,NRP1_PLXNA4,0.0026167055366167506,0.0,SEMA3B_NRP1_PLXNA4,Sema3b  - (Nrp1+Plxna4),SEMA3,Secreted Signaling,PMID: 27533782
FIB-A,Pericyte,Sema3c,NRP1_PLXNA1,0.010336637337509629,0.0,SEMA3C_NRP1_PLXNA1,Sema3c  - (Nrp1+Plxna1),SEMA3,Secreted Signaling,PMID: 27533782
MELA,Pericyte,Sema3c,NRP1_PLXNA1,0.013086465867476655,0.0,SEMA3C_NRP1_PLXNA1,Sema3c  - (Nrp1+Plxna1),SEMA3,Secreted Signaling,PMID: 27533782
FIB-A,DC,Sema3c,NRP1_PLXNA4,0.016533219413925236,0.0,SEMA3C_NRP1_PLXNA4,Sema3c  - (Nrp1+Plxna4),SEMA3,Secreted Signaling,PMID: 27533782
FIB-A,FIB-P,Sema3c,NRP1_PLXNA4,0.01816538874166154,0.0,SEMA3C_NRP1_PLXNA4,Sema3c  - (Nrp1+Plxna4),SEMA3,Secreted Signaling,PMID: 27533782
FIB-A,MELA,Sema3c,NRP1_PLXNA4,0.012424247750957764,0.0,SEMA3C_NRP1_PLXNA4,Sema3c  - (Nrp1+Plxna4),SEMA3,Secreted Signaling,PMID: 27533782
MELA,DC,Sema3c,NRP1_PLXNA4,0.02089670125188573,0.0,SEMA3C_NRP1_PLXNA4,Sema3c  - (Nrp1+Plxna4),SEMA3,Secreted Signaling,PMID: 27533782
MELA,FIB-P,Sema3c,NRP1_PLXNA4,0.02294958403809239,0.0,SEMA3C_NRP1_PLXNA4,Sema3c  - (Nrp1+Plxna4),SEMA3,Secreted Signaling,PMID: 27533782
MELA,MELA,Sema3c,NRP1_PLXNA4,0.01572061599269609,0.0,SEMA3C_NRP1_PLXNA4,Sema3c  - (Nrp1+Plxna4),SEMA3,Secreted Signaling,PMID: 27533782
DC,Pericyte,Sema3d,NRP1_PLXNA1,0.009864332715991637,0.0,SEMA3D_NRP1_PLXNA1,Sema3d  - (Nrp1+Plxna1),SEMA3,Secreted Signaling,PMID: 27533782
FIB-A,Pericyte,Sema3d,NRP1_PLXNA1,0.0021339564399800587,0.0,SEMA3D_NRP1_PLXNA1,Sema3d  - (Nrp1+Plxna1),SEMA3,Secreted Signaling,PMID: 27533782
FIB-B,Pericyte,Sema3d,NRP1_PLXNA1,0.0037508506509840276,0.0,SEMA3D_NRP1_PLXNA1,Sema3d  - (Nrp1+Plxna1),SEMA3,Secreted Signaling,PMID: 27533782
FIB-P,Pericyte,Sema3d,NRP1_PLXNA1,0.003509275288431359,0.0,SEMA3D_NRP1_PLXNA1,Sema3d  - (Nrp1+Plxna1),SEMA3,Secreted Signaling,PMID: 27533782
DC,DC,Sema3d,NRP1_PLXNA4,0.015782293980723276,0.0,SEMA3D_NRP1_PLXNA4,Sema3d  - (Nrp1+Plxna4),SEMA3,Secreted Signaling,PMID: 27533782
DC,FIB-P,Sema3d,NRP1_PLXNA4,0.017341638678634835,0.0,SEMA3D_NRP1_PLXNA4,Sema3d  - (Nrp1+Plxna4),SEMA3,Secreted Signaling,PMID: 27533782
DC,MELA,Sema3d,NRP1_PLXNA4,0.011857698323121554,0.0,SEMA3D_NRP1_PLXNA4,Sema3d  - (Nrp1+Plxna4),SEMA3,Secreted Signaling,PMID: 27533782
FIB-A,DC,Sema3d,NRP1_PLXNA4,0.003430259298308661,0.0,SEMA3D_NRP1_PLXNA4,Sema3d  - (Nrp1+Plxna4),SEMA3,Secreted Signaling,PMID: 27533782
FIB-A,FIB-P,Sema3d,NRP1_PLXNA4,0.0037738602265214197,0.0,SEMA3D_NRP1_PLXNA4,Sema3d  - (Nrp1+Plxna4),SEMA3,Secreted Signaling,PMID: 27533782
FIB-A,MELA,Sema3d,NRP1_PLXNA4,0.002569235791904157,0.0,SEMA3D_NRP1_PLXNA4,Sema3d  - (Nrp1+Plxna4),SEMA3,Secreted Signaling,PMID: 27533782
FIB-B,DC,Sema3d,NRP1_PLXNA4,0.006023430499772985,0.0,SEMA3D_NRP1_PLXNA4,Sema3d  - (Nrp1+Plxna4),SEMA3,Secreted Signaling,PMID: 27533782
FIB-B,FIB-P,Sema3d,NRP1_PLXNA4,0.006625056435643714,0.0,SEMA3D_NRP1_PLXNA4,Sema3d  - (Nrp1+Plxna4),SEMA3,Secreted Signaling,PMID: 27533782
FIB-B,MELA,Sema3d,NRP1_PLXNA4,0.004514448137670645,0.0,SEMA3D_NRP1_PLXNA4,Sema3d  - (Nrp1+Plxna4),SEMA3,Secreted Signaling,PMID: 27533782
FIB-P,DC,Sema3d,NRP1_PLXNA4,0.005636316600034666,0.0,SEMA3D_NRP1_PLXNA4,Sema3d  - (Nrp1+Plxna4),SEMA3,Secreted Signaling,PMID: 27533782
FIB-P,FIB-P,Sema3d,NRP1_PLXNA4,0.006199518392286567,0.0,SEMA3D_NRP1_PLXNA4,Sema3d  - (Nrp1+Plxna4),SEMA3,Secreted Signaling,PMID: 27533782
FIB-P,MELA,Sema3d,NRP1_PLXNA4,0.004223901420189855,0.0,SEMA3D_NRP1_PLXNA4,Sema3d  - (Nrp1+Plxna4),SEMA3,Secreted Signaling,PMID: 27533782
MELA,Pericyte,Sema3b,NRP2_PLXNA1,0.0007996378007753477,0.0,SEMA3B_NRP2_PLXNA1,Sema3b  - (Nrp2+Plxna1),SEMA3,Secreted Signaling,PMID: 27533782
MELA,DC,Sema3b,NRP2_PLXNA4,0.0036661985395142296,0.0,SEMA3B_NRP2_PLXNA4,Sema3b  - (Nrp2+Plxna4),SEMA3,Secreted Signaling,PMID: 27533782
MELA,MELA,Sema3b,NRP2_PLXNA4,0.001068786772682874,0.0,SEMA3B_NRP2_PLXNA4,Sema3b  - (Nrp2+Plxna4),SEMA3,Secreted Signaling,PMID: 27533782
FIB-A,Pericyte,Sema3c,NRP2_PLXNA1,0.003822823454459026,0.0,SEMA3C_NRP2_PLXNA1,Sema3c  - (Nrp2+Plxna1),SEMA3,Secreted Signaling,PMID: 27533782
MELA,Pericyte,Sema3c,NRP2_PLXNA1,0.004848288274243465,0.0,SEMA3C_NRP2_PLXNA1,Sema3c  - (Nrp2+Plxna1),SEMA3,Secreted Signaling,PMID: 27533782
FIB-A,DC,Sema3c,NRP2_PLXNA4,0.01733891017438398,0.0,SEMA3C_NRP2_PLXNA4,Sema3c  - (Nrp2+Plxna4),SEMA3,Secreted Signaling,PMID: 27533782
FIB-A,MELA,Sema3c,NRP2_PLXNA4,0.005104344085076587,0.0,SEMA3C_NRP2_PLXNA4,Sema3c  - (Nrp2+Plxna4),SEMA3,Secreted Signaling,PMID: 27533782
MELA,DC,Sema3c,NRP2_PLXNA4,0.021910294283375358,0.0,SEMA3C_NRP2_PLXNA4,Sema3c  - (Nrp2+Plxna4),SEMA3,Secreted Signaling,PMID: 27533782
MELA,MELA,Sema3c,NRP2_PLXNA4,0.006471341115758839,0.0,SEMA3C_NRP2_PLXNA4,Sema3c  - (Nrp2+Plxna4),SEMA3,Secreted Signaling,PMID: 27533782
DC,Pericyte,Sema3d,NRP2_PLXNA1,0.0036470530863436314,0.0,SEMA3D_NRP2_PLXNA1,Sema3d  - (Nrp2+Plxna1),SEMA3,Secreted Signaling,PMID: 27533782
FIB-A,Pericyte,Sema3d,NRP2_PLXNA1,0.0007851055963425296,0.0,SEMA3D_NRP2_PLXNA1,Sema3d  - (Nrp2+Plxna1),SEMA3,Secreted Signaling,PMID: 27533782
FIB-B,Pericyte,Sema3d,NRP2_PLXNA1,0.0013813932529864407,0.0,SEMA3D_NRP2_PLXNA1,Sema3d  - (Nrp2+Plxna1),SEMA3,Secreted Signaling,PMID: 27533782
FIB-P,Pericyte,Sema3d,NRP2_PLXNA1,0.0012922260039213926,0.0,SEMA3D_NRP2_PLXNA1,Sema3d  - (Nrp2+Plxna1),SEMA3,Secreted Signaling,PMID: 27533782
DC,DC,Sema3d,NRP2_PLXNA4,0.01655200680321067,0.0,SEMA3D_NRP2_PLXNA4,Sema3d  - (Nrp2+Plxna4),SEMA3,Secreted Signaling,PMID: 27533782
DC,MELA,Sema3d,NRP2_PLXNA4,0.004869938476261318,0.0,SEMA3D_NRP2_PLXNA4,Sema3d  - (Nrp2+Plxna4),SEMA3,Secreted Signaling,PMID: 27533782
FIB-A,DC,Sema3d,NRP2_PLXNA4,0.003599758621521186,0.0,SEMA3D_NRP2_PLXNA4,Sema3d  - (Nrp2+Plxna4),SEMA3,Secreted Signaling,PMID: 27533782
FIB-A,MELA,Sema3d,NRP2_PLXNA4,0.001049368330792842,0.0,SEMA3D_NRP2_PLXNA4,Sema3d  - (Nrp2+Plxna4),SEMA3,Secreted Signaling,PMID: 27533782
FIB-B,DC,Sema3d,NRP2_PLXNA4,0.006320253489945816,0.0,SEMA3D_NRP2_PLXNA4,Sema3d  - (Nrp2+Plxna4),SEMA3,Secreted Signaling,PMID: 27533782
FIB-B,MELA,Sema3d,NRP2_PLXNA4,0.0018459927237585753,0.0,SEMA3D_NRP2_PLXNA4,Sema3d  - (Nrp2+Plxna4),SEMA3,Secreted Signaling,PMID: 27533782
FIB-P,DC,Sema3d,NRP2_PLXNA4,0.005914176870746621,0.0,SEMA3D_NRP2_PLXNA4,Sema3d  - (Nrp2+Plxna4),SEMA3,Secreted Signaling,PMID: 27533782
FIB-P,MELA,Sema3d,NRP2_PLXNA4,0.001726888005556745,0.0,SEMA3D_NRP2_PLXNA4,Sema3d  - (Nrp2+Plxna4),SEMA3,Secreted Signaling,PMID: 27533782
MELA,Pericyte,Sema3g,NRP2_PLXNA1,0.000869102072472346,0.0,SEMA3G_NRP2_PLXNA1,Sema3g  - (Nrp2+Plxna1),SEMA3,Secreted Signaling,PMID: 27533782
MELA,DC,Sema3g,NRP2_PLXNA4,0.003983687195538684,0.0,SEMA3G_NRP2_PLXNA4,Sema3g  - (Nrp2+Plxna4),SEMA3,Secreted Signaling,PMID: 27533782
MELA,MELA,Sema3g,NRP2_PLXNA4,0.0011616047456122509,0.0,SEMA3G_NRP2_PLXNA4,Sema3g  - (Nrp2+Plxna4),SEMA3,Secreted Signaling,PMID: 27533782
FIB-A,ENDO,Sema3c,NRP1_NRP2,0.0377449569543878,0.0,SEMA3C_NRP1_NRP2,Sema3c  - (Nrp1+Nrp2),SEMA3,Secreted Signaling,PMID: 27533782
MELA,ENDO,Sema3c,NRP1_NRP2,0.04743665842036644,0.0,SEMA3C_NRP1_NRP2,Sema3c  - (Nrp1+Nrp2),SEMA3,Secreted Signaling,PMID: 27533782
FIB-A,ENDO,Sema3c,Plxnd1,0.028154636581410687,0.0,SEMA3C_PLXND1,Sema3c  - Plxnd1,SEMA3,Secreted Signaling,PMID: 27533782
FIB-A,MYL,Sema3c,Plxnd1,0.004031339170026864,0.0,SEMA3C_PLXND1,Sema3c  - Plxnd1,SEMA3,Secreted Signaling,PMID: 27533782
MELA,ENDO,Sema3c,Plxnd1,0.035474632011139366,0.0,SEMA3C_PLXND1,Sema3c  - Plxnd1,SEMA3,Secreted Signaling,PMID: 27533782
MELA,MYL,Sema3c,Plxnd1,0.005112450860680533,0.0,SEMA3C_PLXND1,Sema3c  - Plxnd1,SEMA3,Secreted Signaling,PMID: 27533782
DC,ENDO,Apela,Aplnr,0.012611117337006648,0.0,APELA_APLNR,Apela  - Aplnr,APJ,Secreted Signaling,PMID: 25995451
FIB-B,ENDO,Apela,Aplnr,0.004109695568215966,0.0,APELA_APLNR,Apela  - Aplnr,APJ,Secreted Signaling,PMID: 25995451
FIB-P,ENDO,Apela,Aplnr,0.0032867009034853764,0.0,APELA_APLNR,Apela  - Aplnr,APJ,Secreted Signaling,PMID: 25995451
MYL,Basal-P,Gas6,Axl,0.004821484510125237,0.0,GAS6_AXL,Gas6  - Axl,GAS,Secreted Signaling,PMID: 27801848
MYL,DC,Gas6,Axl,0.009050938143179596,0.0,GAS6_AXL,Gas6  - Axl,GAS,Secreted Signaling,PMID: 27801848
MYL,FIB-A,Gas6,Axl,0.011480737250029844,0.0,GAS6_AXL,Gas6  - Axl,GAS,Secreted Signaling,PMID: 27801848
MYL,FIB-P,Gas6,Axl,0.007858998875186738,0.0,GAS6_AXL,Gas6  - Axl,GAS,Secreted Signaling,PMID: 27801848
MYL,Pericyte,Gas6,Axl,0.02270768942032735,0.0,GAS6_AXL,Gas6  - Axl,GAS,Secreted Signaling,PMID: 27801848
MYL,Spinious,Gas6,Tyro3,0.00547748892241525,0.0,GAS6_TYRO3,Gas6  - Tyro3,GAS,Secreted Signaling,PMID: 27801848
Immune,Immune,Lgals9,Ptprc,0.006481530788500076,0.0,LGALS9_CD45,Lgals9  - Cd45,GALECTIN,Secreted Signaling,PMID: 30120235
Immune,MYL,Lgals9,Ptprc,0.022997643017337335,0.0,LGALS9_CD45,Lgals9  - Cd45,GALECTIN,Secreted Signaling,PMID: 30120235
MYL,Immune,Lgals9,Ptprc,0.004173832815340876,0.0,LGALS9_CD45,Lgals9  - Cd45,GALECTIN,Secreted Signaling,PMID: 30120235
MYL,MYL,Lgals9,Ptprc,0.014897689769705902,0.0,LGALS9_CD45,Lgals9  - Cd45,GALECTIN,Secreted Signaling,PMID: 30120235
FIB-P,Basal-P,Pros1,Axl,0.0006380390516020928,0.0,PROS1_AXL,Pros1  - Axl,PROS,Secreted Signaling,PMID: 29531161
FIB-P,DC,Pros1,Axl,0.0012021662176844848,0.0,PROS1_AXL,Pros1  - Axl,PROS,Secreted Signaling,PMID: 29531161
FIB-P,FIB-A,Pros1,Axl,0.0015281469873933019,0.0,PROS1_AXL,Pros1  - Axl,PROS,Secreted Signaling,PMID: 29531161
FIB-P,FIB-P,Pros1,Axl,0.001042762461602662,0.0,PROS1_AXL,Pros1  - Axl,PROS,Secreted Signaling,PMID: 29531161
FIB-P,Pericyte,Pros1,Axl,0.003052568263426835,0.0,PROS1_AXL,Pros1  - Axl,PROS,Secreted Signaling,PMID: 29531161
MELA,Basal-P,Pros1,Axl,0.0009514386080469169,0.0,PROS1_AXL,Pros1  - Axl,PROS,Secreted Signaling,PMID: 29531161
MELA,DC,Pros1,Axl,0.0017921635018053439,0.0,PROS1_AXL,Pros1  - Axl,PROS,Secreted Signaling,PMID: 29531161
MELA,FIB-A,Pros1,Axl,0.0022777637662915857,0.0,PROS1_AXL,Pros1  - Axl,PROS,Secreted Signaling,PMID: 29531161
MELA,FIB-P,Pros1,Axl,0.0015546495855338744,0.0,PROS1_AXL,Pros1  - Axl,PROS,Secreted Signaling,PMID: 29531161
MELA,Pericyte,Pros1,Axl,0.004546569133239213,0.0,PROS1_AXL,Pros1  - Axl,PROS,Secreted Signaling,PMID: 29531161
Pericyte,Basal-P,Pros1,Axl,0.0005522498655451256,0.0,PROS1_AXL,Pros1  - Axl,PROS,Secreted Signaling,PMID: 29531161
Pericyte,DC,Pros1,Axl,0.0010406048402328391,0.0,PROS1_AXL,Pros1  - Axl,PROS,Secreted Signaling,PMID: 29531161
Pericyte,FIB-A,Pros1,Axl,0.0013228344636533297,0.0,PROS1_AXL,Pros1  - Axl,PROS,Secreted Signaling,PMID: 29531161
Pericyte,FIB-P,Pros1,Axl,0.0009026042951510805,0.0,PROS1_AXL,Pros1  - Axl,PROS,Secreted Signaling,PMID: 29531161
Pericyte,Pericyte,Pros1,Axl,0.0026429859234398177,0.0,PROS1_AXL,Pros1  - Axl,PROS,Secreted Signaling,PMID: 29531161
FIB-P,Spinious,Pros1,Tyro3,0.0007252645651125288,0.0,PROS1_TYRO3,Pros1  - Tyro3,PROS,Secreted Signaling,PMID: 30501104
MELA,Spinious,Pros1,Tyro3,0.0010814622151500588,0.0,PROS1_TYRO3,Pros1  - Tyro3,PROS,Secreted Signaling,PMID: 30501104
Pericyte,Spinious,Pros1,Tyro3,0.0006277546147886111,0.0,PROS1_TYRO3,Pros1  - Tyro3,PROS,Secreted Signaling,PMID: 30501104
Immune,DC,Lgals9,Cd44,0.03069733154712453,0.0,LGALS9_CD44,Lgals9  - Cd44,GALECTIN,Secreted Signaling,PMID: 25065622
Immune,FIB-A,Lgals9,Cd44,0.02524515376934232,0.0,LGALS9_CD44,Lgals9  - Cd44,GALECTIN,Secreted Signaling,PMID: 25065622
Immune,FIB-B,Lgals9,Cd44,0.006652877452674989,0.0,LGALS9_CD44,Lgals9  - Cd44,GALECTIN,Secreted Signaling,PMID: 25065622
Immune,FIB-P,Lgals9,Cd44,0.006601606909811865,0.0,LGALS9_CD44,Lgals9  - Cd44,GALECTIN,Secreted Signaling,PMID: 25065622
Immune,Immune,Lgals9,Cd44,0.005456313887597553,0.0,LGALS9_CD44,Lgals9  - Cd44,GALECTIN,Secreted Signaling,PMID: 25065622
Immune,MYL,Lgals9,Cd44,0.01960929558987636,0.0,LGALS9_CD44,Lgals9  - Cd44,GALECTIN,Secreted Signaling,PMID: 25065622
Immune,Muscle,Lgals9,Cd44,0.0072968693580824405,0.0,LGALS9_CD44,Lgals9  - Cd44,GALECTIN,Secreted Signaling,PMID: 25065622
Immune,Spinious,Lgals9,Cd44,0.021609384128633634,0.0,LGALS9_CD44,Lgals9  - Cd44,GALECTIN,Secreted Signaling,PMID: 25065622
MYL,DC,Lgals9,Cd44,0.01994083692096208,0.0,LGALS9_CD44,Lgals9  - Cd44,GALECTIN,Secreted Signaling,PMID: 25065622
MYL,FIB-A,Lgals9,Cd44,0.01636687015236204,0.0,LGALS9_CD44,Lgals9  - Cd44,GALECTIN,Secreted Signaling,PMID: 25065622
MYL,FIB-B,Lgals9,Cd44,0.004284435933859061,0.0,LGALS9_CD44,Lgals9  - Cd44,GALECTIN,Secreted Signaling,PMID: 25065622
MYL,FIB-P,Lgals9,Cd44,0.0042513397193394056,0.0,LGALS9_CD44,Lgals9  - Cd44,GALECTIN,Secreted Signaling,PMID: 25065622
MYL,Immune,Lgals9,Cd44,0.003512345873000407,0.0,LGALS9_CD44,Lgals9  - Cd44,GALECTIN,Secreted Signaling,PMID: 25065622
MYL,MYL,Lgals9,Cd44,0.012687247920707984,0.0,LGALS9_CD44,Lgals9  - Cd44,GALECTIN,Secreted Signaling,PMID: 25065622
MYL,Muscle,Lgals9,Cd44,0.004700249870705312,0.0,LGALS9_CD44,Lgals9  - Cd44,GALECTIN,Secreted Signaling,PMID: 25065622
MYL,Spinious,Lgals9,Cd44,0.01399138452770744,0.0,LGALS9_CD44,Lgals9  - Cd44,GALECTIN,Secreted Signaling,PMID: 25065622
Immune,Basal-P,Klk8,F2r,0.003966305491239881,0.0,KLK8_F2R,Klk8 - F2r,KLK,Secreted Signaling,PMID: 34552064
Immune,DC,Klk8,F2r,0.005655115256320789,0.0,KLK8_F2R,Klk8 - F2r,KLK,Secreted Signaling,PMID: 34552064
Immune,ENDO,Klk8,F2r,0.014577116295471272,0.0,KLK8_F2R,Klk8 - F2r,KLK,Secreted Signaling,PMID: 34552064
Immune,FIB-A,Klk8,F2r,0.00506723784954603,0.0,KLK8_F2R,Klk8 - F2r,KLK,Secreted Signaling,PMID: 34552064
Immune,Pericyte,Klk8,F2r,0.012348196900360878,0.0,KLK8_F2R,Klk8 - F2r,KLK,Secreted Signaling,PMID: 34552064
Pericyte,Basal-P,Klk8,F2r,0.0006392017308380568,0.0,KLK8_F2R,Klk8 - F2r,KLK,Secreted Signaling,PMID: 34552064
Pericyte,DC,Klk8,F2r,0.0009126649502430612,0.0,KLK8_F2R,Klk8 - F2r,KLK,Secreted Signaling,PMID: 34552064
Pericyte,ENDO,Klk8,F2r,0.002370400898403425,0.0,KLK8_F2R,Klk8 - F2r,KLK,Secreted Signaling,PMID: 34552064
Pericyte,FIB-A,Klk8,F2r,0.000817383618403618,0.0,KLK8_F2R,Klk8 - F2r,KLK,Secreted Signaling,PMID: 34552064
Pericyte,Pericyte,Klk8,F2r,0.0020041578258705632,0.0,KLK8_F2R,Klk8 - F2r,KLK,Secreted Signaling,PMID: 34552064
Spinious,Basal-P,Klk8,F2r,0.001112757194267448,0.0,KLK8_F2R,Klk8 - F2r,KLK,Secreted Signaling,PMID: 34552064
Spinious,DC,Klk8,F2r,0.0015884948345642063,0.0,KLK8_F2R,Klk8 - F2r,KLK,Secreted Signaling,PMID: 34552064
Spinious,ENDO,Klk8,F2r,0.004121233876201366,0.0,KLK8_F2R,Klk8 - F2r,KLK,Secreted Signaling,PMID: 34552064
Spinious,FIB-A,Klk8,F2r,0.0014227579968701968,0.0,KLK8_F2R,Klk8 - F2r,KLK,Secreted Signaling,PMID: 34552064
Spinious,Pericyte,Klk8,F2r,0.003485420292723472,0.0,KLK8_F2R,Klk8 - F2r,KLK,Secreted Signaling,PMID: 34552064
MELA,DC,Slitrk2,Ptprd,0.0037550622557357134,0.0,SLITRK2_PTPRD,Slitrk2 - Ptprd,SLITRK,Secreted Signaling,PMID: 30648269;PMID: 30822649
MELA,FIB-A,Slitrk2,Ptprd,0.009928166734958749,0.0,SLITRK2_PTPRD,Slitrk2 - Ptprd,SLITRK,Secreted Signaling,PMID: 30648269;PMID: 30822649
MELA,FIB-P,Slitrk2,Ptprd,0.002884973425377966,0.0,SLITRK2_PTPRD,Slitrk2 - Ptprd,SLITRK,Secreted Signaling,PMID: 30648269;PMID: 30822649
MELA,Muscle,Slitrk2,Ptprd,0.006040742571117789,0.0,SLITRK2_PTPRD,Slitrk2 - Ptprd,SLITRK,Secreted Signaling,PMID: 30648269;PMID: 30822649
MELA,Pericyte,Slitrk2,Ptprd,0.0013691926344057406,0.0,SLITRK2_PTPRD,Slitrk2 - Ptprd,SLITRK,Secreted Signaling,PMID: 30648269;PMID: 30822649
MELA,Basal-P,Slitrk2,Ptprs,0.0019127371915888185,0.0,SLITRK2_PTPRS,Slitrk2 - Ptprs,SLITRK,Secreted Signaling,PMID: 30648269;PMID: 30822649
MELA,DC,Slitrk2,Ptprs,0.002797448516245511,0.0,SLITRK2_PTPRS,Slitrk2 - Ptprs,SLITRK,Secreted Signaling,PMID: 30648269;PMID: 30822649
MELA,FIB-A,Slitrk2,Ptprs,0.007913167725673277,0.0,SLITRK2_PTPRS,Slitrk2 - Ptprs,SLITRK,Secreted Signaling,PMID: 30648269;PMID: 30822649
MELA,FIB-B,Slitrk2,Ptprs,0.003092673708465186,0.0,SLITRK2_PTPRS,Slitrk2 - Ptprs,SLITRK,Secreted Signaling,PMID: 30648269;PMID: 30822649
MELA,FIB-P,Slitrk2,Ptprs,0.006669296778418523,0.0,SLITRK2_PTPRS,Slitrk2 - Ptprs,SLITRK,Secreted Signaling,PMID: 30648269;PMID: 30822649
MELA,MELA,Slitrk2,Ptprs,0.0022882604088928496,0.0,SLITRK2_PTPRS,Slitrk2 - Ptprs,SLITRK,Secreted Signaling,PMID: 30648269;PMID: 30822649
MELA,Muscle,Slitrk2,Ptprs,0.0014302282833658136,0.0,SLITRK2_PTPRS,Slitrk2 - Ptprs,SLITRK,Secreted Signaling,PMID: 30648269;PMID: 30822649
MELA,Pericyte,Slitrk2,Ptprs,0.00217810163187388,0.0,SLITRK2_PTPRS,Slitrk2 - Ptprs,SLITRK,Secreted Signaling,PMID: 30648269;PMID: 30822649
DC,Basal-P,Slitrk6,Ptprs,0.005687619710220738,0.0,SLITRK6_PTPRS,Slitrk6 - Ptprs,SLITRK,Secreted Signaling,PMID: 30648269;PMID: 30822649
DC,DC,Slitrk6,Ptprs,0.008303826635768516,0.0,SLITRK6_PTPRS,Slitrk6 - Ptprs,SLITRK,Secreted Signaling,PMID: 30648269;PMID: 30822649
DC,FIB-A,Slitrk6,Ptprs,0.023254291488500282,0.0,SLITRK6_PTPRS,Slitrk6 - Ptprs,SLITRK,Secreted Signaling,PMID: 30648269;PMID: 30822649
DC,FIB-B,Slitrk6,Ptprs,0.009174813960469458,0.0,SLITRK6_PTPRS,Slitrk6 - Ptprs,SLITRK,Secreted Signaling,PMID: 30648269;PMID: 30822649
DC,FIB-P,Slitrk6,Ptprs,0.019646704442240013,0.0,SLITRK6_PTPRS,Slitrk6 - Ptprs,SLITRK,Secreted Signaling,PMID: 30648269;PMID: 30822649
DC,MELA,Slitrk6,Ptprs,0.00679920813568127,0.0,SLITRK6_PTPRS,Slitrk6 - Ptprs,SLITRK,Secreted Signaling,PMID: 30648269;PMID: 30822649
DC,Muscle,Slitrk6,Ptprs,0.004256916778286557,0.0,SLITRK6_PTPRS,Slitrk6 - Ptprs,SLITRK,Secreted Signaling,PMID: 30648269;PMID: 30822649
DC,Pericyte,Slitrk6,Ptprs,0.006473297518898674,0.0,SLITRK6_PTPRS,Slitrk6 - Ptprs,SLITRK,Secreted Signaling,PMID: 30648269;PMID: 30822649
FIB-B,Basal-P,Slitrk6,Ptprs,0.0013422692999417263,0.0,SLITRK6_PTPRS,Slitrk6 - Ptprs,SLITRK,Secreted Signaling,PMID: 30648269;PMID: 30822649
FIB-B,DC,Slitrk6,Ptprs,0.001963637359010844,0.0,SLITRK6_PTPRS,Slitrk6 - Ptprs,SLITRK,Secreted Signaling,PMID: 30648269;PMID: 30822649
FIB-B,FIB-A,Slitrk6,Ptprs,0.005563064967655374,0.0,SLITRK6_PTPRS,Slitrk6 - Ptprs,SLITRK,Secreted Signaling,PMID: 30648269;PMID: 30822649
FIB-B,FIB-B,Slitrk6,Ptprs,0.002171058923686751,0.0,SLITRK6_PTPRS,Slitrk6 - Ptprs,SLITRK,Secreted Signaling,PMID: 30648269;PMID: 30822649
FIB-B,FIB-P,Slitrk6,Ptprs,0.004686861510202651,0.0,SLITRK6_PTPRS,Slitrk6 - Ptprs,SLITRK,Secreted Signaling,PMID: 30648269;PMID: 30822649
FIB-B,MELA,Slitrk6,Ptprs,0.0016059741024795759,0.0,SLITRK6_PTPRS,Slitrk6 - Ptprs,SLITRK,Secreted Signaling,PMID: 30648269;PMID: 30822649
FIB-B,Muscle,Slitrk6,Ptprs,0.0010035224757119542,0.0,SLITRK6_PTPRS,Slitrk6 - Ptprs,SLITRK,Secreted Signaling,PMID: 30648269;PMID: 30822649
FIB-B,Pericyte,Slitrk6,Ptprs,0.0015286108373590691,0.0,SLITRK6_PTPRS,Slitrk6 - Ptprs,SLITRK,Secreted Signaling,PMID: 30648269;PMID: 30822649
FIB-P,Basal-P,Slitrk6,Ptprs,0.0009947091076631458,0.0,SLITRK6_PTPRS,Slitrk6 - Ptprs,SLITRK,Secreted Signaling,PMID: 30648269;PMID: 30822649
FIB-P,DC,Slitrk6,Ptprs,0.00145541785379607,0.0,SLITRK6_PTPRS,Slitrk6 - Ptprs,SLITRK,Secreted Signaling,PMID: 30648269;PMID: 30822649
FIB-P,FIB-A,Slitrk6,Ptprs,0.004127110646646907,0.0,SLITRK6_PTPRS,Slitrk6 - Ptprs,SLITRK,Secreted Signaling,PMID: 30648269;PMID: 30822649
FIB-P,FIB-B,Slitrk6,Ptprs,0.0016092420923850188,0.0,SLITRK6_PTPRS,Slitrk6 - Ptprs,SLITRK,Secreted Signaling,PMID: 30648269;PMID: 30822649
FIB-P,FIB-P,Slitrk6,Ptprs,0.003476284721171328,0.0,SLITRK6_PTPRS,Slitrk6 - Ptprs,SLITRK,Secreted Signaling,PMID: 30648269;PMID: 30822649
FIB-P,MELA,Slitrk6,Ptprs,0.0011902129476048264,0.0,SLITRK6_PTPRS,Slitrk6 - Ptprs,SLITRK,Secreted Signaling,PMID: 30648269;PMID: 30822649
FIB-P,Muscle,Slitrk6,Ptprs,0.0007436103022050225,0.0,SLITRK6_PTPRS,Slitrk6 - Ptprs,SLITRK,Secreted Signaling,PMID: 30648269;PMID: 30822649
FIB-P,Pericyte,Slitrk6,Ptprs,0.0011328550760415122,0.0,SLITRK6_PTPRS,Slitrk6 - Ptprs,SLITRK,Secreted Signaling,PMID: 30648269;PMID: 30822649
MELA,Basal-P,Slitrk6,Ptprs,0.0017163766839226099,0.0,SLITRK6_PTPRS,Slitrk6 - Ptprs,SLITRK,Secreted Signaling,PMID: 30648269;PMID: 30822649
MELA,DC,Slitrk6,Ptprs,0.002510492499108615,0.0,SLITRK6_PTPRS,Slitrk6 - Ptprs,SLITRK,Secreted Signaling,PMID: 30648269;PMID: 30822649
MELA,FIB-A,Slitrk6,Ptprs,0.007105191637655631,0.0,SLITRK6_PTPRS,Slitrk6 - Ptprs,SLITRK,Secreted Signaling,PMID: 30648269;PMID: 30822649
MELA,FIB-B,Slitrk6,Ptprs,0.002775518439188555,0.0,SLITRK6_PTPRS,Slitrk6 - Ptprs,SLITRK,Secreted Signaling,PMID: 30648269;PMID: 30822649
MELA,FIB-P,Slitrk6,Ptprs,0.00598755994287771,0.0,SLITRK6_PTPRS,Slitrk6 - Ptprs,SLITRK,Secreted Signaling,PMID: 30648269;PMID: 30822649
MELA,MELA,Slitrk6,Ptprs,0.0020534282156257607,0.0,SLITRK6_PTPRS,Slitrk6 - Ptprs,SLITRK,Secreted Signaling,PMID: 30648269;PMID: 30822649
MELA,Muscle,Slitrk6,Ptprs,0.0012833381738312586,0.0,SLITRK6_PTPRS,Slitrk6 - Ptprs,SLITRK,Secreted Signaling,PMID: 30648269;PMID: 30822649
MELA,Pericyte,Slitrk6,Ptprs,0.0019545523105973734,0.0,SLITRK6_PTPRS,Slitrk6 - Ptprs,SLITRK,Secreted Signaling,PMID: 30648269;PMID: 30822649
DC,FIB-A,Igfbp3,Tmem219,0.002284765785451976,0.0,IGFBP3_TMEM219,Igfbp3 - Tmem219,IGFBP,Secreted Signaling,PMID: 35115561;PMID:20353938
DC,Immune,Igfbp3,Tmem219,0.002402109122945302,0.0,IGFBP3_TMEM219,Igfbp3 - Tmem219,IGFBP,Secreted Signaling,PMID: 35115561;PMID:20353938
DC,MYL,Igfbp3,Tmem219,0.002823780097561151,0.0,IGFBP3_TMEM219,Igfbp3 - Tmem219,IGFBP,Secreted Signaling,PMID: 35115561;PMID:20353938
DC,Pericyte,Igfbp3,Tmem219,0.0016240289556440674,0.0,IGFBP3_TMEM219,Igfbp3 - Tmem219,IGFBP,Secreted Signaling,PMID: 35115561;PMID:20353938
ENDO,FIB-A,Igfbp3,Tmem219,0.005320894952744256,0.0,IGFBP3_TMEM219,Igfbp3 - Tmem219,IGFBP,Secreted Signaling,PMID: 35115561;PMID:20353938
ENDO,Immune,Igfbp3,Tmem219,0.005593296741865529,0.0,IGFBP3_TMEM219,Igfbp3 - Tmem219,IGFBP,Secreted Signaling,PMID: 35115561;PMID:20353938
ENDO,MYL,Igfbp3,Tmem219,0.006571464971327119,0.0,IGFBP3_TMEM219,Igfbp3 - Tmem219,IGFBP,Secreted Signaling,PMID: 35115561;PMID:20353938
ENDO,Pericyte,Igfbp3,Tmem219,0.0037854640817566424,0.0,IGFBP3_TMEM219,Igfbp3 - Tmem219,IGFBP,Secreted Signaling,PMID: 35115561;PMID:20353938
FIB-A,FIB-A,Igfbp3,Tmem219,0.0018858063472135124,0.0,IGFBP3_TMEM219,Igfbp3 - Tmem219,IGFBP,Secreted Signaling,PMID: 35115561;PMID:20353938
FIB-A,Immune,Igfbp3,Tmem219,0.0019827002368140337,0.0,IGFBP3_TMEM219,Igfbp3 - Tmem219,IGFBP,Secreted Signaling,PMID: 35115561;PMID:20353938
FIB-A,MYL,Igfbp3,Tmem219,0.0023309193726083403,0.0,IGFBP3_TMEM219,Igfbp3 - Tmem219,IGFBP,Secreted Signaling,PMID: 35115561;PMID:20353938
FIB-A,Pericyte,Igfbp3,Tmem219,0.0013402905509173584,0.0,IGFBP3_TMEM219,Igfbp3 - Tmem219,IGFBP,Secreted Signaling,PMID: 35115561;PMID:20353938
Muscle,FIB-A,Igfbp3,Tmem219,0.008663941342146708,0.0,IGFBP3_TMEM219,Igfbp3 - Tmem219,IGFBP,Secreted Signaling,PMID: 35115561;PMID:20353938
Muscle,Immune,Igfbp3,Tmem219,0.009105922711755067,0.0,IGFBP3_TMEM219,Igfbp3 - Tmem219,IGFBP,Secreted Signaling,PMID: 35115561;PMID:20353938
Muscle,MYL,Igfbp3,Tmem219,0.010691781957407935,0.0,IGFBP3_TMEM219,Igfbp3 - Tmem219,IGFBP,Secreted Signaling,PMID: 35115561;PMID:20353938
Muscle,Pericyte,Igfbp3,Tmem219,0.006169803795562053,0.0,IGFBP3_TMEM219,Igfbp3 - Tmem219,IGFBP,Secreted Signaling,PMID: 35115561;PMID:20353938
Immune,Basal,Lgals9,P4hb,0.022954162051924416,0.0,LGALS9_P4HB,Lgals9 - P4hb,GALECTIN,Secreted Signaling,PMID:21670307;uniprot
Immune,Basal-P,Lgals9,P4hb,0.025530891586005834,0.0,LGALS9_P4HB,Lgals9 - P4hb,GALECTIN,Secreted Signaling,PMID:21670307;uniprot
Immune,DC,Lgals9,P4hb,0.028119535408830464,0.0,LGALS9_P4HB,Lgals9 - P4hb,GALECTIN,Secreted Signaling,PMID:21670307;uniprot
Immune,ENDO,Lgals9,P4hb,0.03890684097319258,0.0,LGALS9_P4HB,Lgals9 - P4hb,GALECTIN,Secreted Signaling,PMID:21670307;uniprot
Immune,FIB-A,Lgals9,P4hb,0.05823071773204026,0.0,LGALS9_P4HB,Lgals9 - P4hb,GALECTIN,Secreted Signaling,PMID:21670307;uniprot
Immune,FIB-B,Lgals9,P4hb,0.051018222954810025,0.0,LGALS9_P4HB,Lgals9 - P4hb,GALECTIN,Secreted Signaling,PMID:21670307;uniprot
Immune,FIB-P,Lgals9,P4hb,0.05210508576066481,0.0,LGALS9_P4HB,Lgals9 - P4hb,GALECTIN,Secreted Signaling,PMID:21670307;uniprot
Immune,Immune,Lgals9,P4hb,0.03933686907889816,0.0,LGALS9_P4HB,Lgals9 - P4hb,GALECTIN,Secreted Signaling,PMID:21670307;uniprot
Immune,MELA,Lgals9,P4hb,0.031738177188140496,0.0,LGALS9_P4HB,Lgals9 - P4hb,GALECTIN,Secreted Signaling,PMID:21670307;uniprot
Immune,MYL,Lgals9,P4hb,0.036487967476613224,0.0,LGALS9_P4HB,Lgals9 - P4hb,GALECTIN,Secreted Signaling,PMID:21670307;uniprot
Immune,Muscle,Lgals9,P4hb,0.023787987595163,0.0,LGALS9_P4HB,Lgals9 - P4hb,GALECTIN,Secreted Signaling,PMID:21670307;uniprot
Immune,Pericyte,Lgals9,P4hb,0.04270034180050805,0.0,LGALS9_P4HB,Lgals9 - P4hb,GALECTIN,Secreted Signaling,PMID:21670307;uniprot
Immune,Spinious,Lgals9,P4hb,0.03502523645304864,0.0,LGALS9_P4HB,Lgals9 - P4hb,GALECTIN,Secreted Signaling,PMID:21670307;uniprot
MYL,Basal,Lgals9,P4hb,0.014869290073470298,0.0,LGALS9_P4HB,Lgals9 - P4hb,GALECTIN,Secreted Signaling,PMID:21670307;uniprot
MYL,Basal-P,Lgals9,P4hb,0.016553825485173007,0.0,LGALS9_P4HB,Lgals9 - P4hb,GALECTIN,Secreted Signaling,PMID:21670307;uniprot
MYL,DC,Lgals9,P4hb,0.01824930697936128,0.0,LGALS9_P4HB,Lgals9 - P4hb,GALECTIN,Secreted Signaling,PMID:21670307;uniprot
MYL,ENDO,Lgals9,P4hb,0.02534892359812468,0.0,LGALS9_P4HB,Lgals9 - P4hb,GALECTIN,Secreted Signaling,PMID:21670307;uniprot
MYL,FIB-A,Lgals9,P4hb,0.03820667572217951,0.0,LGALS9_P4HB,Lgals9 - P4hb,GALECTIN,Secreted Signaling,PMID:21670307;uniprot
MYL,FIB-B,Lgals9,P4hb,0.033386447201578864,0.0,LGALS9_P4HB,Lgals9 - P4hb,GALECTIN,Secreted Signaling,PMID:21670307;uniprot
MYL,FIB-P,Lgals9,P4hb,0.034111194400159674,0.0,LGALS9_P4HB,Lgals9 - P4hb,GALECTIN,Secreted Signaling,PMID:21670307;uniprot
MYL,Immune,Lgals9,P4hb,0.025633095932152516,0.0,LGALS9_P4HB,Lgals9 - P4hb,GALECTIN,Secreted Signaling,PMID:21670307;uniprot
MYL,MELA,Lgals9,P4hb,0.020624725595372137,0.0,LGALS9_P4HB,Lgals9 - P4hb,GALECTIN,Secreted Signaling,PMID:21670307;uniprot
MYL,MYL,Lgals9,P4hb,0.02375212674966171,0.0,LGALS9_P4HB,Lgals9 - P4hb,GALECTIN,Secreted Signaling,PMID:21670307;uniprot
MYL,Muscle,Lgals9,P4hb,0.015414060430151881,0.0,LGALS9_P4HB,Lgals9 - P4hb,GALECTIN,Secreted Signaling,PMID:21670307;uniprot
MYL,Pericyte,Lgals9,P4hb,0.027858816403903513,0.0,LGALS9_P4HB,Lgals9 - P4hb,GALECTIN,Secreted Signaling,PMID:21670307;uniprot
MYL,Spinious,Lgals9,P4hb,0.02278787553705929,0.0,LGALS9_P4HB,Lgals9 - P4hb,GALECTIN,Secreted Signaling,PMID:21670307;uniprot
DC,DC,Ntf3,Ngfr,0.015038308846100091,0.0,NTF3_NGFR,Ntf3 - Ngfr,NT,Secreted Signaling,uniprot
DC,FIB-B,Ntf3,Ngfr,0.0026278269971266453,0.0,NTF3_NGFR,Ntf3 - Ngfr,NT,Secreted Signaling,uniprot
DC,FIB-P,Ntf3,Ngfr,0.002006654970907824,0.0,NTF3_NGFR,Ntf3 - Ngfr,NT,Secreted Signaling,uniprot
DC,MELA,Ntf3,Ngfr,0.011608510333254439,0.0,NTF3_NGFR,Ntf3 - Ngfr,NT,Secreted Signaling,uniprot
DC,Pericyte,Ntf3,Ngfr,0.0014344979763426058,0.0,NTF3_NGFR,Ntf3 - Ngfr,NT,Secreted Signaling,uniprot
Basal-P,DC,Ntf5,Ngfr,0.008533739616836454,0.0,NTF5_NGFR,Ntf5 - Ngfr,NT,Secreted Signaling,uniprot
Basal-P,FIB-B,Ntf5,Ngfr,0.001483121466140492,0.0,NTF5_NGFR,Ntf5 - Ngfr,NT,Secreted Signaling,uniprot
Basal-P,FIB-P,Ntf5,Ngfr,0.0011322304937912493,0.0,NTF5_NGFR,Ntf5 - Ngfr,NT,Secreted Signaling,uniprot
Basal-P,MELA,Ntf5,Ngfr,0.006577536375479002,0.0,NTF5_NGFR,Ntf5 - Ngfr,NT,Secreted Signaling,uniprot
Basal-P,Pericyte,Ntf5,Ngfr,0.0008091957583337922,0.0,NTF5_NGFR,Ntf5 - Ngfr,NT,Secreted Signaling,uniprot
FIB-A,DC,Slit2,Robo1,0.002412720475556528,0.0,SLIT2_ROBO1,Slit2 - Robo1,SLIT,Secreted Signaling,PMID:10102268
FIB-A,FIB-P,Slit2,Robo1,0.0012028151320158402,0.0,SLIT2_ROBO1,Slit2 - Robo1,SLIT,Secreted Signaling,PMID:10102268
FIB-A,DC,Slit2,Robo2,0.012024834158059293,0.0,SLIT2_ROBO2,Slit2 - Robo2,SLIT,Secreted Signaling,PMID:10102268
FIB-A,FIB-B,Slit2,Robo2,0.0035056345827381746,0.0,SLIT2_ROBO2,Slit2 - Robo2,SLIT,Secreted Signaling,PMID:10102268
FIB-A,FIB-P,Slit2,Robo2,0.0027985115323684094,0.0,SLIT2_ROBO2,Slit2 - Robo2,SLIT,Secreted Signaling,PMID:10102268
