"interaction_name","pathway_name","ligand","receptor","agonist","antagonist","co_A_receptor","co_I_receptor","evidence","annotation","interaction_name_2","is_neurotransmitter","ligand.symbol","ligand.family","ligand.location","ligand.keyword","ligand.secreted_type","ligand.transmembrane","receptor.symbol","receptor.family","receptor.location","receptor.keyword","receptor.surfaceome_main","receptor.surfaceome_sub","receptor.adhesome","receptor.secreted_type","receptor.transmembrane","version"
"TGFB3_TGFBR1_TGFBR2","TGFb","Tgfb3","TGFbR1_R2","TGFb agonist","TGFb antagonist","","TGFb inhibition receptor","KEGG: mmu04350","Secreted Signaling","Tgfb3  - (Tgfbr1+Tgfbr2)",FALSE,"Tgfb3","TGF-beta","Extracellular matrix, Secreted, Extracellular space","Disease variant, Signal, Reference proteome, Extracellular matrix, Disulfide bond, Secreted, Mitogen, Cardiomyopathy, Growth factor, Cleavage on pair of basic residues, Alternative splicing, 3D-structure, Methylation, Glycoprotein","cytokine;growth factor",TRUE,"Tgfbr1, Tgfbr2","Protein kinase superfamily, TKL Ser/Thr protein kinase","Cell membrane, Secreted, Membrane raft, Cell surface, Cell junction, Tight junction","Membrane, Secreted, Disulfide bond, Kinase, Transmembrane, Differentiation, ATP-binding, Receptor, Alternative splicing, Aortic aneurysm, Transferase, Glycoprotein, Manganese, Disease variant, Growth regulation, Signal, Reference proteome, Metal-binding, Transmembrane helix, Hereditary nonpolyposis colorectal cancer, Cell membrane, Phosphoprotein, Direct protein sequencing, Apoptosis, Craniosynostosis, Serine/threonine-protein kinase, 3D-structure, Nucleotide-binding, Magnesium, Tight junction, Isopeptide bond, Cell junction, Ubl conjugation","Receptors","Act.TGFB;Kinase","","",TRUE,"CellChatDB v1"
"TGFB3_ACVR1B_TGFBR2","TGFb","Tgfb3","ACVR1B_TGFbR2","TGFb agonist","TGFb antagonist","","TGFb inhibition receptor","PMID: 27449815","Secreted Signaling","Tgfb3  - (Acvr1b+Tgfbr2)",FALSE,"Tgfb3","TGF-beta","Extracellular matrix, Secreted, Extracellular space","Disease variant, Signal, Reference proteome, Extracellular matrix, Disulfide bond, Secreted, Mitogen, Cardiomyopathy, Growth factor, Cleavage on pair of basic residues, Alternative splicing, 3D-structure, Methylation, Glycoprotein","cytokine;growth factor",TRUE,"Acvr1b, Tgfbr2","Protein kinase superfamily, TKL Ser/Thr protein kinase","Cell membrane, Secreted, Membrane raft","Membrane, Secreted, Disulfide bond, Kinase, Transmembrane, Differentiation, ATP-binding, Receptor, Alternative splicing, Aortic aneurysm, Transferase, Glycoprotein, Manganese, Disease variant, Growth regulation, Signal, Reference proteome, Metal-binding, Transmembrane helix, Hereditary nonpolyposis colorectal cancer, Cell membrane, Phosphoprotein, Direct protein sequencing, Apoptosis, Craniosynostosis, Serine/threonine-protein kinase, 3D-structure, Nucleotide-binding, Magnesium, Ubl conjugation","Receptors","Act.TGFB;Kinase","","",TRUE,"CellChatDB v1"
"TGFB3_ACVR1C_TGFBR2","TGFb","Tgfb3","ACVR1C_TGFbR2","TGFb agonist","TGFb antagonist","","TGFb inhibition receptor","PMID: 27449815","Secreted Signaling","Tgfb3  - (Acvr1c+Tgfbr2)",FALSE,"Tgfb3","TGF-beta","Extracellular matrix, Secreted, Extracellular space","Disease variant, Signal, Reference proteome, Extracellular matrix, Disulfide bond, Secreted, Mitogen, Cardiomyopathy, Growth factor, Cleavage on pair of basic residues, Alternative splicing, 3D-structure, Methylation, Glycoprotein","cytokine;growth factor",TRUE,"Acvr1c, Tgfbr2","Protein kinase superfamily, TKL Ser/Thr protein kinase","Cell membrane, Secreted, Membrane raft, Membrane","Membrane, Secreted, Disulfide bond, Kinase, Transmembrane, Differentiation, ATP-binding, Receptor, Alternative splicing, Aortic aneurysm, Transferase, Glycoprotein, Manganese, Disease variant, Growth regulation, Signal, Reference proteome, Metal-binding, Transmembrane helix, Hereditary nonpolyposis colorectal cancer, Cell membrane, Phosphoprotein, Direct protein sequencing, Apoptosis, Craniosynostosis, Serine/threonine-protein kinase, 3D-structure, Nucleotide-binding, Magnesium","Receptors","Act.TGFB;Kinase","","",TRUE,"CellChatDB v1"
"TGFB3_ACVR1_TGFBR1","TGFb","Tgfb3","ACVR1_TGFbR","","","","","PMID: 29376829","Secreted Signaling","Tgfb3  - (Acvr1+Tgfbr1)",FALSE,"Tgfb3","TGF-beta","Extracellular matrix, Secreted, Extracellular space","Disease variant, Signal, Reference proteome, Extracellular matrix, Disulfide bond, Secreted, Mitogen, Cardiomyopathy, Growth factor, Cleavage on pair of basic residues, Alternative splicing, 3D-structure, Methylation, Glycoprotein","cytokine;growth factor",TRUE,"Acvr1, Tgfbr1, Tgfbr2","Protein kinase superfamily, TKL Ser/Thr protein kinase","Cell membrane, Secreted, Membrane raft, Membrane, Cell surface, Cell junction, Tight junction","Membrane, Secreted, Disulfide bond, Kinase, Transmembrane, Differentiation, ATP-binding, Receptor, Alternative splicing, Aortic aneurysm, Transferase, Glycoprotein, Manganese, Disease variant, Growth regulation, Signal, Reference proteome, Metal-binding, Transmembrane helix, Hereditary nonpolyposis colorectal cancer, Cell membrane, Phosphoprotein, Direct protein sequencing, Apoptosis, Craniosynostosis, Serine/threonine-protein kinase, 3D-structure, Nucleotide-binding, Magnesium, Tight junction, Isopeptide bond, Cell junction, Ubl conjugation","Receptors","Act.TGFB;Kinase","","",TRUE,"CellChatDB v1"
"BMP2_BMPR1A_ACVR2A","BMP","Bmp2","BMPR1A_ACVR2A","","BMP antagonist","","BMP inhibition receptor","KEGG: mmu04350; PMID:26893264","Secreted Signaling","Bmp2  - (Bmpr1a+Acvr2a)",FALSE,"Bmp2","TGF-beta","Secreted","Pharmaceutical, Disulfide bond, Differentiation, Secreted, Growth factor, Cytokine, Glycoprotein, Disease variant, Signal, Developmental protein, Reference proteome, Phosphoprotein, Cleavage on pair of basic residues, Osteogenesis, Chondrogenesis, 3D-structure, Dwarfism","cytokine;growth factor",FALSE,"Bmpr1a, Acvr2a","Protein kinase superfamily, TKL Ser/Thr protein kinase","Membrane, Cell membrane, Cell surface","Membrane, Disulfide bond, Transmembrane, Kinase, ATP-binding, Receptor, Alternative splicing, Transferase, Glycoprotein, Manganese, Signal, Reference proteome, Metal-binding, Transmembrane helix, Serine/threonine-protein kinase, 3D-structure, Nucleotide-binding, Magnesium, Disease variant, Cell membrane","Receptors","Act.TGFB;Kinase","","",TRUE,"CellChatDB v1"
"BMP2_BMPR1A_ACVR2B","BMP","Bmp2","BMPR1A_ACVR2B","","BMP antagonist","","BMP inhibition receptor","KEGG: mmu04350; PMID:26893264","Secreted Signaling","Bmp2  - (Bmpr1a+Acvr2b)",FALSE,"Bmp2","TGF-beta","Secreted","Pharmaceutical, Disulfide bond, Differentiation, Secreted, Growth factor, Cytokine, Glycoprotein, Disease variant, Signal, Developmental protein, Reference proteome, Phosphoprotein, Cleavage on pair of basic residues, Osteogenesis, Chondrogenesis, 3D-structure, Dwarfism","cytokine;growth factor",FALSE,"Bmpr1a, Acvr2b","Protein kinase superfamily, TKL Ser/Thr protein kinase","Cell membrane, Cell surface","Membrane, Disulfide bond, Transmembrane, Kinase, ATP-binding, Receptor, Alternative splicing, Heterotaxy, Transferase, Glycoprotein, Manganese, Disease variant, Signal, Reference proteome, Metal-binding, Transmembrane helix, Cell membrane, Phosphoprotein, Serine/threonine-protein kinase, 3D-structure, Nucleotide-binding, Magnesium","Receptors","Act.TGFB;Kinase","","",TRUE,"CellChatDB v1"
"BMP2_BMPR1A_BMPR2","BMP","Bmp2","BMPR1A_BMPR2","","BMP antagonist","","BMP inhibition receptor","KEGG: mmu04350; PMID:26893264","Secreted Signaling","Bmp2  - (Bmpr1a+Bmpr2)",FALSE,"Bmp2","TGF-beta","Secreted","Pharmaceutical, Disulfide bond, Differentiation, Secreted, Growth factor, Cytokine, Glycoprotein, Disease variant, Signal, Developmental protein, Reference proteome, Phosphoprotein, Cleavage on pair of basic residues, Osteogenesis, Chondrogenesis, 3D-structure, Dwarfism","cytokine;growth factor",FALSE,"Bmpr1a, Bmpr2","Protein kinase superfamily, TKL Ser/Thr protein kinase","Cell membrane, Cell surface","Membrane, Disulfide bond, Transmembrane, Kinase, ATP-binding, Receptor, Alternative splicing, Transferase, Glycoprotein, Manganese, Disease variant, Signal, Reference proteome, Metal-binding, Transmembrane helix, Cell membrane, Phosphoprotein, Serine/threonine-protein kinase, 3D-structure, Nucleotide-binding, Magnesium","Receptors","Act.TGFB;Kinase","","",TRUE,"CellChatDB v1"
"BMP2_BMPR1B_ACVR2A","BMP","Bmp2","BMPR1B_ACVR2A","","BMP antagonist","","BMP inhibition receptor","KEGG: mmu04350; PMID:26893264","Secreted Signaling","Bmp2  - (Bmpr1b+Acvr2a)",FALSE,"Bmp2","TGF-beta","Secreted","Pharmaceutical, Disulfide bond, Differentiation, Secreted, Growth factor, Cytokine, Glycoprotein, Disease variant, Signal, Developmental protein, Reference proteome, Phosphoprotein, Cleavage on pair of basic residues, Osteogenesis, Chondrogenesis, 3D-structure, Dwarfism","cytokine;growth factor",FALSE,"Bmpr1b, Acvr2a","Protein kinase superfamily, TKL Ser/Thr protein kinase","Cell membrane, Membrane","Membrane, Disulfide bond, Transmembrane, Kinase, ATP-binding, Receptor, Alternative splicing, Transferase, Manganese, Disease variant, Signal, Reference proteome, Metal-binding, Transmembrane helix, Cell membrane, Serine/threonine-protein kinase, Chondrogenesis, 3D-structure, Nucleotide-binding, Dwarfism, Magnesium, Glycoprotein","Receptors","Act.TGFB;Kinase","","",TRUE,"CellChatDB v1"
"BMP2_BMPR1B_ACVR2B","BMP","Bmp2","BMPR1B_ACVR2B","","BMP antagonist","","BMP inhibition receptor","KEGG: mmu04350; PMID:26893264","Secreted Signaling","Bmp2  - (Bmpr1b+Acvr2b)",FALSE,"Bmp2","TGF-beta","Secreted","Pharmaceutical, Disulfide bond, Differentiation, Secreted, Growth factor, Cytokine, Glycoprotein, Disease variant, Signal, Developmental protein, Reference proteome, Phosphoprotein, Cleavage on pair of basic residues, Osteogenesis, Chondrogenesis, 3D-structure, Dwarfism","cytokine;growth factor",FALSE,"Bmpr1b, Acvr2b","Protein kinase superfamily, TKL Ser/Thr protein kinase","Cell membrane","Membrane, Disulfide bond, Transmembrane, Kinase, ATP-binding, Receptor, Alternative splicing, Transferase, Manganese, Disease variant, Signal, Reference proteome, Metal-binding, Transmembrane helix, Cell membrane, Serine/threonine-protein kinase, Chondrogenesis, 3D-structure, Nucleotide-binding, Dwarfism, Magnesium, Heterotaxy, Glycoprotein, Phosphoprotein","Receptors","Act.TGFB;Kinase","","",TRUE,"CellChatDB v1"
"BMP2_BMPR1B_BMPR2","BMP","Bmp2","BMPR1B_BMPR2","","BMP antagonist","","BMP inhibition receptor","KEGG: mmu04350; PMID:26893264","Secreted Signaling","Bmp2  - (Bmpr1b+Bmpr2)",FALSE,"Bmp2","TGF-beta","Secreted","Pharmaceutical, Disulfide bond, Differentiation, Secreted, Growth factor, Cytokine, Glycoprotein, Disease variant, Signal, Developmental protein, Reference proteome, Phosphoprotein, Cleavage on pair of basic residues, Osteogenesis, Chondrogenesis, 3D-structure, Dwarfism","cytokine;growth factor",FALSE,"Bmpr1b, Bmpr2","Protein kinase superfamily, TKL Ser/Thr protein kinase","Cell membrane","Membrane, Disulfide bond, Transmembrane, Kinase, ATP-binding, Receptor, Alternative splicing, Transferase, Manganese, Disease variant, Signal, Reference proteome, Metal-binding, Transmembrane helix, Cell membrane, Serine/threonine-protein kinase, Chondrogenesis, 3D-structure, Nucleotide-binding, Dwarfism, Magnesium, Glycoprotein, Phosphoprotein","Receptors","Act.TGFB;Kinase","","",TRUE,"CellChatDB v1"
"BMP4_BMPR1A_ACVR2A","BMP","Bmp4","BMPR1A_ACVR2A","","BMP antagonist","","BMP inhibition receptor","KEGG: mmu04350; PMID:26893264","Secreted Signaling","Bmp4  - (Bmpr1a+Acvr2a)",FALSE,"Bmp4","TGF-beta","Extracellular matrix, Secreted, Extracellular space","Disulfide bond, Differentiation, Secreted, Extracellular matrix, Growth factor, Cytokine, Glycoprotein, Disease variant, Microphthalmia, Signal, Developmental protein, Reference proteome, Phosphoprotein, Cleavage on pair of basic residues, Osteogenesis, Chondrogenesis","cytokine;growth factor",FALSE,"Bmpr1a, Acvr2a","Protein kinase superfamily, TKL Ser/Thr protein kinase","Membrane, Cell membrane, Cell surface","Membrane, Disulfide bond, Transmembrane, Kinase, ATP-binding, Receptor, Alternative splicing, Transferase, Glycoprotein, Manganese, Signal, Reference proteome, Metal-binding, Transmembrane helix, Serine/threonine-protein kinase, 3D-structure, Nucleotide-binding, Magnesium, Disease variant, Cell membrane","Receptors","Act.TGFB;Kinase","","",TRUE,"CellChatDB v1"
"BMP4_BMPR1A_ACVR2B","BMP","Bmp4","BMPR1A_ACVR2B","","BMP antagonist","","BMP inhibition receptor","KEGG: mmu04350; PMID:26893264","Secreted Signaling","Bmp4  - (Bmpr1a+Acvr2b)",FALSE,"Bmp4","TGF-beta","Extracellular matrix, Secreted, Extracellular space","Disulfide bond, Differentiation, Secreted, Extracellular matrix, Growth factor, Cytokine, Glycoprotein, Disease variant, Microphthalmia, Signal, Developmental protein, Reference proteome, Phosphoprotein, Cleavage on pair of basic residues, Osteogenesis, Chondrogenesis","cytokine;growth factor",FALSE,"Bmpr1a, Acvr2b","Protein kinase superfamily, TKL Ser/Thr protein kinase","Cell membrane, Cell surface","Membrane, Disulfide bond, Transmembrane, Kinase, ATP-binding, Receptor, Alternative splicing, Heterotaxy, Transferase, Glycoprotein, Manganese, Disease variant, Signal, Reference proteome, Metal-binding, Transmembrane helix, Cell membrane, Phosphoprotein, Serine/threonine-protein kinase, 3D-structure, Nucleotide-binding, Magnesium","Receptors","Act.TGFB;Kinase","","",TRUE,"CellChatDB v1"
"BMP4_BMPR1A_BMPR2","BMP","Bmp4","BMPR1A_BMPR2","","BMP antagonist","","BMP inhibition receptor","KEGG: mmu04350; PMID:26893264","Secreted Signaling","Bmp4  - (Bmpr1a+Bmpr2)",FALSE,"Bmp4","TGF-beta","Extracellular matrix, Secreted, Extracellular space","Disulfide bond, Differentiation, Secreted, Extracellular matrix, Growth factor, Cytokine, Glycoprotein, Disease variant, Microphthalmia, Signal, Developmental protein, Reference proteome, Phosphoprotein, Cleavage on pair of basic residues, Osteogenesis, Chondrogenesis","cytokine;growth factor",FALSE,"Bmpr1a, Bmpr2","Protein kinase superfamily, TKL Ser/Thr protein kinase","Cell membrane, Cell surface","Membrane, Disulfide bond, Transmembrane, Kinase, ATP-binding, Receptor, Alternative splicing, Transferase, Glycoprotein, Manganese, Disease variant, Signal, Reference proteome, Metal-binding, Transmembrane helix, Cell membrane, Phosphoprotein, Serine/threonine-protein kinase, 3D-structure, Nucleotide-binding, Magnesium","Receptors","Act.TGFB;Kinase","","",TRUE,"CellChatDB v1"
"BMP4_BMPR1B_ACVR2A","BMP","Bmp4","BMPR1B_ACVR2A","","BMP antagonist","","BMP inhibition receptor","KEGG: mmu04350; PMID:26893264","Secreted Signaling","Bmp4  - (Bmpr1b+Acvr2a)",FALSE,"Bmp4","TGF-beta","Extracellular matrix, Secreted, Extracellular space","Disulfide bond, Differentiation, Secreted, Extracellular matrix, Growth factor, Cytokine, Glycoprotein, Disease variant, Microphthalmia, Signal, Developmental protein, Reference proteome, Phosphoprotein, Cleavage on pair of basic residues, Osteogenesis, Chondrogenesis","cytokine;growth factor",FALSE,"Bmpr1b, Acvr2a","Protein kinase superfamily, TKL Ser/Thr protein kinase","Cell membrane, Membrane","Membrane, Disulfide bond, Transmembrane, Kinase, ATP-binding, Receptor, Alternative splicing, Transferase, Manganese, Disease variant, Signal, Reference proteome, Metal-binding, Transmembrane helix, Cell membrane, Serine/threonine-protein kinase, Chondrogenesis, 3D-structure, Nucleotide-binding, Dwarfism, Magnesium, Glycoprotein","Receptors","Act.TGFB;Kinase","","",TRUE,"CellChatDB v1"
"BMP4_BMPR1B_ACVR2B","BMP","Bmp4","BMPR1B_ACVR2B","","BMP antagonist","","BMP inhibition receptor","KEGG: mmu04350; PMID:26893264","Secreted Signaling","Bmp4  - (Bmpr1b+Acvr2b)",FALSE,"Bmp4","TGF-beta","Extracellular matrix, Secreted, Extracellular space","Disulfide bond, Differentiation, Secreted, Extracellular matrix, Growth factor, Cytokine, Glycoprotein, Disease variant, Microphthalmia, Signal, Developmental protein, Reference proteome, Phosphoprotein, Cleavage on pair of basic residues, Osteogenesis, Chondrogenesis","cytokine;growth factor",FALSE,"Bmpr1b, Acvr2b","Protein kinase superfamily, TKL Ser/Thr protein kinase","Cell membrane","Membrane, Disulfide bond, Transmembrane, Kinase, ATP-binding, Receptor, Alternative splicing, Transferase, Manganese, Disease variant, Signal, Reference proteome, Metal-binding, Transmembrane helix, Cell membrane, Serine/threonine-protein kinase, Chondrogenesis, 3D-structure, Nucleotide-binding, Dwarfism, Magnesium, Heterotaxy, Glycoprotein, Phosphoprotein","Receptors","Act.TGFB;Kinase","","",TRUE,"CellChatDB v1"
"BMP4_BMPR1B_BMPR2","BMP","Bmp4","BMPR1B_BMPR2","","BMP antagonist","","BMP inhibition receptor","KEGG: mmu04350; PMID:26893264","Secreted Signaling","Bmp4  - (Bmpr1b+Bmpr2)",FALSE,"Bmp4","TGF-beta","Extracellular matrix, Secreted, Extracellular space","Disulfide bond, Differentiation, Secreted, Extracellular matrix, Growth factor, Cytokine, Glycoprotein, Disease variant, Microphthalmia, Signal, Developmental protein, Reference proteome, Phosphoprotein, Cleavage on pair of basic residues, Osteogenesis, Chondrogenesis","cytokine;growth factor",FALSE,"Bmpr1b, Bmpr2","Protein kinase superfamily, TKL Ser/Thr protein kinase","Cell membrane","Membrane, Disulfide bond, Transmembrane, Kinase, ATP-binding, Receptor, Alternative splicing, Transferase, Manganese, Disease variant, Signal, Reference proteome, Metal-binding, Transmembrane helix, Cell membrane, Serine/threonine-protein kinase, Chondrogenesis, 3D-structure, Nucleotide-binding, Dwarfism, Magnesium, Glycoprotein, Phosphoprotein","Receptors","Act.TGFB;Kinase","","",TRUE,"CellChatDB v1"
"BMP5_ACVR1_ACVR2A","BMP","Bmp5","ACVR1_ACVR2A","","BMP antagonist","","BMP inhibition receptor","KEGG: mmu04350; PMID:26893264","Secreted Signaling","Bmp5  - (Acvr1+Acvr2a)",FALSE,"Bmp5","TGF-beta","Secreted","Signal, Developmental protein, Reference proteome, Disulfide bond, Differentiation, Secreted, Growth factor, Cleavage on pair of basic residues, Osteogenesis, Alternative splicing, Chondrogenesis, Cytokine, Glycoprotein","cytokine;growth factor",FALSE,"Acvr1, Acvr2a","Protein kinase superfamily, TKL Ser/Thr protein kinase","Membrane","Membrane, Transmembrane, Kinase, ATP-binding, Receptor, Transferase, Glycoprotein, Manganese, Disease variant, Signal, Reference proteome, Metal-binding, Transmembrane helix, Phosphoprotein, Serine/threonine-protein kinase, 3D-structure, Nucleotide-binding, Magnesium, Disulfide bond, Alternative splicing","Receptors","Act.TGFB;Kinase","","",TRUE,"CellChatDB v1"
"BMP5_ACVR1_ACVR2B","BMP","Bmp5","ACVR1_ACVR2B","","BMP antagonist","","BMP inhibition receptor","KEGG: mmu04350; PMID:26893264","Secreted Signaling","Bmp5  - (Acvr1+Acvr2b)",FALSE,"Bmp5","TGF-beta","Secreted","Signal, Developmental protein, Reference proteome, Disulfide bond, Differentiation, Secreted, Growth factor, Cleavage on pair of basic residues, Osteogenesis, Alternative splicing, Chondrogenesis, Cytokine, Glycoprotein","cytokine;growth factor",FALSE,"Acvr1, Acvr2b","Protein kinase superfamily, TKL Ser/Thr protein kinase","Membrane, Cell membrane","Membrane, Transmembrane, Kinase, ATP-binding, Receptor, Transferase, Glycoprotein, Manganese, Disease variant, Signal, Reference proteome, Metal-binding, Transmembrane helix, Phosphoprotein, Serine/threonine-protein kinase, 3D-structure, Nucleotide-binding, Magnesium, Disulfide bond, Alternative splicing, Heterotaxy, Cell membrane","Receptors","Act.TGFB;Kinase","","",TRUE,"CellChatDB v1"
"BMP5_ACVR1_BMPR2","BMP","Bmp5","ACVR1_BMPR2","","BMP antagonist","","BMP inhibition receptor","KEGG: mmu04350; PMID:26893264","Secreted Signaling","Bmp5  - (Acvr1+Bmpr2)",FALSE,"Bmp5","TGF-beta","Secreted","Signal, Developmental protein, Reference proteome, Disulfide bond, Differentiation, Secreted, Growth factor, Cleavage on pair of basic residues, Osteogenesis, Alternative splicing, Chondrogenesis, Cytokine, Glycoprotein","cytokine;growth factor",FALSE,"Acvr1, Bmpr2","Protein kinase superfamily, TKL Ser/Thr protein kinase","Cell membrane, Membrane","Membrane, Disulfide bond, Transmembrane, Kinase, ATP-binding, Receptor, Alternative splicing, Transferase, Glycoprotein, Manganese, Disease variant, Signal, Reference proteome, Metal-binding, Transmembrane helix, Cell membrane, Phosphoprotein, Serine/threonine-protein kinase, 3D-structure, Nucleotide-binding, Magnesium","Receptors","Act.TGFB;Kinase","","",TRUE,"CellChatDB v1"
"BMP5_BMPR1A_ACVR2A","BMP","Bmp5","BMPR1A_ACVR2A","","BMP antagonist","","BMP inhibition receptor","KEGG: mmu04350; PMID:26893264","Secreted Signaling","Bmp5  - (Bmpr1a+Acvr2a)",FALSE,"Bmp5","TGF-beta","Secreted","Signal, Developmental protein, Reference proteome, Disulfide bond, Differentiation, Secreted, Growth factor, Cleavage on pair of basic residues, Osteogenesis, Alternative splicing, Chondrogenesis, Cytokine, Glycoprotein","cytokine;growth factor",FALSE,"Bmpr1a, Acvr2a","Protein kinase superfamily, TKL Ser/Thr protein kinase","Membrane, Cell membrane, Cell surface","Membrane, Disulfide bond, Transmembrane, Kinase, ATP-binding, Receptor, Alternative splicing, Transferase, Glycoprotein, Manganese, Signal, Reference proteome, Metal-binding, Transmembrane helix, Serine/threonine-protein kinase, 3D-structure, Nucleotide-binding, Magnesium, Disease variant, Cell membrane","Receptors","Act.TGFB;Kinase","","",TRUE,"CellChatDB v1"
"BMP5_BMPR1A_ACVR2B","BMP","Bmp5","BMPR1A_ACVR2B","","BMP antagonist","","BMP inhibition receptor","KEGG: mmu04350; PMID:26893264","Secreted Signaling","Bmp5  - (Bmpr1a+Acvr2b)",FALSE,"Bmp5","TGF-beta","Secreted","Signal, Developmental protein, Reference proteome, Disulfide bond, Differentiation, Secreted, Growth factor, Cleavage on pair of basic residues, Osteogenesis, Alternative splicing, Chondrogenesis, Cytokine, Glycoprotein","cytokine;growth factor",FALSE,"Bmpr1a, Acvr2b","Protein kinase superfamily, TKL Ser/Thr protein kinase","Cell membrane, Cell surface","Membrane, Disulfide bond, Transmembrane, Kinase, ATP-binding, Receptor, Alternative splicing, Heterotaxy, Transferase, Glycoprotein, Manganese, Disease variant, Signal, Reference proteome, Metal-binding, Transmembrane helix, Cell membrane, Phosphoprotein, Serine/threonine-protein kinase, 3D-structure, Nucleotide-binding, Magnesium","Receptors","Act.TGFB;Kinase","","",TRUE,"CellChatDB v1"
"BMP5_BMPR1A_BMPR2","BMP","Bmp5","BMPR1A_BMPR2","","BMP antagonist","","BMP inhibition receptor","KEGG: mmu04350; PMID:26893264","Secreted Signaling","Bmp5  - (Bmpr1a+Bmpr2)",FALSE,"Bmp5","TGF-beta","Secreted","Signal, Developmental protein, Reference proteome, Disulfide bond, Differentiation, Secreted, Growth factor, Cleavage on pair of basic residues, Osteogenesis, Alternative splicing, Chondrogenesis, Cytokine, Glycoprotein","cytokine;growth factor",FALSE,"Bmpr1a, Bmpr2","Protein kinase superfamily, TKL Ser/Thr protein kinase","Cell membrane, Cell surface","Membrane, Disulfide bond, Transmembrane, Kinase, ATP-binding, Receptor, Alternative splicing, Transferase, Glycoprotein, Manganese, Disease variant, Signal, Reference proteome, Metal-binding, Transmembrane helix, Cell membrane, Phosphoprotein, Serine/threonine-protein kinase, 3D-structure, Nucleotide-binding, Magnesium","Receptors","Act.TGFB;Kinase","","",TRUE,"CellChatDB v1"
"BMP5_BMPR1B_ACVR2A","BMP","Bmp5","BMPR1B_ACVR2A","","BMP antagonist","","BMP inhibition receptor","KEGG: mmu04350; PMID:26893264","Secreted Signaling","Bmp5  - (Bmpr1b+Acvr2a)",FALSE,"Bmp5","TGF-beta","Secreted","Signal, Developmental protein, Reference proteome, Disulfide bond, Differentiation, Secreted, Growth factor, Cleavage on pair of basic residues, Osteogenesis, Alternative splicing, Chondrogenesis, Cytokine, Glycoprotein","cytokine;growth factor",FALSE,"Bmpr1b, Acvr2a","Protein kinase superfamily, TKL Ser/Thr protein kinase","Cell membrane, Membrane","Membrane, Disulfide bond, Transmembrane, Kinase, ATP-binding, Receptor, Alternative splicing, Transferase, Manganese, Disease variant, Signal, Reference proteome, Metal-binding, Transmembrane helix, Cell membrane, Serine/threonine-protein kinase, Chondrogenesis, 3D-structure, Nucleotide-binding, Dwarfism, Magnesium, Glycoprotein","Receptors","Act.TGFB;Kinase","","",TRUE,"CellChatDB v1"
"BMP5_BMPR1B_ACVR2B","BMP","Bmp5","BMPR1B_ACVR2B","","BMP antagonist","","BMP inhibition receptor","KEGG: mmu04350; PMID:26893264","Secreted Signaling","Bmp5  - (Bmpr1b+Acvr2b)",FALSE,"Bmp5","TGF-beta","Secreted","Signal, Developmental protein, Reference proteome, Disulfide bond, Differentiation, Secreted, Growth factor, Cleavage on pair of basic residues, Osteogenesis, Alternative splicing, Chondrogenesis, Cytokine, Glycoprotein","cytokine;growth factor",FALSE,"Bmpr1b, Acvr2b","Protein kinase superfamily, TKL Ser/Thr protein kinase","Cell membrane","Membrane, Disulfide bond, Transmembrane, Kinase, ATP-binding, Receptor, Alternative splicing, Transferase, Manganese, Disease variant, Signal, Reference proteome, Metal-binding, Transmembrane helix, Cell membrane, Serine/threonine-protein kinase, Chondrogenesis, 3D-structure, Nucleotide-binding, Dwarfism, Magnesium, Heterotaxy, Glycoprotein, Phosphoprotein","Receptors","Act.TGFB;Kinase","","",TRUE,"CellChatDB v1"
"BMP5_BMPR1B_BMPR2","BMP","Bmp5","BMPR1B_BMPR2","","BMP antagonist","","BMP inhibition receptor","KEGG: mmu04350; PMID:26893264","Secreted Signaling","Bmp5  - (Bmpr1b+Bmpr2)",FALSE,"Bmp5","TGF-beta","Secreted","Signal, Developmental protein, Reference proteome, Disulfide bond, Differentiation, Secreted, Growth factor, Cleavage on pair of basic residues, Osteogenesis, Alternative splicing, Chondrogenesis, Cytokine, Glycoprotein","cytokine;growth factor",FALSE,"Bmpr1b, Bmpr2","Protein kinase superfamily, TKL Ser/Thr protein kinase","Cell membrane","Membrane, Disulfide bond, Transmembrane, Kinase, ATP-binding, Receptor, Alternative splicing, Transferase, Manganese, Disease variant, Signal, Reference proteome, Metal-binding, Transmembrane helix, Cell membrane, Serine/threonine-protein kinase, Chondrogenesis, 3D-structure, Nucleotide-binding, Dwarfism, Magnesium, Glycoprotein, Phosphoprotein","Receptors","Act.TGFB;Kinase","","",TRUE,"CellChatDB v1"
"BMP6_ACVR1_ACVR2A","BMP","Bmp6","ACVR1_ACVR2A","","BMP antagonist","","BMP inhibition receptor","KEGG: mmu04350; PMID:26893264","Secreted Signaling","Bmp6  - (Acvr1+Acvr2a)",FALSE,"Bmp6","TGF-beta","Secreted","Signal, Developmental protein, Reference proteome, Disulfide bond, Differentiation, Secreted, Growth factor, Cleavage on pair of basic residues, Osteogenesis, Chondrogenesis, 3D-structure, Cytokine, Glycoprotein","cytokine;growth factor",FALSE,"Acvr1, Acvr2a","Protein kinase superfamily, TKL Ser/Thr protein kinase","Membrane","Membrane, Transmembrane, Kinase, ATP-binding, Receptor, Transferase, Glycoprotein, Manganese, Disease variant, Signal, Reference proteome, Metal-binding, Transmembrane helix, Phosphoprotein, Serine/threonine-protein kinase, 3D-structure, Nucleotide-binding, Magnesium, Disulfide bond, Alternative splicing","Receptors","Act.TGFB;Kinase","","",TRUE,"CellChatDB v1"
"BMP6_ACVR1_ACVR2B","BMP","Bmp6","ACVR1_ACVR2B","","BMP antagonist","","BMP inhibition receptor","KEGG: mmu04350; PMID:26893264","Secreted Signaling","Bmp6  - (Acvr1+Acvr2b)",FALSE,"Bmp6","TGF-beta","Secreted","Signal, Developmental protein, Reference proteome, Disulfide bond, Differentiation, Secreted, Growth factor, Cleavage on pair of basic residues, Osteogenesis, Chondrogenesis, 3D-structure, Cytokine, Glycoprotein","cytokine;growth factor",FALSE,"Acvr1, Acvr2b","Protein kinase superfamily, TKL Ser/Thr protein kinase","Membrane, Cell membrane","Membrane, Transmembrane, Kinase, ATP-binding, Receptor, Transferase, Glycoprotein, Manganese, Disease variant, Signal, Reference proteome, Metal-binding, Transmembrane helix, Phosphoprotein, Serine/threonine-protein kinase, 3D-structure, Nucleotide-binding, Magnesium, Disulfide bond, Alternative splicing, Heterotaxy, Cell membrane","Receptors","Act.TGFB;Kinase","","",TRUE,"CellChatDB v1"
"BMP6_ACVR1_BMPR2","BMP","Bmp6","ACVR1_BMPR2","","BMP antagonist","","BMP inhibition receptor","KEGG: mmu04350; PMID:26893264","Secreted Signaling","Bmp6  - (Acvr1+Bmpr2)",FALSE,"Bmp6","TGF-beta","Secreted","Signal, Developmental protein, Reference proteome, Disulfide bond, Differentiation, Secreted, Growth factor, Cleavage on pair of basic residues, Osteogenesis, Chondrogenesis, 3D-structure, Cytokine, Glycoprotein","cytokine;growth factor",FALSE,"Acvr1, Bmpr2","Protein kinase superfamily, TKL Ser/Thr protein kinase","Cell membrane, Membrane","Membrane, Disulfide bond, Transmembrane, Kinase, ATP-binding, Receptor, Alternative splicing, Transferase, Glycoprotein, Manganese, Disease variant, Signal, Reference proteome, Metal-binding, Transmembrane helix, Cell membrane, Phosphoprotein, Serine/threonine-protein kinase, 3D-structure, Nucleotide-binding, Magnesium","Receptors","Act.TGFB;Kinase","","",TRUE,"CellChatDB v1"
"BMP6_BMPR1A_ACVR2A","BMP","Bmp6","BMPR1A_ACVR2A","","BMP antagonist","","BMP inhibition receptor","KEGG: mmu04350; PMID:26893264","Secreted Signaling","Bmp6  - (Bmpr1a+Acvr2a)",FALSE,"Bmp6","TGF-beta","Secreted","Signal, Developmental protein, Reference proteome, Disulfide bond, Differentiation, Secreted, Growth factor, Cleavage on pair of basic residues, Osteogenesis, Chondrogenesis, 3D-structure, Cytokine, Glycoprotein","cytokine;growth factor",FALSE,"Bmpr1a, Acvr2a","Protein kinase superfamily, TKL Ser/Thr protein kinase","Membrane, Cell membrane, Cell surface","Membrane, Disulfide bond, Transmembrane, Kinase, ATP-binding, Receptor, Alternative splicing, Transferase, Glycoprotein, Manganese, Signal, Reference proteome, Metal-binding, Transmembrane helix, Serine/threonine-protein kinase, 3D-structure, Nucleotide-binding, Magnesium, Disease variant, Cell membrane","Receptors","Act.TGFB;Kinase","","",TRUE,"CellChatDB v1"
"BMP6_BMPR1A_ACVR2B","BMP","Bmp6","BMPR1A_ACVR2B","","BMP antagonist","","BMP inhibition receptor","KEGG: mmu04350; PMID:26893264","Secreted Signaling","Bmp6  - (Bmpr1a+Acvr2b)",FALSE,"Bmp6","TGF-beta","Secreted","Signal, Developmental protein, Reference proteome, Disulfide bond, Differentiation, Secreted, Growth factor, Cleavage on pair of basic residues, Osteogenesis, Chondrogenesis, 3D-structure, Cytokine, Glycoprotein","cytokine;growth factor",FALSE,"Bmpr1a, Acvr2b","Protein kinase superfamily, TKL Ser/Thr protein kinase","Cell membrane, Cell surface","Membrane, Disulfide bond, Transmembrane, Kinase, ATP-binding, Receptor, Alternative splicing, Heterotaxy, Transferase, Glycoprotein, Manganese, Disease variant, Signal, Reference proteome, Metal-binding, Transmembrane helix, Cell membrane, Phosphoprotein, Serine/threonine-protein kinase, 3D-structure, Nucleotide-binding, Magnesium","Receptors","Act.TGFB;Kinase","","",TRUE,"CellChatDB v1"
"BMP6_BMPR1A_BMPR2","BMP","Bmp6","BMPR1A_BMPR2","","BMP antagonist","","BMP inhibition receptor","KEGG: mmu04350; PMID:26893264","Secreted Signaling","Bmp6  - (Bmpr1a+Bmpr2)",FALSE,"Bmp6","TGF-beta","Secreted","Signal, Developmental protein, Reference proteome, Disulfide bond, Differentiation, Secreted, Growth factor, Cleavage on pair of basic residues, Osteogenesis, Chondrogenesis, 3D-structure, Cytokine, Glycoprotein","cytokine;growth factor",FALSE,"Bmpr1a, Bmpr2","Protein kinase superfamily, TKL Ser/Thr protein kinase","Cell membrane, Cell surface","Membrane, Disulfide bond, Transmembrane, Kinase, ATP-binding, Receptor, Alternative splicing, Transferase, Glycoprotein, Manganese, Disease variant, Signal, Reference proteome, Metal-binding, Transmembrane helix, Cell membrane, Phosphoprotein, Serine/threonine-protein kinase, 3D-structure, Nucleotide-binding, Magnesium","Receptors","Act.TGFB;Kinase","","",TRUE,"CellChatDB v1"
"BMP6_BMPR1B_ACVR2A","BMP","Bmp6","BMPR1B_ACVR2A","","BMP antagonist","","BMP inhibition receptor","KEGG: mmu04350; PMID:26893264","Secreted Signaling","Bmp6  - (Bmpr1b+Acvr2a)",FALSE,"Bmp6","TGF-beta","Secreted","Signal, Developmental protein, Reference proteome, Disulfide bond, Differentiation, Secreted, Growth factor, Cleavage on pair of basic residues, Osteogenesis, Chondrogenesis, 3D-structure, Cytokine, Glycoprotein","cytokine;growth factor",FALSE,"Bmpr1b, Acvr2a","Protein kinase superfamily, TKL Ser/Thr protein kinase","Cell membrane, Membrane","Membrane, Disulfide bond, Transmembrane, Kinase, ATP-binding, Receptor, Alternative splicing, Transferase, Manganese, Disease variant, Signal, Reference proteome, Metal-binding, Transmembrane helix, Cell membrane, Serine/threonine-protein kinase, Chondrogenesis, 3D-structure, Nucleotide-binding, Dwarfism, Magnesium, Glycoprotein","Receptors","Act.TGFB;Kinase","","",TRUE,"CellChatDB v1"
"BMP6_BMPR1B_ACVR2B","BMP","Bmp6","BMPR1B_ACVR2B","","BMP antagonist","","BMP inhibition receptor","KEGG: mmu04350; PMID:26893264","Secreted Signaling","Bmp6  - (Bmpr1b+Acvr2b)",FALSE,"Bmp6","TGF-beta","Secreted","Signal, Developmental protein, Reference proteome, Disulfide bond, Differentiation, Secreted, Growth factor, Cleavage on pair of basic residues, Osteogenesis, Chondrogenesis, 3D-structure, Cytokine, Glycoprotein","cytokine;growth factor",FALSE,"Bmpr1b, Acvr2b","Protein kinase superfamily, TKL Ser/Thr protein kinase","Cell membrane","Membrane, Disulfide bond, Transmembrane, Kinase, ATP-binding, Receptor, Alternative splicing, Transferase, Manganese, Disease variant, Signal, Reference proteome, Metal-binding, Transmembrane helix, Cell membrane, Serine/threonine-protein kinase, Chondrogenesis, 3D-structure, Nucleotide-binding, Dwarfism, Magnesium, Heterotaxy, Glycoprotein, Phosphoprotein","Receptors","Act.TGFB;Kinase","","",TRUE,"CellChatDB v1"
"BMP6_BMPR1B_BMPR2","BMP","Bmp6","BMPR1B_BMPR2","","BMP antagonist","","BMP inhibition receptor","KEGG: mmu04350; PMID:26893264","Secreted Signaling","Bmp6  - (Bmpr1b+Bmpr2)",FALSE,"Bmp6","TGF-beta","Secreted","Signal, Developmental protein, Reference proteome, Disulfide bond, Differentiation, Secreted, Growth factor, Cleavage on pair of basic residues, Osteogenesis, Chondrogenesis, 3D-structure, Cytokine, Glycoprotein","cytokine;growth factor",FALSE,"Bmpr1b, Bmpr2","Protein kinase superfamily, TKL Ser/Thr protein kinase","Cell membrane","Membrane, Disulfide bond, Transmembrane, Kinase, ATP-binding, Receptor, Alternative splicing, Transferase, Manganese, Disease variant, Signal, Reference proteome, Metal-binding, Transmembrane helix, Cell membrane, Serine/threonine-protein kinase, Chondrogenesis, 3D-structure, Nucleotide-binding, Dwarfism, Magnesium, Glycoprotein, Phosphoprotein","Receptors","Act.TGFB;Kinase","","",TRUE,"CellChatDB v1"
"BMP7_ACVR1_ACVR2A","BMP","Bmp7","ACVR1_ACVR2A","","BMP antagonist","","BMP inhibition receptor","KEGG: mmu04350; PMID:26893264","Secreted Signaling","Bmp7  - (Acvr1+Acvr2a)",FALSE,"Bmp7","TGF-beta","Secreted","Signal, Developmental protein, Reference proteome, Pharmaceutical, Disulfide bond, Differentiation, Secreted, Growth factor, Direct protein sequencing, Osteogenesis, Chondrogenesis, 3D-structure, Cytokine, Glycoprotein","cytokine;growth factor",FALSE,"Acvr1, Acvr2a","Protein kinase superfamily, TKL Ser/Thr protein kinase","Membrane","Membrane, Transmembrane, Kinase, ATP-binding, Receptor, Transferase, Glycoprotein, Manganese, Disease variant, Signal, Reference proteome, Metal-binding, Transmembrane helix, Phosphoprotein, Serine/threonine-protein kinase, 3D-structure, Nucleotide-binding, Magnesium, Disulfide bond, Alternative splicing","Receptors","Act.TGFB;Kinase","","",TRUE,"CellChatDB v1"
"BMP7_ACVR1_ACVR2B","BMP","Bmp7","ACVR1_ACVR2B","","BMP antagonist","","BMP inhibition receptor","KEGG: mmu04350; PMID:26893264","Secreted Signaling","Bmp7  - (Acvr1+Acvr2b)",FALSE,"Bmp7","TGF-beta","Secreted","Signal, Developmental protein, Reference proteome, Pharmaceutical, Disulfide bond, Differentiation, Secreted, Growth factor, Direct protein sequencing, Osteogenesis, Chondrogenesis, 3D-structure, Cytokine, Glycoprotein","cytokine;growth factor",FALSE,"Acvr1, Acvr2b","Protein kinase superfamily, TKL Ser/Thr protein kinase","Membrane, Cell membrane","Membrane, Transmembrane, Kinase, ATP-binding, Receptor, Transferase, Glycoprotein, Manganese, Disease variant, Signal, Reference proteome, Metal-binding, Transmembrane helix, Phosphoprotein, Serine/threonine-protein kinase, 3D-structure, Nucleotide-binding, Magnesium, Disulfide bond, Alternative splicing, Heterotaxy, Cell membrane","Receptors","Act.TGFB;Kinase","","",TRUE,"CellChatDB v1"
"BMP7_ACVR1_BMPR2","BMP","Bmp7","ACVR1_BMPR2","","BMP antagonist","","BMP inhibition receptor","KEGG: mmu04350; PMID:26893264","Secreted Signaling","Bmp7  - (Acvr1+Bmpr2)",FALSE,"Bmp7","TGF-beta","Secreted","Signal, Developmental protein, Reference proteome, Pharmaceutical, Disulfide bond, Differentiation, Secreted, Growth factor, Direct protein sequencing, Osteogenesis, Chondrogenesis, 3D-structure, Cytokine, Glycoprotein","cytokine;growth factor",FALSE,"Acvr1, Bmpr2","Protein kinase superfamily, TKL Ser/Thr protein kinase","Cell membrane, Membrane","Membrane, Disulfide bond, Transmembrane, Kinase, ATP-binding, Receptor, Alternative splicing, Transferase, Glycoprotein, Manganese, Disease variant, Signal, Reference proteome, Metal-binding, Transmembrane helix, Cell membrane, Phosphoprotein, Serine/threonine-protein kinase, 3D-structure, Nucleotide-binding, Magnesium","Receptors","Act.TGFB;Kinase","","",TRUE,"CellChatDB v1"
"BMP7_BMPR1A_ACVR2A","BMP","Bmp7","BMPR1A_ACVR2A","","BMP antagonist","","BMP inhibition receptor","KEGG: mmu04350; PMID:26893264","Secreted Signaling","Bmp7  - (Bmpr1a+Acvr2a)",FALSE,"Bmp7","TGF-beta","Secreted","Signal, Developmental protein, Reference proteome, Pharmaceutical, Disulfide bond, Differentiation, Secreted, Growth factor, Direct protein sequencing, Osteogenesis, Chondrogenesis, 3D-structure, Cytokine, Glycoprotein","cytokine;growth factor",FALSE,"Bmpr1a, Acvr2a","Protein kinase superfamily, TKL Ser/Thr protein kinase","Membrane, Cell membrane, Cell surface","Membrane, Disulfide bond, Transmembrane, Kinase, ATP-binding, Receptor, Alternative splicing, Transferase, Glycoprotein, Manganese, Signal, Reference proteome, Metal-binding, Transmembrane helix, Serine/threonine-protein kinase, 3D-structure, Nucleotide-binding, Magnesium, Disease variant, Cell membrane","Receptors","Act.TGFB;Kinase","","",TRUE,"CellChatDB v1"
"BMP7_BMPR1A_ACVR2B","BMP","Bmp7","BMPR1A_ACVR2B","","BMP antagonist","","BMP inhibition receptor","KEGG: mmu04350; PMID:26893264","Secreted Signaling","Bmp7  - (Bmpr1a+Acvr2b)",FALSE,"Bmp7","TGF-beta","Secreted","Signal, Developmental protein, Reference proteome, Pharmaceutical, Disulfide bond, Differentiation, Secreted, Growth factor, Direct protein sequencing, Osteogenesis, Chondrogenesis, 3D-structure, Cytokine, Glycoprotein","cytokine;growth factor",FALSE,"Bmpr1a, Acvr2b","Protein kinase superfamily, TKL Ser/Thr protein kinase","Cell membrane, Cell surface","Membrane, Disulfide bond, Transmembrane, Kinase, ATP-binding, Receptor, Alternative splicing, Heterotaxy, Transferase, Glycoprotein, Manganese, Disease variant, Signal, Reference proteome, Metal-binding, Transmembrane helix, Cell membrane, Phosphoprotein, Serine/threonine-protein kinase, 3D-structure, Nucleotide-binding, Magnesium","Receptors","Act.TGFB;Kinase","","",TRUE,"CellChatDB v1"
"BMP7_BMPR1A_BMPR2","BMP","Bmp7","BMPR1A_BMPR2","","BMP antagonist","","BMP inhibition receptor","KEGG: mmu04350; PMID:26893264","Secreted Signaling","Bmp7  - (Bmpr1a+Bmpr2)",FALSE,"Bmp7","TGF-beta","Secreted","Signal, Developmental protein, Reference proteome, Pharmaceutical, Disulfide bond, Differentiation, Secreted, Growth factor, Direct protein sequencing, Osteogenesis, Chondrogenesis, 3D-structure, Cytokine, Glycoprotein","cytokine;growth factor",FALSE,"Bmpr1a, Bmpr2","Protein kinase superfamily, TKL Ser/Thr protein kinase","Cell membrane, Cell surface","Membrane, Disulfide bond, Transmembrane, Kinase, ATP-binding, Receptor, Alternative splicing, Transferase, Glycoprotein, Manganese, Disease variant, Signal, Reference proteome, Metal-binding, Transmembrane helix, Cell membrane, Phosphoprotein, Serine/threonine-protein kinase, 3D-structure, Nucleotide-binding, Magnesium","Receptors","Act.TGFB;Kinase","","",TRUE,"CellChatDB v1"
"BMP7_BMPR1B_ACVR2A","BMP","Bmp7","BMPR1B_ACVR2A","","BMP antagonist","","BMP inhibition receptor","KEGG: mmu04350; PMID:26893264","Secreted Signaling","Bmp7  - (Bmpr1b+Acvr2a)",FALSE,"Bmp7","TGF-beta","Secreted","Signal, Developmental protein, Reference proteome, Pharmaceutical, Disulfide bond, Differentiation, Secreted, Growth factor, Direct protein sequencing, Osteogenesis, Chondrogenesis, 3D-structure, Cytokine, Glycoprotein","cytokine;growth factor",FALSE,"Bmpr1b, Acvr2a","Protein kinase superfamily, TKL Ser/Thr protein kinase","Cell membrane, Membrane","Membrane, Disulfide bond, Transmembrane, Kinase, ATP-binding, Receptor, Alternative splicing, Transferase, Manganese, Disease variant, Signal, Reference proteome, Metal-binding, Transmembrane helix, Cell membrane, Serine/threonine-protein kinase, Chondrogenesis, 3D-structure, Nucleotide-binding, Dwarfism, Magnesium, Glycoprotein","Receptors","Act.TGFB;Kinase","","",TRUE,"CellChatDB v1"
"BMP7_BMPR1B_ACVR2B","BMP","Bmp7","BMPR1B_ACVR2B","","BMP antagonist","","BMP inhibition receptor","KEGG: mmu04350; PMID:26893264","Secreted Signaling","Bmp7  - (Bmpr1b+Acvr2b)",FALSE,"Bmp7","TGF-beta","Secreted","Signal, Developmental protein, Reference proteome, Pharmaceutical, Disulfide bond, Differentiation, Secreted, Growth factor, Direct protein sequencing, Osteogenesis, Chondrogenesis, 3D-structure, Cytokine, Glycoprotein","cytokine;growth factor",FALSE,"Bmpr1b, Acvr2b","Protein kinase superfamily, TKL Ser/Thr protein kinase","Cell membrane","Membrane, Disulfide bond, Transmembrane, Kinase, ATP-binding, Receptor, Alternative splicing, Transferase, Manganese, Disease variant, Signal, Reference proteome, Metal-binding, Transmembrane helix, Cell membrane, Serine/threonine-protein kinase, Chondrogenesis, 3D-structure, Nucleotide-binding, Dwarfism, Magnesium, Heterotaxy, Glycoprotein, Phosphoprotein","Receptors","Act.TGFB;Kinase","","",TRUE,"CellChatDB v1"
"BMP7_BMPR1B_BMPR2","BMP","Bmp7","BMPR1B_BMPR2","","BMP antagonist","","BMP inhibition receptor","KEGG: mmu04350; PMID:26893264","Secreted Signaling","Bmp7  - (Bmpr1b+Bmpr2)",FALSE,"Bmp7","TGF-beta","Secreted","Signal, Developmental protein, Reference proteome, Pharmaceutical, Disulfide bond, Differentiation, Secreted, Growth factor, Direct protein sequencing, Osteogenesis, Chondrogenesis, 3D-structure, Cytokine, Glycoprotein","cytokine;growth factor",FALSE,"Bmpr1b, Bmpr2","Protein kinase superfamily, TKL Ser/Thr protein kinase","Cell membrane","Membrane, Disulfide bond, Transmembrane, Kinase, ATP-binding, Receptor, Alternative splicing, Transferase, Manganese, Disease variant, Signal, Reference proteome, Metal-binding, Transmembrane helix, Cell membrane, Serine/threonine-protein kinase, Chondrogenesis, 3D-structure, Nucleotide-binding, Dwarfism, Magnesium, Glycoprotein, Phosphoprotein","Receptors","Act.TGFB;Kinase","","",TRUE,"CellChatDB v1"
"GDF11_TGFBR1_ACVR2A","GDF","Gdf11","TGFBR1_ACVR2A","","","","","KEGG: mmu04350","Secreted Signaling","Gdf11  - (Tgfbr1+Acvr2a)",FALSE,"Gdf11","TGF-beta","Secreted","Disease variant, Signal, Reference proteome, Disulfide bond, Secreted, Growth factor, Cleavage on pair of basic residues, 3D-structure, Cytokine, Glycoprotein","cytokine;growth factor",FALSE,"Tgfbr1, Acvr2a","Protein kinase superfamily, TKL Ser/Thr protein kinase","Membrane, Cell surface, Cell membrane, Cell junction, Membrane raft, Tight junction","Membrane, Disulfide bond, Transmembrane, Kinase, ATP-binding, Receptor, Alternative splicing, Transferase, Glycoprotein, Manganese, Signal, Reference proteome, Metal-binding, Transmembrane helix, Serine/threonine-protein kinase, 3D-structure, Nucleotide-binding, Magnesium, Differentiation, Tight junction, Aortic aneurysm, Disease variant, Growth regulation, Cell membrane, Phosphoprotein, Direct protein sequencing, Apoptosis, Craniosynostosis, Isopeptide bond, Cell junction, Ubl conjugation","Receptors","Act.TGFB;Kinase","","",TRUE,"CellChatDB v1"
"GDF11_TGFBR1_ACVR2B","GDF","Gdf11","TGFBR1_ACVR2B","","","","","KEGG: mmu04350","Secreted Signaling","Gdf11  - (Tgfbr1+Acvr2b)",FALSE,"Gdf11","TGF-beta","Secreted","Disease variant, Signal, Reference proteome, Disulfide bond, Secreted, Growth factor, Cleavage on pair of basic residues, 3D-structure, Cytokine, Glycoprotein","cytokine;growth factor",FALSE,"Tgfbr1, Acvr2b","Protein kinase superfamily, TKL Ser/Thr protein kinase","Cell membrane, Cell surface, Cell junction, Membrane raft, Tight junction","Membrane, Disulfide bond, Transmembrane, Kinase, ATP-binding, Receptor, Alternative splicing, Heterotaxy, Transferase, Glycoprotein, Manganese, Disease variant, Signal, Reference proteome, Metal-binding, Transmembrane helix, Cell membrane, Phosphoprotein, Serine/threonine-protein kinase, 3D-structure, Nucleotide-binding, Magnesium, Differentiation, Tight junction, Aortic aneurysm, Growth regulation, Direct protein sequencing, Apoptosis, Craniosynostosis, Isopeptide bond, Cell junction, Ubl conjugation","Receptors","Act.TGFB;Kinase","","",TRUE,"CellChatDB v1"
"GDF11_ACVR1B_ACVR2B","GDF","Gdf11","ACVR1B_ACVR2B","","","","","KEGG: mmu04350","Secreted Signaling","Gdf11  - (Acvr1b+Acvr2b)",FALSE,"Gdf11","TGF-beta","Secreted","Disease variant, Signal, Reference proteome, Disulfide bond, Secreted, Growth factor, Cleavage on pair of basic residues, 3D-structure, Cytokine, Glycoprotein","cytokine;growth factor",FALSE,"Acvr1b, Acvr2b","Protein kinase superfamily, TKL Ser/Thr protein kinase","Cell membrane","Membrane, Transmembrane, Kinase, ATP-binding, Receptor, Alternative splicing, Transferase, Glycoprotein, Manganese, Signal, Reference proteome, Metal-binding, Transmembrane helix, Cell membrane, Phosphoprotein, Serine/threonine-protein kinase, 3D-structure, Nucleotide-binding, Magnesium, Ubl conjugation, Disulfide bond, Heterotaxy, Disease variant","Receptors","Act.TGFB;Kinase","","",TRUE,"CellChatDB v1"
"MSTN_TGFBR1_ACVR2B","MSTN","Mstn","TGFBR1_ACVR2B","","","","","KEGG: mmu04060","Secreted Signaling","Mstn  - (Tgfbr1+Acvr2b)",FALSE,"Mstn","TGF-beta","Secreted","Signal, Reference proteome, Heparin-binding, Disulfide bond, Secreted, Growth factor, Cleavage on pair of basic residues, 3D-structure, Cytokine, Glycoprotein","cytokine;growth factor",FALSE,"Tgfbr1, Acvr2b","Protein kinase superfamily, TKL Ser/Thr protein kinase","Cell membrane, Cell surface, Cell junction, Membrane raft, Tight junction","Membrane, Disulfide bond, Transmembrane, Kinase, ATP-binding, Receptor, Alternative splicing, Heterotaxy, Transferase, Glycoprotein, Manganese, Disease variant, Signal, Reference proteome, Metal-binding, Transmembrane helix, Cell membrane, Phosphoprotein, Serine/threonine-protein kinase, 3D-structure, Nucleotide-binding, Magnesium, Differentiation, Tight junction, Aortic aneurysm, Growth regulation, Direct protein sequencing, Apoptosis, Craniosynostosis, Isopeptide bond, Cell junction, Ubl conjugation","Receptors","Act.TGFB;Kinase","","",TRUE,"CellChatDB v1"
"MSTN_ACVR1B_ACVR2B","MSTN","Mstn","ACVR1B_ACVR2B","","","","","KEGG: mmu04060","Secreted Signaling","Mstn  - (Acvr1b+Acvr2b)",FALSE,"Mstn","TGF-beta","Secreted","Signal, Reference proteome, Heparin-binding, Disulfide bond, Secreted, Growth factor, Cleavage on pair of basic residues, 3D-structure, Cytokine, Glycoprotein","cytokine;growth factor",FALSE,"Acvr1b, Acvr2b","Protein kinase superfamily, TKL Ser/Thr protein kinase","Cell membrane","Membrane, Transmembrane, Kinase, ATP-binding, Receptor, Alternative splicing, Transferase, Glycoprotein, Manganese, Signal, Reference proteome, Metal-binding, Transmembrane helix, Cell membrane, Phosphoprotein, Serine/threonine-protein kinase, 3D-structure, Nucleotide-binding, Magnesium, Ubl conjugation, Disulfide bond, Heterotaxy, Disease variant","Receptors","Act.TGFB;Kinase","","",TRUE,"CellChatDB v1"
"MSTN_ACVR1B_ACVR2A","MSTN","Mstn","ACVR1B_ACVR2A","","","","","KEGG: mmu04060","Secreted Signaling","Mstn  - (Acvr1b+Acvr2a)",FALSE,"Mstn","TGF-beta","Secreted","Signal, Reference proteome, Heparin-binding, Disulfide bond, Secreted, Growth factor, Cleavage on pair of basic residues, 3D-structure, Cytokine, Glycoprotein","cytokine;growth factor",FALSE,"Acvr1b, Acvr2a","Protein kinase superfamily, TKL Ser/Thr protein kinase","Cell membrane, Membrane","Membrane, Transmembrane, Kinase, ATP-binding, Receptor, Alternative splicing, Transferase, Glycoprotein, Manganese, Signal, Reference proteome, Metal-binding, Transmembrane helix, Cell membrane, Phosphoprotein, Serine/threonine-protein kinase, 3D-structure, Nucleotide-binding, Magnesium, Ubl conjugation, Disulfide bond","Receptors","Act.TGFB;Kinase","","",TRUE,"CellChatDB v1"
"MSTN_TGFBR1_ACVR2A","MSTN","Mstn","TGFBR1_ACVR2A","","","","","KEGG: mmu04060","Secreted Signaling","Mstn  - (Tgfbr1+Acvr2a)",FALSE,"Mstn","TGF-beta","Secreted","Signal, Reference proteome, Heparin-binding, Disulfide bond, Secreted, Growth factor, Cleavage on pair of basic residues, 3D-structure, Cytokine, Glycoprotein","cytokine;growth factor",FALSE,"Tgfbr1, Acvr2a","Protein kinase superfamily, TKL Ser/Thr protein kinase","Membrane, Cell surface, Cell membrane, Cell junction, Membrane raft, Tight junction","Membrane, Disulfide bond, Transmembrane, Kinase, ATP-binding, Receptor, Alternative splicing, Transferase, Glycoprotein, Manganese, Signal, Reference proteome, Metal-binding, Transmembrane helix, Serine/threonine-protein kinase, 3D-structure, Nucleotide-binding, Magnesium, Differentiation, Tight junction, Aortic aneurysm, Disease variant, Growth regulation, Cell membrane, Phosphoprotein, Direct protein sequencing, Apoptosis, Craniosynostosis, Isopeptide bond, Cell junction, Ubl conjugation","Receptors","Act.TGFB;Kinase","","",TRUE,"CellChatDB v1"
"ARTN_GFRA1","GDNF","Artn","GFRA1_RET","","","","","PMID: 11544105","Secreted Signaling","Artn  - Gfra1",FALSE,"Artn","TGF-beta","Secreted","Signal, Reference proteome, Disulfide bond, Secreted, Growth factor, Alternative splicing, 3D-structure, Glycoprotein","growth factor",FALSE,"Gfra1, Ret","GDNFR, Protein kinase superfamily, Tyr protein kinase","Golgi apparatus, Cell membrane, GPI-anchor, trans-Golgi network, Multivesicular body, Endosome, Endosome membrane","Membrane, Signal, Reference proteome, GPI-anchor, Lipoprotein, Cell membrane, Disulfide bond, Receptor, Golgi apparatus, Alternative splicing, Repeat, 3D-structure, Endosome, Glycoprotein, Transmembrane, Kinase, ATP-binding, Tyrosine-protein kinase, Transferase, Disease variant, Chromosomal rearrangement, Proto-oncogene, Transmembrane helix, Phosphoprotein, Hirschsprung disease, Nucleotide-binding, Cell adhesion","Receptors, NA","Kinase;Other, NA","","",TRUE,"CellChatDB v1"
"INHBB_ACVR1B_ACVR2A","ACTIVIN","Inhbb","ACVR1B_ACVR2A","","ACTIVIN antagonist","","ACTIVIN inhibition receptor","KEGG: mmu04350","Secreted Signaling","Inhbb  - (Acvr1b+Acvr2a)",FALSE,"Inhbb","TGF-beta","Secreted","Signal, Reference proteome, Disulfide bond, Secreted, Growth factor, Direct protein sequencing, Cleavage on pair of basic residues, 3D-structure, Hormone, Glycoprotein","growth factor;hormone",FALSE,"Acvr1b, Acvr2a","Protein kinase superfamily, TKL Ser/Thr protein kinase","Cell membrane, Membrane","Membrane, Transmembrane, Kinase, ATP-binding, Receptor, Alternative splicing, Transferase, Glycoprotein, Manganese, Signal, Reference proteome, Metal-binding, Transmembrane helix, Cell membrane, Phosphoprotein, Serine/threonine-protein kinase, 3D-structure, Nucleotide-binding, Magnesium, Ubl conjugation, Disulfide bond","Receptors","Act.TGFB;Kinase","","",TRUE,"CellChatDB v1"
"INHBB_ACVR1B_ACVR2B","ACTIVIN","Inhbb","ACVR1B_ACVR2B","","ACTIVIN antagonist","","ACTIVIN inhibition receptor","KEGG: mmu04350","Secreted Signaling","Inhbb  - (Acvr1b+Acvr2b)",FALSE,"Inhbb","TGF-beta","Secreted","Signal, Reference proteome, Disulfide bond, Secreted, Growth factor, Direct protein sequencing, Cleavage on pair of basic residues, 3D-structure, Hormone, Glycoprotein","growth factor;hormone",FALSE,"Acvr1b, Acvr2b","Protein kinase superfamily, TKL Ser/Thr protein kinase","Cell membrane","Membrane, Transmembrane, Kinase, ATP-binding, Receptor, Alternative splicing, Transferase, Glycoprotein, Manganese, Signal, Reference proteome, Metal-binding, Transmembrane helix, Cell membrane, Phosphoprotein, Serine/threonine-protein kinase, 3D-structure, Nucleotide-binding, Magnesium, Ubl conjugation, Disulfide bond, Heterotaxy, Disease variant","Receptors","Act.TGFB;Kinase","","",TRUE,"CellChatDB v1"
"INHBB_ACVR1C_ACVR2A","ACTIVIN","Inhbb","ACVR1C_ACVR2A","","ACTIVIN antagonist","","ACTIVIN inhibition receptor","KEGG: mmu04350","Secreted Signaling","Inhbb  - (Acvr1c+Acvr2a)",FALSE,"Inhbb","TGF-beta","Secreted","Signal, Reference proteome, Disulfide bond, Secreted, Growth factor, Direct protein sequencing, Cleavage on pair of basic residues, 3D-structure, Hormone, Glycoprotein","growth factor;hormone",FALSE,"Acvr1c, Acvr2a","Protein kinase superfamily, TKL Ser/Thr protein kinase","Membrane","Membrane, Transmembrane, Kinase, ATP-binding, Receptor, Alternative splicing, Transferase, Manganese, Signal, Reference proteome, Metal-binding, Transmembrane helix, Apoptosis, Serine/threonine-protein kinase, Nucleotide-binding, Magnesium, Disulfide bond, Glycoprotein, 3D-structure","Receptors","Act.TGFB;Kinase","","",TRUE,"CellChatDB v1"
"INHBB_ACVR1C_ACVR2B","ACTIVIN","Inhbb","ACVR1C_ACVR2B","","ACTIVIN antagonist","","ACTIVIN inhibition receptor","KEGG: mmu04350","Secreted Signaling","Inhbb  - (Acvr1c+Acvr2b)",FALSE,"Inhbb","TGF-beta","Secreted","Signal, Reference proteome, Disulfide bond, Secreted, Growth factor, Direct protein sequencing, Cleavage on pair of basic residues, 3D-structure, Hormone, Glycoprotein","growth factor;hormone",FALSE,"Acvr1c, Acvr2b","Protein kinase superfamily, TKL Ser/Thr protein kinase","Membrane, Cell membrane","Membrane, Transmembrane, Kinase, ATP-binding, Receptor, Alternative splicing, Transferase, Manganese, Signal, Reference proteome, Metal-binding, Transmembrane helix, Apoptosis, Serine/threonine-protein kinase, Nucleotide-binding, Magnesium, Disulfide bond, Heterotaxy, Glycoprotein, Disease variant, Cell membrane, Phosphoprotein, 3D-structure","Receptors","Act.TGFB;Kinase","","",TRUE,"CellChatDB v1"
"INHBABB_ACVR1B_ACVR2A","ACTIVIN","Activin AB","ACVR1B_ACVR2A","","ACTIVIN antagonist","","ACTIVIN inhibition receptor","PMID: 2457849; PMID: 22991378","Secreted Signaling","Inhbabb  - (Acvr1b+Acvr2a)",FALSE,"Inhba, Inhbb","TGF-beta","Secreted","Signal, Reference proteome, Disulfide bond, Secreted, Growth factor, Cleavage on pair of basic residues, 3D-structure, Hormone, Glycoprotein, Direct protein sequencing","growth factor;hormone",FALSE,"Acvr1b, Acvr2a","Protein kinase superfamily, TKL Ser/Thr protein kinase","Cell membrane, Membrane","Membrane, Transmembrane, Kinase, ATP-binding, Receptor, Alternative splicing, Transferase, Glycoprotein, Manganese, Signal, Reference proteome, Metal-binding, Transmembrane helix, Cell membrane, Phosphoprotein, Serine/threonine-protein kinase, 3D-structure, Nucleotide-binding, Magnesium, Ubl conjugation, Disulfide bond","Receptors","Act.TGFB;Kinase","","",TRUE,"CellChatDB v1"
"INHBABB_ACVR1B_ACVR2B","ACTIVIN","Activin AB","ACVR1B_ACVR2B","","ACTIVIN antagonist","","ACTIVIN inhibition receptor","PMID: 2457849; PMID: 22991378","Secreted Signaling","Inhbabb  - (Acvr1b+Acvr2b)",FALSE,"Inhba, Inhbb","TGF-beta","Secreted","Signal, Reference proteome, Disulfide bond, Secreted, Growth factor, Cleavage on pair of basic residues, 3D-structure, Hormone, Glycoprotein, Direct protein sequencing","growth factor;hormone",FALSE,"Acvr1b, Acvr2b","Protein kinase superfamily, TKL Ser/Thr protein kinase","Cell membrane","Membrane, Transmembrane, Kinase, ATP-binding, Receptor, Alternative splicing, Transferase, Glycoprotein, Manganese, Signal, Reference proteome, Metal-binding, Transmembrane helix, Cell membrane, Phosphoprotein, Serine/threonine-protein kinase, 3D-structure, Nucleotide-binding, Magnesium, Ubl conjugation, Disulfide bond, Heterotaxy, Disease variant","Receptors","Act.TGFB;Kinase","","",TRUE,"CellChatDB v1"
"INHBABB_ACVR1C_ACVR2A","ACTIVIN","Activin AB","ACVR1C_ACVR2A","","ACTIVIN antagonist","","ACTIVIN inhibition receptor","PMID: 2457849; PMID: 22991378","Secreted Signaling","Inhbabb  - (Acvr1c+Acvr2a)",FALSE,"Inhba, Inhbb","TGF-beta","Secreted","Signal, Reference proteome, Disulfide bond, Secreted, Growth factor, Cleavage on pair of basic residues, 3D-structure, Hormone, Glycoprotein, Direct protein sequencing","growth factor;hormone",FALSE,"Acvr1c, Acvr2a","Protein kinase superfamily, TKL Ser/Thr protein kinase","Membrane","Membrane, Transmembrane, Kinase, ATP-binding, Receptor, Alternative splicing, Transferase, Manganese, Signal, Reference proteome, Metal-binding, Transmembrane helix, Apoptosis, Serine/threonine-protein kinase, Nucleotide-binding, Magnesium, Disulfide bond, Glycoprotein, 3D-structure","Receptors","Act.TGFB;Kinase","","",TRUE,"CellChatDB v1"
"INHB_ACVR1C_ACVR2B","ACTIVIN","Activin AB","ACVR1C_ACVR2B","","ACTIVIN antagonist","","ACTIVIN inhibition receptor","PMID: 2457849; PMID: 22991378","Secreted Signaling","Inhb  - (Acvr1c+Acvr2b)",FALSE,"Inhba, Inhbb","TGF-beta","Secreted","Signal, Reference proteome, Disulfide bond, Secreted, Growth factor, Cleavage on pair of basic residues, 3D-structure, Hormone, Glycoprotein, Direct protein sequencing","growth factor;hormone",FALSE,"Acvr1c, Acvr2b","Protein kinase superfamily, TKL Ser/Thr protein kinase","Membrane, Cell membrane","Membrane, Transmembrane, Kinase, ATP-binding, Receptor, Alternative splicing, Transferase, Manganese, Signal, Reference proteome, Metal-binding, Transmembrane helix, Apoptosis, Serine/threonine-protein kinase, Nucleotide-binding, Magnesium, Disulfide bond, Heterotaxy, Glycoprotein, Disease variant, Cell membrane, Phosphoprotein, 3D-structure","Receptors","Act.TGFB;Kinase","","",TRUE,"CellChatDB v1"
"INHABA_ACVR2A","ACTIVIN","Inhibin A","Acvr2a","","ACTIVIN antagonist","","ACTIVIN inhibition receptor","PMID: 15027884","Secreted Signaling","Inhaba  - Acvr2a",FALSE,"Inha, Inhba","TGF-beta","Secreted","Signal, Reference proteome, Disulfide bond, Secreted, Growth factor, Cleavage on pair of basic residues, 3D-structure, Hormone, Glycoprotein, Direct protein sequencing","growth factor;hormone",FALSE,"Acvr2a","Protein kinase superfamily, TKL Ser/Thr protein kinase","Membrane","Membrane, Disulfide bond, Transmembrane, Kinase, ATP-binding, Receptor, Alternative splicing, Transferase, Glycoprotein, Manganese, Signal, Reference proteome, Metal-binding, Transmembrane helix, Serine/threonine-protein kinase, 3D-structure, Nucleotide-binding, Magnesium","Receptors","Act.TGFB;Kinase","","",TRUE,"CellChatDB v1"
"INHABB_ACVR2B","ACTIVIN","Inhibin B","Acvr2b","","ACTIVIN antagonist","","ACTIVIN inhibition receptor","PMID: 15027884","Secreted Signaling","Inhabb  - Acvr2b",FALSE,"Inha, Inhbb","TGF-beta","Secreted","Signal, Reference proteome, Disulfide bond, Secreted, Growth factor, Direct protein sequencing, Cleavage on pair of basic residues, Hormone, Glycoprotein, 3D-structure","growth factor;hormone",FALSE,"Acvr2b","Protein kinase superfamily, TKL Ser/Thr protein kinase","Cell membrane","Membrane, Disulfide bond, Transmembrane, Kinase, ATP-binding, Receptor, Alternative splicing, Heterotaxy, Transferase, Glycoprotein, Manganese, Disease variant, Signal, Reference proteome, Metal-binding, Transmembrane helix, Cell membrane, Phosphoprotein, Serine/threonine-protein kinase, 3D-structure, Nucleotide-binding, Magnesium","Receptors","Act.TGFB;Kinase","","",TRUE,"CellChatDB v1"
"WNT10A_FZD1_LRP5","WNT","Wnt10a","FZD1_LRP5","WNT agonist","WNT antagonist","WNT activation receptor","WNT inhibition receptor","KEGG: mmu04310; PMID: 23209147","Secreted Signaling","Wnt10a  - (Fzd1+Lrp5)",FALSE,"Wnt10a","Wnt","Extracellular matrix, Secreted, Extracellular space","Disease variant, Hypotrichosis, Signal, Developmental protein, Reference proteome, Lipoprotein, Wnt signaling pathway, Palmoplantar keratoderma, Disulfide bond, Phosphoprotein, Secreted, Extracellular matrix, Ectodermal dysplasia, Glycoprotein","secreted",FALSE,"Fzd1, Lrp5","G-protein coupled receptor Fz/Smo, LDLR","Cell membrane, Endoplasmic reticulum, Membrane","Transducer, Ubl conjugation, Membrane, Signal, Developmental protein, Reference proteome, Wnt signaling pathway, Cell membrane, Transmembrane helix, Disulfide bond, Transmembrane, Receptor, G-protein coupled receptor, Glycoprotein, Osteogenesis imperfecta, Osteopetrosis, EGF-like domain, Endoplasmic reticulum, Disease variant, Endocytosis, Phosphoprotein, Repeat, Alternative splicing","Receptors","LDLR;Other_receptors, Frizzled;GPCR","","",TRUE,"CellChatDB v1"
"WNT10A_FZD10_LRP5","WNT","Wnt10a","FZD10_LRP5","WNT agonist","WNT antagonist","WNT activation receptor","WNT inhibition receptor","KEGG: mmu04310; PMID: 23209147","Secreted Signaling","Wnt10a  - (Fzd10+Lrp5)",FALSE,"Wnt10a","Wnt","Extracellular matrix, Secreted, Extracellular space","Disease variant, Hypotrichosis, Signal, Developmental protein, Reference proteome, Lipoprotein, Wnt signaling pathway, Palmoplantar keratoderma, Disulfide bond, Phosphoprotein, Secreted, Extracellular matrix, Ectodermal dysplasia, Glycoprotein","secreted",FALSE,"Fzd10, Lrp5","G-protein coupled receptor Fz/Smo, LDLR","Cell membrane, Endoplasmic reticulum, Membrane","Transducer, Ubl conjugation, Membrane, Signal, Developmental protein, Reference proteome, Wnt signaling pathway, Cell membrane, Transmembrane helix, Disulfide bond, Transmembrane, Receptor, G-protein coupled receptor, Glycoprotein, Osteogenesis imperfecta, Osteopetrosis, EGF-like domain, Endoplasmic reticulum, Disease variant, Endocytosis, Phosphoprotein, Repeat, Alternative splicing","Receptors","LDLR;Other_receptors, Frizzled;GPCR","","",TRUE,"CellChatDB v1"
"WNT10A_FZD2_LRP5","WNT","Wnt10a","FZD2_LRP5","WNT agonist","WNT antagonist","WNT activation receptor","WNT inhibition receptor","KEGG: mmu04310; PMID: 23209147","Secreted Signaling","Wnt10a  - (Fzd2+Lrp5)",FALSE,"Wnt10a","Wnt","Extracellular matrix, Secreted, Extracellular space","Disease variant, Hypotrichosis, Signal, Developmental protein, Reference proteome, Lipoprotein, Wnt signaling pathway, Palmoplantar keratoderma, Disulfide bond, Phosphoprotein, Secreted, Extracellular matrix, Ectodermal dysplasia, Glycoprotein","secreted",FALSE,"Fzd2, Lrp5","G-protein coupled receptor Fz/Smo, LDLR","Membrane, Cell membrane, Endoplasmic reticulum","Membrane, Disulfide bond, Transmembrane, Receptor, Glycoprotein, Transducer, Disease variant, Signal, Developmental protein, Reference proteome, Wnt signaling pathway, Cell membrane, Transmembrane helix, G-protein coupled receptor, 3D-structure, Ubl conjugation, Osteogenesis imperfecta, Osteopetrosis, EGF-like domain, Endoplasmic reticulum, Endocytosis, Phosphoprotein, Repeat, Alternative splicing","Receptors","LDLR;Other_receptors, Frizzled;GPCR","","",TRUE,"CellChatDB v1"
"WNT10A_FZD3_LRP5","WNT","Wnt10a","FZD3_LRP5","WNT agonist","WNT antagonist","WNT activation receptor","WNT inhibition receptor","KEGG: mmu04310; PMID: 23209147","Secreted Signaling","Wnt10a  - (Fzd3+Lrp5)",FALSE,"Wnt10a","Wnt","Extracellular matrix, Secreted, Extracellular space","Disease variant, Hypotrichosis, Signal, Developmental protein, Reference proteome, Lipoprotein, Wnt signaling pathway, Palmoplantar keratoderma, Disulfide bond, Phosphoprotein, Secreted, Extracellular matrix, Ectodermal dysplasia, Glycoprotein","secreted",FALSE,"Fzd3, Lrp5","LDLR, G-protein coupled receptor Fz/Smo","Endoplasmic reticulum, Membrane, Apical cell membrane, Cell surface, Cell membrane","Membrane, Disulfide bond, Transmembrane, Osteogenesis imperfecta, Osteopetrosis, Receptor, EGF-like domain, Endoplasmic reticulum, Glycoprotein, Disease variant, Endocytosis, Signal, Developmental protein, Reference proteome, Wnt signaling pathway, Transmembrane helix, Phosphoprotein, Repeat, Neurogenesis, Alternative splicing, Transducer, Cell membrane, Direct protein sequencing, G-protein coupled receptor, Ubl conjugation","Receptors","LDLR;Other_receptors, Frizzled;GPCR","","",TRUE,"CellChatDB v1"
"WNT10A_FZD4_LRP5","WNT","Wnt10a","FZD4_LRP5","WNT agonist","WNT antagonist","WNT activation receptor","WNT inhibition receptor","KEGG: mmu04310; PMID: 23209147","Secreted Signaling","Wnt10a  - (Fzd4+Lrp5)",FALSE,"Wnt10a","Wnt","Extracellular matrix, Secreted, Extracellular space","Disease variant, Hypotrichosis, Signal, Developmental protein, Reference proteome, Lipoprotein, Wnt signaling pathway, Palmoplantar keratoderma, Disulfide bond, Phosphoprotein, Secreted, Extracellular matrix, Ectodermal dysplasia, Glycoprotein","secreted",FALSE,"Fzd4, Lrp5","G-protein coupled receptor Fz/Smo, LDLR","Cell membrane, Endoplasmic reticulum, Membrane","Membrane, Disulfide bond, Transmembrane, Receptor, Glycoprotein, Transducer, Disease variant, Signal, Developmental protein, Reference proteome, Wnt signaling pathway, Cell membrane, Transmembrane helix, G-protein coupled receptor, 3D-structure, Ubl conjugation, Osteogenesis imperfecta, Osteopetrosis, EGF-like domain, Endoplasmic reticulum, Endocytosis, Phosphoprotein, Repeat, Alternative splicing","Receptors","LDLR;Other_receptors, Frizzled;GPCR","","",TRUE,"CellChatDB v1"
"WNT10A_FZD5_LRP5","WNT","Wnt10a","FZD5_LRP5","WNT agonist","WNT antagonist","WNT activation receptor","WNT inhibition receptor","KEGG: mmu04310; PMID: 23209147","Secreted Signaling","Wnt10a  - (Fzd5+Lrp5)",FALSE,"Wnt10a","Wnt","Extracellular matrix, Secreted, Extracellular space","Disease variant, Hypotrichosis, Signal, Developmental protein, Reference proteome, Lipoprotein, Wnt signaling pathway, Palmoplantar keratoderma, Disulfide bond, Phosphoprotein, Secreted, Extracellular matrix, Ectodermal dysplasia, Glycoprotein","secreted",FALSE,"Fzd5, Lrp5","G-protein coupled receptor Fz/Smo, LDLR","Perikaryon, Cell projection, Axon, Synapse, Golgi apparatus membrane, Dendrite, Cell membrane, Endoplasmic reticulum, Membrane","Membrane, Disulfide bond, Transmembrane, Lipid-binding, Receptor, Glycoprotein, Transducer, Cell projection, Developmental protein, Signal, Reference proteome, Wnt signaling pathway, Cell membrane, Transmembrane helix, Golgi apparatus, Synapse, G-protein coupled receptor, 3D-structure, Ubl conjugation, Osteogenesis imperfecta, Osteopetrosis, EGF-like domain, Endoplasmic reticulum, Disease variant, Endocytosis, Phosphoprotein, Repeat, Alternative splicing","Receptors","LDLR;Other_receptors, Frizzled;GPCR","","",TRUE,"CellChatDB v1"
"WNT10A_FZD6_LRP5","WNT","Wnt10a","FZD6_LRP5","WNT agonist","WNT antagonist","WNT activation receptor","WNT inhibition receptor","KEGG: mmu04310; PMID: 23209147","Secreted Signaling","Wnt10a  - (Fzd6+Lrp5)",FALSE,"Wnt10a","Wnt","Extracellular matrix, Secreted, Extracellular space","Disease variant, Hypotrichosis, Signal, Developmental protein, Reference proteome, Lipoprotein, Wnt signaling pathway, Palmoplantar keratoderma, Disulfide bond, Phosphoprotein, Secreted, Extracellular matrix, Ectodermal dysplasia, Glycoprotein","secreted",FALSE,"Fzd6, Lrp5","G-protein coupled receptor Fz/Smo, LDLR","Endoplasmic reticulum membrane, Cytoplasmic vesicle membrane, Apical cell membrane, Membrane, Cell surface, Cell membrane, Endoplasmic reticulum","Membrane, Disulfide bond, Transmembrane, Receptor, Alternative splicing, Cytoplasmic vesicle, Endoplasmic reticulum, Glycoprotein, Transducer, Disease variant, Developmental protein, Signal, Reference proteome, Wnt signaling pathway, Cell membrane, Transmembrane helix, Phosphoprotein, G-protein coupled receptor, Ubl conjugation, Osteogenesis imperfecta, Osteopetrosis, EGF-like domain, Endocytosis, Repeat","Receptors","Frizzled;GPCR, LDLR;Other_receptors","","",TRUE,"CellChatDB v1"
"WNT10A_FZD7_LRP5","WNT","Wnt10a","FZD7_LRP5","WNT agonist","WNT antagonist","WNT activation receptor","WNT inhibition receptor","KEGG: mmu04310; PMID: 23209147","Secreted Signaling","Wnt10a  - (Fzd7+Lrp5)",FALSE,"Wnt10a","Wnt","Extracellular matrix, Secreted, Extracellular space","Disease variant, Hypotrichosis, Signal, Developmental protein, Reference proteome, Lipoprotein, Wnt signaling pathway, Palmoplantar keratoderma, Disulfide bond, Phosphoprotein, Secreted, Extracellular matrix, Ectodermal dysplasia, Glycoprotein","secreted",FALSE,"Fzd7, Lrp5","LDLR, G-protein coupled receptor Fz/Smo","Endoplasmic reticulum, Membrane, Endosome membrane, Cell membrane","Membrane, Disulfide bond, Transmembrane, Osteogenesis imperfecta, Osteopetrosis, Receptor, EGF-like domain, Endoplasmic reticulum, Glycoprotein, Disease variant, Endocytosis, Signal, Developmental protein, Reference proteome, Wnt signaling pathway, Transmembrane helix, Phosphoprotein, Repeat, Transducer, Cell membrane, G-protein coupled receptor, 3D-structure, Endosome, Ubl conjugation, Alternative splicing","Receptors","Frizzled;GPCR, LDLR;Other_receptors","","",TRUE,"CellChatDB v1"
"WNT10A_FZD8_LRP5","WNT","Wnt10a","FZD8_LRP5","WNT agonist","WNT antagonist","WNT activation receptor","WNT inhibition receptor","KEGG: mmu04310; PMID: 23209147","Secreted Signaling","Wnt10a  - (Fzd8+Lrp5)",FALSE,"Wnt10a","Wnt","Extracellular matrix, Secreted, Extracellular space","Disease variant, Hypotrichosis, Signal, Developmental protein, Reference proteome, Lipoprotein, Wnt signaling pathway, Palmoplantar keratoderma, Disulfide bond, Phosphoprotein, Secreted, Extracellular matrix, Ectodermal dysplasia, Glycoprotein","secreted",FALSE,"Fzd8, Lrp5","G-protein coupled receptor Fz/Smo, LDLR","Golgi apparatus, Membrane, Cell membrane, Endoplasmic reticulum","Membrane, Disulfide bond, Transmembrane, Receptor, Glycoprotein, Transducer, Signal, Developmental protein, Reference proteome, Wnt signaling pathway, Cell membrane, Transmembrane helix, Golgi apparatus, G-protein coupled receptor, 3D-structure, Ubl conjugation, Osteogenesis imperfecta, Osteopetrosis, EGF-like domain, Endoplasmic reticulum, Disease variant, Endocytosis, Phosphoprotein, Repeat, Alternative splicing","Receptors","LDLR;Other_receptors, Frizzled;GPCR","","",TRUE,"CellChatDB v1"
"WNT10A_FZD9_LRP5","WNT","Wnt10a","FZD9_LRP5","WNT agonist","WNT antagonist","WNT activation receptor","WNT inhibition receptor","KEGG: mmu04310; PMID: 23209147","Secreted Signaling","Wnt10a  - (Fzd9+Lrp5)",FALSE,"Wnt10a","Wnt","Extracellular matrix, Secreted, Extracellular space","Disease variant, Hypotrichosis, Signal, Developmental protein, Reference proteome, Lipoprotein, Wnt signaling pathway, Palmoplantar keratoderma, Disulfide bond, Phosphoprotein, Secreted, Extracellular matrix, Ectodermal dysplasia, Glycoprotein","secreted",FALSE,"Fzd9, Lrp5","G-protein coupled receptor Fz/Smo, LDLR","Cell membrane, Endoplasmic reticulum, Membrane","Transducer, Ubl conjugation, Membrane, Signal, Developmental protein, Reference proteome, Wnt signaling pathway, Cell membrane, Transmembrane helix, Disulfide bond, Transmembrane, Receptor, G-protein coupled receptor, Glycoprotein, Osteogenesis imperfecta, Osteopetrosis, EGF-like domain, Endoplasmic reticulum, Disease variant, Endocytosis, Phosphoprotein, Repeat, Alternative splicing","Receptors","Frizzled;GPCR, LDLR;Other_receptors","","",TRUE,"CellChatDB v1"
"WNT10B_FZD1_LRP5","WNT","Wnt10b","FZD1_LRP5","WNT agonist","WNT antagonist","WNT activation receptor","WNT inhibition receptor","KEGG: mmu04310; PMID: 23209147","Secreted Signaling","Wnt10b  - (Fzd1+Lrp5)",FALSE,"Wnt10b","Wnt","Extracellular matrix, Secreted, Extracellular space","Disease variant, Signal, Developmental protein, Reference proteome, Lipoprotein, Wnt signaling pathway, Disulfide bond, Secreted, Phosphoprotein, Extracellular matrix, Alternative splicing, Glycoprotein","",,"Fzd1, Lrp5","G-protein coupled receptor Fz/Smo, LDLR","Cell membrane, Endoplasmic reticulum, Membrane","Transducer, Ubl conjugation, Membrane, Signal, Developmental protein, Reference proteome, Wnt signaling pathway, Cell membrane, Transmembrane helix, Disulfide bond, Transmembrane, Receptor, G-protein coupled receptor, Glycoprotein, Osteogenesis imperfecta, Osteopetrosis, EGF-like domain, Endoplasmic reticulum, Disease variant, Endocytosis, Phosphoprotein, Repeat, Alternative splicing","Receptors","LDLR;Other_receptors, Frizzled;GPCR","","",TRUE,"CellChatDB v1"
"WNT10B_FZD10_LRP5","WNT","Wnt10b","FZD10_LRP5","WNT agonist","WNT antagonist","WNT activation receptor","WNT inhibition receptor","KEGG: mmu04310; PMID: 23209147","Secreted Signaling","Wnt10b  - (Fzd10+Lrp5)",FALSE,"Wnt10b","Wnt","Extracellular matrix, Secreted, Extracellular space","Disease variant, Signal, Developmental protein, Reference proteome, Lipoprotein, Wnt signaling pathway, Disulfide bond, Secreted, Phosphoprotein, Extracellular matrix, Alternative splicing, Glycoprotein","",,"Fzd10, Lrp5","G-protein coupled receptor Fz/Smo, LDLR","Cell membrane, Endoplasmic reticulum, Membrane","Transducer, Ubl conjugation, Membrane, Signal, Developmental protein, Reference proteome, Wnt signaling pathway, Cell membrane, Transmembrane helix, Disulfide bond, Transmembrane, Receptor, G-protein coupled receptor, Glycoprotein, Osteogenesis imperfecta, Osteopetrosis, EGF-like domain, Endoplasmic reticulum, Disease variant, Endocytosis, Phosphoprotein, Repeat, Alternative splicing","Receptors","LDLR;Other_receptors, Frizzled;GPCR","","",TRUE,"CellChatDB v1"
"WNT10B_FZD2_LRP5","WNT","Wnt10b","FZD2_LRP5","WNT agonist","WNT antagonist","WNT activation receptor","WNT inhibition receptor","KEGG: mmu04310; PMID: 23209147","Secreted Signaling","Wnt10b  - (Fzd2+Lrp5)",FALSE,"Wnt10b","Wnt","Extracellular matrix, Secreted, Extracellular space","Disease variant, Signal, Developmental protein, Reference proteome, Lipoprotein, Wnt signaling pathway, Disulfide bond, Secreted, Phosphoprotein, Extracellular matrix, Alternative splicing, Glycoprotein","",,"Fzd2, Lrp5","G-protein coupled receptor Fz/Smo, LDLR","Membrane, Cell membrane, Endoplasmic reticulum","Membrane, Disulfide bond, Transmembrane, Receptor, Glycoprotein, Transducer, Disease variant, Signal, Developmental protein, Reference proteome, Wnt signaling pathway, Cell membrane, Transmembrane helix, G-protein coupled receptor, 3D-structure, Ubl conjugation, Osteogenesis imperfecta, Osteopetrosis, EGF-like domain, Endoplasmic reticulum, Endocytosis, Phosphoprotein, Repeat, Alternative splicing","Receptors","LDLR;Other_receptors, Frizzled;GPCR","","",TRUE,"CellChatDB v1"
"WNT10B_FZD3_LRP5","WNT","Wnt10b","FZD3_LRP5","WNT agonist","WNT antagonist","WNT activation receptor","WNT inhibition receptor","KEGG: mmu04310; PMID: 23209147","Secreted Signaling","Wnt10b  - (Fzd3+Lrp5)",FALSE,"Wnt10b","Wnt","Extracellular matrix, Secreted, Extracellular space","Disease variant, Signal, Developmental protein, Reference proteome, Lipoprotein, Wnt signaling pathway, Disulfide bond, Secreted, Phosphoprotein, Extracellular matrix, Alternative splicing, Glycoprotein","",,"Fzd3, Lrp5","LDLR, G-protein coupled receptor Fz/Smo","Endoplasmic reticulum, Membrane, Apical cell membrane, Cell surface, Cell membrane","Membrane, Disulfide bond, Transmembrane, Osteogenesis imperfecta, Osteopetrosis, Receptor, EGF-like domain, Endoplasmic reticulum, Glycoprotein, Disease variant, Endocytosis, Signal, Developmental protein, Reference proteome, Wnt signaling pathway, Transmembrane helix, Phosphoprotein, Repeat, Neurogenesis, Alternative splicing, Transducer, Cell membrane, Direct protein sequencing, G-protein coupled receptor, Ubl conjugation","Receptors","LDLR;Other_receptors, Frizzled;GPCR","","",TRUE,"CellChatDB v1"
"WNT10B_FZD4_LRP5","WNT","Wnt10b","FZD4_LRP5","WNT agonist","WNT antagonist","WNT activation receptor","WNT inhibition receptor","KEGG: mmu04310; PMID: 23209147","Secreted Signaling","Wnt10b  - (Fzd4+Lrp5)",FALSE,"Wnt10b","Wnt","Extracellular matrix, Secreted, Extracellular space","Disease variant, Signal, Developmental protein, Reference proteome, Lipoprotein, Wnt signaling pathway, Disulfide bond, Secreted, Phosphoprotein, Extracellular matrix, Alternative splicing, Glycoprotein","",,"Fzd4, Lrp5","G-protein coupled receptor Fz/Smo, LDLR","Cell membrane, Endoplasmic reticulum, Membrane","Membrane, Disulfide bond, Transmembrane, Receptor, Glycoprotein, Transducer, Disease variant, Signal, Developmental protein, Reference proteome, Wnt signaling pathway, Cell membrane, Transmembrane helix, G-protein coupled receptor, 3D-structure, Ubl conjugation, Osteogenesis imperfecta, Osteopetrosis, EGF-like domain, Endoplasmic reticulum, Endocytosis, Phosphoprotein, Repeat, Alternative splicing","Receptors","LDLR;Other_receptors, Frizzled;GPCR","","",TRUE,"CellChatDB v1"
"WNT10B_FZD5_LRP5","WNT","Wnt10b","FZD5_LRP5","WNT agonist","WNT antagonist","WNT activation receptor","WNT inhibition receptor","KEGG: mmu04310; PMID: 23209147","Secreted Signaling","Wnt10b  - (Fzd5+Lrp5)",FALSE,"Wnt10b","Wnt","Extracellular matrix, Secreted, Extracellular space","Disease variant, Signal, Developmental protein, Reference proteome, Lipoprotein, Wnt signaling pathway, Disulfide bond, Secreted, Phosphoprotein, Extracellular matrix, Alternative splicing, Glycoprotein","",,"Fzd5, Lrp5","G-protein coupled receptor Fz/Smo, LDLR","Perikaryon, Cell projection, Axon, Synapse, Golgi apparatus membrane, Dendrite, Cell membrane, Endoplasmic reticulum, Membrane","Membrane, Disulfide bond, Transmembrane, Lipid-binding, Receptor, Glycoprotein, Transducer, Cell projection, Developmental protein, Signal, Reference proteome, Wnt signaling pathway, Cell membrane, Transmembrane helix, Golgi apparatus, Synapse, G-protein coupled receptor, 3D-structure, Ubl conjugation, Osteogenesis imperfecta, Osteopetrosis, EGF-like domain, Endoplasmic reticulum, Disease variant, Endocytosis, Phosphoprotein, Repeat, Alternative splicing","Receptors","LDLR;Other_receptors, Frizzled;GPCR","","",TRUE,"CellChatDB v1"
"WNT10B_FZD6_LRP5","WNT","Wnt10b","FZD6_LRP5","WNT agonist","WNT antagonist","WNT activation receptor","WNT inhibition receptor","KEGG: mmu04310; PMID: 23209147","Secreted Signaling","Wnt10b  - (Fzd6+Lrp5)",FALSE,"Wnt10b","Wnt","Extracellular matrix, Secreted, Extracellular space","Disease variant, Signal, Developmental protein, Reference proteome, Lipoprotein, Wnt signaling pathway, Disulfide bond, Secreted, Phosphoprotein, Extracellular matrix, Alternative splicing, Glycoprotein","",,"Fzd6, Lrp5","G-protein coupled receptor Fz/Smo, LDLR","Endoplasmic reticulum membrane, Cytoplasmic vesicle membrane, Apical cell membrane, Membrane, Cell surface, Cell membrane, Endoplasmic reticulum","Membrane, Disulfide bond, Transmembrane, Receptor, Alternative splicing, Cytoplasmic vesicle, Endoplasmic reticulum, Glycoprotein, Transducer, Disease variant, Developmental protein, Signal, Reference proteome, Wnt signaling pathway, Cell membrane, Transmembrane helix, Phosphoprotein, G-protein coupled receptor, Ubl conjugation, Osteogenesis imperfecta, Osteopetrosis, EGF-like domain, Endocytosis, Repeat","Receptors","Frizzled;GPCR, LDLR;Other_receptors","","",TRUE,"CellChatDB v1"
"WNT10B_FZD7_LRP5","WNT","Wnt10b","FZD7_LRP5","WNT agonist","WNT antagonist","WNT activation receptor","WNT inhibition receptor","KEGG: mmu04310; PMID: 23209147","Secreted Signaling","Wnt10b  - (Fzd7+Lrp5)",FALSE,"Wnt10b","Wnt","Extracellular matrix, Secreted, Extracellular space","Disease variant, Signal, Developmental protein, Reference proteome, Lipoprotein, Wnt signaling pathway, Disulfide bond, Secreted, Phosphoprotein, Extracellular matrix, Alternative splicing, Glycoprotein","",,"Fzd7, Lrp5","LDLR, G-protein coupled receptor Fz/Smo","Endoplasmic reticulum, Membrane, Endosome membrane, Cell membrane","Membrane, Disulfide bond, Transmembrane, Osteogenesis imperfecta, Osteopetrosis, Receptor, EGF-like domain, Endoplasmic reticulum, Glycoprotein, Disease variant, Endocytosis, Signal, Developmental protein, Reference proteome, Wnt signaling pathway, Transmembrane helix, Phosphoprotein, Repeat, Transducer, Cell membrane, G-protein coupled receptor, 3D-structure, Endosome, Ubl conjugation, Alternative splicing","Receptors","Frizzled;GPCR, LDLR;Other_receptors","","",TRUE,"CellChatDB v1"
"WNT10B_FZD8_LRP5","WNT","Wnt10b","FZD8_LRP5","WNT agonist","WNT antagonist","WNT activation receptor","WNT inhibition receptor","KEGG: mmu04310; PMID: 23209147","Secreted Signaling","Wnt10b  - (Fzd8+Lrp5)",FALSE,"Wnt10b","Wnt","Extracellular matrix, Secreted, Extracellular space","Disease variant, Signal, Developmental protein, Reference proteome, Lipoprotein, Wnt signaling pathway, Disulfide bond, Secreted, Phosphoprotein, Extracellular matrix, Alternative splicing, Glycoprotein","",,"Fzd8, Lrp5","G-protein coupled receptor Fz/Smo, LDLR","Golgi apparatus, Membrane, Cell membrane, Endoplasmic reticulum","Membrane, Disulfide bond, Transmembrane, Receptor, Glycoprotein, Transducer, Signal, Developmental protein, Reference proteome, Wnt signaling pathway, Cell membrane, Transmembrane helix, Golgi apparatus, G-protein coupled receptor, 3D-structure, Ubl conjugation, Osteogenesis imperfecta, Osteopetrosis, EGF-like domain, Endoplasmic reticulum, Disease variant, Endocytosis, Phosphoprotein, Repeat, Alternative splicing","Receptors","LDLR;Other_receptors, Frizzled;GPCR","","",TRUE,"CellChatDB v1"
"WNT10B_FZD9_LRP5","WNT","Wnt10b","FZD9_LRP5","WNT agonist","WNT antagonist","WNT activation receptor","WNT inhibition receptor","KEGG: mmu04310; PMID: 23209147","Secreted Signaling","Wnt10b  - (Fzd9+Lrp5)",FALSE,"Wnt10b","Wnt","Extracellular matrix, Secreted, Extracellular space","Disease variant, Signal, Developmental protein, Reference proteome, Lipoprotein, Wnt signaling pathway, Disulfide bond, Secreted, Phosphoprotein, Extracellular matrix, Alternative splicing, Glycoprotein","",,"Fzd9, Lrp5","G-protein coupled receptor Fz/Smo, LDLR","Cell membrane, Endoplasmic reticulum, Membrane","Transducer, Ubl conjugation, Membrane, Signal, Developmental protein, Reference proteome, Wnt signaling pathway, Cell membrane, Transmembrane helix, Disulfide bond, Transmembrane, Receptor, G-protein coupled receptor, Glycoprotein, Osteogenesis imperfecta, Osteopetrosis, EGF-like domain, Endoplasmic reticulum, Disease variant, Endocytosis, Phosphoprotein, Repeat, Alternative splicing","Receptors","Frizzled;GPCR, LDLR;Other_receptors","","",TRUE,"CellChatDB v1"
"WNT2_FZD1_LRP5","WNT","Wnt2","FZD1_LRP5","WNT agonist","WNT antagonist","WNT activation receptor","WNT inhibition receptor","KEGG: mmu04310; PMID: 23209147","Secreted Signaling","Wnt2  - (Fzd1+Lrp5)",FALSE,"Wnt2","Wnt","Extracellular matrix, Secreted, Extracellular space","Signal, Developmental protein, Reference proteome, Wnt signaling pathway, Lipoprotein, Extracellular matrix, Disulfide bond, Secreted, Glycoprotein","wnt family",FALSE,"Fzd1, Lrp5","G-protein coupled receptor Fz/Smo, LDLR","Cell membrane, Endoplasmic reticulum, Membrane","Transducer, Ubl conjugation, Membrane, Signal, Developmental protein, Reference proteome, Wnt signaling pathway, Cell membrane, Transmembrane helix, Disulfide bond, Transmembrane, Receptor, G-protein coupled receptor, Glycoprotein, Osteogenesis imperfecta, Osteopetrosis, EGF-like domain, Endoplasmic reticulum, Disease variant, Endocytosis, Phosphoprotein, Repeat, Alternative splicing","Receptors","LDLR;Other_receptors, Frizzled;GPCR","","",TRUE,"CellChatDB v1"
"WNT2_FZD10_LRP5","WNT","Wnt2","FZD10_LRP5","WNT agonist","WNT antagonist","WNT activation receptor","WNT inhibition receptor","KEGG: mmu04310; PMID: 23209147","Secreted Signaling","Wnt2  - (Fzd10+Lrp5)",FALSE,"Wnt2","Wnt","Extracellular matrix, Secreted, Extracellular space","Signal, Developmental protein, Reference proteome, Wnt signaling pathway, Lipoprotein, Extracellular matrix, Disulfide bond, Secreted, Glycoprotein","wnt family",FALSE,"Fzd10, Lrp5","G-protein coupled receptor Fz/Smo, LDLR","Cell membrane, Endoplasmic reticulum, Membrane","Transducer, Ubl conjugation, Membrane, Signal, Developmental protein, Reference proteome, Wnt signaling pathway, Cell membrane, Transmembrane helix, Disulfide bond, Transmembrane, Receptor, G-protein coupled receptor, Glycoprotein, Osteogenesis imperfecta, Osteopetrosis, EGF-like domain, Endoplasmic reticulum, Disease variant, Endocytosis, Phosphoprotein, Repeat, Alternative splicing","Receptors","LDLR;Other_receptors, Frizzled;GPCR","","",TRUE,"CellChatDB v1"
"WNT2_FZD2_LRP5","WNT","Wnt2","FZD2_LRP5","WNT agonist","WNT antagonist","WNT activation receptor","WNT inhibition receptor","KEGG: mmu04310; PMID: 23209147","Secreted Signaling","Wnt2  - (Fzd2+Lrp5)",FALSE,"Wnt2","Wnt","Extracellular matrix, Secreted, Extracellular space","Signal, Developmental protein, Reference proteome, Wnt signaling pathway, Lipoprotein, Extracellular matrix, Disulfide bond, Secreted, Glycoprotein","wnt family",FALSE,"Fzd2, Lrp5","G-protein coupled receptor Fz/Smo, LDLR","Membrane, Cell membrane, Endoplasmic reticulum","Membrane, Disulfide bond, Transmembrane, Receptor, Glycoprotein, Transducer, Disease variant, Signal, Developmental protein, Reference proteome, Wnt signaling pathway, Cell membrane, Transmembrane helix, G-protein coupled receptor, 3D-structure, Ubl conjugation, Osteogenesis imperfecta, Osteopetrosis, EGF-like domain, Endoplasmic reticulum, Endocytosis, Phosphoprotein, Repeat, Alternative splicing","Receptors","LDLR;Other_receptors, Frizzled;GPCR","","",TRUE,"CellChatDB v1"
"WNT2_FZD3_LRP5","WNT","Wnt2","FZD3_LRP5","WNT agonist","WNT antagonist","WNT activation receptor","WNT inhibition receptor","KEGG: mmu04310; PMID: 23209147","Secreted Signaling","Wnt2  - (Fzd3+Lrp5)",FALSE,"Wnt2","Wnt","Extracellular matrix, Secreted, Extracellular space","Signal, Developmental protein, Reference proteome, Wnt signaling pathway, Lipoprotein, Extracellular matrix, Disulfide bond, Secreted, Glycoprotein","wnt family",FALSE,"Fzd3, Lrp5","LDLR, G-protein coupled receptor Fz/Smo","Endoplasmic reticulum, Membrane, Apical cell membrane, Cell surface, Cell membrane","Membrane, Disulfide bond, Transmembrane, Osteogenesis imperfecta, Osteopetrosis, Receptor, EGF-like domain, Endoplasmic reticulum, Glycoprotein, Disease variant, Endocytosis, Signal, Developmental protein, Reference proteome, Wnt signaling pathway, Transmembrane helix, Phosphoprotein, Repeat, Neurogenesis, Alternative splicing, Transducer, Cell membrane, Direct protein sequencing, G-protein coupled receptor, Ubl conjugation","Receptors","LDLR;Other_receptors, Frizzled;GPCR","","",TRUE,"CellChatDB v1"
"WNT2_FZD4_LRP5","WNT","Wnt2","FZD4_LRP5","WNT agonist","WNT antagonist","WNT activation receptor","WNT inhibition receptor","KEGG: mmu04310; PMID: 23209147","Secreted Signaling","Wnt2  - (Fzd4+Lrp5)",FALSE,"Wnt2","Wnt","Extracellular matrix, Secreted, Extracellular space","Signal, Developmental protein, Reference proteome, Wnt signaling pathway, Lipoprotein, Extracellular matrix, Disulfide bond, Secreted, Glycoprotein","wnt family",FALSE,"Fzd4, Lrp5","G-protein coupled receptor Fz/Smo, LDLR","Cell membrane, Endoplasmic reticulum, Membrane","Membrane, Disulfide bond, Transmembrane, Receptor, Glycoprotein, Transducer, Disease variant, Signal, Developmental protein, Reference proteome, Wnt signaling pathway, Cell membrane, Transmembrane helix, G-protein coupled receptor, 3D-structure, Ubl conjugation, Osteogenesis imperfecta, Osteopetrosis, EGF-like domain, Endoplasmic reticulum, Endocytosis, Phosphoprotein, Repeat, Alternative splicing","Receptors","LDLR;Other_receptors, Frizzled;GPCR","","",TRUE,"CellChatDB v1"
"WNT2_FZD5_LRP5","WNT","Wnt2","FZD5_LRP5","WNT agonist","WNT antagonist","WNT activation receptor","WNT inhibition receptor","KEGG: mmu04310; PMID: 23209147","Secreted Signaling","Wnt2  - (Fzd5+Lrp5)",FALSE,"Wnt2","Wnt","Extracellular matrix, Secreted, Extracellular space","Signal, Developmental protein, Reference proteome, Wnt signaling pathway, Lipoprotein, Extracellular matrix, Disulfide bond, Secreted, Glycoprotein","wnt family",FALSE,"Fzd5, Lrp5","G-protein coupled receptor Fz/Smo, LDLR","Perikaryon, Cell projection, Axon, Synapse, Golgi apparatus membrane, Dendrite, Cell membrane, Endoplasmic reticulum, Membrane","Membrane, Disulfide bond, Transmembrane, Lipid-binding, Receptor, Glycoprotein, Transducer, Cell projection, Developmental protein, Signal, Reference proteome, Wnt signaling pathway, Cell membrane, Transmembrane helix, Golgi apparatus, Synapse, G-protein coupled receptor, 3D-structure, Ubl conjugation, Osteogenesis imperfecta, Osteopetrosis, EGF-like domain, Endoplasmic reticulum, Disease variant, Endocytosis, Phosphoprotein, Repeat, Alternative splicing","Receptors","LDLR;Other_receptors, Frizzled;GPCR","","",TRUE,"CellChatDB v1"
"WNT2_FZD6_LRP5","WNT","Wnt2","FZD6_LRP5","WNT agonist","WNT antagonist","WNT activation receptor","WNT inhibition receptor","KEGG: mmu04310; PMID: 23209147","Secreted Signaling","Wnt2  - (Fzd6+Lrp5)",FALSE,"Wnt2","Wnt","Extracellular matrix, Secreted, Extracellular space","Signal, Developmental protein, Reference proteome, Wnt signaling pathway, Lipoprotein, Extracellular matrix, Disulfide bond, Secreted, Glycoprotein","wnt family",FALSE,"Fzd6, Lrp5","G-protein coupled receptor Fz/Smo, LDLR","Endoplasmic reticulum membrane, Cytoplasmic vesicle membrane, Apical cell membrane, Membrane, Cell surface, Cell membrane, Endoplasmic reticulum","Membrane, Disulfide bond, Transmembrane, Receptor, Alternative splicing, Cytoplasmic vesicle, Endoplasmic reticulum, Glycoprotein, Transducer, Disease variant, Developmental protein, Signal, Reference proteome, Wnt signaling pathway, Cell membrane, Transmembrane helix, Phosphoprotein, G-protein coupled receptor, Ubl conjugation, Osteogenesis imperfecta, Osteopetrosis, EGF-like domain, Endocytosis, Repeat","Receptors","Frizzled;GPCR, LDLR;Other_receptors","","",TRUE,"CellChatDB v1"
"WNT2_FZD7_LRP5","WNT","Wnt2","FZD7_LRP5","WNT agonist","WNT antagonist","WNT activation receptor","WNT inhibition receptor","KEGG: mmu04310; PMID: 23209147","Secreted Signaling","Wnt2  - (Fzd7+Lrp5)",FALSE,"Wnt2","Wnt","Extracellular matrix, Secreted, Extracellular space","Signal, Developmental protein, Reference proteome, Wnt signaling pathway, Lipoprotein, Extracellular matrix, Disulfide bond, Secreted, Glycoprotein","wnt family",FALSE,"Fzd7, Lrp5","LDLR, G-protein coupled receptor Fz/Smo","Endoplasmic reticulum, Membrane, Endosome membrane, Cell membrane","Membrane, Disulfide bond, Transmembrane, Osteogenesis imperfecta, Osteopetrosis, Receptor, EGF-like domain, Endoplasmic reticulum, Glycoprotein, Disease variant, Endocytosis, Signal, Developmental protein, Reference proteome, Wnt signaling pathway, Transmembrane helix, Phosphoprotein, Repeat, Transducer, Cell membrane, G-protein coupled receptor, 3D-structure, Endosome, Ubl conjugation, Alternative splicing","Receptors","Frizzled;GPCR, LDLR;Other_receptors","","",TRUE,"CellChatDB v1"
"WNT2_FZD8_LRP5","WNT","Wnt2","FZD8_LRP5","WNT agonist","WNT antagonist","WNT activation receptor","WNT inhibition receptor","KEGG: mmu04310; PMID: 23209147","Secreted Signaling","Wnt2  - (Fzd8+Lrp5)",FALSE,"Wnt2","Wnt","Extracellular matrix, Secreted, Extracellular space","Signal, Developmental protein, Reference proteome, Wnt signaling pathway, Lipoprotein, Extracellular matrix, Disulfide bond, Secreted, Glycoprotein","wnt family",FALSE,"Fzd8, Lrp5","G-protein coupled receptor Fz/Smo, LDLR","Golgi apparatus, Membrane, Cell membrane, Endoplasmic reticulum","Membrane, Disulfide bond, Transmembrane, Receptor, Glycoprotein, Transducer, Signal, Developmental protein, Reference proteome, Wnt signaling pathway, Cell membrane, Transmembrane helix, Golgi apparatus, G-protein coupled receptor, 3D-structure, Ubl conjugation, Osteogenesis imperfecta, Osteopetrosis, EGF-like domain, Endoplasmic reticulum, Disease variant, Endocytosis, Phosphoprotein, Repeat, Alternative splicing","Receptors","LDLR;Other_receptors, Frizzled;GPCR","","",TRUE,"CellChatDB v1"
"WNT2_FZD9_LRP5","WNT","Wnt2","FZD9_LRP5","WNT agonist","WNT antagonist","WNT activation receptor","WNT inhibition receptor","KEGG: mmu04310; PMID: 23209147","Secreted Signaling","Wnt2  - (Fzd9+Lrp5)",FALSE,"Wnt2","Wnt","Extracellular matrix, Secreted, Extracellular space","Signal, Developmental protein, Reference proteome, Wnt signaling pathway, Lipoprotein, Extracellular matrix, Disulfide bond, Secreted, Glycoprotein","wnt family",FALSE,"Fzd9, Lrp5","G-protein coupled receptor Fz/Smo, LDLR","Cell membrane, Endoplasmic reticulum, Membrane","Transducer, Ubl conjugation, Membrane, Signal, Developmental protein, Reference proteome, Wnt signaling pathway, Cell membrane, Transmembrane helix, Disulfide bond, Transmembrane, Receptor, G-protein coupled receptor, Glycoprotein, Osteogenesis imperfecta, Osteopetrosis, EGF-like domain, Endoplasmic reticulum, Disease variant, Endocytosis, Phosphoprotein, Repeat, Alternative splicing","Receptors","Frizzled;GPCR, LDLR;Other_receptors","","",TRUE,"CellChatDB v1"
"WNT2B_FZD1_LRP5","WNT","Wnt2b","FZD1_LRP5","WNT agonist","WNT antagonist","WNT activation receptor","WNT inhibition receptor","KEGG: mmu04310; PMID: 23209147","Secreted Signaling","Wnt2b  - (Fzd1+Lrp5)",FALSE,"Wnt2b","Wnt","Extracellular matrix, Secreted, Extracellular space","Disease variant, Signal, Developmental protein, Reference proteome, Lipoprotein, Wnt signaling pathway, Extracellular matrix, Disulfide bond, Secreted, Alternative splicing, Glycoprotein","wnt family",FALSE,"Fzd1, Lrp5","G-protein coupled receptor Fz/Smo, LDLR","Cell membrane, Endoplasmic reticulum, Membrane","Transducer, Ubl conjugation, Membrane, Signal, Developmental protein, Reference proteome, Wnt signaling pathway, Cell membrane, Transmembrane helix, Disulfide bond, Transmembrane, Receptor, G-protein coupled receptor, Glycoprotein, Osteogenesis imperfecta, Osteopetrosis, EGF-like domain, Endoplasmic reticulum, Disease variant, Endocytosis, Phosphoprotein, Repeat, Alternative splicing","Receptors","LDLR;Other_receptors, Frizzled;GPCR","","",TRUE,"CellChatDB v1"
"WNT2B_FZD10_LRP5","WNT","Wnt2b","FZD10_LRP5","WNT agonist","WNT antagonist","WNT activation receptor","WNT inhibition receptor","KEGG: mmu04310; PMID: 23209147","Secreted Signaling","Wnt2b  - (Fzd10+Lrp5)",FALSE,"Wnt2b","Wnt","Extracellular matrix, Secreted, Extracellular space","Disease variant, Signal, Developmental protein, Reference proteome, Lipoprotein, Wnt signaling pathway, Extracellular matrix, Disulfide bond, Secreted, Alternative splicing, Glycoprotein","wnt family",FALSE,"Fzd10, Lrp5","G-protein coupled receptor Fz/Smo, LDLR","Cell membrane, Endoplasmic reticulum, Membrane","Transducer, Ubl conjugation, Membrane, Signal, Developmental protein, Reference proteome, Wnt signaling pathway, Cell membrane, Transmembrane helix, Disulfide bond, Transmembrane, Receptor, G-protein coupled receptor, Glycoprotein, Osteogenesis imperfecta, Osteopetrosis, EGF-like domain, Endoplasmic reticulum, Disease variant, Endocytosis, Phosphoprotein, Repeat, Alternative splicing","Receptors","LDLR;Other_receptors, Frizzled;GPCR","","",TRUE,"CellChatDB v1"
"WNT2B_FZD2_LRP5","WNT","Wnt2b","FZD2_LRP5","WNT agonist","WNT antagonist","WNT activation receptor","WNT inhibition receptor","KEGG: mmu04310; PMID: 23209147","Secreted Signaling","Wnt2b  - (Fzd2+Lrp5)",FALSE,"Wnt2b","Wnt","Extracellular matrix, Secreted, Extracellular space","Disease variant, Signal, Developmental protein, Reference proteome, Lipoprotein, Wnt signaling pathway, Extracellular matrix, Disulfide bond, Secreted, Alternative splicing, Glycoprotein","wnt family",FALSE,"Fzd2, Lrp5","G-protein coupled receptor Fz/Smo, LDLR","Membrane, Cell membrane, Endoplasmic reticulum","Membrane, Disulfide bond, Transmembrane, Receptor, Glycoprotein, Transducer, Disease variant, Signal, Developmental protein, Reference proteome, Wnt signaling pathway, Cell membrane, Transmembrane helix, G-protein coupled receptor, 3D-structure, Ubl conjugation, Osteogenesis imperfecta, Osteopetrosis, EGF-like domain, Endoplasmic reticulum, Endocytosis, Phosphoprotein, Repeat, Alternative splicing","Receptors","LDLR;Other_receptors, Frizzled;GPCR","","",TRUE,"CellChatDB v1"
"WNT2B_FZD3_LRP5","WNT","Wnt2b","FZD3_LRP5","WNT agonist","WNT antagonist","WNT activation receptor","WNT inhibition receptor","KEGG: mmu04310; PMID: 23209147","Secreted Signaling","Wnt2b  - (Fzd3+Lrp5)",FALSE,"Wnt2b","Wnt","Extracellular matrix, Secreted, Extracellular space","Disease variant, Signal, Developmental protein, Reference proteome, Lipoprotein, Wnt signaling pathway, Extracellular matrix, Disulfide bond, Secreted, Alternative splicing, Glycoprotein","wnt family",FALSE,"Fzd3, Lrp5","LDLR, G-protein coupled receptor Fz/Smo","Endoplasmic reticulum, Membrane, Apical cell membrane, Cell surface, Cell membrane","Membrane, Disulfide bond, Transmembrane, Osteogenesis imperfecta, Osteopetrosis, Receptor, EGF-like domain, Endoplasmic reticulum, Glycoprotein, Disease variant, Endocytosis, Signal, Developmental protein, Reference proteome, Wnt signaling pathway, Transmembrane helix, Phosphoprotein, Repeat, Neurogenesis, Alternative splicing, Transducer, Cell membrane, Direct protein sequencing, G-protein coupled receptor, Ubl conjugation","Receptors","LDLR;Other_receptors, Frizzled;GPCR","","",TRUE,"CellChatDB v1"
"WNT2B_FZD4_LRP5","WNT","Wnt2b","FZD4_LRP5","WNT agonist","WNT antagonist","WNT activation receptor","WNT inhibition receptor","KEGG: mmu04310; PMID: 23209147","Secreted Signaling","Wnt2b  - (Fzd4+Lrp5)",FALSE,"Wnt2b","Wnt","Extracellular matrix, Secreted, Extracellular space","Disease variant, Signal, Developmental protein, Reference proteome, Lipoprotein, Wnt signaling pathway, Extracellular matrix, Disulfide bond, Secreted, Alternative splicing, Glycoprotein","wnt family",FALSE,"Fzd4, Lrp5","G-protein coupled receptor Fz/Smo, LDLR","Cell membrane, Endoplasmic reticulum, Membrane","Membrane, Disulfide bond, Transmembrane, Receptor, Glycoprotein, Transducer, Disease variant, Signal, Developmental protein, Reference proteome, Wnt signaling pathway, Cell membrane, Transmembrane helix, G-protein coupled receptor, 3D-structure, Ubl conjugation, Osteogenesis imperfecta, Osteopetrosis, EGF-like domain, Endoplasmic reticulum, Endocytosis, Phosphoprotein, Repeat, Alternative splicing","Receptors","LDLR;Other_receptors, Frizzled;GPCR","","",TRUE,"CellChatDB v1"
"WNT2B_FZD5_LRP5","WNT","Wnt2b","FZD5_LRP5","WNT agonist","WNT antagonist","WNT activation receptor","WNT inhibition receptor","KEGG: mmu04310; PMID: 23209147","Secreted Signaling","Wnt2b  - (Fzd5+Lrp5)",FALSE,"Wnt2b","Wnt","Extracellular matrix, Secreted, Extracellular space","Disease variant, Signal, Developmental protein, Reference proteome, Lipoprotein, Wnt signaling pathway, Extracellular matrix, Disulfide bond, Secreted, Alternative splicing, Glycoprotein","wnt family",FALSE,"Fzd5, Lrp5","G-protein coupled receptor Fz/Smo, LDLR","Perikaryon, Cell projection, Axon, Synapse, Golgi apparatus membrane, Dendrite, Cell membrane, Endoplasmic reticulum, Membrane","Membrane, Disulfide bond, Transmembrane, Lipid-binding, Receptor, Glycoprotein, Transducer, Cell projection, Developmental protein, Signal, Reference proteome, Wnt signaling pathway, Cell membrane, Transmembrane helix, Golgi apparatus, Synapse, G-protein coupled receptor, 3D-structure, Ubl conjugation, Osteogenesis imperfecta, Osteopetrosis, EGF-like domain, Endoplasmic reticulum, Disease variant, Endocytosis, Phosphoprotein, Repeat, Alternative splicing","Receptors","LDLR;Other_receptors, Frizzled;GPCR","","",TRUE,"CellChatDB v1"
"WNT2B_FZD6_LRP5","WNT","Wnt2b","FZD6_LRP5","WNT agonist","WNT antagonist","WNT activation receptor","WNT inhibition receptor","KEGG: mmu04310; PMID: 23209147","Secreted Signaling","Wnt2b  - (Fzd6+Lrp5)",FALSE,"Wnt2b","Wnt","Extracellular matrix, Secreted, Extracellular space","Disease variant, Signal, Developmental protein, Reference proteome, Lipoprotein, Wnt signaling pathway, Extracellular matrix, Disulfide bond, Secreted, Alternative splicing, Glycoprotein","wnt family",FALSE,"Fzd6, Lrp5","G-protein coupled receptor Fz/Smo, LDLR","Endoplasmic reticulum membrane, Cytoplasmic vesicle membrane, Apical cell membrane, Membrane, Cell surface, Cell membrane, Endoplasmic reticulum","Membrane, Disulfide bond, Transmembrane, Receptor, Alternative splicing, Cytoplasmic vesicle, Endoplasmic reticulum, Glycoprotein, Transducer, Disease variant, Developmental protein, Signal, Reference proteome, Wnt signaling pathway, Cell membrane, Transmembrane helix, Phosphoprotein, G-protein coupled receptor, Ubl conjugation, Osteogenesis imperfecta, Osteopetrosis, EGF-like domain, Endocytosis, Repeat","Receptors","Frizzled;GPCR, LDLR;Other_receptors","","",TRUE,"CellChatDB v1"
"WNT2B_FZD7_LRP5","WNT","Wnt2b","FZD7_LRP5","WNT agonist","WNT antagonist","WNT activation receptor","WNT inhibition receptor","KEGG: mmu04310; PMID: 23209147","Secreted Signaling","Wnt2b  - (Fzd7+Lrp5)",FALSE,"Wnt2b","Wnt","Extracellular matrix, Secreted, Extracellular space","Disease variant, Signal, Developmental protein, Reference proteome, Lipoprotein, Wnt signaling pathway, Extracellular matrix, Disulfide bond, Secreted, Alternative splicing, Glycoprotein","wnt family",FALSE,"Fzd7, Lrp5","LDLR, G-protein coupled receptor Fz/Smo","Endoplasmic reticulum, Membrane, Endosome membrane, Cell membrane","Membrane, Disulfide bond, Transmembrane, Osteogenesis imperfecta, Osteopetrosis, Receptor, EGF-like domain, Endoplasmic reticulum, Glycoprotein, Disease variant, Endocytosis, Signal, Developmental protein, Reference proteome, Wnt signaling pathway, Transmembrane helix, Phosphoprotein, Repeat, Transducer, Cell membrane, G-protein coupled receptor, 3D-structure, Endosome, Ubl conjugation, Alternative splicing","Receptors","Frizzled;GPCR, LDLR;Other_receptors","","",TRUE,"CellChatDB v1"
"WNT2B_FZD8_LRP5","WNT","Wnt2b","FZD8_LRP5","WNT agonist","WNT antagonist","WNT activation receptor","WNT inhibition receptor","KEGG: mmu04310; PMID: 23209147","Secreted Signaling","Wnt2b  - (Fzd8+Lrp5)",FALSE,"Wnt2b","Wnt","Extracellular matrix, Secreted, Extracellular space","Disease variant, Signal, Developmental protein, Reference proteome, Lipoprotein, Wnt signaling pathway, Extracellular matrix, Disulfide bond, Secreted, Alternative splicing, Glycoprotein","wnt family",FALSE,"Fzd8, Lrp5","G-protein coupled receptor Fz/Smo, LDLR","Golgi apparatus, Membrane, Cell membrane, Endoplasmic reticulum","Membrane, Disulfide bond, Transmembrane, Receptor, Glycoprotein, Transducer, Signal, Developmental protein, Reference proteome, Wnt signaling pathway, Cell membrane, Transmembrane helix, Golgi apparatus, G-protein coupled receptor, 3D-structure, Ubl conjugation, Osteogenesis imperfecta, Osteopetrosis, EGF-like domain, Endoplasmic reticulum, Disease variant, Endocytosis, Phosphoprotein, Repeat, Alternative splicing","Receptors","LDLR;Other_receptors, Frizzled;GPCR","","",TRUE,"CellChatDB v1"
"WNT2B_FZD9_LRP5","WNT","Wnt2b","FZD9_LRP5","WNT agonist","WNT antagonist","WNT activation receptor","WNT inhibition receptor","KEGG: mmu04310; PMID: 23209147","Secreted Signaling","Wnt2b  - (Fzd9+Lrp5)",FALSE,"Wnt2b","Wnt","Extracellular matrix, Secreted, Extracellular space","Disease variant, Signal, Developmental protein, Reference proteome, Lipoprotein, Wnt signaling pathway, Extracellular matrix, Disulfide bond, Secreted, Alternative splicing, Glycoprotein","wnt family",FALSE,"Fzd9, Lrp5","G-protein coupled receptor Fz/Smo, LDLR","Cell membrane, Endoplasmic reticulum, Membrane","Transducer, Ubl conjugation, Membrane, Signal, Developmental protein, Reference proteome, Wnt signaling pathway, Cell membrane, Transmembrane helix, Disulfide bond, Transmembrane, Receptor, G-protein coupled receptor, Glycoprotein, Osteogenesis imperfecta, Osteopetrosis, EGF-like domain, Endoplasmic reticulum, Disease variant, Endocytosis, Phosphoprotein, Repeat, Alternative splicing","Receptors","Frizzled;GPCR, LDLR;Other_receptors","","",TRUE,"CellChatDB v1"
"WNT3_FZD1_LRP5","WNT","Wnt3","FZD1_LRP5","WNT agonist","WNT antagonist","WNT activation receptor","WNT inhibition receptor","KEGG: mmu04310; PMID: 23209147","Secreted Signaling","Wnt3  - (Fzd1+Lrp5)",FALSE,"Wnt3","Wnt","Extracellular matrix, Secreted, Extracellular space","Signal, Developmental protein, Reference proteome, Lipoprotein, Proto-oncogene, Wnt signaling pathway, Disulfide bond, Secreted, Extracellular matrix, 3D-structure, Glycoprotein","wnt family",FALSE,"Fzd1, Lrp5","G-protein coupled receptor Fz/Smo, LDLR","Cell membrane, Endoplasmic reticulum, Membrane","Transducer, Ubl conjugation, Membrane, Signal, Developmental protein, Reference proteome, Wnt signaling pathway, Cell membrane, Transmembrane helix, Disulfide bond, Transmembrane, Receptor, G-protein coupled receptor, Glycoprotein, Osteogenesis imperfecta, Osteopetrosis, EGF-like domain, Endoplasmic reticulum, Disease variant, Endocytosis, Phosphoprotein, Repeat, Alternative splicing","Receptors","LDLR;Other_receptors, Frizzled;GPCR","","",TRUE,"CellChatDB v1"
"WNT3_FZD10_LRP5","WNT","Wnt3","FZD10_LRP5","WNT agonist","WNT antagonist","WNT activation receptor","WNT inhibition receptor","KEGG: mmu04310; PMID: 23209147","Secreted Signaling","Wnt3  - (Fzd10+Lrp5)",FALSE,"Wnt3","Wnt","Extracellular matrix, Secreted, Extracellular space","Signal, Developmental protein, Reference proteome, Lipoprotein, Proto-oncogene, Wnt signaling pathway, Disulfide bond, Secreted, Extracellular matrix, 3D-structure, Glycoprotein","wnt family",FALSE,"Fzd10, Lrp5","G-protein coupled receptor Fz/Smo, LDLR","Cell membrane, Endoplasmic reticulum, Membrane","Transducer, Ubl conjugation, Membrane, Signal, Developmental protein, Reference proteome, Wnt signaling pathway, Cell membrane, Transmembrane helix, Disulfide bond, Transmembrane, Receptor, G-protein coupled receptor, Glycoprotein, Osteogenesis imperfecta, Osteopetrosis, EGF-like domain, Endoplasmic reticulum, Disease variant, Endocytosis, Phosphoprotein, Repeat, Alternative splicing","Receptors","LDLR;Other_receptors, Frizzled;GPCR","","",TRUE,"CellChatDB v1"
"WNT3_FZD2_LRP5","WNT","Wnt3","FZD2_LRP5","WNT agonist","WNT antagonist","WNT activation receptor","WNT inhibition receptor","KEGG: mmu04310; PMID: 23209147","Secreted Signaling","Wnt3  - (Fzd2+Lrp5)",FALSE,"Wnt3","Wnt","Extracellular matrix, Secreted, Extracellular space","Signal, Developmental protein, Reference proteome, Lipoprotein, Proto-oncogene, Wnt signaling pathway, Disulfide bond, Secreted, Extracellular matrix, 3D-structure, Glycoprotein","wnt family",FALSE,"Fzd2, Lrp5","G-protein coupled receptor Fz/Smo, LDLR","Membrane, Cell membrane, Endoplasmic reticulum","Membrane, Disulfide bond, Transmembrane, Receptor, Glycoprotein, Transducer, Disease variant, Signal, Developmental protein, Reference proteome, Wnt signaling pathway, Cell membrane, Transmembrane helix, G-protein coupled receptor, 3D-structure, Ubl conjugation, Osteogenesis imperfecta, Osteopetrosis, EGF-like domain, Endoplasmic reticulum, Endocytosis, Phosphoprotein, Repeat, Alternative splicing","Receptors","LDLR;Other_receptors, Frizzled;GPCR","","",TRUE,"CellChatDB v1"
"WNT3_FZD3_LRP5","WNT","Wnt3","FZD3_LRP5","WNT agonist","WNT antagonist","WNT activation receptor","WNT inhibition receptor","KEGG: mmu04310; PMID: 23209147","Secreted Signaling","Wnt3  - (Fzd3+Lrp5)",FALSE,"Wnt3","Wnt","Extracellular matrix, Secreted, Extracellular space","Signal, Developmental protein, Reference proteome, Lipoprotein, Proto-oncogene, Wnt signaling pathway, Disulfide bond, Secreted, Extracellular matrix, 3D-structure, Glycoprotein","wnt family",FALSE,"Fzd3, Lrp5","LDLR, G-protein coupled receptor Fz/Smo","Endoplasmic reticulum, Membrane, Apical cell membrane, Cell surface, Cell membrane","Membrane, Disulfide bond, Transmembrane, Osteogenesis imperfecta, Osteopetrosis, Receptor, EGF-like domain, Endoplasmic reticulum, Glycoprotein, Disease variant, Endocytosis, Signal, Developmental protein, Reference proteome, Wnt signaling pathway, Transmembrane helix, Phosphoprotein, Repeat, Neurogenesis, Alternative splicing, Transducer, Cell membrane, Direct protein sequencing, G-protein coupled receptor, Ubl conjugation","Receptors","LDLR;Other_receptors, Frizzled;GPCR","","",TRUE,"CellChatDB v1"
"WNT3_FZD4_LRP5","WNT","Wnt3","FZD4_LRP5","WNT agonist","WNT antagonist","WNT activation receptor","WNT inhibition receptor","KEGG: mmu04310; PMID: 23209147","Secreted Signaling","Wnt3  - (Fzd4+Lrp5)",FALSE,"Wnt3","Wnt","Extracellular matrix, Secreted, Extracellular space","Signal, Developmental protein, Reference proteome, Lipoprotein, Proto-oncogene, Wnt signaling pathway, Disulfide bond, Secreted, Extracellular matrix, 3D-structure, Glycoprotein","wnt family",FALSE,"Fzd4, Lrp5","G-protein coupled receptor Fz/Smo, LDLR","Cell membrane, Endoplasmic reticulum, Membrane","Membrane, Disulfide bond, Transmembrane, Receptor, Glycoprotein, Transducer, Disease variant, Signal, Developmental protein, Reference proteome, Wnt signaling pathway, Cell membrane, Transmembrane helix, G-protein coupled receptor, 3D-structure, Ubl conjugation, Osteogenesis imperfecta, Osteopetrosis, EGF-like domain, Endoplasmic reticulum, Endocytosis, Phosphoprotein, Repeat, Alternative splicing","Receptors","LDLR;Other_receptors, Frizzled;GPCR","","",TRUE,"CellChatDB v1"
"WNT3_FZD5_LRP5","WNT","Wnt3","FZD5_LRP5","WNT agonist","WNT antagonist","WNT activation receptor","WNT inhibition receptor","KEGG: mmu04310; PMID: 23209147","Secreted Signaling","Wnt3  - (Fzd5+Lrp5)",FALSE,"Wnt3","Wnt","Extracellular matrix, Secreted, Extracellular space","Signal, Developmental protein, Reference proteome, Lipoprotein, Proto-oncogene, Wnt signaling pathway, Disulfide bond, Secreted, Extracellular matrix, 3D-structure, Glycoprotein","wnt family",FALSE,"Fzd5, Lrp5","G-protein coupled receptor Fz/Smo, LDLR","Perikaryon, Cell projection, Axon, Synapse, Golgi apparatus membrane, Dendrite, Cell membrane, Endoplasmic reticulum, Membrane","Membrane, Disulfide bond, Transmembrane, Lipid-binding, Receptor, Glycoprotein, Transducer, Cell projection, Developmental protein, Signal, Reference proteome, Wnt signaling pathway, Cell membrane, Transmembrane helix, Golgi apparatus, Synapse, G-protein coupled receptor, 3D-structure, Ubl conjugation, Osteogenesis imperfecta, Osteopetrosis, EGF-like domain, Endoplasmic reticulum, Disease variant, Endocytosis, Phosphoprotein, Repeat, Alternative splicing","Receptors","LDLR;Other_receptors, Frizzled;GPCR","","",TRUE,"CellChatDB v1"
"WNT3_FZD6_LRP5","WNT","Wnt3","FZD6_LRP5","WNT agonist","WNT antagonist","WNT activation receptor","WNT inhibition receptor","KEGG: mmu04310; PMID: 23209147","Secreted Signaling","Wnt3  - (Fzd6+Lrp5)",FALSE,"Wnt3","Wnt","Extracellular matrix, Secreted, Extracellular space","Signal, Developmental protein, Reference proteome, Lipoprotein, Proto-oncogene, Wnt signaling pathway, Disulfide bond, Secreted, Extracellular matrix, 3D-structure, Glycoprotein","wnt family",FALSE,"Fzd6, Lrp5","G-protein coupled receptor Fz/Smo, LDLR","Endoplasmic reticulum membrane, Cytoplasmic vesicle membrane, Apical cell membrane, Membrane, Cell surface, Cell membrane, Endoplasmic reticulum","Membrane, Disulfide bond, Transmembrane, Receptor, Alternative splicing, Cytoplasmic vesicle, Endoplasmic reticulum, Glycoprotein, Transducer, Disease variant, Developmental protein, Signal, Reference proteome, Wnt signaling pathway, Cell membrane, Transmembrane helix, Phosphoprotein, G-protein coupled receptor, Ubl conjugation, Osteogenesis imperfecta, Osteopetrosis, EGF-like domain, Endocytosis, Repeat","Receptors","Frizzled;GPCR, LDLR;Other_receptors","","",TRUE,"CellChatDB v1"
"WNT3_FZD7_LRP5","WNT","Wnt3","FZD7_LRP5","WNT agonist","WNT antagonist","WNT activation receptor","WNT inhibition receptor","KEGG: mmu04310; PMID: 23209147","Secreted Signaling","Wnt3  - (Fzd7+Lrp5)",FALSE,"Wnt3","Wnt","Extracellular matrix, Secreted, Extracellular space","Signal, Developmental protein, Reference proteome, Lipoprotein, Proto-oncogene, Wnt signaling pathway, Disulfide bond, Secreted, Extracellular matrix, 3D-structure, Glycoprotein","wnt family",FALSE,"Fzd7, Lrp5","LDLR, G-protein coupled receptor Fz/Smo","Endoplasmic reticulum, Membrane, Endosome membrane, Cell membrane","Membrane, Disulfide bond, Transmembrane, Osteogenesis imperfecta, Osteopetrosis, Receptor, EGF-like domain, Endoplasmic reticulum, Glycoprotein, Disease variant, Endocytosis, Signal, Developmental protein, Reference proteome, Wnt signaling pathway, Transmembrane helix, Phosphoprotein, Repeat, Transducer, Cell membrane, G-protein coupled receptor, 3D-structure, Endosome, Ubl conjugation, Alternative splicing","Receptors","Frizzled;GPCR, LDLR;Other_receptors","","",TRUE,"CellChatDB v1"
"WNT3_FZD8_LRP5","WNT","Wnt3","FZD8_LRP5","WNT agonist","WNT antagonist","WNT activation receptor","WNT inhibition receptor","KEGG: mmu04310; PMID: 23209147","Secreted Signaling","Wnt3  - (Fzd8+Lrp5)",FALSE,"Wnt3","Wnt","Extracellular matrix, Secreted, Extracellular space","Signal, Developmental protein, Reference proteome, Lipoprotein, Proto-oncogene, Wnt signaling pathway, Disulfide bond, Secreted, Extracellular matrix, 3D-structure, Glycoprotein","wnt family",FALSE,"Fzd8, Lrp5","G-protein coupled receptor Fz/Smo, LDLR","Golgi apparatus, Membrane, Cell membrane, Endoplasmic reticulum","Membrane, Disulfide bond, Transmembrane, Receptor, Glycoprotein, Transducer, Signal, Developmental protein, Reference proteome, Wnt signaling pathway, Cell membrane, Transmembrane helix, Golgi apparatus, G-protein coupled receptor, 3D-structure, Ubl conjugation, Osteogenesis imperfecta, Osteopetrosis, EGF-like domain, Endoplasmic reticulum, Disease variant, Endocytosis, Phosphoprotein, Repeat, Alternative splicing","Receptors","LDLR;Other_receptors, Frizzled;GPCR","","",TRUE,"CellChatDB v1"
"WNT3_FZD9_LRP5","WNT","Wnt3","FZD9_LRP5","WNT agonist","WNT antagonist","WNT activation receptor","WNT inhibition receptor","KEGG: mmu04310; PMID: 23209147","Secreted Signaling","Wnt3  - (Fzd9+Lrp5)",FALSE,"Wnt3","Wnt","Extracellular matrix, Secreted, Extracellular space","Signal, Developmental protein, Reference proteome, Lipoprotein, Proto-oncogene, Wnt signaling pathway, Disulfide bond, Secreted, Extracellular matrix, 3D-structure, Glycoprotein","wnt family",FALSE,"Fzd9, Lrp5","G-protein coupled receptor Fz/Smo, LDLR","Cell membrane, Endoplasmic reticulum, Membrane","Transducer, Ubl conjugation, Membrane, Signal, Developmental protein, Reference proteome, Wnt signaling pathway, Cell membrane, Transmembrane helix, Disulfide bond, Transmembrane, Receptor, G-protein coupled receptor, Glycoprotein, Osteogenesis imperfecta, Osteopetrosis, EGF-like domain, Endoplasmic reticulum, Disease variant, Endocytosis, Phosphoprotein, Repeat, Alternative splicing","Receptors","Frizzled;GPCR, LDLR;Other_receptors","","",TRUE,"CellChatDB v1"
"WNT4_FZD1_LRP5","WNT","Wnt4","FZD1_LRP5","WNT agonist","WNT antagonist","WNT activation receptor","WNT inhibition receptor","KEGG: mmu04310; PMID: 23209147","Secreted Signaling","Wnt4  - (Fzd1+Lrp5)",FALSE,"Wnt4","Wnt","Extracellular matrix, Secreted, Extracellular space","Disease variant, Signal, Developmental protein, Reference proteome, Lipoprotein, Wnt signaling pathway, Extracellular matrix, Disulfide bond, Secreted, Alternative splicing, Glycoprotein","wnt family",FALSE,"Fzd1, Lrp5","G-protein coupled receptor Fz/Smo, LDLR","Cell membrane, Endoplasmic reticulum, Membrane","Transducer, Ubl conjugation, Membrane, Signal, Developmental protein, Reference proteome, Wnt signaling pathway, Cell membrane, Transmembrane helix, Disulfide bond, Transmembrane, Receptor, G-protein coupled receptor, Glycoprotein, Osteogenesis imperfecta, Osteopetrosis, EGF-like domain, Endoplasmic reticulum, Disease variant, Endocytosis, Phosphoprotein, Repeat, Alternative splicing","Receptors","LDLR;Other_receptors, Frizzled;GPCR","","",TRUE,"CellChatDB v1"
"WNT4_FZD10_LRP5","WNT","Wnt4","FZD10_LRP5","WNT agonist","WNT antagonist","WNT activation receptor","WNT inhibition receptor","KEGG: mmu04310; PMID: 23209147","Secreted Signaling","Wnt4  - (Fzd10+Lrp5)",FALSE,"Wnt4","Wnt","Extracellular matrix, Secreted, Extracellular space","Disease variant, Signal, Developmental protein, Reference proteome, Lipoprotein, Wnt signaling pathway, Extracellular matrix, Disulfide bond, Secreted, Alternative splicing, Glycoprotein","wnt family",FALSE,"Fzd10, Lrp5","G-protein coupled receptor Fz/Smo, LDLR","Cell membrane, Endoplasmic reticulum, Membrane","Transducer, Ubl conjugation, Membrane, Signal, Developmental protein, Reference proteome, Wnt signaling pathway, Cell membrane, Transmembrane helix, Disulfide bond, Transmembrane, Receptor, G-protein coupled receptor, Glycoprotein, Osteogenesis imperfecta, Osteopetrosis, EGF-like domain, Endoplasmic reticulum, Disease variant, Endocytosis, Phosphoprotein, Repeat, Alternative splicing","Receptors","LDLR;Other_receptors, Frizzled;GPCR","","",TRUE,"CellChatDB v1"
"WNT4_FZD2_LRP5","WNT","Wnt4","FZD2_LRP5","WNT agonist","WNT antagonist","WNT activation receptor","WNT inhibition receptor","KEGG: mmu04310; PMID: 23209147","Secreted Signaling","Wnt4  - (Fzd2+Lrp5)",FALSE,"Wnt4","Wnt","Extracellular matrix, Secreted, Extracellular space","Disease variant, Signal, Developmental protein, Reference proteome, Lipoprotein, Wnt signaling pathway, Extracellular matrix, Disulfide bond, Secreted, Alternative splicing, Glycoprotein","wnt family",FALSE,"Fzd2, Lrp5","G-protein coupled receptor Fz/Smo, LDLR","Membrane, Cell membrane, Endoplasmic reticulum","Membrane, Disulfide bond, Transmembrane, Receptor, Glycoprotein, Transducer, Disease variant, Signal, Developmental protein, Reference proteome, Wnt signaling pathway, Cell membrane, Transmembrane helix, G-protein coupled receptor, 3D-structure, Ubl conjugation, Osteogenesis imperfecta, Osteopetrosis, EGF-like domain, Endoplasmic reticulum, Endocytosis, Phosphoprotein, Repeat, Alternative splicing","Receptors","LDLR;Other_receptors, Frizzled;GPCR","","",TRUE,"CellChatDB v1"
"WNT4_FZD3_LRP5","WNT","Wnt4","FZD3_LRP5","WNT agonist","WNT antagonist","WNT activation receptor","WNT inhibition receptor","KEGG: mmu04310; PMID: 23209147","Secreted Signaling","Wnt4  - (Fzd3+Lrp5)",FALSE,"Wnt4","Wnt","Extracellular matrix, Secreted, Extracellular space","Disease variant, Signal, Developmental protein, Reference proteome, Lipoprotein, Wnt signaling pathway, Extracellular matrix, Disulfide bond, Secreted, Alternative splicing, Glycoprotein","wnt family",FALSE,"Fzd3, Lrp5","LDLR, G-protein coupled receptor Fz/Smo","Endoplasmic reticulum, Membrane, Apical cell membrane, Cell surface, Cell membrane","Membrane, Disulfide bond, Transmembrane, Osteogenesis imperfecta, Osteopetrosis, Receptor, EGF-like domain, Endoplasmic reticulum, Glycoprotein, Disease variant, Endocytosis, Signal, Developmental protein, Reference proteome, Wnt signaling pathway, Transmembrane helix, Phosphoprotein, Repeat, Neurogenesis, Alternative splicing, Transducer, Cell membrane, Direct protein sequencing, G-protein coupled receptor, Ubl conjugation","Receptors","LDLR;Other_receptors, Frizzled;GPCR","","",TRUE,"CellChatDB v1"
"WNT4_FZD4_LRP5","WNT","Wnt4","FZD4_LRP5","WNT agonist","WNT antagonist","WNT activation receptor","WNT inhibition receptor","KEGG: mmu04310; PMID: 23209147","Secreted Signaling","Wnt4  - (Fzd4+Lrp5)",FALSE,"Wnt4","Wnt","Extracellular matrix, Secreted, Extracellular space","Disease variant, Signal, Developmental protein, Reference proteome, Lipoprotein, Wnt signaling pathway, Extracellular matrix, Disulfide bond, Secreted, Alternative splicing, Glycoprotein","wnt family",FALSE,"Fzd4, Lrp5","G-protein coupled receptor Fz/Smo, LDLR","Cell membrane, Endoplasmic reticulum, Membrane","Membrane, Disulfide bond, Transmembrane, Receptor, Glycoprotein, Transducer, Disease variant, Signal, Developmental protein, Reference proteome, Wnt signaling pathway, Cell membrane, Transmembrane helix, G-protein coupled receptor, 3D-structure, Ubl conjugation, Osteogenesis imperfecta, Osteopetrosis, EGF-like domain, Endoplasmic reticulum, Endocytosis, Phosphoprotein, Repeat, Alternative splicing","Receptors","LDLR;Other_receptors, Frizzled;GPCR","","",TRUE,"CellChatDB v1"
"WNT4_FZD5_LRP5","WNT","Wnt4","FZD5_LRP5","WNT agonist","WNT antagonist","WNT activation receptor","WNT inhibition receptor","KEGG: mmu04310; PMID: 23209147","Secreted Signaling","Wnt4  - (Fzd5+Lrp5)",FALSE,"Wnt4","Wnt","Extracellular matrix, Secreted, Extracellular space","Disease variant, Signal, Developmental protein, Reference proteome, Lipoprotein, Wnt signaling pathway, Extracellular matrix, Disulfide bond, Secreted, Alternative splicing, Glycoprotein","wnt family",FALSE,"Fzd5, Lrp5","G-protein coupled receptor Fz/Smo, LDLR","Perikaryon, Cell projection, Axon, Synapse, Golgi apparatus membrane, Dendrite, Cell membrane, Endoplasmic reticulum, Membrane","Membrane, Disulfide bond, Transmembrane, Lipid-binding, Receptor, Glycoprotein, Transducer, Cell projection, Developmental protein, Signal, Reference proteome, Wnt signaling pathway, Cell membrane, Transmembrane helix, Golgi apparatus, Synapse, G-protein coupled receptor, 3D-structure, Ubl conjugation, Osteogenesis imperfecta, Osteopetrosis, EGF-like domain, Endoplasmic reticulum, Disease variant, Endocytosis, Phosphoprotein, Repeat, Alternative splicing","Receptors","LDLR;Other_receptors, Frizzled;GPCR","","",TRUE,"CellChatDB v1"
"WNT4_FZD6_LRP5","WNT","Wnt4","FZD6_LRP5","WNT agonist","WNT antagonist","WNT activation receptor","WNT inhibition receptor","KEGG: mmu04310; PMID: 23209147","Secreted Signaling","Wnt4  - (Fzd6+Lrp5)",FALSE,"Wnt4","Wnt","Extracellular matrix, Secreted, Extracellular space","Disease variant, Signal, Developmental protein, Reference proteome, Lipoprotein, Wnt signaling pathway, Extracellular matrix, Disulfide bond, Secreted, Alternative splicing, Glycoprotein","wnt family",FALSE,"Fzd6, Lrp5","G-protein coupled receptor Fz/Smo, LDLR","Endoplasmic reticulum membrane, Cytoplasmic vesicle membrane, Apical cell membrane, Membrane, Cell surface, Cell membrane, Endoplasmic reticulum","Membrane, Disulfide bond, Transmembrane, Receptor, Alternative splicing, Cytoplasmic vesicle, Endoplasmic reticulum, Glycoprotein, Transducer, Disease variant, Developmental protein, Signal, Reference proteome, Wnt signaling pathway, Cell membrane, Transmembrane helix, Phosphoprotein, G-protein coupled receptor, Ubl conjugation, Osteogenesis imperfecta, Osteopetrosis, EGF-like domain, Endocytosis, Repeat","Receptors","Frizzled;GPCR, LDLR;Other_receptors","","",TRUE,"CellChatDB v1"
"WNT4_FZD7_LRP5","WNT","Wnt4","FZD7_LRP5","WNT agonist","WNT antagonist","WNT activation receptor","WNT inhibition receptor","KEGG: mmu04310; PMID: 23209147","Secreted Signaling","Wnt4  - (Fzd7+Lrp5)",FALSE,"Wnt4","Wnt","Extracellular matrix, Secreted, Extracellular space","Disease variant, Signal, Developmental protein, Reference proteome, Lipoprotein, Wnt signaling pathway, Extracellular matrix, Disulfide bond, Secreted, Alternative splicing, Glycoprotein","wnt family",FALSE,"Fzd7, Lrp5","LDLR, G-protein coupled receptor Fz/Smo","Endoplasmic reticulum, Membrane, Endosome membrane, Cell membrane","Membrane, Disulfide bond, Transmembrane, Osteogenesis imperfecta, Osteopetrosis, Receptor, EGF-like domain, Endoplasmic reticulum, Glycoprotein, Disease variant, Endocytosis, Signal, Developmental protein, Reference proteome, Wnt signaling pathway, Transmembrane helix, Phosphoprotein, Repeat, Transducer, Cell membrane, G-protein coupled receptor, 3D-structure, Endosome, Ubl conjugation, Alternative splicing","Receptors","Frizzled;GPCR, LDLR;Other_receptors","","",TRUE,"CellChatDB v1"
"WNT4_FZD8_LRP5","WNT","Wnt4","FZD8_LRP5","WNT agonist","WNT antagonist","WNT activation receptor","WNT inhibition receptor","KEGG: mmu04310; PMID: 23209147","Secreted Signaling","Wnt4  - (Fzd8+Lrp5)",FALSE,"Wnt4","Wnt","Extracellular matrix, Secreted, Extracellular space","Disease variant, Signal, Developmental protein, Reference proteome, Lipoprotein, Wnt signaling pathway, Extracellular matrix, Disulfide bond, Secreted, Alternative splicing, Glycoprotein","wnt family",FALSE,"Fzd8, Lrp5","G-protein coupled receptor Fz/Smo, LDLR","Golgi apparatus, Membrane, Cell membrane, Endoplasmic reticulum","Membrane, Disulfide bond, Transmembrane, Receptor, Glycoprotein, Transducer, Signal, Developmental protein, Reference proteome, Wnt signaling pathway, Cell membrane, Transmembrane helix, Golgi apparatus, G-protein coupled receptor, 3D-structure, Ubl conjugation, Osteogenesis imperfecta, Osteopetrosis, EGF-like domain, Endoplasmic reticulum, Disease variant, Endocytosis, Phosphoprotein, Repeat, Alternative splicing","Receptors","LDLR;Other_receptors, Frizzled;GPCR","","",TRUE,"CellChatDB v1"
"WNT4_FZD9_LRP5","WNT","Wnt4","FZD9_LRP5","WNT agonist","WNT antagonist","WNT activation receptor","WNT inhibition receptor","KEGG: mmu04310; PMID: 23209147","Secreted Signaling","Wnt4  - (Fzd9+Lrp5)",FALSE,"Wnt4","Wnt","Extracellular matrix, Secreted, Extracellular space","Disease variant, Signal, Developmental protein, Reference proteome, Lipoprotein, Wnt signaling pathway, Extracellular matrix, Disulfide bond, Secreted, Alternative splicing, Glycoprotein","wnt family",FALSE,"Fzd9, Lrp5","G-protein coupled receptor Fz/Smo, LDLR","Cell membrane, Endoplasmic reticulum, Membrane","Transducer, Ubl conjugation, Membrane, Signal, Developmental protein, Reference proteome, Wnt signaling pathway, Cell membrane, Transmembrane helix, Disulfide bond, Transmembrane, Receptor, G-protein coupled receptor, Glycoprotein, Osteogenesis imperfecta, Osteopetrosis, EGF-like domain, Endoplasmic reticulum, Disease variant, Endocytosis, Phosphoprotein, Repeat, Alternative splicing","Receptors","Frizzled;GPCR, LDLR;Other_receptors","","",TRUE,"CellChatDB v1"
"WNT6_FZD1_LRP5","WNT","Wnt6","FZD1_LRP5","WNT agonist","WNT antagonist","WNT activation receptor","WNT inhibition receptor","KEGG: mmu04310; PMID: 23209147","Secreted Signaling","Wnt6  - (Fzd1+Lrp5)",FALSE,"Wnt6","Wnt","Extracellular matrix, Secreted, Extracellular space","Signal, Developmental protein, Reference proteome, Wnt signaling pathway, Lipoprotein, Extracellular matrix, Disulfide bond, Secreted, Glycoprotein","wnt family",FALSE,"Fzd1, Lrp5","G-protein coupled receptor Fz/Smo, LDLR","Cell membrane, Endoplasmic reticulum, Membrane","Transducer, Ubl conjugation, Membrane, Signal, Developmental protein, Reference proteome, Wnt signaling pathway, Cell membrane, Transmembrane helix, Disulfide bond, Transmembrane, Receptor, G-protein coupled receptor, Glycoprotein, Osteogenesis imperfecta, Osteopetrosis, EGF-like domain, Endoplasmic reticulum, Disease variant, Endocytosis, Phosphoprotein, Repeat, Alternative splicing","Receptors","LDLR;Other_receptors, Frizzled;GPCR","","",TRUE,"CellChatDB v1"
"WNT6_FZD10_LRP5","WNT","Wnt6","FZD10_LRP5","WNT agonist","WNT antagonist","WNT activation receptor","WNT inhibition receptor","KEGG: mmu04310; PMID: 23209147","Secreted Signaling","Wnt6  - (Fzd10+Lrp5)",FALSE,"Wnt6","Wnt","Extracellular matrix, Secreted, Extracellular space","Signal, Developmental protein, Reference proteome, Wnt signaling pathway, Lipoprotein, Extracellular matrix, Disulfide bond, Secreted, Glycoprotein","wnt family",FALSE,"Fzd10, Lrp5","G-protein coupled receptor Fz/Smo, LDLR","Cell membrane, Endoplasmic reticulum, Membrane","Transducer, Ubl conjugation, Membrane, Signal, Developmental protein, Reference proteome, Wnt signaling pathway, Cell membrane, Transmembrane helix, Disulfide bond, Transmembrane, Receptor, G-protein coupled receptor, Glycoprotein, Osteogenesis imperfecta, Osteopetrosis, EGF-like domain, Endoplasmic reticulum, Disease variant, Endocytosis, Phosphoprotein, Repeat, Alternative splicing","Receptors","LDLR;Other_receptors, Frizzled;GPCR","","",TRUE,"CellChatDB v1"
"WNT6_FZD2_LRP5","WNT","Wnt6","FZD2_LRP5","WNT agonist","WNT antagonist","WNT activation receptor","WNT inhibition receptor","KEGG: mmu04310; PMID: 23209147","Secreted Signaling","Wnt6  - (Fzd2+Lrp5)",FALSE,"Wnt6","Wnt","Extracellular matrix, Secreted, Extracellular space","Signal, Developmental protein, Reference proteome, Wnt signaling pathway, Lipoprotein, Extracellular matrix, Disulfide bond, Secreted, Glycoprotein","wnt family",FALSE,"Fzd2, Lrp5","G-protein coupled receptor Fz/Smo, LDLR","Membrane, Cell membrane, Endoplasmic reticulum","Membrane, Disulfide bond, Transmembrane, Receptor, Glycoprotein, Transducer, Disease variant, Signal, Developmental protein, Reference proteome, Wnt signaling pathway, Cell membrane, Transmembrane helix, G-protein coupled receptor, 3D-structure, Ubl conjugation, Osteogenesis imperfecta, Osteopetrosis, EGF-like domain, Endoplasmic reticulum, Endocytosis, Phosphoprotein, Repeat, Alternative splicing","Receptors","LDLR;Other_receptors, Frizzled;GPCR","","",TRUE,"CellChatDB v1"
"WNT6_FZD3_LRP5","WNT","Wnt6","FZD3_LRP5","WNT agonist","WNT antagonist","WNT activation receptor","WNT inhibition receptor","KEGG: mmu04310; PMID: 23209147","Secreted Signaling","Wnt6  - (Fzd3+Lrp5)",FALSE,"Wnt6","Wnt","Extracellular matrix, Secreted, Extracellular space","Signal, Developmental protein, Reference proteome, Wnt signaling pathway, Lipoprotein, Extracellular matrix, Disulfide bond, Secreted, Glycoprotein","wnt family",FALSE,"Fzd3, Lrp5","LDLR, G-protein coupled receptor Fz/Smo","Endoplasmic reticulum, Membrane, Apical cell membrane, Cell surface, Cell membrane","Membrane, Disulfide bond, Transmembrane, Osteogenesis imperfecta, Osteopetrosis, Receptor, EGF-like domain, Endoplasmic reticulum, Glycoprotein, Disease variant, Endocytosis, Signal, Developmental protein, Reference proteome, Wnt signaling pathway, Transmembrane helix, Phosphoprotein, Repeat, Neurogenesis, Alternative splicing, Transducer, Cell membrane, Direct protein sequencing, G-protein coupled receptor, Ubl conjugation","Receptors","LDLR;Other_receptors, Frizzled;GPCR","","",TRUE,"CellChatDB v1"
"WNT6_FZD4_LRP5","WNT","Wnt6","FZD4_LRP5","WNT agonist","WNT antagonist","WNT activation receptor","WNT inhibition receptor","KEGG: mmu04310; PMID: 23209147","Secreted Signaling","Wnt6  - (Fzd4+Lrp5)",FALSE,"Wnt6","Wnt","Extracellular matrix, Secreted, Extracellular space","Signal, Developmental protein, Reference proteome, Wnt signaling pathway, Lipoprotein, Extracellular matrix, Disulfide bond, Secreted, Glycoprotein","wnt family",FALSE,"Fzd4, Lrp5","G-protein coupled receptor Fz/Smo, LDLR","Cell membrane, Endoplasmic reticulum, Membrane","Membrane, Disulfide bond, Transmembrane, Receptor, Glycoprotein, Transducer, Disease variant, Signal, Developmental protein, Reference proteome, Wnt signaling pathway, Cell membrane, Transmembrane helix, G-protein coupled receptor, 3D-structure, Ubl conjugation, Osteogenesis imperfecta, Osteopetrosis, EGF-like domain, Endoplasmic reticulum, Endocytosis, Phosphoprotein, Repeat, Alternative splicing","Receptors","LDLR;Other_receptors, Frizzled;GPCR","","",TRUE,"CellChatDB v1"
"WNT6_FZD5_LRP5","WNT","Wnt6","FZD5_LRP5","WNT agonist","WNT antagonist","WNT activation receptor","WNT inhibition receptor","KEGG: mmu04310; PMID: 23209147","Secreted Signaling","Wnt6  - (Fzd5+Lrp5)",FALSE,"Wnt6","Wnt","Extracellular matrix, Secreted, Extracellular space","Signal, Developmental protein, Reference proteome, Wnt signaling pathway, Lipoprotein, Extracellular matrix, Disulfide bond, Secreted, Glycoprotein","wnt family",FALSE,"Fzd5, Lrp5","G-protein coupled receptor Fz/Smo, LDLR","Perikaryon, Cell projection, Axon, Synapse, Golgi apparatus membrane, Dendrite, Cell membrane, Endoplasmic reticulum, Membrane","Membrane, Disulfide bond, Transmembrane, Lipid-binding, Receptor, Glycoprotein, Transducer, Cell projection, Developmental protein, Signal, Reference proteome, Wnt signaling pathway, Cell membrane, Transmembrane helix, Golgi apparatus, Synapse, G-protein coupled receptor, 3D-structure, Ubl conjugation, Osteogenesis imperfecta, Osteopetrosis, EGF-like domain, Endoplasmic reticulum, Disease variant, Endocytosis, Phosphoprotein, Repeat, Alternative splicing","Receptors","LDLR;Other_receptors, Frizzled;GPCR","","",TRUE,"CellChatDB v1"
"WNT6_FZD6_LRP5","WNT","Wnt6","FZD6_LRP5","WNT agonist","WNT antagonist","WNT activation receptor","WNT inhibition receptor","KEGG: mmu04310; PMID: 23209147","Secreted Signaling","Wnt6  - (Fzd6+Lrp5)",FALSE,"Wnt6","Wnt","Extracellular matrix, Secreted, Extracellular space","Signal, Developmental protein, Reference proteome, Wnt signaling pathway, Lipoprotein, Extracellular matrix, Disulfide bond, Secreted, Glycoprotein","wnt family",FALSE,"Fzd6, Lrp5","G-protein coupled receptor Fz/Smo, LDLR","Endoplasmic reticulum membrane, Cytoplasmic vesicle membrane, Apical cell membrane, Membrane, Cell surface, Cell membrane, Endoplasmic reticulum","Membrane, Disulfide bond, Transmembrane, Receptor, Alternative splicing, Cytoplasmic vesicle, Endoplasmic reticulum, Glycoprotein, Transducer, Disease variant, Developmental protein, Signal, Reference proteome, Wnt signaling pathway, Cell membrane, Transmembrane helix, Phosphoprotein, G-protein coupled receptor, Ubl conjugation, Osteogenesis imperfecta, Osteopetrosis, EGF-like domain, Endocytosis, Repeat","Receptors","Frizzled;GPCR, LDLR;Other_receptors","","",TRUE,"CellChatDB v1"
"WNT6_FZD7_LRP5","WNT","Wnt6","FZD7_LRP5","WNT agonist","WNT antagonist","WNT activation receptor","WNT inhibition receptor","KEGG: mmu04310; PMID: 23209147","Secreted Signaling","Wnt6  - (Fzd7+Lrp5)",FALSE,"Wnt6","Wnt","Extracellular matrix, Secreted, Extracellular space","Signal, Developmental protein, Reference proteome, Wnt signaling pathway, Lipoprotein, Extracellular matrix, Disulfide bond, Secreted, Glycoprotein","wnt family",FALSE,"Fzd7, Lrp5","LDLR, G-protein coupled receptor Fz/Smo","Endoplasmic reticulum, Membrane, Endosome membrane, Cell membrane","Membrane, Disulfide bond, Transmembrane, Osteogenesis imperfecta, Osteopetrosis, Receptor, EGF-like domain, Endoplasmic reticulum, Glycoprotein, Disease variant, Endocytosis, Signal, Developmental protein, Reference proteome, Wnt signaling pathway, Transmembrane helix, Phosphoprotein, Repeat, Transducer, Cell membrane, G-protein coupled receptor, 3D-structure, Endosome, Ubl conjugation, Alternative splicing","Receptors","Frizzled;GPCR, LDLR;Other_receptors","","",TRUE,"CellChatDB v1"
"WNT6_FZD8_LRP5","WNT","Wnt6","FZD8_LRP5","WNT agonist","WNT antagonist","WNT activation receptor","WNT inhibition receptor","KEGG: mmu04310; PMID: 23209147","Secreted Signaling","Wnt6  - (Fzd8+Lrp5)",FALSE,"Wnt6","Wnt","Extracellular matrix, Secreted, Extracellular space","Signal, Developmental protein, Reference proteome, Wnt signaling pathway, Lipoprotein, Extracellular matrix, Disulfide bond, Secreted, Glycoprotein","wnt family",FALSE,"Fzd8, Lrp5","G-protein coupled receptor Fz/Smo, LDLR","Golgi apparatus, Membrane, Cell membrane, Endoplasmic reticulum","Membrane, Disulfide bond, Transmembrane, Receptor, Glycoprotein, Transducer, Signal, Developmental protein, Reference proteome, Wnt signaling pathway, Cell membrane, Transmembrane helix, Golgi apparatus, G-protein coupled receptor, 3D-structure, Ubl conjugation, Osteogenesis imperfecta, Osteopetrosis, EGF-like domain, Endoplasmic reticulum, Disease variant, Endocytosis, Phosphoprotein, Repeat, Alternative splicing","Receptors","LDLR;Other_receptors, Frizzled;GPCR","","",TRUE,"CellChatDB v1"
"WNT6_FZD9_LRP5","WNT","Wnt6","FZD9_LRP5","WNT agonist","WNT antagonist","WNT activation receptor","WNT inhibition receptor","KEGG: mmu04310; PMID: 23209147","Secreted Signaling","Wnt6  - (Fzd9+Lrp5)",FALSE,"Wnt6","Wnt","Extracellular matrix, Secreted, Extracellular space","Signal, Developmental protein, Reference proteome, Wnt signaling pathway, Lipoprotein, Extracellular matrix, Disulfide bond, Secreted, Glycoprotein","wnt family",FALSE,"Fzd9, Lrp5","G-protein coupled receptor Fz/Smo, LDLR","Cell membrane, Endoplasmic reticulum, Membrane","Transducer, Ubl conjugation, Membrane, Signal, Developmental protein, Reference proteome, Wnt signaling pathway, Cell membrane, Transmembrane helix, Disulfide bond, Transmembrane, Receptor, G-protein coupled receptor, Glycoprotein, Osteogenesis imperfecta, Osteopetrosis, EGF-like domain, Endoplasmic reticulum, Disease variant, Endocytosis, Phosphoprotein, Repeat, Alternative splicing","Receptors","Frizzled;GPCR, LDLR;Other_receptors","","",TRUE,"CellChatDB v1"
"WNT7B_FZD1_LRP5","WNT","Wnt7b","FZD1_LRP5","WNT agonist","WNT antagonist","WNT activation receptor","WNT inhibition receptor","KEGG: mmu04310; PMID: 23209147","Secreted Signaling","Wnt7b  - (Fzd1+Lrp5)",FALSE,"Wnt7b","Wnt","Extracellular matrix, Secreted, Extracellular space","Signal, Developmental protein, Reference proteome, Wnt signaling pathway, Lipoprotein, Extracellular matrix, Disulfide bond, Secreted, Glycoprotein","wnt family",FALSE,"Fzd1, Lrp5","G-protein coupled receptor Fz/Smo, LDLR","Cell membrane, Endoplasmic reticulum, Membrane","Transducer, Ubl conjugation, Membrane, Signal, Developmental protein, Reference proteome, Wnt signaling pathway, Cell membrane, Transmembrane helix, Disulfide bond, Transmembrane, Receptor, G-protein coupled receptor, Glycoprotein, Osteogenesis imperfecta, Osteopetrosis, EGF-like domain, Endoplasmic reticulum, Disease variant, Endocytosis, Phosphoprotein, Repeat, Alternative splicing","Receptors","LDLR;Other_receptors, Frizzled;GPCR","","",TRUE,"CellChatDB v1"
"WNT7B_FZD10_LRP5","WNT","Wnt7b","FZD10_LRP5","WNT agonist","WNT antagonist","WNT activation receptor","WNT inhibition receptor","KEGG: mmu04310; PMID: 23209147","Secreted Signaling","Wnt7b  - (Fzd10+Lrp5)",FALSE,"Wnt7b","Wnt","Extracellular matrix, Secreted, Extracellular space","Signal, Developmental protein, Reference proteome, Wnt signaling pathway, Lipoprotein, Extracellular matrix, Disulfide bond, Secreted, Glycoprotein","wnt family",FALSE,"Fzd10, Lrp5","G-protein coupled receptor Fz/Smo, LDLR","Cell membrane, Endoplasmic reticulum, Membrane","Transducer, Ubl conjugation, Membrane, Signal, Developmental protein, Reference proteome, Wnt signaling pathway, Cell membrane, Transmembrane helix, Disulfide bond, Transmembrane, Receptor, G-protein coupled receptor, Glycoprotein, Osteogenesis imperfecta, Osteopetrosis, EGF-like domain, Endoplasmic reticulum, Disease variant, Endocytosis, Phosphoprotein, Repeat, Alternative splicing","Receptors","LDLR;Other_receptors, Frizzled;GPCR","","",TRUE,"CellChatDB v1"
"WNT7B_FZD2_LRP5","WNT","Wnt7b","FZD2_LRP5","WNT agonist","WNT antagonist","WNT activation receptor","WNT inhibition receptor","KEGG: mmu04310; PMID: 23209147","Secreted Signaling","Wnt7b  - (Fzd2+Lrp5)",FALSE,"Wnt7b","Wnt","Extracellular matrix, Secreted, Extracellular space","Signal, Developmental protein, Reference proteome, Wnt signaling pathway, Lipoprotein, Extracellular matrix, Disulfide bond, Secreted, Glycoprotein","wnt family",FALSE,"Fzd2, Lrp5","G-protein coupled receptor Fz/Smo, LDLR","Membrane, Cell membrane, Endoplasmic reticulum","Membrane, Disulfide bond, Transmembrane, Receptor, Glycoprotein, Transducer, Disease variant, Signal, Developmental protein, Reference proteome, Wnt signaling pathway, Cell membrane, Transmembrane helix, G-protein coupled receptor, 3D-structure, Ubl conjugation, Osteogenesis imperfecta, Osteopetrosis, EGF-like domain, Endoplasmic reticulum, Endocytosis, Phosphoprotein, Repeat, Alternative splicing","Receptors","LDLR;Other_receptors, Frizzled;GPCR","","",TRUE,"CellChatDB v1"
"WNT7B_FZD3_LRP5","WNT","Wnt7b","FZD3_LRP5","WNT agonist","WNT antagonist","WNT activation receptor","WNT inhibition receptor","KEGG: mmu04310; PMID: 23209147","Secreted Signaling","Wnt7b  - (Fzd3+Lrp5)",FALSE,"Wnt7b","Wnt","Extracellular matrix, Secreted, Extracellular space","Signal, Developmental protein, Reference proteome, Wnt signaling pathway, Lipoprotein, Extracellular matrix, Disulfide bond, Secreted, Glycoprotein","wnt family",FALSE,"Fzd3, Lrp5","LDLR, G-protein coupled receptor Fz/Smo","Endoplasmic reticulum, Membrane, Apical cell membrane, Cell surface, Cell membrane","Membrane, Disulfide bond, Transmembrane, Osteogenesis imperfecta, Osteopetrosis, Receptor, EGF-like domain, Endoplasmic reticulum, Glycoprotein, Disease variant, Endocytosis, Signal, Developmental protein, Reference proteome, Wnt signaling pathway, Transmembrane helix, Phosphoprotein, Repeat, Neurogenesis, Alternative splicing, Transducer, Cell membrane, Direct protein sequencing, G-protein coupled receptor, Ubl conjugation","Receptors","LDLR;Other_receptors, Frizzled;GPCR","","",TRUE,"CellChatDB v1"
"WNT7B_FZD4_LRP5","WNT","Wnt7b","FZD4_LRP5","WNT agonist","WNT antagonist","WNT activation receptor","WNT inhibition receptor","KEGG: mmu04310; PMID: 23209147","Secreted Signaling","Wnt7b  - (Fzd4+Lrp5)",FALSE,"Wnt7b","Wnt","Extracellular matrix, Secreted, Extracellular space","Signal, Developmental protein, Reference proteome, Wnt signaling pathway, Lipoprotein, Extracellular matrix, Disulfide bond, Secreted, Glycoprotein","wnt family",FALSE,"Fzd4, Lrp5","G-protein coupled receptor Fz/Smo, LDLR","Cell membrane, Endoplasmic reticulum, Membrane","Membrane, Disulfide bond, Transmembrane, Receptor, Glycoprotein, Transducer, Disease variant, Signal, Developmental protein, Reference proteome, Wnt signaling pathway, Cell membrane, Transmembrane helix, G-protein coupled receptor, 3D-structure, Ubl conjugation, Osteogenesis imperfecta, Osteopetrosis, EGF-like domain, Endoplasmic reticulum, Endocytosis, Phosphoprotein, Repeat, Alternative splicing","Receptors","LDLR;Other_receptors, Frizzled;GPCR","","",TRUE,"CellChatDB v1"
"WNT7B_FZD5_LRP5","WNT","Wnt7b","FZD5_LRP5","WNT agonist","WNT antagonist","WNT activation receptor","WNT inhibition receptor","KEGG: mmu04310; PMID: 23209147","Secreted Signaling","Wnt7b  - (Fzd5+Lrp5)",FALSE,"Wnt7b","Wnt","Extracellular matrix, Secreted, Extracellular space","Signal, Developmental protein, Reference proteome, Wnt signaling pathway, Lipoprotein, Extracellular matrix, Disulfide bond, Secreted, Glycoprotein","wnt family",FALSE,"Fzd5, Lrp5","G-protein coupled receptor Fz/Smo, LDLR","Perikaryon, Cell projection, Axon, Synapse, Golgi apparatus membrane, Dendrite, Cell membrane, Endoplasmic reticulum, Membrane","Membrane, Disulfide bond, Transmembrane, Lipid-binding, Receptor, Glycoprotein, Transducer, Cell projection, Developmental protein, Signal, Reference proteome, Wnt signaling pathway, Cell membrane, Transmembrane helix, Golgi apparatus, Synapse, G-protein coupled receptor, 3D-structure, Ubl conjugation, Osteogenesis imperfecta, Osteopetrosis, EGF-like domain, Endoplasmic reticulum, Disease variant, Endocytosis, Phosphoprotein, Repeat, Alternative splicing","Receptors","LDLR;Other_receptors, Frizzled;GPCR","","",TRUE,"CellChatDB v1"
"WNT7B_FZD6_LRP5","WNT","Wnt7b","FZD6_LRP5","WNT agonist","WNT antagonist","WNT activation receptor","WNT inhibition receptor","KEGG: mmu04310; PMID: 23209147","Secreted Signaling","Wnt7b  - (Fzd6+Lrp5)",FALSE,"Wnt7b","Wnt","Extracellular matrix, Secreted, Extracellular space","Signal, Developmental protein, Reference proteome, Wnt signaling pathway, Lipoprotein, Extracellular matrix, Disulfide bond, Secreted, Glycoprotein","wnt family",FALSE,"Fzd6, Lrp5","G-protein coupled receptor Fz/Smo, LDLR","Endoplasmic reticulum membrane, Cytoplasmic vesicle membrane, Apical cell membrane, Membrane, Cell surface, Cell membrane, Endoplasmic reticulum","Membrane, Disulfide bond, Transmembrane, Receptor, Alternative splicing, Cytoplasmic vesicle, Endoplasmic reticulum, Glycoprotein, Transducer, Disease variant, Developmental protein, Signal, Reference proteome, Wnt signaling pathway, Cell membrane, Transmembrane helix, Phosphoprotein, G-protein coupled receptor, Ubl conjugation, Osteogenesis imperfecta, Osteopetrosis, EGF-like domain, Endocytosis, Repeat","Receptors","Frizzled;GPCR, LDLR;Other_receptors","","",TRUE,"CellChatDB v1"
"WNT7B_FZD7_LRP5","WNT","Wnt7b","FZD7_LRP5","WNT agonist","WNT antagonist","WNT activation receptor","WNT inhibition receptor","KEGG: mmu04310; PMID: 23209147","Secreted Signaling","Wnt7b  - (Fzd7+Lrp5)",FALSE,"Wnt7b","Wnt","Extracellular matrix, Secreted, Extracellular space","Signal, Developmental protein, Reference proteome, Wnt signaling pathway, Lipoprotein, Extracellular matrix, Disulfide bond, Secreted, Glycoprotein","wnt family",FALSE,"Fzd7, Lrp5","LDLR, G-protein coupled receptor Fz/Smo","Endoplasmic reticulum, Membrane, Endosome membrane, Cell membrane","Membrane, Disulfide bond, Transmembrane, Osteogenesis imperfecta, Osteopetrosis, Receptor, EGF-like domain, Endoplasmic reticulum, Glycoprotein, Disease variant, Endocytosis, Signal, Developmental protein, Reference proteome, Wnt signaling pathway, Transmembrane helix, Phosphoprotein, Repeat, Transducer, Cell membrane, G-protein coupled receptor, 3D-structure, Endosome, Ubl conjugation, Alternative splicing","Receptors","Frizzled;GPCR, LDLR;Other_receptors","","",TRUE,"CellChatDB v1"
"WNT7B_FZD8_LRP5","WNT","Wnt7b","FZD8_LRP5","WNT agonist","WNT antagonist","WNT activation receptor","WNT inhibition receptor","KEGG: mmu04310; PMID: 23209147","Secreted Signaling","Wnt7b  - (Fzd8+Lrp5)",FALSE,"Wnt7b","Wnt","Extracellular matrix, Secreted, Extracellular space","Signal, Developmental protein, Reference proteome, Wnt signaling pathway, Lipoprotein, Extracellular matrix, Disulfide bond, Secreted, Glycoprotein","wnt family",FALSE,"Fzd8, Lrp5","G-protein coupled receptor Fz/Smo, LDLR","Golgi apparatus, Membrane, Cell membrane, Endoplasmic reticulum","Membrane, Disulfide bond, Transmembrane, Receptor, Glycoprotein, Transducer, Signal, Developmental protein, Reference proteome, Wnt signaling pathway, Cell membrane, Transmembrane helix, Golgi apparatus, G-protein coupled receptor, 3D-structure, Ubl conjugation, Osteogenesis imperfecta, Osteopetrosis, EGF-like domain, Endoplasmic reticulum, Disease variant, Endocytosis, Phosphoprotein, Repeat, Alternative splicing","Receptors","LDLR;Other_receptors, Frizzled;GPCR","","",TRUE,"CellChatDB v1"
"WNT7B_FZD9_LRP5","WNT","Wnt7b","FZD9_LRP5","WNT agonist","WNT antagonist","WNT activation receptor","WNT inhibition receptor","KEGG: mmu04310; PMID: 23209147","Secreted Signaling","Wnt7b  - (Fzd9+Lrp5)",FALSE,"Wnt7b","Wnt","Extracellular matrix, Secreted, Extracellular space","Signal, Developmental protein, Reference proteome, Wnt signaling pathway, Lipoprotein, Extracellular matrix, Disulfide bond, Secreted, Glycoprotein","wnt family",FALSE,"Fzd9, Lrp5","G-protein coupled receptor Fz/Smo, LDLR","Cell membrane, Endoplasmic reticulum, Membrane","Transducer, Ubl conjugation, Membrane, Signal, Developmental protein, Reference proteome, Wnt signaling pathway, Cell membrane, Transmembrane helix, Disulfide bond, Transmembrane, Receptor, G-protein coupled receptor, Glycoprotein, Osteogenesis imperfecta, Osteopetrosis, EGF-like domain, Endoplasmic reticulum, Disease variant, Endocytosis, Phosphoprotein, Repeat, Alternative splicing","Receptors","Frizzled;GPCR, LDLR;Other_receptors","","",TRUE,"CellChatDB v1"
"WNT9A_FZD1_LRP5","WNT","Wnt9a","FZD1_LRP5","WNT agonist","WNT antagonist","WNT activation receptor","WNT inhibition receptor","KEGG: mmu04310; PMID: 23209147","Secreted Signaling","Wnt9a  - (Fzd1+Lrp5)",FALSE,"Wnt9a","Wnt","Extracellular matrix, Secreted, Extracellular space","Signal, Developmental protein, Reference proteome, Wnt signaling pathway, Lipoprotein, Extracellular matrix, Disulfide bond, Secreted, Glycoprotein","secreted",FALSE,"Fzd1, Lrp5","G-protein coupled receptor Fz/Smo, LDLR","Cell membrane, Endoplasmic reticulum, Membrane","Transducer, Ubl conjugation, Membrane, Signal, Developmental protein, Reference proteome, Wnt signaling pathway, Cell membrane, Transmembrane helix, Disulfide bond, Transmembrane, Receptor, G-protein coupled receptor, Glycoprotein, Osteogenesis imperfecta, Osteopetrosis, EGF-like domain, Endoplasmic reticulum, Disease variant, Endocytosis, Phosphoprotein, Repeat, Alternative splicing","Receptors","LDLR;Other_receptors, Frizzled;GPCR","","",TRUE,"CellChatDB v1"
"WNT9A_FZD10_LRP5","WNT","Wnt9a","FZD10_LRP5","WNT agonist","WNT antagonist","WNT activation receptor","WNT inhibition receptor","KEGG: mmu04310; PMID: 23209147","Secreted Signaling","Wnt9a  - (Fzd10+Lrp5)",FALSE,"Wnt9a","Wnt","Extracellular matrix, Secreted, Extracellular space","Signal, Developmental protein, Reference proteome, Wnt signaling pathway, Lipoprotein, Extracellular matrix, Disulfide bond, Secreted, Glycoprotein","secreted",FALSE,"Fzd10, Lrp5","G-protein coupled receptor Fz/Smo, LDLR","Cell membrane, Endoplasmic reticulum, Membrane","Transducer, Ubl conjugation, Membrane, Signal, Developmental protein, Reference proteome, Wnt signaling pathway, Cell membrane, Transmembrane helix, Disulfide bond, Transmembrane, Receptor, G-protein coupled receptor, Glycoprotein, Osteogenesis imperfecta, Osteopetrosis, EGF-like domain, Endoplasmic reticulum, Disease variant, Endocytosis, Phosphoprotein, Repeat, Alternative splicing","Receptors","LDLR;Other_receptors, Frizzled;GPCR","","",TRUE,"CellChatDB v1"
"WNT9A_FZD2_LRP5","WNT","Wnt9a","FZD2_LRP5","WNT agonist","WNT antagonist","WNT activation receptor","WNT inhibition receptor","KEGG: mmu04310; PMID: 23209147","Secreted Signaling","Wnt9a  - (Fzd2+Lrp5)",FALSE,"Wnt9a","Wnt","Extracellular matrix, Secreted, Extracellular space","Signal, Developmental protein, Reference proteome, Wnt signaling pathway, Lipoprotein, Extracellular matrix, Disulfide bond, Secreted, Glycoprotein","secreted",FALSE,"Fzd2, Lrp5","G-protein coupled receptor Fz/Smo, LDLR","Membrane, Cell membrane, Endoplasmic reticulum","Membrane, Disulfide bond, Transmembrane, Receptor, Glycoprotein, Transducer, Disease variant, Signal, Developmental protein, Reference proteome, Wnt signaling pathway, Cell membrane, Transmembrane helix, G-protein coupled receptor, 3D-structure, Ubl conjugation, Osteogenesis imperfecta, Osteopetrosis, EGF-like domain, Endoplasmic reticulum, Endocytosis, Phosphoprotein, Repeat, Alternative splicing","Receptors","LDLR;Other_receptors, Frizzled;GPCR","","",TRUE,"CellChatDB v1"
"WNT9A_FZD3_LRP5","WNT","Wnt9a","FZD3_LRP5","WNT agonist","WNT antagonist","WNT activation receptor","WNT inhibition receptor","KEGG: mmu04310; PMID: 23209147","Secreted Signaling","Wnt9a  - (Fzd3+Lrp5)",FALSE,"Wnt9a","Wnt","Extracellular matrix, Secreted, Extracellular space","Signal, Developmental protein, Reference proteome, Wnt signaling pathway, Lipoprotein, Extracellular matrix, Disulfide bond, Secreted, Glycoprotein","secreted",FALSE,"Fzd3, Lrp5","LDLR, G-protein coupled receptor Fz/Smo","Endoplasmic reticulum, Membrane, Apical cell membrane, Cell surface, Cell membrane","Membrane, Disulfide bond, Transmembrane, Osteogenesis imperfecta, Osteopetrosis, Receptor, EGF-like domain, Endoplasmic reticulum, Glycoprotein, Disease variant, Endocytosis, Signal, Developmental protein, Reference proteome, Wnt signaling pathway, Transmembrane helix, Phosphoprotein, Repeat, Neurogenesis, Alternative splicing, Transducer, Cell membrane, Direct protein sequencing, G-protein coupled receptor, Ubl conjugation","Receptors","LDLR;Other_receptors, Frizzled;GPCR","","",TRUE,"CellChatDB v1"
"WNT9A_FZD4_LRP5","WNT","Wnt9a","FZD4_LRP5","WNT agonist","WNT antagonist","WNT activation receptor","WNT inhibition receptor","KEGG: mmu04310; PMID: 23209147","Secreted Signaling","Wnt9a  - (Fzd4+Lrp5)",FALSE,"Wnt9a","Wnt","Extracellular matrix, Secreted, Extracellular space","Signal, Developmental protein, Reference proteome, Wnt signaling pathway, Lipoprotein, Extracellular matrix, Disulfide bond, Secreted, Glycoprotein","secreted",FALSE,"Fzd4, Lrp5","G-protein coupled receptor Fz/Smo, LDLR","Cell membrane, Endoplasmic reticulum, Membrane","Membrane, Disulfide bond, Transmembrane, Receptor, Glycoprotein, Transducer, Disease variant, Signal, Developmental protein, Reference proteome, Wnt signaling pathway, Cell membrane, Transmembrane helix, G-protein coupled receptor, 3D-structure, Ubl conjugation, Osteogenesis imperfecta, Osteopetrosis, EGF-like domain, Endoplasmic reticulum, Endocytosis, Phosphoprotein, Repeat, Alternative splicing","Receptors","LDLR;Other_receptors, Frizzled;GPCR","","",TRUE,"CellChatDB v1"
"WNT9A_FZD5_LRP5","WNT","Wnt9a","FZD5_LRP5","WNT agonist","WNT antagonist","WNT activation receptor","WNT inhibition receptor","KEGG: mmu04310; PMID: 23209147","Secreted Signaling","Wnt9a  - (Fzd5+Lrp5)",FALSE,"Wnt9a","Wnt","Extracellular matrix, Secreted, Extracellular space","Signal, Developmental protein, Reference proteome, Wnt signaling pathway, Lipoprotein, Extracellular matrix, Disulfide bond, Secreted, Glycoprotein","secreted",FALSE,"Fzd5, Lrp5","G-protein coupled receptor Fz/Smo, LDLR","Perikaryon, Cell projection, Axon, Synapse, Golgi apparatus membrane, Dendrite, Cell membrane, Endoplasmic reticulum, Membrane","Membrane, Disulfide bond, Transmembrane, Lipid-binding, Receptor, Glycoprotein, Transducer, Cell projection, Developmental protein, Signal, Reference proteome, Wnt signaling pathway, Cell membrane, Transmembrane helix, Golgi apparatus, Synapse, G-protein coupled receptor, 3D-structure, Ubl conjugation, Osteogenesis imperfecta, Osteopetrosis, EGF-like domain, Endoplasmic reticulum, Disease variant, Endocytosis, Phosphoprotein, Repeat, Alternative splicing","Receptors","LDLR;Other_receptors, Frizzled;GPCR","","",TRUE,"CellChatDB v1"
"WNT9A_FZD6_LRP5","WNT","Wnt9a","FZD6_LRP5","WNT agonist","WNT antagonist","WNT activation receptor","WNT inhibition receptor","KEGG: mmu04310; PMID: 23209147","Secreted Signaling","Wnt9a  - (Fzd6+Lrp5)",FALSE,"Wnt9a","Wnt","Extracellular matrix, Secreted, Extracellular space","Signal, Developmental protein, Reference proteome, Wnt signaling pathway, Lipoprotein, Extracellular matrix, Disulfide bond, Secreted, Glycoprotein","secreted",FALSE,"Fzd6, Lrp5","G-protein coupled receptor Fz/Smo, LDLR","Endoplasmic reticulum membrane, Cytoplasmic vesicle membrane, Apical cell membrane, Membrane, Cell surface, Cell membrane, Endoplasmic reticulum","Membrane, Disulfide bond, Transmembrane, Receptor, Alternative splicing, Cytoplasmic vesicle, Endoplasmic reticulum, Glycoprotein, Transducer, Disease variant, Developmental protein, Signal, Reference proteome, Wnt signaling pathway, Cell membrane, Transmembrane helix, Phosphoprotein, G-protein coupled receptor, Ubl conjugation, Osteogenesis imperfecta, Osteopetrosis, EGF-like domain, Endocytosis, Repeat","Receptors","Frizzled;GPCR, LDLR;Other_receptors","","",TRUE,"CellChatDB v1"
"WNT9A_FZD7_LRP5","WNT","Wnt9a","FZD7_LRP5","WNT agonist","WNT antagonist","WNT activation receptor","WNT inhibition receptor","KEGG: mmu04310; PMID: 23209147","Secreted Signaling","Wnt9a  - (Fzd7+Lrp5)",FALSE,"Wnt9a","Wnt","Extracellular matrix, Secreted, Extracellular space","Signal, Developmental protein, Reference proteome, Wnt signaling pathway, Lipoprotein, Extracellular matrix, Disulfide bond, Secreted, Glycoprotein","secreted",FALSE,"Fzd7, Lrp5","LDLR, G-protein coupled receptor Fz/Smo","Endoplasmic reticulum, Membrane, Endosome membrane, Cell membrane","Membrane, Disulfide bond, Transmembrane, Osteogenesis imperfecta, Osteopetrosis, Receptor, EGF-like domain, Endoplasmic reticulum, Glycoprotein, Disease variant, Endocytosis, Signal, Developmental protein, Reference proteome, Wnt signaling pathway, Transmembrane helix, Phosphoprotein, Repeat, Transducer, Cell membrane, G-protein coupled receptor, 3D-structure, Endosome, Ubl conjugation, Alternative splicing","Receptors","Frizzled;GPCR, LDLR;Other_receptors","","",TRUE,"CellChatDB v1"
"WNT9A_FZD8_LRP5","WNT","Wnt9a","FZD8_LRP5","WNT agonist","WNT antagonist","WNT activation receptor","WNT inhibition receptor","KEGG: mmu04310; PMID: 23209147","Secreted Signaling","Wnt9a  - (Fzd8+Lrp5)",FALSE,"Wnt9a","Wnt","Extracellular matrix, Secreted, Extracellular space","Signal, Developmental protein, Reference proteome, Wnt signaling pathway, Lipoprotein, Extracellular matrix, Disulfide bond, Secreted, Glycoprotein","secreted",FALSE,"Fzd8, Lrp5","G-protein coupled receptor Fz/Smo, LDLR","Golgi apparatus, Membrane, Cell membrane, Endoplasmic reticulum","Membrane, Disulfide bond, Transmembrane, Receptor, Glycoprotein, Transducer, Signal, Developmental protein, Reference proteome, Wnt signaling pathway, Cell membrane, Transmembrane helix, Golgi apparatus, G-protein coupled receptor, 3D-structure, Ubl conjugation, Osteogenesis imperfecta, Osteopetrosis, EGF-like domain, Endoplasmic reticulum, Disease variant, Endocytosis, Phosphoprotein, Repeat, Alternative splicing","Receptors","LDLR;Other_receptors, Frizzled;GPCR","","",TRUE,"CellChatDB v1"
"WNT9A_FZD9_LRP5","WNT","Wnt9a","FZD9_LRP5","WNT agonist","WNT antagonist","WNT activation receptor","WNT inhibition receptor","KEGG: mmu04310; PMID: 23209147","Secreted Signaling","Wnt9a  - (Fzd9+Lrp5)",FALSE,"Wnt9a","Wnt","Extracellular matrix, Secreted, Extracellular space","Signal, Developmental protein, Reference proteome, Wnt signaling pathway, Lipoprotein, Extracellular matrix, Disulfide bond, Secreted, Glycoprotein","secreted",FALSE,"Fzd9, Lrp5","G-protein coupled receptor Fz/Smo, LDLR","Cell membrane, Endoplasmic reticulum, Membrane","Transducer, Ubl conjugation, Membrane, Signal, Developmental protein, Reference proteome, Wnt signaling pathway, Cell membrane, Transmembrane helix, Disulfide bond, Transmembrane, Receptor, G-protein coupled receptor, Glycoprotein, Osteogenesis imperfecta, Osteopetrosis, EGF-like domain, Endoplasmic reticulum, Disease variant, Endocytosis, Phosphoprotein, Repeat, Alternative splicing","Receptors","Frizzled;GPCR, LDLR;Other_receptors","","",TRUE,"CellChatDB v1"
"WNT10A_FZD1_LRP6","WNT","Wnt10a","FZD1_LRP6","WNT agonist","WNT antagonist","WNT activation receptor","WNT inhibition receptor","KEGG: mmu04310; PMID: 23209147","Secreted Signaling","Wnt10a  - (Fzd1+Lrp6)",FALSE,"Wnt10a","Wnt","Extracellular matrix, Secreted, Extracellular space","Disease variant, Hypotrichosis, Signal, Developmental protein, Reference proteome, Lipoprotein, Wnt signaling pathway, Palmoplantar keratoderma, Disulfide bond, Phosphoprotein, Secreted, Extracellular matrix, Ectodermal dysplasia, Glycoprotein","secreted",FALSE,"Fzd1, Lrp6","G-protein coupled receptor Fz/Smo, LDLR","Cell membrane, Endoplasmic reticulum, Membrane raft","Transducer, Ubl conjugation, Membrane, Signal, Developmental protein, Reference proteome, Wnt signaling pathway, Cell membrane, Transmembrane helix, Disulfide bond, Transmembrane, Receptor, G-protein coupled receptor, Glycoprotein, Repeat, EGF-like domain, Endoplasmic reticulum, Disease variant, Endocytosis, Lipoprotein, Phosphoprotein, Isopeptide bond, 3D-structure, Palmitate","Receptors","LDLR;Other_receptors, Frizzled;GPCR","","",TRUE,"CellChatDB v1"
"WNT10A_FZD10_LRP6","WNT","Wnt10a","FZD10_LRP6","WNT agonist","WNT antagonist","WNT activation receptor","WNT inhibition receptor","KEGG: mmu04310; PMID: 23209147","Secreted Signaling","Wnt10a  - (Fzd10+Lrp6)",FALSE,"Wnt10a","Wnt","Extracellular matrix, Secreted, Extracellular space","Disease variant, Hypotrichosis, Signal, Developmental protein, Reference proteome, Lipoprotein, Wnt signaling pathway, Palmoplantar keratoderma, Disulfide bond, Phosphoprotein, Secreted, Extracellular matrix, Ectodermal dysplasia, Glycoprotein","secreted",FALSE,"Fzd10, Lrp6","G-protein coupled receptor Fz/Smo, LDLR","Cell membrane, Endoplasmic reticulum, Membrane raft","Transducer, Ubl conjugation, Membrane, Signal, Developmental protein, Reference proteome, Wnt signaling pathway, Cell membrane, Transmembrane helix, Disulfide bond, Transmembrane, Receptor, G-protein coupled receptor, Glycoprotein, Repeat, EGF-like domain, Endoplasmic reticulum, Disease variant, Endocytosis, Lipoprotein, Phosphoprotein, Isopeptide bond, 3D-structure, Palmitate","Receptors","LDLR;Other_receptors, Frizzled;GPCR","","",TRUE,"CellChatDB v1"
"WNT10A_FZD2_LRP6","WNT","Wnt10a","FZD2_LRP6","WNT agonist","WNT antagonist","WNT activation receptor","WNT inhibition receptor","KEGG: mmu04310; PMID: 23209147","Secreted Signaling","Wnt10a  - (Fzd2+Lrp6)",FALSE,"Wnt10a","Wnt","Extracellular matrix, Secreted, Extracellular space","Disease variant, Hypotrichosis, Signal, Developmental protein, Reference proteome, Lipoprotein, Wnt signaling pathway, Palmoplantar keratoderma, Disulfide bond, Phosphoprotein, Secreted, Extracellular matrix, Ectodermal dysplasia, Glycoprotein","secreted",FALSE,"Fzd2, Lrp6","G-protein coupled receptor Fz/Smo, LDLR","Membrane, Cell membrane, Endoplasmic reticulum, Membrane raft","Membrane, Disulfide bond, Transmembrane, Receptor, Glycoprotein, Transducer, Disease variant, Signal, Developmental protein, Reference proteome, Wnt signaling pathway, Cell membrane, Transmembrane helix, G-protein coupled receptor, 3D-structure, Ubl conjugation, Repeat, EGF-like domain, Endoplasmic reticulum, Endocytosis, Lipoprotein, Phosphoprotein, Isopeptide bond, Palmitate","Receptors","LDLR;Other_receptors, Frizzled;GPCR","","",TRUE,"CellChatDB v1"
"WNT10A_FZD3_LRP6","WNT","Wnt10a","FZD3_LRP6","WNT agonist","WNT antagonist","WNT activation receptor","WNT inhibition receptor","KEGG: mmu04310; PMID: 23209147","Secreted Signaling","Wnt10a  - (Fzd3+Lrp6)",FALSE,"Wnt10a","Wnt","Extracellular matrix, Secreted, Extracellular space","Disease variant, Hypotrichosis, Signal, Developmental protein, Reference proteome, Lipoprotein, Wnt signaling pathway, Palmoplantar keratoderma, Disulfide bond, Phosphoprotein, Secreted, Extracellular matrix, Ectodermal dysplasia, Glycoprotein","secreted",FALSE,"Fzd3, Lrp6","G-protein coupled receptor Fz/Smo, LDLR","Apical cell membrane, Membrane, Cell surface, Cell membrane, Endoplasmic reticulum, Membrane raft","Membrane, Disulfide bond, Transmembrane, Receptor, Neurogenesis, Alternative splicing, Glycoprotein, Transducer, Signal, Developmental protein, Reference proteome, Wnt signaling pathway, Cell membrane, Transmembrane helix, Direct protein sequencing, G-protein coupled receptor, Ubl conjugation, Repeat, EGF-like domain, Endoplasmic reticulum, Disease variant, Endocytosis, Lipoprotein, Phosphoprotein, Isopeptide bond, 3D-structure, Palmitate","Receptors","LDLR;Other_receptors, Frizzled;GPCR","","",TRUE,"CellChatDB v1"
"WNT10A_FZD4_LRP6","WNT","Wnt10a","FZD4_LRP6","WNT agonist","WNT antagonist","WNT activation receptor","WNT inhibition receptor","KEGG: mmu04310; PMID: 23209147","Secreted Signaling","Wnt10a  - (Fzd4+Lrp6)",FALSE,"Wnt10a","Wnt","Extracellular matrix, Secreted, Extracellular space","Disease variant, Hypotrichosis, Signal, Developmental protein, Reference proteome, Lipoprotein, Wnt signaling pathway, Palmoplantar keratoderma, Disulfide bond, Phosphoprotein, Secreted, Extracellular matrix, Ectodermal dysplasia, Glycoprotein","secreted",FALSE,"Fzd4, Lrp6","G-protein coupled receptor Fz/Smo, LDLR","Cell membrane, Endoplasmic reticulum, Membrane raft","Membrane, Disulfide bond, Transmembrane, Receptor, Glycoprotein, Transducer, Disease variant, Signal, Developmental protein, Reference proteome, Wnt signaling pathway, Cell membrane, Transmembrane helix, G-protein coupled receptor, 3D-structure, Ubl conjugation, Repeat, EGF-like domain, Endoplasmic reticulum, Endocytosis, Lipoprotein, Phosphoprotein, Isopeptide bond, Palmitate","Receptors","LDLR;Other_receptors, Frizzled;GPCR","","",TRUE,"CellChatDB v1"
"WNT10A_FZD5_LRP6","WNT","Wnt10a","FZD5_LRP6","WNT agonist","WNT antagonist","WNT activation receptor","WNT inhibition receptor","KEGG: mmu04310; PMID: 23209147","Secreted Signaling","Wnt10a  - (Fzd5+Lrp6)",FALSE,"Wnt10a","Wnt","Extracellular matrix, Secreted, Extracellular space","Disease variant, Hypotrichosis, Signal, Developmental protein, Reference proteome, Lipoprotein, Wnt signaling pathway, Palmoplantar keratoderma, Disulfide bond, Phosphoprotein, Secreted, Extracellular matrix, Ectodermal dysplasia, Glycoprotein","secreted",FALSE,"Fzd5, Lrp6","G-protein coupled receptor Fz/Smo, LDLR","Perikaryon, Cell projection, Axon, Synapse, Golgi apparatus membrane, Dendrite, Cell membrane, Endoplasmic reticulum, Membrane raft","Membrane, Disulfide bond, Transmembrane, Lipid-binding, Receptor, Glycoprotein, Transducer, Cell projection, Developmental protein, Signal, Reference proteome, Wnt signaling pathway, Cell membrane, Transmembrane helix, Golgi apparatus, Synapse, G-protein coupled receptor, 3D-structure, Ubl conjugation, Repeat, EGF-like domain, Endoplasmic reticulum, Disease variant, Endocytosis, Lipoprotein, Phosphoprotein, Isopeptide bond, Palmitate","Receptors","LDLR;Other_receptors, Frizzled;GPCR","","",TRUE,"CellChatDB v1"
"WNT10A_FZD6_LRP6","WNT","Wnt10a","FZD6_LRP6","WNT agonist","WNT antagonist","WNT activation receptor","WNT inhibition receptor","KEGG: mmu04310; PMID: 23209147","Secreted Signaling","Wnt10a  - (Fzd6+Lrp6)",FALSE,"Wnt10a","Wnt","Extracellular matrix, Secreted, Extracellular space","Disease variant, Hypotrichosis, Signal, Developmental protein, Reference proteome, Lipoprotein, Wnt signaling pathway, Palmoplantar keratoderma, Disulfide bond, Phosphoprotein, Secreted, Extracellular matrix, Ectodermal dysplasia, Glycoprotein","secreted",FALSE,"Fzd6, Lrp6","G-protein coupled receptor Fz/Smo, LDLR","Endoplasmic reticulum membrane, Cytoplasmic vesicle membrane, Apical cell membrane, Membrane, Cell surface, Cell membrane, Endoplasmic reticulum, Membrane raft","Membrane, Disulfide bond, Transmembrane, Receptor, Alternative splicing, Cytoplasmic vesicle, Endoplasmic reticulum, Glycoprotein, Transducer, Disease variant, Developmental protein, Signal, Reference proteome, Wnt signaling pathway, Cell membrane, Transmembrane helix, Phosphoprotein, G-protein coupled receptor, Ubl conjugation, Repeat, EGF-like domain, Endocytosis, Lipoprotein, Isopeptide bond, 3D-structure, Palmitate","Receptors","Frizzled;GPCR, LDLR;Other_receptors","","",TRUE,"CellChatDB v1"
"WNT10A_FZD7_LRP6","WNT","Wnt10a","FZD7_LRP6","WNT agonist","WNT antagonist","WNT activation receptor","WNT inhibition receptor","KEGG: mmu04310; PMID: 23209147","Secreted Signaling","Wnt10a  - (Fzd7+Lrp6)",FALSE,"Wnt10a","Wnt","Extracellular matrix, Secreted, Extracellular space","Disease variant, Hypotrichosis, Signal, Developmental protein, Reference proteome, Lipoprotein, Wnt signaling pathway, Palmoplantar keratoderma, Disulfide bond, Phosphoprotein, Secreted, Extracellular matrix, Ectodermal dysplasia, Glycoprotein","secreted",FALSE,"Fzd7, Lrp6","G-protein coupled receptor Fz/Smo, LDLR","Endosome membrane, Cell membrane, Endoplasmic reticulum, Membrane raft","Membrane, Disulfide bond, Transmembrane, Receptor, Glycoprotein, Transducer, Signal, Developmental protein, Reference proteome, Wnt signaling pathway, Cell membrane, Transmembrane helix, G-protein coupled receptor, 3D-structure, Endosome, Ubl conjugation, Repeat, EGF-like domain, Endoplasmic reticulum, Disease variant, Endocytosis, Lipoprotein, Phosphoprotein, Isopeptide bond, Palmitate","Receptors","Frizzled;GPCR, LDLR;Other_receptors","","",TRUE,"CellChatDB v1"
"WNT10A_FZD8_LRP6","WNT","Wnt10a","FZD8_LRP6","WNT agonist","WNT antagonist","WNT activation receptor","WNT inhibition receptor","KEGG: mmu04310; PMID: 23209147","Secreted Signaling","Wnt10a  - (Fzd8+Lrp6)",FALSE,"Wnt10a","Wnt","Extracellular matrix, Secreted, Extracellular space","Disease variant, Hypotrichosis, Signal, Developmental protein, Reference proteome, Lipoprotein, Wnt signaling pathway, Palmoplantar keratoderma, Disulfide bond, Phosphoprotein, Secreted, Extracellular matrix, Ectodermal dysplasia, Glycoprotein","secreted",FALSE,"Fzd8, Lrp6","G-protein coupled receptor Fz/Smo, LDLR","Golgi apparatus, Membrane, Cell membrane, Endoplasmic reticulum, Membrane raft","Membrane, Disulfide bond, Transmembrane, Receptor, Glycoprotein, Transducer, Signal, Developmental protein, Reference proteome, Wnt signaling pathway, Cell membrane, Transmembrane helix, Golgi apparatus, G-protein coupled receptor, 3D-structure, Ubl conjugation, Repeat, EGF-like domain, Endoplasmic reticulum, Disease variant, Endocytosis, Lipoprotein, Phosphoprotein, Isopeptide bond, Palmitate","Receptors","LDLR;Other_receptors, Frizzled;GPCR","","",TRUE,"CellChatDB v1"
"WNT10A_FZD9_LRP6","WNT","Wnt10a","FZD9_LRP6","WNT agonist","WNT antagonist","WNT activation receptor","WNT inhibition receptor","KEGG: mmu04310; PMID: 23209147","Secreted Signaling","Wnt10a  - (Fzd9+Lrp6)",FALSE,"Wnt10a","Wnt","Extracellular matrix, Secreted, Extracellular space","Disease variant, Hypotrichosis, Signal, Developmental protein, Reference proteome, Lipoprotein, Wnt signaling pathway, Palmoplantar keratoderma, Disulfide bond, Phosphoprotein, Secreted, Extracellular matrix, Ectodermal dysplasia, Glycoprotein","secreted",FALSE,"Fzd9, Lrp6","G-protein coupled receptor Fz/Smo, LDLR","Cell membrane, Endoplasmic reticulum, Membrane raft","Transducer, Ubl conjugation, Membrane, Signal, Developmental protein, Reference proteome, Wnt signaling pathway, Cell membrane, Transmembrane helix, Disulfide bond, Transmembrane, Receptor, G-protein coupled receptor, Glycoprotein, Repeat, EGF-like domain, Endoplasmic reticulum, Disease variant, Endocytosis, Lipoprotein, Phosphoprotein, Isopeptide bond, 3D-structure, Palmitate","Receptors","Frizzled;GPCR, LDLR;Other_receptors","","",TRUE,"CellChatDB v1"
"WNT10B_FZD1_LRP6","WNT","Wnt10b","FZD1_LRP6","WNT agonist","WNT antagonist","WNT activation receptor","WNT inhibition receptor","KEGG: mmu04310; PMID: 23209147","Secreted Signaling","Wnt10b  - (Fzd1+Lrp6)",FALSE,"Wnt10b","Wnt","Extracellular matrix, Secreted, Extracellular space","Disease variant, Signal, Developmental protein, Reference proteome, Lipoprotein, Wnt signaling pathway, Disulfide bond, Secreted, Phosphoprotein, Extracellular matrix, Alternative splicing, Glycoprotein","",,"Fzd1, Lrp6","G-protein coupled receptor Fz/Smo, LDLR","Cell membrane, Endoplasmic reticulum, Membrane raft","Transducer, Ubl conjugation, Membrane, Signal, Developmental protein, Reference proteome, Wnt signaling pathway, Cell membrane, Transmembrane helix, Disulfide bond, Transmembrane, Receptor, G-protein coupled receptor, Glycoprotein, Repeat, EGF-like domain, Endoplasmic reticulum, Disease variant, Endocytosis, Lipoprotein, Phosphoprotein, Isopeptide bond, 3D-structure, Palmitate","Receptors","LDLR;Other_receptors, Frizzled;GPCR","","",TRUE,"CellChatDB v1"
"WNT10B_FZD10_LRP6","WNT","Wnt10b","FZD10_LRP6","WNT agonist","WNT antagonist","WNT activation receptor","WNT inhibition receptor","KEGG: mmu04310; PMID: 23209147","Secreted Signaling","Wnt10b  - (Fzd10+Lrp6)",FALSE,"Wnt10b","Wnt","Extracellular matrix, Secreted, Extracellular space","Disease variant, Signal, Developmental protein, Reference proteome, Lipoprotein, Wnt signaling pathway, Disulfide bond, Secreted, Phosphoprotein, Extracellular matrix, Alternative splicing, Glycoprotein","",,"Fzd10, Lrp6","G-protein coupled receptor Fz/Smo, LDLR","Cell membrane, Endoplasmic reticulum, Membrane raft","Transducer, Ubl conjugation, Membrane, Signal, Developmental protein, Reference proteome, Wnt signaling pathway, Cell membrane, Transmembrane helix, Disulfide bond, Transmembrane, Receptor, G-protein coupled receptor, Glycoprotein, Repeat, EGF-like domain, Endoplasmic reticulum, Disease variant, Endocytosis, Lipoprotein, Phosphoprotein, Isopeptide bond, 3D-structure, Palmitate","Receptors","LDLR;Other_receptors, Frizzled;GPCR","","",TRUE,"CellChatDB v1"
"WNT10B_FZD2_LRP6","WNT","Wnt10b","FZD2_LRP6","WNT agonist","WNT antagonist","WNT activation receptor","WNT inhibition receptor","KEGG: mmu04310; PMID: 23209147","Secreted Signaling","Wnt10b  - (Fzd2+Lrp6)",FALSE,"Wnt10b","Wnt","Extracellular matrix, Secreted, Extracellular space","Disease variant, Signal, Developmental protein, Reference proteome, Lipoprotein, Wnt signaling pathway, Disulfide bond, Secreted, Phosphoprotein, Extracellular matrix, Alternative splicing, Glycoprotein","",,"Fzd2, Lrp6","G-protein coupled receptor Fz/Smo, LDLR","Membrane, Cell membrane, Endoplasmic reticulum, Membrane raft","Membrane, Disulfide bond, Transmembrane, Receptor, Glycoprotein, Transducer, Disease variant, Signal, Developmental protein, Reference proteome, Wnt signaling pathway, Cell membrane, Transmembrane helix, G-protein coupled receptor, 3D-structure, Ubl conjugation, Repeat, EGF-like domain, Endoplasmic reticulum, Endocytosis, Lipoprotein, Phosphoprotein, Isopeptide bond, Palmitate","Receptors","LDLR;Other_receptors, Frizzled;GPCR","","",TRUE,"CellChatDB v1"
"WNT10B_FZD3_LRP6","WNT","Wnt10b","FZD3_LRP6","WNT agonist","WNT antagonist","WNT activation receptor","WNT inhibition receptor","KEGG: mmu04310; PMID: 23209147","Secreted Signaling","Wnt10b  - (Fzd3+Lrp6)",FALSE,"Wnt10b","Wnt","Extracellular matrix, Secreted, Extracellular space","Disease variant, Signal, Developmental protein, Reference proteome, Lipoprotein, Wnt signaling pathway, Disulfide bond, Secreted, Phosphoprotein, Extracellular matrix, Alternative splicing, Glycoprotein","",,"Fzd3, Lrp6","G-protein coupled receptor Fz/Smo, LDLR","Apical cell membrane, Membrane, Cell surface, Cell membrane, Endoplasmic reticulum, Membrane raft","Membrane, Disulfide bond, Transmembrane, Receptor, Neurogenesis, Alternative splicing, Glycoprotein, Transducer, Signal, Developmental protein, Reference proteome, Wnt signaling pathway, Cell membrane, Transmembrane helix, Direct protein sequencing, G-protein coupled receptor, Ubl conjugation, Repeat, EGF-like domain, Endoplasmic reticulum, Disease variant, Endocytosis, Lipoprotein, Phosphoprotein, Isopeptide bond, 3D-structure, Palmitate","Receptors","LDLR;Other_receptors, Frizzled;GPCR","","",TRUE,"CellChatDB v1"
"WNT10B_FZD4_LRP6","WNT","Wnt10b","FZD4_LRP6","WNT agonist","WNT antagonist","WNT activation receptor","WNT inhibition receptor","KEGG: mmu04310; PMID: 23209147","Secreted Signaling","Wnt10b  - (Fzd4+Lrp6)",FALSE,"Wnt10b","Wnt","Extracellular matrix, Secreted, Extracellular space","Disease variant, Signal, Developmental protein, Reference proteome, Lipoprotein, Wnt signaling pathway, Disulfide bond, Secreted, Phosphoprotein, Extracellular matrix, Alternative splicing, Glycoprotein","",,"Fzd4, Lrp6","G-protein coupled receptor Fz/Smo, LDLR","Cell membrane, Endoplasmic reticulum, Membrane raft","Membrane, Disulfide bond, Transmembrane, Receptor, Glycoprotein, Transducer, Disease variant, Signal, Developmental protein, Reference proteome, Wnt signaling pathway, Cell membrane, Transmembrane helix, G-protein coupled receptor, 3D-structure, Ubl conjugation, Repeat, EGF-like domain, Endoplasmic reticulum, Endocytosis, Lipoprotein, Phosphoprotein, Isopeptide bond, Palmitate","Receptors","LDLR;Other_receptors, Frizzled;GPCR","","",TRUE,"CellChatDB v1"
"WNT10B_FZD5_LRP6","WNT","Wnt10b","FZD5_LRP6","WNT agonist","WNT antagonist","WNT activation receptor","WNT inhibition receptor","KEGG: mmu04310; PMID: 23209147","Secreted Signaling","Wnt10b  - (Fzd5+Lrp6)",FALSE,"Wnt10b","Wnt","Extracellular matrix, Secreted, Extracellular space","Disease variant, Signal, Developmental protein, Reference proteome, Lipoprotein, Wnt signaling pathway, Disulfide bond, Secreted, Phosphoprotein, Extracellular matrix, Alternative splicing, Glycoprotein","",,"Fzd5, Lrp6","G-protein coupled receptor Fz/Smo, LDLR","Perikaryon, Cell projection, Axon, Synapse, Golgi apparatus membrane, Dendrite, Cell membrane, Endoplasmic reticulum, Membrane raft","Membrane, Disulfide bond, Transmembrane, Lipid-binding, Receptor, Glycoprotein, Transducer, Cell projection, Developmental protein, Signal, Reference proteome, Wnt signaling pathway, Cell membrane, Transmembrane helix, Golgi apparatus, Synapse, G-protein coupled receptor, 3D-structure, Ubl conjugation, Repeat, EGF-like domain, Endoplasmic reticulum, Disease variant, Endocytosis, Lipoprotein, Phosphoprotein, Isopeptide bond, Palmitate","Receptors","LDLR;Other_receptors, Frizzled;GPCR","","",TRUE,"CellChatDB v1"
"WNT10B_FZD6_LRP6","WNT","Wnt10b","FZD6_LRP6","WNT agonist","WNT antagonist","WNT activation receptor","WNT inhibition receptor","KEGG: mmu04310; PMID: 23209147","Secreted Signaling","Wnt10b  - (Fzd6+Lrp6)",FALSE,"Wnt10b","Wnt","Extracellular matrix, Secreted, Extracellular space","Disease variant, Signal, Developmental protein, Reference proteome, Lipoprotein, Wnt signaling pathway, Disulfide bond, Secreted, Phosphoprotein, Extracellular matrix, Alternative splicing, Glycoprotein","",,"Fzd6, Lrp6","G-protein coupled receptor Fz/Smo, LDLR","Endoplasmic reticulum membrane, Cytoplasmic vesicle membrane, Apical cell membrane, Membrane, Cell surface, Cell membrane, Endoplasmic reticulum, Membrane raft","Membrane, Disulfide bond, Transmembrane, Receptor, Alternative splicing, Cytoplasmic vesicle, Endoplasmic reticulum, Glycoprotein, Transducer, Disease variant, Developmental protein, Signal, Reference proteome, Wnt signaling pathway, Cell membrane, Transmembrane helix, Phosphoprotein, G-protein coupled receptor, Ubl conjugation, Repeat, EGF-like domain, Endocytosis, Lipoprotein, Isopeptide bond, 3D-structure, Palmitate","Receptors","Frizzled;GPCR, LDLR;Other_receptors","","",TRUE,"CellChatDB v1"
"WNT10B_FZD7_LRP6","WNT","Wnt10b","FZD7_LRP6","WNT agonist","WNT antagonist","WNT activation receptor","WNT inhibition receptor","KEGG: mmu04310; PMID: 23209147","Secreted Signaling","Wnt10b  - (Fzd7+Lrp6)",FALSE,"Wnt10b","Wnt","Extracellular matrix, Secreted, Extracellular space","Disease variant, Signal, Developmental protein, Reference proteome, Lipoprotein, Wnt signaling pathway, Disulfide bond, Secreted, Phosphoprotein, Extracellular matrix, Alternative splicing, Glycoprotein","",,"Fzd7, Lrp6","G-protein coupled receptor Fz/Smo, LDLR","Endosome membrane, Cell membrane, Endoplasmic reticulum, Membrane raft","Membrane, Disulfide bond, Transmembrane, Receptor, Glycoprotein, Transducer, Signal, Developmental protein, Reference proteome, Wnt signaling pathway, Cell membrane, Transmembrane helix, G-protein coupled receptor, 3D-structure, Endosome, Ubl conjugation, Repeat, EGF-like domain, Endoplasmic reticulum, Disease variant, Endocytosis, Lipoprotein, Phosphoprotein, Isopeptide bond, Palmitate","Receptors","Frizzled;GPCR, LDLR;Other_receptors","","",TRUE,"CellChatDB v1"
"WNT10B_FZD8_LRP6","WNT","Wnt10b","FZD8_LRP6","WNT agonist","WNT antagonist","WNT activation receptor","WNT inhibition receptor","KEGG: mmu04310; PMID: 23209147","Secreted Signaling","Wnt10b  - (Fzd8+Lrp6)",FALSE,"Wnt10b","Wnt","Extracellular matrix, Secreted, Extracellular space","Disease variant, Signal, Developmental protein, Reference proteome, Lipoprotein, Wnt signaling pathway, Disulfide bond, Secreted, Phosphoprotein, Extracellular matrix, Alternative splicing, Glycoprotein","",,"Fzd8, Lrp6","G-protein coupled receptor Fz/Smo, LDLR","Golgi apparatus, Membrane, Cell membrane, Endoplasmic reticulum, Membrane raft","Membrane, Disulfide bond, Transmembrane, Receptor, Glycoprotein, Transducer, Signal, Developmental protein, Reference proteome, Wnt signaling pathway, Cell membrane, Transmembrane helix, Golgi apparatus, G-protein coupled receptor, 3D-structure, Ubl conjugation, Repeat, EGF-like domain, Endoplasmic reticulum, Disease variant, Endocytosis, Lipoprotein, Phosphoprotein, Isopeptide bond, Palmitate","Receptors","LDLR;Other_receptors, Frizzled;GPCR","","",TRUE,"CellChatDB v1"
"WNT10B_FZD9_LRP6","WNT","Wnt10b","FZD9_LRP6","WNT agonist","WNT antagonist","WNT activation receptor","WNT inhibition receptor","KEGG: mmu04310; PMID: 23209147","Secreted Signaling","Wnt10b  - (Fzd9+Lrp6)",FALSE,"Wnt10b","Wnt","Extracellular matrix, Secreted, Extracellular space","Disease variant, Signal, Developmental protein, Reference proteome, Lipoprotein, Wnt signaling pathway, Disulfide bond, Secreted, Phosphoprotein, Extracellular matrix, Alternative splicing, Glycoprotein","",,"Fzd9, Lrp6","G-protein coupled receptor Fz/Smo, LDLR","Cell membrane, Endoplasmic reticulum, Membrane raft","Transducer, Ubl conjugation, Membrane, Signal, Developmental protein, Reference proteome, Wnt signaling pathway, Cell membrane, Transmembrane helix, Disulfide bond, Transmembrane, Receptor, G-protein coupled receptor, Glycoprotein, Repeat, EGF-like domain, Endoplasmic reticulum, Disease variant, Endocytosis, Lipoprotein, Phosphoprotein, Isopeptide bond, 3D-structure, Palmitate","Receptors","Frizzled;GPCR, LDLR;Other_receptors","","",TRUE,"CellChatDB v1"
"WNT2_FZD1_LRP6","WNT","Wnt2","FZD1_LRP6","WNT agonist","WNT antagonist","WNT activation receptor","WNT inhibition receptor","KEGG: mmu04310; PMID: 23209147","Secreted Signaling","Wnt2  - (Fzd1+Lrp6)",FALSE,"Wnt2","Wnt","Extracellular matrix, Secreted, Extracellular space","Signal, Developmental protein, Reference proteome, Wnt signaling pathway, Lipoprotein, Extracellular matrix, Disulfide bond, Secreted, Glycoprotein","wnt family",FALSE,"Fzd1, Lrp6","G-protein coupled receptor Fz/Smo, LDLR","Cell membrane, Endoplasmic reticulum, Membrane raft","Transducer, Ubl conjugation, Membrane, Signal, Developmental protein, Reference proteome, Wnt signaling pathway, Cell membrane, Transmembrane helix, Disulfide bond, Transmembrane, Receptor, G-protein coupled receptor, Glycoprotein, Repeat, EGF-like domain, Endoplasmic reticulum, Disease variant, Endocytosis, Lipoprotein, Phosphoprotein, Isopeptide bond, 3D-structure, Palmitate","Receptors","LDLR;Other_receptors, Frizzled;GPCR","","",TRUE,"CellChatDB v1"
"WNT2_FZD10_LRP6","WNT","Wnt2","FZD10_LRP6","WNT agonist","WNT antagonist","WNT activation receptor","WNT inhibition receptor","KEGG: mmu04310; PMID: 23209147","Secreted Signaling","Wnt2  - (Fzd10+Lrp6)",FALSE,"Wnt2","Wnt","Extracellular matrix, Secreted, Extracellular space","Signal, Developmental protein, Reference proteome, Wnt signaling pathway, Lipoprotein, Extracellular matrix, Disulfide bond, Secreted, Glycoprotein","wnt family",FALSE,"Fzd10, Lrp6","G-protein coupled receptor Fz/Smo, LDLR","Cell membrane, Endoplasmic reticulum, Membrane raft","Transducer, Ubl conjugation, Membrane, Signal, Developmental protein, Reference proteome, Wnt signaling pathway, Cell membrane, Transmembrane helix, Disulfide bond, Transmembrane, Receptor, G-protein coupled receptor, Glycoprotein, Repeat, EGF-like domain, Endoplasmic reticulum, Disease variant, Endocytosis, Lipoprotein, Phosphoprotein, Isopeptide bond, 3D-structure, Palmitate","Receptors","LDLR;Other_receptors, Frizzled;GPCR","","",TRUE,"CellChatDB v1"
"WNT2_FZD2_LRP6","WNT","Wnt2","FZD2_LRP6","WNT agonist","WNT antagonist","WNT activation receptor","WNT inhibition receptor","KEGG: mmu04310; PMID: 23209147","Secreted Signaling","Wnt2  - (Fzd2+Lrp6)",FALSE,"Wnt2","Wnt","Extracellular matrix, Secreted, Extracellular space","Signal, Developmental protein, Reference proteome, Wnt signaling pathway, Lipoprotein, Extracellular matrix, Disulfide bond, Secreted, Glycoprotein","wnt family",FALSE,"Fzd2, Lrp6","G-protein coupled receptor Fz/Smo, LDLR","Membrane, Cell membrane, Endoplasmic reticulum, Membrane raft","Membrane, Disulfide bond, Transmembrane, Receptor, Glycoprotein, Transducer, Disease variant, Signal, Developmental protein, Reference proteome, Wnt signaling pathway, Cell membrane, Transmembrane helix, G-protein coupled receptor, 3D-structure, Ubl conjugation, Repeat, EGF-like domain, Endoplasmic reticulum, Endocytosis, Lipoprotein, Phosphoprotein, Isopeptide bond, Palmitate","Receptors","LDLR;Other_receptors, Frizzled;GPCR","","",TRUE,"CellChatDB v1"
"WNT2_FZD3_LRP6","WNT","Wnt2","FZD3_LRP6","WNT agonist","WNT antagonist","WNT activation receptor","WNT inhibition receptor","KEGG: mmu04310; PMID: 23209147","Secreted Signaling","Wnt2  - (Fzd3+Lrp6)",FALSE,"Wnt2","Wnt","Extracellular matrix, Secreted, Extracellular space","Signal, Developmental protein, Reference proteome, Wnt signaling pathway, Lipoprotein, Extracellular matrix, Disulfide bond, Secreted, Glycoprotein","wnt family",FALSE,"Fzd3, Lrp6","G-protein coupled receptor Fz/Smo, LDLR","Apical cell membrane, Membrane, Cell surface, Cell membrane, Endoplasmic reticulum, Membrane raft","Membrane, Disulfide bond, Transmembrane, Receptor, Neurogenesis, Alternative splicing, Glycoprotein, Transducer, Signal, Developmental protein, Reference proteome, Wnt signaling pathway, Cell membrane, Transmembrane helix, Direct protein sequencing, G-protein coupled receptor, Ubl conjugation, Repeat, EGF-like domain, Endoplasmic reticulum, Disease variant, Endocytosis, Lipoprotein, Phosphoprotein, Isopeptide bond, 3D-structure, Palmitate","Receptors","LDLR;Other_receptors, Frizzled;GPCR","","",TRUE,"CellChatDB v1"
"WNT2_FZD4_LRP6","WNT","Wnt2","FZD4_LRP6","WNT agonist","WNT antagonist","WNT activation receptor","WNT inhibition receptor","KEGG: mmu04310; PMID: 23209147","Secreted Signaling","Wnt2  - (Fzd4+Lrp6)",FALSE,"Wnt2","Wnt","Extracellular matrix, Secreted, Extracellular space","Signal, Developmental protein, Reference proteome, Wnt signaling pathway, Lipoprotein, Extracellular matrix, Disulfide bond, Secreted, Glycoprotein","wnt family",FALSE,"Fzd4, Lrp6","G-protein coupled receptor Fz/Smo, LDLR","Cell membrane, Endoplasmic reticulum, Membrane raft","Membrane, Disulfide bond, Transmembrane, Receptor, Glycoprotein, Transducer, Disease variant, Signal, Developmental protein, Reference proteome, Wnt signaling pathway, Cell membrane, Transmembrane helix, G-protein coupled receptor, 3D-structure, Ubl conjugation, Repeat, EGF-like domain, Endoplasmic reticulum, Endocytosis, Lipoprotein, Phosphoprotein, Isopeptide bond, Palmitate","Receptors","LDLR;Other_receptors, Frizzled;GPCR","","",TRUE,"CellChatDB v1"
"WNT2_FZD5_LRP6","WNT","Wnt2","FZD5_LRP6","WNT agonist","WNT antagonist","WNT activation receptor","WNT inhibition receptor","KEGG: mmu04310; PMID: 23209147","Secreted Signaling","Wnt2  - (Fzd5+Lrp6)",FALSE,"Wnt2","Wnt","Extracellular matrix, Secreted, Extracellular space","Signal, Developmental protein, Reference proteome, Wnt signaling pathway, Lipoprotein, Extracellular matrix, Disulfide bond, Secreted, Glycoprotein","wnt family",FALSE,"Fzd5, Lrp6","G-protein coupled receptor Fz/Smo, LDLR","Perikaryon, Cell projection, Axon, Synapse, Golgi apparatus membrane, Dendrite, Cell membrane, Endoplasmic reticulum, Membrane raft","Membrane, Disulfide bond, Transmembrane, Lipid-binding, Receptor, Glycoprotein, Transducer, Cell projection, Developmental protein, Signal, Reference proteome, Wnt signaling pathway, Cell membrane, Transmembrane helix, Golgi apparatus, Synapse, G-protein coupled receptor, 3D-structure, Ubl conjugation, Repeat, EGF-like domain, Endoplasmic reticulum, Disease variant, Endocytosis, Lipoprotein, Phosphoprotein, Isopeptide bond, Palmitate","Receptors","LDLR;Other_receptors, Frizzled;GPCR","","",TRUE,"CellChatDB v1"
"WNT2_FZD6_LRP6","WNT","Wnt2","FZD6_LRP6","WNT agonist","WNT antagonist","WNT activation receptor","WNT inhibition receptor","KEGG: mmu04310; PMID: 23209147","Secreted Signaling","Wnt2  - (Fzd6+Lrp6)",FALSE,"Wnt2","Wnt","Extracellular matrix, Secreted, Extracellular space","Signal, Developmental protein, Reference proteome, Wnt signaling pathway, Lipoprotein, Extracellular matrix, Disulfide bond, Secreted, Glycoprotein","wnt family",FALSE,"Fzd6, Lrp6","G-protein coupled receptor Fz/Smo, LDLR","Endoplasmic reticulum membrane, Cytoplasmic vesicle membrane, Apical cell membrane, Membrane, Cell surface, Cell membrane, Endoplasmic reticulum, Membrane raft","Membrane, Disulfide bond, Transmembrane, Receptor, Alternative splicing, Cytoplasmic vesicle, Endoplasmic reticulum, Glycoprotein, Transducer, Disease variant, Developmental protein, Signal, Reference proteome, Wnt signaling pathway, Cell membrane, Transmembrane helix, Phosphoprotein, G-protein coupled receptor, Ubl conjugation, Repeat, EGF-like domain, Endocytosis, Lipoprotein, Isopeptide bond, 3D-structure, Palmitate","Receptors","Frizzled;GPCR, LDLR;Other_receptors","","",TRUE,"CellChatDB v1"
"WNT2_FZD7_LRP6","WNT","Wnt2","FZD7_LRP6","WNT agonist","WNT antagonist","WNT activation receptor","WNT inhibition receptor","KEGG: mmu04310; PMID: 23209147","Secreted Signaling","Wnt2  - (Fzd7+Lrp6)",FALSE,"Wnt2","Wnt","Extracellular matrix, Secreted, Extracellular space","Signal, Developmental protein, Reference proteome, Wnt signaling pathway, Lipoprotein, Extracellular matrix, Disulfide bond, Secreted, Glycoprotein","wnt family",FALSE,"Fzd7, Lrp6","G-protein coupled receptor Fz/Smo, LDLR","Endosome membrane, Cell membrane, Endoplasmic reticulum, Membrane raft","Membrane, Disulfide bond, Transmembrane, Receptor, Glycoprotein, Transducer, Signal, Developmental protein, Reference proteome, Wnt signaling pathway, Cell membrane, Transmembrane helix, G-protein coupled receptor, 3D-structure, Endosome, Ubl conjugation, Repeat, EGF-like domain, Endoplasmic reticulum, Disease variant, Endocytosis, Lipoprotein, Phosphoprotein, Isopeptide bond, Palmitate","Receptors","Frizzled;GPCR, LDLR;Other_receptors","","",TRUE,"CellChatDB v1"
"WNT2_FZD8_LRP6","WNT","Wnt2","FZD8_LRP6","WNT agonist","WNT antagonist","WNT activation receptor","WNT inhibition receptor","KEGG: mmu04310; PMID: 23209147","Secreted Signaling","Wnt2  - (Fzd8+Lrp6)",FALSE,"Wnt2","Wnt","Extracellular matrix, Secreted, Extracellular space","Signal, Developmental protein, Reference proteome, Wnt signaling pathway, Lipoprotein, Extracellular matrix, Disulfide bond, Secreted, Glycoprotein","wnt family",FALSE,"Fzd8, Lrp6","G-protein coupled receptor Fz/Smo, LDLR","Golgi apparatus, Membrane, Cell membrane, Endoplasmic reticulum, Membrane raft","Membrane, Disulfide bond, Transmembrane, Receptor, Glycoprotein, Transducer, Signal, Developmental protein, Reference proteome, Wnt signaling pathway, Cell membrane, Transmembrane helix, Golgi apparatus, G-protein coupled receptor, 3D-structure, Ubl conjugation, Repeat, EGF-like domain, Endoplasmic reticulum, Disease variant, Endocytosis, Lipoprotein, Phosphoprotein, Isopeptide bond, Palmitate","Receptors","LDLR;Other_receptors, Frizzled;GPCR","","",TRUE,"CellChatDB v1"
"WNT2_FZD9_LRP6","WNT","Wnt2","FZD9_LRP6","WNT agonist","WNT antagonist","WNT activation receptor","WNT inhibition receptor","KEGG: mmu04310; PMID: 23209147","Secreted Signaling","Wnt2  - (Fzd9+Lrp6)",FALSE,"Wnt2","Wnt","Extracellular matrix, Secreted, Extracellular space","Signal, Developmental protein, Reference proteome, Wnt signaling pathway, Lipoprotein, Extracellular matrix, Disulfide bond, Secreted, Glycoprotein","wnt family",FALSE,"Fzd9, Lrp6","G-protein coupled receptor Fz/Smo, LDLR","Cell membrane, Endoplasmic reticulum, Membrane raft","Transducer, Ubl conjugation, Membrane, Signal, Developmental protein, Reference proteome, Wnt signaling pathway, Cell membrane, Transmembrane helix, Disulfide bond, Transmembrane, Receptor, G-protein coupled receptor, Glycoprotein, Repeat, EGF-like domain, Endoplasmic reticulum, Disease variant, Endocytosis, Lipoprotein, Phosphoprotein, Isopeptide bond, 3D-structure, Palmitate","Receptors","Frizzled;GPCR, LDLR;Other_receptors","","",TRUE,"CellChatDB v1"
"WNT2B_FZD1_LRP6","WNT","Wnt2b","FZD1_LRP6","WNT agonist","WNT antagonist","WNT activation receptor","WNT inhibition receptor","KEGG: mmu04310; PMID: 23209147","Secreted Signaling","Wnt2b  - (Fzd1+Lrp6)",FALSE,"Wnt2b","Wnt","Extracellular matrix, Secreted, Extracellular space","Disease variant, Signal, Developmental protein, Reference proteome, Lipoprotein, Wnt signaling pathway, Extracellular matrix, Disulfide bond, Secreted, Alternative splicing, Glycoprotein","wnt family",FALSE,"Fzd1, Lrp6","G-protein coupled receptor Fz/Smo, LDLR","Cell membrane, Endoplasmic reticulum, Membrane raft","Transducer, Ubl conjugation, Membrane, Signal, Developmental protein, Reference proteome, Wnt signaling pathway, Cell membrane, Transmembrane helix, Disulfide bond, Transmembrane, Receptor, G-protein coupled receptor, Glycoprotein, Repeat, EGF-like domain, Endoplasmic reticulum, Disease variant, Endocytosis, Lipoprotein, Phosphoprotein, Isopeptide bond, 3D-structure, Palmitate","Receptors","LDLR;Other_receptors, Frizzled;GPCR","","",TRUE,"CellChatDB v1"
"WNT2B_FZD10_LRP6","WNT","Wnt2b","FZD10_LRP6","WNT agonist","WNT antagonist","WNT activation receptor","WNT inhibition receptor","KEGG: mmu04310; PMID: 23209147","Secreted Signaling","Wnt2b  - (Fzd10+Lrp6)",FALSE,"Wnt2b","Wnt","Extracellular matrix, Secreted, Extracellular space","Disease variant, Signal, Developmental protein, Reference proteome, Lipoprotein, Wnt signaling pathway, Extracellular matrix, Disulfide bond, Secreted, Alternative splicing, Glycoprotein","wnt family",FALSE,"Fzd10, Lrp6","G-protein coupled receptor Fz/Smo, LDLR","Cell membrane, Endoplasmic reticulum, Membrane raft","Transducer, Ubl conjugation, Membrane, Signal, Developmental protein, Reference proteome, Wnt signaling pathway, Cell membrane, Transmembrane helix, Disulfide bond, Transmembrane, Receptor, G-protein coupled receptor, Glycoprotein, Repeat, EGF-like domain, Endoplasmic reticulum, Disease variant, Endocytosis, Lipoprotein, Phosphoprotein, Isopeptide bond, 3D-structure, Palmitate","Receptors","LDLR;Other_receptors, Frizzled;GPCR","","",TRUE,"CellChatDB v1"
"WNT2B_FZD2_LRP6","WNT","Wnt2b","FZD2_LRP6","WNT agonist","WNT antagonist","WNT activation receptor","WNT inhibition receptor","KEGG: mmu04310; PMID: 23209147","Secreted Signaling","Wnt2b  - (Fzd2+Lrp6)",FALSE,"Wnt2b","Wnt","Extracellular matrix, Secreted, Extracellular space","Disease variant, Signal, Developmental protein, Reference proteome, Lipoprotein, Wnt signaling pathway, Extracellular matrix, Disulfide bond, Secreted, Alternative splicing, Glycoprotein","wnt family",FALSE,"Fzd2, Lrp6","G-protein coupled receptor Fz/Smo, LDLR","Membrane, Cell membrane, Endoplasmic reticulum, Membrane raft","Membrane, Disulfide bond, Transmembrane, Receptor, Glycoprotein, Transducer, Disease variant, Signal, Developmental protein, Reference proteome, Wnt signaling pathway, Cell membrane, Transmembrane helix, G-protein coupled receptor, 3D-structure, Ubl conjugation, Repeat, EGF-like domain, Endoplasmic reticulum, Endocytosis, Lipoprotein, Phosphoprotein, Isopeptide bond, Palmitate","Receptors","LDLR;Other_receptors, Frizzled;GPCR","","",TRUE,"CellChatDB v1"
"WNT2B_FZD3_LRP6","WNT","Wnt2b","FZD3_LRP6","WNT agonist","WNT antagonist","WNT activation receptor","WNT inhibition receptor","KEGG: mmu04310; PMID: 23209147","Secreted Signaling","Wnt2b  - (Fzd3+Lrp6)",FALSE,"Wnt2b","Wnt","Extracellular matrix, Secreted, Extracellular space","Disease variant, Signal, Developmental protein, Reference proteome, Lipoprotein, Wnt signaling pathway, Extracellular matrix, Disulfide bond, Secreted, Alternative splicing, Glycoprotein","wnt family",FALSE,"Fzd3, Lrp6","G-protein coupled receptor Fz/Smo, LDLR","Apical cell membrane, Membrane, Cell surface, Cell membrane, Endoplasmic reticulum, Membrane raft","Membrane, Disulfide bond, Transmembrane, Receptor, Neurogenesis, Alternative splicing, Glycoprotein, Transducer, Signal, Developmental protein, Reference proteome, Wnt signaling pathway, Cell membrane, Transmembrane helix, Direct protein sequencing, G-protein coupled receptor, Ubl conjugation, Repeat, EGF-like domain, Endoplasmic reticulum, Disease variant, Endocytosis, Lipoprotein, Phosphoprotein, Isopeptide bond, 3D-structure, Palmitate","Receptors","LDLR;Other_receptors, Frizzled;GPCR","","",TRUE,"CellChatDB v1"
"WNT2B_FZD4_LRP6","WNT","Wnt2b","FZD4_LRP6","WNT agonist","WNT antagonist","WNT activation receptor","WNT inhibition receptor","KEGG: mmu04310; PMID: 23209147","Secreted Signaling","Wnt2b  - (Fzd4+Lrp6)",FALSE,"Wnt2b","Wnt","Extracellular matrix, Secreted, Extracellular space","Disease variant, Signal, Developmental protein, Reference proteome, Lipoprotein, Wnt signaling pathway, Extracellular matrix, Disulfide bond, Secreted, Alternative splicing, Glycoprotein","wnt family",FALSE,"Fzd4, Lrp6","G-protein coupled receptor Fz/Smo, LDLR","Cell membrane, Endoplasmic reticulum, Membrane raft","Membrane, Disulfide bond, Transmembrane, Receptor, Glycoprotein, Transducer, Disease variant, Signal, Developmental protein, Reference proteome, Wnt signaling pathway, Cell membrane, Transmembrane helix, G-protein coupled receptor, 3D-structure, Ubl conjugation, Repeat, EGF-like domain, Endoplasmic reticulum, Endocytosis, Lipoprotein, Phosphoprotein, Isopeptide bond, Palmitate","Receptors","LDLR;Other_receptors, Frizzled;GPCR","","",TRUE,"CellChatDB v1"
"WNT2B_FZD5_LRP6","WNT","Wnt2b","FZD5_LRP6","WNT agonist","WNT antagonist","WNT activation receptor","WNT inhibition receptor","KEGG: mmu04310; PMID: 23209147","Secreted Signaling","Wnt2b  - (Fzd5+Lrp6)",FALSE,"Wnt2b","Wnt","Extracellular matrix, Secreted, Extracellular space","Disease variant, Signal, Developmental protein, Reference proteome, Lipoprotein, Wnt signaling pathway, Extracellular matrix, Disulfide bond, Secreted, Alternative splicing, Glycoprotein","wnt family",FALSE,"Fzd5, Lrp6","G-protein coupled receptor Fz/Smo, LDLR","Perikaryon, Cell projection, Axon, Synapse, Golgi apparatus membrane, Dendrite, Cell membrane, Endoplasmic reticulum, Membrane raft","Membrane, Disulfide bond, Transmembrane, Lipid-binding, Receptor, Glycoprotein, Transducer, Cell projection, Developmental protein, Signal, Reference proteome, Wnt signaling pathway, Cell membrane, Transmembrane helix, Golgi apparatus, Synapse, G-protein coupled receptor, 3D-structure, Ubl conjugation, Repeat, EGF-like domain, Endoplasmic reticulum, Disease variant, Endocytosis, Lipoprotein, Phosphoprotein, Isopeptide bond, Palmitate","Receptors","LDLR;Other_receptors, Frizzled;GPCR","","",TRUE,"CellChatDB v1"
"WNT2B_FZD6_LRP6","WNT","Wnt2b","FZD6_LRP6","WNT agonist","WNT antagonist","WNT activation receptor","WNT inhibition receptor","KEGG: mmu04310; PMID: 23209147","Secreted Signaling","Wnt2b  - (Fzd6+Lrp6)",FALSE,"Wnt2b","Wnt","Extracellular matrix, Secreted, Extracellular space","Disease variant, Signal, Developmental protein, Reference proteome, Lipoprotein, Wnt signaling pathway, Extracellular matrix, Disulfide bond, Secreted, Alternative splicing, Glycoprotein","wnt family",FALSE,"Fzd6, Lrp6","G-protein coupled receptor Fz/Smo, LDLR","Endoplasmic reticulum membrane, Cytoplasmic vesicle membrane, Apical cell membrane, Membrane, Cell surface, Cell membrane, Endoplasmic reticulum, Membrane raft","Membrane, Disulfide bond, Transmembrane, Receptor, Alternative splicing, Cytoplasmic vesicle, Endoplasmic reticulum, Glycoprotein, Transducer, Disease variant, Developmental protein, Signal, Reference proteome, Wnt signaling pathway, Cell membrane, Transmembrane helix, Phosphoprotein, G-protein coupled receptor, Ubl conjugation, Repeat, EGF-like domain, Endocytosis, Lipoprotein, Isopeptide bond, 3D-structure, Palmitate","Receptors","Frizzled;GPCR, LDLR;Other_receptors","","",TRUE,"CellChatDB v1"
"WNT2B_FZD7_LRP6","WNT","Wnt2b","FZD7_LRP6","WNT agonist","WNT antagonist","WNT activation receptor","WNT inhibition receptor","KEGG: mmu04310; PMID: 23209147","Secreted Signaling","Wnt2b  - (Fzd7+Lrp6)",FALSE,"Wnt2b","Wnt","Extracellular matrix, Secreted, Extracellular space","Disease variant, Signal, Developmental protein, Reference proteome, Lipoprotein, Wnt signaling pathway, Extracellular matrix, Disulfide bond, Secreted, Alternative splicing, Glycoprotein","wnt family",FALSE,"Fzd7, Lrp6","G-protein coupled receptor Fz/Smo, LDLR","Endosome membrane, Cell membrane, Endoplasmic reticulum, Membrane raft","Membrane, Disulfide bond, Transmembrane, Receptor, Glycoprotein, Transducer, Signal, Developmental protein, Reference proteome, Wnt signaling pathway, Cell membrane, Transmembrane helix, G-protein coupled receptor, 3D-structure, Endosome, Ubl conjugation, Repeat, EGF-like domain, Endoplasmic reticulum, Disease variant, Endocytosis, Lipoprotein, Phosphoprotein, Isopeptide bond, Palmitate","Receptors","Frizzled;GPCR, LDLR;Other_receptors","","",TRUE,"CellChatDB v1"
"WNT2B_FZD8_LRP6","WNT","Wnt2b","FZD8_LRP6","WNT agonist","WNT antagonist","WNT activation receptor","WNT inhibition receptor","KEGG: mmu04310; PMID: 23209147","Secreted Signaling","Wnt2b  - (Fzd8+Lrp6)",FALSE,"Wnt2b","Wnt","Extracellular matrix, Secreted, Extracellular space","Disease variant, Signal, Developmental protein, Reference proteome, Lipoprotein, Wnt signaling pathway, Extracellular matrix, Disulfide bond, Secreted, Alternative splicing, Glycoprotein","wnt family",FALSE,"Fzd8, Lrp6","G-protein coupled receptor Fz/Smo, LDLR","Golgi apparatus, Membrane, Cell membrane, Endoplasmic reticulum, Membrane raft","Membrane, Disulfide bond, Transmembrane, Receptor, Glycoprotein, Transducer, Signal, Developmental protein, Reference proteome, Wnt signaling pathway, Cell membrane, Transmembrane helix, Golgi apparatus, G-protein coupled receptor, 3D-structure, Ubl conjugation, Repeat, EGF-like domain, Endoplasmic reticulum, Disease variant, Endocytosis, Lipoprotein, Phosphoprotein, Isopeptide bond, Palmitate","Receptors","LDLR;Other_receptors, Frizzled;GPCR","","",TRUE,"CellChatDB v1"
"WNT2B_FZD9_LRP6","WNT","Wnt2b","FZD9_LRP6","WNT agonist","WNT antagonist","WNT activation receptor","WNT inhibition receptor","KEGG: mmu04310; PMID: 23209147","Secreted Signaling","Wnt2b  - (Fzd9+Lrp6)",FALSE,"Wnt2b","Wnt","Extracellular matrix, Secreted, Extracellular space","Disease variant, Signal, Developmental protein, Reference proteome, Lipoprotein, Wnt signaling pathway, Extracellular matrix, Disulfide bond, Secreted, Alternative splicing, Glycoprotein","wnt family",FALSE,"Fzd9, Lrp6","G-protein coupled receptor Fz/Smo, LDLR","Cell membrane, Endoplasmic reticulum, Membrane raft","Transducer, Ubl conjugation, Membrane, Signal, Developmental protein, Reference proteome, Wnt signaling pathway, Cell membrane, Transmembrane helix, Disulfide bond, Transmembrane, Receptor, G-protein coupled receptor, Glycoprotein, Repeat, EGF-like domain, Endoplasmic reticulum, Disease variant, Endocytosis, Lipoprotein, Phosphoprotein, Isopeptide bond, 3D-structure, Palmitate","Receptors","Frizzled;GPCR, LDLR;Other_receptors","","",TRUE,"CellChatDB v1"
"WNT3_FZD1_LRP6","WNT","Wnt3","FZD1_LRP6","WNT agonist","WNT antagonist","WNT activation receptor","WNT inhibition receptor","KEGG: mmu04310; PMID: 23209147","Secreted Signaling","Wnt3  - (Fzd1+Lrp6)",FALSE,"Wnt3","Wnt","Extracellular matrix, Secreted, Extracellular space","Signal, Developmental protein, Reference proteome, Lipoprotein, Proto-oncogene, Wnt signaling pathway, Disulfide bond, Secreted, Extracellular matrix, 3D-structure, Glycoprotein","wnt family",FALSE,"Fzd1, Lrp6","G-protein coupled receptor Fz/Smo, LDLR","Cell membrane, Endoplasmic reticulum, Membrane raft","Transducer, Ubl conjugation, Membrane, Signal, Developmental protein, Reference proteome, Wnt signaling pathway, Cell membrane, Transmembrane helix, Disulfide bond, Transmembrane, Receptor, G-protein coupled receptor, Glycoprotein, Repeat, EGF-like domain, Endoplasmic reticulum, Disease variant, Endocytosis, Lipoprotein, Phosphoprotein, Isopeptide bond, 3D-structure, Palmitate","Receptors","LDLR;Other_receptors, Frizzled;GPCR","","",TRUE,"CellChatDB v1"
"WNT3_FZD10_LRP6","WNT","Wnt3","FZD10_LRP6","WNT agonist","WNT antagonist","WNT activation receptor","WNT inhibition receptor","KEGG: mmu04310; PMID: 23209147","Secreted Signaling","Wnt3  - (Fzd10+Lrp6)",FALSE,"Wnt3","Wnt","Extracellular matrix, Secreted, Extracellular space","Signal, Developmental protein, Reference proteome, Lipoprotein, Proto-oncogene, Wnt signaling pathway, Disulfide bond, Secreted, Extracellular matrix, 3D-structure, Glycoprotein","wnt family",FALSE,"Fzd10, Lrp6","G-protein coupled receptor Fz/Smo, LDLR","Cell membrane, Endoplasmic reticulum, Membrane raft","Transducer, Ubl conjugation, Membrane, Signal, Developmental protein, Reference proteome, Wnt signaling pathway, Cell membrane, Transmembrane helix, Disulfide bond, Transmembrane, Receptor, G-protein coupled receptor, Glycoprotein, Repeat, EGF-like domain, Endoplasmic reticulum, Disease variant, Endocytosis, Lipoprotein, Phosphoprotein, Isopeptide bond, 3D-structure, Palmitate","Receptors","LDLR;Other_receptors, Frizzled;GPCR","","",TRUE,"CellChatDB v1"
"WNT3_FZD2_LRP6","WNT","Wnt3","FZD2_LRP6","WNT agonist","WNT antagonist","WNT activation receptor","WNT inhibition receptor","KEGG: mmu04310; PMID: 23209147","Secreted Signaling","Wnt3  - (Fzd2+Lrp6)",FALSE,"Wnt3","Wnt","Extracellular matrix, Secreted, Extracellular space","Signal, Developmental protein, Reference proteome, Lipoprotein, Proto-oncogene, Wnt signaling pathway, Disulfide bond, Secreted, Extracellular matrix, 3D-structure, Glycoprotein","wnt family",FALSE,"Fzd2, Lrp6","G-protein coupled receptor Fz/Smo, LDLR","Membrane, Cell membrane, Endoplasmic reticulum, Membrane raft","Membrane, Disulfide bond, Transmembrane, Receptor, Glycoprotein, Transducer, Disease variant, Signal, Developmental protein, Reference proteome, Wnt signaling pathway, Cell membrane, Transmembrane helix, G-protein coupled receptor, 3D-structure, Ubl conjugation, Repeat, EGF-like domain, Endoplasmic reticulum, Endocytosis, Lipoprotein, Phosphoprotein, Isopeptide bond, Palmitate","Receptors","LDLR;Other_receptors, Frizzled;GPCR","","",TRUE,"CellChatDB v1"
"WNT3_FZD3_LRP6","WNT","Wnt3","FZD3_LRP6","WNT agonist","WNT antagonist","WNT activation receptor","WNT inhibition receptor","KEGG: mmu04310; PMID: 23209147","Secreted Signaling","Wnt3  - (Fzd3+Lrp6)",FALSE,"Wnt3","Wnt","Extracellular matrix, Secreted, Extracellular space","Signal, Developmental protein, Reference proteome, Lipoprotein, Proto-oncogene, Wnt signaling pathway, Disulfide bond, Secreted, Extracellular matrix, 3D-structure, Glycoprotein","wnt family",FALSE,"Fzd3, Lrp6","G-protein coupled receptor Fz/Smo, LDLR","Apical cell membrane, Membrane, Cell surface, Cell membrane, Endoplasmic reticulum, Membrane raft","Membrane, Disulfide bond, Transmembrane, Receptor, Neurogenesis, Alternative splicing, Glycoprotein, Transducer, Signal, Developmental protein, Reference proteome, Wnt signaling pathway, Cell membrane, Transmembrane helix, Direct protein sequencing, G-protein coupled receptor, Ubl conjugation, Repeat, EGF-like domain, Endoplasmic reticulum, Disease variant, Endocytosis, Lipoprotein, Phosphoprotein, Isopeptide bond, 3D-structure, Palmitate","Receptors","LDLR;Other_receptors, Frizzled;GPCR","","",TRUE,"CellChatDB v1"
"WNT3_FZD4_LRP6","WNT","Wnt3","FZD4_LRP6","WNT agonist","WNT antagonist","WNT activation receptor","WNT inhibition receptor","KEGG: mmu04310; PMID: 23209147","Secreted Signaling","Wnt3  - (Fzd4+Lrp6)",FALSE,"Wnt3","Wnt","Extracellular matrix, Secreted, Extracellular space","Signal, Developmental protein, Reference proteome, Lipoprotein, Proto-oncogene, Wnt signaling pathway, Disulfide bond, Secreted, Extracellular matrix, 3D-structure, Glycoprotein","wnt family",FALSE,"Fzd4, Lrp6","G-protein coupled receptor Fz/Smo, LDLR","Cell membrane, Endoplasmic reticulum, Membrane raft","Membrane, Disulfide bond, Transmembrane, Receptor, Glycoprotein, Transducer, Disease variant, Signal, Developmental protein, Reference proteome, Wnt signaling pathway, Cell membrane, Transmembrane helix, G-protein coupled receptor, 3D-structure, Ubl conjugation, Repeat, EGF-like domain, Endoplasmic reticulum, Endocytosis, Lipoprotein, Phosphoprotein, Isopeptide bond, Palmitate","Receptors","LDLR;Other_receptors, Frizzled;GPCR","","",TRUE,"CellChatDB v1"
"WNT3_FZD5_LRP6","WNT","Wnt3","FZD5_LRP6","WNT agonist","WNT antagonist","WNT activation receptor","WNT inhibition receptor","KEGG: mmu04310; PMID: 23209147","Secreted Signaling","Wnt3  - (Fzd5+Lrp6)",FALSE,"Wnt3","Wnt","Extracellular matrix, Secreted, Extracellular space","Signal, Developmental protein, Reference proteome, Lipoprotein, Proto-oncogene, Wnt signaling pathway, Disulfide bond, Secreted, Extracellular matrix, 3D-structure, Glycoprotein","wnt family",FALSE,"Fzd5, Lrp6","G-protein coupled receptor Fz/Smo, LDLR","Perikaryon, Cell projection, Axon, Synapse, Golgi apparatus membrane, Dendrite, Cell membrane, Endoplasmic reticulum, Membrane raft","Membrane, Disulfide bond, Transmembrane, Lipid-binding, Receptor, Glycoprotein, Transducer, Cell projection, Developmental protein, Signal, Reference proteome, Wnt signaling pathway, Cell membrane, Transmembrane helix, Golgi apparatus, Synapse, G-protein coupled receptor, 3D-structure, Ubl conjugation, Repeat, EGF-like domain, Endoplasmic reticulum, Disease variant, Endocytosis, Lipoprotein, Phosphoprotein, Isopeptide bond, Palmitate","Receptors","LDLR;Other_receptors, Frizzled;GPCR","","",TRUE,"CellChatDB v1"
"WNT3_FZD6_LRP6","WNT","Wnt3","FZD6_LRP6","WNT agonist","WNT antagonist","WNT activation receptor","WNT inhibition receptor","KEGG: mmu04310; PMID: 23209147","Secreted Signaling","Wnt3  - (Fzd6+Lrp6)",FALSE,"Wnt3","Wnt","Extracellular matrix, Secreted, Extracellular space","Signal, Developmental protein, Reference proteome, Lipoprotein, Proto-oncogene, Wnt signaling pathway, Disulfide bond, Secreted, Extracellular matrix, 3D-structure, Glycoprotein","wnt family",FALSE,"Fzd6, Lrp6","G-protein coupled receptor Fz/Smo, LDLR","Endoplasmic reticulum membrane, Cytoplasmic vesicle membrane, Apical cell membrane, Membrane, Cell surface, Cell membrane, Endoplasmic reticulum, Membrane raft","Membrane, Disulfide bond, Transmembrane, Receptor, Alternative splicing, Cytoplasmic vesicle, Endoplasmic reticulum, Glycoprotein, Transducer, Disease variant, Developmental protein, Signal, Reference proteome, Wnt signaling pathway, Cell membrane, Transmembrane helix, Phosphoprotein, G-protein coupled receptor, Ubl conjugation, Repeat, EGF-like domain, Endocytosis, Lipoprotein, Isopeptide bond, 3D-structure, Palmitate","Receptors","Frizzled;GPCR, LDLR;Other_receptors","","",TRUE,"CellChatDB v1"
"WNT3_FZD7_LRP6","WNT","Wnt3","FZD7_LRP6","WNT agonist","WNT antagonist","WNT activation receptor","WNT inhibition receptor","KEGG: mmu04310; PMID: 23209147","Secreted Signaling","Wnt3  - (Fzd7+Lrp6)",FALSE,"Wnt3","Wnt","Extracellular matrix, Secreted, Extracellular space","Signal, Developmental protein, Reference proteome, Lipoprotein, Proto-oncogene, Wnt signaling pathway, Disulfide bond, Secreted, Extracellular matrix, 3D-structure, Glycoprotein","wnt family",FALSE,"Fzd7, Lrp6","G-protein coupled receptor Fz/Smo, LDLR","Endosome membrane, Cell membrane, Endoplasmic reticulum, Membrane raft","Membrane, Disulfide bond, Transmembrane, Receptor, Glycoprotein, Transducer, Signal, Developmental protein, Reference proteome, Wnt signaling pathway, Cell membrane, Transmembrane helix, G-protein coupled receptor, 3D-structure, Endosome, Ubl conjugation, Repeat, EGF-like domain, Endoplasmic reticulum, Disease variant, Endocytosis, Lipoprotein, Phosphoprotein, Isopeptide bond, Palmitate","Receptors","Frizzled;GPCR, LDLR;Other_receptors","","",TRUE,"CellChatDB v1"
"WNT3_FZD8_LRP6","WNT","Wnt3","FZD8_LRP6","WNT agonist","WNT antagonist","WNT activation receptor","WNT inhibition receptor","KEGG: mmu04310; PMID: 23209147","Secreted Signaling","Wnt3  - (Fzd8+Lrp6)",FALSE,"Wnt3","Wnt","Extracellular matrix, Secreted, Extracellular space","Signal, Developmental protein, Reference proteome, Lipoprotein, Proto-oncogene, Wnt signaling pathway, Disulfide bond, Secreted, Extracellular matrix, 3D-structure, Glycoprotein","wnt family",FALSE,"Fzd8, Lrp6","G-protein coupled receptor Fz/Smo, LDLR","Golgi apparatus, Membrane, Cell membrane, Endoplasmic reticulum, Membrane raft","Membrane, Disulfide bond, Transmembrane, Receptor, Glycoprotein, Transducer, Signal, Developmental protein, Reference proteome, Wnt signaling pathway, Cell membrane, Transmembrane helix, Golgi apparatus, G-protein coupled receptor, 3D-structure, Ubl conjugation, Repeat, EGF-like domain, Endoplasmic reticulum, Disease variant, Endocytosis, Lipoprotein, Phosphoprotein, Isopeptide bond, Palmitate","Receptors","LDLR;Other_receptors, Frizzled;GPCR","","",TRUE,"CellChatDB v1"
"WNT3_FZD9_LRP6","WNT","Wnt3","FZD9_LRP6","WNT agonist","WNT antagonist","WNT activation receptor","WNT inhibition receptor","KEGG: mmu04310; PMID: 23209147","Secreted Signaling","Wnt3  - (Fzd9+Lrp6)",FALSE,"Wnt3","Wnt","Extracellular matrix, Secreted, Extracellular space","Signal, Developmental protein, Reference proteome, Lipoprotein, Proto-oncogene, Wnt signaling pathway, Disulfide bond, Secreted, Extracellular matrix, 3D-structure, Glycoprotein","wnt family",FALSE,"Fzd9, Lrp6","G-protein coupled receptor Fz/Smo, LDLR","Cell membrane, Endoplasmic reticulum, Membrane raft","Transducer, Ubl conjugation, Membrane, Signal, Developmental protein, Reference proteome, Wnt signaling pathway, Cell membrane, Transmembrane helix, Disulfide bond, Transmembrane, Receptor, G-protein coupled receptor, Glycoprotein, Repeat, EGF-like domain, Endoplasmic reticulum, Disease variant, Endocytosis, Lipoprotein, Phosphoprotein, Isopeptide bond, 3D-structure, Palmitate","Receptors","Frizzled;GPCR, LDLR;Other_receptors","","",TRUE,"CellChatDB v1"
"WNT4_FZD1_LRP6","WNT","Wnt4","FZD1_LRP6","WNT agonist","WNT antagonist","WNT activation receptor","WNT inhibition receptor","KEGG: mmu04310; PMID: 23209147","Secreted Signaling","Wnt4  - (Fzd1+Lrp6)",FALSE,"Wnt4","Wnt","Extracellular matrix, Secreted, Extracellular space","Disease variant, Signal, Developmental protein, Reference proteome, Lipoprotein, Wnt signaling pathway, Extracellular matrix, Disulfide bond, Secreted, Alternative splicing, Glycoprotein","wnt family",FALSE,"Fzd1, Lrp6","G-protein coupled receptor Fz/Smo, LDLR","Cell membrane, Endoplasmic reticulum, Membrane raft","Transducer, Ubl conjugation, Membrane, Signal, Developmental protein, Reference proteome, Wnt signaling pathway, Cell membrane, Transmembrane helix, Disulfide bond, Transmembrane, Receptor, G-protein coupled receptor, Glycoprotein, Repeat, EGF-like domain, Endoplasmic reticulum, Disease variant, Endocytosis, Lipoprotein, Phosphoprotein, Isopeptide bond, 3D-structure, Palmitate","Receptors","LDLR;Other_receptors, Frizzled;GPCR","","",TRUE,"CellChatDB v1"
"WNT4_FZD10_LRP6","WNT","Wnt4","FZD10_LRP6","WNT agonist","WNT antagonist","WNT activation receptor","WNT inhibition receptor","KEGG: mmu04310; PMID: 23209147","Secreted Signaling","Wnt4  - (Fzd10+Lrp6)",FALSE,"Wnt4","Wnt","Extracellular matrix, Secreted, Extracellular space","Disease variant, Signal, Developmental protein, Reference proteome, Lipoprotein, Wnt signaling pathway, Extracellular matrix, Disulfide bond, Secreted, Alternative splicing, Glycoprotein","wnt family",FALSE,"Fzd10, Lrp6","G-protein coupled receptor Fz/Smo, LDLR","Cell membrane, Endoplasmic reticulum, Membrane raft","Transducer, Ubl conjugation, Membrane, Signal, Developmental protein, Reference proteome, Wnt signaling pathway, Cell membrane, Transmembrane helix, Disulfide bond, Transmembrane, Receptor, G-protein coupled receptor, Glycoprotein, Repeat, EGF-like domain, Endoplasmic reticulum, Disease variant, Endocytosis, Lipoprotein, Phosphoprotein, Isopeptide bond, 3D-structure, Palmitate","Receptors","LDLR;Other_receptors, Frizzled;GPCR","","",TRUE,"CellChatDB v1"
"WNT4_FZD2_LRP6","WNT","Wnt4","FZD2_LRP6","WNT agonist","WNT antagonist","WNT activation receptor","WNT inhibition receptor","KEGG: mmu04310; PMID: 23209147","Secreted Signaling","Wnt4  - (Fzd2+Lrp6)",FALSE,"Wnt4","Wnt","Extracellular matrix, Secreted, Extracellular space","Disease variant, Signal, Developmental protein, Reference proteome, Lipoprotein, Wnt signaling pathway, Extracellular matrix, Disulfide bond, Secreted, Alternative splicing, Glycoprotein","wnt family",FALSE,"Fzd2, Lrp6","G-protein coupled receptor Fz/Smo, LDLR","Membrane, Cell membrane, Endoplasmic reticulum, Membrane raft","Membrane, Disulfide bond, Transmembrane, Receptor, Glycoprotein, Transducer, Disease variant, Signal, Developmental protein, Reference proteome, Wnt signaling pathway, Cell membrane, Transmembrane helix, G-protein coupled receptor, 3D-structure, Ubl conjugation, Repeat, EGF-like domain, Endoplasmic reticulum, Endocytosis, Lipoprotein, Phosphoprotein, Isopeptide bond, Palmitate","Receptors","LDLR;Other_receptors, Frizzled;GPCR","","",TRUE,"CellChatDB v1"
"WNT4_FZD3_LRP6","WNT","Wnt4","FZD3_LRP6","WNT agonist","WNT antagonist","WNT activation receptor","WNT inhibition receptor","KEGG: mmu04310; PMID: 23209147","Secreted Signaling","Wnt4  - (Fzd3+Lrp6)",FALSE,"Wnt4","Wnt","Extracellular matrix, Secreted, Extracellular space","Disease variant, Signal, Developmental protein, Reference proteome, Lipoprotein, Wnt signaling pathway, Extracellular matrix, Disulfide bond, Secreted, Alternative splicing, Glycoprotein","wnt family",FALSE,"Fzd3, Lrp6","G-protein coupled receptor Fz/Smo, LDLR","Apical cell membrane, Membrane, Cell surface, Cell membrane, Endoplasmic reticulum, Membrane raft","Membrane, Disulfide bond, Transmembrane, Receptor, Neurogenesis, Alternative splicing, Glycoprotein, Transducer, Signal, Developmental protein, Reference proteome, Wnt signaling pathway, Cell membrane, Transmembrane helix, Direct protein sequencing, G-protein coupled receptor, Ubl conjugation, Repeat, EGF-like domain, Endoplasmic reticulum, Disease variant, Endocytosis, Lipoprotein, Phosphoprotein, Isopeptide bond, 3D-structure, Palmitate","Receptors","LDLR;Other_receptors, Frizzled;GPCR","","",TRUE,"CellChatDB v1"
"WNT4_FZD4_LRP6","WNT","Wnt4","FZD4_LRP6","WNT agonist","WNT antagonist","WNT activation receptor","WNT inhibition receptor","KEGG: mmu04310; PMID: 23209147","Secreted Signaling","Wnt4  - (Fzd4+Lrp6)",FALSE,"Wnt4","Wnt","Extracellular matrix, Secreted, Extracellular space","Disease variant, Signal, Developmental protein, Reference proteome, Lipoprotein, Wnt signaling pathway, Extracellular matrix, Disulfide bond, Secreted, Alternative splicing, Glycoprotein","wnt family",FALSE,"Fzd4, Lrp6","G-protein coupled receptor Fz/Smo, LDLR","Cell membrane, Endoplasmic reticulum, Membrane raft","Membrane, Disulfide bond, Transmembrane, Receptor, Glycoprotein, Transducer, Disease variant, Signal, Developmental protein, Reference proteome, Wnt signaling pathway, Cell membrane, Transmembrane helix, G-protein coupled receptor, 3D-structure, Ubl conjugation, Repeat, EGF-like domain, Endoplasmic reticulum, Endocytosis, Lipoprotein, Phosphoprotein, Isopeptide bond, Palmitate","Receptors","LDLR;Other_receptors, Frizzled;GPCR","","",TRUE,"CellChatDB v1"
"WNT4_FZD5_LRP6","WNT","Wnt4","FZD5_LRP6","WNT agonist","WNT antagonist","WNT activation receptor","WNT inhibition receptor","KEGG: mmu04310; PMID: 23209147","Secreted Signaling","Wnt4  - (Fzd5+Lrp6)",FALSE,"Wnt4","Wnt","Extracellular matrix, Secreted, Extracellular space","Disease variant, Signal, Developmental protein, Reference proteome, Lipoprotein, Wnt signaling pathway, Extracellular matrix, Disulfide bond, Secreted, Alternative splicing, Glycoprotein","wnt family",FALSE,"Fzd5, Lrp6","G-protein coupled receptor Fz/Smo, LDLR","Perikaryon, Cell projection, Axon, Synapse, Golgi apparatus membrane, Dendrite, Cell membrane, Endoplasmic reticulum, Membrane raft","Membrane, Disulfide bond, Transmembrane, Lipid-binding, Receptor, Glycoprotein, Transducer, Cell projection, Developmental protein, Signal, Reference proteome, Wnt signaling pathway, Cell membrane, Transmembrane helix, Golgi apparatus, Synapse, G-protein coupled receptor, 3D-structure, Ubl conjugation, Repeat, EGF-like domain, Endoplasmic reticulum, Disease variant, Endocytosis, Lipoprotein, Phosphoprotein, Isopeptide bond, Palmitate","Receptors","LDLR;Other_receptors, Frizzled;GPCR","","",TRUE,"CellChatDB v1"
"WNT4_FZD6_LRP6","WNT","Wnt4","FZD6_LRP6","WNT agonist","WNT antagonist","WNT activation receptor","WNT inhibition receptor","KEGG: mmu04310; PMID: 23209147","Secreted Signaling","Wnt4  - (Fzd6+Lrp6)",FALSE,"Wnt4","Wnt","Extracellular matrix, Secreted, Extracellular space","Disease variant, Signal, Developmental protein, Reference proteome, Lipoprotein, Wnt signaling pathway, Extracellular matrix, Disulfide bond, Secreted, Alternative splicing, Glycoprotein","wnt family",FALSE,"Fzd6, Lrp6","G-protein coupled receptor Fz/Smo, LDLR","Endoplasmic reticulum membrane, Cytoplasmic vesicle membrane, Apical cell membrane, Membrane, Cell surface, Cell membrane, Endoplasmic reticulum, Membrane raft","Membrane, Disulfide bond, Transmembrane, Receptor, Alternative splicing, Cytoplasmic vesicle, Endoplasmic reticulum, Glycoprotein, Transducer, Disease variant, Developmental protein, Signal, Reference proteome, Wnt signaling pathway, Cell membrane, Transmembrane helix, Phosphoprotein, G-protein coupled receptor, Ubl conjugation, Repeat, EGF-like domain, Endocytosis, Lipoprotein, Isopeptide bond, 3D-structure, Palmitate","Receptors","Frizzled;GPCR, LDLR;Other_receptors","","",TRUE,"CellChatDB v1"
"WNT4_FZD7_LRP6","WNT","Wnt4","FZD7_LRP6","WNT agonist","WNT antagonist","WNT activation receptor","WNT inhibition receptor","KEGG: mmu04310; PMID: 23209147","Secreted Signaling","Wnt4  - (Fzd7+Lrp6)",FALSE,"Wnt4","Wnt","Extracellular matrix, Secreted, Extracellular space","Disease variant, Signal, Developmental protein, Reference proteome, Lipoprotein, Wnt signaling pathway, Extracellular matrix, Disulfide bond, Secreted, Alternative splicing, Glycoprotein","wnt family",FALSE,"Fzd7, Lrp6","G-protein coupled receptor Fz/Smo, LDLR","Endosome membrane, Cell membrane, Endoplasmic reticulum, Membrane raft","Membrane, Disulfide bond, Transmembrane, Receptor, Glycoprotein, Transducer, Signal, Developmental protein, Reference proteome, Wnt signaling pathway, Cell membrane, Transmembrane helix, G-protein coupled receptor, 3D-structure, Endosome, Ubl conjugation, Repeat, EGF-like domain, Endoplasmic reticulum, Disease variant, Endocytosis, Lipoprotein, Phosphoprotein, Isopeptide bond, Palmitate","Receptors","Frizzled;GPCR, LDLR;Other_receptors","","",TRUE,"CellChatDB v1"
"WNT4_FZD8_LRP6","WNT","Wnt4","FZD8_LRP6","WNT agonist","WNT antagonist","WNT activation receptor","WNT inhibition receptor","KEGG: mmu04310; PMID: 23209147","Secreted Signaling","Wnt4  - (Fzd8+Lrp6)",FALSE,"Wnt4","Wnt","Extracellular matrix, Secreted, Extracellular space","Disease variant, Signal, Developmental protein, Reference proteome, Lipoprotein, Wnt signaling pathway, Extracellular matrix, Disulfide bond, Secreted, Alternative splicing, Glycoprotein","wnt family",FALSE,"Fzd8, Lrp6","G-protein coupled receptor Fz/Smo, LDLR","Golgi apparatus, Membrane, Cell membrane, Endoplasmic reticulum, Membrane raft","Membrane, Disulfide bond, Transmembrane, Receptor, Glycoprotein, Transducer, Signal, Developmental protein, Reference proteome, Wnt signaling pathway, Cell membrane, Transmembrane helix, Golgi apparatus, G-protein coupled receptor, 3D-structure, Ubl conjugation, Repeat, EGF-like domain, Endoplasmic reticulum, Disease variant, Endocytosis, Lipoprotein, Phosphoprotein, Isopeptide bond, Palmitate","Receptors","LDLR;Other_receptors, Frizzled;GPCR","","",TRUE,"CellChatDB v1"
"WNT4_FZD9_LRP6","WNT","Wnt4","FZD9_LRP6","WNT agonist","WNT antagonist","WNT activation receptor","WNT inhibition receptor","KEGG: mmu04310; PMID: 23209147","Secreted Signaling","Wnt4  - (Fzd9+Lrp6)",FALSE,"Wnt4","Wnt","Extracellular matrix, Secreted, Extracellular space","Disease variant, Signal, Developmental protein, Reference proteome, Lipoprotein, Wnt signaling pathway, Extracellular matrix, Disulfide bond, Secreted, Alternative splicing, Glycoprotein","wnt family",FALSE,"Fzd9, Lrp6","G-protein coupled receptor Fz/Smo, LDLR","Cell membrane, Endoplasmic reticulum, Membrane raft","Transducer, Ubl conjugation, Membrane, Signal, Developmental protein, Reference proteome, Wnt signaling pathway, Cell membrane, Transmembrane helix, Disulfide bond, Transmembrane, Receptor, G-protein coupled receptor, Glycoprotein, Repeat, EGF-like domain, Endoplasmic reticulum, Disease variant, Endocytosis, Lipoprotein, Phosphoprotein, Isopeptide bond, 3D-structure, Palmitate","Receptors","Frizzled;GPCR, LDLR;Other_receptors","","",TRUE,"CellChatDB v1"
"WNT6_FZD1_LRP6","WNT","Wnt6","FZD1_LRP6","WNT agonist","WNT antagonist","WNT activation receptor","WNT inhibition receptor","KEGG: mmu04310; PMID: 23209147","Secreted Signaling","Wnt6  - (Fzd1+Lrp6)",FALSE,"Wnt6","Wnt","Extracellular matrix, Secreted, Extracellular space","Signal, Developmental protein, Reference proteome, Wnt signaling pathway, Lipoprotein, Extracellular matrix, Disulfide bond, Secreted, Glycoprotein","wnt family",FALSE,"Fzd1, Lrp6","G-protein coupled receptor Fz/Smo, LDLR","Cell membrane, Endoplasmic reticulum, Membrane raft","Transducer, Ubl conjugation, Membrane, Signal, Developmental protein, Reference proteome, Wnt signaling pathway, Cell membrane, Transmembrane helix, Disulfide bond, Transmembrane, Receptor, G-protein coupled receptor, Glycoprotein, Repeat, EGF-like domain, Endoplasmic reticulum, Disease variant, Endocytosis, Lipoprotein, Phosphoprotein, Isopeptide bond, 3D-structure, Palmitate","Receptors","LDLR;Other_receptors, Frizzled;GPCR","","",TRUE,"CellChatDB v1"
"WNT6_FZD10_LRP6","WNT","Wnt6","FZD10_LRP6","WNT agonist","WNT antagonist","WNT activation receptor","WNT inhibition receptor","KEGG: mmu04310; PMID: 23209147","Secreted Signaling","Wnt6  - (Fzd10+Lrp6)",FALSE,"Wnt6","Wnt","Extracellular matrix, Secreted, Extracellular space","Signal, Developmental protein, Reference proteome, Wnt signaling pathway, Lipoprotein, Extracellular matrix, Disulfide bond, Secreted, Glycoprotein","wnt family",FALSE,"Fzd10, Lrp6","G-protein coupled receptor Fz/Smo, LDLR","Cell membrane, Endoplasmic reticulum, Membrane raft","Transducer, Ubl conjugation, Membrane, Signal, Developmental protein, Reference proteome, Wnt signaling pathway, Cell membrane, Transmembrane helix, Disulfide bond, Transmembrane, Receptor, G-protein coupled receptor, Glycoprotein, Repeat, EGF-like domain, Endoplasmic reticulum, Disease variant, Endocytosis, Lipoprotein, Phosphoprotein, Isopeptide bond, 3D-structure, Palmitate","Receptors","LDLR;Other_receptors, Frizzled;GPCR","","",TRUE,"CellChatDB v1"
"WNT6_FZD2_LRP6","WNT","Wnt6","FZD2_LRP6","WNT agonist","WNT antagonist","WNT activation receptor","WNT inhibition receptor","KEGG: mmu04310; PMID: 23209147","Secreted Signaling","Wnt6  - (Fzd2+Lrp6)",FALSE,"Wnt6","Wnt","Extracellular matrix, Secreted, Extracellular space","Signal, Developmental protein, Reference proteome, Wnt signaling pathway, Lipoprotein, Extracellular matrix, Disulfide bond, Secreted, Glycoprotein","wnt family",FALSE,"Fzd2, Lrp6","G-protein coupled receptor Fz/Smo, LDLR","Membrane, Cell membrane, Endoplasmic reticulum, Membrane raft","Membrane, Disulfide bond, Transmembrane, Receptor, Glycoprotein, Transducer, Disease variant, Signal, Developmental protein, Reference proteome, Wnt signaling pathway, Cell membrane, Transmembrane helix, G-protein coupled receptor, 3D-structure, Ubl conjugation, Repeat, EGF-like domain, Endoplasmic reticulum, Endocytosis, Lipoprotein, Phosphoprotein, Isopeptide bond, Palmitate","Receptors","LDLR;Other_receptors, Frizzled;GPCR","","",TRUE,"CellChatDB v1"
"WNT6_FZD3_LRP6","WNT","Wnt6","FZD3_LRP6","WNT agonist","WNT antagonist","WNT activation receptor","WNT inhibition receptor","KEGG: mmu04310; PMID: 23209147","Secreted Signaling","Wnt6  - (Fzd3+Lrp6)",FALSE,"Wnt6","Wnt","Extracellular matrix, Secreted, Extracellular space","Signal, Developmental protein, Reference proteome, Wnt signaling pathway, Lipoprotein, Extracellular matrix, Disulfide bond, Secreted, Glycoprotein","wnt family",FALSE,"Fzd3, Lrp6","G-protein coupled receptor Fz/Smo, LDLR","Apical cell membrane, Membrane, Cell surface, Cell membrane, Endoplasmic reticulum, Membrane raft","Membrane, Disulfide bond, Transmembrane, Receptor, Neurogenesis, Alternative splicing, Glycoprotein, Transducer, Signal, Developmental protein, Reference proteome, Wnt signaling pathway, Cell membrane, Transmembrane helix, Direct protein sequencing, G-protein coupled receptor, Ubl conjugation, Repeat, EGF-like domain, Endoplasmic reticulum, Disease variant, Endocytosis, Lipoprotein, Phosphoprotein, Isopeptide bond, 3D-structure, Palmitate","Receptors","LDLR;Other_receptors, Frizzled;GPCR","","",TRUE,"CellChatDB v1"
"WNT6_FZD4_LRP6","WNT","Wnt6","FZD4_LRP6","WNT agonist","WNT antagonist","WNT activation receptor","WNT inhibition receptor","KEGG: mmu04310; PMID: 23209147","Secreted Signaling","Wnt6  - (Fzd4+Lrp6)",FALSE,"Wnt6","Wnt","Extracellular matrix, Secreted, Extracellular space","Signal, Developmental protein, Reference proteome, Wnt signaling pathway, Lipoprotein, Extracellular matrix, Disulfide bond, Secreted, Glycoprotein","wnt family",FALSE,"Fzd4, Lrp6","G-protein coupled receptor Fz/Smo, LDLR","Cell membrane, Endoplasmic reticulum, Membrane raft","Membrane, Disulfide bond, Transmembrane, Receptor, Glycoprotein, Transducer, Disease variant, Signal, Developmental protein, Reference proteome, Wnt signaling pathway, Cell membrane, Transmembrane helix, G-protein coupled receptor, 3D-structure, Ubl conjugation, Repeat, EGF-like domain, Endoplasmic reticulum, Endocytosis, Lipoprotein, Phosphoprotein, Isopeptide bond, Palmitate","Receptors","LDLR;Other_receptors, Frizzled;GPCR","","",TRUE,"CellChatDB v1"
"WNT6_FZD5_LRP6","WNT","Wnt6","FZD5_LRP6","WNT agonist","WNT antagonist","WNT activation receptor","WNT inhibition receptor","KEGG: mmu04310; PMID: 23209147","Secreted Signaling","Wnt6  - (Fzd5+Lrp6)",FALSE,"Wnt6","Wnt","Extracellular matrix, Secreted, Extracellular space","Signal, Developmental protein, Reference proteome, Wnt signaling pathway, Lipoprotein, Extracellular matrix, Disulfide bond, Secreted, Glycoprotein","wnt family",FALSE,"Fzd5, Lrp6","G-protein coupled receptor Fz/Smo, LDLR","Perikaryon, Cell projection, Axon, Synapse, Golgi apparatus membrane, Dendrite, Cell membrane, Endoplasmic reticulum, Membrane raft","Membrane, Disulfide bond, Transmembrane, Lipid-binding, Receptor, Glycoprotein, Transducer, Cell projection, Developmental protein, Signal, Reference proteome, Wnt signaling pathway, Cell membrane, Transmembrane helix, Golgi apparatus, Synapse, G-protein coupled receptor, 3D-structure, Ubl conjugation, Repeat, EGF-like domain, Endoplasmic reticulum, Disease variant, Endocytosis, Lipoprotein, Phosphoprotein, Isopeptide bond, Palmitate","Receptors","LDLR;Other_receptors, Frizzled;GPCR","","",TRUE,"CellChatDB v1"
"WNT6_FZD6_LRP6","WNT","Wnt6","FZD6_LRP6","WNT agonist","WNT antagonist","WNT activation receptor","WNT inhibition receptor","KEGG: mmu04310; PMID: 23209147","Secreted Signaling","Wnt6  - (Fzd6+Lrp6)",FALSE,"Wnt6","Wnt","Extracellular matrix, Secreted, Extracellular space","Signal, Developmental protein, Reference proteome, Wnt signaling pathway, Lipoprotein, Extracellular matrix, Disulfide bond, Secreted, Glycoprotein","wnt family",FALSE,"Fzd6, Lrp6","G-protein coupled receptor Fz/Smo, LDLR","Endoplasmic reticulum membrane, Cytoplasmic vesicle membrane, Apical cell membrane, Membrane, Cell surface, Cell membrane, Endoplasmic reticulum, Membrane raft","Membrane, Disulfide bond, Transmembrane, Receptor, Alternative splicing, Cytoplasmic vesicle, Endoplasmic reticulum, Glycoprotein, Transducer, Disease variant, Developmental protein, Signal, Reference proteome, Wnt signaling pathway, Cell membrane, Transmembrane helix, Phosphoprotein, G-protein coupled receptor, Ubl conjugation, Repeat, EGF-like domain, Endocytosis, Lipoprotein, Isopeptide bond, 3D-structure, Palmitate","Receptors","Frizzled;GPCR, LDLR;Other_receptors","","",TRUE,"CellChatDB v1"
"WNT6_FZD7_LRP6","WNT","Wnt6","FZD7_LRP6","WNT agonist","WNT antagonist","WNT activation receptor","WNT inhibition receptor","KEGG: mmu04310; PMID: 23209147","Secreted Signaling","Wnt6  - (Fzd7+Lrp6)",FALSE,"Wnt6","Wnt","Extracellular matrix, Secreted, Extracellular space","Signal, Developmental protein, Reference proteome, Wnt signaling pathway, Lipoprotein, Extracellular matrix, Disulfide bond, Secreted, Glycoprotein","wnt family",FALSE,"Fzd7, Lrp6","G-protein coupled receptor Fz/Smo, LDLR","Endosome membrane, Cell membrane, Endoplasmic reticulum, Membrane raft","Membrane, Disulfide bond, Transmembrane, Receptor, Glycoprotein, Transducer, Signal, Developmental protein, Reference proteome, Wnt signaling pathway, Cell membrane, Transmembrane helix, G-protein coupled receptor, 3D-structure, Endosome, Ubl conjugation, Repeat, EGF-like domain, Endoplasmic reticulum, Disease variant, Endocytosis, Lipoprotein, Phosphoprotein, Isopeptide bond, Palmitate","Receptors","Frizzled;GPCR, LDLR;Other_receptors","","",TRUE,"CellChatDB v1"
"WNT6_FZD8_LRP6","WNT","Wnt6","FZD8_LRP6","WNT agonist","WNT antagonist","WNT activation receptor","WNT inhibition receptor","KEGG: mmu04310; PMID: 23209147","Secreted Signaling","Wnt6  - (Fzd8+Lrp6)",FALSE,"Wnt6","Wnt","Extracellular matrix, Secreted, Extracellular space","Signal, Developmental protein, Reference proteome, Wnt signaling pathway, Lipoprotein, Extracellular matrix, Disulfide bond, Secreted, Glycoprotein","wnt family",FALSE,"Fzd8, Lrp6","G-protein coupled receptor Fz/Smo, LDLR","Golgi apparatus, Membrane, Cell membrane, Endoplasmic reticulum, Membrane raft","Membrane, Disulfide bond, Transmembrane, Receptor, Glycoprotein, Transducer, Signal, Developmental protein, Reference proteome, Wnt signaling pathway, Cell membrane, Transmembrane helix, Golgi apparatus, G-protein coupled receptor, 3D-structure, Ubl conjugation, Repeat, EGF-like domain, Endoplasmic reticulum, Disease variant, Endocytosis, Lipoprotein, Phosphoprotein, Isopeptide bond, Palmitate","Receptors","LDLR;Other_receptors, Frizzled;GPCR","","",TRUE,"CellChatDB v1"
"WNT6_FZD9_LRP6","WNT","Wnt6","FZD9_LRP6","WNT agonist","WNT antagonist","WNT activation receptor","WNT inhibition receptor","KEGG: mmu04310; PMID: 23209147","Secreted Signaling","Wnt6  - (Fzd9+Lrp6)",FALSE,"Wnt6","Wnt","Extracellular matrix, Secreted, Extracellular space","Signal, Developmental protein, Reference proteome, Wnt signaling pathway, Lipoprotein, Extracellular matrix, Disulfide bond, Secreted, Glycoprotein","wnt family",FALSE,"Fzd9, Lrp6","G-protein coupled receptor Fz/Smo, LDLR","Cell membrane, Endoplasmic reticulum, Membrane raft","Transducer, Ubl conjugation, Membrane, Signal, Developmental protein, Reference proteome, Wnt signaling pathway, Cell membrane, Transmembrane helix, Disulfide bond, Transmembrane, Receptor, G-protein coupled receptor, Glycoprotein, Repeat, EGF-like domain, Endoplasmic reticulum, Disease variant, Endocytosis, Lipoprotein, Phosphoprotein, Isopeptide bond, 3D-structure, Palmitate","Receptors","Frizzled;GPCR, LDLR;Other_receptors","","",TRUE,"CellChatDB v1"
"WNT7B_FZD1_LRP6","WNT","Wnt7b","FZD1_LRP6","WNT agonist","WNT antagonist","WNT activation receptor","WNT inhibition receptor","KEGG: mmu04310; PMID: 23209147","Secreted Signaling","Wnt7b  - (Fzd1+Lrp6)",FALSE,"Wnt7b","Wnt","Extracellular matrix, Secreted, Extracellular space","Signal, Developmental protein, Reference proteome, Wnt signaling pathway, Lipoprotein, Extracellular matrix, Disulfide bond, Secreted, Glycoprotein","wnt family",FALSE,"Fzd1, Lrp6","G-protein coupled receptor Fz/Smo, LDLR","Cell membrane, Endoplasmic reticulum, Membrane raft","Transducer, Ubl conjugation, Membrane, Signal, Developmental protein, Reference proteome, Wnt signaling pathway, Cell membrane, Transmembrane helix, Disulfide bond, Transmembrane, Receptor, G-protein coupled receptor, Glycoprotein, Repeat, EGF-like domain, Endoplasmic reticulum, Disease variant, Endocytosis, Lipoprotein, Phosphoprotein, Isopeptide bond, 3D-structure, Palmitate","Receptors","LDLR;Other_receptors, Frizzled;GPCR","","",TRUE,"CellChatDB v1"
"WNT7B_FZD10_LRP6","WNT","Wnt7b","FZD10_LRP6","WNT agonist","WNT antagonist","WNT activation receptor","WNT inhibition receptor","KEGG: mmu04310; PMID: 23209147","Secreted Signaling","Wnt7b  - (Fzd10+Lrp6)",FALSE,"Wnt7b","Wnt","Extracellular matrix, Secreted, Extracellular space","Signal, Developmental protein, Reference proteome, Wnt signaling pathway, Lipoprotein, Extracellular matrix, Disulfide bond, Secreted, Glycoprotein","wnt family",FALSE,"Fzd10, Lrp6","G-protein coupled receptor Fz/Smo, LDLR","Cell membrane, Endoplasmic reticulum, Membrane raft","Transducer, Ubl conjugation, Membrane, Signal, Developmental protein, Reference proteome, Wnt signaling pathway, Cell membrane, Transmembrane helix, Disulfide bond, Transmembrane, Receptor, G-protein coupled receptor, Glycoprotein, Repeat, EGF-like domain, Endoplasmic reticulum, Disease variant, Endocytosis, Lipoprotein, Phosphoprotein, Isopeptide bond, 3D-structure, Palmitate","Receptors","LDLR;Other_receptors, Frizzled;GPCR","","",TRUE,"CellChatDB v1"
"WNT7B_FZD2_LRP6","WNT","Wnt7b","FZD2_LRP6","WNT agonist","WNT antagonist","WNT activation receptor","WNT inhibition receptor","KEGG: mmu04310; PMID: 23209147","Secreted Signaling","Wnt7b  - (Fzd2+Lrp6)",FALSE,"Wnt7b","Wnt","Extracellular matrix, Secreted, Extracellular space","Signal, Developmental protein, Reference proteome, Wnt signaling pathway, Lipoprotein, Extracellular matrix, Disulfide bond, Secreted, Glycoprotein","wnt family",FALSE,"Fzd2, Lrp6","G-protein coupled receptor Fz/Smo, LDLR","Membrane, Cell membrane, Endoplasmic reticulum, Membrane raft","Membrane, Disulfide bond, Transmembrane, Receptor, Glycoprotein, Transducer, Disease variant, Signal, Developmental protein, Reference proteome, Wnt signaling pathway, Cell membrane, Transmembrane helix, G-protein coupled receptor, 3D-structure, Ubl conjugation, Repeat, EGF-like domain, Endoplasmic reticulum, Endocytosis, Lipoprotein, Phosphoprotein, Isopeptide bond, Palmitate","Receptors","LDLR;Other_receptors, Frizzled;GPCR","","",TRUE,"CellChatDB v1"
"WNT7B_FZD3_LRP6","WNT","Wnt7b","FZD3_LRP6","WNT agonist","WNT antagonist","WNT activation receptor","WNT inhibition receptor","KEGG: mmu04310; PMID: 23209147","Secreted Signaling","Wnt7b  - (Fzd3+Lrp6)",FALSE,"Wnt7b","Wnt","Extracellular matrix, Secreted, Extracellular space","Signal, Developmental protein, Reference proteome, Wnt signaling pathway, Lipoprotein, Extracellular matrix, Disulfide bond, Secreted, Glycoprotein","wnt family",FALSE,"Fzd3, Lrp6","G-protein coupled receptor Fz/Smo, LDLR","Apical cell membrane, Membrane, Cell surface, Cell membrane, Endoplasmic reticulum, Membrane raft","Membrane, Disulfide bond, Transmembrane, Receptor, Neurogenesis, Alternative splicing, Glycoprotein, Transducer, Signal, Developmental protein, Reference proteome, Wnt signaling pathway, Cell membrane, Transmembrane helix, Direct protein sequencing, G-protein coupled receptor, Ubl conjugation, Repeat, EGF-like domain, Endoplasmic reticulum, Disease variant, Endocytosis, Lipoprotein, Phosphoprotein, Isopeptide bond, 3D-structure, Palmitate","Receptors","LDLR;Other_receptors, Frizzled;GPCR","","",TRUE,"CellChatDB v1"
"WNT7B_FZD4_LRP6","WNT","Wnt7b","FZD4_LRP6","WNT agonist","WNT antagonist","WNT activation receptor","WNT inhibition receptor","KEGG: mmu04310; PMID: 23209147","Secreted Signaling","Wnt7b  - (Fzd4+Lrp6)",FALSE,"Wnt7b","Wnt","Extracellular matrix, Secreted, Extracellular space","Signal, Developmental protein, Reference proteome, Wnt signaling pathway, Lipoprotein, Extracellular matrix, Disulfide bond, Secreted, Glycoprotein","wnt family",FALSE,"Fzd4, Lrp6","G-protein coupled receptor Fz/Smo, LDLR","Cell membrane, Endoplasmic reticulum, Membrane raft","Membrane, Disulfide bond, Transmembrane, Receptor, Glycoprotein, Transducer, Disease variant, Signal, Developmental protein, Reference proteome, Wnt signaling pathway, Cell membrane, Transmembrane helix, G-protein coupled receptor, 3D-structure, Ubl conjugation, Repeat, EGF-like domain, Endoplasmic reticulum, Endocytosis, Lipoprotein, Phosphoprotein, Isopeptide bond, Palmitate","Receptors","LDLR;Other_receptors, Frizzled;GPCR","","",TRUE,"CellChatDB v1"
"WNT7B_FZD5_LRP6","WNT","Wnt7b","FZD5_LRP6","WNT agonist","WNT antagonist","WNT activation receptor","WNT inhibition receptor","KEGG: mmu04310; PMID: 23209147","Secreted Signaling","Wnt7b  - (Fzd5+Lrp6)",FALSE,"Wnt7b","Wnt","Extracellular matrix, Secreted, Extracellular space","Signal, Developmental protein, Reference proteome, Wnt signaling pathway, Lipoprotein, Extracellular matrix, Disulfide bond, Secreted, Glycoprotein","wnt family",FALSE,"Fzd5, Lrp6","G-protein coupled receptor Fz/Smo, LDLR","Perikaryon, Cell projection, Axon, Synapse, Golgi apparatus membrane, Dendrite, Cell membrane, Endoplasmic reticulum, Membrane raft","Membrane, Disulfide bond, Transmembrane, Lipid-binding, Receptor, Glycoprotein, Transducer, Cell projection, Developmental protein, Signal, Reference proteome, Wnt signaling pathway, Cell membrane, Transmembrane helix, Golgi apparatus, Synapse, G-protein coupled receptor, 3D-structure, Ubl conjugation, Repeat, EGF-like domain, Endoplasmic reticulum, Disease variant, Endocytosis, Lipoprotein, Phosphoprotein, Isopeptide bond, Palmitate","Receptors","LDLR;Other_receptors, Frizzled;GPCR","","",TRUE,"CellChatDB v1"
"WNT7B_FZD6_LRP6","WNT","Wnt7b","FZD6_LRP6","WNT agonist","WNT antagonist","WNT activation receptor","WNT inhibition receptor","KEGG: mmu04310; PMID: 23209147","Secreted Signaling","Wnt7b  - (Fzd6+Lrp6)",FALSE,"Wnt7b","Wnt","Extracellular matrix, Secreted, Extracellular space","Signal, Developmental protein, Reference proteome, Wnt signaling pathway, Lipoprotein, Extracellular matrix, Disulfide bond, Secreted, Glycoprotein","wnt family",FALSE,"Fzd6, Lrp6","G-protein coupled receptor Fz/Smo, LDLR","Endoplasmic reticulum membrane, Cytoplasmic vesicle membrane, Apical cell membrane, Membrane, Cell surface, Cell membrane, Endoplasmic reticulum, Membrane raft","Membrane, Disulfide bond, Transmembrane, Receptor, Alternative splicing, Cytoplasmic vesicle, Endoplasmic reticulum, Glycoprotein, Transducer, Disease variant, Developmental protein, Signal, Reference proteome, Wnt signaling pathway, Cell membrane, Transmembrane helix, Phosphoprotein, G-protein coupled receptor, Ubl conjugation, Repeat, EGF-like domain, Endocytosis, Lipoprotein, Isopeptide bond, 3D-structure, Palmitate","Receptors","Frizzled;GPCR, LDLR;Other_receptors","","",TRUE,"CellChatDB v1"
"WNT7B_FZD7_LRP6","WNT","Wnt7b","FZD7_LRP6","WNT agonist","WNT antagonist","WNT activation receptor","WNT inhibition receptor","KEGG: mmu04310; PMID: 23209147","Secreted Signaling","Wnt7b  - (Fzd7+Lrp6)",FALSE,"Wnt7b","Wnt","Extracellular matrix, Secreted, Extracellular space","Signal, Developmental protein, Reference proteome, Wnt signaling pathway, Lipoprotein, Extracellular matrix, Disulfide bond, Secreted, Glycoprotein","wnt family",FALSE,"Fzd7, Lrp6","G-protein coupled receptor Fz/Smo, LDLR","Endosome membrane, Cell membrane, Endoplasmic reticulum, Membrane raft","Membrane, Disulfide bond, Transmembrane, Receptor, Glycoprotein, Transducer, Signal, Developmental protein, Reference proteome, Wnt signaling pathway, Cell membrane, Transmembrane helix, G-protein coupled receptor, 3D-structure, Endosome, Ubl conjugation, Repeat, EGF-like domain, Endoplasmic reticulum, Disease variant, Endocytosis, Lipoprotein, Phosphoprotein, Isopeptide bond, Palmitate","Receptors","Frizzled;GPCR, LDLR;Other_receptors","","",TRUE,"CellChatDB v1"
"WNT7B_FZD8_LRP6","WNT","Wnt7b","FZD8_LRP6","WNT agonist","WNT antagonist","WNT activation receptor","WNT inhibition receptor","KEGG: mmu04310; PMID: 23209147","Secreted Signaling","Wnt7b  - (Fzd8+Lrp6)",FALSE,"Wnt7b","Wnt","Extracellular matrix, Secreted, Extracellular space","Signal, Developmental protein, Reference proteome, Wnt signaling pathway, Lipoprotein, Extracellular matrix, Disulfide bond, Secreted, Glycoprotein","wnt family",FALSE,"Fzd8, Lrp6","G-protein coupled receptor Fz/Smo, LDLR","Golgi apparatus, Membrane, Cell membrane, Endoplasmic reticulum, Membrane raft","Membrane, Disulfide bond, Transmembrane, Receptor, Glycoprotein, Transducer, Signal, Developmental protein, Reference proteome, Wnt signaling pathway, Cell membrane, Transmembrane helix, Golgi apparatus, G-protein coupled receptor, 3D-structure, Ubl conjugation, Repeat, EGF-like domain, Endoplasmic reticulum, Disease variant, Endocytosis, Lipoprotein, Phosphoprotein, Isopeptide bond, Palmitate","Receptors","LDLR;Other_receptors, Frizzled;GPCR","","",TRUE,"CellChatDB v1"
"WNT7B_FZD9_LRP6","WNT","Wnt7b","FZD9_LRP6","WNT agonist","WNT antagonist","WNT activation receptor","WNT inhibition receptor","KEGG: mmu04310; PMID: 23209147","Secreted Signaling","Wnt7b  - (Fzd9+Lrp6)",FALSE,"Wnt7b","Wnt","Extracellular matrix, Secreted, Extracellular space","Signal, Developmental protein, Reference proteome, Wnt signaling pathway, Lipoprotein, Extracellular matrix, Disulfide bond, Secreted, Glycoprotein","wnt family",FALSE,"Fzd9, Lrp6","G-protein coupled receptor Fz/Smo, LDLR","Cell membrane, Endoplasmic reticulum, Membrane raft","Transducer, Ubl conjugation, Membrane, Signal, Developmental protein, Reference proteome, Wnt signaling pathway, Cell membrane, Transmembrane helix, Disulfide bond, Transmembrane, Receptor, G-protein coupled receptor, Glycoprotein, Repeat, EGF-like domain, Endoplasmic reticulum, Disease variant, Endocytosis, Lipoprotein, Phosphoprotein, Isopeptide bond, 3D-structure, Palmitate","Receptors","Frizzled;GPCR, LDLR;Other_receptors","","",TRUE,"CellChatDB v1"
"WNT9A_FZD1_LRP6","WNT","Wnt9a","FZD1_LRP6","WNT agonist","WNT antagonist","WNT activation receptor","WNT inhibition receptor","KEGG: mmu04310; PMID: 23209147","Secreted Signaling","Wnt9a  - (Fzd1+Lrp6)",FALSE,"Wnt9a","Wnt","Extracellular matrix, Secreted, Extracellular space","Signal, Developmental protein, Reference proteome, Wnt signaling pathway, Lipoprotein, Extracellular matrix, Disulfide bond, Secreted, Glycoprotein","secreted",FALSE,"Fzd1, Lrp6","G-protein coupled receptor Fz/Smo, LDLR","Cell membrane, Endoplasmic reticulum, Membrane raft","Transducer, Ubl conjugation, Membrane, Signal, Developmental protein, Reference proteome, Wnt signaling pathway, Cell membrane, Transmembrane helix, Disulfide bond, Transmembrane, Receptor, G-protein coupled receptor, Glycoprotein, Repeat, EGF-like domain, Endoplasmic reticulum, Disease variant, Endocytosis, Lipoprotein, Phosphoprotein, Isopeptide bond, 3D-structure, Palmitate","Receptors","LDLR;Other_receptors, Frizzled;GPCR","","",TRUE,"CellChatDB v1"
"WNT9A_FZD10_LRP6","WNT","Wnt9a","FZD10_LRP6","WNT agonist","WNT antagonist","WNT activation receptor","WNT inhibition receptor","KEGG: mmu04310; PMID: 23209147","Secreted Signaling","Wnt9a  - (Fzd10+Lrp6)",FALSE,"Wnt9a","Wnt","Extracellular matrix, Secreted, Extracellular space","Signal, Developmental protein, Reference proteome, Wnt signaling pathway, Lipoprotein, Extracellular matrix, Disulfide bond, Secreted, Glycoprotein","secreted",FALSE,"Fzd10, Lrp6","G-protein coupled receptor Fz/Smo, LDLR","Cell membrane, Endoplasmic reticulum, Membrane raft","Transducer, Ubl conjugation, Membrane, Signal, Developmental protein, Reference proteome, Wnt signaling pathway, Cell membrane, Transmembrane helix, Disulfide bond, Transmembrane, Receptor, G-protein coupled receptor, Glycoprotein, Repeat, EGF-like domain, Endoplasmic reticulum, Disease variant, Endocytosis, Lipoprotein, Phosphoprotein, Isopeptide bond, 3D-structure, Palmitate","Receptors","LDLR;Other_receptors, Frizzled;GPCR","","",TRUE,"CellChatDB v1"
"WNT9A_FZD2_LRP6","WNT","Wnt9a","FZD2_LRP6","WNT agonist","WNT antagonist","WNT activation receptor","WNT inhibition receptor","KEGG: mmu04310; PMID: 23209147","Secreted Signaling","Wnt9a  - (Fzd2+Lrp6)",FALSE,"Wnt9a","Wnt","Extracellular matrix, Secreted, Extracellular space","Signal, Developmental protein, Reference proteome, Wnt signaling pathway, Lipoprotein, Extracellular matrix, Disulfide bond, Secreted, Glycoprotein","secreted",FALSE,"Fzd2, Lrp6","G-protein coupled receptor Fz/Smo, LDLR","Membrane, Cell membrane, Endoplasmic reticulum, Membrane raft","Membrane, Disulfide bond, Transmembrane, Receptor, Glycoprotein, Transducer, Disease variant, Signal, Developmental protein, Reference proteome, Wnt signaling pathway, Cell membrane, Transmembrane helix, G-protein coupled receptor, 3D-structure, Ubl conjugation, Repeat, EGF-like domain, Endoplasmic reticulum, Endocytosis, Lipoprotein, Phosphoprotein, Isopeptide bond, Palmitate","Receptors","LDLR;Other_receptors, Frizzled;GPCR","","",TRUE,"CellChatDB v1"
"WNT9A_FZD3_LRP6","WNT","Wnt9a","FZD3_LRP6","WNT agonist","WNT antagonist","WNT activation receptor","WNT inhibition receptor","KEGG: mmu04310; PMID: 23209147","Secreted Signaling","Wnt9a  - (Fzd3+Lrp6)",FALSE,"Wnt9a","Wnt","Extracellular matrix, Secreted, Extracellular space","Signal, Developmental protein, Reference proteome, Wnt signaling pathway, Lipoprotein, Extracellular matrix, Disulfide bond, Secreted, Glycoprotein","secreted",FALSE,"Fzd3, Lrp6","G-protein coupled receptor Fz/Smo, LDLR","Apical cell membrane, Membrane, Cell surface, Cell membrane, Endoplasmic reticulum, Membrane raft","Membrane, Disulfide bond, Transmembrane, Receptor, Neurogenesis, Alternative splicing, Glycoprotein, Transducer, Signal, Developmental protein, Reference proteome, Wnt signaling pathway, Cell membrane, Transmembrane helix, Direct protein sequencing, G-protein coupled receptor, Ubl conjugation, Repeat, EGF-like domain, Endoplasmic reticulum, Disease variant, Endocytosis, Lipoprotein, Phosphoprotein, Isopeptide bond, 3D-structure, Palmitate","Receptors","LDLR;Other_receptors, Frizzled;GPCR","","",TRUE,"CellChatDB v1"
"WNT9A_FZD4_LRP6","WNT","Wnt9a","FZD4_LRP6","WNT agonist","WNT antagonist","WNT activation receptor","WNT inhibition receptor","KEGG: mmu04310; PMID: 23209147","Secreted Signaling","Wnt9a  - (Fzd4+Lrp6)",FALSE,"Wnt9a","Wnt","Extracellular matrix, Secreted, Extracellular space","Signal, Developmental protein, Reference proteome, Wnt signaling pathway, Lipoprotein, Extracellular matrix, Disulfide bond, Secreted, Glycoprotein","secreted",FALSE,"Fzd4, Lrp6","G-protein coupled receptor Fz/Smo, LDLR","Cell membrane, Endoplasmic reticulum, Membrane raft","Membrane, Disulfide bond, Transmembrane, Receptor, Glycoprotein, Transducer, Disease variant, Signal, Developmental protein, Reference proteome, Wnt signaling pathway, Cell membrane, Transmembrane helix, G-protein coupled receptor, 3D-structure, Ubl conjugation, Repeat, EGF-like domain, Endoplasmic reticulum, Endocytosis, Lipoprotein, Phosphoprotein, Isopeptide bond, Palmitate","Receptors","LDLR;Other_receptors, Frizzled;GPCR","","",TRUE,"CellChatDB v1"
"WNT9A_FZD5_LRP6","WNT","Wnt9a","FZD5_LRP6","WNT agonist","WNT antagonist","WNT activation receptor","WNT inhibition receptor","KEGG: mmu04310; PMID: 23209147","Secreted Signaling","Wnt9a  - (Fzd5+Lrp6)",FALSE,"Wnt9a","Wnt","Extracellular matrix, Secreted, Extracellular space","Signal, Developmental protein, Reference proteome, Wnt signaling pathway, Lipoprotein, Extracellular matrix, Disulfide bond, Secreted, Glycoprotein","secreted",FALSE,"Fzd5, Lrp6","G-protein coupled receptor Fz/Smo, LDLR","Perikaryon, Cell projection, Axon, Synapse, Golgi apparatus membrane, Dendrite, Cell membrane, Endoplasmic reticulum, Membrane raft","Membrane, Disulfide bond, Transmembrane, Lipid-binding, Receptor, Glycoprotein, Transducer, Cell projection, Developmental protein, Signal, Reference proteome, Wnt signaling pathway, Cell membrane, Transmembrane helix, Golgi apparatus, Synapse, G-protein coupled receptor, 3D-structure, Ubl conjugation, Repeat, EGF-like domain, Endoplasmic reticulum, Disease variant, Endocytosis, Lipoprotein, Phosphoprotein, Isopeptide bond, Palmitate","Receptors","LDLR;Other_receptors, Frizzled;GPCR","","",TRUE,"CellChatDB v1"
"WNT9A_FZD6_LRP6","WNT","Wnt9a","FZD6_LRP6","WNT agonist","WNT antagonist","WNT activation receptor","WNT inhibition receptor","KEGG: mmu04310; PMID: 23209147","Secreted Signaling","Wnt9a  - (Fzd6+Lrp6)",FALSE,"Wnt9a","Wnt","Extracellular matrix, Secreted, Extracellular space","Signal, Developmental protein, Reference proteome, Wnt signaling pathway, Lipoprotein, Extracellular matrix, Disulfide bond, Secreted, Glycoprotein","secreted",FALSE,"Fzd6, Lrp6","G-protein coupled receptor Fz/Smo, LDLR","Endoplasmic reticulum membrane, Cytoplasmic vesicle membrane, Apical cell membrane, Membrane, Cell surface, Cell membrane, Endoplasmic reticulum, Membrane raft","Membrane, Disulfide bond, Transmembrane, Receptor, Alternative splicing, Cytoplasmic vesicle, Endoplasmic reticulum, Glycoprotein, Transducer, Disease variant, Developmental protein, Signal, Reference proteome, Wnt signaling pathway, Cell membrane, Transmembrane helix, Phosphoprotein, G-protein coupled receptor, Ubl conjugation, Repeat, EGF-like domain, Endocytosis, Lipoprotein, Isopeptide bond, 3D-structure, Palmitate","Receptors","Frizzled;GPCR, LDLR;Other_receptors","","",TRUE,"CellChatDB v1"
"WNT9A_FZD7_LRP6","WNT","Wnt9a","FZD7_LRP6","WNT agonist","WNT antagonist","WNT activation receptor","WNT inhibition receptor","KEGG: mmu04310; PMID: 23209147","Secreted Signaling","Wnt9a  - (Fzd7+Lrp6)",FALSE,"Wnt9a","Wnt","Extracellular matrix, Secreted, Extracellular space","Signal, Developmental protein, Reference proteome, Wnt signaling pathway, Lipoprotein, Extracellular matrix, Disulfide bond, Secreted, Glycoprotein","secreted",FALSE,"Fzd7, Lrp6","G-protein coupled receptor Fz/Smo, LDLR","Endosome membrane, Cell membrane, Endoplasmic reticulum, Membrane raft","Membrane, Disulfide bond, Transmembrane, Receptor, Glycoprotein, Transducer, Signal, Developmental protein, Reference proteome, Wnt signaling pathway, Cell membrane, Transmembrane helix, G-protein coupled receptor, 3D-structure, Endosome, Ubl conjugation, Repeat, EGF-like domain, Endoplasmic reticulum, Disease variant, Endocytosis, Lipoprotein, Phosphoprotein, Isopeptide bond, Palmitate","Receptors","Frizzled;GPCR, LDLR;Other_receptors","","",TRUE,"CellChatDB v1"
"WNT9A_FZD8_LRP6","WNT","Wnt9a","FZD8_LRP6","WNT agonist","WNT antagonist","WNT activation receptor","WNT inhibition receptor","KEGG: mmu04310; PMID: 23209147","Secreted Signaling","Wnt9a  - (Fzd8+Lrp6)",FALSE,"Wnt9a","Wnt","Extracellular matrix, Secreted, Extracellular space","Signal, Developmental protein, Reference proteome, Wnt signaling pathway, Lipoprotein, Extracellular matrix, Disulfide bond, Secreted, Glycoprotein","secreted",FALSE,"Fzd8, Lrp6","G-protein coupled receptor Fz/Smo, LDLR","Golgi apparatus, Membrane, Cell membrane, Endoplasmic reticulum, Membrane raft","Membrane, Disulfide bond, Transmembrane, Receptor, Glycoprotein, Transducer, Signal, Developmental protein, Reference proteome, Wnt signaling pathway, Cell membrane, Transmembrane helix, Golgi apparatus, G-protein coupled receptor, 3D-structure, Ubl conjugation, Repeat, EGF-like domain, Endoplasmic reticulum, Disease variant, Endocytosis, Lipoprotein, Phosphoprotein, Isopeptide bond, Palmitate","Receptors","LDLR;Other_receptors, Frizzled;GPCR","","",TRUE,"CellChatDB v1"
"WNT9A_FZD9_LRP6","WNT","Wnt9a","FZD9_LRP6","WNT agonist","WNT antagonist","WNT activation receptor","WNT inhibition receptor","KEGG: mmu04310; PMID: 23209147","Secreted Signaling","Wnt9a  - (Fzd9+Lrp6)",FALSE,"Wnt9a","Wnt","Extracellular matrix, Secreted, Extracellular space","Signal, Developmental protein, Reference proteome, Wnt signaling pathway, Lipoprotein, Extracellular matrix, Disulfide bond, Secreted, Glycoprotein","secreted",FALSE,"Fzd9, Lrp6","G-protein coupled receptor Fz/Smo, LDLR","Cell membrane, Endoplasmic reticulum, Membrane raft","Transducer, Ubl conjugation, Membrane, Signal, Developmental protein, Reference proteome, Wnt signaling pathway, Cell membrane, Transmembrane helix, Disulfide bond, Transmembrane, Receptor, G-protein coupled receptor, Glycoprotein, Repeat, EGF-like domain, Endoplasmic reticulum, Disease variant, Endocytosis, Lipoprotein, Phosphoprotein, Isopeptide bond, 3D-structure, Palmitate","Receptors","Frizzled;GPCR, LDLR;Other_receptors","","",TRUE,"CellChatDB v1"
"WNT5A_FZD1","ncWNT","Wnt5a","Fzd1","","","ncWNT activation receptor","","KEGG: mmu04310","Secreted Signaling","Wnt5a  - Fzd1",FALSE,"Wnt5a","Wnt","Extracellular matrix, Secreted, Extracellular space","Disease variant, Signal, Developmental protein, Reference proteome, Lipoprotein, Wnt signaling pathway, Disulfide bond, Secreted, Extracellular matrix, Differentiation, Alternative splicing, Chondrogenesis, Dwarfism, Glycoprotein","wnt family",FALSE,"Fzd1","G-protein coupled receptor Fz/Smo","Cell membrane","Transducer, Ubl conjugation, Membrane, Signal, Developmental protein, Reference proteome, Wnt signaling pathway, Cell membrane, Transmembrane helix, Disulfide bond, Transmembrane, Receptor, G-protein coupled receptor, Glycoprotein","Receptors","Frizzled;GPCR","","",TRUE,"CellChatDB v1"
"WNT5A_FZD10","ncWNT","Wnt5a","Fzd10","","","ncWNT activation receptor","","KEGG: mmu04310","Secreted Signaling","Wnt5a  - Fzd10",FALSE,"Wnt5a","Wnt","Extracellular matrix, Secreted, Extracellular space","Disease variant, Signal, Developmental protein, Reference proteome, Lipoprotein, Wnt signaling pathway, Disulfide bond, Secreted, Extracellular matrix, Differentiation, Alternative splicing, Chondrogenesis, Dwarfism, Glycoprotein","wnt family",FALSE,"Fzd10","G-protein coupled receptor Fz/Smo","Cell membrane","Transducer, Ubl conjugation, Membrane, Signal, Developmental protein, Reference proteome, Wnt signaling pathway, Cell membrane, Transmembrane helix, Disulfide bond, Transmembrane, Receptor, G-protein coupled receptor, Glycoprotein","Receptors","Frizzled;GPCR","","",TRUE,"CellChatDB v1"
"WNT5A_FZD2","ncWNT","Wnt5a","Fzd2","","","ncWNT activation receptor","","KEGG: mmu04310","Secreted Signaling","Wnt5a  - Fzd2",FALSE,"Wnt5a","Wnt","Extracellular matrix, Secreted, Extracellular space","Disease variant, Signal, Developmental protein, Reference proteome, Lipoprotein, Wnt signaling pathway, Disulfide bond, Secreted, Extracellular matrix, Differentiation, Alternative splicing, Chondrogenesis, Dwarfism, Glycoprotein","wnt family",FALSE,"Fzd2","G-protein coupled receptor Fz/Smo","Membrane, Cell membrane","Membrane, Disulfide bond, Transmembrane, Receptor, Glycoprotein, Transducer, Disease variant, Signal, Developmental protein, Reference proteome, Wnt signaling pathway, Cell membrane, Transmembrane helix, G-protein coupled receptor, 3D-structure, Ubl conjugation","Receptors","Frizzled;GPCR","","",TRUE,"CellChatDB v1"
"WNT5A_FZD3","ncWNT","Wnt5a","Fzd3","","","ncWNT activation receptor","","KEGG: mmu04310","Secreted Signaling","Wnt5a  - Fzd3",FALSE,"Wnt5a","Wnt","Extracellular matrix, Secreted, Extracellular space","Disease variant, Signal, Developmental protein, Reference proteome, Lipoprotein, Wnt signaling pathway, Disulfide bond, Secreted, Extracellular matrix, Differentiation, Alternative splicing, Chondrogenesis, Dwarfism, Glycoprotein","wnt family",FALSE,"Fzd3","G-protein coupled receptor Fz/Smo","Apical cell membrane, Membrane, Cell surface, Cell membrane","Membrane, Disulfide bond, Transmembrane, Receptor, Neurogenesis, Alternative splicing, Glycoprotein, Transducer, Signal, Developmental protein, Reference proteome, Wnt signaling pathway, Cell membrane, Transmembrane helix, Direct protein sequencing, G-protein coupled receptor, Ubl conjugation","Receptors","Frizzled;GPCR","","",TRUE,"CellChatDB v1"
"WNT5A_FZD4","ncWNT","Wnt5a","Fzd4","","","ncWNT activation receptor","","KEGG: mmu04310","Secreted Signaling","Wnt5a  - Fzd4",FALSE,"Wnt5a","Wnt","Extracellular matrix, Secreted, Extracellular space","Disease variant, Signal, Developmental protein, Reference proteome, Lipoprotein, Wnt signaling pathway, Disulfide bond, Secreted, Extracellular matrix, Differentiation, Alternative splicing, Chondrogenesis, Dwarfism, Glycoprotein","wnt family",FALSE,"Fzd4","G-protein coupled receptor Fz/Smo","Cell membrane","Membrane, Disulfide bond, Transmembrane, Receptor, Glycoprotein, Transducer, Disease variant, Signal, Developmental protein, Reference proteome, Wnt signaling pathway, Cell membrane, Transmembrane helix, G-protein coupled receptor, 3D-structure, Ubl conjugation","Receptors","Frizzled;GPCR","","",TRUE,"CellChatDB v1"
"WNT5A_FZD7","ncWNT","Wnt5a","Fzd7","","","ncWNT activation receptor","","KEGG: mmu04310","Secreted Signaling","Wnt5a  - Fzd7",FALSE,"Wnt5a","Wnt","Extracellular matrix, Secreted, Extracellular space","Disease variant, Signal, Developmental protein, Reference proteome, Lipoprotein, Wnt signaling pathway, Disulfide bond, Secreted, Extracellular matrix, Differentiation, Alternative splicing, Chondrogenesis, Dwarfism, Glycoprotein","wnt family",FALSE,"Fzd7","G-protein coupled receptor Fz/Smo","Endosome membrane, Cell membrane","Membrane, Disulfide bond, Transmembrane, Receptor, Glycoprotein, Transducer, Signal, Developmental protein, Reference proteome, Wnt signaling pathway, Cell membrane, Transmembrane helix, G-protein coupled receptor, 3D-structure, Endosome, Ubl conjugation","Receptors","Frizzled;GPCR","","",TRUE,"CellChatDB v1"
"WNT5A_FZD8","ncWNT","Wnt5a","Fzd8","","","ncWNT activation receptor","","KEGG: mmu04310","Secreted Signaling","Wnt5a  - Fzd8",FALSE,"Wnt5a","Wnt","Extracellular matrix, Secreted, Extracellular space","Disease variant, Signal, Developmental protein, Reference proteome, Lipoprotein, Wnt signaling pathway, Disulfide bond, Secreted, Extracellular matrix, Differentiation, Alternative splicing, Chondrogenesis, Dwarfism, Glycoprotein","wnt family",FALSE,"Fzd8","G-protein coupled receptor Fz/Smo","Golgi apparatus, Membrane, Cell membrane","Membrane, Disulfide bond, Transmembrane, Receptor, Glycoprotein, Transducer, Signal, Developmental protein, Reference proteome, Wnt signaling pathway, Cell membrane, Transmembrane helix, Golgi apparatus, G-protein coupled receptor, 3D-structure, Ubl conjugation","Receptors","Frizzled;GPCR","","",TRUE,"CellChatDB v1"
"WNT5A_FZD9","ncWNT","Wnt5a","Fzd9","","","ncWNT activation receptor","","KEGG: mmu04310","Secreted Signaling","Wnt5a  - Fzd9",FALSE,"Wnt5a","Wnt","Extracellular matrix, Secreted, Extracellular space","Disease variant, Signal, Developmental protein, Reference proteome, Lipoprotein, Wnt signaling pathway, Disulfide bond, Secreted, Extracellular matrix, Differentiation, Alternative splicing, Chondrogenesis, Dwarfism, Glycoprotein","wnt family",FALSE,"Fzd9","G-protein coupled receptor Fz/Smo","Cell membrane","Transducer, Ubl conjugation, Membrane, Signal, Developmental protein, Reference proteome, Wnt signaling pathway, Cell membrane, Transmembrane helix, Disulfide bond, Transmembrane, Receptor, G-protein coupled receptor, Glycoprotein","Receptors","Frizzled;GPCR","","",TRUE,"CellChatDB v1"
"WNT5A_MCAM","ncWNT","Wnt5a","Mcam","","","","","PMID: 24335906","Secreted Signaling","Wnt5a  - Mcam",FALSE,"Wnt5a","Wnt","Extracellular matrix, Secreted, Extracellular space","Disease variant, Signal, Developmental protein, Reference proteome, Lipoprotein, Wnt signaling pathway, Disulfide bond, Secreted, Extracellular matrix, Differentiation, Alternative splicing, Chondrogenesis, Dwarfism, Glycoprotein","wnt family",FALSE,"Mcam","","Membrane","Membrane, Signal, Reference proteome, Immunoglobulin domain, Transmembrane helix, Phosphoprotein, Disulfide bond, Transmembrane, Direct protein sequencing, Alternative splicing, Repeat, 3D-structure, Cell adhesion, Glycoprotein","Unclassified","Unclassified","","",FALSE,"CellChatDB v1"
"WNT5B_FZD1","ncWNT","Wnt5b","Fzd1","","","ncWNT activation receptor","","KEGG: mmu04310","Secreted Signaling","Wnt5b  - Fzd1",FALSE,"Wnt5b","Wnt","Extracellular matrix, Secreted, Extracellular space","Signal, Developmental protein, Reference proteome, Wnt signaling pathway, Lipoprotein, Extracellular matrix, Disulfide bond, Secreted, Glycoprotein","wnt family",FALSE,"Fzd1","G-protein coupled receptor Fz/Smo","Cell membrane","Transducer, Ubl conjugation, Membrane, Signal, Developmental protein, Reference proteome, Wnt signaling pathway, Cell membrane, Transmembrane helix, Disulfide bond, Transmembrane, Receptor, G-protein coupled receptor, Glycoprotein","Receptors","Frizzled;GPCR","","",TRUE,"CellChatDB v1"
"WNT5B_FZD10","ncWNT","Wnt5b","Fzd10","","","ncWNT activation receptor","","KEGG: mmu04310","Secreted Signaling","Wnt5b  - Fzd10",FALSE,"Wnt5b","Wnt","Extracellular matrix, Secreted, Extracellular space","Signal, Developmental protein, Reference proteome, Wnt signaling pathway, Lipoprotein, Extracellular matrix, Disulfide bond, Secreted, Glycoprotein","wnt family",FALSE,"Fzd10","G-protein coupled receptor Fz/Smo","Cell membrane","Transducer, Ubl conjugation, Membrane, Signal, Developmental protein, Reference proteome, Wnt signaling pathway, Cell membrane, Transmembrane helix, Disulfide bond, Transmembrane, Receptor, G-protein coupled receptor, Glycoprotein","Receptors","Frizzled;GPCR","","",TRUE,"CellChatDB v1"
"WNT5B_FZD2","ncWNT","Wnt5b","Fzd2","","","ncWNT activation receptor","","KEGG: mmu04310","Secreted Signaling","Wnt5b  - Fzd2",FALSE,"Wnt5b","Wnt","Extracellular matrix, Secreted, Extracellular space","Signal, Developmental protein, Reference proteome, Wnt signaling pathway, Lipoprotein, Extracellular matrix, Disulfide bond, Secreted, Glycoprotein","wnt family",FALSE,"Fzd2","G-protein coupled receptor Fz/Smo","Membrane, Cell membrane","Membrane, Disulfide bond, Transmembrane, Receptor, Glycoprotein, Transducer, Disease variant, Signal, Developmental protein, Reference proteome, Wnt signaling pathway, Cell membrane, Transmembrane helix, G-protein coupled receptor, 3D-structure, Ubl conjugation","Receptors","Frizzled;GPCR","","",TRUE,"CellChatDB v1"
"WNT5B_FZD3","ncWNT","Wnt5b","Fzd3","","","ncWNT activation receptor","","KEGG: mmu04310","Secreted Signaling","Wnt5b  - Fzd3",FALSE,"Wnt5b","Wnt","Extracellular matrix, Secreted, Extracellular space","Signal, Developmental protein, Reference proteome, Wnt signaling pathway, Lipoprotein, Extracellular matrix, Disulfide bond, Secreted, Glycoprotein","wnt family",FALSE,"Fzd3","G-protein coupled receptor Fz/Smo","Apical cell membrane, Membrane, Cell surface, Cell membrane","Membrane, Disulfide bond, Transmembrane, Receptor, Neurogenesis, Alternative splicing, Glycoprotein, Transducer, Signal, Developmental protein, Reference proteome, Wnt signaling pathway, Cell membrane, Transmembrane helix, Direct protein sequencing, G-protein coupled receptor, Ubl conjugation","Receptors","Frizzled;GPCR","","",TRUE,"CellChatDB v1"
"WNT5B_FZD4","ncWNT","Wnt5b","Fzd4","","","ncWNT activation receptor","","KEGG: mmu04310","Secreted Signaling","Wnt5b  - Fzd4",FALSE,"Wnt5b","Wnt","Extracellular matrix, Secreted, Extracellular space","Signal, Developmental protein, Reference proteome, Wnt signaling pathway, Lipoprotein, Extracellular matrix, Disulfide bond, Secreted, Glycoprotein","wnt family",FALSE,"Fzd4","G-protein coupled receptor Fz/Smo","Cell membrane","Membrane, Disulfide bond, Transmembrane, Receptor, Glycoprotein, Transducer, Disease variant, Signal, Developmental protein, Reference proteome, Wnt signaling pathway, Cell membrane, Transmembrane helix, G-protein coupled receptor, 3D-structure, Ubl conjugation","Receptors","Frizzled;GPCR","","",TRUE,"CellChatDB v1"
"WNT5B_FZD7","ncWNT","Wnt5b","Fzd7","","","ncWNT activation receptor","","KEGG: mmu04310","Secreted Signaling","Wnt5b  - Fzd7",FALSE,"Wnt5b","Wnt","Extracellular matrix, Secreted, Extracellular space","Signal, Developmental protein, Reference proteome, Wnt signaling pathway, Lipoprotein, Extracellular matrix, Disulfide bond, Secreted, Glycoprotein","wnt family",FALSE,"Fzd7","G-protein coupled receptor Fz/Smo","Endosome membrane, Cell membrane","Membrane, Disulfide bond, Transmembrane, Receptor, Glycoprotein, Transducer, Signal, Developmental protein, Reference proteome, Wnt signaling pathway, Cell membrane, Transmembrane helix, G-protein coupled receptor, 3D-structure, Endosome, Ubl conjugation","Receptors","Frizzled;GPCR","","",TRUE,"CellChatDB v1"
"WNT5B_FZD8","ncWNT","Wnt5b","Fzd8","","","ncWNT activation receptor","","KEGG: mmu04310","Secreted Signaling","Wnt5b  - Fzd8",FALSE,"Wnt5b","Wnt","Extracellular matrix, Secreted, Extracellular space","Signal, Developmental protein, Reference proteome, Wnt signaling pathway, Lipoprotein, Extracellular matrix, Disulfide bond, Secreted, Glycoprotein","wnt family",FALSE,"Fzd8","G-protein coupled receptor Fz/Smo","Golgi apparatus, Membrane, Cell membrane","Membrane, Disulfide bond, Transmembrane, Receptor, Glycoprotein, Transducer, Signal, Developmental protein, Reference proteome, Wnt signaling pathway, Cell membrane, Transmembrane helix, Golgi apparatus, G-protein coupled receptor, 3D-structure, Ubl conjugation","Receptors","Frizzled;GPCR","","",TRUE,"CellChatDB v1"
"WNT5B_FZD9","ncWNT","Wnt5b","Fzd9","","","ncWNT activation receptor","","KEGG: mmu04310","Secreted Signaling","Wnt5b  - Fzd9",FALSE,"Wnt5b","Wnt","Extracellular matrix, Secreted, Extracellular space","Signal, Developmental protein, Reference proteome, Wnt signaling pathway, Lipoprotein, Extracellular matrix, Disulfide bond, Secreted, Glycoprotein","wnt family",FALSE,"Fzd9","G-protein coupled receptor Fz/Smo","Cell membrane","Transducer, Ubl conjugation, Membrane, Signal, Developmental protein, Reference proteome, Wnt signaling pathway, Cell membrane, Transmembrane helix, Disulfide bond, Transmembrane, Receptor, G-protein coupled receptor, Glycoprotein","Receptors","Frizzled;GPCR","","",TRUE,"CellChatDB v1"
"HBEGF_ERBB4","EGF","Hbegf","Erbb4","","","","","KEGG: mmu04012","Secreted Signaling","Hbegf  - Erbb4",TRUE,"Hbegf","","Secreted, Extracellular space","Membrane, Signal, Reference proteome, Cell membrane, Transmembrane helix, Disulfide bond, Secreted, Transmembrane, Growth factor, Direct protein sequencing, 3D-structure, Receptor, EGF-like domain, Heparin-binding, Glycoprotein","growth factor",TRUE,"Erbb4","Protein kinase superfamily, Tyr protein kinase","Cell membrane","Membrane, Lactation, Mitochondrion, Activator, Disulfide bond, Transmembrane, Kinase, ATP-binding, Receptor, Alternative splicing, Tyrosine-protein kinase, Repeat, Transcription regulation, Nucleotide-binding, Transferase, Glycoprotein, Amyotrophic lateral sclerosis, Disease variant, Developmental protein, Signal, Reference proteome, Neurodegeneration, Cell membrane, Transmembrane helix, Nucleus, Phosphoprotein, Apoptosis, 3D-structure, Transcription, Ubl conjugation","Receptors","EGFR;Kinase","","",TRUE,"CellChatDB v1"
"HBEGF_ERBB2_ERBB4","EGF","Hbegf","ERBB2_ERBB4","","","","","KEGG: mmu04012","Secreted Signaling","Hbegf  - (Erbb2+Erbb4)",TRUE,"Hbegf","","Secreted, Extracellular space","Membrane, Signal, Reference proteome, Cell membrane, Transmembrane helix, Disulfide bond, Secreted, Transmembrane, Growth factor, Direct protein sequencing, 3D-structure, Receptor, EGF-like domain, Heparin-binding, Glycoprotein","growth factor",TRUE,"Erbb2, Erbb4","Protein kinase superfamily, Tyr protein kinase","Cell membrane, Cell projection, Ruffle membrane","Membrane, Alternative initiation, Activator, Disulfide bond, Transmembrane, Kinase, ATP-binding, Receptor, Cytoplasm, Alternative splicing, Tyrosine-protein kinase, Nucleotide-binding, Transferase, Glycoprotein, Disease variant, Cell projection, Chromosomal rearrangement, Signal, Reference proteome, Cell membrane, Transmembrane helix, Nucleus, Phosphoprotein, 3D-structure, Transcription, Endosome, Transcription regulation, Lactation, Mitochondrion, Repeat, Amyotrophic lateral sclerosis, Developmental protein, Neurodegeneration, Apoptosis, Ubl conjugation","Receptors","EGFR;Kinase","","",TRUE,"CellChatDB v1"
"NRG1_ERBB3","NRG","Nrg1","Erbb3","","","","","KEGG: mmu04012","Secreted Signaling","Nrg1  - Erbb3",TRUE,"Nrg1","Neuregulin","Membrane-bound isoform]: Cell membrane, [Pro-neuregulin-1","Membrane, Disulfide bond, Secreted, Transmembrane, Growth factor, Alternative splicing, EGF-like domain, Glycoprotein, Chromosomal rearrangement, Reference proteome, Immunoglobulin domain, Cell membrane, Nucleus, Transmembrane helix, Direct protein sequencing, 3D-structure","growth factor",TRUE,"Erbb3","Protein kinase superfamily, Tyr protein kinase","Cell membrane, Secreted","Membrane, Secreted, Disulfide bond, Kinase, Transmembrane, ATP-binding, Receptor, Alternative splicing, Tyrosine-protein kinase, Transferase, Glycoprotein, Disease variant, Signal, Reference proteome, Cell membrane, Transmembrane helix, Phosphoprotein, 3D-structure, Nucleotide-binding","Receptors","EGFR;Kinase","","secreted",TRUE,"CellChatDB v1"
"NRG1_ERBB2_ERBB3","NRG","Nrg1","ERBB2_ERBB3","","","","","KEGG: mmu04012","Secreted Signaling","Nrg1  - (Erbb2+Erbb3)",TRUE,"Nrg1","Neuregulin","Membrane-bound isoform]: Cell membrane, [Pro-neuregulin-1","Membrane, Disulfide bond, Secreted, Transmembrane, Growth factor, Alternative splicing, EGF-like domain, Glycoprotein, Chromosomal rearrangement, Reference proteome, Immunoglobulin domain, Cell membrane, Nucleus, Transmembrane helix, Direct protein sequencing, 3D-structure","growth factor",TRUE,"Erbb2, Erbb3","Protein kinase superfamily, Tyr protein kinase","Cell membrane, Secreted, Cell projection, Ruffle membrane","Membrane, Secreted, Disulfide bond, Kinase, Transmembrane, ATP-binding, Receptor, Alternative splicing, Tyrosine-protein kinase, Transferase, Glycoprotein, Disease variant, Signal, Reference proteome, Cell membrane, Transmembrane helix, Phosphoprotein, 3D-structure, Nucleotide-binding, Alternative initiation, Activator, Cytoplasm, Cell projection, Chromosomal rearrangement, Nucleus, Transcription, Endosome, Transcription regulation","Receptors","EGFR;Kinase","","",TRUE,"CellChatDB v1"
"NRG1_ERBB4","NRG","Nrg1","Erbb4","","","","","KEGG: mmu04012","Secreted Signaling","Nrg1  - Erbb4",TRUE,"Nrg1","Neuregulin","Membrane-bound isoform]: Cell membrane, [Pro-neuregulin-1","Membrane, Disulfide bond, Secreted, Transmembrane, Growth factor, Alternative splicing, EGF-like domain, Glycoprotein, Chromosomal rearrangement, Reference proteome, Immunoglobulin domain, Cell membrane, Nucleus, Transmembrane helix, Direct protein sequencing, 3D-structure","growth factor",TRUE,"Erbb4","Protein kinase superfamily, Tyr protein kinase","Cell membrane","Membrane, Lactation, Mitochondrion, Activator, Disulfide bond, Transmembrane, Kinase, ATP-binding, Receptor, Alternative splicing, Tyrosine-protein kinase, Repeat, Transcription regulation, Nucleotide-binding, Transferase, Glycoprotein, Amyotrophic lateral sclerosis, Disease variant, Developmental protein, Signal, Reference proteome, Neurodegeneration, Cell membrane, Transmembrane helix, Nucleus, Phosphoprotein, Apoptosis, 3D-structure, Transcription, Ubl conjugation","Receptors","EGFR;Kinase","","",TRUE,"CellChatDB v1"
"NRG1_ERBB2_ERBB4","NRG","Nrg1","ERBB2_ERBB4","","","","","KEGG: mmu04012","Secreted Signaling","Nrg1  - (Erbb2+Erbb4)",TRUE,"Nrg1","Neuregulin","Membrane-bound isoform]: Cell membrane, [Pro-neuregulin-1","Membrane, Disulfide bond, Secreted, Transmembrane, Growth factor, Alternative splicing, EGF-like domain, Glycoprotein, Chromosomal rearrangement, Reference proteome, Immunoglobulin domain, Cell membrane, Nucleus, Transmembrane helix, Direct protein sequencing, 3D-structure","growth factor",TRUE,"Erbb2, Erbb4","Protein kinase superfamily, Tyr protein kinase","Cell membrane, Cell projection, Ruffle membrane","Membrane, Alternative initiation, Activator, Disulfide bond, Transmembrane, Kinase, ATP-binding, Receptor, Cytoplasm, Alternative splicing, Tyrosine-protein kinase, Nucleotide-binding, Transferase, Glycoprotein, Disease variant, Cell projection, Chromosomal rearrangement, Signal, Reference proteome, Cell membrane, Transmembrane helix, Nucleus, Phosphoprotein, 3D-structure, Transcription, Endosome, Transcription regulation, Lactation, Mitochondrion, Repeat, Amyotrophic lateral sclerosis, Developmental protein, Neurodegeneration, Apoptosis, Ubl conjugation","Receptors","EGFR;Kinase","","",TRUE,"CellChatDB v1"
"NRG2_ERBB3","NRG","Nrg2","Erbb3","","","","","KEGG: mmu04012","Secreted Signaling","Nrg2  - Erbb3",FALSE,"Nrg2","Neuregulin","Membrane-bound isoform]: Cell membrane, [Pro-neuregulin-2","Membrane, Reference proteome, Immunoglobulin domain, Cell membrane, Transmembrane helix, Disulfide bond, Secreted, Transmembrane, Growth factor, Alternative splicing, EGF-like domain, Glycoprotein","growth factor",TRUE,"Erbb3","Protein kinase superfamily, Tyr protein kinase","Cell membrane, Secreted","Membrane, Secreted, Disulfide bond, Kinase, Transmembrane, ATP-binding, Receptor, Alternative splicing, Tyrosine-protein kinase, Transferase, Glycoprotein, Disease variant, Signal, Reference proteome, Cell membrane, Transmembrane helix, Phosphoprotein, 3D-structure, Nucleotide-binding","Receptors","EGFR;Kinase","","secreted",TRUE,"CellChatDB v1"
"NRG2_ERBB2_ERBB3","NRG","Nrg2","ERBB2_ERBB3","","","","","KEGG: mmu04012","Secreted Signaling","Nrg2  - (Erbb2+Erbb3)",TRUE,"Nrg2","Neuregulin","Membrane-bound isoform]: Cell membrane, [Pro-neuregulin-2","Membrane, Reference proteome, Immunoglobulin domain, Cell membrane, Transmembrane helix, Disulfide bond, Secreted, Transmembrane, Growth factor, Alternative splicing, EGF-like domain, Glycoprotein","growth factor",TRUE,"Erbb2, Erbb3","Protein kinase superfamily, Tyr protein kinase","Cell membrane, Secreted, Cell projection, Ruffle membrane","Membrane, Secreted, Disulfide bond, Kinase, Transmembrane, ATP-binding, Receptor, Alternative splicing, Tyrosine-protein kinase, Transferase, Glycoprotein, Disease variant, Signal, Reference proteome, Cell membrane, Transmembrane helix, Phosphoprotein, 3D-structure, Nucleotide-binding, Alternative initiation, Activator, Cytoplasm, Cell projection, Chromosomal rearrangement, Nucleus, Transcription, Endosome, Transcription regulation","Receptors","EGFR;Kinase","","",TRUE,"CellChatDB v1"
"NRG2_ERBB4","NRG","Nrg2","Erbb4","","","","","KEGG: mmu04012","Secreted Signaling","Nrg2  - Erbb4",TRUE,"Nrg2","Neuregulin","Membrane-bound isoform]: Cell membrane, [Pro-neuregulin-2","Membrane, Reference proteome, Immunoglobulin domain, Cell membrane, Transmembrane helix, Disulfide bond, Secreted, Transmembrane, Growth factor, Alternative splicing, EGF-like domain, Glycoprotein","growth factor",TRUE,"Erbb4","Protein kinase superfamily, Tyr protein kinase","Cell membrane","Membrane, Lactation, Mitochondrion, Activator, Disulfide bond, Transmembrane, Kinase, ATP-binding, Receptor, Alternative splicing, Tyrosine-protein kinase, Repeat, Transcription regulation, Nucleotide-binding, Transferase, Glycoprotein, Amyotrophic lateral sclerosis, Disease variant, Developmental protein, Signal, Reference proteome, Neurodegeneration, Cell membrane, Transmembrane helix, Nucleus, Phosphoprotein, Apoptosis, 3D-structure, Transcription, Ubl conjugation","Receptors","EGFR;Kinase","","",TRUE,"CellChatDB v1"
"NRG2_ERBB2_ERBB4","NRG","Nrg2","ERBB2_ERBB4","","","","","KEGG: mmu04012","Secreted Signaling","Nrg2  - (Erbb2+Erbb4)",TRUE,"Nrg2","Neuregulin","Membrane-bound isoform]: Cell membrane, [Pro-neuregulin-2","Membrane, Reference proteome, Immunoglobulin domain, Cell membrane, Transmembrane helix, Disulfide bond, Secreted, Transmembrane, Growth factor, Alternative splicing, EGF-like domain, Glycoprotein","growth factor",TRUE,"Erbb2, Erbb4","Protein kinase superfamily, Tyr protein kinase","Cell membrane, Cell projection, Ruffle membrane","Membrane, Alternative initiation, Activator, Disulfide bond, Transmembrane, Kinase, ATP-binding, Receptor, Cytoplasm, Alternative splicing, Tyrosine-protein kinase, Nucleotide-binding, Transferase, Glycoprotein, Disease variant, Cell projection, Chromosomal rearrangement, Signal, Reference proteome, Cell membrane, Transmembrane helix, Nucleus, Phosphoprotein, 3D-structure, Transcription, Endosome, Transcription regulation, Lactation, Mitochondrion, Repeat, Amyotrophic lateral sclerosis, Developmental protein, Neurodegeneration, Apoptosis, Ubl conjugation","Receptors","EGFR;Kinase","","",TRUE,"CellChatDB v1"
"NRG3_ERBB4","NRG","Nrg3","Erbb4","","","","","KEGG: mmu04012","Secreted Signaling","Nrg3  - Erbb4",TRUE,"Nrg3","Neuregulin","Membrane-bound isoform]: Cell membrane, [Pro-neuregulin-3","Membrane, Reference proteome, Cell membrane, Transmembrane helix, Disulfide bond, Secreted, Transmembrane, Growth factor, Alternative splicing, EGF-like domain, Glycoprotein","growth factor",TRUE,"Erbb4","Protein kinase superfamily, Tyr protein kinase","Cell membrane","Membrane, Lactation, Mitochondrion, Activator, Disulfide bond, Transmembrane, Kinase, ATP-binding, Receptor, Alternative splicing, Tyrosine-protein kinase, Repeat, Transcription regulation, Nucleotide-binding, Transferase, Glycoprotein, Amyotrophic lateral sclerosis, Disease variant, Developmental protein, Signal, Reference proteome, Neurodegeneration, Cell membrane, Transmembrane helix, Nucleus, Phosphoprotein, Apoptosis, 3D-structure, Transcription, Ubl conjugation","Receptors","EGFR;Kinase","","",TRUE,"CellChatDB v1"
"NRG3_ERBB2_ERBB4","NRG","Nrg3","ERBB2_ERBB4","","","","","KEGG: mmu04012","Secreted Signaling","Nrg3  - (Erbb2+Erbb4)",TRUE,"Nrg3","Neuregulin","Membrane-bound isoform]: Cell membrane, [Pro-neuregulin-3","Membrane, Reference proteome, Cell membrane, Transmembrane helix, Disulfide bond, Secreted, Transmembrane, Growth factor, Alternative splicing, EGF-like domain, Glycoprotein","growth factor",TRUE,"Erbb2, Erbb4","Protein kinase superfamily, Tyr protein kinase","Cell membrane, Cell projection, Ruffle membrane","Membrane, Alternative initiation, Activator, Disulfide bond, Transmembrane, Kinase, ATP-binding, Receptor, Cytoplasm, Alternative splicing, Tyrosine-protein kinase, Nucleotide-binding, Transferase, Glycoprotein, Disease variant, Cell projection, Chromosomal rearrangement, Signal, Reference proteome, Cell membrane, Transmembrane helix, Nucleus, Phosphoprotein, 3D-structure, Transcription, Endosome, Transcription regulation, Lactation, Mitochondrion, Repeat, Amyotrophic lateral sclerosis, Developmental protein, Neurodegeneration, Apoptosis, Ubl conjugation","Receptors","EGFR;Kinase","","",TRUE,"CellChatDB v1"
"NRG1_ITGAV_ITGB3","NRG","Nrg1","ITGAV_ITGB3","","","","","PMID: 20682778","Secreted Signaling","Nrg1  - (Itgav+Itgb3)",TRUE,"Nrg1","Neuregulin","Membrane-bound isoform]: Cell membrane, [Pro-neuregulin-1","Membrane, Disulfide bond, Secreted, Transmembrane, Growth factor, Alternative splicing, EGF-like domain, Glycoprotein, Chromosomal rearrangement, Reference proteome, Immunoglobulin domain, Cell membrane, Nucleus, Transmembrane helix, Direct protein sequencing, 3D-structure","growth factor",TRUE,"Itgav, Itgb3","Integrin alpha chain, Integrin beta chain","Focal adhesion, Cell membrane, Cell junction, Postsynaptic cell membrane, Lamellipodium membrane, Cell projection, Synapse","Membrane, Host-virus interaction, Disulfide bond, Transmembrane, Host cell receptor for virus entry, Receptor, Alternative splicing, Glycoprotein, Signal, Reference proteome, Integrin, Metal-binding, Transmembrane helix, Cell membrane, Direct protein sequencing, Calcium, Cleavage on pair of basic residues, 3D-structure, Cell junction, Cell adhesion, Repeat, Cell projection, Disease variant, Phosphoprotein, Postsynaptic cell membrane, Synapse","Receptors","Integrin;Other_receptors","Adhesion receptor","",TRUE,"CellChatDB v1"
"FGF7_FGFR1","FGF","Fgf7","Fgfr1","","","","FGF inhibition receptor","PMC: 4393358","Secreted Signaling","Fgf7  - Fgfr1",FALSE,"Fgf7","Heparin-binding growth factors","Secreted","Signal, Reference proteome, Secreted, Growth factor, Mitogen, Direct protein sequencing, Alternative splicing, Heparin-binding, Glycoprotein","growth factor",FALSE,"Fgfr1","Protein kinase superfamily, Tyr protein kinase","Cytoplasm, Nucleus, Cytosol, Cytoplasmic vesicle, Cell membrane","Kinase, ATP-binding, Receptor, Cytoplasm, Tyrosine-protein kinase, Cytoplasmic vesicle, Holoprosencephaly, Glycoprotein, Disease variant, Kallmann syndrome, Immunoglobulin domain, Transmembrane helix, Cell membrane, Direct protein sequencing, Transcription, Dwarfism, Heparin-binding, Ubl conjugation, Transcription regulation, Membrane, Intellectual disability, Disulfide bond, Transmembrane, Alternative splicing, Hypogonadotropic hypogonadism, Transferase, Chromosomal rearrangement, Signal, Reference proteome, Nucleus, Phosphoprotein, Craniosynostosis, 3D-structure, Nucleotide-binding, Repeat","Receptors","FGFR;Kinase","","",TRUE,"CellChatDB v1"
"FGF7_FGFR2","FGF","Fgf7","Fgfr2","","","","FGF inhibition receptor","PMC: 4393358","Secreted Signaling","Fgf7  - Fgfr2",FALSE,"Fgf7","Heparin-binding growth factors","Secreted","Signal, Reference proteome, Secreted, Growth factor, Mitogen, Direct protein sequencing, Alternative splicing, Heparin-binding, Glycoprotein","growth factor",FALSE,"Fgfr2","Protein kinase superfamily, Tyr protein kinase","Golgi apparatus, Cytoplasmic vesicle, Cell membrane","Membrane, Intellectual disability, Secreted, Disulfide bond, Kinase, Transmembrane, ATP-binding, Receptor, Alternative splicing, Tyrosine-protein kinase, Repeat, Cytoplasmic vesicle, Nucleotide-binding, Transferase, Glycoprotein, Disease variant, Signal, Reference proteome, Immunoglobulin domain, Cell membrane, Transmembrane helix, Proto-oncogene, Phosphoprotein, Apoptosis, Golgi apparatus, Craniosynostosis, Ectodermal dysplasia, 3D-structure, Lacrimo-auriculo-dento-digital syndrome, Heparin-binding, Ubl conjugation","Receptors","FGFR;Kinase","","growth factor",TRUE,"CellChatDB v1"
"FGF3_FGFR1","FGF","Fgf3","Fgfr1","","","","FGF inhibition receptor","PMC: 4393358","Secreted Signaling","Fgf3  - Fgfr1",FALSE,"Fgf3","Heparin-binding growth factors","Secreted","Disease variant, Signal, Developmental protein, Reference proteome, Proto-oncogene, Secreted, Differentiation, Mitogen, Growth factor, Glycoprotein","growth factor",FALSE,"Fgfr1","Protein kinase superfamily, Tyr protein kinase","Cytoplasm, Nucleus, Cytosol, Cytoplasmic vesicle, Cell membrane","Kinase, ATP-binding, Receptor, Cytoplasm, Tyrosine-protein kinase, Cytoplasmic vesicle, Holoprosencephaly, Glycoprotein, Disease variant, Kallmann syndrome, Immunoglobulin domain, Transmembrane helix, Cell membrane, Direct protein sequencing, Transcription, Dwarfism, Heparin-binding, Ubl conjugation, Transcription regulation, Membrane, Intellectual disability, Disulfide bond, Transmembrane, Alternative splicing, Hypogonadotropic hypogonadism, Transferase, Chromosomal rearrangement, Signal, Reference proteome, Nucleus, Phosphoprotein, Craniosynostosis, 3D-structure, Nucleotide-binding, Repeat","Receptors","FGFR;Kinase","","",TRUE,"CellChatDB v1"
"FGF3_FGFR2","FGF","Fgf3","Fgfr2","","","","FGF inhibition receptor","PMC: 4393358","Secreted Signaling","Fgf3  - Fgfr2",FALSE,"Fgf3","Heparin-binding growth factors","Secreted","Disease variant, Signal, Developmental protein, Reference proteome, Proto-oncogene, Secreted, Differentiation, Mitogen, Growth factor, Glycoprotein","growth factor",FALSE,"Fgfr2","Protein kinase superfamily, Tyr protein kinase","Golgi apparatus, Cytoplasmic vesicle, Cell membrane","Membrane, Intellectual disability, Secreted, Disulfide bond, Kinase, Transmembrane, ATP-binding, Receptor, Alternative splicing, Tyrosine-protein kinase, Repeat, Cytoplasmic vesicle, Nucleotide-binding, Transferase, Glycoprotein, Disease variant, Signal, Reference proteome, Immunoglobulin domain, Cell membrane, Transmembrane helix, Proto-oncogene, Phosphoprotein, Apoptosis, Golgi apparatus, Craniosynostosis, Ectodermal dysplasia, 3D-structure, Lacrimo-auriculo-dento-digital syndrome, Heparin-binding, Ubl conjugation","Receptors","FGFR;Kinase","","growth factor",TRUE,"CellChatDB v1"
"FGF10_FGFR1","FGF","Fgf10","Fgfr1","","","","FGF inhibition receptor","PMC: 4393358","Secreted Signaling","Fgf10  - Fgfr1",FALSE,"Fgf10","Heparin-binding growth factors","Secreted","Disease variant, Signal, Reference proteome, Secreted, Growth factor, Ectodermal dysplasia, 3D-structure, Lacrimo-auriculo-dento-digital syndrome, Glycoprotein","growth factor",FALSE,"Fgfr1","Protein kinase superfamily, Tyr protein kinase","Cytoplasm, Nucleus, Cytosol, Cytoplasmic vesicle, Cell membrane","Kinase, ATP-binding, Receptor, Cytoplasm, Tyrosine-protein kinase, Cytoplasmic vesicle, Holoprosencephaly, Glycoprotein, Disease variant, Kallmann syndrome, Immunoglobulin domain, Transmembrane helix, Cell membrane, Direct protein sequencing, Transcription, Dwarfism, Heparin-binding, Ubl conjugation, Transcription regulation, Membrane, Intellectual disability, Disulfide bond, Transmembrane, Alternative splicing, Hypogonadotropic hypogonadism, Transferase, Chromosomal rearrangement, Signal, Reference proteome, Nucleus, Phosphoprotein, Craniosynostosis, 3D-structure, Nucleotide-binding, Repeat","Receptors","FGFR;Kinase","","",TRUE,"CellChatDB v1"
"FGF10_FGFR2","FGF","Fgf10","Fgfr2","","","","FGF inhibition receptor","PMC: 4393358","Secreted Signaling","Fgf10  - Fgfr2",FALSE,"Fgf10","Heparin-binding growth factors","Secreted","Disease variant, Signal, Reference proteome, Secreted, Growth factor, Ectodermal dysplasia, 3D-structure, Lacrimo-auriculo-dento-digital syndrome, Glycoprotein","growth factor",FALSE,"Fgfr2","Protein kinase superfamily, Tyr protein kinase","Golgi apparatus, Cytoplasmic vesicle, Cell membrane","Membrane, Intellectual disability, Secreted, Disulfide bond, Kinase, Transmembrane, ATP-binding, Receptor, Alternative splicing, Tyrosine-protein kinase, Repeat, Cytoplasmic vesicle, Nucleotide-binding, Transferase, Glycoprotein, Disease variant, Signal, Reference proteome, Immunoglobulin domain, Cell membrane, Transmembrane helix, Proto-oncogene, Phosphoprotein, Apoptosis, Golgi apparatus, Craniosynostosis, Ectodermal dysplasia, 3D-structure, Lacrimo-auriculo-dento-digital syndrome, Heparin-binding, Ubl conjugation","Receptors","FGFR;Kinase","","growth factor",TRUE,"CellChatDB v1"
"FGF9_FGFR1","FGF","Fgf9","Fgfr1","","","","FGF inhibition receptor","PMC: 4393358","Secreted Signaling","Fgf9  - Fgfr1",FALSE,"Fgf9","Heparin-binding growth factors","Secreted","Disease variant, Developmental protein, Reference proteome, Secreted, Differentiation, Mitogen, Growth factor, Direct protein sequencing, Deafness, 3D-structure, Heparin-binding, Glycoprotein","growth factor",FALSE,"Fgfr1","Protein kinase superfamily, Tyr protein kinase","Cytoplasm, Nucleus, Cytosol, Cytoplasmic vesicle, Cell membrane","Kinase, ATP-binding, Receptor, Cytoplasm, Tyrosine-protein kinase, Cytoplasmic vesicle, Holoprosencephaly, Glycoprotein, Disease variant, Kallmann syndrome, Immunoglobulin domain, Transmembrane helix, Cell membrane, Direct protein sequencing, Transcription, Dwarfism, Heparin-binding, Ubl conjugation, Transcription regulation, Membrane, Intellectual disability, Disulfide bond, Transmembrane, Alternative splicing, Hypogonadotropic hypogonadism, Transferase, Chromosomal rearrangement, Signal, Reference proteome, Nucleus, Phosphoprotein, Craniosynostosis, 3D-structure, Nucleotide-binding, Repeat","Receptors","FGFR;Kinase","","",TRUE,"CellChatDB v1"
"FGF9_FGFR2","FGF","Fgf9","Fgfr2","","","","FGF inhibition receptor","PMC: 4393358","Secreted Signaling","Fgf9  - Fgfr2",FALSE,"Fgf9","Heparin-binding growth factors","Secreted","Disease variant, Developmental protein, Reference proteome, Secreted, Differentiation, Mitogen, Growth factor, Direct protein sequencing, Deafness, 3D-structure, Heparin-binding, Glycoprotein","growth factor",FALSE,"Fgfr2","Protein kinase superfamily, Tyr protein kinase","Golgi apparatus, Cytoplasmic vesicle, Cell membrane","Membrane, Intellectual disability, Secreted, Disulfide bond, Kinase, Transmembrane, ATP-binding, Receptor, Alternative splicing, Tyrosine-protein kinase, Repeat, Cytoplasmic vesicle, Nucleotide-binding, Transferase, Glycoprotein, Disease variant, Signal, Reference proteome, Immunoglobulin domain, Cell membrane, Transmembrane helix, Proto-oncogene, Phosphoprotein, Apoptosis, Golgi apparatus, Craniosynostosis, Ectodermal dysplasia, 3D-structure, Lacrimo-auriculo-dento-digital syndrome, Heparin-binding, Ubl conjugation","Receptors","FGFR;Kinase","","growth factor",TRUE,"CellChatDB v1"
"FGF9_FGFR3","FGF","Fgf9","Fgfr3","","","","FGF inhibition receptor","PMC: 4393358","Secreted Signaling","Fgf9  - Fgfr3",FALSE,"Fgf9","Heparin-binding growth factors","Secreted","Disease variant, Developmental protein, Reference proteome, Secreted, Differentiation, Mitogen, Growth factor, Direct protein sequencing, Deafness, 3D-structure, Heparin-binding, Glycoprotein","growth factor",FALSE,"Fgfr3","Protein kinase superfamily, Tyr protein kinase","Endoplasmic reticulum, Cytoplasmic vesicle, Cell membrane","Membrane, Secreted, Disulfide bond, Kinase, Transmembrane, ATP-binding, Receptor, Alternative splicing, Tyrosine-protein kinase, Deafness, Repeat, Cytoplasmic vesicle, Nucleotide-binding, Transferase, Endoplasmic reticulum, Glycoprotein, Disease variant, Chromosomal rearrangement, Signal, Reference proteome, Immunoglobulin domain, Cell membrane, Transmembrane helix, Phosphoprotein, Apoptosis, Craniosynostosis, Ectodermal dysplasia, 3D-structure, Lacrimo-auriculo-dento-digital syndrome, Dwarfism, Ubl conjugation","Receptors","FGFR;Kinase","","growth factor",TRUE,"CellChatDB v1"
"PDGFB_PDGFRB","PDGF","Pdgfb","Pdgfrb","","PDGF antagonist","","","PMID: 15207812","Secreted Signaling","Pdgfb  - Pdgfrb",FALSE,"Pdgfb","PDGF/VEGF growth factor","Secreted","Pharmaceutical, Disulfide bond, Secreted, Growth factor, Alternative promoter usage, Glycoprotein, Disease variant, Chromosomal rearrangement, Signal, Developmental protein, Reference proteome, Proto-oncogene, Mitogen, Direct protein sequencing, Cleavage on pair of basic residues, 3D-structure","growth factor",FALSE,"Pdgfrb","Protein kinase superfamily, Tyr protein kinase","Lysosome lumen, Cytoplasmic vesicle, Cell membrane","Membrane, Disulfide bond, Transmembrane, Kinase, ATP-binding, Receptor, Alternative splicing, Tyrosine-protein kinase, Repeat, Cytoplasmic vesicle, Transferase, Glycoprotein, Lysosome, Disease variant, Chromosomal rearrangement, Developmental protein, Signal, Reference proteome, Immunoglobulin domain, Cell membrane, Transmembrane helix, Proto-oncogene, Phosphoprotein, Direct protein sequencing, Chemotaxis, 3D-structure, Nucleotide-binding, Ubl conjugation","Receptors","Kinase;PDGFR","","",TRUE,"CellChatDB v1"
"VEGFA_VEGFR1","VEGF","Vegfa","Flt1","","","","","KEGG: mmu04370; PMID: 16633338","Secreted Signaling","Vegfa  - Vegfr1",FALSE,"Vegfa","PDGF/VEGF growth factor","Secreted","Alternative initiation, Disulfide bond, Differentiation, Secreted, Growth factor, Alternative promoter usage, Alternative splicing, Glycoprotein, Signal, Developmental protein, Reference proteome, Mitogen, Direct protein sequencing, Angiogenesis, 3D-structure, Heparin-binding","growth factor",FALSE,"Flt1","Protein kinase superfamily, Tyr protein kinase","Cell membrane, Endosome","Membrane, Secreted, Disulfide bond, Kinase, Differentiation, Transmembrane, ATP-binding, Receptor, Cytoplasm, Alternative splicing, Tyrosine-protein kinase, Repeat, Transferase, Glycoprotein, Developmental protein, Signal, Reference proteome, Immunoglobulin domain, Cell membrane, Transmembrane helix, Phosphoprotein, Direct protein sequencing, Angiogenesis, Chemotaxis, 3D-structure, Nucleotide-binding, Endosome, Ubl conjugation","Receptors","Kinase;Other","","secreted",TRUE,"CellChatDB v1"
"VEGFA_VEGFR2","VEGF","Vegfa","Kdr","","","VEGF activation receptor","","KEGG: mmu04370; PMID: 16633338","Secreted Signaling","Vegfa  - Vegfr2",FALSE,"Vegfa","PDGF/VEGF growth factor","Secreted","Alternative initiation, Disulfide bond, Differentiation, Secreted, Growth factor, Alternative promoter usage, Alternative splicing, Glycoprotein, Signal, Developmental protein, Reference proteome, Mitogen, Direct protein sequencing, Angiogenesis, 3D-structure, Heparin-binding","growth factor",FALSE,"Kdr","Protein kinase superfamily, Tyr protein kinase","Endoplasmic reticulum, Cell membrane, Cell junction","Membrane, Host-virus interaction, Secreted, Disulfide bond, Kinase, Differentiation, Transmembrane, ATP-binding, Receptor, Cytoplasm, Alternative splicing, Tyrosine-protein kinase, Repeat, Cytoplasmic vesicle, Transferase, Endoplasmic reticulum, Glycoprotein, Developmental protein, Signal, Reference proteome, Immunoglobulin domain, Cell membrane, Transmembrane helix, Nucleus, Phosphoprotein, Angiogenesis, 3D-structure, Cell junction, Nucleotide-binding, Endosome, Ubl conjugation","Receptors","Kinase;Other","","secreted",TRUE,"CellChatDB v1"
"VEGFB_VEGFR1","VEGF","Vegfb","Flt1","","","","","KEGG: mmu04370; PMID: 16633338","Secreted Signaling","Vegfb  - Vegfr1",FALSE,"Vegfb","PDGF/VEGF growth factor","Secreted","Signal, Reference proteome, Disulfide bond, Secreted, Mitogen, Growth factor, Alternative splicing, 3D-structure, Heparin-binding, Glycoprotein","growth factor",FALSE,"Flt1","Protein kinase superfamily, Tyr protein kinase","Cell membrane, Endosome","Membrane, Secreted, Disulfide bond, Kinase, Differentiation, Transmembrane, ATP-binding, Receptor, Cytoplasm, Alternative splicing, Tyrosine-protein kinase, Repeat, Transferase, Glycoprotein, Developmental protein, Signal, Reference proteome, Immunoglobulin domain, Cell membrane, Transmembrane helix, Phosphoprotein, Direct protein sequencing, Angiogenesis, Chemotaxis, 3D-structure, Nucleotide-binding, Endosome, Ubl conjugation","Receptors","Kinase;Other","","secreted",TRUE,"CellChatDB v1"
"VEGFC_VEGFR3","VEGF","Vegfc","Flt4","","","","","KEGG: mmu04370; PMID: 16633338","Secreted Signaling","Vegfc  - Vegfr3",FALSE,"Vegfc","PDGF/VEGF growth factor","Secreted","Signal, Developmental protein, Reference proteome, Disulfide bond, Differentiation, Secreted, Mitogen, Growth factor, Direct protein sequencing, Angiogenesis, Cleavage on pair of basic residues, Repeat, 3D-structure, Glycoprotein","growth factor",FALSE,"Flt4","Protein kinase superfamily, Tyr protein kinase","Cytoplasm, Cell membrane, Nucleus","Membrane, Secreted, Disulfide bond, Kinase, Transmembrane, ATP-binding, Receptor, Cytoplasm, Alternative splicing, Tyrosine-protein kinase, Transferase, Glycoprotein, Disease variant, Signal, Reference proteome, Immunoglobulin domain, Cell membrane, Transmembrane helix, Nucleus, Phosphoprotein, Direct protein sequencing, Angiogenesis, 3D-structure, Nucleotide-binding, Repeat","Receptors","Kinase;Other","","secreted",TRUE,"CellChatDB v1"
"VEGFC_VEGFR2","VEGF","Vegfc","Kdr","","","VEGF activation receptor","","KEGG: mmu04370; PMID: 16633338","Secreted Signaling","Vegfc  - Vegfr2",FALSE,"Vegfc","PDGF/VEGF growth factor","Secreted","Signal, Developmental protein, Reference proteome, Disulfide bond, Differentiation, Secreted, Mitogen, Growth factor, Direct protein sequencing, Angiogenesis, Cleavage on pair of basic residues, Repeat, 3D-structure, Glycoprotein","growth factor",FALSE,"Kdr","Protein kinase superfamily, Tyr protein kinase","Endoplasmic reticulum, Cell membrane, Cell junction","Membrane, Host-virus interaction, Secreted, Disulfide bond, Kinase, Differentiation, Transmembrane, ATP-binding, Receptor, Cytoplasm, Alternative splicing, Tyrosine-protein kinase, Repeat, Cytoplasmic vesicle, Transferase, Endoplasmic reticulum, Glycoprotein, Developmental protein, Signal, Reference proteome, Immunoglobulin domain, Cell membrane, Transmembrane helix, Nucleus, Phosphoprotein, Angiogenesis, 3D-structure, Cell junction, Nucleotide-binding, Endosome, Ubl conjugation","Receptors","Kinase;Other","","secreted",TRUE,"CellChatDB v1"
"VEGFD_VEGFR3","VEGF","Vegfd","Flt4","","","","","KEGG: mmu04370; PMID: 16633338","Secreted Signaling","Vegfd  - Vegfr3",FALSE,"Vegfd","PDGF/VEGF growth factor","Secreted","Signal, Developmental protein, Reference proteome, Disulfide bond, Differentiation, Secreted, Mitogen, Growth factor, Direct protein sequencing, Angiogenesis, Cleavage on pair of basic residues, Repeat, 3D-structure, Glycoprotein","growth factor",FALSE,"Flt4","Protein kinase superfamily, Tyr protein kinase","Cytoplasm, Cell membrane, Nucleus","Membrane, Secreted, Disulfide bond, Kinase, Transmembrane, ATP-binding, Receptor, Cytoplasm, Alternative splicing, Tyrosine-protein kinase, Transferase, Glycoprotein, Disease variant, Signal, Reference proteome, Immunoglobulin domain, Cell membrane, Transmembrane helix, Nucleus, Phosphoprotein, Direct protein sequencing, Angiogenesis, 3D-structure, Nucleotide-binding, Repeat","Receptors","Kinase;Other","","secreted",TRUE,"CellChatDB v1"
"VEGFD_VEGFR2","VEGF","Vegfd","Kdr","","","VEGF activation receptor","","KEGG: mmu04370; PMID: 16633338","Secreted Signaling","Vegfd  - Vegfr2",FALSE,"Vegfd","PDGF/VEGF growth factor","Secreted","Signal, Developmental protein, Reference proteome, Disulfide bond, Differentiation, Secreted, Mitogen, Growth factor, Direct protein sequencing, Angiogenesis, Cleavage on pair of basic residues, Repeat, 3D-structure, Glycoprotein","growth factor",FALSE,"Kdr","Protein kinase superfamily, Tyr protein kinase","Endoplasmic reticulum, Cell membrane, Cell junction","Membrane, Host-virus interaction, Secreted, Disulfide bond, Kinase, Differentiation, Transmembrane, ATP-binding, Receptor, Cytoplasm, Alternative splicing, Tyrosine-protein kinase, Repeat, Cytoplasmic vesicle, Transferase, Endoplasmic reticulum, Glycoprotein, Developmental protein, Signal, Reference proteome, Immunoglobulin domain, Cell membrane, Transmembrane helix, Nucleus, Phosphoprotein, Angiogenesis, 3D-structure, Cell junction, Nucleotide-binding, Endosome, Ubl conjugation","Receptors","Kinase;Other","","secreted",TRUE,"CellChatDB v1"
"PGF_VEGFR1","VEGF","Pgf","Flt1","","","","","KEGG: mmu04370; PMID: 16633338","Secreted Signaling","Pgf  - Vegfr1",FALSE,"Pgf","PDGF/VEGF growth factor","Secreted","Signal, Developmental protein, Reference proteome, Disulfide bond, Differentiation, Secreted, Mitogen, Growth factor, Direct protein sequencing, Angiogenesis, Alternative splicing, 3D-structure, Heparin-binding, Glycoprotein","growth factor",FALSE,"Flt1","Protein kinase superfamily, Tyr protein kinase","Cell membrane, Endosome","Membrane, Secreted, Disulfide bond, Kinase, Differentiation, Transmembrane, ATP-binding, Receptor, Cytoplasm, Alternative splicing, Tyrosine-protein kinase, Repeat, Transferase, Glycoprotein, Developmental protein, Signal, Reference proteome, Immunoglobulin domain, Cell membrane, Transmembrane helix, Phosphoprotein, Direct protein sequencing, Angiogenesis, Chemotaxis, 3D-structure, Nucleotide-binding, Endosome, Ubl conjugation","Receptors","Kinase;Other","","secreted",TRUE,"CellChatDB v1"
"VEGFA_VEGFR1R2","VEGF","Vegfa","FLT1_KDR","","","VEGF activation receptor","","PMID: 16633338","Secreted Signaling","Vegfa  - Vegfr1r2",FALSE,"Vegfa","PDGF/VEGF growth factor","Secreted","Alternative initiation, Disulfide bond, Differentiation, Secreted, Growth factor, Alternative promoter usage, Alternative splicing, Glycoprotein, Signal, Developmental protein, Reference proteome, Mitogen, Direct protein sequencing, Angiogenesis, 3D-structure, Heparin-binding","growth factor",FALSE,"Flt1, Kdr","Protein kinase superfamily, Tyr protein kinase","Cell membrane, Endosome, Endoplasmic reticulum, Cell junction","Membrane, Secreted, Disulfide bond, Kinase, Differentiation, Transmembrane, ATP-binding, Receptor, Cytoplasm, Alternative splicing, Tyrosine-protein kinase, Repeat, Transferase, Glycoprotein, Developmental protein, Signal, Reference proteome, Immunoglobulin domain, Cell membrane, Transmembrane helix, Phosphoprotein, Direct protein sequencing, Angiogenesis, Chemotaxis, 3D-structure, Nucleotide-binding, Endosome, Ubl conjugation, Host-virus interaction, Cytoplasmic vesicle, Endoplasmic reticulum, Nucleus, Cell junction","Receptors","Kinase;Other","","secreted",TRUE,"CellChatDB v1"
"VEGFC_VEGFR2R3","VEGF","Vegfc","FLT4_KDR","","","VEGF activation receptor","","PMID: 16633339","Secreted Signaling","Vegfc  - Vegfr2r3",FALSE,"Vegfc","PDGF/VEGF growth factor","Secreted","Signal, Developmental protein, Reference proteome, Disulfide bond, Differentiation, Secreted, Mitogen, Growth factor, Direct protein sequencing, Angiogenesis, Cleavage on pair of basic residues, Repeat, 3D-structure, Glycoprotein","growth factor",FALSE,"Flt4, Kdr","Protein kinase superfamily, Tyr protein kinase","Cytoplasm, Cell membrane, Nucleus, Endoplasmic reticulum, Cell junction","Membrane, Secreted, Disulfide bond, Kinase, Transmembrane, ATP-binding, Receptor, Cytoplasm, Alternative splicing, Tyrosine-protein kinase, Transferase, Glycoprotein, Disease variant, Signal, Reference proteome, Immunoglobulin domain, Cell membrane, Transmembrane helix, Nucleus, Phosphoprotein, Direct protein sequencing, Angiogenesis, 3D-structure, Nucleotide-binding, Repeat, Host-virus interaction, Differentiation, Cytoplasmic vesicle, Endoplasmic reticulum, Developmental protein, Cell junction, Endosome, Ubl conjugation","Receptors","Kinase;Other","","secreted",TRUE,"CellChatDB v1"
"VEGFD_VEGFR2R3","VEGF","Vegfd","FLT4_KDR","","","VEGF activation receptor","","PMID: 16633340","Secreted Signaling","Vegfd  - Vegfr2r3",FALSE,"Vegfd","PDGF/VEGF growth factor","Secreted","Signal, Developmental protein, Reference proteome, Disulfide bond, Differentiation, Secreted, Mitogen, Growth factor, Direct protein sequencing, Angiogenesis, Cleavage on pair of basic residues, Repeat, 3D-structure, Glycoprotein","growth factor",FALSE,"Flt4, Kdr","Protein kinase superfamily, Tyr protein kinase","Cytoplasm, Cell membrane, Nucleus, Endoplasmic reticulum, Cell junction","Membrane, Secreted, Disulfide bond, Kinase, Transmembrane, ATP-binding, Receptor, Cytoplasm, Alternative splicing, Tyrosine-protein kinase, Transferase, Glycoprotein, Disease variant, Signal, Reference proteome, Immunoglobulin domain, Cell membrane, Transmembrane helix, Nucleus, Phosphoprotein, Direct protein sequencing, Angiogenesis, 3D-structure, Nucleotide-binding, Repeat, Host-virus interaction, Differentiation, Cytoplasmic vesicle, Endoplasmic reticulum, Developmental protein, Cell junction, Endosome, Ubl conjugation","Receptors","Kinase;Other","","secreted",TRUE,"CellChatDB v1"
"IGF1_IGF1R","IGF","Igf1","Igf1r","","IGF antagonist","","","PMID: 14604834","Secreted Signaling","Igf1  - Igf1r",FALSE,"Igf1","Insulin","Secreted","Signal, Reference proteome, Disulfide bond, Secreted, Growth factor, Direct protein sequencing, Alternative splicing, Deafness, 3D-structure","growth factor",FALSE,"Igf1r","Protein kinase superfamily, Tyr protein kinase","Cell membrane","Membrane, Host-virus interaction, Disulfide bond, Transmembrane, Kinase, ATP-binding, Receptor, Tyrosine-protein kinase, Repeat, Transferase, Glycoprotein, Disease variant, Signal, Reference proteome, Cell membrane, Transmembrane helix, Phosphoprotein, Direct protein sequencing, Cleavage on pair of basic residues, Isopeptide bond, 3D-structure, Nucleotide-binding, Ubl conjugation","Receptors","InsR;Kinase","","",TRUE,"CellChatDB v1"
"IGF2_IGF1R","IGF","Igf2","Igf1r","","IGF antagonist","","","PMID: 14604834","Secreted Signaling","Igf2  - Igf1r",FALSE,"Igf2","Insulin","Secreted","Disulfide bond, Secreted, Growth factor, Alternative splicing, Hormone, Glycoprotein, Disease variant, Signal, Reference proteome, Glucose metabolism, Mitogen, Direct protein sequencing, Cleavage on pair of basic residues, Osteogenesis, 3D-structure, Dwarfism, Carbohydrate metabolism","growth factor;hormone",FALSE,"Igf1r","Protein kinase superfamily, Tyr protein kinase","Cell membrane","Membrane, Host-virus interaction, Disulfide bond, Transmembrane, Kinase, ATP-binding, Receptor, Tyrosine-protein kinase, Repeat, Transferase, Glycoprotein, Disease variant, Signal, Reference proteome, Cell membrane, Transmembrane helix, Phosphoprotein, Direct protein sequencing, Cleavage on pair of basic residues, Isopeptide bond, 3D-structure, Nucleotide-binding, Ubl conjugation","Receptors","InsR;Kinase","","",TRUE,"CellChatDB v1"
"IGF2_IGF2R","IGF","Igf2","Igf2r","","IGF antagonist","","","PMID: 14604834","Secreted Signaling","Igf2  - Igf2r",FALSE,"Igf2","Insulin","Secreted","Disulfide bond, Secreted, Growth factor, Alternative splicing, Hormone, Glycoprotein, Disease variant, Signal, Reference proteome, Glucose metabolism, Mitogen, Direct protein sequencing, Cleavage on pair of basic residues, Osteogenesis, 3D-structure, Dwarfism, Carbohydrate metabolism","growth factor;hormone",FALSE,"Igf2r","MRL1/IGF2R","Endosome membrane, Golgi apparatus membrane","Membrane, Disulfide bond, Transmembrane, Receptor, Methylation, Glycoprotein, Signal, Reference proteome, Lipoprotein, Transmembrane helix, Phosphoprotein, Transport, Direct protein sequencing, Golgi apparatus, 3D-structure, Palmitate, Endosome, Acetylation, Repeat","Unclassified","Unclassified","","",TRUE,"CellChatDB v1"
"IGF1_ITGAV_ITGB3","IGF","Igf1","ITGAV_ITGB3","","IGF antagonist","","","PMID: 28190785; PMID: 28873464","Secreted Signaling","Igf1  - (Itgav+Itgb3)",TRUE,"Igf1","Insulin","Secreted","Signal, Reference proteome, Disulfide bond, Secreted, Growth factor, Direct protein sequencing, Alternative splicing, Deafness, 3D-structure","growth factor",FALSE,"Itgav, Itgb3","Integrin alpha chain, Integrin beta chain","Focal adhesion, Cell membrane, Cell junction, Postsynaptic cell membrane, Lamellipodium membrane, Cell projection, Synapse","Membrane, Host-virus interaction, Disulfide bond, Transmembrane, Host cell receptor for virus entry, Receptor, Alternative splicing, Glycoprotein, Signal, Reference proteome, Integrin, Metal-binding, Transmembrane helix, Cell membrane, Direct protein sequencing, Calcium, Cleavage on pair of basic residues, 3D-structure, Cell junction, Cell adhesion, Repeat, Cell projection, Disease variant, Phosphoprotein, Postsynaptic cell membrane, Synapse","Receptors","Integrin;Other_receptors","Adhesion receptor","",TRUE,"CellChatDB v1"
"IGF1_ITGA6_ITGB4","IGF","Igf1","ITGA6_ITGB4","","IGF antagonist","","","PMID: 28190785; PMID: 28873464","Secreted Signaling","Igf1  - (Itga6+Itgb4)",FALSE,"Igf1","Insulin","Secreted","Signal, Reference proteome, Disulfide bond, Secreted, Growth factor, Direct protein sequencing, Alternative splicing, Deafness, 3D-structure","growth factor",FALSE,"Itga6, Itgb4","Integrin alpha chain, Integrin beta chain","Cell membrane, Hemidesmosome, Cell junction","Membrane, Disulfide bond, Transmembrane, Receptor, Alternative splicing, Glycoprotein, Signal, Reference proteome, Integrin, Lipoprotein, Metal-binding, Transmembrane helix, Cell membrane, Phosphoprotein, Direct protein sequencing, Calcium, Cleavage on pair of basic residues, Epidermolysis bullosa, 3D-structure, Palmitate, Cell adhesion, Repeat, Disease variant, Cell junction","Receptors","Integrin;Other_receptors","Adhesion receptor","",TRUE,"CellChatDB v1"
"IGF2_ITGAV_ITGB3","IGF","Igf2","ITGAV_ITGB3","","IGF antagonist","","","PMID: 28190785; PMID: 28873464","Secreted Signaling","Igf2  - (Itgav+Itgb3)",TRUE,"Igf2","Insulin","Secreted","Disulfide bond, Secreted, Growth factor, Alternative splicing, Hormone, Glycoprotein, Disease variant, Signal, Reference proteome, Glucose metabolism, Mitogen, Direct protein sequencing, Cleavage on pair of basic residues, Osteogenesis, 3D-structure, Dwarfism, Carbohydrate metabolism","growth factor;hormone",FALSE,"Itgav, Itgb3","Integrin alpha chain, Integrin beta chain","Focal adhesion, Cell membrane, Cell junction, Postsynaptic cell membrane, Lamellipodium membrane, Cell projection, Synapse","Membrane, Host-virus interaction, Disulfide bond, Transmembrane, Host cell receptor for virus entry, Receptor, Alternative splicing, Glycoprotein, Signal, Reference proteome, Integrin, Metal-binding, Transmembrane helix, Cell membrane, Direct protein sequencing, Calcium, Cleavage on pair of basic residues, 3D-structure, Cell junction, Cell adhesion, Repeat, Cell projection, Disease variant, Phosphoprotein, Postsynaptic cell membrane, Synapse","Receptors","Integrin;Other_receptors","Adhesion receptor","",TRUE,"CellChatDB v1"
"IGF2_ITGA6_ITGB4","IGF","Igf2","ITGA6_ITGB4","","IGF antagonist","","","PMID: 28190785; PMID: 28873464","Secreted Signaling","Igf2  - (Itga6+Itgb4)",FALSE,"Igf2","Insulin","Secreted","Disulfide bond, Secreted, Growth factor, Alternative splicing, Hormone, Glycoprotein, Disease variant, Signal, Reference proteome, Glucose metabolism, Mitogen, Direct protein sequencing, Cleavage on pair of basic residues, Osteogenesis, 3D-structure, Dwarfism, Carbohydrate metabolism","growth factor;hormone",FALSE,"Itga6, Itgb4","Integrin alpha chain, Integrin beta chain","Cell membrane, Hemidesmosome, Cell junction","Membrane, Disulfide bond, Transmembrane, Receptor, Alternative splicing, Glycoprotein, Signal, Reference proteome, Integrin, Lipoprotein, Metal-binding, Transmembrane helix, Cell membrane, Phosphoprotein, Direct protein sequencing, Calcium, Cleavage on pair of basic residues, Epidermolysis bullosa, 3D-structure, Palmitate, Cell adhesion, Repeat, Disease variant, Cell junction","Receptors","Integrin;Other_receptors","Adhesion receptor","",TRUE,"CellChatDB v1"
"APLN_APLNR","APELIN","Apln","Aplnr","","","","","KEGG: mmu04371","Secreted Signaling","Apln  - Aplnr",FALSE,"Apln","Apelin","Secreted, Extracellular space","Signal, Developmental protein, Reference proteome, Host-virus interaction, Secreted, Hormone, Cleavage on pair of basic residues, Angiogenesis, Gastrulation","hormone",FALSE,"Aplnr","G-protein coupled receptor 1","Cell membrane","Transducer, Membrane, Developmental protein, Reference proteome, Host-virus interaction, Cell membrane, Transmembrane helix, Transmembrane, Receptor, Angiogenesis, G-protein coupled receptor, 3D-structure, Gastrulation, Glycoprotein","Receptors","GPCR;Rhodopsin","","",TRUE,"CellChatDB v1"
"SHH_PTCH1","HH","Shh","PTCH1_SMO","","","HH activation receptor","HH inhibition receptor","KEGG: mmu04340; PMID: 25701396","Secreted Signaling","Shh  - Ptch1",FALSE,"Shh","Hedgehog","Golgi apparatus membrane, Secreted, Endoplasmic reticulum membrane","Membrane, Secreted, Protease, Holoprosencephaly, Transferase, Endoplasmic reticulum, Glycoprotein, Disease variant, Microphthalmia, Developmental protein, Hydrolase, Reference proteome, Lipoprotein, Metal-binding, Cell membrane, Signal, Direct protein sequencing, Calcium, Golgi apparatus, Zinc, 3D-structure, Palmitate, Autocatalytic cleavage","secreted",TRUE,"Ptch1, Smo","Patched, G-protein coupled receptor Fz/Smo","Cell membrane, Membrane, Cell projection, Cilium","Disease variant, Ubl conjugation, Membrane, Reference proteome, Cell membrane, Transmembrane helix, Phosphoprotein, Transmembrane, Tumor suppressor, Receptor, Alternative splicing, Isopeptide bond, 3D-structure, Holoprosencephaly, Glycoprotein, Transducer, Cell projection, Developmental protein, Signal, Disulfide bond, G-protein coupled receptor","Receptors","Other_receptors;Patched, Frizzled;GPCR","","",FALSE,"CellChatDB v1"
"SHH_PTCH2","HH","Shh","PTCH2_SMO","","","HH activation receptor","HH inhibition receptor","KEGG: mmu04340; PMID: 25701396","Secreted Signaling","Shh  - Ptch2",FALSE,"Shh","Hedgehog","Golgi apparatus membrane, Secreted, Endoplasmic reticulum membrane","Membrane, Secreted, Protease, Holoprosencephaly, Transferase, Endoplasmic reticulum, Glycoprotein, Disease variant, Microphthalmia, Developmental protein, Hydrolase, Reference proteome, Lipoprotein, Metal-binding, Cell membrane, Signal, Direct protein sequencing, Calcium, Golgi apparatus, Zinc, 3D-structure, Palmitate, Autocatalytic cleavage","secreted",TRUE,"Ptch2, Smo","Patched, G-protein coupled receptor Fz/Smo","Membrane, Cell projection, Cilium","Disease variant, Membrane, Reference proteome, Transmembrane helix, Transmembrane, Receptor, Alternative splicing, Glycoprotein, Transducer, Cell projection, Developmental protein, Signal, Disulfide bond, G-protein coupled receptor, 3D-structure","Receptors","Frizzled;GPCR","","",FALSE,"CellChatDB v1"
"CCL3_CCR1","CCL","Ccl3","Ccr1","","","","","KEGG: mmu04060","Secreted Signaling","Ccl3  - Ccr1",FALSE,"Ccl3","Intercrine beta (chemokine CC)","Secreted","Signal, Reference proteome, Disulfide bond, Secreted, Direct protein sequencing, Chemotaxis, 3D-structure, Inflammatory response, Cytokine, Secreted, Signal, Reference proteome, Chemotaxis, Disulfide bond, Cytokine, Direct protein sequencing, Signal, Reference proteome, Disulfide bond, Secreted, Direct protein sequencing, Chemotaxis, 3D-structure, Inflammatory response, Cytokine","cytokine",FALSE,"Ccr1","G-protein coupled receptor 1","Cell membrane","Transducer, Membrane, Reference proteome, Cell membrane, Transmembrane helix, Disulfide bond, Transmembrane, Receptor, G-protein coupled receptor, 3D-structure, Glycoprotein","Receptors","GPCR;Rhodopsin","","",TRUE,"CellChatDB v1"
"CCL6_CCR1","CCL","Ccl6","Ccr1","","","","","KEGG: mmu04060","Secreted Signaling","Ccl6  - Ccr1",FALSE,"Ccl6","Intercrine beta (chemokine CC)","Secreted","Signal, Reference proteome, Disulfide bond, Secreted, Cytokine, Direct protein sequencing, Chemotaxis, 3D-structure, Heparin-binding, Signal, Reference proteome, Disulfide bond, Secreted, Cytokine, Direct protein sequencing, Alternative splicing, Chemotaxis, 3D-structure, Inflammatory response, Heparin-binding","cytokine",FALSE,"Ccr1","G-protein coupled receptor 1","Cell membrane","Transducer, Membrane, Reference proteome, Cell membrane, Transmembrane helix, Disulfide bond, Transmembrane, Receptor, G-protein coupled receptor, 3D-structure, Glycoprotein","Receptors","GPCR;Rhodopsin","","",TRUE,"CellChatDB v1"
"CCL3_CCR5","CCL","Ccl3","Ccr5","","","","","KEGG: mmu04060","Secreted Signaling","Ccl3  - Ccr5",FALSE,"Ccl3","Intercrine beta (chemokine CC)","Secreted","Signal, Reference proteome, Disulfide bond, Secreted, Direct protein sequencing, Chemotaxis, 3D-structure, Inflammatory response, Cytokine, Secreted, Signal, Reference proteome, Chemotaxis, Disulfide bond, Cytokine, Direct protein sequencing, Signal, Reference proteome, Disulfide bond, Secreted, Direct protein sequencing, Chemotaxis, 3D-structure, Inflammatory response, Cytokine","cytokine",FALSE,"Ccr5","G-protein coupled receptor 1","Cell membrane","Membrane, Host-virus interaction, Disulfide bond, Diabetes mellitus, Transmembrane, Host cell receptor for virus entry, Receptor, Glycoprotein, Transducer, Reference proteome, Lipoprotein, Cell membrane, Transmembrane helix, Phosphoprotein, Sulfation, G-protein coupled receptor, 3D-structure, Palmitate","Unclassified","Unclassified","","",TRUE,"CellChatDB v1"
"CCL3_ACKR2","CCL","Ccl3","Ackr2","","","","","PMID: 26740381","Secreted Signaling","Ccl3  - Ackr2",FALSE,"Ccl3","Intercrine beta (chemokine CC)","Secreted","Signal, Reference proteome, Disulfide bond, Secreted, Direct protein sequencing, Chemotaxis, 3D-structure, Inflammatory response, Cytokine, Secreted, Signal, Reference proteome, Chemotaxis, Disulfide bond, Cytokine, Direct protein sequencing, Signal, Reference proteome, Disulfide bond, Secreted, Direct protein sequencing, Chemotaxis, 3D-structure, Inflammatory response, Cytokine","cytokine",FALSE,"Ackr2","G-protein coupled receptor 1","Early endosome, Recycling endosome, Cell membrane","Transducer, Membrane, Reference proteome, Cell membrane, Transmembrane helix, Disulfide bond, Phosphoprotein, Transmembrane, Receptor, G-protein coupled receptor, Inflammatory response, Endosome, Glycoprotein","Receptors","GPCR;Rhodopsin","","",TRUE,"CellChatDB v1"
"CCL22_ACKR2","CCL","Ccl22","Ackr2","","","","","PMID: 26740381","Secreted Signaling","Ccl22  - Ackr2",FALSE,"Ccl22","Intercrine beta (chemokine CC)","Secreted","Secreted, Signal, Reference proteome, Chemotaxis, Disulfide bond, Cytokine, Direct protein sequencing","cytokine",FALSE,"Ackr2","G-protein coupled receptor 1","Early endosome, Recycling endosome, Cell membrane","Transducer, Membrane, Reference proteome, Cell membrane, Transmembrane helix, Disulfide bond, Phosphoprotein, Transmembrane, Receptor, G-protein coupled receptor, Inflammatory response, Endosome, Glycoprotein","Receptors","GPCR;Rhodopsin","","",TRUE,"CellChatDB v1"
"PPBP_CXCR2","CXCL","Ppbp","Cxcr2","","","","","KEGG: mmu04060","Secreted Signaling","Ppbp  - Cxcr2",FALSE,"Ppbp","Intercrine alpha (chemokine CxC)","Secreted","Signal, Reference proteome, Disulfide bond, Antibiotic, Secreted, Mitogen, Antimicrobial, Direct protein sequencing, Growth factor, Cleavage on pair of basic residues, Chemotaxis, 3D-structure, Cytokine","cytokine;growth factor",FALSE,"Cxcr2","G-protein coupled receptor 1","Cell membrane","Transducer, Membrane, Reference proteome, Cell membrane, Transmembrane helix, Disulfide bond, Phosphoprotein, Transmembrane, Receptor, Chemotaxis, G-protein coupled receptor, 3D-structure, Glycoprotein","Receptors","GPCR;Rhodopsin","","",TRUE,"CellChatDB v1"
"CXCL12_ACKR3","CXCL","Cxcl12","Ackr3","","","","","KEGG: mmu04060","Secreted Signaling","Cxcl12  - Ackr3",FALSE,"Cxcl12","Intercrine alpha (chemokine CxC)","Secreted","Signal, Reference proteome, Host-virus interaction, Disulfide bond, Secreted, Growth factor, Alternative splicing, Chemotaxis, 3D-structure, Cytokine","cytokine;growth factor",FALSE,"Ackr3","G-protein coupled receptor 1","Early endosome, Recycling endosome, Cell membrane","Membrane, Host-virus interaction, Disulfide bond, Transmembrane, Receptor, Glycoprotein, Transducer, Disease variant, Developmental protein, Reference proteome, Cell membrane, Transmembrane helix, Phosphoprotein, G-protein coupled receptor, 3D-structure, Cell adhesion, Endosome, Ubl conjugation","Receptors","GPCR;Rhodopsin","","",TRUE,"CellChatDB v1"
"MIF_CD74_CXCR4","MIF","Mif","CD74_CXCR4","","","","","PMID: 29637711; PMID: 24760155","Secreted Signaling","Mif  - (Cd74+Cxcr4)",FALSE,"Mif","MIF","Cytoplasm, Secreted","Immunity, Reference proteome, Innate immunity, Secreted, Direct protein sequencing, Cytoplasm, 3D-structure, Isomerase, Inflammatory response, Cytokine, Acetylation","",,"Cd74, Cxcr4","G-protein coupled receptor 1","Golgi apparatus, Cell membrane, Endoplasmic reticulum membrane, trans-Golgi network, Lysosome, Endosome, Late endosome, Early endosome, Cell junction","Immunity, Membrane, Alternative initiation, Disulfide bond, Transmembrane, Signal-anchor, Alternative splicing, Adaptive immunity, Endoplasmic reticulum, Glycoprotein, Chaperone, Lysosome, Reference proteome, Cell membrane, Transmembrane helix, Phosphoprotein, Direct protein sequencing, Golgi apparatus, 3D-structure, Endosome, Proteoglycan, Host-virus interaction, Host cell receptor for virus entry, Receptor, Disease variant, Transducer, Sulfation, G-protein coupled receptor, Isopeptide bond, Cell junction, Ubl conjugation","Unclassified, Receptors","Unclassified, GPCR;Rhodopsin","","",TRUE,"CellChatDB v1"
"MIF_CD74_CD44","MIF","Mif","CD74_CD44","","","","","PMID: 29637711; PMID: 26175090","Secreted Signaling","Mif  - (Cd74+Cd44)",FALSE,"Mif","MIF","Cytoplasm, Secreted","Immunity, Reference proteome, Innate immunity, Secreted, Direct protein sequencing, Cytoplasm, 3D-structure, Isomerase, Inflammatory response, Cytokine, Acetylation","",,"Cd74, Cd44","","Cell membrane, Microvillus, Cell projection, Golgi apparatus, Endoplasmic reticulum membrane, trans-Golgi network, Lysosome, Endosome","Membrane, Disulfide bond, Transmembrane, Receptor, Alternative splicing, Blood group antigen, Glycoprotein, Cell projection, Signal, Reference proteome, Cell membrane, Transmembrane helix, Phosphoprotein, Direct protein sequencing, 3D-structure, Cell adhesion, Proteoglycan, Immunity, Alternative initiation, Signal-anchor, Adaptive immunity, Endoplasmic reticulum, Chaperone, Lysosome, Golgi apparatus, Endosome","Unclassified","Unclassified","","",TRUE,"CellChatDB v1"
"MIF_CD74_CXCR2","MIF","Mif","CD74_CXCR2","","","","","PMID: 29637711; PMID: 26175090","Secreted Signaling","Mif  - (Cd74+Cxcr2)",FALSE,"Mif","MIF","Cytoplasm, Secreted","Immunity, Reference proteome, Innate immunity, Secreted, Direct protein sequencing, Cytoplasm, 3D-structure, Isomerase, Inflammatory response, Cytokine, Acetylation","",,"Cd74, Cxcr2","G-protein coupled receptor 1","Cell membrane, Golgi apparatus, Endoplasmic reticulum membrane, trans-Golgi network, Lysosome, Endosome","Transducer, Membrane, Reference proteome, Cell membrane, Transmembrane helix, Disulfide bond, Phosphoprotein, Transmembrane, Receptor, Chemotaxis, G-protein coupled receptor, 3D-structure, Glycoprotein, Immunity, Alternative initiation, Signal-anchor, Alternative splicing, Adaptive immunity, Endoplasmic reticulum, Chaperone, Lysosome, Direct protein sequencing, Golgi apparatus, Endosome, Proteoglycan","Unclassified, Receptors","Unclassified, GPCR;Rhodopsin","","",TRUE,"CellChatDB v1"
"MIF_ACKR3","MIF","Mif","Ackr3","","","","","PMID: 26175090","Secreted Signaling","Mif  - Ackr3",FALSE,"Mif","MIF","Cytoplasm, Secreted","Immunity, Reference proteome, Innate immunity, Secreted, Direct protein sequencing, Cytoplasm, 3D-structure, Isomerase, Inflammatory response, Cytokine, Acetylation","",,"Ackr3","G-protein coupled receptor 1","Early endosome, Recycling endosome, Cell membrane","Membrane, Host-virus interaction, Disulfide bond, Transmembrane, Receptor, Glycoprotein, Transducer, Disease variant, Developmental protein, Reference proteome, Cell membrane, Transmembrane helix, Phosphoprotein, G-protein coupled receptor, 3D-structure, Cell adhesion, Endosome, Ubl conjugation","Receptors","GPCR;Rhodopsin","","",TRUE,"CellChatDB v1"
"CX3CL1_CX3CR1","CX3C","Cx3cl1","Cx3cr1","","","","","KEGG: mmu04060","Secreted Signaling","Cx3cl1  - Cx3cr1",FALSE,"Cx3cl1","Intercrine delta","Cell membrane, Secreted","Membrane, Signal, Reference proteome, Host-virus interaction, Cell membrane, Transmembrane helix, Disulfide bond, Secreted, Transmembrane, Cytokine, Chemotaxis, 3D-structure, Inflammatory response, Cell adhesion, Glycoprotein","cytokine",TRUE,"Cx3cr1","G-protein coupled receptor 1","Cell membrane","Immunity, Membrane, Host-virus interaction, Disulfide bond, Transmembrane, Receptor, Alternative splicing, Adaptive immunity, Transducer, Reference proteome, Cell membrane, Transmembrane helix, Phosphoprotein, Innate immunity, Age-related macular degeneration, G-protein coupled receptor, 3D-structure, Inflammatory response","Receptors","GPCR;Rhodopsin","","",TRUE,"CellChatDB v1"
"IL2_IL2RB_IL2RG","IL2","Il2","IL2RB_IL2RG","","","","","KEGG: mmu04060","Secreted Signaling","Il2  - (Il2rb+Il2rg)",FALSE,"Il2","IL-2","Secreted","Immunity, Chromosomal rearrangement, Signal, Reference proteome, Proto-oncogene, Pharmaceutical, Disulfide bond, Secreted, Growth factor, Direct protein sequencing, 3D-structure, Adaptive immunity, Cytokine, Glycoprotein","cytokine;growth factor",FALSE,"Il2rb, Il2rg","Type I cytokine receptor","Cell membrane, Cell surface","Disease variant, Membrane, Signal, Reference proteome, Host-virus interaction, Cell membrane, Transmembrane helix, Disulfide bond, Transmembrane, Receptor, 3D-structure, Glycoprotein, Alternative splicing, SCID, Phosphoprotein, Direct protein sequencing","Receptors","CytokineR;IG;Type1","","",TRUE,"CellChatDB v1"
"TSLP_IL7R_CRLF2","IL2","Tslp","IL7R_CRLF2","","","","","KEGG: mmu04060","Secreted Signaling","Tslp  - (Il7r+Crlf2)",FALSE,"Tslp","","Secreted","Signal, Reference proteome, Disulfide bond, Secreted, Alternative splicing, 3D-structure, Cytokine, Glycoprotein","cytokine",FALSE,"Il7r, Crlf2","Type I cytokine receptor","Cell membrane, Secreted","Membrane, Signal, Reference proteome, Cell membrane, Transmembrane helix, Disulfide bond, Secreted, Transmembrane, Receptor, Alternative splicing, 3D-structure, Glycoprotein, Disease variant, SCID, Phosphoprotein","Receptors, Unclassified","CytokineR;IG;Type1, Unclassified","","cytokine",TRUE,"CellChatDB v1"
"IL1B_IL1R1_IL1RAP","IL1","Il1b","IL1R1_IL1RAP","","IL antagonist","","IL1 inhibition receptor","KEGG: mmu04060","Secreted Signaling","Il1b  - (Il1r1+Il1rap)",FALSE,"Il1b","IL-1","Cytoplasm, Secreted, Cytosol, Lysosome, Extracellular exosome","Lysosome, Reference proteome, Secreted, Mitogen, Direct protein sequencing, Cytoplasm, 3D-structure, Inflammatory response, Cytokine, Pyrogen","cytokine",FALSE,"Il1r1, Il1rap","Interleukin-1 receptor","Cell membrane, Secreted, Membrane","Immunity, Membrane, Secreted, Disulfide bond, Transmembrane, Receptor, Alternative splicing, Glycoprotein, Hydrolase, Reference proteome, Signal, Immunoglobulin domain, Cell membrane, Innate immunity, Transmembrane helix, Phosphoprotein, 3D-structure, NAD, Inflammatory response, Repeat","Receptors","CytokineR;IG;Type1","","cytokine",TRUE,"CellChatDB v1"
"IL34_CSF1R","CSF","Il34","Csf1r","","","","","KEGG: mmu04060","Secreted Signaling","Il34  - Csf1r",FALSE,"Il34","IL-34","Secreted","Immunity, Signal, Reference proteome, Innate immunity, Secreted, Growth factor, Alternative splicing, 3D-structure, Inflammatory response, Cytokine, Glycoprotein","cytokine;growth factor",FALSE,"Csf1r","Protein kinase superfamily, Tyr protein kinase","Cell membrane","Immunity, Membrane, Disulfide bond, Transmembrane, Kinase, ATP-binding, Receptor, Alternative splicing, Tyrosine-protein kinase, Repeat, Transferase, Glycoprotein, Disease variant, Signal, Reference proteome, Neurodegeneration, Immunoglobulin domain, Cell membrane, Innate immunity, Transmembrane helix, Proto-oncogene, Phosphoprotein, 3D-structure, Nucleotide-binding, Inflammatory response, Ubl conjugation","Receptors","Kinase;PDGFR","","",TRUE,"CellChatDB v1"
"LTA_TNFRSF1A","LT","Lta","Tnfrsf1a","","","","","KEGG: mmu04060","Secreted Signaling","Lta  - Tnfrsf1a",FALSE,"Lta","Tumor necrosis factor","Membrane, Secreted","Membrane, Signal, Reference proteome, Secreted, Direct protein sequencing, 3D-structure, Cytokine, Glycoprotein","cytokine",FALSE,"Tnfrsf1a","","Cell membrane, Secreted, Golgi apparatus membrane","Membrane, Host-virus interaction, Secreted, Disulfide bond, Transmembrane, Receptor, Alternative splicing, Glycoprotein, Amyloidosis, Disease variant, Signal, Reference proteome, Cell membrane, Transmembrane helix, Direct protein sequencing, Apoptosis, Golgi apparatus, Cleavage on pair of basic residues, 3D-structure, Repeat","Receptors","Other_receptors;TNFNGF","","secreted",TRUE,"CellChatDB v1"
"TNFSF12_TNFRSF12A","TWEAK","Tnfsf12","Tnfrsf12a","","","","","KEGG: mmu04060","Secreted Signaling","Tnfsf12  - Tnfrsf12a",FALSE,"Tnfsf12","Tumor necrosis factor","Secreted form]: Secreted, Cell membrane, [Tumor necrosis factor ligand superfamily member 12","Membrane, Disulfide bond, Differentiation, Secreted, Transmembrane, Signal-anchor, Alternative splicing, Cytokine, Glycoprotein, Developmental protein, Reference proteome, Cell membrane, Transmembrane helix, Apoptosis, Cleavage on pair of basic residues, Angiogenesis, 3D-structure","cytokine",TRUE,"Tnfrsf12a","","Membrane","Membrane, Signal, Developmental protein, Reference proteome, Transmembrane helix, Disulfide bond, Differentiation, Transmembrane, Apoptosis, Receptor, Angiogenesis, Alternative splicing, 3D-structure, Cell adhesion","","","","",TRUE,"CellChatDB v1"
"SPP1_CD44","SPP1","Spp1","Cd44","","","","","PMID: 21907263","Secreted Signaling","Spp1  - Cd44",FALSE,"Spp1","Osteopontin","Secreted","Signal, Reference proteome, Phosphoprotein, Secreted, Biomineralization, Sialic acid, Direct protein sequencing, Alternative splicing, 3D-structure, Cell adhesion, Cytokine, Glycoprotein","cytokine",FALSE,"Cd44","","Cell membrane, Microvillus, Cell projection","Membrane, Disulfide bond, Transmembrane, Receptor, Alternative splicing, Blood group antigen, Glycoprotein, Cell projection, Signal, Reference proteome, Cell membrane, Transmembrane helix, Phosphoprotein, Direct protein sequencing, 3D-structure, Cell adhesion, Proteoglycan","Unclassified","Unclassified","","",TRUE,"CellChatDB v1"
"SPP1_ITGAV_ITGB3","SPP1","Spp1","ITGAV_ITGB3","","","","","PMID: 21907263","Secreted Signaling","Spp1  - (Itgav+Itgb3)",TRUE,"Spp1","Osteopontin","Secreted","Signal, Reference proteome, Phosphoprotein, Secreted, Biomineralization, Sialic acid, Direct protein sequencing, Alternative splicing, 3D-structure, Cell adhesion, Cytokine, Glycoprotein","cytokine",FALSE,"Itgav, Itgb3","Integrin alpha chain, Integrin beta chain","Focal adhesion, Cell membrane, Cell junction, Postsynaptic cell membrane, Lamellipodium membrane, Cell projection, Synapse","Membrane, Host-virus interaction, Disulfide bond, Transmembrane, Host cell receptor for virus entry, Receptor, Alternative splicing, Glycoprotein, Signal, Reference proteome, Integrin, Metal-binding, Transmembrane helix, Cell membrane, Direct protein sequencing, Calcium, Cleavage on pair of basic residues, 3D-structure, Cell junction, Cell adhesion, Repeat, Cell projection, Disease variant, Phosphoprotein, Postsynaptic cell membrane, Synapse","Receptors","Integrin;Other_receptors","Adhesion receptor","",TRUE,"CellChatDB v1"
"SPP1_ITGAV_ITGB5","SPP1","Spp1","ITGAV_ITGB5","","","","","PMID: 21907263","Secreted Signaling","Spp1  - (Itgav+Itgb5)",FALSE,"Spp1","Osteopontin","Secreted","Signal, Reference proteome, Phosphoprotein, Secreted, Biomineralization, Sialic acid, Direct protein sequencing, Alternative splicing, 3D-structure, Cell adhesion, Cytokine, Glycoprotein","cytokine",FALSE,"Itgav, Itgb5","Integrin alpha chain, Integrin beta chain","Focal adhesion, Cell membrane, Cell junction, Membrane","Membrane, Host-virus interaction, Disulfide bond, Transmembrane, Host cell receptor for virus entry, Receptor, Alternative splicing, Glycoprotein, Signal, Reference proteome, Integrin, Metal-binding, Transmembrane helix, Cell membrane, Direct protein sequencing, Calcium, Cleavage on pair of basic residues, 3D-structure, Cell junction, Cell adhesion, Repeat, Phosphoprotein","Receptors","Integrin;Other_receptors","Adhesion receptor","",TRUE,"CellChatDB v1"
"SPP1_ITGA4_ITGB1","SPP1","Spp1","ITGA4_ITGB1","","","","","PMID: 21907263","Secreted Signaling","Spp1  - (Itga4+Itgb1)",TRUE,"Spp1","Osteopontin","Secreted","Signal, Reference proteome, Phosphoprotein, Secreted, Biomineralization, Sialic acid, Direct protein sequencing, Alternative splicing, 3D-structure, Cell adhesion, Cytokine, Glycoprotein","cytokine",FALSE,"Itga4, Itgb1","Integrin alpha chain, Integrin beta chain","Membrane, Ruffle membrane, Melanosome, Ruffle, Focal adhesion, Cell projection, Cleavage furrow, Recycling endosome, Invadopodium membrane, Lamellipodium, Cell membrane, Cell surface, Cell junction","Membrane, Disulfide bond, Transmembrane, Receptor, Alternative splicing, Glycoprotein, Signal, Reference proteome, Integrin, Metal-binding, Transmembrane helix, Phosphoprotein, Direct protein sequencing, Calcium, 3D-structure, Cell adhesion, Repeat, Host-virus interaction, Endosome, Host cell receptor for virus entry, Magnesium, Cell projection, Cell membrane, Acetylation, Isopeptide bond, Cell junction, Myogenesis, Ubl conjugation","Receptors","Integrin;Other_receptors","Adhesion receptor","",TRUE,"CellChatDB v1"
"SPP1_ITGA8_ITGB1","SPP1","Spp1","ITGA8_ITGB1","","","","","PMID: 21907263","Secreted Signaling","Spp1  - (Itga8+Itgb1)",TRUE,"Spp1","Osteopontin","Secreted","Signal, Reference proteome, Phosphoprotein, Secreted, Biomineralization, Sialic acid, Direct protein sequencing, Alternative splicing, 3D-structure, Cell adhesion, Cytokine, Glycoprotein","cytokine",FALSE,"Itga8, Itgb1","Integrin alpha chain, Integrin beta chain","Cell membrane, Membrane, Ruffle membrane, Melanosome, Ruffle, Focal adhesion, Cell projection, Cleavage furrow, Recycling endosome, Invadopodium membrane, Lamellipodium, Cell surface, Cell junction","Membrane, Disulfide bond, Differentiation, Transmembrane, Receptor, Neurogenesis, Glycoprotein, Disease variant, Developmental protein, Signal, Integrin, Reference proteome, Metal-binding, Transmembrane helix, Cell membrane, Calcium, Cleavage on pair of basic residues, Cell adhesion, Repeat, Host-virus interaction, Endosome, Host cell receptor for virus entry, Magnesium, Alternative splicing, Cell projection, Phosphoprotein, Direct protein sequencing, Acetylation, Isopeptide bond, 3D-structure, Cell junction, Myogenesis, Ubl conjugation","Receptors","Integrin;Other_receptors","Adhesion receptor","",TRUE,"CellChatDB v1"
"SPP1_ITGA5_ITGB1","SPP1","Spp1","ITGA5_ITGB1","","","","","PMID: 21907263","Secreted Signaling","Spp1  - (Itga5+Itgb1)",TRUE,"Spp1","Osteopontin","Secreted","Signal, Reference proteome, Phosphoprotein, Secreted, Biomineralization, Sialic acid, Direct protein sequencing, Alternative splicing, 3D-structure, Cell adhesion, Cytokine, Glycoprotein","cytokine",FALSE,"Itga5, Itgb1","Integrin alpha chain, Integrin beta chain","Focal adhesion, Cell surface, Membrane, Cell junction, Ruffle membrane, Melanosome, Ruffle, Cell projection, Cleavage furrow, Recycling endosome, Invadopodium membrane, Lamellipodium, Cell membrane","Membrane, Host-virus interaction, Disulfide bond, Transmembrane, Host cell receptor for virus entry, Receptor, Glycoprotein, Signal, Reference proteome, Integrin, Metal-binding, Transmembrane helix, Phosphoprotein, Direct protein sequencing, Calcium, Cleavage on pair of basic residues, 3D-structure, Cell junction, Cell adhesion, Repeat, Endosome, Magnesium, Alternative splicing, Cell projection, Cell membrane, Acetylation, Isopeptide bond, Myogenesis, Ubl conjugation","Receptors","Integrin;Other_receptors","Adhesion receptor","",TRUE,"CellChatDB v1"
"NAMPT_ITGA5_ITGB1","VISFATIN","Nampt","ITGA5_ITGB1","","","","","PMID: 28490838","Secreted Signaling","Nampt  - (Itga5+Itgb1)",TRUE,"Nampt","NAPRTase","Cytoplasm, Secreted, Nucleus","Glycosyltransferase, Reference proteome, Biological rhythms, Pyridine nucleotide biosynthesis, Nucleus, Phosphoprotein, Secreted, Cytoplasm, 3D-structure, Transferase, Cytokine, Acetylation","",,"Itga5, Itgb1","Integrin alpha chain, Integrin beta chain","Focal adhesion, Cell surface, Membrane, Cell junction, Ruffle membrane, Melanosome, Ruffle, Cell projection, Cleavage furrow, Recycling endosome, Invadopodium membrane, Lamellipodium, Cell membrane","Membrane, Host-virus interaction, Disulfide bond, Transmembrane, Host cell receptor for virus entry, Receptor, Glycoprotein, Signal, Reference proteome, Integrin, Metal-binding, Transmembrane helix, Phosphoprotein, Direct protein sequencing, Calcium, Cleavage on pair of basic residues, 3D-structure, Cell junction, Cell adhesion, Repeat, Endosome, Magnesium, Alternative splicing, Cell projection, Cell membrane, Acetylation, Isopeptide bond, Myogenesis, Ubl conjugation","Receptors","Integrin;Other_receptors","Adhesion receptor","",TRUE,"CellChatDB v1"
"ANGPTL2_ITGA5_ITGB1","ANGPTL","Angptl2","ITGA5_ITGB1","","","","","PMID: 24478758","Secreted Signaling","Angptl2  - (Itga5+Itgb1)",TRUE,"Angptl2","","Secreted","Coiled coil, Signal, Reference proteome, Disulfide bond, Secreted, Alternative splicing, 3D-structure, Glycoprotein","",,"Itga5, Itgb1","Integrin alpha chain, Integrin beta chain","Focal adhesion, Cell surface, Membrane, Cell junction, Ruffle membrane, Melanosome, Ruffle, Cell projection, Cleavage furrow, Recycling endosome, Invadopodium membrane, Lamellipodium, Cell membrane","Membrane, Host-virus interaction, Disulfide bond, Transmembrane, Host cell receptor for virus entry, Receptor, Glycoprotein, Signal, Reference proteome, Integrin, Metal-binding, Transmembrane helix, Phosphoprotein, Direct protein sequencing, Calcium, Cleavage on pair of basic residues, 3D-structure, Cell junction, Cell adhesion, Repeat, Endosome, Magnesium, Alternative splicing, Cell projection, Cell membrane, Acetylation, Isopeptide bond, Myogenesis, Ubl conjugation","Receptors","Integrin;Other_receptors","Adhesion receptor","",TRUE,"CellChatDB v1"
"ANGPTL4_ITGA5_ITGB1","ANGPTL","Angptl4","ITGA5_ITGB1","","","","","PMID: 30049845","Secreted Signaling","Angptl4  - (Itga5+Itgb1)",TRUE,"Angptl4","","Extracellular matrix, Secreted, Extracellular space","Coiled coil, Signal, Reference proteome, Extracellular matrix, Disulfide bond, Secreted, Lipid metabolism, Direct protein sequencing, Angiogenesis, Alternative splicing, 3D-structure, Glycoprotein","",,"Itga5, Itgb1","Integrin alpha chain, Integrin beta chain","Focal adhesion, Cell surface, Membrane, Cell junction, Ruffle membrane, Melanosome, Ruffle, Cell projection, Cleavage furrow, Recycling endosome, Invadopodium membrane, Lamellipodium, Cell membrane","Membrane, Host-virus interaction, Disulfide bond, Transmembrane, Host cell receptor for virus entry, Receptor, Glycoprotein, Signal, Reference proteome, Integrin, Metal-binding, Transmembrane helix, Phosphoprotein, Direct protein sequencing, Calcium, Cleavage on pair of basic residues, 3D-structure, Cell junction, Cell adhesion, Repeat, Endosome, Magnesium, Alternative splicing, Cell projection, Cell membrane, Acetylation, Isopeptide bond, Myogenesis, Ubl conjugation","Receptors","Integrin;Other_receptors","Adhesion receptor","",TRUE,"CellChatDB v1"
"ANGPTL4_ITGAV_ITGB3","ANGPTL","Angptl4","ITGAV_ITGB3","","","","","PMID: 30049845","Secreted Signaling","Angptl4  - (Itgav+Itgb3)",TRUE,"Angptl4","","Extracellular matrix, Secreted, Extracellular space","Coiled coil, Signal, Reference proteome, Extracellular matrix, Disulfide bond, Secreted, Lipid metabolism, Direct protein sequencing, Angiogenesis, Alternative splicing, 3D-structure, Glycoprotein","",,"Itgav, Itgb3","Integrin alpha chain, Integrin beta chain","Focal adhesion, Cell membrane, Cell junction, Postsynaptic cell membrane, Lamellipodium membrane, Cell projection, Synapse","Membrane, Host-virus interaction, Disulfide bond, Transmembrane, Host cell receptor for virus entry, Receptor, Alternative splicing, Glycoprotein, Signal, Reference proteome, Integrin, Metal-binding, Transmembrane helix, Cell membrane, Direct protein sequencing, Calcium, Cleavage on pair of basic residues, 3D-structure, Cell junction, Cell adhesion, Repeat, Cell projection, Disease variant, Phosphoprotein, Postsynaptic cell membrane, Synapse","Receptors","Integrin;Other_receptors","Adhesion receptor","",TRUE,"CellChatDB v1"
"ANGPTL4_CDH5","ANGPTL","Angptl4","Cdh5","","","","","PMID: 30049845","Secreted Signaling","Angptl4  - Cdh5",FALSE,"Angptl4","","Extracellular matrix, Secreted, Extracellular space","Coiled coil, Signal, Reference proteome, Extracellular matrix, Disulfide bond, Secreted, Lipid metabolism, Direct protein sequencing, Angiogenesis, Alternative splicing, 3D-structure, Glycoprotein","",,"Cdh5","","Cell membrane, Cell junction","Membrane, Transmembrane, Alternative splicing, Glycoprotein, Signal, Reference proteome, Metal-binding, Transmembrane helix, Phosphoprotein, Cell membrane, Direct protein sequencing, Calcium, Cleavage on pair of basic residues, Cell junction, Cell adhesion, Repeat","Miscellaneous","CadherinClassic;StructuralAndAdhesion","","",TRUE,"CellChatDB v1"
"ANGPTL4_CDH11","ANGPTL","Angptl4","Cdh11","","","","","PMID: 30049845","Secreted Signaling","Angptl4  - Cdh11",FALSE,"Angptl4","","Extracellular matrix, Secreted, Extracellular space","Coiled coil, Signal, Reference proteome, Extracellular matrix, Disulfide bond, Secreted, Lipid metabolism, Direct protein sequencing, Angiogenesis, Alternative splicing, 3D-structure, Glycoprotein","",,"Cdh11","","Cell membrane","Membrane, Intellectual disability, Transmembrane, Alternative splicing, Deafness, Glycoprotein, Disease variant, Chromosomal rearrangement, Signal, Reference proteome, Metal-binding, Transmembrane helix, Phosphoprotein, Cell membrane, Calcium, Cleavage on pair of basic residues, Cell adhesion, Repeat","Miscellaneous","CadherinClassic;StructuralAndAdhesion","","",,"CellChatDB v1"
"ANGPTL4_SDC2","ANGPTL","Angptl4","Sdc2","","","","","PMID: 29017031","Secreted Signaling","Angptl4  - Sdc2",FALSE,"Angptl4","","Extracellular matrix, Secreted, Extracellular space","Coiled coil, Signal, Reference proteome, Extracellular matrix, Disulfide bond, Secreted, Lipid metabolism, Direct protein sequencing, Angiogenesis, Alternative splicing, 3D-structure, Glycoprotein","",,"Sdc2","Syndecan proteoglycan","Membrane","Membrane, Signal, Reference proteome, Transmembrane helix, Phosphoprotein, Differentiation, Heparan sulfate, Transmembrane, Neurogenesis, 3D-structure, Proteoglycan, Glycoprotein","Receptors","Other_receptors;Syndecan","Adhesion receptor","secreted",TRUE,"CellChatDB v1"
"ANGPTL4_SDC3","ANGPTL","Angptl4","Sdc3","","","","","PMID: 29017031","Secreted Signaling","Angptl4  - Sdc3",FALSE,"Angptl4","","Extracellular matrix, Secreted, Extracellular space","Coiled coil, Signal, Reference proteome, Extracellular matrix, Disulfide bond, Secreted, Lipid metabolism, Direct protein sequencing, Angiogenesis, Alternative splicing, 3D-structure, Glycoprotein","",,"Sdc3","Syndecan proteoglycan","Cell membrane","Membrane, Reference proteome, Cell membrane, Transmembrane helix, Phosphoprotein, Transmembrane, Heparan sulfate, Proteoglycan, Glycoprotein","","","","",,"CellChatDB v1"
"ANGPTL4_SDC4","ANGPTL","Angptl4","Sdc4","","","","","PMID: 29017031","Secreted Signaling","Angptl4  - Sdc4",FALSE,"Angptl4","","Extracellular matrix, Secreted, Extracellular space","Coiled coil, Signal, Reference proteome, Extracellular matrix, Disulfide bond, Secreted, Lipid metabolism, Direct protein sequencing, Angiogenesis, Alternative splicing, 3D-structure, Glycoprotein","",,"Sdc4","Syndecan proteoglycan","Secreted, Membrane","Membrane, Signal, Reference proteome, Transmembrane helix, Secreted, Transmembrane, Heparan sulfate, Alternative splicing, 3D-structure, Proteoglycan, Glycoprotein","","","Adhesion receptor","",,"CellChatDB v1"
"ANGPT1_TEK","ANGPT","Angpt1","Tek","","","","ANGPT inhibition receptor 1","PMID: 20651738","Secreted Signaling","Angpt1  - Tek",FALSE,"Angpt1","","Secreted","Disease variant, Coiled coil, Signal, Developmental protein, Reference proteome, Disulfide bond, Secreted, Differentiation, Angiogenesis, Alternative splicing, 3D-structure, Glycoprotein","secreted",FALSE,"Tek","Protein kinase superfamily, Tyr protein kinase","Focal adhesion, Secreted, Cytoplasm, Cell membrane, Cytoskeleton, Cell junction","Membrane, Secreted, Disulfide bond, Kinase, Transmembrane, ATP-binding, Receptor, Glaucoma, Cytoplasm, Alternative splicing, Tyrosine-protein kinase, Repeat, EGF-like domain, Transferase, Glycoprotein, Disease variant, Signal, Reference proteome, Immunoglobulin domain, Cell membrane, Transmembrane helix, Phosphoprotein, Direct protein sequencing, Cytoskeleton, Angiogenesis, 3D-structure, Cell junction, Nucleotide-binding, Ubl conjugation","Receptors","Kinase;Other","","secreted",TRUE,"CellChatDB v1"
"ANGPT2_TEK","ANGPT","Angpt2","Tek","","","","ANGPT inhibition receptor 1","PMID: 20651738","Secreted Signaling","Angpt2  - Tek",FALSE,"Angpt2","","Secreted","Disease variant, Coiled coil, Signal, Developmental protein, Reference proteome, Metal-binding, Disulfide bond, Secreted, Differentiation, Calcium, Angiogenesis, Alternative splicing, 3D-structure, Glycoprotein","secreted",FALSE,"Tek","Protein kinase superfamily, Tyr protein kinase","Focal adhesion, Secreted, Cytoplasm, Cell membrane, Cytoskeleton, Cell junction","Membrane, Secreted, Disulfide bond, Kinase, Transmembrane, ATP-binding, Receptor, Glaucoma, Cytoplasm, Alternative splicing, Tyrosine-protein kinase, Repeat, EGF-like domain, Transferase, Glycoprotein, Disease variant, Signal, Reference proteome, Immunoglobulin domain, Cell membrane, Transmembrane helix, Phosphoprotein, Direct protein sequencing, Cytoskeleton, Angiogenesis, 3D-structure, Cell junction, Nucleotide-binding, Ubl conjugation","Receptors","Kinase;Other","","secreted",TRUE,"CellChatDB v1"
"ANGPT2_ITGA5_ITGB1","ANGPT","Angpt2","ITGA5_ITGB1","","","","ANGPT inhibition receptor 2","PMID: 20651738; PMID: 25635707","Secreted Signaling","Angpt2  - (Itga5+Itgb1)",TRUE,"Angpt2","","Secreted","Disease variant, Coiled coil, Signal, Developmental protein, Reference proteome, Metal-binding, Disulfide bond, Secreted, Differentiation, Calcium, Angiogenesis, Alternative splicing, 3D-structure, Glycoprotein","secreted",FALSE,"Itga5, Itgb1","Integrin alpha chain, Integrin beta chain","Focal adhesion, Cell surface, Membrane, Cell junction, Ruffle membrane, Melanosome, Ruffle, Cell projection, Cleavage furrow, Recycling endosome, Invadopodium membrane, Lamellipodium, Cell membrane","Membrane, Host-virus interaction, Disulfide bond, Transmembrane, Host cell receptor for virus entry, Receptor, Glycoprotein, Signal, Reference proteome, Integrin, Metal-binding, Transmembrane helix, Phosphoprotein, Direct protein sequencing, Calcium, Cleavage on pair of basic residues, 3D-structure, Cell junction, Cell adhesion, Repeat, Endosome, Magnesium, Alternative splicing, Cell projection, Cell membrane, Acetylation, Isopeptide bond, Myogenesis, Ubl conjugation","Receptors","Integrin;Other_receptors","Adhesion receptor","",TRUE,"CellChatDB v1"
"MDK_SDC2","MK","Mdk","Sdc2","","","","","PMID: 28356350","Secreted Signaling","Mdk  - Sdc2",FALSE,"Mdk","Pleiotrophin","Secreted","Signal, Developmental protein, Reference proteome, Disulfide bond, Differentiation, Secreted, Mitogen, Growth factor, Direct protein sequencing, Alternative splicing, 3D-structure, Heparin-binding","growth factor",FALSE,"Sdc2","Syndecan proteoglycan","Membrane","Membrane, Signal, Reference proteome, Transmembrane helix, Phosphoprotein, Differentiation, Heparan sulfate, Transmembrane, Neurogenesis, 3D-structure, Proteoglycan, Glycoprotein","Receptors","Other_receptors;Syndecan","Adhesion receptor","secreted",TRUE,"CellChatDB v1"
"MDK_SDC4","MK","Mdk","Sdc4","","","","","PMID: 28356350","Secreted Signaling","Mdk  - Sdc4",FALSE,"Mdk","Pleiotrophin","Secreted","Signal, Developmental protein, Reference proteome, Disulfide bond, Differentiation, Secreted, Mitogen, Growth factor, Direct protein sequencing, Alternative splicing, 3D-structure, Heparin-binding","growth factor",FALSE,"Sdc4","Syndecan proteoglycan","Secreted, Membrane","Membrane, Signal, Reference proteome, Transmembrane helix, Secreted, Transmembrane, Heparan sulfate, Alternative splicing, 3D-structure, Proteoglycan, Glycoprotein","","","Adhesion receptor","",,"CellChatDB v1"
"MDK_PTPRZ1","MK","Mdk","Ptprz1","","","","","PMID: 28356350","Secreted Signaling","Mdk  - Ptprz1",FALSE,"Mdk","Pleiotrophin","Secreted","Signal, Developmental protein, Reference proteome, Disulfide bond, Differentiation, Secreted, Mitogen, Growth factor, Direct protein sequencing, Alternative splicing, 3D-structure, Heparin-binding","growth factor",FALSE,"Ptprz1","Protein-tyrosine phosphatase","Cell membrane, Secreted","Membrane, Disulfide bond, Secreted, Transmembrane, Alternative splicing, Glycoprotein, Signal, Hydrolase, Reference proteome, Cell membrane, Transmembrane helix, Phosphoprotein, Protein phosphatase, 3D-structure, Proteoglycan, Repeat","Receptors","Other_receptors;ReceptorTypePhosphatases","","secreted",TRUE,"CellChatDB v1"
"MDK_ITGA4_ITGB1","MK","Mdk","ITGA4_ITGB1","","","","","PMID: 28356350","Secreted Signaling","Mdk  - (Itga4+Itgb1)",TRUE,"Mdk","Pleiotrophin","Secreted","Signal, Developmental protein, Reference proteome, Disulfide bond, Differentiation, Secreted, Mitogen, Growth factor, Direct protein sequencing, Alternative splicing, 3D-structure, Heparin-binding","growth factor",FALSE,"Itga4, Itgb1","Integrin alpha chain, Integrin beta chain","Membrane, Ruffle membrane, Melanosome, Ruffle, Focal adhesion, Cell projection, Cleavage furrow, Recycling endosome, Invadopodium membrane, Lamellipodium, Cell membrane, Cell surface, Cell junction","Membrane, Disulfide bond, Transmembrane, Receptor, Alternative splicing, Glycoprotein, Signal, Reference proteome, Integrin, Metal-binding, Transmembrane helix, Phosphoprotein, Direct protein sequencing, Calcium, 3D-structure, Cell adhesion, Repeat, Host-virus interaction, Endosome, Host cell receptor for virus entry, Magnesium, Cell projection, Cell membrane, Acetylation, Isopeptide bond, Cell junction, Myogenesis, Ubl conjugation","Receptors","Integrin;Other_receptors","Adhesion receptor","",TRUE,"CellChatDB v1"
"MDK_LRP1","MK","Mdk","Lrp1","","","","","PMID: 28356350","Secreted Signaling","Mdk  - Lrp1",FALSE,"Mdk","Pleiotrophin","Secreted","Signal, Developmental protein, Reference proteome, Disulfide bond, Differentiation, Secreted, Mitogen, Growth factor, Direct protein sequencing, Alternative splicing, 3D-structure, Heparin-binding","growth factor",FALSE,"Lrp1","LDLR","Cytoplasm, Membrane, Nucleus, Cell membrane, Coated pit","Membrane, Host-virus interaction, Disulfide bond, Transmembrane, Receptor, Cytoplasm, Alternative splicing, EGF-like domain, Glycoprotein, Disease variant, Endocytosis, Developmental protein, Signal, Reference proteome, Metal-binding, Transmembrane helix, Cell membrane, Nucleus, Phosphoprotein, Direct protein sequencing, Calcium, Cytoskeleton, Golgi apparatus, Coated pit, 3D-structure, Acetylation, Repeat","Receptors","LDLR;Other_receptors","Adhesion receptor","",,"CellChatDB v1"
"MDK_NCL","MK","Mdk","Ncl","","","","","PMID: 28356350","Secreted Signaling","Mdk  - Ncl",FALSE,"Mdk","Pleiotrophin","Secreted","Signal, Developmental protein, Reference proteome, Disulfide bond, Differentiation, Secreted, Mitogen, Growth factor, Direct protein sequencing, Alternative splicing, 3D-structure, Heparin-binding","growth factor",FALSE,"Ncl","","Cytoplasm, Nucleus, Nucleolus","Ubl conjugation, RNA-binding, Reference proteome, DNA-binding, Nucleus, Phosphoprotein, Direct protein sequencing, Cytoplasm, Isopeptide bond, 3D-structure, Methylation, Acetylation, Repeat","","","","",,"CellChatDB v1"
"PTN_PTPRZ1","PTN","Ptn","Ptprz1","","","","","PMID: 28356350; PMID: 25620911","Secreted Signaling","Ptn  - Ptprz1",FALSE,"Ptn","Pleiotrophin","Secreted","Signal, Reference proteome, Disulfide bond, Secreted, Mitogen, Growth factor, Direct protein sequencing, 3D-structure, Heparin-binding","growth factor",FALSE,"Ptprz1","Protein-tyrosine phosphatase","Cell membrane, Secreted","Membrane, Disulfide bond, Secreted, Transmembrane, Alternative splicing, Glycoprotein, Signal, Hydrolase, Reference proteome, Cell membrane, Transmembrane helix, Phosphoprotein, Protein phosphatase, 3D-structure, Proteoglycan, Repeat","Receptors","Other_receptors;ReceptorTypePhosphatases","","secreted",TRUE,"CellChatDB v1"
"PTN_SDC2","PTN","Ptn","Sdc2","","","","","PMID: 28356350; PMID: 25620911","Secreted Signaling","Ptn  - Sdc2",FALSE,"Ptn","Pleiotrophin","Secreted","Signal, Reference proteome, Disulfide bond, Secreted, Mitogen, Growth factor, Direct protein sequencing, 3D-structure, Heparin-binding","growth factor",FALSE,"Sdc2","Syndecan proteoglycan","Membrane","Membrane, Signal, Reference proteome, Transmembrane helix, Phosphoprotein, Differentiation, Heparan sulfate, Transmembrane, Neurogenesis, 3D-structure, Proteoglycan, Glycoprotein","Receptors","Other_receptors;Syndecan","Adhesion receptor","secreted",TRUE,"CellChatDB v1"
"PTN_SDC3","PTN","Ptn","Sdc3","","","","","PMID: 28356350; PMID: 25620911","Secreted Signaling","Ptn  - Sdc3",FALSE,"Ptn","Pleiotrophin","Secreted","Signal, Reference proteome, Disulfide bond, Secreted, Mitogen, Growth factor, Direct protein sequencing, 3D-structure, Heparin-binding","growth factor",FALSE,"Sdc3","Syndecan proteoglycan","Cell membrane","Membrane, Reference proteome, Cell membrane, Transmembrane helix, Phosphoprotein, Transmembrane, Heparan sulfate, Proteoglycan, Glycoprotein","","","","",,"CellChatDB v1"
"PTN_SDC4","PTN","Ptn","Sdc4","","","","","PMID: 28356350; PMID: 25620911","Secreted Signaling","Ptn  - Sdc4",FALSE,"Ptn","Pleiotrophin","Secreted","Signal, Reference proteome, Disulfide bond, Secreted, Mitogen, Growth factor, Direct protein sequencing, 3D-structure, Heparin-binding","growth factor",FALSE,"Sdc4","Syndecan proteoglycan","Secreted, Membrane","Membrane, Signal, Reference proteome, Transmembrane helix, Secreted, Transmembrane, Heparan sulfate, Alternative splicing, 3D-structure, Proteoglycan, Glycoprotein","","","Adhesion receptor","",,"CellChatDB v1"
"PTN_ITGAV_ITGB3","PTN","Ptn","ITGAV_ITGB3","","","","","PMID: 28356350; PMID: 25620911","Secreted Signaling","Ptn  - (Itgav+Itgb3)",TRUE,"Ptn","Pleiotrophin","Secreted","Signal, Reference proteome, Disulfide bond, Secreted, Mitogen, Growth factor, Direct protein sequencing, 3D-structure, Heparin-binding","growth factor",FALSE,"Itgav, Itgb3","Integrin alpha chain, Integrin beta chain","Focal adhesion, Cell membrane, Cell junction, Postsynaptic cell membrane, Lamellipodium membrane, Cell projection, Synapse","Membrane, Host-virus interaction, Disulfide bond, Transmembrane, Host cell receptor for virus entry, Receptor, Alternative splicing, Glycoprotein, Signal, Reference proteome, Integrin, Metal-binding, Transmembrane helix, Cell membrane, Direct protein sequencing, Calcium, Cleavage on pair of basic residues, 3D-structure, Cell junction, Cell adhesion, Repeat, Cell projection, Disease variant, Phosphoprotein, Postsynaptic cell membrane, Synapse","Receptors","Integrin;Other_receptors","Adhesion receptor","",TRUE,"CellChatDB v1"
"PTN_NCL","PTN","Ptn","Ncl","","","","","PMID: 28356350; PMID: 25620911","Secreted Signaling","Ptn  - Ncl",FALSE,"Ptn","Pleiotrophin","Secreted","Signal, Reference proteome, Disulfide bond, Secreted, Mitogen, Growth factor, Direct protein sequencing, 3D-structure, Heparin-binding","growth factor",FALSE,"Ncl","","Cytoplasm, Nucleus, Nucleolus","Ubl conjugation, RNA-binding, Reference proteome, DNA-binding, Nucleus, Phosphoprotein, Direct protein sequencing, Cytoplasm, Isopeptide bond, 3D-structure, Methylation, Acetylation, Repeat","","","","",,"CellChatDB v1"
"POSTN_ITGAV_ITGB3","PERIOSTIN","Postn","ITGAV_ITGB3","","","","","PMID: 26721738","Secreted Signaling","Postn  - (Itgav+Itgb3)",TRUE,"Postn","","Extracellular matrix, Golgi apparatus, Secreted, Extracellular space","Signal, Reference proteome, Disulfide bond, Extracellular matrix, Secreted, Gamma-carboxyglutamic acid, Golgi apparatus, Alternative splicing, Repeat, 3D-structure, Cell adhesion, Heparin-binding, Glycoprotein","",,"Itgav, Itgb3","Integrin alpha chain, Integrin beta chain","Focal adhesion, Cell membrane, Cell junction, Postsynaptic cell membrane, Lamellipodium membrane, Cell projection, Synapse","Membrane, Host-virus interaction, Disulfide bond, Transmembrane, Host cell receptor for virus entry, Receptor, Alternative splicing, Glycoprotein, Signal, Reference proteome, Integrin, Metal-binding, Transmembrane helix, Cell membrane, Direct protein sequencing, Calcium, Cleavage on pair of basic residues, 3D-structure, Cell junction, Cell adhesion, Repeat, Cell projection, Disease variant, Phosphoprotein, Postsynaptic cell membrane, Synapse","Receptors","Integrin;Other_receptors","Adhesion receptor","",TRUE,"CellChatDB v1"
"POSTN_ITGAV_ITGB5","PERIOSTIN","Postn","ITGAV_ITGB5","","","","","PMID: 26721738","Secreted Signaling","Postn  - (Itgav+Itgb5)",FALSE,"Postn","","Extracellular matrix, Golgi apparatus, Secreted, Extracellular space","Signal, Reference proteome, Disulfide bond, Extracellular matrix, Secreted, Gamma-carboxyglutamic acid, Golgi apparatus, Alternative splicing, Repeat, 3D-structure, Cell adhesion, Heparin-binding, Glycoprotein","",,"Itgav, Itgb5","Integrin alpha chain, Integrin beta chain","Focal adhesion, Cell membrane, Cell junction, Membrane","Membrane, Host-virus interaction, Disulfide bond, Transmembrane, Host cell receptor for virus entry, Receptor, Alternative splicing, Glycoprotein, Signal, Reference proteome, Integrin, Metal-binding, Transmembrane helix, Cell membrane, Direct protein sequencing, Calcium, Cleavage on pair of basic residues, 3D-structure, Cell junction, Cell adhesion, Repeat, Phosphoprotein","Receptors","Integrin;Other_receptors","Adhesion receptor","",TRUE,"CellChatDB v1"
"CCK_CCKBR","CCK","Cck","Cckbr","","","","","KEGG: mmu04080","Secreted Signaling","Cck  - Cckbr",FALSE,"Cck","Gastrin/cholecystokinin","Secreted","Signal, Reference proteome, Amidation, Secreted, Sulfation, Cleavage on pair of basic residues, 3D-structure, Hormone","hormone",FALSE,"Cckbr","G-protein coupled receptor 1","Cell membrane","Transducer, Membrane, Reference proteome, Lipoprotein, Cell membrane, Transmembrane helix, Disulfide bond, Transmembrane, Receptor, Alternative splicing, G-protein coupled receptor, 3D-structure, Palmitate, Glycoprotein","Receptors","GPCR;Rhodopsin","","",TRUE,"CellChatDB v1"
"EDN1_EDNRA","EDN","Edn1","Ednra","","","","","KEGG: mmu04080","Secreted Signaling","Edn1  - Ednra",FALSE,"Edn1","Endothelin/sarafotoxin","Secreted","Vasoconstrictor, Disease variant, Signal, Reference proteome, Disulfide bond, Secreted, Direct protein sequencing, Cleavage on pair of basic residues, Vasoactive, 3D-structure","secreted",FALSE,"Ednra","G-protein coupled receptor 1","Cell membrane","Transducer, Disease variant, Hypotrichosis, Membrane, Signal, Reference proteome, Cell membrane, Transmembrane helix, Disulfide bond, Phosphoprotein, Transmembrane, Receptor, Alternative splicing, G-protein coupled receptor, Glycoprotein","Receptors","GPCR;Rhodopsin","","",TRUE,"CellChatDB v1"
"EDN3_EDNRA","EDN","Edn3","Ednra","","","","","KEGG: mmu04080","Secreted Signaling","Edn3  - Ednra",TRUE,"Edn3","Endothelin/sarafotoxin","Secreted","Vasoconstrictor, Disease variant, Signal, Reference proteome, Waardenburg syndrome, Disulfide bond, Secreted, Direct protein sequencing, Hirschsprung disease, Cleavage on pair of basic residues, Alternative splicing, Vasoactive, Deafness, 3D-structure","secreted",FALSE,"Ednra","G-protein coupled receptor 1","Cell membrane","Transducer, Disease variant, Hypotrichosis, Membrane, Signal, Reference proteome, Cell membrane, Transmembrane helix, Disulfide bond, Phosphoprotein, Transmembrane, Receptor, Alternative splicing, G-protein coupled receptor, Glycoprotein","Receptors","GPCR;Rhodopsin","","",TRUE,"CellChatDB v1"
"POMC_MC4R","MELANOCORTIN","Pomc","Mc4r","","POMC antagonist","","","KEGG: mmu04080; PMID: 11024027","Secreted Signaling","Pomc  - Mc4r",FALSE,"Pomc","POMC","Secreted","Signal, Reference proteome, Obesity, Disulfide bond, Amidation, Secreted, Phosphoprotein, Direct protein sequencing, Endorphin, Cleavage on pair of basic residues, 3D-structure, Hormone, Acetylation, Glycoprotein","hormone",FALSE,"Mc4r","G-protein coupled receptor 1","Cell membrane","Transducer, Disease variant, Membrane, Reference proteome, Lipoprotein, Cell membrane, Transmembrane helix, Disulfide bond, Obesity, Transmembrane, Receptor, G-protein coupled receptor, 3D-structure, Palmitate, Glycoprotein","Receptors","GPCR;Rhodopsin","","",TRUE,"CellChatDB v1"
"NPY_NPY1R","NPY","Npy","Npy1r","","","","","KEGG: mmu04080","Secreted Signaling","Npy  - Npy1r",FALSE,"Npy","NPY","Cytoplasmic vesicle, Secreted, Secretory vesicle, Neuronal dense core vesicle","Signal, Reference proteome, Amidation, Secreted, Phosphoprotein, Neuropeptide, Cleavage on pair of basic residues, 3D-structure, Cytoplasmic vesicle","neuropeptide",FALSE,"Npy1r","G-protein coupled receptor 1","Cell membrane","Transducer, Membrane, Reference proteome, Lipoprotein, Cell membrane, Transmembrane helix, Disulfide bond, Phosphoprotein, Transmembrane, Receptor, G-protein coupled receptor, 3D-structure, Palmitate, Glycoprotein","Receptors","GPCR;Rhodopsin","","",TRUE,"CellChatDB v1"
"NPY_NPY5R","NPY","Npy","Npy5r","","","","","KEGG: mmu04080","Secreted Signaling","Npy  - Npy5r",FALSE,"Npy","NPY","Cytoplasmic vesicle, Secreted, Secretory vesicle, Neuronal dense core vesicle","Signal, Reference proteome, Amidation, Secreted, Phosphoprotein, Neuropeptide, Cleavage on pair of basic residues, 3D-structure, Cytoplasmic vesicle","neuropeptide",FALSE,"Npy5r","G-protein coupled receptor 1","Cell membrane","Transducer, Membrane, Reference proteome, Lipoprotein, Cell membrane, Transmembrane helix, Disulfide bond, Transmembrane, Receptor, G-protein coupled receptor, Palmitate, Glycoprotein","Receptors","GPCR;Rhodopsin","","",TRUE,"CellChatDB v1"
"NPY_GPR83","NPY","Npy","Gpr83","","","","","KEGG: mmu04080","Secreted Signaling","Npy  - Gpr83",FALSE,"Npy","NPY","Cytoplasmic vesicle, Secreted, Secretory vesicle, Neuronal dense core vesicle","Signal, Reference proteome, Amidation, Secreted, Phosphoprotein, Neuropeptide, Cleavage on pair of basic residues, 3D-structure, Cytoplasmic vesicle","neuropeptide",FALSE,"Gpr83","G-protein coupled receptor 1","Cell membrane","Transducer, Membrane, Signal, Reference proteome, Cell membrane, Transmembrane helix, Disulfide bond, Transmembrane, Receptor, Alternative splicing, G-protein coupled receptor, Glycoprotein","Receptors","GPCR;Rhodopsin","","",,"CellChatDB v1"
"NPB_NPBWR1","NPW-B","Npb","Npbwr1","","","","","KEGG: mmu04080","Secreted Signaling","Npb  - Npbwr1",FALSE,"Npb","Neuropeptide B/W","Secreted","Cleavage on pair of basic residues, Signal, Reference proteome, Secreted, Neuropeptide, Direct protein sequencing","secreted",FALSE,"Npbwr1","G-protein coupled receptor 1","Cell membrane","Transducer, Membrane, Reference proteome, Cell membrane, Transmembrane helix, Disulfide bond, Transmembrane, Receptor, G-protein coupled receptor, Glycoprotein","Receptors","GPCR;Rhodopsin","","",TRUE,"CellChatDB v1"
"NTS_NTSR1","NTS","Nts","Ntsr1","","","","","KEGG: mmu04080","Secreted Signaling","Nts  - Ntsr1",FALSE,"Nts","Neurotensin","Cytoplasmic vesicle, Secreted, Secretory vesicle","Signal, Reference proteome, Pyrrolidone carboxylic acid, Secreted, Cleavage on pair of basic residues, Vasoactive, 3D-structure, Cytoplasmic vesicle","secreted",FALSE,"Ntsr1","G-protein coupled receptor 1","Membrane raft, Cell membrane","Transducer, Membrane, Reference proteome, Lipoprotein, Cell membrane, Transmembrane helix, Disulfide bond, Transmembrane, Receptor, G-protein coupled receptor, 3D-structure, Palmitate, Glycoprotein","Receptors","GPCR;Rhodopsin","","",TRUE,"CellChatDB v1"
"NTS_NTSR2","NTS","Nts","Ntsr2","","","","","KEGG: mmu04080","Secreted Signaling","Nts  - Ntsr2",FALSE,"Nts","Neurotensin","Cytoplasmic vesicle, Secreted, Secretory vesicle","Signal, Reference proteome, Pyrrolidone carboxylic acid, Secreted, Cleavage on pair of basic residues, Vasoactive, 3D-structure, Cytoplasmic vesicle","secreted",FALSE,"Ntsr2","G-protein coupled receptor 1","Cell membrane","Transducer, Membrane, Reference proteome, Lipoprotein, Cell membrane, Transmembrane helix, Disulfide bond, Transmembrane, Receptor, G-protein coupled receptor, Palmitate","Receptors","GPCR;Rhodopsin","","",TRUE,"CellChatDB v1"
"PDYN_OPRD1","OPIOID","Pdyn","Oprd1","","","","","KEGG: mmu04080","Secreted Signaling","Pdyn  - Oprd1",TRUE,"Pdyn","Opioid neuropeptide precursor","Secreted","Disease variant, Signal, Reference proteome, Neurodegeneration, Disulfide bond, Secreted, Neuropeptide, Endorphin, Spinocerebellar ataxia, Cleavage on pair of basic residues, 3D-structure, Neurotransmitter, Opioid peptide","secreted",FALSE,"Oprd1","G-protein coupled receptor 1","Cell membrane","Transducer, Ubl conjugation, Membrane, Reference proteome, Lipoprotein, Cell membrane, Transmembrane helix, Disulfide bond, Transmembrane, Receptor, G-protein coupled receptor, 3D-structure, Palmitate, Glycoprotein","Receptors","GPCR;Rhodopsin","","",TRUE,"CellChatDB v1"
"PDYN_OPRK1","OPIOID","Pdyn","Oprk1","","","","","KEGG: mmu04080","Secreted Signaling","Pdyn  - Oprk1",TRUE,"Pdyn","Opioid neuropeptide precursor","Secreted","Disease variant, Signal, Reference proteome, Neurodegeneration, Disulfide bond, Secreted, Neuropeptide, Endorphin, Spinocerebellar ataxia, Cleavage on pair of basic residues, 3D-structure, Neurotransmitter, Opioid peptide","secreted",FALSE,"Oprk1","G-protein coupled receptor 1","Cell membrane","Transducer, Behavior, Membrane, Reference proteome, Lipoprotein, Cell membrane, Transmembrane helix, Disulfide bond, Transmembrane, Receptor, Alternative splicing, G-protein coupled receptor, 3D-structure, Palmitate, Glycoprotein","Receptors","GPCR;Rhodopsin","","",TRUE,"CellChatDB v1"
"PDYN_OPRL1","OPIOID","Pdyn","Oprl1","","","","","KEGG: mmu04080","Secreted Signaling","Pdyn  - Oprl1",TRUE,"Pdyn","Opioid neuropeptide precursor","Secreted","Disease variant, Signal, Reference proteome, Neurodegeneration, Disulfide bond, Secreted, Neuropeptide, Endorphin, Spinocerebellar ataxia, Cleavage on pair of basic residues, 3D-structure, Neurotransmitter, Opioid peptide","secreted",FALSE,"Oprl1","G-protein coupled receptor 1","Cytoplasmic vesicle, Cell membrane","Behavior, Membrane, Disulfide bond, Transmembrane, Receptor, Alternative splicing, Cytoplasmic vesicle, Glycoprotein, Transducer, Reference proteome, Lipoprotein, Cell membrane, Transmembrane helix, Phosphoprotein, G-protein coupled receptor, 3D-structure, Palmitate","Receptors","GPCR;Rhodopsin","","",TRUE,"CellChatDB v1"
"PENK_OPRD1","OPIOID","Penk","Oprd1","","","","","KEGG: mmu04080","Secreted Signaling","Penk  - Oprd1",TRUE,"Penk","Opioid neuropeptide precursor","Chromaffin granule lumen, Cytoplasmic vesicle, Secreted, Secretory vesicle","Signal, Reference proteome, Disulfide bond, Secreted, Phosphoprotein, Neuropeptide, Endorphin, Cleavage on pair of basic residues, 3D-structure, Cytoplasmic vesicle, Opioid peptide","secreted",FALSE,"Oprd1","G-protein coupled receptor 1","Cell membrane","Transducer, Ubl conjugation, Membrane, Reference proteome, Lipoprotein, Cell membrane, Transmembrane helix, Disulfide bond, Transmembrane, Receptor, G-protein coupled receptor, 3D-structure, Palmitate, Glycoprotein","Receptors","GPCR;Rhodopsin","","",TRUE,"CellChatDB v1"
"PENK_OPRK1","OPIOID","Penk","Oprk1","","","","","KEGG: mmu04080","Secreted Signaling","Penk  - Oprk1",TRUE,"Penk","Opioid neuropeptide precursor","Chromaffin granule lumen, Cytoplasmic vesicle, Secreted, Secretory vesicle","Signal, Reference proteome, Disulfide bond, Secreted, Phosphoprotein, Neuropeptide, Endorphin, Cleavage on pair of basic residues, 3D-structure, Cytoplasmic vesicle, Opioid peptide","secreted",FALSE,"Oprk1","G-protein coupled receptor 1","Cell membrane","Transducer, Behavior, Membrane, Reference proteome, Lipoprotein, Cell membrane, Transmembrane helix, Disulfide bond, Transmembrane, Receptor, Alternative splicing, G-protein coupled receptor, 3D-structure, Palmitate, Glycoprotein","Receptors","GPCR;Rhodopsin","","",TRUE,"CellChatDB v1"
"PENK_OPRL1","OPIOID","Penk","Oprl1","","","","","KEGG: mmu04080","Secreted Signaling","Penk  - Oprl1",FALSE,"Penk","Opioid neuropeptide precursor","Chromaffin granule lumen, Cytoplasmic vesicle, Secreted, Secretory vesicle","Signal, Reference proteome, Disulfide bond, Secreted, Phosphoprotein, Neuropeptide, Endorphin, Cleavage on pair of basic residues, 3D-structure, Cytoplasmic vesicle, Opioid peptide","secreted",FALSE,"Oprl1","G-protein coupled receptor 1","Cytoplasmic vesicle, Cell membrane","Behavior, Membrane, Disulfide bond, Transmembrane, Receptor, Alternative splicing, Cytoplasmic vesicle, Glycoprotein, Transducer, Reference proteome, Lipoprotein, Cell membrane, Transmembrane helix, Phosphoprotein, G-protein coupled receptor, 3D-structure, Palmitate","Receptors","GPCR;Rhodopsin","","",TRUE,"CellChatDB v1"
"POMC_OPRD1","OPIOID","Pomc","Oprd1","","","","","KEGG: mmu04080","Secreted Signaling","Pomc  - Oprd1",TRUE,"Pomc","POMC","Secreted","Signal, Reference proteome, Obesity, Disulfide bond, Amidation, Secreted, Phosphoprotein, Direct protein sequencing, Endorphin, Cleavage on pair of basic residues, 3D-structure, Hormone, Acetylation, Glycoprotein","hormone",FALSE,"Oprd1","G-protein coupled receptor 1","Cell membrane","Transducer, Ubl conjugation, Membrane, Reference proteome, Lipoprotein, Cell membrane, Transmembrane helix, Disulfide bond, Transmembrane, Receptor, G-protein coupled receptor, 3D-structure, Palmitate, Glycoprotein","Receptors","GPCR;Rhodopsin","","",TRUE,"CellChatDB v1"
"POMC_OPRK1","OPIOID","Pomc","Oprk1","","","","","KEGG: mmu04080","Secreted Signaling","Pomc  - Oprk1",TRUE,"Pomc","POMC","Secreted","Signal, Reference proteome, Obesity, Disulfide bond, Amidation, Secreted, Phosphoprotein, Direct protein sequencing, Endorphin, Cleavage on pair of basic residues, 3D-structure, Hormone, Acetylation, Glycoprotein","hormone",FALSE,"Oprk1","G-protein coupled receptor 1","Cell membrane","Transducer, Behavior, Membrane, Reference proteome, Lipoprotein, Cell membrane, Transmembrane helix, Disulfide bond, Transmembrane, Receptor, Alternative splicing, G-protein coupled receptor, 3D-structure, Palmitate, Glycoprotein","Receptors","GPCR;Rhodopsin","","",TRUE,"CellChatDB v1"
"POMC_OPRL1","OPIOID","Pomc","Oprl1","","","","","KEGG: mmu04080","Secreted Signaling","Pomc  - Oprl1",FALSE,"Pomc","POMC","Secreted","Signal, Reference proteome, Obesity, Disulfide bond, Amidation, Secreted, Phosphoprotein, Direct protein sequencing, Endorphin, Cleavage on pair of basic residues, 3D-structure, Hormone, Acetylation, Glycoprotein","hormone",FALSE,"Oprl1","G-protein coupled receptor 1","Cytoplasmic vesicle, Cell membrane","Behavior, Membrane, Disulfide bond, Transmembrane, Receptor, Alternative splicing, Cytoplasmic vesicle, Glycoprotein, Transducer, Reference proteome, Lipoprotein, Cell membrane, Transmembrane helix, Phosphoprotein, G-protein coupled receptor, 3D-structure, Palmitate","Receptors","GPCR;Rhodopsin","","",TRUE,"CellChatDB v1"
"OXT_OXTR","OXT","Oxt","Oxtr","","","","","KEGG: mmu04080","Secreted Signaling","Oxt  - Oxtr",FALSE,"Oxt","Vasopressin/oxytocin","Secreted","Signal, Reference proteome, Pharmaceutical, Disulfide bond, Amidation, Secreted, Direct protein sequencing, Cleavage on pair of basic residues, 3D-structure, Hormone","hormone",FALSE,"Oxtr","G-protein coupled receptor 1","Cell membrane","Transducer, Membrane, Reference proteome, Cell membrane, Transmembrane helix, Disulfide bond, Phosphoprotein, Transmembrane, Receptor, G-protein coupled receptor, 3D-structure, Glycoprotein","Receptors","GPCR;Rhodopsin","","",TRUE,"CellChatDB v1"
"SST_SSTR2","SOMATOSTATIN","Sst","Sstr2","","","","","KEGG: mmu04080","Secreted Signaling","Sst  - Sstr2",TRUE,"Sst","Somatostatin","Secreted","Signal, Reference proteome, Pharmaceutical, Disulfide bond, Amidation, Secreted, Cleavage on pair of basic residues, 3D-structure, Hormone","hormone",FALSE,"Sstr2","G-protein coupled receptor 1","Cytoplasm, Cell membrane","Membrane, Disulfide bond, Transmembrane, Receptor, Cytoplasm, Alternative splicing, Glycoprotein, Transducer, Reference proteome, Lipoprotein, Cell membrane, Transmembrane helix, Phosphoprotein, G-protein coupled receptor, 3D-structure, Palmitate","Receptors","GPCR;Rhodopsin","","",TRUE,"CellChatDB v1"
"SST_SSTR3","SOMATOSTATIN","Sst","Sstr3","","","","","KEGG: mmu04080","Secreted Signaling","Sst  - Sstr3",TRUE,"Sst","Somatostatin","Secreted","Signal, Reference proteome, Pharmaceutical, Disulfide bond, Amidation, Secreted, Cleavage on pair of basic residues, 3D-structure, Hormone","hormone",FALSE,"Sstr3","G-protein coupled receptor 1","Cell membrane","Transducer, Membrane, Reference proteome, Cell membrane, Transmembrane helix, Disulfide bond, Phosphoprotein, Transmembrane, Receptor, G-protein coupled receptor, Glycoprotein","Receptors","GPCR;Rhodopsin","","",TRUE,"CellChatDB v1"
"CORT_SSTR2","SOMATOSTATIN","Cort","Sstr2","","","","","KEGG: mmu04080","Secreted Signaling","Cort  - Sstr2",FALSE,"Cort","Somatostatin","Secreted","Cleavage on pair of basic residues, Secreted, Signal, Reference proteome, 3D-structure, Disulfide bond, Hormone","hormone",FALSE,"Sstr2","G-protein coupled receptor 1","Cytoplasm, Cell membrane","Membrane, Disulfide bond, Transmembrane, Receptor, Cytoplasm, Alternative splicing, Glycoprotein, Transducer, Reference proteome, Lipoprotein, Cell membrane, Transmembrane helix, Phosphoprotein, G-protein coupled receptor, 3D-structure, Palmitate","Receptors","GPCR;Rhodopsin","","",TRUE,"CellChatDB v1"
"CORT_SSTR3","SOMATOSTATIN","Cort","Sstr3","","","","","KEGG: mmu04080","Secreted Signaling","Cort  - Sstr3",FALSE,"Cort","Somatostatin","Secreted","Cleavage on pair of basic residues, Secreted, Signal, Reference proteome, 3D-structure, Disulfide bond, Hormone","hormone",FALSE,"Sstr3","G-protein coupled receptor 1","Cell membrane","Transducer, Membrane, Reference proteome, Cell membrane, Transmembrane helix, Disulfide bond, Phosphoprotein, Transmembrane, Receptor, G-protein coupled receptor, Glycoprotein","Receptors","GPCR;Rhodopsin","","",TRUE,"CellChatDB v1"
"TAC2_TACR3","TAC","Tac2","Tacr3","","","","","KEGG: mmu04080","Secreted Signaling","Tac2  - Tacr3",FALSE,"Tac2","Tachykinin","Secreted","Disease variant, Signal, Reference proteome, Amidation, Secreted, Neuropeptide, Cleavage on pair of basic residues, Alternative splicing, Hypogonadotropic hypogonadism, 3D-structure","secreted",FALSE,"Tacr3","G-protein coupled receptor 1","Cell membrane","Transducer, Disease variant, Membrane, Reference proteome, Lipoprotein, Cell membrane, Transmembrane helix, Disulfide bond, Transmembrane, Receptor, G-protein coupled receptor, Hypogonadotropic hypogonadism, Palmitate, Glycoprotein","Receptors","GPCR;Rhodopsin","","",TRUE,"CellChatDB v1"
"GM10334_F2R","PARs","Gm10334","F2r","","","","","KEGG: mmu04080","Secreted Signaling","Gm10334  - F2r",FALSE,"","","","","",,"F2r","G-protein coupled receptor 1","Cell membrane","Transducer, Blood coagulation, Membrane, Signal, Reference proteome, Cell membrane, Transmembrane helix, Disulfide bond, Phosphoprotein, Transmembrane, Receptor, G-protein coupled receptor, 3D-structure, Hemostasis, Glycoprotein","Receptors","GPCR;Rhodopsin","","",TRUE,"CellChatDB v1"
"GZMA_F2R","PARs","Gzma","F2r","","","","","KEGG: mmu04080","Secreted Signaling","Gzma  - F2r",FALSE,"Gzma","Peptidase S1","Secreted, Cytoplasmic granule","Signal, Hydrolase, Reference proteome, Protease, Disulfide bond, Cytolysis, Secreted, Alternative promoter usage, Direct protein sequencing, Zymogen, 3D-structure, Serine protease, Glycoprotein","",,"F2r","G-protein coupled receptor 1","Cell membrane","Transducer, Blood coagulation, Membrane, Signal, Reference proteome, Cell membrane, Transmembrane helix, Disulfide bond, Phosphoprotein, Transmembrane, Receptor, G-protein coupled receptor, 3D-structure, Hemostasis, Glycoprotein","Receptors","GPCR;Rhodopsin","","",TRUE,"CellChatDB v1"
"GM10334_F2RL2","PARs","Gm10334","F2rl2","","","","","KEGG: mmu04080","Secreted Signaling","Gm10334  - F2rl2",FALSE,"","","","","",,"F2rl2","G-protein coupled receptor 1","Cell membrane","Transducer, Blood coagulation, Membrane, Signal, Reference proteome, Cell membrane, Transmembrane helix, Disulfide bond, Transmembrane, Receptor, Alternative splicing, G-protein coupled receptor, Hemostasis, Glycoprotein","Receptors","GPCR;Rhodopsin","","",TRUE,"CellChatDB v1"
"GZMA_F2RL2","PARs","Gzma","F2rl2","","","","","KEGG: mmu04080","Secreted Signaling","Gzma  - F2rl2",FALSE,"Gzma","Peptidase S1","Secreted, Cytoplasmic granule","Signal, Hydrolase, Reference proteome, Protease, Disulfide bond, Cytolysis, Secreted, Alternative promoter usage, Direct protein sequencing, Zymogen, 3D-structure, Serine protease, Glycoprotein","",,"F2rl2","G-protein coupled receptor 1","Cell membrane","Transducer, Blood coagulation, Membrane, Signal, Reference proteome, Cell membrane, Transmembrane helix, Disulfide bond, Transmembrane, Receptor, Alternative splicing, G-protein coupled receptor, Hemostasis, Glycoprotein","Receptors","GPCR;Rhodopsin","","",TRUE,"CellChatDB v1"
"GM10334_PARD3","PARs","Gm10334","Pard3","","","","","KEGG: mmu04080","Secreted Signaling","Gm10334  - Pard3",FALSE,"","","","","",,"Pard3","PAR3","Cell membrane, Endomembrane system, Tight junction, Adherens junction, Cytoplasm, Cell cortex, Cell junction, Cytoskeleton","Coiled coil, Membrane, Differentiation, Lipid-binding, Cytoplasm, Alternative splicing, Tight junction, Cell cycle, Disease variant, Reference proteome, Cell membrane, Phosphoprotein, Cell division, Cytoskeleton, 3D-structure, Cell junction, Acetylation, Repeat","","","","",,"CellChatDB v1"
"GZMA_PARD3","PARs","Gzma","Pard3","","","","","KEGG: mmu04080","Secreted Signaling","Gzma  - Pard3",FALSE,"Gzma","Peptidase S1","Secreted, Cytoplasmic granule","Signal, Hydrolase, Reference proteome, Protease, Disulfide bond, Cytolysis, Secreted, Alternative promoter usage, Direct protein sequencing, Zymogen, 3D-structure, Serine protease, Glycoprotein","",,"Pard3","PAR3","Cell membrane, Endomembrane system, Tight junction, Adherens junction, Cytoplasm, Cell cortex, Cell junction, Cytoskeleton","Coiled coil, Membrane, Differentiation, Lipid-binding, Cytoplasm, Alternative splicing, Tight junction, Cell cycle, Disease variant, Reference proteome, Cell membrane, Phosphoprotein, Cell division, Cytoskeleton, 3D-structure, Cell junction, Acetylation, Repeat","","","","",,"CellChatDB v1"
"PMCH_MCHR1","PMCH","Pmch","Mchr1","","","","","KEGG: mmu04080","Secreted Signaling","Pmch  - Mchr1",TRUE,"Pmch","Melanin-concentrating hormone","Secreted","Reference proteome, Reference proteome, Signal, Developmental protein, Reference proteome, Disulfide bond, Amidation, Secreted, Neuropeptide, Differentiation, Cleavage on pair of basic residues, Spermatogenesis, Hormone","hormone",FALSE,"Mchr1","G-protein coupled receptor 1","Cell membrane","Transducer, Membrane, Reference proteome, Cell membrane, Transmembrane helix, Transmembrane, Receptor, G-protein coupled receptor, Glycoprotein","Receptors","GPCR;Rhodopsin","","",TRUE,"CellChatDB v1"
"ADCYAP1_ADCYAP1R1","PACAP","Adcyap1","Adcyap1r1","","","","","PMID: 21350482","Secreted Signaling","Adcyap1  - Adcyap1r1",FALSE,"Adcyap1","Glucagon","Secreted","Signal, Reference proteome, Amidation, Secreted, Cleavage on pair of basic residues, Neurogenesis, 3D-structure, Hormone","hormone",FALSE,"Adcyap1r1","G-protein coupled receptor 2","Cell membrane","Membrane, Disulfide bond, Differentiation, Transmembrane, Receptor, Spermatogenesis, Alternative splicing, Glycoprotein, Transducer, Signal, Developmental protein, Reference proteome, Cell membrane, Transmembrane helix, Phosphoprotein, G-protein coupled receptor, 3D-structure","Receptors","GPCR;Secretin","","",TRUE,"CellChatDB v1"
"VIP_VIPR1","VIP","Vip","Vipr1","","","","","PMID: 10655512","Secreted Signaling","Vip  - Vipr1",FALSE,"Vip","Glucagon","Secreted","Signal, Reference proteome, Amidation, Secreted, Phosphoprotein, Direct protein sequencing, Cleavage on pair of basic residues, Alternative splicing, 3D-structure, Hormone","hormone",FALSE,"Vipr1","G-protein coupled receptor 2","Cell membrane","Transducer, Membrane, Signal, Reference proteome, Cell membrane, Transmembrane helix, Disulfide bond, Transmembrane, Receptor, Alternative splicing, G-protein coupled receptor, 3D-structure, Glycoprotein","Receptors","GPCR;Secretin","","",TRUE,"CellChatDB v1"
"NPPC_NPR2","NPR2","Nppc","Npr2","","","","","KEGG: mmu04080; PMID:29934640","Secreted Signaling","Nppc  - Npr2",FALSE,"Nppc","Natriuretic peptide","Secreted","Signal, Reference proteome, Disulfide bond, Secreted, Direct protein sequencing, Osteogenesis, Cleavage on pair of basic residues, Vasoactive, 3D-structure, Hormone","",,"Npr2","Adenylyl cyclase class-4/guanylyl cyclase","Cell membrane","Membrane, cGMP biosynthesis, Disulfide bond, Transmembrane, Receptor, Alternative splicing, GTP-binding, Glycoprotein, Disease variant, Signal, Reference proteome, Cell membrane, Transmembrane helix, Phosphoprotein, Osteogenesis, Lyase, Nucleotide-binding, Dwarfism","Receptors","Kinase;RGC","","",,"CellChatDB v1"
"KITL_KIT","KIT","Kitl","Kit","","","","","KEGG: mmu04080","Secreted Signaling","Kitl  - Kit",FALSE,"Kitl","SCF","Cytoplasm, Secreted, Cell projection, Cell membrane, Filopodium, Lamellipodium, Cytoskeleton","Membrane, Secreted, Disulfide bond, Transmembrane, Growth factor, Cytoplasm, Alternative splicing, Deafness, Glycoprotein, Disease variant, Cell projection, Signal, Reference proteome, Cell membrane, Transmembrane helix, Direct protein sequencing, Cytoskeleton, 3D-structure, Non-syndromic deafness, Cell adhesion","growth factor",TRUE,"Kit","Protein kinase superfamily, Tyr protein kinase","Cytoplasm, Cell membrane","Membrane, Disulfide bond, Transmembrane, Kinase, ATP-binding, Receptor, Cytoplasm, Alternative splicing, Tyrosine-protein kinase, Repeat, Transferase, Glycoprotein, Disease variant, Signal, Reference proteome, Immunoglobulin domain, Metal-binding, Transmembrane helix, Cell membrane, Proto-oncogene, Phosphoprotein, Direct protein sequencing, 3D-structure, Nucleotide-binding, Magnesium, Ubl conjugation","Receptors","Kinase;PDGFR","","",TRUE,"CellChatDB v1"
"BDNF_NTRK2","NT","Bdnf","Ntrk2","","","NGFR activation receptor","","PMID: 27908981","Secreted Signaling","Bdnf  - Ntrk2",TRUE,"Bdnf","NGF-beta","Secreted","Disease variant, Signal, Reference proteome, Disulfide bond, Secreted, Growth factor, Alternative promoter usage, Direct protein sequencing, Cleavage on pair of basic residues, Alternative splicing, 3D-structure, Glycoprotein","growth factor",FALSE,"Ntrk2","Protein kinase superfamily, Tyr protein kinase","Cell membrane, Cell projection, Axon, Perinuclear region, Dendrite, Endosome membrane, Cytoplasm, Early endosome membrane, Postsynaptic density","Membrane, Leucine-rich repeat, Disulfide bond, Differentiation, Kinase, Transmembrane, ATP-binding, Receptor, Neurogenesis, Cytoplasm, Alternative splicing, Tyrosine-protein kinase, Repeat, Transferase, Glycoprotein, Disease variant, Cell projection, Developmental protein, Signal, Reference proteome, Immunoglobulin domain, Obesity, Transmembrane helix, Cell membrane, Epilepsy, Phosphoprotein, Synapse, 3D-structure, Nucleotide-binding, Endosome, Ubl conjugation","Receptors","Kinase;neutrophin","","",TRUE,"CellChatDB v1"
"FLT3L_FLT3","FLT3","Flt3l","Flt3","","","","","PMID: 25992210","Secreted Signaling","Flt3l  - Flt3",FALSE,"Flt3l","","Cell membrane, Secreted","Membrane, Signal, Reference proteome, Cell membrane, Transmembrane helix, Disulfide bond, Secreted, Transmembrane, Alternative splicing, 3D-structure, Cytokine, Glycoprotein","cytokine",TRUE,"Flt3","Protein kinase superfamily, Tyr protein kinase","Endoplasmic reticulum lumen, Membrane","Membrane, Host-virus interaction, Disulfide bond, Transmembrane, Kinase, ATP-binding, Receptor, Alternative splicing, Tyrosine-protein kinase, Transferase, Endoplasmic reticulum, Glycoprotein, Disease variant, Signal, Reference proteome, Immunoglobulin domain, Proto-oncogene, Transmembrane helix, Phosphoprotein, 3D-structure, Nucleotide-binding, Ubl conjugation","Receptors","Kinase;PDGFR","","",TRUE,"CellChatDB v1"
"SEMA3A_NRP1_PLXNA1","SEMA3","Sema3a","NRP1_PLXNA1","","","","","PMID: 27533782","Secreted Signaling","Sema3a  - (Nrp1+Plxna1)",FALSE,"Sema3a","Semaphorin","Secreted","Disease variant, Signal, Developmental protein, Reference proteome, Immunoglobulin domain, Kallmann syndrome, Disulfide bond, Secreted, Differentiation, Neurogenesis, Hypogonadotropic hypogonadism, Glycoprotein","secreted",FALSE,"Nrp1, Plxna1","Neuropilin, Plexin","Cell membrane, Cytoplasm, Secreted, Mitochondrion membrane","Membrane, Host-virus interaction, Mitochondrion, Secreted, Disulfide bond, Transmembrane, Differentiation, Receptor, Neurogenesis, Cytoplasm, Alternative splicing, Glycoprotein, Developmental protein, Signal, Reference proteome, Metal-binding, Transmembrane helix, Cell membrane, Phosphoprotein, Heparan sulfate, Direct protein sequencing, Calcium, Angiogenesis, 3D-structure, Heparin-binding, Proteoglycan, Repeat, Coiled coil","Receptors","Neuropilin;Other_receptors, Other_receptors;Plexin","Adhesion receptor","growth factor",TRUE,"CellChatDB v1"
"SEMA3A_NRP1_PLXNA2","SEMA3","Sema3a","NRP1_PLXNA2","","","","","PMID: 27533782","Secreted Signaling","Sema3a  - (Nrp1+Plxna2)",FALSE,"Sema3a","Semaphorin","Secreted","Disease variant, Signal, Developmental protein, Reference proteome, Immunoglobulin domain, Kallmann syndrome, Disulfide bond, Secreted, Differentiation, Neurogenesis, Hypogonadotropic hypogonadism, Glycoprotein","secreted",FALSE,"Nrp1, Plxna2","Neuropilin, Plexin","Cell membrane, Cytoplasm, Secreted, Mitochondrion membrane","Membrane, Host-virus interaction, Mitochondrion, Secreted, Disulfide bond, Transmembrane, Differentiation, Receptor, Neurogenesis, Cytoplasm, Alternative splicing, Glycoprotein, Developmental protein, Signal, Reference proteome, Metal-binding, Transmembrane helix, Cell membrane, Phosphoprotein, Heparan sulfate, Direct protein sequencing, Calcium, Angiogenesis, 3D-structure, Heparin-binding, Proteoglycan, Repeat, Coiled coil","Receptors","Neuropilin;Other_receptors, Other_receptors;Plexin","Adhesion receptor","growth factor",TRUE,"CellChatDB v1"
"SEMA3A_NRP1_PLXNA3","SEMA3","Sema3a","NRP1_PLXNA3","","","","","PMID: 27533782","Secreted Signaling","Sema3a  - (Nrp1+Plxna3)",FALSE,"Sema3a","Semaphorin","Secreted","Disease variant, Signal, Developmental protein, Reference proteome, Immunoglobulin domain, Kallmann syndrome, Disulfide bond, Secreted, Differentiation, Neurogenesis, Hypogonadotropic hypogonadism, Glycoprotein","secreted",FALSE,"Nrp1, Plxna3","Plexin, Neuropilin","Cell membrane, Cytoplasm, Secreted, Mitochondrion membrane","Membrane, Signal, Reference proteome, Cell membrane, Transmembrane helix, Disulfide bond, Phosphoprotein, Transmembrane, Receptor, Repeat, Glycoprotein, Host-virus interaction, Mitochondrion, Secreted, Differentiation, Neurogenesis, Cytoplasm, Alternative splicing, Developmental protein, Metal-binding, Heparan sulfate, Direct protein sequencing, Calcium, Angiogenesis, 3D-structure, Heparin-binding, Proteoglycan","Receptors","Neuropilin;Other_receptors, Other_receptors;Plexin","Adhesion receptor","growth factor",TRUE,"CellChatDB v1"
"SEMA3A_NRP1_PLXNA4","SEMA3","Sema3a","NRP1_PLXNA4","","","","","PMID: 27533782","Secreted Signaling","Sema3a  - (Nrp1+Plxna4)",FALSE,"Sema3a","Semaphorin","Secreted","Disease variant, Signal, Developmental protein, Reference proteome, Immunoglobulin domain, Kallmann syndrome, Disulfide bond, Secreted, Differentiation, Neurogenesis, Hypogonadotropic hypogonadism, Glycoprotein","secreted",FALSE,"Nrp1, Plxna4","Plexin, Neuropilin","Cell membrane, Cytoplasm, Secreted, Mitochondrion membrane","Membrane, Signal, Reference proteome, Cell membrane, Transmembrane helix, Disulfide bond, Transmembrane, Receptor, Alternative splicing, Repeat, 3D-structure, Acetylation, Glycoprotein, Host-virus interaction, Mitochondrion, Secreted, Differentiation, Neurogenesis, Cytoplasm, Developmental protein, Metal-binding, Phosphoprotein, Heparan sulfate, Direct protein sequencing, Calcium, Angiogenesis, Heparin-binding, Proteoglycan","Receptors","Neuropilin;Other_receptors, Other_receptors;Plexin","Adhesion receptor","growth factor",TRUE,"CellChatDB v1"
"SEMA3C_NRP1_PLXNA1","SEMA3","Sema3c","NRP1_PLXNA1","","","","","PMID: 27533782","Secreted Signaling","Sema3c  - (Nrp1+Plxna1)",FALSE,"Sema3c","Semaphorin","Secreted","Signal, Developmental protein, Reference proteome, Immunoglobulin domain, Disulfide bond, Secreted, Differentiation, Neurogenesis, Alternative splicing, Glycoprotein","secreted",FALSE,"Nrp1, Plxna1","Neuropilin, Plexin","Cell membrane, Cytoplasm, Secreted, Mitochondrion membrane","Membrane, Host-virus interaction, Mitochondrion, Secreted, Disulfide bond, Transmembrane, Differentiation, Receptor, Neurogenesis, Cytoplasm, Alternative splicing, Glycoprotein, Developmental protein, Signal, Reference proteome, Metal-binding, Transmembrane helix, Cell membrane, Phosphoprotein, Heparan sulfate, Direct protein sequencing, Calcium, Angiogenesis, 3D-structure, Heparin-binding, Proteoglycan, Repeat, Coiled coil","Receptors","Neuropilin;Other_receptors, Other_receptors;Plexin","Adhesion receptor","growth factor",TRUE,"CellChatDB v1"
"SEMA3C_NRP1_PLXNA2","SEMA3","Sema3c","NRP1_PLXNA2","","","","","PMID: 27533782","Secreted Signaling","Sema3c  - (Nrp1+Plxna2)",FALSE,"Sema3c","Semaphorin","Secreted","Signal, Developmental protein, Reference proteome, Immunoglobulin domain, Disulfide bond, Secreted, Differentiation, Neurogenesis, Alternative splicing, Glycoprotein","secreted",FALSE,"Nrp1, Plxna2","Neuropilin, Plexin","Cell membrane, Cytoplasm, Secreted, Mitochondrion membrane","Membrane, Host-virus interaction, Mitochondrion, Secreted, Disulfide bond, Transmembrane, Differentiation, Receptor, Neurogenesis, Cytoplasm, Alternative splicing, Glycoprotein, Developmental protein, Signal, Reference proteome, Metal-binding, Transmembrane helix, Cell membrane, Phosphoprotein, Heparan sulfate, Direct protein sequencing, Calcium, Angiogenesis, 3D-structure, Heparin-binding, Proteoglycan, Repeat, Coiled coil","Receptors","Neuropilin;Other_receptors, Other_receptors;Plexin","Adhesion receptor","growth factor",TRUE,"CellChatDB v1"
"SEMA3C_NRP1_PLXNA3","SEMA3","Sema3c","NRP1_PLXNA3","","","","","PMID: 27533782","Secreted Signaling","Sema3c  - (Nrp1+Plxna3)",FALSE,"Sema3c","Semaphorin","Secreted","Signal, Developmental protein, Reference proteome, Immunoglobulin domain, Disulfide bond, Secreted, Differentiation, Neurogenesis, Alternative splicing, Glycoprotein","secreted",FALSE,"Nrp1, Plxna3","Plexin, Neuropilin","Cell membrane, Cytoplasm, Secreted, Mitochondrion membrane","Membrane, Signal, Reference proteome, Cell membrane, Transmembrane helix, Disulfide bond, Phosphoprotein, Transmembrane, Receptor, Repeat, Glycoprotein, Host-virus interaction, Mitochondrion, Secreted, Differentiation, Neurogenesis, Cytoplasm, Alternative splicing, Developmental protein, Metal-binding, Heparan sulfate, Direct protein sequencing, Calcium, Angiogenesis, 3D-structure, Heparin-binding, Proteoglycan","Receptors","Neuropilin;Other_receptors, Other_receptors;Plexin","Adhesion receptor","growth factor",TRUE,"CellChatDB v1"
"SEMA3C_NRP1_PLXNA4","SEMA3","Sema3c","NRP1_PLXNA4","","","","","PMID: 27533782","Secreted Signaling","Sema3c  - (Nrp1+Plxna4)",FALSE,"Sema3c","Semaphorin","Secreted","Signal, Developmental protein, Reference proteome, Immunoglobulin domain, Disulfide bond, Secreted, Differentiation, Neurogenesis, Alternative splicing, Glycoprotein","secreted",FALSE,"Nrp1, Plxna4","Plexin, Neuropilin","Cell membrane, Cytoplasm, Secreted, Mitochondrion membrane","Membrane, Signal, Reference proteome, Cell membrane, Transmembrane helix, Disulfide bond, Transmembrane, Receptor, Alternative splicing, Repeat, 3D-structure, Acetylation, Glycoprotein, Host-virus interaction, Mitochondrion, Secreted, Differentiation, Neurogenesis, Cytoplasm, Developmental protein, Metal-binding, Phosphoprotein, Heparan sulfate, Direct protein sequencing, Calcium, Angiogenesis, Heparin-binding, Proteoglycan","Receptors","Neuropilin;Other_receptors, Other_receptors;Plexin","Adhesion receptor","growth factor",TRUE,"CellChatDB v1"
"SEMA3D_NRP1_PLXNA1","SEMA3","Sema3d","NRP1_PLXNA1","","","","","PMID: 27533782","Secreted Signaling","Sema3d  - (Nrp1+Plxna1)",FALSE,"Sema3d","Semaphorin","Secreted","Signal, Developmental protein, Reference proteome, Immunoglobulin domain, Disulfide bond, Secreted, Differentiation, Neurogenesis, Glycoprotein","",,"Nrp1, Plxna1","Neuropilin, Plexin","Cell membrane, Cytoplasm, Secreted, Mitochondrion membrane","Membrane, Host-virus interaction, Mitochondrion, Secreted, Disulfide bond, Transmembrane, Differentiation, Receptor, Neurogenesis, Cytoplasm, Alternative splicing, Glycoprotein, Developmental protein, Signal, Reference proteome, Metal-binding, Transmembrane helix, Cell membrane, Phosphoprotein, Heparan sulfate, Direct protein sequencing, Calcium, Angiogenesis, 3D-structure, Heparin-binding, Proteoglycan, Repeat, Coiled coil","Receptors","Neuropilin;Other_receptors, Other_receptors;Plexin","Adhesion receptor","growth factor",TRUE,"CellChatDB v1"
"SEMA3D_NRP1_PLXNA2","SEMA3","Sema3d","NRP1_PLXNA2","","","","","PMID: 27533782","Secreted Signaling","Sema3d  - (Nrp1+Plxna2)",FALSE,"Sema3d","Semaphorin","Secreted","Signal, Developmental protein, Reference proteome, Immunoglobulin domain, Disulfide bond, Secreted, Differentiation, Neurogenesis, Glycoprotein","",,"Nrp1, Plxna2","Neuropilin, Plexin","Cell membrane, Cytoplasm, Secreted, Mitochondrion membrane","Membrane, Host-virus interaction, Mitochondrion, Secreted, Disulfide bond, Transmembrane, Differentiation, Receptor, Neurogenesis, Cytoplasm, Alternative splicing, Glycoprotein, Developmental protein, Signal, Reference proteome, Metal-binding, Transmembrane helix, Cell membrane, Phosphoprotein, Heparan sulfate, Direct protein sequencing, Calcium, Angiogenesis, 3D-structure, Heparin-binding, Proteoglycan, Repeat, Coiled coil","Receptors","Neuropilin;Other_receptors, Other_receptors;Plexin","Adhesion receptor","growth factor",TRUE,"CellChatDB v1"
"SEMA3D_NRP1_PLXNA3","SEMA3","Sema3d","NRP1_PLXNA3","","","","","PMID: 27533782","Secreted Signaling","Sema3d  - (Nrp1+Plxna3)",FALSE,"Sema3d","Semaphorin","Secreted","Signal, Developmental protein, Reference proteome, Immunoglobulin domain, Disulfide bond, Secreted, Differentiation, Neurogenesis, Glycoprotein","",,"Nrp1, Plxna3","Plexin, Neuropilin","Cell membrane, Cytoplasm, Secreted, Mitochondrion membrane","Membrane, Signal, Reference proteome, Cell membrane, Transmembrane helix, Disulfide bond, Phosphoprotein, Transmembrane, Receptor, Repeat, Glycoprotein, Host-virus interaction, Mitochondrion, Secreted, Differentiation, Neurogenesis, Cytoplasm, Alternative splicing, Developmental protein, Metal-binding, Heparan sulfate, Direct protein sequencing, Calcium, Angiogenesis, 3D-structure, Heparin-binding, Proteoglycan","Receptors","Neuropilin;Other_receptors, Other_receptors;Plexin","Adhesion receptor","growth factor",TRUE,"CellChatDB v1"
"SEMA3D_NRP1_PLXNA4","SEMA3","Sema3d","NRP1_PLXNA4","","","","","PMID: 27533782","Secreted Signaling","Sema3d  - (Nrp1+Plxna4)",FALSE,"Sema3d","Semaphorin","Secreted","Signal, Developmental protein, Reference proteome, Immunoglobulin domain, Disulfide bond, Secreted, Differentiation, Neurogenesis, Glycoprotein","",,"Nrp1, Plxna4","Plexin, Neuropilin","Cell membrane, Cytoplasm, Secreted, Mitochondrion membrane","Membrane, Signal, Reference proteome, Cell membrane, Transmembrane helix, Disulfide bond, Transmembrane, Receptor, Alternative splicing, Repeat, 3D-structure, Acetylation, Glycoprotein, Host-virus interaction, Mitochondrion, Secreted, Differentiation, Neurogenesis, Cytoplasm, Developmental protein, Metal-binding, Phosphoprotein, Heparan sulfate, Direct protein sequencing, Calcium, Angiogenesis, Heparin-binding, Proteoglycan","Receptors","Neuropilin;Other_receptors, Other_receptors;Plexin","Adhesion receptor","growth factor",TRUE,"CellChatDB v1"
"SEMA3C_NRP2_PLXNA1","SEMA3","Sema3c","NRP2_PLXNA1","","","","","PMID: 27533782","Secreted Signaling","Sema3c  - (Nrp2+Plxna1)",FALSE,"Sema3c","Semaphorin","Secreted","Signal, Developmental protein, Reference proteome, Immunoglobulin domain, Disulfide bond, Secreted, Differentiation, Neurogenesis, Alternative splicing, Glycoprotein","secreted",FALSE,"Nrp2, Plxna1","Plexin, Neuropilin","Cell membrane, Secreted, Membrane","Coiled coil, Membrane, Signal, Reference proteome, Cell membrane, Transmembrane helix, Disulfide bond, Transmembrane, Repeat, Glycoprotein, Host-virus interaction, Secreted, Differentiation, Receptor, Neurogenesis, Alternative splicing, Developmental protein, Metal-binding, Calcium, 3D-structure, Heparin-binding","Receptors","Neuropilin;Other_receptors, Other_receptors;Plexin","Adhesion receptor","growth factor",TRUE,"CellChatDB v1"
"SEMA3C_NRP2_PLXNA2","SEMA3","Sema3c","NRP2_PLXNA2","","","","","PMID: 27533782","Secreted Signaling","Sema3c  - (Nrp2+Plxna2)",FALSE,"Sema3c","Semaphorin","Secreted","Signal, Developmental protein, Reference proteome, Immunoglobulin domain, Disulfide bond, Secreted, Differentiation, Neurogenesis, Alternative splicing, Glycoprotein","secreted",FALSE,"Nrp2, Plxna2","Neuropilin, Plexin","Secreted, Membrane, Cell membrane","Membrane, Host-virus interaction, Secreted, Disulfide bond, Differentiation, Transmembrane, Receptor, Neurogenesis, Alternative splicing, Glycoprotein, Developmental protein, Signal, Reference proteome, Metal-binding, Transmembrane helix, Calcium, 3D-structure, Heparin-binding, Repeat, Coiled coil, Cell membrane, Phosphoprotein","Receptors","Neuropilin;Other_receptors, Other_receptors;Plexin","Adhesion receptor","growth factor",TRUE,"CellChatDB v1"
"SEMA3C_NRP2_PLXNA3","SEMA3","Sema3c","NRP2_PLXNA3","","","","","PMID: 27533782","Secreted Signaling","Sema3c  - (Nrp2+Plxna3)",FALSE,"Sema3c","Semaphorin","Secreted","Signal, Developmental protein, Reference proteome, Immunoglobulin domain, Disulfide bond, Secreted, Differentiation, Neurogenesis, Alternative splicing, Glycoprotein","secreted",FALSE,"Nrp2, Plxna3","Plexin, Neuropilin","Cell membrane, Secreted, Membrane","Membrane, Signal, Reference proteome, Cell membrane, Transmembrane helix, Disulfide bond, Phosphoprotein, Transmembrane, Receptor, Repeat, Glycoprotein, Host-virus interaction, Secreted, Differentiation, Neurogenesis, Alternative splicing, Developmental protein, Metal-binding, Calcium, 3D-structure, Heparin-binding","Receptors","Neuropilin;Other_receptors, Other_receptors;Plexin","Adhesion receptor","growth factor",TRUE,"CellChatDB v1"
"SEMA3C_NRP2_PLXNA4","SEMA3","Sema3c","NRP2_PLXNA4","","","","","PMID: 27533782","Secreted Signaling","Sema3c  - (Nrp2+Plxna4)",FALSE,"Sema3c","Semaphorin","Secreted","Signal, Developmental protein, Reference proteome, Immunoglobulin domain, Disulfide bond, Secreted, Differentiation, Neurogenesis, Alternative splicing, Glycoprotein","secreted",FALSE,"Nrp2, Plxna4","Plexin, Neuropilin","Cell membrane, Secreted, Membrane","Membrane, Signal, Reference proteome, Cell membrane, Transmembrane helix, Disulfide bond, Transmembrane, Receptor, Alternative splicing, Repeat, 3D-structure, Acetylation, Glycoprotein, Host-virus interaction, Secreted, Differentiation, Neurogenesis, Developmental protein, Metal-binding, Calcium, Heparin-binding","Receptors","Neuropilin;Other_receptors, Other_receptors;Plexin","Adhesion receptor","growth factor",TRUE,"CellChatDB v1"
"SEMA3D_NRP2_PLXNA1","SEMA3","Sema3d","NRP2_PLXNA1","","","","","PMID: 27533782","Secreted Signaling","Sema3d  - (Nrp2+Plxna1)",FALSE,"Sema3d","Semaphorin","Secreted","Signal, Developmental protein, Reference proteome, Immunoglobulin domain, Disulfide bond, Secreted, Differentiation, Neurogenesis, Glycoprotein","",,"Nrp2, Plxna1","Plexin, Neuropilin","Cell membrane, Secreted, Membrane","Coiled coil, Membrane, Signal, Reference proteome, Cell membrane, Transmembrane helix, Disulfide bond, Transmembrane, Repeat, Glycoprotein, Host-virus interaction, Secreted, Differentiation, Receptor, Neurogenesis, Alternative splicing, Developmental protein, Metal-binding, Calcium, 3D-structure, Heparin-binding","Receptors","Neuropilin;Other_receptors, Other_receptors;Plexin","Adhesion receptor","growth factor",TRUE,"CellChatDB v1"
"SEMA3D_NRP2_PLXNA2","SEMA3","Sema3d","NRP2_PLXNA2","","","","","PMID: 27533782","Secreted Signaling","Sema3d  - (Nrp2+Plxna2)",FALSE,"Sema3d","Semaphorin","Secreted","Signal, Developmental protein, Reference proteome, Immunoglobulin domain, Disulfide bond, Secreted, Differentiation, Neurogenesis, Glycoprotein","",,"Nrp2, Plxna2","Neuropilin, Plexin","Secreted, Membrane, Cell membrane","Membrane, Host-virus interaction, Secreted, Disulfide bond, Differentiation, Transmembrane, Receptor, Neurogenesis, Alternative splicing, Glycoprotein, Developmental protein, Signal, Reference proteome, Metal-binding, Transmembrane helix, Calcium, 3D-structure, Heparin-binding, Repeat, Coiled coil, Cell membrane, Phosphoprotein","Receptors","Neuropilin;Other_receptors, Other_receptors;Plexin","Adhesion receptor","growth factor",TRUE,"CellChatDB v1"
"SEMA3D_NRP2_PLXNA3","SEMA3","Sema3d","NRP2_PLXNA3","","","","","PMID: 27533782","Secreted Signaling","Sema3d  - (Nrp2+Plxna3)",FALSE,"Sema3d","Semaphorin","Secreted","Signal, Developmental protein, Reference proteome, Immunoglobulin domain, Disulfide bond, Secreted, Differentiation, Neurogenesis, Glycoprotein","",,"Nrp2, Plxna3","Plexin, Neuropilin","Cell membrane, Secreted, Membrane","Membrane, Signal, Reference proteome, Cell membrane, Transmembrane helix, Disulfide bond, Phosphoprotein, Transmembrane, Receptor, Repeat, Glycoprotein, Host-virus interaction, Secreted, Differentiation, Neurogenesis, Alternative splicing, Developmental protein, Metal-binding, Calcium, 3D-structure, Heparin-binding","Receptors","Neuropilin;Other_receptors, Other_receptors;Plexin","Adhesion receptor","growth factor",TRUE,"CellChatDB v1"
"SEMA3D_NRP2_PLXNA4","SEMA3","Sema3d","NRP2_PLXNA4","","","","","PMID: 27533782","Secreted Signaling","Sema3d  - (Nrp2+Plxna4)",FALSE,"Sema3d","Semaphorin","Secreted","Signal, Developmental protein, Reference proteome, Immunoglobulin domain, Disulfide bond, Secreted, Differentiation, Neurogenesis, Glycoprotein","",,"Nrp2, Plxna4","Plexin, Neuropilin","Cell membrane, Secreted, Membrane","Membrane, Signal, Reference proteome, Cell membrane, Transmembrane helix, Disulfide bond, Transmembrane, Receptor, Alternative splicing, Repeat, 3D-structure, Acetylation, Glycoprotein, Host-virus interaction, Secreted, Differentiation, Neurogenesis, Developmental protein, Metal-binding, Calcium, Heparin-binding","Receptors","Neuropilin;Other_receptors, Other_receptors;Plexin","Adhesion receptor","growth factor",TRUE,"CellChatDB v1"
"SEMA3F_NRP2_PLXNA1","SEMA3","Sema3f","NRP2_PLXNA1","","","","","PMID: 27533782","Secreted Signaling","Sema3f  - (Nrp2+Plxna1)",FALSE,"Sema3f","Semaphorin","Secreted","Secreted, Signal, Reference proteome, Alternative splicing, Immunoglobulin domain, Disulfide bond, Glycoprotein","secreted",FALSE,"Nrp2, Plxna1","Plexin, Neuropilin","Cell membrane, Secreted, Membrane","Coiled coil, Membrane, Signal, Reference proteome, Cell membrane, Transmembrane helix, Disulfide bond, Transmembrane, Repeat, Glycoprotein, Host-virus interaction, Secreted, Differentiation, Receptor, Neurogenesis, Alternative splicing, Developmental protein, Metal-binding, Calcium, 3D-structure, Heparin-binding","Receptors","Neuropilin;Other_receptors, Other_receptors;Plexin","Adhesion receptor","growth factor",TRUE,"CellChatDB v1"
"SEMA3F_NRP2_PLXNA2","SEMA3","Sema3f","NRP2_PLXNA2","","","","","PMID: 27533782","Secreted Signaling","Sema3f  - (Nrp2+Plxna2)",FALSE,"Sema3f","Semaphorin","Secreted","Secreted, Signal, Reference proteome, Alternative splicing, Immunoglobulin domain, Disulfide bond, Glycoprotein","secreted",FALSE,"Nrp2, Plxna2","Neuropilin, Plexin","Secreted, Membrane, Cell membrane","Membrane, Host-virus interaction, Secreted, Disulfide bond, Differentiation, Transmembrane, Receptor, Neurogenesis, Alternative splicing, Glycoprotein, Developmental protein, Signal, Reference proteome, Metal-binding, Transmembrane helix, Calcium, 3D-structure, Heparin-binding, Repeat, Coiled coil, Cell membrane, Phosphoprotein","Receptors","Neuropilin;Other_receptors, Other_receptors;Plexin","Adhesion receptor","growth factor",TRUE,"CellChatDB v1"
"SEMA3F_NRP2_PLXNA3","SEMA3","Sema3f","NRP2_PLXNA3","","","","","PMID: 27533782","Secreted Signaling","Sema3f  - (Nrp2+Plxna3)",FALSE,"Sema3f","Semaphorin","Secreted","Secreted, Signal, Reference proteome, Alternative splicing, Immunoglobulin domain, Disulfide bond, Glycoprotein","secreted",FALSE,"Nrp2, Plxna3","Plexin, Neuropilin","Cell membrane, Secreted, Membrane","Membrane, Signal, Reference proteome, Cell membrane, Transmembrane helix, Disulfide bond, Phosphoprotein, Transmembrane, Receptor, Repeat, Glycoprotein, Host-virus interaction, Secreted, Differentiation, Neurogenesis, Alternative splicing, Developmental protein, Metal-binding, Calcium, 3D-structure, Heparin-binding","Receptors","Neuropilin;Other_receptors, Other_receptors;Plexin","Adhesion receptor","growth factor",TRUE,"CellChatDB v1"
"SEMA3F_NRP2_PLXNA4","SEMA3","Sema3f","NRP2_PLXNA4","","","","","PMID: 27533782","Secreted Signaling","Sema3f  - (Nrp2+Plxna4)",FALSE,"Sema3f","Semaphorin","Secreted","Secreted, Signal, Reference proteome, Alternative splicing, Immunoglobulin domain, Disulfide bond, Glycoprotein","secreted",FALSE,"Nrp2, Plxna4","Plexin, Neuropilin","Cell membrane, Secreted, Membrane","Membrane, Signal, Reference proteome, Cell membrane, Transmembrane helix, Disulfide bond, Transmembrane, Receptor, Alternative splicing, Repeat, 3D-structure, Acetylation, Glycoprotein, Host-virus interaction, Secreted, Differentiation, Neurogenesis, Developmental protein, Metal-binding, Calcium, Heparin-binding","Receptors","Neuropilin;Other_receptors, Other_receptors;Plexin","Adhesion receptor","growth factor",TRUE,"CellChatDB v1"
"SEMA3C_NRP1_NRP2","SEMA3","Sema3c","NRP1_NRP2","","","","","PMID: 27533782","Secreted Signaling","Sema3c  - (Nrp1+Nrp2)",FALSE,"Sema3c","Semaphorin","Secreted","Signal, Developmental protein, Reference proteome, Immunoglobulin domain, Disulfide bond, Secreted, Differentiation, Neurogenesis, Alternative splicing, Glycoprotein","secreted",FALSE,"Nrp1, Nrp2, Plxnd1","Neuropilin, Plexin","Cell membrane, Cytoplasm, Secreted, Mitochondrion membrane, Lamellipodium membrane, Cell projection, Membrane","Membrane, Host-virus interaction, Mitochondrion, Secreted, Disulfide bond, Transmembrane, Differentiation, Receptor, Neurogenesis, Cytoplasm, Alternative splicing, Glycoprotein, Developmental protein, Signal, Reference proteome, Metal-binding, Transmembrane helix, Cell membrane, Phosphoprotein, Heparan sulfate, Direct protein sequencing, Calcium, Angiogenesis, 3D-structure, Heparin-binding, Proteoglycan, Repeat, Cell projection","Receptors","Neuropilin;Other_receptors, Other_receptors;Plexin","Adhesion receptor","growth factor",TRUE,"CellChatDB v1"
"SEMA3C_PLXND1","SEMA3","Sema3c","Plxnd1","","","","","PMID: 27533782","Secreted Signaling","Sema3c  - Plxnd1",FALSE,"Sema3c","Semaphorin","Secreted","Signal, Developmental protein, Reference proteome, Immunoglobulin domain, Disulfide bond, Secreted, Differentiation, Neurogenesis, Alternative splicing, Glycoprotein","secreted",FALSE,"Plxnd1","Plexin","Lamellipodium membrane, Cell membrane, Cell projection","Cell projection, Membrane, Signal, Developmental protein, Reference proteome, Cell membrane, Transmembrane helix, Disulfide bond, Transmembrane, Receptor, Angiogenesis, Alternative splicing, Repeat, 3D-structure, Glycoprotein","Receptors","Other_receptors;Plexin","","",TRUE,"CellChatDB v1"
"SEMA3E_PLXND1","SEMA3","Sema3e","Plxnd1","","","","","PMID: 22325954","Secreted Signaling","Sema3e  - Plxnd1",FALSE,"Sema3e","Semaphorin","Secreted","Signal, Developmental protein, Reference proteome, Immunoglobulin domain, Disulfide bond, Differentiation, Secreted, Angiogenesis, Neurogenesis, Alternative splicing, Glycoprotein","secreted",FALSE,"Plxnd1","Plexin","Lamellipodium membrane, Cell membrane, Cell projection","Cell projection, Membrane, Signal, Developmental protein, Reference proteome, Cell membrane, Transmembrane helix, Disulfide bond, Transmembrane, Receptor, Angiogenesis, Alternative splicing, Repeat, 3D-structure, Glycoprotein","Receptors","Other_receptors;Plexin","","",TRUE,"CellChatDB v1"
"CRH_CRHR1","CRH","Crh","Crhr1","","","","","KEGG: mmu04080","Secreted Signaling","Crh  - Crhr1",FALSE,"Crh","Sauvagine/corticotropin-releasing factor/urotensin I","Secreted","Signal, Reference proteome, Amidation, Secreted, Direct protein sequencing, Cleavage on pair of basic residues, 3D-structure, Hormone","hormone",FALSE,"Crhr1","G-protein coupled receptor 2","Cell membrane, Endosome","Membrane, Disulfide bond, Transmembrane, Receptor, Alternative splicing, Glycoprotein, Transducer, Signal, Reference proteome, Cell membrane, Transmembrane helix, Phosphoprotein, Direct protein sequencing, G-protein coupled receptor, 3D-structure, Endosome","Receptors","GPCR;Secretin","","",TRUE,"CellChatDB v1"
"GAS6_AXL","GAS","Gas6","Axl","","","","","PMID: 27801848","Secreted Signaling","Gas6  - Axl",FALSE,"Gas6","","Secreted","Signal, Growth regulation, Reference proteome, Host-virus interaction, Metal-binding, Disulfide bond, Phosphoprotein, Secreted, Gamma-carboxyglutamic acid, Calcium, 3D-structure, Glycoprotein, Alternative splicing, EGF-like domain, Repeat","secreted",FALSE,"Axl","Protein kinase superfamily, Tyr protein kinase","Cell membrane","Immunity, Membrane, Host-virus interaction, Disulfide bond, Differentiation, Kinase, Transmembrane, ATP-binding, Host cell receptor for virus entry, Receptor, Alternative splicing, Tyrosine-protein kinase, Repeat, Transferase, Glycoprotein, Signal, Reference proteome, Immunoglobulin domain, Cell membrane, Innate immunity, Transmembrane helix, Proto-oncogene, Phosphoprotein, Oncogene, 3D-structure, Nucleotide-binding, Ubl conjugation","Receptors","Axl;Kinase","","",TRUE,"CellChatDB v1"
"GAS6_MERTK","GAS","Gas6","Mertk","","","","","PMID: 27801848","Secreted Signaling","Gas6  - Mertk",FALSE,"Gas6","","Secreted","Signal, Growth regulation, Reference proteome, Host-virus interaction, Metal-binding, Disulfide bond, Phosphoprotein, Secreted, Gamma-carboxyglutamic acid, Calcium, 3D-structure, Glycoprotein, Alternative splicing, EGF-like domain, Repeat","secreted",FALSE,"Mertk","Protein kinase superfamily, Tyr protein kinase","Cell membrane","Membrane, Disulfide bond, Transmembrane, Kinase, ATP-binding, Receptor, Tyrosine-protein kinase, Repeat, Transferase, Glycoprotein, Disease variant, Signal, Reference proteome, Immunoglobulin domain, Cell membrane, Transmembrane helix, Proto-oncogene, Phosphoprotein, 3D-structure, Nucleotide-binding, Retinitis pigmentosa","Receptors","Axl;Kinase","","",TRUE,"CellChatDB v1"
"GAS6_TYRO3","GAS","Gas6","Tyro3","","","","","PMID: 27801848","Secreted Signaling","Gas6  - Tyro3",FALSE,"Gas6","","Secreted","Signal, Growth regulation, Reference proteome, Host-virus interaction, Metal-binding, Disulfide bond, Phosphoprotein, Secreted, Gamma-carboxyglutamic acid, Calcium, 3D-structure, Glycoprotein, Alternative splicing, EGF-like domain, Repeat","secreted",FALSE,"Tyro3","Protein kinase superfamily, Tyr protein kinase","Cell membrane","Membrane, Host-virus interaction, Disulfide bond, Transmembrane, Kinase, ATP-binding, Host cell receptor for virus entry, Receptor, Tyrosine-protein kinase, Transferase, Glycoprotein, Signal, Reference proteome, Immunoglobulin domain, Cell membrane, Transmembrane helix, Phosphoprotein, 3D-structure, Nucleotide-binding, Cell adhesion, Repeat","Receptors","Axl;Kinase","","",TRUE,"CellChatDB v1"
"GHRH_VIPR1","GHRH","Ghrh","Vipr1","","","","","PMID: 10655511","Secreted Signaling","Ghrh  - Vipr1",FALSE,"Ghrh","Glucagon","Secreted","Signal, Reference proteome, Pharmaceutical, Amidation, Secreted, Direct protein sequencing, Cleavage on pair of basic residues, Alternative splicing, 3D-structure","secreted",FALSE,"Vipr1","G-protein coupled receptor 2","Cell membrane","Transducer, Membrane, Signal, Reference proteome, Cell membrane, Transmembrane helix, Disulfide bond, Transmembrane, Receptor, Alternative splicing, G-protein coupled receptor, 3D-structure, Glycoprotein","Receptors","GPCR;Secretin","","",TRUE,"CellChatDB v1"
"GRN_SORT1","GRN","Grn","Sort1","","","","","PMID: 29555433","Secreted Signaling","Grn  - Sort1",FALSE,"Grn","Granulin","Secreted, Lysosome","Lysosome, Signal, Reference proteome, Neurodegeneration, Neuronal ceroid lipofuscinosis, Disulfide bond, Secreted, Direct protein sequencing, Alternative splicing, Repeat, 3D-structure, Cytokine, Glycoprotein","",,"Sort1","VPS10-related sortilin","Golgi apparatus, Golgi stack membrane, Lysosome membrane, Cell membrane, Nucleus membrane, Endosome membrane, Endoplasmic reticulum membrane","Membrane, Disulfide bond, Differentiation, Transmembrane, Receptor, Alternative splicing, Endoplasmic reticulum, Glycoprotein, Lysosome, Endocytosis, Developmental protein, Signal, Reference proteome, Lipoprotein, Cell membrane, Transmembrane helix, Nucleus, Phosphoprotein, Transport, Direct protein sequencing, Golgi apparatus, Cleavage on pair of basic residues, Osteogenesis, 3D-structure, Palmitate, Endosome, Repeat","Receptors","Other_receptors;VPS10R","","",TRUE,"CellChatDB v1"
"INSL5_RXFP2","RLN","Insl5","Rxfp2","","","","","KEGG: mmu04080","Secreted Signaling","Insl5  - Rxfp2",FALSE,"Insl5","Insulin","Secreted","Signal, Reference proteome, Pyrrolidone carboxylic acid, Disulfide bond, Secreted, Direct protein sequencing, Cleavage on pair of basic residues, 3D-structure, Hormone","hormone",FALSE,"Rxfp2","G-protein coupled receptor 1","Cell membrane","Transducer, Disease variant, Membrane, Leucine-rich repeat, Reference proteome, Cell membrane, Transmembrane helix, Disulfide bond, Transmembrane, Receptor, Alternative splicing, G-protein coupled receptor, Repeat, 3D-structure, Glycoprotein","Receptors","GPCR;Rhodopsin","","",TRUE,"CellChatDB v1"
"INSL5_RXFP1","RLN","Insl5","Rxfp1","","","","","KEGG: mmu04080","Secreted Signaling","Insl5  - Rxfp1",FALSE,"Insl5","Insulin","Secreted","Signal, Reference proteome, Pyrrolidone carboxylic acid, Disulfide bond, Secreted, Direct protein sequencing, Cleavage on pair of basic residues, 3D-structure, Hormone","hormone",FALSE,"Rxfp1","G-protein coupled receptor 1","Cell membrane","Membrane, Leucine-rich repeat, Disulfide bond, Transmembrane, Receptor, Alternative splicing, Glycoprotein, Transducer, Reference proteome, Metal-binding, Transmembrane helix, Cell membrane, Calcium, G-protein coupled receptor, 3D-structure, Repeat","Receptors","GPCR;Rhodopsin","","",TRUE,"CellChatDB v1"
"OSTN_NPR3","OSTN","Ostn","Npr3","","","","","PMID: 29326144","Secreted Signaling","Ostn  - Npr3",FALSE,"Ostn","Osteocrin","Secreted","Signal, Developmental protein, Reference proteome, Amidation, Secreted, Differentiation, Cleavage on pair of basic residues, Hormone","",,"Npr3","ANF receptor","Cell membrane","Disease variant, Membrane, Signal, Reference proteome, Cell membrane, Transmembrane helix, Disulfide bond, Transmembrane, Direct protein sequencing, Receptor, Alternative splicing, Chloride, 3D-structure, Glycoprotein","Receptors","Kinase;RGC","","",,"CellChatDB v1"
"PMCH_MERTK","PMCH","Pmch","Mertk","","","","","PMID: 30501104","Secreted Signaling","Pmch  - Mertk",TRUE,"Pmch","Melanin-concentrating hormone","Secreted","Reference proteome, Reference proteome, Signal, Developmental protein, Reference proteome, Disulfide bond, Amidation, Secreted, Neuropeptide, Differentiation, Cleavage on pair of basic residues, Spermatogenesis, Hormone","hormone",FALSE,"Mertk","Protein kinase superfamily, Tyr protein kinase","Cell membrane","Membrane, Disulfide bond, Transmembrane, Kinase, ATP-binding, Receptor, Tyrosine-protein kinase, Repeat, Transferase, Glycoprotein, Disease variant, Signal, Reference proteome, Immunoglobulin domain, Cell membrane, Transmembrane helix, Proto-oncogene, Phosphoprotein, 3D-structure, Nucleotide-binding, Retinitis pigmentosa","Receptors","Axl;Kinase","","",TRUE,"CellChatDB v1"
"PSAP_GPR37L1","PSAP","Psap","Gpr37l1","","","","","PMID: 23690594","Secreted Signaling","Psap  - Gpr37l1",FALSE,"Psap","","Secreted, Lysosome","Secreted, Disulfide bond, Gaucher disease, Parkinsonism, Leukodystrophy, Metachromatic leukodystrophy, Alternative splicing, Sphingolipid metabolism, Glycoprotein, Gangliosidosis, Disease variant, Parkinson disease, Lysosome, Signal, Reference proteome, Neurodegeneration, Lipid metabolism, Direct protein sequencing, 3D-structure, Repeat","secreted",FALSE,"Gpr37l1","G-protein coupled receptor 1","Cilium membrane, Cell projection, Cell membrane","Transducer, Cell projection, Ubl conjugation, Membrane, Signal, Reference proteome, Cell membrane, Transmembrane helix, Disulfide bond, Phosphoprotein, Transmembrane, Receptor, G-protein coupled receptor, Glycoprotein","Receptors","GPCR;Rhodopsin","","",TRUE,"CellChatDB v1"
"PSAP_GPR37","PSAP","Psap","Gpr37","","","","","PMID: 23690594","Secreted Signaling","Psap  - Gpr37",FALSE,"Psap","","Secreted, Lysosome","Secreted, Disulfide bond, Gaucher disease, Parkinsonism, Leukodystrophy, Metachromatic leukodystrophy, Alternative splicing, Sphingolipid metabolism, Glycoprotein, Gangliosidosis, Disease variant, Parkinson disease, Lysosome, Signal, Reference proteome, Neurodegeneration, Lipid metabolism, Direct protein sequencing, 3D-structure, Repeat","secreted",FALSE,"Gpr37","G-protein coupled receptor 1","Endoplasmic reticulum membrane, Cell membrane","Transducer, Ubl conjugation, Membrane, Signal, Reference proteome, Cell membrane, Transmembrane helix, Disulfide bond, Transmembrane, Receptor, G-protein coupled receptor, Endoplasmic reticulum, Glycoprotein","Receptors","GPCR;Rhodopsin","","",TRUE,"CellChatDB v1"
"PTHLH_PTH1R","PTH","Pthlh","Pth1r","","","","","PMID: 29577935","Secreted Signaling","Pthlh  - Pth1r",FALSE,"Pthlh","Parathyroid hormone","Cytoplasm, Secreted, Nucleus","Disease variant, Signal, Reference proteome, Nucleus, Secreted, Direct protein sequencing, Calcium, Cleavage on pair of basic residues, Alternative splicing, Cytoplasm, 3D-structure, Hormone","hormone",FALSE,"Pth1r","G-protein coupled receptor 2","Cell membrane","Transducer, Disease variant, Membrane, Signal, Reference proteome, Cell membrane, Transmembrane helix, Disulfide bond, Phosphoprotein, Transmembrane, Receptor, G-protein coupled receptor, 3D-structure, Dwarfism, Glycoprotein","Receptors","GPCR;Secretin","","",TRUE,"CellChatDB v1"
"RARRES2_CMKLR1","CHEMERIN","Rarres2","Cmklr1","","","","","PMID: 24671882","Secreted Signaling","Rarres2  - Cmklr1",FALSE,"Rarres2","","Secreted","Signal, Reference proteome, Disulfide bond, Secreted, Differentiation, Direct protein sequencing, Chemotaxis, Inflammatory response","secreted",FALSE,"Cmklr1","Chemokine-like receptor (CMKLR)","Cell membrane","Transducer, Membrane, Reference proteome, Cell membrane, Transmembrane helix, Disulfide bond, Phosphoprotein, Transmembrane, Receptor, Alternative splicing, G-protein coupled receptor, Glycoprotein","Receptors","GPCR;Rhodopsin","","",TRUE,"CellChatDB v1"
"TRH_TRHR","TRH","Trh","Trhr","","","","","KEGG: mmu04080","Secreted Signaling","Trh  - Trhr",TRUE,"Trh","TRH","Secreted","Cleavage on pair of basic residues, Secreted, Signal, Reference proteome, Repeat, Amidation, Hormone","hormone",FALSE,"Trhr","G-protein coupled receptor 1","Cell membrane","Transducer, Disease variant, Membrane, Reference proteome, Cell membrane, Transmembrane helix, Disulfide bond, Transmembrane, Receptor, G-protein coupled receptor, Congenital hypothyroidism, 3D-structure, Glycoprotein","Receptors","GPCR;Rhodopsin","","",TRUE,"CellChatDB v1"
"UCN_CRHR1","UCN","Ucn","Crhr1","","","","","KEGG: mmu04080","Secreted Signaling","Ucn  - Crhr1",FALSE,"Ucn","Sauvagine/corticotropin-releasing factor/urotensin I","Secreted","Signal, Reference proteome, Amidation, Secreted, Hearing, Cleavage on pair of basic residues, 3D-structure, Hormone","hormone",FALSE,"Crhr1","G-protein coupled receptor 2","Cell membrane, Endosome","Membrane, Disulfide bond, Transmembrane, Receptor, Alternative splicing, Glycoprotein, Transducer, Signal, Reference proteome, Cell membrane, Transmembrane helix, Phosphoprotein, Direct protein sequencing, G-protein coupled receptor, 3D-structure, Endosome","Receptors","GPCR;Secretin","","",TRUE,"CellChatDB v1"
"BDNF_SORT1","NT","Bdnf","Sort1","","","","","uniprot","Secreted Signaling","Bdnf - Sort1",FALSE,"Bdnf","NGF-beta","Secreted","Disease variant, Signal, Reference proteome, Disulfide bond, Secreted, Growth factor, Alternative promoter usage, Direct protein sequencing, Cleavage on pair of basic residues, Alternative splicing, 3D-structure, Glycoprotein","growth factor",FALSE,"Sort1","VPS10-related sortilin","Golgi apparatus, Golgi stack membrane, Lysosome membrane, Cell membrane, Nucleus membrane, Endosome membrane, Endoplasmic reticulum membrane","Membrane, Disulfide bond, Differentiation, Transmembrane, Receptor, Alternative splicing, Endoplasmic reticulum, Glycoprotein, Lysosome, Endocytosis, Developmental protein, Signal, Reference proteome, Lipoprotein, Cell membrane, Transmembrane helix, Nucleus, Phosphoprotein, Transport, Direct protein sequencing, Golgi apparatus, Cleavage on pair of basic residues, Osteogenesis, 3D-structure, Palmitate, Endosome, Repeat","Receptors","Other_receptors;VPS10R","","",TRUE,"CellChatDB v2"
"BDNF_NGFR","NT","Bdnf","Ngfr","","","","","uniprot","Secreted Signaling","Bdnf - Ngfr",FALSE,"Bdnf","NGF-beta","Secreted","Disease variant, Signal, Reference proteome, Disulfide bond, Secreted, Growth factor, Alternative promoter usage, Direct protein sequencing, Cleavage on pair of basic residues, Alternative splicing, 3D-structure, Glycoprotein","growth factor",FALSE,"Ngfr","","Perikaryon, Cell projection, Growth cone, Cell membrane, Dendritic spine","Membrane, Disulfide bond, Differentiation, Transmembrane, Receptor, Neurogenesis, Alternative splicing, Glycoprotein, Cell projection, Developmental protein, Signal, Biological rhythms, Reference proteome, Cell membrane, Transmembrane helix, Phosphoprotein, Apoptosis, Synapse, 3D-structure, Repeat","Receptors","Other_receptors;TNFNGF","","",TRUE,"CellChatDB v2"
"NTS_SORT1","NTS","Nts","Sort1","","","","","PMID: 34038712","Secreted Signaling","Nts - Sort1",FALSE,"Nts","Neurotensin","Cytoplasmic vesicle, Secreted, Secretory vesicle","Signal, Reference proteome, Pyrrolidone carboxylic acid, Secreted, Cleavage on pair of basic residues, Vasoactive, 3D-structure, Cytoplasmic vesicle","secreted",FALSE,"Sort1","VPS10-related sortilin","Golgi apparatus, Golgi stack membrane, Lysosome membrane, Cell membrane, Nucleus membrane, Endosome membrane, Endoplasmic reticulum membrane","Membrane, Disulfide bond, Differentiation, Transmembrane, Receptor, Alternative splicing, Endoplasmic reticulum, Glycoprotein, Lysosome, Endocytosis, Developmental protein, Signal, Reference proteome, Lipoprotein, Cell membrane, Transmembrane helix, Nucleus, Phosphoprotein, Transport, Direct protein sequencing, Golgi apparatus, Cleavage on pair of basic residues, Osteogenesis, 3D-structure, Palmitate, Endosome, Repeat","Receptors","Other_receptors;VPS10R","","",TRUE,"CellChatDB v2"
"NRG1_ITGA6_ITGB4","NRG","Nrg1","ITGA6_ITGB4","","","","","PMID: 20682778","Secreted Signaling","Nrg1 - (Itga6+Itgb4)",TRUE,"Nrg1","Neuregulin","Membrane-bound isoform]: Cell membrane, [Pro-neuregulin-1","Membrane, Disulfide bond, Secreted, Transmembrane, Growth factor, Alternative splicing, EGF-like domain, Glycoprotein, Chromosomal rearrangement, Reference proteome, Immunoglobulin domain, Cell membrane, Nucleus, Transmembrane helix, Direct protein sequencing, 3D-structure","growth factor",TRUE,"Itga6, Itgb4","Integrin alpha chain, Integrin beta chain","Cell membrane, Hemidesmosome, Cell junction","Membrane, Disulfide bond, Transmembrane, Receptor, Alternative splicing, Glycoprotein, Signal, Reference proteome, Integrin, Lipoprotein, Metal-binding, Transmembrane helix, Cell membrane, Phosphoprotein, Direct protein sequencing, Calcium, Cleavage on pair of basic residues, Epidermolysis bullosa, 3D-structure, Palmitate, Cell adhesion, Repeat, Disease variant, Cell junction","Receptors","Integrin;Other_receptors","Adhesion receptor","",TRUE,"CellChatDB v2"
