source,target,ligand,receptor,prob,pval,interaction_name,interaction_name_2,pathway_name,annotation,evidence
SM,SM,TGFB1,TGFbR1_R2,0.00023000184829092632,0.0,TGFB1_TGFBR1_TGFBR2,TGFB1 - (TGFBR1+TGFBR2),TGFb,Secreted Signaling,KEGG: hsa04350
EG,SM,TGFB1,TGFbR1_R2,0.00015735435129229399,0.03,TGFB1_TGFBR1_TGFBR2,TGFB1 - (TGFBR1+TGFBR2),TGFb,Secreted Signaling,KEGG: hsa04350
EG,Keratinocyte,TGFB1,TGFbR1_R2,0.00041329413171019134,0.0,TGFB1_TGFBR1_TGFBR2,TGFB1 - (TGFBR1+TGFBR2),TGFb,Secreted Signaling,KEGG: hsa04350
SM,SM,ANGPTL4,CDH5,0.0010884129467141237,0.0,ANGPTL4_CDH5,ANGPTL4 - CDH5,ANGPTL,Secreted Signaling,PMID: 30049845
EG,ENDO,ANGPTL4,CDH5,0.0007792622771355304,0.0,ANGPTL4_CDH5,ANGPTL4 - CDH5,ANGPTL,Secreted Signaling,PMID: 30049845
EG,SM,ANGPTL4,CDH5,0.0006915722074567153,0.01,ANGPTL4_CDH5,ANGPTL4 - CDH5,ANGPTL,Secreted Signaling,PMID: 30049845
FIB,SM,ANGPTL4,ITGA5_ITGB1,0.0007399879783792243,0.02,ANGPTL4_ITGA5_ITGB1,ANGPTL4 - (ITGA5+ITGB1),ANGPTL,Secreted Signaling,PMID: 30049845
SM,SM,ANGPTL4,ITGA5_ITGB1,0.001164328450933784,0.0,ANGPTL4_ITGA5_ITGB1,ANGPTL4 - (ITGA5+ITGB1),ANGPTL,Secreted Signaling,PMID: 30049845
EG,SM,ANGPTL4,ITGA5_ITGB1,0.0009596831110495525,0.0,ANGPTL4_ITGA5_ITGB1,ANGPTL4 - (ITGA5+ITGB1),ANGPTL,Secreted Signaling,PMID: 30049845
FIB,FIB,ANGPTL1,LILRB3,0.0020671709703455068,0.0,ANGPTL1_PIRB,ANGPTL1 - PIRB,ANGPTL,Secreted Signaling,PMID: 24478758
FIB,SM,ANGPTL1,LILRB3,0.0013402994404658893,0.0,ANGPTL1_PIRB,ANGPTL1 - PIRB,ANGPTL,Secreted Signaling,PMID: 24478758
SM,FIB,ANGPTL1,LILRB3,0.0012289430722384547,0.01,ANGPTL1_PIRB,ANGPTL1 - PIRB,ANGPTL,Secreted Signaling,PMID: 24478758
ENDO,SM,ANGPTL2,LILRB3,0.0010108962253047432,0.02,ANGPTL2_PIRB,ANGPTL2 - PIRB,ANGPTL,Secreted Signaling,PMID: 24478758
SM,FIB,ANGPTL2,LILRB3,0.0009805059431498282,0.03,ANGPTL2_PIRB,ANGPTL2 - PIRB,ANGPTL,Secreted Signaling,PMID: 24478758
SM,SM,ANGPTL2,LILRB3,0.001772220165692715,0.0,ANGPTL2_PIRB,ANGPTL2 - PIRB,ANGPTL,Secreted Signaling,PMID: 24478758
EG,SM,ANGPTL2,LILRB3,0.001105044061792152,0.0,ANGPTL2_PIRB,ANGPTL2 - PIRB,ANGPTL,Secreted Signaling,PMID: 24478758
SM,FIB,ANGPTL2,TLR4,0.0004796429733989158,0.03,ANGPTL2_TLR4,ANGPTL2 - TLR4,ANGPTL,Secreted Signaling,PMID: 24478758
SM,SM,ANGPTL2,TLR4,0.0013059565020074135,0.0,ANGPTL2_TLR4,ANGPTL2 - TLR4,ANGPTL,Secreted Signaling,PMID: 24478758
SM,EG,ANGPTL2,TLR4,0.0006406253733460028,0.0,ANGPTL2_TLR4,ANGPTL2 - TLR4,ANGPTL,Secreted Signaling,PMID: 24478758
SM,SM,ANGPTL4,CDH11,0.0010831449552747947,0.0,ANGPTL4_CDH11,ANGPTL4 - CDH11,ANGPTL,Secreted Signaling,PMID: 30049845
EG,SM,ANGPTL4,CDH11,0.0007542832615655703,0.0,ANGPTL4_CDH11,ANGPTL4 - CDH11,ANGPTL,Secreted Signaling,PMID: 30049845
SM,SM,ANGPTL2,ITGA5_ITGB1,0.0017580676394843067,0.0,ANGPTL2_ITGA5_ITGB1,ANGPTL2 - (ITGA5+ITGB1),ANGPTL,Secreted Signaling,PMID: 24478758
EG,SM,ANGPTL2,ITGA5_ITGB1,0.0010716027585997469,0.0,ANGPTL2_ITGA5_ITGB1,ANGPTL2 - (ITGA5+ITGB1),ANGPTL,Secreted Signaling,PMID: 24478758
Immune,EG,ANGPTL2,ITGA5_ITGB1,0.0007927884247929274,0.03,ANGPTL2_ITGA5_ITGB1,ANGPTL2 - (ITGA5+ITGB1),ANGPTL,Secreted Signaling,PMID: 24478758
SM,SM,NAMPT,ITGA5_ITGB1,0.0016502136789485595,0.0,NAMPT_ITGA5_ITGB1,NAMPT - (ITGA5+ITGB1),VISFATIN,Secreted Signaling,PMID: 28490838
EG,SM,NAMPT,ITGA5_ITGB1,0.0009455170002310151,0.0,NAMPT_ITGA5_ITGB1,NAMPT - (ITGA5+ITGB1),VISFATIN,Secreted Signaling,PMID: 28490838
Keratinocyte,Immune,NAMPT,ITGA5_ITGB1,0.0007386678672642718,0.02,NAMPT_ITGA5_ITGB1,NAMPT - (ITGA5+ITGB1),VISFATIN,Secreted Signaling,PMID: 28490838
FIB,EG,ADIPOQ,ADIPOR2,0.0007800653225303295,0.0,ADIPOQ_ADIPOR2,ADIPOQ - ADIPOR2,ADIPONECTIN,Secreted Signaling,PMID: 21284979
SM,EG,ADIPOQ,ADIPOR2,0.0007291063520901488,0.0,ADIPOQ_ADIPOR2,ADIPOQ - ADIPOR2,ADIPONECTIN,Secreted Signaling,PMID: 21284979
EG,EG,ADIPOQ,ADIPOR2,0.0011140325001967122,0.0,ADIPOQ_ADIPOR2,ADIPOQ - ADIPOR2,ADIPONECTIN,Secreted Signaling,PMID: 21284979
FIB,EG,ADIPOQ,ADIPOR1,0.0009191324360332534,0.0,ADIPOQ_ADIPOR1,ADIPOQ - ADIPOR1,ADIPONECTIN,Secreted Signaling,PMID: 21284979
EG,SM,ADIPOQ,ADIPOR1,0.0007351733646508118,0.04,ADIPOQ_ADIPOR1,ADIPOQ - ADIPOR1,ADIPONECTIN,Secreted Signaling,PMID: 21284979
EG,EG,ADIPOQ,ADIPOR1,0.0011348796271587454,0.0,ADIPOQ_ADIPOR1,ADIPOQ - ADIPOR1,ADIPONECTIN,Secreted Signaling,PMID: 21284979
SM,FIB,SPP1,ITGA5_ITGB1,0.0007792744655106104,0.04,SPP1_ITGA5_ITGB1,SPP1 - (ITGA5+ITGB1),SPP1,Secreted Signaling,PMID: 21907263
SM,SM,SPP1,ITGA5_ITGB1,0.001979554251843814,0.0,SPP1_ITGA5_ITGB1,SPP1 - (ITGA5+ITGB1),SPP1,Secreted Signaling,PMID: 21907263
Immune,FIB,SPP1,ITGA5_ITGB1,0.0013259858875332411,0.0,SPP1_ITGA5_ITGB1,SPP1 - (ITGA5+ITGB1),SPP1,Secreted Signaling,PMID: 21907263
FIB,EG,ANGPTL1,ITGA1_ITGB1,0.0008884463294506549,0.03,ANGPTL1_ITGA1_ITGB1,ANGPTL1 - (ITGA1+ITGB1),ANGPTL,Secreted Signaling,PMID: 24478758
SM,SM,ANGPTL1,ITGA1_ITGB1,0.0012124737348498222,0.0,ANGPTL1_ITGA1_ITGB1,ANGPTL1 - (ITGA1+ITGB1),ANGPTL,Secreted Signaling,PMID: 24478758
EG,SM,ANGPTL1,ITGA1_ITGB1,0.0011626196483776816,0.0,ANGPTL1_ITGA1_ITGB1,ANGPTL1 - (ITGA1+ITGB1),ANGPTL,Secreted Signaling,PMID: 24478758
FIB,EG,ANGPTL4,SDC1,0.0011226277343027778,0.03,ANGPTL4_SDC1,ANGPTL4 - SDC1,ANGPTL,Secreted Signaling,PMID: 29017031
Keratinocyte,EG,ANGPTL4,SDC1,0.0010679181511291588,0.04,ANGPTL4_SDC1,ANGPTL4 - SDC1,ANGPTL,Secreted Signaling,PMID: 29017031
Keratinocyte,Keratinocyte,ANGPTL4,SDC1,0.003469488552641249,0.0,ANGPTL4_SDC1,ANGPTL4 - SDC1,ANGPTL,Secreted Signaling,PMID: 29017031
Immune,Keratinocyte,ANGPTL4,SDC1,0.0011408006737378131,0.0,ANGPTL4_SDC1,ANGPTL4 - SDC1,ANGPTL,Secreted Signaling,PMID: 29017031
FIB,SM,ANGPTL4,SDC3,0.0006091620556906241,0.02,ANGPTL4_SDC3,ANGPTL4 - SDC3,ANGPTL,Secreted Signaling,PMID: 29017031
EG,SM,ANGPTL4,SDC3,0.0007160628704833079,0.0,ANGPTL4_SDC3,ANGPTL4 - SDC3,ANGPTL,Secreted Signaling,PMID: 29017031
EG,EG,ANGPTL4,SDC3,0.0009687172903217918,0.0,ANGPTL4_SDC3,ANGPTL4 - SDC3,ANGPTL,Secreted Signaling,PMID: 29017031
SM,EG,PTN,SDC1,0.001287022819362761,0.0,PTN_SDC1,PTN - SDC1,PTN,Secreted Signaling,PMID: 28356350; PMID: 25620911
EG,EG,PTN,SDC1,0.0018526165968905288,0.0,PTN_SDC1,PTN - SDC1,PTN,Secreted Signaling,PMID: 28356350; PMID: 25620911
Keratinocyte,EG,PTN,SDC1,0.0010996270584505657,0.02,PTN_SDC1,PTN - SDC1,PTN,Secreted Signaling,PMID: 28356350; PMID: 25620911
ENDO,EG,PTN,PTPRZ1,0.0008477588901021576,0.02,PTN_PTPRZ1,PTN - PTPRZ1,PTN,Secreted Signaling,PMID: 28356350; PMID: 25620911
SM,SM,PTN,PTPRZ1,0.0016028291961278935,0.0,PTN_PTPRZ1,PTN - PTPRZ1,PTN,Secreted Signaling,PMID: 28356350; PMID: 25620911
SM,EG,PTN,PTPRZ1,0.0010156174475908497,0.0,PTN_PTPRZ1,PTN - PTPRZ1,PTN,Secreted Signaling,PMID: 28356350; PMID: 25620911
Keratinocyte,EG,PTN,PTPRZ1,0.0007259995714694343,0.03,PTN_PTPRZ1,PTN - PTPRZ1,PTN,Secreted Signaling,PMID: 28356350; PMID: 25620911
EG,FIB,MDK,NCL,0.0011278155047675814,0.0,MDK_NCL,MDK - NCL,MK,Secreted Signaling,PMID: 28356350
EG,EG,MDK,NCL,0.0026101266358726253,0.0,MDK_NCL,MDK - NCL,MK,Secreted Signaling,PMID: 28356350
EG,Keratinocyte,MDK,NCL,0.0009056468756570708,0.01,MDK_NCL,MDK - NCL,MK,Secreted Signaling,PMID: 28356350
ENDO,EG,MDK,LRP1,0.0011932052679588707,0.01,MDK_LRP1,MDK - LRP1,MK,Secreted Signaling,PMID: 28356350
EG,FIB,MDK,LRP1,0.0012687497341534446,0.0,MDK_LRP1,MDK - LRP1,MK,Secreted Signaling,PMID: 28356350
EG,EG,MDK,LRP1,0.002462495566582367,0.0,MDK_LRP1,MDK - LRP1,MK,Secreted Signaling,PMID: 28356350
ENDO,EG,MDK,ITGA6_ITGB1,0.0008675396407862234,0.02,MDK_ITGA6_ITGB1,MDK - (ITGA6+ITGB1),MK,Secreted Signaling,PMID: 28356350
ENDO,Keratinocyte,MDK,ITGA6_ITGB1,0.0008403774175371104,0.04,MDK_ITGA6_ITGB1,MDK - (ITGA6+ITGB1),MK,Secreted Signaling,PMID: 28356350
SM,EG,MDK,ITGA6_ITGB1,0.0008915550915442319,0.0,MDK_ITGA6_ITGB1,MDK - (ITGA6+ITGB1),MK,Secreted Signaling,PMID: 28356350
EG,EG,MDK,ITGA6_ITGB1,0.001704596157683465,0.0,MDK_ITGA6_ITGB1,MDK - (ITGA6+ITGB1),MK,Secreted Signaling,PMID: 28356350
FIB,SM,ANGPTL4,SDC2,0.0006202127871169413,0.02,ANGPTL4_SDC2,ANGPTL4 - SDC2,ANGPTL,Secreted Signaling,PMID: 29017031
SM,SM,ANGPTL4,SDC2,0.0013739156031029383,0.0,ANGPTL4_SDC2,ANGPTL4 - SDC2,ANGPTL,Secreted Signaling,PMID: 29017031
EG,SM,ANGPTL4,SDC2,0.0007770177621579892,0.0,ANGPTL4_SDC2,ANGPTL4 - SDC2,ANGPTL,Secreted Signaling,PMID: 29017031
SM,SM,MDK,PTPRZ1,0.0012544173544393764,0.0,MDK_PTPRZ1,MDK - PTPRZ1,MK,Secreted Signaling,PMID: 28356350
SM,EG,MDK,PTPRZ1,0.0005274963015952651,0.02,MDK_PTPRZ1,MDK - PTPRZ1,MK,Secreted Signaling,PMID: 28356350
EG,FIB,MDK,PTPRZ1,0.0006802916793068896,0.0,MDK_PTPRZ1,MDK - PTPRZ1,MK,Secreted Signaling,PMID: 28356350
SM,FIB,MDK,SDC2,0.0007378939019345034,0.04,MDK_SDC2,MDK - SDC2,MK,Secreted Signaling,PMID: 28356350
SM,SM,MDK,SDC2,0.0015522623556524344,0.0,MDK_SDC2,MDK - SDC2,MK,Secreted Signaling,PMID: 28356350
SM,Keratinocyte,MDK,SDC2,0.0007756024892024695,0.0,MDK_SDC2,MDK - SDC2,MK,Secreted Signaling,PMID: 28356350
FIB,EG,MDK,SDC1,0.001251815835542003,0.03,MDK_SDC1,MDK - SDC1,MK,Secreted Signaling,PMID: 28356350
EG,FIB,MDK,SDC1,0.0013266222194176663,0.0,MDK_SDC1,MDK - SDC1,MK,Secreted Signaling,PMID: 28356350
EG,EG,MDK,SDC1,0.0033457058696928265,0.0,MDK_SDC1,MDK - SDC1,MK,Secreted Signaling,PMID: 28356350
FIB,SM,ANGPT2,ITGA5_ITGB1,0.0006874169035287572,0.02,ANGPT2_ITGA5_ITGB1,ANGPT2 - (ITGA5+ITGB1),ANGPT,Secreted Signaling,PMID: 20651738; PMID: 25635707
SM,FIB,ANGPT2,ITGA5_ITGB1,0.0006622137861101232,0.02,ANGPT2_ITGA5_ITGB1,ANGPT2 - (ITGA5+ITGB1),ANGPT,Secreted Signaling,PMID: 20651738; PMID: 25635707
SM,SM,ANGPT2,ITGA5_ITGB1,0.0012237355772111416,0.0,ANGPT2_ITGA5_ITGB1,ANGPT2 - (ITGA5+ITGB1),ANGPT,Secreted Signaling,PMID: 20651738; PMID: 25635707
EG,SM,ANGPT2,ITGA5_ITGB1,0.0007288000767459614,0.0,ANGPT2_ITGA5_ITGB1,ANGPT2 - (ITGA5+ITGB1),ANGPT,Secreted Signaling,PMID: 20651738; PMID: 25635707
ENDO,FIB,ANGPT2,TEK,0.0006110243083321124,0.04,ANGPT2_TEK,ANGPT2 - TEK,ANGPT,Secreted Signaling,PMID: 20651738
SM,SM,ANGPT2,TEK,0.0006272626172250347,0.0,ANGPT2_TEK,ANGPT2 - TEK,ANGPT,Secreted Signaling,PMID: 20651738
EG,ENDO,ANGPT2,TEK,0.00099414559734487,0.02,ANGPT2_TEK,ANGPT2 - TEK,ANGPT,Secreted Signaling,PMID: 20651738
EG,SM,ANGPT2,TEK,0.0011463166783200836,0.0,ANGPT2_TEK,ANGPT2 - TEK,ANGPT,Secreted Signaling,PMID: 20651738
FIB,ENDO,ANGPT1,TEK,0.00046186985539823104,0.03,ANGPT1_TEK,ANGPT1 - TEK,ANGPT,Secreted Signaling,PMID: 20651738
EG,FIB,ANGPT1,TEK,0.0004481595046361419,0.03,ANGPT1_TEK,ANGPT1 - TEK,ANGPT,Secreted Signaling,PMID: 20651738
EG,SM,ANGPT1,TEK,0.002649481351753666,0.0,ANGPT1_TEK,ANGPT1 - TEK,ANGPT,Secreted Signaling,PMID: 20651738
EG,EG,ANGPT1,TEK,0.0008486146825520964,0.0,ANGPT1_TEK,ANGPT1 - TEK,ANGPT,Secreted Signaling,PMID: 20651738
FIB,EG,ANGPTL4,SDC4,0.000987580482153049,0.03,ANGPTL4_SDC4,ANGPTL4 - SDC4,ANGPTL,Secreted Signaling,PMID: 29017031
EG,SM,ANGPTL4,SDC4,0.0010116257992185986,0.0,ANGPTL4_SDC4,ANGPTL4 - SDC4,ANGPTL,Secreted Signaling,PMID: 29017031
EG,EG,ANGPTL4,SDC4,0.0020883118537637453,0.0,ANGPTL4_SDC4,ANGPTL4 - SDC4,ANGPTL,Secreted Signaling,PMID: 29017031
ENDO,EG,MDK,SDC4,0.0010668540924172463,0.02,MDK_SDC4,MDK - SDC4,MK,Secreted Signaling,PMID: 28356350
SM,EG,MDK,SDC4,0.0012622904038767952,0.0,MDK_SDC4,MDK - SDC4,MK,Secreted Signaling,PMID: 28356350
EG,EG,MDK,SDC4,0.003128886858975237,0.0,MDK_SDC4,MDK - SDC4,MK,Secreted Signaling,PMID: 28356350
SM,FIB,PTN,SDC2,0.0006090396634067049,0.02,PTN_SDC2,PTN - SDC2,PTN,Secreted Signaling,PMID: 28356350; PMID: 25620911
SM,SM,PTN,SDC2,0.0012733501068176742,0.0,PTN_SDC2,PTN - SDC2,PTN,Secreted Signaling,PMID: 28356350; PMID: 25620911
SM,EG,PTN,SDC2,0.0014691668695418895,0.0,PTN_SDC2,PTN - SDC2,PTN,Secreted Signaling,PMID: 28356350; PMID: 25620911
SM,SM,SPP1,ITGAV_ITGB5,0.0010194982037300293,0.0,SPP1_ITGAV_ITGB5,SPP1 - (ITGAV+ITGB5),SPP1,Secreted Signaling,PMID: 21907263
SM,Immune,SPP1,ITGAV_ITGB5,0.0007733063375752041,0.04,SPP1_ITGAV_ITGB5,SPP1 - (ITGAV+ITGB5),SPP1,Secreted Signaling,PMID: 21907263
Immune,FIB,SPP1,ITGAV_ITGB5,0.0012324543217895232,0.0,SPP1_ITGAV_ITGB5,SPP1 - (ITGAV+ITGB5),SPP1,Secreted Signaling,PMID: 21907263
ENDO,EG,TNFSF10,TNFRSF10A,0.0007557843080606118,0.02,TNFSF10_TNFRSF10B,TNFSF10 - TNFRSF10B,TRAIL,Secreted Signaling,KEGG: hsa04060
SM,EG,TNFSF10,TNFRSF10A,0.0012169042173210628,0.0,TNFSF10_TNFRSF10B,TNFSF10 - TNFRSF10B,TRAIL,Secreted Signaling,KEGG: hsa04060
EG,EG,TNFSF10,TNFRSF10A,0.0012811677342660607,0.0,TNFSF10_TNFRSF10B,TNFSF10 - TNFRSF10B,TRAIL,Secreted Signaling,KEGG: hsa04060
FIB,ENDO,TNFSF15,TNFRSF25,0.0004071611436918253,0.0,TNFSF15_TNFRSF25,TNFSF15 - TNFRSF25,VEGI,Secreted Signaling,KEGG: hsa04060
FIB,Keratinocyte,TNFSF15,TNFRSF25,0.0003053488900120968,0.04,TNFSF15_TNFRSF25,TNFSF15 - TNFRSF25,VEGI,Secreted Signaling,KEGG: hsa04060
SM,SM,TNFSF15,TNFRSF25,0.0023619000825016857,0.0,TNFSF15_TNFRSF25,TNFSF15 - TNFRSF25,VEGI,Secreted Signaling,KEGG: hsa04060
FIB,ENDO,TNF,TNFRSF1B,0.00046013015956769917,0.0,TNF_TNFRSF1B,TNF - TNFRSF1B,TNF,Secreted Signaling,KEGG: hsa04060
FIB,Keratinocyte,TNF,TNFRSF1B,0.00045234571549989565,0.01,TNF_TNFRSF1B,TNF - TNFRSF1B,TNF,Secreted Signaling,KEGG: hsa04060
Immune,Immune,TNF,TNFRSF1B,0.0006452119291195557,0.0,TNF_TNFRSF1B,TNF - TNFRSF1B,TNF,Secreted Signaling,KEGG: hsa04060
FIB,FIB,TNF,TNFRSF1A,0.0005752113081781927,0.0,TNF_TNFRSF1A,TNF - TNFRSF1A,TNF,Secreted Signaling,KEGG: hsa04060
FIB,ENDO,TNF,TNFRSF1A,0.0007925526112856343,0.0,TNF_TNFRSF1A,TNF - TNFRSF1A,TNF,Secreted Signaling,KEGG: hsa04060
FIB,EG,TNF,TNFRSF1A,0.0007050594613287904,0.04,TNF_TNFRSF1A,TNF - TNFRSF1A,TNF,Secreted Signaling,KEGG: hsa04060
FIB,Keratinocyte,TNF,TNFRSF1A,0.0006739800524603769,0.04,TNF_TNFRSF1A,TNF - TNFRSF1A,TNF,Secreted Signaling,KEGG: hsa04060
SM,SM,TNFSF12,TNFRSF12A,0.0009870218473868964,0.0,TNFSF12_TNFRSF12A,TNFSF12 - TNFRSF12A,TWEAK,Secreted Signaling,KEGG: hsa04060
EG,ENDO,TNFSF12,TNFRSF12A,0.0008829830201007602,0.02,TNFSF12_TNFRSF12A,TNFSF12 - TNFRSF12A,TWEAK,Secreted Signaling,KEGG: hsa04060
EG,SM,TNFSF12,TNFRSF12A,0.0007070060196087529,0.04,TNFSF12_TNFRSF12A,TNFSF12 - TNFRSF12A,TWEAK,Secreted Signaling,KEGG: hsa04060
EG,Keratinocyte,TNFSF12,TNFRSF12A,0.0009266174730830253,0.0,TNFSF12_TNFRSF12A,TNFSF12 - TNFRSF12A,TWEAK,Secreted Signaling,KEGG: hsa04060
SM,FIB,SPP1,ITGAV_ITGB1,0.0006912813399509153,0.04,SPP1_ITGAV_ITGB1,SPP1 - (ITGAV+ITGB1),SPP1,Secreted Signaling,PMID: 21907263
SM,SM,SPP1,ITGAV_ITGB1,0.0017711756648841706,0.0,SPP1_ITGAV_ITGB1,SPP1 - (ITGAV+ITGB1),SPP1,Secreted Signaling,PMID: 21907263
Immune,FIB,SPP1,ITGAV_ITGB1,0.0012235953082534977,0.0,SPP1_ITGAV_ITGB1,SPP1 - (ITGAV+ITGB1),SPP1,Secreted Signaling,PMID: 21907263
FIB,SM,SPP1,CD44,0.000800545080422933,0.04,SPP1_CD44,SPP1 - CD44,SPP1,Secreted Signaling,PMID: 21907263
SM,SM,SPP1,CD44,0.0020089577352427794,0.0,SPP1_CD44,SPP1 - CD44,SPP1,Secreted Signaling,PMID: 21907263
SM,EG,SPP1,CD44,0.0017834584971323111,0.0,SPP1_CD44,SPP1 - CD44,SPP1,Secreted Signaling,PMID: 21907263
SM,SM,CD40LG,ITGA5_ITGB1,0.0021077631186152946,0.0,CD40LG_ITGA5_ITGB1,CD40LG - (ITGA5+ITGB1),CD40,Secreted Signaling,PMID: 28676852
EG,ENDO,CD40LG,ITGA5_ITGB1,0.0004795954782075869,0.02,CD40LG_ITGA5_ITGB1,CD40LG - (ITGA5+ITGB1),CD40,Secreted Signaling,PMID: 28676852
EG,SM,CD40LG,ITGA5_ITGB1,0.0008014413392975382,0.0,CD40LG_ITGA5_ITGB1,CD40LG - (ITGA5+ITGB1),CD40,Secreted Signaling,PMID: 28676852
EG,Immune,CD40LG,ITGA5_ITGB1,0.0004080525870168849,0.02,CD40LG_ITGA5_ITGB1,CD40LG - (ITGA5+ITGB1),CD40,Secreted Signaling,PMID: 28676852
ENDO,SM,TNFSF13B,TNFRSF13C,0.0005322049534150434,0.02,TNFSF13B_TNFRSF13C,TNFSF13B - TNFRSF13C,BAFF,Secreted Signaling,KEGG: hsa04060
SM,SM,TNFSF13B,TNFRSF13C,0.0017073215538838682,0.0,TNFSF13B_TNFRSF13C,TNFSF13B - TNFRSF13C,BAFF,Secreted Signaling,KEGG: hsa04060
EG,SM,TNFSF13B,TNFRSF13C,0.0008956442822474972,0.0,TNFSF13B_TNFRSF13C,TNFSF13B - TNFRSF13C,BAFF,Secreted Signaling,KEGG: hsa04060
SM,FIB,PTN,SDC3,0.0005945470584405539,0.04,PTN_SDC3,PTN - SDC3,PTN,Secreted Signaling,PMID: 28356350; PMID: 25620911
SM,SM,PTN,SDC3,0.0013438350677556178,0.0,PTN_SDC3,PTN - SDC3,PTN,Secreted Signaling,PMID: 28356350; PMID: 25620911
SM,EG,PTN,SDC3,0.0005998394670681037,0.03,PTN_SDC3,PTN - SDC3,PTN,Secreted Signaling,PMID: 28356350; PMID: 25620911
Keratinocyte,EG,PTN,SDC3,0.0007524592535231627,0.0,PTN_SDC3,PTN - SDC3,PTN,Secreted Signaling,PMID: 28356350; PMID: 25620911
ENDO,EG,PTN,SDC4,0.0007521409594378511,0.02,PTN_SDC4,PTN - SDC4,PTN,Secreted Signaling,PMID: 28356350; PMID: 25620911
SM,EG,PTN,SDC4,0.0014055760882604072,0.0,PTN_SDC4,PTN - SDC4,PTN,Secreted Signaling,PMID: 28356350; PMID: 25620911
EG,EG,PTN,SDC4,0.0017812203487235839,0.0,PTN_SDC4,PTN - SDC4,PTN,Secreted Signaling,PMID: 28356350; PMID: 25620911
Keratinocyte,EG,PTN,SDC4,0.0006835541651497123,0.03,PTN_SDC4,PTN - SDC4,PTN,Secreted Signaling,PMID: 28356350; PMID: 25620911
FIB,EG,C3,ITGAX_ITGB2,0.0007922602455021653,0.02,C3_ITGAX_ITGB2,C3 - (ITGAX+ITGB2),COMPLEMENT,Secreted Signaling,PMID: 16234578
EG,Immune,C3,ITGAX_ITGB2,0.0009762420009012218,0.03,C3_ITGAX_ITGB2,C3 - (ITGAX+ITGB2),COMPLEMENT,Secreted Signaling,PMID: 16234578
Immune,EG,C3,ITGAX_ITGB2,0.001035811499027659,0.0,C3_ITGAX_ITGB2,C3 - (ITGAX+ITGB2),COMPLEMENT,Secreted Signaling,PMID: 16234578
Immune,Immune,C3,ITGAX_ITGB2,0.0011167413065967622,0.0,C3_ITGAX_ITGB2,C3 - (ITGAX+ITGB2),COMPLEMENT,Secreted Signaling,PMID: 16234578
FIB,ENDO,C3,ITGAM_ITGB2,0.0012225407063309569,0.03,C3_ITGAM_ITGB2,C3 - (ITGAM+ITGB2),COMPLEMENT,Secreted Signaling,PMID: 16234578
EG,EG,C3,ITGAM_ITGB2,0.0020051383570317376,0.0,C3_ITGAM_ITGB2,C3 - (ITGAM+ITGB2),COMPLEMENT,Secreted Signaling,PMID: 16234578
Immune,ENDO,C3,ITGAM_ITGB2,0.001319231676297383,0.0,C3_ITGAM_ITGB2,C3 - (ITGAM+ITGB2),COMPLEMENT,Secreted Signaling,PMID: 16234578
FIB,EG,C3,C3AR1,0.0008671425086232786,0.0,C3_C3AR1,C3 - C3AR1,COMPLEMENT,Secreted Signaling,KEGG: hsa04080
ENDO,EG,C3,C3AR1,0.0007366217015849713,0.03,C3_C3AR1,C3 - C3AR1,COMPLEMENT,Secreted Signaling,KEGG: hsa04080
SM,SM,C3,C3AR1,0.001245071994158368,0.0,C3_C3AR1,C3 - C3AR1,COMPLEMENT,Secreted Signaling,KEGG: hsa04080
SM,EG,C3,C3AR1,0.000727281173771644,0.04,C3_C3AR1,C3 - C3AR1,COMPLEMENT,Secreted Signaling,KEGG: hsa04080
Immune,EG,C3,C3AR1,0.0008360642107467162,0.04,C3_C3AR1,C3 - C3AR1,COMPLEMENT,Secreted Signaling,KEGG: hsa04080
EG,EG,POSTN,ITGAV_ITGB5,0.0014619825057982988,0.0,POSTN_ITGAV_ITGB5,POSTN - (ITGAV+ITGB5),PERIOSTIN,Secreted Signaling,PMID: 26721738
EG,Keratinocyte,POSTN,ITGAV_ITGB5,0.0008278790614430679,0.0,POSTN_ITGAV_ITGB5,POSTN - (ITGAV+ITGB5),PERIOSTIN,Secreted Signaling,PMID: 26721738
Keratinocyte,EG,POSTN,ITGAV_ITGB5,0.0006254625021832269,0.03,POSTN_ITGAV_ITGB5,POSTN - (ITGAV+ITGB5),PERIOSTIN,Secreted Signaling,PMID: 26721738
SM,EG,PTN,NCL,0.0014764557114695586,0.0,PTN_NCL,PTN - NCL,PTN,Secreted Signaling,PMID: 28356350; PMID: 25620911
EG,EG,PTN,NCL,0.002167476913515072,0.0,PTN_NCL,PTN - NCL,PTN,Secreted Signaling,PMID: 28356350; PMID: 25620911
Keratinocyte,EG,PTN,NCL,0.001000052348619128,0.02,PTN_NCL,PTN - NCL,PTN,Secreted Signaling,PMID: 28356350; PMID: 25620911
FIB,EG,POMC,MC1R,0.0003879652702533425,0.02,POMC_MC1R,POMC - MC1R,MELANOCORTIN,Secreted Signaling,KEGG: hsa04080
ENDO,ENDO,POMC,MC1R,0.0006778746185804676,0.0,POMC_MC1R,POMC - MC1R,MELANOCORTIN,Secreted Signaling,KEGG: hsa04080
EG,Immune,POMC,MC1R,0.0005216711866760234,0.0,POMC_MC1R,POMC - MC1R,MELANOCORTIN,Secreted Signaling,KEGG: hsa04080
SM,SM,EDN1,EDNRA,0.001136506399340391,0.0,EDN1_EDNRA,EDN1 - EDNRA,EDN,Secreted Signaling,KEGG: hsa04080
SM,EG,EDN1,EDNRA,0.0006339492486963535,0.0,EDN1_EDNRA,EDN1 - EDNRA,EDN,Secreted Signaling,KEGG: hsa04080
SM,SM,EDN1,EDNRB,0.0011705170701272942,0.0,EDN1_EDNRB,EDN1 - EDNRB,EDN,Secreted Signaling,KEGG: hsa04080
EG,ENDO,EDN1,EDNRB,0.0007888224757407559,0.0,EDN1_EDNRB,EDN1 - EDNRB,EDN,Secreted Signaling,KEGG: hsa04080
EG,SM,EDN1,EDNRB,0.0007282637788023545,0.01,EDN1_EDNRB,EDN1 - EDNRB,EDN,Secreted Signaling,KEGG: hsa04080
Keratinocyte,Keratinocyte,CXCL1,CXCR1,5.4893044051825086e-05,0.0,CXCL1_CXCR1,CXCL1 - CXCR1,CXCL,Secreted Signaling,KEGG: hsa04060
Keratinocyte,Immune,CXCL1,CXCR1,0.0001496084966081447,0.0,CXCL1_CXCR1,CXCL1 - CXCR1,CXCL,Secreted Signaling,KEGG: hsa04060
Immune,Keratinocyte,CXCL1,CXCR1,8.781886726968519e-05,0.01,CXCL1_CXCR1,CXCL1 - CXCR1,CXCL,Secreted Signaling,KEGG: hsa04060
ENDO,FIB,CCL17,ACKR2,0.0001953777555582651,0.0,CCL17_ACKR2,CCL17 - ACKR2,CCL,Secreted Signaling,PMID: 26740381
ENDO,Immune,CCL17,ACKR2,0.00016875452295739862,0.01,CCL17_ACKR2,CCL17 - ACKR2,CCL,Secreted Signaling,PMID: 26740381
Keratinocyte,Immune,CCL17,ACKR2,0.00016269248038027224,0.02,CCL17_ACKR2,CCL17 - ACKR2,CCL,Secreted Signaling,PMID: 26740381
Immune,Immune,CCL17,ACKR2,0.0003093658089648822,0.0,CCL17_ACKR2,CCL17 - ACKR2,CCL,Secreted Signaling,PMID: 26740381
EG,FIB,CXCL1,CXCR2,0.000706652043538238,0.0,CXCL1_CXCR2,CXCL1 - CXCR2,CXCL,Secreted Signaling,KEGG: hsa04060
EG,EG,CXCL1,CXCR2,0.0007554676849177886,0.0,CXCL1_CXCR2,CXCL1 - CXCR2,CXCL,Secreted Signaling,KEGG: hsa04060
FIB,FIB,CCL14,ACKR2,0.0005582385031599185,0.0,CCL14_ACKR2,CCL14 - ACKR2,CCL,Secreted Signaling,PMID: 26740381
FIB,SM,CCL14,ACKR2,0.0003370459041417575,0.0,CCL14_ACKR2,CCL14 - ACKR2,CCL,Secreted Signaling,PMID: 26740381
SM,FIB,CCL14,ACKR2,0.00030658955013893903,0.01,CCL14_ACKR2,CCL14 - ACKR2,CCL,Secreted Signaling,PMID: 26740381
ENDO,FIB,CCL22,ACKR2,0.0001926941137486617,0.04,CCL22_ACKR2,CCL22 - ACKR2,CCL,Secreted Signaling,PMID: 26740381
Keratinocyte,Immune,CCL22,ACKR2,0.00021577208294632576,0.0,CCL22_ACKR2,CCL22 - ACKR2,CCL,Secreted Signaling,PMID: 26740381
Immune,Immune,CCL22,ACKR2,0.0005956621894452941,0.0,CCL22_ACKR2,CCL22 - ACKR2,CCL,Secreted Signaling,PMID: 26740381
SM,FIB,CCL13,ACKR2,0.0010166903703729608,0.0,CCL13_ACKR2,CCL13 - ACKR2,CCL,Secreted Signaling,PMID: 26740381
SM,SM,CCL13,ACKR2,0.0010513563229110616,0.0,CCL13_ACKR2,CCL13 - ACKR2,CCL,Secreted Signaling,PMID: 26740381
Immune,SM,CCL13,ACKR2,0.0006234217244528435,0.02,CCL13_ACKR2,CCL13 - ACKR2,CCL,Secreted Signaling,PMID: 26740381
SM,SM,CCL17,ACKR1,0.0009887723446856522,0.0,CCL17_ACKR1,CCL17 - ACKR1,CCL,Secreted Signaling,PMID: 26740381
EG,SM,CCL17,ACKR1,0.0005450383519015917,0.03,CCL17_ACKR1,CCL17 - ACKR1,CCL,Secreted Signaling,PMID: 26740381
Immune,ENDO,CCL17,ACKR1,0.0007101627111115315,0.0,CCL17_ACKR1,CCL17 - ACKR1,CCL,Secreted Signaling,PMID: 26740381
FIB,FIB,CCL8,ACKR2,0.00031401056016220626,0.0,CCL8_ACKR2,CCL8 - ACKR2,CCL,Secreted Signaling,PMID: 26740381
FIB,ENDO,CCL8,ACKR2,0.0002548474286942408,0.0,CCL8_ACKR2,CCL8 - ACKR2,CCL,Secreted Signaling,PMID: 26740381
Keratinocyte,Immune,CCL8,ACKR2,0.00018594290314158553,0.03,CCL8_ACKR2,CCL8 - ACKR2,CCL,Secreted Signaling,PMID: 26740381
FIB,EG,CXCL2,CXCR2,0.00016719039686806698,0.03,CXCL2_CXCR2,CXCL2 - CXCR2,CXCL,Secreted Signaling,KEGG: hsa04060
EG,FIB,CXCL2,CXCR2,0.00048309138374760504,0.0,CXCL2_CXCR2,CXCL2 - CXCR2,CXCL,Secreted Signaling,KEGG: hsa04060
EG,EG,CXCL2,CXCR2,0.0004679704284547532,0.0,CXCL2_CXCR2,CXCL2 - CXCR2,CXCL,Secreted Signaling,KEGG: hsa04060
FIB,EG,MIF,CD74_CD44,0.0025097428528331285,0.0,MIF_CD74_CD44,MIF - (CD74+CD44),MIF,Secreted Signaling,PMID: 29637711; PMID: 26175090
EG,FIB,MIF,CD74_CD44,0.002031195056387141,0.04,MIF_CD74_CD44,MIF - (CD74+CD44),MIF,Secreted Signaling,PMID: 29637711; PMID: 26175090
EG,EG,MIF,CD74_CD44,0.0061690966027739555,0.0,MIF_CD74_CD44,MIF - (CD74+CD44),MIF,Secreted Signaling,PMID: 29637711; PMID: 26175090
Keratinocyte,FIB,MIF,CD74_CD44,0.002443638033372354,0.02,MIF_CD74_CD44,MIF - (CD74+CD44),MIF,Secreted Signaling,PMID: 29637711; PMID: 26175090
EG,SM,MIF,CD74_CXCR4,0.001534346270843896,0.0,MIF_CD74_CXCR4,MIF - (CD74+CXCR4),MIF,Secreted Signaling,PMID: 29637711; PMID: 24760155
EG,EG,MIF,CD74_CXCR4,0.002343445447949686,0.0,MIF_CD74_CXCR4,MIF - (CD74+CXCR4),MIF,Secreted Signaling,PMID: 29637711; PMID: 24760155
EG,Immune,MIF,CD74_CXCR4,0.001376416673519745,0.01,MIF_CD74_CXCR4,MIF - (CD74+CXCR4),MIF,Secreted Signaling,PMID: 29637711; PMID: 24760155
EG,FIB,CXCL12,ACKR3,0.0017556709873584593,0.0,CXCL12_ACKR3,CXCL12 - ACKR3,CXCL,Secreted Signaling,KEGG: hsa04060
EG,SM,CXCL12,ACKR3,0.0016498987319545821,0.03,CXCL12_ACKR3,CXCL12 - ACKR3,CXCL,Secreted Signaling,KEGG: hsa04060
EG,EG,CXCL12,ACKR3,0.003281910750986029,0.0,CXCL12_ACKR3,CXCL12 - ACKR3,CXCL,Secreted Signaling,KEGG: hsa04060
FIB,FIB,CXCL11,ACKR3,0.000711590005422704,0.0,CXCL11_ACKR3,CXCL11 - ACKR3,CXCL,Secreted Signaling,KEGG: hsa04060
FIB,SM,CXCL11,ACKR3,0.0005429322733774734,0.04,CXCL11_ACKR3,CXCL11 - ACKR3,CXCL,Secreted Signaling,KEGG: hsa04060
ENDO,Immune,CXCL11,ACKR3,0.0007274111053767572,0.03,CXCL11_ACKR3,CXCL11 - ACKR3,CXCL,Secreted Signaling,KEGG: hsa04060
SM,FIB,CXCL11,ACKR3,0.0007553671742441201,0.0,CXCL11_ACKR3,CXCL11 - ACKR3,CXCL,Secreted Signaling,KEGG: hsa04060
FIB,EG,CXCL12,CXCR4,0.0010364862834408165,0.03,CXCL12_CXCR4,CXCL12 - CXCR4,CXCL,Secreted Signaling,KEGG: hsa04060
EG,SM,CXCL12,CXCR4,0.001081929812333609,0.0,CXCL12_CXCR4,CXCL12 - CXCR4,CXCL,Secreted Signaling,KEGG: hsa04060
EG,EG,CXCL12,CXCR4,0.0019818933148887346,0.0,CXCL12_CXCR4,CXCL12 - CXCR4,CXCL,Secreted Signaling,KEGG: hsa04060
ENDO,ENDO,CXCL11,CXCR3,0.0006348851224432424,0.0,CXCL11_CXCR3,CXCL11 - CXCR3,CXCL,Secreted Signaling,KEGG: hsa04060
ENDO,Immune,CXCL11,CXCR3,0.0010520260840357868,0.0,CXCL11_CXCR3,CXCL11 - CXCR3,CXCL,Secreted Signaling,KEGG: hsa04060
Immune,FIB,CXCL11,CXCR3,0.0005675978434776615,0.04,CXCL11_CXCR3,CXCL11 - CXCR3,CXCL,Secreted Signaling,KEGG: hsa04060
ENDO,FIB,CXCL10,CXCR3,0.0005619078863278615,0.03,CXCL10_CXCR3,CXCL10 - CXCR3,CXCL,Secreted Signaling,KEGG: hsa04060
Immune,FIB,CXCL10,CXCR3,0.0006932051601199422,0.0,CXCL10_CXCR3,CXCL10 - CXCR3,CXCL,Secreted Signaling,KEGG: hsa04060
Immune,Immune,CXCL10,CXCR3,0.0006634894616177522,0.0,CXCL10_CXCR3,CXCL10 - CXCR3,CXCL,Secreted Signaling,KEGG: hsa04060
ENDO,ENDO,CXCL9,CXCR3,0.0008098733307484379,0.0,CXCL9_CXCR3,CXCL9 - CXCR3,CXCL,Secreted Signaling,KEGG: hsa04060
ENDO,Immune,CXCL9,CXCR3,0.00046583491934041053,0.0,CXCL9_CXCR3,CXCL9 - CXCR3,CXCL,Secreted Signaling,KEGG: hsa04060
SM,FIB,CXCL9,CXCR3,0.0003903471088754013,0.01,CXCL9_CXCR3,CXCL9 - CXCR3,CXCL,Secreted Signaling,KEGG: hsa04060
ENDO,ENDO,MIF,CD74_CXCR2,0.0020888682304668455,0.0,MIF_CD74_CXCR2,MIF - (CD74+CXCR2),MIF,Secreted Signaling,PMID: 29637711; PMID: 26175090
Keratinocyte,ENDO,MIF,CD74_CXCR2,0.0019157388204447852,0.0,MIF_CD74_CXCR2,MIF - (CD74+CXCR2),MIF,Secreted Signaling,PMID: 29637711; PMID: 26175090
Immune,EG,MIF,CD74_CXCR2,0.0012772242310320158,0.01,MIF_CD74_CXCR2,MIF - (CD74+CXCR2),MIF,Secreted Signaling,PMID: 29637711; PMID: 26175090
Immune,SM,CCL4,ACKR2,0.00046570648387926405,0.0,CCL4_ACKR2,CCL4 - ACKR2,CCL,Secreted Signaling,PMID: 26740381
Immune,Keratinocyte,CCL4,ACKR2,0.000333004659167443,0.01,CCL4_ACKR2,CCL4 - ACKR2,CCL,Secreted Signaling,PMID: 26740381
Immune,Immune,CCL4,ACKR2,0.0010325627140758365,0.0,CCL4_ACKR2,CCL4 - ACKR2,CCL,Secreted Signaling,PMID: 26740381
Keratinocyte,Immune,CCL8,ACKR4,0.0001867874356903112,0.0,CCL8_ACKR4,CCL8 - ACKR4,CCL,Secreted Signaling,PMID: 26740381
Immune,ENDO,CCL8,ACKR4,0.00015651840135795286,0.04,CCL8_ACKR4,CCL8 - ACKR4,CCL,Secreted Signaling,PMID: 26740381
Immune,Immune,CCL8,ACKR4,0.00015189793885342972,0.0,CCL8_ACKR4,CCL8 - ACKR4,CCL,Secreted Signaling,PMID: 26740381
FIB,SM,CCL13,ACKR4,0.00024078577142074595,0.04,CCL13_ACKR4,CCL13 - ACKR4,CCL,Secreted Signaling,PMID: 26740381
ENDO,SM,CCL13,ACKR4,0.0004604005161845966,0.0,CCL13_ACKR4,CCL13 - ACKR4,CCL,Secreted Signaling,PMID: 26740381
SM,ENDO,CCL13,ACKR4,0.0003038202974395382,0.03,CCL13_ACKR4,CCL13 - ACKR4,CCL,Secreted Signaling,PMID: 26740381
SM,SM,CCL13,ACKR4,0.0006100553135816115,0.0,CCL13_ACKR4,CCL13 - ACKR4,CCL,Secreted Signaling,PMID: 26740381
ENDO,Keratinocyte,CCL27,CCR10,0.0006875428406422815,0.0,CCL27_CCR10,CCL27 - CCR10,CCL,Secreted Signaling,KEGG: hsa04060
EG,EG,CCL27,CCR10,0.0007437658263476482,0.0,CCL27_CCR10,CCL27 - CCR10,CCL,Secreted Signaling,KEGG: hsa04060
EG,Immune,CCL27,CCR10,0.0003927797439698525,0.01,CCL27_CCR10,CCL27 - CCR10,CCL,Secreted Signaling,KEGG: hsa04060
SM,EG,CCL28,CCR10,0.000667375190748757,0.0,CCL28_CCR10,CCL28 - CCR10,CCL,Secreted Signaling,KEGG: hsa04060
EG,ENDO,CCL28,CCR10,0.0005287865780397645,0.04,CCL28_CCR10,CCL28 - CCR10,CCL,Secreted Signaling,KEGG: hsa04060
EG,EG,CCL28,CCR10,0.0009274859794585773,0.0,CCL28_CCR10,CCL28 - CCR10,CCL,Secreted Signaling,KEGG: hsa04060
EG,FIB,CCL2,ACKR1,0.0010535258533338218,0.02,CCL2_ACKR1,CCL2 - ACKR1,CCL,Secreted Signaling,PMID: 26740381
EG,SM,CCL2,ACKR1,0.0011205262965114028,0.0,CCL2_ACKR1,CCL2 - ACKR1,CCL,Secreted Signaling,PMID: 26740381
EG,EG,CCL2,ACKR1,0.0019789351601430315,0.0,CCL2_ACKR1,CCL2 - ACKR1,CCL,Secreted Signaling,PMID: 26740381
ENDO,ENDO,CCL21,ACKR4,0.002041409262993253,0.0,CCL21_ACKR4,CCL21 - ACKR4,CCL,Secreted Signaling,KEGG: hsa04060
EG,FIB,CCL21,ACKR4,0.0011216016035098333,0.0,CCL21_ACKR4,CCL21 - ACKR4,CCL,Secreted Signaling,KEGG: hsa04060
FIB,ENDO,CCL19,ACKR4,0.00037566561993067484,0.04,CCL19_ACKR4,CCL19 - ACKR4,CCL,Secreted Signaling,KEGG: hsa04060
FIB,SM,CCL19,ACKR4,0.00046593941624850275,0.0,CCL19_ACKR4,CCL19 - ACKR4,CCL,Secreted Signaling,KEGG: hsa04060
SM,SM,CCL19,ACKR4,0.0006294684959409967,0.0,CCL19_ACKR4,CCL19 - ACKR4,CCL,Secreted Signaling,KEGG: hsa04060
Immune,ENDO,CCL19,ACKR4,0.00040236328910568935,0.03,CCL19_ACKR4,CCL19 - ACKR4,CCL,Secreted Signaling,KEGG: hsa04060
FIB,ENDO,CCL21,CCR7,0.0004433960718874816,0.01,CCL21_CCR7,CCL21 - CCR7,CCL,Secreted Signaling,KEGG: hsa04060
SM,ENDO,CCL21,CCR7,0.00048348405323415277,0.0,CCL21_CCR7,CCL21 - CCR7,CCL,Secreted Signaling,KEGG: hsa04060
SM,Immune,CCL21,CCR7,0.0004398405731607956,0.04,CCL21_CCR7,CCL21 - CCR7,CCL,Secreted Signaling,KEGG: hsa04060
Immune,Immune,CCL21,CCR7,0.0007330888277366259,0.0,CCL21_CCR7,CCL21 - CCR7,CCL,Secreted Signaling,KEGG: hsa04060
ENDO,Immune,CCL19,CCR7,0.0007880332215647295,0.0,CCL19_CCR7,CCL19 - CCR7,CCL,Secreted Signaling,KEGG: hsa04060
Immune,ENDO,CCL19,CCR7,0.0006909880913298442,0.02,CCL19_CCR7,CCL19 - CCR7,CCL,Secreted Signaling,KEGG: hsa04060
Immune,Immune,CCL19,CCR7,0.0019653772077812457,0.0,CCL19_CCR7,CCL19 - CCR7,CCL,Secreted Signaling,KEGG: hsa04060
SM,SM,CCL5,ACKR2,0.000690889091434601,0.0,CCL5_ACKR2,CCL5 - ACKR2,CCL,Secreted Signaling,PMID: 26740381
Keratinocyte,ENDO,CCL5,ACKR2,0.0004269967589089044,0.02,CCL5_ACKR2,CCL5 - ACKR2,CCL,Secreted Signaling,PMID: 26740381
Keratinocyte,SM,CCL5,ACKR2,0.0005603196048319071,0.0,CCL5_ACKR2,CCL5 - ACKR2,CCL,Secreted Signaling,PMID: 26740381
Immune,SM,CCL5,ACKR2,0.00038664300029549246,0.03,CCL5_ACKR2,CCL5 - ACKR2,CCL,Secreted Signaling,PMID: 26740381
SM,FIB,CCL5,ACKR1,0.0006276706421128413,0.02,CCL5_ACKR1,CCL5 - ACKR1,CCL,Secreted Signaling,PMID: 26740381
SM,SM,CCL5,ACKR1,0.0010008192651156243,0.0,CCL5_ACKR1,CCL5 - ACKR1,CCL,Secreted Signaling,PMID: 26740381
SM,EG,CCL5,ACKR1,0.0007944365948656333,0.0,CCL5_ACKR1,CCL5 - ACKR1,CCL,Secreted Signaling,PMID: 26740381
ENDO,EG,CCL13,ACKR1,0.0007376388609791996,0.01,CCL13_ACKR1,CCL13 - ACKR1,CCL,Secreted Signaling,PMID: 26740381
SM,ENDO,CCL13,ACKR1,0.0007908987994308544,0.0,CCL13_ACKR1,CCL13 - ACKR1,CCL,Secreted Signaling,PMID: 26740381
SM,SM,CCL13,ACKR1,0.001100100692799742,0.0,CCL13_ACKR1,CCL13 - ACKR1,CCL,Secreted Signaling,PMID: 26740381
SM,SM,CCL2,ACKR2,0.0012736346197636849,0.0,CCL2_ACKR2,CCL2 - ACKR2,CCL,Secreted Signaling,PMID: 26740381
SM,Immune,CCL2,ACKR2,0.002154609040194173,0.0,CCL2_ACKR2,CCL2 - ACKR2,CCL,Secreted Signaling,PMID: 26740381
EG,SM,CCL2,ACKR2,0.0005562415602759241,0.03,CCL2_ACKR2,CCL2 - ACKR2,CCL,Secreted Signaling,PMID: 26740381
ENDO,ENDO,CXCL11,ACKR1,0.0009066135786266879,0.0,CXCL11_ACKR1,CXCL11 - ACKR1,CXCL,Secreted Signaling,PMID: 26740381
ENDO,Immune,CXCL11,ACKR1,0.000811086909071032,0.0,CXCL11_ACKR1,CXCL11 - ACKR1,CXCL,Secreted Signaling,PMID: 26740381
SM,FIB,CXCL11,ACKR1,0.0006626581926050385,0.01,CXCL11_ACKR1,CXCL11 - ACKR1,CXCL,Secreted Signaling,PMID: 26740381
FIB,ENDO,CXCL10,ACKR1,0.0010353019303853369,0.04,CXCL10_ACKR1,CXCL10 - ACKR1,CXCL,Secreted Signaling,PMID: 26740381
FIB,EG,CXCL10,ACKR1,0.0011187695239203912,0.0,CXCL10_ACKR1,CXCL10 - ACKR1,CXCL,Secreted Signaling,PMID: 26740381
SM,EG,CXCL10,ACKR1,0.0008957296078532253,0.04,CXCL10_ACKR1,CXCL10 - ACKR1,CXCL,Secreted Signaling,PMID: 26740381
EG,FIB,CXCL10,ACKR1,0.0009307411531420969,0.04,CXCL10_ACKR1,CXCL10 - ACKR1,CXCL,Secreted Signaling,PMID: 26740381
EG,EG,CXCL10,ACKR1,0.0010450671204045641,0.0,CXCL10_ACKR1,CXCL10 - ACKR1,CXCL,Secreted Signaling,PMID: 26740381
SM,SM,CXCL9,ACKR1,0.0011429939694739407,0.0,CXCL9_ACKR1,CXCL9 - ACKR1,CXCL,Secreted Signaling,PMID: 26740381
EG,SM,CXCL9,ACKR1,0.0011250512330576803,0.0,CXCL9_ACKR1,CXCL9 - ACKR1,CXCL,Secreted Signaling,PMID: 26740381
EG,FIB,CCL8,ACKR1,0.000636413177939431,0.0,CCL8_ACKR1,CCL8 - ACKR1,CCL,Secreted Signaling,PMID: 26740381
EG,EG,CCL8,ACKR1,0.001061918595683518,0.0,CCL8_ACKR1,CCL8 - ACKR1,CCL,Secreted Signaling,PMID: 26740381
Immune,ENDO,CXCL8,ACKR1,0.0007453251126586733,0.0,CXCL8_ACKR1,CXCL8 - ACKR1,CXCL,Secreted Signaling,PMID: 26740381
Immune,EG,CXCL8,ACKR1,0.0005362151281571642,0.01,CXCL8_ACKR1,CXCL8 - ACKR1,CXCL,Secreted Signaling,PMID: 26740381
Immune,Immune,CXCL8,ACKR1,0.0007045108615214215,0.0,CXCL8_ACKR1,CXCL8 - ACKR1,CXCL,Secreted Signaling,PMID: 26740381
ENDO,FIB,CXCL3,ACKR1,0.0013681415413704075,0.0,CXCL3_ACKR1,CXCL3 - ACKR1,CXCL,Secreted Signaling,PMID: 26740381
ENDO,ENDO,CXCL3,ACKR1,0.0009904301921305784,0.0,CXCL3_ACKR1,CXCL3 - ACKR1,CXCL,Secreted Signaling,PMID: 26740381
ENDO,SM,CXCL3,ACKR1,0.0009389992700110153,0.04,CXCL3_ACKR1,CXCL3 - ACKR1,CXCL,Secreted Signaling,PMID: 26740381
FIB,ENDO,CXCL2,ACKR1,0.001287207867877669,0.0,CXCL2_ACKR1,CXCL2 - ACKR1,CXCL,Secreted Signaling,PMID: 26740381
SM,SM,CXCL2,ACKR1,0.001198798562768297,0.0,CXCL2_ACKR1,CXCL2 - ACKR1,CXCL,Secreted Signaling,PMID: 26740381
SM,SM,CXCL1,ACKR1,0.001168930593537715,0.0,CXCL1_ACKR1,CXCL1 - ACKR1,CXCL,Secreted Signaling,PMID: 26740381
SM,EG,CXCL1,ACKR1,0.0009664110344459916,0.0,CXCL1_ACKR1,CXCL1 - ACKR1,CXCL,Secreted Signaling,PMID: 26740381
EG,ENDO,CXCL1,ACKR1,0.000915019050032475,0.04,CXCL1_ACKR1,CXCL1 - ACKR1,CXCL,Secreted Signaling,PMID: 26740381
EG,ENDO,CCL18,ACKR1,0.0010291769130887551,0.0,CCL18_ACKR1,CCL18 - ACKR1,CCL,Secreted Signaling,PMID: 26740381
EG,SM,CCL18,ACKR1,0.0009950862058104378,0.01,CCL18_ACKR1,CCL18 - ACKR1,CCL,Secreted Signaling,PMID: 26740381
EG,EG,CCL18,ACKR1,0.0022332683068947206,0.0,CCL18_ACKR1,CCL18 - ACKR1,CCL,Secreted Signaling,PMID: 26740381
ENDO,ENDO,CCL14,ACKR1,0.0011169850527545618,0.0,CCL14_ACKR1,CCL14 - ACKR1,CCL,Secreted Signaling,PMID: 26740381
SM,EG,CCL14,ACKR1,0.0011826939213209957,0.0,CCL14_ACKR1,CCL14 - ACKR1,CCL,Secreted Signaling,PMID: 26740381
Keratinocyte,SM,CCL14,ACKR1,0.000841993695388482,0.01,CCL14_ACKR1,CCL14 - ACKR1,CCL,Secreted Signaling,PMID: 26740381
EG,FIB,MIF,ACKR3,0.0009936003062642452,0.04,MIF_ACKR3,MIF - ACKR3,MIF,Secreted Signaling,PMID: 26175090
EG,ENDO,MIF,ACKR3,0.0010668120972513444,0.0,MIF_ACKR3,MIF - ACKR3,MIF,Secreted Signaling,PMID: 26175090
EG,EG,MIF,ACKR3,0.002017360528645051,0.0,MIF_ACKR3,MIF - ACKR3,MIF,Secreted Signaling,PMID: 26175090
ENDO,EG,IL34,CSF1R,0.0006417827288832955,0.03,IL34_CSF1R,IL34 - CSF1R,CSF,Secreted Signaling,KEGG: hsa04060
SM,EG,IL34,CSF1R,0.0006766272975701487,0.0,IL34_CSF1R,IL34 - CSF1R,CSF,Secreted Signaling,KEGG: hsa04060
EG,FIB,IL34,CSF1R,0.0006439612692490184,0.03,IL34_CSF1R,IL34 - CSF1R,CSF,Secreted Signaling,KEGG: hsa04060
EG,EG,IL34,CSF1R,0.0008160775696712539,0.0,IL34_CSF1R,IL34 - CSF1R,CSF,Secreted Signaling,KEGG: hsa04060
ENDO,Keratinocyte,IL1F10,IL1RL2_IL1RAP,0.00032839115990923405,0.0,IL1F10_IL1RL2_IL1RAP,IL1F10 - (IL1RL2+IL1RAP),IL1,Secreted Signaling,KEGG: hsa04060
Immune,Immune,IL1F10,IL1RL2_IL1RAP,0.00011848831751072616,0.0,IL1F10_IL1RL2_IL1RAP,IL1F10 - (IL1RL2+IL1RAP),IL1,Secreted Signaling,KEGG: hsa04060
ENDO,SM,IL36G,IL1RL2_IL1RAP,0.0009248036264928181,0.02,IL1F9_IL1RL2_IL1RAP,IL1F9 - (IL1RL2+IL1RAP),IL1,Secreted Signaling,KEGG: hsa04060
SM,SM,IL36G,IL1RL2_IL1RAP,0.0023291168443204365,0.0,IL1F9_IL1RL2_IL1RAP,IL1F9 - (IL1RL2+IL1RAP),IL1,Secreted Signaling,KEGG: hsa04060
Immune,SM,IL36G,IL1RL2_IL1RAP,0.0009355142732815648,0.0,IL1F9_IL1RL2_IL1RAP,IL1F9 - (IL1RL2+IL1RAP),IL1,Secreted Signaling,KEGG: hsa04060
Keratinocyte,Keratinocyte,IL36B,IL1RL2_IL1RAP,3.443091535399064e-05,0.0,IL1F8_IL1RL2_IL1RAP,IL1F8 - (IL1RL2+IL1RAP),IL1,Secreted Signaling,KEGG: hsa04060
Keratinocyte,Immune,IL36B,IL1RL2_IL1RAP,3.9208705173378086e-05,0.0,IL1F8_IL1RL2_IL1RAP,IL1F8 - (IL1RL2+IL1RAP),IL1,Secreted Signaling,KEGG: hsa04060
FIB,FIB,IL1B,IL1R2,0.0006161401530330119,0.0,IL1B_IL1R2,IL1B - IL1R2,IL1,Secreted Signaling,KEGG: hsa04060
FIB,SM,IL1B,IL1R2,0.0002443567995930107,0.01,IL1B_IL1R2,IL1B - IL1R2,IL1,Secreted Signaling,KEGG: hsa04060
SM,FIB,IL1B,IL1R2,0.00034370878985441595,0.0,IL1B_IL1R2,IL1B - IL1R2,IL1,Secreted Signaling,KEGG: hsa04060
Keratinocyte,ENDO,IL1A,IL1R2,8.121310341053897e-05,0.0,IL1A_IL1R2,IL1A - IL1R2,IL1,Secreted Signaling,KEGG: hsa04060
Keratinocyte,Keratinocyte,IL1A,IL1R2,9.141984453731295e-05,0.0,IL1A_IL1R2,IL1A - IL1R2,IL1,Secreted Signaling,KEGG: hsa04060
FIB,FIB,IL1B,IL1R1_IL1RAP,0.00021582806824692511,0.0,IL1B_IL1R1_IL1RAP,IL1B - (IL1R1+IL1RAP),IL1,Secreted Signaling,KEGG: hsa04060
FIB,SM,IL1B,IL1R1_IL1RAP,0.00033086873438165467,0.0,IL1B_IL1R1_IL1RAP,IL1B - (IL1R1+IL1RAP),IL1,Secreted Signaling,KEGG: hsa04060
SM,FIB,IL1B,IL1R1_IL1RAP,0.00012039793834016262,0.01,IL1B_IL1R1_IL1RAP,IL1B - (IL1R1+IL1RAP),IL1,Secreted Signaling,KEGG: hsa04060
Keratinocyte,FIB,IL1A,IL1R1_IL1RAP,6.553666975832952e-05,0.03,IL1A_IL1R1_IL1RAP,IL1A - (IL1R1+IL1RAP),IL1,Secreted Signaling,KEGG: hsa04060
Keratinocyte,ENDO,IL1A,IL1R1_IL1RAP,0.00015145105847715824,0.0,IL1A_IL1R1_IL1RAP,IL1A - (IL1R1+IL1RAP),IL1,Secreted Signaling,KEGG: hsa04060
Keratinocyte,Keratinocyte,IL1A,IL1R1_IL1RAP,5.030682448333089e-05,0.0,IL1A_IL1R1_IL1RAP,IL1A - (IL1R1+IL1RAP),IL1,Secreted Signaling,KEGG: hsa04060
SM,EG,CSF1,CSF1R,0.0006536582927575288,0.0,CSF1_CSF1R,CSF1 - CSF1R,CSF,Secreted Signaling,KEGG: hsa04060
EG,EG,CSF1,CSF1R,0.0008474198860688115,0.0,CSF1_CSF1R,CSF1 - CSF1R,CSF,Secreted Signaling,KEGG: hsa04060
ENDO,EG,IL16,CD4,0.0005450463767912103,0.0,IL16_CD4,IL16 - CD4,IL16,Secreted Signaling,KEGG: hsa04060
SM,SM,IL16,CD4,0.0009163546254113019,0.0,IL16_CD4,IL16 - CD4,IL16,Secreted Signaling,KEGG: hsa04060
SM,EG,IL16,CD4,0.0005188565709714968,0.04,IL16_CD4,IL16 - CD4,IL16,Secreted Signaling,KEGG: hsa04060
EG,ENDO,IL16,CD4,0.000542249828298712,0.03,IL16_CD4,IL16 - CD4,IL16,Secreted Signaling,KEGG: hsa04060
Keratinocyte,EG,IL16,CD4,0.0004206014137508351,0.03,IL16_CD4,IL16 - CD4,IL16,Secreted Signaling,KEGG: hsa04060
EG,ENDO,CX3CL1,CX3CR1,0.0006484023355448656,0.0,CX3CL1_CX3CR1,CX3CL1 - CX3CR1,CX3C,Secreted Signaling,KEGG: hsa04060
EG,SM,CX3CL1,CX3CR1,0.0005431259660619778,0.01,CX3CL1_CX3CR1,CX3CL1 - CX3CR1,CX3C,Secreted Signaling,KEGG: hsa04060
EG,EG,CX3CL1,CX3CR1,0.0009265276065939298,0.0,CX3CL1_CX3CR1,CX3CL1 - CX3CR1,CX3C,Secreted Signaling,KEGG: hsa04060
FIB,EG,LIF,LIFR_IL6ST,0.0006140601732883553,0.04,LIF_LIFR_IL6ST,LIF - (LIFR+IL6ST),LIFR,Secreted Signaling,KEGG: hsa04060
EG,ENDO,LIF,LIFR_IL6ST,0.0007203102725000291,0.0,LIF_LIFR_IL6ST,LIF - (LIFR+IL6ST),LIFR,Secreted Signaling,KEGG: hsa04060
EG,EG,LIF,LIFR_IL6ST,0.0008074635747945489,0.0,LIF_LIFR_IL6ST,LIF - (LIFR+IL6ST),LIFR,Secreted Signaling,KEGG: hsa04060
FIB,FIB,IL11,IL11R complex,0.00014330987662184417,0.0,IL11_IL11RA_IL6ST,IL11 - (IL11RA+IL6ST),IL6,Secreted Signaling,KEGG: hsa04060
FIB,ENDO,IL11,IL11R complex,9.507118715027732e-05,0.03,IL11_IL11RA_IL6ST,IL11 - (IL11RA+IL6ST),IL6,Secreted Signaling,KEGG: hsa04060
FIB,Immune,IL11,IL11R complex,0.00018660148300966896,0.0,IL11_IL11RA_IL6ST,IL11 - (IL11RA+IL6ST),IL6,Secreted Signaling,KEGG: hsa04060
FIB,ENDO,CTF1,LIFR_IL6ST,0.0001788283983701217,0.02,CTF1_LIFR_IL6ST,CTF1 - (LIFR+IL6ST),LIFR,Secreted Signaling,KEGG: hsa04060
Keratinocyte,Immune,CTF1,LIFR_IL6ST,0.0002203705633572885,0.0,CTF1_LIFR_IL6ST,CTF1 - (LIFR+IL6ST),LIFR,Secreted Signaling,KEGG: hsa04060
Immune,Immune,CTF1,LIFR_IL6ST,0.00027352164634972405,0.0,CTF1_LIFR_IL6ST,CTF1 - (LIFR+IL6ST),LIFR,Secreted Signaling,KEGG: hsa04060
Keratinocyte,Keratinocyte,SLURP2,CHRNA9,0.00013518472815581082,0.0,SLURP2_CHRNA9,SLURP2 - CHRNA9,SLURP,Secreted Signaling,KEGG: hsa04080
Keratinocyte,FIB,SLURP2,CHRNA5,1.8439102165951278e-05,0.0,SLURP2_CHRNA5,SLURP2 - CHRNA5,SLURP,Secreted Signaling,KEGG: hsa04080
Keratinocyte,Keratinocyte,SLURP2,CHRNA5,0.00011640165855030054,0.0,SLURP2_CHRNA5,SLURP2 - CHRNA5,SLURP,Secreted Signaling,KEGG: hsa04080
Keratinocyte,Immune,SLURP2,CHRNA5,1.4817971833037247e-05,0.01,SLURP2_CHRNA5,SLURP2 - CHRNA5,SLURP,Secreted Signaling,KEGG: hsa04080
Keratinocyte,Keratinocyte,SLURP2,CHRNA3,0.00015564045394733157,0.0,SLURP2_CHRNA3,SLURP2 - CHRNA3,SLURP,Secreted Signaling,KEGG: hsa04080
Keratinocyte,Immune,SLURP2,CHRNA3,3.3334448224672435e-05,0.0,SLURP2_CHRNA3,SLURP2 - CHRNA3,SLURP,Secreted Signaling,KEGG: hsa04080
Keratinocyte,Keratinocyte,SLURP2,CHRNB1,7.222125536963429e-05,0.0,SLURP2_CHRNB1,SLURP2 - CHRNB1,SLURP,Secreted Signaling,KEGG: hsa04080
SM,SM,SLURP1,CHRNE,0.0007026746942342597,0.0,SLURP1_CHRNE,SLURP1 - CHRNE,SLURP,Secreted Signaling,KEGG: hsa04080
EG,FIB,SLURP1,CHRNE,0.0005377592905513869,0.0,SLURP1_CHRNE,SLURP1 - CHRNE,SLURP,Secreted Signaling,KEGG: hsa04080
EG,EG,SLURP1,CHRNA10,0.0015430261018458302,0.0,SLURP1_CHRNA10,SLURP1 - CHRNA10,SLURP,Secreted Signaling,KEGG: hsa04080
Keratinocyte,Immune,SLURP1,CHRNA10,0.0003426891531785715,0.0,SLURP1_CHRNA10,SLURP1 - CHRNA10,SLURP,Secreted Signaling,KEGG: hsa04080
ENDO,Immune,KLK6,F2RL1,0.0007826121655091563,0.04,KLK6_F2RL1,KLK6 - F2RL1,KLK,Secreted Signaling,PMID: 35102281
EG,EG,KLK6,F2RL1,0.001235548543440927,0.0,KLK6_F2RL1,KLK6 - F2RL1,KLK,Secreted Signaling,PMID: 35102281
Keratinocyte,EG,KLK6,F2RL1,0.0009046728737939449,0.0,KLK6_F2RL1,KLK6 - F2RL1,KLK,Secreted Signaling,PMID: 35102281
FIB,EG,KLK6,F2R,0.0005473255196804242,0.02,KLK6_F2R,KLK6 - F2R,KLK,Secreted Signaling,PMID: 35102281
SM,ENDO,KLK6,F2R,0.0008186797742068722,0.0,KLK6_F2R,KLK6 - F2R,KLK,Secreted Signaling,PMID: 35102281
SM,SM,KLK6,F2R,0.0008998565001425834,0.0,KLK6_F2R,KLK6 - F2R,KLK,Secreted Signaling,PMID: 35102281
EG,EG,LGALS9,CD44,0.0023825153001267654,0.0,LGALS9_CD44,LGALS9 - CD44,GALECTIN,Secreted Signaling,PMID: 25065622
Keratinocyte,EG,LGALS9,CD44,0.001445733316562709,0.0,LGALS9_CD44,LGALS9 - CD44,GALECTIN,Secreted Signaling,PMID: 25065622
Immune,Keratinocyte,LGALS9,CD44,0.0014031428858257181,0.02,LGALS9_CD44,LGALS9 - CD44,GALECTIN,Secreted Signaling,PMID: 25065622
SM,FIB,LGALS9,HAVCR2,0.0007748911462593869,0.0,LGALS9_HAVCR2,LGALS9 - HAVCR2,GALECTIN,Secreted Signaling,PMID: 27192565
EG,EG,LGALS9,HAVCR2,0.0006855723273515126,0.0,LGALS9_HAVCR2,LGALS9 - HAVCR2,GALECTIN,Secreted Signaling,PMID: 27192565
Immune,EG,LGALS9,HAVCR2,0.0006709805939514287,0.01,LGALS9_HAVCR2,LGALS9 - HAVCR2,GALECTIN,Secreted Signaling,PMID: 27192565
Keratinocyte,Keratinocyte,SLURP2,CHRNE,9.376116172952001e-05,0.0,SLURP2_CHRNE,SLURP2 - CHRNE,SLURP,Secreted Signaling,KEGG: hsa04080
Keratinocyte,Immune,SLURP2,CHRNE,5.1850924616307624e-05,0.0,SLURP2_CHRNE,SLURP2 - CHRNE,SLURP,Secreted Signaling,KEGG: hsa04080
FIB,SM,KLK5,F2RL1,0.0009654467899882722,0.0,KLK5_F2RL1,KLK5 - F2RL1,KLK,Secreted Signaling,PMID: 35102281;PMID: 33543017
SM,FIB,KLK5,F2RL1,0.0006976212502614197,0.01,KLK5_F2RL1,KLK5 - F2RL1,KLK,Secreted Signaling,PMID: 35102281;PMID: 33543017
EG,EG,KLK5,F2RL1,0.0011986819783878886,0.0,KLK5_F2RL1,KLK5 - F2RL1,KLK,Secreted Signaling,PMID: 35102281;PMID: 33543017
EG,Immune,KLK5,F2RL1,0.0006503278191220509,0.04,KLK5_F2RL1,KLK5 - F2RL1,KLK,Secreted Signaling,PMID: 35102281;PMID: 33543017
ENDO,SM,SLURP1,CHRNA9,0.0015802186976519527,0.0,SLURP1_CHRNA9,SLURP1 - CHRNA9,SLURP,Secreted Signaling,KEGG: hsa04080
SM,SM,SLURP1,CHRNA9,0.0025780067198815553,0.0,SLURP1_CHRNA9,SLURP1 - CHRNA9,SLURP,Secreted Signaling,KEGG: hsa04080
Immune,SM,SLURP1,CHRNA9,0.0007074970806906241,0.02,SLURP1_CHRNA9,SLURP1 - CHRNA9,SLURP,Secreted Signaling,KEGG: hsa04080
EG,EG,SLURP1,CHRNA5,0.0012678234685184542,0.0,SLURP1_CHRNA5,SLURP1 - CHRNA5,SLURP,Secreted Signaling,KEGG: hsa04080
EG,Keratinocyte,SLURP1,CHRNA5,0.0009891258260540296,0.03,SLURP1_CHRNA5,SLURP1 - CHRNA5,SLURP,Secreted Signaling,KEGG: hsa04080
EG,Immune,SLURP1,CHRNA5,0.0018933284663145396,0.0,SLURP1_CHRNA5,SLURP1 - CHRNA5,SLURP,Secreted Signaling,KEGG: hsa04080
FIB,EG,RARRES2,GPR1,0.0008036500713069876,0.02,RARRES2_GPR1,RARRES2 - GPR1,CHEMERIN,Secreted Signaling,PMID: 24671882
EG,EG,RARRES2,GPR1,0.0019994319686709163,0.0,RARRES2_GPR1,RARRES2 - GPR1,CHEMERIN,Secreted Signaling,PMID: 24671882
EG,Immune,RARRES2,GPR1,0.0008507050757672594,0.0,RARRES2_GPR1,RARRES2 - GPR1,CHEMERIN,Secreted Signaling,PMID: 24671882
ENDO,SM,PTHLH,PTH1R,0.0004807872663433508,0.03,PTHLH_PTH1R,PTHLH - PTH1R,PTH,Secreted Signaling,PMID: 29577935
ENDO,Immune,PTHLH,PTH1R,0.0005896132814541272,0.0,PTHLH_PTH1R,PTHLH - PTH1R,PTH,Secreted Signaling,PMID: 29577935
EG,EG,PTHLH,PTH1R,0.0008341607557657147,0.0,PTHLH_PTH1R,PTHLH - PTH1R,PTH,Secreted Signaling,PMID: 29577935
SM,SM,RARRES2,CMKLR1,0.0014488203713303393,0.0,RARRES2_CMKLR1,RARRES2 - CMKLR1,CHEMERIN,Secreted Signaling,PMID: 24671882
EG,ENDO,RARRES2,CMKLR1,0.0009967323104958297,0.0,RARRES2_CMKLR1,RARRES2 - CMKLR1,CHEMERIN,Secreted Signaling,PMID: 24671882
EG,Immune,RARRES2,CMKLR1,0.0007029916954221953,0.02,RARRES2_CMKLR1,RARRES2 - CMKLR1,CHEMERIN,Secreted Signaling,PMID: 24671882
FIB,SM,PSAP,GPR37,0.0013389347486820922,0.0,PSAP_GPR37,PSAP - GPR37,PSAP,Secreted Signaling,PMID: 23690594
SM,SM,PSAP,GPR37,0.0023644390850611425,0.0,PSAP_GPR37,PSAP - GPR37,PSAP,Secreted Signaling,PMID: 23690594
Keratinocyte,FIB,PSAP,GPR37,0.0010326320618217445,0.02,PSAP_GPR37,PSAP - GPR37,PSAP,Secreted Signaling,PMID: 23690594
Immune,SM,PSAP,GPR37,0.0010705107464375585,0.01,PSAP_GPR37,PSAP - GPR37,PSAP,Secreted Signaling,PMID: 23690594
FIB,SM,PROS1,TYRO3,0.0007585119473252488,0.02,PROS1_TYRO3,PROS1 - TYRO3,PROS,Secreted Signaling,PMID: 30501104
SM,SM,PROS1,TYRO3,0.0005853037246296291,0.0,PROS1_TYRO3,PROS1 - TYRO3,PROS,Secreted Signaling,PMID: 30501104
EG,SM,PROS1,TYRO3,0.001349601520687178,0.0,PROS1_TYRO3,PROS1 - TYRO3,PROS,Secreted Signaling,PMID: 30501104
SM,SM,PROS1,AXL,0.0015441409500806657,0.0,PROS1_AXL,PROS1 - AXL,PROS,Secreted Signaling,PMID: 29531161
SM,EG,PROS1,AXL,0.0009725495195517583,0.0,PROS1_AXL,PROS1 - AXL,PROS,Secreted Signaling,PMID: 29531161
Keratinocyte,EG,PROS1,AXL,0.0007555073274080337,0.02,PROS1_AXL,PROS1 - AXL,PROS,Secreted Signaling,PMID: 29531161
Immune,EG,PROS1,AXL,0.0007216619532764957,0.02,PROS1_AXL,PROS1 - AXL,PROS,Secreted Signaling,PMID: 29531161
EG,ENDO,SLURP1,CHRNA3,0.0004495551128753742,0.0,SLURP1_CHRNA3,SLURP1 - CHRNA3,SLURP,Secreted Signaling,KEGG: hsa04080
EG,SM,SLURP1,CHRNA3,0.00043463870627602545,0.01,SLURP1_CHRNA3,SLURP1 - CHRNA3,SLURP,Secreted Signaling,KEGG: hsa04080
EG,EG,SLURP1,CHRNA3,0.002000164773909698,0.0,SLURP1_CHRNA3,SLURP1 - CHRNA3,SLURP,Secreted Signaling,KEGG: hsa04080
FIB,EG,SLURP1,CHRNB2,0.0002467884074492723,0.04,SLURP1_CHRNB2,SLURP1 - CHRNB2,SLURP,Secreted Signaling,KEGG: hsa04080
SM,Immune,SLURP1,CHRNB2,0.00029922320165104915,0.03,SLURP1_CHRNB2,SLURP1 - CHRNB2,SLURP,Secreted Signaling,KEGG: hsa04080
EG,EG,SLURP1,CHRNB2,0.001008203221558194,0.0,SLURP1_CHRNB2,SLURP1 - CHRNB2,SLURP,Secreted Signaling,KEGG: hsa04080
EG,Immune,SLURP1,CHRNB2,0.0003280929848468663,0.0,SLURP1_CHRNB2,SLURP1 - CHRNB2,SLURP,Secreted Signaling,KEGG: hsa04080
ENDO,EG,SLURP1,CHRNB1,0.0005598218559094157,0.0,SLURP1_CHRNB1,SLURP1 - CHRNB1,SLURP,Secreted Signaling,KEGG: hsa04080
SM,SM,SLURP1,CHRNB1,0.001539700364926251,0.0,SLURP1_CHRNB1,SLURP1 - CHRNB1,SLURP,Secreted Signaling,KEGG: hsa04080
SM,EG,SLURP1,CHRNB1,0.0005114719228824208,0.04,SLURP1_CHRNB1,SLURP1 - CHRNB1,SLURP,Secreted Signaling,KEGG: hsa04080
Immune,EG,SLURP1,CHRNB1,0.000542619930628092,0.01,SLURP1_CHRNB1,SLURP1 - CHRNB1,SLURP,Secreted Signaling,KEGG: hsa04080
SM,EG,LGALS9,PTPRC,0.0008564113209435715,0.0,LGALS9_CD45,LGALS9 - CD45,GALECTIN,Secreted Signaling,PMID: 30120235
EG,EG,LGALS9,PTPRC,0.0012455507494042483,0.0,LGALS9_CD45,LGALS9 - CD45,GALECTIN,Secreted Signaling,PMID: 30120235
SM,EG,LGALS9,P4HB,0.0013312495884137267,0.0,LGALS9_P4HB,LGALS9 - P4HB,GALECTIN,Secreted Signaling,PMID:21670307;uniprot
EG,EG,LGALS9,P4HB,0.00237018508985329,0.0,LGALS9_P4HB,LGALS9 - P4HB,GALECTIN,Secreted Signaling,PMID:21670307;uniprot
Immune,EG,LGALS9,P4HB,0.0012209023564627652,0.02,LGALS9_P4HB,LGALS9 - P4HB,GALECTIN,Secreted Signaling,PMID:21670307;uniprot
Immune,Keratinocyte,LGALS9,P4HB,0.0013012118219573327,0.02,LGALS9_P4HB,LGALS9 - P4HB,GALECTIN,Secreted Signaling,PMID:21670307;uniprot
FIB,EG,IGFBP3,TMEM219,0.0007600376218176886,0.02,IGFBP3_TMEM219,IGFBP3 - TMEM219,IGFBP,Secreted Signaling,PMID:20353938
SM,EG,IGFBP3,TMEM219,0.0007851366488731748,0.0,IGFBP3_TMEM219,IGFBP3 - TMEM219,IGFBP,Secreted Signaling,PMID:20353938
Keratinocyte,Keratinocyte,IGFBP3,TMEM219,0.001825698459777686,0.0,IGFBP3_TMEM219,IGFBP3 - TMEM219,IGFBP,Secreted Signaling,PMID:20353938
SM,ENDO,BDNF,NGFR,0.0008883170351122327,0.0,BDNF_NGFR,BDNF - NGFR,NT,Secreted Signaling,uniprot
SM,SM,BDNF,NGFR,0.0013897261505289528,0.0,BDNF_NGFR,BDNF - NGFR,NT,Secreted Signaling,uniprot
SM,SM,BDNF,SORT1,0.001085157094503904,0.0,BDNF_SORT1,BDNF - SORT1,NT,Secreted Signaling,uniprot
SM,EG,BDNF,SORT1,0.0016304968855069054,0.0,BDNF_SORT1,BDNF - SORT1,NT,Secreted Signaling,uniprot
Immune,EG,BDNF,SORT1,0.000753866491965637,0.04,BDNF_SORT1,BDNF - SORT1,NT,Secreted Signaling,uniprot
FIB,SM,PTPRS,NTRK3,0.0006496409561120289,0.04,PTPRS_NTRK3,PTPRS - NTRK3,PTPR,Secreted Signaling,PMID:21262467;PMID:25385546;
FIB,EG,PTPRS,NTRK3,0.0006754362669710403,0.0,PTPRS_NTRK3,PTPRS - NTRK3,PTPR,Secreted Signaling,PMID:21262467;PMID:25385546;
EG,EG,PTPRS,NTRK3,0.000978748875311895,0.0,PTPRS_NTRK3,PTPRS - NTRK3,PTPR,Secreted Signaling,PMID:21262467;PMID:25385546;
SM,FIB,NRG1,ITGA6_ITGB4,0.0008132228499437242,0.0,NRG1_INTEGRIN_A6B4_COMPLEX,NRG1 - (ITGA6+ITGB4),NRG,Secreted Signaling,PMID: 20682778
EG,EG,NRG1,ITGA6_ITGB4,0.0010573154765242873,0.0,NRG1_INTEGRIN_A6B4_COMPLEX,NRG1 - (ITGA6+ITGB4),NRG,Secreted Signaling,PMID: 20682778
EG,Keratinocyte,NRG1,ITGA6_ITGB4,0.000638013755944034,0.03,NRG1_INTEGRIN_A6B4_COMPLEX,NRG1 - (ITGA6+ITGB4),NRG,Secreted Signaling,PMID: 20682778
ENDO,ENDO,NTF4,NGFR,0.0006449181148208662,0.0,NTF5_NGFR,NTF4 - NGFR,NT,Secreted Signaling,uniprot
ENDO,Immune,NTF4,NGFR,0.0003928629960740576,0.02,NTF5_NGFR,NTF4 - NGFR,NT,Secreted Signaling,uniprot
Immune,ENDO,NTF4,NGFR,0.0006587071158293632,0.0,NTF5_NGFR,NTF4 - NGFR,NT,Secreted Signaling,uniprot
Immune,EG,NTF4,NGFR,0.00037337954608970754,0.03,NTF5_NGFR,NTF4 - NGFR,NT,Secreted Signaling,uniprot
FIB,SM,PROS1,MERTK,0.0005111148266924965,0.03,PROS1_MERTK,PROS1 - MERTK,PROS,Secreted Signaling,PMID: 34631419
ENDO,SM,PROS1,MERTK,0.0005622852660317043,0.03,PROS1_MERTK,PROS1 - MERTK,PROS,Secreted Signaling,PMID: 34631419
SM,SM,PROS1,MERTK,0.0013255635948032384,0.0,PROS1_MERTK,PROS1 - MERTK,PROS,Secreted Signaling,PMID: 34631419
SM,EG,PROS1,MERTK,0.0007198213163940762,0.0,PROS1_MERTK,PROS1 - MERTK,PROS,Secreted Signaling,PMID: 34631419
SM,SM,SLIT2,ROBO1,0.0013814516967999271,0.0,SLIT2_ROBO1,SLIT2 - ROBO1,SLIT,Secreted Signaling,PMID:10102268
EG,SM,SLIT2,ROBO1,0.0007857796443464307,0.0,SLIT2_ROBO1,SLIT2 - ROBO1,SLIT,Secreted Signaling,PMID:10102268
ENDO,ENDO,ULBP2,NKG2D_HCST,0.0006156061379077749,0.0,ULBP2_NKG2D_HCST,ULBP2 - (KLRK1+HCST),MHC-I,Secreted Signaling,PMID: 10894171;PMID:24223577
ENDO,Keratinocyte,ULBP2,NKG2D_HCST,0.00015418782037874057,0.04,ULBP2_NKG2D_HCST,ULBP2 - (KLRK1+HCST),MHC-I,Secreted Signaling,PMID: 10894171;PMID:24223577
ENDO,Immune,ULBP2,NKG2D_HCST,0.00033462299829604703,0.0,ULBP2_NKG2D_HCST,ULBP2 - (KLRK1+HCST),MHC-I,Secreted Signaling,PMID: 10894171;PMID:24223577
Immune,ENDO,ULBP2,NKG2D_HCST,0.00018950057170590823,0.02,ULBP2_NKG2D_HCST,ULBP2 - (KLRK1+HCST),MHC-I,Secreted Signaling,PMID: 10894171;PMID:24223577
SM,SM,RAET1E,NKG2D_HCST,0.002703416893032322,0.0,RAET1E_NKG2D_HCST,RAET1E - (KLRK1+HCST),MHC-I,Secreted Signaling,PMID: 10894171;PMID:24223577
SM,Immune,RAET1E,NKG2D_HCST,0.0011124938731753191,0.0,RAET1E_NKG2D_HCST,RAET1E - (KLRK1+HCST),MHC-I,Secreted Signaling,PMID: 10894171;PMID:24223577
EG,FIB,RAET1E,NKG2D_HCST,0.0008091862489188011,0.01,RAET1E_NKG2D_HCST,RAET1E - (KLRK1+HCST),MHC-I,Secreted Signaling,PMID: 10894171;PMID:24223577
EG,FIB,PPIA,BSG,0.0033273062130337976,0.0,PPIA_BSG,PPIA - BSG,CypA,Secreted Signaling,PMID: 36012604
EG,EG,PPIA,BSG,0.006155186461241656,0.0,PPIA_BSG,PPIA - BSG,CypA,Secreted Signaling,PMID: 36012604
Keratinocyte,FIB,PPIA,BSG,0.0025328689054862313,0.03,PPIA_BSG,PPIA - BSG,CypA,Secreted Signaling,PMID: 36012604
Keratinocyte,Immune,PPIA,BSG,0.0022403611854968967,0.01,PPIA_BSG,PPIA - BSG,CypA,Secreted Signaling,PMID: 36012604
SM,SM,ANXA1,FPR3,0.001558990847960981,0.0,ANXA1_FPR3,ANXA1 - FPR3,ANNEXIN,Secreted Signaling,PMID: 33082511
EG,SM,ANXA1,FPR3,0.0009118541625150819,0.03,ANXA1_FPR3,ANXA1 - FPR3,ANNEXIN,Secreted Signaling,PMID: 33082511
EG,Keratinocyte,ANXA1,FPR3,0.0009490939219762438,0.0,ANXA1_FPR3,ANXA1 - FPR3,ANNEXIN,Secreted Signaling,PMID: 33082511
SM,SM,KLK8,F2R,0.0017758847635053086,0.0,KLK8_F2R,KLK8 - F2R,KLK,Secreted Signaling,PMID: 34552064
SM,EG,KLK8,F2R,0.0009056117382480604,0.0,KLK8_F2R,KLK8 - F2R,KLK,Secreted Signaling,PMID: 34552064
FIB,SM,KLK7,F2RL1,0.0008344184782376023,0.0,KLK7_F2RL1,KLK7 - F2RL1,KLK,Secreted Signaling,PMID: 33543017
EG,Immune,KLK7,F2RL1,0.0007623759368561472,0.01,KLK7_F2RL1,KLK7 - F2RL1,KLK,Secreted Signaling,PMID: 33543017
Keratinocyte,Keratinocyte,KLK7,F2RL1,0.0016841500303550264,0.0,KLK7_F2RL1,KLK7 - F2RL1,KLK,Secreted Signaling,PMID: 33543017
EG,EG,CTSG,FPR1,0.0011016852998008508,0.0,CTSG_FPR1,CTSG - FPR1,CTSG,Secreted Signaling,PMID: 26516201
EG,Immune,CTSG,FPR1,0.0006547564821430601,0.0,CTSG_FPR1,CTSG - FPR1,CTSG,Secreted Signaling,PMID: 26516201
Immune,EG,CTSG,FPR1,0.0005631228533654537,0.03,CTSG_FPR1,CTSG - FPR1,CTSG,Secreted Signaling,PMID: 26516201
Keratinocyte,EG,PROC,PROCR_HSP90AA1,0.0006064638857841108,0.0,PROC_PROCR_HSP90AA1,PROC - (PROCR+HSP90AA1),PROCR,Secreted Signaling,PMID: 35320720
Immune,Immune,PROC,PROCR_HSP90AA1,0.000322035982775138,0.0,PROC_PROCR_HSP90AA1,PROC - (PROCR+HSP90AA1),PROCR,Secreted Signaling,PMID: 35320720
FIB,FIB,LEP,LEPR,0.0012763827330857175,0.0,LEP_LEPR,LEP - LEPR,LEP,Secreted Signaling,KEGG: hsa04080
FIB,ENDO,LEP,LEPR,0.0008834411544740879,0.0,LEP_LEPR,LEP - LEPR,LEP,Secreted Signaling,KEGG: hsa04080
SM,SM,PLAU,PLAUR,0.0007123794961174622,0.0,PLAU_PLAUR,PLAU - PLAUR,PLAU,Secreted Signaling,uniprot
SM,EG,PLAU,PLAUR,0.0011617473489488126,0.0,PLAU_PLAUR,PLAU - PLAUR,PLAU,Secreted Signaling,uniprot
Keratinocyte,SM,PLAU,PLAUR,0.0007392781347879244,0.01,PLAU_PLAUR,PLAU - PLAUR,PLAU,Secreted Signaling,uniprot
EG,ENDO,GZMA,PARD3,0.000904580264574838,0.0,GZMA_PARD3,GZMA - PARD3,PARs,Secreted Signaling,KEGG: hsa04080
EG,SM,GZMA,PARD3,0.00048653507569418043,0.04,GZMA_PARD3,GZMA - PARD3,PARs,Secreted Signaling,KEGG: hsa04080
EG,EG,GZMA,PARD3,0.0006413164610974336,0.0,GZMA_PARD3,GZMA - PARD3,PARs,Secreted Signaling,KEGG: hsa04080
EG,Keratinocyte,GZMA,PARD3,0.0006546128229683542,0.01,GZMA_PARD3,GZMA - PARD3,PARs,Secreted Signaling,KEGG: hsa04080
SM,ENDO,PRSS3,PARD3,0.0005621395666101244,0.03,PRSS3_PARD3,PRSS3 - PARD3,PARs,Secreted Signaling,KEGG: hsa04080
SM,SM,PRSS3,PARD3,0.001574631076266493,0.0,PRSS3_PARD3,PRSS3 - PARD3,PARs,Secreted Signaling,KEGG: hsa04080
SM,EG,PRSS3,PARD3,0.0006263657796491387,0.03,PRSS3_PARD3,PRSS3 - PARD3,PARs,Secreted Signaling,KEGG: hsa04080
Keratinocyte,EG,PRSS3,PARD3,0.0007933576683345393,0.0,PRSS3_PARD3,PRSS3 - PARD3,PARs,Secreted Signaling,KEGG: hsa04080
SM,SM,CTSG,PARD3,0.0016891471660731678,0.0,CTSG_PARD3,CTSG - PARD3,PARs,Secreted Signaling,KEGG: hsa04080
EG,Keratinocyte,CTSG,PARD3,0.0007170879291113037,0.0,CTSG_PARD3,CTSG - PARD3,PARs,Secreted Signaling,KEGG: hsa04080
Keratinocyte,SM,CTSG,PARD3,0.0007136492503586017,0.03,CTSG_PARD3,CTSG - PARD3,PARs,Secreted Signaling,KEGG: hsa04080
FIB,SM,BDNF,NTRK2,0.0005529656121457291,0.02,BDNF_NTRK2,BDNF - NTRK2,NT,Secreted Signaling,PMID: 27908981
SM,FIB,BDNF,NTRK2,0.0009203582741621372,0.0,BDNF_NTRK2,BDNF - NTRK2,NT,Secreted Signaling,PMID: 27908981
SM,SM,BDNF,NTRK2,0.0014175179867950648,0.0,BDNF_NTRK2,BDNF - NTRK2,NT,Secreted Signaling,PMID: 27908981
SM,EG,BDNF,NTRK2,0.0008934896283331633,0.03,BDNF_NTRK2,BDNF - NTRK2,NT,Secreted Signaling,PMID: 27908981
EG,SM,KITLG,KIT,0.0005066336782800913,0.0,KITL_KIT,KITL - KIT,KIT,Secreted Signaling,KEGG: hsa04080
EG,EG,KITLG,KIT,0.0008675286832779158,0.0,KITL_KIT,KITL - KIT,KIT,Secreted Signaling,KEGG: hsa04080
EG,SM,GZMA,F2RL2,0.0006290239086268325,0.0,GZMA_F2RL2,GZMA - F2RL2,PARs,Secreted Signaling,KEGG: hsa04080
EG,EG,GZMA,F2RL2,0.0017821398185062147,0.0,GZMA_F2RL2,GZMA - F2RL2,PARs,Secreted Signaling,KEGG: hsa04080
Immune,EG,GZMA,F2RL2,0.0004066941927170602,0.04,GZMA_F2RL2,GZMA - F2RL2,PARs,Secreted Signaling,KEGG: hsa04080
SM,SM,CTSG,F2R,0.00157635526857061,0.0,CTSG_F2R,CTSG - F2R,PARs,Secreted Signaling,KEGG: hsa04080
EG,FIB,CTSG,F2R,0.000717635085606487,0.02,CTSG_F2R,CTSG - F2R,PARs,Secreted Signaling,KEGG: hsa04080
EG,SM,CTSG,F2R,0.0009450337601055982,0.0,CTSG_F2R,CTSG - F2R,PARs,Secreted Signaling,KEGG: hsa04080
SM,SM,CTSG,F2RL2,0.0013575558920188606,0.0,CTSG_F2RL2,CTSG - F2RL2,PARs,Secreted Signaling,KEGG: hsa04080
EG,SM,CTSG,F2RL2,0.0007519670629399712,0.0,CTSG_F2RL2,CTSG - F2RL2,PARs,Secreted Signaling,KEGG: hsa04080
EG,Keratinocyte,CTSG,F2RL2,0.0005161245821451736,0.02,CTSG_F2RL2,CTSG - F2RL2,PARs,Secreted Signaling,KEGG: hsa04080
EG,Immune,CTSG,F2RL2,0.00045750810164078886,0.02,CTSG_F2RL2,CTSG - F2RL2,PARs,Secreted Signaling,KEGG: hsa04080
SM,EG,PRSS3,F2RL2,0.0004675998244583175,0.0,PRSS3_F2RL2,PRSS3 - F2RL2,PARs,Secreted Signaling,KEGG: hsa04080
EG,EG,PRSS3,F2RL2,0.0008486621189532346,0.0,PRSS3_F2RL2,PRSS3 - F2RL2,PARs,Secreted Signaling,KEGG: hsa04080
Keratinocyte,EG,PRSS3,F2RL2,0.0004271926139729971,0.02,PRSS3_F2RL2,PRSS3 - F2RL2,PARs,Secreted Signaling,KEGG: hsa04080
Immune,EG,PRSS3,F2RL2,0.00038015519757949267,0.02,PRSS3_F2RL2,PRSS3 - F2RL2,PARs,Secreted Signaling,KEGG: hsa04080
EG,EG,GZMA,F2RL1,0.0014001431377922277,0.0,GZMA_F2RL1,GZMA - F2RL1,PARs,Secreted Signaling,KEGG: hsa04080
EG,Immune,GZMA,F2RL1,0.0007148284734438177,0.0,GZMA_F2RL1,GZMA - F2RL1,PARs,Secreted Signaling,KEGG: hsa04080
SM,SM,PRSS3,F2R,0.0008995235146380436,0.0,PRSS3_F2R,PRSS3 - F2R,PARs,Secreted Signaling,KEGG: hsa04080
SM,EG,PRSS3,F2R,0.0006371023821560575,0.0,PRSS3_F2R,PRSS3 - F2R,PARs,Secreted Signaling,KEGG: hsa04080
Keratinocyte,EG,PRSS3,F2R,0.0005104948352171997,0.02,PRSS3_F2R,PRSS3 - F2R,PARs,Secreted Signaling,KEGG: hsa04080
EG,EG,CTSG,F2RL1,0.0009990749094791107,0.0,CTSG_F2RL1,CTSG - F2RL1,PARs,Secreted Signaling,KEGG: hsa04080
EG,Keratinocyte,CTSG,F2RL1,0.0005973234046131822,0.03,CTSG_F2RL1,CTSG - F2RL1,PARs,Secreted Signaling,KEGG: hsa04080
EG,Immune,CTSG,F2RL1,0.0006269864488187912,0.0,CTSG_F2RL1,CTSG - F2RL1,PARs,Secreted Signaling,KEGG: hsa04080
ENDO,Immune,PRSS3,F2RL1,0.0004740884551426795,0.0,PRSS3_F2RL1,PRSS3 - F2RL1,PARs,Secreted Signaling,KEGG: hsa04080
EG,EG,PRSS3,F2RL1,0.0007871041575343479,0.0,PRSS3_F2RL1,PRSS3 - F2RL1,PARs,Secreted Signaling,KEGG: hsa04080
Keratinocyte,EG,PRSS3,F2RL1,0.00046452104272779707,0.01,PRSS3_F2RL1,PRSS3 - F2RL1,PARs,Secreted Signaling,KEGG: hsa04080
Keratinocyte,Immune,PRSS3,F2RL1,0.0004261835451723783,0.04,PRSS3_F2RL1,PRSS3 - F2RL1,PARs,Secreted Signaling,KEGG: hsa04080
EG,FIB,GZMA,F2R,0.00045017689296853684,0.0,GZMA_F2R,GZMA - F2R,PARs,Secreted Signaling,KEGG: hsa04080
EG,EG,GZMA,F2R,0.0008114632477048442,0.0,GZMA_F2R,GZMA - F2R,PARs,Secreted Signaling,KEGG: hsa04080
ENDO,Keratinocyte,NTF3,NTRK2,0.0007269182449178769,0.0,NTF3_NTRK2,NTF3 - NTRK2,NT,Secreted Signaling,PMID: 27908981
SM,SM,NTF3,NTRK2,0.0016564658380956326,0.0,NTF3_NTRK2,NTF3 - NTRK2,NT,Secreted Signaling,PMID: 27908981
SM,Immune,NTF3,NTRK2,0.0005555277801701218,0.03,NTF3_NTRK2,NTF3 - NTRK2,NT,Secreted Signaling,PMID: 27908981
EG,FIB,GAS6,TYRO3,0.0009511795899242219,0.0,GAS6_TYRO3,GAS6 - TYRO3,GAS,Secreted Signaling,PMID: 27801848
EG,EG,GAS6,TYRO3,0.0013028258705340774,0.0,GAS6_TYRO3,GAS6 - TYRO3,GAS,Secreted Signaling,PMID: 27801848
EG,Immune,GAS6,TYRO3,0.0007576787770017831,0.04,GAS6_TYRO3,GAS6 - TYRO3,GAS,Secreted Signaling,PMID: 27801848
ENDO,FIB,GAS6,MERTK,0.0007663164697398329,0.04,GAS6_MERTK,GAS6 - MERTK,GAS,Secreted Signaling,PMID: 27801848
SM,FIB,GAS6,MERTK,0.0007673585210080333,0.01,GAS6_MERTK,GAS6 - MERTK,GAS,Secreted Signaling,PMID: 27801848
SM,SM,GAS6,MERTK,0.0017942261950314176,0.0,GAS6_MERTK,GAS6 - MERTK,GAS,Secreted Signaling,PMID: 27801848
EG,SM,GAS6,MERTK,0.0008058108624828874,0.0,GAS6_MERTK,GAS6 - MERTK,GAS,Secreted Signaling,PMID: 27801848
SM,EG,GAS6,AXL,0.00154575441204632,0.02,GAS6_AXL,GAS6 - AXL,GAS,Secreted Signaling,PMID: 27801848
EG,FIB,GAS6,AXL,0.0016593743776901213,0.0,GAS6_AXL,GAS6 - AXL,GAS,Secreted Signaling,PMID: 27801848
EG,EG,GAS6,AXL,0.0034245789826359303,0.0,GAS6_AXL,GAS6 - AXL,GAS,Secreted Signaling,PMID: 27801848
FIB,FIB,APELA,APLNR,0.00022074819905830006,0.0,APELA_APLNR,APELA - APLNR,APJ,Secreted Signaling,PMID: 25995451
FIB,ENDO,APELA,APLNR,0.00033003249421434367,0.04,APELA_APLNR,APELA - APLNR,APJ,Secreted Signaling,PMID: 25995451
FIB,EG,APELA,APLNR,0.0005513209524482872,0.0,APELA_APLNR,APELA - APLNR,APJ,Secreted Signaling,PMID: 25995451
FIB,EG,ANXA1,FPR1,0.0007445065138361678,0.02,ANXA1_FPR1,ANXA1 - FPR1,ANNEXIN,Secreted Signaling,PMID: 23230437
EG,EG,ANXA1,FPR1,0.0015682732672541162,0.0,ANXA1_FPR1,ANXA1 - FPR1,ANNEXIN,Secreted Signaling,PMID: 23230437
EG,Immune,ANXA1,FPR1,0.0009312924397890572,0.03,ANXA1_FPR1,ANXA1 - FPR1,ANNEXIN,Secreted Signaling,PMID: 23230437
Immune,EG,ANXA1,FPR1,0.0010091978715391174,0.0,ANXA1_FPR1,ANXA1 - FPR1,ANNEXIN,Secreted Signaling,PMID: 23230437
FIB,FIB,ADM,CALCRL,0.0013736109096122685,0.0,ADM_CALCRL,ADM - CALCRL,CALCR,Secreted Signaling,KEGG: hsa04080
FIB,ENDO,ADM,CALCRL,0.0008493524552570441,0.03,ADM_CALCRL,ADM - CALCRL,CALCR,Secreted Signaling,KEGG: hsa04080
SM,EG,ADM,CALCRL,0.0010900619909287744,0.0,ADM_CALCRL,ADM - CALCRL,CALCR,Secreted Signaling,KEGG: hsa04080
ENDO,SM,SEMA3E,PLXND1,0.0011081363105743245,0.0,SEMA3E_PLXND1,SEMA3E - PLXND1,SEMA3,Secreted Signaling,PMID: 22325954
SM,SM,SEMA3E,PLXND1,0.0014131261138430034,0.0,SEMA3E_PLXND1,SEMA3E - PLXND1,SEMA3,Secreted Signaling,PMID: 22325954
EG,ENDO,SEMA3E,PLXND1,0.0006133997719511343,0.01,SEMA3E_PLXND1,SEMA3E - PLXND1,SEMA3,Secreted Signaling,PMID: 22325954
FIB,EG,GRN,SORT1,0.0011842832219399737,0.0,GRN_SORT1,GRN - SORT1,GRN,Secreted Signaling,PMID: 29555433
EG,EG,GRN,SORT1,0.003257370802964801,0.0,GRN_SORT1,GRN - SORT1,GRN,Secreted Signaling,PMID: 29555433
Immune,EG,GRN,SORT1,0.0011660873303998742,0.04,GRN_SORT1,GRN - SORT1,GRN,Secreted Signaling,PMID: 29555433
EG,FIB,SEMA3C,PLXND1,0.0008646545358040406,0.03,SEMA3C_PLXND1,SEMA3C - PLXND1,SEMA3,Secreted Signaling,PMID: 27533782
EG,SM,SEMA3C,PLXND1,0.0008277348934948829,0.02,SEMA3C_PLXND1,SEMA3C - PLXND1,SEMA3,Secreted Signaling,PMID: 27533782
EG,EG,SEMA3C,PLXND1,0.001976770279393652,0.0,SEMA3C_PLXND1,SEMA3C - PLXND1,SEMA3,Secreted Signaling,PMID: 27533782
Keratinocyte,SM,SEMA3C,PLXND1,0.0009060618945900058,0.0,SEMA3C_PLXND1,SEMA3C - PLXND1,SEMA3,Secreted Signaling,PMID: 27533782
FIB,EG,SEMA3C,NRP1_NRP2,0.0005052292561669813,0.03,SEMA3C_NRP1_NRP2,SEMA3C - (NRP1+NRP2),SEMA3,Secreted Signaling,PMID: 27533782
SM,SM,SEMA3C,NRP1_NRP2,0.0013440517590904968,0.0,SEMA3C_NRP1_NRP2,SEMA3C - (NRP1+NRP2),SEMA3,Secreted Signaling,PMID: 27533782
EG,SM,SEMA3C,NRP1_NRP2,0.0007559618882267801,0.0,SEMA3C_NRP1_NRP2,SEMA3C - (NRP1+NRP2),SEMA3,Secreted Signaling,PMID: 27533782
ENDO,EG,SEMA3C,NRP1_PLXNA4,0.0009193655032042795,0.04,SEMA3C_NRP1_PLXNA4,SEMA3C - (NRP1+PLXNA4),SEMA3,Secreted Signaling,PMID: 27533782
SM,SM,SEMA3C,NRP1_PLXNA4,0.001257644224576967,0.0,SEMA3C_NRP1_PLXNA4,SEMA3C - (NRP1+PLXNA4),SEMA3,Secreted Signaling,PMID: 27533782
Keratinocyte,ENDO,SEMA3C,NRP1_PLXNA4,0.0010053247275490524,0.0,SEMA3C_NRP1_PLXNA4,SEMA3C - (NRP1+PLXNA4),SEMA3,Secreted Signaling,PMID: 27533782
Immune,EG,SEMA3C,NRP1_PLXNA4,0.0007782620834524275,0.03,SEMA3C_NRP1_PLXNA4,SEMA3C - (NRP1+PLXNA4),SEMA3,Secreted Signaling,PMID: 27533782
SM,FIB,SEMA3C,NRP1_PLXNA3,0.0009343963074930891,0.01,SEMA3C_NRP1_PLXNA3,SEMA3C - (NRP1+PLXNA3),SEMA3,Secreted Signaling,PMID: 27533782
SM,SM,SEMA3C,NRP1_PLXNA3,0.0017264600123105926,0.0,SEMA3C_NRP1_PLXNA3,SEMA3C - (NRP1+PLXNA3),SEMA3,Secreted Signaling,PMID: 27533782
Keratinocyte,SM,SEMA3C,NRP1_PLXNA3,0.002455147672536359,0.0,SEMA3C_NRP1_PLXNA3,SEMA3C - (NRP1+PLXNA3),SEMA3,Secreted Signaling,PMID: 27533782
Immune,EG,SEMA3C,NRP1_PLXNA3,0.0006438175693182366,0.03,SEMA3C_NRP1_PLXNA3,SEMA3C - (NRP1+PLXNA3),SEMA3,Secreted Signaling,PMID: 27533782
FIB,SM,SEMA3C,NRP1_PLXNA2,0.0009665974256833358,0.0,SEMA3C_NRP1_PLXNA2,SEMA3C - (NRP1+PLXNA2),SEMA3,Secreted Signaling,PMID: 27533782
SM,SM,SEMA3C,NRP1_PLXNA2,0.0013051596761812835,0.0,SEMA3C_NRP1_PLXNA2,SEMA3C - (NRP1+PLXNA2),SEMA3,Secreted Signaling,PMID: 27533782
Immune,EG,SEMA3C,NRP1_PLXNA2,0.000956279086916937,0.03,SEMA3C_NRP1_PLXNA2,SEMA3C - (NRP1+PLXNA2),SEMA3,Secreted Signaling,PMID: 27533782
EG,FIB,SEMA3C,NRP1_PLXNA1,0.000664814898260534,0.02,SEMA3C_NRP1_PLXNA1,SEMA3C - (NRP1+PLXNA1),SEMA3,Secreted Signaling,PMID: 27533782
EG,SM,SEMA3C,NRP1_PLXNA1,0.0009626100629600822,0.0,SEMA3C_NRP1_PLXNA1,SEMA3C - (NRP1+PLXNA1),SEMA3,Secreted Signaling,PMID: 27533782
EG,EG,SEMA3C,NRP1_PLXNA1,0.0010884481080023426,0.0,SEMA3C_NRP1_PLXNA1,SEMA3C - (NRP1+PLXNA1),SEMA3,Secreted Signaling,PMID: 27533782
ENDO,FIB,SEMA3B,NRP1_PLXNA4,0.000506921348351134,0.0,SEMA3B_NRP1_PLXNA4,SEMA3B - (NRP1+PLXNA4),SEMA3,Secreted Signaling,PMID: 27533782
SM,SM,SEMA3B,NRP1_PLXNA4,0.0010377094547336673,0.0,SEMA3B_NRP1_PLXNA4,SEMA3B - (NRP1+PLXNA4),SEMA3,Secreted Signaling,PMID: 27533782
Immune,ENDO,SEMA3B,NRP1_PLXNA4,0.0004499923905168105,0.03,SEMA3B_NRP1_PLXNA4,SEMA3B - (NRP1+PLXNA4),SEMA3,Secreted Signaling,PMID: 27533782
ENDO,EG,SEMA3B,NRP1_PLXNA3,0.0006407560547357996,0.0,SEMA3B_NRP1_PLXNA3,SEMA3B - (NRP1+PLXNA3),SEMA3,Secreted Signaling,PMID: 27533782
SM,SM,SEMA3B,NRP1_PLXNA3,0.0030355397243185295,0.0,SEMA3B_NRP1_PLXNA3,SEMA3B - (NRP1+PLXNA3),SEMA3,Secreted Signaling,PMID: 27533782
SM,FIB,SEMA3B,NRP1_PLXNA1,0.0005523496086514732,0.04,SEMA3B_NRP1_PLXNA1,SEMA3B - (NRP1+PLXNA1),SEMA3,Secreted Signaling,PMID: 27533782
SM,SM,SEMA3B,NRP1_PLXNA1,0.001204920410013081,0.0,SEMA3B_NRP1_PLXNA1,SEMA3B - (NRP1+PLXNA1),SEMA3,Secreted Signaling,PMID: 27533782
EG,Immune,SEMA3B,NRP1_PLXNA1,0.0006117320382108502,0.0,SEMA3B_NRP1_PLXNA1,SEMA3B - (NRP1+PLXNA1),SEMA3,Secreted Signaling,PMID: 27533782
ENDO,EG,SEMA3A,NRP1_PLXNA3,0.0009731892058036482,0.0,SEMA3A_NRP1_PLXNA3,SEMA3A - (NRP1+PLXNA3),SEMA3,Secreted Signaling,PMID: 27533782
SM,SM,SEMA3A,NRP1_PLXNA3,0.0008962883758727573,0.0,SEMA3A_NRP1_PLXNA3,SEMA3A - (NRP1+PLXNA3),SEMA3,Secreted Signaling,PMID: 27533782
Immune,EG,SEMA3A,NRP1_PLXNA3,0.0006871467112743205,0.02,SEMA3A_NRP1_PLXNA3,SEMA3A - (NRP1+PLXNA3),SEMA3,Secreted Signaling,PMID: 27533782
SM,SM,SEMA3A,NRP1_PLXNA2,0.0014158720593202751,0.0,SEMA3A_NRP1_PLXNA2,SEMA3A - (NRP1+PLXNA2),SEMA3,Secreted Signaling,PMID: 27533782
Immune,EG,SEMA3A,NRP1_PLXNA2,0.0007785611222872746,0.0,SEMA3A_NRP1_PLXNA2,SEMA3A - (NRP1+PLXNA2),SEMA3,Secreted Signaling,PMID: 27533782
SM,ENDO,SEMA3A,NRP1_PLXNA1,0.001254727996722999,0.0,SEMA3A_NRP1_PLXNA1,SEMA3A - (NRP1+PLXNA1),SEMA3,Secreted Signaling,PMID: 27533782
SM,SM,SEMA3A,NRP1_PLXNA1,0.0006851516038860921,0.0,SEMA3A_NRP1_PLXNA1,SEMA3A - (NRP1+PLXNA1),SEMA3,Secreted Signaling,PMID: 27533782
SM,Immune,SEMA3A,NRP1_PLXNA1,0.001049847502131009,0.02,SEMA3A_NRP1_PLXNA1,SEMA3A - (NRP1+PLXNA1),SEMA3,Secreted Signaling,PMID: 27533782
FIB,SM,NTF4,NTRK2,0.0004876280291374861,0.0,NTF5_NTRK2,NTF5 - NTRK2,NT,Secreted Signaling,PMID: 27908981
SM,ENDO,NTF4,NTRK2,0.00045110047138895127,0.01,NTF5_NTRK2,NTF5 - NTRK2,NT,Secreted Signaling,PMID: 27908981
EG,EG,NTF4,NTRK2,0.0006036694033483675,0.0,NTF5_NTRK2,NTF5 - NTRK2,NT,Secreted Signaling,PMID: 27908981
FIB,SM,SEMA3B,NRP1_PLXNA2,0.0007982161075955857,0.0,SEMA3B_NRP1_PLXNA2,SEMA3B - (NRP1+PLXNA2),SEMA3,Secreted Signaling,PMID: 27533782
ENDO,SM,SEMA3B,NRP1_PLXNA2,0.00064855866483969,0.03,SEMA3B_NRP1_PLXNA2,SEMA3B - (NRP1+PLXNA2),SEMA3,Secreted Signaling,PMID: 27533782
SM,SM,SEMA3B,NRP1_PLXNA2,0.001095236095071313,0.0,SEMA3B_NRP1_PLXNA2,SEMA3B - (NRP1+PLXNA2),SEMA3,Secreted Signaling,PMID: 27533782
SM,FIB,SEMA3B,NRP2_PLXNA1,0.0007299553034736375,0.0,SEMA3B_NRP2_PLXNA1,SEMA3B - (NRP2+PLXNA1),SEMA3,Secreted Signaling,PMID: 27533782
SM,SM,SEMA3B,NRP2_PLXNA1,0.0014323941852575819,0.0,SEMA3B_NRP2_PLXNA1,SEMA3B - (NRP2+PLXNA1),SEMA3,Secreted Signaling,PMID: 27533782
EG,Keratinocyte,SEMA3B,NRP2_PLXNA1,0.0005094281573333775,0.03,SEMA3B_NRP2_PLXNA1,SEMA3B - (NRP2+PLXNA1),SEMA3,Secreted Signaling,PMID: 27533782
ENDO,ENDO,SEMA3B,NRP2_PLXNA2,0.001104263596408713,0.0,SEMA3B_NRP2_PLXNA2,SEMA3B - (NRP2+PLXNA2),SEMA3,Secreted Signaling,PMID: 27533782
ENDO,SM,SEMA3B,NRP2_PLXNA2,0.0009326892121962684,0.0,SEMA3B_NRP2_PLXNA2,SEMA3B - (NRP2+PLXNA2),SEMA3,Secreted Signaling,PMID: 27533782
SM,ENDO,SEMA3B,NRP2_PLXNA2,0.0007335806508103981,0.03,SEMA3B_NRP2_PLXNA2,SEMA3B - (NRP2+PLXNA2),SEMA3,Secreted Signaling,PMID: 27533782
SM,FIB,SEMA3G,NRP2_PLXNA3,0.0007376157124305314,0.04,SEMA3G_NRP2_PLXNA3,SEMA3G - (NRP2+PLXNA3),SEMA3,Secreted Signaling,PMID: 27533782
EG,EG,SEMA3G,NRP2_PLXNA3,0.0007357869556426483,0.0,SEMA3G_NRP2_PLXNA3,SEMA3G - (NRP2+PLXNA3),SEMA3,Secreted Signaling,PMID: 27533782
EG,Keratinocyte,SEMA3G,NRP2_PLXNA3,0.001154337404038244,0.0,SEMA3G_NRP2_PLXNA3,SEMA3G - (NRP2+PLXNA3),SEMA3,Secreted Signaling,PMID: 27533782
FIB,ENDO,SEMA3G,NRP2_PLXNA2,0.00045848965052930644,0.0,SEMA3G_NRP2_PLXNA2,SEMA3G - (NRP2+PLXNA2),SEMA3,Secreted Signaling,PMID: 27533782
ENDO,ENDO,SEMA3G,NRP2_PLXNA2,0.00036514137625653226,0.0,SEMA3G_NRP2_PLXNA2,SEMA3G - (NRP2+PLXNA2),SEMA3,Secreted Signaling,PMID: 27533782
ENDO,Immune,SEMA3G,NRP2_PLXNA2,0.0003078252111998231,0.03,SEMA3G_NRP2_PLXNA2,SEMA3G - (NRP2+PLXNA2),SEMA3,Secreted Signaling,PMID: 27533782
Immune,ENDO,SEMA3G,NRP2_PLXNA2,0.0001961619343974066,0.03,SEMA3G_NRP2_PLXNA2,SEMA3G - (NRP2+PLXNA2),SEMA3,Secreted Signaling,PMID: 27533782
FIB,ENDO,SEMA3G,NRP2_PLXNA1,0.0006168442776096622,0.02,SEMA3G_NRP2_PLXNA1,SEMA3G - (NRP2+PLXNA1),SEMA3,Secreted Signaling,PMID: 27533782
FIB,SM,SEMA3G,NRP2_PLXNA1,0.0007050244277449443,0.0,SEMA3G_NRP2_PLXNA1,SEMA3G - (NRP2+PLXNA1),SEMA3,Secreted Signaling,PMID: 27533782
SM,SM,SEMA3G,NRP2_PLXNA1,0.0014594181925151302,0.0,SEMA3G_NRP2_PLXNA1,SEMA3G - (NRP2+PLXNA1),SEMA3,Secreted Signaling,PMID: 27533782
FIB,FIB,SEMA3F,NRP2_PLXNA3,0.00039812317921653626,0.0,SEMA3F_NRP2_PLXNA3,SEMA3F - (NRP2+PLXNA3),SEMA3,Secreted Signaling,PMID: 27533782
ENDO,FIB,SEMA3F,NRP2_PLXNA3,0.0002491006769678055,0.03,SEMA3F_NRP2_PLXNA3,SEMA3F - (NRP2+PLXNA3),SEMA3,Secreted Signaling,PMID: 27533782
EG,Keratinocyte,SEMA3F,NRP2_PLXNA3,0.0003722865191145556,0.0,SEMA3F_NRP2_PLXNA3,SEMA3F - (NRP2+PLXNA3),SEMA3,Secreted Signaling,PMID: 27533782
Keratinocyte,EG,SEMA3F,NRP2_PLXNA3,0.00021546921196333963,0.04,SEMA3F_NRP2_PLXNA3,SEMA3F - (NRP2+PLXNA3),SEMA3,Secreted Signaling,PMID: 27533782
FIB,ENDO,SEMA3F,NRP2_PLXNA2,0.0003305067604129341,0.01,SEMA3F_NRP2_PLXNA2,SEMA3F - (NRP2+PLXNA2),SEMA3,Secreted Signaling,PMID: 27533782
ENDO,ENDO,SEMA3F,NRP2_PLXNA2,0.0005182554699625704,0.0,SEMA3F_NRP2_PLXNA2,SEMA3F - (NRP2+PLXNA2),SEMA3,Secreted Signaling,PMID: 27533782
SM,ENDO,SEMA3F,NRP2_PLXNA2,0.0004924010828781058,0.0,SEMA3F_NRP2_PLXNA2,SEMA3F - (NRP2+PLXNA2),SEMA3,Secreted Signaling,PMID: 27533782
FIB,ENDO,SEMA3F,NRP2_PLXNA1,0.0005731534698064495,0.04,SEMA3F_NRP2_PLXNA1,SEMA3F - (NRP2+PLXNA1),SEMA3,Secreted Signaling,PMID: 27533782
ENDO,SM,SEMA3F,NRP2_PLXNA1,0.00102619417203845,0.0,SEMA3F_NRP2_PLXNA1,SEMA3F - (NRP2+PLXNA1),SEMA3,Secreted Signaling,PMID: 27533782
SM,SM,SEMA3F,NRP2_PLXNA1,0.0015548968311153756,0.0,SEMA3F_NRP2_PLXNA1,SEMA3F - (NRP2+PLXNA1),SEMA3,Secreted Signaling,PMID: 27533782
FIB,FIB,SEMA3C,NRP2_PLXNA3,0.0009143972695210467,0.0,SEMA3C_NRP2_PLXNA3,SEMA3C - (NRP2+PLXNA3),SEMA3,Secreted Signaling,PMID: 27533782
SM,FIB,SEMA3C,NRP2_PLXNA3,0.001515188580381371,0.0,SEMA3C_NRP2_PLXNA3,SEMA3C - (NRP2+PLXNA3),SEMA3,Secreted Signaling,PMID: 27533782
EG,Keratinocyte,SEMA3C,NRP2_PLXNA3,0.00038578078491151063,0.03,SEMA3C_NRP2_PLXNA3,SEMA3C - (NRP2+PLXNA3),SEMA3,Secreted Signaling,PMID: 27533782
FIB,ENDO,SEMA3C,NRP2_PLXNA2,0.000541779919853316,0.01,SEMA3C_NRP2_PLXNA2,SEMA3C - (NRP2+PLXNA2),SEMA3,Secreted Signaling,PMID: 27533782
SM,ENDO,SEMA3C,NRP2_PLXNA2,0.0011347871795452252,0.0,SEMA3C_NRP2_PLXNA2,SEMA3C - (NRP2+PLXNA2),SEMA3,Secreted Signaling,PMID: 27533782
SM,SM,SEMA3C,NRP2_PLXNA2,0.0006225722677287577,0.0,SEMA3C_NRP2_PLXNA2,SEMA3C - (NRP2+PLXNA2),SEMA3,Secreted Signaling,PMID: 27533782
SM,FIB,SEMA3C,NRP2_PLXNA1,0.0008131767345999754,0.0,SEMA3C_NRP2_PLXNA1,SEMA3C - (NRP2+PLXNA1),SEMA3,Secreted Signaling,PMID: 27533782
SM,ENDO,SEMA3C,NRP2_PLXNA1,0.0005591866411447587,0.03,SEMA3C_NRP2_PLXNA1,SEMA3C - (NRP2+PLXNA1),SEMA3,Secreted Signaling,PMID: 27533782
SM,SM,SEMA3C,NRP2_PLXNA1,0.001291249796564798,0.0,SEMA3C_NRP2_PLXNA1,SEMA3C - (NRP2+PLXNA1),SEMA3,Secreted Signaling,PMID: 27533782
EG,Keratinocyte,SEMA3C,NRP2_PLXNA1,0.000533291771426616,0.04,SEMA3C_NRP2_PLXNA1,SEMA3C - (NRP2+PLXNA1),SEMA3,Secreted Signaling,PMID: 27533782
FIB,FIB,SEMA3B,NRP2_PLXNA3,0.0009307036233447367,0.0,SEMA3B_NRP2_PLXNA3,SEMA3B - (NRP2+PLXNA3),SEMA3,Secreted Signaling,PMID: 27533782
ENDO,Immune,SEMA3B,NRP2_PLXNA3,0.00012428990734390701,0.04,SEMA3B_NRP2_PLXNA3,SEMA3B - (NRP2+PLXNA3),SEMA3,Secreted Signaling,PMID: 27533782
SM,FIB,SEMA3B,NRP2_PLXNA3,0.0019037385393301147,0.0,SEMA3B_NRP2_PLXNA3,SEMA3B - (NRP2+PLXNA3),SEMA3,Secreted Signaling,PMID: 27533782
Keratinocyte,Immune,WNT3A,FZD10_LRP5,0.00011749017956286347,0.0,WNT3A_FZD10_LRP5,WNT3A - (FZD10+LRP5),WNT,Secreted Signaling,KEGG: hsa04310; PMID: 23209147
Immune,Keratinocyte,WNT3A,FZD10_LRP5,3.5743416477216293e-05,0.01,WNT3A_FZD10_LRP5,WNT3A - (FZD10+LRP5),WNT,Secreted Signaling,KEGG: hsa04310; PMID: 23209147
Immune,Immune,WNT3A,FZD10_LRP5,5.881083404844954e-05,0.0,WNT3A_FZD10_LRP5,WNT3A - (FZD10+LRP5),WNT,Secreted Signaling,KEGG: hsa04310; PMID: 23209147
Keratinocyte,Immune,WNT3A,FZD1_LRP5,2.4097069495914672e-05,0.0,WNT3A_FZD1_LRP5,WNT3A - (FZD1+LRP5),WNT,Secreted Signaling,KEGG: hsa04310; PMID: 23209147
Immune,Immune,WNT3A,FZD1_LRP5,4.122949835564182e-05,0.0,WNT3A_FZD1_LRP5,WNT3A - (FZD1+LRP5),WNT,Secreted Signaling,KEGG: hsa04310; PMID: 23209147
EG,EG,WNT3,FZD7_LRP5,0.00013720712423965,0.0,WNT3_FZD7_LRP5,WNT3 - (FZD7+LRP5),WNT,Secreted Signaling,KEGG: hsa04310; PMID: 23209147
Immune,ENDO,WNT3,FZD7_LRP5,1.827180881177763e-05,0.03,WNT3_FZD7_LRP5,WNT3 - (FZD7+LRP5),WNT,Secreted Signaling,KEGG: hsa04310; PMID: 23209147
Immune,EG,WNT3,FZD7_LRP5,4.114757002119165e-05,0.0,WNT3_FZD7_LRP5,WNT3 - (FZD7+LRP5),WNT,Secreted Signaling,KEGG: hsa04310; PMID: 23209147
Keratinocyte,Keratinocyte,WNT3,FZD5_LRP5,4.394565893810877e-05,0.0,WNT3_FZD5_LRP5,WNT3 - (FZD5+LRP5),WNT,Secreted Signaling,KEGG: hsa04310; PMID: 23209147
Keratinocyte,Immune,WNT3,FZD5_LRP5,3.805958476275007e-05,0.0,WNT3_FZD5_LRP5,WNT3 - (FZD5+LRP5),WNT,Secreted Signaling,KEGG: hsa04310; PMID: 23209147
Immune,Keratinocyte,WNT3,FZD5_LRP5,1.3389472728941848e-05,0.01,WNT3_FZD5_LRP5,WNT3 - (FZD5+LRP5),WNT,Secreted Signaling,KEGG: hsa04310; PMID: 23209147
SM,Immune,WNT3,FZD4_LRP5,1.5682709328230284e-05,0.0,WNT3_FZD4_LRP5,WNT3 - (FZD4+LRP5),WNT,Secreted Signaling,KEGG: hsa04310; PMID: 23209147
Keratinocyte,Keratinocyte,WNT3,FZD4_LRP5,3.57478865390709e-05,0.0,WNT3_FZD4_LRP5,WNT3 - (FZD4+LRP5),WNT,Secreted Signaling,KEGG: hsa04310; PMID: 23209147
Keratinocyte,Immune,WNT3,FZD4_LRP5,1.8668885613835696e-05,0.0,WNT3_FZD4_LRP5,WNT3 - (FZD4+LRP5),WNT,Secreted Signaling,KEGG: hsa04310; PMID: 23209147
EG,Keratinocyte,WNT3,FZD3_LRP5,0.00011121323692054633,0.0,WNT3_FZD3_LRP5,WNT3 - (FZD3+LRP5),WNT,Secreted Signaling,KEGG: hsa04310; PMID: 23209147
Keratinocyte,Keratinocyte,WNT3,FZD3_LRP5,4.187297002666806e-05,0.0,WNT3_FZD3_LRP5,WNT3 - (FZD3+LRP5),WNT,Secreted Signaling,KEGG: hsa04310; PMID: 23209147
Keratinocyte,Immune,WNT3,FZD3_LRP5,1.680158497391981e-05,0.02,WNT3_FZD3_LRP5,WNT3 - (FZD3+LRP5),WNT,Secreted Signaling,KEGG: hsa04310; PMID: 23209147
EG,EG,WNT3,FZD10_LRP5,0.00022426181188656732,0.0,WNT3_FZD10_LRP5,WNT3 - (FZD10+LRP5),WNT,Secreted Signaling,KEGG: hsa04310; PMID: 23209147
Keratinocyte,Immune,WNT3,FZD10_LRP5,3.930262947574719e-05,0.0,WNT3_FZD10_LRP5,WNT3 - (FZD10+LRP5),WNT,Secreted Signaling,KEGG: hsa04310; PMID: 23209147
Immune,Keratinocyte,WNT3,FZD10_LRP5,1.8333814746871188e-05,0.01,WNT3_FZD10_LRP5,WNT3 - (FZD10+LRP5),WNT,Secreted Signaling,KEGG: hsa04310; PMID: 23209147
EG,EG,WNT3,FZD1_LRP5,0.00023410284255938433,0.0,WNT3_FZD1_LRP5,WNT3 - (FZD1+LRP5),WNT,Secreted Signaling,KEGG: hsa04310; PMID: 23209147
EG,Keratinocyte,WNT3,FZD1_LRP5,0.00011121323692054633,0.0,WNT3_FZD1_LRP5,WNT3 - (FZD1+LRP5),WNT,Secreted Signaling,KEGG: hsa04310; PMID: 23209147
Immune,EG,WNT3,FZD1_LRP5,3.5579079942482524e-05,0.03,WNT3_FZD1_LRP5,WNT3 - (FZD1+LRP5),WNT,Secreted Signaling,KEGG: hsa04310; PMID: 23209147
EG,EG,WNT3,FZD6_LRP5,0.00011863891936963676,0.0,WNT3_FZD6_LRP5,WNT3 - (FZD6+LRP5),WNT,Secreted Signaling,KEGG: hsa04310; PMID: 23209147
EG,Keratinocyte,WNT3,FZD6_LRP5,0.00017716261127070053,0.0,WNT3_FZD6_LRP5,WNT3 - (FZD6+LRP5),WNT,Secreted Signaling,KEGG: hsa04310; PMID: 23209147
Immune,EG,WNT3,FZD6_LRP5,3.5579079942482524e-05,0.03,WNT3_FZD6_LRP5,WNT3 - (FZD6+LRP5),WNT,Secreted Signaling,KEGG: hsa04310; PMID: 23209147
ENDO,Immune,WNT3A,FZD6_LRP5,2.7079319851286613e-05,0.04,WNT3A_FZD6_LRP5,WNT3A - (FZD6+LRP5),WNT,Secreted Signaling,KEGG: hsa04310; PMID: 23209147
Keratinocyte,Keratinocyte,WNT3A,FZD6_LRP5,3.8889722450260206e-05,0.0,WNT3A_FZD6_LRP5,WNT3A - (FZD6+LRP5),WNT,Secreted Signaling,KEGG: hsa04310; PMID: 23209147
Keratinocyte,Immune,WNT3A,FZD6_LRP5,2.3303577593246842e-05,0.01,WNT3A_FZD6_LRP5,WNT3A - (FZD6+LRP5),WNT,Secreted Signaling,KEGG: hsa04310; PMID: 23209147
Immune,Keratinocyte,WNT3A,FZD6_LRP5,3.232071511807552e-05,0.0,WNT3A_FZD6_LRP5,WNT3A - (FZD6+LRP5),WNT,Secreted Signaling,KEGG: hsa04310; PMID: 23209147
EG,ENDO,WNT6,FZD4_LRP5,4.439594959135671e-05,0.0,WNT6_FZD4_LRP5,WNT6 - (FZD4+LRP5),WNT,Secreted Signaling,KEGG: hsa04310; PMID: 23209147
EG,EG,WNT6,FZD4_LRP5,3.8678731151571766e-05,0.0,WNT6_FZD4_LRP5,WNT6 - (FZD4+LRP5),WNT,Secreted Signaling,KEGG: hsa04310; PMID: 23209147
Keratinocyte,Immune,WNT6,FZD4_LRP5,1.3336997524841526e-05,0.04,WNT6_FZD4_LRP5,WNT6 - (FZD4+LRP5),WNT,Secreted Signaling,KEGG: hsa04310; PMID: 23209147
Immune,Keratinocyte,WNT6,FZD4_LRP5,1.4721450612314444e-05,0.02,WNT6_FZD4_LRP5,WNT6 - (FZD4+LRP5),WNT,Secreted Signaling,KEGG: hsa04310; PMID: 23209147
ENDO,FIB,WNT6,FZD10_LRP5,2.7031570898860368e-05,0.04,WNT6_FZD10_LRP5,WNT6 - (FZD10+LRP5),WNT,Secreted Signaling,KEGG: hsa04310; PMID: 23209147
ENDO,Immune,WNT6,FZD10_LRP5,2.800857889988444e-05,0.0,WNT6_FZD10_LRP5,WNT6 - (FZD10+LRP5),WNT,Secreted Signaling,KEGG: hsa04310; PMID: 23209147
EG,ENDO,WNT6,FZD10_LRP5,2.781354662755482e-05,0.04,WNT6_FZD10_LRP5,WNT6 - (FZD10+LRP5),WNT,Secreted Signaling,KEGG: hsa04310; PMID: 23209147
EG,EG,WNT6,FZD10_LRP5,7.561813303130802e-05,0.0,WNT6_FZD10_LRP5,WNT6 - (FZD10+LRP5),WNT,Secreted Signaling,KEGG: hsa04310; PMID: 23209147
ENDO,Keratinocyte,WNT6,FZD1_LRP5,3.608482173660535e-05,0.03,WNT6_FZD1_LRP5,WNT6 - (FZD1+LRP5),WNT,Secreted Signaling,KEGG: hsa04310; PMID: 23209147
SM,SM,WNT6,FZD1_LRP5,0.00024413825574523223,0.0,WNT6_FZD1_LRP5,WNT6 - (FZD1+LRP5),WNT,Secreted Signaling,KEGG: hsa04310; PMID: 23209147
SM,EG,WNT6,FZD1_LRP5,8.297290995580608e-05,0.0,WNT6_FZD1_LRP5,WNT6 - (FZD1+LRP5),WNT,Secreted Signaling,KEGG: hsa04310; PMID: 23209147
Immune,EG,WNT6,FZD1_LRP5,6.710085626366931e-05,0.01,WNT6_FZD1_LRP5,WNT6 - (FZD1+LRP5),WNT,Secreted Signaling,KEGG: hsa04310; PMID: 23209147
Keratinocyte,Keratinocyte,WNT4,FZD8_LRP5,5.118470078933172e-05,0.0,WNT4_FZD8_LRP5,WNT4 - (FZD8+LRP5),WNT,Secreted Signaling,KEGG: hsa04310; PMID: 23209147
Keratinocyte,Immune,WNT4,FZD8_LRP5,2.565247413231719e-05,0.0,WNT4_FZD8_LRP5,WNT4 - (FZD8+LRP5),WNT,Secreted Signaling,KEGG: hsa04310; PMID: 23209147
Immune,Keratinocyte,WNT4,FZD8_LRP5,1.873331897260356e-05,0.01,WNT4_FZD8_LRP5,WNT4 - (FZD8+LRP5),WNT,Secreted Signaling,KEGG: hsa04310; PMID: 23209147
ENDO,Keratinocyte,WNT3A,FZD7_LRP5,1.9175239945890206e-05,0.0,WNT3A_FZD7_LRP5,WNT3A - (FZD7+LRP5),WNT,Secreted Signaling,KEGG: hsa04310; PMID: 23209147
Keratinocyte,Keratinocyte,WNT3A,FZD7_LRP5,2.463251332515684e-05,0.0,WNT3A_FZD7_LRP5,WNT3A - (FZD7+LRP5),WNT,Secreted Signaling,KEGG: hsa04310; PMID: 23209147
SM,EG,WNT4,FZD7_LRP5,6.162337130959826e-05,0.0,WNT4_FZD7_LRP5,WNT4 - (FZD7+LRP5),WNT,Secreted Signaling,KEGG: hsa04310; PMID: 23209147
Keratinocyte,ENDO,WNT4,FZD7_LRP5,2.6177324537608898e-05,0.04,WNT4_FZD7_LRP5,WNT4 - (FZD7+LRP5),WNT,Secreted Signaling,KEGG: hsa04310; PMID: 23209147
Keratinocyte,Keratinocyte,WNT4,FZD7_LRP5,6.800227037975249e-05,0.0,WNT4_FZD7_LRP5,WNT4 - (FZD7+LRP5),WNT,Secreted Signaling,KEGG: hsa04310; PMID: 23209147
SM,EG,WNT4,FZD5_LRP5,4.854343109371728e-05,0.0,WNT4_FZD5_LRP5,WNT4 - (FZD5+LRP5),WNT,Secreted Signaling,KEGG: hsa04310; PMID: 23209147
Keratinocyte,Keratinocyte,WNT4,FZD5_LRP5,6.437453014284564e-05,0.0,WNT4_FZD5_LRP5,WNT4 - (FZD5+LRP5),WNT,Secreted Signaling,KEGG: hsa04310; PMID: 23209147
Immune,Keratinocyte,WNT4,FZD5_LRP5,2.39746755646495e-05,0.03,WNT4_FZD5_LRP5,WNT4 - (FZD5+LRP5),WNT,Secreted Signaling,KEGG: hsa04310; PMID: 23209147
FIB,SM,WNT4,FZD4_LRP5,2.880141080941879e-05,0.03,WNT4_FZD4_LRP5,WNT4 - (FZD4+LRP5),WNT,Secreted Signaling,KEGG: hsa04310; PMID: 23209147
SM,EG,WNT4,FZD4_LRP5,4.854343109371728e-05,0.0,WNT4_FZD4_LRP5,WNT4 - (FZD4+LRP5),WNT,Secreted Signaling,KEGG: hsa04310; PMID: 23209147
Keratinocyte,Keratinocyte,WNT4,FZD4_LRP5,5.346189143122531e-05,0.0,WNT4_FZD4_LRP5,WNT4 - (FZD4+LRP5),WNT,Secreted Signaling,KEGG: hsa04310; PMID: 23209147
SM,SM,WNT4,FZD3_LRP5,0.00032093233910414267,0.0,WNT4_FZD3_LRP5,WNT4 - (FZD3+LRP5),WNT,Secreted Signaling,KEGG: hsa04310; PMID: 23209147
EG,Keratinocyte,WNT4,FZD3_LRP5,4.6107180173500344e-05,0.0,WNT4_FZD3_LRP5,WNT4 - (FZD3+LRP5),WNT,Secreted Signaling,KEGG: hsa04310; PMID: 23209147
Keratinocyte,Immune,WNT4,FZD3_LRP5,3.101451279256201e-05,0.02,WNT4_FZD3_LRP5,WNT4 - (FZD3+LRP5),WNT,Secreted Signaling,KEGG: hsa04310; PMID: 23209147
SM,ENDO,WNT4,FZD10_LRP5,9.236373748706646e-05,0.02,WNT4_FZD10_LRP5,WNT4 - (FZD10+LRP5),WNT,Secreted Signaling,KEGG: hsa04310; PMID: 23209147
SM,SM,WNT4,FZD10_LRP5,0.00011128413737991124,0.0,WNT4_FZD10_LRP5,WNT4 - (FZD10+LRP5),WNT,Secreted Signaling,KEGG: hsa04310; PMID: 23209147
SM,Immune,WNT4,FZD10_LRP5,0.00012919011734742816,0.0,WNT4_FZD10_LRP5,WNT4 - (FZD10+LRP5),WNT,Secreted Signaling,KEGG: hsa04310; PMID: 23209147
ENDO,SM,WNT4,FZD1_LRP5,0.0003492414917769004,0.0,WNT4_FZD1_LRP5,WNT4 - (FZD1+LRP5),WNT,Secreted Signaling,KEGG: hsa04310; PMID: 23209147
SM,SM,WNT4,FZD1_LRP5,0.0002781100791704177,0.0,WNT4_FZD1_LRP5,WNT4 - (FZD1+LRP5),WNT,Secreted Signaling,KEGG: hsa04310; PMID: 23209147
Immune,SM,WNT4,FZD1_LRP5,0.00033804403643089396,0.02,WNT4_FZD1_LRP5,WNT4 - (FZD1+LRP5),WNT,Secreted Signaling,KEGG: hsa04310; PMID: 23209147
FIB,SM,WNT4,FZD6_LRP5,6.458598050078242e-05,0.02,WNT4_FZD6_LRP5,WNT4 - (FZD6+LRP5),WNT,Secreted Signaling,KEGG: hsa04310; PMID: 23209147
EG,Keratinocyte,WNT4,FZD6_LRP5,7.88128839180781e-05,0.0,WNT4_FZD6_LRP5,WNT4 - (FZD6+LRP5),WNT,Secreted Signaling,KEGG: hsa04310; PMID: 23209147
Keratinocyte,Keratinocyte,WNT4,FZD6_LRP5,0.00010887135826269978,0.0,WNT4_FZD6_LRP5,WNT4 - (FZD6+LRP5),WNT,Secreted Signaling,KEGG: hsa04310; PMID: 23209147
ENDO,Keratinocyte,WNT6,FZD6_LRP5,2.666188135512199e-05,0.01,WNT6_FZD6_LRP5,WNT6 - (FZD6+LRP5),WNT,Secreted Signaling,KEGG: hsa04310; PMID: 23209147
EG,ENDO,WNT6,FZD6_LRP5,3.4460552160588e-05,0.0,WNT6_FZD6_LRP5,WNT6 - (FZD6+LRP5),WNT,Secreted Signaling,KEGG: hsa04310; PMID: 23209147
Keratinocyte,Keratinocyte,WNT6,FZD6_LRP5,3.612826439183897e-05,0.0,WNT6_FZD6_LRP5,WNT6 - (FZD6+LRP5),WNT,Secreted Signaling,KEGG: hsa04310; PMID: 23209147
ENDO,Immune,WNT2B,FZD7_LRP5,1.5195812977749422e-05,0.02,WNT2B_FZD7_LRP5,WNT2B - (FZD7+LRP5),WNT,Secreted Signaling,KEGG: hsa04310; PMID: 23209147
EG,EG,WNT2B,FZD7_LRP5,5.125109916548123e-05,0.0,WNT2B_FZD7_LRP5,WNT2B - (FZD7+LRP5),WNT,Secreted Signaling,KEGG: hsa04310; PMID: 23209147
Keratinocyte,ENDO,WNT2B,FZD7_LRP5,1.4557867374502736e-05,0.04,WNT2B_FZD7_LRP5,WNT2B - (FZD7+LRP5),WNT,Secreted Signaling,KEGG: hsa04310; PMID: 23209147
Immune,ENDO,WNT2B,FZD7_LRP5,1.6744360636061908e-05,0.0,WNT2B_FZD7_LRP5,WNT2B - (FZD7+LRP5),WNT,Secreted Signaling,KEGG: hsa04310; PMID: 23209147
Keratinocyte,Keratinocyte,WNT2B,FZD5_LRP5,2.41595942421227e-05,0.0,WNT2B_FZD5_LRP5,WNT2B - (FZD5+LRP5),WNT,Secreted Signaling,KEGG: hsa04310; PMID: 23209147
Keratinocyte,Immune,WNT2B,FZD5_LRP5,1.5202598394277276e-05,0.0,WNT2B_FZD5_LRP5,WNT2B - (FZD5+LRP5),WNT,Secreted Signaling,KEGG: hsa04310; PMID: 23209147
EG,EG,WNT16,FZD4_LRP5,7.119345253771837e-05,0.0,WNT16_FZD4_LRP5,WNT16 - (FZD4+LRP5),WNT,Secreted Signaling,KEGG: hsa04310; PMID: 23209147
Keratinocyte,Immune,WNT16,FZD4_LRP5,2.0837191688912994e-05,0.0,WNT16_FZD4_LRP5,WNT16 - (FZD4+LRP5),WNT,Secreted Signaling,KEGG: hsa04310; PMID: 23209147
EG,EG,WNT16,FZD3_LRP5,0.00013768209402908275,0.0,WNT16_FZD3_LRP5,WNT16 - (FZD3+LRP5),WNT,Secreted Signaling,KEGG: hsa04310; PMID: 23209147
Keratinocyte,Immune,WNT16,FZD3_LRP5,1.3802173686335541e-05,0.04,WNT16_FZD3_LRP5,WNT16 - (FZD3+LRP5),WNT,Secreted Signaling,KEGG: hsa04310; PMID: 23209147
Immune,ENDO,WNT16,FZD3_LRP5,1.8280451246032607e-05,0.0,WNT16_FZD3_LRP5,WNT16 - (FZD3+LRP5),WNT,Secreted Signaling,KEGG: hsa04310; PMID: 23209147
Immune,Keratinocyte,WNT16,FZD3_LRP5,1.478756564041155e-05,0.0,WNT16_FZD3_LRP5,WNT16 - (FZD3+LRP5),WNT,Secreted Signaling,KEGG: hsa04310; PMID: 23209147
ENDO,Immune,WNT16,FZD10_LRP5,3.6470298865451594e-05,0.0,WNT16_FZD10_LRP5,WNT16 - (FZD10+LRP5),WNT,Secreted Signaling,KEGG: hsa04310; PMID: 23209147
EG,EG,WNT16,FZD10_LRP5,7.2797748954823e-05,0.0,WNT16_FZD10_LRP5,WNT16 - (FZD10+LRP5),WNT,Secreted Signaling,KEGG: hsa04310; PMID: 23209147
Keratinocyte,Immune,WNT16,FZD10_LRP5,3.437067243358395e-05,0.0,WNT16_FZD10_LRP5,WNT16 - (FZD10+LRP5),WNT,Secreted Signaling,KEGG: hsa04310; PMID: 23209147
EG,EG,WNT16,FZD1_LRP5,0.00013587745236330308,0.0,WNT16_FZD1_LRP5,WNT16 - (FZD1+LRP5),WNT,Secreted Signaling,KEGG: hsa04310; PMID: 23209147
Keratinocyte,FIB,WNT16,FZD1_LRP5,3.416097528470196e-05,0.0,WNT16_FZD1_LRP5,WNT16 - (FZD1+LRP5),WNT,Secreted Signaling,KEGG: hsa04310; PMID: 23209147
Keratinocyte,Immune,WNT16,FZD1_LRP5,2.2996823380263593e-05,0.01,WNT16_FZD1_LRP5,WNT16 - (FZD1+LRP5),WNT,Secreted Signaling,KEGG: hsa04310; PMID: 23209147
Immune,Keratinocyte,WNT16,FZD1_LRP5,1.977823185582717e-05,0.03,WNT16_FZD1_LRP5,WNT16 - (FZD1+LRP5),WNT,Secreted Signaling,KEGG: hsa04310; PMID: 23209147
EG,EG,WNT16,FZD5_LRP5,8.060008667886341e-05,0.0,WNT16_FZD5_LRP5,WNT16 - (FZD5+LRP5),WNT,Secreted Signaling,KEGG: hsa04310; PMID: 23209147
Keratinocyte,Immune,WNT16,FZD5_LRP5,2.5796236436576276e-05,0.0,WNT16_FZD5_LRP5,WNT16 - (FZD5+LRP5),WNT,Secreted Signaling,KEGG: hsa04310; PMID: 23209147
Immune,Keratinocyte,WNT16,FZD5_LRP5,1.0777356588479615e-05,0.01,WNT16_FZD5_LRP5,WNT16 - (FZD5+LRP5),WNT,Secreted Signaling,KEGG: hsa04310; PMID: 23209147
Keratinocyte,ENDO,WNT10B,FZD7_LRP5,1.3522873205662556e-05,0.0,WNT10B_FZD7_LRP5,WNT10B - (FZD7+LRP5),WNT,Secreted Signaling,KEGG: hsa04310; PMID: 23209147
Keratinocyte,Keratinocyte,WNT10B,FZD7_LRP5,2.0935201824678313e-05,0.0,WNT10B_FZD7_LRP5,WNT10B - (FZD7+LRP5),WNT,Secreted Signaling,KEGG: hsa04310; PMID: 23209147
Immune,Keratinocyte,WNT10B,FZD7_LRP5,6.68563814770572e-06,0.03,WNT10B_FZD7_LRP5,WNT10B - (FZD7+LRP5),WNT,Secreted Signaling,KEGG: hsa04310; PMID: 23209147
Keratinocyte,Immune,WNT10B,FZD10_LRP5,8.506664356472877e-06,0.01,WNT10B_FZD10_LRP5,WNT10B - (FZD10+LRP5),WNT,Secreted Signaling,KEGG: hsa04310; PMID: 23209147
Immune,Keratinocyte,WNT10B,FZD10_LRP5,9.350708348638111e-06,0.0,WNT10B_FZD10_LRP5,WNT10B - (FZD10+LRP5),WNT,Secreted Signaling,KEGG: hsa04310; PMID: 23209147
Immune,Immune,WNT10B,FZD10_LRP5,2.5080447075296855e-05,0.0,WNT10B_FZD10_LRP5,WNT10B - (FZD10+LRP5),WNT,Secreted Signaling,KEGG: hsa04310; PMID: 23209147
ENDO,Keratinocyte,WNT10B,FZD1_LRP5,3.0422808797976002e-05,0.0,WNT10B_FZD1_LRP5,WNT10B - (FZD1+LRP5),WNT,Secreted Signaling,KEGG: hsa04310; PMID: 23209147
Keratinocyte,Keratinocyte,WNT10B,FZD1_LRP5,2.1752171667305782e-05,0.0,WNT10B_FZD1_LRP5,WNT10B - (FZD1+LRP5),WNT,Secreted Signaling,KEGG: hsa04310; PMID: 23209147
Keratinocyte,Immune,WNT10B,FZD1_LRP5,8.87657084781455e-06,0.03,WNT10B_FZD1_LRP5,WNT10B - (FZD1+LRP5),WNT,Secreted Signaling,KEGG: hsa04310; PMID: 23209147
ENDO,Keratinocyte,WNT10B,FZD6_LRP5,3.526455133754858e-05,0.0,WNT10B_FZD6_LRP5,WNT10B - (FZD6+LRP5),WNT,Secreted Signaling,KEGG: hsa04310; PMID: 23209147
Keratinocyte,Keratinocyte,WNT10B,FZD6_LRP5,2.5279456045072806e-05,0.0,WNT10B_FZD6_LRP5,WNT10B - (FZD6+LRP5),WNT,Secreted Signaling,KEGG: hsa04310; PMID: 23209147
SM,FIB,WNT2B,FZD6_LRP5,2.1098516830932313e-05,0.02,WNT2B_FZD6_LRP5,WNT2B - (FZD6+LRP5),WNT,Secreted Signaling,KEGG: hsa04310; PMID: 23209147
SM,ENDO,WNT2B,FZD6_LRP5,5.851924814314923e-05,0.0,WNT2B_FZD6_LRP5,WNT2B - (FZD6+LRP5),WNT,Secreted Signaling,KEGG: hsa04310; PMID: 23209147
SM,SM,WNT2B,FZD6_LRP5,5.189086297817735e-05,0.0,WNT2B_FZD6_LRP5,WNT2B - (FZD6+LRP5),WNT,Secreted Signaling,KEGG: hsa04310; PMID: 23209147
EG,EG,WNT16,FZD6_LRP5,0.00010465588430301336,0.0,WNT16_FZD6_LRP5,WNT16 - (FZD6+LRP5),WNT,Secreted Signaling,KEGG: hsa04310; PMID: 23209147
Keratinocyte,Immune,WNT16,FZD6_LRP5,2.6656491661480643e-05,0.0,WNT16_FZD6_LRP5,WNT16 - (FZD6+LRP5),WNT,Secreted Signaling,KEGG: hsa04310; PMID: 23209147
Immune,ENDO,WNT16,FZD6_LRP5,2.1136721916571755e-05,0.04,WNT16_FZD6_LRP5,WNT16 - (FZD6+LRP5),WNT,Secreted Signaling,KEGG: hsa04310; PMID: 23209147
Immune,Keratinocyte,WNT16,FZD6_LRP5,2.0962386282035906e-05,0.01,WNT16_FZD6_LRP5,WNT16 - (FZD6+LRP5),WNT,Secreted Signaling,KEGG: hsa04310; PMID: 23209147
ENDO,Keratinocyte,WNT2B,FZD4_LRP5,9.728291604772448e-06,0.0,WNT2B_FZD4_LRP5,WNT2B - (FZD4+LRP5),WNT,Secreted Signaling,KEGG: hsa04310; PMID: 23209147
Keratinocyte,Keratinocyte,WNT2B,FZD4_LRP5,2.059266516140847e-05,0.0,WNT2B_FZD4_LRP5,WNT2B - (FZD4+LRP5),WNT,Secreted Signaling,KEGG: hsa04310; PMID: 23209147
Keratinocyte,Immune,WNT2B,FZD4_LRP5,7.116829578369939e-06,0.02,WNT2B_FZD4_LRP5,WNT2B - (FZD4+LRP5),WNT,Secreted Signaling,KEGG: hsa04310; PMID: 23209147
ENDO,Immune,WNT2B,FZD3_LRP5,2.5000821906328835e-05,0.0,WNT2B_FZD3_LRP5,WNT2B - (FZD3+LRP5),WNT,Secreted Signaling,KEGG: hsa04310; PMID: 23209147
Keratinocyte,Keratinocyte,WNT2B,FZD3_LRP5,2.4300534163526905e-05,0.0,WNT2B_FZD3_LRP5,WNT2B - (FZD3+LRP5),WNT,Secreted Signaling,KEGG: hsa04310; PMID: 23209147
Keratinocyte,Immune,WNT2B,FZD3_LRP5,1.6421624304915907e-05,0.0,WNT2B_FZD3_LRP5,WNT2B - (FZD3+LRP5),WNT,Secreted Signaling,KEGG: hsa04310; PMID: 23209147
Immune,Keratinocyte,WNT2B,FZD3_LRP5,1.1265055327089552e-05,0.04,WNT2B_FZD3_LRP5,WNT2B - (FZD3+LRP5),WNT,Secreted Signaling,KEGG: hsa04310; PMID: 23209147
EG,EG,WNT2B,FZD10_LRP5,0.0001210541018154145,0.0,WNT2B_FZD10_LRP5,WNT2B - (FZD10+LRP5),WNT,Secreted Signaling,KEGG: hsa04310; PMID: 23209147
Keratinocyte,Immune,WNT2B,FZD10_LRP5,2.092927475331039e-05,0.0,WNT2B_FZD10_LRP5,WNT2B - (FZD10+LRP5),WNT,Secreted Signaling,KEGG: hsa04310; PMID: 23209147
ENDO,Keratinocyte,WNT2B,FZD1_LRP5,1.764310239328837e-05,0.0,WNT2B_FZD1_LRP5,WNT2B - (FZD1+LRP5),WNT,Secreted Signaling,KEGG: hsa04310; PMID: 23209147
EG,EG,WNT2B,FZD1_LRP5,9.481366028124061e-05,0.0,WNT2B_FZD1_LRP5,WNT2B - (FZD1+LRP5),WNT,Secreted Signaling,KEGG: hsa04310; PMID: 23209147
Keratinocyte,Immune,WNT2B,FZD1_LRP5,1.2943174386912545e-05,0.03,WNT2B_FZD1_LRP5,WNT2B - (FZD1+LRP5),WNT,Secreted Signaling,KEGG: hsa04310; PMID: 23209147
EG,EG,WNT16,FZD7_LRP5,0.00010712284083160436,0.0,WNT16_FZD7_LRP5,WNT16 - (FZD7+LRP5),WNT,Secreted Signaling,KEGG: hsa04310; PMID: 23209147
Keratinocyte,Immune,WNT16,FZD7_LRP5,1.943502336197479e-05,0.03,WNT16_FZD7_LRP5,WNT16 - (FZD7+LRP5),WNT,Secreted Signaling,KEGG: hsa04310; PMID: 23209147
Immune,ENDO,WNT16,FZD7_LRP5,3.1011171559544665e-05,0.0,WNT16_FZD7_LRP5,WNT16 - (FZD7+LRP5),WNT,Secreted Signaling,KEGG: hsa04310; PMID: 23209147
ENDO,Keratinocyte,WNT10A,FZD8_LRP5,1.8004630851518003e-05,0.02,WNT10A_FZD8_LRP5,WNT10A - (FZD8+LRP5),WNT,Secreted Signaling,KEGG: hsa04310; PMID: 23209147
EG,EG,WNT10A,FZD8_LRP5,2.3412855771033513e-05,0.0,WNT10A_FZD8_LRP5,WNT10A - (FZD8+LRP5),WNT,Secreted Signaling,KEGG: hsa04310; PMID: 23209147
Immune,ENDO,WNT10A,FZD8_LRP5,6.732959908104125e-05,0.0,WNT10A_FZD8_LRP5,WNT10A - (FZD8+LRP5),WNT,Secreted Signaling,KEGG: hsa04310; PMID: 23209147
ENDO,ENDO,WNT6,FZD7_LRP5,6.009125735399362e-05,0.0,WNT6_FZD7_LRP5,WNT6 - (FZD7+LRP5),WNT,Secreted Signaling,KEGG: hsa04310; PMID: 23209147
ENDO,Immune,WNT6,FZD7_LRP5,3.2960952770085026e-05,0.0,WNT6_FZD7_LRP5,WNT6 - (FZD7+LRP5),WNT,Secreted Signaling,KEGG: hsa04310; PMID: 23209147
Keratinocyte,FIB,WNT6,FZD7_LRP5,2.451201180761119e-05,0.02,WNT6_FZD7_LRP5,WNT6 - (FZD7+LRP5),WNT,Secreted Signaling,KEGG: hsa04310; PMID: 23209147
ENDO,ENDO,WNT10A,FZD5_LRP6,4.609589259570646e-05,0.0,WNT10A_FZD5_LRP6,WNT10A - (FZD5+LRP6),WNT,Secreted Signaling,KEGG: hsa04310; PMID: 23209147
ENDO,Immune,WNT10A,FZD5_LRP6,3.520783606225159e-05,0.0,WNT10A_FZD5_LRP6,WNT10A - (FZD5+LRP6),WNT,Secreted Signaling,KEGG: hsa04310; PMID: 23209147
Keratinocyte,ENDO,WNT10A,FZD5_LRP6,2.1067918780665996e-05,0.04,WNT10A_FZD5_LRP6,WNT10A - (FZD5+LRP6),WNT,Secreted Signaling,KEGG: hsa04310; PMID: 23209147
Immune,ENDO,WNT10A,FZD5_LRP6,2.5048105866676145e-05,0.02,WNT10A_FZD5_LRP6,WNT10A - (FZD5+LRP6),WNT,Secreted Signaling,KEGG: hsa04310; PMID: 23209147
ENDO,Immune,WNT10A,FZD4_LRP6,2.4763089046994286e-05,0.04,WNT10A_FZD4_LRP6,WNT10A - (FZD4+LRP6),WNT,Secreted Signaling,KEGG: hsa04310; PMID: 23209147
EG,EG,WNT10A,FZD4_LRP6,5.0898112893752404e-05,0.0,WNT10A_FZD4_LRP6,WNT10A - (FZD4+LRP6),WNT,Secreted Signaling,KEGG: hsa04310; PMID: 23209147
Keratinocyte,EG,WNT10A,FZD4_LRP6,0.00010588198286558974,0.0,WNT10A_FZD4_LRP6,WNT10A - (FZD4+LRP6),WNT,Secreted Signaling,KEGG: hsa04310; PMID: 23209147
SM,SM,WNT10A,FZD3_LRP6,8.961287908413801e-05,0.0,WNT10A_FZD3_LRP6,WNT10A - (FZD3+LRP6),WNT,Secreted Signaling,KEGG: hsa04310; PMID: 23209147
Keratinocyte,FIB,WNT10A,FZD3_LRP6,3.243389669200266e-05,0.0,WNT10A_FZD3_LRP6,WNT10A - (FZD3+LRP6),WNT,Secreted Signaling,KEGG: hsa04310; PMID: 23209147
Immune,ENDO,WNT10A,FZD3_LRP6,2.5048105866676145e-05,0.02,WNT10A_FZD3_LRP6,WNT10A - (FZD3+LRP6),WNT,Secreted Signaling,KEGG: hsa04310; PMID: 23209147
EG,EG,WNT10A,FZD10_LRP6,0.0002110841465237945,0.0,WNT10A_FZD10_LRP6,WNT10A - (FZD10+LRP6),WNT,Secreted Signaling,KEGG: hsa04310; PMID: 23209147
EG,Immune,WNT10A,FZD10_LRP6,6.33028331989583e-05,0.0,WNT10A_FZD10_LRP6,WNT10A - (FZD10+LRP6),WNT,Secreted Signaling,KEGG: hsa04310; PMID: 23209147
Immune,EG,WNT10A,FZD10_LRP6,6.33028331989583e-05,0.0,WNT10A_FZD10_LRP6,WNT10A - (FZD10+LRP6),WNT,Secreted Signaling,KEGG: hsa04310; PMID: 23209147
EG,EG,WNT10A,FZD1_LRP6,8.206045263588241e-05,0.0,WNT10A_FZD1_LRP6,WNT10A - (FZD1+LRP6),WNT,Secreted Signaling,KEGG: hsa04310; PMID: 23209147
EG,Immune,WNT10A,FZD1_LRP6,6.33028331989583e-05,0.03,WNT10A_FZD1_LRP6,WNT10A - (FZD1+LRP6),WNT,Secreted Signaling,KEGG: hsa04310; PMID: 23209147
Keratinocyte,EG,WNT10A,FZD1_LRP6,6.786474600083561e-05,0.0,WNT10A_FZD1_LRP6,WNT10A - (FZD1+LRP6),WNT,Secreted Signaling,KEGG: hsa04310; PMID: 23209147
Immune,EG,WNT10A,FZD1_LRP6,3.575553078919046e-05,0.04,WNT10A_FZD1_LRP6,WNT10A - (FZD1+LRP6),WNT,Secreted Signaling,KEGG: hsa04310; PMID: 23209147
ENDO,EG,WNT7B,FZD5_LRP5,2.7268855441468e-05,0.02,WNT7B_FZD5_LRP5,WNT7B - (FZD5+LRP5),WNT,Secreted Signaling,KEGG: hsa04310; PMID: 23209147
SM,EG,WNT7B,FZD5_LRP5,0.00010742601127606405,0.0,WNT7B_FZD5_LRP5,WNT7B - (FZD5+LRP5),WNT,Secreted Signaling,KEGG: hsa04310; PMID: 23209147
EG,EG,WNT7B,FZD5_LRP5,5.2264102197529546e-05,0.0,WNT7B_FZD5_LRP5,WNT7B - (FZD5+LRP5),WNT,Secreted Signaling,KEGG: hsa04310; PMID: 23209147
Immune,EG,WNT7B,FZD5_LRP5,2.4466966689887548e-05,0.02,WNT7B_FZD5_LRP5,WNT7B - (FZD5+LRP5),WNT,Secreted Signaling,KEGG: hsa04310; PMID: 23209147
ENDO,EG,WNT7B,FZD4_LRP5,2.7268855441468e-05,0.02,WNT7B_FZD4_LRP5,WNT7B - (FZD4+LRP5),WNT,Secreted Signaling,KEGG: hsa04310; PMID: 23209147
SM,EG,WNT7B,FZD4_LRP5,0.00010742601127606405,0.0,WNT7B_FZD4_LRP5,WNT7B - (FZD4+LRP5),WNT,Secreted Signaling,KEGG: hsa04310; PMID: 23209147
EG,EG,WNT7B,FZD4_LRP5,4.783927654923779e-05,0.0,WNT7B_FZD4_LRP5,WNT7B - (FZD4+LRP5),WNT,Secreted Signaling,KEGG: hsa04310; PMID: 23209147
Immune,EG,WNT7B,FZD4_LRP5,2.4466966689887548e-05,0.02,WNT7B_FZD4_LRP5,WNT7B - (FZD4+LRP5),WNT,Secreted Signaling,KEGG: hsa04310; PMID: 23209147
FIB,EG,WNT7B,FZD3_LRP5,5.131809983848839e-05,0.0,WNT7B_FZD3_LRP5,WNT7B - (FZD3+LRP5),WNT,Secreted Signaling,KEGG: hsa04310; PMID: 23209147
EG,EG,WNT7B,FZD3_LRP5,5.2264102197529546e-05,0.0,WNT7B_FZD3_LRP5,WNT7B - (FZD3+LRP5),WNT,Secreted Signaling,KEGG: hsa04310; PMID: 23209147
EG,Keratinocyte,WNT7B,FZD3_LRP5,5.1113952172025176e-05,0.03,WNT7B_FZD3_LRP5,WNT7B - (FZD3+LRP5),WNT,Secreted Signaling,KEGG: hsa04310; PMID: 23209147
ENDO,FIB,WNT7B,FZD10_LRP5,2.5002005221627525e-05,0.04,WNT7B_FZD10_LRP5,WNT7B - (FZD10+LRP5),WNT,Secreted Signaling,KEGG: hsa04310; PMID: 23209147
ENDO,Immune,WNT7B,FZD10_LRP5,5.096080403381653e-05,0.0,WNT7B_FZD10_LRP5,WNT7B - (FZD10+LRP5),WNT,Secreted Signaling,KEGG: hsa04310; PMID: 23209147
EG,EG,WNT7B,FZD10_LRP5,5.96507278898543e-05,0.0,WNT7B_FZD10_LRP5,WNT7B - (FZD10+LRP5),WNT,Secreted Signaling,KEGG: hsa04310; PMID: 23209147
Keratinocyte,EG,WNT7B,FZD10_LRP5,3.3952802582990324e-05,0.01,WNT7B_FZD10_LRP5,WNT7B - (FZD10+LRP5),WNT,Secreted Signaling,KEGG: hsa04310; PMID: 23209147
SM,EG,WNT7B,FZD1_LRP5,6.464590112960848e-05,0.0,WNT7B_FZD1_LRP5,WNT7B - (FZD1+LRP5),WNT,Secreted Signaling,KEGG: hsa04310; PMID: 23209147
EG,EG,WNT7B,FZD1_LRP5,0.00011020556316705508,0.0,WNT7B_FZD1_LRP5,WNT7B - (FZD1+LRP5),WNT,Secreted Signaling,KEGG: hsa04310; PMID: 23209147
Keratinocyte,EG,WNT7B,FZD1_LRP5,5.34706683821219e-05,0.02,WNT7B_FZD1_LRP5,WNT7B - (FZD1+LRP5),WNT,Secreted Signaling,KEGG: hsa04310; PMID: 23209147
ENDO,Immune,WNT7B,FZD6_LRP5,2.669505699021349e-05,0.03,WNT7B_FZD6_LRP5,WNT7B - (FZD6+LRP5),WNT,Secreted Signaling,KEGG: hsa04310; PMID: 23209147
EG,EG,WNT7B,FZD6_LRP5,0.00013919687963840507,0.0,WNT7B_FZD6_LRP5,WNT7B - (FZD6+LRP5),WNT,Secreted Signaling,KEGG: hsa04310; PMID: 23209147
EG,Keratinocyte,WNT7B,FZD6_LRP5,7.632546081715177e-05,0.0,WNT7B_FZD6_LRP5,WNT7B - (FZD6+LRP5),WNT,Secreted Signaling,KEGG: hsa04310; PMID: 23209147
ENDO,EG,WNT7B,FZD7_LRP5,3.4605503796218445e-05,0.02,WNT7B_FZD7_LRP5,WNT7B - (FZD7+LRP5),WNT,Secreted Signaling,KEGG: hsa04310; PMID: 23209147
SM,EG,WNT7B,FZD7_LRP5,0.0001363288330530058,0.0,WNT7B_FZD7_LRP5,WNT7B - (FZD7+LRP5),WNT,Secreted Signaling,KEGG: hsa04310; PMID: 23209147
EG,EG,WNT7B,FZD7_LRP5,0.00016222256062499245,0.0,WNT7B_FZD7_LRP5,WNT7B - (FZD7+LRP5),WNT,Secreted Signaling,KEGG: hsa04310; PMID: 23209147
EG,FIB,WNT10A,FZD6_LRP6,1.8212102140094696e-05,0.0,WNT10A_FZD6_LRP6,WNT10A - (FZD6+LRP6),WNT,Secreted Signaling,KEGG: hsa04310; PMID: 23209147
EG,EG,WNT10A,FZD6_LRP6,5.205540168071758e-05,0.0,WNT10A_FZD6_LRP6,WNT10A - (FZD6+LRP6),WNT,Secreted Signaling,KEGG: hsa04310; PMID: 23209147
Keratinocyte,Immune,WNT10A,FZD6_LRP6,1.368269714908394e-05,0.01,WNT10A_FZD6_LRP6,WNT10A - (FZD6+LRP6),WNT,Secreted Signaling,KEGG: hsa04310; PMID: 23209147
FIB,FIB,WNT10A,FZD7_LRP5,9.374913723731109e-05,0.0,WNT10A_FZD7_LRP5,WNT10A - (FZD7+LRP5),WNT,Secreted Signaling,KEGG: hsa04310; PMID: 23209147
Keratinocyte,FIB,WNT10A,FZD7_LRP5,2.098601665321541e-05,0.0,WNT10A_FZD7_LRP5,WNT10A - (FZD7+LRP5),WNT,Secreted Signaling,KEGG: hsa04310; PMID: 23209147
Immune,EG,WNT10A,FZD7_LRP5,1.956209057222116e-05,0.02,WNT10A_FZD7_LRP5,WNT10A - (FZD7+LRP5),WNT,Secreted Signaling,KEGG: hsa04310; PMID: 23209147
EG,EG,WNT10A,FZD5_LRP5,4.2945481847499925e-05,0.0,WNT10A_FZD5_LRP5,WNT10A - (FZD5+LRP5),WNT,Secreted Signaling,KEGG: hsa04310; PMID: 23209147
Keratinocyte,Immune,WNT10A,FZD5_LRP5,1.278203834994014e-05,0.01,WNT10A_FZD5_LRP5,WNT10A - (FZD5+LRP5),WNT,Secreted Signaling,KEGG: hsa04310; PMID: 23209147
Immune,Keratinocyte,WNT10A,FZD5_LRP5,1.7821868622850853e-05,0.0,WNT10A_FZD5_LRP5,WNT10A - (FZD5+LRP5),WNT,Secreted Signaling,KEGG: hsa04310; PMID: 23209147
ENDO,Keratinocyte,GDF7,BMPR1A_ACVR2A,0.00016706016606668294,0.02,GDF7_BMPR1A_ACVR2A,GDF7 - (BMPR1A+ACVR2A),BMP,Secreted Signaling,KEGG: hsa04350; PMID:26893264
Keratinocyte,Keratinocyte,GDF7,BMPR1A_ACVR2A,4.226926969885355e-05,0.0,GDF7_BMPR1A_ACVR2A,GDF7 - (BMPR1A+ACVR2A),BMP,Secreted Signaling,KEGG: hsa04350; PMID:26893264
Immune,Keratinocyte,GDF7,BMPR1A_ACVR2A,0.00034562875409858604,0.0,GDF7_BMPR1A_ACVR2A,GDF7 - (BMPR1A+ACVR2A),BMP,Secreted Signaling,KEGG: hsa04350; PMID:26893264
ENDO,Keratinocyte,GDF7,BMPR1A_BMPR2,0.0001246528221994772,0.02,GDF7_BMPR1A_BMPR2,GDF7 - (BMPR1A+BMPR2),BMP,Secreted Signaling,KEGG: hsa04350; PMID:26893264
Keratinocyte,Keratinocyte,GDF7,BMPR1A_BMPR2,5.720022123348488e-05,0.0,GDF7_BMPR1A_BMPR2,GDF7 - (BMPR1A+BMPR2),BMP,Secreted Signaling,KEGG: hsa04350; PMID:26893264
Keratinocyte,Immune,GDF7,BMPR1A_BMPR2,1.650351015558324e-05,0.03,GDF7_BMPR1A_BMPR2,GDF7 - (BMPR1A+BMPR2),BMP,Secreted Signaling,KEGG: hsa04350; PMID:26893264
Immune,Keratinocyte,GDF7,BMPR1A_BMPR2,0.00025789271402065306,0.0,GDF7_BMPR1A_BMPR2,GDF7 - (BMPR1A+BMPR2),BMP,Secreted Signaling,KEGG: hsa04350; PMID:26893264
EG,EG,TGFB1,ACVR1_TGFbR,0.0006297062515622917,0.0,TGFB1_ACVR1_TGFBR1,TGFB1 - (ACVR1+TGFBR1),TGFb,Secreted Signaling,PMID: 29376829
EG,Keratinocyte,TGFB1,ACVR1_TGFbR,0.0012621934145815327,0.0,TGFB1_ACVR1_TGFBR1,TGFB1 - (ACVR1+TGFBR1),TGFb,Secreted Signaling,PMID: 29376829
Immune,EG,TGFB1,ACVR1_TGFbR,0.000534531267758045,0.03,TGFB1_ACVR1_TGFBR1,TGFB1 - (ACVR1+TGFBR1),TGFb,Secreted Signaling,PMID: 29376829
SM,ENDO,TGFB2,ACVR1_TGFbR,0.0007362396618859586,0.0,TGFB2_ACVR1_TGFBR1,TGFB2 - (ACVR1+TGFBR1),TGFb,Secreted Signaling,PMID: 29376829
SM,Keratinocyte,TGFB2,ACVR1_TGFbR,0.0002310674140597269,0.01,TGFB2_ACVR1_TGFBR1,TGFB2 - (ACVR1+TGFBR1),TGFb,Secreted Signaling,PMID: 29376829
EG,EG,TGFB2,ACVR1_TGFbR,0.0006521159648215645,0.0,TGFB2_ACVR1_TGFBR1,TGFB2 - (ACVR1+TGFBR1),TGFb,Secreted Signaling,PMID: 29376829
FIB,SM,TGFB3,ACVR1_TGFbR,0.0004655188624122832,0.04,TGFB3_ACVR1_TGFBR1,TGFB3 - (ACVR1+TGFBR1),TGFb,Secreted Signaling,PMID: 29376829
SM,SM,TGFB3,ACVR1_TGFbR,0.0007427564734632384,0.0,TGFB3_ACVR1_TGFBR1,TGFB3 - (ACVR1+TGFBR1),TGFb,Secreted Signaling,PMID: 29376829
SM,EG,TGFB3,ACVR1_TGFbR,0.0005905366274240332,0.03,TGFB3_ACVR1_TGFBR1,TGFB3 - (ACVR1+TGFBR1),TGFb,Secreted Signaling,PMID: 29376829
EG,Keratinocyte,TGFB3,ACVR1_TGFbR,0.0006833345073160652,0.0,TGFB3_ACVR1_TGFBR1,TGFB3 - (ACVR1+TGFBR1),TGFb,Secreted Signaling,PMID: 29376829
ENDO,FIB,BMP2,BMPR1A_ACVR2A,0.0004586014819105472,0.0,BMP2_BMPR1A_ACVR2A,BMP2 - (BMPR1A+ACVR2A),BMP,Secreted Signaling,KEGG: hsa04350; PMID:26893264
EG,FIB,BMP2,BMPR1A_ACVR2A,0.00010854400096195932,0.04,BMP2_BMPR1A_ACVR2A,BMP2 - (BMPR1A+ACVR2A),BMP,Secreted Signaling,KEGG: hsa04350; PMID:26893264
EG,EG,BMP2,BMPR1A_ACVR2A,0.0005958309507510786,0.0,BMP2_BMPR1A_ACVR2A,BMP2 - (BMPR1A+ACVR2A),BMP,Secreted Signaling,KEGG: hsa04350; PMID:26893264
EG,Immune,BMP2,BMPR1A_ACVR2A,0.00029595042668535075,0.01,BMP2_BMPR1A_ACVR2A,BMP2 - (BMPR1A+ACVR2A),BMP,Secreted Signaling,KEGG: hsa04350; PMID:26893264
EG,FIB,BMP2,BMPR1A_BMPR2,0.00021728730227258132,0.02,BMP2_BMPR1A_BMPR2,BMP2 - (BMPR1A+BMPR2),BMP,Secreted Signaling,KEGG: hsa04350; PMID:26893264
EG,EG,BMP2,BMPR1A_BMPR2,0.0005886832028280539,0.0,BMP2_BMPR1A_BMPR2,BMP2 - (BMPR1A+BMPR2),BMP,Secreted Signaling,KEGG: hsa04350; PMID:26893264
Immune,EG,BMP2,BMPR1A_BMPR2,0.0002717189489193656,0.0,BMP2_BMPR1A_BMPR2,BMP2 - (BMPR1A+BMPR2),BMP,Secreted Signaling,KEGG: hsa04350; PMID:26893264
FIB,EG,BMP4,BMPR1A_ACVR2A,0.00012668986116664457,0.04,BMP4_BMPR1A_ACVR2A,BMP4 - (BMPR1A+ACVR2A),BMP,Secreted Signaling,KEGG: hsa04350; PMID:26893264
ENDO,FIB,BMP4,BMPR1A_ACVR2A,0.0006115790958276732,0.0,BMP4_BMPR1A_ACVR2A,BMP4 - (BMPR1A+ACVR2A),BMP,Secreted Signaling,KEGG: hsa04350; PMID:26893264
EG,EG,BMP4,BMPR1A_ACVR2A,0.00033903438988476206,0.0,BMP4_BMPR1A_ACVR2A,BMP4 - (BMPR1A+ACVR2A),BMP,Secreted Signaling,KEGG: hsa04350; PMID:26893264
EG,Immune,BMP4,BMPR1A_ACVR2A,0.00026159843711417275,0.01,BMP4_BMPR1A_ACVR2A,BMP4 - (BMPR1A+ACVR2A),BMP,Secreted Signaling,KEGG: hsa04350; PMID:26893264
SM,SM,BMP4,BMPR1A_BMPR2,0.0006549069827323798,0.0,BMP4_BMPR1A_BMPR2,BMP4 - (BMPR1A+BMPR2),BMP,Secreted Signaling,KEGG: hsa04350; PMID:26893264
Immune,SM,BMP4,BMPR1A_BMPR2,0.00041527673793748636,0.0,BMP4_BMPR1A_BMPR2,BMP4 - (BMPR1A+BMPR2),BMP,Secreted Signaling,KEGG: hsa04350; PMID:26893264
ENDO,SM,BMP7,BMPR1A_BMPR2,0.0004271173201016426,0.0,BMP7_BMPR1A_BMPR2,BMP7 - (BMPR1A+BMPR2),BMP,Secreted Signaling,KEGG: hsa04350; PMID:26893264
SM,SM,BMP7,BMPR1A_BMPR2,0.0007508637213542998,0.0,BMP7_BMPR1A_BMPR2,BMP7 - (BMPR1A+BMPR2),BMP,Secreted Signaling,KEGG: hsa04350; PMID:26893264
Immune,SM,BMP7,BMPR1A_BMPR2,0.0003881399713933834,0.02,BMP7_BMPR1A_BMPR2,BMP7 - (BMPR1A+BMPR2),BMP,Secreted Signaling,KEGG: hsa04350; PMID:26893264
SM,SM,BMP7,ACVR1_ACVR2A,0.0008254249241526026,0.0,BMP7_ACVR1_ACVR2A,BMP7 - (ACVR1+ACVR2A),BMP,Secreted Signaling,KEGG: hsa04350; PMID:26893264
SM,Immune,BMP7,ACVR1_ACVR2A,0.00019571556485826263,0.04,BMP7_ACVR1_ACVR2A,BMP7 - (ACVR1+ACVR2A),BMP,Secreted Signaling,KEGG: hsa04350; PMID:26893264
EG,ENDO,BMP7,ACVR1_ACVR2A,0.0002015062205400991,0.0,BMP7_ACVR1_ACVR2A,BMP7 - (ACVR1+ACVR2A),BMP,Secreted Signaling,KEGG: hsa04350; PMID:26893264
SM,EG,BMP7,ACVR1_BMPR2,0.00035873705853099047,0.0,BMP7_ACVR1_BMPR2,BMP7 - (ACVR1+BMPR2),BMP,Secreted Signaling,KEGG: hsa04350; PMID:26893264
EG,FIB,BMP7,ACVR1_BMPR2,0.0002914401278071337,0.03,BMP7_ACVR1_BMPR2,BMP7 - (ACVR1+BMPR2),BMP,Secreted Signaling,KEGG: hsa04350; PMID:26893264
EG,EG,BMP7,ACVR1_BMPR2,0.00041500150764788317,0.0,BMP7_ACVR1_BMPR2,BMP7 - (ACVR1+BMPR2),BMP,Secreted Signaling,KEGG: hsa04350; PMID:26893264
EG,ENDO,BMP7,BMPR1A_ACVR2A,0.0004306110326799536,0.0,BMP7_BMPR1A_ACVR2A,BMP7 - (BMPR1A+ACVR2A),BMP,Secreted Signaling,KEGG: hsa04350; PMID:26893264
EG,SM,BMP7,BMPR1A_ACVR2A,0.0002619755089827383,0.01,BMP7_BMPR1A_ACVR2A,BMP7 - (BMPR1A+ACVR2A),BMP,Secreted Signaling,KEGG: hsa04350; PMID:26893264
EG,EG,BMP7,BMPR1A_ACVR2A,0.0004272726422006724,0.0,BMP7_BMPR1A_ACVR2A,BMP7 - (BMPR1A+ACVR2A),BMP,Secreted Signaling,KEGG: hsa04350; PMID:26893264
EG,Keratinocyte,WNT10A,FZD6_LRP5,4.1130139355890415e-05,0.0,WNT10A_FZD6_LRP5,WNT10A - (FZD6+LRP5),WNT,Secreted Signaling,KEGG: hsa04310; PMID: 23209147
Keratinocyte,Keratinocyte,WNT10A,FZD6_LRP5,4.9331563948663856e-05,0.0,WNT10A_FZD6_LRP5,WNT10A - (FZD6+LRP5),WNT,Secreted Signaling,KEGG: hsa04310; PMID: 23209147
Immune,EG,WNT10A,FZD6_LRP5,3.5579079942482524e-05,0.03,WNT10A_FZD6_LRP5,WNT10A - (FZD6+LRP5),WNT,Secreted Signaling,KEGG: hsa04310; PMID: 23209147
ENDO,EG,TGFB3,ACVR1B_TGFbR2,8.847639309743137e-05,0.02,TGFB3_ACVR1B_TGFBR2,TGFB3 - (ACVR1B+TGFBR2),TGFb,Secreted Signaling,PMID: 27449815
SM,EG,TGFB3,ACVR1B_TGFbR2,0.00019676329885294944,0.0,TGFB3_ACVR1B_TGFBR2,TGFB3 - (ACVR1B+TGFBR2),TGFb,Secreted Signaling,PMID: 27449815
EG,EG,TGFB3,ACVR1B_TGFbR2,0.00012365778877537206,0.0,TGFB3_ACVR1B_TGFBR2,TGFB3 - (ACVR1B+TGFBR2),TGFb,Secreted Signaling,PMID: 27449815
ENDO,EG,TGFB2,ACVR1B_TGFbR2,0.00012226625796511774,0.03,TGFB2_ACVR1B_TGFBR2,TGFB2 - (ACVR1B+TGFBR2),TGFb,Secreted Signaling,PMID: 27449815
SM,ENDO,TGFB2,ACVR1B_TGFbR2,0.0001377701544688795,0.02,TGFB2_ACVR1B_TGFBR2,TGFB2 - (ACVR1B+TGFBR2),TGFb,Secreted Signaling,PMID: 27449815
SM,SM,TGFB2,ACVR1B_TGFbR2,0.00024444985694884364,0.0,TGFB2_ACVR1B_TGFBR2,TGFB2 - (ACVR1B+TGFBR2),TGFb,Secreted Signaling,PMID: 27449815
SM,EG,TGFB2,ACVR1B_TGFbR2,0.00019259104333733013,0.0,TGFB2_ACVR1B_TGFBR2,TGFB2 - (ACVR1B+TGFBR2),TGFb,Secreted Signaling,PMID: 27449815
SM,SM,INHBB,ACVR1B_ACVR2A,0.0037344741546478976,0.0,INHBB_ACVR1B_ACVR2A,INHBB - (ACVR1B+ACVR2A),ACTIVIN,Secreted Signaling,KEGG: hsa04352
EG,FIB,INHBB,ACVR1B_ACVR2A,0.0003814307126784485,0.02,INHBB_ACVR1B_ACVR2A,INHBB - (ACVR1B+ACVR2A),ACTIVIN,Secreted Signaling,KEGG: hsa04352
Immune,SM,INHBB,ACVR1B_ACVR2A,0.0005055713075387155,0.0,INHBB_ACVR1B_ACVR2A,INHBB - (ACVR1B+ACVR2A),ACTIVIN,Secreted Signaling,KEGG: hsa04352
ENDO,EG,INHBA,ACVR1B_ACVR2A,0.000407824460277151,0.0,INHBA_ACVR1B_ACVR2A,INHBA - (ACVR1B+ACVR2A),ACTIVIN,Secreted Signaling,KEGG: hsa04350
ENDO,Keratinocyte,INHBA,ACVR1B_ACVR2A,0.00029334948389801946,0.02,INHBA_ACVR1B_ACVR2A,INHBA - (ACVR1B+ACVR2A),ACTIVIN,Secreted Signaling,KEGG: hsa04350
EG,EG,INHBA,ACVR1B_ACVR2A,0.0008549296866923319,0.0,INHBA_ACVR1B_ACVR2A,INHBA - (ACVR1B+ACVR2A),ACTIVIN,Secreted Signaling,KEGG: hsa04350
ENDO,Immune,WNT10A,FZD4_LRP5,1.9895205112401193e-05,0.02,WNT10A_FZD4_LRP5,WNT10A - (FZD4+LRP5),WNT,Secreted Signaling,KEGG: hsa04310; PMID: 23209147
EG,EG,WNT10A,FZD4_LRP5,5.5371897125982676e-05,0.0,WNT10A_FZD4_LRP5,WNT10A - (FZD4+LRP5),WNT,Secreted Signaling,KEGG: hsa04310; PMID: 23209147
Keratinocyte,Immune,WNT10A,FZD4_LRP5,1.4546264623448941e-05,0.03,WNT10A_FZD4_LRP5,WNT10A - (FZD4+LRP5),WNT,Secreted Signaling,KEGG: hsa04310; PMID: 23209147
Immune,ENDO,WNT10A,FZD4_LRP5,2.0927889268225773e-05,0.0,WNT10A_FZD4_LRP5,WNT10A - (FZD4+LRP5),WNT,Secreted Signaling,KEGG: hsa04310; PMID: 23209147
Immune,Keratinocyte,WNT10A,FZD4_LRP5,1.3431959157686077e-05,0.04,WNT10A_FZD4_LRP5,WNT10A - (FZD4+LRP5),WNT,Secreted Signaling,KEGG: hsa04310; PMID: 23209147
SM,SM,WNT10A,FZD3_LRP5,0.00021240535403919177,0.0,WNT10A_FZD3_LRP5,WNT10A - (FZD3+LRP5),WNT,Secreted Signaling,KEGG: hsa04310; PMID: 23209147
EG,Keratinocyte,WNT10A,FZD3_LRP5,2.0326257815942574e-05,0.04,WNT10A_FZD3_LRP5,WNT10A - (FZD3+LRP5),WNT,Secreted Signaling,KEGG: hsa04310; PMID: 23209147
Keratinocyte,Immune,WNT10A,FZD3_LRP5,1.8036218714995487e-05,0.03,WNT10A_FZD3_LRP5,WNT10A - (FZD3+LRP5),WNT,Secreted Signaling,KEGG: hsa04310; PMID: 23209147
Immune,Keratinocyte,WNT10A,FZD3_LRP5,2.121656728201187e-05,0.0,WNT10A_FZD3_LRP5,WNT10A - (FZD3+LRP5),WNT,Secreted Signaling,KEGG: hsa04310; PMID: 23209147
SM,ENDO,WNT10A,FZD10_LRP5,6.524751765661563e-05,0.02,WNT10A_FZD10_LRP5,WNT10A - (FZD10+LRP5),WNT,Secreted Signaling,KEGG: hsa04310; PMID: 23209147
SM,SM,WNT10A,FZD10_LRP5,7.861041555631571e-05,0.0,WNT10A_FZD10_LRP5,WNT10A - (FZD10+LRP5),WNT,Secreted Signaling,KEGG: hsa04310; PMID: 23209147
SM,Immune,WNT10A,FZD10_LRP5,9.134849109120372e-05,0.0,WNT10A_FZD10_LRP5,WNT10A - (FZD10+LRP5),WNT,Secreted Signaling,KEGG: hsa04310; PMID: 23209147
ENDO,SM,WNT10A,FZD1_LRP5,0.00012555729671653214,0.02,WNT10A_FZD1_LRP5,WNT10A - (FZD1+LRP5),WNT,Secreted Signaling,KEGG: hsa04310; PMID: 23209147
SM,SM,WNT10A,FZD1_LRP5,0.0001792188403594209,0.0,WNT10A_FZD1_LRP5,WNT10A - (FZD1+LRP5),WNT,Secreted Signaling,KEGG: hsa04310; PMID: 23209147
Immune,SM,WNT10A,FZD1_LRP5,0.00015511231434895572,0.0,WNT10A_FZD1_LRP5,WNT10A - (FZD1+LRP5),WNT,Secreted Signaling,KEGG: hsa04310; PMID: 23209147
SM,SM,Inhibin B,ACVR2B,0.001161744804392227,0.0,INHABB_ACVR2B,INHABB - ACVR2B,ACTIVIN,Secreted Signaling,PMID: 15027884
SM,Immune,Inhibin B,ACVR2B,0.0004732999607346809,0.03,INHABB_ACVR2B,INHABB - ACVR2B,ACTIVIN,Secreted Signaling,PMID: 15027884
EG,FIB,Inhibin B,ACVR2B,0.0004953750858210103,0.0,INHABB_ACVR2B,INHABB - ACVR2B,ACTIVIN,Secreted Signaling,PMID: 15027884
FIB,FIB,GDF11,TGFBR1_ACVR2A,0.0011713630646237349,0.0,GDF11_TGFBR1_ACVR2A,GDF11 - (TGFBR1+ACVR2A),GDF,Secreted Signaling,KEGG: hsa04350
FIB,SM,GDF11,TGFBR1_ACVR2A,0.0006317856040419804,0.01,GDF11_TGFBR1_ACVR2A,GDF11 - (TGFBR1+ACVR2A),GDF,Secreted Signaling,KEGG: hsa04350
SM,FIB,GDF11,TGFBR1_ACVR2A,0.000652503163277336,0.0,GDF11_TGFBR1_ACVR2A,GDF11 - (TGFBR1+ACVR2A),GDF,Secreted Signaling,KEGG: hsa04350
FIB,SM,GDF10,ACVR1B_ACVR2A,0.0019216941622611507,0.0,GDF10_ACVR1B_ACVR2A,GDF10 - (ACVR1B+ACVR2A),GDF,Secreted Signaling,KEGG: hsa04350
EG,FIB,GDF10,ACVR1B_ACVR2A,0.0004912083996939509,0.01,GDF10_ACVR1B_ACVR2A,GDF10 - (ACVR1B+ACVR2A),GDF,Secreted Signaling,KEGG: hsa04350
EG,EG,GDF10,ACVR1B_ACVR2A,0.0004320909451569223,0.0,GDF10_ACVR1B_ACVR2A,GDF10 - (ACVR1B+ACVR2A),GDF,Secreted Signaling,KEGG: hsa04350
SM,ENDO,TGFB2,TGFbR1_R2,6.18982947416303e-05,0.03,TGFB2_TGFBR1_TGFBR2,TGFB2 - (TGFBR1+TGFBR2),TGFb,Secreted Signaling,KEGG: hsa04350
SM,SM,TGFB2,TGFbR1_R2,0.0003358591221121119,0.0,TGFB2_TGFBR1_TGFBR2,TGFB2 - (TGFBR1+TGFBR2),TGFb,Secreted Signaling,KEGG: hsa04350
SM,Keratinocyte,TGFB2,TGFbR1_R2,6.290363933958746e-05,0.0,TGFB2_TGFBR1_TGFBR2,TGFB2 - (TGFBR1+TGFBR2),TGFb,Secreted Signaling,KEGG: hsa04350
SM,ENDO,TGFB3,TGFbR1_R2,0.0003987217575983572,0.0,TGFB3_TGFBR1_TGFBR2,TGFB3 - (TGFBR1+TGFBR2),TGFb,Secreted Signaling,KEGG: hsa04350
SM,SM,TGFB3,TGFbR1_R2,0.0001796698943331286,0.0,TGFB3_TGFBR1_TGFBR2,TGFB3 - (TGFBR1+TGFBR2),TGFb,Secreted Signaling,KEGG: hsa04350
EG,Keratinocyte,TGFB3,TGFbR1_R2,0.00015346719197012384,0.01,TGFB3_TGFBR1_TGFBR2,TGFB3 - (TGFBR1+TGFBR2),TGFb,Secreted Signaling,KEGG: hsa04350
EG,EG,TGFB1,ACVR1B_TGFbR2,0.0004050764729610493,0.0,TGFB1_ACVR1B_TGFBR2,TGFB1 - (ACVR1B+TGFBR2),TGFb,Secreted Signaling,PMID: 27449815
EG,Keratinocyte,TGFB1,ACVR1B_TGFbR2,0.0002268239361938934,0.03,TGFB1_ACVR1B_TGFBR2,TGFB1 - (ACVR1B+TGFBR2),TGFb,Secreted Signaling,PMID: 27449815
EG,Immune,TGFB1,ACVR1B_TGFbR2,0.00027653037493416177,0.0,TGFB1_ACVR1B_TGFBR2,TGFB1 - (ACVR1B+TGFBR2),TGFb,Secreted Signaling,PMID: 27449815
EG,EG,WNT10A,FZD7_LRP6,4.984160454175948e-05,0.0,WNT10A_FZD7_LRP6,WNT10A - (FZD7+LRP6),WNT,Secreted Signaling,KEGG: hsa04310; PMID: 23209147
Keratinocyte,EG,WNT10A,FZD7_LRP6,2.9847509136081494e-05,0.0,WNT10A_FZD7_LRP6,WNT10A - (FZD7+LRP6),WNT,Secreted Signaling,KEGG: hsa04310; PMID: 23209147
ENDO,FIB,FGF2,FGFR3,0.0005800423280061476,0.04,FGF2_FGFR3,FGF2 - FGFR3,FGF,Secreted Signaling,PMC: 4393358
SM,Keratinocyte,FGF2,FGFR3,0.0005986667834966599,0.01,FGF2_FGFR3,FGF2 - FGFR3,FGF,Secreted Signaling,PMC: 4393358
EG,SM,FGF2,FGFR3,0.000702019834454054,0.0,FGF2_FGFR3,FGF2 - FGFR3,FGF,Secreted Signaling,PMC: 4393358
EG,EG,FGF2,FGFR3,0.0009608220102515102,0.0,FGF2_FGFR3,FGF2 - FGFR3,FGF,Secreted Signaling,PMC: 4393358
ENDO,Keratinocyte,FGF2,FGFR1,0.0006318366208005277,0.04,FGF2_FGFR1,FGF2 - FGFR1,FGF,Secreted Signaling,PMC: 4393358
EG,SM,FGF2,FGFR1,0.000822999626774966,0.0,FGF2_FGFR1,FGF2 - FGFR1,FGF,Secreted Signaling,PMC: 4393358
EG,EG,FGF2,FGFR1,0.0009044810647228368,0.0,FGF2_FGFR1,FGF2 - FGFR1,FGF,Secreted Signaling,PMC: 4393358
ENDO,EG,FGF1,FGFR3,0.0006345661304990913,0.0,FGF1_FGFR3,FGF1 - FGFR3,FGF,Secreted Signaling,PMC: 4393358
EG,ENDO,FGF1,FGFR3,0.0006335153402210395,0.03,FGF1_FGFR3,FGF1 - FGFR3,FGF,Secreted Signaling,PMC: 4393358
EG,EG,FGF1,FGFR3,0.0008394812918358862,0.0,FGF1_FGFR3,FGF1 - FGFR3,FGF,Secreted Signaling,PMC: 4393358
EG,Keratinocyte,FGF1,FGFR3,0.0005552791022128867,0.04,FGF1_FGFR3,FGF1 - FGFR3,FGF,Secreted Signaling,PMC: 4393358
ENDO,FIB,FGF1,FGFR1,0.0005811761404755705,0.04,FGF1_FGFR1,FGF1 - FGFR1,FGF,Secreted Signaling,PMC: 4393358
ENDO,EG,FGF1,FGFR1,0.0007739612537191585,0.0,FGF1_FGFR1,FGF1 - FGFR1,FGF,Secreted Signaling,PMC: 4393358
EG,EG,FGF1,FGFR1,0.0008319476318037254,0.0,FGF1_FGFR1,FGF1 - FGFR1,FGF,Secreted Signaling,PMC: 4393358
FIB,FIB,FGF22,FGFR2,0.0013392138901870258,0.0,FGF22_FGFR2,FGF22 - FGFR2,FGF,Secreted Signaling,PMC: 4393358
FIB,ENDO,FGF22,FGFR2,0.0012196872406504565,0.0,FGF22_FGFR2,FGF22 - FGFR2,FGF,Secreted Signaling,PMC: 4393358
Immune,SM,FGF22,FGFR2,0.0008463095078211748,0.03,FGF22_FGFR2,FGF22 - FGFR2,FGF,Secreted Signaling,PMC: 4393358
SM,SM,FGF7,FGFR2,0.0019746143882388226,0.0,FGF7_FGFR2,FGF7 - FGFR2,FGF,Secreted Signaling,PMC: 4393358
EG,Keratinocyte,FGF7,FGFR2,0.0007799728846002945,0.0,FGF7_FGFR2,FGF7 - FGFR2,FGF,Secreted Signaling,PMC: 4393358
Keratinocyte,EG,FGF7,FGFR2,0.0007699223710331222,0.02,FGF7_FGFR2,FGF7 - FGFR2,FGF,Secreted Signaling,PMC: 4393358
Immune,EG,FGF7,FGFR2,0.0005428749442631302,0.04,FGF7_FGFR2,FGF7 - FGFR2,FGF,Secreted Signaling,PMC: 4393358
ENDO,EG,FGF7,FGFR1,0.0006270967663816701,0.04,FGF7_FGFR1,FGF7 - FGFR1,FGF,Secreted Signaling,PMC: 4393358
SM,SM,FGF7,FGFR1,0.0012114611631578798,0.0,FGF7_FGFR1,FGF7 - FGFR1,FGF,Secreted Signaling,PMC: 4393358
EG,SM,FGF7,FGFR1,0.000671663784392644,0.0,FGF7_FGFR1,FGF7 - FGFR1,FGF,Secreted Signaling,PMC: 4393358
SM,ENDO,AREG,EGFR,0.000800010849347822,0.03,AREG_EGFR,AREG - EGFR,EGF,Secreted Signaling,KEGG: hsa04012
SM,SM,AREG,EGFR,0.0017588259531278517,0.0,AREG_EGFR,AREG - EGFR,EGF,Secreted Signaling,KEGG: hsa04012
EG,SM,AREG,EGFR,0.0009879378283473915,0.0,AREG_EGFR,AREG - EGFR,EGF,Secreted Signaling,KEGG: hsa04012
SM,ENDO,TGFA,EGFR_ERBB2,0.0009302834940558253,0.04,TGFA_EGFR_ERBB2,TGFA - (EGFR+ERBB2),EGF,Secreted Signaling,KEGG: hsa04012
EG,EG,TGFA,EGFR_ERBB2,0.0008772712891243072,0.0,TGFA_EGFR_ERBB2,TGFA - (EGFR+ERBB2),EGF,Secreted Signaling,KEGG: hsa04012
EG,Keratinocyte,TGFA,EGFR_ERBB2,0.0007788430622072989,0.04,TGFA_EGFR_ERBB2,TGFA - (EGFR+ERBB2),EGF,Secreted Signaling,KEGG: hsa04012
Immune,EG,TGFA,EGFR_ERBB2,0.0013805282926145205,0.0,TGFA_EGFR_ERBB2,TGFA - (EGFR+ERBB2),EGF,Secreted Signaling,KEGG: hsa04012
SM,SM,TGFA,EGFR,0.0013705771269429182,0.0,TGFA_EGFR,TGFA - EGFR,EGF,Secreted Signaling,KEGG: hsa04012
EG,Immune,TGFA,EGFR,0.0006020148940215658,0.03,TGFA_EGFR,TGFA - EGFR,EGF,Secreted Signaling,KEGG: hsa04012
Immune,EG,TGFA,EGFR,0.0008942867626237739,0.0,TGFA_EGFR,TGFA - EGFR,EGF,Secreted Signaling,KEGG: hsa04012
FIB,FIB,WNT11,FZD9,0.0026581166738129823,0.0,WNT11_FZD9,WNT11 - FZD9,ncWNT,Secreted Signaling,KEGG: hsa04310
FIB,ENDO,WNT11,FZD9,0.0022916278714344815,0.0,WNT11_FZD9,WNT11 - FZD9,ncWNT,Secreted Signaling,KEGG: hsa04310
SM,ENDO,WNT11,FZD8,0.0007585275520054499,0.03,WNT11_FZD8,WNT11 - FZD8,ncWNT,Secreted Signaling,KEGG: hsa04310
SM,EG,WNT11,FZD8,0.0008782422712359298,0.0,WNT11_FZD8,WNT11 - FZD8,ncWNT,Secreted Signaling,KEGG: hsa04310
EG,EG,WNT11,FZD8,0.0010015922707484095,0.0,WNT11_FZD8,WNT11 - FZD8,ncWNT,Secreted Signaling,KEGG: hsa04310
Keratinocyte,EG,WNT11,FZD8,0.0008626335201019768,0.02,WNT11_FZD8,WNT11 - FZD8,ncWNT,Secreted Signaling,KEGG: hsa04310
ENDO,EG,AREG,EGFR_ERBB2,0.00048220670369784007,0.03,AREG_EGFR_ERBB2,AREG - (EGFR+ERBB2),EGF,Secreted Signaling,KEGG: hsa04012
EG,EG,AREG,EGFR_ERBB2,0.0004814232824314236,0.0,AREG_EGFR_ERBB2,AREG - (EGFR+ERBB2),EGF,Secreted Signaling,KEGG: hsa04012
Keratinocyte,EG,AREG,EGFR_ERBB2,0.0005825043603250782,0.0,AREG_EGFR_ERBB2,AREG - (EGFR+ERBB2),EGF,Secreted Signaling,KEGG: hsa04012
Immune,EG,AREG,EGFR_ERBB2,0.0005399117563778312,0.01,AREG_EGFR_ERBB2,AREG - (EGFR+ERBB2),EGF,Secreted Signaling,KEGG: hsa04012
SM,SM,WNT11,FZD7,0.001086726711655857,0.0,WNT11_FZD7,WNT11 - FZD7,ncWNT,Secreted Signaling,KEGG: hsa04310
EG,FIB,WNT11,FZD7,0.0005108501266244247,0.02,WNT11_FZD7,WNT11 - FZD7,ncWNT,Secreted Signaling,KEGG: hsa04310
EG,SM,WNT11,FZD7,0.0009065740717784137,0.0,WNT11_FZD7,WNT11 - FZD7,ncWNT,Secreted Signaling,KEGG: hsa04310
SM,FIB,WNT11,FZD5,0.0011818545020847162,0.0,WNT11_FZD5,WNT11 - FZD5,ncWNT,Secreted Signaling,KEGG: hsa04310
Keratinocyte,ENDO,WNT11,FZD5,0.0005396187449435323,0.03,WNT11_FZD5,WNT11 - FZD5,ncWNT,Secreted Signaling,KEGG: hsa04310
Immune,Immune,WNT11,FZD5,0.0005516403162398684,0.0,WNT11_FZD5,WNT11 - FZD5,ncWNT,Secreted Signaling,KEGG: hsa04310
FIB,ENDO,WNT11,FZD4,0.0012634736376291459,0.0,WNT11_FZD4,WNT11 - FZD4,ncWNT,Secreted Signaling,KEGG: hsa04310
SM,SM,WNT11,FZD4,0.0014433568902916783,0.0,WNT11_FZD4,WNT11 - FZD4,ncWNT,Secreted Signaling,KEGG: hsa04310
FIB,ENDO,WNT11,FZD3,0.0020230210321059523,0.0,WNT11_FZD3,WNT11 - FZD3,ncWNT,Secreted Signaling,KEGG: hsa04310
SM,SM,WNT11,FZD3,0.002210255527023996,0.0,WNT11_FZD3,WNT11 - FZD3,ncWNT,Secreted Signaling,KEGG: hsa04310
FIB,ENDO,WNT11,FZD2,0.002721830908971958,0.0,WNT11_FZD2,WNT11 - FZD2,ncWNT,Secreted Signaling,KEGG: hsa04310
FIB,SM,WNT11,FZD2,0.0011646879827650087,0.04,WNT11_FZD2,WNT11 - FZD2,ncWNT,Secreted Signaling,KEGG: hsa04310
SM,SM,WNT11,FZD2,0.001882295522300805,0.0,WNT11_FZD2,WNT11 - FZD2,ncWNT,Secreted Signaling,KEGG: hsa04310
Immune,EG,WNT11,FZD2,0.000602988567142115,0.04,WNT11_FZD2,WNT11 - FZD2,ncWNT,Secreted Signaling,KEGG: hsa04310
FIB,ENDO,WNT11,FZD10,0.0007418585315704662,0.0,WNT11_FZD10,WNT11 - FZD10,ncWNT,Secreted Signaling,KEGG: hsa04310
SM,SM,WNT11,FZD10,0.0018684588426436765,0.0,WNT11_FZD10,WNT11 - FZD10,ncWNT,Secreted Signaling,KEGG: hsa04310
Immune,EG,WNT11,FZD10,0.0004140857512468577,0.03,WNT11_FZD10,WNT11 - FZD10,ncWNT,Secreted Signaling,KEGG: hsa04310
EG,SM,WNT11,FZD1,0.0006617178188826565,0.03,WNT11_FZD1,WNT11 - FZD1,ncWNT,Secreted Signaling,KEGG: hsa04310
EG,EG,WNT11,FZD1,0.0015446219000634091,0.0,WNT11_FZD1,WNT11 - FZD1,ncWNT,Secreted Signaling,KEGG: hsa04310
Keratinocyte,EG,WNT11,FZD1,0.0011388533796496758,0.0,WNT11_FZD1,WNT11 - FZD1,ncWNT,Secreted Signaling,KEGG: hsa04310
FIB,ENDO,WNT11,FZD6,0.000851947332648773,0.04,WNT11_FZD6,WNT11 - FZD6,ncWNT,Secreted Signaling,KEGG: hsa04310
SM,FIB,WNT11,FZD6,0.0009223959021987384,0.0,WNT11_FZD6,WNT11 - FZD6,ncWNT,Secreted Signaling,KEGG: hsa04310
SM,SM,WNT11,FZD6,0.0013842395772204943,0.0,WNT11_FZD6,WNT11 - FZD6,ncWNT,Secreted Signaling,KEGG: hsa04310
FIB,SM,BTC,EGFR,0.0005074605048998595,0.02,BTC_EGFR,BTC - EGFR,EGF,Secreted Signaling,KEGG: hsa04012
SM,SM,BTC,EGFR,0.003050061011381047,0.0,BTC_EGFR,BTC - EGFR,EGF,Secreted Signaling,KEGG: hsa04012
EG,SM,BTC,EGFR,0.0006728256871864976,0.0,BTC_EGFR,BTC - EGFR,EGF,Secreted Signaling,KEGG: hsa04012
SM,EG,NRG2,ERBB2_ERBB3,0.0009787019653674232,0.0,NRG2_ERBB2_ERBB3,NRG2 - (ERBB2+ERBB3),NRG,Secreted Signaling,KEGG: hsa04012
EG,EG,NRG2,ERBB2_ERBB3,0.000841654700958253,0.0,NRG2_ERBB2_ERBB3,NRG2 - (ERBB2+ERBB3),NRG,Secreted Signaling,KEGG: hsa04012
Immune,EG,NRG2,ERBB2_ERBB3,0.0004541410949618819,0.01,NRG2_ERBB2_ERBB3,NRG2 - (ERBB2+ERBB3),NRG,Secreted Signaling,KEGG: hsa04012
SM,FIB,NRG2,ERBB3,0.00045167051358687284,0.02,NRG2_ERBB3,NRG2 - ERBB3,NRG,Secreted Signaling,KEGG: hsa04012
SM,EG,NRG2,ERBB3,0.000813069525709772,0.0,NRG2_ERBB3,NRG2 - ERBB3,NRG,Secreted Signaling,KEGG: hsa04012
EG,EG,NRG2,ERBB3,0.0009687889699336128,0.0,NRG2_ERBB3,NRG2 - ERBB3,NRG,Secreted Signaling,KEGG: hsa04012
FIB,EG,NRG1,ERBB2_ERBB3,0.0004467109347461827,0.0,NRG1_ERBB2_ERBB3,NRG1 - (ERBB2+ERBB3),NRG,Secreted Signaling,KEGG: hsa04012
EG,EG,NRG1,ERBB2_ERBB3,0.0006780301104607913,0.0,NRG1_ERBB2_ERBB3,NRG1 - (ERBB2+ERBB3),NRG,Secreted Signaling,KEGG: hsa04012
EG,Keratinocyte,NRG1,ERBB2_ERBB3,0.00029980401788224926,0.03,NRG1_ERBB2_ERBB3,NRG1 - (ERBB2+ERBB3),NRG,Secreted Signaling,KEGG: hsa04012
Immune,Keratinocyte,NRG1,ERBB2_ERBB3,0.0001459174841842811,0.04,NRG1_ERBB2_ERBB3,NRG1 - (ERBB2+ERBB3),NRG,Secreted Signaling,KEGG: hsa04012
SM,FIB,NRG1,ERBB3,0.0010705372624674003,0.0,NRG1_ERBB3,NRG1 - ERBB3,NRG,Secreted Signaling,KEGG: hsa04012
SM,SM,NRG1,ERBB3,0.0014941373746248316,0.0,NRG1_ERBB3,NRG1 - ERBB3,NRG,Secreted Signaling,KEGG: hsa04012
EG,FIB,BTC,EGFR_ERBB2,0.00044281430557510887,0.02,BTC_EGFR_ERBB2,BTC - (EGFR+ERBB2),EGF,Secreted Signaling,KEGG: hsa04012
EG,SM,BTC,EGFR_ERBB2,0.0005782100312578223,0.0,BTC_EGFR_ERBB2,BTC - (EGFR+ERBB2),EGF,Secreted Signaling,KEGG: hsa04012
EG,EG,BTC,EGFR_ERBB2,0.0009043408269538992,0.0,BTC_EGFR_ERBB2,BTC - (EGFR+ERBB2),EGF,Secreted Signaling,KEGG: hsa04012
FIB,ENDO,EREG,EGFR_ERBB2,0.0006188265588260866,0.01,EREG_EGFR_ERBB2,EREG - (EGFR+ERBB2),EGF,Secreted Signaling,KEGG: hsa04012
SM,ENDO,EREG,EGFR_ERBB2,0.0006193115205766165,0.0,EREG_EGFR_ERBB2,EREG - (EGFR+ERBB2),EGF,Secreted Signaling,KEGG: hsa04012
Keratinocyte,Keratinocyte,EREG,EGFR_ERBB2,0.001004822426116198,0.0,EREG_EGFR_ERBB2,EREG - (EGFR+ERBB2),EGF,Secreted Signaling,KEGG: hsa04012
SM,Keratinocyte,EREG,EGFR,0.0007138184453765768,0.04,EREG_EGFR,EREG - EGFR,EGF,Secreted Signaling,KEGG: hsa04012
Keratinocyte,SM,EREG,EGFR,0.0012294663188385287,0.0,EREG_EGFR,EREG - EGFR,EGF,Secreted Signaling,KEGG: hsa04012
Keratinocyte,Keratinocyte,EREG,EGFR,0.0010120506617137693,0.0,EREG_EGFR,EREG - EGFR,EGF,Secreted Signaling,KEGG: hsa04012
FIB,EG,HBEGF,EGFR_ERBB2,0.0007538990375893344,0.01,HBEGF_EGFR_ERBB2,HBEGF - (EGFR+ERBB2),EGF,Secreted Signaling,KEGG: hsa04012
EG,EG,HBEGF,EGFR_ERBB2,0.0010288072632451259,0.0,HBEGF_EGFR_ERBB2,HBEGF - (EGFR+ERBB2),EGF,Secreted Signaling,KEGG: hsa04012
Keratinocyte,EG,HBEGF,EGFR_ERBB2,0.001770466009770721,0.0,HBEGF_EGFR_ERBB2,HBEGF - (EGFR+ERBB2),EGF,Secreted Signaling,KEGG: hsa04012
SM,ENDO,HBEGF,EGFR,0.0012124926734399446,0.0,HBEGF_EGFR,HBEGF - EGFR,EGF,Secreted Signaling,KEGG: hsa04012
SM,SM,HBEGF,EGFR,0.001367362035491751,0.0,HBEGF_EGFR,HBEGF - EGFR,EGF,Secreted Signaling,KEGG: hsa04012
SM,Immune,HBEGF,EGFR,0.0007195761938097114,0.02,HBEGF_EGFR,HBEGF - EGFR,EGF,Secreted Signaling,KEGG: hsa04012
ENDO,ENDO,FGF18,FGFR1,0.0013661705832661852,0.0,FGF18_FGFR1,FGF18 - FGFR1,FGF,Secreted Signaling,PMC: 4393358
ENDO,EG,FGF18,FGFR1,0.0016252837834566899,0.0,FGF18_FGFR1,FGF18 - FGFR1,FGF,Secreted Signaling,PMC: 4393358
ENDO,Immune,FGF18,FGFR1,0.0008508920663647939,0.04,FGF18_FGFR1,FGF18 - FGFR1,FGF,Secreted Signaling,PMC: 4393358
Keratinocyte,ENDO,FGF18,FGFR1,0.0006321779443683203,0.03,FGF18_FGFR1,FGF18 - FGFR1,FGF,Secreted Signaling,PMC: 4393358
ENDO,SM,FGF18,FGFR2,0.0017657493558093475,0.0,FGF18_FGFR2,FGF18 - FGFR2,FGF,Secreted Signaling,PMC: 4393358
ENDO,Immune,FGF18,FGFR2,0.0007064544888151573,0.04,FGF18_FGFR2,FGF18 - FGFR2,FGF,Secreted Signaling,PMC: 4393358
SM,SM,FGF18,FGFR2,0.002979130211611684,0.0,FGF18_FGFR2,FGF18 - FGFR2,FGF,Secreted Signaling,PMC: 4393358
ENDO,SM,FGF18,FGFR3,0.0007820088747082386,0.01,FGF18_FGFR3,FGF18 - FGFR3,FGF,Secreted Signaling,PMC: 4393358
ENDO,Keratinocyte,FGF18,FGFR3,0.0007869927469329865,0.0,FGF18_FGFR3,FGF18 - FGFR3,FGF,Secreted Signaling,PMC: 4393358
SM,SM,FGF18,FGFR3,0.0015985282215549331,0.0,FGF18_FGFR3,FGF18 - FGFR3,FGF,Secreted Signaling,PMC: 4393358
SM,ENDO,IGFL3,IGFLR1,0.0002736137197173157,0.0,IGFL3_IGFLR1,IGFL3 - IGFLR1,IGF,Secreted Signaling,PMID: 21454693
SM,SM,IGFL3,IGFLR1,0.0002113166919671242,0.0,IGFL3_IGFLR1,IGFL3 - IGFLR1,IGF,Secreted Signaling,PMID: 21454693
SM,SM,IGF1,ITGA6_ITGB4,0.00013750472682649915,0.0,IGF1_ITGA6_ITGB4,IGF1 - (ITGA6+ITGB4),IGF,Secreted Signaling,PMID: 28190785; PMID: 28873464
EG,Keratinocyte,IGF1,ITGA6_ITGB4,0.00014339106304124544,0.0,IGF1_ITGA6_ITGB4,IGF1 - (ITGA6+ITGB4),IGF,Secreted Signaling,PMID: 28190785; PMID: 28873464
Keratinocyte,EG,IGF1,ITGA6_ITGB4,0.00010617653138944958,0.02,IGF1_ITGA6_ITGB4,IGF1 - (ITGA6+ITGB4),IGF,Secreted Signaling,PMID: 28190785; PMID: 28873464
FIB,ENDO,APLN,APLNR,0.0002712777629701205,0.04,APLN_APLNR,APLN - APLNR,APELIN,Secreted Signaling,KEGG: hsa04371
EG,EG,APLN,APLNR,0.0008369837394800989,0.0,APLN_APLNR,APLN - APLNR,APELIN,Secreted Signaling,KEGG: hsa04371
EG,Keratinocyte,APLN,APLNR,0.00028033831388119896,0.03,APLN_APLNR,APLN - APLNR,APELIN,Secreted Signaling,KEGG: hsa04371
Immune,EG,APLN,APLNR,0.00029110991803186164,0.0,APLN_APLNR,APLN - APLNR,APELIN,Secreted Signaling,KEGG: hsa04371
EG,FIB,CCL27,CCR2,0.00025000392287955836,0.0,CCL27_CCR2,CCL27 - CCR2,CCL,Secreted Signaling,KEGG: hsa04060
EG,EG,CCL27,CCR2,0.0010952703764523187,0.0,CCL27_CCR2,CCL27 - CCR2,CCL,Secreted Signaling,KEGG: hsa04060
Keratinocyte,Immune,CCL27,CCR2,0.0002054656852012354,0.03,CCL27_CCR2,CCL27 - CCR2,CCL,Secreted Signaling,KEGG: hsa04060
FIB,EG,CCL13,CCR1,0.0005043714379710538,0.04,CCL13_CCR1,CCL13 - CCR1,CCL,Secreted Signaling,KEGG: hsa04060
ENDO,FIB,CCL13,CCR1,0.0006102871849968959,0.03,CCL13_CCR1,CCL13 - CCR1,CCL,Secreted Signaling,KEGG: hsa04060
EG,SM,CCL13,CCR1,0.0006181633214660922,0.0,CCL13_CCR1,CCL13 - CCR1,CCL,Secreted Signaling,KEGG: hsa04060
EG,EG,CCL13,CCR1,0.0014828311595498083,0.0,CCL13_CCR1,CCL13 - CCR1,CCL,Secreted Signaling,KEGG: hsa04060
ENDO,Keratinocyte,VEGFA,FLT1_KDR,0.00022335323837511284,0.02,VEGFA_VEGFR1R2,VEGFA - VEGFR1R2,VEGF,Secreted Signaling,PMID: 16633338
SM,EG,VEGFA,FLT1_KDR,0.0004284021046174445,0.0,VEGFA_VEGFR1R2,VEGFA - VEGFR1R2,VEGF,Secreted Signaling,PMID: 16633338
EG,EG,VEGFA,FLT1_KDR,0.0005158542550310603,0.0,VEGFA_VEGFR1R2,VEGFA - VEGFR1R2,VEGF,Secreted Signaling,PMID: 16633338
Immune,EG,VEGFA,FLT1_KDR,0.0001865127004086459,0.03,VEGFA_VEGFR1R2,VEGFA - VEGFR1R2,VEGF,Secreted Signaling,PMID: 16633338
EG,FIB,PGF,FLT1,0.0006896455956941303,0.0,PGF_VEGFR1,PGF - VEGFR1,VEGF,Secreted Signaling,KEGG: hsa04370; PMID: 16633338
EG,SM,PGF,FLT1,0.0006501265080179942,0.03,PGF_VEGFR1,PGF - VEGFR1,VEGF,Secreted Signaling,KEGG: hsa04370; PMID: 16633338
EG,EG,PGF,FLT1,0.0007178337427966347,0.0,PGF_VEGFR1,PGF - VEGFR1,VEGF,Secreted Signaling,KEGG: hsa04370; PMID: 16633338
Keratinocyte,EG,PGF,FLT1,0.0006564483960047749,0.03,PGF_VEGFR1,PGF - VEGFR1,VEGF,Secreted Signaling,KEGG: hsa04370; PMID: 16633338
ENDO,ENDO,VEGFC,FLT4,0.0005760647713366008,0.0,VEGFC_VEGFR3,VEGFC - VEGFR3,VEGF,Secreted Signaling,KEGG: hsa04370; PMID: 16633338
SM,ENDO,VEGFC,FLT4,0.0005352354946767889,0.02,VEGFC_VEGFR3,VEGFC - VEGFR3,VEGF,Secreted Signaling,KEGG: hsa04370; PMID: 16633338
SM,Immune,VEGFC,FLT4,0.0006871447773672684,0.0,VEGFC_VEGFR3,VEGFC - VEGFR3,VEGF,Secreted Signaling,KEGG: hsa04370; PMID: 16633338
EG,SM,VEGFB,FLT1,0.0006603732120277466,0.03,VEGFB_VEGFR1,VEGFB - VEGFR1,VEGF,Secreted Signaling,KEGG: hsa04370; PMID: 16633338
EG,EG,VEGFB,FLT1,0.0009547668112547849,0.0,VEGFB_VEGFR1,VEGFB - VEGFR1,VEGF,Secreted Signaling,KEGG: hsa04370; PMID: 16633338
Keratinocyte,EG,VEGFB,FLT1,0.0010728495664413,0.0,VEGFB_VEGFR1,VEGFB - VEGFR1,VEGF,Secreted Signaling,KEGG: hsa04370; PMID: 16633338
SM,SM,VEGFA,KDR,0.0016976307641566985,0.0,VEGFA_VEGFR2,VEGFA - VEGFR2,VEGF,Secreted Signaling,KEGG: hsa04370; PMID: 16633338
EG,FIB,VEGFA,KDR,0.000584175643267083,0.02,VEGFA_VEGFR2,VEGFA - VEGFR2,VEGF,Secreted Signaling,KEGG: hsa04370; PMID: 16633338
EG,ENDO,VEGFA,KDR,0.0005343585839541375,0.04,VEGFA_VEGFR2,VEGFA - VEGFR2,VEGF,Secreted Signaling,KEGG: hsa04370; PMID: 16633338
EG,SM,VEGFA,KDR,0.0010510531428098023,0.0,VEGFA_VEGFR2,VEGFA - VEGFR2,VEGF,Secreted Signaling,KEGG: hsa04370; PMID: 16633338
EG,SM,VEGFA,FLT1,0.0006998241044087316,0.03,VEGFA_VEGFR1,VEGFA - VEGFR1,VEGF,Secreted Signaling,KEGG: hsa04370; PMID: 16633338
EG,EG,VEGFA,FLT1,0.0008221490286626371,0.0,VEGFA_VEGFR1,VEGFA - VEGFR1,VEGF,Secreted Signaling,KEGG: hsa04370; PMID: 16633338
Keratinocyte,EG,VEGFA,FLT1,0.0009322691576769468,0.0,VEGFA_VEGFR1,VEGFA - VEGFR1,VEGF,Secreted Signaling,KEGG: hsa04370; PMID: 16633338
FIB,EG,PDGFD,PDGFRB,0.00033810254456470286,0.0,PDGFD_PDGFRB,PDGFD - PDGFRB,PDGF,Secreted Signaling,PMID: 15207812
SM,EG,PDGFD,PDGFRB,0.00024481850830781375,0.0,PDGFD_PDGFRB,PDGFD - PDGFRB,PDGF,Secreted Signaling,PMID: 15207812
EG,EG,PDGFD,PDGFRB,0.00031616650805634596,0.0,PDGFD_PDGFRB,PDGFD - PDGFRB,PDGF,Secreted Signaling,PMID: 15207812
EG,ENDO,PDGFC,PDGFRA,0.0001824304894350402,0.02,PDGFC_PDGFRA,PDGFC - PDGFRA,PDGF,Secreted Signaling,PMID: 15207812
EG,EG,PDGFC,PDGFRA,0.0003909622340834766,0.0,PDGFC_PDGFRA,PDGFC - PDGFRA,PDGF,Secreted Signaling,PMID: 15207812
EG,Keratinocyte,PDGFC,PDGFRA,0.00018462991090672847,0.0,PDGFC_PDGFRA,PDGFC - PDGFRA,PDGF,Secreted Signaling,PMID: 15207812
ENDO,EG,PDGFB,PDGFRB,0.00024259214919244393,0.0,PDGFB_PDGFRB,PDGFB - PDGFRB,PDGF,Secreted Signaling,PMID: 15207812
EG,EG,PDGFB,PDGFRB,0.0004666411951918038,0.0,PDGFB_PDGFRB,PDGFB - PDGFRB,PDGF,Secreted Signaling,PMID: 15207812
Immune,EG,PDGFB,PDGFRB,0.0002138717020122562,0.01,PDGFB_PDGFRB,PDGFB - PDGFRB,PDGF,Secreted Signaling,PMID: 15207812
SM,EG,PDGFB,PDGFRA,0.0003117042965160609,0.0,PDGFB_PDGFRA,PDGFB - PDGFRA,PDGF,Secreted Signaling,PMID: 15207812
EG,EG,PDGFB,PDGFRA,0.0002885973491555098,0.0,PDGFB_PDGFRA,PDGFB - PDGFRA,PDGF,Secreted Signaling,PMID: 15207812
Keratinocyte,EG,PDGFB,PDGFRA,0.0002217143904449619,0.02,PDGFB_PDGFRA,PDGFB - PDGFRA,PDGF,Secreted Signaling,PMID: 15207812
SM,EG,PDGFA,PDGFRB,0.00030541194164298804,0.0,PDGFA_PDGFRB,PDGFA - PDGFRB,PDGF,Secreted Signaling,PMID: 15207812
EG,EG,PDGFA,PDGFRB,0.0005314671109061943,0.0,PDGFA_PDGFRB,PDGFA - PDGFRB,PDGF,Secreted Signaling,PMID: 15207812
Keratinocyte,SM,PDGFA,PDGFRB,0.00018697489453878662,0.02,PDGFA_PDGFRB,PDGFA - PDGFRB,PDGF,Secreted Signaling,PMID: 15207812
SM,EG,PDGFA,PDGFRA,0.00022057128290362688,0.0,PDGFA_PDGFRA,PDGFA - PDGFRA,PDGF,Secreted Signaling,PMID: 15207812
EG,EG,PDGFA,PDGFRA,0.0003279594742025399,0.0,PDGFA_PDGFRA,PDGFA - PDGFRA,PDGF,Secreted Signaling,PMID: 15207812
SM,SM,WNT5B,FZD7,0.0012674362474134697,0.0,WNT5B_FZD7,WNT5B - FZD7,ncWNT,Secreted Signaling,KEGG: hsa04310
SM,EG,WNT5B,FZD7,0.0005769794238547022,0.02,WNT5B_FZD7,WNT5B - FZD7,ncWNT,Secreted Signaling,KEGG: hsa04310
SM,Immune,WNT5B,FZD7,0.0006757203697700523,0.0,WNT5B_FZD7,WNT5B - FZD7,ncWNT,Secreted Signaling,KEGG: hsa04310
Keratinocyte,Immune,WNT3A,FZD10_LRP6,9.139750465173507e-05,0.0,WNT3A_FZD10_LRP6,WNT3A - (FZD10+LRP6),WNT,Secreted Signaling,KEGG: hsa04310; PMID: 23209147
Immune,Keratinocyte,WNT3A,FZD10_LRP6,2.1847145415656326e-05,0.01,WNT3A_FZD10_LRP6,WNT3A - (FZD10+LRP6),WNT,Secreted Signaling,KEGG: hsa04310; PMID: 23209147
Immune,Immune,WNT3A,FZD10_LRP6,6.0095932259184875e-05,0.0,WNT3A_FZD10_LRP6,WNT3A - (FZD10+LRP6),WNT,Secreted Signaling,KEGG: hsa04310; PMID: 23209147
ENDO,Keratinocyte,WNT3A,FZD1_LRP6,1.3476547008916107e-05,0.0,WNT3A_FZD1_LRP6,WNT3A - (FZD1+LRP6),WNT,Secreted Signaling,KEGG: hsa04310; PMID: 23209147
Keratinocyte,Keratinocyte,WNT3A,FZD1_LRP6,2.6824850352279744e-05,0.0,WNT3A_FZD1_LRP6,WNT3A - (FZD1+LRP6),WNT,Secreted Signaling,KEGG: hsa04310; PMID: 23209147
Keratinocyte,Immune,WNT3A,FZD1_LRP6,1.1794798331470583e-05,0.03,WNT3A_FZD1_LRP6,WNT3A - (FZD1+LRP6),WNT,Secreted Signaling,KEGG: hsa04310; PMID: 23209147
EG,FIB,WNT3,FZD7_LRP6,1.8212102140094696e-05,0.01,WNT3_FZD7_LRP6,WNT3 - (FZD7+LRP6),WNT,Secreted Signaling,KEGG: hsa04310; PMID: 23209147
EG,EG,WNT3,FZD7_LRP6,0.00011011114807483224,0.0,WNT3_FZD7_LRP6,WNT3 - (FZD7+LRP6),WNT,Secreted Signaling,KEGG: hsa04310; PMID: 23209147
EG,Keratinocyte,WNT3,FZD7_LRP6,0.00018549849136476548,0.0,WNT3_FZD7_LRP6,WNT3 - (FZD7+LRP6),WNT,Secreted Signaling,KEGG: hsa04310; PMID: 23209147
EG,Immune,WNT3,FZD7_LRP6,2.7009224242969708e-05,0.01,WNT3_FZD7_LRP6,WNT3 - (FZD7+LRP6),WNT,Secreted Signaling,KEGG: hsa04310; PMID: 23209147
Keratinocyte,ENDO,WNT3,FZD5_LRP6,2.177387764073815e-05,0.02,WNT3_FZD5_LRP6,WNT3 - (FZD5+LRP6),WNT,Secreted Signaling,KEGG: hsa04310; PMID: 23209147
Keratinocyte,Keratinocyte,WNT3,FZD5_LRP6,4.755664688388812e-05,0.0,WNT3_FZD5_LRP6,WNT3 - (FZD5+LRP6),WNT,Secreted Signaling,KEGG: hsa04310; PMID: 23209147
Immune,ENDO,WNT3,FZD5_LRP6,2.978250645466124e-05,0.0,WNT3_FZD5_LRP6,WNT3 - (FZD5+LRP6),WNT,Secreted Signaling,KEGG: hsa04310; PMID: 23209147
SM,FIB,WNT3,FZD4_LRP6,3.744163176242408e-05,0.04,WNT3_FZD4_LRP6,WNT3 - (FZD4+LRP6),WNT,Secreted Signaling,KEGG: hsa04310; PMID: 23209147
EG,Keratinocyte,WNT3,FZD4_LRP6,0.00014400463230222836,0.0,WNT3_FZD4_LRP6,WNT3 - (FZD4+LRP6),WNT,Secreted Signaling,KEGG: hsa04310; PMID: 23209147
EG,Immune,WNT3,FZD4_LRP6,2.0967574330451223e-05,0.04,WNT3_FZD4_LRP6,WNT3 - (FZD4+LRP6),WNT,Secreted Signaling,KEGG: hsa04310; PMID: 23209147
Keratinocyte,Keratinocyte,WNT3,FZD4_LRP6,4.141840224974167e-05,0.0,WNT3_FZD4_LRP6,WNT3 - (FZD4+LRP6),WNT,Secreted Signaling,KEGG: hsa04310; PMID: 23209147
SM,FIB,WNT3,FZD3_LRP6,3.744163176242408e-05,0.0,WNT3_FZD3_LRP6,WNT3 - (FZD3+LRP6),WNT,Secreted Signaling,KEGG: hsa04310; PMID: 23209147
Keratinocyte,Keratinocyte,WNT3,FZD3_LRP6,4.756305851473313e-05,0.0,WNT3_FZD3_LRP6,WNT3 - (FZD3+LRP6),WNT,Secreted Signaling,KEGG: hsa04310; PMID: 23209147
EG,EG,WNT3,FZD10_LRP6,0.0002110841465237945,0.0,WNT3_FZD10_LRP6,WNT3 - (FZD10+LRP6),WNT,Secreted Signaling,KEGG: hsa04310; PMID: 23209147
EG,Keratinocyte,WNT3,FZD10_LRP6,0.00014400463230222836,0.0,WNT3_FZD10_LRP6,WNT3 - (FZD10+LRP6),WNT,Secreted Signaling,KEGG: hsa04310; PMID: 23209147
Immune,EG,WNT3,FZD10_LRP6,6.33028331989583e-05,0.03,WNT3_FZD10_LRP6,WNT3 - (FZD10+LRP6),WNT,Secreted Signaling,KEGG: hsa04310; PMID: 23209147
EG,EG,WNT3,FZD1_LRP6,0.00014376881422448632,0.0,WNT3_FZD1_LRP6,WNT3 - (FZD1+LRP6),WNT,Secreted Signaling,KEGG: hsa04310; PMID: 23209147
EG,Immune,WNT3,FZD1_LRP6,6.33028331989583e-05,0.0,WNT3_FZD1_LRP6,WNT3 - (FZD1+LRP6),WNT,Secreted Signaling,KEGG: hsa04310; PMID: 23209147
Immune,EG,WNT3,FZD1_LRP6,3.773659349349348e-05,0.03,WNT3_FZD1_LRP6,WNT3 - (FZD1+LRP6),WNT,Secreted Signaling,KEGG: hsa04310; PMID: 23209147
EG,Keratinocyte,WNT3,FZD6_LRP6,0.00018549849136476548,0.0,WNT3_FZD6_LRP6,WNT3 - (FZD6+LRP6),WNT,Secreted Signaling,KEGG: hsa04310; PMID: 23209147
EG,Immune,WNT3,FZD6_LRP6,2.7009224242969708e-05,0.02,WNT3_FZD6_LRP6,WNT3 - (FZD6+LRP6),WNT,Secreted Signaling,KEGG: hsa04310; PMID: 23209147
Keratinocyte,Keratinocyte,WNT3,FZD6_LRP6,8.264400568460622e-05,0.0,WNT3_FZD6_LRP6,WNT3 - (FZD6+LRP6),WNT,Secreted Signaling,KEGG: hsa04310; PMID: 23209147
Keratinocyte,Immune,WNT3,FZD6_LRP6,2.9042865730304303e-05,0.02,WNT3_FZD6_LRP6,WNT3 - (FZD6+LRP6),WNT,Secreted Signaling,KEGG: hsa04310; PMID: 23209147
ENDO,Immune,WNT3A,FZD6_LRP6,4.346797753505444e-05,0.0,WNT3A_FZD6_LRP6,WNT3A - (FZD6+LRP6),WNT,Secreted Signaling,KEGG: hsa04310; PMID: 23209147
SM,SM,WNT3A,FZD6_LRP6,0.0011055036677515037,0.0,WNT3A_FZD6_LRP6,WNT3A - (FZD6+LRP6),WNT,Secreted Signaling,KEGG: hsa04310; PMID: 23209147
Keratinocyte,Immune,WNT3A,FZD6_LRP6,1.5708895407705432e-05,0.01,WNT3A_FZD6_LRP6,WNT3A - (FZD6+LRP6),WNT,Secreted Signaling,KEGG: hsa04310; PMID: 23209147
Immune,Keratinocyte,WNT3A,FZD6_LRP6,2.0951105420699337e-05,0.03,WNT3A_FZD6_LRP6,WNT3A - (FZD6+LRP6),WNT,Secreted Signaling,KEGG: hsa04310; PMID: 23209147
ENDO,Keratinocyte,WNT6,FZD4_LRP6,3.95495926903331e-05,0.0,WNT6_FZD4_LRP6,WNT6 - (FZD4+LRP6),WNT,Secreted Signaling,KEGG: hsa04310; PMID: 23209147
EG,FIB,WNT6,FZD4_LRP6,2.517088294185839e-05,0.03,WNT6_FZD4_LRP6,WNT6 - (FZD4+LRP6),WNT,Secreted Signaling,KEGG: hsa04310; PMID: 23209147
EG,EG,WNT6,FZD4_LRP6,2.8885419427713015e-05,0.0,WNT6_FZD4_LRP6,WNT6 - (FZD4+LRP6),WNT,Secreted Signaling,KEGG: hsa04310; PMID: 23209147
ENDO,Keratinocyte,WNT6,FZD10_LRP6,3.1517471001259814e-05,0.01,WNT6_FZD10_LRP6,WNT6 - (FZD10+LRP6),WNT,Secreted Signaling,KEGG: hsa04310; PMID: 23209147
EG,Immune,WNT6,FZD10_LRP6,4.371819809698632e-05,0.0,WNT6_FZD10_LRP6,WNT6 - (FZD10+LRP6),WNT,Secreted Signaling,KEGG: hsa04310; PMID: 23209147
Keratinocyte,Keratinocyte,WNT6,FZD10_LRP6,3.151495590749319e-05,0.0,WNT6_FZD10_LRP6,WNT6 - (FZD10+LRP6),WNT,Secreted Signaling,KEGG: hsa04310; PMID: 23209147
EG,FIB,WNT6,FZD1_LRP6,3.294858321742298e-05,0.0,WNT6_FZD1_LRP6,WNT6 - (FZD1+LRP6),WNT,Secreted Signaling,KEGG: hsa04310; PMID: 23209147
EG,EG,WNT6,FZD1_LRP6,7.30854006453878e-05,0.0,WNT6_FZD1_LRP6,WNT6 - (FZD1+LRP6),WNT,Secreted Signaling,KEGG: hsa04310; PMID: 23209147
EG,Immune,WNT6,FZD1_LRP6,3.2959622728181894e-05,0.0,WNT6_FZD1_LRP6,WNT6 - (FZD1+LRP6),WNT,Secreted Signaling,KEGG: hsa04310; PMID: 23209147
ENDO,Keratinocyte,WNT3A,FZD7_LRP6,1.2348675745227318e-05,0.02,WNT3A_FZD7_LRP6,WNT3A - (FZD7+LRP6),WNT,Secreted Signaling,KEGG: hsa04310; PMID: 23209147
Keratinocyte,Keratinocyte,WNT3A,FZD7_LRP6,1.909650783146903e-05,0.0,WNT3A_FZD7_LRP6,WNT3A - (FZD7+LRP6),WNT,Secreted Signaling,KEGG: hsa04310; PMID: 23209147
Immune,Keratinocyte,WNT3A,FZD7_LRP6,1.2559934327066146e-05,0.0,WNT3A_FZD7_LRP6,WNT3A - (FZD7+LRP6),WNT,Secreted Signaling,KEGG: hsa04310; PMID: 23209147
EG,FIB,WNT4,FZD8_LRP6,4.0298071672098784e-05,0.0,WNT4_FZD8_LRP6,WNT4 - (FZD8+LRP6),WNT,Secreted Signaling,KEGG: hsa04310; PMID: 23209147
EG,SM,WNT4,FZD8_LRP6,2.816927658333565e-05,0.0,WNT4_FZD8_LRP6,WNT4 - (FZD8+LRP6),WNT,Secreted Signaling,KEGG: hsa04310; PMID: 23209147
Keratinocyte,Keratinocyte,WNT4,FZD8_LRP6,4.953490001693744e-05,0.0,WNT4_FZD8_LRP6,WNT4 - (FZD8+LRP6),WNT,Secreted Signaling,KEGG: hsa04310; PMID: 23209147
Keratinocyte,Immune,WNT4,FZD8_LRP6,2.565247413231719e-05,0.02,WNT4_FZD8_LRP6,WNT4 - (FZD8+LRP6),WNT,Secreted Signaling,KEGG: hsa04310; PMID: 23209147
SM,SM,WNT4,FZD6_LRP6,0.00027547382197073674,0.0,WNT4_FZD6_LRP6,WNT4 - (FZD6+LRP6),WNT,Secreted Signaling,KEGG: hsa04310; PMID: 23209147
EG,Keratinocyte,WNT4,FZD6_LRP6,0.00011195936578686647,0.0,WNT4_FZD6_LRP6,WNT4 - (FZD6+LRP6),WNT,Secreted Signaling,KEGG: hsa04310; PMID: 23209147
ENDO,ENDO,WNT4,FZD5_LRP6,7.658713344972572e-05,0.0,WNT4_FZD5_LRP6,WNT4 - (FZD5+LRP6),WNT,Secreted Signaling,KEGG: hsa04310; PMID: 23209147
Keratinocyte,ENDO,WNT4,FZD5_LRP6,6.241345763624806e-05,0.0,WNT4_FZD5_LRP6,WNT4 - (FZD5+LRP6),WNT,Secreted Signaling,KEGG: hsa04310; PMID: 23209147
Immune,ENDO,WNT4,FZD5_LRP6,5.194923353469335e-05,0.03,WNT4_FZD5_LRP6,WNT4 - (FZD5+LRP6),WNT,Secreted Signaling,KEGG: hsa04310; PMID: 23209147
Keratinocyte,EG,WNT4,FZD4_LRP6,0.00011163120419012483,0.03,WNT4_FZD4_LRP6,WNT4 - (FZD4+LRP6),WNT,Secreted Signaling,KEGG: hsa04310; PMID: 23209147
Keratinocyte,Keratinocyte,WNT4,FZD4_LRP6,6.893010531003926e-05,0.0,WNT4_FZD4_LRP6,WNT4 - (FZD4+LRP6),WNT,Secreted Signaling,KEGG: hsa04310; PMID: 23209147
Immune,EG,WNT4,FZD4_LRP6,0.00011635907688404975,0.0,WNT4_FZD4_LRP6,WNT4 - (FZD4+LRP6),WNT,Secreted Signaling,KEGG: hsa04310; PMID: 23209147
ENDO,SM,WNT4,FZD3_LRP6,9.1544192295973e-05,0.02,WNT4_FZD3_LRP6,WNT4 - (FZD3+LRP6),WNT,Secreted Signaling,KEGG: hsa04310; PMID: 23209147
SM,SM,WNT4,FZD3_LRP6,0.0002237571349196195,0.0,WNT4_FZD3_LRP6,WNT4 - (FZD3+LRP6),WNT,Secreted Signaling,KEGG: hsa04310; PMID: 23209147
Immune,SM,WNT4,FZD3_LRP6,9.849433088509163e-05,0.0,WNT4_FZD3_LRP6,WNT4 - (FZD3+LRP6),WNT,Secreted Signaling,KEGG: hsa04310; PMID: 23209147
Keratinocyte,EG,WNT4,FZD1_LRP6,8.449707477495827e-05,0.03,WNT4_FZD1_LRP6,WNT4 - (FZD1+LRP6),WNT,Secreted Signaling,KEGG: hsa04310; PMID: 23209147
Keratinocyte,Keratinocyte,WNT4,FZD1_LRP6,8.057125568631665e-05,0.0,WNT4_FZD1_LRP6,WNT4 - (FZD1+LRP6),WNT,Secreted Signaling,KEGG: hsa04310; PMID: 23209147
Immune,EG,WNT4,FZD1_LRP6,0.00011635907688404975,0.0,WNT4_FZD1_LRP6,WNT4 - (FZD1+LRP6),WNT,Secreted Signaling,KEGG: hsa04310; PMID: 23209147
SM,EG,WNT4,FZD7_LRP6,6.162337130959826e-05,0.03,WNT4_FZD7_LRP6,WNT4 - (FZD7+LRP6),WNT,Secreted Signaling,KEGG: hsa04310; PMID: 23209147
EG,Keratinocyte,WNT4,FZD7_LRP6,0.00011195936578686647,0.0,WNT4_FZD7_LRP6,WNT4 - (FZD7+LRP6),WNT,Secreted Signaling,KEGG: hsa04310; PMID: 23209147
Keratinocyte,EG,WNT4,FZD7_LRP6,4.379588065220843e-05,0.04,WNT4_FZD7_LRP6,WNT4 - (FZD7+LRP6),WNT,Secreted Signaling,KEGG: hsa04310; PMID: 23209147
Keratinocyte,Keratinocyte,WNT4,FZD7_LRP6,6.961124125803282e-05,0.0,WNT4_FZD7_LRP6,WNT4 - (FZD7+LRP6),WNT,Secreted Signaling,KEGG: hsa04310; PMID: 23209147
ENDO,Keratinocyte,WNT6,FZD6_LRP6,3.453830458687785e-05,0.0,WNT6_FZD6_LRP6,WNT6 - (FZD6+LRP6),WNT,Secreted Signaling,KEGG: hsa04310; PMID: 23209147
Keratinocyte,Keratinocyte,WNT6,FZD6_LRP6,3.4247471419736126e-05,0.0,WNT6_FZD6_LRP6,WNT6 - (FZD6+LRP6),WNT,Secreted Signaling,KEGG: hsa04310; PMID: 23209147
ENDO,Keratinocyte,WNT2B,FZD7_LRP6,1.4257489361966256e-05,0.0,WNT2B_FZD7_LRP6,WNT2B - (FZD7+LRP6),WNT,Secreted Signaling,KEGG: hsa04310; PMID: 23209147
EG,EG,WNT2B,FZD7_LRP6,7.682483183002738e-05,0.0,WNT2B_FZD7_LRP6,WNT2B - (FZD7+LRP6),WNT,Secreted Signaling,KEGG: hsa04310; PMID: 23209147
Keratinocyte,Immune,WNT2B,FZD7_LRP6,5.6048959057614786e-06,0.03,WNT2B_FZD7_LRP6,WNT2B - (FZD7+LRP6),WNT,Secreted Signaling,KEGG: hsa04310; PMID: 23209147
ENDO,ENDO,WNT2B,FZD5_LRP6,4.478335968703639e-05,0.0,WNT2B_FZD5_LRP6,WNT2B - (FZD5+LRP6),WNT,Secreted Signaling,KEGG: hsa04310; PMID: 23209147
ENDO,Immune,WNT2B,FZD5_LRP6,2.780466874239839e-05,0.03,WNT2B_FZD5_LRP6,WNT2B - (FZD5+LRP6),WNT,Secreted Signaling,KEGG: hsa04310; PMID: 23209147
Keratinocyte,ENDO,WNT2B,FZD5_LRP6,2.997271414358516e-05,0.0,WNT2B_FZD5_LRP6,WNT2B - (FZD5+LRP6),WNT,Secreted Signaling,KEGG: hsa04310; PMID: 23209147
Immune,ENDO,WNT2B,FZD5_LRP6,2.8126367572749068e-05,0.03,WNT2B_FZD5_LRP6,WNT2B - (FZD5+LRP6),WNT,Secreted Signaling,KEGG: hsa04310; PMID: 23209147
ENDO,Immune,WNT16,FZD4_LRP6,2.0538357259614045e-05,0.0,WNT16_FZD4_LRP6,WNT16 - (FZD4+LRP6),WNT,Secreted Signaling,KEGG: hsa04310; PMID: 23209147
EG,EG,WNT16,FZD4_LRP6,0.00012605509415855283,0.0,WNT16_FZD4_LRP6,WNT16 - (FZD4+LRP6),WNT,Secreted Signaling,KEGG: hsa04310; PMID: 23209147
Immune,Keratinocyte,WNT16,FZD4_LRP6,1.3734319940045671e-05,0.04,WNT16_FZD4_LRP6,WNT16 - (FZD4+LRP6),WNT,Secreted Signaling,KEGG: hsa04310; PMID: 23209147
EG,EG,WNT16,FZD3_LRP6,7.413777395102844e-05,0.0,WNT16_FZD3_LRP6,WNT16 - (FZD3+LRP6),WNT,Secreted Signaling,KEGG: hsa04310; PMID: 23209147
Immune,ENDO,WNT16,FZD3_LRP6,3.619502087235996e-05,0.0,WNT16_FZD3_LRP6,WNT16 - (FZD3+LRP6),WNT,Secreted Signaling,KEGG: hsa04310; PMID: 23209147
Keratinocyte,Keratinocyte,WNT16,FZD10_LRP6,5.421297990341157e-05,0.0,WNT16_FZD10_LRP6,WNT16 - (FZD10+LRP6),WNT,Secreted Signaling,KEGG: hsa04310; PMID: 23209147
Keratinocyte,Immune,WNT16,FZD10_LRP6,4.0783651645532876e-05,0.0,WNT16_FZD10_LRP6,WNT16 - (FZD10+LRP6),WNT,Secreted Signaling,KEGG: hsa04310; PMID: 23209147
ENDO,Immune,WNT16,FZD1_LRP6,4.290198058416398e-05,0.0,WNT16_FZD1_LRP6,WNT16 - (FZD1+LRP6),WNT,Secreted Signaling,KEGG: hsa04310; PMID: 23209147
EG,EG,WNT16,FZD1_LRP6,0.00012183810414586242,0.0,WNT16_FZD1_LRP6,WNT16 - (FZD1+LRP6),WNT,Secreted Signaling,KEGG: hsa04310; PMID: 23209147
Keratinocyte,Immune,WNT16,FZD1_LRP6,1.8515374684842514e-05,0.0,WNT16_FZD1_LRP6,WNT16 - (FZD1+LRP6),WNT,Secreted Signaling,KEGG: hsa04310; PMID: 23209147
EG,EG,WNT16,FZD5_LRP6,0.00011149762653873805,0.0,WNT16_FZD5_LRP6,WNT16 - (FZD5+LRP6),WNT,Secreted Signaling,KEGG: hsa04310; PMID: 23209147
Keratinocyte,Immune,WNT16,FZD5_LRP6,1.4305677076933587e-05,0.03,WNT16_FZD5_LRP6,WNT16 - (FZD5+LRP6),WNT,Secreted Signaling,KEGG: hsa04310; PMID: 23209147
Immune,ENDO,WNT16,FZD5_LRP6,3.619502087235996e-05,0.0,WNT16_FZD5_LRP6,WNT16 - (FZD5+LRP6),WNT,Secreted Signaling,KEGG: hsa04310; PMID: 23209147
Immune,Keratinocyte,WNT16,FZD5_LRP6,8.983099795653736e-06,0.01,WNT16_FZD5_LRP6,WNT16 - (FZD5+LRP6),WNT,Secreted Signaling,KEGG: hsa04310; PMID: 23209147
ENDO,Keratinocyte,WNT10B,FZD7_LRP6,2.110742542263884e-05,0.0,WNT10B_FZD7_LRP6,WNT10B - (FZD7+LRP6),WNT,Secreted Signaling,KEGG: hsa04310; PMID: 23209147
Immune,Immune,WNT10B,FZD7_LRP6,2.328531761423504e-05,0.0,WNT10B_FZD7_LRP6,WNT10B - (FZD7+LRP6),WNT,Secreted Signaling,KEGG: hsa04310; PMID: 23209147
ENDO,Keratinocyte,WNT10B,FZD10_LRP6,2.110742542263884e-05,0.0,WNT10B_FZD10_LRP6,WNT10B - (FZD10+LRP6),WNT,Secreted Signaling,KEGG: hsa04310; PMID: 23209147
Keratinocyte,Keratinocyte,WNT10B,FZD10_LRP6,2.198838505828845e-05,0.0,WNT10B_FZD10_LRP6,WNT10B - (FZD10+LRP6),WNT,Secreted Signaling,KEGG: hsa04310; PMID: 23209147
SM,SM,WNT5B,FZD6,0.001055034155377657,0.0,WNT5B_FZD6,WNT5B - FZD6,ncWNT,Secreted Signaling,KEGG: hsa04310
SM,EG,WNT5B,FZD6,0.0005097021589828127,0.03,WNT5B_FZD6,WNT5B - FZD6,ncWNT,Secreted Signaling,KEGG: hsa04310
EG,Keratinocyte,WNT5B,FZD6,0.000667865731307936,0.0,WNT5B_FZD6,WNT5B - FZD6,ncWNT,Secreted Signaling,KEGG: hsa04310
ENDO,Immune,WNT10B,FZD1_LRP6,4.290198058416398e-05,0.0,WNT10B_FZD1_LRP6,WNT10B - (FZD1+LRP6),WNT,Secreted Signaling,KEGG: hsa04310; PMID: 23209147
Immune,Keratinocyte,WNT10B,FZD1_LRP6,1.0463075717683606e-05,0.03,WNT10B_FZD1_LRP6,WNT10B - (FZD1+LRP6),WNT,Secreted Signaling,KEGG: hsa04310; PMID: 23209147
Immune,Immune,WNT10B,FZD1_LRP6,1.9227086671209568e-05,0.0,WNT10B_FZD1_LRP6,WNT10B - (FZD1+LRP6),WNT,Secreted Signaling,KEGG: hsa04310; PMID: 23209147
ENDO,Keratinocyte,WNT10B,FZD6_LRP6,2.721402283471949e-05,0.0,WNT10B_FZD6_LRP6,WNT10B - (FZD6+LRP6),WNT,Secreted Signaling,KEGG: hsa04310; PMID: 23209147
Keratinocyte,Immune,WNT10B,FZD6_LRP6,5.5937499259198745e-06,0.03,WNT10B_FZD6_LRP6,WNT10B - (FZD6+LRP6),WNT,Secreted Signaling,KEGG: hsa04310; PMID: 23209147
Immune,Immune,WNT10B,FZD6_LRP6,2.5163595603766315e-05,0.0,WNT10B_FZD6_LRP6,WNT10B - (FZD6+LRP6),WNT,Secreted Signaling,KEGG: hsa04310; PMID: 23209147
EG,FIB,WNT2B,FZD6_LRP6,1.6915535247492144e-05,0.0,WNT2B_FZD6_LRP6,WNT2B - (FZD6+LRP6),WNT,Secreted Signaling,KEGG: hsa04310; PMID: 23209147
Keratinocyte,Keratinocyte,WNT2B,FZD6_LRP6,3.3508396124857896e-05,0.0,WNT2B_FZD6_LRP6,WNT2B - (FZD6+LRP6),WNT,Secreted Signaling,KEGG: hsa04310; PMID: 23209147
Keratinocyte,Immune,WNT2B,FZD6_LRP6,1.4742945902652675e-05,0.0,WNT2B_FZD6_LRP6,WNT2B - (FZD6+LRP6),WNT,Secreted Signaling,KEGG: hsa04310; PMID: 23209147
ENDO,Immune,WNT16,FZD6_LRP6,3.5497117692618925e-05,0.03,WNT16_FZD6_LRP6,WNT16 - (FZD6+LRP6),WNT,Secreted Signaling,KEGG: hsa04310; PMID: 23209147
EG,FIB,WNT16,FZD6_LRP6,3.963054251514384e-05,0.0,WNT16_FZD6_LRP6,WNT16 - (FZD6+LRP6),WNT,Secreted Signaling,KEGG: hsa04310; PMID: 23209147
EG,EG,WNT16,FZD6_LRP6,6.211882182429779e-05,0.0,WNT16_FZD6_LRP6,WNT16 - (FZD6+LRP6),WNT,Secreted Signaling,KEGG: hsa04310; PMID: 23209147
Keratinocyte,Immune,WNT16,FZD6_LRP6,2.141756307035453e-05,0.02,WNT16_FZD6_LRP6,WNT16 - (FZD6+LRP6),WNT,Secreted Signaling,KEGG: hsa04310; PMID: 23209147
ENDO,Keratinocyte,WNT2B,FZD4_LRP6,2.261688351023175e-05,0.0,WNT2B_FZD4_LRP6,WNT2B - (FZD4+LRP6),WNT,Secreted Signaling,KEGG: hsa04310; PMID: 23209147
Keratinocyte,Keratinocyte,WNT2B,FZD4_LRP6,3.0385419944276166e-05,0.0,WNT2B_FZD4_LRP6,WNT2B - (FZD4+LRP6),WNT,Secreted Signaling,KEGG: hsa04310; PMID: 23209147
ENDO,ENDO,WNT2B,FZD3_LRP6,4.478335968703639e-05,0.0,WNT2B_FZD3_LRP6,WNT2B - (FZD3+LRP6),WNT,Secreted Signaling,KEGG: hsa04310; PMID: 23209147
ENDO,Immune,WNT2B,FZD3_LRP6,3.420532931224518e-05,0.0,WNT2B_FZD3_LRP6,WNT2B - (FZD3+LRP6),WNT,Secreted Signaling,KEGG: hsa04310; PMID: 23209147
Keratinocyte,ENDO,WNT2B,FZD3_LRP6,2.997271414358516e-05,0.02,WNT2B_FZD3_LRP6,WNT2B - (FZD3+LRP6),WNT,Secreted Signaling,KEGG: hsa04310; PMID: 23209147
Keratinocyte,Keratinocyte,WNT2B,FZD10_LRP6,3.196987705294537e-05,0.0,WNT2B_FZD10_LRP6,WNT2B - (FZD10+LRP6),WNT,Secreted Signaling,KEGG: hsa04310; PMID: 23209147
Keratinocyte,Immune,WNT2B,FZD10_LRP6,3.0858697078087623e-05,0.0,WNT2B_FZD10_LRP6,WNT2B - (FZD10+LRP6),WNT,Secreted Signaling,KEGG: hsa04310; PMID: 23209147
ENDO,Immune,WNT2B,FZD1_LRP6,2.1584196956291766e-05,0.03,WNT2B_FZD1_LRP6,WNT2B - (FZD1+LRP6),WNT,Secreted Signaling,KEGG: hsa04310; PMID: 23209147
EG,SM,WNT2B,FZD1_LRP6,0.00012638291317037224,0.0,WNT2B_FZD1_LRP6,WNT2B - (FZD1+LRP6),WNT,Secreted Signaling,KEGG: hsa04310; PMID: 23209147
EG,EG,WNT2B,FZD1_LRP6,6.492618104434677e-05,0.0,WNT2B_FZD1_LRP6,WNT2B - (FZD1+LRP6),WNT,Secreted Signaling,KEGG: hsa04310; PMID: 23209147
Keratinocyte,Immune,WNT2B,FZD1_LRP6,1.479136943830828e-05,0.02,WNT2B_FZD1_LRP6,WNT2B - (FZD1+LRP6),WNT,Secreted Signaling,KEGG: hsa04310; PMID: 23209147
ENDO,Immune,WNT16,FZD7_LRP6,4.561113271979054e-05,0.0,WNT16_FZD7_LRP6,WNT16 - (FZD7+LRP6),WNT,Secreted Signaling,KEGG: hsa04310; PMID: 23209147
EG,EG,WNT16,FZD7_LRP6,5.358338843837503e-05,0.0,WNT16_FZD7_LRP6,WNT16 - (FZD7+LRP6),WNT,Secreted Signaling,KEGG: hsa04310; PMID: 23209147
ENDO,Keratinocyte,WNT6,FZD7_LRP6,3.5797516586775773e-05,0.0,WNT6_FZD7_LRP6,WNT6 - (FZD7+LRP6),WNT,Secreted Signaling,KEGG: hsa04310; PMID: 23209147
ENDO,Immune,WNT6,FZD7_LRP6,1.9533822002002965e-05,0.03,WNT6_FZD7_LRP6,WNT6 - (FZD7+LRP6),WNT,Secreted Signaling,KEGG: hsa04310; PMID: 23209147
EG,EG,WNT6,FZD7_LRP6,3.366318996039042e-05,0.0,WNT6_FZD7_LRP6,WNT6 - (FZD7+LRP6),WNT,Secreted Signaling,KEGG: hsa04310; PMID: 23209147
ENDO,ENDO,WNT4,FZD10_LRP6,0.0006221350647103924,0.0,WNT4_FZD10_LRP6,WNT4 - (FZD10+LRP6),WNT,Secreted Signaling,KEGG: hsa04310; PMID: 23209147
EG,Keratinocyte,WNT4,FZD10_LRP6,8.690082775215425e-05,0.0,WNT4_FZD10_LRP6,WNT4 - (FZD10+LRP6),WNT,Secreted Signaling,KEGG: hsa04310; PMID: 23209147
Keratinocyte,Immune,WNT4,FZD10_LRP6,5.5809851559600965e-05,0.02,WNT4_FZD10_LRP6,WNT4 - (FZD10+LRP6),WNT,Secreted Signaling,KEGG: hsa04310; PMID: 23209147
SM,SM,WNT5B,FZD4,0.0011762227512993099,0.0,WNT5B_FZD4,WNT5B - FZD4,ncWNT,Secreted Signaling,KEGG: hsa04310
SM,EG,WNT5B,FZD4,0.0005814793048897869,0.0,WNT5B_FZD4,WNT5B - FZD4,ncWNT,Secreted Signaling,KEGG: hsa04310
EG,ENDO,WNT5B,FZD4,0.000572059672198863,0.04,WNT5B_FZD4,WNT5B - FZD4,ncWNT,Secreted Signaling,KEGG: hsa04310
ENDO,FIB,WNT5B,FZD2,0.0003253203232170586,0.04,WNT5B_FZD2,WNT5B - FZD2,ncWNT,Secreted Signaling,KEGG: hsa04310
SM,SM,WNT5B,FZD2,0.0017266015847108452,0.0,WNT5B_FZD2,WNT5B - FZD2,ncWNT,Secreted Signaling,KEGG: hsa04310
EG,FIB,WNT5B,FZD2,0.0005716633469217851,0.0,WNT5B_FZD2,WNT5B - FZD2,ncWNT,Secreted Signaling,KEGG: hsa04310
SM,ENDO,WNT5B,FZD10,0.0008196972640741926,0.0,WNT5B_FZD10,WNT5B - FZD10,ncWNT,Secreted Signaling,KEGG: hsa04310
SM,Immune,WNT5B,FZD10,0.0006781139220004421,0.02,WNT5B_FZD10,WNT5B - FZD10,ncWNT,Secreted Signaling,KEGG: hsa04310
EG,EG,WNT5B,FZD10,0.0011927837823885342,0.0,WNT5B_FZD10,WNT5B - FZD10,ncWNT,Secreted Signaling,KEGG: hsa04310
SM,EG,WNT5B,FZD1,0.0009929776102372003,0.0,WNT5B_FZD1,WNT5B - FZD1,ncWNT,Secreted Signaling,KEGG: hsa04310
EG,EG,WNT5B,FZD1,0.0016095699024648276,0.0,WNT5B_FZD1,WNT5B - FZD1,ncWNT,Secreted Signaling,KEGG: hsa04310
SM,SM,WNT5A,MCAM,0.0017456380163418787,0.0,WNT5A_MCAM,WNT5A - MCAM,ncWNT,Secreted Signaling,PMID: 24335906
EG,ENDO,WNT5A,MCAM,0.000765724448004624,0.02,WNT5A_MCAM,WNT5A - MCAM,ncWNT,Secreted Signaling,PMID: 24335906
EG,SM,WNT5A,MCAM,0.0010093608630209932,0.0,WNT5A_MCAM,WNT5A - MCAM,ncWNT,Secreted Signaling,PMID: 24335906
EG,EG,WNT5A,FZD9,0.0008729584873037156,0.0,WNT5A_FZD9,WNT5A - FZD9,ncWNT,Secreted Signaling,KEGG: hsa04310
Keratinocyte,ENDO,WNT5A,FZD9,9.304703200843578e-05,0.04,WNT5A_FZD9,WNT5A - FZD9,ncWNT,Secreted Signaling,KEGG: hsa04310
Keratinocyte,Immune,WNT5A,FZD9,0.00023321481879500557,0.0,WNT5A_FZD9,WNT5A - FZD9,ncWNT,Secreted Signaling,KEGG: hsa04310
FIB,EG,WNT5A,FZD8,0.0006455245398362127,0.0,WNT5A_FZD8,WNT5A - FZD8,ncWNT,Secreted Signaling,KEGG: hsa04310
EG,EG,WNT5A,FZD8,0.0010143846021094492,0.0,WNT5A_FZD8,WNT5A - FZD8,ncWNT,Secreted Signaling,KEGG: hsa04310
Immune,EG,WNT5A,FZD8,0.0008318099271872003,0.0,WNT5A_FZD8,WNT5A - FZD8,ncWNT,Secreted Signaling,KEGG: hsa04310
FIB,EG,WNT5A,FZD7,0.0007251068497522262,0.0,WNT5A_FZD7,WNT5A - FZD7,ncWNT,Secreted Signaling,KEGG: hsa04310
EG,EG,WNT5A,FZD7,0.0008237844084729469,0.0,WNT5A_FZD7,WNT5A - FZD7,ncWNT,Secreted Signaling,KEGG: hsa04310
Keratinocyte,EG,WNT5A,FZD7,0.0006696912571050163,0.01,WNT5A_FZD7,WNT5A - FZD7,ncWNT,Secreted Signaling,KEGG: hsa04310
FIB,EG,WNT5A,FZD6,0.0008628803454483837,0.0,WNT5A_FZD6,WNT5A - FZD6,ncWNT,Secreted Signaling,KEGG: hsa04310
SM,SM,WNT5A,FZD6,0.001546531849119517,0.0,WNT5A_FZD6,WNT5A - FZD6,ncWNT,Secreted Signaling,KEGG: hsa04310
Keratinocyte,EG,WNT5A,FZD6,0.0006143969634683587,0.04,WNT5A_FZD6,WNT5A - FZD6,ncWNT,Secreted Signaling,KEGG: hsa04310
Immune,EG,WNT5A,FZD6,0.0007675076107525756,0.04,WNT5A_FZD6,WNT5A - FZD6,ncWNT,Secreted Signaling,KEGG: hsa04310
ENDO,ENDO,WNT5A,FZD5,0.0004458979181527073,0.0,WNT5A_FZD5,WNT5A - FZD5,ncWNT,Secreted Signaling,KEGG: hsa04310
EG,ENDO,WNT5A,FZD5,0.00043212874628134124,0.0,WNT5A_FZD5,WNT5A - FZD5,ncWNT,Secreted Signaling,KEGG: hsa04310
EG,Immune,WNT5A,FZD5,0.0003535121026425268,0.03,WNT5A_FZD5,WNT5A - FZD5,ncWNT,Secreted Signaling,KEGG: hsa04310
Immune,ENDO,WNT5A,FZD5,0.000430792833727638,0.04,WNT5A_FZD5,WNT5A - FZD5,ncWNT,Secreted Signaling,KEGG: hsa04310
SM,SM,WNT5A,FZD4,0.0009349828259229522,0.0,WNT5A_FZD4,WNT5A - FZD4,ncWNT,Secreted Signaling,KEGG: hsa04310
EG,ENDO,WNT5A,FZD4,0.0008854242437337137,0.0,WNT5A_FZD4,WNT5A - FZD4,ncWNT,Secreted Signaling,KEGG: hsa04310
Keratinocyte,EG,WNT5A,FZD4,0.0006565989418220107,0.0,WNT5A_FZD4,WNT5A - FZD4,ncWNT,Secreted Signaling,KEGG: hsa04310
SM,SM,WNT5A,FZD3,0.0018201555230711107,0.0,WNT5A_FZD3,WNT5A - FZD3,ncWNT,Secreted Signaling,KEGG: hsa04310
EG,ENDO,WNT5A,FZD3,0.0016140289470225892,0.0,WNT5A_FZD3,WNT5A - FZD3,ncWNT,Secreted Signaling,KEGG: hsa04310
EG,SM,WNT5A,FZD3,0.0005912278456822645,0.01,WNT5A_FZD3,WNT5A - FZD3,ncWNT,Secreted Signaling,KEGG: hsa04310
SM,SM,WNT5A,FZD2,0.0014805706399494444,0.0,WNT5A_FZD2,WNT5A - FZD2,ncWNT,Secreted Signaling,KEGG: hsa04310
Keratinocyte,SM,WNT5A,FZD2,0.002086223985535105,0.0,WNT5A_FZD2,WNT5A - FZD2,ncWNT,Secreted Signaling,KEGG: hsa04310
SM,SM,WNT5A,FZD10,0.0010673517068895528,0.0,WNT5A_FZD10,WNT5A - FZD10,ncWNT,Secreted Signaling,KEGG: hsa04310
EG,ENDO,WNT5A,FZD10,0.0022548686882415303,0.0,WNT5A_FZD10,WNT5A - FZD10,ncWNT,Secreted Signaling,KEGG: hsa04310
EG,SM,WNT5A,FZD10,0.0005912278456822645,0.04,WNT5A_FZD10,WNT5A - FZD10,ncWNT,Secreted Signaling,KEGG: hsa04310
Keratinocyte,EG,WNT5A,FZD10,0.0005966938990207176,0.0,WNT5A_FZD10,WNT5A - FZD10,ncWNT,Secreted Signaling,KEGG: hsa04310
FIB,EG,WNT5A,FZD1,0.0008554985210506332,0.0,WNT5A_FZD1,WNT5A - FZD1,ncWNT,Secreted Signaling,KEGG: hsa04310
EG,SM,WNT5A,FZD1,0.0007743659690251483,0.02,WNT5A_FZD1,WNT5A - FZD1,ncWNT,Secreted Signaling,KEGG: hsa04310
EG,EG,WNT5A,FZD1,0.0013395202200769242,0.0,WNT5A_FZD1,WNT5A - FZD1,ncWNT,Secreted Signaling,KEGG: hsa04310
ENDO,Immune,WNT7B,FZD5_LRP6,3.9695403522131527e-05,0.03,WNT7B_FZD5_LRP6,WNT7B - (FZD5+LRP6),WNT,Secreted Signaling,KEGG: hsa04310; PMID: 23209147
SM,EG,WNT7B,FZD5_LRP6,0.00010742601127606405,0.0,WNT7B_FZD5_LRP6,WNT7B - (FZD5+LRP6),WNT,Secreted Signaling,KEGG: hsa04310; PMID: 23209147
EG,EG,WNT7B,FZD5_LRP6,5.2264102197529546e-05,0.0,WNT7B_FZD5_LRP6,WNT7B - (FZD5+LRP6),WNT,Secreted Signaling,KEGG: hsa04310; PMID: 23209147
SM,FIB,WNT7B,FZD4_LRP6,0.00021431113095088535,0.0,WNT7B_FZD4_LRP6,WNT7B - (FZD4+LRP6),WNT,Secreted Signaling,KEGG: hsa04310; PMID: 23209147
SM,SM,WNT7B,FZD4_LRP6,0.00014980839708076627,0.0,WNT7B_FZD4_LRP6,WNT7B - (FZD4+LRP6),WNT,Secreted Signaling,KEGG: hsa04310; PMID: 23209147
SM,EG,WNT7B,FZD4_LRP6,0.00010742601127606405,0.03,WNT7B_FZD4_LRP6,WNT7B - (FZD4+LRP6),WNT,Secreted Signaling,KEGG: hsa04310; PMID: 23209147
ENDO,SM,WNT7B,FZD3_LRP6,5.4312220896021273e-05,0.02,WNT7B_FZD3_LRP6,WNT7B - (FZD3+LRP6),WNT,Secreted Signaling,KEGG: hsa04310; PMID: 23209147
SM,SM,WNT7B,FZD3_LRP6,5.837906017546279e-05,0.0,WNT7B_FZD3_LRP6,WNT7B - (FZD3+LRP6),WNT,Secreted Signaling,KEGG: hsa04310; PMID: 23209147
Immune,SM,WNT7B,FZD3_LRP6,8.610140853805752e-05,0.0,WNT7B_FZD3_LRP6,WNT7B - (FZD3+LRP6),WNT,Secreted Signaling,KEGG: hsa04310; PMID: 23209147
ENDO,Immune,WNT7B,FZD10_LRP6,2.3698635435675536e-05,0.0,WNT7B_FZD10_LRP6,WNT7B - (FZD10+LRP6),WNT,Secreted Signaling,KEGG: hsa04310; PMID: 23209147
EG,Keratinocyte,WNT7B,FZD10_LRP6,7.68022661832308e-05,0.0,WNT7B_FZD10_LRP6,WNT7B - (FZD10+LRP6),WNT,Secreted Signaling,KEGG: hsa04310; PMID: 23209147
Keratinocyte,Keratinocyte,WNT7B,FZD10_LRP6,3.7100728794285385e-05,0.0,WNT7B_FZD10_LRP6,WNT7B - (FZD10+LRP6),WNT,Secreted Signaling,KEGG: hsa04310; PMID: 23209147
FIB,EG,WNT7B,FZD1_LRP6,5.131809983848839e-05,0.02,WNT7B_FZD1_LRP6,WNT7B - (FZD1+LRP6),WNT,Secreted Signaling,KEGG: hsa04310; PMID: 23209147
ENDO,EG,WNT7B,FZD1_LRP6,4.65463476200544e-05,0.04,WNT7B_FZD1_LRP6,WNT7B - (FZD1+LRP6),WNT,Secreted Signaling,KEGG: hsa04310; PMID: 23209147
SM,EG,WNT7B,FZD1_LRP6,9.543451910569388e-05,0.0,WNT7B_FZD1_LRP6,WNT7B - (FZD1+LRP6),WNT,Secreted Signaling,KEGG: hsa04310; PMID: 23209147
EG,EG,WNT7B,FZD1_LRP6,9.642732659615884e-05,0.0,WNT7B_FZD1_LRP6,WNT7B - (FZD1+LRP6),WNT,Secreted Signaling,KEGG: hsa04310; PMID: 23209147
ENDO,ENDO,WNT7A,FZD7_LRP6,0.0001869596418985873,0.0,WNT7A_FZD7_LRP6,WNT7A - (FZD7+LRP6),WNT,Secreted Signaling,KEGG: hsa04310; PMID: 23209147
ENDO,SM,WNT7A,FZD7_LRP6,4.781416986257476e-05,0.0,WNT7A_FZD7_LRP6,WNT7A - (FZD7+LRP6),WNT,Secreted Signaling,KEGG: hsa04310; PMID: 23209147
SM,SM,WNT7B,FZD6_LRP6,0.00023322892342555093,0.0,WNT7B_FZD6_LRP6,WNT7B - (FZD6+LRP6),WNT,Secreted Signaling,KEGG: hsa04310; PMID: 23209147
EG,FIB,WNT7B,FZD6_LRP6,4.570157098528621e-05,0.01,WNT7B_FZD6_LRP6,WNT7B - (FZD6+LRP6),WNT,Secreted Signaling,KEGG: hsa04310; PMID: 23209147
EG,Keratinocyte,WNT7B,FZD6_LRP6,9.918073697512094e-05,0.0,WNT7B_FZD6_LRP6,WNT7B - (FZD6+LRP6),WNT,Secreted Signaling,KEGG: hsa04310; PMID: 23209147
SM,EG,WNT7B,FZD7_LRP6,0.0001363288330530058,0.0,WNT7B_FZD7_LRP6,WNT7B - (FZD7+LRP6),WNT,Secreted Signaling,KEGG: hsa04310; PMID: 23209147
EG,FIB,WNT7B,FZD7_LRP6,4.570157098528621e-05,0.04,WNT7B_FZD7_LRP6,WNT7B - (FZD7+LRP6),WNT,Secreted Signaling,KEGG: hsa04310; PMID: 23209147
EG,EG,WNT7B,FZD7_LRP6,0.00010183726426567626,0.0,WNT7B_FZD7_LRP6,WNT7B - (FZD7+LRP6),WNT,Secreted Signaling,KEGG: hsa04310; PMID: 23209147
ENDO,FIB,WNT7B,FZD8_LRP6,1.8929578797276594e-05,0.01,WNT7B_FZD8_LRP6,WNT7B - (FZD8+LRP6),WNT,Secreted Signaling,KEGG: hsa04310; PMID: 23209147
SM,FIB,WNT7B,FZD8_LRP6,0.00021431113095088535,0.0,WNT7B_FZD8_LRP6,WNT7B - (FZD8+LRP6),WNT,Secreted Signaling,KEGG: hsa04310; PMID: 23209147
SM,SM,WNT7B,FZD8_LRP6,0.00014980839708076627,0.0,WNT7B_FZD8_LRP6,WNT7B - (FZD8+LRP6),WNT,Secreted Signaling,KEGG: hsa04310; PMID: 23209147
FIB,EG,TNXB,SDC1,0.0019447514651784316,0.03,TNXB_SDC1,TNXB - SDC1,TENASCIN,ECM-Receptor,KEGG: hsa04512
SM,EG,TNXB,SDC1,0.0016130913552428068,0.02,TNXB_SDC1,TNXB - SDC1,TENASCIN,ECM-Receptor,KEGG: hsa04512
EG,FIB,TNXB,SDC1,0.0020782334106926896,0.0,TNXB_SDC1,TNXB - SDC1,TENASCIN,ECM-Receptor,KEGG: hsa04512
EG,EG,TNXB,SDC1,0.004473217929083108,0.0,TNXB_SDC1,TNXB - SDC1,TENASCIN,ECM-Receptor,KEGG: hsa04512
FIB,EG,COL9A2,SDC1,0.0010093708202156958,0.0,COL9A2_SDC1,COL9A2 - SDC1,COLLAGEN,ECM-Receptor,KEGG: hsa04512
EG,EG,COL9A2,SDC1,0.002209752186834084,0.0,COL9A2_SDC1,COL9A2 - SDC1,COLLAGEN,ECM-Receptor,KEGG: hsa04512
Immune,Keratinocyte,COL9A2,SDC1,0.0009686296595627422,0.0,COL9A2_SDC1,COL9A2 - SDC1,COLLAGEN,ECM-Receptor,KEGG: hsa04512
FIB,EG,THBS1,SDC1,0.0013080890007618508,0.03,THBS1_SDC1,THBS1 - SDC1,THBS,ECM-Receptor,KEGG: hsa04512
SM,EG,THBS1,SDC1,0.0011220703737265033,0.02,THBS1_SDC1,THBS1 - SDC1,THBS,ECM-Receptor,KEGG: hsa04512
EG,FIB,THBS1,SDC1,0.0014044596678384062,0.0,THBS1_SDC1,THBS1 - SDC1,THBS,ECM-Receptor,KEGG: hsa04512
EG,EG,THBS1,SDC1,0.0030381030945008866,0.0,THBS1_SDC1,THBS1 - SDC1,THBS,ECM-Receptor,KEGG: hsa04512
FIB,EG,TNC,SDC1,0.002470627669650758,0.0,TNC_SDC1,TNC - SDC1,TENASCIN,ECM-Receptor,KEGG: hsa04512
EG,FIB,TNC,SDC1,0.0017086506086990947,0.03,TNC_SDC1,TNC - SDC1,TENASCIN,ECM-Receptor,KEGG: hsa04512
EG,EG,TNC,SDC1,0.003539681091425941,0.0,TNC_SDC1,TNC - SDC1,TENASCIN,ECM-Receptor,KEGG: hsa04512
FIB,Keratinocyte,FN1,SDC1,0.0020409166554488213,0.0,FN1_SDC1,FN1 - SDC1,FN1,ECM-Receptor,KEGG: hsa04512
SM,EG,FN1,SDC1,0.0019710438163301927,0.02,FN1_SDC1,FN1 - SDC1,FN1,ECM-Receptor,KEGG: hsa04512
EG,EG,FN1,SDC1,0.004259559175756569,0.0,FN1_SDC1,FN1 - SDC1,FN1,ECM-Receptor,KEGG: hsa04512
ENDO,EG,COL9A3,SDC1,0.0008536651695640552,0.02,COL9A3_SDC1,COL9A3 - SDC1,COLLAGEN,ECM-Receptor,KEGG: hsa04512
SM,EG,COL9A3,SDC1,0.0008588697919178292,0.0,COL9A3_SDC1,COL9A3 - SDC1,COLLAGEN,ECM-Receptor,KEGG: hsa04512
EG,EG,COL9A3,SDC1,0.001644552745876995,0.0,COL9A3_SDC1,COL9A3 - SDC1,COLLAGEN,ECM-Receptor,KEGG: hsa04512
Immune,EG,COL9A3,SDC1,0.0008478218673528856,0.02,COL9A3_SDC1,COL9A3 - SDC1,COLLAGEN,ECM-Receptor,KEGG: hsa04512
SM,FIB,TNN,SDC1,0.0008870142922256837,0.02,TNN_SDC1,TNN - SDC1,TENASCIN,ECM-Receptor,KEGG: hsa04512
SM,SM,TNN,SDC1,0.0012075057051594519,0.0,TNN_SDC1,TNN - SDC1,TENASCIN,ECM-Receptor,KEGG: hsa04512
SM,EG,TNN,SDC1,0.0016745984112956007,0.0,TNN_SDC1,TNN - SDC1,TENASCIN,ECM-Receptor,KEGG: hsa04512
Immune,EG,TNN,SDC1,0.0007384309814906919,0.03,TNN_SDC1,TNN - SDC1,TENASCIN,ECM-Receptor,KEGG: hsa04512
FIB,EG,COL6A1,SDC1,0.003026117830874523,0.0,COL6A1_SDC1,COL6A1 - SDC1,COLLAGEN,ECM-Receptor,KEGG: hsa04512
FIB,Keratinocyte,COL6A1,SDC1,0.0029636450423950354,0.03,COL6A1_SDC1,COL6A1 - SDC1,COLLAGEN,ECM-Receptor,KEGG: hsa04512
EG,EG,COL6A1,SDC1,0.0061063114614667065,0.0,COL6A1_SDC1,COL6A1 - SDC1,COLLAGEN,ECM-Receptor,KEGG: hsa04512
Immune,Keratinocyte,COL6A1,SDC1,0.002914167749602009,0.01,COL6A1_SDC1,COL6A1 - SDC1,COLLAGEN,ECM-Receptor,KEGG: hsa04512
FIB,EG,COL6A6,SDC1,0.0010571091133684367,0.02,COL6A6_SDC1,COL6A6 - SDC1,COLLAGEN,ECM-Receptor,KEGG: hsa04512
ENDO,ENDO,COL6A6,SDC1,0.0009483088103271357,0.0,COL6A6_SDC1,COL6A6 - SDC1,COLLAGEN,ECM-Receptor,KEGG: hsa04512
SM,EG,COL6A6,SDC1,0.0010921830244991569,0.0,COL6A6_SDC1,COL6A6 - SDC1,COLLAGEN,ECM-Receptor,KEGG: hsa04512
Immune,Keratinocyte,COL6A6,SDC1,0.0008366721807030594,0.02,COL6A6_SDC1,COL6A6 - SDC1,COLLAGEN,ECM-Receptor,KEGG: hsa04512
FIB,SM,COL6A5,SDC1,0.0005202740115705858,0.04,COL6A5_SDC1,COL6A5 - SDC1,COLLAGEN,ECM-Receptor,KEGG: hsa04512
EG,EG,COL6A5,SDC1,0.003170005580315925,0.0,COL6A5_SDC1,COL6A5 - SDC1,COLLAGEN,ECM-Receptor,KEGG: hsa04512
Immune,Keratinocyte,COL6A5,SDC1,0.0006254111707763844,0.0,COL6A5_SDC1,COL6A5 - SDC1,COLLAGEN,ECM-Receptor,KEGG: hsa04512
FIB,EG,COL6A3,SDC1,0.0018700011601828115,0.0,COL6A3_SDC1,COL6A3 - SDC1,COLLAGEN,ECM-Receptor,KEGG: hsa04512
FIB,Keratinocyte,COL6A3,SDC1,0.0018126310108821807,0.03,COL6A3_SDC1,COL6A3 - SDC1,COLLAGEN,ECM-Receptor,KEGG: hsa04512
EG,EG,COL6A3,SDC1,0.0038845975554821876,0.0,COL6A3_SDC1,COL6A3 - SDC1,COLLAGEN,ECM-Receptor,KEGG: hsa04512
Immune,Keratinocyte,COL6A3,SDC1,0.0016425516865697918,0.01,COL6A3_SDC1,COL6A3 - SDC1,COLLAGEN,ECM-Receptor,KEGG: hsa04512
FIB,EG,COL6A2,SDC1,0.002942704454433567,0.04,COL6A2_SDC1,COL6A2 - SDC1,COLLAGEN,ECM-Receptor,KEGG: hsa04512
EG,EG,COL6A2,SDC1,0.006546201245943995,0.0,COL6A2_SDC1,COL6A2 - SDC1,COLLAGEN,ECM-Receptor,KEGG: hsa04512
Immune,Keratinocyte,COL6A2,SDC1,0.003228824324534098,0.0,COL6A2_SDC1,COL6A2 - SDC1,COLLAGEN,ECM-Receptor,KEGG: hsa04512
FIB,ENDO,COL4A6,SDC1,0.001009838053039402,0.03,COL4A6_SDC1,COL4A6 - SDC1,COLLAGEN,ECM-Receptor,KEGG: hsa04512
SM,SM,COL4A6,SDC1,0.0017901854318315114,0.0,COL4A6_SDC1,COL4A6 - SDC1,COLLAGEN,ECM-Receptor,KEGG: hsa04512
SM,EG,COL4A6,SDC1,0.0011722380016983877,0.0,COL4A6_SDC1,COL4A6 - SDC1,COLLAGEN,ECM-Receptor,KEGG: hsa04512
SM,EG,COL4A5,SDC1,0.0009933247422042762,0.0,COL4A5_SDC1,COL4A5 - SDC1,COLLAGEN,ECM-Receptor,KEGG: hsa04512
EG,EG,COL4A5,SDC1,0.0014874082991844432,0.0,COL4A5_SDC1,COL4A5 - SDC1,COLLAGEN,ECM-Receptor,KEGG: hsa04512
FIB,EG,THBS2,SDC1,0.002679710595030066,0.0,THBS2_SDC1,THBS2 - SDC1,THBS,ECM-Receptor,KEGG: hsa04512
ENDO,EG,THBS2,SDC1,0.0014734081819489167,0.03,THBS2_SDC1,THBS2 - SDC1,THBS,ECM-Receptor,KEGG: hsa04512
EG,FIB,THBS2,SDC1,0.0021464269976067146,0.03,THBS2_SDC1,THBS2 - SDC1,THBS,ECM-Receptor,KEGG: hsa04512
Keratinocyte,Keratinocyte,THBS2,SDC1,0.004163847993457228,0.0,THBS2_SDC1,THBS2 - SDC1,THBS,ECM-Receptor,KEGG: hsa04512
FIB,EG,THBS3,SDC1,0.0012741609042163917,0.02,THBS3_SDC1,THBS3 - SDC1,THBS,ECM-Receptor,KEGG: hsa04512
SM,EG,THBS3,SDC1,0.0016427683226930758,0.0,THBS3_SDC1,THBS3 - SDC1,THBS,ECM-Receptor,KEGG: hsa04512
EG,EG,THBS3,SDC1,0.0023155828688416363,0.0,THBS3_SDC1,THBS3 - SDC1,THBS,ECM-Receptor,KEGG: hsa04512
Immune,Keratinocyte,THBS3,SDC1,0.0010064989904359915,0.02,THBS3_SDC1,THBS3 - SDC1,THBS,ECM-Receptor,KEGG: hsa04512
ENDO,ENDO,COL6A6,SDC4,0.0008664104707379547,0.0,COL6A6_SDC4,COL6A6 - SDC4,COLLAGEN,ECM-Receptor,KEGG: hsa04512
ENDO,SM,COL6A6,SDC4,0.0008758715750199021,0.03,COL6A6_SDC4,COL6A6 - SDC4,COLLAGEN,ECM-Receptor,KEGG: hsa04512
SM,FIB,COL6A6,SDC4,0.0008656850184440977,0.04,COL6A6_SDC4,COL6A6 - SDC4,COLLAGEN,ECM-Receptor,KEGG: hsa04512
SM,EG,COL6A6,SDC4,0.001073932149905682,0.0,COL6A6_SDC4,COL6A6 - SDC4,COLLAGEN,ECM-Receptor,KEGG: hsa04512
FIB,EG,COMP,SDC1,0.0021005334982623735,0.04,COMP_SDC1,COMP - SDC1,THBS,ECM-Receptor,KEGG: hsa04512
Keratinocyte,Keratinocyte,COMP,SDC1,0.004239452214109837,0.0,COMP_SDC1,COMP - SDC1,THBS,ECM-Receptor,KEGG: hsa04512
Immune,Keratinocyte,COMP,SDC1,0.0027441655542269315,0.0,COMP_SDC1,COMP - SDC1,THBS,ECM-Receptor,KEGG: hsa04512
FIB,EG,COL9A2,SDC4,0.000673302545843273,0.0,COL9A2_SDC4,COL9A2 - SDC4,COLLAGEN,ECM-Receptor,KEGG: hsa04512
SM,EG,COL9A2,SDC4,0.0006524332086602614,0.0,COL9A2_SDC4,COL9A2 - SDC4,COLLAGEN,ECM-Receptor,KEGG: hsa04512
EG,EG,COL9A2,SDC4,0.0018357943934517301,0.0,COL9A2_SDC4,COL9A2 - SDC4,COLLAGEN,ECM-Receptor,KEGG: hsa04512
FIB,EG,COL9A3,SDC4,0.0006706271348785944,0.02,COL9A3_SDC4,COL9A3 - SDC4,COLLAGEN,ECM-Receptor,KEGG: hsa04512
SM,EG,COL9A3,SDC4,0.0008565264860472167,0.03,COL9A3_SDC4,COL9A3 - SDC4,COLLAGEN,ECM-Receptor,KEGG: hsa04512
EG,EG,COL9A3,SDC4,0.0015793230441193983,0.0,COL9A3_SDC4,COL9A3 - SDC4,COLLAGEN,ECM-Receptor,KEGG: hsa04512
Immune,EG,COL9A3,SDC4,0.0009461271925020536,0.0,COL9A3_SDC4,COL9A3 - SDC4,COLLAGEN,ECM-Receptor,KEGG: hsa04512
EG,EG,COL6A5,SDC4,0.0030874212473720576,0.0,COL6A5_SDC4,COL6A5 - SDC4,COLLAGEN,ECM-Receptor,KEGG: hsa04512
EG,Immune,COL6A5,SDC4,0.0005500824591811742,0.0,COL6A5_SDC4,COL6A5 - SDC4,COLLAGEN,ECM-Receptor,KEGG: hsa04512
FIB,EG,COL6A3,SDC4,0.0016875306651173362,0.0,COL6A3_SDC4,COL6A3 - SDC4,COLLAGEN,ECM-Receptor,KEGG: hsa04512
SM,EG,COL6A3,SDC4,0.001573008809320821,0.0,COL6A3_SDC4,COL6A3 - SDC4,COLLAGEN,ECM-Receptor,KEGG: hsa04512
EG,EG,COL6A3,SDC4,0.003595078664934402,0.0,COL6A3_SDC4,COL6A3 - SDC4,COLLAGEN,ECM-Receptor,KEGG: hsa04512
FIB,EG,COL6A2,SDC4,0.0029064172369166483,0.0,COL6A2_SDC4,COL6A2 - SDC4,COLLAGEN,ECM-Receptor,KEGG: hsa04512
SM,EG,COL6A2,SDC4,0.0025470636263256368,0.0,COL6A2_SDC4,COL6A2 - SDC4,COLLAGEN,ECM-Receptor,KEGG: hsa04512
EG,EG,COL6A2,SDC4,0.006512057552877027,0.0,COL6A2_SDC4,COL6A2 - SDC4,COLLAGEN,ECM-Receptor,KEGG: hsa04512
FIB,EG,COL6A1,SDC4,0.0024932726311082632,0.0,COL6A1_SDC4,COL6A1 - SDC4,COLLAGEN,ECM-Receptor,KEGG: hsa04512
SM,EG,COL6A1,SDC4,0.002093040880594974,0.0,COL6A1_SDC4,COL6A1 - SDC4,COLLAGEN,ECM-Receptor,KEGG: hsa04512
EG,EG,COL6A1,SDC4,0.005642881026981179,0.0,COL6A1_SDC4,COL6A1 - SDC4,COLLAGEN,ECM-Receptor,KEGG: hsa04512
FIB,ENDO,COL4A6,SDC4,0.001092881643133157,0.03,COL4A6_SDC4,COL4A6 - SDC4,COLLAGEN,ECM-Receptor,KEGG: hsa04512
SM,SM,COL4A6,SDC4,0.0019169159411101696,0.0,COL4A6_SDC4,COL4A6 - SDC4,COLLAGEN,ECM-Receptor,KEGG: hsa04512
SM,EG,COL4A6,SDC4,0.0014115057434524409,0.0,COL4A6_SDC4,COL4A6 - SDC4,COLLAGEN,ECM-Receptor,KEGG: hsa04512
ENDO,SM,COL4A5,SDC4,0.0005861645232681577,0.03,COL4A5_SDC4,COL4A5 - SDC4,COLLAGEN,ECM-Receptor,KEGG: hsa04512
SM,EG,COL4A5,SDC4,0.0010403210213647948,0.0,COL4A5_SDC4,COL4A5 - SDC4,COLLAGEN,ECM-Receptor,KEGG: hsa04512
EG,EG,COL4A5,SDC4,0.001353045023620325,0.0,COL4A5_SDC4,COL4A5 - SDC4,COLLAGEN,ECM-Receptor,KEGG: hsa04512
FIB,EG,COL4A2,SDC4,0.0015562580807285198,0.0,COL4A2_SDC4,COL4A2 - SDC4,COLLAGEN,ECM-Receptor,KEGG: hsa04512
ENDO,EG,COL4A2,SDC4,0.0013769436144660395,0.04,COL4A2_SDC4,COL4A2 - SDC4,COLLAGEN,ECM-Receptor,KEGG: hsa04512
SM,EG,COL4A2,SDC4,0.0015470872730170148,0.0,COL4A2_SDC4,COL4A2 - SDC4,COLLAGEN,ECM-Receptor,KEGG: hsa04512
EG,EG,COL4A2,SDC4,0.0038339194761203162,0.0,COL4A2_SDC4,COL4A2 - SDC4,COLLAGEN,ECM-Receptor,KEGG: hsa04512
ENDO,Keratinocyte,COL4A1,SDC4,0.0015621239620307091,0.0,COL4A1_SDC4,COL4A1 - SDC4,COLLAGEN,ECM-Receptor,KEGG: hsa04512
SM,EG,COL4A1,SDC4,0.0014961366679434784,0.03,COL4A1_SDC4,COL4A1 - SDC4,COLLAGEN,ECM-Receptor,KEGG: hsa04512
EG,EG,COL4A1,SDC4,0.003564793874600665,0.0,COL4A1_SDC4,COL4A1 - SDC4,COLLAGEN,ECM-Receptor,KEGG: hsa04512
FIB,EG,COL1A2,SDC4,0.003413357390199966,0.0,COL1A2_SDC4,COL1A2 - SDC4,COLLAGEN,ECM-Receptor,KEGG: hsa04512
FIB,Keratinocyte,COL1A2,SDC4,0.002883274811068936,0.03,COL1A2_SDC4,COL1A2 - SDC4,COLLAGEN,ECM-Receptor,KEGG: hsa04512
SM,EG,COL1A2,SDC4,0.0022706378482725362,0.02,COL1A2_SDC4,COL1A2 - SDC4,COLLAGEN,ECM-Receptor,KEGG: hsa04512
EG,EG,COL1A2,SDC4,0.007402090726504672,0.0,COL1A2_SDC4,COL1A2 - SDC4,COLLAGEN,ECM-Receptor,KEGG: hsa04512
FIB,EG,COL1A1,SDC4,0.003210201641072273,0.0,COL1A1_SDC4,COL1A1 - SDC4,COLLAGEN,ECM-Receptor,KEGG: hsa04512
SM,EG,COL1A1,SDC4,0.0023626897485783463,0.0,COL1A1_SDC4,COL1A1 - SDC4,COLLAGEN,ECM-Receptor,KEGG: hsa04512
EG,EG,COL1A1,SDC4,0.0063164593073715926,0.0,COL1A1_SDC4,COL1A1 - SDC4,COLLAGEN,ECM-Receptor,KEGG: hsa04512
FIB,EG,THBS4,SDC1,0.000824465783886272,0.0,THBS4_SDC1,THBS4 - SDC1,THBS,ECM-Receptor,KEGG: hsa04512
EG,EG,THBS4,SDC1,0.0017148133053550964,0.0,THBS4_SDC1,THBS4 - SDC1,THBS,ECM-Receptor,KEGG: hsa04512
FIB,EG,COL4A2,SDC1,0.0019283097908374403,0.0,COL4A2_SDC1,COL4A2 - SDC1,COLLAGEN,ECM-Receptor,KEGG: hsa04512
EG,EG,COL4A2,SDC1,0.0042436683393987625,0.0,COL4A2_SDC1,COL4A2 - SDC1,COLLAGEN,ECM-Receptor,KEGG: hsa04512
Immune,Keratinocyte,COL4A2,SDC1,0.0015375407674995982,0.0,COL4A2_SDC1,COL4A2 - SDC1,COLLAGEN,ECM-Receptor,KEGG: hsa04512
SM,EG,LAMB2,ITGA6_ITGB4,0.0013860416969051013,0.0,LAMB2_ITGA6_ITGB4,LAMB2 - (ITGA6+ITGB4),LAMININ,ECM-Receptor,KEGG: hsa04512
EG,ENDO,LAMB2,ITGA6_ITGB4,0.001313163772339909,0.04,LAMB2_ITGA6_ITGB4,LAMB2 - (ITGA6+ITGB4),LAMININ,ECM-Receptor,KEGG: hsa04512
EG,EG,LAMB2,ITGA6_ITGB4,0.0028736697920547067,0.0,LAMB2_ITGA6_ITGB4,LAMB2 - (ITGA6+ITGB4),LAMININ,ECM-Receptor,KEGG: hsa04512
SM,FIB,COL4A5,CD44,0.0009205345350632151,0.02,COL4A5_CD44,COL4A5 - CD44,COLLAGEN,ECM-Receptor,KEGG: hsa04512
SM,SM,COL4A5,CD44,0.0016315072048611746,0.0,COL4A5_CD44,COL4A5 - CD44,COLLAGEN,ECM-Receptor,KEGG: hsa04512
SM,EG,COL4A5,CD44,0.001221905172282884,0.0,COL4A5_CD44,COL4A5 - CD44,COLLAGEN,ECM-Receptor,KEGG: hsa04512
FIB,EG,COL4A2,CD44,0.002227232378233294,0.0,COL4A2_CD44,COL4A2 - CD44,COLLAGEN,ECM-Receptor,KEGG: hsa04512
FIB,Keratinocyte,COL4A2,CD44,0.0018525152011092463,0.03,COL4A2_CD44,COL4A2 - CD44,COLLAGEN,ECM-Receptor,KEGG: hsa04512
SM,EG,COL4A2,CD44,0.0016627078958591363,0.03,COL4A2_CD44,COL4A2 - CD44,COLLAGEN,ECM-Receptor,KEGG: hsa04512
EG,EG,COL4A2,CD44,0.005034735016954228,0.0,COL4A2_CD44,COL4A2 - CD44,COLLAGEN,ECM-Receptor,KEGG: hsa04512
FIB,EG,COL4A1,CD44,0.001996279414587673,0.0,COL4A1_CD44,COL4A1 - CD44,COLLAGEN,ECM-Receptor,KEGG: hsa04512
FIB,Keratinocyte,COL4A1,CD44,0.0019454637895991195,0.03,COL4A1_CD44,COL4A1 - CD44,COLLAGEN,ECM-Receptor,KEGG: hsa04512
SM,EG,COL4A1,CD44,0.001675570821101432,0.02,COL4A1_CD44,COL4A1 - CD44,COLLAGEN,ECM-Receptor,KEGG: hsa04512
EG,EG,COL4A1,CD44,0.004715544642295122,0.0,COL4A1_CD44,COL4A1 - CD44,COLLAGEN,ECM-Receptor,KEGG: hsa04512
FIB,EG,COL1A2,CD44,0.004601165600683234,0.0,COL1A2_CD44,COL1A2 - CD44,COLLAGEN,ECM-Receptor,KEGG: hsa04512
FIB,Keratinocyte,COL1A2,CD44,0.0042925034039204635,0.03,COL1A2_CD44,COL1A2 - CD44,COLLAGEN,ECM-Receptor,KEGG: hsa04512
EG,EG,COL1A2,CD44,0.006791412426393565,0.0,COL1A2_CD44,COL1A2 - CD44,COLLAGEN,ECM-Receptor,KEGG: hsa04512
FIB,EG,COL1A1,CD44,0.00412314626565533,0.0,COL1A1_CD44,COL1A1 - CD44,COLLAGEN,ECM-Receptor,KEGG: hsa04512
FIB,Keratinocyte,COL1A1,CD44,0.004106212756004392,0.03,COL1A1_CD44,COL1A1 - CD44,COLLAGEN,ECM-Receptor,KEGG: hsa04512
SM,EG,COL1A1,CD44,0.0029064339232100765,0.04,COL1A1_CD44,COL1A1 - CD44,COLLAGEN,ECM-Receptor,KEGG: hsa04512
EG,EG,COL1A1,CD44,0.006214993576816049,0.0,COL1A1_CD44,COL1A1 - CD44,COLLAGEN,ECM-Receptor,KEGG: hsa04512
FIB,EG,FN1,CD44,0.0024866713795056177,0.03,FN1_CD44,FN1 - CD44,FN1,ECM-Receptor,KEGG: hsa04512
FIB,Keratinocyte,FN1,CD44,0.003081343662731056,0.0,FN1_CD44,FN1 - CD44,FN1,ECM-Receptor,KEGG: hsa04512
SM,EG,FN1,CD44,0.0026951039325828186,0.02,FN1_CD44,FN1 - CD44,FN1,ECM-Receptor,KEGG: hsa04512
EG,EG,FN1,CD44,0.005062825379840687,0.0,FN1_CD44,FN1 - CD44,FN1,ECM-Receptor,KEGG: hsa04512
SM,SM,LAMC3,ITGA6_ITGB4,0.001741075109105047,0.0,LAMC3_ITGA6_ITGB4,LAMC3 - (ITGA6+ITGB4),LAMININ,ECM-Receptor,KEGG: hsa04512
SM,EG,LAMC3,ITGA6_ITGB4,0.0011161068231022948,0.0,LAMC3_ITGA6_ITGB4,LAMC3 - (ITGA6+ITGB4),LAMININ,ECM-Receptor,KEGG: hsa04512
EG,ENDO,LAMC3,ITGA6_ITGB4,0.0008951202667521382,0.04,LAMC3_ITGA6_ITGB4,LAMC3 - (ITGA6+ITGB4),LAMININ,ECM-Receptor,KEGG: hsa04512
FIB,ENDO,LAMC2,ITGA6_ITGB4,0.0006603785053482478,0.04,LAMC2_ITGA6_ITGB4,LAMC2 - (ITGA6+ITGB4),LAMININ,ECM-Receptor,KEGG: hsa04512
SM,ENDO,LAMC2,ITGA6_ITGB4,0.0006681191432331706,0.02,LAMC2_ITGA6_ITGB4,LAMC2 - (ITGA6+ITGB4),LAMININ,ECM-Receptor,KEGG: hsa04512
SM,EG,LAMC2,ITGA6_ITGB4,0.0006746291984099596,0.0,LAMC2_ITGA6_ITGB4,LAMC2 - (ITGA6+ITGB4),LAMININ,ECM-Receptor,KEGG: hsa04512
EG,EG,LAMC2,ITGA6_ITGB4,0.0009761426757015815,0.0,LAMC2_ITGA6_ITGB4,LAMC2 - (ITGA6+ITGB4),LAMININ,ECM-Receptor,KEGG: hsa04512
SM,EG,LAMC1,ITGA6_ITGB4,0.001104183694066807,0.0,LAMC1_ITGA6_ITGB4,LAMC1 - (ITGA6+ITGB4),LAMININ,ECM-Receptor,KEGG: hsa04512
EG,EG,LAMC1,ITGA6_ITGB4,0.0018316652018367983,0.0,LAMC1_ITGA6_ITGB4,LAMC1 - (ITGA6+ITGB4),LAMININ,ECM-Receptor,KEGG: hsa04512
EG,SM,LAMB3,ITGA6_ITGB4,0.0013565528768249451,0.0,LAMB3_ITGA6_ITGB4,LAMB3 - (ITGA6+ITGB4),LAMININ,ECM-Receptor,KEGG: hsa04512
EG,EG,LAMB3,ITGA6_ITGB4,0.001978740308012282,0.0,LAMB3_ITGA6_ITGB4,LAMB3 - (ITGA6+ITGB4),LAMININ,ECM-Receptor,KEGG: hsa04512
SM,EG,FN1,SDC4,0.0019064233884908458,0.0,FN1_SDC4,FN1 - SDC4,FN1,ECM-Receptor,KEGG: hsa04512
EG,FIB,FN1,SDC4,0.0013917153420840785,0.03,FN1_SDC4,FN1 - SDC4,FN1,ECM-Receptor,KEGG: hsa04512
EG,EG,FN1,SDC4,0.00366437414891849,0.0,FN1_SDC4,FN1 - SDC4,FN1,ECM-Receptor,KEGG: hsa04512
SM,SM,LAMB1,ITGA6_ITGB4,0.0014027768378955118,0.0,LAMB1_ITGA6_ITGB4,LAMB1 - (ITGA6+ITGB4),LAMININ,ECM-Receptor,KEGG: hsa04512
SM,EG,LAMB1,ITGA6_ITGB4,0.0009934309012556888,0.0,LAMB1_ITGA6_ITGB4,LAMB1 - (ITGA6+ITGB4),LAMININ,ECM-Receptor,KEGG: hsa04512
EG,ENDO,LAMB1,ITGA6_ITGB4,0.0008117804909559619,0.04,LAMB1_ITGA6_ITGB4,LAMB1 - (ITGA6+ITGB4),LAMININ,ECM-Receptor,KEGG: hsa04512
Immune,Keratinocyte,LAMB1,ITGA6_ITGB4,0.0007135030308216974,0.04,LAMB1_ITGA6_ITGB4,LAMB1 - (ITGA6+ITGB4),LAMININ,ECM-Receptor,KEGG: hsa04512
FIB,Keratinocyte,LAMA5,ITGA6_ITGB4,0.001237273657115244,0.0,LAMA5_ITGA6_ITGB4,LAMA5 - (ITGA6+ITGB4),LAMININ,ECM-Receptor,KEGG: hsa04512
EG,EG,LAMA5,ITGA6_ITGB4,0.0019248820844602324,0.0,LAMA5_ITGA6_ITGB4,LAMA5 - (ITGA6+ITGB4),LAMININ,ECM-Receptor,KEGG: hsa04512
EG,Keratinocyte,LAMA5,ITGA6_ITGB4,0.0010179362255652176,0.04,LAMA5_ITGA6_ITGB4,LAMA5 - (ITGA6+ITGB4),LAMININ,ECM-Receptor,KEGG: hsa04512
SM,EG,LAMA4,ITGA6_ITGB4,0.0010485442655033047,0.0,LAMA4_ITGA6_ITGB4,LAMA4 - (ITGA6+ITGB4),LAMININ,ECM-Receptor,KEGG: hsa04512
EG,EG,LAMA4,ITGA6_ITGB4,0.0017057285832455546,0.0,LAMA4_ITGA6_ITGB4,LAMA4 - (ITGA6+ITGB4),LAMININ,ECM-Receptor,KEGG: hsa04512
Keratinocyte,EG,LAMA4,ITGA6_ITGB4,0.0009004796000632659,0.02,LAMA4_ITGA6_ITGB4,LAMA4 - (ITGA6+ITGB4),LAMININ,ECM-Receptor,KEGG: hsa04512
Immune,Keratinocyte,LAMA4,ITGA6_ITGB4,0.00087838834477811,0.04,LAMA4_ITGA6_ITGB4,LAMA4 - (ITGA6+ITGB4),LAMININ,ECM-Receptor,KEGG: hsa04512
SM,SM,COL4A6,CD44,0.0024322731026736035,0.0,COL4A6_CD44,COL4A6 - CD44,COLLAGEN,ECM-Receptor,KEGG: hsa04512
SM,EG,COL4A6,CD44,0.001655723127223759,0.0,COL4A6_CD44,COL4A6 - CD44,COLLAGEN,ECM-Receptor,KEGG: hsa04512
Keratinocyte,EG,COL4A6,CD44,0.0008588580219252204,0.02,COL4A6_CD44,COL4A6 - CD44,COLLAGEN,ECM-Receptor,KEGG: hsa04512
FIB,EG,COL6A1,CD44,0.003552187873475656,0.01,COL6A1_CD44,COL6A1 - CD44,COLLAGEN,ECM-Receptor,KEGG: hsa04512
FIB,Keratinocyte,COL6A1,CD44,0.0036034210472724384,0.0,COL6A1_CD44,COL6A1 - CD44,COLLAGEN,ECM-Receptor,KEGG: hsa04512
EG,EG,COL6A1,CD44,0.006414883279407536,0.0,COL6A1_CD44,COL6A1 - CD44,COLLAGEN,ECM-Receptor,KEGG: hsa04512
Immune,Keratinocyte,COL6A1,CD44,0.003109719389018574,0.01,COL6A1_CD44,COL6A1 - CD44,COLLAGEN,ECM-Receptor,KEGG: hsa04512
FIB,EG,COL6A2,CD44,0.004424789683857781,0.01,COL6A2_CD44,COL6A2 - CD44,COLLAGEN,ECM-Receptor,KEGG: hsa04512
FIB,Keratinocyte,COL6A2,CD44,0.0046683367965592686,0.0,COL6A2_CD44,COL6A2 - CD44,COLLAGEN,ECM-Receptor,KEGG: hsa04512
EG,EG,COL6A2,CD44,0.00565925552896704,0.0,COL6A2_CD44,COL6A2 - CD44,COLLAGEN,ECM-Receptor,KEGG: hsa04512
FIB,EG,COL6A3,CD44,0.0022644893802580314,0.01,COL6A3_CD44,COL6A3 - CD44,COLLAGEN,ECM-Receptor,KEGG: hsa04512
FIB,Keratinocyte,COL6A3,CD44,0.002646171773347595,0.0,COL6A3_CD44,COL6A3 - CD44,COLLAGEN,ECM-Receptor,KEGG: hsa04512
EG,EG,COL6A3,CD44,0.004433588195395239,0.0,COL6A3_CD44,COL6A3 - CD44,COLLAGEN,ECM-Receptor,KEGG: hsa04512
Immune,Keratinocyte,COL6A3,CD44,0.0016781217267318885,0.01,COL6A3_CD44,COL6A3 - CD44,COLLAGEN,ECM-Receptor,KEGG: hsa04512
FIB,EG,COL1A2,SDC1,0.0034400198031599816,0.0,COL1A2_SDC1,COL1A2 - SDC1,COLLAGEN,ECM-Receptor,KEGG: hsa04512
FIB,Keratinocyte,COL1A2,SDC1,0.0033382152111503605,0.03,COL1A2_SDC1,COL1A2 - SDC1,COLLAGEN,ECM-Receptor,KEGG: hsa04512
EG,EG,COL1A2,SDC1,0.0072720130874117765,0.0,COL1A2_SDC1,COL1A2 - SDC1,COLLAGEN,ECM-Receptor,KEGG: hsa04512
Immune,Keratinocyte,COL1A2,SDC1,0.002996271594993684,0.01,COL1A2_SDC1,COL1A2 - SDC1,COLLAGEN,ECM-Receptor,KEGG: hsa04512
FIB,EG,COL1A1,SDC1,0.003350610368094381,0.0,COL1A1_SDC1,COL1A1 - SDC1,COLLAGEN,ECM-Receptor,KEGG: hsa04512
FIB,Keratinocyte,COL1A1,SDC1,0.0031511043858597457,0.03,COL1A1_SDC1,COL1A1 - SDC1,COLLAGEN,ECM-Receptor,KEGG: hsa04512
EG,EG,COL1A1,SDC1,0.006507382860474654,0.0,COL1A1_SDC1,COL1A1 - SDC1,COLLAGEN,ECM-Receptor,KEGG: hsa04512
Immune,Keratinocyte,COL1A1,SDC1,0.0029085831009477655,0.01,COL1A1_SDC1,COL1A1 - SDC1,COLLAGEN,ECM-Receptor,KEGG: hsa04512
FIB,Keratinocyte,LAMC3,CD44,0.0012595102293212902,0.03,LAMC3_CD44,LAMC3 - CD44,LAMININ,ECM-Receptor,KEGG: hsa04512
SM,EG,LAMC3,CD44,0.0015313925638823249,0.0,LAMC3_CD44,LAMC3 - CD44,LAMININ,ECM-Receptor,KEGG: hsa04512
EG,EG,LAMC3,CD44,0.003290777750489032,0.0,LAMC3_CD44,LAMC3 - CD44,LAMININ,ECM-Receptor,KEGG: hsa04512
SM,EG,LAMC2,CD44,0.0009627123363584084,0.0,LAMC2_CD44,LAMC2 - CD44,LAMININ,ECM-Receptor,KEGG: hsa04512
EG,EG,LAMC2,CD44,0.0019719971709875397,0.0,LAMC2_CD44,LAMC2 - CD44,LAMININ,ECM-Receptor,KEGG: hsa04512
FIB,EG,LAMC1,CD44,0.0018101640062694773,0.0,LAMC1_CD44,LAMC1 - CD44,LAMININ,ECM-Receptor,KEGG: hsa04512
FIB,Keratinocyte,LAMC1,CD44,0.0015340770457992709,0.03,LAMC1_CD44,LAMC1 - CD44,LAMININ,ECM-Receptor,KEGG: hsa04512
SM,EG,LAMC1,CD44,0.001530239551482543,0.02,LAMC1_CD44,LAMC1 - CD44,LAMININ,ECM-Receptor,KEGG: hsa04512
EG,EG,LAMC1,CD44,0.003841940183437196,0.0,LAMC1_CD44,LAMC1 - CD44,LAMININ,ECM-Receptor,KEGG: hsa04512
SM,EG,LAMB3,CD44,0.0016008100000150175,0.03,LAMB3_CD44,LAMB3 - CD44,LAMININ,ECM-Receptor,KEGG: hsa04512
EG,EG,LAMB3,CD44,0.0034260770409332048,0.0,LAMB3_CD44,LAMB3 - CD44,LAMININ,ECM-Receptor,KEGG: hsa04512
EG,Keratinocyte,LAMB3,CD44,0.0016400502641662794,0.0,LAMB3_CD44,LAMB3 - CD44,LAMININ,ECM-Receptor,KEGG: hsa04512
FIB,EG,LAMB2,CD44,0.0023261812306309263,0.01,LAMB2_CD44,LAMB2 - CD44,LAMININ,ECM-Receptor,KEGG: hsa04512
FIB,Keratinocyte,LAMB2,CD44,0.002715310403144253,0.0,LAMB2_CD44,LAMB2 - CD44,LAMININ,ECM-Receptor,KEGG: hsa04512
EG,EG,LAMB2,CD44,0.005879692070343801,0.0,LAMB2_CD44,LAMB2 - CD44,LAMININ,ECM-Receptor,KEGG: hsa04512
SM,EG,LAMB1,CD44,0.001482317836545561,0.0,LAMB1_CD44,LAMB1 - CD44,LAMININ,ECM-Receptor,KEGG: hsa04512
EG,FIB,LAMB1,CD44,0.001314174506828234,0.03,LAMB1_CD44,LAMB1 - CD44,LAMININ,ECM-Receptor,KEGG: hsa04512
EG,EG,LAMB1,CD44,0.0029959474767591544,0.0,LAMB1_CD44,LAMB1 - CD44,LAMININ,ECM-Receptor,KEGG: hsa04512
FIB,EG,COL4A1,SDC1,0.0015419628178820995,0.0,COL4A1_SDC1,COL4A1 - SDC1,COLLAGEN,ECM-Receptor,KEGG: hsa04512
EG,EG,COL4A1,SDC1,0.003733636451990013,0.0,COL4A1_SDC1,COL4A1 - SDC1,COLLAGEN,ECM-Receptor,KEGG: hsa04512
Immune,Keratinocyte,COL4A1,SDC1,0.0014402585308364681,0.0,COL4A1_SDC1,COL4A1 - SDC1,COLLAGEN,ECM-Receptor,KEGG: hsa04512
FIB,Keratinocyte,LAMA5,CD44,0.0016917691252033974,0.0,LAMA5_CD44,LAMA5 - CD44,LAMININ,ECM-Receptor,KEGG: hsa04512
EG,EG,LAMA5,CD44,0.003777232609116022,0.0,LAMA5_CD44,LAMA5 - CD44,LAMININ,ECM-Receptor,KEGG: hsa04512
Immune,EG,LAMA5,CD44,0.0014555489168645464,0.04,LAMA5_CD44,LAMA5 - CD44,LAMININ,ECM-Receptor,KEGG: hsa04512
EG,FIB,LAMA3,CD44,0.0009761021513860797,0.04,LAMA3_CD44,LAMA3 - CD44,LAMININ,ECM-Receptor,KEGG: hsa04512
EG,EG,LAMA3,CD44,0.0023965124178899,0.0,LAMA3_CD44,LAMA3 - CD44,LAMININ,ECM-Receptor,KEGG: hsa04512
EG,Keratinocyte,LAMA3,CD44,0.00119218348488255,0.0,LAMA3_CD44,LAMA3 - CD44,LAMININ,ECM-Receptor,KEGG: hsa04512
FIB,EG,LAMA2,CD44,0.0014020581679775811,0.0,LAMA2_CD44,LAMA2 - CD44,LAMININ,ECM-Receptor,KEGG: hsa04512
EG,EG,LAMA2,CD44,0.0028047016221663364,0.0,LAMA2_CD44,LAMA2 - CD44,LAMININ,ECM-Receptor,KEGG: hsa04512
FIB,FIB,LAMA1,CD44,0.002306691791669361,0.0,LAMA1_CD44,LAMA1 - CD44,LAMININ,ECM-Receptor,KEGG: hsa04512
FIB,ENDO,LAMA1,CD44,0.0012076944833427647,0.01,LAMA1_CD44,LAMA1 - CD44,LAMININ,ECM-Receptor,KEGG: hsa04512
FIB,SM,LAMA1,CD44,0.0013827270328182675,0.0,LAMA1_CD44,LAMA1 - CD44,LAMININ,ECM-Receptor,KEGG: hsa04512
ENDO,EG,COL9A3,CD44,0.0008537296304830201,0.04,COL9A3_CD44,COL9A3 - CD44,COLLAGEN,ECM-Receptor,KEGG: hsa04512
SM,EG,COL9A3,CD44,0.001024303255662902,0.03,COL9A3_CD44,COL9A3 - CD44,COLLAGEN,ECM-Receptor,KEGG: hsa04512
EG,EG,COL9A3,CD44,0.001767489443731366,0.0,COL9A3_CD44,COL9A3 - CD44,COLLAGEN,ECM-Receptor,KEGG: hsa04512
Immune,EG,COL9A3,CD44,0.0010883324300509489,0.0,COL9A3_CD44,COL9A3 - CD44,COLLAGEN,ECM-Receptor,KEGG: hsa04512
FIB,EG,COL9A2,CD44,0.0008396349890049288,0.0,COL9A2_CD44,COL9A2 - CD44,COLLAGEN,ECM-Receptor,KEGG: hsa04512
EG,EG,COL9A2,CD44,0.0021287816449515567,0.0,COL9A2_CD44,COL9A2 - CD44,COLLAGEN,ECM-Receptor,KEGG: hsa04512
Immune,Keratinocyte,COL9A2,CD44,0.000826815635723951,0.0,COL9A2_CD44,COL9A2 - CD44,COLLAGEN,ECM-Receptor,KEGG: hsa04512
ENDO,ENDO,COL6A6,CD44,0.0011542147035883993,0.0,COL6A6_CD44,COL6A6 - CD44,COLLAGEN,ECM-Receptor,KEGG: hsa04512
ENDO,SM,COL6A6,CD44,0.0011116582121178172,0.03,COL6A6_CD44,COL6A6 - CD44,COLLAGEN,ECM-Receptor,KEGG: hsa04512
SM,FIB,COL6A6,CD44,0.0009396002570944543,0.04,COL6A6_CD44,COL6A6 - CD44,COLLAGEN,ECM-Receptor,KEGG: hsa04512
SM,EG,COL6A6,CD44,0.0011233583327832127,0.0,COL6A6_CD44,COL6A6 - CD44,COLLAGEN,ECM-Receptor,KEGG: hsa04512
EG,EG,COL6A5,CD44,0.0034838121037773836,0.0,COL6A5_CD44,COL6A5 - CD44,COLLAGEN,ECM-Receptor,KEGG: hsa04512
Immune,Keratinocyte,COL6A5,CD44,0.0006411919527061962,0.0,COL6A5_CD44,COL6A5 - CD44,COLLAGEN,ECM-Receptor,KEGG: hsa04512
SM,EG,LAMA4,CD44,0.001406918212876218,0.02,LAMA4_CD44,LAMA4 - CD44,LAMININ,ECM-Receptor,KEGG: hsa04512
EG,FIB,LAMA4,CD44,0.0014508815278158579,0.0,LAMA4_CD44,LAMA4 - CD44,LAMININ,ECM-Receptor,KEGG: hsa04512
EG,EG,LAMA4,CD44,0.003506336029880259,0.0,LAMA4_CD44,LAMA4 - CD44,LAMININ,ECM-Receptor,KEGG: hsa04512
FIB,EG,TNC,SDC4,0.0016548229079231627,0.0,TNC_SDC4,TNC - SDC4,TENASCIN,ECM-Receptor,KEGG: hsa04512
SM,EG,TNC,SDC4,0.0016000591013700337,0.0,TNC_SDC4,TNC - SDC4,TENASCIN,ECM-Receptor,KEGG: hsa04512
EG,EG,TNC,SDC4,0.0029610003628217784,0.0,TNC_SDC4,TNC - SDC4,TENASCIN,ECM-Receptor,KEGG: hsa04512
FIB,EG,LAMB3,DAG1,0.0010006991305051187,0.04,LAMB3_DAG1,LAMB3 - DAG1,LAMININ,ECM-Receptor,KEGG: hsa04512
EG,SM,LAMB3,DAG1,0.0010667132947943408,0.0,LAMB3_DAG1,LAMB3 - DAG1,LAMININ,ECM-Receptor,KEGG: hsa04512
EG,EG,LAMB3,DAG1,0.0022160123610363157,0.0,LAMB3_DAG1,LAMB3 - DAG1,LAMININ,ECM-Receptor,KEGG: hsa04512
SM,ENDO,TNN,SDC4,0.0006936269919977509,0.02,TNN_SDC4,TNN - SDC4,TENASCIN,ECM-Receptor,KEGG: hsa04512
SM,EG,TNN,SDC4,0.0018433844958641449,0.0,TNN_SDC4,TNN - SDC4,TENASCIN,ECM-Receptor,KEGG: hsa04512
EG,EG,TNN,SDC4,0.0006565560349992655,0.0,TNN_SDC4,TNN - SDC4,TENASCIN,ECM-Receptor,KEGG: hsa04512
SM,EG,THBS1,CD47,0.0009326281485046791,0.0,THBS1_CD47,THBS1 - CD47,THBS,ECM-Receptor,KEGG: hsa04512
EG,EG,THBS1,CD47,0.001695804854306986,0.0,THBS1_CD47,THBS1 - CD47,THBS,ECM-Receptor,KEGG: hsa04512
FIB,EG,THBS2,CD47,0.0011342133679645731,0.0,THBS2_CD47,THBS2 - CD47,THBS,ECM-Receptor,KEGG: hsa04512
FIB,Keratinocyte,THBS2,CD47,0.0008997529156902034,0.03,THBS2_CD47,THBS2 - CD47,THBS,ECM-Receptor,KEGG: hsa04512
SM,EG,THBS2,CD47,0.0007791319266338699,0.02,THBS2_CD47,THBS2 - CD47,THBS,ECM-Receptor,KEGG: hsa04512
EG,EG,THBS2,CD47,0.002173111465843708,0.0,THBS2_CD47,THBS2 - CD47,THBS,ECM-Receptor,KEGG: hsa04512
SM,FIB,THBS3,CD47,0.000536744783181774,0.03,THBS3_CD47,THBS3 - CD47,THBS,ECM-Receptor,KEGG: hsa04512
SM,SM,THBS3,CD47,0.0011726920301644472,0.0,THBS3_CD47,THBS3 - CD47,THBS,ECM-Receptor,KEGG: hsa04512
SM,EG,THBS3,CD47,0.001034618946778114,0.0,THBS3_CD47,THBS3 - CD47,THBS,ECM-Receptor,KEGG: hsa04512
SM,EG,LAMA3,ITGA6_ITGB4,0.0005497816284028811,0.03,LAMA3_ITGA6_ITGB4,LAMA3 - (ITGA6+ITGB4),LAMININ,ECM-Receptor,KEGG: hsa04512
EG,EG,LAMA3,ITGA6_ITGB4,0.001156648222817607,0.0,LAMA3_ITGA6_ITGB4,LAMA3 - (ITGA6+ITGB4),LAMININ,ECM-Receptor,KEGG: hsa04512
EG,Keratinocyte,LAMA3,ITGA6_ITGB4,0.0006920693144889851,0.0,LAMA3_ITGA6_ITGB4,LAMA3 - (ITGA6+ITGB4),LAMININ,ECM-Receptor,KEGG: hsa04512
Keratinocyte,EG,LAMA3,ITGA6_ITGB4,0.0005325733545391326,0.04,LAMA3_ITGA6_ITGB4,LAMA3 - (ITGA6+ITGB4),LAMININ,ECM-Receptor,KEGG: hsa04512
SM,FIB,RELN,VLDLR,0.0005014681541168182,0.04,RELN_VLDLR,RELN - VLDLR,RELN,ECM-Receptor,PMID: 14578885
SM,ENDO,RELN,VLDLR,0.0012339147510920655,0.0,RELN_VLDLR,RELN - VLDLR,RELN,ECM-Receptor,PMID: 14578885
SM,SM,RELN,VLDLR,0.001541472970386025,0.0,RELN_VLDLR,RELN - VLDLR,RELN,ECM-Receptor,PMID: 14578885
SM,EG,LAMC3,DAG1,0.0009078080830232277,0.0,LAMC3_DAG1,LAMC3 - DAG1,LAMININ,ECM-Receptor,KEGG: hsa04512
SM,Keratinocyte,LAMC3,DAG1,0.0008301127434985028,0.02,LAMC3_DAG1,LAMC3 - DAG1,LAMININ,ECM-Receptor,KEGG: hsa04512
EG,EG,LAMC3,DAG1,0.0017228139123940185,0.0,LAMC3_DAG1,LAMC3 - DAG1,LAMININ,ECM-Receptor,KEGG: hsa04512
FIB,ENDO,LAMC2,DAG1,0.0005376986273308569,0.03,LAMC2_DAG1,LAMC2 - DAG1,LAMININ,ECM-Receptor,KEGG: hsa04512
SM,EG,LAMC2,DAG1,0.0006784910211623913,0.0,LAMC2_DAG1,LAMC2 - DAG1,LAMININ,ECM-Receptor,KEGG: hsa04512
EG,EG,LAMC2,DAG1,0.0009457781229259693,0.0,LAMC2_DAG1,LAMC2 - DAG1,LAMININ,ECM-Receptor,KEGG: hsa04512
Immune,EG,LAMC2,DAG1,0.0004388653700984251,0.03,LAMC2_DAG1,LAMC2 - DAG1,LAMININ,ECM-Receptor,KEGG: hsa04512
EG,EG,LAMC1,DAG1,0.002576473886264022,0.0,LAMC1_DAG1,LAMC1 - DAG1,LAMININ,ECM-Receptor,KEGG: hsa04512
EG,Keratinocyte,LAMC1,DAG1,0.0010618382379601896,0.04,LAMC1_DAG1,LAMC1 - DAG1,LAMININ,ECM-Receptor,KEGG: hsa04512
Keratinocyte,SM,LAMC1,DAG1,0.0012303349675912526,0.0,LAMC1_DAG1,LAMC1 - DAG1,LAMININ,ECM-Receptor,KEGG: hsa04512
FIB,EG,LAMB2,DAG1,0.0013617747119817898,0.0,LAMB2_DAG1,LAMB2 - DAG1,LAMININ,ECM-Receptor,KEGG: hsa04512
EG,SM,LAMB2,DAG1,0.0011641102164756045,0.02,LAMB2_DAG1,LAMB2 - DAG1,LAMININ,ECM-Receptor,KEGG: hsa04512
EG,EG,LAMB2,DAG1,0.003479729891910535,0.0,LAMB2_DAG1,LAMB2 - DAG1,LAMININ,ECM-Receptor,KEGG: hsa04512
EG,EG,COMP,CD36,0.0025161853429900875,0.0,COMP_CD36,COMP - CD36,THBS,ECM-Receptor,KEGG: hsa04512
Immune,Keratinocyte,COMP,CD36,0.0016200869529479842,0.0,COMP_CD36,COMP - CD36,THBS,ECM-Receptor,KEGG: hsa04512
SM,SM,LAMB1,DAG1,0.001639319536383784,0.0,LAMB1_DAG1,LAMB1 - DAG1,LAMININ,ECM-Receptor,KEGG: hsa04512
SM,EG,LAMB1,DAG1,0.000809051170574773,0.0,LAMB1_DAG1,LAMB1 - DAG1,LAMININ,ECM-Receptor,KEGG: hsa04512
Immune,EG,LAMB1,DAG1,0.0007248612617708436,0.01,LAMB1_DAG1,LAMB1 - DAG1,LAMININ,ECM-Receptor,KEGG: hsa04512
FIB,EG,LAMA4,DAG1,0.000848234302661094,0.01,LAMA4_DAG1,LAMA4 - DAG1,LAMININ,ECM-Receptor,KEGG: hsa04512
EG,EG,LAMA4,DAG1,0.0019496742169941349,0.0,LAMA4_DAG1,LAMA4 - DAG1,LAMININ,ECM-Receptor,KEGG: hsa04512
Keratinocyte,EG,LAMA4,DAG1,0.0009351173593024554,0.0,LAMA4_DAG1,LAMA4 - DAG1,LAMININ,ECM-Receptor,KEGG: hsa04512
ENDO,EG,LAMA3,DAG1,0.0005313072983637215,0.02,LAMA3_DAG1,LAMA3 - DAG1,LAMININ,ECM-Receptor,KEGG: hsa04512
SM,SM,LAMA3,DAG1,0.0013534847573676183,0.0,LAMA3_DAG1,LAMA3 - DAG1,LAMININ,ECM-Receptor,KEGG: hsa04512
SM,EG,LAMA3,DAG1,0.0005373912368743336,0.0,LAMA3_DAG1,LAMA3 - DAG1,LAMININ,ECM-Receptor,KEGG: hsa04512
EG,EG,LAMA2,DAG1,0.0012526566190212045,0.0,LAMA2_DAG1,LAMA2 - DAG1,LAMININ,ECM-Receptor,KEGG: hsa04512
EG,Keratinocyte,LAMA2,DAG1,0.0007054754203584333,0.0,LAMA2_DAG1,LAMA2 - DAG1,LAMININ,ECM-Receptor,KEGG: hsa04512
EG,Immune,LAMA2,DAG1,0.0006616452351550747,0.01,LAMA2_DAG1,LAMA2 - DAG1,LAMININ,ECM-Receptor,KEGG: hsa04512
FIB,FIB,LAMA1,DAG1,0.0009092070916921696,0.0,LAMA1_DAG1,LAMA1 - DAG1,LAMININ,ECM-Receptor,KEGG: hsa04512
FIB,ENDO,LAMA1,DAG1,0.0007968682434738444,0.01,LAMA1_DAG1,LAMA1 - DAG1,LAMININ,ECM-Receptor,KEGG: hsa04512
FIB,SM,LAMA1,DAG1,0.001112047103322461,0.0,LAMA1_DAG1,LAMA1 - DAG1,LAMININ,ECM-Receptor,KEGG: hsa04512
FIB,EG,HSPG2,DAG1,0.0013564611538967146,0.0,HSPG2_DAG1,HSPG2 - DAG1,HSPG,ECM-Receptor,KEGG: hsa04512
SM,EG,HSPG2,DAG1,0.0013516067098484287,0.0,HSPG2_DAG1,HSPG2 - DAG1,HSPG,ECM-Receptor,KEGG: hsa04512
EG,EG,HSPG2,DAG1,0.0037177956815685133,0.0,HSPG2_DAG1,HSPG2 - DAG1,HSPG,ECM-Receptor,KEGG: hsa04512
SM,EG,AGRN,DAG1,0.0009621075223072917,0.0,AGRN_DAG1,AGRN - DAG1,AGRN,ECM-Receptor,KEGG: hsa04512
EG,EG,AGRN,DAG1,0.0018888490351584473,0.0,AGRN_DAG1,AGRN - DAG1,AGRN,ECM-Receptor,KEGG: hsa04512
EG,EG,COMP,CD47,0.0029260050901603165,0.0,COMP_CD47,COMP - CD47,THBS,ECM-Receptor,KEGG: hsa04512
Immune,Keratinocyte,COMP,CD47,0.002042388375146824,0.0,COMP_CD47,COMP - CD47,THBS,ECM-Receptor,KEGG: hsa04512
EG,SM,THBS4,CD47,0.0008708214198505255,0.03,THBS4_CD47,THBS4 - CD47,THBS,ECM-Receptor,KEGG: hsa04512
EG,EG,THBS4,CD47,0.0012815426964891436,0.0,THBS4_CD47,THBS4 - CD47,THBS,ECM-Receptor,KEGG: hsa04512
EG,Keratinocyte,THBS4,CD47,0.001003985038151337,0.0,THBS4_CD47,THBS4 - CD47,THBS,ECM-Receptor,KEGG: hsa04512
EG,SM,LAMA5,DAG1,0.0008784301821185518,0.0,LAMA5_DAG1,LAMA5 - DAG1,LAMININ,ECM-Receptor,KEGG: hsa04512
EG,EG,LAMA5,DAG1,0.0017473480143121425,0.0,LAMA5_DAG1,LAMA5 - DAG1,LAMININ,ECM-Receptor,KEGG: hsa04512
Immune,EG,LAMA5,DAG1,0.0008410518302806099,0.03,LAMA5_DAG1,LAMA5 - DAG1,LAMININ,ECM-Receptor,KEGG: hsa04512
EG,SM,THBS4,CD36,0.0007987341400122575,0.03,THBS4_CD36,THBS4 - CD36,THBS,ECM-Receptor,KEGG: hsa04512
EG,EG,THBS4,CD36,0.0011736957517013073,0.0,THBS4_CD36,THBS4 - CD36,THBS,ECM-Receptor,KEGG: hsa04512
EG,Keratinocyte,THBS4,CD36,0.0012768616282573084,0.0,THBS4_CD36,THBS4 - CD36,THBS,ECM-Receptor,KEGG: hsa04512
FIB,SM,THBS3,CD36,0.0006147546675989323,0.02,THBS3_CD36,THBS3 - CD36,THBS,ECM-Receptor,KEGG: hsa04512
SM,FIB,THBS3,CD36,0.0006522990143371603,0.02,THBS3_CD36,THBS3 - CD36,THBS,ECM-Receptor,KEGG: hsa04512
SM,EG,THBS3,CD36,0.0008794693754611125,0.0,THBS3_CD36,THBS3 - CD36,THBS,ECM-Receptor,KEGG: hsa04512
EG,EG,THBS3,CD36,0.0009865744944312033,0.0,THBS3_CD36,THBS3 - CD36,THBS,ECM-Receptor,KEGG: hsa04512
FIB,EG,THBS2,CD36,0.001206397986060529,0.0,THBS2_CD36,THBS2 - CD36,THBS,ECM-Receptor,KEGG: hsa04512
FIB,Keratinocyte,THBS2,CD36,0.0010990490761124815,0.03,THBS2_CD36,THBS2 - CD36,THBS,ECM-Receptor,KEGG: hsa04512
EG,EG,THBS2,CD36,0.002512322415116189,0.0,THBS2_CD36,THBS2 - CD36,THBS,ECM-Receptor,KEGG: hsa04512
FIB,EG,LAMC3,SV2A,0.0005264316132430055,0.02,LAMC3_SV2A,LAMC3 - SV2A,LAMININ,ECM-Receptor,KEGG: hsa04512
SM,SM,LAMC3,SV2A,0.0017560533631547763,0.0,LAMC3_SV2A,LAMC3 - SV2A,LAMININ,ECM-Receptor,KEGG: hsa04512
SM,EG,LAMC3,SV2A,0.0008251777644443574,0.0,LAMC3_SV2A,LAMC3 - SV2A,LAMININ,ECM-Receptor,KEGG: hsa04512
ENDO,FIB,LAMC2,SV2A,0.0009627297828269711,0.03,LAMC2_SV2A,LAMC2 - SV2A,LAMININ,ECM-Receptor,KEGG: hsa04512
SM,SM,LAMC2,SV2A,0.0009370408184556412,0.0,LAMC2_SV2A,LAMC2 - SV2A,LAMININ,ECM-Receptor,KEGG: hsa04512
SM,EG,LAMC2,SV2A,0.0012562138479885595,0.0,LAMC2_SV2A,LAMC2 - SV2A,LAMININ,ECM-Receptor,KEGG: hsa04512
SM,SM,LAMC1,SV2A,0.0017412315068455414,0.0,LAMC1_SV2A,LAMC1 - SV2A,LAMININ,ECM-Receptor,KEGG: hsa04512
Keratinocyte,SM,LAMC1,SV2A,0.0015419637932913672,0.0,LAMC1_SV2A,LAMC1 - SV2A,LAMININ,ECM-Receptor,KEGG: hsa04512
Immune,SM,LAMC1,SV2A,0.001032270473024482,0.01,LAMC1_SV2A,LAMC1 - SV2A,LAMININ,ECM-Receptor,KEGG: hsa04512
ENDO,SM,LAMB3,SV2A,0.0014402624215633447,0.0,LAMB3_SV2A,LAMB3 - SV2A,LAMININ,ECM-Receptor,KEGG: hsa04512
EG,EG,LAMB3,SV2A,0.0011739684499206177,0.0,LAMB3_SV2A,LAMB3 - SV2A,LAMININ,ECM-Receptor,KEGG: hsa04512
Keratinocyte,SM,LAMB3,SV2A,0.00047662384442949765,0.04,LAMB3_SV2A,LAMB3 - SV2A,LAMININ,ECM-Receptor,KEGG: hsa04512
SM,SM,LAMB2,SV2A,0.0018279529265276169,0.0,LAMB2_SV2A,LAMB2 - SV2A,LAMININ,ECM-Receptor,KEGG: hsa04512
SM,EG,LAMB2,SV2A,0.0011347933154800772,0.02,LAMB2_SV2A,LAMB2 - SV2A,LAMININ,ECM-Receptor,KEGG: hsa04512
EG,FIB,LAMB2,SV2A,0.001754339281938035,0.0,LAMB2_SV2A,LAMB2 - SV2A,LAMININ,ECM-Receptor,KEGG: hsa04512
ENDO,SM,LAMB1,SV2A,0.000798248805531111,0.0,LAMB1_SV2A,LAMB1 - SV2A,LAMININ,ECM-Receptor,KEGG: hsa04512
SM,SM,LAMB1,SV2A,0.0015220875303963244,0.0,LAMB1_SV2A,LAMB1 - SV2A,LAMININ,ECM-Receptor,KEGG: hsa04512
Immune,SM,LAMB1,SV2A,0.000783035148745374,0.02,LAMB1_SV2A,LAMB1 - SV2A,LAMININ,ECM-Receptor,KEGG: hsa04512
SM,SM,LAMA5,SV2A,0.002053607913155119,0.0,LAMA5_SV2A,LAMA5 - SV2A,LAMININ,ECM-Receptor,KEGG: hsa04512
SM,EG,LAMA5,SV2A,0.00069777725318002,0.0,LAMA5_SV2A,LAMA5 - SV2A,LAMININ,ECM-Receptor,KEGG: hsa04512
EG,FIB,LAMA5,SV2A,0.0006137772981154724,0.03,LAMA5_SV2A,LAMA5 - SV2A,LAMININ,ECM-Receptor,KEGG: hsa04512
ENDO,FIB,LAMA2,SV2B,0.0005142880455686657,0.03,LAMA2_SV2B,LAMA2 - SV2B,LAMININ,ECM-Receptor,KEGG: hsa04512
ENDO,ENDO,LAMA2,SV2B,0.0006049997662209283,0.0,LAMA2_SV2B,LAMA2 - SV2B,LAMININ,ECM-Receptor,KEGG: hsa04512
Immune,ENDO,LAMA2,SV2B,0.0008444952518586221,0.0,LAMA2_SV2B,LAMA2 - SV2B,LAMININ,ECM-Receptor,KEGG: hsa04512
ENDO,SM,LAMA4,SV2A,0.0014849952696912368,0.0,LAMA4_SV2A,LAMA4 - SV2A,LAMININ,ECM-Receptor,KEGG: hsa04512
SM,SM,LAMA4,SV2A,0.0015039748861520523,0.0,LAMA4_SV2A,LAMA4 - SV2A,LAMININ,ECM-Receptor,KEGG: hsa04512
EG,FIB,LAMA4,SV2A,0.0014631193728259027,0.02,LAMA4_SV2A,LAMA4 - SV2A,LAMININ,ECM-Receptor,KEGG: hsa04512
FIB,Keratinocyte,COMP,SDC4,0.001725136409601018,0.0,COMP_SDC4,COMP - SDC4,THBS,ECM-Receptor,KEGG: hsa04512
SM,EG,COMP,SDC4,0.0016803911741242745,0.02,COMP_SDC4,COMP - SDC4,THBS,ECM-Receptor,KEGG: hsa04512
EG,EG,COMP,SDC4,0.0036218424719601716,0.0,COMP_SDC4,COMP - SDC4,THBS,ECM-Receptor,KEGG: hsa04512
Immune,Keratinocyte,COMP,SDC4,0.0016795395836428917,0.03,COMP_SDC4,COMP - SDC4,THBS,ECM-Receptor,KEGG: hsa04512
FIB,EG,THBS4,SDC4,0.0005845750427477877,0.04,THBS4_SDC4,THBS4 - SDC4,THBS,ECM-Receptor,KEGG: hsa04512
SM,EG,THBS4,SDC4,0.0008330468864100034,0.0,THBS4_SDC4,THBS4 - SDC4,THBS,ECM-Receptor,KEGG: hsa04512
EG,EG,THBS4,SDC4,0.0015965432109517077,0.0,THBS4_SDC4,THBS4 - SDC4,THBS,ECM-Receptor,KEGG: hsa04512
EG,Immune,THBS4,SDC4,0.0006300906705733453,0.03,THBS4_SDC4,THBS4 - SDC4,THBS,ECM-Receptor,KEGG: hsa04512
FIB,EG,THBS3,SDC4,0.0009046042034283201,0.02,THBS3_SDC4,THBS3 - SDC4,THBS,ECM-Receptor,KEGG: hsa04512
SM,EG,THBS3,SDC4,0.0015439454482807416,0.0,THBS3_SDC4,THBS3 - SDC4,THBS,ECM-Receptor,KEGG: hsa04512
EG,EG,THBS3,SDC4,0.0016312257613759794,0.0,THBS3_SDC4,THBS3 - SDC4,THBS,ECM-Receptor,KEGG: hsa04512
FIB,EG,THBS2,SDC4,0.001623210310734428,0.0,THBS2_SDC4,THBS2 - SDC4,THBS,ECM-Receptor,KEGG: hsa04512
ENDO,EG,THBS2,SDC4,0.0009996970038916152,0.04,THBS2_SDC4,THBS2 - SDC4,THBS,ECM-Receptor,KEGG: hsa04512
SM,EG,THBS2,SDC4,0.0010737120779842292,0.0,THBS2_SDC4,THBS2 - SDC4,THBS,ECM-Receptor,KEGG: hsa04512
EG,EG,THBS2,SDC4,0.0028391563225449103,0.0,THBS2_SDC4,THBS2 - SDC4,THBS,ECM-Receptor,KEGG: hsa04512
FIB,EG,THBS1,SDC4,0.0010812932932305623,0.02,THBS1_SDC4,THBS1 - SDC4,THBS,ECM-Receptor,KEGG: hsa04512
SM,EG,THBS1,SDC4,0.0012457149828149052,0.0,THBS1_SDC4,THBS1 - SDC4,THBS,ECM-Receptor,KEGG: hsa04512
EG,EG,THBS1,SDC4,0.0026879517111045234,0.0,THBS1_SDC4,THBS1 - SDC4,THBS,ECM-Receptor,KEGG: hsa04512
FIB,EG,TNXB,SDC4,0.0017078248217608193,0.0,TNXB_SDC4,TNXB - SDC4,TENASCIN,ECM-Receptor,KEGG: hsa04512
SM,EG,TNXB,SDC4,0.0015138382697372189,0.0,TNXB_SDC4,TNXB - SDC4,TENASCIN,ECM-Receptor,KEGG: hsa04512
EG,EG,TNXB,SDC4,0.003781634624595537,0.0,TNXB_SDC4,TNXB - SDC4,TENASCIN,ECM-Receptor,KEGG: hsa04512
SM,FIB,LAMA3,SV2A,0.0012131158654017217,0.0,LAMA3_SV2A,LAMA3 - SV2A,LAMININ,ECM-Receptor,KEGG: hsa04512
EG,EG,LAMA3,SV2A,0.0007612285776155589,0.0,LAMA3_SV2A,LAMA3 - SV2A,LAMININ,ECM-Receptor,KEGG: hsa04512
Immune,SM,LAMA3,SV2A,0.0005769434648123879,0.02,LAMA3_SV2A,LAMA3 - SV2A,LAMININ,ECM-Receptor,KEGG: hsa04512
ENDO,ENDO,LAMA3,SV2B,0.0006670252045135143,0.0,LAMA3_SV2B,LAMA3 - SV2B,LAMININ,ECM-Receptor,KEGG: hsa04512
SM,ENDO,LAMA3,SV2B,0.0009937644922427555,0.03,LAMA3_SV2B,LAMA3 - SV2B,LAMININ,ECM-Receptor,KEGG: hsa04512
Immune,ENDO,LAMA3,SV2B,0.0011523000800307578,0.0,LAMA3_SV2B,LAMA3 - SV2B,LAMININ,ECM-Receptor,KEGG: hsa04512
ENDO,ENDO,LAMA5,SV2B,0.0008481064148043956,0.0,LAMA5_SV2B,LAMA5 - SV2B,LAMININ,ECM-Receptor,KEGG: hsa04512
SM,ENDO,LAMA5,SV2B,0.0009726741457989097,0.0,LAMA5_SV2B,LAMA5 - SV2B,LAMININ,ECM-Receptor,KEGG: hsa04512
Immune,ENDO,LAMA5,SV2B,0.0008118467784300942,0.04,LAMA5_SV2B,LAMA5 - SV2B,LAMININ,ECM-Receptor,KEGG: hsa04512
FIB,Keratinocyte,THBS1,CD36,0.0009763636467004049,0.02,THBS1_CD36,THBS1 - CD36,THBS,ECM-Receptor,KEGG: hsa04512
EG,FIB,THBS1,CD36,0.0011816400241542332,0.0,THBS1_CD36,THBS1 - CD36,THBS,ECM-Receptor,KEGG: hsa04512
EG,SM,THBS1,CD36,0.0009654695361566494,0.03,THBS1_CD36,THBS1 - CD36,THBS,ECM-Receptor,KEGG: hsa04512
EG,EG,THBS1,CD36,0.0020901857273928452,0.0,THBS1_CD36,THBS1 - CD36,THBS,ECM-Receptor,KEGG: hsa04512
SM,ENDO,LAMA4,SV2B,0.0009573560899823636,0.0,LAMA4_SV2B,LAMA4 - SV2B,LAMININ,ECM-Receptor,KEGG: hsa04512
EG,EG,LAMA4,SV2B,0.0006742421820244796,0.0,LAMA4_SV2B,LAMA4 - SV2B,LAMININ,ECM-Receptor,KEGG: hsa04512
Immune,ENDO,LAMA4,SV2B,0.0005943831245615615,0.04,LAMA4_SV2B,LAMA4 - SV2B,LAMININ,ECM-Receptor,KEGG: hsa04512
SM,ENDO,LAMC3,SV2B,0.0010656844762287722,0.0,LAMC3_SV2B,LAMC3 - SV2B,LAMININ,ECM-Receptor,KEGG: hsa04512
EG,EG,LAMC3,SV2B,0.0007353607110365395,0.0,LAMC3_SV2B,LAMC3 - SV2B,LAMININ,ECM-Receptor,KEGG: hsa04512
FIB,EG,LAMC2,SV2B,0.0003431739995141131,0.0,LAMC2_SV2B,LAMC2 - SV2B,LAMININ,ECM-Receptor,KEGG: hsa04512
EG,EG,LAMC2,SV2B,0.00030089701041416297,0.0,LAMC2_SV2B,LAMC2 - SV2B,LAMININ,ECM-Receptor,KEGG: hsa04512
Immune,EG,LAMC2,SV2B,0.0005297960135592932,0.0,LAMC2_SV2B,LAMC2 - SV2B,LAMININ,ECM-Receptor,KEGG: hsa04512
SM,ENDO,LAMC1,SV2B,0.0014629756089936424,0.0,LAMC1_SV2B,LAMC1 - SV2B,LAMININ,ECM-Receptor,KEGG: hsa04512
EG,EG,LAMC1,SV2B,0.0006714413360316357,0.0,LAMC1_SV2B,LAMC1 - SV2B,LAMININ,ECM-Receptor,KEGG: hsa04512
Immune,ENDO,LAMC1,SV2B,0.0010130450179076757,0.04,LAMC1_SV2B,LAMC1 - SV2B,LAMININ,ECM-Receptor,KEGG: hsa04512
ENDO,ENDO,LAMB3,SV2B,0.0008542719665197995,0.0,LAMB3_SV2B,LAMB3 - SV2B,LAMININ,ECM-Receptor,KEGG: hsa04512
SM,ENDO,LAMB3,SV2B,0.0006815964261959281,0.0,LAMB3_SV2B,LAMB3 - SV2B,LAMININ,ECM-Receptor,KEGG: hsa04512
SM,ENDO,LAMB2,SV2B,0.0013300773211601528,0.0,LAMB2_SV2B,LAMB2 - SV2B,LAMININ,ECM-Receptor,KEGG: hsa04512
EG,EG,LAMB2,SV2B,0.0012241407133570877,0.0,LAMB2_SV2B,LAMB2 - SV2B,LAMININ,ECM-Receptor,KEGG: hsa04512
SM,ENDO,LAMB1,SV2B,0.0009202014209052136,0.0,LAMB1_SV2B,LAMB1 - SV2B,LAMININ,ECM-Receptor,KEGG: hsa04512
EG,EG,LAMB1,SV2B,0.0007849609507274152,0.0,LAMB1_SV2B,LAMB1 - SV2B,LAMININ,ECM-Receptor,KEGG: hsa04512
EG,EG,LAMA2,ITGA6_ITGB4,0.0012651989574173777,0.0,LAMA2_ITGA6_ITGB4,LAMA2 - (ITGA6+ITGB4),LAMININ,ECM-Receptor,KEGG: hsa04512
EG,Keratinocyte,LAMA2,ITGA6_ITGB4,0.0007611265265756294,0.0,LAMA2_ITGA6_ITGB4,LAMA2 - (ITGA6+ITGB4),LAMININ,ECM-Receptor,KEGG: hsa04512
SM,SM,COL4A5,ITGAV_ITGB8,0.000849193166015792,0.0,COL4A5_ITGAV_ITGB8,COL4A5 - (ITGAV+ITGB8),COLLAGEN,ECM-Receptor,KEGG: hsa04512
EG,ENDO,COL4A5,ITGAV_ITGB8,0.0004940458809319265,0.0,COL4A5_ITGAV_ITGB8,COL4A5 - (ITGAV+ITGB8),COLLAGEN,ECM-Receptor,KEGG: hsa04512
FIB,EG,COL9A3,ITGAV_ITGB8,0.00046393249751723364,0.04,COL9A3_ITGAV_ITGB8,COL9A3 - (ITGAV+ITGB8),COLLAGEN,ECM-Receptor,KEGG: hsa04512
EG,EG,COL9A3,ITGAV_ITGB8,0.000812102469161621,0.0,COL9A3_ITGAV_ITGB8,COL9A3 - (ITGAV+ITGB8),COLLAGEN,ECM-Receptor,KEGG: hsa04512
Keratinocyte,EG,COL9A3,ITGAV_ITGB8,0.00048730052206300787,0.0,COL9A3_ITGAV_ITGB8,COL9A3 - (ITGAV+ITGB8),COLLAGEN,ECM-Receptor,KEGG: hsa04512
FIB,ENDO,COL6A5,ITGA3_ITGB1,0.0002773615262348957,0.01,COL6A5_ITGA3_ITGB1,COL6A5 - (ITGA3+ITGB1),COLLAGEN,ECM-Receptor,KEGG: hsa04512
FIB,SM,COL6A5,ITGA3_ITGB1,0.0004693509038543706,0.0,COL6A5_ITGA3_ITGB1,COL6A5 - (ITGA3+ITGB1),COLLAGEN,ECM-Receptor,KEGG: hsa04512
EG,EG,COL6A5,ITGA3_ITGB1,0.0013050515397236783,0.0,COL6A5_ITGA3_ITGB1,COL6A5 - (ITGA3+ITGB1),COLLAGEN,ECM-Receptor,KEGG: hsa04512
FIB,EG,COL6A3,ITGA3_ITGB1,0.0012510603964852823,0.03,COL6A3_ITGA3_ITGB1,COL6A3 - (ITGA3+ITGB1),COLLAGEN,ECM-Receptor,KEGG: hsa04512
EG,SM,COL6A3,ITGA3_ITGB1,0.0016701101494283515,0.0,COL6A3_ITGA3_ITGB1,COL6A3 - (ITGA3+ITGB1),COLLAGEN,ECM-Receptor,KEGG: hsa04512
EG,EG,COL6A3,ITGA3_ITGB1,0.002319980796435903,0.0,COL6A3_ITGA3_ITGB1,COL6A3 - (ITGA3+ITGB1),COLLAGEN,ECM-Receptor,KEGG: hsa04512
FIB,EG,COL6A2,ITGA3_ITGB1,0.0024323788697155984,0.03,COL6A2_ITGA3_ITGB1,COL6A2 - (ITGA3+ITGB1),COLLAGEN,ECM-Receptor,KEGG: hsa04512
EG,SM,COL6A2,ITGA3_ITGB1,0.003087594914840958,0.0,COL6A2_ITGA3_ITGB1,COL6A2 - (ITGA3+ITGB1),COLLAGEN,ECM-Receptor,KEGG: hsa04512
EG,EG,COL6A2,ITGA3_ITGB1,0.004443346223214117,0.0,COL6A2_ITGA3_ITGB1,COL6A2 - (ITGA3+ITGB1),COLLAGEN,ECM-Receptor,KEGG: hsa04512
FIB,EG,COL6A1,ITGA3_ITGB1,0.0019985621404735835,0.03,COL6A1_ITGA3_ITGB1,COL6A1 - (ITGA3+ITGB1),COLLAGEN,ECM-Receptor,KEGG: hsa04512
EG,SM,COL6A1,ITGA3_ITGB1,0.0021478727723061334,0.0,COL6A1_ITGA3_ITGB1,COL6A1 - (ITGA3+ITGB1),COLLAGEN,ECM-Receptor,KEGG: hsa04512
EG,EG,COL6A1,ITGA3_ITGB1,0.0036447469258141974,0.0,COL6A1_ITGA3_ITGB1,COL6A1 - (ITGA3+ITGB1),COLLAGEN,ECM-Receptor,KEGG: hsa04512
SM,SM,COL4A6,ITGA3_ITGB1,0.0025852348791743853,0.0,COL4A6_ITGA3_ITGB1,COL4A6 - (ITGA3+ITGB1),COLLAGEN,ECM-Receptor,KEGG: hsa04512
SM,EG,COL4A6,ITGA3_ITGB1,0.0009008524265897844,0.0,COL4A6_ITGA3_ITGB1,COL4A6 - (ITGA3+ITGB1),COLLAGEN,ECM-Receptor,KEGG: hsa04512
SM,ENDO,COL4A5,ITGA3_ITGB1,0.0007146285013362704,0.02,COL4A5_ITGA3_ITGB1,COL4A5 - (ITGA3+ITGB1),COLLAGEN,ECM-Receptor,KEGG: hsa04512
SM,SM,COL4A5,ITGA3_ITGB1,0.0016411085325191747,0.0,COL4A5_ITGA3_ITGB1,COL4A5 - (ITGA3+ITGB1),COLLAGEN,ECM-Receptor,KEGG: hsa04512
SM,EG,COL4A5,ITGA3_ITGB1,0.001000612080777005,0.0,COL4A5_ITGA3_ITGB1,COL4A5 - (ITGA3+ITGB1),COLLAGEN,ECM-Receptor,KEGG: hsa04512
FIB,EG,COL1A1,ITGA1_ITGB1,0.0018790554435681936,0.0,COL1A1_ITGA1_ITGB1,COL1A1 - (ITGA1+ITGB1),COLLAGEN,ECM-Receptor,KEGG: hsa04512
SM,EG,COL1A1,ITGA1_ITGB1,0.0017711771262019496,0.0,COL1A1_ITGA1_ITGB1,COL1A1 - (ITGA1+ITGB1),COLLAGEN,ECM-Receptor,KEGG: hsa04512
EG,EG,COL1A1,ITGA1_ITGB1,0.0034165621045023553,0.0,COL1A1_ITGA1_ITGB1,COL1A1 - (ITGA1+ITGB1),COLLAGEN,ECM-Receptor,KEGG: hsa04512
FIB,EG,COL1A2,ITGA1_ITGB1,0.001922101010524878,0.03,COL1A2_ITGA1_ITGB1,COL1A2 - (ITGA1+ITGB1),COLLAGEN,ECM-Receptor,KEGG: hsa04512
EG,SM,COL1A2,ITGA1_ITGB1,0.0020212344905097194,0.0,COL1A2_ITGA1_ITGB1,COL1A2 - (ITGA1+ITGB1),COLLAGEN,ECM-Receptor,KEGG: hsa04512
EG,EG,COL1A2,ITGA1_ITGB1,0.003822706599135053,0.0,COL1A2_ITGA1_ITGB1,COL1A2 - (ITGA1+ITGB1),COLLAGEN,ECM-Receptor,KEGG: hsa04512
SM,SM,COL4A1,ITGA1_ITGB1,0.001624532400580527,0.0,COL4A1_ITGA1_ITGB1,COL4A1 - (ITGA1+ITGB1),COLLAGEN,ECM-Receptor,KEGG: hsa04512
EG,SM,COL4A1,ITGA1_ITGB1,0.0011130619826796998,0.0,COL4A1_ITGA1_ITGB1,COL4A1 - (ITGA1+ITGB1),COLLAGEN,ECM-Receptor,KEGG: hsa04512
Immune,EG,COL4A1,ITGA1_ITGB1,0.0008795009575971032,0.04,COL4A1_ITGA1_ITGB1,COL4A1 - (ITGA1+ITGB1),COLLAGEN,ECM-Receptor,KEGG: hsa04512
SM,SM,COL4A2,ITGA1_ITGB1,0.0020428499705037488,0.0,COL4A2_ITGA1_ITGB1,COL4A2 - (ITGA1+ITGB1),COLLAGEN,ECM-Receptor,KEGG: hsa04512
SM,EG,COL4A2,ITGA1_ITGB1,0.0011483472814650673,0.0,COL4A2_ITGA1_ITGB1,COL4A2 - (ITGA1+ITGB1),COLLAGEN,ECM-Receptor,KEGG: hsa04512
SM,SM,COL4A5,ITGA1_ITGB1,0.0016728994380576325,0.0,COL4A5_ITGA1_ITGB1,COL4A5 - (ITGA1+ITGB1),COLLAGEN,ECM-Receptor,KEGG: hsa04512
SM,EG,COL4A5,ITGA1_ITGB1,0.0011392727464503618,0.0,COL4A5_ITGA1_ITGB1,COL4A5 - (ITGA1+ITGB1),COLLAGEN,ECM-Receptor,KEGG: hsa04512
SM,SM,COL4A6,ITGA1_ITGB1,0.0014314031353222212,0.0,COL4A6_ITGA1_ITGB1,COL4A6 - (ITGA1+ITGB1),COLLAGEN,ECM-Receptor,KEGG: hsa04512
SM,EG,COL4A6,ITGA1_ITGB1,0.0010131032032764953,0.0,COL4A6_ITGA1_ITGB1,COL4A6 - (ITGA1+ITGB1),COLLAGEN,ECM-Receptor,KEGG: hsa04512
EG,Immune,COL4A6,ITGA1_ITGB1,0.0007895017632376048,0.03,COL4A6_ITGA1_ITGB1,COL4A6 - (ITGA1+ITGB1),COLLAGEN,ECM-Receptor,KEGG: hsa04512
FIB,EG,COL6A1,ITGA1_ITGB1,0.001649537134953522,0.0,COL6A1_ITGA1_ITGB1,COL6A1 - (ITGA1+ITGB1),COLLAGEN,ECM-Receptor,KEGG: hsa04512
SM,EG,COL6A1,ITGA1_ITGB1,0.0015700938340248408,0.0,COL6A1_ITGA1_ITGB1,COL6A1 - (ITGA1+ITGB1),COLLAGEN,ECM-Receptor,KEGG: hsa04512
EG,EG,COL6A1,ITGA1_ITGB1,0.002755055187359677,0.0,COL6A1_ITGA1_ITGB1,COL6A1 - (ITGA1+ITGB1),COLLAGEN,ECM-Receptor,KEGG: hsa04512
FIB,EG,COL6A2,ITGA1_ITGB1,0.0020626866262093745,0.03,COL6A2_ITGA1_ITGB1,COL6A2 - (ITGA1+ITGB1),COLLAGEN,ECM-Receptor,KEGG: hsa04512
EG,SM,COL6A2,ITGA1_ITGB1,0.0021495025700020366,0.0,COL6A2_ITGA1_ITGB1,COL6A2 - (ITGA1+ITGB1),COLLAGEN,ECM-Receptor,KEGG: hsa04512
EG,EG,COL6A2,ITGA1_ITGB1,0.0037182878743823576,0.0,COL6A2_ITGA1_ITGB1,COL6A2 - (ITGA1+ITGB1),COLLAGEN,ECM-Receptor,KEGG: hsa04512
SM,SM,COL6A3,ITGA1_ITGB1,0.0016890358373763059,0.0,COL6A3_ITGA1_ITGB1,COL6A3 - (ITGA1+ITGB1),COLLAGEN,ECM-Receptor,KEGG: hsa04512
SM,EG,COL6A3,ITGA1_ITGB1,0.0010121923613732246,0.0,COL6A3_ITGA1_ITGB1,COL6A3 - (ITGA1+ITGB1),COLLAGEN,ECM-Receptor,KEGG: hsa04512
SM,Keratinocyte,COL6A3,ITGA1_ITGB1,0.0008312680459201179,0.02,COL6A3_ITGA1_ITGB1,COL6A3 - (ITGA1+ITGB1),COLLAGEN,ECM-Receptor,KEGG: hsa04512
FIB,ENDO,COL6A5,ITGA1_ITGB1,0.00045325539598571287,0.0,COL6A5_ITGA1_ITGB1,COL6A5 - (ITGA1+ITGB1),COLLAGEN,ECM-Receptor,KEGG: hsa04512
EG,EG,COL6A5,ITGA1_ITGB1,0.0011734619801955987,0.0,COL6A5_ITGA1_ITGB1,COL6A5 - (ITGA1+ITGB1),COLLAGEN,ECM-Receptor,KEGG: hsa04512
Immune,ENDO,COL6A5,ITGA1_ITGB1,0.00026852101241731975,0.01,COL6A5_ITGA1_ITGB1,COL6A5 - (ITGA1+ITGB1),COLLAGEN,ECM-Receptor,KEGG: hsa04512
FIB,SM,COL6A6,ITGA1_ITGB1,0.0008848130322639309,0.01,COL6A6_ITGA1_ITGB1,COL6A6 - (ITGA1+ITGB1),COLLAGEN,ECM-Receptor,KEGG: hsa04512
SM,FIB,COL6A6,ITGA1_ITGB1,0.0009665261327771304,0.0,COL6A6_ITGA1_ITGB1,COL6A6 - (ITGA1+ITGB1),COLLAGEN,ECM-Receptor,KEGG: hsa04512
SM,SM,COL6A6,ITGA1_ITGB1,0.0008526502026634939,0.0,COL6A6_ITGA1_ITGB1,COL6A6 - (ITGA1+ITGB1),COLLAGEN,ECM-Receptor,KEGG: hsa04512
FIB,EG,COL9A2,ITGA1_ITGB1,0.0006708619708316716,0.0,COL9A2_ITGA1_ITGB1,COL9A2 - (ITGA1+ITGB1),COLLAGEN,ECM-Receptor,KEGG: hsa04512
EG,EG,COL9A2,ITGA1_ITGB1,0.0011763853165053084,0.0,COL9A2_ITGA1_ITGB1,COL9A2 - (ITGA1+ITGB1),COLLAGEN,ECM-Receptor,KEGG: hsa04512
EG,Keratinocyte,COL9A2,ITGA1_ITGB1,0.0006633996211492388,0.03,COL9A2_ITGA1_ITGB1,COL9A2 - (ITGA1+ITGB1),COLLAGEN,ECM-Receptor,KEGG: hsa04512
FIB,SM,COL9A3,ITGA1_ITGB1,0.0009357349023254916,0.02,COL9A3_ITGA1_ITGB1,COL9A3 - (ITGA1+ITGB1),COLLAGEN,ECM-Receptor,KEGG: hsa04512
ENDO,SM,COL9A3,ITGA1_ITGB1,0.001113901172058091,0.0,COL9A3_ITGA1_ITGB1,COL9A3 - (ITGA1+ITGB1),COLLAGEN,ECM-Receptor,KEGG: hsa04512
SM,SM,COL9A3,ITGA1_ITGB1,0.0016897590519863353,0.0,COL9A3_ITGA1_ITGB1,COL9A3 - (ITGA1+ITGB1),COLLAGEN,ECM-Receptor,KEGG: hsa04512
SM,SM,COL1A1,ITGA2_ITGB1,0.00212974121470386,0.0,COL1A1_ITGA2_ITGB1,COL1A1 - (ITGA2+ITGB1),COLLAGEN,ECM-Receptor,KEGG: hsa04512
EG,ENDO,COL1A1,ITGA2_ITGB1,0.0016960536981315815,0.0,COL1A1_ITGA2_ITGB1,COL1A1 - (ITGA2+ITGB1),COLLAGEN,ECM-Receptor,KEGG: hsa04512
FIB,EG,COL1A2,ITGA2_ITGB1,0.0012799388561651908,0.04,COL1A2_ITGA2_ITGB1,COL1A2 - (ITGA2+ITGB1),COLLAGEN,ECM-Receptor,KEGG: hsa04512
SM,SM,COL1A2,ITGA2_ITGB1,0.0024517191663410948,0.0,COL1A2_ITGA2_ITGB1,COL1A2 - (ITGA2+ITGB1),COLLAGEN,ECM-Receptor,KEGG: hsa04512
EG,ENDO,COL1A2,ITGA2_ITGB1,0.0016836290204778912,0.0,COL1A2_ITGA2_ITGB1,COL1A2 - (ITGA2+ITGB1),COLLAGEN,ECM-Receptor,KEGG: hsa04512
SM,SM,COL4A1,ITGA2_ITGB1,0.001229359105508858,0.0,COL4A1_ITGA2_ITGB1,COL4A1 - (ITGA2+ITGB1),COLLAGEN,ECM-Receptor,KEGG: hsa04512
EG,ENDO,COL4A1,ITGA2_ITGB1,0.0009436213691521495,0.0,COL4A1_ITGA2_ITGB1,COL4A1 - (ITGA2+ITGB1),COLLAGEN,ECM-Receptor,KEGG: hsa04512
FIB,SM,COL6A6,ITGA3_ITGB1,0.0007330565909325552,0.01,COL6A6_ITGA3_ITGB1,COL6A6 - (ITGA3+ITGB1),COLLAGEN,ECM-Receptor,KEGG: hsa04512
SM,FIB,COL6A6,ITGA3_ITGB1,0.0008169084983789955,0.0,COL6A6_ITGA3_ITGB1,COL6A6 - (ITGA3+ITGB1),COLLAGEN,ECM-Receptor,KEGG: hsa04512
SM,SM,COL6A6,ITGA3_ITGB1,0.000746733246672739,0.0,COL6A6_ITGA3_ITGB1,COL6A6 - (ITGA3+ITGB1),COLLAGEN,ECM-Receptor,KEGG: hsa04512
SM,SM,COL9A2,ITGA3_ITGB1,0.0015378722073316128,0.0,COL9A2_ITGA3_ITGB1,COL9A2 - (ITGA3+ITGB1),COLLAGEN,ECM-Receptor,KEGG: hsa04512
EG,ENDO,COL9A2,ITGA3_ITGB1,0.0005570482377408178,0.04,COL9A2_ITGA3_ITGB1,COL9A2 - (ITGA3+ITGB1),COLLAGEN,ECM-Receptor,KEGG: hsa04512
EG,SM,COL9A2,ITGA3_ITGB1,0.001124389665159799,0.0,COL9A2_ITGA3_ITGB1,COL9A2 - (ITGA3+ITGB1),COLLAGEN,ECM-Receptor,KEGG: hsa04512
EG,Keratinocyte,COL9A2,ITGA3_ITGB1,0.0005628119286482652,0.02,COL9A2_ITGA3_ITGB1,COL9A2 - (ITGA3+ITGB1),COLLAGEN,ECM-Receptor,KEGG: hsa04512
SM,SM,COL9A3,ITGA3_ITGB1,0.001117683512903752,0.0,COL9A3_ITGA3_ITGB1,COL9A3 - (ITGA3+ITGB1),COLLAGEN,ECM-Receptor,KEGG: hsa04512
SM,EG,COL9A3,ITGA3_ITGB1,0.0007269961201089779,0.03,COL9A3_ITGA3_ITGB1,COL9A3 - (ITGA3+ITGB1),COLLAGEN,ECM-Receptor,KEGG: hsa04512
EG,ENDO,COL9A3,ITGA3_ITGB1,0.0009941335878992283,0.0,COL9A3_ITGA3_ITGB1,COL9A3 - (ITGA3+ITGB1),COLLAGEN,ECM-Receptor,KEGG: hsa04512
SM,SM,TNXB,ITGA8_ITGB1,0.0020898491705455594,0.0,TNXB_ITGA8_ITGB1,TNXB - (ITGA8+ITGB1),TENASCIN,ECM-Receptor,KEGG: hsa04512
SM,EG,TNXB,ITGA8_ITGB1,0.001301648358224561,0.03,TNXB_ITGA8_ITGB1,TNXB - (ITGA8+ITGB1),TENASCIN,ECM-Receptor,KEGG: hsa04512
Keratinocyte,SM,TNXB,ITGA8_ITGB1,0.001594606729814782,0.0,TNXB_ITGA8_ITGB1,TNXB - (ITGA8+ITGB1),TENASCIN,ECM-Receptor,KEGG: hsa04512
SM,EG,TNC,ITGA8_ITGB1,0.001644724692090705,0.0,TNC_ITGA8_ITGB1,TNC - (ITGA8+ITGB1),TENASCIN,ECM-Receptor,KEGG: hsa04512
EG,EG,TNC,ITGA8_ITGB1,0.0021885739373806085,0.0,TNC_ITGA8_ITGB1,TNC - (ITGA8+ITGB1),TENASCIN,ECM-Receptor,KEGG: hsa04512
Keratinocyte,EG,TNC,ITGA8_ITGB1,0.0012391028709192713,0.02,TNC_ITGA8_ITGB1,TNC - (ITGA8+ITGB1),TENASCIN,ECM-Receptor,KEGG: hsa04512
ENDO,Keratinocyte,LAMC3,ITGA7_ITGB1,0.0013846857433510477,0.0,LAMC3_ITGA7_ITGB1,LAMC3 - (ITGA7+ITGB1),LAMININ,ECM-Receptor,KEGG: hsa04512
SM,SM,LAMC3,ITGA7_ITGB1,0.0021228107118495747,0.0,LAMC3_ITGA7_ITGB1,LAMC3 - (ITGA7+ITGB1),LAMININ,ECM-Receptor,KEGG: hsa04512
SM,EG,LAMC3,ITGA7_ITGB1,0.000837298687436209,0.03,LAMC3_ITGA7_ITGB1,LAMC3 - (ITGA7+ITGB1),LAMININ,ECM-Receptor,KEGG: hsa04512
ENDO,EG,LAMC2,ITGA7_ITGB1,0.0008250346254219937,0.0,LAMC2_ITGA7_ITGB1,LAMC2 - (ITGA7+ITGB1),LAMININ,ECM-Receptor,KEGG: hsa04512
SM,SM,LAMC2,ITGA7_ITGB1,0.0010007400666278891,0.0,LAMC2_ITGA7_ITGB1,LAMC2 - (ITGA7+ITGB1),LAMININ,ECM-Receptor,KEGG: hsa04512
SM,EG,LAMC2,ITGA7_ITGB1,0.0008103259948167947,0.01,LAMC2_ITGA7_ITGB1,LAMC2 - (ITGA7+ITGB1),LAMININ,ECM-Receptor,KEGG: hsa04512
ENDO,Keratinocyte,LAMC1,ITGA7_ITGB1,0.0012059675565338289,0.0,LAMC1_ITGA7_ITGB1,LAMC1 - (ITGA7+ITGB1),LAMININ,ECM-Receptor,KEGG: hsa04512
SM,SM,LAMC1,ITGA7_ITGB1,0.0018778117378280299,0.0,LAMC1_ITGA7_ITGB1,LAMC1 - (ITGA7+ITGB1),LAMININ,ECM-Receptor,KEGG: hsa04512
SM,EG,LAMC1,ITGA7_ITGB1,0.001112640320951532,0.03,LAMC1_ITGA7_ITGB1,LAMC1 - (ITGA7+ITGB1),LAMININ,ECM-Receptor,KEGG: hsa04512
EG,Immune,LAMC1,ITGA7_ITGB1,0.000928525659571229,0.04,LAMC1_ITGA7_ITGB1,LAMC1 - (ITGA7+ITGB1),LAMININ,ECM-Receptor,KEGG: hsa04512
ENDO,Keratinocyte,LAMB3,ITGA7_ITGB1,0.0009399260280794965,0.02,LAMB3_ITGA7_ITGB1,LAMB3 - (ITGA7+ITGB1),LAMININ,ECM-Receptor,KEGG: hsa04512
SM,SM,LAMB3,ITGA7_ITGB1,0.001322710036122901,0.0,LAMB3_ITGA7_ITGB1,LAMB3 - (ITGA7+ITGB1),LAMININ,ECM-Receptor,KEGG: hsa04512
EG,SM,LAMB3,ITGA7_ITGB1,0.0009974086577088956,0.0,LAMB3_ITGA7_ITGB1,LAMB3 - (ITGA7+ITGB1),LAMININ,ECM-Receptor,KEGG: hsa04512
FIB,Keratinocyte,LAMB2,ITGA7_ITGB1,0.0015224303937836376,0.03,LAMB2_ITGA7_ITGB1,LAMB2 - (ITGA7+ITGB1),LAMININ,ECM-Receptor,KEGG: hsa04512
ENDO,Keratinocyte,LAMB2,ITGA7_ITGB1,0.002228201580110984,0.0,LAMB2_ITGA7_ITGB1,LAMB2 - (ITGA7+ITGB1),LAMININ,ECM-Receptor,KEGG: hsa04512
EG,EG,LAMB2,ITGA7_ITGB1,0.002580283583471129,0.0,LAMB2_ITGA7_ITGB1,LAMB2 - (ITGA7+ITGB1),LAMININ,ECM-Receptor,KEGG: hsa04512
SM,SM,LAMB1,ITGA7_ITGB1,0.0017650527072445835,0.0,LAMB1_ITGA7_ITGB1,LAMB1 - (ITGA7+ITGB1),LAMININ,ECM-Receptor,KEGG: hsa04512
SM,EG,LAMB1,ITGA7_ITGB1,0.0006751617214875038,0.0,LAMB1_ITGA7_ITGB1,LAMB1 - (ITGA7+ITGB1),LAMININ,ECM-Receptor,KEGG: hsa04512
Immune,EG,LAMB1,ITGA7_ITGB1,0.0006169401607235901,0.01,LAMB1_ITGA7_ITGB1,LAMB1 - (ITGA7+ITGB1),LAMININ,ECM-Receptor,KEGG: hsa04512
SM,SM,LAMA5,ITGA7_ITGB1,0.0015805282641296718,0.0,LAMA5_ITGA7_ITGB1,LAMA5 - (ITGA7+ITGB1),LAMININ,ECM-Receptor,KEGG: hsa04512
Immune,EG,LAMA5,ITGA7_ITGB1,0.0010999518608344988,0.0,LAMA5_ITGA7_ITGB1,LAMA5 - (ITGA7+ITGB1),LAMININ,ECM-Receptor,KEGG: hsa04512
SM,SM,COL4A2,ITGA2_ITGB1,0.0015156557344905785,0.0,COL4A2_ITGA2_ITGB1,COL4A2 - (ITGA2+ITGB1),COLLAGEN,ECM-Receptor,KEGG: hsa04512
EG,ENDO,COL4A2,ITGA2_ITGB1,0.001100029944265059,0.0,COL4A2_ITGA2_ITGB1,COL4A2 - (ITGA2+ITGB1),COLLAGEN,ECM-Receptor,KEGG: hsa04512
ENDO,Keratinocyte,LAMA4,ITGA7_ITGB1,0.0009399260280794965,0.02,LAMA4_ITGA7_ITGB1,LAMA4 - (ITGA7+ITGB1),LAMININ,ECM-Receptor,KEGG: hsa04512
SM,SM,LAMA4,ITGA7_ITGB1,0.0015982761167362147,0.0,LAMA4_ITGA7_ITGB1,LAMA4 - (ITGA7+ITGB1),LAMININ,ECM-Receptor,KEGG: hsa04512
SM,EG,LAMA4,ITGA7_ITGB1,0.0010055416460807176,0.0,LAMA4_ITGA7_ITGB1,LAMA4 - (ITGA7+ITGB1),LAMININ,ECM-Receptor,KEGG: hsa04512
Immune,EG,LAMA4,ITGA7_ITGB1,0.0007831283763197952,0.04,LAMA4_ITGA7_ITGB1,LAMA4 - (ITGA7+ITGB1),LAMININ,ECM-Receptor,KEGG: hsa04512
SM,SM,LAMA2,ITGA7_ITGB1,0.0014137298171997285,0.0,LAMA2_ITGA7_ITGB1,LAMA2 - (ITGA7+ITGB1),LAMININ,ECM-Receptor,KEGG: hsa04512
EG,ENDO,LAMA2,ITGA7_ITGB1,0.0006445281153754231,0.02,LAMA2_ITGA7_ITGB1,LAMA2 - (ITGA7+ITGB1),LAMININ,ECM-Receptor,KEGG: hsa04512
EG,SM,LAMA2,ITGA7_ITGB1,0.0007504299875111557,0.0,LAMA2_ITGA7_ITGB1,LAMA2 - (ITGA7+ITGB1),LAMININ,ECM-Receptor,KEGG: hsa04512
FIB,FIB,LAMA1,ITGA7_ITGB1,0.000988552536544188,0.0,LAMA1_ITGA7_ITGB1,LAMA1 - (ITGA7+ITGB1),LAMININ,ECM-Receptor,KEGG: hsa04512
FIB,ENDO,LAMA1,ITGA7_ITGB1,0.001884017284889889,0.0,LAMA1_ITGA7_ITGB1,LAMA1 - (ITGA7+ITGB1),LAMININ,ECM-Receptor,KEGG: hsa04512
FIB,SM,LAMA1,ITGA7_ITGB1,0.0011718132836314816,0.04,LAMA1_ITGA7_ITGB1,LAMA1 - (ITGA7+ITGB1),LAMININ,ECM-Receptor,KEGG: hsa04512
SM,SM,LAMC3,ITGA6_ITGB1,0.0017711425310561752,0.0,LAMC3_ITGA6_ITGB1,LAMC3 - (ITGA6+ITGB1),LAMININ,ECM-Receptor,KEGG: hsa04512
SM,EG,LAMC3,ITGA6_ITGB1,0.001002770349583375,0.0,LAMC3_ITGA6_ITGB1,LAMC3 - (ITGA6+ITGB1),LAMININ,ECM-Receptor,KEGG: hsa04512
SM,Keratinocyte,LAMC3,ITGA6_ITGB1,0.0006836806365640389,0.02,LAMC3_ITGA6_ITGB1,LAMC3 - (ITGA6+ITGB1),LAMININ,ECM-Receptor,KEGG: hsa04512
FIB,ENDO,LAMC2,ITGA6_ITGB1,0.0005203668597693562,0.03,LAMC2_ITGA6_ITGB1,LAMC2 - (ITGA6+ITGB1),LAMININ,ECM-Receptor,KEGG: hsa04512
SM,EG,LAMC2,ITGA6_ITGB1,0.0008449301011169868,0.0,LAMC2_ITGA6_ITGB1,LAMC2 - (ITGA6+ITGB1),LAMININ,ECM-Receptor,KEGG: hsa04512
EG,EG,LAMC2,ITGA6_ITGB1,0.0009344449134128811,0.0,LAMC2_ITGA6_ITGB1,LAMC2 - (ITGA6+ITGB1),LAMININ,ECM-Receptor,KEGG: hsa04512
SM,EG,LAMC1,ITGA6_ITGB1,0.001155449238903028,0.03,LAMC1_ITGA6_ITGB1,LAMC1 - (ITGA6+ITGB1),LAMININ,ECM-Receptor,KEGG: hsa04512
EG,EG,LAMC1,ITGA6_ITGB1,0.0017874788687783302,0.0,LAMC1_ITGA6_ITGB1,LAMC1 - (ITGA6+ITGB1),LAMININ,ECM-Receptor,KEGG: hsa04512
Keratinocyte,SM,LAMC1,ITGA6_ITGB1,0.0011951555288046546,0.0,LAMC1_ITGA6_ITGB1,LAMC1 - (ITGA6+ITGB1),LAMININ,ECM-Receptor,KEGG: hsa04512
EG,SM,LAMB3,ITGA6_ITGB1,0.00143640070561134,0.0,LAMB3_ITGA6_ITGB1,LAMB3 - (ITGA6+ITGB1),LAMININ,ECM-Receptor,KEGG: hsa04512
EG,EG,LAMB3,ITGA6_ITGB1,0.0019254425997273855,0.0,LAMB3_ITGA6_ITGB1,LAMB3 - (ITGA6+ITGB1),LAMININ,ECM-Receptor,KEGG: hsa04512
EG,SM,LAMB2,ITGA6_ITGB1,0.001262435801121569,0.0,LAMB2_ITGA6_ITGB1,LAMB2 - (ITGA6+ITGB1),LAMININ,ECM-Receptor,KEGG: hsa04512
EG,EG,LAMB2,ITGA6_ITGB1,0.002473333305883084,0.0,LAMB2_ITGA6_ITGB1,LAMB2 - (ITGA6+ITGB1),LAMININ,ECM-Receptor,KEGG: hsa04512
ENDO,EG,LAMB1,ITGA6_ITGB1,0.0005649091959540462,0.03,LAMB1_ITGA6_ITGB1,LAMB1 - (ITGA6+ITGB1),LAMININ,ECM-Receptor,KEGG: hsa04512
SM,SM,LAMB1,ITGA6_ITGB1,0.0014400082123138815,0.0,LAMB1_ITGA6_ITGB1,LAMB1 - (ITGA6+ITGB1),LAMININ,ECM-Receptor,KEGG: hsa04512
SM,EG,LAMB1,ITGA6_ITGB1,0.0009565165148616932,0.0,LAMB1_ITGA6_ITGB1,LAMB1 - (ITGA6+ITGB1),LAMININ,ECM-Receptor,KEGG: hsa04512
Immune,EG,LAMB1,ITGA6_ITGB1,0.0006779771276625742,0.01,LAMB1_ITGA6_ITGB1,LAMB1 - (ITGA6+ITGB1),LAMININ,ECM-Receptor,KEGG: hsa04512
EG,SM,LAMA5,ITGA6_ITGB1,0.0009881416060668637,0.0,LAMA5_ITGA6_ITGB1,LAMA5 - (ITGA6+ITGB1),LAMININ,ECM-Receptor,KEGG: hsa04512
EG,EG,LAMA5,ITGA6_ITGB1,0.0015346113792676641,0.0,LAMA5_ITGA6_ITGB1,LAMA5 - (ITGA6+ITGB1),LAMININ,ECM-Receptor,KEGG: hsa04512
Immune,EG,LAMA5,ITGA6_ITGB1,0.0009190789264818515,0.03,LAMA5_ITGA6_ITGB1,LAMA5 - (ITGA6+ITGB1),LAMININ,ECM-Receptor,KEGG: hsa04512
SM,EG,LAMA4,ITGA6_ITGB1,0.0009550627910218324,0.0,LAMA4_ITGA6_ITGB1,LAMA4 - (ITGA6+ITGB1),LAMININ,ECM-Receptor,KEGG: hsa04512
EG,EG,LAMA4,ITGA6_ITGB1,0.001324929749237566,0.0,LAMA4_ITGA6_ITGB1,LAMA4 - (ITGA6+ITGB1),LAMININ,ECM-Receptor,KEGG: hsa04512
Keratinocyte,SM,LAMA4,ITGA6_ITGB1,0.0006627673482239423,0.01,LAMA4_ITGA6_ITGB1,LAMA4 - (ITGA6+ITGB1),LAMININ,ECM-Receptor,KEGG: hsa04512
Immune,EG,LAMA4,ITGA6_ITGB1,0.0006562418058656578,0.03,LAMA4_ITGA6_ITGB1,LAMA4 - (ITGA6+ITGB1),LAMININ,ECM-Receptor,KEGG: hsa04512
SM,SM,LAMA3,ITGA6_ITGB1,0.0012956222064261758,0.0,LAMA3_ITGA6_ITGB1,LAMA3 - (ITGA6+ITGB1),LAMININ,ECM-Receptor,KEGG: hsa04512
SM,EG,LAMA3,ITGA6_ITGB1,0.0006684089105234434,0.0,LAMA3_ITGA6_ITGB1,LAMA3 - (ITGA6+ITGB1),LAMININ,ECM-Receptor,KEGG: hsa04512
EG,EG,LAMA2,ITGA6_ITGB1,0.0011300503695037235,0.0,LAMA2_ITGA6_ITGB1,LAMA2 - (ITGA6+ITGB1),LAMININ,ECM-Receptor,KEGG: hsa04512
EG,Keratinocyte,LAMA2,ITGA6_ITGB1,0.0006286204967622605,0.0,LAMA2_ITGA6_ITGB1,LAMA2 - (ITGA6+ITGB1),LAMININ,ECM-Receptor,KEGG: hsa04512
FIB,ENDO,LAMA1,ITGA6_ITGB1,0.001884017284889889,0.0,LAMA1_ITGA6_ITGB1,LAMA1 - (ITGA6+ITGB1),LAMININ,ECM-Receptor,KEGG: hsa04512
FIB,SM,LAMA1,ITGA6_ITGB1,0.0007738166401559578,0.04,LAMA1_ITGA6_ITGB1,LAMA1 - (ITGA6+ITGB1),LAMININ,ECM-Receptor,KEGG: hsa04512
EG,EG,LAMA1,ITGA6_ITGB1,0.0008673415344231876,0.0,LAMA1_ITGA6_ITGB1,LAMA1 - (ITGA6+ITGB1),LAMININ,ECM-Receptor,KEGG: hsa04512
SM,FIB,LAMA3,ITGA7_ITGB1,0.00045491714786374474,0.02,LAMA3_ITGA7_ITGB1,LAMA3 - (ITGA7+ITGB1),LAMININ,ECM-Receptor,KEGG: hsa04512
SM,SM,LAMA3,ITGA7_ITGB1,0.0018569797360823098,0.0,LAMA3_ITGA7_ITGB1,LAMA3 - (ITGA7+ITGB1),LAMININ,ECM-Receptor,KEGG: hsa04512
SM,EG,LAMA3,ITGA7_ITGB1,0.0006195853860544737,0.0,LAMA3_ITGA7_ITGB1,LAMA3 - (ITGA7+ITGB1),LAMININ,ECM-Receptor,KEGG: hsa04512
ENDO,SM,COL4A5,ITGA2_ITGB1,0.0006791721687745721,0.0,COL4A5_ITGA2_ITGB1,COL4A5 - (ITGA2+ITGB1),COLLAGEN,ECM-Receptor,KEGG: hsa04512
EG,ENDO,COL4A5,ITGA2_ITGB1,0.000538416756974921,0.01,COL4A5_ITGA2_ITGB1,COL4A5 - (ITGA2+ITGB1),COLLAGEN,ECM-Receptor,KEGG: hsa04512
EG,EG,COL4A5,ITGA2_ITGB1,0.0006515646281323526,0.0,COL4A5_ITGA2_ITGB1,COL4A5 - (ITGA2+ITGB1),COLLAGEN,ECM-Receptor,KEGG: hsa04512
EG,ENDO,LAMC2,ITGA2_ITGB1,0.0006311690707811662,0.0,LAMC2_ITGA2_ITGB1,LAMC2 - (ITGA2+ITGB1),LAMININ,ECM-Receptor,KEGG: hsa04512
EG,EG,LAMC2,ITGA2_ITGB1,0.000663083174418833,0.0,LAMC2_ITGA2_ITGB1,LAMC2 - (ITGA2+ITGB1),LAMININ,ECM-Receptor,KEGG: hsa04512
SM,SM,LAMC3,ITGA2_ITGB1,0.0011856634450405495,0.0,LAMC3_ITGA2_ITGB1,LAMC3 - (ITGA2+ITGB1),LAMININ,ECM-Receptor,KEGG: hsa04512
EG,ENDO,LAMC3,ITGA2_ITGB1,0.0008542058927634104,0.0,LAMC3_ITGA2_ITGB1,LAMC3 - (ITGA2+ITGB1),LAMININ,ECM-Receptor,KEGG: hsa04512
ENDO,ENDO,CHAD,ITGA2_ITGB1,0.0009386119826511645,0.0,CHAD_ITGA2_ITGB1,CHAD - (ITGA2+ITGB1),CHAD,ECM-Receptor,KEGG: hsa04512
ENDO,EG,CHAD,ITGA2_ITGB1,0.00047094117835016596,0.04,CHAD_ITGA2_ITGB1,CHAD - (ITGA2+ITGB1),CHAD,ECM-Receptor,KEGG: hsa04512
SM,ENDO,CHAD,ITGA2_ITGB1,0.0014732186647638784,0.0,CHAD_ITGA2_ITGB1,CHAD - (ITGA2+ITGB1),CHAD,ECM-Receptor,KEGG: hsa04512
EG,ENDO,CHAD,ITGA2_ITGB1,0.0005901765077665628,0.04,CHAD_ITGA2_ITGB1,CHAD - (ITGA2+ITGB1),CHAD,ECM-Receptor,KEGG: hsa04512
FIB,ENDO,LAMA1,ITGA3_ITGB1,0.0015367689817950326,0.0,LAMA1_ITGA3_ITGB1,LAMA1 - (ITGA3+ITGB1),LAMININ,ECM-Receptor,KEGG: hsa04512
FIB,SM,LAMA1,ITGA3_ITGB1,0.0008233313245093703,0.04,LAMA1_ITGA3_ITGB1,LAMA1 - (ITGA3+ITGB1),LAMININ,ECM-Receptor,KEGG: hsa04512
EG,EG,LAMA1,ITGA3_ITGB1,0.000814256720023284,0.0,LAMA1_ITGA3_ITGB1,LAMA1 - (ITGA3+ITGB1),LAMININ,ECM-Receptor,KEGG: hsa04512
SM,SM,LAMA2,ITGA3_ITGB1,0.001113201186075505,0.0,LAMA2_ITGA3_ITGB1,LAMA2 - (ITGA3+ITGB1),LAMININ,ECM-Receptor,KEGG: hsa04512
EG,SM,LAMA2,ITGA3_ITGB1,0.0007567339538956404,0.0,LAMA2_ITGA3_ITGB1,LAMA2 - (ITGA3+ITGB1),LAMININ,ECM-Receptor,KEGG: hsa04512
EG,Keratinocyte,LAMA2,ITGA3_ITGB1,0.0006711375190272522,0.02,LAMA2_ITGA3_ITGB1,LAMA2 - (ITGA3+ITGB1),LAMININ,ECM-Receptor,KEGG: hsa04512
SM,SM,LAMA3,ITGA3_ITGB1,0.0014523909874365507,0.0,LAMA3_ITGA3_ITGB1,LAMA3 - (ITGA3+ITGB1),LAMININ,ECM-Receptor,KEGG: hsa04512
SM,EG,LAMA3,ITGA3_ITGB1,0.0006714643276310008,0.03,LAMA3_ITGA3_ITGB1,LAMA3 - (ITGA3+ITGB1),LAMININ,ECM-Receptor,KEGG: hsa04512
EG,ENDO,LAMA3,ITGA3_ITGB1,0.0006717156182285359,0.0,LAMA3_ITGA3_ITGB1,LAMA3 - (ITGA3+ITGB1),LAMININ,ECM-Receptor,KEGG: hsa04512
SM,SM,LAMA4,ITGA3_ITGB1,0.0017026587894821065,0.0,LAMA4_ITGA3_ITGB1,LAMA4 - (ITGA3+ITGB1),LAMININ,ECM-Receptor,KEGG: hsa04512
EG,SM,LAMA4,ITGA3_ITGB1,0.0012127320013072987,0.0,LAMA4_ITGA3_ITGB1,LAMA4 - (ITGA3+ITGB1),LAMININ,ECM-Receptor,KEGG: hsa04512
SM,SM,LAMA5,ITGA3_ITGB1,0.0015477355405826513,0.0,LAMA5_ITGA3_ITGB1,LAMA5 - (ITGA3+ITGB1),LAMININ,ECM-Receptor,KEGG: hsa04512
Immune,EG,LAMA5,ITGA3_ITGB1,0.0009893953605582893,0.0,LAMA5_ITGA3_ITGB1,LAMA5 - (ITGA3+ITGB1),LAMININ,ECM-Receptor,KEGG: hsa04512
SM,SM,LAMB1,ITGA3_ITGB1,0.0016571684287864181,0.0,LAMB1_ITGA3_ITGB1,LAMB1 - (ITGA3+ITGB1),LAMININ,ECM-Receptor,KEGG: hsa04512
SM,EG,LAMB1,ITGA3_ITGB1,0.0007497159911918881,0.03,LAMB1_ITGA3_ITGB1,LAMB1 - (ITGA3+ITGB1),LAMININ,ECM-Receptor,KEGG: hsa04512
EG,ENDO,LAMB1,ITGA3_ITGB1,0.0008342479928035427,0.0,LAMB1_ITGA3_ITGB1,LAMB1 - (ITGA3+ITGB1),LAMININ,ECM-Receptor,KEGG: hsa04512
EG,SM,LAMB2,ITGA3_ITGB1,0.0019216531155048378,0.0,LAMB2_ITGA3_ITGB1,LAMB2 - (ITGA3+ITGB1),LAMININ,ECM-Receptor,KEGG: hsa04512
EG,EG,LAMB2,ITGA3_ITGB1,0.0031791048699731073,0.0,LAMB2_ITGA3_ITGB1,LAMB2 - (ITGA3+ITGB1),LAMININ,ECM-Receptor,KEGG: hsa04512
EG,Keratinocyte,LAMB2,ITGA3_ITGB1,0.0018368734365336742,0.02,LAMB2_ITGA3_ITGB1,LAMB2 - (ITGA3+ITGB1),LAMININ,ECM-Receptor,KEGG: hsa04512
EG,Immune,LAMB2,ITGA3_ITGB1,0.001714329573117206,0.02,LAMB2_ITGA3_ITGB1,LAMB2 - (ITGA3+ITGB1),LAMININ,ECM-Receptor,KEGG: hsa04512
EG,ENDO,LAMB3,ITGA3_ITGB1,0.0010244960729864111,0.02,LAMB3_ITGA3_ITGB1,LAMB3 - (ITGA3+ITGB1),LAMININ,ECM-Receptor,KEGG: hsa04512
EG,SM,LAMB3,ITGA3_ITGB1,0.0012300551534652237,0.0,LAMB3_ITGA3_ITGB1,LAMB3 - (ITGA3+ITGB1),LAMININ,ECM-Receptor,KEGG: hsa04512
EG,EG,LAMB3,ITGA3_ITGB1,0.0015808719031186098,0.0,LAMB3_ITGA3_ITGB1,LAMB3 - (ITGA3+ITGB1),LAMININ,ECM-Receptor,KEGG: hsa04512
EG,Keratinocyte,LAMB3,ITGA3_ITGB1,0.000992788474717931,0.03,LAMB3_ITGA3_ITGB1,LAMB3 - (ITGA3+ITGB1),LAMININ,ECM-Receptor,KEGG: hsa04512
SM,SM,LAMC1,ITGA3_ITGB1,0.0018460807373283867,0.0,LAMC1_ITGA3_ITGB1,LAMC1 - (ITGA3+ITGB1),LAMININ,ECM-Receptor,KEGG: hsa04512
EG,SM,LAMC1,ITGA3_ITGB1,0.0011084991029572634,0.0,LAMC1_ITGA3_ITGB1,LAMC1 - (ITGA3+ITGB1),LAMININ,ECM-Receptor,KEGG: hsa04512
EG,Keratinocyte,LAMC1,ITGA3_ITGB1,0.0010759652488176335,0.02,LAMC1_ITGA3_ITGB1,LAMC1 - (ITGA3+ITGB1),LAMININ,ECM-Receptor,KEGG: hsa04512
FIB,FIB,LAMA1,ITGA6_ITGB4,0.0010506196079779265,0.0,LAMA1_ITGA6_ITGB4,LAMA1 - (ITGA6+ITGB4),LAMININ,ECM-Receptor,KEGG: hsa04512
FIB,ENDO,LAMA1,ITGA6_ITGB4,0.0020102034271917884,0.0,LAMA1_ITGA6_ITGB4,LAMA1 - (ITGA6+ITGB4),LAMININ,ECM-Receptor,KEGG: hsa04512
FIB,SM,LAMA1,ITGA6_ITGB4,0.0007977866779166686,0.04,LAMA1_ITGA6_ITGB4,LAMA1 - (ITGA6+ITGB4),LAMININ,ECM-Receptor,KEGG: hsa04512
SM,SM,LAMC1,ITGA2_ITGB1,0.0013157912374572574,0.0,LAMC1_ITGA2_ITGB1,LAMC1 - (ITGA2+ITGB1),LAMININ,ECM-Receptor,KEGG: hsa04512
EG,ENDO,LAMC1,ITGA2_ITGB1,0.0008775220190770305,0.0,LAMC1_ITGA2_ITGB1,LAMC1 - (ITGA2+ITGB1),LAMININ,ECM-Receptor,KEGG: hsa04512
FIB,ENDO,LAMC2,ITGA3_ITGB1,0.0006639721650911652,0.03,LAMC2_ITGA3_ITGB1,LAMC2 - (ITGA3+ITGB1),LAMININ,ECM-Receptor,KEGG: hsa04512
SM,EG,LAMC2,ITGA3_ITGB1,0.0008084787729394378,0.0,LAMC2_ITGA3_ITGB1,LAMC2 - (ITGA3+ITGB1),LAMININ,ECM-Receptor,KEGG: hsa04512
EG,EG,LAMC2,ITGA3_ITGB1,0.0008092413890978579,0.0,LAMC2_ITGA3_ITGB1,LAMC2 - (ITGA3+ITGB1),LAMININ,ECM-Receptor,KEGG: hsa04512
SM,SM,RELN,ITGA3_ITGB1,0.0014046932243671664,0.0,RELN_ITGA3_ITGB1,RELN - (ITGA3+ITGB1),RELN,ECM-Receptor,KEGG: hsa04512
SM,EG,RELN,ITGA3_ITGB1,0.0006019181883578424,0.03,RELN_ITGA3_ITGB1,RELN - (ITGA3+ITGB1),RELN,ECM-Receptor,KEGG: hsa04512
EG,ENDO,RELN,ITGA3_ITGB1,0.0007538588047362491,0.0,RELN_ITGA3_ITGB1,RELN - (ITGA3+ITGB1),RELN,ECM-Receptor,KEGG: hsa04512
EG,Immune,RELN,ITGA3_ITGB1,0.0005833954359218902,0.04,RELN_ITGA3_ITGB1,RELN - (ITGA3+ITGB1),RELN,ECM-Receptor,KEGG: hsa04512
SM,SM,THBS1,ITGA3_ITGB1,0.0017886398418899493,0.0,THBS1_ITGA3_ITGB1,THBS1 - (ITGA3+ITGB1),THBS,ECM-Receptor,KEGG: hsa04512
EG,SM,THBS1,ITGA3_ITGB1,0.001249300586635509,0.0,THBS1_ITGA3_ITGB1,THBS1 - (ITGA3+ITGB1),THBS,ECM-Receptor,KEGG: hsa04512
EG,Immune,THBS1,ITGA3_ITGB1,0.0008571102532031114,0.04,THBS1_ITGA3_ITGB1,THBS1 - (ITGA3+ITGB1),THBS,ECM-Receptor,KEGG: hsa04512
FIB,EG,THBS2,ITGA3_ITGB1,0.0011639241163436222,0.03,THBS2_ITGA3_ITGB1,THBS2 - (ITGA3+ITGB1),THBS,ECM-Receptor,KEGG: hsa04512
EG,SM,THBS2,ITGA3_ITGB1,0.0013966389403482172,0.0,THBS2_ITGA3_ITGB1,THBS2 - (ITGA3+ITGB1),THBS,ECM-Receptor,KEGG: hsa04512
EG,EG,THBS2,ITGA3_ITGB1,0.0019640881776796485,0.0,THBS2_ITGA3_ITGB1,THBS2 - (ITGA3+ITGB1),THBS,ECM-Receptor,KEGG: hsa04512
SM,SM,THBS3,ITGA3_ITGB1,0.0014977632698391658,0.0,THBS3_ITGA3_ITGB1,THBS3 - (ITGA3+ITGB1),THBS,ECM-Receptor,KEGG: hsa04512
SM,EG,THBS3,ITGA3_ITGB1,0.0010019884215691157,0.0,THBS3_ITGA3_ITGB1,THBS3 - (ITGA3+ITGB1),THBS,ECM-Receptor,KEGG: hsa04512
ENDO,FIB,THBS4,ITGA3_ITGB1,0.0007521735838377594,0.0,THBS4_ITGA3_ITGB1,THBS4 - (ITGA3+ITGB1),THBS,ECM-Receptor,KEGG: hsa04512
ENDO,SM,THBS4,ITGA3_ITGB1,0.000583916970087857,0.04,THBS4_ITGA3_ITGB1,THBS4 - (ITGA3+ITGB1),THBS,ECM-Receptor,KEGG: hsa04512
SM,SM,THBS4,ITGA3_ITGB1,0.0018827659847523341,0.0,THBS4_ITGA3_ITGB1,THBS4 - (ITGA3+ITGB1),THBS,ECM-Receptor,KEGG: hsa04512
EG,SM,COMP,ITGA3_ITGB1,0.001469024289330537,0.0,COMP_ITGA3_ITGB1,COMP - (ITGA3+ITGB1),THBS,ECM-Receptor,KEGG: hsa04512
EG,EG,COMP,ITGA3_ITGB1,0.0021377235622998523,0.0,COMP_ITGA3_ITGB1,COMP - (ITGA3+ITGB1),THBS,ECM-Receptor,KEGG: hsa04512
FIB,EG,COL1A1,ITGA3_ITGB1,0.0025910987800540205,0.03,COL1A1_ITGA3_ITGB1,COL1A1 - (ITGA3+ITGB1),COLLAGEN,ECM-Receptor,KEGG: hsa04512
SM,SM,COL1A1,ITGA3_ITGB1,0.0044569682326725275,0.0,COL1A1_ITGA3_ITGB1,COL1A1 - (ITGA3+ITGB1),COLLAGEN,ECM-Receptor,KEGG: hsa04512
EG,SM,COL1A1,ITGA3_ITGB1,0.0028783843853807806,0.0,COL1A1_ITGA3_ITGB1,COL1A1 - (ITGA3+ITGB1),COLLAGEN,ECM-Receptor,KEGG: hsa04512
FIB,EG,COL1A2,ITGA3_ITGB1,0.0025303327909410103,0.03,COL1A2_ITGA3_ITGB1,COL1A2 - (ITGA3+ITGB1),COLLAGEN,ECM-Receptor,KEGG: hsa04512
EG,SM,COL1A2,ITGA3_ITGB1,0.0033870268246334874,0.0,COL1A2_ITGA3_ITGB1,COL1A2 - (ITGA3+ITGB1),COLLAGEN,ECM-Receptor,KEGG: hsa04512
EG,EG,COL1A2,ITGA3_ITGB1,0.004932881881901858,0.0,COL1A2_ITGA3_ITGB1,COL1A2 - (ITGA3+ITGB1),COLLAGEN,ECM-Receptor,KEGG: hsa04512
SM,SM,COL4A1,ITGA3_ITGB1,0.002043296656201416,0.0,COL4A1_ITGA3_ITGB1,COL4A1 - (ITGA3+ITGB1),COLLAGEN,ECM-Receptor,KEGG: hsa04512
EG,SM,COL4A1,ITGA3_ITGB1,0.00167716210173078,0.0,COL4A1_ITGA3_ITGB1,COL4A1 - (ITGA3+ITGB1),COLLAGEN,ECM-Receptor,KEGG: hsa04512
EG,Immune,COL4A1,ITGA3_ITGB1,0.00127410323055965,0.04,COL4A1_ITGA3_ITGB1,COL4A1 - (ITGA3+ITGB1),COLLAGEN,ECM-Receptor,KEGG: hsa04512
Immune,EG,COL4A1,ITGA3_ITGB1,0.0012812611742929216,0.03,COL4A1_ITGA3_ITGB1,COL4A1 - (ITGA3+ITGB1),COLLAGEN,ECM-Receptor,KEGG: hsa04512
SM,SM,COL4A2,ITGA3_ITGB1,0.0022901183415237865,0.0,COL4A2_ITGA3_ITGB1,COL4A2 - (ITGA3+ITGB1),COLLAGEN,ECM-Receptor,KEGG: hsa04512
EG,SM,COL4A2,ITGA3_ITGB1,0.0015629215460294305,0.0,COL4A2_ITGA3_ITGB1,COL4A2 - (ITGA3+ITGB1),COLLAGEN,ECM-Receptor,KEGG: hsa04512
EG,Immune,COL4A2,ITGA3_ITGB1,0.001250102572914693,0.04,COL4A2_ITGA3_ITGB1,COL4A2 - (ITGA3+ITGB1),COLLAGEN,ECM-Receptor,KEGG: hsa04512
SM,SM,LAMC3,ITGA3_ITGB1,0.001860002724483164,0.0,LAMC3_ITGA3_ITGB1,LAMC3 - (ITGA3+ITGB1),LAMININ,ECM-Receptor,KEGG: hsa04512
EG,SM,LAMC3,ITGA3_ITGB1,0.0010143201586692767,0.0,LAMC3_ITGA3_ITGB1,LAMC3 - (ITGA3+ITGB1),LAMININ,ECM-Receptor,KEGG: hsa04512
FIB,EG,LAMB3,ITGA2_ITGB1,0.000680617730418173,0.04,LAMB3_ITGA2_ITGB1,LAMB3 - (ITGA2+ITGB1),LAMININ,ECM-Receptor,KEGG: hsa04512
SM,SM,LAMB3,ITGA2_ITGB1,0.0011506774810327977,0.0,LAMB3_ITGA2_ITGB1,LAMB3 - (ITGA2+ITGB1),LAMININ,ECM-Receptor,KEGG: hsa04512
EG,ENDO,LAMB3,ITGA2_ITGB1,0.0007811007004720689,0.0,LAMB3_ITGA2_ITGB1,LAMB3 - (ITGA2+ITGB1),LAMININ,ECM-Receptor,KEGG: hsa04512
Keratinocyte,EG,LAMB3,ITGA2_ITGB1,0.0005800861305423599,0.01,LAMB3_ITGA2_ITGB1,LAMB3 - (ITGA2+ITGB1),LAMININ,ECM-Receptor,KEGG: hsa04512
SM,SM,LAMB1,ITGA2_ITGB1,0.0014641612441792032,0.0,LAMB1_ITGA2_ITGB1,LAMB1 - (ITGA2+ITGB1),LAMININ,ECM-Receptor,KEGG: hsa04512
EG,ENDO,LAMB1,ITGA2_ITGB1,0.0009076106882615179,0.0,LAMB1_ITGA2_ITGB1,LAMB1 - (ITGA2+ITGB1),LAMININ,ECM-Receptor,KEGG: hsa04512
ENDO,SM,COL4A6,ITGA2_ITGB1,0.0005339465213838195,0.0,COL4A6_ITGA2_ITGB1,COL4A6 - (ITGA2+ITGB1),COLLAGEN,ECM-Receptor,KEGG: hsa04512
SM,SM,COL4A6,ITGA2_ITGB1,0.003972961831392985,0.0,COL4A6_ITGA2_ITGB1,COL4A6 - (ITGA2+ITGB1),COLLAGEN,ECM-Receptor,KEGG: hsa04512
Keratinocyte,EG,COL4A6,ITGA2_ITGB1,0.00034585885134030993,0.02,COL4A6_ITGA2_ITGB1,COL4A6 - (ITGA2+ITGB1),COLLAGEN,ECM-Receptor,KEGG: hsa04512
SM,SM,COL6A1,ITGA2_ITGB1,0.0018130446177549069,0.0,COL6A1_ITGA2_ITGB1,COL6A1 - (ITGA2+ITGB1),COLLAGEN,ECM-Receptor,KEGG: hsa04512
EG,ENDO,COL6A1,ITGA2_ITGB1,0.0015309104092560786,0.0,COL6A1_ITGA2_ITGB1,COL6A1 - (ITGA2+ITGB1),COLLAGEN,ECM-Receptor,KEGG: hsa04512
SM,SM,COL6A2,ITGA2_ITGB1,0.002234075543329487,0.0,COL6A2_ITGA2_ITGB1,COL6A2 - (ITGA2+ITGB1),COLLAGEN,ECM-Receptor,KEGG: hsa04512
EG,ENDO,COL6A2,ITGA2_ITGB1,0.001644563235761208,0.0,COL6A2_ITGA2_ITGB1,COL6A2 - (ITGA2+ITGB1),COLLAGEN,ECM-Receptor,KEGG: hsa04512
FIB,SM,COL6A5,ITGA2_ITGB1,0.0006031535609830589,0.0,COL6A5_ITGA2_ITGB1,COL6A5 - (ITGA2+ITGB1),COLLAGEN,ECM-Receptor,KEGG: hsa04512
EG,EG,COL6A5,ITGA2_ITGB1,0.0013224298271122675,0.0,COL6A5_ITGA2_ITGB1,COL6A5 - (ITGA2+ITGB1),COLLAGEN,ECM-Receptor,KEGG: hsa04512
Immune,ENDO,COL6A5,ITGA2_ITGB1,0.00025594496827773076,0.03,COL6A5_ITGA2_ITGB1,COL6A5 - (ITGA2+ITGB1),COLLAGEN,ECM-Receptor,KEGG: hsa04512
FIB,SM,COL6A6,ITGA2_ITGB1,0.0007860868415563069,0.02,COL6A6_ITGA2_ITGB1,COL6A6 - (ITGA2+ITGB1),COLLAGEN,ECM-Receptor,KEGG: hsa04512
ENDO,SM,COL6A6,ITGA2_ITGB1,0.000948431433046672,0.0,COL6A6_ITGA2_ITGB1,COL6A6 - (ITGA2+ITGB1),COLLAGEN,ECM-Receptor,KEGG: hsa04512
SM,ENDO,COL6A6,ITGA2_ITGB1,0.0007023961076580557,0.04,COL6A6_ITGA2_ITGB1,COL6A6 - (ITGA2+ITGB1),COLLAGEN,ECM-Receptor,KEGG: hsa04512
SM,SM,COL6A6,ITGA2_ITGB1,0.0006163175308627358,0.0,COL6A6_ITGA2_ITGB1,COL6A6 - (ITGA2+ITGB1),COLLAGEN,ECM-Receptor,KEGG: hsa04512
ENDO,SM,COL9A2,ITGA2_ITGB1,0.00047721560770465175,0.04,COL9A2_ITGA2_ITGB1,COL9A2 - (ITGA2+ITGB1),COLLAGEN,ECM-Receptor,KEGG: hsa04512
EG,ENDO,COL9A2,ITGA2_ITGB1,0.0009564433066661852,0.0,COL9A2_ITGA2_ITGB1,COL9A2 - (ITGA2+ITGB1),COLLAGEN,ECM-Receptor,KEGG: hsa04512
EG,EG,COL9A2,ITGA2_ITGB1,0.0008499352962434804,0.0,COL9A2_ITGA2_ITGB1,COL9A2 - (ITGA2+ITGB1),COLLAGEN,ECM-Receptor,KEGG: hsa04512
SM,SM,COL9A3,ITGA2_ITGB1,0.0009179473127692822,0.0,COL9A3_ITGA2_ITGB1,COL9A3 - (ITGA2+ITGB1),COLLAGEN,ECM-Receptor,KEGG: hsa04512
EG,ENDO,COL9A3,ITGA2_ITGB1,0.0007921378283760354,0.0,COL9A3_ITGA2_ITGB1,COL9A3 - (ITGA2+ITGB1),COLLAGEN,ECM-Receptor,KEGG: hsa04512
SM,SM,FN1,ITGA3_ITGB1,0.002411086413753053,0.0,FN1_ITGA3_ITGB1,FN1 - (ITGA3+ITGB1),FN1,ECM-Receptor,KEGG: hsa04512
EG,SM,FN1,ITGA3_ITGB1,0.0015057410003543024,0.0,FN1_ITGA3_ITGB1,FN1 - (ITGA3+ITGB1),FN1,ECM-Receptor,KEGG: hsa04512
SM,FIB,FN1,ITGA5_ITGB1,0.0009004180762278488,0.03,FN1_ITGA5_ITGB1,FN1 - (ITGA5+ITGB1),FN1,ECM-Receptor,KEGG: hsa04512
SM,SM,FN1,ITGA5_ITGB1,0.0024868016139439246,0.0,FN1_ITGA5_ITGB1,FN1 - (ITGA5+ITGB1),FN1,ECM-Receptor,KEGG: hsa04512
EG,SM,FN1,ITGA5_ITGB1,0.0013782473225590604,0.0,FN1_ITGA5_ITGB1,FN1 - (ITGA5+ITGB1),FN1,ECM-Receptor,KEGG: hsa04512
SM,FIB,FN1,ITGA8_ITGB1,0.0010314257265018033,0.03,FN1_ITGA8_ITGB1,FN1 - (ITGA8+ITGB1),FN1,ECM-Receptor,KEGG: hsa04512
SM,SM,FN1,ITGA8_ITGB1,0.002395684407786474,0.0,FN1_ITGA8_ITGB1,FN1 - (ITGA8+ITGB1),FN1,ECM-Receptor,KEGG: hsa04512
SM,EG,FN1,ITGA8_ITGB1,0.0015647310914770607,0.0,FN1_ITGA8_ITGB1,FN1 - (ITGA8+ITGB1),FN1,ECM-Receptor,KEGG: hsa04512
FIB,SM,LAMA1,ITGA1_ITGB1,0.000857320326792625,0.0,LAMA1_ITGA1_ITGB1,LAMA1 - (ITGA1+ITGB1),LAMININ,ECM-Receptor,KEGG: hsa04512
EG,SM,LAMA1,ITGA1_ITGB1,0.0007157361595250104,0.04,LAMA1_ITGA1_ITGB1,LAMA1 - (ITGA1+ITGB1),LAMININ,ECM-Receptor,KEGG: hsa04512
EG,EG,LAMA1,ITGA1_ITGB1,0.0007421595813833122,0.0,LAMA1_ITGA1_ITGB1,LAMA1 - (ITGA1+ITGB1),LAMININ,ECM-Receptor,KEGG: hsa04512
ENDO,SM,LAMB2,ITGA2_ITGB1,0.000663236749033205,0.04,LAMB2_ITGA2_ITGB1,LAMB2 - (ITGA2+ITGB1),LAMININ,ECM-Receptor,KEGG: hsa04512
SM,SM,LAMB2,ITGA2_ITGB1,0.001608600553421876,0.0,LAMB2_ITGA2_ITGB1,LAMB2 - (ITGA2+ITGB1),LAMININ,ECM-Receptor,KEGG: hsa04512
EG,ENDO,LAMB2,ITGA2_ITGB1,0.0012671169907517842,0.0,LAMB2_ITGA2_ITGB1,LAMB2 - (ITGA2+ITGB1),LAMININ,ECM-Receptor,KEGG: hsa04512
SM,SM,LAMA2,ITGA1_ITGB1,0.0012578704845137001,0.0,LAMA2_ITGA1_ITGB1,LAMA2 - (ITGA1+ITGB1),LAMININ,ECM-Receptor,KEGG: hsa04512
EG,SM,LAMA2,ITGA1_ITGB1,0.0008322742367062102,0.0,LAMA2_ITGA1_ITGB1,LAMA2 - (ITGA1+ITGB1),LAMININ,ECM-Receptor,KEGG: hsa04512
EG,Immune,LAMA2,ITGA1_ITGB1,0.0006624732997047882,0.01,LAMA2_ITGA1_ITGB1,LAMA2 - (ITGA1+ITGB1),LAMININ,ECM-Receptor,KEGG: hsa04512
SM,SM,LAMA4,ITGA1_ITGB1,0.0016109506351065289,0.0,LAMA4_ITGA1_ITGB1,LAMA4 - (ITGA1+ITGB1),LAMININ,ECM-Receptor,KEGG: hsa04512
SM,EG,LAMA4,ITGA1_ITGB1,0.0009415190326376381,0.0,LAMA4_ITGA1_ITGB1,LAMA4 - (ITGA1+ITGB1),LAMININ,ECM-Receptor,KEGG: hsa04512
EG,Immune,LAMA4,ITGA1_ITGB1,0.000660927158124816,0.04,LAMA4_ITGA1_ITGB1,LAMA4 - (ITGA1+ITGB1),LAMININ,ECM-Receptor,KEGG: hsa04512
SM,SM,LAMA5,ITGA1_ITGB1,0.0014347894310538334,0.0,LAMA5_ITGA1_ITGB1,LAMA5 - (ITGA1+ITGB1),LAMININ,ECM-Receptor,KEGG: hsa04512
SM,EG,LAMA5,ITGA1_ITGB1,0.0007967386427317624,0.0,LAMA5_ITGA1_ITGB1,LAMA5 - (ITGA1+ITGB1),LAMININ,ECM-Receptor,KEGG: hsa04512
Immune,EG,LAMA5,ITGA1_ITGB1,0.0007636328196468069,0.01,LAMA5_ITGA1_ITGB1,LAMA5 - (ITGA1+ITGB1),LAMININ,ECM-Receptor,KEGG: hsa04512
ENDO,EG,LAMB1,ITGA1_ITGB1,0.0006638812735137524,0.02,LAMB1_ITGA1_ITGB1,LAMB1 - (ITGA1+ITGB1),LAMININ,ECM-Receptor,KEGG: hsa04512
SM,SM,LAMB1,ITGA1_ITGB1,0.0017278149020789658,0.0,LAMB1_ITGA1_ITGB1,LAMB1 - (ITGA1+ITGB1),LAMININ,ECM-Receptor,KEGG: hsa04512
SM,EG,LAMB1,ITGA1_ITGB1,0.0008137762368087444,0.0,LAMB1_ITGA1_ITGB1,LAMB1 - (ITGA1+ITGB1),LAMININ,ECM-Receptor,KEGG: hsa04512
EG,SM,LAMB2,ITGA1_ITGB1,0.001104297104314367,0.0,LAMB2_ITGA1_ITGB1,LAMB2 - (ITGA1+ITGB1),LAMININ,ECM-Receptor,KEGG: hsa04512
EG,EG,LAMB2,ITGA1_ITGB1,0.0019822461946115907,0.0,LAMB2_ITGA1_ITGB1,LAMB2 - (ITGA1+ITGB1),LAMININ,ECM-Receptor,KEGG: hsa04512
EG,Immune,LAMB2,ITGA1_ITGB1,0.0010405875290374594,0.01,LAMB2_ITGA1_ITGB1,LAMB2 - (ITGA1+ITGB1),LAMININ,ECM-Receptor,KEGG: hsa04512
EG,SM,LAMB3,ITGA1_ITGB1,0.000928704796644203,0.0,LAMB3_ITGA1_ITGB1,LAMB3 - (ITGA1+ITGB1),LAMININ,ECM-Receptor,KEGG: hsa04512
EG,EG,LAMB3,ITGA1_ITGB1,0.0012895540485867074,0.0,LAMB3_ITGA1_ITGB1,LAMB3 - (ITGA1+ITGB1),LAMININ,ECM-Receptor,KEGG: hsa04512
SM,SM,LAMC1,ITGA1_ITGB1,0.001707859097947724,0.0,LAMC1_ITGA1_ITGB1,LAMC1 - (ITGA1+ITGB1),LAMININ,ECM-Receptor,KEGG: hsa04512
SM,EG,LAMC1,ITGA1_ITGB1,0.0009270520525290957,0.0,LAMC1_ITGA1_ITGB1,LAMC1 - (ITGA1+ITGB1),LAMININ,ECM-Receptor,KEGG: hsa04512
EG,Immune,LAMC1,ITGA1_ITGB1,0.0006940136676915323,0.04,LAMC1_ITGA1_ITGB1,LAMC1 - (ITGA1+ITGB1),LAMININ,ECM-Receptor,KEGG: hsa04512
FIB,ENDO,LAMC2,ITGA1_ITGB1,0.0007083162389102906,0.03,LAMC2_ITGA1_ITGB1,LAMC2 - (ITGA1+ITGB1),LAMININ,ECM-Receptor,KEGG: hsa04512
SM,SM,LAMC2,ITGA1_ITGB1,0.0012435832524508358,0.0,LAMC2_ITGA1_ITGB1,LAMC2 - (ITGA1+ITGB1),LAMININ,ECM-Receptor,KEGG: hsa04512
SM,EG,LAMC2,ITGA1_ITGB1,0.0007680485671096698,0.0,LAMC2_ITGA1_ITGB1,LAMC2 - (ITGA1+ITGB1),LAMININ,ECM-Receptor,KEGG: hsa04512
SM,SM,LAMC3,ITGA1_ITGB1,0.002093494867992108,0.0,LAMC3_ITGA1_ITGB1,LAMC3 - (ITGA1+ITGB1),LAMININ,ECM-Receptor,KEGG: hsa04512
SM,EG,LAMC3,ITGA1_ITGB1,0.0009204734840111373,0.0,LAMC3_ITGA1_ITGB1,LAMC3 - (ITGA1+ITGB1),LAMININ,ECM-Receptor,KEGG: hsa04512
EG,Immune,LAMC3,ITGA1_ITGB1,0.0006765093609365464,0.04,LAMC3_ITGA1_ITGB1,LAMC3 - (ITGA1+ITGB1),LAMININ,ECM-Receptor,KEGG: hsa04512
FIB,FIB,LAMA1,ITGA2_ITGB1,0.0015036429599160322,0.0,LAMA1_ITGA2_ITGB1,LAMA1 - (ITGA2+ITGB1),LAMININ,ECM-Receptor,KEGG: hsa04512
EG,ENDO,LAMA1,ITGA2_ITGB1,0.0009564433066661852,0.0,LAMA1_ITGA2_ITGB1,LAMA1 - (ITGA2+ITGB1),LAMININ,ECM-Receptor,KEGG: hsa04512
Keratinocyte,EG,LAMA1,ITGA2_ITGB1,0.0003022371805142753,0.03,LAMA1_ITGA2_ITGB1,LAMA1 - (ITGA2+ITGB1),LAMININ,ECM-Receptor,KEGG: hsa04512
SM,ENDO,LAMA2,ITGA2_ITGB1,0.0006043762693752404,0.04,LAMA2_ITGA2_ITGB1,LAMA2 - (ITGA2+ITGB1),LAMININ,ECM-Receptor,KEGG: hsa04512
SM,SM,LAMA2,ITGA2_ITGB1,0.0012350090325313307,0.0,LAMA2_ITGA2_ITGB1,LAMA2 - (ITGA2+ITGB1),LAMININ,ECM-Receptor,KEGG: hsa04512
EG,ENDO,LAMA2,ITGA2_ITGB1,0.0010279839287386891,0.0,LAMA2_ITGA2_ITGB1,LAMA2 - (ITGA2+ITGB1),LAMININ,ECM-Receptor,KEGG: hsa04512
SM,SM,LAMA3,ITGA2_ITGB1,0.0017241489839771858,0.0,LAMA3_ITGA2_ITGB1,LAMA3 - (ITGA2+ITGB1),LAMININ,ECM-Receptor,KEGG: hsa04512
EG,ENDO,LAMA3,ITGA2_ITGB1,0.0004416960481884591,0.0,LAMA3_ITGA2_ITGB1,LAMA3 - (ITGA2+ITGB1),LAMININ,ECM-Receptor,KEGG: hsa04512
EG,Keratinocyte,LAMA3,ITGA2_ITGB1,0.00040926770375555437,0.01,LAMA3_ITGA2_ITGB1,LAMA3 - (ITGA2+ITGB1),LAMININ,ECM-Receptor,KEGG: hsa04512
SM,SM,LAMA4,ITGA2_ITGB1,0.001201465476933536,0.0,LAMA4_ITGA2_ITGB1,LAMA4 - (ITGA2+ITGB1),LAMININ,ECM-Receptor,KEGG: hsa04512
EG,ENDO,LAMA4,ITGA2_ITGB1,0.0008333887160807071,0.0,LAMA4_ITGA2_ITGB1,LAMA4 - (ITGA2+ITGB1),LAMININ,ECM-Receptor,KEGG: hsa04512
FIB,EG,LAMA5,ITGA2_ITGB1,0.0004642780918022595,0.04,LAMA5_ITGA2_ITGB1,LAMA5 - (ITGA2+ITGB1),LAMININ,ECM-Receptor,KEGG: hsa04512
SM,SM,LAMA5,ITGA2_ITGB1,0.0010544851302175518,0.0,LAMA5_ITGA2_ITGB1,LAMA5 - (ITGA2+ITGB1),LAMININ,ECM-Receptor,KEGG: hsa04512
EG,ENDO,LAMA5,ITGA2_ITGB1,0.0008376315178103596,0.0,LAMA5_ITGA2_ITGB1,LAMA5 - (ITGA2+ITGB1),LAMININ,ECM-Receptor,KEGG: hsa04512
ENDO,EG,LAMA3,ITGA1_ITGB1,0.0005910957936990589,0.02,LAMA3_ITGA1_ITGB1,LAMA3 - (ITGA1+ITGB1),LAMININ,ECM-Receptor,KEGG: hsa04512
SM,EG,LAMA3,ITGA1_ITGB1,0.0008893325491607457,0.0,LAMA3_ITGA1_ITGB1,LAMA3 - (ITGA1+ITGB1),LAMININ,ECM-Receptor,KEGG: hsa04512
EG,EG,LAMA3,ITGA1_ITGB1,0.001014175142154487,0.0,LAMA3_ITGA1_ITGB1,LAMA3 - (ITGA1+ITGB1),LAMININ,ECM-Receptor,KEGG: hsa04512
SM,SM,TNC,ITGA9_ITGB1,0.0019506673347054928,0.0,TNC_ITGA9_ITGB1,TNC - (ITGA9+ITGB1),TENASCIN,ECM-Receptor,KEGG: hsa04512
SM,EG,TNC,ITGA9_ITGB1,0.000993491107614313,0.0,TNC_ITGA9_ITGB1,TNC - (ITGA9+ITGB1),TENASCIN,ECM-Receptor,KEGG: hsa04512
EG,ENDO,TNC,ITGA9_ITGB1,0.0009050142270755115,0.04,TNC_ITGA9_ITGB1,TNC - (ITGA9+ITGB1),TENASCIN,ECM-Receptor,KEGG: hsa04512
SM,SM,COL6A3,ITGA2_ITGB1,0.0012861077836095148,0.0,COL6A3_ITGA2_ITGB1,COL6A3 - (ITGA2+ITGB1),COLLAGEN,ECM-Receptor,KEGG: hsa04512
EG,ENDO,COL6A3,ITGA2_ITGB1,0.0008704307173376807,0.0,COL6A3_ITGA2_ITGB1,COL6A3 - (ITGA2+ITGB1),COLLAGEN,ECM-Receptor,KEGG: hsa04512
SM,FIB,TNN,ITGA9_ITGB1,0.0005469072592946754,0.0,TNN_ITGA9_ITGB1,TNN - (ITGA9+ITGB1),TENASCIN,ECM-Receptor,KEGG: hsa04512
SM,SM,TNN,ITGA9_ITGB1,0.0017760273973082327,0.0,TNN_ITGA9_ITGB1,TNN - (ITGA9+ITGB1),TENASCIN,ECM-Receptor,KEGG: hsa04512
ENDO,EG,LAMB1,ITGAV_ITGB8,0.0008438924114279388,0.01,LAMB1_ITGAV_ITGB8,LAMB1 - (ITGAV+ITGB8),LAMININ,ECM-Receptor,KEGG: hsa04512
SM,ENDO,LAMB1,ITGAV_ITGB8,0.000918210232794704,0.0,LAMB1_ITGAV_ITGB8,LAMB1 - (ITGAV+ITGB8),LAMININ,ECM-Receptor,KEGG: hsa04512
SM,SM,LAMB1,ITGAV_ITGB8,0.0023678622803805748,0.0,LAMB1_ITGAV_ITGB8,LAMB1 - (ITGAV+ITGB8),LAMININ,ECM-Receptor,KEGG: hsa04512
SM,SM,LAMA5,ITGAV_ITGB8,0.0017065560644207534,0.0,LAMA5_ITGAV_ITGB8,LAMA5 - (ITGAV+ITGB8),LAMININ,ECM-Receptor,KEGG: hsa04512
EG,ENDO,LAMA5,ITGAV_ITGB8,0.0005234410823506288,0.02,LAMA5_ITGAV_ITGB8,LAMA5 - (ITGAV+ITGB8),LAMININ,ECM-Receptor,KEGG: hsa04512
EG,SM,LAMA5,ITGAV_ITGB8,0.0008445001360337934,0.0,LAMA5_ITGAV_ITGB8,LAMA5 - (ITGAV+ITGB8),LAMININ,ECM-Receptor,KEGG: hsa04512
FIB,SM,LAMA4,ITGAV_ITGB8,0.0007210389101423019,0.0,LAMA4_ITGAV_ITGB8,LAMA4 - (ITGAV+ITGB8),LAMININ,ECM-Receptor,KEGG: hsa04512
SM,SM,LAMA4,ITGAV_ITGB8,0.0014837081525493122,0.0,LAMA4_ITGAV_ITGB8,LAMA4 - (ITGAV+ITGB8),LAMININ,ECM-Receptor,KEGG: hsa04512
EG,ENDO,LAMA4,ITGAV_ITGB8,0.00047830542344504454,0.04,LAMA4_ITGAV_ITGB8,LAMA4 - (ITGAV+ITGB8),LAMININ,ECM-Receptor,KEGG: hsa04512
SM,SM,LAMA3,ITGAV_ITGB8,0.0017187281817999435,0.0,LAMA3_ITGAV_ITGB8,LAMA3 - (ITGAV+ITGB8),LAMININ,ECM-Receptor,KEGG: hsa04512
SM,EG,LAMA3,ITGAV_ITGB8,0.0008645705770658134,0.0,LAMA3_ITGAV_ITGB8,LAMA3 - (ITGAV+ITGB8),LAMININ,ECM-Receptor,KEGG: hsa04512
SM,ENDO,LAMA2,ITGAV_ITGB8,0.0008041310549356106,0.0,LAMA2_ITGAV_ITGB8,LAMA2 - (ITGAV+ITGB8),LAMININ,ECM-Receptor,KEGG: hsa04512
SM,SM,LAMA2,ITGAV_ITGB8,0.0008869507299734565,0.0,LAMA2_ITGAV_ITGB8,LAMA2 - (ITGAV+ITGB8),LAMININ,ECM-Receptor,KEGG: hsa04512
FIB,SM,LAMA1,ITGAV_ITGB8,0.0011672132197815038,0.0,LAMA1_ITGAV_ITGB8,LAMA1 - (ITGAV+ITGB8),LAMININ,ECM-Receptor,KEGG: hsa04512
EG,ENDO,LAMA1,ITGAV_ITGB8,0.0006104587029000621,0.04,LAMA1_ITGAV_ITGB8,LAMA1 - (ITGAV+ITGB8),LAMININ,ECM-Receptor,KEGG: hsa04512
EG,EG,LAMA1,ITGAV_ITGB8,0.0005445315447092845,0.0,LAMA1_ITGAV_ITGB8,LAMA1 - (ITGAV+ITGB8),LAMININ,ECM-Receptor,KEGG: hsa04512
Keratinocyte,EG,LAMA1,ITGAV_ITGB8,0.0005956384865037775,0.03,LAMA1_ITGAV_ITGB8,LAMA1 - (ITGAV+ITGB8),LAMININ,ECM-Receptor,KEGG: hsa04512
SM,SM,FN1,ITGAV_ITGB8,0.0020425209962437424,0.0,FN1_ITGAV_ITGB8,FN1 - (ITGAV+ITGB8),FN1,ECM-Receptor,KEGG: hsa04512
EG,ENDO,FN1,ITGAV_ITGB8,0.0008549976645293219,0.02,FN1_ITGAV_ITGB8,FN1 - (ITGAV+ITGB8),FN1,ECM-Receptor,KEGG: hsa04512
EG,SM,FN1,ITGAV_ITGB8,0.0009680014975745793,0.0,FN1_ITGAV_ITGB8,FN1 - (ITGAV+ITGB8),FN1,ECM-Receptor,KEGG: hsa04512
SM,FIB,FN1,ITGAV_ITGB6,0.0005755111680137803,0.02,FN1_ITGAV_ITGB6,FN1 - (ITGAV+ITGB6),FN1,ECM-Receptor,KEGG: hsa04512
SM,EG,FN1,ITGAV_ITGB6,0.0008890476329859357,0.0,FN1_ITGAV_ITGB6,FN1 - (ITGAV+ITGB6),FN1,ECM-Receptor,KEGG: hsa04512
EG,EG,FN1,ITGAV_ITGB6,0.0008383194420202912,0.0,FN1_ITGAV_ITGB6,FN1 - (ITGAV+ITGB6),FN1,ECM-Receptor,KEGG: hsa04512
SM,EG,TNXB,ITGAV_ITGB6,0.000797811678652857,0.0,TNXB_ITGAV_ITGB6,TNXB - (ITGAV+ITGB6),TENASCIN,ECM-Receptor,KEGG: hsa04512
EG,EG,TNXB,ITGAV_ITGB6,0.0008941596116432256,0.0,TNXB_ITGAV_ITGB6,TNXB - (ITGAV+ITGB6),TENASCIN,ECM-Receptor,KEGG: hsa04512
Immune,EG,TNXB,ITGAV_ITGB6,0.0006485458945764806,0.01,TNXB_ITGAV_ITGB6,TNXB - (ITGAV+ITGB6),TENASCIN,ECM-Receptor,KEGG: hsa04512
FIB,EG,TNN,ITGAV_ITGB6,0.0002508892729340267,0.03,TNN_ITGAV_ITGB6,TNN - (ITGAV+ITGB6),TENASCIN,ECM-Receptor,KEGG: hsa04512
EG,FIB,TNN,ITGAV_ITGB6,0.0002576636022217301,0.0,TNN_ITGAV_ITGB6,TNN - (ITGAV+ITGB6),TENASCIN,ECM-Receptor,KEGG: hsa04512
EG,EG,TNN,ITGAV_ITGB6,0.00031361751092953347,0.0,TNN_ITGAV_ITGB6,TNN - (ITGAV+ITGB6),TENASCIN,ECM-Receptor,KEGG: hsa04512
FIB,EG,TNC,ITGAV_ITGB6,0.0006061650312320693,0.03,TNC_ITGAV_ITGB6,TNC - (ITGAV+ITGB6),TENASCIN,ECM-Receptor,KEGG: hsa04512
ENDO,FIB,TNC,ITGAV_ITGB6,0.0006442315439271526,0.03,TNC_ITGAV_ITGB6,TNC - (ITGAV+ITGB6),TENASCIN,ECM-Receptor,KEGG: hsa04512
SM,EG,TNC,ITGAV_ITGB6,0.000691825098141377,0.0,TNC_ITGAV_ITGB6,TNC - (ITGAV+ITGB6),TENASCIN,ECM-Receptor,KEGG: hsa04512
EG,EG,TNC,ITGAV_ITGB6,0.0008018186132545689,0.0,TNC_ITGAV_ITGB6,TNC - (ITGAV+ITGB6),TENASCIN,ECM-Receptor,KEGG: hsa04512
SM,SM,FN1,ITGAV_ITGB1,0.0025972388499972032,0.0,FN1_ITGAV_ITGB1,FN1 - (ITGAV+ITGB1),FN1,ECM-Receptor,KEGG: hsa04512
SM,EG,FN1,ITGAV_ITGB1,0.001494327439041263,0.0,FN1_ITGAV_ITGB1,FN1 - (ITGAV+ITGB1),FN1,ECM-Receptor,KEGG: hsa04512
FIB,SM,COL9A3,ITGA11_ITGB1,0.0009371083361166911,0.0,COL9A3_ITGA11_ITGB1,COL9A3 - (ITGA11+ITGB1),COLLAGEN,ECM-Receptor,KEGG: hsa04512
SM,SM,COL9A3,ITGA11_ITGB1,0.0012444770763492766,0.0,COL9A3_ITGA11_ITGB1,COL9A3 - (ITGA11+ITGB1),COLLAGEN,ECM-Receptor,KEGG: hsa04512
EG,ENDO,COL9A3,ITGA11_ITGB1,0.0006789879547664033,0.04,COL9A3_ITGA11_ITGB1,COL9A3 - (ITGA11+ITGB1),COLLAGEN,ECM-Receptor,KEGG: hsa04512
FIB,ENDO,COL9A2,ITGA11_ITGB1,0.0014842288226518498,0.0,COL9A2_ITGA11_ITGB1,COL9A2 - (ITGA11+ITGB1),COLLAGEN,ECM-Receptor,KEGG: hsa04512
EG,ENDO,COL9A2,ITGA11_ITGB1,0.0008776051419087806,0.03,COL9A2_ITGA11_ITGB1,COL9A2 - (ITGA11+ITGB1),COLLAGEN,ECM-Receptor,KEGG: hsa04512
EG,EG,COL9A2,ITGA11_ITGB1,0.0011693907883110657,0.0,COL9A2_ITGA11_ITGB1,COL9A2 - (ITGA11+ITGB1),COLLAGEN,ECM-Receptor,KEGG: hsa04512
FIB,EG,COL9A2,ITGAV_ITGB8,0.0004339919724971444,0.04,COL9A2_ITGAV_ITGB8,COL9A2 - (ITGAV+ITGB8),COLLAGEN,ECM-Receptor,KEGG: hsa04512
SM,SM,COL9A2,ITGAV_ITGB8,0.0019166796366859515,0.0,COL9A2_ITGAV_ITGB8,COL9A2 - (ITGAV+ITGB8),COLLAGEN,ECM-Receptor,KEGG: hsa04512
EG,ENDO,COL9A2,ITGAV_ITGB8,0.0006104587029000621,0.0,COL9A2_ITGAV_ITGB8,COL9A2 - (ITGAV+ITGB8),COLLAGEN,ECM-Receptor,KEGG: hsa04512
FIB,SM,COL6A6,ITGAV_ITGB8,0.0004631470977635034,0.04,COL6A6_ITGAV_ITGB8,COL6A6 - (ITGAV+ITGB8),COLLAGEN,ECM-Receptor,KEGG: hsa04512
FIB,EG,COL6A6,ITGAV_ITGB8,0.0005777180440195906,0.0,COL6A6_ITGAV_ITGB8,COL6A6 - (ITGAV+ITGB8),COLLAGEN,ECM-Receptor,KEGG: hsa04512
ENDO,ENDO,COL6A6,ITGAV_ITGB8,0.0012942680283872794,0.0,COL6A6_ITGAV_ITGB8,COL6A6 - (ITGAV+ITGB8),COLLAGEN,ECM-Receptor,KEGG: hsa04512
FIB,SM,COL6A5,ITGAV_ITGB8,0.0007306795268316277,0.0,COL6A5_ITGAV_ITGB8,COL6A5 - (ITGAV+ITGB8),COLLAGEN,ECM-Receptor,KEGG: hsa04512
EG,EG,COL6A5,ITGAV_ITGB8,0.0004944546100617819,0.0,COL6A5_ITGAV_ITGB8,COL6A5 - (ITGAV+ITGB8),COLLAGEN,ECM-Receptor,KEGG: hsa04512
Immune,ENDO,COL6A5,ITGAV_ITGB8,0.0001652346473934752,0.03,COL6A5_ITGAV_ITGB8,COL6A5 - (ITGAV+ITGB8),COLLAGEN,ECM-Receptor,KEGG: hsa04512
Immune,Keratinocyte,COL6A5,ITGAV_ITGB8,0.00015516654362279414,0.03,COL6A5_ITGAV_ITGB8,COL6A5 - (ITGAV+ITGB8),COLLAGEN,ECM-Receptor,KEGG: hsa04512
FIB,SM,COL6A3,ITGAV_ITGB8,0.0007328057301342067,0.0,COL6A3_ITGAV_ITGB8,COL6A3 - (ITGAV+ITGB8),COLLAGEN,ECM-Receptor,KEGG: hsa04512
SM,SM,COL6A3,ITGAV_ITGB8,0.0016484744301253475,0.0,COL6A3_ITGAV_ITGB8,COL6A3 - (ITGAV+ITGB8),COLLAGEN,ECM-Receptor,KEGG: hsa04512
EG,ENDO,COL6A3,ITGAV_ITGB8,0.0006219939183741711,0.04,COL6A3_ITGAV_ITGB8,COL6A3 - (ITGAV+ITGB8),COLLAGEN,ECM-Receptor,KEGG: hsa04512
EG,SM,COL6A3,ITGAV_ITGB8,0.0005902405255394939,0.04,COL6A3_ITGAV_ITGB8,COL6A3 - (ITGAV+ITGB8),COLLAGEN,ECM-Receptor,KEGG: hsa04512
SM,SM,COL6A2,ITGAV_ITGB8,0.002563912042427697,0.0,COL6A2_ITGAV_ITGB8,COL6A2 - (ITGAV+ITGB8),COLLAGEN,ECM-Receptor,KEGG: hsa04512
EG,ENDO,COL6A2,ITGAV_ITGB8,0.0015247036329344731,0.0,COL6A2_ITGAV_ITGB8,COL6A2 - (ITGAV+ITGB8),COLLAGEN,ECM-Receptor,KEGG: hsa04512
SM,SM,COL6A1,ITGAV_ITGB8,0.0022453957612149048,0.0,COL6A1_ITGAV_ITGB8,COL6A1 - (ITGAV+ITGB8),COLLAGEN,ECM-Receptor,KEGG: hsa04512
EG,ENDO,COL6A1,ITGAV_ITGB8,0.0015120257063915299,0.0,COL6A1_ITGAV_ITGB8,COL6A1 - (ITGAV+ITGB8),COLLAGEN,ECM-Receptor,KEGG: hsa04512
FIB,Immune,COL4A6,ITGAV_ITGB8,0.0006584992763587617,0.0,COL4A6_ITGAV_ITGB8,COL4A6 - (ITGAV+ITGB8),COLLAGEN,ECM-Receptor,KEGG: hsa04512
SM,EG,COL4A6,ITGAV_ITGB8,0.0005773067300227618,0.04,COL4A6_ITGAV_ITGB8,COL4A6 - (ITGAV+ITGB8),COLLAGEN,ECM-Receptor,KEGG: hsa04512
EG,EG,COL4A6,ITGAV_ITGB8,0.0006605083482295567,0.0,COL4A6_ITGAV_ITGB8,COL4A6 - (ITGAV+ITGB8),COLLAGEN,ECM-Receptor,KEGG: hsa04512
SM,SM,COL4A2,ITGAV_ITGB8,0.0019075941092497968,0.0,COL4A2_ITGAV_ITGB8,COL4A2 - (ITGAV+ITGB8),COLLAGEN,ECM-Receptor,KEGG: hsa04512
EG,ENDO,COL4A2,ITGAV_ITGB8,0.0008619944215020795,0.02,COL4A2_ITGAV_ITGB8,COL4A2 - (ITGAV+ITGB8),COLLAGEN,ECM-Receptor,KEGG: hsa04512
EG,SM,COL4A2,ITGAV_ITGB8,0.0010123327219958942,0.0,COL4A2_ITGAV_ITGB8,COL4A2 - (ITGAV+ITGB8),COLLAGEN,ECM-Receptor,KEGG: hsa04512
SM,SM,COL4A1,ITGAV_ITGB8,0.0018199297223394802,0.0,COL4A1_ITGAV_ITGB8,COL4A1 - (ITGAV+ITGB8),COLLAGEN,ECM-Receptor,KEGG: hsa04512
EG,ENDO,COL4A1,ITGAV_ITGB8,0.0007275347654570956,0.02,COL4A1_ITGAV_ITGB8,COL4A1 - (ITGAV+ITGB8),COLLAGEN,ECM-Receptor,KEGG: hsa04512
EG,SM,COL4A1,ITGAV_ITGB8,0.0007872846726468813,0.0,COL4A1_ITGAV_ITGB8,COL4A1 - (ITGAV+ITGB8),COLLAGEN,ECM-Receptor,KEGG: hsa04512
SM,ENDO,COL1A2,ITGAV_ITGB8,0.0013904175599411238,0.04,COL1A2_ITGAV_ITGB8,COL1A2 - (ITGAV+ITGB8),COLLAGEN,ECM-Receptor,KEGG: hsa04512
SM,SM,COL1A2,ITGAV_ITGB8,0.003110850179469439,0.0,COL1A2_ITGAV_ITGB8,COL1A2 - (ITGAV+ITGB8),COLLAGEN,ECM-Receptor,KEGG: hsa04512
EG,ENDO,COL1A2,ITGAV_ITGB8,0.0015760573507439884,0.0,COL1A2_ITGAV_ITGB8,COL1A2 - (ITGAV+ITGB8),COLLAGEN,ECM-Receptor,KEGG: hsa04512
SM,SM,COL1A1,ITGAV_ITGB8,0.0029321246127593363,0.0,COL1A1_ITGAV_ITGB8,COL1A1 - (ITGAV+ITGB8),COLLAGEN,ECM-Receptor,KEGG: hsa04512
EG,ENDO,COL1A1,ITGAV_ITGB8,0.0015638904760164587,0.0,COL1A1_ITGAV_ITGB8,COL1A1 - (ITGAV+ITGB8),COLLAGEN,ECM-Receptor,KEGG: hsa04512
SM,SM,LAMC3,ITGAV_ITGB8,0.0021101683963454165,0.0,LAMC3_ITGAV_ITGB8,LAMC3 - (ITGAV+ITGB8),LAMININ,ECM-Receptor,KEGG: hsa04512
EG,ENDO,LAMC3,ITGAV_ITGB8,0.0006217717587793693,0.02,LAMC3_ITGAV_ITGB8,LAMC3 - (ITGAV+ITGB8),LAMININ,ECM-Receptor,KEGG: hsa04512
EG,SM,LAMC3,ITGAV_ITGB8,0.0009380592573117802,0.0,LAMC3_ITGAV_ITGB8,LAMC3 - (ITGAV+ITGB8),LAMININ,ECM-Receptor,KEGG: hsa04512
FIB,ENDO,LAMC2,ITGAV_ITGB8,0.00046273421366171253,0.04,LAMC2_ITGAV_ITGB8,LAMC2 - (ITGAV+ITGB8),LAMININ,ECM-Receptor,KEGG: hsa04512
SM,SM,LAMC2,ITGAV_ITGB8,0.001595549714269798,0.0,LAMC2_ITGAV_ITGB8,LAMC2 - (ITGAV+ITGB8),LAMININ,ECM-Receptor,KEGG: hsa04512
SM,EG,LAMC2,ITGAV_ITGB8,0.0005444797900729131,0.0,LAMC2_ITGAV_ITGB8,LAMC2 - (ITGAV+ITGB8),LAMININ,ECM-Receptor,KEGG: hsa04512
SM,SM,LAMC1,ITGAV_ITGB8,0.0016461249567105616,0.0,LAMC1_ITGAV_ITGB8,LAMC1 - (ITGAV+ITGB8),LAMININ,ECM-Receptor,KEGG: hsa04512
EG,ENDO,LAMC1,ITGAV_ITGB8,0.0006709501883702708,0.0,LAMC1_ITGAV_ITGB8,LAMC1 - (ITGAV+ITGB8),LAMININ,ECM-Receptor,KEGG: hsa04512
SM,SM,LAMB3,ITGAV_ITGB8,0.001248493783584936,0.0,LAMB3_ITGAV_ITGB8,LAMB3 - (ITGAV+ITGB8),LAMININ,ECM-Receptor,KEGG: hsa04512
EG,SM,LAMB3,ITGAV_ITGB8,0.0008455910561065342,0.0,LAMB3_ITGAV_ITGB8,LAMB3 - (ITGAV+ITGB8),LAMININ,ECM-Receptor,KEGG: hsa04512
SM,ENDO,LAMB2,ITGAV_ITGB8,0.0007136990273841459,0.04,LAMB2_ITGAV_ITGB8,LAMB2 - (ITGAV+ITGB8),LAMININ,ECM-Receptor,KEGG: hsa04512
SM,SM,LAMB2,ITGAV_ITGB8,0.0017399030060967872,0.0,LAMB2_ITGAV_ITGB8,LAMB2 - (ITGAV+ITGB8),LAMININ,ECM-Receptor,KEGG: hsa04512
EG,ENDO,LAMB2,ITGAV_ITGB8,0.0010009111186020253,0.0,LAMB2_ITGAV_ITGB8,LAMB2 - (ITGAV+ITGB8),LAMININ,ECM-Receptor,KEGG: hsa04512
ENDO,FIB,COL6A2,ITGA10_ITGB1,0.0018587297163297901,0.04,COL6A2_ITGA10_ITGB1,COL6A2 - (ITGA10+ITGB1),COLLAGEN,ECM-Receptor,KEGG: hsa04512
EG,FIB,COL6A2,ITGA10_ITGB1,0.0020362125156158394,0.0,COL6A2_ITGA10_ITGB1,COL6A2 - (ITGA10+ITGB1),COLLAGEN,ECM-Receptor,KEGG: hsa04512
EG,EG,COL6A2,ITGA10_ITGB1,0.002483210307822032,0.0,COL6A2_ITGA10_ITGB1,COL6A2 - (ITGA10+ITGB1),COLLAGEN,ECM-Receptor,KEGG: hsa04512
ENDO,EG,LAMA3,ITGA9_ITGB1,0.0004921985139584051,0.03,LAMA3_ITGA9_ITGB1,LAMA3 - (ITGA9+ITGB1),LAMININ,ECM-Receptor,KEGG: hsa04512
SM,SM,LAMA3,ITGA9_ITGB1,0.0013148141498284113,0.0,LAMA3_ITGA9_ITGB1,LAMA3 - (ITGA9+ITGB1),LAMININ,ECM-Receptor,KEGG: hsa04512
EG,ENDO,LAMA3,ITGA9_ITGB1,0.0006259718389548559,0.0,LAMA3_ITGA9_ITGB1,LAMA3 - (ITGA9+ITGB1),LAMININ,ECM-Receptor,KEGG: hsa04512
EG,SM,LAMA3,ITGA9_ITGB1,0.000485887042469039,0.04,LAMA3_ITGA9_ITGB1,LAMA3 - (ITGA9+ITGB1),LAMININ,ECM-Receptor,KEGG: hsa04512
SM,SM,COL1A2,ITGA11_ITGB1,0.0032103055250027202,0.0,COL1A2_ITGA11_ITGB1,COL1A2 - (ITGA11+ITGB1),COLLAGEN,ECM-Receptor,KEGG: hsa04512
EG,ENDO,COL1A2,ITGA11_ITGB1,0.002409557176068586,0.0,COL1A2_ITGA11_ITGB1,COL1A2 - (ITGA11+ITGB1),COLLAGEN,ECM-Receptor,KEGG: hsa04512
SM,SM,COL1A1,ITGA11_ITGB1,0.003071938644092255,0.0,COL1A1_ITGA11_ITGB1,COL1A1 - (ITGA11+ITGB1),COLLAGEN,ECM-Receptor,KEGG: hsa04512
EG,ENDO,COL1A1,ITGA11_ITGB1,0.002315656633019775,0.0,COL1A1_ITGA11_ITGB1,COL1A1 - (ITGA11+ITGB1),COLLAGEN,ECM-Receptor,KEGG: hsa04512
SM,FIB,COL9A3,ITGA10_ITGB1,0.0008247443904571867,0.04,COL9A3_ITGA10_ITGB1,COL9A3 - (ITGA10+ITGB1),COLLAGEN,ECM-Receptor,KEGG: hsa04512
EG,FIB,COL9A3,ITGA10_ITGB1,0.0012085282415904533,0.0,COL9A3_ITGA10_ITGB1,COL9A3 - (ITGA10+ITGB1),COLLAGEN,ECM-Receptor,KEGG: hsa04512
EG,EG,COL9A3,ITGA10_ITGB1,0.0007403029877278298,0.0,COL9A3_ITGA10_ITGB1,COL9A3 - (ITGA10+ITGB1),COLLAGEN,ECM-Receptor,KEGG: hsa04512
FIB,FIB,COL6A3,ITGA10_ITGB1,0.0013207271233859096,0.0,COL6A3_ITGA10_ITGB1,COL6A3 - (ITGA10+ITGB1),COLLAGEN,ECM-Receptor,KEGG: hsa04512
ENDO,FIB,COL6A3,ITGA10_ITGB1,0.001166088430974493,0.0,COL6A3_ITGA10_ITGB1,COL6A3 - (ITGA10+ITGB1),COLLAGEN,ECM-Receptor,KEGG: hsa04512
ENDO,SM,COL6A3,ITGA10_ITGB1,0.0011613308512976367,0.04,COL6A3_ITGA10_ITGB1,COL6A3 - (ITGA10+ITGB1),COLLAGEN,ECM-Receptor,KEGG: hsa04512
FIB,FIB,COL6A6,ITGA11_ITGB1,0.0007156679108762589,0.0,COL6A6_ITGA11_ITGB1,COL6A6 - (ITGA11+ITGB1),COLLAGEN,ECM-Receptor,KEGG: hsa04512
FIB,SM,COL6A6,ITGA11_ITGB1,0.0008192693890280673,0.04,COL6A6_ITGA11_ITGB1,COL6A6 - (ITGA11+ITGB1),COLLAGEN,ECM-Receptor,KEGG: hsa04512
FIB,EG,COL6A6,ITGA11_ITGB1,0.000877740812123269,0.0,COL6A6_ITGA11_ITGB1,COL6A6 - (ITGA11+ITGB1),COLLAGEN,ECM-Receptor,KEGG: hsa04512
SM,ENDO,COL6A1,ITGA10_ITGB1,0.0027649925937528177,0.0,COL6A1_ITGA10_ITGB1,COL6A1 - (ITGA10+ITGB1),COLLAGEN,ECM-Receptor,KEGG: hsa04512
EG,EG,COL6A1,ITGA10_ITGB1,0.0021583239777914474,0.0,COL6A1_ITGA10_ITGB1,COL6A1 - (ITGA10+ITGB1),COLLAGEN,ECM-Receptor,KEGG: hsa04512
SM,EG,COL4A6,ITGA10_ITGB1,0.0007483425762851025,0.02,COL4A6_ITGA10_ITGB1,COL4A6 - (ITGA10+ITGB1),COLLAGEN,ECM-Receptor,KEGG: hsa04512
EG,FIB,COL4A6,ITGA10_ITGB1,0.0007728795657346313,0.0,COL4A6_ITGA10_ITGB1,COL4A6 - (ITGA10+ITGB1),COLLAGEN,ECM-Receptor,KEGG: hsa04512
Immune,Immune,COL4A6,ITGA10_ITGB1,0.000203414494593131,0.0,COL4A6_ITGA10_ITGB1,COL4A6 - (ITGA10+ITGB1),COLLAGEN,ECM-Receptor,KEGG: hsa04512
FIB,FIB,COL4A5,ITGA10_ITGB1,0.0015810249008091542,0.0,COL4A5_ITGA10_ITGB1,COL4A5 - (ITGA10+ITGB1),COLLAGEN,ECM-Receptor,KEGG: hsa04512
ENDO,FIB,COL4A5,ITGA10_ITGB1,0.0007672760521355349,0.01,COL4A5_ITGA10_ITGB1,COL4A5 - (ITGA10+ITGB1),COLLAGEN,ECM-Receptor,KEGG: hsa04512
SM,FIB,COL4A5,ITGA10_ITGB1,0.0010574989818048332,0.0,COL4A5_ITGA10_ITGB1,COL4A5 - (ITGA10+ITGB1),COLLAGEN,ECM-Receptor,KEGG: hsa04512
ENDO,ENDO,COL4A2,ITGA10_ITGB1,0.0016081501970311844,0.0,COL4A2_ITGA10_ITGB1,COL4A2 - (ITGA10+ITGB1),COLLAGEN,ECM-Receptor,KEGG: hsa04512
ENDO,SM,COL4A2,ITGA10_ITGB1,0.001318147587034182,0.03,COL4A2_ITGA10_ITGB1,COL4A2 - (ITGA10+ITGB1),COLLAGEN,ECM-Receptor,KEGG: hsa04512
EG,FIB,COL4A2,ITGA10_ITGB1,0.0014377944049004852,0.0,COL4A2_ITGA10_ITGB1,COL4A2 - (ITGA10+ITGB1),COLLAGEN,ECM-Receptor,KEGG: hsa04512
ENDO,FIB,COL4A1,ITGA10_ITGB1,0.0009890964343493066,0.0,COL4A1_ITGA10_ITGB1,COL4A1 - (ITGA10+ITGB1),COLLAGEN,ECM-Receptor,KEGG: hsa04512
ENDO,ENDO,COL4A1,ITGA10_ITGB1,0.0018155197019656742,0.0,COL4A1_ITGA10_ITGB1,COL4A1 - (ITGA10+ITGB1),COLLAGEN,ECM-Receptor,KEGG: hsa04512
EG,FIB,COL4A1,ITGA10_ITGB1,0.0009864853915449287,0.04,COL4A1_ITGA10_ITGB1,COL4A1 - (ITGA10+ITGB1),COLLAGEN,ECM-Receptor,KEGG: hsa04512
FIB,FIB,COL1A2,ITGA10_ITGB1,0.002871500062511891,0.0,COL1A2_ITGA10_ITGB1,COL1A2 - (ITGA10+ITGB1),COLLAGEN,ECM-Receptor,KEGG: hsa04512
EG,FIB,COL1A2,ITGA10_ITGB1,0.002403787766651155,0.0,COL1A2_ITGA10_ITGB1,COL1A2 - (ITGA10+ITGB1),COLLAGEN,ECM-Receptor,KEGG: hsa04512
FIB,FIB,COL1A1,ITGA10_ITGB1,0.0028145751944369008,0.0,COL1A1_ITGA10_ITGB1,COL1A1 - (ITGA10+ITGB1),COLLAGEN,ECM-Receptor,KEGG: hsa04512
ENDO,FIB,COL1A1,ITGA10_ITGB1,0.0018536907475449503,0.04,COL1A1_ITGA10_ITGB1,COL1A1 - (ITGA10+ITGB1),COLLAGEN,ECM-Receptor,KEGG: hsa04512
EG,FIB,COL1A1,ITGA10_ITGB1,0.002233062081836962,0.0,COL1A1_ITGA10_ITGB1,COL1A1 - (ITGA10+ITGB1),COLLAGEN,ECM-Receptor,KEGG: hsa04512
SM,SM,LAMC3,ITGA9_ITGB1,0.0018056153567359988,0.0,LAMC3_ITGA9_ITGB1,LAMC3 - (ITGA9+ITGB1),LAMININ,ECM-Receptor,KEGG: hsa04512
EG,ENDO,LAMC3,ITGA9_ITGB1,0.0007825546371570033,0.02,LAMC3_ITGA9_ITGB1,LAMC3 - (ITGA9+ITGB1),LAMININ,ECM-Receptor,KEGG: hsa04512
EG,SM,LAMC3,ITGA9_ITGB1,0.0008562283803744382,0.0,LAMC3_ITGA9_ITGB1,LAMC3 - (ITGA9+ITGB1),LAMININ,ECM-Receptor,KEGG: hsa04512
FIB,SM,LAMC2,ITGA9_ITGB1,0.0006551586600515374,0.02,LAMC2_ITGA9_ITGB1,LAMC2 - (ITGA9+ITGB1),LAMININ,ECM-Receptor,KEGG: hsa04512
SM,SM,LAMC2,ITGA9_ITGB1,0.0014856313355754906,0.0,LAMC2_ITGA9_ITGB1,LAMC2 - (ITGA9+ITGB1),LAMININ,ECM-Receptor,KEGG: hsa04512
EG,FIB,LAMC2,ITGA9_ITGB1,0.0006476511458835516,0.03,LAMC2_ITGA9_ITGB1,LAMC2 - (ITGA9+ITGB1),LAMININ,ECM-Receptor,KEGG: hsa04512
EG,SM,LAMC2,ITGA9_ITGB1,0.000705598671259595,0.0,LAMC2_ITGA9_ITGB1,LAMC2 - (ITGA9+ITGB1),LAMININ,ECM-Receptor,KEGG: hsa04512
SM,SM,LAMC1,ITGA9_ITGB1,0.0017858571255031815,0.0,LAMC1_ITGA9_ITGB1,LAMC1 - (ITGA9+ITGB1),LAMININ,ECM-Receptor,KEGG: hsa04512
EG,ENDO,LAMC1,ITGA9_ITGB1,0.0008365799138585078,0.0,LAMC1_ITGA9_ITGB1,LAMC1 - (ITGA9+ITGB1),LAMININ,ECM-Receptor,KEGG: hsa04512
EG,SM,LAMC1,ITGA9_ITGB1,0.0007109224252394542,0.04,LAMC1_ITGA9_ITGB1,LAMC1 - (ITGA9+ITGB1),LAMININ,ECM-Receptor,KEGG: hsa04512
SM,EG,LAMB3,ITGA9_ITGB1,0.0009274994921105446,0.0,LAMB3_ITGA9_ITGB1,LAMB3 - (ITGA9+ITGB1),LAMININ,ECM-Receptor,KEGG: hsa04512
EG,ENDO,LAMB3,ITGA9_ITGB1,0.000922007342135284,0.04,LAMB3_ITGA9_ITGB1,LAMB3 - (ITGA9+ITGB1),LAMININ,ECM-Receptor,KEGG: hsa04512
EG,EG,LAMB3,ITGA9_ITGB1,0.0013646349881846114,0.0,LAMB3_ITGA9_ITGB1,LAMB3 - (ITGA9+ITGB1),LAMININ,ECM-Receptor,KEGG: hsa04512
SM,SM,LAMB2,ITGA9_ITGB1,0.001901358120159427,0.0,LAMB2_ITGA9_ITGB1,LAMB2 - (ITGA9+ITGB1),LAMININ,ECM-Receptor,KEGG: hsa04512
EG,ENDO,LAMB2,ITGA9_ITGB1,0.0011559553819093338,0.0,LAMB2_ITGA9_ITGB1,LAMB2 - (ITGA9+ITGB1),LAMININ,ECM-Receptor,KEGG: hsa04512
EG,SM,LAMB2,ITGA9_ITGB1,0.000877638610247863,0.04,LAMB2_ITGA9_ITGB1,LAMB2 - (ITGA9+ITGB1),LAMININ,ECM-Receptor,KEGG: hsa04512
SM,SM,LAMB1,ITGA9_ITGB1,0.001822757192029114,0.0,LAMB1_ITGA9_ITGB1,LAMB1 - (ITGA9+ITGB1),LAMININ,ECM-Receptor,KEGG: hsa04512
EG,ENDO,LAMB1,ITGA9_ITGB1,0.0009163841787796633,0.0,LAMB1_ITGA9_ITGB1,LAMB1 - (ITGA9+ITGB1),LAMININ,ECM-Receptor,KEGG: hsa04512
SM,SM,COL4A1,ITGA11_ITGB1,0.0018102814202463698,0.0,COL4A1_ITGA11_ITGB1,COL4A1 - (ITGA11+ITGB1),COLLAGEN,ECM-Receptor,KEGG: hsa04512
SM,EG,COL4A1,ITGA11_ITGB1,0.001016557708481325,0.03,COL4A1_ITGA11_ITGB1,COL4A1 - (ITGA11+ITGB1),COLLAGEN,ECM-Receptor,KEGG: hsa04512
EG,ENDO,COL4A1,ITGA11_ITGB1,0.0011932440989495842,0.0,COL4A1_ITGA11_ITGB1,COL4A1 - (ITGA11+ITGB1),COLLAGEN,ECM-Receptor,KEGG: hsa04512
SM,SM,COL4A2,ITGA11_ITGB1,0.0021977677030252684,0.0,COL4A2_ITGA11_ITGB1,COL4A2 - (ITGA11+ITGB1),COLLAGEN,ECM-Receptor,KEGG: hsa04512
SM,EG,COL4A2,ITGA11_ITGB1,0.0011783067031884246,0.03,COL4A2_ITGA11_ITGB1,COL4A2 - (ITGA11+ITGB1),COLLAGEN,ECM-Receptor,KEGG: hsa04512
EG,ENDO,COL4A2,ITGA11_ITGB1,0.0015119837815997903,0.0,COL4A2_ITGA11_ITGB1,COL4A2 - (ITGA11+ITGB1),COLLAGEN,ECM-Receptor,KEGG: hsa04512
FIB,SM,TNXB,ITGA9_ITGB1,0.001091383621564814,0.04,TNXB_ITGA9_ITGB1,TNXB - (ITGA9+ITGB1),TENASCIN,ECM-Receptor,KEGG: hsa04512
FIB,EG,TNXB,ITGA9_ITGB1,0.0011008293671564166,0.0,TNXB_ITGA9_ITGB1,TNXB - (ITGA9+ITGB1),TENASCIN,ECM-Receptor,KEGG: hsa04512
SM,SM,TNXB,ITGA9_ITGB1,0.002066203394404556,0.0,TNXB_ITGA9_ITGB1,TNXB - (ITGA9+ITGB1),TENASCIN,ECM-Receptor,KEGG: hsa04512
FIB,SM,COL1A1,ITGA9_ITGB1,0.0018071538325198533,0.0,COL1A1_ITGA9_ITGB1,COL1A1 - (ITGA9+ITGB1),COLLAGEN,ECM-Receptor,KEGG: hsa04512
SM,SM,COL1A1,ITGA9_ITGB1,0.0028028445680293268,0.0,COL1A1_ITGA9_ITGB1,COL1A1 - (ITGA9+ITGB1),COLLAGEN,ECM-Receptor,KEGG: hsa04512
FIB,SM,COL1A2,ITGA9_ITGB1,0.0018764168269616202,0.0,COL1A2_ITGA9_ITGB1,COL1A2 - (ITGA9+ITGB1),COLLAGEN,ECM-Receptor,KEGG: hsa04512
SM,SM,COL1A2,ITGA9_ITGB1,0.0030190326489730646,0.0,COL1A2_ITGA9_ITGB1,COL1A2 - (ITGA9+ITGB1),COLLAGEN,ECM-Receptor,KEGG: hsa04512
SM,SM,COL4A1,ITGA9_ITGB1,0.0016898921636119531,0.0,COL4A1_ITGA9_ITGB1,COL4A1 - (ITGA9+ITGB1),COLLAGEN,ECM-Receptor,KEGG: hsa04512
EG,ENDO,COL4A1,ITGA9_ITGB1,0.0010240567443377659,0.0,COL4A1_ITGA9_ITGB1,COL4A1 - (ITGA9+ITGB1),COLLAGEN,ECM-Receptor,KEGG: hsa04512
EG,SM,COL4A1,ITGA9_ITGB1,0.000995457028893577,0.01,COL4A1_ITGA9_ITGB1,COL4A1 - (ITGA9+ITGB1),COLLAGEN,ECM-Receptor,KEGG: hsa04512
SM,SM,COL4A2,ITGA9_ITGB1,0.0020049877409381443,0.0,COL4A2_ITGA9_ITGB1,COL4A2 - (ITGA9+ITGB1),COLLAGEN,ECM-Receptor,KEGG: hsa04512
EG,ENDO,COL4A2,ITGA9_ITGB1,0.001073250986116209,0.0,COL4A2_ITGA9_ITGB1,COL4A2 - (ITGA9+ITGB1),COLLAGEN,ECM-Receptor,KEGG: hsa04512
EG,SM,COL4A2,ITGA9_ITGB1,0.0009478685756481503,0.04,COL4A2_ITGA9_ITGB1,COL4A2 - (ITGA9+ITGB1),COLLAGEN,ECM-Receptor,KEGG: hsa04512
FIB,SM,COL6A5,ITGA11_ITGB1,0.0010564221664929702,0.0,COL6A5_ITGA11_ITGB1,COL6A5 - (ITGA11+ITGB1),COLLAGEN,ECM-Receptor,KEGG: hsa04512
EG,EG,COL6A5,ITGA11_ITGB1,0.0007105790255401289,0.0,COL6A5_ITGA11_ITGB1,COL6A5 - (ITGA11+ITGB1),COLLAGEN,ECM-Receptor,KEGG: hsa04512
Immune,Keratinocyte,COL6A5,ITGA11_ITGB1,0.00018192543675920854,0.03,COL6A5_ITGA11_ITGB1,COL6A5 - (ITGA11+ITGB1),COLLAGEN,ECM-Receptor,KEGG: hsa04512
FIB,SM,COL6A3,ITGA11_ITGB1,0.0011138573711909283,0.0,COL6A3_ITGA11_ITGB1,COL6A3 - (ITGA11+ITGB1),COLLAGEN,ECM-Receptor,KEGG: hsa04512
SM,SM,COL6A3,ITGA11_ITGB1,0.0018342782851675991,0.0,COL6A3_ITGA11_ITGB1,COL6A3 - (ITGA11+ITGB1),COLLAGEN,ECM-Receptor,KEGG: hsa04512
EG,ENDO,COL6A3,ITGA11_ITGB1,0.0010903426802257438,0.04,COL6A3_ITGA11_ITGB1,COL6A3 - (ITGA11+ITGB1),COLLAGEN,ECM-Receptor,KEGG: hsa04512
FIB,ENDO,COL4A5,ITGA9_ITGB1,0.0011687097789855438,0.0,COL4A5_ITGA9_ITGB1,COL4A5 - (ITGA9+ITGB1),COLLAGEN,ECM-Receptor,KEGG: hsa04512
SM,SM,COL4A5,ITGA9_ITGB1,0.0013665613586315213,0.0,COL4A5_ITGA9_ITGB1,COL4A5 - (ITGA9+ITGB1),COLLAGEN,ECM-Receptor,KEGG: hsa04512
EG,ENDO,COL4A5,ITGA9_ITGB1,0.0007750832773847685,0.03,COL4A5_ITGA9_ITGB1,COL4A5 - (ITGA9+ITGB1),COLLAGEN,ECM-Receptor,KEGG: hsa04512
SM,FIB,COL4A6,ITGA9_ITGB1,0.0009928278112530673,0.0,COL4A6_ITGA9_ITGB1,COL4A6 - (ITGA9+ITGB1),COLLAGEN,ECM-Receptor,KEGG: hsa04512
SM,SM,COL4A6,ITGA9_ITGB1,0.0021450433916359243,0.0,COL4A6_ITGA9_ITGB1,COL4A6 - (ITGA9+ITGB1),COLLAGEN,ECM-Receptor,KEGG: hsa04512
SM,EG,COL4A6,ITGA9_ITGB1,0.0008815470149767451,0.03,COL4A6_ITGA9_ITGB1,COL4A6 - (ITGA9+ITGB1),COLLAGEN,ECM-Receptor,KEGG: hsa04512
SM,SM,COL6A1,ITGA9_ITGB1,0.0022906138160352393,0.0,COL6A1_ITGA9_ITGB1,COL6A1 - (ITGA9+ITGB1),COLLAGEN,ECM-Receptor,KEGG: hsa04512
EG,ENDO,COL6A1,ITGA9_ITGB1,0.0014843303780911316,0.0,COL6A1_ITGA9_ITGB1,COL6A1 - (ITGA9+ITGB1),COLLAGEN,ECM-Receptor,KEGG: hsa04512
SM,SM,COL6A2,ITGA9_ITGB1,0.002712915557841524,0.0,COL6A2_ITGA9_ITGB1,COL6A2 - (ITGA9+ITGB1),COLLAGEN,ECM-Receptor,KEGG: hsa04512
EG,ENDO,COL6A2,ITGA9_ITGB1,0.0017105878523447323,0.0,COL6A2_ITGA9_ITGB1,COL6A2 - (ITGA9+ITGB1),COLLAGEN,ECM-Receptor,KEGG: hsa04512
FIB,SM,COL6A3,ITGA9_ITGB1,0.0009913830742435353,0.0,COL6A3_ITGA9_ITGB1,COL6A3 - (ITGA9+ITGB1),COLLAGEN,ECM-Receptor,KEGG: hsa04512
SM,SM,COL6A3,ITGA9_ITGB1,0.0018410484360719837,0.0,COL6A3_ITGA9_ITGB1,COL6A3 - (ITGA9+ITGB1),COLLAGEN,ECM-Receptor,KEGG: hsa04512
FIB,Keratinocyte,COL6A5,ITGA9_ITGB1,0.00016104569791768882,0.0,COL6A5_ITGA9_ITGB1,COL6A5 - (ITGA9+ITGB1),COLLAGEN,ECM-Receptor,KEGG: hsa04512
EG,EG,COL6A5,ITGA9_ITGB1,0.0009267034410184758,0.0,COL6A5_ITGA9_ITGB1,COL6A5 - (ITGA9+ITGB1),COLLAGEN,ECM-Receptor,KEGG: hsa04512
Keratinocyte,Immune,COL6A5,ITGA9_ITGB1,0.00013871288674148854,0.02,COL6A5_ITGA9_ITGB1,COL6A5 - (ITGA9+ITGB1),COLLAGEN,ECM-Receptor,KEGG: hsa04512
Immune,Keratinocyte,COL6A5,ITGA9_ITGB1,0.00012052068934999571,0.02,COL6A5_ITGA9_ITGB1,COL6A5 - (ITGA9+ITGB1),COLLAGEN,ECM-Receptor,KEGG: hsa04512
FIB,SM,COL6A6,ITGA9_ITGB1,0.0011184267924853682,0.0,COL6A6_ITGA9_ITGB1,COL6A6 - (ITGA9+ITGB1),COLLAGEN,ECM-Receptor,KEGG: hsa04512
SM,FIB,COL6A6,ITGA9_ITGB1,0.0007917470071826821,0.01,COL6A6_ITGA9_ITGB1,COL6A6 - (ITGA9+ITGB1),COLLAGEN,ECM-Receptor,KEGG: hsa04512
SM,ENDO,COL6A6,ITGA9_ITGB1,0.0005989912756628184,0.04,COL6A6_ITGA9_ITGB1,COL6A6 - (ITGA9+ITGB1),COLLAGEN,ECM-Receptor,KEGG: hsa04512
SM,SM,COL6A6,ITGA9_ITGB1,0.0007606012603060678,0.0,COL6A6_ITGA9_ITGB1,COL6A6 - (ITGA9+ITGB1),COLLAGEN,ECM-Receptor,KEGG: hsa04512
FIB,EG,COL9A2,ITGA9_ITGB1,0.000702191224348892,0.04,COL9A2_ITGA9_ITGB1,COL9A2 - (ITGA9+ITGB1),COLLAGEN,ECM-Receptor,KEGG: hsa04512
EG,ENDO,COL9A2,ITGA9_ITGB1,0.0009564433066661852,0.0,COL9A2_ITGA9_ITGB1,COL9A2 - (ITGA9+ITGB1),COLLAGEN,ECM-Receptor,KEGG: hsa04512
EG,EG,COL9A2,ITGA9_ITGB1,0.0011987403756537648,0.0,COL9A2_ITGA9_ITGB1,COL9A2 - (ITGA9+ITGB1),COLLAGEN,ECM-Receptor,KEGG: hsa04512
FIB,SM,COL9A3,ITGA9_ITGB1,0.0007760695525379473,0.0,COL9A3_ITGA9_ITGB1,COL9A3 - (ITGA9+ITGB1),COLLAGEN,ECM-Receptor,KEGG: hsa04512
ENDO,FIB,COL9A3,ITGA9_ITGB1,0.0006204863518628496,0.04,COL9A3_ITGA9_ITGB1,COL9A3 - (ITGA9+ITGB1),COLLAGEN,ECM-Receptor,KEGG: hsa04512
SM,SM,COL9A3,ITGA9_ITGB1,0.0020365392322178816,0.0,COL9A3_ITGA9_ITGB1,COL9A3 - (ITGA9+ITGB1),COLLAGEN,ECM-Receptor,KEGG: hsa04512
FIB,SM,LAMA1,ITGA9_ITGB1,0.0014052844646784543,0.0,LAMA1_ITGA9_ITGB1,LAMA1 - (ITGA9+ITGB1),LAMININ,ECM-Receptor,KEGG: hsa04512
EG,ENDO,LAMA1,ITGA9_ITGB1,0.0009564433066661852,0.04,LAMA1_ITGA9_ITGB1,LAMA1 - (ITGA9+ITGB1),LAMININ,ECM-Receptor,KEGG: hsa04512
EG,SM,LAMA1,ITGA9_ITGB1,0.0005738655382455454,0.04,LAMA1_ITGA9_ITGB1,LAMA1 - (ITGA9+ITGB1),LAMININ,ECM-Receptor,KEGG: hsa04512
EG,EG,LAMA1,ITGA9_ITGB1,0.0007685355502898682,0.0,LAMA1_ITGA9_ITGB1,LAMA1 - (ITGA9+ITGB1),LAMININ,ECM-Receptor,KEGG: hsa04512
FIB,EG,LAMA2,ITGA9_ITGB1,0.0007709270664571694,0.03,LAMA2_ITGA9_ITGB1,LAMA2 - (ITGA9+ITGB1),LAMININ,ECM-Receptor,KEGG: hsa04512
SM,SM,LAMA2,ITGA9_ITGB1,0.0012549622399180248,0.0,LAMA2_ITGA9_ITGB1,LAMA2 - (ITGA9+ITGB1),LAMININ,ECM-Receptor,KEGG: hsa04512
EG,SM,LAMA2,ITGA9_ITGB1,0.0008532469829496314,0.0,LAMA2_ITGA9_ITGB1,LAMA2 - (ITGA9+ITGB1),LAMININ,ECM-Receptor,KEGG: hsa04512
SM,SM,COL6A2,ITGA11_ITGB1,0.002822725719592288,0.0,COL6A2_ITGA11_ITGB1,COL6A2 - (ITGA11+ITGB1),COLLAGEN,ECM-Receptor,KEGG: hsa04512
EG,ENDO,COL6A2,ITGA11_ITGB1,0.0022743569506990455,0.0,COL6A2_ITGA11_ITGB1,COL6A2 - (ITGA11+ITGB1),COLLAGEN,ECM-Receptor,KEGG: hsa04512
SM,SM,COL6A1,ITGA11_ITGB1,0.0023798057061568023,0.0,COL6A1_ITGA11_ITGB1,COL6A1 - (ITGA11+ITGB1),COLLAGEN,ECM-Receptor,KEGG: hsa04512
EG,ENDO,COL6A1,ITGA11_ITGB1,0.002175759815576864,0.0,COL6A1_ITGA11_ITGB1,COL6A1 - (ITGA11+ITGB1),COLLAGEN,ECM-Receptor,KEGG: hsa04512
SM,SM,COL4A6,ITGA11_ITGB1,0.002144246924595431,0.0,COL4A6_ITGA11_ITGB1,COL4A6 - (ITGA11+ITGB1),COLLAGEN,ECM-Receptor,KEGG: hsa04512
EG,ENDO,COL4A6,ITGA11_ITGB1,0.002031403287099713,0.0,COL4A6_ITGA11_ITGB1,COL4A6 - (ITGA11+ITGB1),COLLAGEN,ECM-Receptor,KEGG: hsa04512
ENDO,FIB,COL4A5,ITGA11_ITGB1,0.0008811765556388284,0.03,COL4A5_ITGA11_ITGB1,COL4A5 - (ITGA11+ITGB1),COLLAGEN,ECM-Receptor,KEGG: hsa04512
SM,SM,COL4A5,ITGA11_ITGB1,0.001665897628832155,0.0,COL4A5_ITGA11_ITGB1,COL4A5 - (ITGA11+ITGB1),COLLAGEN,ECM-Receptor,KEGG: hsa04512
SM,EG,COL4A5,ITGA11_ITGB1,0.0012794405122816435,0.0,COL4A5_ITGA11_ITGB1,COL4A5 - (ITGA11+ITGB1),COLLAGEN,ECM-Receptor,KEGG: hsa04512
SM,SM,LAMA5,ITGA9_ITGB1,0.0015390587278547778,0.0,LAMA5_ITGA9_ITGB1,LAMA5 - (ITGA9+ITGB1),LAMININ,ECM-Receptor,KEGG: hsa04512
SM,EG,LAMA5,ITGA9_ITGB1,0.0007951580349791782,0.0,LAMA5_ITGA9_ITGB1,LAMA5 - (ITGA9+ITGB1),LAMININ,ECM-Receptor,KEGG: hsa04512
EG,ENDO,LAMA5,ITGA9_ITGB1,0.0007615201798260981,0.04,LAMA5_ITGA9_ITGB1,LAMA5 - (ITGA9+ITGB1),LAMININ,ECM-Receptor,KEGG: hsa04512
FIB,SM,LAMA4,ITGA9_ITGB1,0.0008036261636357895,0.02,LAMA4_ITGA9_ITGB1,LAMA4 - (ITGA9+ITGB1),LAMININ,ECM-Receptor,KEGG: hsa04512
SM,SM,LAMA4,ITGA9_ITGB1,0.0017243373315419367,0.0,LAMA4_ITGA9_ITGB1,LAMA4 - (ITGA9+ITGB1),LAMININ,ECM-Receptor,KEGG: hsa04512
EG,SM,LAMA4,ITGA9_ITGB1,0.000848610285834311,0.0,LAMA4_ITGA9_ITGB1,LAMA4 - (ITGA9+ITGB1),LAMININ,ECM-Receptor,KEGG: hsa04512
EG,EG,THY1,ADGRE5,0.003021413426217842,0.0,THY1_ADGRE5,THY1 - ADGRE5,ADGRE,Cell-Cell Contact,PMID: 31462748
Keratinocyte,Immune,THY1,ADGRE5,0.0010602964163675304,0.0,THY1_ADGRE5,THY1 - ADGRE5,ADGRE,Cell-Cell Contact,PMID: 31462748
Immune,Keratinocyte,THY1,ADGRE5,0.0010602964163675304,0.0,THY1_ADGRE5,THY1 - ADGRE5,ADGRE,Cell-Cell Contact,PMID: 31462748
FIB,EG,SDC1,ADGRA2,0.0008665047405364139,0.03,SDC1_ADGRA2,SDC1 - ADGRA2,ADGRA,Cell-Cell Contact,PMID: 31462748
EG,FIB,SDC1,ADGRA2,0.000866504740536414,0.0,SDC1_ADGRA2,SDC1 - ADGRA2,ADGRA,Cell-Cell Contact,PMID: 31462748
EG,EG,SDC1,ADGRA2,0.0033869341294008566,0.0,SDC1_ADGRA2,SDC1 - ADGRA2,ADGRA,Cell-Cell Contact,PMID: 31462748
FIB,FIB,LPAR3,ADGRE5,0.00045204037404713253,0.0,LPAR3_ADGRE5,LPAR3 - ADGRE5,ADGRE,Cell-Cell Contact,PMID: 31462748
FIB,Immune,LPAR3,ADGRE5,0.00019214150197098217,0.0,LPAR3_ADGRE5,LPAR3 - ADGRE5,ADGRE,Cell-Cell Contact,PMID: 31462748
Immune,FIB,LPAR3,ADGRE5,0.00019214150197098217,0.0,LPAR3_ADGRE5,LPAR3 - ADGRE5,ADGRE,Cell-Cell Contact,PMID: 31462748
ENDO,SM,LPAR2,ADGRE5,0.0004479895520997985,0.04,LPAR2_ADGRE5,LPAR2 - ADGRE5,ADGRE,Cell-Cell Contact,PMID: 31462748
SM,ENDO,LPAR2,ADGRE5,0.0004479895520997985,0.04,LPAR2_ADGRE5,LPAR2 - ADGRE5,ADGRE,Cell-Cell Contact,PMID: 31462748
SM,Immune,LPAR2,ADGRE5,0.000458181924398023,0.0,LPAR2_ADGRE5,LPAR2 - ADGRE5,ADGRE,Cell-Cell Contact,PMID: 31462748
Immune,SM,LPAR2,ADGRE5,0.000458181924398023,0.0,LPAR2_ADGRE5,LPAR2 - ADGRE5,ADGRE,Cell-Cell Contact,PMID: 31462748
Immune,Immune,LPAR2,ADGRE5,0.0008576636027452405,0.0,LPAR2_ADGRE5,LPAR2 - ADGRE5,ADGRE,Cell-Cell Contact,PMID: 31462748
ENDO,SM,LPAR1,ADGRE5,0.00022219290846996128,0.04,LPAR1_ADGRE5,LPAR1 - ADGRE5,ADGRE,Cell-Cell Contact,PMID: 31462748
SM,SM,LPAR1,ADGRE5,0.001871589041600633,0.0,LPAR1_ADGRE5,LPAR1 - ADGRE5,ADGRE,Cell-Cell Contact,PMID: 31462748
Immune,SM,LPAR1,ADGRE5,0.0008860657887701834,0.0,LPAR1_ADGRE5,LPAR1 - ADGRE5,ADGRE,Cell-Cell Contact,PMID: 31462748
FIB,Keratinocyte,CD55,ADGRE5,0.0010074070122873826,0.0,CD55_ADGRE5,CD55 - ADGRE5,ADGRE,Cell-Cell Contact,PMID: 31462748
EG,EG,CD55,ADGRE5,0.0008775283043086776,0.0,CD55_ADGRE5,CD55 - ADGRE5,ADGRE,Cell-Cell Contact,PMID: 31462748
Keratinocyte,FIB,CD55,ADGRE5,0.0010074070122873826,0.0,CD55_ADGRE5,CD55 - ADGRE5,ADGRE,Cell-Cell Contact,PMID: 31462748
EG,EG,ITGAV_ITGB1,ADGRE2,0.0008714415759920654,0.0,ITGAV_ITGB1_ADGRE2,(ITGAV+ITGB1) - ADGRE2,ADGRE,Cell-Cell Contact,PMID: 31462748
EG,Immune,ITGAV_ITGB1,ADGRE2,0.00027252274443748803,0.0,ITGAV_ITGB1_ADGRE2,(ITGAV+ITGB1) - ADGRE2,ADGRE,Cell-Cell Contact,PMID: 31462748
Immune,EG,ITGAV_ITGB1,ADGRE2,0.00027252274443748803,0.0,ITGAV_ITGB1_ADGRE2,(ITGAV+ITGB1) - ADGRE2,ADGRE,Cell-Cell Contact,PMID: 31462748
FIB,SM,THY1,ADGRE2,0.0009224519192421031,0.01,THY1_ADGRE2,THY1 - ADGRE2,ADGRE,Cell-Cell Contact,PMID: 31462748
SM,FIB,THY1,ADGRE2,0.0009224519192421034,0.0,THY1_ADGRE2,THY1 - ADGRE2,ADGRE,Cell-Cell Contact,PMID: 31462748
SM,SM,THY1,ADGRE2,0.003357650179123434,0.0,THY1_ADGRE2,THY1 - ADGRE2,ADGRE,Cell-Cell Contact,PMID: 31462748
FIB,SM,ITGAV_ITGB1,ADGRE5,0.0005684947351291481,0.0,ITGAV_ITGB1_ADGRE5,(ITGAV+ITGB1) - ADGRE5,ADGRE,Cell-Cell Contact,PMID: 31462748
SM,FIB,ITGAV_ITGB1,ADGRE5,0.0005684947351291481,0.0,ITGAV_ITGB1_ADGRE5,(ITGAV+ITGB1) - ADGRE5,ADGRE,Cell-Cell Contact,PMID: 31462748
SM,SM,ITGAV_ITGB1,ADGRE5,0.0015827963836776255,0.0,ITGAV_ITGB1_ADGRE5,(ITGAV+ITGB1) - ADGRE5,ADGRE,Cell-Cell Contact,PMID: 31462748
Keratinocyte,Keratinocyte,SFTPD,ADGRE5,0.00017724690376684981,0.0,SFTPD_ADGRE5,SFTPD - ADGRE5,ADGRE,Cell-Cell Contact,PMID: 31462748
FIB,Immune,TAX1BP3,ADGRB2,0.00021867088941173818,0.0,TAX1BP3_ADGRB2,TAX1BP3 - ADGRB2,ADGRB,Cell-Cell Contact,PMID: 31462748
ENDO,Immune,TAX1BP3,ADGRB2,0.00011470024480961768,0.04,TAX1BP3_ADGRB2,TAX1BP3 - ADGRB2,ADGRB,Cell-Cell Contact,PMID: 31462748
SM,SM,TAX1BP3,ADGRB2,0.001864301796872435,0.0,TAX1BP3_ADGRB2,TAX1BP3 - ADGRB2,ADGRB,Cell-Cell Contact,PMID: 31462748
Immune,FIB,TAX1BP3,ADGRB2,0.00021867088941173818,0.0,TAX1BP3_ADGRB2,TAX1BP3 - ADGRB2,ADGRB,Cell-Cell Contact,PMID: 31462748
Immune,ENDO,TAX1BP3,ADGRB2,0.00011470024480961768,0.04,TAX1BP3_ADGRB2,TAX1BP3 - ADGRB2,ADGRB,Cell-Cell Contact,PMID: 31462748
FIB,EG,ITGAV_ITGB5,ADGRB1,0.000530960236762236,0.0,ITGAV_ITGB5_ADGRB1,(ITGAV+ITGB5) - ADGRB1,ADGRB,Cell-Cell Contact,PMID: 31462748
EG,FIB,ITGAV_ITGB5,ADGRB1,0.000530960236762236,0.0,ITGAV_ITGB5_ADGRB1,(ITGAV+ITGB5) - ADGRB1,ADGRB,Cell-Cell Contact,PMID: 31462748
EG,EG,ITGAV_ITGB5,ADGRB1,0.001147420491084293,0.0,ITGAV_ITGB5_ADGRB1,(ITGAV+ITGB5) - ADGRB1,ADGRB,Cell-Cell Contact,PMID: 31462748
FIB,SM,TAX1BP3,ADGRB1,0.0005431460023635913,0.0,TAX1BP3_ADGRB1,TAX1BP3 - ADGRB1,ADGRB,Cell-Cell Contact,PMID: 31462748
SM,FIB,TAX1BP3,ADGRB1,0.0005431460023635913,0.0,TAX1BP3_ADGRB1,TAX1BP3 - ADGRB1,ADGRB,Cell-Cell Contact,PMID: 31462748
EG,EG,TAX1BP3,ADGRB1,0.0011474970879593763,0.0,TAX1BP3_ADGRB1,TAX1BP3 - ADGRB1,ADGRB,Cell-Cell Contact,PMID: 31462748
EG,Immune,TAX1BP3,ADGRB1,0.00041442231095704214,0.04,TAX1BP3_ADGRB1,TAX1BP3 - ADGRB1,ADGRB,Cell-Cell Contact,PMID: 31462748
FIB,FIB,SDC2,ADGRA2,0.0017306797734311394,0.0,SDC2_ADGRA2,SDC2 - ADGRA2,ADGRA,Cell-Cell Contact,PMID: 31462748
SM,EG,SDC2,ADGRA2,0.0006805454822320897,0.0,SDC2_ADGRA2,SDC2 - ADGRA2,ADGRA,Cell-Cell Contact,PMID: 31462748
EG,SM,SDC2,ADGRA2,0.0006805454822320897,0.0,SDC2_ADGRA2,SDC2 - ADGRA2,ADGRA,Cell-Cell Contact,PMID: 31462748
FIB,SM,COL3A1,ADGRG1,0.0013276608623253754,0.0,COL3A1_ADGRG1,COL3A1 - ADGRG1,ADGRG,Cell-Cell Contact,PMID: 31462748;UniProtKB
SM,FIB,COL3A1,ADGRG1,0.0013276608623253754,0.0,COL3A1_ADGRG1,COL3A1 - ADGRG1,ADGRG,Cell-Cell Contact,PMID: 31462748;UniProtKB
EG,EG,COL3A1,ADGRG1,0.00405395886839578,0.0,COL3A1_ADGRG1,COL3A1 - ADGRG1,ADGRG,Cell-Cell Contact,PMID: 31462748;UniProtKB
EG,EG,CLDN3,CLDN3,0.0017531956850507977,0.0,CLDN3_CLDN3,CLDN3 - CLDN3,CLDN,Cell-Cell Contact,PMID: 31942240
EG,Keratinocyte,CLDN3,CLDN3,0.0010781434187114324,0.0,CLDN3_CLDN3,CLDN3 - CLDN3,CLDN,Cell-Cell Contact,PMID: 31942240
EG,Immune,CLDN3,CLDN3,0.0009049675357316565,0.04,CLDN3_CLDN3,CLDN3 - CLDN3,CLDN,Cell-Cell Contact,PMID: 31942240
Keratinocyte,EG,CLDN3,CLDN3,0.0010781434187114322,0.02,CLDN3_CLDN3,CLDN3 - CLDN3,CLDN,Cell-Cell Contact,PMID: 31942240
Immune,EG,CLDN3,CLDN3,0.0009049675357316565,0.04,CLDN3_CLDN3,CLDN3 - CLDN3,CLDN,Cell-Cell Contact,PMID: 31942240
FIB,Keratinocyte,CLDN1,CLDN1,0.0010074070122873826,0.0,CLDN1_CLDN1,CLDN1 - CLDN1,CLDN,Cell-Cell Contact,PMID: 31942240
EG,EG,CLDN1,CLDN1,0.0036435282471127374,0.0,CLDN1_CLDN1,CLDN1 - CLDN1,CLDN,Cell-Cell Contact,PMID: 31942240
Keratinocyte,FIB,CLDN1,CLDN1,0.0010074070122873826,0.0,CLDN1_CLDN1,CLDN1 - CLDN1,CLDN,Cell-Cell Contact,PMID: 31942240
FIB,Immune,GJA3,GJA1,0.00031128589544004304,0.0,GJA3_GJA1,GJA3 - GJA1,GAP,Cell-Cell Contact,PMID: 32532966;PMID: 15094344
Keratinocyte,Keratinocyte,GJA3,GJA1,0.0011529864093129583,0.0,GJA3_GJA1,GJA3 - GJA1,GAP,Cell-Cell Contact,PMID: 32532966;PMID: 15094344
Immune,FIB,GJA3,GJA1,0.0003112858954400431,0.0,GJA3_GJA1,GJA3 - GJA1,GAP,Cell-Cell Contact,PMID: 32532966;PMID: 15094344
FIB,EG,GJC1,GJA1,0.0009988600484491167,0.0,GJC1_GJA1,GJC1 - GJA1,GAP,Cell-Cell Contact,PMID: 32532966;PMID: 15094344
EG,FIB,GJC1,GJA1,0.0009988600484491167,0.0,GJC1_GJA1,GJC1 - GJA1,GAP,Cell-Cell Contact,PMID: 32532966;PMID: 15094344
EG,EG,GJC1,GJA1,0.003177193706074918,0.0,GJC1_GJA1,GJC1 - GJA1,GAP,Cell-Cell Contact,PMID: 32532966;PMID: 15094344
FIB,EG,GJA1,GJA1,0.0021285330059293292,0.0,GJA1_GJA1,GJA1 - GJA1,GAP,Cell-Cell Contact,PMID: 32532966;PMID: 15094344
EG,FIB,GJA1,GJA1,0.002128533005929329,0.03,GJA1_GJA1,GJA1 - GJA1,GAP,Cell-Cell Contact,PMID: 32532966;PMID: 15094344
Keratinocyte,Keratinocyte,GJA1,GJA1,0.012176746260893608,0.0,GJA1_GJA1,GJA1 - GJA1,GAP,Cell-Cell Contact,PMID: 32532966;PMID: 15094344
ENDO,ENDO,PCDHB4,PCDHB4,0.0018477393270351816,0.0,PCDHB4_PCDHB4,PCDHB4 - PCDHB4,PCDH,Cell-Cell Contact,PMID: 35253643; PMID: 32694982
SM,EG,PCDHB4,PCDHB4,0.000476621334135157,0.0,PCDHB4_PCDHB4,PCDHB4 - PCDHB4,PCDH,Cell-Cell Contact,PMID: 35253643; PMID: 32694982
EG,SM,PCDHB4,PCDHB4,0.000476621334135157,0.0,PCDHB4_PCDHB4,PCDHB4 - PCDHB4,PCDH,Cell-Cell Contact,PMID: 35253643; PMID: 32694982
ENDO,ENDO,COL4A2,ADGRG6,0.0012552541225200203,0.0,COL4A2_ADGRG6,COL4A2 - ADGRG6,ADGRG,Cell-Cell Contact,PMID: 31462748
ENDO,Immune,COL4A2,ADGRG6,0.0009169130034188984,0.0,COL4A2_ADGRG6,COL4A2 - ADGRG6,ADGRG,Cell-Cell Contact,PMID: 31462748
Immune,ENDO,COL4A2,ADGRG6,0.0009169130034188984,0.0,COL4A2_ADGRG6,COL4A2 - ADGRG6,ADGRG,Cell-Cell Contact,PMID: 31462748
EG,EG,APP,TNFRSF21,0.0027636237787564424,0.0,APP_TNFRSF21,APP - TNFRSF21,APP,Cell-Cell Contact,PMID: 33075465
EG,Immune,APP,TNFRSF21,0.0013192632363057592,0.0,APP_TNFRSF21,APP - TNFRSF21,APP,Cell-Cell Contact,PMID: 33075465
Immune,EG,APP,TNFRSF21,0.0013192632363057592,0.0,APP_TNFRSF21,APP - TNFRSF21,APP,Cell-Cell Contact,PMID: 33075465
ENDO,SM,APP,SORL1,0.0011906334415746473,0.0,APP_SORL1,APP - SORL1,APP,Cell-Cell Contact,PMID: 24523320
SM,ENDO,APP,SORL1,0.0011906334415746473,0.0,APP_SORL1,APP - SORL1,APP,Cell-Cell Contact,PMID: 24523320
EG,EG,APP,SORL1,0.003066845126897763,0.0,APP_SORL1,APP - SORL1,APP,Cell-Cell Contact,PMID: 24523320
FIB,SM,PECAM1,CD177,0.0008684285713277115,0.01,PECAM1_CD177,PECAM1 - CD177,PECAM1,Cell-Cell Contact,PMID:17580308
SM,FIB,PECAM1,CD177,0.0008684285713277116,0.0,PECAM1_CD177,PECAM1 - CD177,PECAM1,Cell-Cell Contact,PMID:17580308
Immune,Immune,PECAM1,CD177,0.0012564867912764532,0.0,PECAM1_CD177,PECAM1 - CD177,PECAM1,Cell-Cell Contact,PMID:17580308
SM,SM,NTN4,UNC5B,0.0012963796342653603,0.0,NTN4_UNC5B,NTN4 - UNC5B,Netrin,Cell-Cell Contact,PMID: 31914695
EG,Immune,NTN4,UNC5B,0.0008847489872426317,0.03,NTN4_UNC5B,NTN4 - UNC5B,Netrin,Cell-Cell Contact,PMID: 31914695
Immune,EG,NTN4,UNC5B,0.0008847489872426318,0.0,NTN4_UNC5B,NTN4 - UNC5B,Netrin,Cell-Cell Contact,PMID: 31914695
SM,SM,NTN4,NTRK2,0.0013060547264668184,0.0,NTN4_NTRK2,NTN4 - NTRK2,Netrin,Cell-Cell Contact,PMID: 34531526
EG,Immune,NTN4,NTRK2,0.0015024245716113132,0.03,NTN4_NTRK2,NTN4 - NTRK2,Netrin,Cell-Cell Contact,PMID: 34531526
Immune,EG,NTN4,NTRK2,0.0015024245716113134,0.0,NTN4_NTRK2,NTN4 - NTRK2,Netrin,Cell-Cell Contact,PMID: 34531526
FIB,ENDO,NTN1,UNC5B,0.00020033576331157679,0.0,NTN1_UNC5B,NTN1 - UNC5B,Netrin,Cell-Cell Contact,PMID: 22685302
ENDO,FIB,NTN1,UNC5B,0.00020033576331157679,0.0,NTN1_UNC5B,NTN1 - UNC5B,Netrin,Cell-Cell Contact,PMID: 22685302
SM,SM,NTN1,UNC5B,0.0033580721353328536,0.0,NTN1_UNC5B,NTN1 - UNC5B,Netrin,Cell-Cell Contact,PMID: 22685302
SM,SM,MICB,NKG2D_HCST,0.0012829669698961076,0.0,MICB_NKG2D_HCST,MICB - (KLRK1+HCST),MHC-I,Cell-Cell Contact,PMID: 10894171
SM,Immune,MICB,NKG2D_HCST,0.001273012228407822,0.0,MICB_NKG2D_HCST,MICB - (KLRK1+HCST),MHC-I,Cell-Cell Contact,PMID: 10894171
Immune,SM,MICB,NKG2D_HCST,0.001273012228407822,0.0,MICB_NKG2D_HCST,MICB - (KLRK1+HCST),MHC-I,Cell-Cell Contact,PMID: 10894171
ENDO,Keratinocyte,MICA,NKG2D_HCST,0.0007114254317722018,0.0,MICA_NKG2D_HCST,MICA - (KLRK1+HCST),MHC-I,Cell-Cell Contact,PMID: 10894171
SM,SM,MICA,NKG2D_HCST,0.0011843911548737112,0.0,MICA_NKG2D_HCST,MICA - (KLRK1+HCST),MHC-I,Cell-Cell Contact,PMID: 10894171
Keratinocyte,ENDO,MICA,NKG2D_HCST,0.0007114254317722018,0.0,MICA_NKG2D_HCST,MICA - (KLRK1+HCST),MHC-I,Cell-Cell Contact,PMID: 10894171
FIB,SM,CNTN1,NOTCH2,0.0006438486228811166,0.0,CNTN1_NOTCH2,CNTN1 - NOTCH2,CNTN,Cell-Cell Contact,reactome;PMID:14567914;PMID: 33957164
SM,FIB,CNTN1,NOTCH2,0.0006438486228811166,0.0,CNTN1_NOTCH2,CNTN1 - NOTCH2,CNTN,Cell-Cell Contact,reactome;PMID:14567914;PMID: 33957164
EG,EG,CNTN1,NOTCH2,0.0019004367650225968,0.0,CNTN1_NOTCH2,CNTN1 - NOTCH2,CNTN,Cell-Cell Contact,reactome;PMID:14567914;PMID: 33957164
SM,Immune,CNTN1,NOTCH1,0.0006486883523840859,0.0,CNTN1_NOTCH1,CNTN1 - NOTCH1,CNTN,Cell-Cell Contact,uniprot;PMID:14567914
EG,EG,CNTN1,NOTCH1,0.0011393143009591203,0.0,CNTN1_NOTCH1,CNTN1 - NOTCH1,CNTN,Cell-Cell Contact,uniprot;PMID:14567914
EG,EG,CEACAM6,CEACAM6,0.0032647522603006253,0.0,CEACAM6_CEACAM6,CEACAM6 - CEACAM6,CEACAM,Cell-Cell Contact,PMID:11590190
EG,Immune,CEACAM6,CEACAM6,0.0012854123006261983,0.03,CEACAM6_CEACAM6,CEACAM6 - CEACAM6,CEACAM,Cell-Cell Contact,PMID:11590190
Immune,EG,CEACAM6,CEACAM6,0.0012854123006261985,0.0,CEACAM6_CEACAM6,CEACAM6 - CEACAM6,CEACAM,Cell-Cell Contact,PMID:11590190
FIB,SM,CEACAM1,CEACAM6,0.00028837725450074636,0.03,CEACAM1_CEACAM6,CEACAM1 - CEACAM6,CEACAM,Cell-Cell Contact,PMID:21982860
SM,FIB,CEACAM1,CEACAM6,0.00028837725450074636,0.03,CEACAM1_CEACAM6,CEACAM1 - CEACAM6,CEACAM,Cell-Cell Contact,PMID:21982860
SM,EG,CEACAM1,CEACAM6,0.0005712388770295469,0.0,CEACAM1_CEACAM6,CEACAM1 - CEACAM6,CEACAM,Cell-Cell Contact,PMID:21982860
EG,SM,CEACAM1,CEACAM6,0.0005712388770295469,0.0,CEACAM1_CEACAM6,CEACAM1 - CEACAM6,CEACAM,Cell-Cell Contact,PMID:21982860
EG,EG,CEACAM1,CEACAM6,0.0012354047643722231,0.0,CEACAM1_CEACAM6,CEACAM1 - CEACAM6,CEACAM,Cell-Cell Contact,PMID:21982860
FIB,SM,CD99,PILRB,0.0006702642057968633,0.03,CD99_PILRB,Cd99 - Pilrb,CD99,Cell-Cell Contact,uniprot;PMID:18234675
SM,FIB,CD99,PILRB,0.0006702642057968633,0.03,CD99_PILRB,Cd99 - Pilrb,CD99,Cell-Cell Contact,uniprot;PMID:18234675
SM,EG,CD99,PILRB,0.0010024373678067604,0.0,CD99_PILRB,Cd99 - Pilrb,CD99,Cell-Cell Contact,uniprot;PMID:18234675
EG,EG,CD99,PILRB,0.0024807076192944724,0.0,CD99_PILRB,Cd99 - Pilrb,CD99,Cell-Cell Contact,uniprot;PMID:18234675
SM,EG,LRFN4,PTPRF,0.0007786990833809712,0.0,LRFN4_PTPRF,LRFN4 - PTPRF,PTPR,Cell-Cell Contact,PMID: 29674953;PMID: 23916315
EG,SM,LRFN4,PTPRF,0.0007786990833809712,0.0,LRFN4_PTPRF,LRFN4 - PTPRF,PTPR,Cell-Cell Contact,PMID: 29674953;PMID: 23916315
EG,EG,LRFN4,PTPRF,0.00275876513953972,0.0,LRFN4_PTPRF,LRFN4 - PTPRF,PTPR,Cell-Cell Contact,PMID: 29674953;PMID: 23916315
Keratinocyte,Keratinocyte,TENM2_FLRT3,ADGRL2,0.00011329603042687641,0.0,TENM2_FLRT3_ADGRL2,(TENM2+FLRT3) - ADGRL2,ADGRL,Cell-Cell Contact,PMID: 25728924;PMID: 34022279;PMID: 27091502;PMID: 35907405
FIB,EG,TENM4,ADGRL2,0.00048797725934050155,0.03,TENM4_ADGRL2,TENM4 - ADGRL2,ADGRL,Cell-Cell Contact,PMID: 25728924;PMID: 34022279;PMID: 27091502;PMID: 35907405
EG,FIB,TENM4,ADGRL2,0.0004879772593405016,0.0,TENM4_ADGRL2,TENM4 - ADGRL2,ADGRL,Cell-Cell Contact,PMID: 25728924;PMID: 34022279;PMID: 27091502;PMID: 35907405
EG,EG,TENM4,ADGRL2,0.0006521821908040707,0.0,TENM4_ADGRL2,TENM4 - ADGRL2,ADGRL,Cell-Cell Contact,PMID: 25728924;PMID: 34022279;PMID: 27091502;PMID: 35907405
FIB,EG,TENM2,ADGRL2,0.0003411727930240846,0.0,TENM2_ADGRL2,TENM2 - ADGRL2,ADGRL,Cell-Cell Contact,PMID: 25728924;PMID: 34022279;PMID: 27091502;PMID: 35907405
EG,FIB,TENM2,ADGRL2,0.0003411727930240846,0.0,TENM2_ADGRL2,TENM2 - ADGRL2,ADGRL,Cell-Cell Contact,PMID: 25728924;PMID: 34022279;PMID: 27091502;PMID: 35907405
EG,EG,TENM2,ADGRL2,0.0014217180144662912,0.0,TENM2_ADGRL2,TENM2 - ADGRL2,ADGRL,Cell-Cell Contact,PMID: 25728924;PMID: 34022279;PMID: 27091502;PMID: 35907405
FIB,EG,TENM4_FLRT3,ADGRL1,9.025093115287342e-05,0.0,TENM4_FLRT3_ADGRL1,(TENM4+FLRT3) - ADGRL1,ADGRL,Cell-Cell Contact,PMID: 25728924;PMID: 34022279;PMID: 27091502;PMID: 35907405
EG,FIB,TENM4_FLRT3,ADGRL1,9.025093115287342e-05,0.0,TENM4_FLRT3_ADGRL1,(TENM4+FLRT3) - ADGRL1,ADGRL,Cell-Cell Contact,PMID: 25728924;PMID: 34022279;PMID: 27091502;PMID: 35907405
EG,EG,TENM4_FLRT3,ADGRL1,0.0005756000756177467,0.0,TENM4_FLRT3_ADGRL1,(TENM4+FLRT3) - ADGRL1,ADGRL,Cell-Cell Contact,PMID: 25728924;PMID: 34022279;PMID: 27091502;PMID: 35907405
Keratinocyte,Keratinocyte,TENM2_FLRT3,ADGRL1,0.00012783417219081435,0.0,TENM2_FLRT3_ADGRL1,(TENM2+FLRT3) - ADGRL1,ADGRL,Cell-Cell Contact,PMID: 25728924;PMID: 34022279;PMID: 27091502;PMID: 35907405
FIB,EG,TENM4,ADGRL1,0.00013712395641007078,0.0,TENM4_ADGRL1,TENM4 - ADGRL1,ADGRL,Cell-Cell Contact,PMID: 25728924;PMID: 34022279;PMID: 27091502;PMID: 35907405
EG,FIB,TENM4,ADGRL1,0.00013712395641007078,0.0,TENM4_ADGRL1,TENM4 - ADGRL1,ADGRL,Cell-Cell Contact,PMID: 25728924;PMID: 34022279;PMID: 27091502;PMID: 35907405
EG,EG,TENM4,ADGRL1,0.0005831556193503878,0.0,TENM4_ADGRL1,TENM4 - ADGRL1,ADGRL,Cell-Cell Contact,PMID: 25728924;PMID: 34022279;PMID: 27091502;PMID: 35907405
FIB,EG,TENM2,ADGRL1,0.00018399698166726814,0.02,TENM2_ADGRL1,TENM2 - ADGRL1,ADGRL,Cell-Cell Contact,PMID: 25728924;PMID: 34022279;PMID: 27091502;PMID: 35907405
EG,FIB,TENM2,ADGRL1,0.00018399698166726814,0.02,TENM2_ADGRL1,TENM2 - ADGRL1,ADGRL,Cell-Cell Contact,PMID: 25728924;PMID: 34022279;PMID: 27091502;PMID: 35907405
EG,EG,TENM2,ADGRL1,0.0021290389607580315,0.0,TENM2_ADGRL1,TENM2 - ADGRL1,ADGRL,Cell-Cell Contact,PMID: 25728924;PMID: 34022279;PMID: 27091502;PMID: 35907405
EG,Immune,TENM2,ADGRL1,0.0010684000296410834,0.0,TENM2_ADGRL1,TENM2 - ADGRL1,ADGRL,Cell-Cell Contact,PMID: 25728924;PMID: 34022279;PMID: 27091502;PMID: 35907405
Immune,EG,TENM2,ADGRL1,0.0010684000296410834,0.0,TENM2_ADGRL1,TENM2 - ADGRL1,ADGRL,Cell-Cell Contact,PMID: 25728924;PMID: 34022279;PMID: 27091502;PMID: 35907405
SM,SM,PRNP,ADGRG6,0.0017015155463606343,0.0,PRNP_ADGRG6,PRNP - ADGRG6,ADGRG,Cell-Cell Contact,PMID: 31462748
EG,Immune,PRNP,ADGRG6,0.0012159931631954269,0.0,PRNP_ADGRG6,PRNP - ADGRG6,ADGRG,Cell-Cell Contact,PMID: 31462748
Immune,EG,PRNP,ADGRG6,0.0012159931631954269,0.0,PRNP_ADGRG6,PRNP - ADGRG6,ADGRG,Cell-Cell Contact,PMID: 31462748
Keratinocyte,Immune,FLRT2,ADGRL3,0.0005512051760776014,0.0,FLRT2_ADGRL3,FLRT2 - ADGRL3,ADGRL,Cell-Cell Contact,PMID: 25728924;PMID: 34022279;PMID: 27091502;PMID: 35907405
Immune,Keratinocyte,FLRT2,ADGRL3,0.0005512051760776014,0.0,FLRT2_ADGRL3,FLRT2 - ADGRL3,ADGRL,Cell-Cell Contact,PMID: 25728924;PMID: 34022279;PMID: 27091502;PMID: 35907405
Immune,Immune,FLRT2,ADGRL3,0.0007908960433208605,0.0,FLRT2_ADGRL3,FLRT2 - ADGRL3,ADGRL,Cell-Cell Contact,PMID: 25728924;PMID: 34022279;PMID: 27091502;PMID: 35907405
FIB,SM,TENM2,ADGRL3,0.00034575730838813304,0.01,TENM2_ADGRL3,TENM2 - ADGRL3,ADGRL,Cell-Cell Contact,PMID: 25728924;PMID: 34022279;PMID: 27091502;PMID: 35907405
SM,FIB,TENM2,ADGRL3,0.0003457573083881331,0.0,TENM2_ADGRL3,TENM2 - ADGRL3,ADGRL,Cell-Cell Contact,PMID: 25728924;PMID: 34022279;PMID: 27091502;PMID: 35907405
SM,SM,TENM2,ADGRL3,0.001913518707435777,0.0,TENM2_ADGRL3,TENM2 - ADGRL3,ADGRL,Cell-Cell Contact,PMID: 25728924;PMID: 34022279;PMID: 27091502;PMID: 35907405
FIB,SM,NRXN1,DAG1,0.0005812473532088927,0.0,NRXN1_DAG1,NRXN1 - DAG1,NRXN,Cell-Cell Contact,PMID: 21628410
SM,FIB,NRXN1,DAG1,0.0005812473532088927,0.0,NRXN1_DAG1,NRXN1 - DAG1,NRXN,Cell-Cell Contact,PMID: 21628410
SM,SM,NRXN1,DAG1,0.0022818455126280644,0.0,NRXN1_DAG1,NRXN1 - DAG1,NRXN,Cell-Cell Contact,PMID: 21628410
FIB,EG,NRXN1,CLSTN1,0.00037700069229641025,0.0,NRXN1_CLSTN1,NRXN1 - CLSTN1,NRXN,Cell-Cell Contact,PMID: 32434929
EG,FIB,NRXN1,CLSTN1,0.00037700069229641025,0.0,NRXN1_CLSTN1,NRXN1 - CLSTN1,NRXN,Cell-Cell Contact,PMID: 32434929
EG,EG,NRXN1,CLSTN1,0.001406314444158645,0.0,NRXN1_CLSTN1,NRXN1 - CLSTN1,NRXN,Cell-Cell Contact,PMID: 32434929
ENDO,ENDO,COL4A1,ADGRG6,0.0015676237124271862,0.0,COL4A1_ADGRG6,COL4A1 - ADGRG6,ADGRG,Cell-Cell Contact,PMID: 31462748
ENDO,Immune,COL4A1,ADGRG6,0.000732934851032352,0.0,COL4A1_ADGRG6,COL4A1 - ADGRG6,ADGRG,Cell-Cell Contact,PMID: 31462748
Immune,ENDO,COL4A1,ADGRG6,0.000732934851032352,0.0,COL4A1_ADGRG6,COL4A1 - ADGRG6,ADGRG,Cell-Cell Contact,PMID: 31462748
ENDO,Keratinocyte,FLRT3,UNC5B,0.0009207395549908741,0.0,FLRT3_UNC5B,FLRT3 - UNC5B,UNC5,Cell-Cell Contact,PMID: 27091502
EG,EG,FLRT3,UNC5B,0.0006904495280847834,0.0,FLRT3_UNC5B,FLRT3 - UNC5B,UNC5,Cell-Cell Contact,PMID: 27091502
Keratinocyte,ENDO,FLRT3,UNC5B,0.0009207395549908741,0.0,FLRT3_UNC5B,FLRT3 - UNC5B,UNC5,Cell-Cell Contact,PMID: 27091502
FIB,Immune,FLRT2,UNC5B,3.514903193271416e-05,0.0,FLRT2_UNC5B,FLRT2 - UNC5B,UNC5,Cell-Cell Contact,PMID: 27091502
Keratinocyte,Keratinocyte,FLRT2,UNC5B,0.0001899647168843657,0.0,FLRT2_UNC5B,FLRT2 - UNC5B,UNC5,Cell-Cell Contact,PMID: 27091502
Immune,FIB,FLRT2,UNC5B,3.514903193271416e-05,0.0,FLRT2_UNC5B,FLRT2 - UNC5B,UNC5,Cell-Cell Contact,PMID: 27091502
FIB,EG,TENM4,ADGRL3,0.00048797725934050155,0.03,TENM4_ADGRL3,TENM4 - ADGRL3,ADGRL,Cell-Cell Contact,PMID: 25728924;PMID: 34022279;PMID: 27091502;PMID: 35907405
EG,FIB,TENM4,ADGRL3,0.0004879772593405016,0.0,TENM4_ADGRL3,TENM4 - ADGRL3,ADGRL,Cell-Cell Contact,PMID: 25728924;PMID: 34022279;PMID: 27091502;PMID: 35907405
EG,EG,TENM4,ADGRL3,0.0007373239659846408,0.0,TENM4_ADGRL3,TENM4 - ADGRL3,ADGRL,Cell-Cell Contact,PMID: 25728924;PMID: 34022279;PMID: 27091502;PMID: 35907405
FIB,EG,DSC3,DSG3,0.0017216417000201565,0.0,DSC3_DSG3,DSC3 - DSG3,DESMOSOME,Cell-Cell Contact,PMID: 27298358
EG,FIB,DSC3,DSG3,0.0017216417000201565,0.0,DSC3_DSG3,DSC3 - DSG3,DESMOSOME,Cell-Cell Contact,PMID: 27298358
Keratinocyte,Keratinocyte,DSC3,DSG3,0.006950872592875343,0.0,DSC3_DSG3,DSC3 - DSG3,DESMOSOME,Cell-Cell Contact,PMID: 27298358
Keratinocyte,Keratinocyte,DSC2,DSG3,0.005440161293685288,0.0,DSC2_DSG3,DSC2 - DSG3,DESMOSOME,Cell-Cell Contact,PMID: 27298358
Keratinocyte,Immune,DSC2,DSG3,0.001160719608325234,0.0,DSC2_DSG3,DSC2 - DSG3,DESMOSOME,Cell-Cell Contact,PMID: 27298358
Immune,Keratinocyte,DSC2,DSG3,0.001160719608325234,0.0,DSC2_DSG3,DSC2 - DSG3,DESMOSOME,Cell-Cell Contact,PMID: 27298358
SM,Immune,EFNB1,EPHA4,0.0008340673500429195,0.0,EFNB1_EPHA4,EFNB1 - EPHA4,EPHB,Cell-Cell Contact,PMID: 15114347
Keratinocyte,Keratinocyte,EFNB1,EPHA4,0.0010143022759646688,0.0,EFNB1_EPHA4,EFNB1 - EPHA4,EPHB,Cell-Cell Contact,PMID: 15114347
EG,EG,EFNB1,EPHB1,0.0008806939834059537,0.0,EFNB1_EPHB1,EFNB1 - EPHB1,EPHB,Cell-Cell Contact,PMID: 15114347
Keratinocyte,Immune,EFNB1,EPHB1,0.00023137253460872391,0.0,EFNB1_EPHB1,EFNB1 - EPHB1,EPHB,Cell-Cell Contact,PMID: 15114347
Immune,Keratinocyte,EFNB1,EPHB1,0.0002313725346087239,0.01,EFNB1_EPHB1,EFNB1 - EPHB1,EPHB,Cell-Cell Contact,PMID: 15114347
FIB,SM,EFNB1,EPHB2,0.0005851247879878756,0.0,EFNB1_EPHB2,EFNB1 - EPHB2,EPHB,Cell-Cell Contact,PMID: 15114347
SM,FIB,EFNB1,EPHB2,0.0005851247879878756,0.0,EFNB1_EPHB2,EFNB1 - EPHB2,EPHB,Cell-Cell Contact,PMID: 15114347
SM,SM,EFNB1,EPHB2,0.0018455931740360672,0.0,EFNB1_EPHB2,EFNB1 - EPHB2,EPHB,Cell-Cell Contact,PMID: 15114347
EG,EG,EFNB1,EPHB3,0.0020478952176036904,0.0,EFNB1_EPHB3,EFNB1 - EPHB3,EPHB,Cell-Cell Contact,PMID: 15114347
Immune,SM,EFNB1,EPHB3,0.0012895678347842805,0.0,EFNB1_EPHB3,EFNB1 - EPHB3,EPHB,Cell-Cell Contact,PMID: 15114347
ENDO,Immune,EFNB1,EPHB4,0.0007446936707091824,0.02,EFNB1_EPHB4,EFNB1 - EPHB4,EPHB,Cell-Cell Contact,PMID: 15114347
EG,EG,EFNB1,EPHB4,0.0025171322671968064,0.0,EFNB1_EPHB4,EFNB1 - EPHB4,EPHB,Cell-Cell Contact,PMID: 15114347
Keratinocyte,ENDO,EFNB1,EPHB4,0.0006375586778220787,0.04,EFNB1_EPHB4,EFNB1 - EPHB4,EPHB,Cell-Cell Contact,PMID: 15114347
Immune,ENDO,EFNB1,EPHB4,0.0007446936707091826,0.0,EFNB1_EPHB4,EFNB1 - EPHB4,EPHB,Cell-Cell Contact,PMID: 15114347
ENDO,Immune,EFNB2,EPHA4,0.001801844090670885,0.0,EFNB2_EPHA4,EFNB2 - EPHA4,EPHB,Cell-Cell Contact,PMID: 15114347
Immune,ENDO,EFNB2,EPHA4,0.0018018440906708848,0.02,EFNB2_EPHA4,EFNB2 - EPHA4,EPHB,Cell-Cell Contact,PMID: 15114347
Immune,Immune,EFNB2,EPHA4,0.0006650571380001394,0.0,EFNB2_EPHA4,EFNB2 - EPHA4,EPHB,Cell-Cell Contact,PMID: 15114347
ENDO,Keratinocyte,EFNB2,EPHB1,7.479776656217628e-05,0.01,EFNB2_EPHB1,EFNB2 - EPHB1,EPHB,Cell-Cell Contact,PMID: 15114347
EG,EG,EFNB2,EPHB1,0.0005588840253635654,0.0,EFNB2_EPHB1,EFNB2 - EPHB1,EPHB,Cell-Cell Contact,PMID: 15114347
Keratinocyte,ENDO,EFNB2,EPHB1,7.47977665621763e-05,0.0,EFNB2_EPHB1,EFNB2 - EPHB1,EPHB,Cell-Cell Contact,PMID: 15114347
SM,SM,EFNB2,EPHB2,0.0040128823779756375,0.0,EFNB2_EPHB2,EFNB2 - EPHB2,EPHB,Cell-Cell Contact,PMID: 15114347
Keratinocyte,Immune,EFNB2,EPHB2,0.00010331412450634346,0.0,EFNB2_EPHB2,EFNB2 - EPHB2,EPHB,Cell-Cell Contact,PMID: 15114347
Immune,Keratinocyte,EFNB2,EPHB2,0.00010331412450634346,0.0,EFNB2_EPHB2,EFNB2 - EPHB2,EPHB,Cell-Cell Contact,PMID: 15114347
FIB,SM,EFNB2,EPHB3,0.0005017106624315229,0.0,EFNB2_EPHB3,EFNB2 - EPHB3,EPHB,Cell-Cell Contact,PMID: 15114347
SM,FIB,EFNB2,EPHB3,0.0005017106624315229,0.0,EFNB2_EPHB3,EFNB2 - EPHB3,EPHB,Cell-Cell Contact,PMID: 15114347
SM,SM,EFNB2,EPHB3,0.003320220379673178,0.0,EFNB2_EPHB3,EFNB2 - EPHB3,EPHB,Cell-Cell Contact,PMID: 15114347
ENDO,SM,EFNB2,EPHB4,0.0011800883301108368,0.0,EFNB2_EPHB4,EFNB2 - EPHB4,EPHB,Cell-Cell Contact,PMID: 15114347
SM,ENDO,EFNB2,EPHB4,0.0011800883301108368,0.0,EFNB2_EPHB4,EFNB2 - EPHB4,EPHB,Cell-Cell Contact,PMID: 15114347
SM,SM,EFNB2,EPHB4,0.0020015148872296632,0.0,EFNB2_EPHB4,EFNB2 - EPHB4,EPHB,Cell-Cell Contact,PMID: 15114347
ENDO,Immune,EFNB3,EPHA4,0.0008446369633476956,0.0,EFNB3_EPHA4,EFNB3 - EPHA4,EPHB,Cell-Cell Contact,PMID: 15114347
Immune,ENDO,EFNB3,EPHA4,0.0008446369633476956,0.0,EFNB3_EPHA4,EFNB3 - EPHA4,EPHB,Cell-Cell Contact,PMID: 15114347
Immune,Immune,EFNB3,EPHA4,0.0008745663376828836,0.0,EFNB3_EPHA4,EFNB3 - EPHA4,EPHB,Cell-Cell Contact,PMID: 15114347
Keratinocyte,Keratinocyte,EFNB3,EPHB2,0.00013607671466586452,0.0,EFNB3_EPHB2,EFNB3 - EPHB2,EPHB,Cell-Cell Contact,PMID: 15114347
ENDO,Immune,EFNB3,EPHB3,0.0003847440893869124,0.0,EFNB3_EPHB3,EFNB3 - EPHB3,EPHB,Cell-Cell Contact,PMID: 15114347
EG,EG,EFNB3,EPHB3,0.00095777626827618,0.0,EFNB3_EPHB3,EFNB3 - EPHB3,EPHB,Cell-Cell Contact,PMID: 15114347
Immune,ENDO,EFNB3,EPHB3,0.0003847440893869124,0.0,EFNB3_EPHB3,EFNB3 - EPHB3,EPHB,Cell-Cell Contact,PMID: 15114347
FIB,ENDO,EFNB3,EPHB4,0.0005718764142921662,0.0,EFNB3_EPHB4,EFNB3 - EPHB4,EPHB,Cell-Cell Contact,PMID: 15114347
ENDO,FIB,EFNB3,EPHB4,0.0005718764142921662,0.0,EFNB3_EPHB4,EFNB3 - EPHB4,EPHB,Cell-Cell Contact,PMID: 15114347
ENDO,Immune,EFNB3,EPHB4,0.0003847440893869124,0.04,EFNB3_EPHB4,EFNB3 - EPHB4,EPHB,Cell-Cell Contact,PMID: 15114347
Immune,ENDO,EFNB3,EPHB4,0.0003847440893869124,0.04,EFNB3_EPHB4,EFNB3 - EPHB4,EPHB,Cell-Cell Contact,PMID: 15114347
Immune,Immune,EFNB3,EPHB4,0.0007102642189827685,0.0,EFNB3_EPHB4,EFNB3 - EPHB4,EPHB,Cell-Cell Contact,PMID: 15114347
EG,EG,EFNA5,EPHB2,0.0005966301630165388,0.0,EFNA5_EPHB2,EFNA5 - EPHB2,EPHA,Cell-Cell Contact,PMID:15107857; PMID: 15114347
Keratinocyte,Immune,EFNA5,EPHB2,4.564604821094756e-05,0.0,EFNA5_EPHB2,EFNA5 - EPHB2,EPHA,Cell-Cell Contact,PMID:15107857; PMID: 15114347
Immune,Keratinocyte,EFNA5,EPHB2,4.564604821094756e-05,0.0,EFNA5_EPHB2,EFNA5 - EPHB2,EPHA,Cell-Cell Contact,PMID:15107857; PMID: 15114347
FIB,FIB,EFNB3,EPHB6,0.0008933236695445289,0.0,EFNB3_EPHB6,EFNB3 - EPHB6,EPHB,Cell-Cell Contact,PMID: 15114347
ENDO,Immune,EFNB3,EPHB6,0.0006705507494134806,0.0,EFNB3_EPHB6,EFNB3 - EPHB6,EPHB,Cell-Cell Contact,PMID: 15114347
Immune,ENDO,EFNB3,EPHB6,0.0006705507494134805,0.02,EFNB3_EPHB6,EFNB3 - EPHB6,EPHB,Cell-Cell Contact,PMID: 15114347
FIB,EG,EFNA3,EPHA4,0.00032920994090802685,0.03,EFNA3_EPHA4,EFNA3 - EPHA4,EPHA,Cell-Cell Contact,PMID: 15114347
SM,Immune,EFNA3,EPHA4,0.0006355142975882245,0.0,EFNA3_EPHA4,EFNA3 - EPHA4,EPHA,Cell-Cell Contact,PMID: 15114347
EG,FIB,EFNA3,EPHA4,0.00032920994090802685,0.03,EFNA3_EPHA4,EFNA3 - EPHA4,EPHA,Cell-Cell Contact,PMID: 15114347
EG,EG,EFNA3,EPHA4,0.0012150162955575678,0.0,EFNA3_EPHA4,EFNA3 - EPHA4,EPHA,Cell-Cell Contact,PMID: 15114347
EG,EG,EFNA4,EPHA1,0.0020369461076244814,0.0,EFNA4_EPHA1,EFNA4 - EPHA1,EPHA,Cell-Cell Contact,PMID: 15114347
EG,Immune,EFNA4,EPHA1,0.000638494803373546,0.0,EFNA4_EPHA1,EFNA4 - EPHA1,EPHA,Cell-Cell Contact,PMID: 15114347
Immune,EG,EFNA4,EPHA1,0.000638494803373546,0.0,EFNA4_EPHA1,EFNA4 - EPHA1,EPHA,Cell-Cell Contact,PMID: 15114347
SM,EG,EFNA4,EPHA2,0.0006172495851416903,0.0,EFNA4_EPHA2,EFNA4 - EPHA2,EPHA,Cell-Cell Contact,PMID: 15114347
EG,SM,EFNA4,EPHA2,0.0006172495851416903,0.0,EFNA4_EPHA2,EFNA4 - EPHA2,EPHA,Cell-Cell Contact,PMID: 15114347
EG,EG,EFNA4,EPHA2,0.0014610731606682526,0.0,EFNA4_EPHA2,EFNA4 - EPHA2,EPHA,Cell-Cell Contact,PMID: 15114347
FIB,FIB,EFNA4,EPHA4,0.0013675696325596248,0.0,EFNA4_EPHA4,EFNA4 - EPHA4,EPHA,Cell-Cell Contact,PMID: 15114347
ENDO,Immune,EFNA4,EPHA4,0.0002499009333357289,0.04,EFNA4_EPHA4,EFNA4 - EPHA4,EPHA,Cell-Cell Contact,PMID: 15114347
EG,Keratinocyte,EFNA4,EPHA4,0.0004995635758148681,0.0,EFNA4_EPHA4,EFNA4 - EPHA4,EPHA,Cell-Cell Contact,PMID: 15114347
Keratinocyte,EG,EFNA4,EPHA4,0.0004995635758148681,0.0,EFNA4_EPHA4,EFNA4 - EPHA4,EPHA,Cell-Cell Contact,PMID: 15114347
Immune,ENDO,EFNA4,EPHA4,0.0002499009333357289,0.04,EFNA4_EPHA4,EFNA4 - EPHA4,EPHA,Cell-Cell Contact,PMID: 15114347
FIB,SM,EFNA5,EPHA1,0.0002264345450457758,0.01,EFNA5_EPHA1,EFNA5 - EPHA1,EPHA,Cell-Cell Contact,PMID: 15114347
ENDO,ENDO,EFNA5,EPHA1,0.0009833743544888922,0.0,EFNA5_EPHA1,EFNA5 - EPHA1,EPHA,Cell-Cell Contact,PMID: 15114347
SM,FIB,EFNA5,EPHA1,0.00022643454504577581,0.0,EFNA5_EPHA1,EFNA5 - EPHA1,EPHA,Cell-Cell Contact,PMID: 15114347
ENDO,ENDO,EFNA5,EPHA2,0.0009508555847106444,0.0,EFNA5_EPHA2,EFNA5 - EPHA2,EPHA,Cell-Cell Contact,PMID: 15114347
ENDO,SM,EFNA5,EPHA2,0.0009966534637496937,0.0,EFNA5_EPHA2,EFNA5 - EPHA2,EPHA,Cell-Cell Contact,PMID: 15114347
SM,ENDO,EFNA5,EPHA2,0.0009966534637496937,0.0,EFNA5_EPHA2,EFNA5 - EPHA2,EPHA,Cell-Cell Contact,PMID: 15114347
EG,FIB,EFNA5,EPHA4,0.00023061505332528135,0.02,EFNA5_EPHA4,EFNA5 - EPHA4,EPHA,Cell-Cell Contact,PMID: 15114347
EG,EG,EFNA5,EPHA4,0.001090176713366985,0.0,EFNA5_EPHA4,EFNA5 - EPHA4,EPHA,Cell-Cell Contact,PMID: 15114347
EG,Immune,EFNA5,EPHA4,0.0006189160459626747,0.0,EFNA5_EPHA4,EFNA5 - EPHA4,EPHA,Cell-Cell Contact,PMID: 15114347
Immune,EG,EFNA5,EPHA4,0.0006189160459626747,0.0,EFNA5_EPHA4,EFNA5 - EPHA4,EPHA,Cell-Cell Contact,PMID: 15114347
EG,EG,ESAM,ESAM,0.0037589268365132715,0.0,ESAM_ESAM,ESAM - ESAM,ESAM,Cell-Cell Contact,KEGG: hsa04514; PMID: 11279107
EG,Immune,ESAM,ESAM,0.001267289107820693,0.0,ESAM_ESAM,ESAM - ESAM,ESAM,Cell-Cell Contact,KEGG: hsa04514; PMID: 11279107
Immune,EG,ESAM,ESAM,0.001267289107820693,0.0,ESAM_ESAM,ESAM - ESAM,ESAM,Cell-Cell Contact,KEGG: hsa04514; PMID: 11279107
FIB,ENDO,ICAM1,ITGAX_ITGB2,0.00013400612262269806,0.0,ICAM1_ITGAX_ITGB2,ICAM1 - (ITGAX+ITGB2),ICAM,Cell-Cell Contact,PMID: 16252253
EG,EG,ICAM1,ITGAX_ITGB2,0.0013151803375210918,0.0,ICAM1_ITGAX_ITGB2,ICAM1 - (ITGAX+ITGB2),ICAM,Cell-Cell Contact,PMID: 16252253
ENDO,Keratinocyte,HLA-A,CD8A,0.0007294098501753725,0.0,HLA-A_CD8A,HLA-A - CD8A,MHC-I,Cell-Cell Contact,KEGG: hsa04514
EG,EG,HLA-A,CD8A,0.002298916184647652,0.0,HLA-A_CD8A,HLA-A - CD8A,MHC-I,Cell-Cell Contact,KEGG: hsa04514
Keratinocyte,ENDO,HLA-A,CD8A,0.0007294098501753725,0.0,HLA-A_CD8A,HLA-A - CD8A,MHC-I,Cell-Cell Contact,KEGG: hsa04514
ENDO,Keratinocyte,HLA-B,CD8A,0.0009102056144747723,0.0,HLA-B_CD8A,HLA-B - CD8A,MHC-I,Cell-Cell Contact,KEGG: hsa04514
EG,EG,HLA-B,CD8A,0.0026744971144036164,0.0,HLA-B_CD8A,HLA-B - CD8A,MHC-I,Cell-Cell Contact,KEGG: hsa04514
Keratinocyte,ENDO,HLA-B,CD8A,0.0009102056144747723,0.0,HLA-B_CD8A,HLA-B - CD8A,MHC-I,Cell-Cell Contact,KEGG: hsa04514
ENDO,Keratinocyte,HLA-C,CD8A,0.0009102056144747723,0.0,HLA-C_CD8A,HLA-C - CD8A,MHC-I,Cell-Cell Contact,KEGG: hsa04514
EG,EG,HLA-C,CD8A,0.002835252536677293,0.0,HLA-C_CD8A,HLA-C - CD8A,MHC-I,Cell-Cell Contact,KEGG: hsa04514
Keratinocyte,ENDO,HLA-C,CD8A,0.0009102056144747723,0.0,HLA-C_CD8A,HLA-C - CD8A,MHC-I,Cell-Cell Contact,KEGG: hsa04514
ENDO,Keratinocyte,HLA-E,CD8A,0.0009102056144747723,0.0,HLA-E_CD8A,HLA-E - CD8A,MHC-I,Cell-Cell Contact,KEGG: hsa04514
EG,EG,HLA-E,CD8A,0.002080439029726374,0.0,HLA-E_CD8A,HLA-E - CD8A,MHC-I,Cell-Cell Contact,KEGG: hsa04514
Keratinocyte,ENDO,HLA-E,CD8A,0.0009102056144747723,0.0,HLA-E_CD8A,HLA-E - CD8A,MHC-I,Cell-Cell Contact,KEGG: hsa04514
FIB,Immune,HLA-F,CD8A,0.00014296514541262503,0.0,HLA-F_CD8A,HLA-F - CD8A,MHC-I,Cell-Cell Contact,KEGG: hsa04514
Immune,FIB,HLA-F,CD8A,0.00014296514541262503,0.0,HLA-F_CD8A,HLA-F - CD8A,MHC-I,Cell-Cell Contact,KEGG: hsa04514
Immune,Immune,HLA-F,CD8A,0.0006520080023372159,0.0,HLA-F_CD8A,HLA-F - CD8A,MHC-I,Cell-Cell Contact,KEGG: hsa04514
ENDO,Immune,HLA-A,CD8B,0.0009825825337593807,0.0,HLA-A_CD8B,HLA-A - CD8B,MHC-I,Cell-Cell Contact,KEGG: hsa04514
SM,SM,HLA-A,CD8B,0.0044130551657914985,0.0,HLA-A_CD8B,HLA-A - CD8B,MHC-I,Cell-Cell Contact,KEGG: hsa04514
Immune,ENDO,HLA-A,CD8B,0.0009825825337593807,0.0,HLA-A_CD8B,HLA-A - CD8B,MHC-I,Cell-Cell Contact,KEGG: hsa04514
ENDO,Immune,HLA-B,CD8B,0.0011327677840843775,0.0,HLA-B_CD8B,HLA-B - CD8B,MHC-I,Cell-Cell Contact,KEGG: hsa04514
SM,SM,HLA-B,CD8B,0.008187931362231537,0.0,HLA-B_CD8B,HLA-B - CD8B,MHC-I,Cell-Cell Contact,KEGG: hsa04514
Immune,ENDO,HLA-B,CD8B,0.0011327677840843775,0.0,HLA-B_CD8B,HLA-B - CD8B,MHC-I,Cell-Cell Contact,KEGG: hsa04514
ENDO,Immune,HLA-C,CD8B,0.001029407556554265,0.0,HLA-C_CD8B,HLA-C - CD8B,MHC-I,Cell-Cell Contact,KEGG: hsa04514
SM,SM,HLA-C,CD8B,0.00586529768820968,0.0,HLA-C_CD8B,HLA-C - CD8B,MHC-I,Cell-Cell Contact,KEGG: hsa04514
Immune,ENDO,HLA-C,CD8B,0.001029407556554265,0.0,HLA-C_CD8B,HLA-C - CD8B,MHC-I,Cell-Cell Contact,KEGG: hsa04514
FIB,SM,JAM3,F11R,0.0005762629964292728,0.0,JAM3_F11R,JAM3 - F11R,JAM,Cell-Cell Contact,KEGG: hsa04514
SM,FIB,JAM3,F11R,0.0005762629964292728,0.0,JAM3_F11R,JAM3 - F11R,JAM,Cell-Cell Contact,KEGG: hsa04514
SM,SM,JAM3,F11R,0.0014348862013125632,0.0,JAM3_F11R,JAM3 - F11R,JAM,Cell-Cell Contact,KEGG: hsa04514
FIB,SM,JAM2,JAM2,0.0009094511265601004,0.0,JAM2_JAM2,JAM2 - JAM2,JAM,Cell-Cell Contact,KEGG: hsa04514
SM,FIB,JAM2,JAM2,0.0009094511265601004,0.0,JAM2_JAM2,JAM2 - JAM2,JAM,Cell-Cell Contact,KEGG: hsa04514
EG,EG,JAM2,JAM2,0.004709232817727942,0.0,JAM2_JAM2,JAM2 - JAM2,JAM,Cell-Cell Contact,KEGG: hsa04514
EG,Immune,JAM2,JAM2,0.0008377741481145995,0.04,JAM2_JAM2,JAM2 - JAM2,JAM,Cell-Cell Contact,KEGG: hsa04514
Immune,EG,JAM2,JAM2,0.0008377741481145995,0.04,JAM2_JAM2,JAM2 - JAM2,JAM,Cell-Cell Contact,KEGG: hsa04514
ENDO,SM,JAM2,F11R,0.000651265164445218,0.0,JAM2_F11R,JAM2 - F11R,JAM,Cell-Cell Contact,KEGG: hsa04514
SM,ENDO,JAM2,F11R,0.000651265164445218,0.0,JAM2_F11R,JAM2 - F11R,JAM,Cell-Cell Contact,KEGG: hsa04514
SM,SM,JAM2,F11R,0.0026158342658460965,0.0,JAM2_F11R,JAM2 - F11R,JAM,Cell-Cell Contact,KEGG: hsa04514
Immune,SM,JAM2,F11R,0.0004771941760907872,0.04,JAM2_F11R,JAM2 - F11R,JAM,Cell-Cell Contact,KEGG: hsa04514
FIB,Immune,ICAM1,ITGAL_ITGB2,0.00023376513629483187,0.0,ICAM1_ITGAL_ITGB2,ICAM1 - (ITGAL+ITGB2),ICAM,Cell-Cell Contact,KEGG: hsa04514
EG,EG,ICAM1,ITGAL_ITGB2,0.0013151803375210918,0.0,ICAM1_ITGAL_ITGB2,ICAM1 - (ITGAL+ITGB2),ICAM,Cell-Cell Contact,KEGG: hsa04514
Immune,FIB,ICAM1,ITGAL_ITGB2,0.00023376513629483187,0.0,ICAM1_ITGAL_ITGB2,ICAM1 - (ITGAL+ITGB2),ICAM,Cell-Cell Contact,KEGG: hsa04514
Immune,ENDO,ICAM1,ITGAL_ITGB2,0.00017736947235028565,0.04,ICAM1_ITGAL_ITGB2,ICAM1 - (ITGAL+ITGB2),ICAM,Cell-Cell Contact,KEGG: hsa04514
ENDO,ENDO,ICAM2,ITGAL_ITGB2,0.0013070419613027376,0.0,ICAM2_ITGAL_ITGB2,ICAM2 - (ITGAL+ITGB2),ICAM,Cell-Cell Contact,KEGG: hsa04514
ENDO,SM,ICAM2,ITGAL_ITGB2,0.0003829557351606466,0.0,ICAM2_ITGAL_ITGB2,ICAM2 - (ITGAL+ITGB2),ICAM,Cell-Cell Contact,KEGG: hsa04514
SM,ENDO,ICAM2,ITGAL_ITGB2,0.0003829557351606466,0.0,ICAM2_ITGAL_ITGB2,ICAM2 - (ITGAL+ITGB2),ICAM,Cell-Cell Contact,KEGG: hsa04514
FIB,ENDO,ICAM1,ITGAM_ITGB2,0.000291837621344116,0.0,ICAM1_ITGAM_ITGB2,ICAM1 - (ITGAM+ITGB2),ICAM,Cell-Cell Contact,KEGG: hsa04514
ENDO,FIB,ICAM1,ITGAM_ITGB2,0.000291837621344116,0.0,ICAM1_ITGAM_ITGB2,ICAM1 - (ITGAM+ITGB2),ICAM,Cell-Cell Contact,KEGG: hsa04514
ENDO,ENDO,ICAM1,ITGAM_ITGB2,0.0011219149906470903,0.0,ICAM1_ITGAM_ITGB2,ICAM1 - (ITGAM+ITGB2),ICAM,Cell-Cell Contact,KEGG: hsa04514
FIB,EG,ICAM2,ITGAM_ITGB2,0.00027974141584052035,0.0,ICAM2_ITGAM_ITGB2,ICAM2 - (ITGAM+ITGB2),ICAM,Cell-Cell Contact,KEGG: hsa04514
EG,FIB,ICAM2,ITGAM_ITGB2,0.00027974141584052035,0.0,ICAM2_ITGAM_ITGB2,ICAM2 - (ITGAM+ITGB2),ICAM,Cell-Cell Contact,KEGG: hsa04514
EG,EG,ICAM2,ITGAM_ITGB2,0.002051737783246475,0.0,ICAM2_ITGAM_ITGB2,ICAM2 - (ITGAM+ITGB2),ICAM,Cell-Cell Contact,KEGG: hsa04514
ENDO,ENDO,ICAM1,ITGAL,0.0010847842361799496,0.0,ICAM1_ITGAL,ICAM1 - ITGAL,ICAM,Cell-Cell Contact,PMID: 23602662
ENDO,Immune,ICAM1,ITGAL,0.0007512138831193518,0.0,ICAM1_ITGAL,ICAM1 - ITGAL,ICAM,Cell-Cell Contact,PMID: 23602662
Immune,ENDO,ICAM1,ITGAL,0.0007512138831193518,0.0,ICAM1_ITGAL,ICAM1 - ITGAL,ICAM,Cell-Cell Contact,PMID: 23602662
SM,SM,ICAM1,SPN,0.0013708447222741844,0.0,ICAM1_SPN,ICAM1 - SPN,ICAM,Cell-Cell Contact,PMID: 1683685
SM,Immune,ICAM1,SPN,0.001273012228407822,0.0,ICAM1_SPN,ICAM1 - SPN,ICAM,Cell-Cell Contact,PMID: 1683685
Immune,SM,ICAM1,SPN,0.001273012228407822,0.0,ICAM1_SPN,ICAM1 - SPN,ICAM,Cell-Cell Contact,PMID: 1683685
FIB,ENDO,JAM2,ITGA3_ITGB1,0.00023055607613414668,0.0,JAM2_ITGA3_ITGB1,JAM2 - (ITGA3+ITGB1),JAM,Cell-Cell Contact,PMID: 12070135
ENDO,FIB,JAM2,ITGA3_ITGB1,0.00023055607613414668,0.0,JAM2_ITGA3_ITGB1,JAM2 - (ITGA3+ITGB1),JAM,Cell-Cell Contact,PMID: 12070135
EG,EG,JAM2,ITGA3_ITGB1,0.0015232890094454866,0.0,JAM2_ITGA3_ITGB1,JAM2 - (ITGA3+ITGB1),JAM,Cell-Cell Contact,PMID: 12070135
ENDO,SM,JAM2,ITGAV_ITGB1,0.0004506863345989438,0.04,JAM2_ITGAV_ITGB1,JAM2 - (ITGAV+ITGB1),JAM,Cell-Cell Contact,KEGG: hsa04514
SM,SM,JAM2,ITGAV_ITGB1,0.0026554613788741864,0.0,JAM2_ITGAV_ITGB1,JAM2 - (ITGAV+ITGB1),JAM,Cell-Cell Contact,KEGG: hsa04514
SM,Immune,JAM2,ITGAV_ITGB1,0.00047498127551344493,0.0,JAM2_ITGAV_ITGB1,JAM2 - (ITGAV+ITGB1),JAM,Cell-Cell Contact,KEGG: hsa04514
Immune,SM,JAM2,ITGAV_ITGB1,0.00047498127551344493,0.0,JAM2_ITGAV_ITGB1,JAM2 - (ITGAV+ITGB1),JAM,Cell-Cell Contact,KEGG: hsa04514
FIB,Immune,F11R,ITGAL_ITGB2,0.0003041565516992687,0.0,JAM1_ITGAL_ITGB2,JAM1 - (ITGAL+ITGB2),JAM,Cell-Cell Contact,PMID: 11812992
ENDO,Immune,F11R,ITGAL_ITGB2,0.00028387695847763197,0.04,JAM1_ITGAL_ITGB2,JAM1 - (ITGAL+ITGB2),JAM,Cell-Cell Contact,PMID: 11812992
Immune,FIB,F11R,ITGAL_ITGB2,0.00030415655169926877,0.0,JAM1_ITGAL_ITGB2,JAM1 - (ITGAL+ITGB2),JAM,Cell-Cell Contact,PMID: 11812992
Immune,ENDO,F11R,ITGAL_ITGB2,0.00028387695847763197,0.04,JAM1_ITGAL_ITGB2,JAM1 - (ITGAL+ITGB2),JAM,Cell-Cell Contact,PMID: 11812992
Immune,Immune,F11R,ITGAL_ITGB2,0.0008424647580793384,0.0,JAM1_ITGAL_ITGB2,JAM1 - (ITGAL+ITGB2),JAM,Cell-Cell Contact,PMID: 11812992
FIB,SM,JAM2,JAM3,0.00037725577175234205,0.0,JAM2_JAM3,JAM2 - JAM3,JAM,Cell-Cell Contact,PMC1237098;  PMID: 11590146
SM,FIB,JAM2,JAM3,0.00037725577175234205,0.0,JAM2_JAM3,JAM2 - JAM3,JAM,Cell-Cell Contact,PMC1237098;  PMID: 11590146
EG,EG,JAM2,JAM3,0.000830106195428987,0.0,JAM2_JAM3,JAM2 - JAM3,JAM,Cell-Cell Contact,PMC1237098;  PMID: 11590146
EG,EG,F11R,F11R,0.004017303825292716,0.0,F11R_F11R,F11R - F11R,JAM,Cell-Cell Contact,KEGG: hsa04514
Keratinocyte,Immune,F11R,F11R,0.0007319441715055482,0.0,F11R_F11R,F11R - F11R,JAM,Cell-Cell Contact,KEGG: hsa04514
Immune,Keratinocyte,F11R,F11R,0.0007319441715055482,0.0,F11R_F11R,F11R - F11R,JAM,Cell-Cell Contact,KEGG: hsa04514
ENDO,SM,EFNA3,EPHA2,0.00056337186438419,0.0,EFNA3_EPHA2,EFNA3 - EPHA2,EPHA,Cell-Cell Contact,PMID: 15114347
SM,ENDO,EFNA3,EPHA2,0.00056337186438419,0.0,EFNA3_EPHA2,EFNA3 - EPHA2,EPHA,Cell-Cell Contact,PMID: 15114347
Keratinocyte,Keratinocyte,EFNA3,EPHA2,0.0011759696069249034,0.0,EFNA3_EPHA2,EFNA3 - EPHA2,EPHA,Cell-Cell Contact,PMID: 15114347
FIB,ENDO,EFNA3,EPHA1,0.0003634199671430585,0.0,EFNA3_EPHA1,EFNA3 - EPHA1,EPHA,Cell-Cell Contact,PMID: 15114347
ENDO,FIB,EFNA3,EPHA1,0.0003634199671430585,0.0,EFNA3_EPHA1,EFNA3 - EPHA1,EPHA,Cell-Cell Contact,PMID: 15114347
ENDO,ENDO,EFNA3,EPHA1,0.0019412008902108776,0.0,EFNA3_EPHA1,EFNA3 - EPHA1,EPHA,Cell-Cell Contact,PMID: 15114347
FIB,Immune,CD96,NECTIN1,0.0003640631647640642,0.0,CD96_NECTIN1,CD96 - NECTIN1,CD96,Cell-Cell Contact,PMID: 17971293
ENDO,ENDO,CD96,NECTIN1,0.0012624861842199502,0.0,CD96_NECTIN1,CD96 - NECTIN1,CD96,Cell-Cell Contact,PMID: 17971293
Immune,FIB,CD96,NECTIN1,0.0003640631647640642,0.0,CD96_NECTIN1,CD96 - NECTIN1,CD96,Cell-Cell Contact,PMID: 17971293
SM,Immune,CD99,PILRA,0.0012413239218687668,0.0,CD99_PILRA,CD99 - PILRA,CD99,Cell-Cell Contact,PMID: 18234675
EG,EG,CD99,PILRA,0.0019491209574874844,0.0,CD99_PILRA,CD99 - PILRA,CD99,Cell-Cell Contact,PMID: 18234675
Immune,SM,CD99,PILRA,0.0012413239218687668,0.0,CD99_PILRA,CD99 - PILRA,CD99,Cell-Cell Contact,PMID: 18234675
FIB,FIB,CD99,CD99,0.006191205211013455,0.0,CD99_CD99,CD99 - CD99,CD99,Cell-Cell Contact,KEGG: hsa04514
FIB,Keratinocyte,CD99,CD99,0.0014943980808219354,0.0,CD99_CD99,CD99 - CD99,CD99,Cell-Cell Contact,KEGG: hsa04514
SM,FIB,CD99,CD99,0.0014866477450303395,0.04,CD99_CD99,CD99 - CD99,CD99,Cell-Cell Contact,KEGG: hsa04514
Keratinocyte,FIB,CD99,CD99,0.0014943980808219354,0.0,CD99_CD99,CD99 - CD99,CD99,Cell-Cell Contact,KEGG: hsa04514
EG,EG,CD99,CD99L2,0.002161371097446544,0.0,CD99_CD99L2,CD99 - CD99L2,CD99,Cell-Cell Contact,KEGG: hsa04514
EG,Immune,CD99,CD99L2,0.0007502364085308881,0.0,CD99_CD99L2,CD99 - CD99L2,CD99,Cell-Cell Contact,KEGG: hsa04514
Immune,EG,CD99,CD99L2,0.000750236408530888,0.03,CD99_CD99L2,CD99 - CD99L2,CD99,Cell-Cell Contact,KEGG: hsa04514
FIB,ENDO,CDH1,CDH1,0.0011218309458484637,0.0,CDH1_CDH1,CDH1 - CDH1,CDH,Cell-Cell Contact,KEGG: hsa04514
ENDO,FIB,CDH1,CDH1,0.0011218309458484637,0.0,CDH1_CDH1,CDH1 - CDH1,CDH,Cell-Cell Contact,KEGG: hsa04514
EG,EG,CDH1,CDH1,0.002425094844903823,0.0,CDH1_CDH1,CDH1 - CDH1,CDH,Cell-Cell Contact,KEGG: hsa04514
FIB,EG,CDH1,ITGA2_ITGB1,0.00046797633167990614,0.0,CDH1_ITGA1_ITGB1,CDH1 - (ITGA1+ITGB1),CDH1,Cell-Cell Contact,PMID: 12392763
EG,FIB,CDH1,ITGA2_ITGB1,0.00046797633167990614,0.0,CDH1_ITGA1_ITGB1,CDH1 - (ITGA1+ITGB1),CDH1,Cell-Cell Contact,PMID: 12392763
EG,EG,CDH1,ITGA2_ITGB1,0.0015498935335773888,0.0,CDH1_ITGA1_ITGB1,CDH1 - (ITGA1+ITGB1),CDH1,Cell-Cell Contact,PMID: 12392763
ENDO,Immune,CDH1,ITGAE_ITGB7,0.00029595785962934683,0.0,CDH1_ITGAE_ITGB7,CDH1 - (ITGAE+ITGB7),CDH1,Cell-Cell Contact,PMID: 9425167
Keratinocyte,Keratinocyte,CDH1,ITGAE_ITGB7,0.0008182393526420397,0.0,CDH1_ITGAE_ITGB7,CDH1 - (ITGAE+ITGB7),CDH1,Cell-Cell Contact,PMID: 9425167
Immune,ENDO,CDH1,ITGAE_ITGB7,0.00029595785962934683,0.0,CDH1_ITGAE_ITGB7,CDH1 - (ITGAE+ITGB7),CDH1,Cell-Cell Contact,PMID: 9425167
FIB,ENDO,CD6,ALCAM,0.00021659100032885023,0.0,CD6_ALCAM,CD6 - ALCAM,CD6,Cell-Cell Contact,PMID: 23602662
ENDO,Immune,CD6,ALCAM,0.00019460231845931967,0.04,CD6_ALCAM,CD6 - ALCAM,CD6,Cell-Cell Contact,PMID: 23602662
Immune,ENDO,CD6,ALCAM,0.00019460231845931967,0.04,CD6_ALCAM,CD6 - ALCAM,CD6,Cell-Cell Contact,PMID: 23602662
Immune,Immune,CD6,ALCAM,0.0007870047791364073,0.0,CD6_ALCAM,CD6 - ALCAM,CD6,Cell-Cell Contact,PMID: 23602662
ENDO,SM,APP,CD74,0.001315807238156632,0.0,APP_CD74,APP - CD74,APP,Cell-Cell Contact,PMID: 19849849
SM,ENDO,APP,CD74,0.001315807238156632,0.0,APP_CD74,APP - CD74,APP,Cell-Cell Contact,PMID: 19849849
EG,EG,APP,CD74,0.007746954008874697,0.0,APP_CD74,APP - CD74,APP,Cell-Cell Contact,PMID: 19849849
EG,EG,CDH5,CDH5,0.0036004550169301437,0.0,CDH5_CDH5,CDH5 - CDH5,CDH5,Cell-Cell Contact,KEGG: hsa04514
EG,Immune,CDH5,CDH5,0.0010436760872279713,0.0,CDH5_CDH5,CDH5 - CDH5,CDH5,Cell-Cell Contact,KEGG: hsa04514
Immune,EG,CDH5,CDH5,0.0010436760872279713,0.0,CDH5_CDH5,CDH5 - CDH5,CDH5,Cell-Cell Contact,KEGG: hsa04514
FIB,SM,CD34,SELP,0.0005114466404748212,0.0,CD34_SELP,CD34 - SELP,CD34,Cell-Cell Contact,PMID: 18606703
SM,FIB,CD34,SELP,0.0005114466404748212,0.0,CD34_SELP,CD34 - SELP,CD34,Cell-Cell Contact,PMID: 18606703
EG,EG,CD34,SELP,0.0023871520396319514,0.0,CD34_SELP,CD34 - SELP,CD34,Cell-Cell Contact,PMID: 18606703
SM,SM,PTPRC,MRC1,0.00336195607928564,0.0,PTPRC_MRC1,PTPRC - MRC1,CD45,Cell-Cell Contact,PMID: 27601670; PMID: 10575006
SM,Immune,PTPRC,MRC1,0.001139525617284288,0.0,PTPRC_MRC1,PTPRC - MRC1,CD45,Cell-Cell Contact,PMID: 27601670; PMID: 10575006
ENDO,SM,CD46,JAG1,0.000933625706823634,0.0,CD46_JAG1,CD46 - JAG1,CD46,Cell-Cell Contact,PMID: 23086448
SM,FIB,CD46,JAG1,0.0008735794192997979,0.04,CD46_JAG1,CD46 - JAG1,CD46,Cell-Cell Contact,PMID: 23086448
SM,ENDO,CD46,JAG1,0.000933625706823634,0.0,CD46_JAG1,CD46 - JAG1,CD46,Cell-Cell Contact,PMID: 23086448
EG,EG,CD46,JAG1,0.0029281471350035954,0.0,CD46_JAG1,CD46 - JAG1,CD46,Cell-Cell Contact,PMID: 23086448
ENDO,Immune,HLA-E,CD8B,0.0009510246499458031,0.0,HLA-E_CD8B,HLA-E - CD8B,MHC-I,Cell-Cell Contact,KEGG: hsa04514
SM,SM,HLA-E,CD8B,0.00586529768820968,0.0,HLA-E_CD8B,HLA-E - CD8B,MHC-I,Cell-Cell Contact,KEGG: hsa04514
Immune,ENDO,HLA-E,CD8B,0.0009510246499458031,0.0,HLA-E_CD8B,HLA-E - CD8B,MHC-I,Cell-Cell Contact,KEGG: hsa04514
FIB,EG,DSC3,DSG2,0.000735166082486432,0.0,DSC3_DSG2,DSC3 - DSG2,DESMOSOME,Cell-Cell Contact,PMID: 27298358
EG,FIB,DSC3,DSG2,0.0007351660824864318,0.03,DSC3_DSG2,DSC3 - DSG2,DESMOSOME,Cell-Cell Contact,PMID: 27298358
EG,EG,DSC3,DSG2,0.002688927586001597,0.0,DSC3_DSG2,DSC3 - DSG2,DESMOSOME,Cell-Cell Contact,PMID: 27298358
Keratinocyte,Keratinocyte,EPGN,EGFR,0.0003126633025557797,0.0,EPGN_EGFR,EPGN - EGFR,EPGN,Cell-Cell Contact,PMID: 27298358
Keratinocyte,Immune,EPGN,EGFR,5.932603201694201e-05,0.01,EPGN_EGFR,EPGN - EGFR,EPGN,Cell-Cell Contact,PMID: 27298358
Immune,Keratinocyte,EPGN,EGFR,5.9326032016942016e-05,0.0,EPGN_EGFR,EPGN - EGFR,EPGN,Cell-Cell Contact,PMID: 27298358
EG,EG,EFNA1,EPHA1,0.0018735265782770245,0.0,EFNA1_EPHA1,EFNA1 - EPHA1,EPHA,Cell-Cell Contact,PMID: 15114347
EG,Immune,EFNA1,EPHA1,0.0008171046608812068,0.0,EFNA1_EPHA1,EFNA1 - EPHA1,EPHA,Cell-Cell Contact,PMID: 15114347
Immune,EG,EFNA1,EPHA1,0.0008171046608812067,0.03,EFNA1_EPHA1,EFNA1 - EPHA1,EPHA,Cell-Cell Contact,PMID: 15114347
FIB,SM,EFNA1,EPHA2,0.0008494105792619267,0.0,EFNA1_EPHA2,EFNA1 - EPHA2,EPHA,Cell-Cell Contact,PMID: 15114347
SM,FIB,EFNA1,EPHA2,0.0008494105792619266,0.01,EFNA1_EPHA2,EFNA1 - EPHA2,EPHA,Cell-Cell Contact,PMID: 15114347
EG,EG,EFNA1,EPHA2,0.0015213702267114924,0.0,EFNA1_EPHA2,EFNA1 - EPHA2,EPHA,Cell-Cell Contact,PMID: 15114347
Immune,EG,EFNA1,EPHA2,0.000584501390742697,0.04,EFNA1_EPHA2,EFNA1 - EPHA2,EPHA,Cell-Cell Contact,PMID: 15114347
FIB,EG,EFNA1,EPHA4,0.0006224060340689788,0.0,EFNA1_EPHA4,EFNA1 - EPHA4,EPHA,Cell-Cell Contact,PMID: 15114347
SM,SM,EFNA1,EPHA4,0.0017583919918015452,0.0,EFNA1_EPHA4,EFNA1 - EPHA4,EPHA,Cell-Cell Contact,PMID: 15114347
EG,FIB,EFNA1,EPHA4,0.0006224060340689788,0.0,EFNA1_EPHA4,EFNA1 - EPHA4,EPHA,Cell-Cell Contact,PMID: 15114347
Keratinocyte,Keratinocyte,DSC3,DSG1,0.008162911609043533,0.0,DSC3_DSG1,DSC3 - DSG1,DESMOSOME,Cell-Cell Contact,PMID: 27298358
Keratinocyte,Immune,DSC3,DSG1,0.0012967633212432304,0.0,DSC3_DSG1,DSC3 - DSG1,DESMOSOME,Cell-Cell Contact,PMID: 27298358
Immune,Keratinocyte,DSC3,DSG1,0.0012967633212432304,0.0,DSC3_DSG1,DSC3 - DSG1,DESMOSOME,Cell-Cell Contact,PMID: 27298358
FIB,EG,DSC2,DSG2,0.0004770572592773512,0.0,DSC2_DSG2,DSC2 - DSG2,DESMOSOME,Cell-Cell Contact,PMID: 27298358
EG,FIB,DSC2,DSG2,0.00047705725927735113,0.03,DSC2_DSG2,DSC2 - DSG2,DESMOSOME,Cell-Cell Contact,PMID: 27298358
EG,EG,DSC2,DSG2,0.0018019216084086925,0.0,DSC2_DSG2,DSC2 - DSG2,DESMOSOME,Cell-Cell Contact,PMID: 27298358
FIB,SM,DSC2,DSG1,0.0016635577552559788,0.0,DSC2_DSG1,DSC2 - DSG1,DESMOSOME,Cell-Cell Contact,PMID: 27298358
SM,FIB,DSC2,DSG1,0.0016635577552559788,0.0,DSC2_DSG1,DSC2 - DSG1,DESMOSOME,Cell-Cell Contact,PMID: 27298358
Keratinocyte,Keratinocyte,DSC2,DSG1,0.005428476585535959,0.0,DSC2_DSG1,DSC2 - DSG1,DESMOSOME,Cell-Cell Contact,PMID: 27298358
FIB,EG,DSC1,DSG2,0.00038407833003207577,0.0,DSC1_DSG2,DSC1 - DSG2,DESMOSOME,Cell-Cell Contact,PMID: 27298358
EG,FIB,DSC1,DSG2,0.00038407833003207577,0.0,DSC1_DSG2,DSC1 - DSG2,DESMOSOME,Cell-Cell Contact,PMID: 27298358
EG,EG,DSC1,DSG2,0.0015765748784261765,0.0,DSC1_DSG2,DSC1 - DSG2,DESMOSOME,Cell-Cell Contact,PMID: 27298358
SM,SM,CLDN11,CLDN11,0.002289608782362357,0.0,CLDN11_CLDN11,CLDN11 - CLDN11,CLDN,Cell-Cell Contact,KEGG: hsa04514
SM,Immune,CLDN11,CLDN11,0.000749417628054684,0.01,CLDN11_CLDN11,CLDN11 - CLDN11,CLDN,Cell-Cell Contact,KEGG: hsa04514
Keratinocyte,Immune,CLDN11,CLDN11,0.0010664502746168829,0.0,CLDN11_CLDN11,CLDN11 - CLDN11,CLDN,Cell-Cell Contact,KEGG: hsa04514
Immune,SM,CLDN11,CLDN11,0.000749417628054684,0.01,CLDN11_CLDN11,CLDN11 - CLDN11,CLDN,Cell-Cell Contact,KEGG: hsa04514
Immune,Keratinocyte,CLDN11,CLDN11,0.0010664502746168829,0.0,CLDN11_CLDN11,CLDN11 - CLDN11,CLDN,Cell-Cell Contact,KEGG: hsa04514
FIB,SM,CLEC2B,KLRB1,0.000312488764388451,0.0,CLEC2B_KLRB1,CLEC2B - KLRB1,CLEC,Cell-Cell Contact,PMID: 24223577
SM,FIB,CLEC2B,KLRB1,0.000312488764388451,0.0,CLEC2B_KLRB1,CLEC2B - KLRB1,CLEC,Cell-Cell Contact,PMID: 24223577
SM,SM,CLEC2B,KLRB1,0.0009604160272038769,0.0,CLEC2B_KLRB1,CLEC2B - KLRB1,CLEC,Cell-Cell Contact,PMID: 24223577
SM,SM,CSPG4,ITGA3_ITGB1,0.0028557167502644633,0.0,CSPG4_ITGA2_ITGB1,CSPG4 - (ITGA2+ITGB1),CSPG4,Cell-Cell Contact,PMID: 30213051
EG,Keratinocyte,CSPG4,ITGA3_ITGB1,0.0005628818395700388,0.0,CSPG4_ITGA2_ITGB1,CSPG4 - (ITGA2+ITGB1),CSPG4,Cell-Cell Contact,PMID: 30213051
Keratinocyte,EG,CSPG4,ITGA3_ITGB1,0.0005628818395700388,0.0,CSPG4_ITGA2_ITGB1,CSPG4 - (ITGA2+ITGB1),CSPG4,Cell-Cell Contact,PMID: 30213051
SM,EG,DSC1,DSG1,0.0012591824975654285,0.0,DSC1_DSG1,DSC1 - DSG1,DESMOSOME,Cell-Cell Contact,PMID: 27298358
EG,SM,DSC1,DSG1,0.0012591824975654285,0.0,DSC1_DSG1,DSC1 - DSG1,DESMOSOME,Cell-Cell Contact,PMID: 27298358
Keratinocyte,Keratinocyte,DSC1,DSG1,0.005959492297982779,0.0,DSC1_DSG1,DSC1 - DSG1,DESMOSOME,Cell-Cell Contact,PMID: 27298358
FIB,ENDO,PECAM1,PECAM1,0.001506165087027083,0.0,PECAM1_PECAM1,PECAM1 - PECAM1,PECAM1,Cell-Cell Contact,KEGG: hsa04514
ENDO,FIB,PECAM1,PECAM1,0.001506165087027083,0.0,PECAM1_PECAM1,PECAM1 - PECAM1,PECAM1,Cell-Cell Contact,KEGG: hsa04514
EG,EG,PECAM1,PECAM1,0.008780418270379824,0.0,PECAM1_PECAM1,PECAM1 - PECAM1,PECAM1,Cell-Cell Contact,KEGG: hsa04514
Immune,ENDO,PECAM1,PECAM1,0.001325931663216146,0.04,PECAM1_PECAM1,PECAM1 - PECAM1,PECAM1,Cell-Cell Contact,KEGG: hsa04514
FIB,SM,SELE,CD44,0.00047968448493447205,0.04,SELE_CD44,SELE - CD44,SELE,Cell-Cell Contact,PMC4571854
ENDO,Immune,SELE,CD44,0.0005663142661309609,0.0,SELE_CD44,SELE - CD44,SELE,Cell-Cell Contact,PMC4571854
SM,FIB,SELE,CD44,0.00047968448493447205,0.04,SELE_CD44,SELE - CD44,SELE,Cell-Cell Contact,PMC4571854
Immune,ENDO,SELE,CD44,0.0005663142661309609,0.0,SELE_CD44,SELE - CD44,SELE,Cell-Cell Contact,PMC4571854
Immune,Immune,SELE,CD44,0.001597076034551753,0.0,SELE_CD44,SELE - CD44,SELE,Cell-Cell Contact,PMC4571854
FIB,ENDO,SELE,GLG1,0.0002652585792540518,0.0,SELE_GLG1,SELE - GLG1,SELE,Cell-Cell Contact,PMID: 11404363
ENDO,FIB,SELE,GLG1,0.0002652585792540518,0.0,SELE_GLG1,SELE - GLG1,SELE,Cell-Cell Contact,PMID: 11404363
ENDO,Immune,SELE,GLG1,0.00021335023075317542,0.04,SELE_GLG1,SELE - GLG1,SELE,Cell-Cell Contact,PMID: 11404363
Keratinocyte,Keratinocyte,SELE,GLG1,0.0008250428210120299,0.0,SELE_GLG1,SELE - GLG1,SELE,Cell-Cell Contact,PMID: 11404363
Immune,ENDO,SELE,GLG1,0.00021335023075317542,0.04,SELE_GLG1,SELE - GLG1,SELE,Cell-Cell Contact,PMID: 11404363
ENDO,Immune,SELL,CD34,0.00048355542601687384,0.0,SELL_CD34,SELL - CD34,SELL,Cell-Cell Contact,PMID: 7692600; PMID: 8977216
Immune,ENDO,SELL,CD34,0.00048355542601687384,0.0,SELL_CD34,SELL - CD34,SELL,Cell-Cell Contact,PMID: 7692600; PMID: 8977216
Immune,Immune,SELL,CD34,0.0011849137696101888,0.0,SELL_CD34,SELL - CD34,SELL,Cell-Cell Contact,PMID: 7692600; PMID: 8977216
ENDO,Immune,SELPLG,SELE,0.00021353670718194452,0.0,SELPLG_SELE,SELPLG - SELE,SELPLG,Cell-Cell Contact,PMC4571854
Immune,ENDO,SELPLG,SELE,0.00021353670718194452,0.0,SELPLG_SELE,SELPLG - SELE,SELPLG,Cell-Cell Contact,PMC4571854
Immune,Immune,SELPLG,SELE,0.001008295847850749,0.0,SELPLG_SELE,SELPLG - SELE,SELPLG,Cell-Cell Contact,PMC4571854
FIB,Immune,SELPLG,SELL,0.0003889011055963876,0.0,SELPLG_SELL,SELPLG - SELL,SELPLG,Cell-Cell Contact,"PMC2431087; PMID:  8892633,PMID:  8896607"
Immune,FIB,SELPLG,SELL,0.0003889011055963876,0.0,SELPLG_SELL,SELPLG - SELL,SELPLG,Cell-Cell Contact,"PMC2431087; PMID:  8892633,PMID:  8896607"
Immune,ENDO,SELPLG,SELL,9.7410088097009e-05,0.04,SELPLG_SELL,SELPLG - SELL,SELPLG,Cell-Cell Contact,"PMC2431087; PMID:  8892633,PMID:  8896607"
Immune,Immune,SELPLG,SELL,0.0008303753459848976,0.0,SELPLG_SELL,SELPLG - SELL,SELPLG,Cell-Cell Contact,"PMC2431087; PMID:  8892633,PMID:  8896607"
ENDO,ENDO,SELPLG,SELP,0.0010076532529961638,0.0,SELPLG_SELP,SELPLG - SELP,SELPLG,Cell-Cell Contact,PMID: 19118202; PMID: 9829984
ENDO,SM,SELPLG,SELP,0.0004800815664480601,0.0,SELPLG_SELP,SELPLG - SELP,SELPLG,Cell-Cell Contact,PMID: 19118202; PMID: 9829984
SM,ENDO,SELPLG,SELP,0.00048008156644806005,0.03,SELPLG_SELP,SELPLG - SELP,SELPLG,Cell-Cell Contact,PMID: 19118202; PMID: 9829984
EG,EG,OCLN,OCLN,0.0019464480011804697,0.0,OCLN_OCLN,OCLN - OCLN,OCLN,Cell-Cell Contact,KEGG: hsa04514
EG,Immune,OCLN,OCLN,0.0010479947151583327,0.0,OCLN_OCLN,OCLN - OCLN,OCLN,Cell-Cell Contact,KEGG: hsa04514
Immune,EG,OCLN,OCLN,0.0010479947151583327,0.0,OCLN_OCLN,OCLN - OCLN,OCLN,Cell-Cell Contact,KEGG: hsa04514
SM,SM,JAG1,NOTCH1,0.0020373563371481047,0.0,JAG1_NOTCH1,JAG1 - NOTCH1,NOTCH,Cell-Cell Contact,PMID: 22353464
SM,Immune,JAG1,NOTCH1,0.0008099123059328328,0.0,JAG1_NOTCH1,JAG1 - NOTCH1,NOTCH,Cell-Cell Contact,PMID: 22353464
Immune,SM,JAG1,NOTCH1,0.0008099123059328328,0.0,JAG1_NOTCH1,JAG1 - NOTCH1,NOTCH,Cell-Cell Contact,PMID: 22353464
SM,SM,JAG1,NOTCH2,0.0027264973037880278,0.0,JAG1_NOTCH2,JAG1 - NOTCH2,NOTCH,Cell-Cell Contact,PMID: 22353464
EG,Immune,JAG1,NOTCH2,0.0009065385689790963,0.03,JAG1_NOTCH2,JAG1 - NOTCH2,NOTCH,Cell-Cell Contact,PMID: 22353464
Immune,EG,JAG1,NOTCH2,0.0009065385689790964,0.0,JAG1_NOTCH2,JAG1 - NOTCH2,NOTCH,Cell-Cell Contact,PMID: 22353464
ENDO,SM,JAG1,NOTCH3,0.0008394145930229201,0.0,JAG1_NOTCH3,JAG1 - NOTCH3,NOTCH,Cell-Cell Contact,PMID: 22353464
SM,ENDO,JAG1,NOTCH3,0.0008394145930229199,0.03,JAG1_NOTCH3,JAG1 - NOTCH3,NOTCH,Cell-Cell Contact,PMID: 22353464
EG,EG,JAG1,NOTCH3,0.0034923427714495833,0.0,JAG1_NOTCH3,JAG1 - NOTCH3,NOTCH,Cell-Cell Contact,PMID: 22353464
ENDO,Immune,JAG1,NOTCH4,0.000500258670111858,0.0,JAG1_NOTCH4,JAG1 - NOTCH4,NOTCH,Cell-Cell Contact,PMID: 22353464
SM,SM,JAG1,NOTCH4,0.00195578271764811,0.0,JAG1_NOTCH4,JAG1 - NOTCH4,NOTCH,Cell-Cell Contact,PMID: 22353464
Immune,ENDO,JAG1,NOTCH4,0.000500258670111858,0.0,JAG1_NOTCH4,JAG1 - NOTCH4,NOTCH,Cell-Cell Contact,PMID: 22353464
ENDO,Immune,JAG2,NOTCH1,0.0004300171508992347,0.04,JAG2_NOTCH1,JAG2 - NOTCH1,NOTCH,Cell-Cell Contact,PMID: 22353464
SM,SM,JAG2,NOTCH1,0.0014422562529338753,0.0,JAG2_NOTCH1,JAG2 - NOTCH1,NOTCH,Cell-Cell Contact,PMID: 22353464
EG,Keratinocyte,JAG2,NOTCH1,0.0005761107782836612,0.02,JAG2_NOTCH1,JAG2 - NOTCH1,NOTCH,Cell-Cell Contact,PMID: 22353464
Keratinocyte,EG,JAG2,NOTCH1,0.0005761107782836613,0.0,JAG2_NOTCH1,JAG2 - NOTCH1,NOTCH,Cell-Cell Contact,PMID: 22353464
Immune,ENDO,JAG2,NOTCH1,0.0004300171508992347,0.04,JAG2_NOTCH1,JAG2 - NOTCH1,NOTCH,Cell-Cell Contact,PMID: 22353464
SM,SM,JAG2,NOTCH2,0.0022590528117292464,0.0,JAG2_NOTCH2,JAG2 - NOTCH2,NOTCH,Cell-Cell Contact,PMID: 22353464
EG,Immune,JAG2,NOTCH2,0.001358141566324211,0.0,JAG2_NOTCH2,JAG2 - NOTCH2,NOTCH,Cell-Cell Contact,PMID: 22353464
Immune,EG,JAG2,NOTCH2,0.001358141566324211,0.0,JAG2_NOTCH2,JAG2 - NOTCH2,NOTCH,Cell-Cell Contact,PMID: 22353464
FIB,FIB,SEMA4A,NRP1_PLXNA1,0.001684904132316083,0.0,SEMA4A_NRP1_PLXNA1,SEMA4A - (NRP1+PLXNA1),SEMA4,Cell-Cell Contact,PMID: 27533782
FIB,SM,SEMA4A,NRP1_PLXNA1,0.0006567613336827549,0.0,SEMA4A_NRP1_PLXNA1,SEMA4A - (NRP1+PLXNA1),SEMA4,Cell-Cell Contact,PMID: 27533782
SM,FIB,SEMA4A,NRP1_PLXNA1,0.0006567613336827549,0.0,SEMA4A_NRP1_PLXNA1,SEMA4A - (NRP1+PLXNA1),SEMA4,Cell-Cell Contact,PMID: 27533782
FIB,FIB,JAG2,NOTCH3,0.002329947229894151,0.0,JAG2_NOTCH3,JAG2 - NOTCH3,NOTCH,Cell-Cell Contact,PMID: 22353464
EG,Immune,JAG2,NOTCH3,0.001420362320083269,0.0,JAG2_NOTCH3,JAG2 - NOTCH3,NOTCH,Cell-Cell Contact,PMID: 22353464
Immune,EG,JAG2,NOTCH3,0.001420362320083269,0.0,JAG2_NOTCH3,JAG2 - NOTCH3,NOTCH,Cell-Cell Contact,PMID: 22353464
ENDO,SM,DLL1,NOTCH2,0.0004320674105604626,0.03,DLL1_NOTCH2,DLL1 - NOTCH2,NOTCH,Cell-Cell Contact,PMID: 22353464
SM,FIB,DLL1,NOTCH2,0.0003162154852031024,0.04,DLL1_NOTCH2,DLL1 - NOTCH2,NOTCH,Cell-Cell Contact,PMID: 22353464
SM,ENDO,DLL1,NOTCH2,0.00043206741056046264,0.0,DLL1_NOTCH2,DLL1 - NOTCH2,NOTCH,Cell-Cell Contact,PMID: 22353464
EG,EG,DLL1,NOTCH2,0.0017746809361831118,0.0,DLL1_NOTCH2,DLL1 - NOTCH2,NOTCH,Cell-Cell Contact,PMID: 22353464
FIB,FIB,JAG2,NOTCH4,0.001635331159111151,0.0,JAG2_NOTCH4,JAG2 - NOTCH4,NOTCH,Cell-Cell Contact,PMID: 22353464
FIB,Immune,JAG2,NOTCH4,0.000564786208678485,0.0,JAG2_NOTCH4,JAG2 - NOTCH4,NOTCH,Cell-Cell Contact,PMID: 22353464
Immune,FIB,JAG2,NOTCH4,0.000564786208678485,0.0,JAG2_NOTCH4,JAG2 - NOTCH4,NOTCH,Cell-Cell Contact,PMID: 22353464
ENDO,SM,DLL4,NOTCH3,0.0006134510364083435,0.0,DLL4_NOTCH3,DLL4 - NOTCH3,NOTCH,Cell-Cell Contact,PMID: 22353464
SM,ENDO,DLL4,NOTCH3,0.0006134510364083435,0.0,DLL4_NOTCH3,DLL4 - NOTCH3,NOTCH,Cell-Cell Contact,PMID: 22353464
EG,EG,DLL4,NOTCH3,0.0036607267617322,0.0,DLL4_NOTCH3,DLL4 - NOTCH3,NOTCH,Cell-Cell Contact,PMID: 22353464
Keratinocyte,Immune,SEMA4A,NRP1_PLXNA2,4.827423078313039e-05,0.01,SEMA4A_NRP1_PLXNA2,SEMA4A - (NRP1+PLXNA2),SEMA4,Cell-Cell Contact,PMID: 27533782
Immune,Keratinocyte,SEMA4A,NRP1_PLXNA2,4.82742307831304e-05,0.0,SEMA4A_NRP1_PLXNA2,SEMA4A - (NRP1+PLXNA2),SEMA4,Cell-Cell Contact,PMID: 27533782
Immune,Immune,SEMA4A,NRP1_PLXNA2,0.00019859777537191347,0.0,SEMA4A_NRP1_PLXNA2,SEMA4A - (NRP1+PLXNA2),SEMA4,Cell-Cell Contact,PMID: 27533782
FIB,ENDO,SEMA7A,ITGB1_ITGA1,0.00012366983622590224,0.0,SEMA7A_ITGB1_ITGA1,SEMA7A - (ITGB1+ITGA1),SEMA7,Cell-Cell Contact,PMID: 22325954
ENDO,FIB,SEMA7A,ITGB1_ITGA1,0.00012366983622590224,0.0,SEMA7A_ITGB1_ITGA1,SEMA7A - (ITGB1+ITGA1),SEMA7,Cell-Cell Contact,PMID: 22325954
ENDO,ENDO,SEMA7A,ITGB1_ITGA1,0.0021580369367100076,0.0,SEMA7A_ITGB1_ITGA1,SEMA7A - (ITGB1+ITGA1),SEMA7,Cell-Cell Contact,PMID: 22325954
ENDO,Immune,SEMA7A,ITGB1_ITGA1,9.2267739315799e-05,0.04,SEMA7A_ITGB1_ITGA1,SEMA7A - (ITGB1+ITGA1),SEMA7,Cell-Cell Contact,PMID: 22325954
Keratinocyte,Immune,SEMA7A,PLXNC1,4.199862945907612e-05,0.0,SEMA7A_PLXNC1,SEMA7A - PLXNC1,SEMA7,Cell-Cell Contact,PMID: 27533782
Immune,Keratinocyte,SEMA7A,PLXNC1,4.199862945907612e-05,0.0,SEMA7A_PLXNC1,SEMA7A - PLXNC1,SEMA7,Cell-Cell Contact,PMID: 27533782
Immune,Immune,SEMA7A,PLXNC1,0.00026643868727766905,0.0,SEMA7A_PLXNC1,SEMA7A - PLXNC1,SEMA7,Cell-Cell Contact,PMID: 27533782
ENDO,ENDO,THY1,ITGAM_ITGB2,0.0039675472586812935,0.0,THY1_ITGAM_ITGB2,THY1 - (ITGAM+ITGB2),THY1,Cell-Cell Contact,PMID: 15850796
ENDO,SM,THY1,ITGAM_ITGB2,0.0007274251996709948,0.0,THY1_ITGAM_ITGB2,THY1 - (ITGAM+ITGB2),THY1,Cell-Cell Contact,PMID: 15850796
SM,ENDO,THY1,ITGAM_ITGB2,0.0007274251996709948,0.0,THY1_ITGAM_ITGB2,THY1 - (ITGAM+ITGB2),THY1,Cell-Cell Contact,PMID: 15850796
FIB,FIB,THY1,ITGAX_ITGB2,0.002118033419137365,0.0,THY1_ITGAX_ITGB2,THY1 - (ITGAX+ITGB2),THY1,Cell-Cell Contact,PMID: 15850796
FIB,SM,THY1,ITGAX_ITGB2,0.0004519773863779213,0.0,THY1_ITGAX_ITGB2,THY1 - (ITGAX+ITGB2),THY1,Cell-Cell Contact,PMID: 15850796
SM,FIB,THY1,ITGAX_ITGB2,0.0004519773863779213,0.0,THY1_ITGAX_ITGB2,THY1 - (ITGAX+ITGB2),THY1,Cell-Cell Contact,PMID: 15850796
EG,EG,CDH3,CDH3,0.003304729701255134,0.0,CDH3_CDH3,CDH3 - CDH3,CDH,Cell-Cell Contact,KEGG: hsa04514
EG,Immune,CDH3,CDH3,0.0009754285414281883,0.0,CDH3_CDH3,CDH3 - CDH3,CDH,Cell-Cell Contact,KEGG: hsa04514
Immune,EG,CDH3,CDH3,0.0009754285414281883,0.0,CDH3_CDH3,CDH3 - CDH3,CDH,Cell-Cell Contact,KEGG: hsa04514
ENDO,Keratinocyte,DSC1,DSG3,0.000807550697194456,0.0,DSC1_DSG3,DSC1 - DSG3,DESMOSOME,Cell-Cell Contact,PMID: 27298358
ENDO,Immune,DSC1,DSG3,0.0007071613592819004,0.04,DSC1_DSG3,DSC1 - DSG3,DESMOSOME,Cell-Cell Contact,PMID: 27298358
Keratinocyte,ENDO,DSC1,DSG3,0.000807550697194456,0.0,DSC1_DSG3,DSC1 - DSG3,DESMOSOME,Cell-Cell Contact,PMID: 27298358
Keratinocyte,Keratinocyte,DSC1,DSG3,0.003012247788535792,0.0,DSC1_DSG3,DSC1 - DSG3,DESMOSOME,Cell-Cell Contact,PMID: 27298358
Immune,ENDO,DSC1,DSG3,0.0007071613592819004,0.04,DSC1_DSG3,DSC1 - DSG3,DESMOSOME,Cell-Cell Contact,PMID: 27298358
FIB,SM,SEMA6B,PLXNA2,0.0004700861022031378,0.0,SEMA6B_PLXNA2,SEMA6B - PLXNA2,SEMA6,Cell-Cell Contact,PMID: 27533782
ENDO,SM,SEMA6B,PLXNA2,0.00031086877742362207,0.04,SEMA6B_PLXNA2,SEMA6B - PLXNA2,SEMA6,Cell-Cell Contact,PMID: 27533782
SM,FIB,SEMA6B,PLXNA2,0.0004700861022031378,0.0,SEMA6B_PLXNA2,SEMA6B - PLXNA2,SEMA6,Cell-Cell Contact,PMID: 27533782
SM,ENDO,SEMA6B,PLXNA2,0.00031086877742362207,0.04,SEMA6B_PLXNA2,SEMA6B - PLXNA2,SEMA6,Cell-Cell Contact,PMID: 27533782
SM,SM,SEMA6B,PLXNA2,0.0017739250214965903,0.0,SEMA6B_PLXNA2,SEMA6B - PLXNA2,SEMA6,Cell-Cell Contact,PMID: 27533782
SM,SM,SEMA4A,PLXNB1,0.0019161951676500476,0.0,SEMA4A_PLXNB1,SEMA4A - PLXNB1,SEMA4,Cell-Cell Contact,PMID: 27533782
EG,Keratinocyte,SEMA4A,PLXNB1,0.0004884434466795864,0.0,SEMA4A_PLXNB1,SEMA4A - PLXNB1,SEMA4,Cell-Cell Contact,PMID: 27533782
Keratinocyte,EG,SEMA4A,PLXNB1,0.0004884434466795864,0.0,SEMA4A_PLXNB1,SEMA4A - PLXNB1,SEMA4,Cell-Cell Contact,PMID: 27533782
ENDO,Keratinocyte,SEMA4A,PLXNB2,0.001476315954350044,0.0,SEMA4A_PLXNB2,SEMA4A - PLXNB2,SEMA4,Cell-Cell Contact,PMID: 27533782
EG,EG,SEMA4A,PLXNB2,0.0022967985426705674,0.0,SEMA4A_PLXNB2,SEMA4A - PLXNB2,SEMA4,Cell-Cell Contact,PMID: 27533782
Keratinocyte,ENDO,SEMA4A,PLXNB2,0.001476315954350044,0.0,SEMA4A_PLXNB2,SEMA4A - PLXNB2,SEMA4,Cell-Cell Contact,PMID: 27533782
FIB,SM,SEMA4D,PLXNB1,0.0008206000955891211,0.0,SEMA4D_PLXNB1,SEMA4D - PLXNB1,SEMA4,Cell-Cell Contact,PMID: 27533782
SM,FIB,SEMA4D,PLXNB1,0.0008206000955891211,0.0,SEMA4D_PLXNB1,SEMA4D - PLXNB1,SEMA4,Cell-Cell Contact,PMID: 27533782
EG,EG,SEMA4D,PLXNB1,0.003199573137367587,0.0,SEMA4D_PLXNB1,SEMA4D - PLXNB1,SEMA4,Cell-Cell Contact,PMID: 27533782
EG,EG,SEMA4D,PLXNB2,0.002412859382508191,0.0,SEMA4D_PLXNB2,SEMA4D - PLXNB2,SEMA4,Cell-Cell Contact,PMID: 27533782
EG,Keratinocyte,SEMA4D,PLXNB2,0.0010475410882197452,0.0,SEMA4D_PLXNB2,SEMA4D - PLXNB2,SEMA4,Cell-Cell Contact,PMID: 27533782
Keratinocyte,EG,SEMA4D,PLXNB2,0.0010475410882197452,0.0,SEMA4D_PLXNB2,SEMA4D - PLXNB2,SEMA4,Cell-Cell Contact,PMID: 27533782
Immune,EG,SEMA4D,PLXNB2,0.00048783169964763164,0.04,SEMA4D_PLXNB2,SEMA4D - PLXNB2,SEMA4,Cell-Cell Contact,PMID: 27533782
FIB,SM,SEMA4C,PLXNB2,0.0008176741914021527,0.03,SEMA4C_PLXNB2,SEMA4C - PLXNB2,SEMA4,Cell-Cell Contact,PMID: 27533782
SM,FIB,SEMA4C,PLXNB2,0.0008176741914021527,0.03,SEMA4C_PLXNB2,SEMA4C - PLXNB2,SEMA4,Cell-Cell Contact,PMID: 27533782
SM,EG,SEMA4C,PLXNB2,0.0008401062954693465,0.0,SEMA4C_PLXNB2,SEMA4C - PLXNB2,SEMA4,Cell-Cell Contact,PMID: 27533782
EG,SM,SEMA4C,PLXNB2,0.0008401062954693465,0.0,SEMA4C_PLXNB2,SEMA4C - PLXNB2,SEMA4,Cell-Cell Contact,PMID: 27533782
EG,EG,SEMA4C,PLXNB2,0.0029988693380656206,0.0,SEMA4C_PLXNB2,SEMA4C - PLXNB2,SEMA4,Cell-Cell Contact,PMID: 27533782
FIB,FIB,SEMA4A,NRP1_PLXNA3,0.0015380306624888157,0.0,SEMA4A_NRP1_PLXNA3,SEMA4A - (NRP1+PLXNA3),SEMA4,Cell-Cell Contact,PMID: 27533782
Keratinocyte,Immune,SEMA4A,NRP1_PLXNA3,4.5059277915960275e-05,0.0,SEMA4A_NRP1_PLXNA3,SEMA4A - (NRP1+PLXNA3),SEMA4,Cell-Cell Contact,PMID: 27533782
Immune,Keratinocyte,SEMA4A,NRP1_PLXNA3,4.5059277915960275e-05,0.0,SEMA4A_NRP1_PLXNA3,SEMA4A - (NRP1+PLXNA3),SEMA4,Cell-Cell Contact,PMID: 27533782
EG,EG,SEMA4G,PLXNB2,0.002449334677374207,0.0,SEMA4G_PLXNB2,SEMA4G - PLXNB2,SEMA4,Cell-Cell Contact,PMID: 27533782
Keratinocyte,Immune,SEMA4G,PLXNB2,0.00027092824003831917,0.0,SEMA4G_PLXNB2,SEMA4G - PLXNB2,SEMA4,Cell-Cell Contact,PMID: 27533782
Immune,Keratinocyte,SEMA4G,PLXNB2,0.00027092824003831917,0.0,SEMA4G_PLXNB2,SEMA4G - PLXNB2,SEMA4,Cell-Cell Contact,PMID: 27533782
ENDO,ENDO,DLL4,NOTCH2,0.0010217590842897589,0.0,DLL4_NOTCH2,DLL4 - NOTCH2,NOTCH,Cell-Cell Contact,PMID: 22353464
ENDO,SM,DLL4,NOTCH2,0.0009156104099113344,0.0,DLL4_NOTCH2,DLL4 - NOTCH2,NOTCH,Cell-Cell Contact,PMID: 22353464
SM,ENDO,DLL4,NOTCH2,0.0009156104099113344,0.0,DLL4_NOTCH2,DLL4 - NOTCH2,NOTCH,Cell-Cell Contact,PMID: 22353464
FIB,SM,HLA-DPA1,CD4,0.0005344013250305634,0.04,HLA-DPA1_CD4,HLA-DPA1 - CD4,MHC-II,Cell-Cell Contact,KEGG: hsa04514
ENDO,Immune,HLA-DPA1,CD4,0.00057568290300782,0.0,HLA-DPA1_CD4,HLA-DPA1 - CD4,MHC-II,Cell-Cell Contact,KEGG: hsa04514
SM,FIB,HLA-DPA1,CD4,0.0005344013250305634,0.04,HLA-DPA1_CD4,HLA-DPA1 - CD4,MHC-II,Cell-Cell Contact,KEGG: hsa04514
EG,EG,HLA-DPA1,CD4,0.003930451409225411,0.0,HLA-DPA1_CD4,HLA-DPA1 - CD4,MHC-II,Cell-Cell Contact,KEGG: hsa04514
Immune,ENDO,HLA-DPA1,CD4,0.00057568290300782,0.0,HLA-DPA1_CD4,HLA-DPA1 - CD4,MHC-II,Cell-Cell Contact,KEGG: hsa04514
FIB,SM,HLA-DPB1,CD4,0.0006001451029257978,0.0,HLA-DPB1_CD4,HLA-DPB1 - CD4,MHC-II,Cell-Cell Contact,KEGG: hsa04514
SM,FIB,HLA-DPB1,CD4,0.0006001451029257978,0.0,HLA-DPB1_CD4,HLA-DPB1 - CD4,MHC-II,Cell-Cell Contact,KEGG: hsa04514
Immune,Immune,HLA-DPB1,CD4,0.001658696353162575,0.0,HLA-DPB1_CD4,HLA-DPB1 - CD4,MHC-II,Cell-Cell Contact,KEGG: hsa04514
FIB,SM,HLA-DQA1,CD4,0.00041972384180637086,0.0,HLA-DQA1_CD4,HLA-DQA1 - CD4,MHC-II,Cell-Cell Contact,KEGG: hsa04514
SM,FIB,HLA-DQA1,CD4,0.0004197238418063708,0.01,HLA-DQA1_CD4,HLA-DQA1 - CD4,MHC-II,Cell-Cell Contact,KEGG: hsa04514
EG,EG,HLA-DQA1,CD4,0.0031169277042783624,0.0,HLA-DQA1_CD4,HLA-DQA1 - CD4,MHC-II,Cell-Cell Contact,KEGG: hsa04514
FIB,SM,HLA-DMA,CD4,0.0005816070703851612,0.04,HLA-DMA_CD4,HLA-DMA - CD4,MHC-II,Cell-Cell Contact,KEGG: hsa04514
ENDO,Immune,HLA-DMA,CD4,0.0006775520645064875,0.0,HLA-DMA_CD4,HLA-DMA - CD4,MHC-II,Cell-Cell Contact,KEGG: hsa04514
SM,FIB,HLA-DMA,CD4,0.0005816070703851612,0.04,HLA-DMA_CD4,HLA-DMA - CD4,MHC-II,Cell-Cell Contact,KEGG: hsa04514
EG,EG,HLA-DMA,CD4,0.002691761975896277,0.0,HLA-DMA_CD4,HLA-DMA - CD4,MHC-II,Cell-Cell Contact,KEGG: hsa04514
Immune,ENDO,HLA-DMA,CD4,0.0006775520645064875,0.0,HLA-DMA_CD4,HLA-DMA - CD4,MHC-II,Cell-Cell Contact,KEGG: hsa04514
ENDO,Immune,HLA-DMB,CD4,0.00040933022824000243,0.0,HLA-DMB_CD4,HLA-DMB - CD4,MHC-II,Cell-Cell Contact,KEGG: hsa04514
Immune,ENDO,HLA-DMB,CD4,0.00040933022824000243,0.0,HLA-DMB_CD4,HLA-DMB - CD4,MHC-II,Cell-Cell Contact,KEGG: hsa04514
Immune,Immune,HLA-DMB,CD4,0.0018627527070291243,0.0,HLA-DMB_CD4,HLA-DMB - CD4,MHC-II,Cell-Cell Contact,KEGG: hsa04514
SM,EG,DLL4,NOTCH1,0.0003480037332825999,0.0,DLL4_NOTCH1,DLL4 - NOTCH1,NOTCH,Cell-Cell Contact,PMID: 22353464
EG,SM,DLL4,NOTCH1,0.0003480037332825999,0.0,DLL4_NOTCH1,DLL4 - NOTCH1,NOTCH,Cell-Cell Contact,PMID: 22353464
EG,EG,DLL4,NOTCH1,0.0024866135127294834,0.0,DLL4_NOTCH1,DLL4 - NOTCH1,NOTCH,Cell-Cell Contact,PMID: 22353464
FIB,Immune,HLA-DOB,CD4,0.00015116986032420634,0.0,HLA-DOB_CD4,HLA-DOB - CD4,MHC-II,Cell-Cell Contact,KEGG: hsa04514
Immune,FIB,HLA-DOB,CD4,0.00015116986032420637,0.0,HLA-DOB_CD4,HLA-DOB - CD4,MHC-II,Cell-Cell Contact,KEGG: hsa04514
Immune,Immune,HLA-DOB,CD4,0.0005179537575863162,0.0,HLA-DOB_CD4,HLA-DOB - CD4,MHC-II,Cell-Cell Contact,KEGG: hsa04514
Keratinocyte,Immune,NECTIN2,TIGIT,0.00013594135141474167,0.0,NECTIN2_TIGIT,NECTIN2 - TIGIT,NECTIN,Cell-Cell Contact,KEGG: hsa04514
Immune,Keratinocyte,NECTIN2,TIGIT,0.00013594135141474167,0.0,NECTIN2_TIGIT,NECTIN2 - TIGIT,NECTIN,Cell-Cell Contact,KEGG: hsa04514
Immune,Immune,NECTIN2,TIGIT,0.0007813074419440947,0.0,NECTIN2_TIGIT,NECTIN2 - TIGIT,NECTIN,Cell-Cell Contact,KEGG: hsa04514
ENDO,Immune,NEGR1,NEGR1,0.0008318139884657579,0.0,NEGR1_NEGR1,NEGR1 - NEGR1,NEGR,Cell-Cell Contact,KEGG: hsa04514
SM,SM,NEGR1,NEGR1,0.002633397037718332,0.0,NEGR1_NEGR1,NEGR1 - NEGR1,NEGR,Cell-Cell Contact,KEGG: hsa04514
Keratinocyte,Immune,NEGR1,NEGR1,0.0007768596927433544,0.04,NEGR1_NEGR1,NEGR1 - NEGR1,NEGR,Cell-Cell Contact,KEGG: hsa04514
Immune,ENDO,NEGR1,NEGR1,0.0008318139884657579,0.0,NEGR1_NEGR1,NEGR1 - NEGR1,NEGR,Cell-Cell Contact,KEGG: hsa04514
Immune,Keratinocyte,NEGR1,NEGR1,0.0007768596927433546,0.03,NEGR1_NEGR1,NEGR1 - NEGR1,NEGR,Cell-Cell Contact,KEGG: hsa04514
FIB,SM,DLL1,NOTCH1,0.000569927751913076,0.04,DLL1_NOTCH1,DLL1 - NOTCH1,NOTCH,Cell-Cell Contact,PMID: 22353464
ENDO,SM,DLL1,NOTCH1,0.0006118656610353871,0.0,DLL1_NOTCH1,DLL1 - NOTCH1,NOTCH,Cell-Cell Contact,PMID: 22353464
SM,FIB,DLL1,NOTCH1,0.000569927751913076,0.04,DLL1_NOTCH1,DLL1 - NOTCH1,NOTCH,Cell-Cell Contact,PMID: 22353464
SM,ENDO,DLL1,NOTCH1,0.0006118656610353871,0.0,DLL1_NOTCH1,DLL1 - NOTCH1,NOTCH,Cell-Cell Contact,PMID: 22353464
EG,EG,DLL1,NOTCH1,0.0016967540228322922,0.0,DLL1_NOTCH1,DLL1 - NOTCH1,NOTCH,Cell-Cell Contact,PMID: 22353464
SM,Immune,DLL1,NOTCH3,0.0008829191680861741,0.0,DLL1_NOTCH3,DLL1 - NOTCH3,NOTCH,Cell-Cell Contact,PMID: 22353464
EG,EG,DLL1,NOTCH3,0.002086309173957646,0.0,DLL1_NOTCH3,DLL1 - NOTCH3,NOTCH,Cell-Cell Contact,PMID: 22353464
FIB,SM,HLA-DQB1,CD4,0.00045944575587669457,0.04,HLA-DQB1_CD4,HLA-DQB1 - CD4,MHC-II,Cell-Cell Contact,KEGG: hsa04514
ENDO,Immune,HLA-DQB1,CD4,0.0006011088587714594,0.0,HLA-DQB1_CD4,HLA-DQB1 - CD4,MHC-II,Cell-Cell Contact,KEGG: hsa04514
SM,FIB,HLA-DQB1,CD4,0.00045944575587669457,0.04,HLA-DQB1_CD4,HLA-DQB1 - CD4,MHC-II,Cell-Cell Contact,KEGG: hsa04514
Immune,ENDO,HLA-DQB1,CD4,0.0006011088587714594,0.0,HLA-DQB1_CD4,HLA-DQB1 - CD4,MHC-II,Cell-Cell Contact,KEGG: hsa04514
Immune,Immune,HLA-DQB1,CD4,0.0015581420799819113,0.0,HLA-DQB1_CD4,HLA-DQB1 - CD4,MHC-II,Cell-Cell Contact,KEGG: hsa04514
EG,EG,HLA-DRA,CD4,0.006359902504103201,0.0,HLA-DRA_CD4,HLA-DRA - CD4,MHC-II,Cell-Cell Contact,KEGG: hsa04514
Keratinocyte,Immune,HLA-DRA,CD4,0.0013448264857072042,0.0,HLA-DRA_CD4,HLA-DRA - CD4,MHC-II,Cell-Cell Contact,KEGG: hsa04514
Immune,Keratinocyte,HLA-DRA,CD4,0.0013448264857072042,0.0,HLA-DRA_CD4,HLA-DRA - CD4,MHC-II,Cell-Cell Contact,KEGG: hsa04514
ENDO,Immune,HLA-DRB1,CD4,0.0011545376849296193,0.0,HLA-DRB1_CD4,HLA-DRB1 - CD4,MHC-II,Cell-Cell Contact,KEGG: hsa04514
EG,EG,HLA-DRB1,CD4,0.006331744488878142,0.0,HLA-DRB1_CD4,HLA-DRB1 - CD4,MHC-II,Cell-Cell Contact,KEGG: hsa04514
Keratinocyte,Immune,HLA-DRB1,CD4,0.0009666529609801075,0.04,HLA-DRB1_CD4,HLA-DRB1 - CD4,MHC-II,Cell-Cell Contact,KEGG: hsa04514
Immune,ENDO,HLA-DRB1,CD4,0.0011545376849296193,0.0,HLA-DRB1_CD4,HLA-DRB1 - CD4,MHC-II,Cell-Cell Contact,KEGG: hsa04514
Immune,Keratinocyte,HLA-DRB1,CD4,0.0009666529609801076,0.03,HLA-DRB1_CD4,HLA-DRB1 - CD4,MHC-II,Cell-Cell Contact,KEGG: hsa04514
FIB,SM,MPZ,MPZL1,0.0007317333467509318,0.0,MPZ_MPZL1,MPZ - MPZL1,MPZ,Cell-Cell Contact,KEGG: hsa04514
ENDO,SM,MPZ,MPZL1,0.00046103208948874,0.04,MPZ_MPZL1,MPZ - MPZL1,MPZ,Cell-Cell Contact,KEGG: hsa04514
SM,FIB,MPZ,MPZL1,0.0007317333467509318,0.0,MPZ_MPZL1,MPZ - MPZL1,MPZ,Cell-Cell Contact,KEGG: hsa04514
SM,ENDO,MPZ,MPZL1,0.00046103208948874,0.04,MPZ_MPZL1,MPZ - MPZL1,MPZ,Cell-Cell Contact,KEGG: hsa04514
SM,SM,MPZ,MPZL1,0.0017693214094367683,0.0,MPZ_MPZL1,MPZ - MPZL1,MPZ,Cell-Cell Contact,KEGG: hsa04514
ENDO,Immune,HLA-DOA,CD4,0.0002263316802821183,0.0,HLA-DOA_CD4,HLA-DOA - CD4,MHC-II,Cell-Cell Contact,KEGG: hsa04514
Immune,ENDO,HLA-DOA,CD4,0.00022633168028211823,0.02,HLA-DOA_CD4,HLA-DOA - CD4,MHC-II,Cell-Cell Contact,KEGG: hsa04514
Immune,Immune,HLA-DOA,CD4,0.0007890184037738164,0.0,HLA-DOA_CD4,HLA-DOA - CD4,MHC-II,Cell-Cell Contact,KEGG: hsa04514
FIB,SM,MPZ,MPZ,0.0009912835353026834,0.0,MPZ_MPZ,MPZ - MPZ,MPZ,Cell-Cell Contact,KEGG: hsa04514
ENDO,SM,MPZ,MPZ,0.0004821883661404967,0.04,MPZ_MPZ,MPZ - MPZ,MPZ,Cell-Cell Contact,KEGG: hsa04514
SM,FIB,MPZ,MPZ,0.0009912835353026834,0.0,MPZ_MPZ,MPZ - MPZ,MPZ,Cell-Cell Contact,KEGG: hsa04514
SM,ENDO,MPZ,MPZ,0.0004821883661404967,0.04,MPZ_MPZ,MPZ - MPZ,MPZ,Cell-Cell Contact,KEGG: hsa04514
SM,SM,MPZ,MPZ,0.0019868650302926898,0.0,MPZ_MPZ,MPZ - MPZ,MPZ,Cell-Cell Contact,KEGG: hsa04514
FIB,ENDO,NECTIN1,CADM3,0.000349424891997194,0.0,NECTIN1_CADM3,NECTIN1 - CADM3,NECTIN,Cell-Cell Contact,PMID: 23027581
ENDO,FIB,NECTIN1,CADM3,0.000349424891997194,0.0,NECTIN1_CADM3,NECTIN1 - CADM3,NECTIN,Cell-Cell Contact,PMID: 23027581
SM,SM,NECTIN1,CADM3,0.0015065564737045468,0.0,NECTIN1_CADM3,NECTIN1 - CADM3,NECTIN,Cell-Cell Contact,PMID: 23027581
FIB,SM,NECTIN1,NECTIN4,0.0009752434374357557,0.01,NECTIN1_NECTIN4,NECTIN1 - NECTIN4,NECTIN,Cell-Cell Contact,PMID: 23027581
ENDO,SM,NECTIN1,NECTIN4,0.0009208818838876852,0.04,NECTIN1_NECTIN4,NECTIN1 - NECTIN4,NECTIN,Cell-Cell Contact,PMID: 23027581
SM,FIB,NECTIN1,NECTIN4,0.0009752434374357558,0.0,NECTIN1_NECTIN4,NECTIN1 - NECTIN4,NECTIN,Cell-Cell Contact,PMID: 23027581
SM,ENDO,NECTIN1,NECTIN4,0.0009208818838876852,0.04,NECTIN1_NECTIN4,NECTIN1 - NECTIN4,NECTIN,Cell-Cell Contact,PMID: 23027581
Keratinocyte,Keratinocyte,NECTIN1,NECTIN4,0.004319268138955259,0.0,NECTIN1_NECTIN4,NECTIN1 - NECTIN4,NECTIN,Cell-Cell Contact,PMID: 23027581
SM,Immune,MPZL1,MPZL1,0.0008559375232602085,0.01,MPZL1_MPZL1,MPZL1 - MPZL1,MPZ,Cell-Cell Contact,KEGG: hsa04514
EG,EG,MPZL1,MPZL1,0.003977199158831348,0.0,MPZL1_MPZL1,MPZL1 - MPZL1,MPZ,Cell-Cell Contact,KEGG: hsa04514
Keratinocyte,Immune,MPZL1,MPZL1,0.0009315743750776455,0.0,MPZL1_MPZL1,MPZL1 - MPZL1,MPZ,Cell-Cell Contact,KEGG: hsa04514
Immune,SM,MPZL1,MPZL1,0.0008559375232602085,0.01,MPZL1_MPZL1,MPZL1 - MPZL1,MPZ,Cell-Cell Contact,KEGG: hsa04514
Immune,Keratinocyte,MPZL1,MPZL1,0.0009315743750776455,0.0,MPZL1_MPZL1,MPZL1 - MPZL1,MPZ,Cell-Cell Contact,KEGG: hsa04514
