signaling,Topic_1,Topic_2,Topic_3,Topic_4,Topic_5,Topic_6,Topic_7,Topic_8,Topic_9,Topic_10,Topic_11,Topic_12
TGFB1_TGFBR1_TGFBR2,0.0014359634764263935,0.00013908716434944663,0.0,0.0,0.0,9.837783958217333e-05,0.0011321354783702903,0.0011984406582669941,0.0,0.0,0.006425588227354919,0.0
ANGPTL4_CDH5,0.011391629402068294,0.010405102270498985,0.0,0.011870858327493681,0.0017561902828429204,0.002934695363433149,0.0013206508472728585,0.0007790442798838433,0.0,0.0,0.01577592988008083,0.011843437573781493
ANGPTL4_ITGAV_ITGB3,0.0,0.0,0.0,0.0,0.0,0.0,0.0,0.0,0.0,0.0,0.0,0.0
ANGPTL4_ITGA5_ITGB1,0.0,0.01353233375607056,0.0,0.0,0.014196052937155642,0.005378562931903461,0.00942485416627454,0.0,0.0,0.018326741408249102,0.033232984154936515,0.0
ANGPTL7_PIRB,0.0,0.0,0.0,0.0,0.0,0.0,0.0,0.0,0.0,0.0,0.0,0.0
ANGPTL1_PIRB,0.0015046512125728992,0.0,0.0,2.5790743874202933e-05,0.00021117254799479833,0.0,0.0,0.0,0.0,0.0,0.0008951419687331136,0.0
ANGPTL2_PIRB,0.0019460288540781385,0.0,0.0,0.0,0.0015571476013596876,0.0,0.0,0.0,0.0,0.00015617459085137014,0.005266132699542811,0.0
ANGPTL2_TLR4,0.02463419255384158,0.0,0.0,0.0,0.003147729063244298,0.001282839750219497,0.0,0.013117670075332283,0.0,0.02586235685162314,0.01042212738743632,0.0
ANGPTL4_CDH11,0.009152440026946186,0.0028820731060872143,0.004370073335067408,0.0087820930584985,0.0,0.008509771420117041,0.0032786594649040035,0.0,0.004936262826744857,0.004693551112097314,0.03110620752651904,0.024304652751172197
ANGPTL2_ITGA5_ITGB1,0.0,0.024471845209704437,0.0,0.0,0.047297128709896,0.005717958139325268,0.007156766020117123,0.004400401099269476,0.0,0.11707144422350196,0.0,0.009758514357984253
NAMPT_ITGA5_ITGB1,0.0,0.021156891448334932,0.0,0.0,0.020077049440651893,0.007556208292713142,0.011745525099456809,0.0009574238759161465,0.0,0.04078392872238909,0.0381873846668816,0.0
RETN_CAP1,0.0,0.0,0.0,0.0,0.0,0.0,0.0,0.0,0.0,0.0,0.0,0.0
ADIPOQ_ADIPOR2,0.002904377166527173,0.0,0.00848079244257591,4.698575057932397e-05,0.004038845095691721,0.0,0.0,0.004974183104353669,0.003065623692883073,0.0024740394882372648,0.00010258970561502462,0.004831121146077275
ADIPOQ_ADIPOR1,0.0043314948057765505,0.0,0.006682757185954233,0.0,0.0,0.0,0.0,0.0037306256774542077,0.004610627074958309,0.006113603532781681,0.0037975470006033738,0.001604965109007613
SPP1_ITGA5_ITGB1,0.00043268540368452025,0.0002249245007983008,0.0005140078968234954,0.0,0.004959983929420936,0.0,0.0,0.0,0.0,0.003679895771632849,0.0,0.0
SPP1_ITGA8_ITGB1,0.0,0.0,0.0,0.0,0.0,0.0,0.0,0.0,0.0,0.0,0.0,0.0
ANGPTL1_ITGA1_ITGB1,0.0,0.0,0.0,0.0,0.027570520178610017,0.0,0.0,0.0,0.0004787164199892697,0.0006651430535278372,0.0,0.0027000252995708664
SPP1_ITGA9_ITGB1,0.0,0.0,0.0,0.0,0.0,0.0,0.0,0.0,0.0,0.0,0.0,0.0
ANGPTL4_SDC1,0.0,0.0,0.0,0.12136121157645094,0.0,0.0,0.02310194470091776,0.0,0.016658246312830537,0.0,0.06778273184700377,0.0
ANGPTL4_SDC3,0.0,0.0070341653839348,0.0,0.0011805830417131236,0.0,0.004022351860826264,0.007199098763378371,0.0,0.01072140807964997,0.009322698244130968,0.018203930961867988,0.008036950628421476
PTN_SDC1,0.0,0.0,0.0,0.09543388229217648,0.0,0.0016234299990174833,0.039203987795629114,0.0,0.016312939607731773,0.0,0.09311290734671479,0.0
PTN_PTPRZ1,0.0,0.0,0.0,0.008729500062306297,0.0,0.0,0.011526418180896243,0.0,0.002115239770365966,0.0,0.015007955199486648,0.0
MDK_ALK,0.0,0.0,0.0,0.0,0.0,0.0,0.0,0.0,0.0,0.0,0.0,0.0
MDK_NCL,0.033023805246439795,0.006241391554405875,0.006882537791217549,0.024240863546871855,0.005945428509694465,0.015317815599155788,0.0,0.014310672372010405,0.002438132067714832,0.026890703778917485,0.05998408604133881,0.02092692868217947
MDK_LRP1,0.03730649009940533,0.011708311021208468,0.031174555181340692,0.005460258266266196,0.007146542246084599,0.013967189646428712,0.0,0.006443289407206794,0.0011923494465979599,0.1322885174745276,0.0627930641057552,0.06389732169253451
MDK_ITGA6_ITGB1,0.0,9.612124982397037e-05,0.0,0.0,0.00879025788779084,0.0,0.0008316037663824886,0.02980470501534446,0.004827435301390004,0.007801871413042498,0.07140995804058084,0.0
MDK_ITGA4_ITGB1,0.0,0.0,0.0,0.0,0.0,0.0,0.0,0.0,0.0,0.0,0.0,0.0
ANGPTL4_SDC2,0.015017305157070658,0.01269018541328802,0.00044649176797133825,0.010519859297663466,0.0018350511177860332,0.0,0.007194493839942048,0.0036578293358536652,0.000273344770585536,0.009053639338273379,0.01584101377597944,0.01628873671411973
MDK_PTPRZ1,0.0,0.0,0.0,0.010950702764609741,0.0,0.0,0.006846174176211772,0.0,0.00888964893251968,0.0,0.024812265030534575,0.0
MDK_SDC2,0.015144359745679693,0.013855566312704296,0.0061641754880065805,0.008939494366771267,0.017234878503944295,0.0,0.013015423512413445,0.00026570164003467876,0.00028742643072979566,0.04429452179470904,0.007067363501505495,0.017455024389981935
MDK_SDC1,0.0,0.0,0.021415858692179685,0.12784146031010085,0.004194758068470423,0.0003943494369355088,8.599462793716062e-05,0.010821047953720337,0.01968864432612992,0.0,0.0332209080923838,0.0058754463236100575
ANGPT2_ITGA5_ITGB1,0.0,0.0016171752677831054,0.0,0.0,0.0028966061519047157,0.0014476450339067342,0.003477165535045224,0.000761657891305068,0.0007804566925723803,0.013912513724280916,0.0009261291168692061,0.0
ANGPT2_TEK,0.0017651029705759403,0.00030741769707796093,0.0,0.0,0.0014584370387561553,1.6247623918554773e-05,0.0,0.0004341724280549532,0.0,0.0,0.0013680384374350836,0.0
ANGPT1_TEK,0.0006566598823379388,0.00017024279001283055,0.0,0.0,0.0004485680393678824,0.00019926481689840533,0.0007581816603906881,0.00010572212870285611,0.0,0.0,0.00044153482067434157,0.0007457637701327816
ANGPTL4_SDC4,0.0,0.0,0.08625613649014978,0.007262628634851227,0.0,0.0,0.006820427998219278,0.0,0.007761888033711077,0.0,0.03851176694559855,0.0
MDK_SDC4,0.0,0.0,0.116535993095415,0.0,0.0,0.005644860575983975,0.0011812411809440629,0.005866718096436107,0.006893352597949608,0.0,0.03263257813557864,0.010612571322385465
PTN_SDC2,0.0021228253584095295,0.004660707697178215,0.0019357138230912795,0.007209278862851793,0.0020295267298095763,0.0013943241458348745,0.0050094005754834,0.0019190769997666666,0.0,0.007458267689412377,0.012519615478302923,0.00601577373396689
SPP1_ITGA4_ITGB1,0.0,0.0,0.0,0.0,0.0,0.0,0.0,0.0,0.0,0.0,0.0,0.0
SPP1_ITGAV_ITGB5,0.0025417979765075347,0.0,0.0,0.0,0.00011301191426323523,0.0,0.0,0.0,0.003704107412030833,0.001608940865844755,0.0,0.0006464444010816377
NGF_NGFR,0.0,0.0,0.0,0.0,0.0,0.0,0.0,0.0,0.0,0.0,0.0,0.0
EDA_EDA2R,0.0,0.0,0.0,0.0,0.0,0.0,0.0,0.0,0.0,0.0,0.0,0.0
EDA_EDAR,0.0,0.0,0.0,0.0,0.0,0.0,0.0,0.0,0.0,0.0,0.0,0.0
TNFSF10_TNFRSF10B,0.0014909159860266267,7.723839512540226e-06,0.0,0.0,0.0,0.0,0.0,0.0,4.664617584416821e-05,0.0005848807241885096,0.003640960753413212,0.0
TNFSF15_TNFRSF25,0.0,0.0,0.0,0.0011533999076671574,0.0005864076370544892,0.0,0.0011257321619042946,0.0004275309807970541,0.0015850732561750718,0.0,0.0008180738298540953,0.00015278368718846133
TNFSF14_TNFRSF14,0.0,0.0,0.0,0.0,0.0,0.0,0.0,0.0,0.0,0.0,0.0,0.0
KLK3_NGFR,0.0,0.0,0.0,0.0,0.0,0.0,0.0,0.0,0.0,0.0,0.0,0.0
TNFSF14_LTBR,0.0,0.0,0.0,0.0,0.0,0.0,0.0,0.0,0.0,0.0,0.0,0.0
LTA_TNFRSF14,0.0,0.0,0.0,0.0,0.0,0.0,0.0,0.0,0.0,0.0,0.0,0.0
LTA_TNFRSF1B,0.0,0.0,0.0,0.0,0.0,0.0,0.0,0.0,0.0,0.0,0.0,0.0
LTA_TNFRSF1A,0.0,0.0,0.0,0.0,0.0,0.0,0.0,0.0,0.0,0.0,0.0,0.0
TNF_TNFRSF1B,0.0,0.00022184942559417853,0.0,0.0,5.371000157007801e-06,0.0006948424641437709,0.0004051785783393971,0.0,0.0,0.0,0.004611479082154518,0.0
TNF_TNFRSF1A,0.0,1.1937364246364264e-05,0.0,0.0007540618148762859,0.0,0.0010711503387760507,0.0012637743465284126,0.0,0.00039872553795561013,0.0,0.008210240701312758,0.0
IFNG_IFNGR1_IFNGR2,0.0,0.0,0.0,0.0,0.0,0.0,0.0,0.0,0.0,0.0,0.0,0.0
IFNA21_IFNAR1_IFNAR2,0.0,0.0,0.0,0.0,0.0,0.0,0.0,0.0,0.0,0.0,0.0,0.0
LTA_LTB_LTBR,0.0,0.0,0.0,0.0,0.0,0.0,0.0,0.0,0.0,0.0,0.0,0.0
SPP1_ITGAV_ITGB6,0.0,0.0,0.0,0.0,0.0,0.0,0.0,0.0,0.0,0.0,0.0,0.0
TNFSF11_TNFRSF11A,0.0,0.0,0.0,0.0,0.0,0.0,0.0,0.0,0.0,0.0,0.0,0.0
TNFSF12_TNFRSF12A,5.522663519723451e-05,0.003116071129715773,0.00249074742603183,0.0005105547531022966,0.002114374269105145,0.003059469918311565,0.0,0.0,0.00642032823695686,0.0014941445858338387,0.018338882345341607,0.009447598914198016
SPP1_ITGAV_ITGB1,0.0012569996893007094,0.0005646069699211305,0.0,0.0,0.0010491190719039457,0.0,0.0,0.002395207974174852,0.00018266762728446782,0.003449806428117063,0.0,0.001127653322502823
SPP1_ITGAV_ITGB3,0.0,0.0,0.0,0.0,0.0,0.0,0.0,0.0,0.0,0.0,0.0,0.0
SPP1_CD44,0.030376370122974505,0.0,0.0037479258454187875,0.0,0.0029390170557825027,0.0,0.0,1.3673611691680878e-05,0.0028697102104135266,0.0,0.0,0.004012490570827023
CD40LG_ITGAM_ITGB2,0.0,0.0,0.0,0.0,0.0,0.0,0.0,0.0,0.0,0.0,0.0,0.0
CD40LG_ITGA5_ITGB1,0.0,0.0011821980240168007,0.00025602829854831725,0.0,0.001297905945417166,0.0,0.0,0.0005392827232731278,0.0,0.0012547339914059038,0.003105360414508876,0.0
TNFSF13B_TNFRSF13C,0.0,0.0,0.0,0.0,0.0,0.00019743792292670637,0.00024175785011783157,0.0001037879915176472,0.0,0.0,0.0006708731640788977,0.0
TNFSF13B_TNFRSF13B,0.0,0.0,0.0,0.0,0.0,0.0,0.0,0.0,0.0,0.0,0.0,0.0
TNFSF18_TNFRSF18,0.0,0.0,0.0,0.0,0.0,0.0,0.0,0.0,0.0,0.0,0.0,0.0
TNFSF4_TNFRSF4,0.0,0.0,0.0,0.0,0.0,0.0,0.0,0.0,0.0,0.0,0.0,0.0
CD70_CD27,0.0,0.0,0.0,0.0,0.0,0.0,0.0,0.0,0.0,0.0,0.0,0.0
TNFSF13B_TNFRSF17,0.0,0.0,0.0,0.0,0.0,0.0,0.0,0.0,0.0,0.0,0.0,0.0
IFNA17_IFNAR1_IFNAR2,0.0,0.0,0.0,0.0,0.0,0.0,0.0,0.0,0.0,0.0,0.0,0.0
PTN_SDC3,0.0,0.004138117531844449,0.0,0.0,0.0,0.0,0.0032529523716755006,0.0006185627331888472,0.008056285109562272,0.01077883470215081,0.013109208195211348,0.005825193251056103
PTN_ITGAV_ITGB3,0.0,0.0,0.0,0.0,0.0,0.0,0.0,0.0,0.0,0.0,0.0,0.0
PYY_NPY1R,0.0,0.0,0.0,0.0,0.0,0.0,0.0,0.0,0.0,0.0,0.0,0.0
PPY_NPY1R,0.0,0.0,0.0,0.0,0.0,0.0,0.0,0.0,0.0,0.0,0.0,0.0
NPY_NPY1R,0.0,0.0,0.0,0.0,0.0,0.0,0.0,0.0,0.0,0.0,0.0,0.0
POMC_OPRM1,0.0,0.0,0.0,0.0,0.0,0.0,0.0,0.0,0.0,0.0,0.0,0.0
POMC_OPRL1,0.0,0.0,0.0,0.0,0.0,0.0,0.0,0.0,0.0,0.0,0.0,0.0
POMC_OPRK1,0.0,0.0,0.0,0.0,0.0,0.0,0.0,0.0,0.0,0.0,0.0,0.0
POMC_OPRD1,0.0,0.0,0.0,0.0,0.0,0.0,0.0,0.0,0.0,0.0,0.0,0.0
NPW_NPBWR1,0.0,0.0,0.0,0.0,0.0,0.0,0.0,0.0,0.0,0.0,0.0,0.0
PTN_SDC4,0.0,0.0,0.05044282816209065,0.012452607586011775,0.0,0.0,0.01068933299919988,0.0018119943708308837,0.01115387130990384,0.0,0.034301770726696636,0.0
NMU_NMUR1,0.0,0.0,0.0,0.0,0.0,0.0,0.0,0.0,0.0,0.0,0.0,0.0
C3_ITGAX_ITGB2,0.0,0.0009703316790224765,0.0,0.0,0.0,0.0,0.0,0.005570019052531458,0.0007687545536875275,0.018980497606021735,0.01600284365980623,0.0
C3_ITGAM_ITGB2,0.0,0.01102958893023856,0.0,0.0,0.0,0.0,0.0,0.0,0.0,0.008416184005256051,0.017421730948742883,0.0
C3_CR2,0.0,0.0,0.0,0.0,0.0,0.0,0.0,0.0,0.0,0.0,0.0,0.0
C3_C3AR1,0.019753298056922067,0.007997974272855876,0.0221850646744077,0.0018881309747513825,0.0,0.0,0.0,0.0,0.012932899209064607,0.0,0.0,0.010069024971798507
KNG1_BDKRB2,0.0,0.0,0.0,0.0,0.0,0.0,0.0,0.0,0.0,0.0,0.0,0.0
POSTN_ITGAV_ITGB5,0.002003905233292087,0.0,0.005605697254217809,0.012820216443726173,0.0,0.0032385840017675155,0.01099972075383201,0.0,0.05239366775194353,0.0077479222784348906,0.03163409808194314,0.00794685532531624
POSTN_ITGAV_ITGB3,0.0,0.0,0.0,0.0,0.0,0.0,0.0,0.0,0.0,0.0,0.0,0.0
PTN_ALK,0.0,0.0,0.0,0.0,0.0,0.0,0.0,0.0,0.0,0.0,0.0,0.0
PTN_NCL,0.008449466738130218,0.0,0.0,0.025394387093684447,0.0,0.0009258750894125559,0.010028189674409195,0.0,0.004687774823456574,0.0,0.04488281552922375,0.009017372690243488
KNG1_BDKRB1,0.0,0.0,0.0,0.0,0.0,0.0,0.0,0.0,0.0,0.0,0.0,0.0
NMU_NMUR2,0.0,0.0,0.0,0.0,0.0,0.0,0.0,0.0,0.0,0.0,0.0,0.0
POMC_MC5R,0.0,0.0,0.0,0.0,0.0,0.0,0.0,0.0,0.0,0.0,0.0,0.0
POMC_MC4R,0.0,0.0,0.0,0.0,0.0,0.0,0.0,0.0,0.0,0.0,0.0,0.0
POMC_MC3R,0.0,0.0,0.0,0.0,0.0,0.0,0.0,0.0,0.0,0.0,0.0,0.0
POMC_MC2R,0.0,0.0,0.0,0.0,0.0,0.0,0.0,0.0,0.0,0.0,0.0,0.0
POMC_MC1R,0.0,0.00016508357325895894,0.00022880853638610436,0.0008921789216539777,1.7357872609847546e-05,0.0,0.0,0.0,0.0008619470686453535,0.0,0.0018912024279122567,0.0
EDN1_EDNRA,0.004691234757123278,0.002626987705533651,0.0,0.0012694367592019206,0.0,0.0,0.0004065300900076804,0.002824256033703562,0.0,0.0,0.004055367303769627,0.0013085117605519765
EDN1_EDNRB,0.005179615814813765,8.751128301492757e-07,0.00032554252692751747,0.002658151309640006,0.0004731226166139899,0.0,0.0,0.0,0.0,0.0019054029214855338,0.0043497058205312945,0.0010607585906566217
IFNA16_IFNAR1_IFNAR2,0.0,0.0,0.0,0.0,0.0,0.0,0.0,0.0,0.0,0.0,0.0,0.0
IFNA10_IFNAR1_IFNAR2,0.0,0.0,0.0,0.0,0.0,0.0,0.0,0.0,0.0,0.0,0.0,0.0
CXCL8_CXCR1,0.0,0.0,0.0,0.0,0.0,0.0,0.0,0.0,0.0,0.0,0.0,0.0
CXCL6_CXCR1,0.0,0.0,0.0,0.0,0.0,0.0,0.0,0.0,0.0,0.0,0.0,0.0
CXCL5_CXCR1,0.0,0.0,0.0,0.0,0.0,0.0,0.0,0.0,0.0,0.0,0.0,0.0
CXCL3_CXCR1,0.0,0.0,0.0,0.0,0.0,0.0,0.0,0.0,0.0,0.0,0.0,0.0
CXCL2_CXCR1,0.0,0.0,0.0,0.0,0.0,0.0,0.0,0.0,0.0,0.0,0.0,0.0
CXCL1_CXCR1,0.0,0.0,0.0,1.2681617882599961e-05,0.0,0.0,8.989128065248307e-06,0.0,4.96725710502405e-06,0.0,3.6998443076528064e-05,0.0
CCL17_ACKR2,6.0772755239611586e-05,0.0,0.0,2.0048793198758508e-05,0.0,0.0,0.0,0.0,1.8727282159969396e-05,0.0,0.00013797851897542242,0.0
CXCL1_CXCR2,0.0,0.0,0.00011714746494458394,0.0003490330163449893,0.0,0.00022734728585485354,0.0006154860904545253,0.00024175627933936908,0.000986191836524558,0.0,2.0172588884170945e-05,0.0
CCL14_ACKR2,0.0003343733290605236,0.0,0.0003137343374079393,0.0,0.0007336416784624496,0.0,0.0,0.0,0.0,0.0,0.0,0.00010735461577581444
CCL26_ACKR2,0.0,0.0,0.0,0.0,0.0,0.0,0.0,0.0,0.0,0.0,0.0,0.0
CCL24_ACKR2,0.0,0.0,0.0,0.0,0.0,0.0,0.0,0.0,0.0,0.0,0.0,0.0
CCL22_ACKR2,0.0,4.2895672497910585e-05,0.0,8.707347647115134e-05,0.0,0.0,0.0,0.0,1.7499195296225084e-05,0.0,0.00033157654453703974,0.0
CCL13_ACKR2,0.000671113713695613,9.802703309147006e-05,0.00021662788429431128,0.0,0.0006354214412763818,0.0,0.0,0.0,0.0,0.0,0.0,0.00019647701745355818
CCL11_ACKR2,0.0,0.0,0.0,0.0,0.0,0.0,0.0,0.0,0.0,0.0,0.0,0.0
CCL11_ACKR1,0.0,0.0,0.0,0.0,0.0,0.0,0.0,0.0,0.0,0.0,0.0,0.0
CCL7_ACKR1,0.0,0.0,0.0,0.0,0.0,0.0,0.0,0.0,0.0,0.0,0.0,0.0
CCL17_ACKR1,0.0017489070536953932,5.195842312046112e-05,0.0,0.005012076390494637,0.0,0.001498375952328589,0.0005864800989634881,0.0,0.0,0.0,0.037984385986601275,0.0
CCL8_ACKR2,0.0001305700070872234,0.0,0.0,4.5558204022710715e-06,0.0,0.0,0.0,0.0,0.0,0.0,0.0001508357078948834,0.0
CXCL2_CXCR2,0.0,0.0,3.6615903126776313e-05,9.85875736328191e-05,0.0,3.167584850722822e-05,0.00018451876108547998,6.698018067622746e-05,0.00033307662662361776,4.997988136210733e-06,0.0,0.0
CXCL5_CXCR2,0.0,0.0,0.0,0.0,0.0,0.0,0.0,0.0,0.0,0.0,0.0,0.0
MIF_CD74_CD44,0.15829270139248094,0.019131171930207712,0.036555157809338185,0.010976726458185485,0.0,0.00456581775177551,0.0,0.0,0.0,0.025723865979498075,0.2861806914846569,0.0036538752368044996
MIF_CD74_CXCR4,0.0,0.0,0.0,0.0,0.0,0.005071659483343092,0.022025375444914702,0.0,0.007655567648588491,0.0,0.2186617238020225,0.0
CXCL12_ACKR3,0.002100832536011778,0.0,0.0,0.0,0.0,0.0,0.0,0.0,0.0,0.5648102949426043,0.0,0.0
CXCL11_ACKR3,0.00047784000671571256,0.0013280495085553844,6.539949967079946e-05,0.0,1.075785407563892e-05,0.0,0.0,0.0,0.0,0.0016020902799084072,0.0005929790531377451,0.00046276191204996876
CXCL12_CXCR4,0.003841640031079266,0.0,0.016736890592241135,0.0,0.0,0.009778100923812589,0.004488849325243326,0.0031591044815728092,0.003553858764543109,0.0,0.11416027088969803,0.0
CXCL3_CXCR2,0.0,0.0,0.0,0.0,0.0,0.0,0.0,0.0,0.0,0.0,0.0,0.0
PF4_CXCR3,0.0,0.0,0.0,0.0,0.0,0.0,0.0,0.0,0.0,0.0,0.0,0.0
CXCL11_CXCR3,0.0,0.0,0.0,0.0,0.00015337954051168536,0.00040069320237476244,0.0,0.0,0.0,0.0,0.0012534338788523507,0.0
CXCL10_CXCR3,0.0,0.0,0.0,0.0,0.00019704904195821983,0.0015980707873391796,0.0,0.0,0.0,0.0,0.002624409064565399,0.00044608687513116285
CXCL9_CXCR3,0.0,0.00016974908894103053,0.0,0.0,0.00040237826745557657,0.0002925187111689335,0.0,0.0,0.0,0.0,0.003971162127134979,0.0
PF4V1_CXCR3,0.0,0.0,0.0,0.0,0.0,0.0,0.0,0.0,0.0,0.0,0.0,0.0
PPBP_CXCR2,0.0,0.0,0.0,0.0,0.0,0.0,0.0,0.0,0.0,0.0,0.0,0.0
CXCL8_CXCR2,0.0,0.0,0.0,0.0,0.0,0.0,0.0,0.0,0.0,0.0,0.0,0.0
CXCL6_CXCR2,0.0,0.0,0.0,0.0,0.0,0.0,0.0,0.0,0.0,0.0,0.0,0.0
CXCL13_CXCR3,0.0,0.0,0.0,0.0,0.0,0.0,0.0,0.0,0.0,0.0,0.0,0.0
MIF_CD74_CXCR2,0.0,0.0,0.0,0.0,0.0,0.0018919677952706367,0.004226514788128289,0.0,0.026416387228003175,0.0,0.01195038447342632,0.004154153085050983
CCL7_ACKR2,0.0,0.0,0.0,0.0,0.0,0.0,0.0,0.0,0.0,0.0,0.0,0.0
CCL4_ACKR2,0.0,8.318602778317993e-06,0.0,2.8847386213712826e-05,0.0,0.0,0.0,0.0,0.0,0.0,0.00010092674823838733,0.0
CCL1_ACKR1,0.0,0.0,0.0,0.0,0.0,0.0,0.0,0.0,0.0,0.0,0.0,0.0
CCL8_ACKR4,0.0,3.7985583205286374e-05,0.0,9.781688408129858e-05,5.600646617605423e-05,0.0001447352210124642,1.3061788716211588e-05,0.0,0.0,0.0,0.00015450853960156613,0.0
CCL13_ACKR4,5.649903786295538e-05,0.0,0.0,0.0,0.0,0.0,0.0,0.0004962411424291446,0.00030578603792827424,0.0011667382138235679,0.0006160730888821102,0.0001309402356867825
CCL1_ACKR4,0.0,0.0,0.0,0.0,0.0,0.0,0.0,0.0,0.0,0.0,0.0,0.0
CCL27_CCR10,0.00042967872668462243,0.00021099660166175543,0.0,0.0005821649102944339,2.986271711898223e-05,0.00017734031719788976,0.0,0.0,0.0,0.0,0.0007630167720904312,0.0
CCL28_CCR10,0.0008313314079248776,0.0,0.0007261645887233455,0.0,0.0002259813595295893,0.0,0.0,0.0008544250288502265,0.0002875547799256389,0.0003306814742623312,0.0009643013674087898,0.0
CCL25_ACKR4,0.0,0.0,0.0,0.0,0.0,0.0,0.0,0.0,0.0,0.0,0.0,0.0
CCL2_ACKR1,0.029670822149233212,0.000933206606547837,0.0,0.008915214956854269,0.009354858500258951,0.0009438315633180113,0.0,0.0,0.0,0.02219040420032998,0.047438312451344,0.013924369924382814
CCL21_ACKR4,0.00044126965379883814,0.0,0.0,0.0,0.011825040960245373,0.0,0.0,0.0,0.0,0.007612772035812692,0.0036026303188330584,0.009909539501685244
CCL19_ACKR4,0.0008135840122898905,0.0,0.0,0.0004239930639668123,0.0,0.0,0.0,0.0,0.0,0.004061855173105861,0.006537441677883754,0.003394517266728179
CCL21_CCR7,0.0,0.0,0.0,0.0,0.0,0.0,0.0011931253580513706,0.0,0.0,0.0,0.03874013176459517,0.0
CCL19_CCR7,0.0,0.0,0.0,0.0,0.0,0.003932970868124915,0.004692780542692575,0.0,0.0,0.0,0.10125651729515013,0.0
CCL5_ACKR2,0.00015376047569959407,0.0,0.0,3.485667363391207e-05,0.0,0.0,0.0,0.0,0.0,0.0,0.00028907489932479373,5.9685773807060856e-05
CCL5_ACKR1,0.0017012235581611917,0.0,0.0,0.0007862200714774794,0.0022561027921347036,0.0026889658855486606,0.004133974006954513,0.0,0.0,0.01352987745561076,0.02573559015589755,0.0038915275893398934
CCL13_ACKR1,0.009457157756544387,0.0036407001003523573,0.0,0.0033000442341917908,0.004522655813347328,0.0,0.00031877634578187644,0.0,0.0,0.013371374828668833,0.03961613275762188,0.0003107453904999443
CCL3L1_ACKR2,0.0,0.0,0.0,0.0,0.0,0.0,0.0,0.0,0.0,0.0,0.0,0.0
CCL3_ACKR2,0.0,0.0,0.0,0.0,0.0,0.0,0.0,0.0,0.0,0.0,0.0,0.0
CCL2_ACKR2,0.00091008009410762,5.7826301073382023e-05,0.0,9.500512685687002e-06,5.3670480595891486e-05,0.0,0.0,0.0,0.0,0.0,0.0009652513655124807,0.0005071619688819937
CXCL13_ACKR1,0.0,0.0,0.0,0.0,0.0,0.0,0.0,0.0,0.0,0.0,0.0,0.0
CXCL11_ACKR1,0.0,0.0,0.0,0.0011937286142871385,0.0007816283226093022,0.0,0.0,0.0,0.0,0.0,0.010018716345500953,0.0015203535327078502
CXCL10_ACKR1,0.0,0.0009141202257479587,0.0,0.004495266015194979,0.0,0.0009028373387132048,0.0,0.0,0.0,0.0,0.0257056681615765,0.005406416508019387
CXCL9_ACKR1,0.0,8.202031045093219e-05,0.0,0.004517503363871226,0.0014776525145454,0.0,0.0,0.0,0.0,0.0,0.035582052160101296,0.002662471428657174
CCL8_ACKR1,0.0,0.00141131673891526,0.0,4.838517480876999e-05,0.0002827822109643346,0.0016310400882642098,0.0002970623686361433,0.0,0.0,0.0030142485640440846,0.010068617960686276,0.003427152824476125
CXCL8_ACKR1,0.0,1.0322774114141836e-05,0.0,0.0009170071824715654,0.0005273364377972753,0.0002951578132091529,0.0,0.0,0.0,0.0,0.0033439564935094277,0.0004665880502385636
CXCL5_ACKR1,0.0,0.0,0.0,0.0,0.0,0.0,0.0,0.0,0.0,0.0,0.0,0.0
CXCL3_ACKR1,0.0005330963518181968,0.0003377959651113532,0.0006456970007513553,6.530824840385543e-05,0.0007843792801468592,0.00020680689989830155,0.00025011873969147806,0.0012621292616176694,0.0004696493731181137,0.002068166385040432,0.0009566726501262415,0.0
CXCL2_ACKR1,0.000587267398898122,0.0030139966213442535,0.0,0.0,0.00029716795926061846,0.0,0.005804574212945528,0.0025388718944713935,0.0005642084364433418,0.018109084024898064,0.007756431616533545,0.0011398115139146113
CXCL1_ACKR1,0.0,0.003071956746812138,0.002008299599453899,0.004583777889602675,0.0017994617385528086,0.0006655036463529884,0.005786573350733597,0.0033764612953965526,0.002282403001087387,0.00384030240747866,0.01267719913300895,0.0019182327849053286
CCL18_ACKR1,0.012108761347449903,0.004149131002001182,0.0,0.0,0.00048357019225541824,0.004671857180850061,0.006272004686202702,0.0,0.0,0.031869528228350916,0.04902675741387859,0.014063172702008154
CCL16_ACKR1,0.0,0.0,0.0,0.0,0.0,0.0,0.0,0.0,0.0,0.0,0.0,0.0
CCL14_ACKR1,0.011730045061545026,0.0028405488101027675,0.0,0.0029957617755999454,0.003073306637971004,0.001035335065570802,0.0032662783529309545,0.0,0.0,0.014238858689395877,0.013446240339228095,0.007163406817347713
CXCL6_ACKR1,0.0,0.0,0.0,0.0,0.0,0.0,0.0,0.0,0.0,0.0,0.0,0.0
IFNA14_IFNAR1_IFNAR2,0.0,0.0,0.0,0.0,0.0,0.0,0.0,0.0,0.0,0.0,0.0,0.0
MIF_ACKR3,0.0,0.0,0.006783157078432132,0.019284873397867625,0.0,0.0,0.0,0.0,0.012724995919778779,0.367996491479842,0.0,0.0
IL17C_IL17RA_IL17RE,0.0,0.0,0.0,0.0,0.0,0.0,0.0,0.0,0.0,0.0,0.0,0.0
IL17AF_IL17RA_IL17RC,0.0,0.0,0.0,0.0,0.0,0.0,0.0,0.0,0.0,0.0,0.0,0.0
IL17F_IL17RA_IL17RC,0.0,0.0,0.0,0.0,0.0,0.0,0.0,0.0,0.0,0.0,0.0,0.0
IL17A_IL17RA_IL17RC,0.0,0.0,0.0,0.0,0.0,0.0,0.0,0.0,0.0,0.0,0.0,0.0
IL33_IL1RL1_IL1RAP,0.0,0.0,0.0,0.0,0.0,0.0,0.0,0.0,0.0,0.0,0.0,0.0
IL34_CSF1R,0.0035382924986693772,0.007730026663186725,0.0,0.0,0.0,0.00039807642096753,0.0,0.0,0.0,0.010843221051952609,0.019910130194850086,0.0055849437636827795
IL18_IL18R1_IL18RAP,0.0,0.0,0.0,0.0,0.0,0.0,0.0,0.0,0.0,0.0,0.0,0.0
IL1F10_IL1RL2_IL1RAP,0.0,0.0,0.0,2.5314275586659194e-05,0.0,0.0,7.63263081433657e-05,0.0,4.28592838606371e-05,0.0,0.00018099408623514497,0.0
IL1F9_IL1RL2_IL1RAP,0.0,0.0,0.0,0.0007778226545626884,0.0,0.0,0.0005296619347655086,0.0,0.0006575828822266479,0.0,0.002386980320275604,0.0
IL1F8_IL1RL2_IL1RAP,0.0,0.0,0.0,0.0,0.0,0.0,0.0,0.0,4.65869762728668e-06,0.0,3.200897956346593e-05,0.0
IL1F6_IL1RL2_IL1RAP,0.0,0.0,0.0,0.0,0.0,0.0,0.0,0.0,0.0,0.0,0.0,0.0
IL1B_IL1R2,0.0,0.0,0.0,1.2691204329295631e-05,0.0,0.0,4.337586231458573e-06,0.0,0.0005919625284491641,0.0,0.0002319241173371535,0.0
IL1A_IL1R2,0.0,0.0,0.0,0.0,0.0,2.6352929887676657e-05,0.00010405622309050108,0.0,0.00015640486182361748,0.0,0.00018690388777472798,0.0
IL1B_IL1R1_IL1RAP,0.0,0.0,0.0,0.0,0.0,0.0,0.0,0.00014865489022337775,0.00022616639924116045,0.0,7.178830197244383e-05,0.0
IL37_IL18R1_IL18RAP,0.0,0.0,0.0,0.0,0.0,0.0,0.0,0.0,0.0,0.0,0.0,0.0
IL1A_IL1R1_IL1RAP,0.0,0.0,0.0,7.775414066253806e-06,0.0,0.0,2.4430193267657322e-05,0.0,6.410091350936017e-05,0.0,9.704088995997897e-05,0.0
CSF1_CSF1R,0.009749751990778514,0.004573269939684893,0.0028575614703316623,0.0,0.0054438834354179535,0.0,0.0,0.005527529141839541,0.0003173673243520847,0.009757147624235591,0.010140847790015305,0.010541910917524756
IFNA9_IFNAR1_IFNAR2,0.0,0.0,0.0,0.0,0.0,0.0,0.0,0.0,0.0,0.0,0.0,0.0
IFNA8_IFNAR1_IFNAR2,0.0,0.0,0.0,0.0,0.0,0.0,0.0,0.0,0.0,0.0,0.0,0.0
IFNA7_IFNAR1_IFNAR2,0.0,0.0,0.0,0.0,0.0,0.0,0.0,0.0,0.0,0.0,0.0,0.0
IFNA6_IFNAR1_IFNAR2,0.0,0.0,0.0,0.0,0.0,0.0,0.0,0.0,0.0,0.0,0.0,0.0
IFNA5_IFNAR1_IFNAR2,0.0,0.0,0.0,0.0,0.0,0.0,0.0,0.0,0.0,0.0,0.0,0.0
IFNA4_IFNAR1_IFNAR2,0.0,0.0,0.0,0.0,0.0,0.0,0.0,0.0,0.0,0.0,0.0,0.0
IFNA2_IFNAR1_IFNAR2,0.0,0.0,0.0,0.0,0.0,0.0,0.0,0.0,0.0,0.0,0.0,0.0
IL16_CD4,0.00525102264758697,0.0048634364869156,0.0,0.0003272218837040061,0.0004919072765625239,0.00044063229896977335,0.0,0.0,0.0022358138398276143,0.0029369358372663486,0.026754127726689475,0.0
IFNA1_IFNAR1_IFNAR2,0.0,0.0,0.0,0.0,0.0,0.0,0.0,0.0,0.0,0.0,0.0,0.0
IFNK_IFNAR1_IFNAR2,0.0,0.0,0.0,0.0,0.0,0.0,0.0,0.0,0.0,0.0,0.0,0.0
IFNW1_IFNAR1_IFNAR2,0.0,0.0,0.0,0.0,0.0,0.0,0.0,0.0,0.0,0.0,0.0,0.0
IFNB1_IFNAR1_IFNAR2,0.0,0.0,0.0,0.0,0.0,0.0,0.0,0.0,0.0,0.0,0.0,0.0
IFNE_IFNAR1_IFNAR2,0.0,0.0,0.0,0.0,0.0,0.0,0.0,0.0,0.0,0.0,0.0,0.0
CX3CL1_CX3CR1,0.0,0.0013837307200936328,0.00047979066751715663,0.0004910945397349278,0.0,0.001282444090868985,0.00038521800786907984,0.0018153387018487596,0.0003379229502766197,0.0,0.0032694788913099487,0.001424149690158163
IL26_IL20RA_IL10RB,0.0,0.0,0.0,0.0,0.0,0.0,0.0,0.0,0.0,0.0,0.0,0.0
IL24_IL22RA1_IL20RB,0.0,0.0,0.0,0.0,0.0,0.0,0.0,0.0,0.0,0.0,0.0,0.0
IL13_IL4R_IL13RA1,0.0,0.0,0.0,0.0,0.0,0.0,0.0,0.0,0.0,0.0,0.0,0.0
IL4_IL4R_IL13RA1,0.0,0.0,0.0,0.0,0.0,0.0,0.0,0.0,0.0,0.0,0.0,0.0
CSF2_CSF2RA_CSF2RB,0.0,0.0,0.0,0.0,0.0,0.0,0.0,0.0,0.0,0.0,0.0,0.0
IL3_IL3RA_CSF2RB,0.0,0.0,0.0,0.0,0.0,0.0,0.0,0.0,0.0,0.0,0.0,0.0
TSLP_IL7R_CRLF2,0.0,0.0,0.0,0.0,0.0,0.0,0.0,0.0,0.0,0.0,0.0,0.0
IL7_IL7R_IL2RG,0.0,0.0,0.0,0.0,0.0,0.0,0.0,0.0,0.0,0.0,0.0,0.0
IL2_IL2RA_IL2RB,0.0,0.0,0.0,0.0,0.0,0.0,0.0,0.0,0.0,0.0,0.0,0.0
IL21_IL21R_IL2RG,0.0,0.0,0.0,0.0,0.0,0.0,0.0,0.0,0.0,0.0,0.0,0.0
IL22_IL22RA1_IL10RB,0.0,0.0,0.0,0.0,0.0,0.0,0.0,0.0,0.0,0.0,0.0,0.0
IL13_IL13RA1,0.0,0.0,0.0,0.0,0.0,0.0,0.0,0.0,0.0,0.0,0.0,0.0
IL6_IL6R_IL6ST,0.0,0.0,0.0,0.0,0.0,0.0,0.0,0.0,0.0,0.0,0.0,0.0
IL20_IL22RA1_IL20RB,0.0,0.0,0.0,0.0,0.0,0.0,0.0,0.0,0.0,0.0,0.0,0.0
IL24_IL20RA_IL20RB,0.0,0.0,0.0,0.0,0.0,0.0,0.0,0.0,0.0,0.0,0.0,0.0
IL20_IL20RA_IL20RB,0.0,0.0,0.0,0.0,0.0,0.0,0.0,0.0,0.0,0.0,0.0,0.0
IL19_IL20RA_IL20RB,0.0,0.0,0.0,0.0,0.0,0.0,0.0,0.0,0.0,0.0,0.0,0.0
IL10_IL10RA_IL10RB,0.0,0.0,0.0,0.0,0.0,0.0,0.0,0.0,0.0,0.0,0.0,0.0
OSM_OSMR_IL6ST,0.0,0.0,0.0,0.0,0.0,0.0,0.0,0.0,0.0,0.0,0.0,0.0
OSM_LIFR_IL6ST,0.0,0.0,0.0,0.0,0.0,0.0,0.0,0.0,0.0,0.0,0.0,0.0
LIF_LIFR_IL6ST,0.0,0.00021009824859785346,0.0,0.0,0.0,0.0001110477024806744,0.00016897816800836787,0.0,0.0008902415250340393,0.00021182637666680124,0.001848353190678372,0.0008827757553983402
CLCF1_CNTFR_LIFR,0.0,0.0,0.0,0.0,0.0,0.0,0.0,0.0,0.0,0.0,0.0,0.0
CNTF_CNTFR_LIFR,0.0,0.0,0.0,0.0,0.0,0.0,0.0,0.0,0.0,0.0,0.0,0.0
IL31_IL31RA_OSMR,0.0,0.0,0.0,0.0,0.0,0.0,0.0,0.0,0.0,0.0,0.0,0.0
EBI3_IL27RA_IL6ST,0.0,0.0,0.0,0.0,0.0,0.0,0.0,0.0,0.0,0.0,0.0,0.0
IL11_IL11RA_IL6ST,0.0,7.908498643166719e-05,0.0,0.0,0.0,4.891812317926316e-05,9.173835787135163e-05,0.0,4.221263512761106e-05,0.0,0.0004393570444611542,0.0
CTF1_LIFR_IL6ST,0.0,0.0,0.0,0.0,0.0002423794148021566,0.0,7.692073662812876e-06,0.0,0.0,0.0,0.0004899235835037594,0.0
SLURP2_CHRNA9,0.0,0.0,0.0,0.0,0.0,0.0,0.0,0.0,0.0,0.0,3.788405336036408e-05,0.0
SLURP2_CHRNA7,0.0,0.0,0.0,0.0,0.0,0.0,0.0,0.0,0.0,0.0,0.0,0.0
SLURP2_CHRNA6,0.0,0.0,0.0,0.0,0.0,0.0,0.0,0.0,0.0,0.0,0.0,0.0
SLURP2_CHRNA5,0.0,0.0,0.0,4.534022193990232e-06,0.0,1.199543448847075e-05,1.2381703813375417e-05,0.0,1.1716264484851678e-05,0.0,2.3421425564496947e-05,0.0
SLURP2_CHRNA4,0.0,0.0,0.0,0.0,0.0,0.0,0.0,0.0,0.0,0.0,0.0,0.0
SLURP2_CHRNA3,0.0,0.0,0.0,0.0,0.0,0.0,1.0015443713622664e-06,0.0,0.0,0.0,0.00010994030923520322,0.0
SLURP2_CHRNA2,0.0,0.0,0.0,0.0,0.0,0.0,0.0,0.0,0.0,0.0,0.0,0.0
SLURP2_CHRNA10,0.0,0.0,0.0,0.0,0.0,0.0,0.0,0.0,0.0,0.0,0.0,0.0
SLURP2_CHRNA1,0.0,0.0,0.0,0.0,0.0,0.0,0.0,0.0,0.0,0.0,0.0,0.0
SLURP2_CHRNB3,0.0,0.0,0.0,0.0,0.0,0.0,0.0,0.0,0.0,0.0,0.0,0.0
SLURP2_CHRNB2,0.0,0.0,0.0,0.0,0.0,0.0,0.0,0.0,0.0,0.0,0.0,0.0
SLURP2_CHRNB1,0.0,0.0,0.0,0.0,0.0,9.968271482858577e-06,3.612724044113755e-05,0.0,1.1037230042537509e-05,0.0,4.417991764545747e-05,0.0
SLURP1_CHRNA7,0.0,0.0,0.0,0.0,0.0,0.0,0.0,0.0,0.0,0.0,0.0,0.0
SLURP1_CHRNG,0.0,0.0,0.0,0.0,0.0,0.0,0.0,0.0,0.0,0.0,0.0,0.0
SLURP1_CHRNE,0.0,0.0037740627300047254,0.0,0.0009588619931345609,0.0,0.00033058315140963387,0.0,0.002069862733008441,0.0,0.00265272343341889,0.0053732713924428575,0.001776528830481218
SLURP1_CHRND,0.0,0.0,0.0,0.0,0.0,0.0,0.0,0.0,0.0,0.0,0.0,0.0
SLURP2_CHRNB4,0.0,0.0,0.0,0.0,0.0,0.0,0.0,0.0,0.0,0.0,0.0,0.0
SLURP1_CHRNA10,0.0,0.0,0.0,0.00015401115643097068,0.0,0.0,0.004341754488954326,0.0,0.0,0.0,0.003331344201964137,0.0
SLURP2_CHRND,0.0,0.0,0.0,0.0,0.0,0.0,0.0,0.0,0.0,0.0,0.0,0.0
SLURP2_CHRNG,0.0,0.0,0.0,0.0,0.0,0.0,0.0,0.0,0.0,0.0,0.0,0.0
KLK6_F2RL1,0.0,0.0,0.0,0.0005779064193958388,0.0,0.0,0.0026139754614490176,0.0,0.0015697349067975612,0.0,0.005150329484792103,0.0
KLK6_F2R,0.0,0.0,0.0,0.0033292219522478464,0.0,0.001057064838850806,0.003706284126831065,0.0,0.0015373461769754664,0.0,0.007712930742179118,0.0
ANXA1_FPR2_LXA4,0.0,0.0,0.0,0.0,0.0,0.0,0.0,0.0,0.0,0.0,0.0,0.0
LGALS9_CD44,0.07226864322471166,0.0009879391645909673,0.0,0.0,0.0041323098487088825,0.0038708300351366957,0.0,0.0,0.0,0.04345297934900701,0.07518059681474165,0.003323586163368918
LGALS9_HAVCR2,0.0,0.0005128453125021187,0.0006093197877281896,0.0,0.0,0.0,0.0005179049837640553,4.5029986777322945e-05,8.870780085797506e-05,0.003462570453733165,0.002033384839665509,0.0
BAG6_NCR3-PS,0.0,0.0,0.0,0.0,0.0,0.0,0.0,0.0,0.0,0.0,0.0,0.0
SLURP2_CHRNE,0.0,0.0,0.0,0.0,0.0,9.887161906984073e-07,1.3029831206922678e-05,0.0,7.89222428100917e-06,0.0,3.72791155402032e-05,0.0
BTLA_TNFRSF14,0.0,0.0,0.0,0.0,0.0,0.0,0.0,0.0,0.0,0.0,0.0,0.0
KLK5_F2RL1,0.00433825485289639,0.0,0.0,0.0007713084916180596,0.0,0.0,0.007046716236435342,0.000939035113100313,0.003157788462804279,0.0,0.0205170464709329,0.0
SLURP1_CHRNA9,0.0,0.0,0.0,0.001686959019560471,0.0,0.0,0.0,0.0,0.0,0.0,0.0011400811654486093,0.005259505277094524
SLURP1_CHRNA5,4.040228314602836e-06,0.0,0.0,0.0005690579053444405,0.0,0.0,0.00023291406833916123,0.0008730050625037768,0.0032909561042391484,0.0,0.0029108008140880837,0.0
RARRES2_GPR1,0.0,0.0,8.293158826267895e-05,0.009040585083565433,0.0015019673016799817,0.0016751760631027392,0.0,0.0,0.010835980508824648,0.0,0.0011867612185958735,0.005501708340506163
PTHLH_PTH1R,0.0,0.0003812496006161999,0.0,0.0008803260662028071,0.0,0.0,0.0,0.0002824402804530786,0.0,0.0,0.0030036861958907517,0.0
RARRES2_CMKLR1,0.011234818171074681,0.0,0.0029725988724336066,0.010985545000162413,0.0,0.01016491867431831,0.0,0.013468370251127756,0.0033646232077888362,0.02321370525886922,0.020596422412964634,7.747662787129299e-05
PSAP_GPR37,0.0,0.0046508358789493125,0.0,0.004274759585288566,0.0,0.0,0.007973147105503639,0.0,0.008694982513978504,0.0,0.009215697985227906,0.03050300707157659
PROS1_TYRO3,0.0,0.0,0.0,0.00531271464983107,0.0,0.001201160926605518,0.0004473465267890202,0.0,0.0,0.0015379660470891342,0.009828584243386897,0.00048689840388910303
PROS1_AXL,0.008063983968044865,0.013077173166415346,0.015383274062979674,0.0,0.00993985876088764,0.01238976997129852,0.0,0.02248238514478498,0.003701973112551123,0.047715910083921065,0.0046635603623074815,0.028209515970608133
OSTN_NPR3,0.0,0.0,0.0,0.0,0.0,0.0,0.0,0.0,0.0,0.0,0.0,0.0
PSAP_GPR37L1,0.0,0.0,0.0,0.0,0.0,0.0,0.0,0.0,0.0,0.0,0.0,0.0
SLURP1_CHRNA6,0.0,0.0,0.0,0.0,0.0,0.0,0.0,0.0,0.0,0.0,0.0,0.0
SLURP1_CHRNA4,0.0,0.0,0.0,0.0,0.0,0.0,0.0,0.0,0.0,0.0,0.0,0.0
SLURP1_CHRNA3,0.0,0.0,0.0,0.0,0.0,0.0011482187751411287,0.000686996214765338,0.0,0.0015382198202296988,0.0,0.006339007492859323,0.0
SLURP1_CHRNA2,0.0,0.0,0.0,0.0,0.0,0.0,0.0,0.0,0.0,0.0,0.0,0.0
SLURP1_CHRNA1,0.0,0.0,0.0,0.0,0.0,0.0,0.0,0.0,0.0,0.0,0.0,0.0
SLURP1_CHRNB4,0.0,0.0,0.0,0.0,0.0,0.0,0.0,0.0,0.0,0.0,0.0,0.0
SLURP1_CHRNB3,0.0,0.0,0.0,0.0,0.0,0.0,0.0,0.0,0.0,0.0,0.0,0.0
SLURP1_CHRNB2,0.0,0.0,0.0004956451483324189,0.0008246532483170543,0.0013482285237547175,0.0,0.0,0.0,0.0013008366274721414,0.0,0.001827193686204332,0.0
SLURP1_CHRNB1,0.0011287513535522592,0.0,0.0,0.0013376525315541312,0.0,0.0,0.005581528997424356,0.0,0.0014995259657254523,0.0,0.014090872372886434,0.0
SCGB3A2_MARCO,0.0,0.0,0.0,0.0,0.0,0.0,0.0,0.0,0.0,0.0,0.0,0.0
SAA1_FPR2,0.0,0.0,0.0,0.0,0.0,0.0,0.0,0.0,0.0,0.0,0.0,0.0
LGALS9_CD45,0.00044105133460067467,0.0,0.0,0.0,0.0021585031927922166,0.0,0.0,0.0,0.0,0.011752089364802975,0.024037363095606886,0.0
LGALS9_P4HB,0.024575779896042767,0.010517249284604553,0.0,0.00965135717258155,0.0,0.008769466054947883,0.0010711475502458564,0.0,0.0,0.07153284872088207,0.08942522907455029,0.014623237562427085
LGALS9_BCR_CD45_CD22,0.0,0.0,0.0,0.0,0.0,0.0,0.0,0.0,0.0,0.0,0.0,0.0
IGFBP3_TMEM219,0.03823451117086217,0.0,0.001989630194586301,0.005206638712070129,0.005570173847202154,0.0,0.0,0.014554408270127574,0.010777316121894793,0.027388434831755508,0.03172565816572565,0.0
BDNF_NGFR,0.0,0.0004567066360994509,0.0,0.0,3.9309892558071546e-05,0.0,0.0,0.0008652074173450328,0.00020711722880815354,0.0,0.0007792598957119033,0.00024613349111612937
BDNF_SORT1,0.00043277854744770477,0.0013062437745506124,0.0,0.000610324267772188,0.0,0.0,0.0,0.0018752812869504525,0.00026900544701438336,0.00041785481517218133,0.0006725301448956505,0.0008963960072766118
SLITRK6_PTPRS,0.0,0.0,0.0,0.0,0.0,0.0,0.0,0.0,0.0,0.0,0.0,0.0
NTS_SORT1,0.0,0.0,0.0,0.0,0.0,0.0,0.0,0.0,0.0,0.0,0.0,0.0
PTPRS_NTRK3,0.0,0.0,9.865567102042764e-05,0.0,0.0009637669591052515,0.0,0.0,0.0011264823373104361,0.00035524000428231793,0.00015022996328840682,0.00011783550036208255,0.0005310799554089344
NRG1_INTEGRIN_A6B4_COMPLEX,0.0,0.0,4.81573090660174e-05,0.0,0.0,0.00019229863472310137,0.0017291340190463474,0.00043910997293033317,0.0030871378866977263,0.0,0.011060154174801932,0.0
NTF5_NGFR,0.0,0.0,0.00021419017660360726,0.0007226544026553989,0.0,0.00028801304809653646,0.0009130561617099808,0.0011539207697307942,0.0006953639702772896,0.0,0.0027049664558316602,0.00028872752696393984
PROS1_MERTK,0.006744606451139381,0.0,0.0,0.0,0.00017062667081313416,0.0,0.0010506053372633358,0.0,0.0,0.0,0.0,0.007697082734622179
TULP1_AXL,0.0,0.0,0.0,0.0,0.0,0.0,0.0,0.0,0.0,0.0,0.0,0.0
TULP2_TYRO3,0.0,0.0,0.0,0.0,0.0,0.0,0.0,0.0,0.0,0.0,0.0,0.0
TULP1_TYRO3,0.0,0.0,0.0,0.0,0.0,0.0,0.0,0.0,0.0,0.0,0.0,0.0
NTF3_NGFR,0.0,0.0,0.0,0.0,0.0,0.0,0.0,0.0,0.0,0.0,0.0,0.0
SLIT2_ROBO1,0.006379029426506648,0.0007926142754682078,0.0011541563774185532,0.00185950266463925,0.0,0.00012970722337735344,0.0,0.0,0.0,0.000897852062015438,0.006654589158691417,0.0
RBP4_STRA6,0.0,0.0,0.0,0.0,0.0,0.0,0.0,0.0,0.0,0.0,0.0,0.0
ULBP3_NKG2D_HCST,0.0,0.0,0.0,0.0,0.0,0.0,0.0,0.0,0.0,0.0,0.0,0.0
ULBP2_NKG2D_HCST,0.0,0.0,0.0,0.0,0.00011793854086318357,5.009777505764473e-05,0.00022030587395412832,0.0,0.0,0.0,0.001440624332994388,0.0
ULBP1_NKG2D_HCST,0.0,0.0,0.0,0.0,0.0,0.0,0.0,0.0,0.0,0.0,0.0,0.0
RAET1E_NKG2D_HCST,8.35824036793146e-05,0.00013528113765998338,0.0,0.0,0.0004778902157650903,0.0010501761078738712,0.0,0.0,7.610164536697026e-06,0.0,0.0030850183202295782,0.0
PPIA_BSG,0.02988287475164394,0.0,0.0,0.1149381791587934,0.026080904592423227,0.0,0.024329016308855214,0.0,0.0,0.0,0.23602284754448344,0.029337091578587857
SLIT1_ROBO1,0.0,0.0,0.0,0.0,0.0,0.0,0.0,0.0,0.0,0.0,0.0,0.0
ANXA1_FPR3,0.0,0.0,0.0,0.0,0.0064547128354627455,0.0,0.0,0.018674324747810396,0.0008336667201878601,0.021801126972100644,0.0362173239127985,0.0
CALCA_CALCRL_RAMP1,0.0,0.0,0.0,0.0,0.0,0.0,0.0,0.0,0.0,0.0,0.0,0.0
CALCA_CALCR_RAMP3,0.0,0.0,0.0,0.0,0.0,0.0,0.0,0.0,0.0,0.0,0.0,0.0
CALCA_CALCR_RAMP2,0.0,0.0,0.0,0.0,0.0,0.0,0.0,0.0,0.0,0.0,0.0,0.0
CALCA_CALCR_RAMP1,0.0,0.0,0.0,0.0,0.0,0.0,0.0,0.0,0.0,0.0,0.0,0.0
ADM_CALCRL_RAMP3,0.0,0.0,0.0,0.0,0.0,0.0,0.0,0.0,0.0,0.0,0.0,0.0
ADM_CALCRL_RAMP2,0.0,0.0,0.0,0.0,0.0,0.0,0.0,0.0,0.0,0.0,0.0,0.0
ADM_CALCRL_RAMP1,0.0,0.0,0.0,0.0,0.0,0.0,0.0,0.0,0.0,0.0,0.0,0.0
CALCA_CALCRL_RAMP2,0.0,0.0,0.0,0.0,0.0,0.0,0.0,0.0,0.0,0.0,0.0,0.0
ADM_CALCR_RAMP3,0.0,0.0,0.0,0.0,0.0,0.0,0.0,0.0,0.0,0.0,0.0,0.0
ADM_CALCR_RAMP1,0.0,0.0,0.0,0.0,0.0,0.0,0.0,0.0,0.0,0.0,0.0,0.0
KLK8_F2R,0.00416531576104685,0.0,0.0,0.0019138250253224872,0.0,0.0059103410433809685,0.008278214640916094,0.0,0.0007788645464401186,0.0,0.04235076206615398,0.0
KLK7_F2RL1,0.008391732587818397,0.0,0.0,0.0015970200441716845,0.0,0.0,0.006278689052142427,0.0015111430789971664,0.0024553572312049606,0.0,0.015220434960828538,0.0
KLK14_F2RL1,0.0,0.0,0.0,0.0,0.0,0.0,0.0,0.0,0.0,0.0,0.0,0.0
KLK2_F2RL1,0.0,0.0,0.0,0.0,0.0,0.0,0.0,0.0,0.0,0.0,0.0,0.0
KLK4_F2RL1,0.0,0.0,0.0,0.0,0.0,0.0,0.0,0.0,0.0,0.0,0.0,0.0
ADM_CALCR_RAMP2,0.0,0.0,0.0,0.0,0.0,0.0,0.0,0.0,0.0,0.0,0.0,0.0
CALCA_CALCRL_RAMP3,0.0,0.0,0.0,0.0,0.0,0.0,0.0,0.0,0.0,0.0,0.0,0.0
CALCB_CALCR_RAMP2,0.0,0.0,0.0,0.0,0.0,0.0,0.0,0.0,0.0,0.0,0.0,0.0
CTSG_FPR1,0.0,0.002983559329171832,0.0,1.1298177177369135e-05,0.0,0.0,0.0060477162182064545,0.002638029931849183,0.002586954746403959,0.0065387241034042315,0.010274199906438745,0.001271110916194711
PROC_PROCR_HSP90AA1,0.0,0.00011970918166000861,0.0,0.0001864783134686312,0.00023203116760346708,4.12288983267274e-05,7.544674329811217e-05,0.0,0.0,0.0,0.0019106207107248941,0.0
IAPP_CALCRL_RAMP3,0.0,0.0,0.0,0.0,0.0,0.0,0.0,0.0,0.0,0.0,0.0,0.0
CALCB_CALCR_RAMP1,0.0,0.0,0.0,0.0,0.0,0.0,0.0,0.0,0.0,0.0,0.0,0.0
IAPP_CALCRL_RAMP2,0.0,0.0,0.0,0.0,0.0,0.0,0.0,0.0,0.0,0.0,0.0,0.0
IAPP_CALCR_RAMP3,0.0,0.0,0.0,0.0,0.0,0.0,0.0,0.0,0.0,0.0,0.0,0.0
IAPP_CALCR_RAMP2,0.0,0.0,0.0,0.0,0.0,0.0,0.0,0.0,0.0,0.0,0.0,0.0
IAPP_CALCR_RAMP1,0.0,0.0,0.0,0.0,0.0,0.0,0.0,0.0,0.0,0.0,0.0,0.0
CALCB_CALCRL_RAMP3,0.0,0.0,0.0,0.0,0.0,0.0,0.0,0.0,0.0,0.0,0.0,0.0
CALCB_CALCRL_RAMP2,0.0,0.0,0.0,0.0,0.0,0.0,0.0,0.0,0.0,0.0,0.0,0.0
CALCB_CALCRL_RAMP1,0.0,0.0,0.0,0.0,0.0,0.0,0.0,0.0,0.0,0.0,0.0,0.0
CALCB_CALCR_RAMP3,0.0,0.0,0.0,0.0,0.0,0.0,0.0,0.0,0.0,0.0,0.0,0.0
IAPP_CALCRL_RAMP1,0.0,0.0,0.0,0.0,0.0,0.0,0.0,0.0,0.0,0.0,0.0,0.0
LEP_LEPR,0.0022098649159750764,0.0,0.0,0.0,0.0,1.418824234201065e-05,0.0006987178181349173,0.0007125674798426479,0.0,0.0,0.0,0.0
PLAU_PLAUR,0.002371048187524522,0.0012746146007284432,0.0,0.0006533175521600106,4.977558360665718e-05,0.0014536284388554292,0.0007496481502506697,0.005974700475665633,0.0,0.0011054513745490987,0.001819756306027856,0.0005138105949625037
PRSS1_PARD3,0.0,0.0,0.0,0.0,0.0,0.0,0.0,0.0,0.0,0.0,0.0,0.0
PRSS2_PARD3,0.0,0.0,0.0,0.0,0.0,0.0,0.0,0.0,0.0,0.0,0.0,0.0
PLG_PARD3,0.0,0.0,0.0,0.0,0.0,0.0,0.0,0.0,0.0,0.0,0.0,0.0
GZMA_PARD3,0.0,0.0,0.0,0.0014025117760519967,0.0,0.0,0.0007683923682682729,0.0002020932158676706,0.0014978958238620068,0.0,0.0070611976180208185,0.0
F2_PARD3,0.0,0.0,0.0,0.0,0.0,0.0,0.0,0.0,0.0,0.0,0.0,0.0
PRSS3_PARD3,0.0,0.0,0.0,0.014436529364162724,0.0,0.0,0.005242504947643314,0.0,0.006272483846089338,0.0,0.029979236767223374,0.0
GZMA_F2RL3,0.0,0.0,0.0,0.0,0.0,0.0,0.0,0.0,0.0,0.0,0.0,0.0
CTSG_F2RL3,0.0,0.0,0.0,0.0,0.0,0.0,0.0,0.0,0.0,0.0,0.0,0.0
CTSG_PARD3,0.002582437600586982,0.0,0.0017509702960141528,0.008331247553121354,0.0,0.004703085403498755,0.0,0.0037455412566310287,0.008756789619618692,0.022711661477399548,0.04132568709665398,0.003805924038248701
PRSS3_F2RL3,0.0,0.0,0.0,0.0,0.0,0.0,0.0,0.0,0.0,0.0,0.0,0.0
VIP_VIPR1,0.0,0.0,0.0,0.0,0.0,0.0,0.0,0.0,0.0,0.0,0.0,0.0
BDNF_NTRK2,0.0009573064918974376,0.0011593977032831927,0.0005500875595692853,0.0,0.0004358681911448837,0.0,0.0,0.0014350752658714222,0.00022115779095033164,0.0,0.0,0.0012282828917008844
KITL_KIT,0.0009569814589892263,0.0011068566579777903,0.0038494014881032576,0.0,0.0017579167820951551,0.0009230279374214279,0.0,3.366670488831492e-05,0.003979595202739093,0.0,0.011050710386110428,0.0
GZMA_F2RL2,0.0,0.0,0.0,0.0009493430311442225,0.00031292911812644107,0.0,0.0,0.0003009734201064957,0.0,0.0,0.0011105726801544477,0.0
AVP_AVPR1A,0.0,0.0,0.0,0.0,0.0,0.0,0.0,0.0,0.0,0.0,0.0,0.0
CTSG_F2R,0.012258730121207127,0.0,0.004009843713111325,0.0,0.009084162555237613,0.011820819661438296,0.00758622885632882,0.0,0.0,0.031159012006203336,0.03218291956401446,0.0009378056357504448
CTSG_F2RL2,0.006264044665346359,0.0,0.0,0.0025901601713886947,0.0002910447551595271,0.0,0.0,0.009506400809475075,0.0,0.0,0.009339436669264515,0.000687003750505012
PRSS3_F2RL2,0.0002087432941215199,0.0012441656373215193,0.0,0.00287351176948979,0.0016631373196087163,0.0,0.00041943135880348915,0.0,0.0005010512058626828,0.0,0.008789424951575062,0.0
PRSS1_F2RL1,0.0,0.0,0.0,0.0,0.0,0.0,0.0,0.0,0.0,0.0,0.0,0.0
PRSS2_F2RL1,0.0,0.0,0.0,0.0,0.0,0.0,0.0,0.0,0.0,0.0,0.0,0.0
GZMA_F2RL1,0.0004062256582800345,0.0,0.0,0.0,0.0,0.0,0.0008893519733152235,0.00021507974642974383,0.0004935908963183528,0.0,0.0027411629710472687,0.0
PRSS3_F2R,0.0012674061074027776,0.0,0.0,0.0025774332837877165,0.0,0.00749471029798758,0.008730217245108963,0.0,0.0005244594763208451,0.0,0.031184239786214103,0.0
PLG_F2RL1,0.0,0.0,0.0,0.0,0.0,0.0,0.0,0.0,0.0,0.0,0.0,0.0
CTSG_F2RL1,0.002393858931221465,0.0,0.0,0.0009103011319637084,0.0,0.0022303433442068753,0.005519151993806923,0.0,0.00047104457243198435,0.0,0.011856849451977429,0.0
PRSS3_F2RL1,0.0025250915771537195,0.0,0.0,0.0003287585668417834,0.0,0.0,0.006501237625807767,0.0,0.003924194007579083,0.0,0.015044480763297247,0.0
GZMA_F2R,0.0013751377592487763,0.0,0.0,0.0,0.0,0.0020223264785620768,0.0005870187340435839,0.0,0.000524235483578807,0.0,0.006860161594962477,0.0007003185902513379
F2_F2RL1,0.0,0.0,0.0,0.0,0.0,0.0,0.0,0.0,0.0,0.0,0.0,0.0
NTF3_NTRK2,0.0023809989399438194,2.6915827980065256e-05,0.00042622614442732853,0.0,0.0011541545649257478,0.0004318016379116296,0.00016335131101731477,0.0008400432590718142,0.0,0.0009215425352892764,0.0,0.0
GAS6_TYRO3,0.0,0.0,0.0,0.009863039067684305,0.0,0.006031858224818161,0.0016862582746432228,0.0,0.0,0.0064620142884443035,0.03176293464622157,0.004915349807249083
GAS6_MERTK,0.012912122240162194,0.0,0.0027608295332588713,0.0,0.0,0.0,0.003636419626095633,0.0,0.0,0.0,0.0,0.02640897569879663
GAS6_AXL,0.005391296096136422,0.011942138947624152,0.03285974967238281,0.0021428717309719975,0.015847406713434826,0.024969773056654977,0.00787757091605482,0.0434229809571919,0.007150195231641651,0.12466651248001878,0.0,0.07571358816626927
ENHO_GPR19,0.0,0.0,0.0,0.0,0.0,0.0,0.0,0.0,0.0,0.0,0.0,0.0
APELA_APLNR,2.0348696229524864e-05,0.00028355026726570076,0.0,0.0,0.00012774000430408578,0.0004882804054283717,0.0004243097226859695,0.0,0.0,2.5499452241163278e-05,0.0006772979695872833,0.00015487545863175097
ANXA1_FPR1,0.007596289101964111,0.012686808049373277,0.0,0.006355506311788372,0.0,0.005579994294490487,0.007602589463915075,0.0002796665523539442,0.01456617327896164,0.012287759631751362,0.02067182824322728,0.0019396330829655178
ANXA1_FPR2,0.0,0.0,0.0,0.0,0.0,0.0,0.0,0.0,0.0,0.0,0.0,0.0
ADM_CALCRL,0.0102628580144109,0.005419153135744539,0.0017851221918971144,0.0,0.0011480581823488875,0.0,0.0010931108808836564,0.0,0.0,0.0,0.0,0.0
ADM_CALCR,0.0,0.0,0.0,0.0,0.0,0.0,0.0,0.0,0.0,0.0,0.0,0.0
SEMA3E_PLXND1,0.0002455388648137989,0.0008642767486046133,0.0037039440058417483,0.002227494378027652,0.001993347953091864,0.00042270789818765574,0.004901214677894402,0.00530753998871797,0.004954578877038079,0.006399166325560004,0.0043461886041495906,0.0018075701066602263
GRN_SORT1,0.008325147273997508,0.0,0.0036000554399054628,0.05087670044661581,0.001887256907829343,0.0,0.003257096058950917,0.0025947700202989346,0.0,0.05399968227769994,0.06298314683274327,0.05081020620957798
GHRH_VIPR1,0.0,0.0,0.0,0.0,0.0,0.0,0.0,0.0,0.0,0.0,0.0,0.0
SEMA3C_PLXND1,0.03297434124325339,0.022787356160620376,0.03505161462042141,0.011023600134708371,0.0,0.0,0.0,0.038757328091712846,0.0,0.05619897574445108,0.03413782976636272,0.029125287513013163
SEMA3C_NRP1_NRP2,0.00015519919415994798,0.0010680657391940727,6.604208667403885e-05,0.0,0.006155796907551708,0.0,0.0023182269612931307,0.0011554649447955581,0.0,0.0,0.005956710815214047,0.002518919202450252
SEMA3G_NRP2_PLXNA4,0.0,0.0,0.0,0.0,0.0,0.0,0.0,0.0,0.0,0.0,0.0,0.0
SEMA3D_NRP1_PLXNA2,0.0,0.0,0.0,0.0,0.0,0.0,0.0,0.0,0.0,0.0,0.0,0.0
SEMA3D_NRP1_PLXNA1,0.0,0.0,0.0,0.0,0.0,0.0,0.0,0.0,0.0,0.0,0.0,0.0
SEMA3C_NRP1_PLXNA4,0.0,0.006184080914007155,0.0,0.0004284010748716908,0.0034098241210478116,0.0,0.0,0.006867624630558797,0.006219268257803311,0.003151447232354881,0.0037473635394522876,0.0
SEMA3C_NRP1_PLXNA3,0.0,0.003938337796741276,0.0,0.005686235622088489,0.003376987494762664,0.0,0.0,0.0003545739468667151,0.002047247758240819,0.008825657045988998,0.0,0.0
SEMA3C_NRP1_PLXNA2,0.005085664931340352,0.0,4.469399648175826e-06,0.0,0.0017296963643362161,0.0,0.004931388332487112,0.0005193973841757931,0.0,0.0,0.006059975643997632,0.0002575589045738685
SEMA3C_NRP1_PLXNA1,0.0,0.0,0.007058781143961868,0.0,0.0031222732806751234,0.0,0.0,0.0009937680590619263,0.0020060489506171985,0.0003476558859156388,0.027792566434030216,0.0009722814732222857
SEMA3B_NRP1_PLXNA4,0.0,0.0017926875853407013,0.0,0.0,0.0013410199300825734,0.0,0.0,0.0018406626750046436,0.0018526530115028379,0.0017854601637977711,0.0005554493170293565,0.0
SEMA3D_NRP1_PLXNA3,0.0,0.0,0.0,0.0,0.0,0.0,0.0,0.0,0.0,0.0,0.0,0.0
SEMA3B_NRP1_PLXNA3,0.0,0.0011347836200734916,0.0,0.0021610777924023247,0.001059542381137446,0.0,0.0,0.0006470591914570895,0.0005192988412888025,0.0013776764916748586,0.0,0.0
SEMA3B_NRP1_PLXNA1,0.0,0.0,0.0031858053436855274,0.0,0.0010706262585119723,0.0,0.0,0.00029047435797679424,0.00032511164000172913,0.0010514408548844873,0.0054094394051571815,0.0005728182860975621
SEMA3A_NRP1_PLXNA4,0.0,0.0,0.0,0.0,0.0,0.0,0.0,0.0,0.0,0.0,0.0,0.0
SEMA3A_NRP1_PLXNA3,0.0,1.3355757221561035e-05,3.546404467823013e-05,0.0002176628878284752,0.0005794537672443767,0.0,4.518890949511653e-05,2.6963301061212448e-05,8.840710299748842e-05,0.00022606273821723855,0.0,0.0
SEMA3A_NRP1_PLXNA2,0.00028415969393079176,0.0,0.0,7.844398024845105e-05,0.00027584294313791915,0.0,0.0,0.0,0.0,0.0,0.0009086292696559123,0.0
SEMA3A_NRP1_PLXNA1,0.0,7.270386486285791e-05,0.00031078047187349707,0.0,0.000490599964715448,0.0,0.0,0.0,0.00012788766352756447,7.248186966773415e-05,0.0011758307236963616,0.00031402764175564204
NTF5_NTRK2,0.0,0.0003035898105953381,0.0003683358251968279,0.0006440162413077283,9.852603859030146e-05,0.0,0.0008823095225043825,0.0,0.0016854743863642873,0.0007222546597324214,0.002142411010789741,0.00020981753934147036
NTF3_NTRK3,0.0,0.0,0.0,0.0,0.0,0.0,0.0,0.0,0.0,0.0,0.0,0.0
SEMA3B_NRP1_PLXNA2,0.0013299171188940375,0.0,2.173404956366315e-05,0.0,8.596249853284532e-05,0.0,0.0008106677722664985,0.0,0.0,0.0,0.002272579332932613,0.00020168958003594824
SEMA3D_NRP1_PLXNA4,0.0,0.0,0.0,0.0,0.0,0.0,0.0,0.0,0.0,0.0,0.0,0.0
SEMA3B_NRP2_PLXNA1,0.0,0.0,0.0,0.0,0.0,0.000609525136858124,0.0008915967769256249,0.0,0.0,0.0023705846244434516,0.0008194062442332063,0.0
SEMA3B_NRP2_PLXNA2,0.0,0.0,0.00043716805724698774,0.0,0.0,0.0,0.003386595503568148,0.0,0.0,0.0,0.0004854027419045655,0.0
SEMA3G_NRP2_PLXNA3,0.0,0.0,0.0,1.2856801017947895e-07,0.0,0.0,0.0,0.0,0.0,0.0012013369952189388,0.00015191834521512877,0.0
SEMA3G_NRP2_PLXNA2,0.0,0.0,0.0,0.0,9.939967998910237e-05,0.0,0.0007371886333227553,0.0,0.0,0.0,0.0004038358648337696,3.499001699047406e-05
SEMA3G_NRP2_PLXNA1,0.0,0.00011020755209454148,0.0,0.0,0.0002824906371430826,0.0005850898581952497,0.0004639909828403392,0.0,0.0,0.0011582185914850228,0.0008177556224643588,0.0
SEMA3F_NRP2_PLXNA4,0.0,0.0,0.0,0.0,0.0,0.0,0.0,0.0,0.0,0.0,0.0,0.0
SEMA3F_NRP2_PLXNA3,8.028208434216612e-05,9.139523649858438e-06,0.0,0.0005714086718587553,0.0,0.0,0.000547774653512463,0.00036143753405902757,0.0015916406639644163,0.0007762862899680039,0.00298366589107537,0.0
SEMA3F_NRP2_PLXNA2,0.0,0.0,0.0,0.0,0.0,0.0,0.0068661516523262,0.0,0.0,0.0,0.004199682314552431,0.0
SEMA3F_NRP2_PLXNA1,0.0,0.0008273468092825874,0.0,8.250045105859354e-05,0.00020064044800335997,0.0028884266580659086,0.0060085341038638865,0.0,0.001170162883582964,0.0,0.007987279037703996,0.0
SEMA3D_NRP2_PLXNA4,0.0,0.0,0.0,0.0,0.0,0.0,0.0,0.0,0.0,0.0,0.0,0.0
SEMA3D_NRP2_PLXNA3,0.0,0.0,0.0,0.0,0.0,0.0,0.0,0.0,0.0,0.0,0.0,0.0
SEMA3D_NRP2_PLXNA2,0.0,0.0,0.0,0.0,0.0,0.0,0.0,0.0,0.0,0.0,0.0,0.0
SEMA3D_NRP2_PLXNA1,0.0,0.0,0.0,0.0,0.0,0.0,0.0,0.0,0.0,0.0,0.0,0.0
SEMA3C_NRP2_PLXNA4,0.0,0.0,0.0,0.0,0.0,0.0,0.0,0.0,0.0,0.0,0.0,0.0
SEMA3C_NRP2_PLXNA3,0.0,0.0,0.0,0.0,0.0,0.0,0.0,0.0,0.0023154069915472574,0.004897611417589243,0.0016492808156629117,0.0
SEMA3C_NRP2_PLXNA2,0.0,0.0,0.0002799552126392878,0.0,0.00030049641788120385,0.0,0.0071880811388466545,0.0,0.0,0.0,0.0021475692153612148,0.0
SEMA3C_NRP2_PLXNA1,0.0,0.0,0.0,0.0,2.0442452519444535e-05,0.001357943218580926,0.003678627201990652,0.0,0.0013797147825012055,0.004421299532902502,0.006064435053950794,0.0
SEMA3B_NRP2_PLXNA4,0.0,0.0,0.0,0.0,0.0,0.0,0.0,0.0,0.0,0.0,0.0,0.0
SEMA3B_NRP2_PLXNA3,0.0,0.0,0.0,0.0,0.0,0.0,0.0,0.0,0.0,0.0021727379829083633,0.0,0.0
CCL17_CCR4,0.0,0.0,0.0,0.0,0.0,0.0,0.0,0.0,0.0,0.0,0.0,0.0
WNT3A_FZD4_LRP5,0.0,0.0,0.0,0.0,0.0,0.0,0.0,0.0,0.0,0.0,0.0,0.0
WNT3A_FZD2_LRP5,0.0,0.0,0.0,0.0,0.0,0.0,0.0,0.0,0.0,0.0,0.0,0.0
WNT3A_FZD10_LRP5,0.0,4.561087802164941e-06,0.0,7.847826280911716e-07,0.0,0.0,5.60543133322433e-06,0.0,1.578914031523398e-05,0.0,3.8055602259395154e-05,0.0
WNT3A_FZD1_LRP5,0.0,6.844844984205681e-06,0.0,7.805026338709929e-06,0.0,0.0,3.7882767493331114e-06,0.0,7.745222244524289e-06,0.0,2.9198998787185147e-05,0.0
WNT3_FZD9_LRP5,0.0,0.0,0.0,0.0,0.0,0.0,0.0,0.0,0.0,0.0,0.0,0.0
WNT3_FZD8_LRP5,0.0,0.0,0.0,0.0,0.0,0.0,0.0,0.0,0.0,0.0,0.0,0.0
WNT3_FZD7_LRP5,0.0,0.0,0.0,0.0,0.0,0.0,0.00013735140194988748,0.0,5.913026920766102e-05,0.0,0.0003006078706861617,0.0
WNT3_FZD5_LRP5,0.0,0.0,0.0,0.0,0.0,0.0,6.149731704750835e-05,0.0,4.6183605883417244e-05,0.0,0.0001166187767380382,0.0
WNT3_FZD4_LRP5,9.204547060395824e-06,1.81883464806531e-05,0.0,1.5678463969857642e-05,0.0,0.0,4.270767945868646e-05,0.0,1.974660231712471e-05,2.2491102177577877e-06,7.34450299622708e-05,0.0
WNT3_FZD3_LRP5,0.0,0.0,0.0,0.0,0.0,0.0,9.959271706456852e-05,0.0,2.252596981446832e-06,0.0,0.00014027249435834342,0.0
WNT3_FZD2_LRP5,0.0,0.0,0.0,0.0,0.0,0.0,0.0,0.0,0.0,0.0,0.0,0.0
WNT3_FZD10_LRP5,0.0,0.0,0.0,0.0,0.0,0.0,0.0001553412634290604,0.0,0.00014259624012783945,0.0,0.0004034404629875074,0.0
WNT3_FZD1_LRP5,0.0,0.0,0.0,3.376388882316479e-05,0.0,0.0,0.0001662216528578115,0.0,0.00013660788735857617,0.0,0.0004053514404939402,0.0
WNT2B_FZD9_LRP5,0.0,0.0,0.0,0.0,0.0,0.0,0.0,0.0,0.0,0.0,0.0,0.0
WNT3_FZD6_LRP5,0.0,0.0,0.0,0.0,0.0,0.0,0.0004104433696894461,0.0,0.00018727384224926806,0.0,0.0008339028439913352,0.0
WNT2B_FZD8_LRP5,0.0,0.0,0.0,0.0,0.0,0.0,0.0,0.0,0.0,0.0,0.0,0.0
WNT3A_FZD6_LRP5,0.0,0.0,0.0,0.0,0.0,0.0,4.4461383113919786e-05,0.0,4.139465800192901e-05,0.0,8.653404081436442e-05,0.0
WNT6_FZD4_LRP5,5.156243196500951e-06,7.976789261133496e-06,0.0,0.0,0.0,1.5498544766607526e-05,1.4397062092073687e-05,2.2170107503282436e-05,1.1056535076163055e-05,0.0,2.4156636140366722e-05,0.0
WNT6_FZD2_LRP5,0.0,0.0,0.0,0.0,0.0,0.0,0.0,0.0,0.0,0.0,0.0,0.0
WNT6_FZD10_LRP5,0.0,3.224212736351231e-05,0.0,0.0,1.7433803708223287e-06,3.5007165146188175e-06,3.4187554146131613e-05,0.0,0.0,0.0,7.438033354276231e-05,0.0
WNT6_FZD1_LRP5,0.0,0.0,0.0,0.0,0.0,4.021223806180112e-05,0.0,8.07554921716256e-05,0.0,0.0,2.9635217252154844e-05,0.0004431856819350702
WNT4_FZD9_LRP5,0.0,0.0,0.0,0.0,0.0,0.0,0.0,0.0,0.0,0.0,0.0,0.0
WNT4_FZD8_LRP5,0.0,0.0,0.0,0.0,0.0,0.0,4.483448330791412e-05,0.0,0.00031166957915971296,0.0,0.00016845159733487822,0.0
WNT3A_FZD7_LRP5,0.0,0.0,0.0,0.0,5.879747910670468e-07,0.0,1.7875152759714882e-05,0.0,1.3022564778620081e-05,0.0,2.7426753521904054e-05,0.0
WNT4_FZD7_LRP5,0.0,0.0,0.0,0.0,4.086146959829259e-06,0.0,0.00025264243418102693,0.0,0.00021373409509105264,0.0,0.0007485379032872854,0.0
WNT4_FZD5_LRP5,0.0,0.0,0.0,0.0,0.0,9.487434133775066e-06,0.00014157464436181417,0.0,9.305923671513419e-05,0.0,0.0002527496151034703,0.0
WNT4_FZD4_LRP5,1.676471217046243e-05,7.742587571890608e-05,0.0,2.9902696670328908e-05,0.0,2.8991338703234604e-06,9.887800327210208e-05,0.0,8.002836670287634e-05,1.8643859064652023e-05,0.0001610237439283867,0.0
WNT4_FZD3_LRP5,0.0,0.0,0.0,3.956802099086518e-05,0.0,0.0,0.00015551308125494822,0.0,0.0,0.0,0.000493793118233094,0.0
WNT4_FZD2_LRP5,0.0,0.0,0.0,0.0,0.0,0.0,0.0,0.0,0.0,0.0,0.0,0.0
WNT4_FZD10_LRP5,0.0,7.348012813099677e-05,0.0,0.0,0.0,0.0,0.00042187776247761775,0.0,0.0003016475868792445,0.0,0.0009832897422473934,4.5480560973806126e-06
WNT4_FZD1_LRP5,0.0,0.0,0.0,0.0004876506132183628,0.0,0.0,0.00010681895289692119,0.0,0.00023834606305224315,0.0,0.0009943381335977357,0.0005486914067930409
WNT4_FZD6_LRP5,0.0,0.0,0.0,0.00012234972578782356,0.0,0.0,0.0008054773875101471,0.0,0.0003240395029767545,0.0,0.0024460067663676114,0.0
WNT6_FZD6_LRP5,0.0,0.0,0.0,1.5278563434825036e-05,2.9578743596112464e-05,0.0,5.880286078283023e-05,0.0,0.0,0.0,0.00019123940704470228,0.0
WNT2B_FZD7_LRP5,0.0,0.0,0.0,0.0,0.0,0.0,7.199104321192194e-07,0.0,5.421155696563125e-05,0.0,0.00011781381346914723,0.0
WNT2B_FZD5_LRP5,0.0,0.0,0.0,0.0,0.0,0.0,1.689536196185777e-05,0.0,1.5780837092675265e-05,0.0,2.661828946959484e-05,0.0
WNT16_FZD4_LRP5,1.617195897307966e-05,0.0,0.0,2.307831815663027e-05,0.0,0.0,3.731762449954271e-05,0.0,2.3875179875918035e-05,8.006117344593072e-06,6.794436183012748e-05,0.0
WNT16_FZD3_LRP5,0.0,0.0,0.0,0.0,0.0,0.0,6.241504816460551e-05,0.0,3.767949972282188e-07,0.0,0.000105676476168941,0.0
WNT16_FZD2_LRP5,0.0,0.0,0.0,0.0,0.0,0.0,0.0,0.0,0.0,0.0,0.0,0.0
WNT16_FZD10_LRP5,0.0,0.0,0.0,0.0,0.0,0.0,0.00016042139672041203,0.0,8.068715606138023e-05,0.0,0.00026519277032368866,0.0
WNT16_FZD1_LRP5,0.0,0.0,0.0,1.0711010651830771e-05,0.0,0.0,0.00010313281472830102,0.0,0.000117693930290996,0.0,0.0003226154669039549,0.0
WNT16_FZD5_LRP5,0.0,0.0,0.0,0.0,0.0,0.0,4.975711707375889e-05,0.0,3.412144125984696e-05,0.0,9.552629029248182e-05,0.0
WNT10B_FZD7_LRP5,0.0,0.0,0.0,0.0,0.0,0.0,0.0,0.0,8.860550908742189e-06,0.0,1.6950168735506655e-05,0.0
WNT10B_FZD4_LRP5,0.0,0.0,0.0,0.0,0.0,0.0,0.0,0.0,0.0,0.0,0.0,0.0
WNT10B_FZD2_LRP5,0.0,0.0,0.0,0.0,0.0,0.0,0.0,0.0,0.0,0.0,0.0,0.0
WNT10B_FZD10_LRP5,0.0,0.0,0.0,0.0,4.373745581971855e-06,0.0,2.2306215182915817e-05,0.0,8.701022560121252e-06,0.0,2.2612567346505665e-05,0.0
WNT10B_FZD1_LRP5,0.0,0.0,0.0,3.1307443183626385e-06,0.0,0.0,0.0,0.0,1.2497006369139361e-05,0.0,2.378370016539788e-05,0.0
WNT10A_FZD9_LRP5,0.0,0.0,0.0,0.0,0.0,0.0,0.0,0.0,0.0,0.0,0.0,0.0
WNT10B_FZD6_LRP5,0.0,0.0,0.0,0.0,0.0,0.0,2.00932966871086e-05,0.0,7.59292248423213e-06,0.0,5.873694793611303e-05,0.0
WNT2B_FZD6_LRP5,0.0,0.0,0.0,0.0,0.0,0.0,5.127411631754284e-05,0.0,5.5233670874207185e-05,0.0,0.00022844435398685216,0.0
WNT16_FZD6_LRP5,0.0,0.0,0.0,2.5442261647795896e-05,0.0,0.0,0.00028627944096725074,0.0,0.00012456133529506233,0.0,0.000555894778632626,0.0
WNT16_FZD8_LRP5,0.0,0.0,0.0,0.0,0.0,0.0,0.0,0.0,0.0,0.0,0.0,0.0
WNT2B_FZD4_LRP5,0.0,0.0,0.0,1.3096490515057192e-06,0.0,0.0,1.5114791904300515e-05,0.0,1.396440588664489e-05,0.0,7.189857148718068e-06,0.0
WNT2B_FZD3_LRP5,0.0,0.0,0.0,0.0,0.0,0.0,1.6966389726603287e-05,0.0,0.0,0.0,4.4265384409088834e-05,0.0
WNT2B_FZD2_LRP5,0.0,0.0,0.0,0.0,0.0,0.0,0.0,0.0,0.0,0.0,0.0,0.0
WNT2B_FZD10_LRP5,0.0,0.0,0.0,0.0,0.0,0.0,2.5334938857645082e-05,0.0,6.185999359067983e-05,0.0,9.68941360672208e-05,0.0
WNT2B_FZD1_LRP5,0.0,0.0,0.0,0.0,0.0,0.0,2.5588112663462e-05,0.0,8.484821023581797e-05,0.0,0.00014081160735617828,0.0
WNT16_FZD7_LRP5,0.0,0.0,0.0,0.0,0.0,0.0,9.937825441819453e-05,0.0,8.035905734471141e-05,0.0,0.00017884341640785176,0.0
WNT2_FZD7_LRP5,0.0,0.0,0.0,0.0,0.0,0.0,0.0,0.0,0.0,0.0,0.0,0.0
WNT2_FZD4_LRP5,0.0,0.0,0.0,0.0,0.0,0.0,0.0,0.0,0.0,0.0,0.0,0.0
WNT2_FZD2_LRP5,0.0,0.0,0.0,0.0,0.0,0.0,0.0,0.0,0.0,0.0,0.0,0.0
WNT2_FZD10_LRP5,0.0,0.0,0.0,0.0,0.0,0.0,0.0,0.0,0.0,0.0,0.0,0.0
WNT2_FZD1_LRP5,0.0,0.0,0.0,0.0,0.0,0.0,0.0,0.0,0.0,0.0,0.0,0.0
WNT16_FZD9_LRP5,0.0,0.0,0.0,0.0,0.0,0.0,0.0,0.0,0.0,0.0,0.0,0.0
WNT2_FZD6_LRP5,0.0,0.0,0.0,0.0,0.0,0.0,0.0,0.0,0.0,0.0,0.0,0.0
WNT10A_FZD8_LRP5,0.0,0.0,0.0,0.0,0.0,0.0,1.8220489448361674e-05,0.0,6.378173580011352e-05,0.0,3.708870657422303e-05,0.0
WNT6_FZD7_LRP5,0.0,0.0,0.0,3.6850262653431735e-06,1.0377767210732799e-05,0.0,2.1740519885672334e-06,0.0,0.0,0.0,0.00012713633860146406,0.0
WNT9B_FZD4_LRP5,0.0,0.0,0.0,0.0,0.0,0.0,0.0,0.0,0.0,0.0,0.0,0.0
WNT9B_FZD2_LRP5,0.0,0.0,0.0,0.0,0.0,0.0,0.0,0.0,0.0,0.0,0.0,0.0
WNT9B_FZD10_LRP5,0.0,0.0,0.0,0.0,0.0,0.0,0.0,0.0,0.0,0.0,0.0,0.0
WNT9B_FZD1_LRP5,0.0,0.0,0.0,0.0,0.0,0.0,0.0,0.0,0.0,0.0,0.0,0.0
WNT9B_FZD6_LRP5,0.0,0.0,0.0,0.0,0.0,0.0,0.0,0.0,0.0,0.0,0.0,0.0
WNT9A_FZD6_LRP5,0.0,0.0,0.0,0.0,0.0,0.0,0.0,0.0,0.0,0.0,0.0,0.0
WNT9A_FZD4_LRP5,0.0,0.0,0.0,0.0,0.0,0.0,0.0,0.0,0.0,0.0,0.0,0.0
WNT9A_FZD2_LRP5,0.0,0.0,0.0,0.0,0.0,0.0,0.0,0.0,0.0,0.0,0.0,0.0
WNT9A_FZD10_LRP5,0.0,0.0,0.0,0.0,0.0,0.0,0.0,0.0,0.0,0.0,0.0,0.0
WNT9A_FZD1_LRP5,0.0,0.0,0.0,0.0,0.0,0.0,0.0,0.0,0.0,0.0,0.0,0.0
WNT9A_FZD7_LRP5,0.0,0.0,0.0,0.0,0.0,0.0,0.0,0.0,0.0,0.0,0.0,0.0
WNT9B_FZD7_LRP5,0.0,0.0,0.0,0.0,0.0,0.0,0.0,0.0,0.0,0.0,0.0,0.0
WNT10A_FZD5_LRP6,0.0,0.0,0.0,6.5561995286146766e-06,0.0,1.2443752381359298e-05,2.919334521636317e-05,1.3877192355546868e-05,2.625030021654018e-05,0.0,9.442374012317276e-05,0.0
WNT10A_FZD4_LRP6,0.0,0.0,0.0,5.803062315057118e-07,0.0,6.420568964537378e-05,5.622175741043125e-05,0.0,3.256185864359297e-05,0.0,0.00014007323705576176,0.0
WNT10A_FZD3_LRP6,0.0,0.0,7.854793096821155e-06,0.0,0.0,0.0,2.966848019339585e-05,0.0,5.6759176579729323e-05,0.0,0.00010075021749585808,0.0
WNT10A_FZD2_LRP6,0.0,0.0,0.0,0.0,0.0,0.0,0.0,0.0,0.0,0.0,0.0,0.0
WNT10A_FZD10_LRP6,0.0,0.0,0.0,1.0497429492703427e-05,0.0,1.0028099556761557e-05,0.00019853200214922664,0.0,7.17860335838787e-05,0.0,0.00018829723387060675,0.0
WNT10A_FZD1_LRP6,2.474662028035933e-06,1.0279638598982748e-05,0.0,0.0,0.0,0.0,0.0002789004077344895,0.0,8.571081700059808e-05,0.0,0.00033696871471698404,0.0
WNT1_FZD6_LRP6,0.0,0.0,0.0,0.0,0.0,0.0,0.0,0.0,0.0,0.0,0.0,0.0
WNT1_FZD4_LRP6,0.0,0.0,0.0,0.0,0.0,0.0,0.0,0.0,0.0,0.0,0.0,0.0
WNT1_FZD2_LRP6,0.0,0.0,0.0,0.0,0.0,0.0,0.0,0.0,0.0,0.0,0.0,0.0
WNT1_FZD10_LRP6,0.0,0.0,0.0,0.0,0.0,0.0,0.0,0.0,0.0,0.0,0.0,0.0
WNT1_FZD1_LRP6,0.0,0.0,0.0,0.0,0.0,0.0,0.0,0.0,0.0,0.0,0.0,0.0
WNT1_FZD7_LRP6,0.0,0.0,0.0,0.0,0.0,0.0,0.0,0.0,0.0,0.0,0.0,0.0
WNT8B_FZD6_LRP5,0.0,0.0,0.0,0.0,0.0,0.0,0.0,0.0,0.0,0.0,0.0,0.0
WNT7B_FZD5_LRP5,0.0,0.0,0.0,0.0,1.5944954272489737e-06,1.308997727488849e-06,2.290380539399546e-05,0.0,3.3834317343880884e-05,0.0,5.084275015062105e-05,0.0
WNT7B_FZD4_LRP5,0.0,3.2673869485045503e-05,0.0,2.5340477892904836e-05,0.0,4.201692806508834e-06,3.338313825256546e-05,0.0,1.1508098135817419e-05,0.0,4.749010260662733e-05,0.0
WNT7B_FZD3_LRP5,0.0,0.0,0.0,1.4330225094469436e-06,0.0,0.0,3.5765910061854123e-05,0.0,0.0,0.0,8.417974183880025e-05,0.0
WNT7B_FZD2_LRP5,0.0,0.0,0.0,0.0,0.0,0.0,0.0,0.0,0.0,0.0,0.0,0.0
WNT7B_FZD10_LRP5,0.0,1.417970081648076e-05,0.0,0.0,0.0,0.0,9.210545713613487e-05,0.0,5.4336146814657385e-05,0.0,0.0001882346582215588,0.0
WNT7B_FZD1_LRP5,0.0,3.227954925523802e-05,0.0,9.236032387374772e-05,0.0,0.0,6.673100835883727e-05,0.0,7.52970697441021e-05,0.0,0.00020001470090612222,0.0
WNT7A_FZD9_LRP5,0.0,0.0,0.0,0.0,0.0,0.0,0.0,0.0,0.0,0.0,0.0,0.0
WNT7B_FZD6_LRP5,0.0,0.0,0.0,4.149830449594232e-05,0.0,0.0,0.00022154604772476453,0.0,5.633276758241107e-05,0.0,0.00046359365130756825,0.0
WNT7A_FZD8_LRP5,0.0,0.0,0.0,0.0,0.0,0.0,0.0,0.0,0.0,0.0,0.0,0.0
WNT7A_FZD6_LRP5,0.0,0.0,0.0,0.0,0.0,0.0,0.0,0.0,0.0,0.0,0.0,0.0
WNT7A_FZD5_LRP5,0.0,0.0,0.0,0.0,0.0,0.0,0.0,0.0,0.0,0.0,0.0,0.0
WNT7A_FZD4_LRP5,0.0,0.0,0.0,0.0,0.0,0.0,0.0,0.0,0.0,0.0,0.0,0.0
WNT7A_FZD3_LRP5,0.0,0.0,0.0,0.0,0.0,0.0,0.0,0.0,0.0,0.0,0.0,0.0
WNT7A_FZD2_LRP5,0.0,0.0,0.0,0.0,0.0,0.0,0.0,0.0,0.0,0.0,0.0,0.0
WNT7A_FZD10_LRP5,0.0,0.0,0.0,0.0,0.0,0.0,0.0,0.0,0.0,0.0,0.0,0.0
WNT7A_FZD1_LRP5,0.0,0.0,0.0,0.0,0.0,0.0,0.0,0.0,0.0,0.0,0.0,0.0
WNT7A_FZD7_LRP5,0.0,0.0,0.0,0.0,0.0,0.0,0.0,0.0,0.0,0.0,0.0,0.0
WNT8B_FZD7_LRP5,0.0,0.0,0.0,0.0,0.0,0.0,0.0,0.0,0.0,0.0,0.0,0.0
WNT7B_FZD7_LRP5,0.0,0.0,0.0,7.67225022543116e-06,7.3840731778548635e-06,0.0,7.627619283282835e-05,0.0,4.5048237332907375e-05,0.0,0.0001611502861716645,0.0
WNT7B_FZD9_LRP5,0.0,0.0,0.0,0.0,0.0,0.0,0.0,0.0,0.0,0.0,0.0,0.0
WNT8B_FZD4_LRP5,0.0,0.0,0.0,0.0,0.0,0.0,0.0,0.0,0.0,0.0,0.0,0.0
WNT8B_FZD2_LRP5,0.0,0.0,0.0,0.0,0.0,0.0,0.0,0.0,0.0,0.0,0.0,0.0
WNT8B_FZD10_LRP5,0.0,0.0,0.0,0.0,0.0,0.0,0.0,0.0,0.0,0.0,0.0,0.0
WNT8B_FZD1_LRP5,0.0,0.0,0.0,0.0,0.0,0.0,0.0,0.0,0.0,0.0,0.0,0.0
WNT7B_FZD8_LRP5,0.0,0.0,0.0,0.0,0.0,0.0,0.0,0.0,0.0,0.0,0.0,0.0
WNT8A_FZD6_LRP5,0.0,0.0,0.0,0.0,0.0,0.0,0.0,0.0,0.0,0.0,0.0,0.0
WNT8A_FZD4_LRP5,0.0,0.0,0.0,0.0,0.0,0.0,0.0,0.0,0.0,0.0,0.0,0.0
WNT8A_FZD2_LRP5,0.0,0.0,0.0,0.0,0.0,0.0,0.0,0.0,0.0,0.0,0.0,0.0
WNT8A_FZD10_LRP5,0.0,0.0,0.0,0.0,0.0,0.0,0.0,0.0,0.0,0.0,0.0,0.0
WNT8A_FZD1_LRP5,0.0,0.0,0.0,0.0,0.0,0.0,0.0,0.0,0.0,0.0,0.0,0.0
WNT8A_FZD7_LRP5,0.0,0.0,0.0,0.0,0.0,0.0,0.0,0.0,0.0,0.0,0.0,0.0
WNT10A_FZD6_LRP6,0.0,0.0,0.0,0.0,0.0,9.191941187955727e-05,0.00031251696076366875,0.0,0.00018736579305275985,0.0,0.0004086898599979071,0.0
WNT10A_FZD7_LRP5,0.0,0.0,0.0,0.0,1.8956424375052306e-06,0.0,9.966032157059223e-05,9.247478166742592e-06,6.605506789863142e-05,0.0,0.0001924989597540464,0.0
WNT10A_FZD5_LRP5,0.0,0.0,0.0,0.0,0.0,1.3716019457753918e-06,4.406432245621357e-05,1.4016434870434125e-05,2.7686260950376842e-05,0.0,8.390621304432248e-05,0.0
GDF6_BMPR1A_ACVR2A,0.0,0.0,0.0,0.0,0.0,0.0,0.0,0.0,0.0,0.0,0.0,0.0
GDF6_BMPR1A_ACVR2B,0.0,0.0,0.0,0.0,0.0,0.0,0.0,0.0,0.0,0.0,0.0,0.0
GDF6_BMPR1A_BMPR2,0.0,0.0,0.0,0.0,0.0,0.0,0.0,0.0,0.0,0.0,0.0,0.0
GDF6_BMPR1B_ACVR2A,0.0,0.0,0.0,0.0,0.0,0.0,0.0,0.0,0.0,0.0,0.0,0.0
GDF7_BMPR1A_ACVR2A,0.0,0.0,0.0,0.0,0.0,0.0,1.9108980374515423e-05,0.0,6.203031691328603e-06,0.0,3.9688063926488476e-05,0.0
GDF7_BMPR1A_BMPR2,0.0,0.0,0.0,0.0,0.0,0.0,3.47066635329487e-05,0.0,1.3947322524699699e-05,0.0,6.853665322287507e-05,0.0
GDF7_BMPR1B_ACVR2A,0.0,0.0,0.0,0.0,0.0,0.0,0.0,0.0,0.0,0.0,0.0,0.0
BMP5_ACVR1_ACVR2A,0.0,0.0,0.0,0.0,0.0,0.0,0.0,0.0,0.0,0.0,0.0,0.0
GDF7_BMPR1A_ACVR2B,0.0,0.0,0.0,0.0,0.0,0.0,0.0,0.0,0.0,0.0,0.0,0.0
GDF5_BMPR1B_ACVR2A,0.0,0.0,0.0,0.0,0.0,0.0,0.0,0.0,0.0,0.0,0.0,0.0
GDF5_BMPR1A_ACVR2B,0.0,0.0,0.0,0.0,0.0,0.0,0.0,0.0,0.0,0.0,0.0,0.0
TGFB1_ACVR1_TGFBR1,1.1802778108240939e-05,0.0,0.0,0.0,0.0,0.0,0.0037016367515571246,0.001566800592402562,0.0,0.0,0.012063089986486334,0.0
TGFB2_ACVR1_TGFBR1,0.0,0.0,0.0,0.0,0.0,0.0,0.000132014169005056,0.0004259136025780046,2.447444444972184e-05,0.0,0.000736578327964426,0.0
TGFB3_ACVR1_TGFBR1,0.0008392887795945525,0.0,0.0,0.0,0.0,0.0,0.002029728965789581,0.0015562199092722354,0.0,0.0,0.002834735387843084,0.0
BMP2_BMPR1A_ACVR2A,0.0,0.0,3.0161603589015355e-05,0.0,0.0001669001162382823,0.0,6.717965912445742e-05,0.0001491607119622596,9.88562541411207e-05,0.0,0.00037747410069644666,0.0
BMP2_BMPR1A_ACVR2B,0.0,0.0,0.0,0.0,0.0,0.0,0.0,0.0,0.0,0.0,0.0,0.0
BMP2_BMPR1A_BMPR2,0.0,0.0001051527071712514,0.0001195308618816719,0.0,0.0001325507201555843,5.951900513009555e-05,0.0001571887011344002,0.00011121166992602037,1.4291900598908426e-05,0.0,0.0007032537741489607,0.0
BMP2_BMPR1B_ACVR2A,0.0,0.0,0.0,0.0,0.0,0.0,0.0,0.0,0.0,0.0,0.0,0.0
GDF5_BMPR1A_BMPR2,0.0,0.0,0.0,0.0,0.0,0.0,0.0,0.0,0.0,0.0,0.0,0.0
BMP4_BMPR1A_ACVR2A,0.0,0.0,7.40514160921264e-05,0.0,0.00048514463285570075,0.0,3.71960752397563e-05,3.191584160864993e-05,0.0001762317410164393,0.0,0.0004460512592733818,0.0
BMP4_BMPR1A_ACVR2B,0.0,0.0,0.0,0.0,0.0,0.0,0.0,0.0,0.0,0.0,0.0,0.0
BMP4_BMPR1A_BMPR2,0.0003775906056602933,0.0010391697988581744,0.0003292490494339822,0.0,0.0006207122043933587,0.0006444363587164158,0.0,8.510303425569714e-05,0.0012281471477331245,0.0,4.287445241232994e-05,0.00013169555651629947
BMP4_BMPR1B_ACVR2A,0.0,0.0,0.0,0.0,0.0,0.0,0.0,0.0,0.0,0.0,0.0,0.0
BMP4_BMPR1B_ACVR2B,0.0,0.0,0.0,0.0,0.0,0.0,0.0,0.0,0.0,0.0,0.0,0.0
BMP4_BMPR1B_BMPR2,0.0,0.0,0.0,0.0,0.0,0.0,0.0,0.0,0.0,0.0,0.0,0.0
GDF5_BMPR1A_ACVR2A,0.0,0.0,0.0,0.0,0.0,0.0,0.0,0.0,0.0,0.0,0.0,0.0
TGFB3_ACVR1C_TGFBR2,0.0,0.0,0.0,0.0,0.0,0.0,0.0,0.0,0.0,0.0,0.0,0.0
BMP5_BMPR1A_ACVR2A,0.0,0.0,0.0,0.0,0.0,0.0,0.0,0.0,0.0,0.0,0.0,0.0
BMP5_BMPR1A_BMPR2,0.0,0.0,0.0,0.0,0.0,0.0,0.0,0.0,0.0,0.0,0.0,0.0
BMP7_BMPR1B_BMPR2,0.0,0.0,0.0,0.0,0.0,0.0,0.0,0.0,0.0,0.0,0.0,0.0
BMP8A_ACVR1_ACVR2A,0.0,0.0,0.0,0.0,0.0,0.0,0.0,0.0,0.0,0.0,0.0,0.0
BMP8A_BMPR1A_ACVR2A,0.0,0.0,0.0,0.0,0.0,0.0,0.0,0.0,0.0,0.0,0.0,0.0
BMP8A_BMPR1A_ACVR2B,0.0,0.0,0.0,0.0,0.0,0.0,0.0,0.0,0.0,0.0,0.0,0.0
BMP8A_BMPR1A_BMPR2,0.0,0.0,0.0,0.0,0.0,0.0,0.0,0.0,0.0,0.0,0.0,0.0
BMP7_BMPR1B_ACVR2B,0.0,0.0,0.0,0.0,0.0,0.0,0.0,0.0,0.0,0.0,0.0,0.0
BMP8A_BMPR1B_ACVR2A,0.0,0.0,0.0,0.0,0.0,0.0,0.0,0.0,0.0,0.0,0.0,0.0
BMP8B_ACVR1_ACVR2A,0.0,0.0,0.0,0.0,0.0,0.0,0.0,0.0,0.0,0.0,0.0,0.0
BMP8B_BMPR1A_ACVR2A,0.0,0.0,0.0,0.0,0.0,0.0,0.0,0.0,0.0,0.0,0.0,0.0
BMP8B_BMPR1A_ACVR2B,0.0,0.0,0.0,0.0,0.0,0.0,0.0,0.0,0.0,0.0,0.0,0.0
CCL22_CCR4,0.0,0.0,0.0,0.0,0.0,0.0,0.0,0.0,0.0,0.0,0.0,0.0
BMP5_BMPR1A_ACVR2B,0.0,0.0,0.0,0.0,0.0,0.0,0.0,0.0,0.0,0.0,0.0,0.0
BMP7_BMPR1B_ACVR2A,0.0,0.0,0.0,0.0,0.0,0.0,0.0,0.0,0.0,0.0,0.0,0.0
BMP7_BMPR1A_ACVR2B,0.0,0.0,0.0,0.0,0.0,0.0,0.0,0.0,0.0,0.0,0.0,0.0
BMP5_BMPR1B_ACVR2A,0.0,0.0,0.0,0.0,0.0,0.0,0.0,0.0,0.0,0.0,0.0,0.0
BMP6_ACVR1_ACVR2A,0.0,0.0,0.0,0.0,0.0,0.0,0.0,0.0,0.0,0.0,0.0,0.0
BMP6_BMPR1A_ACVR2A,0.0,0.0,0.0,0.0,0.0,0.0,0.0,0.0,0.0,0.0,0.0,0.0
BMP7_BMPR1A_BMPR2,0.0,9.042200458237807e-05,0.0,0.000352078309944109,0.0004001161646906945,0.0001643645183458773,0.0008582390446043537,0.0,0.0011085508554422665,0.0,0.002325801544103069,0.0
BMP6_BMPR1A_ACVR2B,0.0,0.0,0.0,0.0,0.0,0.0,0.0,0.0,0.0,0.0,0.0,0.0
BMP6_BMPR1B_ACVR2A,0.0,0.0,0.0,0.0,0.0,0.0,0.0,0.0,0.0,0.0,0.0,0.0
BMP7_ACVR1_ACVR2A,0.0,0.0,0.0,0.0,0.0,0.0,0.0007136038525581555,0.0,0.0006480883438004368,0.0,0.001768668661973476,0.0
BMP7_ACVR1_ACVR2B,0.0,0.0,0.0,0.0,0.0,0.0,0.0,0.0,0.0,0.0,0.0,0.0
BMP7_ACVR1_BMPR2,0.0,0.0,0.0,0.0,0.0,0.0005019028295026891,0.0015160690748150518,0.0,0.0008353984212883206,0.0,0.003663406482971355,0.0
BMP7_BMPR1A_ACVR2A,0.0,0.0,2.4582991199362684e-07,0.00014222748717823344,0.0,0.00011880052230058034,0.0002634262923406735,0.0,0.0012552601666348622,0.0,0.0017036557361202805,0.0
BMP6_BMPR1A_BMPR2,0.0,0.0,0.0,0.0,0.0,0.0,0.0,0.0,0.0,0.0,0.0,0.0
WNT10A_FZD6_LRP5,0.0,0.0,0.0,4.9642451527712406e-05,0.0,0.0,0.0002624614311294913,0.0,0.00010430590356153063,0.0,0.0007037715038104104,0.0
TGFB3_ACVR1B_TGFBR2,0.0,7.805206748570975e-05,0.0,0.00022360346225744292,0.00012965064511537283,5.451509511097009e-05,6.586090839232035e-05,0.0,0.0003436128045925928,0.0,0.0015989861579006985,0.0
TGFB2_ACVR1B_TGFBR2,0.0,0.0,0.0,0.00019042868677713806,6.132200640045186e-05,0.00029583130506224926,0.0,0.0,0.00010742150704499314,0.00010548883605282577,0.000630186270206043,0.0
INHBABB_ACVR1B_ACVR2A,0.0,0.0,0.0,0.0,0.0,0.0,0.0,0.0,0.0,0.0,0.0,0.0
INHBE_ACVR1C_ACVR2A,0.0,0.0,0.0,0.0,0.0,0.0,0.0,0.0,0.0,0.0,0.0,0.0
INHBE_ACVR1B_ACVR2B,0.0,0.0,0.0,0.0,0.0,0.0,0.0,0.0,0.0,0.0,0.0,0.0
INHBE_ACVR1B_ACVR2A,0.0,0.0,0.0,0.0,0.0,0.0,0.0,0.0,0.0,0.0,0.0,0.0
INHBC_ACVR1C_ACVR2A,0.0,0.0,0.0,0.0,0.0,0.0,0.0,0.0,0.0,0.0,0.0,0.0
INHBABB_ACVR1B_ACVR2B,0.0,0.0,0.0,0.0,0.0,0.0,0.0,0.0,0.0,0.0,0.0,0.0
INHBC_ACVR1B_ACVR2B,0.0,0.0,0.0,0.0,0.0,0.0,0.0,0.0,0.0,0.0,0.0,0.0
INHBB_ACVR1C_ACVR2B,0.0,0.0,0.0,0.0,0.0,0.0,0.0,0.0,0.0,0.0,0.0,0.0
INHBB_ACVR1C_ACVR2A,0.0,0.0,0.0,0.0,0.0,0.0,0.0,0.0,0.0,0.0,0.0,0.0
INHBB_ACVR1B_ACVR2B,0.0,0.0,0.0,0.0,0.0,0.0,0.0,0.0,0.0,0.0,0.0,0.0
INHBB_ACVR1B_ACVR2A,0.0,0.0,0.0026388247962052004,3.5804507936701303e-05,0.0,0.0,0.0,0.003429683085298792,0.0008388522259832134,0.0,0.004267966891296524,0.0012360845805837357
INHBA_ACVR1B_ACVR2B,0.0,0.0,0.0,0.0,0.0,0.0,0.0,0.0,0.0,0.0,0.0,0.0
INHBA_ACVR1B_ACVR2A,0.0,0.0,0.0007530167347699078,0.0,0.0,0.0,0.0,0.0018086986580751,0.0,0.0,0.0011723092931905236,0.0003575845356690828
INHBC_ACVR1B_ACVR2A,0.0,0.0,0.0,0.0,0.0,0.0,0.0,0.0,0.0,0.0,0.0,0.0
GDF3_ACVR1C_ACVR2A,0.0,0.0,0.0,0.0,0.0,0.0,0.0,0.0,0.0,0.0,0.0,0.0
INHBABB_ACVR1C_ACVR2A,0.0,0.0,0.0,0.0,0.0,0.0,0.0,0.0,0.0,0.0,0.0,0.0
INHABA_ACVR2A,0.0,0.0,0.0,0.0,0.0,0.0,0.0,0.0,0.0,0.0,0.0,0.0
WNT10A_FZD4_LRP5,0.0,2.506252809999019e-05,0.0,0.0,0.0,8.236689591472723e-06,4.1927340172786824e-05,1.9635619332811633e-05,2.964293206022397e-05,0.0,8.005215330240128e-05,0.0
WNT10A_FZD3_LRP5,0.0,0.0,0.0,2.5597239071429404e-05,0.0,0.0,4.027063721466135e-05,0.0,0.0,0.0,0.00012199549638405074,0.0
WNT10A_FZD2_LRP5,0.0,0.0,0.0,0.0,0.0,0.0,0.0,0.0,0.0,0.0,0.0,0.0
WNT10A_FZD10_LRP5,0.0,4.699545426891661e-05,0.0,7.604858365193653e-06,0.0,0.0,0.00010759064135602751,0.0,5.4960498142724135e-05,0.0,0.00023035738222176142,7.948410997562367e-05
WNT10A_FZD1_LRP5,0.0,0.0,0.0,0.0002226964541907773,0.0,0.0,4.053536973340324e-05,0.0,3.8496003086963857e-05,0.0,0.00022834488930846853,0.0002682029675253127
INHB_ACVR1C_ACVR2B,0.0,0.0,0.0,0.0,0.0,0.0,0.0,0.0,0.0,0.0,0.0,0.0
WNT1_FZD7_LRP5,0.0,0.0,0.0,0.0,0.0,0.0,0.0,0.0,0.0,0.0,0.0,0.0
WNT1_FZD4_LRP5,0.0,0.0,0.0,0.0,0.0,0.0,0.0,0.0,0.0,0.0,0.0,0.0
WNT1_FZD2_LRP5,0.0,0.0,0.0,0.0,0.0,0.0,0.0,0.0,0.0,0.0,0.0,0.0
WNT1_FZD10_LRP5,0.0,0.0,0.0,0.0,0.0,0.0,0.0,0.0,0.0,0.0,0.0,0.0
WNT1_FZD1_LRP5,0.0,0.0,0.0,0.0,0.0,0.0,0.0,0.0,0.0,0.0,0.0,0.0
INHABB_ACVR2B,0.0,0.0,0.0001746301168772682,8.20613560109068e-06,0.0,0.0,0.0,0.0,0.0001439032514769134,0.0,7.842386358281382e-06,5.873724502815046e-05
WNT1_FZD6_LRP5,0.0,0.0,0.0,0.0,0.0,0.0,0.0,0.0,0.0,0.0,0.0,0.0
TGFB2_ACVR1C_TGFBR2,0.0,0.0,0.0,0.0,0.0,0.0,0.0,0.0,0.0,0.0,0.0,0.0
GDF3_ACVR1B_ACVR2B,0.0,0.0,0.0,0.0,0.0,0.0,0.0,0.0,0.0,0.0,0.0,0.0
GDF11_TGFBR1_ACVR2A,0.00033135764670930287,4.847544747175816e-05,0.0,0.0,0.0,0.0,0.00020505917168350913,7.514248030354584e-05,0.0,0.0,0.00046262359560757997,0.00012363720030526907
GDF10_ACVR1B_ACVR2A,0.0,0.0,0.0005076290705739886,0.0005246840169554495,0.0,0.0,0.0,0.000578678149982779,0.0,0.0,0.00040225650199136084,0.0001560457013621703
GDF9_ACVR1B_BMPR2,0.0,0.0,0.0,0.0,0.0,0.0,0.0,0.0,0.0,0.0,0.0,0.0
GDF2_ACVRL1_ACVR2A,0.0,0.0,0.0,0.0,0.0,0.0,0.0,0.0,0.0,0.0,0.0,0.0
GDF2_ACVRL1_BMPR2,0.0,0.0,0.0,0.0,0.0,0.0,0.0,0.0,0.0,0.0,0.0,0.0
BMP10_ACVRL1_ACVR2A,0.0,0.0,0.0,0.0,0.0,0.0,0.0,0.0,0.0,0.0,0.0,0.0
GDF11_ACVR1B_ACVR2B,0.0,0.0,0.0,0.0,0.0,0.0,0.0,0.0,0.0,0.0,0.0,0.0
BMP10_ACVRL1_BMPR2,0.0,0.0,0.0,0.0,0.0,0.0,0.0,0.0,0.0,0.0,0.0,0.0
BMP8B_BMPR1B_ACVR2A,0.0,0.0,0.0,0.0,0.0,0.0,0.0,0.0,0.0,0.0,0.0,0.0
BMP8B_BMPR1A_BMPR2,0.0,0.0,0.0,0.0,0.0,0.0,0.0,0.0,0.0,0.0,0.0,0.0
TGFB2_TGFBR1_TGFBR2,0.00019280971897704387,0.0,0.0,0.0,8.682335445307777e-05,0.0,0.0,0.0007776502525282014,0.0,0.0,0.0005769014925717492,0.0
TGFB3_TGFBR1_TGFBR2,0.00038280713183543524,0.0,0.0,0.0,0.00025755432167456915,0.0,0.0003396838965320663,0.00043520676690321177,0.0,8.81680559339344e-05,0.001524045633172918,8.89555759741071e-05
TGFB1_ACVR1B_TGFBR2,0.0,0.0,0.0,0.0009733838024334127,0.00010419223042131948,0.0004380325283141183,0.00023443154700785934,0.0,0.0007217008736053299,0.0003861793136201165,0.004547077254376137,0.00026870656166441144
TGFB1_ACVR1C_TGFBR2,0.0,0.0,0.0,0.0,0.0,0.0,0.0,0.0,0.0,0.0,0.0,0.0
GDF3_ACVR1B_ACVR2A,0.0,0.0,0.0,0.0,0.0,0.0,0.0,0.0,0.0,0.0,0.0,0.0
GDF15_TGFBR2,0.0,0.0,0.0,0.0,0.0,0.0,0.0,0.0,0.0,0.0,0.0,0.0
MSTN_ACVR1B_ACVR2B,0.0,0.0,0.0,0.0,0.0,0.0,0.0,0.0,0.0,0.0,0.0,0.0
GDF1_ACVR1C_ACVR2A,0.0,0.0,0.0,0.0,0.0,0.0,0.0,0.0,0.0,0.0,0.0,0.0
GDF1_ACVR1B_ACVR2B,0.0,0.0,0.0,0.0,0.0,0.0,0.0,0.0,0.0,0.0,0.0,0.0
GDF1_ACVR1B_ACVR2A,0.0,0.0,0.0,0.0,0.0,0.0,0.0,0.0,0.0,0.0,0.0,0.0
NODAL_ACVR1B_ACVR2B,0.0,0.0,0.0,0.0,0.0,0.0,0.0,0.0,0.0,0.0,0.0,0.0
NODAL_ACVR1C_ACVR2A,0.0,0.0,0.0,0.0,0.0,0.0,0.0,0.0,0.0,0.0,0.0,0.0
NODAL_ACVR1B_ACVR2A,0.0,0.0,0.0,0.0,0.0,0.0,0.0,0.0,0.0,0.0,0.0,0.0
ARTN_GFRA3,0.0,0.0,0.0,0.0,0.0,0.0,0.0,0.0,0.0,0.0,0.0,0.0
NRTN_GFRA2,0.0,0.0,0.0,0.0,0.0,0.0,0.0,0.0,0.0,0.0,0.0,0.0
AMH_AMHR2_BMPR1A,0.0,0.0,0.0,0.0,0.0,0.0,0.0,0.0,0.0,0.0,0.0,0.0
MSTN_TGFBR1_ACVR2A,0.0,0.0,0.0,0.0,0.0,0.0,0.0,0.0,0.0,0.0,0.0,0.0
MSTN_ACVR1B_ACVR2A,0.0,0.0,0.0,0.0,0.0,0.0,0.0,0.0,0.0,0.0,0.0,0.0
WNT10A_FZD7_LRP6,0.0,0.0,0.0,0.0,0.0,2.379969898096282e-05,0.00017020341712966524,0.0,0.00013378079936001157,0.0,0.000228303389202486,0.0
WNT10A_FZD9_LRP6,0.0,0.0,0.0,0.0,0.0,0.0,0.0,0.0,0.0,0.0,0.0,0.0
FGF5_FGFR1,0.0,0.0,0.0,0.0,0.0,0.0,0.0,0.0,0.0,0.0,0.0,0.0
FGF4_FGFR3,0.0,0.0,0.0,0.0,0.0,0.0,0.0,0.0,0.0,0.0,0.0,0.0
FGF4_FGFR1,0.0,0.0,0.0,0.0,0.0,0.0,0.0,0.0,0.0,0.0,0.0,0.0
FGF5_FGFR3,0.0,0.0,0.0,0.0,0.0,0.0,0.0,0.0,0.0,0.0,0.0,0.0
FGF2_FGFR3,0.001934569276192657,0.0019368733293942686,0.0025294002935394725,0.004341670849955913,0.0,0.00018594569252614442,0.0009386762020022286,0.001271453029763892,0.0011192476196775925,0.001122756617752939,0.004710204795654509,0.0
FGF2_FGFR1,0.0,0.003278623527287536,0.002976173609218273,0.0013746612716107904,0.002771931191946451,0.000655050881992186,2.6818264007412377e-05,0.002422445646073665,0.0006244311758394797,0.004855768496251362,0.002903000716616152,0.004171873189195432
FGF1_FGFR3,0.0,0.0,0.0010836499378169397,0.0063184652119717315,0.0,0.0,0.004262033615753208,0.0,0.005854639176575225,0.0,0.005760082444291737,0.0
FGF1_FGFR1,0.0,0.0008052426002403707,0.0016672370869221882,0.001159639555635151,0.00045130433655061575,1.1392704297433786e-05,0.00194440184406006,0.001961146400622299,0.0011016072714468814,0.0020543933927915517,0.005073626862845966,0.0022772681272773287
NRG4_ERBB2_ERBB4,0.0,0.0,0.0,0.0,0.0,0.0,0.0,0.0,0.0,0.0,0.0,0.0
NRG4_ERBB4,0.0,0.0,0.0,0.0,0.0,0.0,0.0,0.0,0.0,0.0,0.0,0.0
FGF17_FGFR3,0.0,0.0,0.0,0.0,0.0,0.0,0.0,0.0,0.0,0.0,0.0,0.0
FGF17_FGFR1,0.0,0.0,0.0,0.0,0.0,0.0,0.0,0.0,0.0,0.0,0.0,0.0
FGF8_FGFR3,0.0,0.0,0.0,0.0,0.0,0.0,0.0,0.0,0.0,0.0,0.0,0.0
FGF8_FGFR1,0.0,0.0,0.0,0.0,0.0,0.0,0.0,0.0,0.0,0.0,0.0,0.0
FGF6_FGFR1,0.0,0.0,0.0,0.0,0.0,0.0,0.0,0.0,0.0,0.0,0.0,0.0
FGF22_FGFR2,0.00039687448271148403,0.0,0.0,0.0,0.0,0.0001548952605486002,0.0004278398056825411,0.0,0.000259786134645783,0.0,0.0014849845030478663,0.0
FGF10_FGFR1,0.0,0.0,0.0,0.0,0.0,0.0,0.0,0.0,0.0,0.0,0.0,0.0
FGF3_FGFR1,0.0,0.0,0.0,0.0,0.0,0.0,0.0,0.0,0.0,0.0,0.0,0.0
FGF7_FGFR2,0.009094109307453259,0.0002566627891823351,0.005326167237944282,0.0,0.0005220401705646933,0.0002183570190328729,0.0,0.004823519461573449,0.006003810889906088,0.00041600078377341366,0.008438156655617252,0.001746494890904001
FGF7_FGFR1,0.0013118029600239407,0.004836238552706661,0.006689280312098794,0.0,0.015130246943563616,0.011716555609839764,0.003407084038109891,0.005443854100189007,0.004335258550971156,0.0332593341077761,0.0022180838410566605,0.01747010316718714
FGF6_FGFR3,0.0,0.0,0.0,0.0,0.0,0.0,0.0,0.0,0.0,0.0,0.0,0.0
NRG3_ERBB2_ERBB4,0.0,0.0,0.0,0.0,0.0,0.0,0.0,0.0,0.0,0.0,0.0,0.0
NRG2_ERBB2_ERBB4,0.0,0.0,0.0,0.0,0.0,0.0,0.0,0.0,0.0,0.0,0.0,0.0
AREG_EGFR,0.0,0.0,0.0002764800948113779,0.0014856774902440191,0.0,0.0,0.001456894219201063,0.0,0.0013351768573179306,0.0,0.002933497236190327,0.0004457106195206556
TGFA_EGFR_ERBB2,0.0,0.0,0.0011036047879372172,0.0010332971774367756,0.0,0.001675844339792996,0.0051224909345414515,0.0007989265416416746,0.006576363767775926,0.0,0.010602022244658412,0.0
TGFA_EGFR,0.0,0.0,0.0012507618710252471,0.006372006574355057,0.0,0.002359363441762389,0.0067015773503125466,0.0,0.008200020636032096,0.0,0.01312308228378414,0.0
EGF_EGFR_ERBB2,0.0,0.0,0.0,0.0,0.0,0.0,0.0,0.0,0.0,0.0,0.0,0.0
EGF_EGFR,0.0,0.0,0.0,0.0,0.0,0.0,0.0,0.0,0.0,0.0,0.0,0.0
WNT11_FZD9,0.0003793955027557013,0.0,0.0,0.0,0.0,0.0,0.0,0.0,0.0,0.0,0.00032034081775922065,0.0
WNT11_FZD8,0.0,0.0007365975632573908,1.7135414603142e-05,9.896995955346424e-05,0.0006318235154025187,0.0,0.0006322808148903225,0.0006426487246541881,0.00031512500288156275,0.0,0.0013723608284143644,0.0
AREG_EGFR_ERBB2,0.0,0.0,0.0,0.0004855068042900508,0.0,0.0,0.0010463440286630587,0.0,0.0006623046666429879,0.0,0.002039861990036395,0.0
WNT11_FZD7,0.0,0.0,0.0006849462599307359,0.0005855418394047626,0.0,0.0016881862711540443,0.0009719994309189187,0.0003400985272084414,0.0021394272962405683,0.0,0.004980281724615019,0.0018051117481706377
WNT11_FZD5,0.0,0.0,0.0004053340082114596,0.0006179564726840615,9.569918442799842e-05,0.0,0.0,0.0,0.0005053502344620517,0.0005842598426604289,0.0010540447136376306,0.0
WNT11_FZD4,0.001112148676107137,0.0,0.0,0.0013884828733833645,0.0,0.004231206108885497,0.0,0.002214822077461943,0.0018827016668224005,0.00751506958732579,0.0,0.002779413066312891
WNT11_FZD3,0.0,0.0,0.0005386519738926567,0.0,0.002260910622739724,0.0004321295342842134,0.0,0.001602645753939022,0.0,0.001316217924443304,9.243154112319023e-05,0.00086527927377053
WNT11_FZD2,0.0008897714001283917,6.657095412693091e-05,0.0,1.8400699076654753e-05,0.0010089037098598723,0.0,0.00013930360484517358,2.3426784504754933e-05,0.0,0.00042029512732876195,0.000695678853665861,0.0
WNT11_FZD10,0.0,0.0,0.0,0.0,0.0,0.0,0.0009826038988365148,0.0,0.003020030033222419,0.0,0.0032497295161502226,0.0004545691142302604
WNT11_FZD1,0.0,0.00019300012297486537,0.007207213869481976,0.0014587550890871517,0.0,2.5650143766396598e-05,0.000976556846268785,0.0032418065894423025,0.008773343923120278,0.000980342760292969,0.005568487064177258,0.005479371295612839
WNT11_FZD6,0.0,0.0,0.001028966039791787,0.0019574713533195534,0.0,0.0,0.0020188134323463926,0.0001683424235022914,0.002129416471617224,0.0,0.00468615099819555,0.0008486252341539086
BTC_EGFR,0.0,0.0,0.00038677331751500184,0.0020098590377602577,0.0,0.00044084509114286933,0.0007632404133345727,0.0,0.0024984779923229844,0.0,0.0010037919724531202,0.00022336191727017772
NRG2_ERBB4,0.0,0.0,0.0,0.0,0.0,0.0,0.0,0.0,0.0,0.0,0.0,0.0
NRG2_ERBB2_ERBB3,0.0,0.0012335599425115941,0.0006395667577961168,0.0015464051855437844,0.0,0.000549916321991232,0.002089285317027376,0.0,0.002163588336479482,0.0,0.003215458109287937,0.0
NRG2_ERBB3,0.0,0.001481849417717186,0.001324577663663812,0.0028540644483928913,0.0,0.00036797627941718297,0.002186227736280419,0.0,0.002908940614137482,0.0,0.004695937482759001,0.0006779081397129516
NRG1_ERBB2_ERBB4,0.0,0.0,0.0,0.0,0.0,0.0,0.0,0.0,0.0,0.0,0.0,0.0
NRG1_ERBB2_ERBB3,0.0,0.0,0.0,0.00047906578678362966,0.0,0.000686561291649449,0.001144782634125907,0.0,0.0018287956124851605,0.0,0.002981135066668451,0.0
NRG1_ERBB3,0.0,0.00021025428620717265,0.00041194579311105886,0.0007509946840380151,0.0,0.0010603607585410004,0.0017153712483775714,0.0,0.001917314836953386,0.0,0.003950930188839116,0.0
BTC_EGFR_ERBB2,0.0,0.0,0.00011111048265670266,0.0006330429672117058,0.0,0.00039063175725475083,0.0007780630627513758,6.581218729540231e-07,0.0013724851154062942,0.0,0.0007989273865841995,0.0
EREG_ERBB2_ERBB4,0.0,0.0,0.0,0.0,0.0,0.0,0.0,0.0,0.0,0.0,0.0,0.0
EREG_EGFR_ERBB2,0.0,0.0,0.0,0.00033718154024697697,0.0,0.0,0.0029130585890764886,0.0,0.0031944031536033425,0.0,0.008783633535739913,0.0
EREG_EGFR,0.0,0.0,0.0,0.00406996952773736,0.0,0.0,0.004764396276484943,0.0,0.005924907900795279,0.0,0.012423594712875283,0.0
HBEGF_ERBB2_ERBB4,0.0,0.0,0.0,0.0,0.0,0.0,0.0,0.0,0.0,0.0,0.0,0.0
HBEGF_ERBB4,0.0,0.0,0.0,0.0,0.0,0.0,0.0,0.0,0.0,0.0,0.0,0.0
HBEGF_EGFR_ERBB2,0.0,0.0,0.0,0.001025621641911858,0.0,0.001581936397381111,0.007060168614510527,0.0008198423425990045,0.006156562604910756,0.0,0.01588500158593299,0.0
HBEGF_EGFR,0.0,0.0,0.0,0.006998568987742233,0.0,0.0006372949247440786,0.0066325964987996155,0.0,0.009013453336890066,0.0,0.022644148587010075,0.0
BTC_ERBB2_ERBB4,0.0,0.0,0.0,0.0,0.0,0.0,0.0,0.0,0.0,0.0,0.0,0.0
EREG_ERBB4,0.0,0.0,0.0,0.0,0.0,0.0,0.0,0.0,0.0,0.0,0.0,0.0
FGF18_FGFR1,0.0,0.0,0.0,0.003987411820055876,0.0007293981230624725,0.0002988942194918731,0.0031605613051311383,0.0,0.004709497531769929,0.0,0.0,0.000730603964718231
FGF18_FGFR2,0.0,0.0,0.0002174230239746027,0.003400154424826218,0.0,0.0,0.003752796276330023,0.0,0.004608765350041701,0.0,0.0,0.0
FGF18_FGFR3,0.0,0.0,0.0,0.012833387064807385,0.0,0.0,0.00866067310918961,0.0,0.014891440652454919,0.0,0.0,0.0
IGFL3_IGFLR1,0.0,0.0,0.0,0.0,0.0,0.0,0.0,0.0,7.510870751005193e-05,0.0,0.001176432281218291,0.0
IGF2_ITGA6_ITGB4,0.0,0.0,0.0,0.0,0.0,0.0,0.0,0.0,0.0,0.0,0.0,0.0
IGF1_ITGA6_ITGB4,0.0,0.0,0.0,0.0,0.00010921796689052302,0.0,0.00019676709163079733,0.000685346238474871,0.0005149376568733635,0.0,0.004634272022576681,0.0
APLN_APLNR,0.00023011391873633186,0.0005678395598089174,0.0,0.00015077012604766506,4.5415485500680136e-05,0.0017410765562416222,0.0006993127879849956,0.0,0.0,0.0,0.00407259344899596,0.00019962107452509785
CCL27_CCR3,0.0,0.0,0.0,0.0,0.0,0.0,0.0,0.0,0.0,0.0,0.0,0.0
CCL28_CCR3,0.0,0.0,0.0,0.0,0.0,0.0,0.0,0.0,0.0,0.0,0.0,0.0
CCL27_CCR2,0.0,0.0,0.0,0.0,0.0007868588454281411,0.0,0.0006747950426929121,0.0,0.0,0.0,0.0003024943873677286,0.0004610146875442752
CCL13_CCR1,0.0001473764236772498,0.0,6.619680227542249e-05,0.00017013023087246353,0.0,0.0,0.0,0.00038158407871786195,0.0,0.0,0.0004419442942829525,0.0003069808662664795
VEGFD_VEGFR2R3,0.0,0.0,0.0,0.0,0.0,0.0,0.0,0.0,0.0,0.0,0.0,0.0
VEGFC_VEGFR2R3,0.0,0.0,0.0,0.0,0.0,0.0,0.0,0.0,0.0,0.0,0.0,0.0
FGF15_FGFR3,0.0,0.0,0.0,0.0,0.0,0.0,0.0,0.0,0.0,0.0,0.0,0.0
FGF15_FGFR1,0.0,0.0,0.0,0.0,0.0,0.0,0.0,0.0,0.0,0.0,0.0,0.0
FGF16_FGFR3,0.0,0.0,0.0,0.0,0.0,0.0,0.0,0.0,0.0,0.0,0.0,0.0
FGF16_FGFR1,0.0,0.0,0.0,0.0,0.0,0.0,0.0,0.0,0.0,0.0,0.0,0.0
FGF20_FGFR1,0.0,0.0,0.0,0.0,0.0,0.0,0.0,0.0,0.0,0.0,0.0,0.0
FGF9_FGFR3,0.0,0.0,0.0,0.0,0.0,0.0,0.0,0.0,0.0,0.0,0.0,0.0
WNT10A_FZD8_LRP6,0.0,0.0,0.0,0.0,0.0,0.0,0.0,0.0,0.0,0.0,0.0,0.0
FGF9_FGFR1,0.0,0.0,0.0,0.0,0.0,0.0,0.0,0.0,0.0,0.0,0.0,0.0
FGF18_FGFR4,0.0,0.0,0.0,0.0,0.0,0.0,0.0,0.0,0.0,0.0,0.0,0.0
FGF20_FGFR3,0.0,0.0,0.0,0.0,0.0,0.0,0.0,0.0,0.0,0.0,0.0,0.0
FGF21_FGFR1,0.0,0.0,0.0,0.0,0.0,0.0,0.0,0.0,0.0,0.0,0.0,0.0
FGF21_FGFR3,0.0,0.0,0.0,0.0,0.0,0.0,0.0,0.0,0.0,0.0,0.0,0.0
FGF23_FGFR1,0.0,0.0,0.0,0.0,0.0,0.0,0.0,0.0,0.0,0.0,0.0,0.0
VEGFA_VEGFR1R2,0.0,0.001086160030204776,0.0,0.0010636300175464839,0.0007781275208610914,0.0,0.0,0.0007476282903954133,0.0,0.0,0.002213809427779769,0.0
PGF_VEGFR1,0.0005803152819645954,0.004121672991489995,0.0,0.0019394021147774983,0.0015121469800837548,0.0,0.0,0.0,0.0,0.002909519820979924,0.007221432275858199,0.00014109590663034466
VEGFD_VEGFR3,0.0,0.0,0.0,0.0,0.0,0.0,0.0,0.0,0.0,0.0,0.0,0.0
VEGFC_VEGFR3,0.0,0.0,0.0,0.0007548050099967217,0.0,0.0,0.0,0.0,0.0,0.0,0.0005942979100567062,0.00035774444334145736
VEGFB_VEGFR1,0.0035915412257834156,0.01101436933366815,0.0,0.0069670555692501026,0.0016715407773199688,0.0,0.0,0.0,0.0008815420059730747,0.012612561922902691,0.016943040455095145,0.0
VEGFA_VEGFR2,0.0022932061774330994,0.0,0.0006036251971216946,0.003822201196782584,0.001970260107308863,0.003604866315841869,0.005065624205300579,0.0002599567641326975,0.0,0.0,0.014457353663368908,0.0
VEGFA_VEGFR1,0.0011234826376290525,0.0034386701697208086,0.0,0.0030577557849650523,0.00015915477398137666,0.0,0.0,0.0,0.0005254683423022236,0.0024789908862625676,0.004917701243361797,0.0002266404301513619
PDGFD_PDGFRB,0.00216802798742807,0.0022259116257743886,0.001271286410403347,0.0,0.0016708084615286714,0.0015134249589945504,0.0,0.002226415808964217,0.0,0.003574742135339807,0.004516051618110468,0.0008049220185258706
PDGFC_PDGFRA,0.0011138851361214037,0.0022995983706698866,0.00041217410219487514,0.001731938965314639,0.0,0.0,0.0009694537079449585,0.0,0.0,0.0006838114189933073,0.0021636158886127106,0.000905518016590475
PDGFB_PDGFRB,0.008804911467758372,0.002916833258054266,0.0010395174504198434,0.0,0.0,0.001389181900007067,0.0,0.0024972972610111366,0.0,0.007071388541124913,0.013220962875144227,0.0040842023062289175
PDGFB_PDGFRA,0.005717495559625026,0.001799381870767032,0.0007608981405009598,0.0,0.00020451830253207607,0.0,0.0,0.0,0.0,0.005502982231936303,0.0043878242707678875,0.0022605745236677567
PDGFA_PDGFRB,0.003630532964817076,0.003451884918244218,0.003404076613989354,0.0,0.000959948869802138,0.002426799796322306,0.0,0.005369184125348058,0.0,0.00828546781415067,0.011668086996608656,0.004792951875976144
PDGFA_PDGFRA,0.003861407309618359,0.00279182262790696,0.0007947317530978536,0.0015006550105151797,0.0010915959304948159,0.0,0.0,0.0,0.0002581983990072202,0.007212055251674132,0.00381076667687984,0.00016643874588376687
FGF23_FGFR3,0.0,0.0,0.0,0.0,0.0,0.0,0.0,0.0,0.0,0.0,0.0,0.0
WNT5B_FZD7,0.0,0.0,0.002528169981543875,0.00037488282280770055,0.0,0.00155799041220897,0.00020422345745171292,0.0012704864911997457,0.0024161024302271996,0.0,0.009306955052849538,0.0
WNT3A_FZD4_LRP6,0.0,0.0,0.0,0.0,0.0,0.0,0.0,0.0,0.0,0.0,0.0,0.0
WNT3A_FZD2_LRP6,0.0,0.0,0.0,0.0,0.0,0.0,0.0,0.0,0.0,0.0,0.0,0.0
WNT3A_FZD10_LRP6,0.0,0.0,0.0,0.0,0.0,0.0,1.3352544994166087e-05,0.0,1.7593345071219467e-06,0.0,3.3775644463104215e-05,0.0
WNT3A_FZD1_LRP6,0.0,9.114692870737918e-07,0.0,2.468925490294537e-06,0.0,0.0,1.497378268036971e-05,0.0,5.116693071636514e-06,0.0,2.2282085047700806e-05,0.0
WNT3_FZD9_LRP6,0.0,0.0,0.0,0.0,0.0,0.0,0.0,0.0,0.0,0.0,0.0,0.0
WNT3_FZD8_LRP6,0.0,0.0,0.0,0.0,0.0,0.0,0.0,0.0,0.0,0.0,0.0,0.0
WNT3_FZD7_LRP6,0.0,0.0,0.0,1.3052974386237685e-05,0.0,2.158692737604332e-05,0.0002051241364953729,0.0,0.00016159141331124142,0.0,0.00029111158569419186,0.0
WNT3_FZD5_LRP6,0.0,0.0,0.0,1.0039673866063082e-05,0.0,1.0263932913304377e-05,6.274959941070459e-05,0.0,5.369045149250391e-05,0.0,0.00017373040966696342,0.0
WNT3_FZD4_LRP6,0.0,0.0,0.0,0.0,0.0,5.107977341315887e-05,5.826922769554584e-05,0.0,3.741484331411463e-05,0.0,0.00014818346919381385,0.0
WNT3_FZD3_LRP6,0.0,0.0,0.0,0.0,0.0,0.0,0.00012176448727454543,0.0,6.546110315612877e-05,0.0,0.00019364043993160403,0.0
WNT3_FZD2_LRP6,0.0,0.0,0.0,0.0,0.0,0.0,0.0,0.0,0.0,0.0,0.0,0.0
WNT3_FZD10_LRP6,0.0,0.0,0.0,0.0,0.0,0.0,0.000331118625106105,0.0,0.0001380551533925741,0.0,0.00034868947836853224,0.0
WNT3_FZD1_LRP6,0.0,0.0,0.0,0.0,0.0,0.0,0.00034904172477471927,0.0,0.00015242668127784481,0.0,0.00037947888496490695,0.0
WNT2B_FZD9_LRP6,0.0,0.0,0.0,0.0,0.0,0.0,0.0,0.0,0.0,0.0,0.0,0.0
WNT3_FZD6_LRP6,0.0,0.0,0.0,0.0,0.0,3.689883225846782e-05,0.0004270236617069327,0.0,0.00028924512198196065,0.0,0.0005307833326481374,0.0
WNT2B_FZD8_LRP6,0.0,0.0,0.0,0.0,0.0,0.0,0.0,0.0,0.0,0.0,0.0,0.0
WNT3A_FZD6_LRP6,0.0,0.0,0.0,0.0,0.0,0.0,4.718339590201482e-05,0.0,2.354753027818094e-05,0.0,0.00010191982367369732,0.0
WNT6_FZD4_LRP6,0.0,0.0,0.0,1.0321022555428504e-05,1.431187084556428e-06,2.8584353004117676e-05,2.4461593515374067e-05,0.0,1.7365617545077276e-06,0.0,3.9825800291566156e-05,0.0
WNT6_FZD2_LRP6,0.0,0.0,0.0,0.0,0.0,0.0,0.0,0.0,0.0,0.0,0.0,0.0
WNT6_FZD10_LRP6,0.0,0.0,0.0,1.0997972766726686e-05,0.0,1.6894889949282007e-05,3.3777512728905115e-05,0.0,2.6145405826003846e-05,0.0,5.106074150772712e-05,0.0
WNT6_FZD1_LRP6,0.0,2.7883698365328536e-05,7.875465466841811e-06,0.0,0.0,8.475879587703065e-05,2.778980061582372e-05,0.00014662739795924493,0.0,0.0,5.543862906484244e-05,0.0
WNT4_FZD9_LRP6,0.0,0.0,0.0,0.0,0.0,0.0,0.0,0.0,0.0,0.0,0.0,0.0
WNT3A_FZD7_LRP6,0.0,0.0,0.0,1.736150817716827e-06,0.0,0.0,1.81361561123504e-05,0.0,1.2889707545661032e-05,0.0,1.4233909987642894e-05,0.0
WNT4_FZD8_LRP6,0.0,0.0,0.0,0.0,0.0,0.0,0.00016519676289466817,0.0,0.00024067673853676378,0.0,0.0001802770459002738,7.226575695371228e-06
WNT4_FZD6_LRP6,0.0,0.0,0.0,0.0,0.0,0.00013686780928309558,0.0009538666581940819,0.0,0.0008854326494195608,0.0,0.0014653358974881126,0.0
WNT4_FZD5_LRP6,0.0,0.0,3.848150955610178e-05,8.30701680403761e-05,0.0,6.158326094642255e-06,9.383274484148934e-05,0.0,8.12629521909006e-05,2.058696666169022e-06,0.0003317946176469561,0.0
WNT4_FZD4_LRP6,0.0,0.0,0.0,8.906532227438925e-05,0.0,0.0002755074480543794,0.00018701478351071385,0.0,4.495081576603671e-05,0.0,0.00044165462309490313,0.0
WNT4_FZD3_LRP6,0.0,0.0,0.0002111219972909143,0.0,0.00012863167547924855,0.0,0.00018444009839535996,0.0,9.01546210459169e-05,3.6263989960265545e-05,0.00031052543863647195,0.0
WNT4_FZD2_LRP6,0.0,0.0,0.0,0.0,0.0,0.0,0.0,0.0,0.0,0.0,0.0,0.0
WNT4_FZD1_LRP6,6.750697622847409e-05,2.7140980879006654e-05,0.0,0.0,0.0,0.0,0.0005202885631430064,0.0,0.0002749751777600175,0.0,0.0010284187165237185,0.0
WNT4_FZD7_LRP6,0.0,0.0,0.0,4.489000293496895e-05,0.0,0.00011704915424518128,0.0005014497321844069,0.0,0.0005600775314128713,0.0,0.0007727663446531881,0.0
WNT6_FZD6_LRP6,0.0,0.0,0.0,1.0211649775155796e-05,0.0,4.844625676558267e-05,6.342434292826758e-05,0.0,4.182922077015303e-05,0.0,0.0001122212995992668,0.0
WNT2B_FZD7_LRP6,0.0,0.0,0.0,0.0,0.0,0.0,3.3788379823319155e-05,7.4815951283320214e-06,5.81524583955315e-05,0.0,8.211027668223855e-05,0.0
WNT2B_FZD5_LRP6,0.0,0.0,2.3611333364051114e-05,2.419565399174072e-05,0.0,0.0,5.673293470068206e-06,0.0,7.167186062335668e-07,2.1569646637513032e-05,3.859215637544179e-05,0.0
WNT16_FZD4_LRP6,0.0,0.0,0.0,0.0,0.0,3.478475408680503e-05,5.4305372145359514e-05,0.0,2.5757393461727854e-05,0.0,0.00010321062671038103,0.0
WNT16_FZD3_LRP6,0.0,0.0,0.0,0.0,0.0,0.0,6.562273643596294e-05,0.0,4.23846990739201e-05,0.0,0.00010262639556631298,0.0
WNT16_FZD2_LRP6,0.0,0.0,0.0,0.0,0.0,0.0,0.0,0.0,0.0,0.0,0.0,0.0
WNT16_FZD10_LRP6,0.0,0.0,0.0,0.0,0.0,0.0,0.00014827473068045,0.0,0.00012915435616892408,0.0,0.00025184881508522213,0.0
WNT16_FZD1_LRP6,0.0,0.0,0.0,0.0,0.0,0.0,0.00016192589294010943,0.0,0.00012141926100501802,0.0,0.0002599276075765684,0.0
WNT16_FZD5_LRP6,0.0,0.0,0.0,0.0,0.0,2.5279731550296126e-06,4.3592205746379215e-05,1.0476780751458507e-06,3.5305892474359716e-05,0.0,0.00011910599992644783,0.0
WNT10B_FZD7_LRP6,0.0,0.0,0.0,0.0,0.0,0.0,0.0,0.0,2.010651843608439e-05,0.0,2.3097447178701237e-05,0.0
WNT10B_FZD4_LRP6,0.0,0.0,0.0,0.0,0.0,0.0,0.0,0.0,0.0,0.0,0.0,0.0
WNT10B_FZD2_LRP6,0.0,0.0,0.0,0.0,0.0,0.0,0.0,0.0,0.0,0.0,0.0,0.0
WNT10B_FZD10_LRP6,0.0,0.0,0.0,0.0,0.0,0.0,4.903608836847357e-06,0.0,2.150083531565912e-05,0.0,1.4289006362380901e-05,0.0
WNT5B_FZD6,0.0,0.0,0.0023486558993929736,0.0015041357652417866,0.0006370007299961965,0.0,0.0027485261441762177,0.0,0.0016085334449829358,0.0,0.007830969624559914,0.0
WNT10B_FZD1_LRP6,1.7266996189761847e-06,4.7690540737917754e-06,0.0,0.0,0.0,0.0,6.464773889432178e-07,0.0,1.0008148815793533e-05,0.0,1.7589549781260628e-05,0.0
WNT10B_FZD6_LRP6,0.0,0.0,0.0,0.0,0.0,0.0,7.669109069858543e-06,0.0,2.8173723811228547e-05,0.0,4.429854165175054e-05,0.0
WNT2B_FZD6_LRP6,0.0,0.0,0.0,0.0,0.0,0.0,9.185236607587832e-05,0.0,0.00010516363219715585,0.0,0.0001221858587337033,0.0
WNT16_FZD6_LRP6,0.0,0.0,0.0,0.0,0.0,1.834735235315794e-05,0.00030343991349826674,0.0,0.00030309322999750443,0.0,0.00043258605798915584,0.0
WNT16_FZD8_LRP6,0.0,0.0,0.0,0.0,0.0,0.0,0.0,0.0,0.0,0.0,0.0,0.0
WNT2B_FZD4_LRP6,0.0,0.0,0.0,0.0,3.2930975832051303e-06,3.1588183282356528e-06,8.668135638710239e-06,0.0,5.825121879175591e-06,0.0,3.6434738277851814e-05,0.0
WNT2B_FZD3_LRP6,0.0,0.0,2.4042220549555474e-05,1.7986061822172148e-05,0.0,0.0,9.702218144583782e-06,0.0,0.0,1.9941025106032668e-05,4.3447236496030786e-05,0.0
WNT2B_FZD2_LRP6,0.0,0.0,0.0,0.0,0.0,0.0,0.0,0.0,0.0,0.0,0.0,0.0
WNT2B_FZD10_LRP6,0.0,0.0,0.0,0.0,0.0,0.0,4.3630457585978176e-05,0.0,6.620522694966923e-05,0.0,8.121066473833136e-05,0.0
WNT2B_FZD1_LRP6,0.0,0.0,0.0,0.0,0.0,0.0,3.325514806665186e-05,3.623761731138884e-06,5.8330241679389065e-05,0.0,0.00013532080210875225,0.0
WNT16_FZD7_LRP6,0.0,0.0,0.0,2.632747359975923e-06,0.0,1.3262996203320415e-05,0.00014055079919163987,0.0,0.00015546184655937191,0.0,0.00020530839339266994,0.0
WNT2_FZD7_LRP6,0.0,0.0,0.0,0.0,0.0,0.0,0.0,0.0,0.0,0.0,0.0,0.0
WNT2_FZD4_LRP6,0.0,0.0,0.0,0.0,0.0,0.0,0.0,0.0,0.0,0.0,0.0,0.0
WNT2_FZD2_LRP6,0.0,0.0,0.0,0.0,0.0,0.0,0.0,0.0,0.0,0.0,0.0,0.0
WNT2_FZD10_LRP6,0.0,0.0,0.0,0.0,0.0,0.0,0.0,0.0,0.0,0.0,0.0,0.0
WNT2_FZD1_LRP6,0.0,0.0,0.0,0.0,0.0,0.0,0.0,0.0,0.0,0.0,0.0,0.0
WNT16_FZD9_LRP6,0.0,0.0,0.0,0.0,0.0,0.0,0.0,0.0,0.0,0.0,0.0,0.0
WNT2_FZD6_LRP6,0.0,0.0,0.0,0.0,0.0,0.0,0.0,0.0,0.0,0.0,0.0,0.0
WNT6_FZD7_LRP6,0.0,0.0,0.0,7.719572413860281e-06,0.0,2.4282194778189057e-05,3.94060957216573e-05,2.506374141972994e-07,3.582474473586583e-05,0.0,7.119005448073221e-05,0.0
WNT4_FZD10_LRP6,0.0,0.0,0.0,0.0,0.0,1.383191956637173e-05,0.0005237913392843978,0.0,0.0005147145766786428,0.0,0.0008788887261781266,0.0
WNT9B_FZD4_LRP6,0.0,0.0,0.0,0.0,0.0,0.0,0.0,0.0,0.0,0.0,0.0,0.0
WNT9B_FZD10_LRP6,0.0,0.0,0.0,0.0,0.0,0.0,0.0,0.0,0.0,0.0,0.0,0.0
WNT9B_FZD1_LRP6,0.0,0.0,0.0,0.0,0.0,0.0,0.0,0.0,0.0,0.0,0.0,0.0
WNT9A_FZD7_LRP6,0.0,0.0,0.0,0.0,0.0,0.0,0.0,0.0,0.0,0.0,0.0,0.0
WNT9A_FZD6_LRP6,0.0,0.0,0.0,0.0,0.0,0.0,0.0,0.0,0.0,0.0,0.0,0.0
WNT9A_FZD4_LRP6,0.0,0.0,0.0,0.0,0.0,0.0,0.0,0.0,0.0,0.0,0.0,0.0
WNT9A_FZD2_LRP6,0.0,0.0,0.0,0.0,0.0,0.0,0.0,0.0,0.0,0.0,0.0,0.0
WNT9A_FZD10_LRP6,0.0,0.0,0.0,0.0,0.0,0.0,0.0,0.0,0.0,0.0,0.0,0.0
WNT9A_FZD1_LRP6,0.0,0.0,0.0,0.0,0.0,0.0,0.0,0.0,0.0,0.0,0.0,0.0
WNT8B_FZD7_LRP6,0.0,0.0,0.0,0.0,0.0,0.0,0.0,0.0,0.0,0.0,0.0,0.0
WNT9B_FZD6_LRP6,0.0,0.0,0.0,0.0,0.0,0.0,0.0,0.0,0.0,0.0,0.0,0.0
WNT5B_FZD4,4.0807142005738126e-05,0.0,0.0007571742060659366,0.0015674773422305762,3.6413858158240566e-05,0.0036953844950377897,0.0,0.0002736932330755321,0.0013223680313606454,0.004266353561704982,0.0026115639697712927,0.0034265086149008533
WNT5B_FZD2,0.0005788906033230552,0.0,0.0,0.0006409629138740355,0.0009880962503966532,8.75488784262888e-05,3.9348128729570674e-05,6.62131421443175e-05,0.0,0.00019824539343769976,0.0015425675181655718,0.0
WNT5B_FZD10,0.0,0.0,0.0,0.0007651824202159907,0.00025403469835327857,0.0,0.000507257008155325,0.0,0.0016714426396340918,0.0,0.0051323762416969005,0.00174791024819867
WNT5B_FZD1,0.0,0.0,0.009302909910948025,0.0,0.0,0.0014170076833640436,0.00056755960487633,0.004565216463534815,0.010550476113519952,0.0,0.015087830558620589,0.004909866932803452
WNT5A_MCAM,0.009288469336298132,0.002426962469574031,0.0,0.007957161074461521,0.005666911001362068,0.0,0.004596591241503481,0.0,0.0059531360660022,0.002271872636335723,0.02338136800185559,0.005598459410700882
WNT5A_FZD9,0.0,0.0,0.0,0.0,0.0,0.0,7.803103531008333e-05,0.0,0.0001305862400993965,0.0,0.0007424066337719299,0.0
WNT5A_FZD8,0.0,0.0005569173621530921,0.0,0.0006764316874701826,0.0,0.0,0.0017811078737322956,0.0,0.0007612628440147463,0.0,0.0014453206454036395,0.0
WNT5A_FZD7,0.0,0.0,0.0,0.0023539871832671073,0.0,0.00021247356206908585,0.003716030938094368,0.0,0.003806295616228749,0.0,0.009235444822558286,0.0
WNT5A_FZD6,0.0,0.0,0.0,0.004859534598139058,0.0,0.0,0.004332682251723903,0.0,0.005123468527851784,0.0,0.012222201365359934,0.0
WNT5A_FZD5,0.0,0.0,0.0,0.0019466042640796889,0.0,0.002203250423272152,0.0,0.0,0.000197990130166092,0.0,0.0018231614919427027,0.0
WNT5A_FZD4,0.003237756017416319,0.0,0.0,0.0014908030091038615,0.000747781971405065,0.0020981586117324153,0.00016823109105275623,0.0,0.0,0.0013104616340224007,0.004255181923656067,0.002457835657175992
WNT5A_FZD3,0.0,0.0,0.0002829325619849887,0.00023097677372704818,0.0006154518256093047,4.155107509839366e-05,0.0024575533163813477,0.0,0.0009922426911815802,0.0003465963131247383,0.0036310060936235243,0.0
WNT5A_FZD2,0.0006616785068209814,0.0,0.0,0.0010979302864209158,0.00045388139604602535,0.0,0.0,0.0,0.0,0.0,0.0028751140182121187,0.0003985606483212408
WNT5A_FZD10,0.0,0.0,0.0,0.0009522815515044602,0.0,0.0,0.001588131741497599,0.0,0.00293161283873623,0.0,0.0073516493411474254,0.0013400518744973676
WNT5A_FZD1,0.0015290507174595673,0.0004886538143086006,0.0,0.0071252723163309824,0.0,0.0013123221349535205,0.002119275588217707,0.0,0.006809330073929941,0.0,0.007491459660349363,0.00420922452832267
WNT9B_FZD7_LRP6,0.0,0.0,0.0,0.0,0.0,0.0,0.0,0.0,0.0,0.0,0.0,0.0
WNT8B_FZD6_LRP6,0.0,0.0,0.0,0.0,0.0,0.0,0.0,0.0,0.0,0.0,0.0,0.0
WNT9B_FZD2_LRP6,0.0,0.0,0.0,0.0,0.0,0.0,0.0,0.0,0.0,0.0,0.0,0.0
WNT7A_FZD2_LRP6,0.0,0.0,0.0,0.0,0.0,0.0,0.0,0.0,0.0,0.0,0.0,0.0
WNT7B_FZD5_LRP6,0.0,0.0,1.9515220054603234e-05,2.577923357705984e-05,0.0,8.718591592693856e-06,1.8644801179566127e-05,0.0,2.5419392366804413e-05,0.0,7.88485181654992e-05,0.0
WNT7B_FZD4_LRP6,0.0,0.0,0.0,1.4390281024498407e-05,0.0,3.978856151934247e-05,5.022207091134959e-05,0.0,1.8509498511339344e-05,0.0,7.670458210452084e-05,0.0
WNT7B_FZD3_LRP6,0.0,0.0,6.969612748728034e-05,0.0,0.0,3.5311515351283486e-06,4.468771666479078e-05,0.0,1.92967241825677e-05,7.5838350437872675e-06,6.814829524249472e-05,0.0
WNT7B_FZD2_LRP6,0.0,0.0,0.0,0.0,0.0,0.0,0.0,0.0,0.0,0.0,0.0,0.0
WNT7B_FZD10_LRP6,0.0,0.0,0.0,0.0,0.0,2.3968223698767695e-05,0.00012922797655870306,0.0,6.88271283616777e-05,0.0,0.00015692040605074577,0.0
WNT7B_FZD1_LRP6,1.784783209908742e-05,2.444485329088949e-05,0.0,2.120699460940179e-05,0.0,0.0,0.00014016479570899673,0.0,0.00010097398511807935,0.0,0.0001588730611144276,0.0
WNT7A_FZD8_LRP6,0.0,0.0,0.0,0.0,0.0,0.0,0.0,0.0,0.0,0.0,0.0,0.0
WNT7A_FZD7_LRP6,0.0,0.0,0.0,2.2429697405748246e-07,0.0,0.0,7.383866842614129e-06,0.0,6.796735561927314e-06,0.0,1.7641777843017555e-05,0.0
WNT7A_FZD6_LRP6,0.0,0.0,0.0,0.0,0.0,0.0,0.0,0.0,0.0,0.0,0.0,0.0
WNT7A_FZD5_LRP6,0.0,0.0,0.0,0.0,0.0,0.0,0.0,0.0,0.0,0.0,0.0,0.0
WNT7A_FZD4_LRP6,0.0,0.0,0.0,0.0,0.0,0.0,0.0,0.0,0.0,0.0,0.0,0.0
WNT7A_FZD3_LRP6,0.0,0.0,0.0,0.0,0.0,0.0,0.0,0.0,0.0,0.0,0.0,0.0
WNT7A_FZD10_LRP6,0.0,0.0,0.0,0.0,0.0,0.0,0.0,0.0,0.0,0.0,0.0,0.0
WNT7A_FZD1_LRP6,0.0,0.0,0.0,0.0,0.0,0.0,0.0,0.0,0.0,0.0,0.0,0.0
WNT7B_FZD6_LRP6,0.0,0.0,0.0,7.094005812340745e-06,0.0,0.00011667745944158275,0.00025259050179620503,0.0,0.00015404252530876048,0.0,0.00033723790498269176,0.0
WNT7B_FZD7_LRP6,0.0,0.0,0.0,3.906481485236201e-05,0.0,2.9842730531721582e-05,0.00012707218377163617,0.0,0.00011855828971715733,0.0,0.0001277299781515312,0.0
WNT7A_FZD9_LRP6,0.0,0.0,0.0,0.0,0.0,0.0,0.0,0.0,0.0,0.0,0.0,0.0
WNT7B_FZD9_LRP6,0.0,0.0,0.0,0.0,0.0,0.0,0.0,0.0,0.0,0.0,0.0,0.0
WNT8B_FZD2_LRP6,0.0,0.0,0.0,0.0,0.0,0.0,0.0,0.0,0.0,0.0,0.0,0.0
WNT7B_FZD8_LRP6,0.0,0.0,0.0,0.0,0.0,0.0,4.5376576355359727e-05,0.0,3.901486629931068e-05,0.0,5.5245122354541514e-05,2.452344701530534e-06
WNT8B_FZD10_LRP6,0.0,0.0,0.0,0.0,0.0,0.0,0.0,0.0,0.0,0.0,0.0,0.0
WNT8B_FZD1_LRP6,0.0,0.0,0.0,0.0,0.0,0.0,0.0,0.0,0.0,0.0,0.0,0.0
WNT8A_FZD7_LRP6,0.0,0.0,0.0,0.0,0.0,0.0,0.0,0.0,0.0,0.0,0.0,0.0
WNT8B_FZD4_LRP6,0.0,0.0,0.0,0.0,0.0,0.0,0.0,0.0,0.0,0.0,0.0,0.0
WNT8A_FZD4_LRP6,0.0,0.0,0.0,0.0,0.0,0.0,0.0,0.0,0.0,0.0,0.0,0.0
WNT8A_FZD2_LRP6,0.0,0.0,0.0,0.0,0.0,0.0,0.0,0.0,0.0,0.0,0.0,0.0
WNT8A_FZD10_LRP6,0.0,0.0,0.0,0.0,0.0,0.0,0.0,0.0,0.0,0.0,0.0,0.0
WNT8A_FZD1_LRP6,0.0,0.0,0.0,0.0,0.0,0.0,0.0,0.0,0.0,0.0,0.0,0.0
WNT8A_FZD6_LRP6,0.0,0.0,0.0,0.0,0.0,0.0,0.0,0.0,0.0,0.0,0.0,0.0
TNXB_SDC1,0.017026623158427717,0.0037702614850890336,0.03362885394480043,0.32092417881629803,0.0008274156645583077,0.01130677436782277,0.0,0.022015233661376893,0.0,0.017281334452558358,0.0,0.02011148670285121
COL9A2_SDC1,0.0,0.0,0.014635310616702998,0.034093357014858654,0.0,0.0,0.01594847787471106,0.0,0.023780926001482357,0.0,0.03678532745805525,0.0037485870186922143
TNR_SDC1,0.0,0.0,0.0,0.0,0.0,0.0,0.0,0.0,0.0,0.0,0.0,0.0
THBS1_SDC1,0.0,0.0,0.02003440625375097,0.2035680047144228,0.006144822946572112,0.0,0.033091553751626916,0.0031559282703078223,0.03873572293186987,0.0,0.00620426652611162,0.0063380130004474485
TNC_SDC1,0.0,0.0,0.0037606718422544994,0.25238914702535814,0.006339665843586924,0.00046046387208114844,0.05225584241575252,0.0031775531542039366,0.062025695755470525,0.0,0.016143145583042532,0.001841557897226574
FN1_SDC1,0.013041870634399828,0.005916961109991044,0.014096636541176984,0.23010235476562738,0.01338051813241725,0.01622123389691215,0.0,0.023181352119991755,0.0,0.009959504135668705,0.016898726396516312,0.011387052081901735
COL9A3_SDC1,0.0,0.0,0.003430594701418133,0.017767821995687768,0.0,0.0023163287755564228,0.00807090519447259,0.004120469280527814,0.009374560101136008,0.0,0.025149083678830515,0.010459335263779693
TNN_SDC1,0.0,0.0,0.0,0.02668456109182436,0.0,0.0019497123969740222,0.01542214442488567,0.0,0.01242306189456493,0.0,0.004477386451617252,0.005732955061810381
COL6A1_SDC1,0.0,0.0,0.0009329800983470548,0.41890361771777307,0.0,0.003614199099483027,0.0,0.002788761259645754,0.0,0.0,0.03303741016098406,0.0
COL6A6_SDC1,0.0012927574730465094,0.0004351661129595011,0.0,0.008008628963520139,0.0,0.000668713795262091,0.004161802331774996,0.0,0.002010447444274572,0.0,0.007999804021046272,0.0039024999526074207
COL6A5_SDC1,0.0,0.0,0.0,0.004314142974760177,0.0,0.0003551304485434938,0.0017455960318021357,0.0,0.0020128642226964226,0.0,0.014970437993581226,0.0
COL6A3_SDC1,0.011952729530132005,0.0016655513908943962,0.0,0.26706136559825683,0.0,0.009409669526769764,0.005768219535049717,0.002448413533239391,0.002577193418642515,0.00176067859231518,0.06112266841160014,0.013962255011779574
COL6A2_SDC1,0.0,0.00503390751279742,0.0032461344742107157,0.5907227675081225,0.0,0.0,0.0,0.0009371086021931564,0.0,0.0,0.06092762176998679,0.004223544137361305
COL4A6_SDC1,0.0,0.0,0.0,0.025571063073196315,0.0,0.0,0.014268734000251257,0.0,0.0033045772341894256,0.0,0.02574124369143629,0.0
COL4A5_SDC1,0.0,0.0,0.0,0.03904371074821996,0.0,0.006480817207343505,0.015345161439900121,0.0008996232085995723,0.01713576896029185,0.0,0.03905990940410281,0.005556191646533051
THBS2_SDC1,0.0,0.0,0.0015390098230550773,0.24322384511175937,0.0,0.0,0.09751360751338482,0.0,0.11297891160696719,0.0,0.0,0.0
COL4A4_SDC1,0.0,0.0,0.0,0.0,0.0,0.0,0.0,0.0,0.0,0.0,0.0,0.0
COL9A1_SDC1,0.0,0.0,0.0,0.0,0.0,0.0,0.0,0.0,0.0,0.0,0.0,0.0
THBS3_SDC1,0.0,0.0,0.008396086924750294,0.09149676147276209,0.0,0.001851256910487721,0.0006731459103074387,0.0030988472841044,0.013906485868907806,0.0,0.034290752251823896,0.006918654098780138
COL6A6_SDC4,0.0007583820762871106,0.0008723168447127299,0.004411777356087855,0.0007111021115316663,0.0001566359357375539,0.0006981086803519761,0.0016439212569638402,0.0,0.000733207189531254,0.00024070241268417007,0.001662588301490272,0.0019609994306154857
COMP_SDC1,0.0,0.0,0.0,0.3075112824862729,0.0,0.0,0.03586443918992673,0.0,0.0,0.0,0.09297716641409293,0.0
COL4A3_SDC1,0.0,0.0,0.0,0.0,0.0,0.0,0.0,0.0,0.0,0.0,0.0,0.0
COL9A1_SDC4,0.0,0.0,0.0,0.0,0.0,0.0,0.0,0.0,0.0,0.0,0.0,0.0
COL9A2_SDC4,0.0,0.0,0.04087063409418797,0.0,0.0,0.0,0.007971150202360158,0.0062670801427866935,0.01535150537846253,0.0,0.03653560970622,2.1212752476855202e-05
COL9A3_SDC4,0.0,0.0014255983168887222,0.017410669678010533,0.0,0.000800006387927129,0.002178792259713252,0.002487972008099873,0.004478708167301962,0.006059997923326459,0.0,0.01537411716763666,0.003583993622554516
COL6A5_SDC4,0.0,0.0005100173181123418,0.0005889549807061536,0.0010432400625852772,0.0,0.00014850864428327348,0.001031414835950695,0.0,0.00044393247067569185,0.0,0.0062835570972027245,0.0
COL6A3_SDC4,0.0011865198894283687,0.004696755375332765,0.21492050987486047,0.0,0.0033566692383175697,0.01106081705636542,0.0,0.0021996583805707734,0.0,0.005909834746964235,0.020620233153146924,0.0031993123936234842
COL6A2_SDC4,0.0,0.004678062354790559,0.4946905296693866,0.0,0.003979399233462162,0.00570529751872229,0.0,0.002012593667944992,0.0,0.0,0.007260490353886728,0.0
COL6A1_SDC4,0.003000506104307114,0.003782725944277273,0.379368212178078,0.0,0.0,0.0,0.0,0.012115396305721922,0.0,0.0,0.0,0.0
COL4A6_SDC4,0.0,0.0008599492710146852,0.015586652057820732,0.0022842121163169677,0.0,0.00013487488814778662,0.003403758069209032,0.0,0.00347683769212111,0.0,0.013864557368974748,0.0
COL4A5_SDC4,0.0,0.0009747432360168646,0.027446070429186606,0.0036065710554096155,0.003110811431643014,0.0036739115589018052,0.004723346534145365,0.0,0.00788352497470938,0.0,0.017152311638174222,0.0028834852682632895
COL4A4_SDC4,0.0,0.0,0.0,0.0,0.0,0.0,0.0,0.0,0.0,0.0,0.0,0.0
COL4A3_SDC4,0.0,0.0,0.0,0.0,0.0,0.0,0.0,0.0,0.0,0.0,0.0,0.0
COL4A2_SDC4,0.0,0.0024172185357035822,0.25917292080925775,0.0,0.006948298341884174,0.019760665938587153,0.0,0.012103795609328439,0.0,0.008877075796033954,0.017811461021001864,0.019084459456764732
COL4A1_SDC4,0.0,0.004455008504189346,0.18914526956551697,0.0,0.0065709984517110555,0.0,0.0,0.009288520438682743,0.0,0.0,0.01250903351705409,0.010503475991198944
COL2A1_SDC4,0.0,0.0,0.0,0.0,0.0,0.0,0.0,0.0,0.0,0.0,0.0,0.0
COL1A2_SDC4,0.0,0.0,0.5345737474964449,0.0,0.0,0.0,0.0,0.0,0.0,0.0,0.0,0.0
COL1A1_SDC4,0.006111135264468729,0.0,0.4842666784680371,0.002462592752361931,0.0,0.0011977096246744458,0.0,0.0,0.00942889159280169,0.0,0.0,0.0
THBS4_SDC1,0.0,0.0,0.0063370812399690885,0.03297488260400144,0.0,0.0,0.013532452778198699,0.0011705101475346076,0.008097105367155844,0.0,0.025227442179923402,0.0
COL4A2_SDC1,0.0,0.001979353147810152,0.006717478243456723,0.2893585894035831,0.0,0.00814216219687329,0.0,0.01634504987557082,0.0,0.009763597408946778,0.06305772301699301,0.013742059100643716
LAMB2_ITGA6_ITGB4,0.0,0.0,0.0,0.0,0.0033894508741851483,0.0,0.0,0.038963276140563545,0.0,0.0,0.2613993556810639,0.0
COL2A1_SDC1,0.0,0.0,0.0,0.0,0.0,0.0,0.0,0.0,0.0,0.0,0.0,0.0
COL4A5_CD44,0.050784396082537465,0.0016610200009330395,0.001120453247701073,0.006852955568223455,0.0033403490174363963,0.0,0.015698520993457688,0.0009896740352517196,0.01632091594657266,0.010099151218601625,0.04888112421680227,0.017059126739764948
COL4A4_CD44,0.0,0.0,0.0,0.0,0.0,0.0,0.0,0.0,0.0,0.0,0.0,0.0
COL4A3_CD44,0.0,0.0,0.0,0.0,0.0,0.0,0.0,0.0,0.0,0.0,0.0,0.0
COL4A2_CD44,0.41340187398747924,0.0018437292021669968,0.0033787951393803423,0.0,0.01266541136054718,0.006862080671567199,0.0,0.01286955224713323,0.005959696174510673,0.058628259066903256,0.12361136991754922,0.030698466620345678
COL4A1_CD44,0.3062380955564516,0.008979479481668422,0.008633273617801161,0.0,0.00860933482984195,0.0,0.0,0.007395951054886207,0.004613547884049514,0.023769261895424956,0.061165514850350405,0.02389949395932974
COL2A1_CD44,0.0,0.0,0.0,0.0,0.0,0.0,0.0,0.0,0.0,0.0,0.0,0.0
COL1A2_CD44,0.9400719999927128,0.0,0.0,0.010185246042536783,0.0,0.0,0.0,0.0,0.0,0.0,0.0,0.0
COL1A1_CD44,0.8551041835319724,0.007117812439436982,0.0,0.0,0.00017998312882780272,0.0,0.0,0.0,0.033036236598130764,0.013140152353173173,0.0,3.2009949642865e-05
FN1_CD44,0.3199332551476865,0.0,0.014743579404646347,0.004587175089111865,0.02039346690345989,0.008992630401704676,0.0,0.027562974513036534,0.0007657480802612798,0.051660737752198455,0.014285998107487348,0.0265235981705757
LAMC3_ITGA6_ITGB4,0.0,0.0,0.0009150410508229171,0.0,0.0,0.0,0.0,0.018895187065146566,0.0009732019631645382,0.0,0.0886530442809697,0.0
LAMC2_ITGA6_ITGB4,0.0,0.0,0.0,0.0,0.0,0.0,0.005939852461608683,0.0,0.008999622407414571,0.0,0.034538363478300506,0.0
LAMC1_ITGA6_ITGB4,0.0,0.0,0.0,0.0,0.00776176679498663,0.0,0.0,0.03140180166817511,0.002025130904458365,0.011324860034509202,0.13981967705832157,0.0
LAMB3_ITGA6_ITGB4,0.0,0.0,0.0,0.0,0.0,0.0,0.003345775086584394,0.007794882196883158,0.018232645130845295,0.0,0.10699269382110307,0.0
FN1_SDC4,0.0,0.0,0.26859106872098604,0.0,0.032173066079118594,0.0157943167110046,0.0,0.017200868383153985,0.0,0.01334031921673889,0.0,0.01409107481678571
LAMB1_ITGA6_ITGB4,0.0,0.0,0.0,0.0,0.0,0.0,0.0,0.014893453454102796,0.0,0.007698508268052107,0.0762233265304468,0.0
LAMA5_ITGA6_ITGB4,0.0,0.0,0.0,0.0,0.0,0.0,0.0,0.015408792648951375,0.0018637426414804075,0.0,0.10439679030848999,0.0
LAMA4_ITGA6_ITGB4,0.0028411530279904254,0.0,0.0,0.0,0.00436229542196931,0.0,0.0,0.022237426848283223,0.0,0.007088153785653286,0.10122539030328699,0.0
COL4A6_CD44,0.020407479112904102,0.0,0.0,0.005964733479567789,0.0016025552009790742,0.000517690345586426,0.010745805892795663,0.0,0.007703302251459147,0.0,0.04045143405035266,0.0
COL6A1_CD44,0.6153463722231538,0.0,0.0,0.0,0.01869750037292858,0.0,0.015817783943129538,0.0,0.004715912601864166,0.0,0.07499077135402824,0.0
COL6A2_CD44,0.7200282999320972,0.0,0.0,0.0,0.012638022887661656,0.0,0.002271288644192863,0.0,0.0,0.0,0.014087204110944185,0.0
COL6A3_CD44,0.3694747853833376,0.010428153564291626,0.0014346477973276907,0.00902906728359944,0.005712276419441326,0.004573566932596951,0.005195210680733062,0.0,0.005227906974439913,0.04096096541183646,0.10627202652014416,0.00907224927424403
COL1A2_SDC1,0.0,0.0,0.0,0.7160882824870906,0.0,0.0,0.0,0.0,0.0,0.0,0.0,0.0
COL1A1_SDC1,0.0,0.0,0.0,0.5831733050939455,0.0,0.0,0.0,0.0,0.02614602021106849,0.0,0.0,0.0
LAMC3_CD44,0.13191903412232864,0.0,0.02161682126100465,0.009631154175446457,0.0,0.0,0.005383287614096391,0.014737740145300163,0.018932780259763,0.02962906916033331,0.08410273676432918,0.04425382507459713
LAMC2_CD44,0.021691078410371576,0.0,0.006816581783571749,0.016479925930665686,0.0035542280743352467,0.0,0.020042256672989783,0.0,0.023514680906546324,0.0010984512297473213,0.05307327471811111,0.0012575406661693282
LAMC1_CD44,0.27859070582295076,0.0027267013268414764,0.011869217068366168,0.0,0.013075307367437186,0.0,0.0,0.012994604251261414,0.020210930022140108,0.0540467820796865,0.044116620556509056,0.030904899041010497
LAMB3_CD44,0.11601236764278287,0.0,0.021464142776289035,0.0485976108523555,0.0,0.0,0.031083390856160093,0.0,0.0631263406479867,0.0,0.13449533363358612,0.0050294918315098094
LAMB2_CD44,0.42615566942898503,0.0,0.018161856945401202,0.0021433704748556656,0.0023081406960365207,0.0,0.0007652769928503785,0.007088863675737669,0.006938044938201267,0.004144747214938971,0.11254079201860576,0.028144001084853272
LAMB1_CD44,0.16203490774057533,5.5379557694308275e-05,0.001302242398655862,0.0,0.0,0.008192386366658182,0.0,0.0,0.0023152624536708303,0.031884783853602904,0.040058588833442994,0.022682534857285566
COL4A1_SDC1,0.005005861078908712,0.007807902191343278,0.012945025214623119,0.22322500097112138,0.0002776249614189172,0.0037358211753071037,0.0,0.011713637320091128,0.0,0.0,0.04387740057303068,0.015684412945952343
LAMA5_CD44,0.18963220545841394,0.0008954928357221613,0.006198742498530908,0.004155721209237574,0.0,0.0,0.0,0.004244173931174979,0.03000840734766586,0.023131034064239563,0.09597910541664398,0.03236042152651058
LAMA3_CD44,0.0685798206313311,0.0016182664320068922,0.0084632731278034,0.018893581563478225,0.0,0.0,0.008624691464424884,0.0,0.013958508839787753,0.0,0.04496112800185309,0.004392519299518076
LAMA2_CD44,0.13657322554984933,0.0,0.01146598554334321,0.004193361558181717,0.0,0.0,0.01180093940401989,0.0,0.013964409867823354,0.018441451272872573,0.016736609684724037,0.026941316559121287
LAMA1_CD44,0.0028422633411882437,0.0,0.005262615250294858,0.0,0.0,0.0,0.0012518241052263217,0.002225330369752992,0.001591695041247248,0.0017384342544839104,0.012917298923223516,0.0033637314005963135
COL9A3_CD44,0.010895389782792243,0.0010890101944047107,0.005502730091084249,0.0059143770755427,0.001428992904441772,0.0018807581292713928,0.0087040755572304,0.0,0.009246014829367702,0.011844338797029076,0.03582802665408909,0.009663567993112918
COL9A2_CD44,0.003902000780971286,0.0,0.019017981258056815,0.012761249492518705,0.0,0.0,0.013886435800988145,0.0023108079705624032,0.024473561335545718,0.0,0.0638371472166021,0.008527546918878578
COL9A1_CD44,0.0,0.0,0.0,0.0,0.0,0.0,0.0,0.0,0.0,0.0,0.0,0.0
COL6A6_CD44,0.011367589150046908,0.0005516199145317799,0.0,0.0022301110938877256,0.0,0.0006219294904659384,0.004547949538857871,0.0,0.0014843540073748956,0.004227533548114185,0.010652650344996692,0.006714754586260733
COL6A5_CD44,0.0044827390538535235,4.559300471537076e-05,0.0,0.001004712646986046,0.000463783683620805,0.0,0.0020326077293735464,0.0,0.0023290397890998876,0.0,0.01996984688688845,0.0
LAMA4_CD44,0.2611283394016663,0.00496782215930121,0.010651753506274125,0.0,0.021005794941305504,0.0,0.0,0.009982384001550874,0.0011997750092377299,0.0505338660732467,0.05680719219625879,0.0359362433799092
TNC_SDC4,0.0,0.0,0.25116366559866227,0.012127200124701969,0.018646699674701214,0.0,0.012568129422518668,0.0013768932256378185,0.028488913017231967,0.0,0.022655871288313877,0.006856486139224127
LAMB3_DAG1,0.0,0.0,0.001832345579598818,0.011533106238715514,0.0,0.0,0.0,0.0,0.02161043935098599,0.0,0.01392288082694995,0.15351014725313977
TNN_SDC4,0.0,0.0,0.008505103831005474,0.005486642693132742,0.0,0.0,0.004621402654583562,0.0,0.007517797971033129,0.0,0.0026183271839075764,0.0
COL9A2_GP6,0.0,0.0,0.0,0.0,0.0,0.0,0.0,0.0,0.0,0.0,0.0,0.0
COL6A3_GP6,0.0,0.0,0.0,0.0,0.0,0.0,0.0,0.0,0.0,0.0,0.0,0.0
COL6A2_GP6,0.0,0.0,0.0,0.0,0.0,0.0,0.0,0.0,0.0,0.0,0.0,0.0
COL6A1_GP6,0.0,0.0,0.0,0.0,0.0,0.0,0.0,0.0,0.0,0.0,0.0,0.0
COL4A2_GP6,0.0,0.0,0.0,0.0,0.0,0.0,0.0,0.0,0.0,0.0,0.0,0.0
COL4A1_GP6,0.0,0.0,0.0,0.0,0.0,0.0,0.0,0.0,0.0,0.0,0.0,0.0
COL1A2_GP6,0.0,0.0,0.0,0.0,0.0,0.0,0.0,0.0,0.0,0.0,0.0,0.0
COL1A1_GP6,0.0,0.0,0.0,0.0,0.0,0.0,0.0,0.0,0.0,0.0,0.0,0.0
VWF_GP1BA_GP1BB_GP5_GP9,0.0,0.0,0.0,0.0,0.0,0.0,0.0,0.0,0.0,0.0,0.0,0.0
COL9A3_GP6,0.0,0.0,0.0,0.0,0.0,0.0,0.0,0.0,0.0,0.0,0.0,0.0
THBS1_CD47,0.006657048997865919,0.0,0.0063947495398304355,0.013467516862164455,0.0017623234662030754,0.0029470820914549428,0.0,0.008046899182173045,0.013636181176932893,0.04548003292532766,0.05253034906344646,0.0
THBS2_CD47,0.019834780536832006,0.0,0.00577045699724022,0.033450045367652746,0.0,0.007079659880795258,0.017531283138771708,0.0,0.022635389501746442,0.0472010346637565,0.0588976331490369,0.0
THBS3_CD47,0.0046864055791746165,0.0,0.0,0.004228388169407263,0.004092022932947255,0.0015958580001612325,0.002369002451071791,0.002426131434259944,0.008738270687250256,0.0169370587889095,0.044182550130590255,0.0
LAMA3_ITGA6_ITGB4,0.0,0.0,0.0,0.0,0.0,8.709110032406492e-05,0.007367473727316913,0.0,0.00832395667173721,0.0,0.04605622106718095,0.0
RELN_VLDLR,0.0,0.0008355994810908562,0.0,0.0,0.00014832923327612934,0.00020093291571589603,0.0,0.0012430711543622408,0.0012344596369274856,0.0010516554676927796,0.0005458609874502957,0.0031828946448085134
LAMC3_DAG1,0.0,0.0,0.008614685733369773,0.0,0.0,0.002312133736970579,0.004837816276979946,0.005676071192799858,0.009891070664856966,0.004424733510146084,0.014566929900084477,0.19136884588245195
LAMC2_DAG1,0.0,0.0,0.0,0.0060490189512873395,0.0,0.0030196133077517724,0.006179590363031942,0.0,0.011367239649634871,0.0,0.02020695653308713,0.037122930456717655
LAMC1_DAG1,0.0,0.0,0.0,0.0,0.0,0.004784747317432365,0.0,0.005279024697458017,0.00585548662061741,0.009871895397565094,0.0,0.2833236349945027
LAMB2_DAG1,0.0,0.0,0.0,0.0,0.0,0.0,0.0,0.0031445916639645474,0.0,0.0,0.0,0.5267308493357932
COMP_CD36,0.10122671522518333,0.0,0.01090958230215824,0.05703947305059686,0.0,0.012569897026017266,0.0,0.0,0.0,0.0,0.13333954568722878,0.01814291064268785
LAMB1_DAG1,0.0,0.007449425573510562,0.0,0.0,0.0,0.012822735656245973,0.005618070349149004,0.00048557609753996123,0.0009834248154859955,0.01849806173385504,0.013731190219410872,0.1706990985585994
LAMA4_DAG1,0.0,0.010477790719874619,0.0,0.0,0.00495591248000014,0.005697668120394995,0.0,0.009695881149393744,0.0,0.025665903453650222,0.0,0.2602240146986933
LAMA3_DAG1,0.0,0.0,0.0,0.005159857879230244,0.0,0.0,0.004021111035115034,0.0,0.010996368172462086,0.0,0.02212117368211246,0.06966007522073064
LAMA2_DAG1,0.0015254857301625305,0.0023040744911380384,0.0,1.4082319525592337e-05,0.0,0.00500802048078081,0.0097333165837506,0.0,0.010186285933442457,0.013187341887192916,0.0025239075220362486,0.13810708406475186
LAMA1_DAG1,0.0,0.0,0.0013949030787322497,0.0,0.0,0.0002844529045436167,0.0003028097448641394,0.0012251780551852244,0.00011230054619701323,0.0,0.0038732380418248042,0.008902358790076049
HSPG2_DAG1,0.0005605645503902167,0.0,0.0,0.0,0.0005949006009714796,0.004363200424628908,0.0,4.041401256326577e-05,0.0,0.0,0.0,0.5051776212752398
AGRN_DAG1,0.0,0.0,0.0,0.004861802458101257,0.0,0.01091023969296076,0.003677726434447943,0.0,0.01791797226231887,0.0,0.021172789755949734,0.21557947551379814
COMP_CD47,0.038009316469093196,0.0,0.0,0.02492100096303206,0.0,0.008581510235608757,0.0,0.0,0.0,0.035418374610102395,0.08073556363246433,0.0
THBS4_CD47,0.0,0.0,0.0017582420996305188,0.002030318399956982,0.0,0.0,0.0022203089692070283,0.00016986114382984893,0.003182973343648828,0.0040610259879121004,0.008801834458968753,0.0
LAMA5_DAG1,0.0,0.001171612983477179,0.0,0.0,0.0,0.0009635381422308538,0.0007262776340772797,0.0,0.02057640793321725,0.0,0.03410700604835478,0.27620439935249014
THBS4_CD36,0.0,0.001262685137781899,0.005624556646043341,0.0034458478813351036,0.0010614564185374316,0.0009521024033568082,0.0014823102243058212,0.0,0.0008442191447573257,0.00041481162393478357,0.010149820520229511,0.0
THBS3_CD36,0.02074487169376099,0.0,0.010881072238821626,0.007625300091380799,0.002247798922250554,0.001563570117154849,0.002685392283147627,0.0,0.004492477053214861,0.006643679643274957,0.03911566940031763,0.010543212855473409
THBS2_CD36,0.05518789743846637,0.0,0.022219195229188703,0.02367596103563419,0.0,0.0,0.009264545369198754,0.0,0.0011677110880503995,0.0011136955456935555,0.04366048599189519,0.03542790827050966
LAMA1_SV2B,0.0,0.0,0.0,0.0,0.0,0.0,0.0,0.0,0.0,0.0,0.0,0.0
LAMC3_SV2A,0.0,2.0089558487274697e-05,0.0029175499716444712,0.0,0.0,0.0,0.0,0.0,0.0,0.00037878256558207556,0.000877058989935385,0.0006448284150831761
LAMC2_SV2A,0.00022923474867858555,0.0001745136188981355,0.0006653983763641782,2.3162480172064297e-05,0.0,0.0,0.00028983347647035793,0.0,0.0,0.0,0.00038742344906041566,0.0
LAMC1_SV2A,0.0015601321381027429,9.072227427176122e-05,0.004245052888398217,0.0,0.0,0.0,0.0,0.0,0.0,0.0023694816022467643,0.001682460454764965,8.551512466217389e-05
LAMB3_SV2A,0.0,0.0005577427300072405,0.0029853086950700092,0.0,0.0,0.0,0.0004151083307802897,0.0,0.0,7.917465247937204e-05,0.0018659975763977849,0.00011287437006470291
LAMB2_SV2A,0.0017561338995027817,0.0003227717801044028,0.007111130577474784,0.0,0.0,0.0,0.0,0.0,0.0,0.0032258820146300366,0.006392394301332016,0.0
LAMB1_SV2A,0.0,8.936005866779221e-05,0.00142575192675447,0.0,4.150510933237806e-06,0.0,0.0,0.0,0.0,0.0013140453611877468,0.00160838206003809,0.0
LAMA5_SV2A,0.0015499699737004892,0.00011357320645025749,0.0019201915128355244,0.0,8.416432191052204e-05,0.0,0.0,0.0,0.0,0.0006780979229201787,0.003150443756436732,0.0
LAMA2_SV2B,0.00032987334888373576,0.002108553884318876,0.0,0.0,0.0,0.0,0.0,0.00010538739748602544,0.0015743622067839929,0.0009172113991696987,1.9337996087832882e-07,0.0
LAMA4_SV2A,0.0008638286797827414,0.00018496890114113562,0.002057164860552385,0.0,0.0,0.0,0.0,0.0,0.0,0.0015865833086234004,0.0018926255924908743,0.0
COMP_SDC4,0.0,0.003577992669245595,0.23632278039080418,0.03509259800137735,0.0,0.006781093000757583,0.017330764042565342,0.0,0.0,0.0,0.020847566449476978,0.0
THBS4_SDC4,0.0,0.0,0.02472077108696944,0.004808184150944927,0.00010743484171539454,0.0,0.0047639850722695195,0.0,0.005518106780825264,0.0,0.012939651307973364,0.0
THBS3_SDC4,0.0,0.004925095231612534,0.07540998254552596,0.002713663997681644,0.00034897160596942574,0.0048580214337037115,0.0058278051541665885,0.004137446845695683,0.010352772394847084,0.0,0.02650284320912063,0.006393408662472623
THBS2_SDC4,0.0,0.0,0.2204867426385259,0.05156847766327748,0.0,0.0,0.035939831554577605,0.0,0.06790356301827533,0.0,0.0,0.0
THBS1_SDC4,0.0,0.0,0.1700504392894758,0.00628506737731045,0.01101311910594935,0.0,0.009262015011742647,0.009892606651174744,0.025195911346775037,0.0,0.012008629844309502,0.0
TNXB_SDC4,0.005515966085176495,0.01289368582967273,0.37993592553325484,0.0,0.010237661039853149,0.003376833085060335,0.0,0.02098832182645918,0.0,0.0079079921152824,0.0,0.024256029300432077
LAMA3_SV2A,0.00045612225556511854,0.00011272736626830688,0.0006943388113690984,0.0,0.0,0.0,0.0002021381951283473,0.0,0.0,9.844640524434338e-05,0.0005800920508305158,0.0
TNR_SDC4,0.0,0.0,0.0,0.0,0.0,0.0,0.0,0.0,0.0,0.0,0.0,0.0
LAMA3_SV2B,0.00042164199860307013,0.0011393044034711227,0.00026403791115656785,0.0,0.0,0.0,0.00014167253518125944,0.0010173418869760902,0.0011354932290167494,0.0003005302626301905,0.0,0.0
LAMA5_SV2B,8.569382866923778e-07,0.00470347940300624,0.0,0.0,0.0,0.0,0.0002119657710939351,0.00203752296089282,0.004269248364704301,0.002546335908880676,0.0005300745459711775,0.0
THBS1_CD36,0.03489486634113674,0.0,0.019178894804105024,0.010241089624200993,0.002674568242249963,0.0,0.0,0.0,0.0,0.004670432315631865,0.044476364557362556,0.021810818117984028
LAMC3_SV2C,0.0,0.0,0.0,0.0,0.0,0.0,0.0,0.0,0.0,0.0,0.0,0.0
LAMC2_SV2C,0.0,0.0,0.0,0.0,0.0,0.0,0.0,0.0,0.0,0.0,0.0,0.0
LAMC1_SV2C,0.0,0.0,0.0,0.0,0.0,0.0,0.0,0.0,0.0,0.0,0.0,0.0
LAMB3_SV2C,0.0,0.0,0.0,0.0,0.0,0.0,0.0,0.0,0.0,0.0,0.0,0.0
LAMB2_SV2C,0.0,0.0,0.0,0.0,0.0,0.0,0.0,0.0,0.0,0.0,0.0,0.0
LAMB1_SV2C,0.0,0.0,0.0,0.0,0.0,0.0,0.0,0.0,0.0,0.0,0.0,0.0
LAMA5_SV2C,0.0,0.0,0.0,0.0,0.0,0.0,0.0,0.0,0.0,0.0,0.0,0.0
LAMA4_SV2B,0.0002942762629579306,0.002995548966303203,0.00022368266206987853,0.0,0.0,0.0,7.224757699983645e-05,0.0009190687039768772,0.003457919310818358,0.002088234356492399,0.0005740265580465633,0.0
LAMA4_SV2C,0.0,0.0,0.0,0.0,0.0,0.0,0.0,0.0,0.0,0.0,0.0,0.0
LAMC3_SV2B,0.0,0.0020530320311555332,0.0,0.0,0.0,0.0,0.0002515956006245926,0.0013049060081458115,0.0027881027037436183,0.0017356056753607299,0.0005140113648749118,0.0
LAMC2_SV2B,0.0,0.00038675326604060224,0.0,0.0,3.88468853956678e-05,0.0,0.0,0.0002693569840739351,0.0009567105559345599,0.0003341834428352762,0.00013098490338439654,0.0
LAMC1_SV2B,0.0,0.005418720688629099,0.0,0.0,0.0,0.0,0.00012383500696217745,0.002113708726863601,0.006746866443392204,0.004364186031396283,0.0012354282137246476,0.0
LAMB3_SV2B,0.0,0.002512798310291699,0.0,0.0,0.0,0.0,0.00018942001422323914,0.0013162262090786892,0.003445413753214682,0.001559127736743758,0.0006202154955098294,0.0
LAMB2_SV2B,0.0025679962635167804,0.009807537739220893,0.0003500482684648685,0.0,0.0,0.0,4.794198832758427e-05,0.0032062937903938266,0.00929465595262297,0.004521901688512473,0.0003798928496101745,0.0
LAMB1_SV2B,0.0,0.0031468293913620962,0.0,0.0,0.0,0.0,0.00019371333333555372,0.0010339999074453063,0.003292849466930053,0.002153931875585241,0.0005574830615013082,0.0
LAMA3_SV2C,0.0,0.0,0.0,0.0,0.0,0.0,0.0,0.0,0.0,0.0,0.0,0.0
LAMA2_ITGA6_ITGB4,0.002501711441349833,0.0,0.0,0.0,0.0009757705024687653,0.0,0.002146928280744883,0.008118530086383611,0.0032739685703017042,0.003118268306868219,0.058055609388196344,0.0
COL4A5_ITGAV_ITGB8,0.0,0.0,0.0,0.0,0.0,0.0,0.0007531242022620658,0.0,0.01540591063451429,0.0,0.0011478711073953133,0.0
COL9A3_ITGAV_ITGB8,0.0,0.0,0.0002222797465153727,0.0,0.0001947005705909997,0.0,0.00023517288883193716,9.12549263985444e-05,0.009842396736435796,0.0,0.0004265479663295238,0.0
COL6A5_ITGA3_ITGB1,0.0,0.0028279699632738553,0.0,0.00016452000484407716,0.0,3.685276026265503e-05,0.0011666861443059649,0.0,0.0,0.0,0.003613703840561785,0.0
COL6A3_ITGA3_ITGB1,0.0,0.24501496580868878,0.0,0.0,0.003926818320280729,0.0,0.0,0.00968878492390738,0.0,0.01221969493177699,0.0019308152566161053,0.00028506498744267463
COL6A2_ITGA3_ITGB1,0.0,0.49621525078960044,0.0,0.0,0.0,0.003901386498225238,0.0,0.00028954726138052456,0.0,0.0,0.0,0.0
COL6A1_ITGA3_ITGB1,0.0,0.4173385000740644,0.001985155830278293,0.0,0.0,0.0,0.0021174979819712,0.0,0.0019491731568341824,0.0,0.009773571771462096,0.0
COL4A6_ITGA3_ITGB1,0.0,0.011760579897022859,0.0,0.000737846284082494,0.0,0.00016883939208037693,0.0036814170420071813,0.0,0.001524353461562472,0.0,0.007695943164799985,0.0
COL4A5_ITGA3_ITGB1,0.0,0.025207587143195005,0.0,0.001181059714488876,0.0013812004016821836,0.001678762398456547,0.003559309829304755,0.0007841307111079082,0.001446548631730583,0.0,0.0064010572363269016,0.0
COL1A1_ITGA1_ITGB1,0.0027842284621642597,0.0,0.0,0.0,0.5651790645636869,0.0018824777121589874,0.0,0.0,0.0,0.0,0.0,0.0
COL1A2_ITGA1_ITGB1,0.0,0.0,0.0,0.0,0.6450537623575063,0.0,0.0,0.0,0.0,0.0,0.0,0.0
COL2A1_ITGA1_ITGB1,0.0,0.0,0.0,0.0,0.0,0.0,0.0,0.0,0.0,0.0,0.0,0.0
COL4A1_ITGA1_ITGB1,0.0,0.0014858954085820884,0.0,0.0,0.20016706258655678,0.0,0.0,0.002692686983003357,0.0014768034246135675,0.0027576699114252035,0.006962493515433857,0.0
COL4A2_ITGA1_ITGB1,0.0,0.005198517739035931,0.0,0.0,0.268412926933303,0.0,0.00048472757808632193,0.004764442938675532,0.0008746685818996297,0.008093986678768214,0.010613042771168455,0.0
COL4A3_ITGA1_ITGB1,0.0,0.0,0.0,0.0,0.0,0.0,0.0,0.0,0.0,0.0,0.0,0.0
COL4A4_ITGA1_ITGB1,0.0,0.0,0.0,0.0,0.0,0.0,0.0,0.0,0.0,0.0,0.0,0.0
COL4A5_ITGA1_ITGB1,0.0,1.261484785800817e-05,0.0,0.0,0.02460190732967677,0.0,0.00046188485886336327,0.0007739002876430816,0.0007871799372144225,0.0014081027138409614,0.0,0.0
COL4A6_ITGA1_ITGB1,0.0,0.0,0.0,0.0,0.010035908298238477,0.0,0.001189244285560942,0.0,0.0008441911236808176,0.0,0.002322771383723785,0.0
COL6A1_ITGA1_ITGB1,0.0,0.0,0.0,0.0,0.4341687847138755,0.0020879003674291966,0.003433761146049983,0.0,0.00028065680583579263,0.0,0.003167657240290086,0.0
COL6A2_ITGA1_ITGB1,0.0,0.0,0.0,0.0,0.52045190736579,0.0,0.0,0.0,0.0,0.0,0.0,0.0
COL6A3_ITGA1_ITGB1,0.0,0.002104164251248882,0.0,0.0,0.23653829471453336,0.0,0.006785798794295892,0.0032718109169492344,0.004294154918462292,0.0007346332698906804,0.01692067016916448,0.0
COL6A5_ITGA1_ITGB1,0.00024732387737511866,0.0,0.0,0.0,0.0025162916919426416,0.0,0.0006553167094349673,0.0,0.0,0.0,0.0012464396879696463,0.0
COL6A6_ITGA1_ITGB1,0.0,0.0,0.0,0.0,0.003683661490627527,0.00024263025422271845,0.0006930010914058145,0.0,0.0,0.0,4.074121283918794e-05,0.0008819313218571482
COL9A1_ITGA1_ITGB1,0.0,0.0,0.0,0.0,0.0,0.0,0.0,0.0,0.0,0.0,0.0,0.0
COL9A2_ITGA1_ITGB1,0.0,0.0,0.0,0.00010751838642840076,0.011993335670808002,0.0,0.003117496863349363,0.001970261577926614,0.0013094432029413772,0.0,0.004054918902918516,0.0
COL9A3_ITGA1_ITGB1,0.0,0.0,0.0,0.0,0.013744083443867482,0.0,6.953559334418393e-05,0.0028264268072993523,0.00106553055777731,0.002412864223043523,0.0,0.00038491484832089826
COL1A1_ITGA2_ITGB1,0.0,0.0,0.0,0.0,0.0,0.0,0.5391920284536952,0.0,0.0,0.0,0.0,0.0
COL1A2_ITGA2_ITGB1,0.0,0.0,0.0,0.0,0.0,0.0,0.5917059578901575,0.0,0.0,0.0,0.0,0.0
COL2A1_ITGA2_ITGB1,0.0,0.0,0.0,0.0,0.0,0.0,0.0,0.0,0.0,0.0,0.0,0.0
COL4A1_ITGA2_ITGB1,0.0,0.00036776832903416583,0.0,0.0,0.0,3.023735708094546e-05,0.1465251548808597,0.003540937892204632,0.0,0.0022526179347582237,0.0021707093855320592,0.0
COL6A6_ITGA3_ITGB1,0.0,0.005184223671944992,0.0,4.71776465058472e-05,0.0,0.0,0.00044347516594242574,0.0,0.0,0.0007586368494221911,0.001825275764877794,0.00015417028709173325
COL9A1_ITGA3_ITGB1,0.0,0.0,0.0,0.0,0.0,0.0,0.0,0.0,0.0,0.0,0.0,0.0
COL9A2_ITGA3_ITGB1,0.0,0.012997006236336992,0.0012188681927935425,0.0004897069541853914,0.0,0.0005796016129610719,0.002049057107358075,0.0013276622841222876,0.003432456821711168,0.0,0.016023330645370766,0.0
COL9A3_ITGA3_ITGB1,0.0,0.012805794656967734,0.0006296871608903753,0.0,0.0011698206159986054,0.0,0.00018419808576844012,0.003216929146025071,0.0010302925586269565,0.0017922625216098,0.006129779387802212,0.0013540789319105102
NPNT1_ITGA8_ITGB1,0.0,0.0,0.0,0.0,0.0,0.0,0.0,0.0,0.0,0.0,0.0,0.0
TNXB_ITGA8_ITGB1,0.0,0.01706779509614385,0.0,0.0,0.012442017076600398,0.04969535278571881,0.0,0.006610829025240777,0.0,0.09150586631098255,0.0,0.012346008994194307
TNN_ITGA8_ITGB1,0.0,0.0,0.0,0.0,0.0,0.0,0.0,0.0,0.0,0.0,0.0,0.0
TNR_ITGA8_ITGB1,0.0,0.0,0.0,0.0,0.0,0.0,0.0,0.0,0.0,0.0,0.0,0.0
TNC_ITGA8_ITGB1,0.0,0.014809782333671322,0.0,0.0,0.01105045063048683,0.033261294578731136,0.0,0.0089535842102182,0.0,0.059274891591179865,0.0,0.0012318466212414888
VTN_ITGA8_ITGB1,0.0,0.0,0.0,0.0,0.0,0.0,0.0,0.0,0.0,0.0,0.0,0.0
LAMC3_ITGA7_ITGB1,0.0,0.006295009071545379,0.0,0.0,0.01917518414986724,0.0039029550358728867,0.0011806877797425504,0.01278637194087962,0.006603341273836187,0.07730414150029152,0.022093888622844338,0.0
LAMC2_ITGA7_ITGB1,0.0,0.0035456655694641524,0.0,0.0,0.005843703034681956,0.0023194213534688314,0.0028271588011037625,0.0010635732719182956,0.0032914187327694714,0.01281016475749922,0.00953792802723502,0.0
LAMC1_ITGA7_ITGB1,0.0,0.017643975645830267,0.0,0.0,0.04947467028110097,0.0056263728554134,0.0,0.03460106151446356,0.015121846810866132,0.15644780891175325,0.014690983053137733,0.0
LAMB3_ITGA7_ITGB1,0.0,0.01530963433840628,0.0,0.0025714622023318345,0.022209222343374267,0.011601135118461475,0.011617585758059983,0.010346166706729144,0.01143605754372552,0.047680311507526205,0.03635765880127114,0.0
LAMB2_ITGA7_ITGB1,0.0,0.023447346393162635,0.0,0.0,0.07125526405711945,0.017465300280848882,0.023679866201786803,0.037455919811843,0.009983103747739544,0.2233998127358716,0.026564428415414825,0.0
LAMB1_ITGA7_ITGB1,0.0,0.011857289408984962,0.0,0.0,0.018343810110072658,0.010181540354280105,0.009596912563264764,0.006605127158081443,0.005760431643991506,0.07412757701937836,0.02219985421412698,0.0
LAMA5_ITGA7_ITGB1,0.0,0.017091912559120768,0.0,0.0,0.02943045874970302,0.012968860685368629,0.009140366081745137,0.014009547406801484,0.009649423976130512,0.09524458157093696,0.03091961716740465,0.0
COL4A2_ITGA2_ITGB1,0.0,0.0,0.0,0.0,0.0,0.0016594379439609066,0.1984043433940089,0.002840593772222954,0.0,0.005661684692618264,0.0012547612865834398,0.0
LAMA4_ITGA7_ITGB1,0.0,0.011588770953040334,0.0,0.0,0.04017182764062319,0.0024078282548895694,0.0,0.030988210380339894,0.0028108685097160795,0.12538030203271916,0.012523957962655126,0.0
LAMA2_ITGA7_ITGB1,0.0,0.003151124334661557,0.0,0.0,0.014116660909759386,0.003340037467483574,0.009501290697598797,0.008494138293201732,0.005199916931265777,0.058579485982889465,0.007389854239796083,0.0
LAMA1_ITGA7_ITGB1,0.0,0.000548932394809294,4.1183451700601614e-05,0.0,0.001039727149961276,0.00018188119113033343,0.0,0.0014141773218297644,0.000939694467301002,0.0039733918168465485,0.0013599648412336797,0.0
LAMC3_ITGA6_ITGB1,0.0,0.0018806934070567521,0.0,0.0,0.007937166762673083,0.0,0.004743094328324105,0.0288160923025865,0.007115636675488113,0.004700434292828225,0.08077002491690252,0.0
LAMC2_ITGA6_ITGB1,0.0,0.000736315945713457,0.0,0.0,0.0043852396303692255,0.0,0.009116791132546284,0.002310244410476669,0.0063169964548948025,0.0,0.02467675715032126,0.0
LAMC1_ITGA6_ITGB1,0.0,0.008635872067637274,0.0,0.0,0.02157131904792072,0.0,0.0,0.04607819829151753,0.0030802704500304113,0.02145646651063363,0.11570062299718367,0.0
LAMB3_ITGA6_ITGB1,0.0,0.001225890313155549,0.0,0.0,0.009012614471265813,0.0,0.011051541088113489,0.017353029121451258,0.016515667654802554,0.0,0.06835614568748974,0.0
LAMB2_ITGA6_ITGB1,0.0,0.008242169119586062,0.0,0.0,0.033863290322448066,0.0,0.00677682849536129,0.06638946954289181,0.003437515153786007,0.013866047806106981,0.23773948680506626,0.0
LAMB1_ITGA6_ITGB1,0.0,0.0015877900240151286,0.0,0.0,0.0050771466854683525,0.0,0.002559315741758057,0.021099535455441656,0.0011349655750501934,0.012500349331949531,0.06746578495791851,0.0
LAMA5_ITGA6_ITGB1,0.0,0.005123610437167468,0.0,0.0,0.01230578523508481,0.0,0.009907338769106017,0.028902993859206756,0.009849521793511888,0.0062297201662912674,0.10428347800629474,0.0
LAMA4_ITGA6_ITGB1,0.0,0.005927784783461109,0.0,0.0,0.015332778927373891,0.0,0.0,0.035043831008651494,0.0,0.01586667953535222,0.0954145705944246,0.0
LAMA3_ITGA6_ITGB1,0.0,0.002380241833457649,0.0,0.0,0.005236778265935597,0.0,0.01033320095633016,0.002570661460586537,0.0062491519387980355,0.0,0.03840487587347371,0.0
LAMA2_ITGA6_ITGB1,0.002614020838721275,0.0013405611565437568,0.0,0.0,0.006235938433873802,0.0,0.005636860474038406,0.012141350144020603,0.003675369764911461,0.00844381794710671,0.048065966967889326,0.0
LAMA1_ITGA6_ITGB1,0.0,0.00018335527973103058,0.0001647645443541127,0.0,0.0005593825846155814,0.0,0.0,0.0017077293984206665,0.0006271456702073391,0.00019351347947983306,0.005710365076835262,7.319381969642025e-05
LAMA3_ITGA7_ITGB1,0.0,0.008520087243923046,0.0,0.0,0.006782054989148089,0.003855845543825172,0.007179760724714616,0.002491524148117766,0.004328247600781824,0.016520870629917684,0.01749787418306051,0.0
COL4A3_ITGA2_ITGB1,0.0,0.0,0.0,0.0,0.0,0.0,0.0,0.0,0.0,0.0,0.0,0.0
COL4A4_ITGA2_ITGB1,0.0,0.0,0.0,0.0,0.0,0.0,0.0,0.0,0.0,0.0,0.0,0.0
COL4A5_ITGA2_ITGB1,0.0,0.0,0.0,0.0005615298793522204,0.0,0.0,0.020866520427532866,0.0,0.001057397323012598,0.0,3.1292720624504504e-05,0.0002799411943820904
LAMC2_ITGA2_ITGB1,0.0,0.0,0.0,0.0004226204764994254,0.0,0.00037158920957915494,0.0288865485448276,0.0,0.0015971102007296932,0.0,0.00248463847078802,0.0
LAMC3_ITGA2_ITGB1,0.0,0.0,0.0,0.0,0.0,0.0005858662310956272,0.06735906008396889,0.0012942714856516012,0.0018064552542295343,0.0008399298415274856,0.0014517741319882195,0.0
CHAD_ITGA2_ITGB1,0.0,0.0,0.00017349541514854474,0.0,0.0,0.0,0.003713667217245602,0.0010693155490307815,0.0008661372413779076,0.0,0.0,0.0
LAMA1_ITGA3_ITGB1,0.0,0.0028715773473041812,0.0006504890523904664,0.0,0.0005967661098907885,0.0,0.0001793634897703024,0.0013380321820412099,0.0007900486809062347,0.0,0.0030170242220490303,0.00034301742534751024
LAMA2_ITGA3_ITGB1,0.0,0.05522255252985794,0.0,0.0003691632193018486,0.003726892577007553,0.0,0.004711918679294163,0.0024299197726652985,0.0,0.005479136334613192,0.008552926892457185,0.0031600648573166697
LAMA3_ITGA3_ITGB1,0.0,0.037985820060189406,0.0,0.0011996950209167622,0.0,0.0011292641396714207,0.0077547702019095605,0.0,0.005079972723841516,0.0,0.017567412612457905,0.0
LAMA4_ITGA3_ITGB1,0.0,0.13596757289254616,0.0,0.0,0.006725394005201531,0.0,0.0,0.013088021880598205,0.0,0.010131138394963149,0.0042100365771064446,0.011121864593158679
LAMA5_ITGA3_ITGB1,0.0,0.13029333077637625,0.0,0.0,0.006380242607855113,0.0013889649020566086,0.0073840965360045105,0.002808109018328104,0.005024558743417573,0.0,0.03385923069323271,0.0
LAMB1_ITGA3_ITGB1,0.0,0.08565938561069075,0.0,0.0,0.0023419875277357763,0.003933145306320935,0.005247260077949814,0.0015018600009540023,0.0034552985401249173,0.008020201159620734,0.020193564272193883,0.001030006167794124
LAMB2_ITGA3_ITGB1,0.0,0.24771116906051802,0.0010603615035545703,0.0,0.00948382912874564,0.0,0.0,0.007240921791048354,0.0,0.0,0.0,0.0007987858736684297
LAMB3_ITGA3_ITGB1,0.0,0.08474714440798642,0.001442855567627474,0.0001817233861614753,0.0012186995846136122,0.0,0.010885530873402546,0.0006279326954097961,0.005149345116317472,0.0,0.03818477695108446,0.0
LAMC1_ITGA3_ITGB1,0.0,0.18079647346687536,0.0009146412431284377,0.0,0.013262799051503819,0.0,0.0,0.01912858152184155,0.003628372083610423,0.01546350531994832,0.007623899812855021,0.0032497303314531776
LAMA1_ITGA6_ITGB4,0.0,0.0,0.0006246938512768699,0.0,0.0,0.0,0.0,0.0011304827439520154,0.0005714112794081224,0.0,0.006858091154038462,0.0002752991108613716
LAMC1_ITGA2_ITGB1,0.0,0.0007955573675573661,0.0,0.0,0.0,0.0,0.12386836179310015,0.0026086861075677306,0.0,0.0024376600613589578,0.0,0.0
LAMC2_ITGA3_ITGB1,0.0,0.018192883560312106,0.0,0.001467975053849617,0.0006175450511609074,1.6997632684595906e-05,0.007401180119274065,0.00033585191878468366,0.003113790899367814,0.0,0.016008192680018137,0.0
RELN_ITGA3_ITGB1,0.0,0.014699011990858766,0.0004208636125890049,0.0,0.0017273560911658882,0.0,1.9353294002208866e-05,0.003751385176450199,0.0007128020550104872,0.0010361541818549322,0.002892594011715346,0.002116757068504733
THBS1_ITGA3_ITGB1,0.0,0.12175213398408477,0.00501978161083668,0.00020735862422434202,0.006385993542275657,0.0,0.0,0.011379657862330878,0.0055196039219707945,0.0023869821654103245,0.011704967867088396,0.0
THBS2_ITGA3_ITGB1,0.0,0.16125696142954227,0.0,0.013273485878182518,0.0,0.0009680748195514908,0.01316244828125766,0.0,0.009719368242036185,0.0,0.00024058939029428047,0.0
THBS3_ITGA3_ITGB1,0.0,0.05660903918344829,0.0008136926570636589,0.0002609211979267527,0.0004044303052370318,0.0,0.0038137440214812517,0.003159570084516208,0.004884755643974085,2.0360938974028645e-05,0.017015994637176204,0.0
THBS4_ITGA3_ITGB1,0.0,0.012124990070374686,0.0006341485739882295,0.0009209239330503267,0.0006195152199181431,0.0,0.0024745876018855855,0.0,0.0013453522025676328,0.0,0.004972469425549883,0.0
COMP_ITGA3_ITGB1,0.0,0.26698985736348135,0.0,0.004228684423890847,0.0,0.007249185677043013,0.018476041388419157,0.0,0.0,0.0,0.047967532422593794,0.0
COL1A1_ITGA3_ITGB1,0.008749900463706934,0.5133406148210213,0.0,0.0,0.0,0.005972016822050046,0.0,0.0,0.003785993783015637,0.0,0.0,0.0
COL1A2_ITGA3_ITGB1,0.0,0.5946526273174727,0.0,0.0,0.0,0.0,0.0,0.0,0.0,0.0,0.0,0.0
COL2A1_ITGA3_ITGB1,0.0,0.0,0.0,0.0,0.0,0.0,0.0,0.0,0.0,0.0,0.0,0.0
COL4A1_ITGA3_ITGB1,0.0,0.21231909078340433,0.0011269432891809685,0.0,0.007249740869530236,0.0,0.0,0.015401471978422105,0.0024630352893844167,0.007131426750595529,0.005747487635759075,0.0
COL4A2_ITGA3_ITGB1,0.0,0.28509040787567874,0.0,0.0,0.017804717729050318,0.0,0.0,0.0153815311879451,0.0,0.011368751039176625,0.014621958085001044,0.0024737953855710755
COL4A3_ITGA3_ITGB1,0.0,0.0,0.0,0.0,0.0,0.0,0.0,0.0,0.0,0.0,0.0,0.0
COL4A4_ITGA3_ITGB1,0.0,0.0,0.0,0.0,0.0,0.0,0.0,0.0,0.0,0.0,0.0,0.0
LAMC3_ITGA3_ITGB1,0.0,0.07933703832618716,0.0009770816795267004,0.0,0.009523023395947898,0.0,0.0037464645232335113,0.00666804295636618,0.002862846172778413,0.0011331158770593267,0.03420998893289358,0.0
NPNT2_ITGA8_ITGB1,0.0,0.0,0.0,0.0,0.0,0.0,0.0,0.0,0.0,0.0,0.0,0.0
LAMB3_ITGA2_ITGB1,0.0,0.0,0.0,0.002475441675562692,0.0,0.0002914259218312091,0.10568454248174983,0.0,0.006363455871316531,0.0,0.006869942091708597,0.0
LAMB1_ITGA2_ITGB1,0.0,0.0,0.0,0.0,0.0,0.00015083642220612483,0.06902077047265474,0.0,0.0,0.0039326262563582825,0.0,0.0
COL4A6_ITGA2_ITGB1,0.0,0.0,0.0,0.0005283944160873875,0.0,0.0001064275778954054,0.015073355372392983,0.0,0.0,0.0,0.0012195554781752893,0.0
COL6A1_ITGA2_ITGB1,0.0,0.00041313271472539565,0.0,0.0,0.0015872795396169339,0.001231304466171254,0.39805660554907746,0.0012179981587371093,0.0,0.0,0.0032314988933857436,0.0
COL6A2_ITGA2_ITGB1,0.0,0.0,0.0,0.0,0.0,0.0,0.47073627856782335,0.0,0.0,0.004082611521920974,0.0,0.0
COL6A5_ITGA2_ITGB1,0.0,0.0,0.0,0.0,0.00012445265118351943,0.00011031308956868377,0.002498702558370276,0.0,0.0,0.0,0.0009749935176803504,0.0
COL6A6_ITGA2_ITGB1,0.0,0.0,0.0,0.0,3.0064698988053113e-05,0.0,0.006470569141183324,0.0,0.0,0.00024461805021372526,0.0,0.0
COL9A1_ITGA2_ITGB1,0.0,0.0,0.0,0.0,0.0,0.0,0.0,0.0,0.0,0.0,0.0,0.0
COL9A2_ITGA2_ITGB1,0.0,0.0,0.0,0.0010319078204862454,0.00017343213103569206,0.0005379240430082258,0.022222365095446773,0.00042526151931896903,0.0017557154222057711,0.0,0.0013635481142541186,0.0
COL9A3_ITGA2_ITGB1,0.0,0.0,0.0,0.0,0.0,0.0005034946656341452,0.013328287694445162,0.0003384098583759272,0.0002455318631354607,0.0,0.0007372442636254723,0.0
FN1_ITGA3_ITGB1,0.0,0.29104949831627935,0.0008444031732266587,0.0,0.023848651782281106,0.0,0.0,0.02746186954474649,0.0,0.017723919274327083,0.00267264528917388,0.006235554002604494
FN1_ITGA4_ITGB1,0.0,0.0,0.0,0.0,0.0,0.0,0.0,0.0,0.0,0.0,0.0,0.0
FN1_ITGA5_ITGB1,0.0,0.06104310648881445,0.001508594544270388,0.0,0.088353404282658,0.008410216812068647,0.002696234070014269,0.010220152440828818,0.0,0.2145004752740117,0.0,0.006322682160706366
FN1_ITGA8_ITGB1,0.0,0.018253248286884176,0.0,0.0,0.020122499718532944,0.04925831665765699,0.0,0.012133603832364566,0.0,0.08560034855859677,0.0,0.0015800636612498735
LAMA1_ITGA1_ITGB1,0.0,0.00011495971237147168,0.0,0.0,0.0032739227845446205,0.0,1.7356070187606782e-05,0.0009735117487858443,0.00026801434868133095,5.919168017796162e-05,0.0008650449297420785,0.0
LAMB2_ITGA2_ITGB1,0.0,0.0,0.0,0.0,0.0,0.0,0.26415722500987365,0.0029668273978305714,0.0,0.0006632790290056224,0.0,0.0
LAMA2_ITGA1_ITGB1,0.0,5.9560566437676344e-05,0.00016406876275419004,0.0,0.05421300130876964,0.0016777518020588422,0.0015133876214127443,0.0009543523025781042,0.0025430125152784318,0.0,0.0,0.0
LAMA4_ITGA1_ITGB1,0.0,0.0,0.0,0.0,0.1328208471686753,0.0,0.0,0.0030002889467896175,0.0,0.006071313753090765,0.0,0.0010995713246542231
LAMA5_ITGA1_ITGB1,0.0,0.0028656996677806244,0.0,0.0,0.11337502900083347,0.0007295330700055622,0.007312671617717171,0.0010205927119119073,0.004406921995146944,0.0,0.013806973022456917,0.0
LAMB1_ITGA1_ITGB1,0.0,0.0008285641354520633,0.0,0.0,0.07357551684090191,0.00196988240079052,0.0021079230109648434,0.002078320684287878,0.0025099557941891154,0.00042067835250943057,0.002926770461808465,0.0001952741360157172
LAMB2_ITGA1_ITGB1,0.0,0.0047752717059570925,0.0,0.0,0.315610697084333,0.0,0.0035704924566498054,0.006214865581460201,0.004129546240638115,0.0,0.009667726914348739,0.0
LAMB3_ITGA1_ITGB1,0.0,0.0,0.0,0.0,0.07910382989454039,0.0,0.009743140887870034,0.004229231847987908,0.007665620735150642,0.0,0.016738042040907414,0.0
LAMC1_ITGA1_ITGB1,0.0,0.003928504433869636,0.0004101780769921542,0.0,0.17342759689285228,0.0021395056559104344,0.0,0.005113185670895483,0.003944286115992457,0.004225858415297167,0.0006970445671664846,0.0
LAMC2_ITGA1_ITGB1,0.0,0.0,0.0,0.0,0.01938005194103061,0.0,0.003015676187221844,0.0013212378972573301,0.0021583150483069358,0.0,0.003431924543328712,0.0
LAMC3_ITGA1_ITGB1,0.0,0.001695072073348807,0.0,0.0006735425365733566,0.07962033151548924,0.0,0.0025140268974280923,0.005798357775915658,0.0024881381993647777,0.00017208749745491563,0.004223454698663978,0.0
LAMA1_ITGA2_ITGB1,0.0,0.0,0.00011714972959897383,0.0,0.0,9.117872067139171e-07,0.0031127536851908656,0.0003898824565841798,0.0,0.0,0.00031587480979252823,0.0
LAMA2_ITGA2_ITGB1,0.0,0.0,0.0,0.0006710909702309913,0.0,0.0,0.05802822164997888,0.0,0.00014428368934768016,0.0004435298363863862,0.0,0.0008888888081014308
LAMA3_ITGA2_ITGB1,0.0,0.0,0.0,0.0,0.0,0.0002657608090063838,0.03670035807519871,0.0,0.001841642272087882,0.0,0.004559859705884097,0.0
LAMA4_ITGA2_ITGB1,0.0,0.0,0.0,0.0,0.0,0.0,0.07692075430161384,0.0024844194747581897,0.0,0.005833312588397177,0.0,0.00021041431241586138
LAMA5_ITGA2_ITGB1,0.0,0.0,0.0,0.0016623520218008434,0.00024536654599822554,0.0,0.10554256812467416,0.002071373661994759,0.005040863891221913,0.0,0.003840103331404822,0.0
LAMA3_ITGA1_ITGB1,0.0,0.0,0.0,0.0,0.026581237194860063,0.0,0.004076784587453574,0.0,0.002354919199781008,0.0,0.006575616954001987,0.0
TNC_ITGA9_ITGB1,0.0,0.0,0.0,0.0,0.00010505371084761913,0.1774580904586343,0.0,0.0033457211892281022,0.0,0.0,0.0,0.0026505800858722243
COL6A3_ITGA2_ITGB1,0.0,0.0008215516295360636,0.0,0.0,0.00011561619073158966,0.00022371602568068723,0.20144366446597947,0.0,0.0,0.001756214230801678,0.003797003790598053,0.0
TNN_ITGA9_ITGB1,0.0005672160241606952,8.506581424765882e-06,0.0,0.0,0.0,0.007244143159297346,0.0008030469476220678,0.0,0.0008441911358835435,0.0,0.0,0.0
FN1_ITGAV_ITGB3,0.0,0.0,0.0,0.0,0.0,0.0,0.0,0.0,0.0,0.0,0.0,0.0
LAMB1_ITGAV_ITGB8,0.0,0.0013343316252227035,0.0,0.0,0.00033393972673384606,0.0,0.0007802445581985448,0.0011853408799548432,0.04599891357787149,0.0,0.0005108057614518037,0.0
LAMA5_ITGAV_ITGB8,0.0,0.0,0.0,0.0,0.0,0.0,0.002163069206704153,0.00015156336790306499,0.09991936166208347,0.0,0.002138497055859042,0.0
LAMA4_ITGAV_ITGB8,0.0,0.0,0.0,0.0,0.0002179006332514649,0.0,0.0,0.004487473351216353,0.060814745269511035,0.0007979501658869474,0.0,0.0
TNR_ITGA9_ITGB1,0.0,0.0,0.0,0.0,0.0,0.0,0.0,0.0,0.0,0.0,0.0,0.0
LAMA3_ITGAV_ITGB8,0.0,0.0,0.0,0.0,0.0,0.0,0.0014540552093047527,8.919946693790757e-05,0.028888422742876965,0.0,0.0027633957474061466,0.0
LAMA2_ITGAV_ITGB8,0.0,0.0,6.412106172652822e-05,2.5998234893956764e-05,5.0149566635145886e-05,0.0,0.0006746046804021525,0.00023855108836497315,0.0411989832851037,0.0,0.0,0.0
LAMA1_ITGAV_ITGB8,0.0,0.00014366440212733759,0.0,0.0,2.9514224138375197e-05,0.0,0.0,0.00032789672976714373,0.002308645652758197,0.0,0.00034147595652579975,0.0
FN1_ITGAV_ITGB8,0.0,0.0009566223183267287,0.0,0.0,0.0003332242967875216,0.0009549926247342903,0.0,0.003611939015612136,0.1504656082910895,0.0012550814011782732,0.0,0.0
VTN_ITGAV_ITGB8,0.0,0.0,0.0,0.0,0.0,0.0,0.0,0.0,0.0,0.0,0.0,0.0
DSPP_ITGAV_ITGB6,0.0,0.0,0.0,0.0,0.0,0.0,0.0,0.0,0.0,0.0,0.0,0.0
FN1_ITGAV_ITGB6,0.0,0.0,0.00012778570980148926,0.0008692423535888036,0.001596097900019664,0.0,0.004942505342853857,0.0008925493777559685,0.010974827888090082,0.0,0.011552773279246325,0.0
TNXB_ITGAV_ITGB6,0.0,0.0,0.0018216025794553052,0.0010636330955813996,0.0016845915018929192,0.0,0.0046658714881612886,0.001030884812490061,0.014268782863123714,0.0,0.010397039839808418,0.0
FN1_ITGA4_ITGB7,0.0,0.0,0.0,0.0,0.0,0.0,0.0,0.0,0.0,0.0,0.0,0.0
DSPP_ITGAV_ITGB1,0.0,0.0,0.0,0.0,0.0,0.0,0.0,0.0,0.0,0.0,0.0,0.0
TNN_ITGAV_ITGB6,0.0,0.0,0.0,0.0004799050845215744,0.0,0.0,0.00146661565770902,0.0,0.001960467780552173,0.0,0.0,0.0
TNR_ITGAV_ITGB6,0.0,0.0,0.0,0.0,0.0,0.0,0.0,0.0,0.0,0.0,0.0,0.0
TNC_ITGAV_ITGB6,0.0,0.0,0.0,0.0031301908718933094,0.0011435506752149826,0.0,0.012988363882842321,0.0,0.023465183831258455,0.0,0.005732049406009276,0.0
IBSP_ITGAV_ITGB5,0.0,0.0,0.0,0.0,0.0,0.0,0.0,0.0,0.0,0.0,0.0,0.0
VTN_ITGAV_ITGB5,0.0,0.0,0.0,0.0,0.0,0.0,0.0,0.0,0.0,0.0,0.0,0.0
TNXB_ITGA2B_ITGB3,0.0,0.0,0.0,0.0,0.0,0.0,0.0,0.0,0.0,0.0,0.0,0.0
TNN_ITGA2B_ITGB3,0.0,0.0,0.0,0.0,0.0,0.0,0.0,0.0,0.0,0.0,0.0,0.0
TNC_ITGA2B_ITGB3,0.0,0.0,0.0,0.0,0.0,0.0,0.0,0.0,0.0,0.0,0.0,0.0
VTN_ITGAV_ITGB1,0.0,0.0,0.0,0.0,0.0,0.0,0.0,0.0,0.0,0.0,0.0,0.0
FN1_ITGAV_ITGB1,0.024298901207236268,0.01679785019771994,0.0,0.0,0.02320214966106228,0.0710369348198621,0.0,0.06019316883411521,0.03572261402615268,0.12028056634206279,0.0,0.022994501308835298
COL9A3_ITGA11_ITGB1,0.0,5.884178262138239e-05,0.0,0.0,0.000964712301450431,0.0014586745129482946,0.0003384603377934475,0.009845708011365719,0.0,0.0,0.0,0.0005758666557037967
COL9A2_ITGA11_ITGB1,0.0,0.0,0.001536045321645613,0.0,0.0,0.0006446235274530145,0.0009595568198149174,0.015624017729157051,0.0,0.0,0.0,0.0
VWF_ITGAV_ITGB3,0.0,0.0,0.0,0.0,0.0,0.0,0.0,0.0,0.0,0.0,0.0,0.0
TNC_ITGAV_ITGB3,0.0,0.0,0.0,0.0,0.0,0.0,0.0,0.0,0.0,0.0,0.0,0.0
TNN_ITGAV_ITGB3,0.0,0.0,0.0,0.0,0.0,0.0,0.0,0.0,0.0,0.0,0.0,0.0
COMP_ITGAV_ITGB3,0.0,0.0,0.0,0.0,0.0,0.0,0.0,0.0,0.0,0.0,0.0,0.0
THBS4_ITGAV_ITGB3,0.0,0.0,0.0,0.0,0.0,0.0,0.0,0.0,0.0,0.0,0.0,0.0
COL9A2_ITGAV_ITGB8,0.0,0.0,0.0005147850987740222,0.0007338793133094321,0.0,0.0,0.0004961100580452959,0.0,0.021707750003018386,0.0,0.00021723549483129102,0.0
COL9A1_ITGAV_ITGB8,0.0,0.0,0.0,0.0,0.0,0.0,0.0,0.0,0.0,0.0,0.0,0.0
COL6A6_ITGAV_ITGB8,0.0,0.0,0.0,5.5656445472041366e-05,0.0,0.0,5.7486777115312847e-05,1.4626787266190581e-05,0.0036750771342861878,0.0,0.0,0.0
COL6A5_ITGAV_ITGB8,0.0,0.0,0.0,0.0,0.0,0.0,0.0,0.0,0.002642960084270491,0.0,0.00024887974199192014,0.0
COL6A3_ITGAV_ITGB8,0.0,0.00012968163754445335,0.0,0.0,0.0009617707491979237,0.0,0.0,0.0029039816661991223,0.15921610284120014,0.0,0.001247822936687153,0.0
COL6A2_ITGAV_ITGB8,0.0,0.0,0.0,0.0,0.0,0.0,0.0,0.0023822797520700258,0.40522089806322414,0.0,0.0,0.0
COL6A1_ITGAV_ITGB8,0.0,0.0,0.0,0.0,0.0,0.0,0.0,0.0030858627295881885,0.3312520576131553,0.0,0.0,0.0
COL4A6_ITGAV_ITGB8,0.0,0.0,0.0,0.0,0.0,0.0,0.000510444517309703,0.0,0.00764200994715983,0.0,0.0013017880936006272,0.0
COL4A4_ITGAV_ITGB8,0.0,0.0,0.0,0.0,0.0,0.0,0.0,0.0,0.0,0.0,0.0,0.0
COL4A3_ITGAV_ITGB8,0.0,0.0,0.0,0.0,0.0,0.0,0.0,0.0,0.0,0.0,0.0,0.0
COL4A2_ITGAV_ITGB8,0.0,0.0,0.0,0.0,0.0,0.0030656524584450288,0.0,0.0038615896749133426,0.16065091063249437,0.0008693628929722676,0.0,0.0
VWF_ITGA2B_ITGB3,0.0,0.0,0.0,0.0,0.0,0.0,0.0,0.0,0.0,0.0,0.0,0.0
COL4A1_ITGAV_ITGB8,0.0,0.002082921144980892,0.0,0.0,0.0,0.001623815860977642,0.0,0.002356886701084034,0.12668320262740854,0.0,0.0,0.0
COL2A1_ITGAV_ITGB8,0.0,0.0,0.0,0.0,0.0,0.0,0.0,0.0,0.0,0.0,0.0,0.0
COL1A2_ITGAV_ITGB8,0.0,0.0,0.0,0.0,0.0,0.005429440457837819,0.0,0.0,0.5015041785254146,0.0,0.0,0.0
COL1A1_ITGAV_ITGB8,0.0,0.0,0.0,0.0,0.0,0.0035147142153705998,0.0,0.0,0.4490102241694815,0.0,0.0,0.0
LAMC3_ITGAV_ITGB8,0.0,0.0,0.0003372262785588208,0.0,0.00013909647657532346,0.0,0.000590280488977191,0.00023463600922465645,0.056400991694990396,0.00015783043884897167,0.0010617185061190936,0.0
LAMC2_ITGAV_ITGB8,0.0,0.0,0.0,0.0,0.0,0.0,0.0009382204155023895,0.0,0.024010179410221665,0.0,0.0014458453645534257,0.0
LAMC1_ITGAV_ITGB8,0.0,0.00035576131781998144,0.0,0.0,0.0009543482204419321,0.0,0.0,0.004250724918114306,0.10977047598666655,0.0015978675774193255,0.0,0.0
LAMB3_ITGAV_ITGB8,0.0,0.0,0.0,0.0,0.0,0.0,0.0028646625406023125,0.0,0.09875258405693749,0.0,0.004755624438995844,0.0
LAMB2_ITGAV_ITGB8,0.0,0.0,0.0,0.0,0.00024663312965341535,0.0,0.0,0.0030580745010238214,0.21446708218492433,0.0,0.0005605037562605813,0.0
THBS2_ITGAV_ITGB3,0.0,0.0,0.0,0.0,0.0,0.0,0.0,0.0,0.0,0.0,0.0,0.0
THBS1_ITGAV_ITGB3,0.0,0.0,0.0,0.0,0.0,0.0,0.0,0.0,0.0,0.0,0.0,0.0
TNXB_ITGAV_ITGB3,0.0,0.0,0.0,0.0,0.0,0.0,0.0,0.0,0.0,0.0,0.0,0.0
COL9A1_ITGA11_ITGB1,0.0,0.0,0.0,0.0,0.0,0.0,0.0,0.0,0.0,0.0,0.0,0.0
FN1_ITGA2B_ITGB3,0.0,0.0,0.0,0.0,0.0,0.0,0.0,0.0,0.0,0.0,0.0,0.0
COL6A2_ITGA10_ITGB1,0.0,0.0017432310825615817,0.0,0.0,0.001172864118896146,0.0011970530309059534,0.0,0.0,0.0,0.08530631305134513,0.013636277326394169,0.0
LAMA3_ITGA9_ITGB1,0.0,0.00045947070832239864,0.0,0.00015062058907310116,0.0,0.022784755824256472,0.0007295977956282195,0.0,0.000770408766990186,0.0,0.002417710684003799,0.0
COL1A2_ITGA11_ITGB1,0.0,0.0,0.0,0.0,0.0,0.0,0.0,0.5102651997689747,0.0,0.0,0.0,0.0
COL1A1_ITGA11_ITGB1,0.0,0.0,0.0,0.0,0.0,0.0,0.0,0.4601388821754563,0.0,0.0,0.0,0.0
COL9A3_ITGA10_ITGB1,0.0,0.0,6.952248843580072e-05,0.0,0.0,0.0003260563429260672,0.0,0.0,0.0,0.0014943885462451124,0.00011649361372775564,0.0
COL9A2_ITGA10_ITGB1,0.0,0.0,0.0,0.0,0.0,0.0,0.0,0.0,0.0,0.0,0.0,0.0
COL9A1_ITGA10_ITGB1,0.0,0.0,0.0,0.0,0.0,0.0,0.0,0.0,0.0,0.0,0.0,0.0
COL6A6_ITGA10_ITGB1,0.0,0.0,0.0,0.0,0.0,0.0,0.0,0.0,0.0,0.0,0.0,0.0
COL6A5_ITGA10_ITGB1,0.0,0.0,0.0,0.0,0.0,0.0,0.0,0.0,0.0,0.0,0.0,0.0
COL6A3_ITGA10_ITGB1,0.0,0.0008543851019368797,0.0,0.0,0.0,0.00140981605420397,0.0,0.0,0.0,0.03831712339785362,0.005475915246976227,0.0
COL6A6_ITGA11_ITGB1,0.0,0.0,0.0,0.0,0.0,0.0,5.873963793619052e-06,0.002310028735913542,0.00013554191346165856,4.137233098437105e-05,0.0,0.0003348013738496096
COL6A1_ITGA10_ITGB1,0.0,0.0008220406359665211,0.0,0.0,0.001231537019579904,0.0024103218307387733,0.0,0.0,0.0,0.06151907011879791,0.012685025974133077,0.0
COL4A6_ITGA10_ITGB1,0.0,0.0,1.4514466960774727e-05,0.0,1.1877448848660904e-05,0.0001509095096176464,8.989177448041472e-05,0.0,0.0,0.00016956012521595227,0.00035487530790147184,0.0
COL2A1_ITGA11_ITGB1,0.0,0.0,0.0,0.0,0.0,0.0,0.0,0.0,0.0,0.0,0.0,0.0
COL4A5_ITGA10_ITGB1,0.0,0.0,0.0,0.0,0.0,0.0,0.0,0.0,0.0,0.004814690947639036,0.0,0.0
COL4A3_ITGA10_ITGB1,0.0,0.0,0.0,0.0,0.0,0.0,0.0,0.0,0.0,0.0,0.0,0.0
COL4A2_ITGA10_ITGB1,0.0,0.00011286150790093937,0.0,0.0,0.0,0.0012434608552361727,0.0,0.0,0.0,0.04465305338213623,0.004929246306828579,0.0
COL4A1_ITGA10_ITGB1,0.0,0.0002209314461306199,0.0,0.0,0.0,0.0015751096046131572,0.0,0.0,0.0,0.0296014877624229,0.003785579826892994,0.0
COL2A1_ITGA10_ITGB1,0.0,0.0,0.0,0.0,0.0,0.0,0.0,0.0,0.0,0.0,0.0,0.0
COL1A2_ITGA10_ITGB1,0.0,0.002455325453060811,0.0,0.0,0.0017800959042225026,0.0,0.0,0.0,0.0,0.0968703446060586,0.015208026029221536,0.0
COL1A1_ITGA10_ITGB1,0.0,0.0020714322777667217,0.0,0.0,0.0,0.0006982637875757651,0.0,0.0,0.0,0.08999420331295285,0.013629074475793998,0.0
LAMC3_ITGA9_ITGB1,0.0,0.0,0.0,0.0,0.0009180134587851896,0.05806689756219047,0.0006278755775067545,0.004718970873972462,0.0,0.0011523102794800204,0.0,0.00047828774198701256
LAMC2_ITGA9_ITGB1,0.0,0.0,0.0,0.0,0.0,0.017265498906517924,0.0013133958353731864,0.0001273780727510823,0.0,0.0,0.0008166915434126826,0.0
LAMC1_ITGA9_ITGB1,0.0,0.0,0.00039539352945640544,0.0,0.004002258568176579,0.13999884635974058,0.0,0.0010655266814599586,0.0,0.0,0.0,0.0018141146410390746
LAMB3_ITGA9_ITGB1,0.0,0.0,0.0,0.0,0.0,0.07324467933567888,0.003167303314814023,0.0,0.001924286570300377,0.0,0.005326427556898642,0.0
LAMB2_ITGA9_ITGB1,0.0,0.0,0.0,0.0,0.0021528740194340806,0.26228528202669055,1.525532367364148e-05,0.0038218970278080986,0.0,0.0,0.00022585578144396437,0.0
LAMB1_ITGA9_ITGB1,0.0,0.0007819960345116996,0.0,0.0,6.276327791992353e-05,0.06661849802522059,0.0,0.0,0.0,0.0022606130815329474,0.0,0.0016940513130752218
COL4A4_ITGA10_ITGB1,0.0,0.0,0.0,0.0,0.0,0.0,0.0,0.0,0.0,0.0,0.0,0.0
COL4A1_ITGA11_ITGB1,0.0,0.0,0.0,0.0,0.0,0.0009971400228147244,0.0,0.15286032646919304,0.0,0.0,0.0,0.0
COL4A2_ITGA11_ITGB1,0.0,0.0,0.0,0.0,0.0,0.002668003480711166,0.0,0.20254229256196427,0.0,0.0,0.0,0.0
COL4A3_ITGA11_ITGB1,0.0,0.0,0.0,0.0,0.0,0.0,0.0,0.0,0.0,0.0,0.0,0.0
TNXB_ITGA9_ITGB1,0.0,0.0,0.0,0.0,0.0021653708140499128,0.24629393460699855,0.0,0.0014896096481556871,0.0,0.0005052571546990195,0.0,0.007841046488593894
COL1A1_ITGA9_ITGB1,0.0,0.0007561582958608267,0.0,0.0,0.0,0.5417254219197154,0.0,0.0,0.005659078661101882,0.0,0.0,0.0
COL1A2_ITGA9_ITGB1,0.0,0.0,0.0,0.0,0.0,0.6103887316409307,0.0,0.0,0.00769663418010437,0.0,0.0,0.0
COL2A1_ITGA9_ITGB1,0.0,0.0,0.0,0.0,0.0,0.0,0.0,0.0,0.0,0.0,0.0,0.0
COL4A1_ITGA9_ITGB1,0.0,0.0018754499934067112,0.0,0.0,0.0,0.1514629220705708,0.0,0.0038719871351320712,0.0019589329746861283,0.0,0.0,0.002072328879499884
COL4A2_ITGA9_ITGB1,0.0,0.0,0.0,0.0,0.0,0.22729029127773606,0.0,0.0030188727216846492,0.0,0.0026381611223861997,0.0,0.00563195099059862
COL4A3_ITGA9_ITGB1,0.0,0.0,0.0,0.0,0.0,0.0,0.0,0.0,0.0,0.0,0.0,0.0
COL6A5_ITGA11_ITGB1,0.0,5.580121999960164e-05,0.0,0.0,0.0,0.0,0.0001587028033300226,0.0008183536193021574,0.0,1.562586685834538e-05,0.0,0.0
COL6A3_ITGA11_ITGB1,0.0,0.0020487550243928686,0.0,0.0,0.0,0.002659435960408061,0.0,0.1677507824354776,0.00032922353306550777,0.0,0.0,0.0
COL4A4_ITGA9_ITGB1,0.0,0.0,0.0,0.0,0.0,0.0,0.0,0.0,0.0,0.0,0.0,0.0
COL4A5_ITGA9_ITGB1,0.0,0.00037812946640648244,0.0,0.0,0.0,0.01877761081909369,0.0,0.00012792986088740527,0.0,0.00042718062065865364,0.0,0.0
COL4A6_ITGA9_ITGB1,0.0,0.0002669020127688296,0.0,0.0,0.0,0.006797562178511771,0.0005637530630298931,0.0,0.0,0.0,0.0005439091607372363,0.0
COL6A1_ITGA9_ITGB1,0.0,0.0,0.0,0.0,0.0005537029944051436,0.39498843326860766,0.0017146033872049288,0.0,0.0,0.0,0.0037414947951901886,0.0
COL6A2_ITGA9_ITGB1,0.0,0.0,0.0,0.0,0.000494586164449428,0.514266297596104,0.0,0.0010614187830125126,0.0,0.0,0.0,0.0
COL6A3_ITGA9_ITGB1,0.0,0.0,0.0,0.0,0.0,0.20159555726026263,0.0,0.0024706532627750046,0.0,0.0019383784255552557,0.0,0.002700637574663925
COL6A5_ITGA9_ITGB1,0.0,0.0,0.0,5.071601460991289e-05,0.0,0.0009811071341991606,0.00013837321795465173,0.0,0.0,0.0,0.0004789849071000317,0.0
COL6A6_ITGA9_ITGB1,0.0,0.0,0.0,0.0,0.0,0.004777764269082,0.0,0.0,0.0,0.0,0.0,0.0006705332165402487
COL9A1_ITGA9_ITGB1,0.0,0.0,0.0,0.0,0.0,0.0,0.0,0.0,0.0,0.0,0.0,0.0
COL9A2_ITGA9_ITGB1,0.0,0.0,0.0,0.0,0.0,0.011135085743538943,0.0014351872262653562,0.0019255852406550188,0.0002642522121641452,0.0,0.0012255970556926845,0.0
COL9A3_ITGA9_ITGB1,0.0,0.0,0.0,0.0,0.0,0.012916261304923954,0.00013543301332510113,0.0015781883925928305,0.0,0.0004849231675108333,0.0,0.002098868504144776
LAMA1_ITGA9_ITGB1,0.0,8.290704842613816e-06,0.0,0.0,0.0,0.002369089981447344,4.376340771980325e-05,0.0005553326257705943,0.00013503895936972112,0.0,0.0,0.00037193673404037103
LAMA2_ITGA9_ITGB1,0.0,0.0,0.0,0.0,0.0016820545746771896,0.043773796725057955,0.0,0.0,0.0,0.0004845471665201634,0.0,0.0007707757885263369
COL6A2_ITGA11_ITGB1,0.0,0.0,0.0,0.0,0.0,0.002368474828372346,0.0,0.42994173136302066,0.0,0.0,0.0,0.0
COL6A1_ITGA11_ITGB1,0.0,0.0,0.0,0.0,0.0,0.0,0.0008686249242419705,0.34207581756632,0.0012267343937645125,0.0,0.0,0.0
COL4A6_ITGA11_ITGB1,0.0,0.00018104599837452952,9.686415467674355e-05,0.00012652111578163698,0.0,0.0,0.0001023092846264082,0.006660039956459736,0.0,0.0,0.0,0.0
COL4A5_ITGA11_ITGB1,0.0003167453049507817,0.0,0.0,0.0,6.0606124804587396e-05,3.645443740236072e-05,0.0,0.01728252680146515,0.0,0.0,0.0,0.0
COL4A4_ITGA11_ITGB1,0.0,0.0,0.0,0.0,0.0,0.0,0.0,0.0,0.0,0.0,0.0,0.0
LAMA5_ITGA9_ITGB1,0.0,0.0,0.0,0.0,0.0003063407023542862,0.09942190759121006,0.0,0.0,0.0013143713601437847,0.0,0.004658182521912468,0.0
LAMA4_ITGA9_ITGB1,0.0,0.0,0.0,0.0,0.0018926621590851585,0.09334013142105105,0.0,0.003226894743309801,0.0,0.002881312110814282,0.0,0.003946962101733203
THY1_ADGRE5,0.007332742791860034,0.0017918032812287053,0.0027379021607060665,0.0,0.003932445490351376,0.0,0.0,0.0,0.0,0.006484527162660076,0.0012911334556029645,0.004905374767746166
SDC1_ADGRA2,0.0,0.0,0.0015827639674913842,0.007907976639516394,0.0,2.0162692284084882e-06,0.0,0.00029430833075015064,0.0013871860873375865,0.00044439602751696695,0.004233878149605221,0.000495116950206894
LPAR3_ADGRE5,0.00011045159463998064,0.0,0.0,0.0,0.0,0.0,3.122355281880982e-05,0.0,1.0342364541333547e-05,0.0,4.0505481223878426e-05,0.0
LPAR2_ADGRE5,0.0009181987681803915,0.0,0.0001965459716249656,7.321927663819317e-05,2.1365124225592296e-05,0.0002123798451383881,0.0,0.0,0.0,5.423180692513817e-05,0.0008099057321541383,0.0
LPAR1_ADGRE5,0.0004334980570222332,0.00011397392848572833,0.0,0.0,0.0008742975327678069,0.0,0.0,0.0002556174869061091,0.0001464800020011916,0.0014154237067395324,0.00118947568214023,0.0003858709519885451
CD55_ADGRE5,0.0003775907748946949,0.00027871986356443163,0.0,0.00017223802253474017,0.00020484036789473833,6.92432060287488e-05,0.0,0.0006178272215805445,0.0,0.0007226079275438428,0.0017681598241482625,0.0006031044998601444
ITGAV_ITGB1_ADGRE2,0.0,0.0,9.670309321832924e-05,0.0,3.3169469287622705e-05,0.0,3.8230218909718076e-05,0.0001746843411679729,5.5147298179753044e-05,0.0,0.000172837304257489,0.0
THY1_ADGRE2,0.0005658888527804594,0.0,0.0,0.0,0.0,0.0,0.0,0.0,0.001083878876621076,0.0013382505397802403,0.0012229300823890688,0.0008546401570841134
ITGAV_ITGB1_ADGRE5,0.0018764231386965008,0.001186311928031362,0.0,0.0,0.0013843749788828876,0.0,0.0,0.0007884443004802142,0.0004173999149606148,0.0033609257360633893,0.0,0.00033049323217751024
ITGAV_ITGB3_ADGRE5,0.0,0.0,0.0,0.0,0.0,0.0,0.0,0.0,0.0,0.0,0.0,0.0
SFTPD_ADGRE5,0.0,0.0,0.0,0.0,0.0,0.0,0.0,0.0,4.5804805760135714e-05,0.0,2.8760240509185788e-05,0.0
TAX1BP3_ADGRB2,0.0002258098193938226,0.0,0.0,0.0,0.0003748642439967328,0.0,0.0,0.0,0.0,0.00011895504681850648,0.00011025593715979993,0.0
ITGAV_ITGB5_ADGRB1,0.0,0.0,0.0,9.0645813196883e-05,0.0001087239126219203,0.0,0.0005745869581305901,0.0,0.0010887560463685604,0.0,0.0,0.0
RTN4R_ADGRB1,0.0,0.0,0.0,0.0,0.0,0.0,0.0,0.0,0.0,0.0,0.0,0.0
TAX1BP3_ADGRB1,0.0,0.0,0.00013935890957776919,0.0002573661766051709,0.0,0.0,0.000625243255570829,0.0,0.001112180945673856,7.566594512688903e-05,0.0,0.0006232171978349401
SDC2_ADGRA2,0.0014100931689112071,0.0,0.0002403371268452471,0.0,0.0,0.0,0.0,0.0012470494652327764,0.0013348228469375967,0.0019988619254670526,0.0,0.0017641157502598086
COL3A1_ADGRG1,0.005231504638863199,0.0,0.00043742301000845277,0.00407451344532876,0.0,0.0010142518888180394,0.0,0.0,0.002802311475491434,0.004527000563030236,0.003504585565818225,0.0014817993490142721
CLDN3_CLDN3,0.0007011060850281884,0.0,0.0024185067166623826,0.0016429936412542803,0.0,0.0,0.0,0.0,0.0,0.0002350044846632941,0.0011978237713171991,0.0
CLDN1_CLDN1,0.002238778923847166,0.0,0.0,0.00691706831173684,0.0,0.0011402584391449293,0.003450873814222043,0.0,0.0018818729087291364,0.0,0.0,0.0
GJA3_GJA1,0.0,9.721554464580188e-07,0.0,0.0,0.0,0.0,1.561882662905731e-05,0.0,6.740684566642294e-05,0.0,0.0002239534081470605,0.0
GJC1_GJA1,0.0011921942659984142,0.0007496009245397759,0.0,0.0009390081515496743,0.00035861036505042206,0.0008419599401233547,0.0014967178663302834,0.00010925893074623216,4.928887436607828e-05,0.0,0.0019904369338151597,0.0004451715365227243
GJA1_GJA1,0.00017461377233166025,0.0,0.002568604825064529,0.01463140668705641,0.0,0.0,0.010930399154615638,0.0,0.007812898009340725,0.0,0.0,0.0
GJA1_GJA5,0.0,0.0,0.0,0.0,0.0,0.0,0.0,0.0,0.0,0.0,0.0,0.0
GAST_ADGRG1,0.0,0.0,0.0,0.0,0.0,0.0,0.0,0.0,0.0,0.0,0.0,0.0
PCDHB4_PCDHB4,4.496488625595328e-05,0.0,0.0005120335050199182,0.0,0.0,0.0,0.0,0.0,0.0,0.0007295979672759684,0.0,0.0
TGM2_ADGRG1,0.0,0.0,0.0,0.0,0.0,0.0,0.0,0.0,0.0,0.0,0.0,0.0
COL4A2_ADGRG6,0.0,0.0006511636444348837,2.618340144333295e-06,0.00025866837070854625,0.00028307119636860554,0.0,2.4438837862309165e-05,0.0005760145856663821,0.00046991727193125234,0.0,0.00048556050877237797,0.0
APOB_TREM2_TYROBP,0.0,0.0,0.0,0.0,0.0,0.0,0.0,0.0,0.0,0.0,0.0,0.0
APOB_APOBR,0.0,0.0,0.0,0.0,0.0,0.0,0.0,0.0,0.0,0.0,0.0,0.0
APOA2_TREM2_TYROBP,0.0,0.0,0.0,0.0,0.0,0.0,0.0,0.0,0.0,0.0,0.0,0.0
APOA1_TREM2_TYROBP,0.0,0.0,0.0,0.0,0.0,0.0,0.0,0.0,0.0,0.0,0.0,0.0
APOA1_CUBN_AMN,0.0,0.0,0.0,0.0,0.0,0.0,0.0,0.0,0.0,0.0,0.0,0.0
APOA1_ABCA1,0.0,0.0,0.0,0.0,0.0,0.0,0.0,0.0,0.0,0.0,0.0,0.0
APP_TREM2_TYROBP,0.0,0.0,0.0,0.0,0.0,0.0,0.0,0.0,0.0,0.0,0.0,0.0
APP_TNFRSF21,0.0019031527849531957,0.0,0.0010270707252892442,0.0,0.00033804367164172,0.0,0.0,0.00023772274883565944,0.0006640806241412353,0.0,0.0025047810870665516,0.0008714140003496923
APP_SORL1,0.0,0.0,0.0014304607476623174,0.0002760535877326292,0.0008182554131305875,0.0003541847007674836,0.0011476199808151011,0.0017555940720504273,0.001306794791744622,0.0,0.003644328955543359,0.0
DSC3_DSG4,0.0,0.0,0.0,0.0,0.0,0.0,0.0,0.0,0.0,0.0,0.0,0.0
NRXN1_LRRTM4,0.0,0.0,0.0,0.0,0.0,0.0,0.0,0.0,0.0,0.0,0.0,0.0
NRXN1_LRRTM3,0.0,0.0,0.0,0.0,0.0,0.0,0.0,0.0,0.0,0.0,0.0,0.0
NRXN1_LRRTM2,0.0,0.0,0.0,0.0,0.0,0.0,0.0,0.0,0.0,0.0,0.0,0.0
NRXN1_LRRTM1,0.0,0.0,0.0,0.0,0.0,0.0,0.0,0.0,0.0,0.0,0.0,0.0
LRRC4C_PTPRF,0.0,0.0,0.0,0.0,0.0,0.0,0.0,0.0,0.0,0.0,0.0,0.0
LRFN5_PTPRF,0.0,0.0,0.0,0.0,0.0,0.0,0.0,0.0,0.0,0.0,0.0,0.0
APOE_TREM2_TYROBP,0.0,0.0,0.0,0.0,0.0,0.0,0.0,0.0,0.0,0.0,0.0,0.0
CD160_TNFRSF14,0.0,0.0,0.0,0.0,0.0,0.0,0.0,0.0,0.0,0.0,0.0,0.0
SIRPG_CD47,0.0,0.0,0.0,0.0,0.0,0.0,0.0,0.0,0.0,0.0,0.0,0.0
PECAM1_CD38,0.0,0.0,0.0,0.0,0.0,0.0,0.0,0.0,0.0,0.0,0.0,0.0
PECAM1_CD177,0.0,0.0,0.0,0.0006009492860321799,0.0,7.562435455599443e-05,0.0,3.2459394735963916e-05,0.0,0.0,0.0002374888498959962,0.0
NTN4_UNC5D,0.0,0.0,0.0,0.0,0.0,0.0,0.0,0.0,0.0,0.0,0.0,0.0
NTN4_UNC5B,0.00040522135962103953,0.0004244909587699437,0.0,0.0001319282872366508,6.04018312548561e-05,0.0,0.0,0.0,0.0,0.0,0.0,0.000301996734749652
NTN4_NTRK2,0.0006969115343884825,0.0003773061533670876,3.257187151715302e-05,0.0,0.0003615907664947382,0.0,0.0,0.0,0.0,0.0006636812887690387,0.0010422671961092028,0.0008033989247716251
NTN1_UNC5C,0.0,0.0,0.0,0.0,0.0,0.0,0.0,0.0,0.0,0.0,0.0,0.0
NTN1_UNC5B,0.0,0.0,0.0,0.0,0.00020611017842949605,0.0006537987854757872,0.0,0.0008666263096914719,0.0,2.8877327657885167e-05,0.0,0.0003740308473435057
NTN1_UNC5A,0.0,0.0,0.0,0.0,0.0,0.0,0.0,0.0,0.0,0.0,0.0,0.0
NTN1_DSCAM,0.0,0.0,0.0,0.0,0.0,0.0,0.0,0.0,0.0,0.0,0.0,0.0
NTN1_DCC,0.0,0.0,0.0,0.0,0.0,0.0,0.0,0.0,0.0,0.0,0.0,0.0
MMP2_INTEGRIN_AVB3_COMPLEX,0.0,0.0,0.0,0.0,0.0,0.0,0.0,0.0,0.0,0.0,0.0,0.0
MICB_NKG2D_HCST,0.000290934251747056,0.0,0.0,0.0,0.00017526912674597293,0.0,0.00019486180440679397,0.0,3.075787618448672e-05,0.00033325337649792126,0.00021757881006370354,0.0
MICA_NKG2D_HCST,0.0004977945043702758,0.0009641360501838071,0.0,0.0,0.000218495321921799,0.0006567902256447897,0.00036530121556344535,0.0,0.0,0.0,0.0004027677052554704,0.0002930389166742538
CNTN1_NOTCH2,0.002145941971352069,0.0,0.0004320286558103746,9.838443089785579e-05,0.0006623621682111262,5.3495712699473624e-05,0.000685377884865538,3.782297849129249e-05,0.0010689165454786655,0.0007898048114856464,0.0,0.0
CNTN1_NOTCH1,0.0,0.0,0.00013488264948470746,0.0,0.0,0.0,0.00011188739873068033,0.00017082886398999853,0.0001764365746154502,0.00037493178185551827,0.0006734535341697275,0.0001798303227899848
CEACAM8_CEACAM6,0.0,0.0,0.0,0.0,0.0,0.0,0.0,0.0,0.0,0.0,0.0,0.0
CEACAM6_CEACAM6,0.0004915365566891722,0.0,0.002637856264155876,0.0,0.0,0.0,0.0,0.0,0.0005840733429341149,0.0,0.0008417462904498796,0.00041894992095080764
CEACAM5_CEACAM6,0.0,0.0,0.0,0.0,0.0,0.0,0.0,0.0,0.0,0.0,0.0,0.0
CEACAM1_CEACAM8,0.0,0.0,0.0,0.0,0.0,0.0,0.0,0.0,0.0,0.0,0.0,0.0
CEACAM1_CEACAM6,0.0,0.0,0.0005991367949072905,0.0,0.0,0.0,0.0001955185409249969,0.00014778335585882693,0.00021755476637987965,0.0,3.622804409433122e-05,0.000537922624088374
CD99_PILRB,0.001304313732398211,0.0013028386901964481,0.0016542144188435512,0.0,0.00111078393367766,0.0,0.0015196825141441936,0.0006267293825345991,0.0017265901446350917,0.001353216066517013,0.0033114291463690734,0.000752368291894574
CD276_TREML2,0.0,0.0,0.0,0.0,0.0,0.0,0.0,0.0,0.0,0.0,0.0,0.0
LRFN4_PTPRF,0.0017558371997337676,0.0,0.0002695003912621391,0.0016892917679012596,0.0,0.0016777366852802984,0.0005866384992120288,0.0,0.0005201259497405719,0.0,0.0025963432760366593,0.0
FLRT1_ADGRL3,0.0,0.0,0.0,0.0,0.0,0.0,0.0,0.0,0.0,0.0,0.0,0.0
TENM2_FLRT3_ADGRL2,0.0,0.0,0.0,1.2132322145874748e-05,0.0,0.0,8.261070714945328e-06,0.0,9.989784692584396e-06,0.0,1.2732151712634879e-05,0.0
TENM4_ADGRL2,0.0,0.0,0.0,0.0002701052889060192,0.0,0.0,0.0007872283985286584,5.0069357716128546e-05,0.00018102008794530238,0.0,0.0,7.695110344729344e-05
TENM2_ADGRL2,0.0,0.00017438066495994767,0.0,0.00022665225121740434,1.8537600100150716e-05,0.0,0.0008127657351723176,0.0,0.0,0.0,0.00010262891128041476,0.0
TENM4_FLRT3_ADGRL1,0.0,0.0,0.0,5.06900511149871e-05,3.238175818344781e-05,0.0,0.00010775333254300878,0.00011926987699998437,0.0,0.0,0.0,0.0
TENM4_FLRT1_ADGRL1,0.0,0.0,0.0,0.0,0.0,0.0,0.0,0.0,0.0,0.0,0.0,0.0
TENM2_FLRT3_ADGRL1,0.0,0.0,0.0,7.295432332973855e-06,0.0,0.0,8.666779222225937e-06,3.822754447931207e-05,6.598047941371801e-05,0.0,2.2688915455499255e-05,0.0
TENM2_FLRT1_ADGRL1,0.0,0.0,0.0,0.0,0.0,0.0,0.0,0.0,0.0,0.0,0.0,0.0
TENM4_ADGRL1,0.0,0.00011242289758618678,0.0,0.00023578854381235237,1.5859499781933783e-05,0.0,0.0002746152773060924,5.135137482233032e-05,0.00020888626253536623,0.0,6.776691967213217e-05,0.0
TENM2_ADGRL1,2.9745264959118333e-05,0.0,8.03816285462174e-05,0.00014102610808468477,0.0,6.373201414463078e-06,0.00010362234510508744,0.00022781988919059947,0.00021807292996672668,0.0,0.0003313799841341328,0.0
NRXN1_ADGRL1,0.0,0.0,0.0,0.0,0.0,0.0,0.0,0.0,0.0,0.0,0.0,0.0
PRNP_ADGRG6,0.0,0.0,0.0003041228940548947,0.0006635619794160674,0.0,3.402235905221963e-05,7.801263884708051e-05,0.00034015817369468994,0.0005474006368171575,0.0,0.00120881216118493,0.0
FLRT2_ADGRL3,0.0,0.0,0.0,6.87672988959466e-05,0.0,0.0,0.00014180810235540846,0.0005594612990619282,0.0005498269928473392,0.0007625896239618981,0.0,1.1315578472708826e-05
FLRT3_ADGRL3,0.0,0.0,0.0,0.0,0.0,0.0,0.0,0.0,0.0,0.0,0.0,0.0
TENM1_ADGRL3,0.0,0.0,0.0,0.0,0.0,0.0,0.0,0.0,0.0,0.0,0.0,0.0
TENM2_ADGRL3,0.0,0.0002592879986631409,0.0,0.0002904473915624167,0.0,0.0,0.0006996202035445808,0.0,0.00020024654633323577,0.0,0.0002350720851403896,0.0
NRXN2_DAG1,0.0,0.0,0.0,0.0,0.0,0.0,0.0,0.0,0.0,0.0,0.0,0.0
NRXN1_DAG1,0.0,1.6365390255246762e-05,4.047305681925169e-05,0.0,0.0005871425148624989,0.0013352643434982056,0.0,0.0011946368178674396,0.0007372293326060955,0.0,0.0,0.0012764831465911879
Q9HDB5_CLSTN3,0.0,0.0,0.0,0.0,0.0,0.0,0.0,0.0,0.0,0.0,0.0,0.0
NRXN2_CLSTN3,0.0,0.0,0.0,0.0,0.0,0.0,0.0,0.0,0.0,0.0,0.0,0.0
NRXN1_CLSTN3,0.0,0.0,0.0,0.0,0.0,0.0,0.0,0.0,0.0,0.0,0.0,0.0
Q9HDB5_CLSTN2,0.0,0.0,0.0,0.0,0.0,0.0,0.0,0.0,0.0,0.0,0.0,0.0
NRXN2_CLSTN2,0.0,0.0,0.0,0.0,0.0,0.0,0.0,0.0,0.0,0.0,0.0,0.0
NRXN1_CLSTN2,0.0,0.0,0.0,0.0,0.0,0.0,0.0,0.0,0.0,0.0,0.0,0.0
Q9HDB5_CLSTN1,0.0,0.0,0.0,0.0,0.0,0.0,0.0,0.0,0.0,0.0,0.0,0.0
NRXN2_CLSTN1,0.0,0.0,0.0,0.0,0.0,0.0,0.0,0.0,0.0,0.0,0.0,0.0
NRXN1_CLSTN1,0.0,0.00010536921162927804,0.00028114622279624653,0.00015964262042588562,0.00037717538004063204,0.001017633222150976,0.0,0.0007934332280977882,0.0010515266658063943,0.0,0.0006362847149032585,0.0004237045908223314
COL4A1_ADGRG6,0.0,0.0006733890510173745,2.328919783554761e-05,0.0006350313485904515,0.00021331079191868186,0.0,0.0,0.0004599969617469413,0.00028679685585839535,0.0,0.0005103863174241068,0.0
FLRT3_UNC5B,0.0,0.0,0.0,0.00034686154468137917,0.0,2.533560134027354e-05,0.0,5.446117415240393e-05,0.0,0.0,1.2429943210573202e-05,0.0
FLRT2_UNC5B,0.0,0.0,0.0,0.0,0.0,0.0,1.2887228774773189e-05,0.0,5.799938940299848e-05,0.0,7.709181483768189e-05,0.0
FLRT1_UNC5B,0.0,0.0,0.0,0.0,0.0,0.0,0.0,0.0,0.0,0.0,0.0,0.0
TENM3_FLRT3_ADGRL3,0.0,0.0,0.0,0.0,0.0,0.0,0.0,0.0,0.0,0.0,0.0,0.0
TENM3_FLRT1_ADGRL3,0.0,0.0,0.0,0.0,0.0,0.0,0.0,0.0,0.0,0.0,0.0,0.0
UNC5A_ADGRL3,0.0,0.0,0.0,0.0,0.0,0.0,0.0,0.0,0.0,0.0,0.0,0.0
TENM4_ADGRL3,0.0,0.0,0.0,0.0002241999638550025,0.0,8.273260984851413e-05,0.0006838803380815467,0.0004392986259149617,0.00021597138372503387,0.0,0.0,0.0
TENM3_ADGRL3,0.0,0.0,0.0,0.0,0.0,0.0,0.0,0.0,0.0,0.0,0.0,0.0
DSC3_DSG3,0.0013975956585011667,0.0,0.0,0.00423702304729425,0.0,0.0,0.0012774507499509057,0.0,0.0008144817631204861,0.0,0.0001541635357405671,0.0
DSC2_DSG3,0.0019681493083521717,0.0,0.0,0.0016774161859671646,0.0,0.0,0.0006442817857161655,0.0013685255503911135,0.0004761455771483606,0.0,0.0002326865825117184,0.0
EFNB1_EPHA4,0.0,0.0,0.0,0.00029840544639883414,0.0,8.324153735624361e-06,0.0014690395383775876,0.0002197928508461892,0.0009402946135529917,0.0,0.0013212021766687587,0.0
EFNB1_EPHB1,0.0,0.0,2.6310968755475088e-05,0.0,0.0,0.0,3.2034587497326247e-06,0.0,8.149321484845565e-05,0.0,0.00014997597888013987,0.0
EFNB1_EPHB2,0.0,0.0,0.00016155878284902778,0.00027519531881355677,0.0006173979698679025,0.0,0.0004529736207117083,0.0006971230174292034,0.0001823781108751338,0.00028833882703284625,4.5393026180674806e-05,0.0
EFNB1_EPHB3,0.0,0.0,0.0015781739917478804,0.0005649027564273878,0.0,0.00023229910233172466,0.0,0.0015671435526178677,0.0017779326018993163,0.0,0.005626517968340442,0.0
EFNB1_EPHB4,0.0,0.00047748163277468305,0.0,0.001276369735621607,0.0,0.0,0.0,0.0018294891632297603,0.0013310655414056785,0.001266041932495134,0.001674448807511752,0.0013107028085523231
EFNB2_EPHA4,0.0,0.0,0.0,0.0003930957280014069,0.0,0.0,0.0009455293643457191,0.0,0.001084023274015053,0.0,0.0001345633624651593,0.00013292812940591094
EFNB2_EPHB1,0.0,0.0,4.8189926448059174e-05,2.2294191423705727e-06,2.407126556628931e-06,1.2822708247246736e-05,0.0,0.0,0.00011444053453313806,0.0,0.0,0.0
EFNB2_EPHB2,0.0,0.0,2.913687515865194e-05,8.720375468723009e-06,0.000701041126965133,0.0,7.336996001535163e-06,0.0,0.0,8.385102844733667e-05,9.016574304473185e-05,0.00019485599207323445
EFNB2_EPHB3,0.0,0.0,0.0003764289466860141,0.0009947210345677068,0.0006607931392362809,0.0009256921305742246,0.0005934434874484374,0.0006281861862737134,0.002840053286826614,0.0,0.0008991593522008866,0.0
EFNB2_EPHB4,0.0,0.0,0.0,0.001644727842611909,0.0009094763749593921,0.00039148425700941505,2.1370985929851104e-05,0.0006983858418487689,0.0,0.00015359094094918098,0.000724402848368723,3.3246342494551745e-07
EFNB3_EPHA4,0.0,0.0,0.0,0.0003290234367171441,0.0,0.0,0.00018223231985855295,0.0,0.0003370220513235595,0.0,0.00013084140261822191,0.0
EFNB3_EPHB1,0.0,0.0,0.0,0.0,0.0,0.0,0.0,0.0,0.0,0.0,0.0,0.0
EFNB3_EPHB2,2.4264200271497437e-06,0.0,0.0,5.974694581534065e-06,0.0,0.0,2.6484833792172698e-05,0.0,1.7722498669582834e-05,0.0,6.199935374427291e-06,0.0
EFNB3_EPHB3,0.0,0.0,0.0,0.0003667737166932496,1.5591942576413365e-05,0.0,8.399436766089269e-05,4.215926591457428e-05,0.0005116042672852562,0.0,0.0003948963804561137,0.0
EFNB3_EPHB4,0.0,0.0,0.0,9.56663731998264e-05,0.0,0.0,0.0002248201084721124,0.0,0.0,0.0,0.0004970446077440306,0.0
EFNA5_EPHB2,0.0,0.0,0.0,1.7503133905248277e-05,2.429195453105808e-05,0.0,5.5131991781361225e-05,0.0,2.507383327208307e-05,0.0,0.00020667691263147412,0.0
EFNB3_EPHB6,0.0,0.0,0.0,0.0006132243403721292,0.0,0.0,0.00019754706504224507,0.0,0.0005139963378296227,0.0,0.0005746438938493042,0.0
EFNA5_EPHA8,0.0,0.0,0.0,0.0,0.0,0.0,0.0,0.0,0.0,0.0,0.0,0.0
EFNA5_EPHA5,0.0,0.0,0.0,0.0,0.0,0.0,0.0,0.0,0.0,0.0,0.0,0.0
EFNA3_EPHA4,0.0,0.0,0.0,0.0006177274118637562,9.035084215348265e-06,0.0,0.0009653639345347882,5.250257669028048e-05,0.0005157742910961606,0.0,0.0006947853600809424,0.0
EFNA3_EPHA5,0.0,0.0,0.0,0.0,0.0,0.0,0.0,0.0,0.0,0.0,0.0,0.0
EFNA3_EPHA7,0.0,0.0,0.0,0.0,0.0,0.0,0.0,0.0,0.0,0.0,0.0,0.0
EFNA3_EPHA8,0.0,0.0,0.0,0.0,0.0,0.0,0.0,0.0,0.0,0.0,0.0,0.0
EFNA4_EPHA1,0.0,8.867076424296628e-06,0.0,0.00018877749691933494,0.0,0.0,0.0,0.0,6.998419821920316e-05,0.0,0.000780717548367521,0.0
EFNA4_EPHA2,0.00033085536181570404,0.0004591461403779613,9.076309772027687e-05,0.0,0.0,0.0,0.0,8.991375030012332e-05,0.00021111541645751157,0.0,0.0007292958369944925,0.0005066727148822499
EFNA4_EPHA4,0.0,0.0,0.0,0.0,0.0,0.0,0.0,3.574891543513819e-05,0.0008089866700282571,0.00024635655507328105,0.0004093780336848217,0.0
EFNA5_EPHA1,4.264438754448929e-06,0.0,0.00019644454569421133,0.00012053078316086855,0.0,0.0,0.0,0.0,0.0001678984294496449,9.917940623624654e-05,0.00015078928792606905,0.0
EFNA5_EPHA2,0.0,0.0,0.0004412820520027663,0.0002829492445820526,0.0,0.0,0.002256929156685283,2.928008107469623e-05,0.0005521499478522505,0.0,0.0,3.5854344390695404e-05
EFNA5_EPHA3,0.0,0.0,0.0,0.0,0.0,0.0,0.0,0.0,0.0,0.0,0.0,0.0
EFNA5_EPHA4,0.0,0.0,0.0,0.0003637295620239688,3.0065167730803182e-05,0.0,0.0013627914924237393,0.00011801457907998906,0.00046635498590600895,0.0,0.0001567341551295763,0.0
EFNA5_EPHA7,0.0,0.0,0.0,0.0,0.0,0.0,0.0,0.0,0.0,0.0,0.0,0.0
ESAM_ESAM,0.0045989729475483495,2.8622729876718635e-05,0.00016909765261718197,0.0023611416282850366,0.00048769174263328517,0.0012885951120670113,0.0006309346355482811,0.0,0.0,0.005637198265412363,0.0,0.0
GP1BA_ITGAM_ITGB2,0.0,0.0,0.0,0.0,0.0,0.0,0.0,0.0,0.0,0.0,0.0,0.0
ICAM1_ITGAX_ITGB2,0.0,0.00011865164099943342,0.0,0.0,0.0,0.0,0.00010832511414040171,0.0,0.0,0.0005112055535573397,0.00038617233903917564,0.0
LCK_CD8A_CD8B1,0.0,0.0,0.0,0.0,0.0,0.0,0.0,0.0,0.0,0.0,0.0,0.0
HLA-A_CD8A,0.00016222784768763558,0.0,0.0,0.0,0.00045753474188571383,0.0,0.0002844144798657563,0.0,0.0013655294343223553,0.0,0.0015274736053841832,0.0
HLA-B_CD8A,8.913699951208704e-05,0.0,0.0,0.0,0.00045918580716314354,0.0,0.00019089008780191037,0.0,0.0016136423008401251,0.0,0.0017536879902674196,0.0
HLA-C_CD8A,0.00010388559627771951,0.0,0.0,0.0,0.0004380564504289003,0.0,0.00024435264297450153,0.0,0.001530685365017064,0.0,0.0016061012374324962,0.0
HLA-E_CD8A,0.00010268300453561515,0.0,0.0,0.0,0.0003594110131191959,0.0,0.00022928878814391346,0.0,0.0015047498338082138,0.0,0.0014469631264976367,5.155297604322546e-05
HLA-F_CD8A,2.542459096068009e-05,0.0,0.0,0.0,0.00010908095660916496,0.0,0.0,0.0,3.397998218339457e-05,0.0,0.00046884348382254896,0.0
HLA-A_CD8B,0.0,0.0004352266039128878,0.0,0.0,0.000545130582304438,0.0,0.0003223055433839021,0.0009157942409738959,0.0,0.0,0.0006138379142911597,0.0
HLA-B_CD8B,0.0,0.0009225373799382822,0.0,0.0,0.0011838003490217488,0.0,0.00027182966118329335,0.0007776120374773718,0.0,0.0,0.00036336167552549186,0.0
HLA-C_CD8B,0.0,0.0006193541388130818,0.0,0.0,0.0007867543708116809,0.0,0.00026091879599949447,0.0009342294364703697,0.0,0.0,0.00045032036592560697,0.0
JAM3_F11R,0.000361442759770073,0.0015057692056978603,0.0,0.00013852033934553103,0.0008020152708342812,3.753725316173336e-05,0.0005419024250173335,0.0001291711681354187,0.00016568537584087277,0.0,0.00032538736340011713,0.0008176054082946386
JAM2_JAM2,0.002297884294591061,0.0,0.0006378565237769296,0.0008340869196638101,0.00018922030429084595,0.0,0.0,0.0014275775277661628,0.0,0.0005287508096590986,0.0,0.0
JAM2_F11R,0.0009836738503670444,0.0,0.0,0.0,0.0006026319667649936,0.00043841988981217333,0.0003930228361499085,0.0016879806351343403,0.0,0.0,0.0014550867417932592,0.0
ICAM1_ITGAL_ITGB2,0.0,0.0,0.0,0.0,0.0002881772273605702,1.819671899027412e-05,0.00014114157646181674,0.0,0.0,0.0,0.0012426848846522809,0.0
ICAM2_ITGAL_ITGB2,0.0,0.0,0.0,0.00010008588770989787,0.0001754842601702637,0.0,0.0,0.0,0.0,0.0,0.0010216074078784958,0.00035483873948208907
ICAM1_ITGAM_ITGB2,0.0,0.0003249082460917981,0.0,0.0,0.0,0.0,0.0,0.0,0.0,0.00026221978667182756,0.0002489095251583264,0.0
ICAM2_ITGAM_ITGB2,0.0,0.00012980493157174245,0.0,0.0,0.0,0.0,0.0,0.0,0.0005015279425292779,0.0001345175751086891,0.00016151602589593647,0.0
ICAM1_ITGAL,0.0,0.0,0.0,0.0005074557566483414,0.00019415647035375132,0.0,0.0,0.0,0.0,0.0,0.0010260954311896854,0.0
ICAM1_SPN,0.00037304537667057534,0.0,0.0,0.0,0.00020385118127867532,0.0011168427100984478,0.0,0.0,0.0,0.0006088548439486921,0.00023584221804162054,0.0
ICAM5_CD209,0.0,0.0,0.0,0.0,0.0,0.0,0.0,0.0,0.0,0.0,0.0,0.0
EFNA3_EPHA3,0.0,0.0,0.0,0.0,0.0,0.0,0.0,0.0,0.0,0.0,0.0,0.0
JAM2_ITGA3_ITGB1,5.742588050735912e-05,0.004234583425910401,0.0,0.0,0.0008969033436394267,0.0010358859377813706,0.0,0.0,0.0009163426467681199,0.00048801585646437496,0.0015083548549545988,0.0
JAM2_ITGAV_ITGB1,0.0006646407322237711,0.0006220273203468821,0.0,0.00025848549503750483,0.0008018946802943881,0.00030298703228949167,0.0,0.003275620169705188,0.0008702912430264702,0.0017388829401109608,0.001000300435176455,0.0
JAM3_ITGAM_ITGB2,0.0,0.0,0.0,0.0,0.0,0.0,0.0,0.0,0.0,0.0,0.0,0.0
JAM1_ITGAL_ITGB2,3.3150047262393055e-05,2.4242205510902745e-05,0.0,0.0,6.028449071627919e-05,0.0,0.0002335786842653419,0.0,0.0,0.0,0.0007939633702892528,0.0
JAM2_JAM3,0.0007750926513594782,0.0001765896821137003,0.0,0.0,0.00032613224285010827,0.00013639872567387728,0.0,0.0,0.0,0.00028523239365521027,0.001408587828710966,0.0007537847422996877
F11R_F11R,0.005910874433185436,0.0,0.002002242494839415,0.0026193664193585597,0.0,0.00024832679327553293,0.0,0.0007793185422848424,0.0,0.0017356280744390952,0.0017908022910939566,0.0
EFNA3_EPHA2,0.00020889338116360023,0.0,0.0,0.00037141842005527966,0.0,0.0,0.001724982062472409,0.0,0.0,0.0,0.001348980753112949,0.0
EFNA3_EPHA1,0.0,0.0,0.0,0.00012863738681356308,0.0,0.0,0.0,0.0,0.00012845936670579332,0.0,0.0013508042828770882,0.0
CD96_NECTIN1,0.0,1.2941324127805654e-05,0.0,0.0,0.00011230648048813586,0.0,0.0,0.0,8.395412466765905e-06,0.0,0.000193649074058841,0.0
CD99_PILRA,0.0,0.0,0.00032071384412647844,0.0001600586329662561,5.0702206534275925e-05,0.001234521899776047,2.785716939953513e-05,0.0004032143645173824,2.1975303363631283e-05,0.00037885782408519155,0.0003657564541809508,1.6531886282687552e-06
CD99_CD99,0.009199072607186887,0.0,0.00303299433534802,0.0008142546229232308,0.0,0.0,0.0,0.0,0.0,0.0037771950426410002,0.0,0.0
CD99_CD99L2,0.0,0.001400918961641136,0.0007979546445911609,0.0,0.0022248706499088298,0.0,0.001493508271691403,0.0,0.0,0.003104650068171183,0.003217867043315195,0.0011964482276629958
CDH1_CDH1,0.0038247294941396327,0.0,0.0,0.004512398274483776,0.0,0.0,4.369171282535426e-05,0.0,0.0011979545908535236,0.0,0.0,0.00047042884210263627
CDH1_ITGA1_ITGB1,0.0,0.0,0.0,0.0005632913794783545,0.0,0.0,0.006585242215906829,0.0,0.0003301771948402728,0.0,1.3877521811159817e-05,0.0
CDH1_ITGAE_ITGB7,0.0,0.0,0.0,0.0,0.0,0.0,0.00019323786622724536,0.0,0.00010466662415250464,0.0,0.0003894401594979817,0.0
CDH1_KLRG1,0.0,0.0,0.0,0.0,0.0,0.0,0.0,0.0,0.0,0.0,0.0,0.0
CD80_CD274,0.0,0.0,0.0,0.0,0.0,0.0,0.0,0.0,0.0,0.0,0.0,0.0
CD6_ALCAM,0.00016942448972243111,0.0,0.0,0.0,1.156167347153085e-05,4.970783961927402e-05,0.0,0.0,0.0,0.0,0.0007489633911916886,0.0
CD48_CD244A,0.0,0.0,0.0,0.0,0.0,0.0,0.0,0.0,0.0,0.0,0.0,0.0
APP_CD74,0.010975106359450775,0.003619171096730071,0.0058075034518433434,0.0031705735948168562,0.0,0.002245005742053962,0.0,0.00024830518380839796,0.0,0.0,0.000945488067632498,0.002446776552945401
FCER2A_ITGAM_ITGB2,0.0,0.0,0.0,0.0,0.0,0.0,0.0,0.0,0.0,0.0,0.0,0.0
FCER2A_ITGAX_ITGB2,0.0,0.0,0.0,0.0,0.0,0.0,0.0,0.0,0.0,0.0,0.0,0.0
CDH5_CDH5,0.003920741353531391,0.0022146412082472604,0.0,0.004732560337020904,0.0,0.0,0.0,0.0,0.0,0.0,0.0,0.0
CD34_SELP,0.0033594298763009204,0.0015257330816580456,0.0,0.0,0.0015007233647345594,0.0003138182603099465,0.00030353474638072556,0.0,0.0,0.00011184233130299356,0.0015802414435794145,0.0
PTPRC_CD22,0.0,0.0,0.0,0.0,0.0,0.0,0.0,0.0,0.0,0.0,0.0,0.0
PTPRC_MRC1,0.000665620473205857,0.0,0.0,0.00029476815322385417,0.0,0.0,0.0,0.0,0.0,0.0002913739982890338,0.0007815641604848606,0.0
CD46_JAG1,0.0021786925485399356,0.0020094429343883997,0.0,0.002167238779724862,8.386191322640886e-05,0.0009611184933439829,0.0012259136167531797,0.0008745185589349702,0.0,0.0,0.0,0.0017003666828867643
ENTPD1_ADORA1,0.0,0.0,0.0,0.0,0.0,0.0,0.0,0.0,0.0,0.0,0.0,0.0
HLA-E_CD8B,0.0,0.000614979380104385,0.0,0.0,0.000804894989634811,0.0,0.00018813414887505599,0.0008980511171163695,0.0,0.0,0.00040305391925146955,0.0
DSC3_DSG2,0.0,0.0,0.0017654588125030003,0.0024010694561186294,0.0,0.0,0.0016905191047495406,0.00031194115588414493,0.002610825657969007,0.0,0.000948026868082873,0.0
EPGN_EGFR,0.0,0.0,0.0,3.7811869354065843e-06,0.0,3.4586737564522584e-05,2.2929097511539977e-05,0.0,0.0,0.0,9.142463128303004e-05,0.0
EFNA1_EPHA1,1.9114823209615835e-05,0.0,0.0002554366677066648,0.0009610574519515859,0.0,0.0010675663983818653,0.0,0.0,3.719497059079659e-05,0.0,0.0010510529620820796,0.0
EFNA1_EPHA2,0.0,0.0,0.0,0.0003660585129985885,0.0,0.0,0.0016438396146729753,0.0,0.0008780922588095966,0.0,0.001676079075519572,0.0
EFNA1_EPHA3,0.0,0.0,0.0,0.0,0.0,0.0,0.0,0.0,0.0,0.0,0.0,0.0
EFNA1_EPHA4,0.00014280756234495937,0.0,0.0,0.0004163115333293658,0.0,0.0010669874720184264,0.0007764929721540876,0.0,0.0012432917853733231,0.0,0.0004825633596988517,0.0003098643051918634
EFNA1_EPHA5,0.0,0.0,0.0,0.0,0.0,0.0,0.0,0.0,0.0,0.0,0.0,0.0
EFNA1_EPHA7,0.0,0.0,0.0,0.0,0.0,0.0,0.0,0.0,0.0,0.0,0.0,0.0
EFNA1_EPHA8,0.0,0.0,0.0,0.0,0.0,0.0,0.0,0.0,0.0,0.0,0.0,0.0
EFNA2_EPHA1,0.0,0.0,0.0,0.0,0.0,0.0,0.0,0.0,0.0,0.0,0.0,0.0
EFNA2_EPHA2,0.0,0.0,0.0,0.0,0.0,0.0,0.0,0.0,0.0,0.0,0.0,0.0
EFNA2_EPHA4,0.0,0.0,0.0,0.0,0.0,0.0,0.0,0.0,0.0,0.0,0.0,0.0
DSC3_DSG1,0.0013507631930991244,0.0,0.00019449841870193034,0.0041705968891057165,0.0,0.0,0.0,0.0,0.0,0.0,0.0017170002677706938,0.0
DSC2_DSG2,0.0,0.0,0.0009385925162614737,0.0010861548200943277,0.0,0.0,0.0015401577247197832,0.0001487423143533808,0.0015899568149237598,0.0,0.001139225102082323,0.0004744732542173551
DSC2_DSG1,0.001296924398066428,0.0,0.0,0.0005918459465259744,0.0,0.0,8.440657257993844e-05,0.0,0.003107618472367542,0.0,0.006591666605107683,0.0
DSC1_DSG2,0.0,0.0,0.00019747032028618632,0.0005619292708873122,0.0,5.3059000088592824e-05,0.0006113021482326979,0.0,0.001376318689121095,0.0,8.179574306305888e-05,0.0
CEACAM1_CEACAM5,0.0,0.0,0.0,0.0,0.0,0.0,0.0,0.0,0.0,0.0,0.0,0.0
SELE_CEACAM1,0.0,0.0,0.0,0.0,0.0,0.0,0.0,0.0,0.0,0.0,0.0,0.0
CLDN11_CLDN11,0.00475955726935589,0.00012178493192913596,0.000956506887511934,0.0,0.001790196760269721,0.0,0.0,0.0,0.0,0.003904940853337507,0.0009745318870222207,0.0
CLEC2D_KLRB1,0.0,0.0,0.0,0.0,0.0,0.0,0.0,0.0,0.0,0.0,0.0,0.0
CLEC2A_KLRB1,0.0,0.0,0.0,0.0,0.0,0.0,0.0,0.0,0.0,0.0,0.0,0.0
CLEC2B_KLRB1,0.0003606709244839739,0.0,1.3678421282462623e-05,0.0,0.0,0.0008783654526996142,0.0,0.0,2.883061655760001e-05,0.0,0.00039957368589563024,0.0
CLEC2C_KLRB1,0.0,0.0,0.0,0.0,0.0,0.0,0.0,0.0,0.0,0.0,0.0,0.0
CD209_CEACAM1,0.0,0.0,0.0,0.0,0.0,0.0,0.0,0.0,0.0,0.0,0.0,0.0
CLEC2L_KLRB1,0.0,0.0,0.0,0.0,0.0,0.0,0.0,0.0,0.0,0.0,0.0,0.0
NFASC_CNTN1_CNTNAP1,0.0,0.0,0.0,0.0,0.0,0.0,0.0,0.0,0.0,0.0,0.0,0.0
CNTN1_NRCAM,0.0,0.0,0.0,0.0,0.0,0.0,0.0,0.0,0.0,0.0,0.0,0.0
CSPG4_ITGA2_ITGB1,0.0,0.005012809965586013,0.0,0.0,0.0,0.0011595831871713204,7.199097636594588e-05,0.000987177429291278,0.0010313031934795914,0.0,0.0007654153234020418,0.0010013458179250032
DSC1_DSG1,0.0,0.0,0.0,0.0006593327198838373,0.0,0.0,0.0,0.0,0.0,0.0,0.0021791410651337403,0.0
CLEC1B_KLRB1,0.0,0.0,0.0,0.0,0.0,0.0,0.0,0.0,0.0,0.0,0.0,0.0
HLA-F_CD8B,0.0,0.0,0.0,0.0,0.0,0.0,0.0,0.0,0.0,0.0,0.0,0.0
HLA-A_CD8B2,0.0,0.0,0.0,0.0,0.0,0.0,0.0,0.0,0.0,0.0,0.0,0.0
CD274_PDCD1,0.0,0.0,0.0,0.0,0.0,0.0,0.0,0.0,0.0,0.0,0.0,0.0
PDCD1LG2_PDCD1,0.0,0.0,0.0,0.0,0.0,0.0,0.0,0.0,0.0,0.0,0.0,0.0
PECAM1_PECAM1,0.007466482311813644,0.005576289223151652,0.0,0.004668987664268135,0.0037937482963612667,0.0,0.0,0.0,0.0,0.0,0.001427079238697496,0.0016738384048089747
PVR_TIGIT,0.0,0.0,0.0,0.0,0.0,0.0,0.0,0.0,0.0,0.0,0.0,0.0
SELE_CD44,0.0,0.002059463650683152,0.0,0.001038346044658273,0.0006052832186444106,0.0011398104507361888,0.0005524753404822771,0.0,0.0,0.0,0.004620670716549853,0.0
SELE_GLG1,0.0,0.0009633779811174618,0.0,0.00033828759974161693,0.0001228936597130076,0.00041836086208360925,0.00018545240704704685,0.0,0.0,0.00017149974129558688,0.0006819429409047064,0.0
SELL_CD34,0.0002609934756802724,0.0,0.0,0.0,0.0,0.0,0.0,0.00020347366276342156,0.0,0.000253997475622458,0.001340271533678131,0.0
SELL_PODXL,0.0,0.0,0.0,0.0,0.0,0.0,0.0,0.0,0.0,0.0,0.0,0.0
SELL_MADCAM1,0.0,0.0,0.0,0.0,0.0,0.0,0.0,0.0,0.0,0.0,0.0,0.0
SELPLG_SELE,0.0,0.0001058525415835667,0.0,0.0,7.770280329101263e-05,0.0,0.00031439601022876086,0.0,0.0,0.0,0.0009497958253437404,0.0
SELPLG_SELL,1.0112257340052372e-05,0.0,0.0,0.0,0.0,0.0,4.870251256339906e-05,0.000392284725884696,0.0,0.0,0.000650588496051348,0.0
SELPLG_SELP,0.0003129257796332647,6.22006771256516e-05,0.0,0.0,0.0,0.0,6.091267430490889e-05,0.0,0.0,0.00032742308344998897,0.0012355938337053256,0.0
OCLN_OCLN,0.0,0.0,0.0011066115520576392,0.0015752470194485813,0.001459227517224573,0.00026247144427899403,0.0,0.0,0.0006686009862738782,0.0,0.0019622038581292678,0.0
NRXN3_NLGN2,0.0,0.0,0.0,0.0,0.0,0.0,0.0,0.0,0.0,0.0,0.0,0.0
JAG1_NOTCH1,0.0019278358817459995,0.00022291233752000071,0.0,0.0009463815011159084,0.00036027204572011137,0.0,0.000575383974428812,0.0,0.0011324784952252876,0.0,0.0035271441827616386,0.0003850204007636214
JAG1_NOTCH2,0.0034765662435564623,0.0032777374505839688,0.002234488363583914,0.004231732484210189,0.00011701075485152254,0.0,0.0,0.0008028996512613809,0.00021665248949252056,0.001569146304249346,0.0,0.0
JAG1_NOTCH3,0.00545005939885406,0.0027821738600460064,0.0,0.0045483579010082605,0.002846285677171392,0.0,0.0,0.002398845963027327,0.001140647322041412,0.0011334153743657342,0.0004256732859635443,0.0027518766453284932
JAG1_NOTCH4,0.00030497490618561007,0.000527219227984044,0.0002416756992624498,0.0024590606448294896,0.0,0.0,0.0,0.0005846991206962055,0.0,0.0010330748795209983,2.148923186290712e-05,0.0
JAG2_NOTCH1,0.000287368419162037,0.0,0.0,0.00011238066968398554,0.0,0.0,0.0004948438607687464,0.0,0.00039098887416264114,0.0,0.0028578119329437353,0.0013707115125070571
JAG2_NOTCH2,0.0032422861498177225,0.0013260398786698784,0.0,0.002756225916141437,0.0,0.0005710931783260053,0.0,0.0,0.0,0.00040619821797977147,0.0010072945865158747,0.0018887402025988787
SEMA4A_NRP1_PLXNA1,0.0,0.0,0.0002328937443465591,0.0001977567104694522,0.0,0.0,6.901759894794844e-05,4.160097236575532e-05,2.1920074686393643e-05,0.00010496309429748801,0.00036984514474871404,2.3935674709163533e-05
JAG2_NOTCH3,0.0012732405199021239,0.0,0.0,0.0026477430581938093,0.0005766292668508081,0.0002960866646508162,0.0,0.0003752572451292212,0.0,0.0005357720521891084,0.000539727072939514,0.001439374298971605
DLL1_NOTCH2,0.0,0.00022962904149415478,8.85873666631984e-05,7.245970684051557e-05,0.000557221861608042,0.0008456790519605495,0.0,0.0,0.0,0.0005082341710418606,0.0016370124179915441,0.0
NRXN1_NLGN1,0.0,0.0,0.0,0.0,0.0,0.0,0.0,0.0,0.0,0.0,0.0,0.0
NRXN1_NLGN2,0.0,0.0,0.0,0.0,0.0,0.0,0.0,0.0,0.0,0.0,0.0,0.0
NRXN1_NLGN3,0.0,0.0,0.0,0.0,0.0,0.0,0.0,0.0,0.0,0.0,0.0,0.0
NRXN2_NLGN2,0.0,0.0,0.0,0.0,0.0,0.0,0.0,0.0,0.0,0.0,0.0,0.0
JAG2_NOTCH4,0.0009852567090322868,0.0,0.0,0.0004499055232871997,0.0,0.0,0.0,0.0005272954954305208,0.0,0.0,0.0009739970542005823,0.0
DLL4_NOTCH3,0.001305857564847528,0.0016288242121095414,4.94858654146046e-07,0.00025674690191924,0.000351225662873221,0.00020705666300091562,0.0,0.0,0.001057530168640421,0.0,0.0,0.0
SEMA4A_NRP1_PLXNA2,0.0,0.0,0.0,0.0,0.0,6.637430093008364e-06,0.00012743445539684125,0.0,4.8702280112784614e-05,0.0,4.268325743179939e-05,0.0
SEMA4A_NRP1_PLXNA4,0.0,0.0,0.0,0.0,0.0,0.0,0.0,0.0,0.0,0.0,0.0,0.0
SEMA6B_PLXNA4,0.0,0.0,0.0,0.0,0.0,0.0,0.0,0.0,0.0,0.0,0.0,0.0
SEMA7A_ITGB1_ITGA1,0.0,0.0,0.0,0.0,0.0008036500743021669,0.0,0.0,0.0,0.0,0.0,0.0,0.00029230234455754285
SEMA7A_PLXNC1,0.0,0.0,0.0,2.1972308955664205e-06,0.0,0.0,0.0,0.0,0.0,0.0,2.6986692507087836e-05,0.0
SIGLEC1_SPN,0.0,0.0,0.0,0.0,0.0,0.0,0.0,0.0,0.0,0.0,0.0,0.0
THY1_ITGAM_ITGB2,0.0,0.001318194003859888,0.0,0.0,0.0,0.0,0.0,0.0,0.0004227605048068221,0.0006794044164437657,0.0013666835883957074,0.0
THY1_ITGAX_ITGB2,0.0,3.897844306555584e-05,0.0,0.0,0.0,0.0,0.0,0.00016310119472976744,7.331177290567878e-05,0.0015213511732968667,0.0011160105785137037,0.0
THY1_ITGAV_ITGB3,0.0,0.0,0.0,0.0,0.0,0.0,0.0,0.0,0.0,0.0,0.0,0.0
ITGA4_ITGB1_VCAM1,0.0,0.0,0.0,0.0,0.0,0.0,0.0,0.0,0.0,0.0,0.0,0.0
ITGA9_ITGB1_VCAM1,0.0,0.0,0.0,0.0,0.0,0.0,0.0,0.0,0.0,0.0,0.0,0.0
ITGA4_ITGB7_VCAM1,0.0,0.0,0.0,0.0,0.0,0.0,0.0,0.0,0.0,0.0,0.0,0.0
VSIR_IGSF11,0.0,0.0,0.0,0.0,0.0,0.0,0.0,0.0,0.0,0.0,0.0,0.0
CDH3_CDH3,0.004614821494843277,0.0,0.0007450915401469246,0.001975013463548335,0.0,0.0,0.0,0.0,0.0,0.0,0.003769758849894131,0.0
CDH12_ITGA1_ITGB1,0.0,0.0,0.0,0.0,0.0,0.0,0.0,0.0,0.0,0.0,0.0,0.0
DSC1_DSG3,0.0,0.0,0.0,0.002643894974320757,0.0,0.0,0.001234077194587767,0.0,0.00021589413221759422,0.0,0.00030471824673709337,0.0
DSC1_DSG4,0.0,0.0,0.0,0.0,0.0,0.0,0.0,0.0,0.0,0.0,0.0,0.0
SEMA6B_PLXNA2,0.0006503357429357574,0.0002111573205611242,0.0,0.0,0.0,0.0,0.0,0.0,0.0,0.0,0.0005733810849187492,0.0
SEMA4A_PLXNB1,0.00034389835125860985,0.0,0.0,0.0004501266845444487,0.00019307372920826093,4.436676592041602e-05,0.0031838095807535283,0.0,0.0006566244386351757,0.0,0.002022969489788631,0.00030203613720034277
SEMA4A_PLXNB2,0.0,0.0,0.00025439142308888795,0.0006957812867131378,0.0,0.00010523468556997288,0.0015689112326454035,0.00021494714649326408,0.0,0.0,0.0017018094794265745,0.0008928226343775214
SEMA4A_PLXNB3,0.0,0.0,0.0,0.0,0.0,0.0,0.0,0.0,0.0,0.0,0.0,0.0
SEMA4D_PLXNB1,0.0,0.0,0.0,0.00043270276491971294,0.0,0.0,0.0013427040772935831,0.0008721330220263126,3.68046211310738e-05,0.00021941889768121764,0.0002494601723707498,0.0007704301092542235
SEMA4D_PLXNB2,0.0007080448792633045,0.0005485156717344694,0.0,0.0012749936989653852,0.0,0.0,0.0,0.001725955456732592,0.0009258024557411561,0.001078034433634529,0.0014404939722611246,0.0
SEMA4D_PLXNB3,0.0,0.0,0.0,0.0,0.0,0.0,0.0,0.0,0.0,0.0,0.0,0.0
SEMA4C_PLXNB2,0.0,0.0,0.0003501906546119061,0.0005161658560689607,0.0002885793166557035,0.0005407667722715598,0.00014180261356188783,0.0007996004418444592,0.0010680538788633877,0.0017445050125716847,0.0011046968470508772,0.0028623440277356473
SEMA4A_NRP1_PLXNA3,7.510387728038504e-05,0.0,0.0,1.9471967978196713e-05,0.0,0.0,0.0,0.0,0.0001388371398136233,0.0006137253103731229,0.0,2.1227999876993823e-06
SEMA4G_PLXNB2,0.00018756968423299462,0.00037580805545252743,0.0,0.000488281046828832,0.0,0.0,0.0,0.0,0.00011966436496891057,0.0,2.8245498805500686e-05,0.00020536302698040323
SEMA6D_PLXNA1_TREM2,0.0,0.0,0.0,0.0,0.0,0.0,0.0,0.0,0.0,0.0,0.0,0.0
SEMA4D_CD72,0.0,0.0,0.0,0.0,0.0,0.0,0.0,0.0,0.0,0.0,0.0,0.0
DSC2_DSG4,0.0,0.0,0.0,0.0,0.0,0.0,0.0,0.0,0.0,0.0,0.0,0.0
DLL4_NOTCH2,0.0,0.0008208157840163663,7.937881555539561e-05,0.0,5.141820696257602e-06,0.0003460446273619714,0.0,0.0,0.0,0.0,0.0,0.0
HLA-E_KLRK1,0.0,0.0,0.0,0.0,0.0,0.0,0.0,0.0,0.0,0.0,0.0,0.0
HLA-E_CD94:NKG2A,0.0,0.0,0.0,0.0,0.0,0.0,0.0,0.0,0.0,0.0,0.0,0.0
HLA-E_CD94:NKG2C,0.0,0.0,0.0,0.0,0.0,0.0,0.0,0.0,0.0,0.0,0.0,0.0
HLA-E_CD94:NKG2E,0.0,0.0,0.0,0.0,0.0,0.0,0.0,0.0,0.0,0.0,0.0,0.0
RAET1E_KLRK1,0.0,0.0,0.0,0.0,0.0,0.0,0.0,0.0,0.0,0.0,0.0,0.0
HLA-DPA1_CD4,0.002450882311237482,0.0,0.0,0.00041653560089899977,0.0012026757603201851,0.0014544224395549395,0.0,0.0,0.0022500784327980183,0.0019167832625073841,0.008615338477144453,0.0
HLA-DPB1_CD4,0.001067280915221464,0.0024226544098221625,0.0,0.0,0.0012787598755250374,0.0003950655257717267,0.0,0.0,0.001021666331819955,0.0019208080136808741,0.009041074552850414,0.0
HLA-DQA1_CD4,0.0,0.000961506581407082,0.0,0.0,0.001534700517550519,0.00014221746352001288,0.00012787408781229516,0.0,0.0,0.0008336321100834971,0.0056170203057523726,0.0
HLA-DMA_CD4,0.0022218471195666724,0.0,0.0,0.0,0.0,0.0010379253059025094,0.0,0.0,0.00044172455115012787,0.0014381867537921582,0.0035013565529571447,0.0008033798142100965
HLA-F_LILRB1,0.0,0.0,0.0,0.0,0.0,0.0,0.0,0.0,0.0,0.0,0.0,0.0
HLA-A_KIR3DL1,0.0,0.0,0.0,0.0,0.0,0.0,0.0,0.0,0.0,0.0,0.0,0.0
HLA-E_KLRC2,0.0,0.0,0.0,0.0,0.0,0.0,0.0,0.0,0.0,0.0,0.0,0.0
HLA-E_KLRC1,0.0,0.0,0.0,0.0,0.0,0.0,0.0,0.0,0.0,0.0,0.0,0.0
HLA-B_CD8B2,0.0,0.0,0.0,0.0,0.0,0.0,0.0,0.0,0.0,0.0,0.0,0.0
HLA-C_CD8B2,0.0,0.0,0.0,0.0,0.0,0.0,0.0,0.0,0.0,0.0,0.0,0.0
HLA-E_CD8B2,0.0,0.0,0.0,0.0,0.0,0.0,0.0,0.0,0.0,0.0,0.0,0.0
HLA-F_CD8B2,0.0,0.0,0.0,0.0,0.0,0.0,0.0,0.0,0.0,0.0,0.0,0.0
HLA-C_KIR2DL1,0.0,0.0,0.0,0.0,0.0,0.0,0.0,0.0,0.0,0.0,0.0,0.0
HLA-DMB_CD4,0.00043421717474896127,0.0,4.452410330008277e-05,0.0,0.0,0.0,0.0002452528917238554,6.7010522561368e-05,0.0,0.0005752155989320297,0.0014429133463092596,0.0004268520912280259
HLA-C_KIR2DL3,0.0,0.0,0.0,0.0,0.0,0.0,0.0,0.0,0.0,0.0,0.0,0.0
HLA-G_LILRB2,0.0,0.0,0.0,0.0,0.0,0.0,0.0,0.0,0.0,0.0,0.0,0.0
HLA-F_KIR3DL1,0.0,0.0,0.0,0.0,0.0,0.0,0.0,0.0,0.0,0.0,0.0,0.0
HLA-F_KIR3DL2,0.0,0.0,0.0,0.0,0.0,0.0,0.0,0.0,0.0,0.0,0.0,0.0
HLA-B_KIR3DL2,0.0,0.0,0.0,0.0,0.0,0.0,0.0,0.0,0.0,0.0,0.0,0.0
HLA-C_KIR3DL3,0.0,0.0,0.0,0.0,0.0,0.0,0.0,0.0,0.0,0.0,0.0,0.0
DLL4_NOTCH1,0.000236402005369679,0.0,2.634599383591209e-05,0.0,0.00032807332026469846,0.0,0.0,0.0,0.000180108542291742,0.0,0.0003021070721459675,0.0
HLA-DQA2_CD4,0.0,0.0,0.0,0.0,0.0,0.0,0.0,0.0,0.0,0.0,0.0,0.0
HLA-DOB_CD4,0.0,3.4066294403756847e-06,0.0,0.0,6.479462309716539e-05,0.0002207970603709144,0.0,0.0,0.0,0.0,0.0004338917448240131,0.0
NECTIN2_TIGIT,0.0,0.0,0.0,0.0,3.815009937844037e-05,0.0,0.0001094356551861164,1.0999999844230692e-05,0.0,0.0,0.0003488269172655839,0.0
NEGR1_NEGR1,0.004781043186806104,0.0,0.0018220628720821454,0.001718582566317868,0.0,0.0015998728128402701,0.0,0.0,0.0016144996475692737,0.0017261954438526966,0.0,9.154929919433485e-05
LRRC4B_PTPRF,0.0,0.0,0.0,0.0,0.0,0.0,0.0,0.0,0.0,0.0,0.0,0.0
DLK1_NOTCH1,0.0,0.0,0.0,0.0,0.0,0.0,0.0,0.0,0.0,0.0,0.0,0.0
DLK1_NOTCH2,0.0,0.0,0.0,0.0,0.0,0.0,0.0,0.0,0.0,0.0,0.0,0.0
DLK1_NOTCH3,0.0,0.0,0.0,0.0,0.0,0.0,0.0,0.0,0.0,0.0,0.0,0.0
DLL1_NOTCH1,4.3035976512562154e-05,0.0,0.0,0.0004573491663636518,5.264226695587596e-05,0.0,0.00011509483831172447,0.0,0.0,0.0,0.0010356097631666482,0.0007202368517049636
DLL1_NOTCH3,0.00029877539037125093,0.0,0.00012767230606998582,0.0,0.0014540185278935698,0.0004378026063908866,0.00034078300006757913,0.0,7.298874899613786e-05,0.0008052179287105045,0.003356974492977852,0.0
DLL3_NOTCH1,0.0,0.0,0.0,0.0,0.0,0.0,0.0,0.0,0.0,0.0,0.0,0.0
DLL3_NOTCH2,0.0,0.0,0.0,0.0,0.0,0.0,0.0,0.0,0.0,0.0,0.0,0.0
DLL3_NOTCH3,0.0,0.0,0.0,0.0,0.0,0.0,0.0,0.0,0.0,0.0,0.0,0.0
NECTIN3_TIGIT,0.0,0.0,0.0,0.0,0.0,0.0,0.0,0.0,0.0,0.0,0.0,0.0
NECTIN3_NECTIN1,0.0,0.0,0.0,0.0,0.0,0.0,0.0,0.0,0.0,0.0,0.0,0.0
HLA-DQB1_CD4,0.0015523474673823476,0.0004964413184487895,0.0,0.00017258754669202962,0.00019771099774532855,0.00113737326133188,0.0002697684917525891,0.0,0.0,0.00012426773612054222,0.008317841414937324,0.0007698384457231038
HLA-DRA_CD4,0.0037228340502107873,0.0,0.0,0.0020713144954935103,0.000694724511254826,0.0005784539427022131,0.0,0.0,0.004162033432680581,0.0018571865565317621,0.004614596799654144,0.0022886200473392878
HLA-DRB1_CD4,0.003909317784943707,0.0,0.0,0.0018254578844431302,0.0008936432378962222,5.771774527296394e-05,0.0,0.0,0.0036930341019366106,0.0022550944747299355,0.005069919973652841,0.0010214744444340534
HLA-DRB5_CD4,0.0,0.0,0.0,0.0,0.0,0.0,0.0,0.0,0.0,0.0,0.0,0.0
MPZ_MPZL1,0.0,0.0,0.0,0.0,0.0,0.0,0.0,0.0,0.0,0.0013830899224683106,0.0010281972806895376,0.000852410478249469
HLA-DOA_CD4,0.0,0.000524586298239788,0.0,0.0,0.0,0.00020164520395840027,2.4044454237296447e-05,0.0,0.0,0.0,0.0012985239352084584,0.0
MPZ_MPZ,0.0,0.0006332171563641872,0.0,0.0,0.0,0.0,0.0,0.0,0.0,0.004968689738659741,0.001759470369636776,0.0032406450157542012
NCAM1_FGFR1,0.0,0.0,0.0,0.0,0.0,0.0,0.0,0.0,0.0,0.0,0.0,0.0
NECTIN1_CADM3,0.0003951450963921263,0.0004909276918755876,0.0001342292403054311,0.0,0.0,0.0,0.0,0.0,0.0005851718378748305,7.435545009548831e-05,0.000613520508681908,0.0
NECTIN1_NECTIN4,0.0,0.0,0.000834595001631829,0.0006741405591918429,0.0004530543840985702,0.0,0.00016621743617296097,0.0,0.0,8.051042150987006e-05,0.0009261838052484341,0.0
MPZL1_MPZL1,0.009592295893476715,0.0,0.0014043679246576236,0.0016526356861701116,0.0007128922269447619,0.0,0.0,0.0,0.0004239262448354865,0.0,0.0,0.005426815585232834
VCAM1_INTEGRIN_ADB2,0.0,0.0,0.0,0.0,0.0,0.0,0.0,0.0,0.0,0.0,0.0,0.0
