spot,Topic_1,Topic_2,Topic_3,Topic_4,Topic_5,Topic_6,Topic_7,Topic_8,Topic_9,Topic_10,Topic_11,Topic_12
AAACCGGGTAGGTACC-1,0.0,0.0,0.0,0.056367622028029495,0.0,0.0,0.0,0.0020412394286406124,0.0,0.0,0.050218576848131545,0.00038378555728221044
AAACCGTTCGTCCAGG-1,0.0,0.04798461994423218,0.006820088068896102,0.0,0.0,0.0006697148984803989,0.0007919957111357895,0.0,0.0,0.011475019889316528,0.06920736155148408,0.0039975288001950875
AAACCTCATGAAGTTG-1,0.0,0.0,0.15457523176273263,0.0033087001892200267,0.0,0.0008115824529066535,0.0006182324403752688,0.0,0.0014760822202685158,0.01886815965412356,0.018811768560509094,0.000791150199479947
AAACGAGACGGTTGAT-1,0.052238857186488685,0.0,0.08520762264938507,0.0,0.0003854536156898728,0.0,0.0,0.0,0.0,0.0,0.0,0.0
AAACTTGCAAACGTAT-1,0.0,0.0,3.0432840028882747e-05,0.0027127948136146185,0.0,0.0001777106108795948,0.0010647057857187186,0.0,0.0046695035370990165,0.0,0.015117369634637364,1.550994520452851e-05
AAAGACTGGGCGCTTT-1,0.07263781645659986,0.09110323664447081,0.0,0.0,0.0,0.0,0.0,0.0015143103871974519,0.0,0.059935665234234096,0.05240139231625574,0.0
AAAGGCTCTCGCGCCG-1,0.01269955654869827,0.011557496758564835,0.04560645167118981,0.06654207918306683,0.0,0.0,0.0,0.0,0.08974393292484238,0.0,0.06356031560958215,0.013713055255967525
AAAGGGCAGCTTGAAT-1,0.0,0.0937189602793506,0.004560153385932976,0.0,0.0,0.0,0.0,0.0063216796390648125,0.0015387226439449132,0.11444095947341192,0.08264284015352184,0.0010197382862385013
AAAGTAGCATTGCTCA-1,0.0,4.6918490791594764e-05,0.0,0.0002723191265418631,0.0,0.0,0.000996516979623799,0.0,0.00232133651470694,0.0,0.0046550728109188535,0.0
AAAGTCGACCCTCAGT-1,0.0,0.0,0.026205041296842327,0.03340704258321484,0.0,0.0003516769358283786,9.174137322692142e-05,0.0,0.0,0.0035917313486023865,0.019868585877511197,0.0009765393749841611
AAATACCTATAAGCAT-1,0.031781514868825994,0.0,0.0,0.06412041690682525,0.00013838511908367823,0.0,0.0,0.0,0.0,0.0021755316538619013,0.0161158921068358,0.0
AAATCGTGTACCACAA-1,0.0,0.0,0.0,0.0,0.0016080625212830865,0.0,0.16136025324794534,0.005378358537183964,0.0,0.02577238665883034,0.04475389741637545,0.0
AAATTAACGGGTAGCT-1,0.0,0.0,0.06306660438407408,0.0018040784744608543,0.0,7.744223512082595e-05,0.11253769012151522,0.0,0.0,0.0,0.05654816302604437,0.003584313518581056
AAATTAATAAGCGCGA-1,0.0,0.0007824914298294481,0.0,0.0,0.0,0.0,0.0003835926684189547,0.0,0.0009230944109397659,0.0,0.007813399918185611,0.0
AAATTACCTATCGATG-1,0.0,0.0,0.12444127587754512,0.08001794970497215,0.0,0.0,0.0,0.0,0.0,0.0,0.0,0.0
AAATTGATAGTCCTTT-1,0.0,0.0,0.0,0.00038053740320984547,0.0,0.00012409457405222808,0.000419142305182367,0.0,0.00012354279040964445,0.0,0.00819687512862811,0.0
AAATTTGCGGGTGTGG-1,0.011549993237492498,0.0,0.0,0.08223801877344415,0.0,0.0,0.0,0.0,0.0,0.0,0.09496203673126333,0.0
AACAATTACTCTACGC-1,0.07640582068600278,0.0,0.0180423785045944,0.0,0.30294877914327156,0.00231701757104228,0.0,0.005381583082667646,0.003739571988812438,0.13325117842854015,0.009882981352673653,0.0023448839759264164
AACACGAGACGCGGCC-1,0.0,0.012153684604560186,0.0,0.0034521080886534806,0.0,0.0,0.015193464969008552,0.0,0.04925681669911342,0.0,0.030708699994259948,0.00046315443059606875
AACAGGATGGGCCGCG-1,0.008355522593739641,0.0,0.10342452602176254,0.004975924763544614,4.774792758746096e-05,0.00024911777987696106,0.00034787250679192076,0.0,0.002624215665483655,0.002199267296505285,0.026556655348915572,0.003457168669164366
AACCAAGACTTCTCTG-1,0.0,0.0,0.0,0.11140091183275452,0.002468270228872388,0.0,0.3446507362461401,0.005609570739312139,0.0,0.053369262011356805,0.0,0.0
AACGATATGTCAACTG-1,0.0040347175993678,4.738342865106897e-05,0.0,0.02615909727317543,0.0013938019482855348,0.0007143843177710045,0.0,0.0024838342176334753,0.0,0.050782181349746026,0.007548337280168318,0.022521078582948113
AACGCGGTCTCCAGCC-1,0.0066806143051063,0.000643124499368604,0.0007960811424107897,0.0,0.0009159560953939665,0.0038783671853109733,0.0,0.0022595810418597198,0.0002538430442397105,0.06988001708883054,0.013239204757194747,0.0062531323990268695
AACGGCCATCTCCGGT-1,0.0,0.1726298308905266,0.0,0.05507175241610568,0.0,0.0,0.0,0.0,0.0,0.0,0.035381615504624986,0.06392038373552389
AACGTACTGTGGGTAC-1,0.03257462727489425,0.0,0.0,0.0,0.0,0.0,0.0,0.0,0.0,0.0,0.08398393364652562,0.0
AACGTCAGACTAGTGG-1,0.0,0.0,0.0,1.4297321646547735e-05,0.0,1.797721031018606e-05,0.0,0.0,0.0,0.0004771949294118268,0.007028273381470854,0.018463029334925194
AACTAGGCTTGGGTGT-1,0.016820211242904018,0.06845964306676805,0.004459995835472541,0.04972903834658911,0.0,0.0,0.0,0.0,0.0,0.0,0.05117640350398323,0.0
AACTCAAGTTAATTGC-1,0.0027582526600258878,0.0,0.0001927756987554842,0.0,0.0,0.0,0.0,0.0003989587074973061,0.0,0.0031370475113327813,0.016266874702529167,0.001696961916643764
AACTCTCAGTGTGCTC-1,0.0,0.01490688549473336,0.0,0.008574836473868011,0.0,0.0,0.00018099819470284123,0.0,0.05172120662980881,0.0,0.05986846015678075,0.005790709475070886
AACTGGGTCCCGACGT-1,0.0008468615287888245,0.0,0.0,0.10050083476967897,0.0,0.0006569651564878679,0.0,0.0005758175184664401,0.0,0.0,0.002109599224957194,0.0015351372014789804
AACTTGCCCGTATGCA-1,0.045883852725077084,0.17087947746634707,0.03680424337956508,0.0,0.22217123109228207,0.003026334892151933,0.0,0.012282705048823192,0.0,0.11574430571361684,0.11183828664728579,0.0
AACTTTACGGGAGCTT-1,0.0,0.0,0.0,0.003754045578527239,0.0,0.0,0.0011684675202948585,0.0,0.0025790137937689687,0.0,0.0078373491182896,0.00819648411650826
AAGAGATGAATCGGTA-1,0.04116713327924231,0.06914383184021307,0.16354265039973453,0.0865647539646068,0.00191292629289258,0.0001366894026068692,0.0,0.009492094616804876,0.0,0.06959723135848621,0.027511763869746644,0.055407054726439184
AAGAGGATGTACGCGA-1,0.0014064982495325966,0.0,0.0,0.052965617510919834,0.0,0.0,0.0,0.0025916314157999523,0.0,0.0033098421932114316,0.025047649575301194,0.02175649325133886
AAGAGGCATGGATCGC-1,0.0281830697191297,0.0,0.0,0.0,0.0027621454859612245,0.0,0.0003936500858184049,0.0030288321222128457,0.0,0.014159736204194511,0.04337859566450385,0.050051941174698494
AAGGGACAGATTCTGT-1,0.0,0.0,0.0,0.11203829108498674,0.0,0.0,0.0,0.0,0.0,0.0006594546536262914,0.0,0.0
AAGTAGTGACGCGAGG-1,0.08441375410300157,0.0,0.0,0.07861637807842844,0.0,0.0,0.0,0.0015782021387913097,0.0,0.012494416775605297,0.005527782145024252,0.008808390888178903
AAGTGACGACCGAATT-1,0.0012123041983525208,0.0,3.7510870307229834e-06,0.003302412255211531,0.0,3.961178892535786e-05,0.0,0.0,0.0003154172040235575,0.0031864738791216205,0.017550075230774186,0.001171518560225612
AAGTGCGTTAGAATCT-1,0.0,0.009656024615727635,0.0,0.00226454363887342,0.0,0.0,0.018185858053743318,0.0,0.011380462331167214,0.0,0.015284778205413765,0.0
AAGTTCGGCCAACAGG-1,0.0,0.0,0.0,0.10337926753907616,0.0,0.0,0.0,0.0,0.0,0.003814307362494213,0.0011997069916975954,0.0
AATAACAACGCTCGGC-1,0.0,0.0,0.0,0.00014656919968067928,0.0,0.00027086831027092035,8.872320679518705e-05,0.0,0.001047033520354672,0.009443027804214257,0.013279534885797223,0.0
AATAACACTAGAACAA-1,0.0007763445322627571,0.0,0.0,0.011364605218790584,0.0012421925262241945,0.0,0.024560185844795437,0.0,0.04956017264526049,0.0003034956027218012,0.01424909978028579,0.0019617680236887363
AATAGAACAGAGTGGC-1,0.0034556534371861566,0.030092361496906063,0.008399872438005643,0.0015731345041618426,0.0,0.0,0.045313583918089574,0.0,0.00035397816497812824,0.0,0.031318145849055616,0.0
AATAGTCCGTCCCGAC-1,0.0,0.0009341838067009171,0.0,0.0007707930212927712,0.0,3.247633114736182e-05,0.003960462134217629,0.0,0.002312540972858218,0.0,0.010498553308172356,0.0
AATATCGAGGGTTCTC-1,0.06184034567519892,0.0,0.0,0.0,0.0,0.0,0.00010974172896271207,0.0,0.0009512064774935844,0.0,0.0009403381566818228,0.0
AATATTGGAGTATTGA-1,0.03981707513090343,0.0,0.0,0.09608588306432876,0.00010008640768197007,0.0,0.0,0.0,0.0,0.0,0.006354555735127715,0.13149052742472367
AATCGCCTCAGCGCCA-1,0.020994729049318598,0.0,0.0,0.06271974802916204,0.0,6.190063224671427e-05,0.0,0.0,0.0,0.0,0.0,0.0
AATCTCTACTGTGGTT-1,0.004919875812991812,0.0,0.0,0.01716509731903629,0.0,0.0,0.005721280355576329,0.0,0.013041809688231265,0.0,0.006116515584773864,0.0
AATGACAGCAATGTCT-1,0.0,0.0,0.038538204337961166,4.462907092382142e-05,0.0,0.00027398565588421584,0.00026079712413965814,0.0,0.0,0.0,0.06089969736674588,0.0
AATGATGCGACTCCTG-1,0.08204799537773921,0.0,0.0,0.00020748568758311488,0.0,0.0,0.0004366090733821359,0.0,0.0014256548479262676,0.0,0.0,0.0
AATGGTCCACCGTTCA-1,0.09554871546248163,0.0,0.042831756499433174,0.06559900369623772,0.0,0.0,0.0,0.0,0.0,0.00181537383331213,0.0,0.09920773943738463
AATTAAAGGTCGGCGT-1,0.0,0.0,0.0,0.09196181043859289,0.0006369860898901432,0.0,0.0,0.00045643438443860506,0.0,0.0,0.0030337018682845877,9.458979828208777e-05
AATTAGCGCTGCAGCG-1,0.0,0.0,0.0,0.14497751423239527,0.0,0.0,0.0,0.0,0.0,0.0,0.010241954018858836,0.05145023437548778
AATTCTAGAGTTAGGC-1,0.0,0.0,0.03281785004029919,0.007382205976230078,0.13449042119355095,0.00022623463955758738,0.0034814619698283217,0.001676824858364113,0.008310078458588228,0.0,0.02867609991862925,0.029915833628309813
AATTGAACGCTCTGGT-1,0.0,0.0,0.0,0.0206050428984656,0.0,0.0,0.0,0.0,0.0,0.0,0.0,0.0
ACAACGGTCCCTGCGA-1,0.03504090368533165,0.0,0.07317546786824565,0.0,0.0014953516899296154,0.0003628059452038376,0.0,0.007547558286446835,0.0,0.026865002641448633,0.053694214884694454,0.0004682769497557775
ACAAGCAGTGCCTAGC-1,0.04605957035149961,0.0,0.00045011498199348896,0.029005242299272503,0.0001924947156018125,0.0002866306278187349,0.0,0.00161479986384612,0.0003155512581363898,0.013543837564368695,0.01943307847006185,0.007444898432440356
ACAAGGACAAGAGGTT-1,0.0,0.00012682010387880295,0.09856841901846952,0.0,1.2604701747510272e-05,6.277604466269926e-05,0.0,0.0019654494926426777,0.0,0.001820280194633288,0.0,0.00015273258594493956
ACAATAGTCGTACGTT-1,0.0,0.06756221939628757,0.0,0.0,0.0,0.0,0.0,0.0,0.0,0.009686782000548249,0.05738968899328622,0.056317481328737894
ACAATCCATTTAAACC-1,0.0,0.0,0.0010136325571111552,0.0015992129737765644,0.0,0.00010945545931795681,0.0,0.0018622170751005146,0.0,0.017265114987235288,0.00800776441717747,0.009140436055088798
ACAATTTAGGAGGCTC-1,0.0035867040135896975,0.0,0.0,0.015589073849549486,0.0,0.0,0.004970084641274283,0.0,0.002618596898474642,0.0,0.018229170241924213,0.0019509773744512513
ACACTGATCAAGGTGT-1,0.0,0.0,0.0,0.0,0.0,0.0,0.0003280706210440546,0.0,0.0553256664721559,0.0,0.037498118803130386,0.0
ACAGGTGGAGGTGAGG-1,0.010792060734403492,0.0,0.0008599937703446343,0.0,0.0,0.0,0.0,0.0,0.0,0.0,0.05528363300105013,0.014223722029260734
ACATCAGCTGGGACGC-1,0.08093391313747059,0.0700028081455954,0.033329826986035975,0.039186985933892825,0.0984293641207121,0.0,0.14493890114865188,0.0015386449355242464,0.13769648957839095,0.0033011359658898834,0.03800376420586788,0.0
ACATCCCGGCCATACG-1,0.006141159093148071,0.03561528022853002,0.0,0.04629213331908234,0.0,0.08022701657366157,0.08920945241242649,0.00030333022628209607,0.09382765509059722,0.0,0.04816362954336895,0.0
ACATCGATCGTTTACC-1,0.0,0.011666721959235994,0.13274768839603,0.021496554026207343,0.041523449955888865,0.0,0.002521586133865538,0.0023945649520833714,0.07084833514710491,0.008486938326220541,0.05136711274221565,0.026240061492836374
ACATTAGTTTATATCC-1,0.006943199745017274,0.0,0.14178249343884072,0.012210975213949099,0.0,0.0006455885685404068,0.0014820359656630274,0.0,0.0,0.0,0.06909834053708584,0.0010290628798633964
ACCAACGCTTATTTAT-1,0.0,0.021100434564239715,0.004788641546058208,0.016081987790165855,0.0,0.0,0.050781606611978086,0.0,0.0031435682664198807,0.0,0.013697767681727464,0.0
ACCATATCCGCAATAA-1,0.014473511187457449,0.00033290751762074457,0.05810499967450622,0.0,0.004518912573055143,0.0009610307901479462,0.0,0.007758461727577518,0.0008386749218140271,0.044917251203348954,0.04658841824361649,0.002477797913145462
ACCATCCGCCAACTAG-1,0.0,0.0,0.0002867340054985391,0.001607359912021711,0.0,0.0,0.0004741749528394077,0.0,0.0,0.0,0.021384518501763296,0.0024201348186894036
ACCATCGTATATGGTA-1,0.01167552602140735,0.0,0.0,0.00016996948326893457,0.0,8.479416707314774e-05,0.0006569457042294157,0.0,0.0016947779713712408,0.003819225936198678,0.00842089167201547,0.0007394934899589372
ACCCACCTACATGCTC-1,0.01410861443426581,0.08878211105880393,0.0,0.0,0.18227138249592606,0.0,0.0,0.004156556718051426,0.197462905845898,0.10942772602921512,0.08677944829435824,0.0
ACCCATCTTGAGGGTA-1,0.0,0.0,0.0,0.0,0.0,0.0,8.922154818289167e-06,0.0,0.0,0.0,0.0006172767484047447,0.07279616043943027
ACCCGGTTACACTTCC-1,0.010771742617766613,0.0,0.0,0.06079119472036869,0.0,0.0,0.0003514777067979559,0.0,0.0012416020833502601,0.01050534617329012,0.02338919483953265,0.004025253192117962
ACCCGTGTCATCAGTA-1,0.0,0.0,0.0008573349443631929,0.00403454214675465,0.0,1.1717607044234703e-05,0.0017866503575348573,0.0,0.00244807381269044,0.0,0.012453635206771495,0.0009480981260470781
ACCCTATGCCATATCG-1,0.0,0.0,0.0,0.0005605635959288282,0.0,0.0,0.0003342385642104364,0.0,0.00043157750905563417,0.0007062097176526364,0.004651320537689684,0.0013183312872332336
ACCTAAGTACCTTTCA-1,4.246409953924234e-05,0.0,0.0004948989529613092,0.0005573985210545509,0.0,0.00013722985894942363,0.00011459149010759608,0.0,0.009671703155557305,0.0,0.022396913203979053,7.49536181928781e-05
ACCTAATCGACTTCCT-1,0.05896908797040665,0.0,0.0,0.0,0.0,0.0,0.0,0.0,0.292625991933983,0.04014666411591571,0.0,0.07909218273260127
ACCTGCGTGTCATGTT-1,0.0,0.0,0.0014087250578085574,0.0004914697124253209,0.0,2.5234253337218732e-05,0.0005422252255627433,0.0,0.002378401297886684,0.0,0.00877804948319973,0.0
ACGAAATGGGCGGCAC-1,0.0,4.052199178598952e-05,0.0,0.10420528266080205,0.0,0.0008373604783663659,0.0,0.0027713313885752364,0.0,0.013134383470712788,0.00697788056721865,0.0017205686992016343
ACGATCATACATAGAG-1,0.0,0.0,0.0004733704939707169,3.587785367144456e-05,0.0,0.0,0.0,0.00014260877343584829,0.0,0.0006022231702818771,0.012714153052152255,0.0014458415196006813
ACGCAATCACTACAGC-1,0.055878429473987794,0.0,0.0,0.0,0.0,0.0,0.0,0.0,0.0,0.0,0.0,0.019818882382733848
ACGCATTCGTGAGTAC-1,0.0,0.0380912075712212,0.06193959025691693,0.0,0.0,0.0,0.00032403204940658817,0.000601562849794517,0.004107681136614515,0.0,0.10761215832967053,0.004512671544538026
ACGCCGCTAGACGACC-1,0.013500497889271868,0.0,0.0,0.057246049273658756,0.0,0.0,0.007614174884873997,0.0,0.012859416465087599,0.0,0.0,0.04887243320636288
ACGCGAAGTCAGACGA-1,0.0,0.0,0.04298606717755304,0.02432844091415486,0.0,6.444012014609217e-05,0.0077290532696387545,0.0,0.012714366489167638,0.0,0.047518622314698576,0.0
ACGCGCTACACAGGGT-1,0.020836141806774372,0.0,0.0,0.05454587391913336,0.0,0.0,0.0,0.0,0.0,0.0,0.013922152536867296,0.00037924020901238073
ACGCGGGCCAAGGACA-1,0.0,0.0,0.062097660173525866,0.0,0.0,0.0,0.0,0.04861220616037076,0.03407570186756898,0.004650432396306633,0.030980541738023552,0.016001426106568087
ACGCTGTGAGGCGTAG-1,0.01015964645580036,0.001051485757096847,0.0,0.02143297613428777,0.0,0.0,0.03280070887936331,0.0,0.00015491902653883062,0.0,0.010766690756904852,0.0012354872553943827
ACGGCACTTGCTTGGG-1,0.005424836859501228,0.0,0.0,0.051158228560542314,0.0,0.0,0.0,0.0,0.0,0.0,0.08529626854140938,0.0
ACGGCCAACATGGACT-1,0.010717105458229058,0.09352558078179046,0.03215725909446125,0.07579704784695733,0.0,0.12690102460931385,0.0,0.0,0.0,0.0,0.09270131839410459,0.0
ACGGGAGTGTCGGCCC-1,0.0,0.0,0.004413710569493045,0.028107103886502005,0.0,0.0,0.0008389864495412217,0.0,0.0,0.0,0.018509727808517812,0.0
ACGTAGATTGCTGATG-1,0.01521120666051453,0.0,0.029156701962423197,0.01946461012691334,0.0,0.0,0.00024808426888402326,0.0,0.0,0.0,0.0,0.0
ACGTTAATGTCGAAGA-1,0.00501175100074068,0.0,0.006343592473476515,0.03872946714353908,4.00370206502927e-05,0.0,0.008299797547771853,0.0008517403129567781,0.16483189257558908,0.0,0.03185483404485202,0.007480921550303664
ACTCCCATTCCTAAAG-1,0.0,7.44837134865161e-06,0.0,0.00034444761780232645,0.0,5.862159759898443e-06,0.00018429207640077824,0.0,0.0005086802655044627,0.0,0.001598558016913954,0.0003529657643045782
ACTCCCTAGAATAGTA-1,0.057509774639047155,0.0,0.08084722573986225,0.08342724788233839,0.0,0.0,0.0,0.0,0.0,0.0,0.03378995214012665,0.0
ACTCGTAACCCGTCCT-1,0.0,0.0,0.0,0.0009774107256230076,0.0,2.3838323418554736e-05,0.0006387335436936334,0.0,0.0010662881085192206,0.0,0.004357436260046987,6.876898980683447e-06
ACTCGTCAGTAATCCC-1,0.0,0.0,0.08592293343087325,0.04543274966663752,0.0,0.00029757534546988535,0.0,0.002511983947648887,0.0,0.008938057713879722,0.0,0.004373580506073266
ACTCTCTGACTTAGGT-1,0.00021029855215716982,0.0,0.0002626083772208233,0.00021842678905417334,0.0,0.0,0.00020288020423709003,0.0,0.0,0.0,0.0010329950968553275,0.0007024637066529675
ACTGTCCAGGATTATA-1,0.008392344933627402,0.0,0.00033874321761325084,0.030353996702904115,0.0,0.00027761201873490517,0.0,0.0,0.0,6.50290672511907e-05,0.035041089156475795,0.0004967894402273656
ACTTATACTTACCCGG-1,0.00017705187046650019,0.0,0.0,0.0398541092594836,0.0,9.600812096656883e-05,0.0,0.0001335469956454043,0.0,0.0,0.0,3.341507791059992e-05
ACTTCGCCATACGCAC-1,0.028988660675750556,0.0,0.06189047424647077,0.0,0.0,0.0,0.0,0.0,0.0,0.0439000371172143,0.0,0.0
ACTTTGACTGCATCCT-1,0.00015908570491569214,0.0,0.0,0.006402706796322529,0.0,0.00020864388064880835,0.001275258829785309,0.0,0.0015449511604485318,0.0,0.016396185864040885,0.0010510429824890676
AGAACGTGGTACATTC-1,0.0,0.00013996007901799517,0.08305699864470663,0.0,0.0,0.0,0.0,0.0,0.0,0.0,0.0022605278711824457,0.0010578710273577159
AGAAGTGATTCGTGAT-1,0.0032519627806618222,0.0,0.0,0.030704334194607556,0.0,0.0,0.0002042327863302412,0.0,0.0,0.015947638119854186,0.02099869834966341,0.0
AGAATAAATCTTCAGG-1,0.0,0.06003562412797691,0.030892184795066266,0.058877627377467934,0.0,0.0,0.05255413504846182,0.0,0.03617708671551883,0.0,0.04271098616838517,0.0
AGACCATGGGATACAA-1,0.028072993495154068,0.09437434364144955,0.14634553569791944,0.0,0.09714698247221548,0.16906783436731113,0.0,0.0,0.0,0.0410678369976228,0.07783483152701917,0.008851608248905926
AGACCGGGAAACCCTG-1,0.0,0.0,0.0,0.0,0.0,0.0014788127634234385,5.8656283598371636e-05,0.0,0.0,0.00868806187798685,0.04944312031128446,0.0
AGACGACGATGCCGCT-1,0.0,0.0,0.0,0.0006705396457447545,0.0,0.0,0.0011003657557211363,0.0,0.0019702383300383153,8.735209191363863e-05,0.0063458592625014985,0.00026855806035411663
AGAGATCTCTAAAGCG-1,0.07836144271178369,0.00017734784696145245,0.0,0.0,0.0014435467669938126,0.0006934335748765713,0.0012532938803968621,0.0,0.0013963710322179774,0.020117695752647654,0.019503268828688664,0.05326592009902567
AGAGCAGTTATGAGAC-1,0.0,0.0,0.0,0.0,0.0,0.0,0.3374392820162254,0.0,0.0,0.23204406699665728,0.0,0.10085236508250377
AGAGCGTACAAGCTCG-1,0.01835626992562839,0.11738272038795242,0.10172961722721381,0.0,0.0,0.0,0.1536098727715986,0.2216942331064525,0.1120623815905983,0.06595042289815686,0.03747089524565326,0.0
AGATACCGGTGTTCAC-1,0.0,0.0,0.0,5.4811725654232843e-05,0.0,0.00012115288269674684,0.0,8.370855715656725e-05,0.0,0.00029488565561350987,0.0012554740403163476,0.00020745746698254614
AGATACTCAAGATCGA-1,0.0,0.0,0.019039368813392292,9.562324817779628e-05,0.0,0.0,0.0,0.0,0.0,0.0,0.005658622206932917,0.0
AGATTATAGGACGTTT-1,0.005353662908566333,0.0,0.0,0.0,0.0,0.0,0.0,0.0,0.0,0.11280247291731882,0.018479265926484155,0.0
AGCACTACCGGCCTGT-1,0.008706955771275976,0.0,0.0004654997390354027,0.04291180548815321,0.0,0.001217804870104806,0.0,0.0002504967838722345,0.0,0.00691662065420118,0.029015948008160625,0.005380391377378256
AGCACTTAAGGACGCC-1,0.012398139712517745,0.0,0.0,0.0,0.0,0.0,0.0,0.0,0.0,0.08921749879635907,0.0027635594645172017,0.08565019169254526
AGCAGCCAGATGAATA-1,0.0,0.0,0.0,0.0009532304559288055,0.0004707930098314702,0.0,0.04951043955326109,0.0,0.0013086953378088062,0.006806572292776928,0.018827354790446553,0.0
AGCATCGTCGATAATT-1,0.03832504497503515,5.590041004021054e-06,0.0,0.06754132180956696,0.0,0.002553645817092678,0.0,0.0037097715889714026,0.0020257064919035933,0.011384192839505215,0.0,0.0018430880849635222
AGCCCATACATGTAAG-1,0.005359964165974682,0.0,0.0,0.10849780400969515,0.0016823582888022522,0.0002166513296880505,0.0,0.0012535920048100957,0.0,0.02580332280500415,0.023930821180947512,0.048778446519482634
AGCGACAGGAACGGTC-1,0.0,0.0,0.0,0.016251980470650716,0.0,0.0,0.0,0.0,0.0009627194811668408,0.0,0.01986625940190106,0.0
AGCGCATAATGAATCG-1,0.0,0.0,0.0,0.014220345716996874,0.0,0.0,0.0016823613644540022,0.0,0.0011637421208850458,0.0,0.010973751155394097,6.679043895244788e-05
AGCTCTAGACGTTCCA-1,0.021054326494154965,0.09977892058178943,0.015150985538179602,0.0,0.0,0.0,0.0,0.0,0.16179554781183725,0.024968417410752845,0.02199113226718695,0.0
AGCTCTTTACTCAGTT-1,0.0576982803972551,0.0,0.0,0.001400382500229336,0.0,0.0,0.0010112147161344598,0.0,0.0013691495229494247,0.0,0.007334808475366441,0.0
AGCTTGATCTTAACTT-1,0.007430572746131809,0.0,0.0,0.0,0.0,0.0,0.0,0.0,0.0,0.00452911080327718,0.029636109763866502,0.07039881205706305
AGGACGACCCATTAGA-1,0.0,0.0,0.0,0.053759241609700935,0.0,0.0,0.0,0.0,0.0,0.0,0.0,0.0
AGGCCCTAGAACGCCA-1,0.023085718933046017,0.07713225623827344,0.020062560752976005,0.0,0.0,0.11928517570337692,0.00010684271417001351,0.0,0.0,0.0,0.06003886554644661,0.006849887713732624
AGGCTATGGTTAGCTT-1,0.004862471103335096,0.010947113266789179,0.01682598711015404,0.0,0.041776687091027075,0.0007233397284032525,0.0802656105837862,0.0051824816942539756,0.00148636917088959,0.013298679051697555,0.06810707764091267,0.0019893469338272997
AGGCTTCCCGAAGAAG-1,0.041135765680274036,0.060377152635539555,0.015722099835558178,0.0002866379283431978,0.00014454170109691822,0.0003426965184796846,0.0,0.00134657039488589,0.0,0.018294623203043172,0.08865453516193805,0.0
AGGGACTCTACGCGAC-1,0.002113301726306847,0.02171084073382732,0.02088172423135211,0.06324049867548337,0.013841972148822585,0.0,0.030626686291633974,0.06385910851708591,0.016108601545938763,0.0,0.03485517788537667,0.0003033161719085804
AGGGCGAGCAGCTGAT-1,0.001739371538497908,0.0,0.0,0.03243151042941884,0.0,0.0,0.0,0.039604522253027734,0.08243674123148738,0.0,0.016519740317639017,0.0
AGGGTTTAGTTCGGGA-1,0.0,0.0,0.025560170351709467,0.0,0.0,0.0,0.0001622229505759315,0.0,0.0010333677065951384,0.0016944248264286028,0.008095485035573502,0.00045069543089139465
AGGTAGGTACAAAGCT-1,0.0778584371473406,0.0,0.14814523813158276,0.08501648938415562,0.0005050244333471573,0.00041488201408268564,0.0005660639492924738,0.0,0.001016873371043561,0.0,0.006462546768282775,0.0
AGGTCAGGTGAGAGTG-1,0.0,0.0,0.0,0.0010988834153636386,0.0,4.513461364543564e-05,0.0014884933703698678,0.0,0.0036909853728025422,0.0,0.012185831297961646,0.0
AGGTCGCGGAGTTACT-1,0.0,0.0,0.0,0.11942179773800439,0.0,0.0,0.0,0.0,0.0,0.026514578268653652,0.0,0.0
AGGTGTATCGCCATGA-1,0.02764565676178531,0.0,0.012826320883378501,0.0,0.0,0.0,0.0,0.0,0.0008910423638082897,0.045608035392153676,0.0793223566896574,0.0
AGGTTGAGGCACGCTT-1,0.10025549976791047,0.15312374740867857,0.1289034599395589,0.0,0.17444478979139816,0.0,0.0,0.00415248923069524,0.0,0.003660620064988085,0.03165380941664163,0.08212356009053239
AGGTTTCACACACCTT-1,0.00556993115640301,0.0,0.009371867514086507,0.08558627825602039,0.05655099404554647,0.0,0.145351460520726,0.0,0.1833205269492476,0.0,0.0,0.02970718001585417
AGTACGGCCCGTATCG-1,0.014452890991796407,0.0,0.008711121573936194,0.03842468970836164,0.0,0.0,0.0,0.0,0.0,0.0036234159836715124,0.057092019948634824,0.0
AGTATTTGGCACGACC-1,0.0,0.0,0.0005638107139069117,0.0020986721116317206,0.0,4.8936646368796154e-05,0.0012337415339196752,0.0,0.001578736984052307,0.0,0.009227572544401017,0.0005577691053280999
AGTCAACACCACCATC-1,0.0,0.0,0.0,0.0003943425912337244,0.0,0.00021997859120827658,0.0004083861982274969,0.0,0.000793412550587952,0.0036566693080284252,0.006826690463502056,0.0004289317592241056
AGTCGGCTCAACTTTA-1,0.0,0.014124866211221979,0.0,0.014466703574886403,0.0,0.0,0.02152794658900468,0.0,0.029393525289773927,0.0,0.029218149815815185,0.0
AGTCGTGGGCATTACG-1,0.0,0.0,0.0,0.0009034046880997022,0.0,0.0002501389005849026,0.0007569634735905712,0.0,0.0066091913445501995,0.0,0.016384110403907876,0.001421699638472065
AGTCTCACAAGACTAC-1,0.0,0.0,0.0,0.00016669883513505457,0.0,3.0894527500097835e-05,0.0001959529618485054,0.0,0.0003020798816671803,0.0,0.00185035806605083,0.0
AGTCTTCTCCTCAAAT-1,0.07279019641764427,0.10004967086217469,0.0,0.0,0.12767498186853618,0.0,0.0,0.008774674623697997,0.0,0.01760123418153022,0.055283156671575726,0.022758078556134168
AGTGACCTACTTTACG-1,0.037593441304244836,0.0,0.08041416388560971,0.0774170852044316,0.0,0.0,0.0,0.0014735230512378772,0.003243177155948329,0.03979640803296672,0.07618624210157215,0.029191895175124154
AGTGAGACTTCCAGTA-1,0.030587544683327254,0.0,0.0,0.0,0.0,0.0,0.0,0.0,6.422847475869534e-06,0.0,0.0,0.03629070879461391
AGTGATATGAGTAGTT-1,0.01777691967575616,0.23459259543215882,0.0,0.07806660724117638,0.0,0.0,0.0,0.0038131741957446556,0.0,0.0,0.0585554853788749,0.0010914554274358453
AGTGCGTAGCTCGTAA-1,0.0,0.17736727482557452,0.10585884004241128,0.0,0.0,0.0,0.0,0.0,0.0,0.0,0.0,0.0
AGTGGCGGCAATTTGA-1,0.0003165099207724627,0.0,0.0007768891583951315,0.00030151639272825757,0.0,0.0008863630591669249,0.0,0.0013172081603051776,0.0,0.006432556073438572,0.008419756360393977,0.003411603021436903
AGTGGCTCCGTCGGCC-1,0.0,0.00010522561689947581,0.0,0.0005076510113971001,0.0,1.354033956935572e-06,0.04632222565452859,0.0,0.005798085403913537,0.0,0.015628934768172082,0.0
AGTGGTTGCGTATAGG-1,0.0,0.0,0.0,0.0,0.0,0.0,0.013751173648116734,0.0,0.04181772503544806,0.0,0.015814445001271105,0.0
AGTTAAACACTTGCGA-1,0.0,0.0,0.0,0.0,0.0,0.0,0.0,0.0,0.0,0.0,0.0,0.06483170667210586
AGTTAAGTCAACCGCT-1,0.0,0.0,0.0,0.0004853274087141741,0.0,0.0,0.001037137107307555,0.010124111781415859,0.002213396980456981,0.0,0.008162439804702087,0.0
AGTTCCTATTTATGTT-1,0.0,0.0,0.04367782648384954,0.14768046041444424,0.0002839654731851291,0.0,0.1426135005311712,0.004839587611199046,0.20574725574905572,0.03238065022059256,0.00858713188914076,0.0
AGTTTGGCCAGACCTA-1,0.008716119297406686,0.0,0.0,0.020132289780931442,0.0,0.00036841032825573434,0.0,0.0,0.0,0.0032314071235843792,0.0750933846618297,0.029045827057302968
ATAAACGGACCCGTAA-1,0.0024463431763862755,0.0,0.0,0.014334818563063637,0.0,0.0,0.0030489214053874155,0.0,0.00457190024904924,0.00196277265106771,0.030198511825900366,0.0036070173116739723
ATAAATATTAGCAGCT-1,0.0,0.00032627236838792803,0.0,0.08861210601527723,0.0006557835075610432,0.0032534343000625732,0.0,0.0,0.0,0.008941777843902987,0.0042485162587295195,0.00018679083422102152
ATAAGTTACCGCGACG-1,0.07307433327261764,0.0,0.0,0.021226961378619427,0.0,0.0,0.0013776902865255786,0.0,0.0031301983628018917,0.0,0.0,0.12095725796195286
ATAATAGCTGTTGAAT-1,0.0,0.06516289132652966,0.0,0.0001934388064136761,0.0,0.0014043365895579862,0.001987261932727224,0.00343341172307418,0.0038041536720290437,0.0,0.0492594611865842,0.031175216308784177
ATACCACGGGCAACTT-1,0.04428060175592712,0.0,0.16572256371695585,0.0,0.24451010804683077,0.0,4.6877859609385536e-05,0.0,0.0,0.032254393542482045,0.0,0.0
ATACGGTGAAGATGCA-1,0.024067529738772585,0.11754177930506093,0.0,0.029477488681800078,0.13473450281375718,0.1436037871956698,0.0008618625505834198,0.0,0.0,0.0,0.05862882980425967,0.007812996182977431
ATAGAGTTATCAACTT-1,0.0,0.0,0.08064145012846875,0.044144746134016,0.0,0.0,0.0,0.0,0.0,0.0,0.0,0.0
ATAGGCGGCTATAGAA-1,0.0,0.0,0.0,0.056664645151810494,0.0,2.2472402992542044e-06,0.0004127305693708957,4.3314763579247783e-05,0.0004823425081691994,0.0,0.0,0.0
ATAGGCTAGCTTCGCA-1,0.007062518138095852,0.0,0.0,0.0,0.19500331314428726,0.0024314838063424714,0.0,0.0,0.0,0.0,0.0,0.07713775633680049
ATAGGGATATCCTTGA-1,0.10520429774702508,0.21925737779780102,0.151477787950229,0.0,0.0,0.005272073248320931,0.0,0.0013511604716889354,0.0,0.05226692842221984,0.0,0.05756277489670503
ATAGTGAAGCGTTCTC-1,0.0,0.0,0.04355218920941646,0.013147912405295413,0.11593761246927604,0.0,0.0008520496452308023,0.0,0.0026685104248266056,0.0,0.0,0.07526316962953844
ATATCTTAGGGCCTTC-1,0.0,0.01741962732205086,0.04562557055547685,0.0,0.049615387427819645,0.0,0.0,0.0054659608720829195,0.0007221549502213521,0.011295114292011138,0.09588713536346466,0.04004805195980417
ATATTCAGTTAAACCT-1,0.0,0.0,0.0,0.036872111654970154,8.119503851847049e-05,0.0,0.0016254731614620127,0.0,0.0010210967845138198,0.0,0.008372152591294141,0.0
ATCAAACGAAGGTTTG-1,0.0,0.0,0.0,0.006086557738467042,0.0,0.0,3.834878770221169e-05,0.0,0.0,0.009982279824995317,0.025260142672937875,0.0
ATCACGTGCTAATTAA-1,0.0,0.0,0.07671952022227153,0.01464967072486645,0.0,0.0,0.0003310244914451796,0.0,0.0,0.0,0.07496212460862135,0.0
ATCACTTCATCCTCGC-1,0.051224729047216803,0.0,0.0,0.06315045759419777,0.0,0.0,0.0,0.0,0.2329814826957798,0.0,0.0,0.0
ATCAGACGGCACGCCG-1,0.07108509891595953,0.0,0.0,0.08147822716022608,0.0,0.0,0.00012278685159569094,0.0,0.0,0.0,0.0,0.0
ATCATCCAATATTTGT-1,0.03131787524188076,0.0,0.0,0.007968187963930118,0.14263029383681425,0.0,0.0,0.0,0.0004485034162960865,0.0,0.008217571658852597,0.0005363205822720865
ATCCAATGGAGGGTCC-1,0.0010215576020736286,0.11599990775211272,0.0,0.0026083524898608446,0.1702130417465554,0.0,0.0,0.0,0.0,0.06882990729907389,0.09775997117568665,0.03258351531385245
ATCCAATGGTACCGAA-1,0.00014079866852898583,0.0,0.0,0.00137388487074073,0.0,0.0,0.0010980429114217293,0.0,0.002202152697375628,0.0,0.006246649611550752,0.0003915265697130197
ATCCAGAGCAACAACC-1,0.008952224261384213,0.0023310564987194093,0.007268984168778636,0.1082749442124705,0.0053820466400826055,0.0,0.060190524267868716,0.0,0.013133602627423078,0.0,0.03291880177820286,0.0
ATCCAGGATTCGTGAA-1,0.03733006927132543,0.0,0.13856180051104613,0.06496368973431024,0.0,0.0,0.0,0.0,0.0005127420935849718,0.0,0.0,0.0
ATCCTACCTAAGCTCT-1,0.008578224072307516,0.0,0.0,0.033475240954764306,0.0,0.0,0.0,0.0,0.0,0.0009718674701802343,0.04435414255018964,0.003603999450367452
ATCCTGAATCGCTGCG-1,0.0,0.0,0.0,0.1700321223130927,0.0,0.0,0.0,0.0,0.0,0.0,0.0,0.0
ATCCTGCGTGGAATGG-1,0.09994935270372529,0.0,0.12396870426318278,0.0,0.0,0.0,0.0,0.0,0.0,0.001376506835757083,0.009314598672844602,0.0012674003792561123
ATCGACCCAATACAGA-1,0.0006171617238561001,0.07704446492344923,0.1121401142124478,0.08561772189745613,0.0,0.0,0.005875938092772133,0.0,0.01437115857461777,0.0057652005912974275,0.013739445672054325,0.04630477216612537
ATCGGTTACCTAGTAA-1,0.00011825797688015918,0.0,0.0,0.019134285828931,0.0,0.0,0.0011382602937361542,0.0,0.0036972415464627643,0.00016930209742732969,0.015697556900073274,0.007399654207244137
ATGAAGCCAAGGAGCC-1,0.06619806294760286,0.0,0.0,0.0713852677799311,3.0595667281172335e-05,0.0,0.0,0.0,0.0,0.0017577312540625629,0.0,0.056370778763858015
ATGACGCGTTCTATCC-1,0.0,0.0,0.0,0.000443261686819464,0.0,1.075273249913137e-06,0.0005256792019057856,0.0,0.0004565606559572589,0.00024854755618220647,0.010237364731306878,0.0006626777398082
ATGAGGAGTGTTAATC-1,0.06351411923117001,0.0,0.0,0.09748339386189367,0.0,0.0,0.0,0.0,0.0,0.09057670892783962,0.0,0.0
ATGATCGGGAATAGAC-1,0.05454273877223792,0.00021490263245602784,0.0,0.0,0.0,0.0,0.00020615153816126594,0.0,0.0003684649267141302,0.0003274179719523946,0.0053129154315557404,0.0
ATGATGCAATGGTACA-1,0.040911976575439504,0.0,0.0,0.0,0.0,0.0,0.0,0.0,0.0,0.1199562307165333,0.0030720351669266473,0.0
ATGCATGATCCAGGAT-1,0.0,0.0,0.0,0.0,0.0,0.0,0.12675528542700765,0.14555540722184318,0.0,0.04972572116375346,0.0,0.0
ATGCGACAGTCCCATT-1,0.008673001565037771,0.0415699169020923,0.024788190985807472,0.0,0.0,0.0,0.0,0.0,0.0,0.009622789639988832,0.0012017931458061877,0.0011747750604877757
ATGCTCAGTGTTGCAT-1,0.0,0.0,0.11136092010043169,0.0,0.0,0.0,0.0,0.004394190406294945,0.0,0.053586544684583896,0.04541200298085989,0.0
ATGGCAGCCGAGAAAC-1,0.015131029134429368,0.009089480748175303,0.0,0.023561434338930612,0.0,0.0,0.015087464976827024,0.0,0.0031975266644714965,0.0,0.015656356905067326,0.0
ATGTGAAAGCCTAATG-1,0.0,0.017319348600850583,0.0,0.01414217344587011,0.0,0.0,0.04801456934030026,0.0,0.04846323010621059,0.0,0.02046644988151778,0.0
ATGTTCGTCGACCCAC-1,0.0,0.0,0.0,0.11081110748216175,0.0012627195560034402,0.0,0.0,0.002347472087612826,0.0,0.01895704291422724,0.07748658682447572,0.0
ATTAAACATGCGGACC-1,0.01860204639040808,0.0,0.1131881288476559,5.557105742148472e-05,0.0,0.0,0.0024541814453898094,0.0,0.0074998356313536576,0.0,0.018301406333713067,0.046208131134615714
ATTAATACTACGCGGG-1,0.0,0.0,0.0,0.007792498478318706,0.18536635494072493,0.0,0.0,0.003804377197141012,0.0,0.04001340286706649,0.05189048488180044,0.0
ATTACGCGCTGGCAGG-1,0.016818557516006995,0.0,0.0,0.0,0.0,0.0,0.0,0.0,0.00031069262643861246,0.0008424081390519815,0.009892060124957597,8.496061981735202e-05
ATTAGATTGATAGCGG-1,0.0885691799393686,0.0,0.0,0.09856269088570163,0.0,0.0,0.0,0.001564469288143585,0.0,0.0028976903242148738,0.0,0.0014105704258188102
ATTATGCCATAGGGAG-1,0.0,0.0004018736336253627,0.0,0.09947980212386667,0.0003952688277683666,0.0005879323345012429,0.0,0.0035412307138636143,0.0,0.006758200362730213,0.0,0.0035329377408684116
ATTCAGTAGCAGGGTC-1,0.0,0.07164230799615919,0.0,0.015614751742784212,0.11803850452418763,0.0033826991920821374,0.0,0.006746858383765966,0.0,0.06207401279720028,0.027968940293418825,0.03234983441341992
ATTCATATACTGTCCA-1,0.03337941971445898,0.0,0.02813430388576126,0.028378315457694137,0.0,0.0,0.0034275322200781138,0.0,0.010640574865282339,0.0,0.04697283884332458,0.05403409387175683
ATTCCCACATAAACAA-1,0.004934066817095444,0.09853855635697865,0.016121575771468166,0.020946464921566436,0.0,0.0,0.0,0.008770370179568289,0.0,0.1326783167237993,0.10841446130303843,0.13014510455827286
ATTCGACGCCGGGCCT-1,0.010330222202553528,0.0,0.00070087795040018,0.0,0.0,0.00040591713683064626,0.0,0.0008324675303312313,0.00040798830488250474,0.014349527433324297,0.01874748939137608,0.00992106038188686
ATTGCTGCTCCTCCAT-1,0.009046847894700139,0.0,0.0,0.00047287969964539365,0.0002062153312628621,2.332923243759093e-06,0.0002419310621908794,0.0,0.0,0.0,0.0072569782061952404,0.0004917855464164464
ATTTAACTCGTATTAC-1,0.0002385700119849432,0.0,0.00015848780324598892,6.495407614453649e-05,0.0,1.9654527535038478e-05,2.1742018504560436e-05,0.0,0.0,0.00030712911130121256,0.0035802148303371952,0.0007966406240479823
ATTTACAGTTTACTGG-1,0.010039033356797766,0.0,0.0007505510995546252,0.0,0.0,0.0,0.0,0.0,0.0,0.05395161274509542,0.012889688160771006,0.0003624239499577946
ATTTCCGGGTTCTGCG-1,0.0,0.0,0.0,0.0006654660145920955,0.0,0.0,0.0006616436019591811,0.0,0.0020201677863859644,0.0038502422945605997,0.006568720235783772,0.0003449802451941855
ATTTGCGCGAGTAGCT-1,0.0,0.0,0.0,0.0014941917624735005,0.0,0.0,0.00098799635730199,0.0,0.001087669236378204,1.6283535197632973e-05,0.006037542327456883,0.0004086651039223064
ATTTGTTCCAGGGCTC-1,0.0,0.0,0.0,0.0,0.0,0.0,0.0,0.0,0.0,0.0541288254662001,0.0,0.0
CAAACGAGTATCGCAG-1,0.09852380918600484,0.0,0.0,0.15225364355950102,0.0,0.0,0.0,0.0,0.0,0.0,0.035674331914391115,0.0013482689364347315
CAAACGGTCGCACTTT-1,0.0,0.0,0.06915756947611451,0.08335553156679683,0.0,0.0,0.0,0.0,0.0,0.04505597051381683,0.0,0.0
CAAATCTCTCACAAGG-1,0.0031224919266619852,0.03568683508105141,0.0,0.016825245033536742,0.0,0.00045351811414278174,0.0,0.0,0.0,0.011066096203811692,0.08920949323287795,0.0076844887654473355
CAAATGTCCTTCCGTG-1,0.012507661241475607,0.0,0.00013940066003040842,0.0669566289650512,0.0,0.00024107308256058238,0.00021146940030419844,0.0,0.0036589993938668758,0.002290021324051218,0.02558405305340747,0.004485236910227031
CAACGACCCGTTTACA-1,0.05400207628601221,0.24006918358042456,0.0,0.11120300061356442,0.0,0.0022265097493473717,0.0,0.0026426278753300643,0.0,0.0,0.0,0.0001553028727760032
CAACTGCTCATCCGAT-1,0.0,0.0,0.0004876409463299929,0.0027409331854893696,0.0,4.407040904866292e-06,0.0013804296939544192,0.0,0.002085689636099352,0.0,0.00630084997252053,0.00017681780375441877
CAAGCACCAAATGCCT-1,0.03471616861388986,0.0,0.0,0.0,0.0,0.0,0.0,0.0,0.0,0.0010007205138746534,0.00756637481370629,0.0002366497626179115
CAAGGATCGCATGTTC-1,0.015773243222656084,0.0,0.0,0.04179275650866514,0.0,0.0,0.010307102249672344,0.0,0.017558142267055668,0.00036370378975172127,0.009615533614566709,0.0015269311267727475
CAATACGCTCTGAGGC-1,0.0,0.0,0.0,0.006362020060273575,0.0,0.00010698741553618995,0.0011599028055276608,0.0,0.002108671879739204,0.0,0.008760248378139969,0.0002671851523700874
CAATATTCTTGACCTA-1,0.0,1.7238703579013037e-05,0.0,0.0057579396002161295,0.0021514855832470317,0.0,0.008219465820444595,0.030079551779833347,0.026339333343175553,0.0,0.008984308257592851,0.0
CAATTTCGTATAAGGG-1,0.013734235984238796,0.033399027059073404,0.014130216189596699,0.0324667709691039,0.0,0.0,0.0,0.0,0.0,0.0,0.0419195241655419,0.00435779531278723
CACAATGAGCTGCTAT-1,0.009974218406536346,0.0,0.0,0.0,0.0,0.0,0.0,0.0,0.0,0.0,0.01632627452481459,0.10144950723004396
CACACAGGGATAGATT-1,0.011054562653179794,0.08143495171086244,0.12451857756437885,0.0,0.18116114141314704,0.0,0.0,0.0,0.0,0.0455476713638213,0.022511216310155797,0.04046904287788845
CACAGCACCCACGGCA-1,0.0,0.00021978387973946008,0.0,0.01996866612679342,0.0015448913530931503,0.0,0.0,0.005010200147446002,0.0,0.004486201564167176,0.022112000133134524,0.0
CACATATTAGCAGGAT-1,0.02307549495503025,0.0,0.0,0.06180218848272833,0.0,7.572984101147165e-05,0.0,0.0005733745063092299,0.0,0.0035562937943403455,0.0,0.0004242218115145945
CACCACGCCACACAGA-1,0.0,0.0,0.0,0.0016276348939741711,9.354670130314087e-05,0.0,0.00043198143244563443,0.0,0.0,0.0,0.01825073118064768,0.0005095087489082362
CACCCGGTTTGTGACT-1,0.0003421042101143565,0.021147273443621998,0.0,0.022409124883531684,0.004656379109271095,0.07648103284796627,0.036738703173027215,0.0,0.026825863931678212,0.0,0.03520259060034339,0.0
CACCGTTAGGGATCAC-1,0.0,0.0,0.0,0.0013938775820086088,0.0,4.798249031047742e-05,0.004302660182224461,0.0,0.001094226850268114,0.0006524654147547658,0.007311792755442268,0.0
CACCGTTGCGCGATAT-1,0.0,0.0647009924384913,0.0,0.0,0.1039965536259777,0.0,0.0,0.0055323925750956834,0.0,0.01387269902631596,0.08729410642370256,0.04248573505632455
CACCTAATCAGTTTAC-1,0.07643979581811086,0.0,0.0,0.0,0.0,0.0,0.0,0.0,0.0,0.16769499224786175,0.0,0.0914758524127209
CACCTCGATGGTGGAC-1,0.05656614310177835,0.0,0.08509482422048324,0.0,0.0,0.0,0.0,0.0,0.0,0.0,0.0023807009316687776,0.0
CACGAAAGTTAGTCCC-1,0.0,0.003602005766150321,0.0,0.0,0.005362890178335953,0.0,0.0,0.00022495582824259207,0.0,0.03889788616860378,0.005548777089131192,0.0
CACGGGATTGAGGGTT-1,0.008362497570650334,0.03341490480492556,0.029671614566166724,0.0,0.09221453741418875,0.0,0.0,0.0,0.12310632778068005,0.0,0.03193439581126993,0.02166812515647514
CACGTCGGCAACCTCT-1,0.0,0.0,0.0,0.009045285852334517,0.0,0.0,0.0,0.0,0.14579825425496615,0.02109579807702395,0.046329634128748985,0.01795248269821112
CACGTTCGTGCTCTAG-1,0.0004997479832833885,0.0,0.0,0.1409517491103772,0.0,0.0005870522109032185,0.0,0.0007163504854813951,0.0,0.0,0.0,0.0009081108749641011
CACTAAAGTTGCCTAT-1,0.0,0.0,0.0,0.07875777209207566,0.0,0.0,0.0,0.0,0.0,0.0,0.0,0.0
CACTCAAGAGCTATGG-1,0.0,0.0,0.0,0.0299646810452191,0.0,0.000435907212728014,0.0,0.0,0.0,0.0,0.047509979084675046,0.0
CACTCCTATGTAAGAT-1,0.0,0.0,0.0,0.0009525036510680005,0.0,0.0,0.00033437765509278467,0.0,0.0005658180883322699,0.0009683835687698199,0.005193738757483094,0.0007734290906974286
CACTCGGTTAGGAGGA-1,0.018383711238601077,0.05463556082766635,0.0,0.0023158290814145935,0.12137978755769173,0.0,0.0,0.0,0.0,0.0,0.08186754118634816,0.03485424720149309
CACTTCGCCACAGGCT-1,0.07508498809378325,0.06642329146634592,0.015900298427141028,0.0,0.10286730859175577,0.000755723536272208,0.0,0.0015477223253628047,0.0016594591558387562,0.0,0.0,0.0019413888086046958
CAGACACCGATCGCTG-1,0.003961421861870405,0.0037996375398715513,0.000729540723525082,0.0024722048049546537,0.006077045957511292,0.0,0.0014058342191200098,0.0,0.062300314156717274,0.0,0.059129129671551824,0.0
CAGACGAACCTGATAC-1,0.002955354831397941,0.009548481505108501,0.01473630796734938,0.08823846700683077,0.0,0.00042960568338341697,0.006155369653470057,0.0,0.007349315481446647,0.0005533758755214181,0.03809973066961663,0.0
CAGAGACGGTCACCCA-1,0.0,0.005800159979216375,0.0,0.03606574933208254,0.0,3.486980081476169e-05,0.00492725301607789,0.0,0.004536437362779809,0.009386638107555668,0.04672178599351536,0.0
CAGAGCATGAGCTTGC-1,0.0005996993583645725,0.0,0.00043763241385931517,0.0,0.0,0.0001897160718138588,0.0,0.0,0.0,0.0029956702085672865,0.008571122658260847,0.0015974927729022355
CAGAGGCGATGCATGA-1,0.0,0.0,0.0,0.0025661772949701948,0.0,0.0,0.004283760673218862,0.0,0.0014988842592047534,0.0,0.022608746168848844,0.0
CAGCCTCCTGCAGAGG-1,0.01539497544668773,0.0,0.057782124898050416,0.0,0.08940586552152317,0.0,0.0,0.0013178676457072146,0.0,0.02758228159183363,0.0,0.015015152340612986
CAGCGATTCCCTTCAA-1,0.0,0.0003842197890399501,0.0036130847714962353,0.04268442705271011,0.0,0.055680544715732465,0.0012295225479295095,0.0,0.0004787978299437877,0.0,0.01606337668586809,0.0002959604151932188
CAGCGCCAACACGATA-1,0.0,0.0,0.0,0.00034299966632337,0.0,0.0,0.00020549025330238082,0.0,0.0002675115363976901,0.0005314763282042152,0.0021023711053640244,0.0006833078466250223
CAGCTCACTGAGACAT-1,0.0,0.005471280204125351,0.02881567914920944,0.01689533466820873,0.0,0.0,0.0391566404444161,0.004262681768200847,0.07247679405823021,0.0,0.08249852532035801,0.005453093647440383
CAGCTGGCGTAACCGT-1,0.0,0.0,0.0,0.0032275867471046114,0.0,0.0,0.0017498713949267279,0.0,0.003206439816665281,0.0,0.005485777095883802,0.0002867587959644345
CAGCTTAGTAGGTAGC-1,0.004395594348592351,0.00015868406948926523,0.07105971289839931,0.008044927177007475,0.00011389290536668904,0.0012540970236860356,0.0,0.002465841554042573,0.0,0.016844917482627227,0.026651593916455874,0.008592686859347913
CAGGATATATCGTTGT-1,0.0,0.07246079911472576,0.01861549231294361,0.049673410869863016,0.0012961215744588012,0.1613276038677307,0.0,0.011437409779422196,0.20253006960378617,0.008307241489761677,0.08911576374510832,0.002973993403976381
CAGGCCGTTTGGGTGT-1,0.0028855848385546407,0.0,0.0,0.014715928539550836,0.0,0.0,0.000985758251113944,0.0,0.0008536842829789763,0.0008698438848216523,0.020047885372774344,0.03220500207262337
CAGTACCAGTTTACGT-1,0.0,0.0,0.0,7.413666865938221e-05,0.0,0.0010277550378148606,0.0003124759205363018,0.0,0.0005179750493759181,0.0,0.002085965184698144,0.0
CAGTAGCCCACGCGGT-1,0.033754269002190196,0.0,0.0,0.0,0.0,0.0,1.4552226446497622e-06,0.0,2.4136752403318364e-05,0.0,0.0,0.0
CAGTCGAGGATGCAAT-1,0.0,0.0,0.0,0.10280085549987704,0.0,0.0,0.0,0.0,0.0,0.03392438636101349,0.0,0.0
CAGTCTGTATACTGGG-1,0.04272541507534455,0.04434752735695688,0.020620596180531556,0.14705090349708286,0.0,0.0,0.014181550127133995,0.0013274916280672864,0.02692351041115367,0.0,0.04180202920398899,0.0
CAGTTCCGCGGGTCGA-1,0.03710651015752269,0.075565011403486,0.07419400484605873,0.03211447062042556,0.001584052189962853,0.0,0.0,0.20321114512683827,0.0,0.06782748916342668,0.06200261776484028,0.00014848340238642248
CATAAGCTCTCCGTCT-1,0.011504778568320927,0.0004006106863471795,0.0,0.016750167463098,0.0,0.0,0.005520881622064819,0.0,0.0006577938217396236,0.0,0.012100890286164062,0.0
CATACCCGTACCCAGT-1,0.0032078340619583405,0.0,0.08083226920001824,0.0,0.0,0.0,0.0,0.0,0.001048377531141706,0.050025809464473964,0.0011384999912605054,0.031003286129278187
CATACGGCGTCTGGGC-1,0.023653779290617304,0.0,0.03213205195095236,0.029483384512922917,0.0,0.0,0.0009539148328063676,0.0,0.0032891298590549145,0.0,0.010078189172587092,0.0
CATACTATGTAATTGT-1,0.0464165669727621,0.0,0.0,0.03374689620338994,0.0,0.0,0.0,0.0,0.0,0.0,0.0,0.0
CATAGCCGCCCGGGAT-1,0.03307897484770837,0.0,0.0,0.0,0.0,0.0026491809047544334,0.0,0.0,0.0,0.22256383580793498,0.032426078919174164,0.0
CATAGCGTTGCCCACC-1,0.0017174954810898722,0.0009583163818834131,0.0,0.021734466179414998,0.0,0.028484944905678572,0.0011662197063041218,0.0,0.0007269490157486722,0.0,0.011051364577606094,0.0
CATAGTCCACAAGAAC-1,0.002733630879456637,0.0,0.0,0.0896113222283735,0.0,0.0,0.0,0.0,0.0,0.0017102466322340278,0.05747875966895262,0.0017963866041532228
CATATAGGTACAGTCA-1,0.0003866237452068513,0.021521210095284238,0.10336263935939576,0.060577558224192925,0.0,0.0,0.0,0.14092203894690664,0.00048316137111711904,0.0,0.09097367546276626,0.06504388772568305
CATATGTCAGGCTACG-1,0.0,0.014605338298049799,0.0,0.011124215021287616,0.0,0.0,0.0017438271814996839,0.0,0.002431990277114157,0.0,0.01838546149755386,0.0060556509345983415
CATCGGACGGGTTAAT-1,0.013775409132104297,0.0,0.03454932294929993,0.018373552856656945,0.0,0.00032367482223612557,0.0019410928408147238,0.0005720361526144294,0.006204568077420617,0.001923644255242727,0.04212684512420026,0.0026904879941380497
CATGATGCACAATTCT-1,0.009267885675154922,0.0,0.0,0.00036808098795256726,0.2103067686289795,0.0,0.0009905920968137274,0.0,0.0,0.034456780645972004,0.020314426680857648,0.041369964834512836
CATGCCAACTCGCAAA-1,0.0,0.0,0.0,0.0,0.0,0.0006302286003025413,0.0,0.0,0.06573785046271108,0.0049039962244155745,0.05922854913465715,0.0
CATGCGACCAGTTTAA-1,0.0003973234864316245,0.0,0.0,0.08316711442932828,0.0,0.0003464026288129836,0.0,0.0,0.0,0.0,0.004877704001723608,0.0005109784407751806
CATGGTAAGTAGCGTT-1,0.02826691486155732,0.0,0.0,0.05394777884761105,0.0,0.00013139063709317298,0.0,0.000497958760518353,0.0,0.001263260269919386,0.0,5.4442210500279796e-05
CATGGTCTAGATACCG-1,0.03150248745196962,0.0,0.06013267420745917,0.0,3.182191213856523e-05,0.0,0.0,0.00043095783528720446,0.0,0.0,0.0,0.0
CATTGCGAAATGGGCG-1,0.0,0.0,0.0,0.0,0.05777688732740335,0.0,0.0,0.0,0.0,0.013493016700516695,0.045959249811451316,0.00919560389763056
CATTTGAGTGGTACGT-1,0.0,0.013179865889623794,0.0,0.09296055583713614,0.00027121037773404313,2.7330179989746195e-05,0.0011307156226387652,0.0,0.0,0.00020946152298567563,0.04898493631062321,0.0
CCAAACAGAACCCTCG-1,0.10247109144339596,0.15487061685560669,0.0,0.0,0.0,0.0,0.0,0.2078584114197359,0.0,0.0,0.0,0.0
CCAACGATGCACTGAT-1,0.05052021920024563,0.0,0.0,0.03534540786312205,0.0,0.0,0.0,0.0,0.0,0.06517042008969114,0.0,0.0
CCAAGAAAGTGGGCGA-1,0.00238286363851699,0.014071878178601678,0.0,0.015985316774374845,0.0,0.0,0.0029080353243001018,0.08719867739723883,0.04421916846523497,0.0,0.02775591616257728,0.0
CCAAGGAACAGAGAGG-1,1.5257930825901454e-05,0.0,6.513845805692798e-05,0.0002112278681046572,0.0,5.014717456329522e-06,0.0,0.0,0.0,0.00046898876617148595,0.002269525247358258,0.0007328679151231847
CCACACTGAGATATTA-1,0.003989476517130693,0.0,0.06285051957572188,0.0,0.0,0.0,0.0,0.0,0.0013248050624705642,0.04852213470220796,0.000992986682206596,0.043594933679872334
CCACCAACTTTACTGT-1,0.007027586556282753,0.07108268691818416,0.0008821548519000071,0.0594450910274917,0.0,0.00018695867562456577,1.3252772290229967e-05,0.0,0.0,0.0,0.041523472421950675,0.0
CCACCCAAGGAAAGTG-1,0.053994308148447356,0.0,0.12527008818175958,0.0,0.0,0.0,0.0001850422444866428,0.0,0.00016096215310458,0.0,0.0,0.0
CCACGGAGCCATAAGA-1,0.0,0.03283034472915387,0.0,0.03049308188892277,0.0,0.0,6.963796193424226e-05,0.0,0.0,0.0,0.055775329454436515,0.01082624346191638
CCACTGGTGGCTGGTT-1,0.015821247722654055,0.0,0.07928095620397815,0.01653213870439472,0.0,0.0,0.0007196499024496961,0.0,0.0,0.0,0.03345292564181984,0.0
CCAGAAAGCAACTCAT-1,0.0,0.0,0.0,0.0,0.0,0.0,0.017235470957556946,0.0,0.0012051838509101458,0.0018691371967526594,0.011703834035480393,0.0012566009003541876
CCAGCTGATGGTACTT-1,0.03175769845365851,0.0,0.0,0.007431159668605617,0.0,0.0,0.0,0.005785912263421236,0.0,0.020634290727888215,0.14667479848576817,0.06984608493496118
CCAGCTTCCGCCCGCA-1,0.042495902581613496,0.11702241346848562,0.0,0.0,0.0,0.00167175008033701,0.0,0.0,0.0,0.19099885018006577,0.0,0.04594572751429499
CCAGTCTTGTCATAGA-1,0.0,0.0,0.0,0.0,0.0,8.750189819591025e-05,0.0002911317489922904,0.0,0.00023373407523522092,0.0,0.0028163206793380205,0.0
CCATCGCAGTTAAACT-1,0.01125867805040595,0.0,0.0,0.03224888267842517,0.0,0.0,0.002174604072936485,0.0,0.0006847754721620646,0.0,0.03961413159060159,0.020871097238899582
CCATGCCTGTTTAGTA-1,0.07681006183032603,0.0,0.0,0.0,0.0,0.0,0.0,0.0,0.00017621596281623808,0.0,0.01648999167709638,0.0
CCATGGCCCTTGTACC-1,0.06064172337385017,0.0,0.0,0.0,0.0,0.00016470486221724736,0.0,0.0,0.0,0.003452968797155899,0.09785228584945399,0.0
CCATTCCCTGCCCACA-1,0.0,0.0,0.0,0.000701768916723762,0.00017144560223541865,0.0,9.138541182713078e-05,0.0,0.0,0.0,0.012071250709863457,0.0005745496871529068
CCCAACATACGTCGCG-1,0.06362659021394307,0.0,0.0,0.05576357844986895,0.0,0.0,0.001151848920915614,0.0,0.0011330293076681575,0.0,0.007007298010496111,0.0
CCCAATTTCACAACTT-1,0.018647113358954137,0.0,0.0,0.00034508871418051487,0.0,0.0,6.194765890795994e-06,0.0,0.0,0.0,0.005365000751368244,0.031132694107733155
CCCGACCATAGTCCGC-1,0.04098365604831689,0.0,0.06714170182393746,0.07126109302282883,0.0,0.0,0.0,6.691775211417734e-05,0.0,0.0,0.0,0.0
CCCGCAGCGCGAACTA-1,0.0,0.00010273662712105824,1.5417004888378237e-05,2.9892521075519272e-05,7.1694069509693e-05,0.0,0.00012877117237573187,0.0,0.0,0.0009646025669450148,0.0004993541015339736,0.00026325835012501675
CCCGGTGGAAGAACCT-1,0.05201263054311703,0.09848639674073473,0.0,0.0,0.0014779177302048075,0.0,0.0,0.008703464003572237,0.0,0.0986887477624355,0.09051188205688435,0.04758174577396263
CCCGTAAGTCTAGGCC-1,0.0,0.0,0.0,0.03644688914553846,0.0,0.0011297377552458015,0.0001289965500785651,0.002702073797107964,0.0,0.012490962830656338,0.009153653465155297,0.006015471593962944
CCCTGAAATGAGTTGA-1,0.031019094530901525,0.0,7.418558665379506e-05,0.0,0.0,0.0,0.0,0.0,0.0,0.0019600764736807754,0.008599927435953518,0.0009358516930654326
CCCTGACTAACAAATT-1,0.001736344061868659,0.0022037676024638992,0.0,0.046759319807181225,0.0,0.046177926550961215,0.0001924079665132524,0.0,0.0,0.0,0.02326977802914538,0.0
CCCTGCCCAATCCGCT-1,0.007182870033086978,0.0,0.004946434696719565,0.04204381351658576,0.002412495604975886,0.0017969240240664978,0.00013657962847922725,0.0,0.0,0.032959895029492925,0.06051042678701325,0.02435680788669396
CCCTGCGCTACGCATA-1,0.0,0.0029479952867741137,0.0,0.0,0.008976581702074285,8.591133497516663e-05,0.001855698616709614,0.003248404880520206,0.0,0.07597203317696247,0.014750915294607574,0.0
CCCTTTGACAGGTCTT-1,0.0,0.0,0.0,0.037768519166824915,0.005843759864743809,0.0,0.0626976704986369,0.0,0.06388326052279533,0.0,0.04968368291846826,0.0
CCGAACACTGGGCCTC-1,0.0028966336007988517,0.00157124111540236,0.0,0.020763348096657773,0.0,5.698975772057491e-05,0.0005913526024932644,0.0,0.00695243612137428,0.0,0.013219790485517373,0.0
CCGACAAAGGGAGTGC-1,0.009772894065402079,0.0,0.12295852096441326,0.0,5.984040836630551e-05,0.00026207211532406716,0.0,0.0,0.0,0.006794472603748463,0.012099560505818873,0.0012976511216995874
CCGATTCGAGGGACCC-1,0.0,0.0,0.0,0.09894501012957875,0.0,0.0,0.0,0.0,0.0,0.0,0.025893445498596835,0.0775195086434182
CCGCACAAAGACCAAC-1,0.0001190955539656751,0.0,0.00015638540615737766,0.00041227883118885307,0.0,0.00036672266363256165,0.0,0.0,0.00040664664654303307,0.004187579701502621,0.020744262256601746,0.00028539920651083473
CCGCACGTGACCTCGG-1,0.0,0.12032727786801779,0.0,0.02910593309572847,0.1731839397854917,0.0007467075352368147,0.0,0.0036467765625977583,0.0016702353271633092,0.15987706906474033,0.0017933893118029093,0.04055491259004331
CCGCGATTTGGTAGGT-1,0.0004730754654958024,0.0,0.0,0.005921796564496458,0.0,0.00012838329642988921,0.0007369989310782392,0.0,0.0013777811108901098,0.0,0.011187218165385615,0.0015523906432307725
CCGCGGAATGCGTCAC-1,0.01242032633843378,0.0,0.0006177959592756548,0.0,0.0,0.07460179862704519,0.00054891550286046,0.0,0.0,0.0,0.08209434620625697,0.0
CCGCGGGTACGAAGAA-1,0.0,0.24792886864547123,0.0,0.037092529184221276,0.296568985719849,0.0046770209078107585,0.0,0.0,0.0,0.019407241038445586,0.0,0.0
CCGCGTAGGTAAGGGC-1,0.0,0.0,0.00020825296753171392,0.0009894361790084272,0.0,0.0008483890590152645,4.3985675231585435e-05,0.0,0.0,0.01577375247148714,0.031279865770314816,0.0067084526599094476
CCGCTATCAGCACCAG-1,0.017618772841413378,0.0,0.07683439369041226,0.08737428311454593,0.0,0.0,0.0012659297226474333,0.0,0.17238005886323626,0.0,0.017116421647351946,0.056159367474218236
CCGCTTACCTCACTCT-1,0.0,0.0,0.025237332585922603,0.002507509573156764,0.0,8.980822342836427e-05,0.00023026829533585573,0.0,0.0,0.0005690281574526974,0.02723851078495002,0.0029352563001575965
CCGGAATGGTTTCAGT-1,0.028666636884046175,0.0,0.10484514054323234,0.0013835085966310296,0.0,0.0,0.0,0.0,0.0,0.04167710778788657,0.01594781758380351,0.0018279379273229905
CCGGAGCGTACTTTCT-1,0.0,0.0,0.0,0.0013184864537791625,0.0,7.229566915048844e-05,0.0005380166122467418,0.0,0.0005309454301648212,0.00010628211131716176,0.008300987732492441,0.0016004397070316985
CCGGGACCCGCAGAGA-1,0.07035818166281901,0.0,0.0,0.0,0.0,0.0,0.0,0.0,0.0,0.032409536624912916,0.004597596376196985,0.012885241981782234
CCGGGCTGCTCCATAC-1,0.0,0.0,0.0,0.0015773434412079844,0.0,0.0,8.172796231770518e-05,0.0,0.0,0.0019965491286620647,0.016040184276513,0.0027572662321517487
CCGGGTTCGAGGTTAC-1,0.01813595866727134,0.0,0.0,0.0,0.22671951965522824,0.0,0.0,0.0,0.00014047593035613028,0.0,0.02410285395795919,0.0
CCGGTTTGTAATTGTG-1,0.0,0.0,0.0,0.001083832725614358,0.0,0.0,0.0003161526088289913,0.0,0.00039854561022097,0.0014202750544410252,0.005791788786995731,0.0014324744610097696
CCGTATCTCGTCGTAG-1,0.0,0.0,0.0,0.0,0.0,0.0,4.760859844722058e-06,0.0,0.023220573501029206,0.0,0.002320349790992383,0.0
CCGTGTTAAATTCCAT-1,0.0,0.0,0.09819433497873206,0.070511440797973,0.0,0.0,0.0,0.0,0.0,0.0511831745233155,0.03232542366438921,0.0
CCGTTCCGAATCTCGG-1,0.008802143452040834,0.0,0.0,0.00020572022063188733,0.0,0.0,0.0,0.0,0.0,0.07777792717460341,0.031136782081258196,0.0
CCTAAATTAACGGTTC-1,0.01643007630971904,0.0,0.0032789950691236225,0.10851118967747506,0.0,0.0,0.01346066873172863,0.0,0.15202086050536262,0.0,0.009491081200972994,0.0049464770919073866
CCTACATTCACAGACG-1,0.0,0.0,0.0,0.0,0.0,0.0,0.0006554030299546202,0.0,0.03193651054369818,0.0,0.006723608797950248,0.0006022422903006056
CCTATACCGTCCTGTC-1,0.0,0.0,0.0,0.0003812277772542541,0.0,0.0,0.0013050929903424629,0.01580899031594696,0.001998588054102971,0.0,0.0038562503282938464,0.0
CCTCCGACAATTCAAG-1,0.06421271917384509,0.0,0.0,0.10727913098721772,0.0,0.0006440262981020221,0.0,0.0019941360456539755,0.00019933277678664302,0.007186197528756314,0.004278185513692475,5.956942154328574e-05
CCTCCTGAGCCCACAT-1,0.0,0.0,0.0,0.0033901778958082295,0.0,0.0,0.0012939942171211049,0.0,0.0018661810575996637,0.0,0.0078074747386931605,0.000142383164458887
CCTCGCGCTGTGCGAT-1,0.00037015544686604677,0.0,0.0,0.005542674217369336,0.0,6.346334651843506e-06,0.0003242434595264174,0.0,0.007723992241812379,0.0,0.006330116552602989,0.0009089863534551255
CCTCGGATGCTACCTG-1,0.041708779932272906,0.005096752590419273,5.9756699153229806e-05,0.08908900279310417,0.0,0.0,0.0017128287747500527,0.0,0.0026241546953083843,0.0,0.02699065609707637,0.0
CCTCTAATCTGCCAAG-1,0.0,0.0792337110127679,0.0,0.0,0.0,0.002448780603875414,0.0,0.0019078894820255073,0.0,0.09339650830114156,0.0,0.05605629628289699
CCTCTATCGATTAGCA-1,0.0,0.0,0.0,0.0008300643831271774,0.0,0.0,0.0004675229357463069,0.0,0.0,0.0,0.021223421372161804,0.0
CCTCTCTCCCATCTAG-1,0.047511430197072754,0.000477375798115177,0.08473962091480293,0.044429893849792776,0.0,0.0,0.0,0.0006021209406512296,0.00350110113207923,0.00019456559597566677,0.0,0.0
CCTCTGTACTATTCTA-1,0.04859688208882496,0.0,0.0,0.008429562968351047,0.0006128024456779035,0.0,0.0002418321572633383,0.0,0.0,0.012325604091108427,0.03505678199791516,0.0
CCTGAACGATATATTC-1,0.0,0.0,0.10019124815092628,0.10733826200900712,0.0,0.0,0.0,0.0,0.0,0.03429907481169944,0.0,0.0
CCTGACCACCGATGGT-1,0.0,0.0,0.05541114405360901,0.022109393875647688,0.0,0.0,0.0021530273221525504,0.002044423709662739,0.004256951788545893,0.0,0.05831042538267273,0.02597864676610105
CCTGCCCGTTGTCTAG-1,0.0,0.023643645300255478,0.012702004497052428,0.009377122781360239,0.0,0.07038454335384274,0.024757996748708905,0.0,0.0007383597418301161,0.0,0.036500597356480646,0.0
CCTGCGTTCTACGCTT-1,0.0030561121970561433,0.09174704425800852,0.0019691595504305326,0.029939208364876475,0.0,0.000536067456023962,0.18580790358710392,0.0,0.0,0.01559679905150639,0.04246407103259285,0.10861631429719647
CCTGTAAGACATGATA-1,0.0,0.0,0.0,0.06466783898250383,0.0,0.0,0.0,0.0,0.0,0.06363782776040894,0.0,0.0
CCTGTACTCACGCCCA-1,0.06293509399552877,0.17937901727874214,0.0,0.0,0.0,0.0007510822877035887,0.0,0.0,0.0,0.005961958350364549,0.035729528657929145,0.04648861019676183
CCTGTCGCCCGTAAAT-1,0.020318500868371715,0.04471051303092116,0.061616442029111505,0.02399073321697394,0.036814803668243,0.0,0.0,0.11117356825295908,0.06253982334536097,0.0,0.07713940230822691,0.02639805370506927
CCTTCTCAGCGTTCCT-1,0.0027231592764182934,0.009878045429947318,0.007148708112166945,0.025605987648994733,0.0,0.0,0.0,0.0,0.061672063091115475,0.0,0.012998442264309348,0.0
CCTTTAAGGGAGCACT-1,0.0,0.0,4.0350636380445165e-05,0.0012721406567256966,0.0,0.0,0.0007487153858959926,0.0,0.001047800189747422,0.0002687615627321128,0.010624396222727036,0.0005345938048718143
CCTTTCAATGAAGAAA-1,0.0004108131805389517,0.0,0.17899538691154956,0.012267349352395734,0.0,0.0,0.0,0.0,0.0,0.06306707455995181,0.0,0.0
CGAAACGCAATTCATG-1,0.022344007653932862,0.0,0.0,0.0538838152621365,0.0,0.0,0.0,0.0,0.0,0.0,0.0,0.0
CGAACCCGCATGCGTC-1,0.05420193468026557,0.06879917165723065,0.0006295782922408439,0.005984192287627717,0.002047329993819264,5.5398316453793915e-05,0.0037236785888797555,0.0,0.0032752915198481242,0.02610511459246576,0.03313108420135581,0.0
CGAAGACGGTGAGTGC-1,9.057861079374054e-05,0.0,3.179852764281665e-05,0.0,0.0,0.0,8.693472299624616e-05,0.0,0.0005817757138224176,0.0,0.0093372141334827,0.0
CGACAGTTCGCGTTAT-1,5.8079710085268665e-05,0.00018003877540349894,0.0005002958427276247,0.00012087649792082599,0.0,0.0,3.4339809336215136e-05,0.0006451882027482687,0.0,0.002495671746559462,0.0008771475037124018,0.0008620624502275944
CGAGACCCTAGAGTGT-1,0.0,0.0,0.00912629770858777,0.021944809888087426,0.0005713030882058961,0.17824911604081914,0.0021203689905711642,0.0007059996633041632,0.0033204860279286495,0.036810581829944844,0.006459074017230656,0.026700158027587774
CGAGCACTTCAAGTTT-1,0.0,0.024654544322802514,0.04996702642286771,0.0,0.00017625795623253955,0.0,0.0,0.002868821313235622,0.0,0.00517663305750216,0.08479307994555009,0.046314186250112334
CGAGGGACTGCGGTCG-1,0.008218466892495838,0.0,0.0,0.0007612567922382391,3.985958665903224e-05,6.520732404869208e-05,8.153455345081229e-05,0.0,0.0,0.0,0.03284021508158201,0.0024594358947739423
CGAGTACTAAAGAGGA-1,0.0,0.0,0.0,0.059988799008061644,0.0,0.0,0.00029492496697001487,0.0,0.0,0.0,0.0,0.0
CGATACCTCGCGGACA-1,0.0,0.0,0.10869315910375227,0.0,0.0,0.0,0.0,0.0,0.0,0.0,0.0,0.0
CGATCTGTTGGAGGAC-1,0.0,0.04575484928886224,0.029581959383847833,0.03297635720314911,0.0,0.00026174536631297894,0.0007242124344593738,0.0,0.0,0.004643697028965835,0.04008859546922641,0.0
CGCAAACACGAGTTAC-1,0.0,0.0,0.12256008424087753,0.038772876943329336,0.0,0.0004282796555327694,0.0,0.00030722498290439317,0.0,0.0,0.0,0.0
CGCAATTACTTTCGGT-1,0.009177427383407839,0.10656912651850282,0.0,0.0,0.15656507732154262,0.0,0.0,0.0,0.0,0.03638027816700793,0.02276296013098599,0.006652192890189031
CGCAATTCTACAATAA-1,0.0,0.12111015833063801,0.07491404593236531,0.030211109640766,0.09829467765549382,0.0,0.0,0.18948067138404737,0.0024498227380643357,0.008234207523608178,0.06209154682355537,0.06439247682346953
CGCATGGTGCGATGCT-1,0.006987572888547026,0.0,0.05203486814978565,0.0751319482989853,0.0,0.0,0.010530242107066,0.0,0.020999447704876474,0.0014289689732697617,0.016729468465242033,0.000260802417387527
CGCCAAGAAGCCGAGT-1,0.005085096139556158,0.0,0.010692193565331276,0.01653221634280405,0.0,0.0002758522821441594,0.0010860021915124183,0.0,0.0009174708984138144,0.0009097766441135313,0.02661413028653587,0.026712959985443298
CGCCCAGCACGCCTAG-1,0.0,0.0,0.0,0.0025055429364234006,0.0,0.00021461556382983002,0.001150549121790516,0.0,0.0010749616937635951,0.0,0.006909226762756934,0.0005054038379238398
CGCCGACTATTCGCTA-1,0.00036452870365491876,0.0,0.0,0.0,0.0,0.0,0.031111360195873586,0.0,3.801955497580885e-05,0.0,0.01140181360910519,0.0011971266631738327
CGCCGCCCATGCCTGT-1,0.054361644922980706,0.0,0.06677242962550312,0.03730922369769959,0.0,0.0,0.0,0.0,0.0,0.0,0.0,0.04562987193052127
CGCCTCCCTCCTCTAT-1,0.01402942928510377,0.0,8.70042623327915e-05,0.0001392368016880163,0.0,0.0,0.0,0.0,0.00034456833255063613,0.0,0.0004021664080920699,0.00014094732917146403
CGCCTGGCCTACGTAA-1,0.026136789219928534,0.0,0.00027120458089691156,0.016304541571108142,0.0,0.00042781935330168605,0.0,0.0,0.0,0.0,0.04545632398200974,0.0028128454882244817
CGCGCATGTTTGATTG-1,0.0,0.0005924506403820518,0.0,0.034106762193759056,0.0,0.0,0.03191190601661891,0.0,0.010046382243864414,0.0,0.050741658140880205,0.0
CGCGCCCGACTTAATA-1,0.0,0.0,0.07840662379323286,0.0,0.16090182860461255,0.17582109003496613,0.0,0.0,0.0,0.0,0.0,0.05324939022735507
CGCTATTCTTAGGCTC-1,0.0,0.0,0.0,0.07985924447998348,0.0,0.0,0.0,0.0,0.0,0.04455260145243355,0.0,0.0
CGCTCGACATAATGAT-1,0.05916670572564552,0.0,0.0,0.00013438075684182377,0.0004353989916719476,0.0,0.0,0.00027499653910745796,0.0,0.001835784569995889,0.0,0.000671587088838451
CGCTCTCCGTAGATTA-1,0.0,0.0,0.0,0.0002643321004136347,4.330780351562627e-05,0.0,3.322305787164598e-05,0.0,0.0,0.00030797978736363105,0.007750089572423201,0.00044394547418188864
CGCTTATTCCCGGTCG-1,0.0,0.0,0.09582355334303258,0.0,0.0,0.2413469782532108,0.0,0.0,0.0,0.0,0.0,0.0
CGGAAAGAATCAAACG-1,0.0,0.0,0.0,0.0014824011753020012,0.0,0.0,0.0007988757943065664,0.0,0.00046128900089586046,0.0,0.02309410935525547,0.0002392644711001878
CGGAACGTAAACATAG-1,0.0,9.92326400222286e-05,0.0,0.0001661026937368311,0.0,6.439929909597908e-05,0.0,0.0,0.0,0.0007769856060359284,0.01722984167820317,0.00033528523693466015
CGGAGCAATTTAATCG-1,0.004407447074237583,0.0003245088456285357,0.032151023898159214,0.04371439311695361,0.0020483805118087887,0.00010843646704546195,0.0,0.0,0.0,0.027667787103240735,0.04353928924886554,0.03375878821460587
CGGAGCATGGCGATCC-1,0.005107763656861333,0.0,0.0,0.013032467929529975,0.0,0.0,0.0038743673899661953,0.0033553302778107207,0.007888105693535392,0.0,0.07080616890270111,8.114392588190311e-05
CGGAGTTTGAGAGACA-1,0.0,0.0,0.18080336813967252,0.0,0.0,0.0,0.0,0.2758995278604125,0.0,0.13390060206567564,0.0,0.09836400363318987
CGGCAAACATCGTGCG-1,0.0,0.0,0.0,0.0006217375700605861,0.0,0.00012202292941287457,0.0,0.0,0.0,0.002999677024255941,0.017271551528055984,0.00011511224863924204
CGGCCACGCACAAAGT-1,0.0,0.01152189514839021,0.008990917194036383,0.0,0.0,0.0,0.0,0.0012968083000480276,0.0014031339421020452,0.0,0.06520692414851109,0.03733338025271948
CGGGAATTTATGTAAA-1,0.0,0.0,0.03470074106685819,0.051976433055209555,0.0,0.0,0.00478232446912969,0.0,0.010147401113821026,0.0,0.0060356130179881826,0.04707436610907284
CGGGCAGCTAAACCGC-1,0.0034231514873802114,0.0,0.03779098449877931,0.0,0.0,0.0,0.0,0.1288528548476684,0.00023905370228511055,0.0,0.011863796072224866,0.0
CGGGCCTTCTTTGTAA-1,0.006773185990003606,0.0,0.12821167661531474,0.008726306960787529,0.0005425288184633625,0.0005024214001065516,0.0008857026084210456,0.0008448255608906709,0.0026931015946768063,0.00048138672582798353,0.030294461300751686,0.025722939699735544
CGGTGAAGACTAAAGT-1,0.0,0.0034822975310853984,0.16334886683042965,0.0,0.005257574248215636,0.0107713199966495,0.0,0.005638935706405184,0.0017750522640925823,0.06304879691769147,0.0,0.0003777512444705632
CGGTGCAGATAGAACG-1,3.981899601287218e-06,0.0,0.0,5.727721282933403e-05,0.0,0.00011518427635630404,0.0,0.000102715404349157,0.0,0.0002798665489890897,0.0009953636538077967,0.0001902096852404017
CGGTGCGCGTTGGTCC-1,0.030992172990961145,0.0,0.0,0.0,0.06965751991346458,0.0001207523175824918,0.00033237624669442656,0.001220384974847615,0.0011512527047885083,0.03750621802242618,0.04554524659314435,0.04036916475311478
CGGTTCAAGTAGGTGT-1,0.02283695686130563,0.0,0.0,0.0,0.0,0.0,0.0,0.0,0.0,0.020984289550310235,0.0010825018762667484,0.0015666732029877865
CGGTTGACCTGGCATA-1,0.03972403623427404,0.0,0.0,0.0,0.0,0.0,0.0,0.0,0.0,0.005804972643087058,0.010554791539394587,0.0034279049240505976
CGTACCTGATAGGCCT-1,0.0,0.0,0.001874015942442963,0.0,0.0,0.0012904315169020395,0.0,0.0,0.0,0.009533489982865198,0.0464483015834675,0.007741255194470576
CGTCAAGGCTATAAAT-1,0.07493168761614104,0.060020459541727314,0.0,0.08244331673240608,0.0,0.0,0.0,0.0,0.0,0.10321391612506178,0.07293293709321827,0.0
CGTCACGTCCATTGGT-1,0.00596640103642032,0.0,0.0,0.0,0.0,0.0,0.26332833244137654,0.0027665361511556813,0.0,0.0,0.07353718259944313,0.0
CGTTCATGGTGCGCGT-1,0.0,0.0,0.0,0.001125225201370716,0.0,0.0,0.00048441652483288775,0.0,0.001698691980241263,0.0,0.005911542069836229,0.0002560034611764998
CGTTGTTTCAATTCCC-1,0.0,0.0,0.0,0.0008486830515040003,0.0002257083106600093,0.0,0.00011568852801515728,0.0,0.0,0.0,0.014726393096437824,0.00037661320780916666
CGTTTCGCTCATTACA-1,0.0,0.0,0.0,0.001169044837375486,0.0,0.0,0.0,0.0,0.0,0.04837003030728508,0.0016465675423848795,0.0
CGTTTGTGTAGAGGGT-1,0.0,0.0,0.0,0.0021408190448097644,0.0,0.0,0.0013127209097313966,0.0,0.0010670079058952592,1.152371048757918e-05,0.01122228926474001,0.0011900008327682715
CTAAAGAATGCCTACT-1,0.0,0.0,0.08821945468202991,0.025606925198585647,0.00038054759719019314,0.0,0.00113053104276399,0.0,0.0013678144935037073,0.0,0.0038372165842572485,0.06646506590413748
CTAAAGGGAAATAGGA-1,0.0023489534322904413,0.00565870528843686,0.1292936019794469,0.12020974425584441,0.0,0.0,0.001669820331189753,0.0,0.1284723954169853,0.0032081907124401152,0.005514829440296594,0.02141202210053513
CTAACCGCGCGCCCGT-1,0.005678226891746471,0.0,0.09889686532894222,0.0,0.0,0.0,0.0,0.0,0.0013038030318512127,0.0006684878571685091,0.03956825239527016,0.0
CTAACTGGTCCGGTTC-1,0.0,0.0,0.004695940758508978,0.012598398745216162,0.0,0.0,0.0,0.0,0.03789524277192016,0.0,0.02577178748740765,0.0
CTAATTCGCACGCGCT-1,0.0,0.0,0.008785107658531882,0.0007845976521055387,0.0,0.0003636734899420836,0.00023691420817751905,0.0,0.0011643861005218466,0.006823427253084479,0.015730474163139597,0.0017758461904071742
CTAATTCTCAGATATT-1,4.2496933138555074e-05,9.264631642089837e-05,5.303213662382987e-06,0.0,0.0,1.8336163262563556e-06,0.0,0.0,0.0,0.0,0.0004292670017916427,0.0
CTAATTTCAACAACAC-1,0.027808551411470168,0.0,0.0,0.0,0.0,0.0,0.0,0.10717906132822902,0.0,0.0480822048489168,0.029031965129994945,0.0
CTACGACTAGCTATAA-1,0.09868442662789638,0.0,0.14975514282728702,0.0,0.0,0.0,0.00010435688305409613,0.0,0.0,0.0,0.0,0.0
CTACGCACGGAGTACC-1,0.021060547017706998,0.0,0.15391628305594843,0.02371223733479132,0.0,0.0,0.0,0.0,0.0,0.0,0.10319514725349581,0.0
CTACTCTAGGCCCGGC-1,0.10239107275299088,0.002605802496417394,0.0,0.0,0.0065126104892664766,0.0,0.0,0.0,0.0,0.05116739886985606,0.024276642180360995,0.002850451849655039
CTAGCCGATGTTATGA-1,0.05109697684634316,0.0,0.0931573501931049,0.0,0.0,0.0,0.0,0.0,0.0,0.00830295966529663,0.0,0.0
CTATAAGAGCCAATCG-1,0.11435671576796566,0.0,0.0,0.0,0.0,0.0,0.0,0.0,0.0008127171256059132,0.04484192481581182,0.0,0.0
CTATGTGAGTCACGGC-1,0.0,0.0,0.0,0.0002836226850617068,0.0,0.0,0.001214677355507477,0.0,0.016916918227348435,0.0,0.005361913063567851,0.0
CTATTCATGTGTCCCA-1,0.0001224571093388588,0.0,0.09210643413272551,0.10011144047893698,0.0,0.0,0.0,0.0,0.0,0.055034044777041435,0.011365079591704456,0.06157974200488425
CTATTTGGTTACGGAT-1,0.03264182096781031,0.0,0.0,0.07344108271644874,0.00020126085980017548,0.0,0.0,0.0,0.0,0.0,0.00798041342575653,0.0
CTCACTTGGCTGGTAA-1,0.07795042387293925,0.0,0.0,0.02474928148274226,0.0,9.381606030803217e-05,0.0,0.0,0.0,0.0,0.022242597170019324,0.058839227152330406
CTCAGTCACGACAAAT-1,0.01906077607678897,0.0,0.10963122054813654,0.0,0.0,0.0,0.0,0.0,0.0,0.03652724117767958,0.007771966106254703,0.004442732448167077
CTCATGGTAATTTGCG-1,0.0,0.0,0.0,0.0010557491612055482,0.0,7.264753288524408e-05,0.0007901690279422045,0.0,0.0009214321512290132,0.0,0.00793796470087551,0.00017180173629282762
CTCCGCCCACATGAGG-1,0.0,0.0,0.0,0.0,0.00032863070438715446,0.0011121370772591624,0.2365807649873574,0.0014698236782878453,0.0,0.013970248749815265,0.0021591613051695625,0.0003288464978994251
CTCGGTCCGTAGCCTG-1,0.08800135726740288,0.0,0.0,0.0,0.0001891785130626167,0.0,0.0,3.113636722545254e-05,0.0,0.0015961191073411783,0.0,0.00042742665057068154
CTCTACACTGGCGATT-1,0.0,0.0003662506060112118,0.0,0.04342935098044882,0.0,0.06360056125751093,0.03449321213935592,0.0,0.0,0.0,0.03437359146170061,0.0020666520114442214
CTCTATTTGGCTGCAG-1,0.0,0.0,0.0,0.001186084268748829,0.0003005334560877551,0.0,7.256933160107286e-05,0.0,0.0,0.0,0.02643136550673172,0.0016453872335836363
CTCTGGACGCCTGGTG-1,0.0028060724298932865,0.0,0.059595319718647635,0.0,0.0,0.0,0.0,0.0,0.0009548349956645612,0.0,0.03174771023234103,0.054678029017777297
CTCTTGTCCCGCTTGG-1,0.002419313146214821,0.0742713831779593,0.001198858071631382,0.015236904404495362,0.0,3.009869558247914e-05,0.0003674436308213941,0.0,0.001512733753279324,0.0,0.057957129314375175,0.047057058312442286
CTGAAAGAGATCCGAC-1,0.10610920264201486,0.0,0.08842437929315398,0.0,0.0,0.0,0.0,0.0,0.0,0.0014838055292195115,0.012396358798922457,8.767249492282005e-05
CTGAATCCGAGACCTC-1,0.03243016581832373,0.0,0.0,0.058984654193466594,0.0,0.0,0.0007063068414002073,0.0,0.0,0.037065101677343094,0.05016724347884958,0.001354559433717833
CTGATAGTGTATCTCA-1,0.0,0.0,0.0,0.0,0.0,0.0,0.0,0.010149281301319734,0.0,0.0751450271843172,0.09851380887690803,0.1023604682144605
CTGCCCACGAAGCGTT-1,0.0,0.0,0.0,0.002343516378384741,0.0,0.0,0.0023486188243309926,0.0,0.0333453575312478,0.0,0.008859019249868242,0.0
CTGCGGGTGAAATGTT-1,0.06897127155465273,0.0,0.0,0.0,0.0,0.0,0.0,0.00487491281633826,0.0,0.012505773825102519,0.06937249993548324,0.0029648987723837564
CTGCTGAGGCCACGAA-1,0.0,0.0,0.05954757719097843,0.005966972594281445,0.0,0.06510827460497659,0.0,0.0,0.08478909504865983,0.0,0.026963524728585403,0.0
CTGGATTTACACTTGA-1,0.0,0.061367811626793625,0.0,0.02447314094958251,0.0,0.0,0.19209930954671703,0.0,0.004396300940313846,0.0,0.020508644582119064,0.0
CTGGCATCCGAATGAG-1,0.0,0.0010499548217833589,0.0028674770604562383,0.0024791525076833325,0.0,0.0,0.020254445297180346,0.0,0.0009124572825323313,0.0,0.01618653732599675,0.0031111669035540517
CTGGCTGGTTGTCAGT-1,0.014252201806876613,0.06201735997650875,0.0,0.0,0.13578276635167055,0.0,0.0009392899375424412,0.0,0.0003872679802605334,0.019680673879782586,0.04417349145532384,0.0
CTGGGATAAATAATGG-1,0.058041048393673265,0.0,0.0,0.0006772472156821763,0.0,0.0,0.00011340775448580193,0.0,0.0,0.0,0.006964895098993375,0.0
CTGGGCCTGCTATATC-1,0.01305225495374304,0.0,0.0003695768395060116,0.0,0.0,7.951801592025494e-05,0.0,0.0,0.0,0.0,0.043912157722399744,0.0010318552957334914
CTGTACTTCTTAGCAT-1,0.04809094178951362,0.0,2.8841748132692865e-05,0.0002621492744690447,0.0,0.0028991202761198052,0.0,0.0,0.0,0.013469704250714509,0.017673932697879924,0.0034311861053391633
CTGTAGCCATCTCACT-1,0.0,0.0,0.0,0.001231570146111085,0.0,1.319344518613096e-05,0.0014571750260141552,0.0,0.0017864025765607196,0.0,0.008566223389937955,0.0
CTGTGCAGGGTAGGTC-1,0.01055423379271083,0.0,0.0,0.04993553703254601,0.0,0.0,0.11632353470685931,0.0,0.013937785486415449,0.0073094782824706895,0.0001725671872642695,0.05310573648343795
CTGTTACCCAATCTAG-1,0.0,0.0,0.0,0.0,0.0,0.0,0.0003774107505736633,0.0,0.21841025804982042,0.0,0.06113664030564143,0.02091574732252558
CTGTTCATCTCACGGG-1,0.09467360995733747,0.0,0.09572237781872268,0.0,0.17946546744090053,0.0,0.0,0.0032596355547994844,0.0,0.04002442900877305,0.04320452049682002,0.0
CTTACACGGTATTCCA-1,0.004645483967976188,0.0,0.015022141584099612,0.0,0.0,0.0,0.0,0.0,0.0,0.016419731432657698,0.0010003111827535786,0.0
CTTATGCGCTCAGGGC-1,0.0,0.0,0.0,0.01038234948913713,0.0,0.0,0.00025114819231108657,0.0,0.00041081446888063653,0.0,0.00962266424777426,0.0033935908007884583
CTTCATTGTCAGTGGA-1,0.006519182326794038,0.0,0.08938246626998067,0.0,0.0,0.0,0.0,0.0,0.0005168717747470097,0.0,0.03382573212882859,0.01091868392613346
CTTCCGCTCCGTGAAG-1,0.0,3.0534112105183476e-05,0.0018387188767733347,0.0009140693419000342,0.0,0.0,0.007675896448386989,0.0,0.003542554370331355,0.0,0.014217769555015717,0.0
CTTCTATGTTGAAGTA-1,0.041189361271555196,0.11731372433210051,0.0,0.012677146237084396,0.0,0.0,0.0,0.0,0.0,0.024782373509625904,0.04075847735490289,0.0
CTTCTATTAATGCTAG-1,0.0,0.00022984604614446793,0.0,0.028610250853814613,0.015721639071824976,0.0,0.0021068174249008033,0.0,0.0009820122289767041,0.020446768105768984,0.06415523983345267,0.0
CTTGCAACCGCCTCCT-1,0.0,0.0,0.0,0.07965040886792399,0.0,0.0006862177697834731,0.0,0.0,0.0,0.00045968726901712495,0.015156612109830974,0.0
CTTGCCCAGGCTCTAC-1,0.0,0.0,0.10242455636530817,0.0,0.0,0.0,0.0,0.000979366962811358,0.0001175842122514891,0.0,0.07512880736188032,0.0
CTTGTACTTGTTGACT-1,0.0,0.18879567693011248,0.0,0.07832509632395665,0.0,0.0029539531631054675,0.0,0.0063754947821882835,0.0007384013562801284,0.011096263285483935,0.0,0.0047814883171997296
CTTGTTGCTGAGTCAA-1,0.04764420934611245,0.0,0.22254914524952793,0.08728253510136494,0.0,0.0,0.0,0.0,0.0,0.0,0.0,0.0
CTTTAACTTTCAAAGG-1,0.07833404488984305,0.0,0.045721800262719714,0.0,0.10701556913146952,0.0,5.0196811723847764e-05,0.0,0.00022515078995921246,0.031033073219911802,0.014067696812008314,0.00287347626050095
CTTTAGTGCTATTATT-1,0.006180401421058495,0.06824491365941447,0.013193563207261734,0.14617615400300826,0.0,0.0,0.10012409246760721,0.0,0.016502375432371864,0.010771797242174447,0.029407844784039152,0.03417062568099972
CTTTGGCGCTTTATAC-1,0.0,0.0,0.0006192660131940249,0.0,0.0,0.0007153705471895438,0.0,0.00028431763858493766,0.0,0.014907613091499105,0.010609797792209557,0.004338448782440302
CTTTGGCTTTAGTAAA-1,0.06458059357192283,0.0,0.0,0.0,0.13276975135849237,0.0,0.0,0.0,0.0,0.0,0.0,0.0
GAAACCGAATTACCTT-1,0.0802201994454058,0.0,0.0,0.13747168174174132,0.0,0.00013513167351330175,0.0,0.0020016680552414016,0.0,0.00013755140544025306,0.0,0.08694071247751681
GAAACTCGTGCGATGC-1,0.0,0.16355701656190422,0.03627970229681397,0.0,0.2196810041025355,0.2591698033239938,0.0,0.2876580475792478,0.0,0.08919770829477579,0.0,0.17884766253024023
GAAAGCAGTGCACTTT-1,0.0,6.925692461147868e-05,0.014873737902274779,0.04524439858357713,0.0016921599264557564,0.038724270735239534,0.015008128987975487,0.0,0.0,0.0,0.01844151813723369,0.0
GAAAGCCCTTTGGACC-1,0.12071565143262578,0.0,0.0,0.0,0.0,0.00016619338930646377,0.0,0.0,0.0,0.0,0.01653991183880132,3.188125473253409e-05
GAAAGTGACTAACTGC-1,0.010730612546590478,0.0,0.00035423019412226696,0.001780381666305702,0.0,0.14351772089729128,0.00018182941176424227,0.0,0.00029759104699245343,0.0,0.04279275354099882,0.000513827909538104
GAAATATCACCATCAG-1,0.08202765013914358,0.0,0.0,0.0,0.0,0.0,0.0,0.0,0.0,0.07905799493966989,0.0,0.0
GAAATCGCGCGCAACT-1,0.024786216584256747,0.0,0.0,0.07524978391696577,0.0,0.00045537146857434126,0.0,0.0,0.0,0.002864668561199787,0.016654366455860214,0.0007553977667537772
GAAATTGTCTCTATAA-1,0.031038127351262407,0.0,0.055345360013510196,0.0838276128206957,0.0,0.0,0.0,0.001189172447972674,0.0027346908985984774,0.0008061165818255946,0.016501416834969203,0.06417616960559257
GAACACACATCAACCA-1,0.008275035207099825,0.0,0.0,0.0,0.0,0.0,0.0,0.2050361148783242,0.0,0.02723991712843645,0.0,0.003956517300503782
GAACCTCGACCTACAC-1,0.0,0.0,0.0,0.0008759680085710836,0.00010260630631403685,0.0,0.0002910074488023184,0.0,0.0,0.0,0.01924423576576688,0.0006561685761823029
GAACGTTAGGAAGACG-1,0.05464085965372973,0.0,0.008611904348670141,0.01198517072390763,0.0,0.00018486931673449762,0.00022634686893450705,0.0,0.0,0.0031602862342243604,0.034211654649155036,0.0014268713260249843
GAAGCGTGAGGAATTT-1,0.0,0.007704469423869229,0.011691081547211515,0.0,0.0,0.0,0.0,0.00514168032714975,0.0010282298026655697,0.0,0.07872111360751488,0.034447072694025874
GAAGCTTGCTGACCGC-1,0.013886196333139264,0.0,0.15712374651954922,0.025349421383218638,0.0,0.0,0.0,0.0016133695415513874,0.0010345039149435324,0.0037039685258746535,0.026392855449097353,0.048457219978335415
GAAGTCAGTTGCACTA-1,0.06642318856987964,0.10444554564274493,0.04363050014771225,0.0,0.0,0.0,0.0016001494859203419,0.0,0.00025595154417569276,0.0009767055794509482,0.04082724745281403,0.0
GAAGTGATTTATCGTG-1,0.0,0.0,0.0,0.046388655324486064,0.0,0.0,0.0,0.0,0.0,0.0,0.0,0.0
GAATCTGAACATTCTC-1,0.0030834320137272113,0.0,0.06595977463473558,0.12455034411668774,0.10868152514206308,0.0,0.1673045490758572,0.1531097303123188,0.01110667846278374,0.0,0.034141889239988635,0.022800944342705708
GAATTATAGTGAAAGG-1,0.01985606279978438,0.0,0.0,5.182687279587286e-05,0.0,0.0,0.0,0.0,0.0,0.0,0.0041020198848982945,0.0
GAATTCACCCGGGTGT-1,0.035373520536853276,0.0,0.0,0.0514108109286112,0.0,0.0,0.0025893732043255884,0.00035502946999514575,0.007141394952781696,0.0,0.01657935640375246,0.10103659003499198
GAATTTCTCGCTGCAG-1,0.0013478346407660195,0.03916459977545442,0.05303210581512459,0.0,0.00045754744186986794,0.0,0.0,0.0069032178132722045,0.0024136633109464027,0.0,0.08367903069717045,0.014540956606665118
GACAACGCAGCTTACG-1,0.0,0.0005276387948401017,0.0,0.0,0.003186808248978201,0.00019326233304403672,0.0011042406091784757,0.0021795074304962916,0.0003410881661927489,0.02884211614336714,0.005943577608693349,0.0
GACACTGAGTTCAGTG-1,0.03337709982598672,0.0,4.221727354431287e-05,0.0,0.0,4.300677437151645e-05,0.00019012155189199084,0.0,0.0015161157889825591,0.007409088698291893,0.01016892468677786,0.001376783348443438
GACAGGCACACACTAT-1,0.12565044958766264,0.0,0.0,0.0,0.0,0.0,0.00024659178139601045,0.0,0.0,0.0,0.009135202444152663,0.0
GACATCGATTTATAAC-1,0.0,0.002777532381318548,0.0,0.003601864058422828,0.0,0.0,0.002267722981719263,0.0,0.0025580291617083085,0.0,0.03297364239377458,0.0
GACCGACTGAAGCGTC-1,0.012450035668046887,0.0,0.0,0.0,0.0,0.0,0.0,0.0,0.0,0.00772448229615326,0.016684007764206813,0.1085051955696748
GACCGTGCTGACGGTG-1,0.0,0.0,0.0,0.050676094755557365,0.0,0.0,0.0,0.0003523674652163112,1.7278712577785873e-05,0.0032299684148530514,0.004218762053366213,0.068335706820721
GACGCCGTAAAGGCTA-1,0.005679064986296959,0.08702286716406381,0.0,0.0,0.0,0.13489859727190603,0.0007672346858316436,0.0,0.0,0.007619528290412146,0.04332358014610419,0.0
GAGAATCTCACGATCA-1,0.0002540349544835405,0.0,0.0,0.00016379370033498152,0.0,5.160615342604911e-06,0.012694853079864277,0.0,0.000601495644071524,2.7793292427508525e-05,0.004423621585991427,0.0001641869795807564
GAGACTTCGCGACCGA-1,0.0035744904765385005,0.0,0.0,0.0,0.0006053699768391467,5.354897111839999e-06,0.0,0.00015072742886634643,0.0,0.012903629250740716,0.07289926468239297,0.00212503095648675
GAGAGGGCGCGAGGTT-1,0.0,0.0,0.0840335901783859,0.045603975501249776,0.0,0.0,3.949818845813347e-05,0.0,0.0002795932208234111,0.0,0.0,0.0
GAGAGGTGCATTCTGG-1,0.0,0.0,0.0,0.13619901454316705,0.0,0.00020224192940689086,0.0,0.0,0.0,0.0,0.0020578952655127677,0.0
GAGGCTATCAAAGTCG-1,0.0,0.0,0.0008251050111957453,0.0,0.0,0.0,0.0,0.0005364606818758869,0.0,0.05896307572468304,0.0,0.0023564346077635514
GAGTATGCCCGCCTTG-1,0.0348212739243946,0.13208537007300702,0.026216248614962946,0.10738570138388402,0.0005536734576226754,0.0,0.0,0.0,0.0,0.06713147736002598,0.03543484604475212,0.0
GAGTCAGACCAGAATC-1,0.0,0.0008021609611984519,0.0,0.00047501172572428986,0.0009329712806740627,4.340629859233426e-05,0.007944085347175734,0.0,0.0037041576684353353,0.0,0.011375170026876281,0.0
GAGTCCGCTTACCGGA-1,0.027387267154266978,0.0,0.04132069400505772,0.06761452211898052,0.0,0.0,0.003524439416698164,0.0,0.010926723640521085,0.0,0.028002254453162834,0.0018678649481957625
GATACGATGGGAGTCA-1,0.0396251166586323,0.0,0.0,0.0,0.0,6.74776673510556e-05,0.0,0.0,0.0,0.00513325551643391,0.013334361534201413,0.002311807291367706
GATAGGTAACGTTGAC-1,0.015083769444624672,0.03563308657116707,0.03067405886276056,0.05046390534390045,0.0,0.0006164569897065652,0.009587281132713597,0.0,0.015097323535764881,0.0,0.06522616492399015,0.0
GATATGAGACACTAAC-1,0.030141140993006823,0.0,0.09898411091708642,0.06521254528540651,0.0,0.0,0.0,0.0,0.0,0.0,0.0,0.0
GATATGGATTACGCGG-1,0.04667475462407507,0.0,0.1171294166043609,0.0,0.0005480629046656354,0.0,0.0005530384865379605,0.0008941891136011917,0.0010124057634959545,0.11947795348621355,0.0,0.07423366958537227
GATCCGGGAATTAACA-1,0.0,0.0,0.0,0.0626882852466976,0.0,0.0,0.0011750286349167711,0.0,0.002368913393881232,0.0,0.0,0.0
GATCCTCGACACTGGC-1,0.0,0.0,0.0026315330209758926,0.004915708366076008,0.0,0.0,0.030407161741467972,0.0,0.015925649672191147,0.0,0.03836980986505066,0.0
GATCGCGGGCTCTCCA-1,0.0029326032031031235,0.0,0.2044282531622618,0.036475247572255,0.0,0.0001696891824668082,0.0,0.0,0.0,0.0,0.06559154113805835,0.0
GATCGGATAGAACCAT-1,0.0,6.51292135362172e-05,0.0,0.0,0.0,0.00014986411441227164,0.05185827877126758,0.0,0.026338214433971465,0.0,0.010647774678457447,0.00020741551953260896
GATCGTGACTGATATC-1,0.05183341219411624,0.0,0.0,0.0011198417770131917,0.0001484436567396617,0.0007625003173998638,0.0007699091965280496,0.001146387557871179,0.003399202069315111,0.0005858206954943832,0.0,0.037844033187762374
GATCTTTGCAGGGTAT-1,0.0,0.0,0.0,0.0,0.0,0.0,0.0,0.0,0.0,0.0,0.006467829924744283,0.08236415067238723
GATGCGTCCTGCATTC-1,0.03331238897080955,0.0,0.061311105007121336,0.0,0.0,0.0,0.0,0.0,0.0,0.0,0.015096980453035577,0.0005078017249178964
GATGTTCAATCCACGA-1,0.01842900575241676,0.0,0.0,0.0,0.0,0.0,0.0,0.0008218917308710165,0.0,0.0,0.034070787460889866,0.00025926136756567597
GATTACTGAATTTGGG-1,0.0,0.0,0.10136751833319366,0.06345812694703584,0.0,0.0004037963354738574,0.0,0.0001347001149413318,0.0,0.0012368597751594174,0.0057589257563525715,0.04314197419806086
GATTCCTATACGGCGC-1,0.1066184835831879,0.08617204359369061,0.0,0.0,0.0,0.0,0.0,0.006969303930580714,0.0001266735063100077,0.04037899288880557,0.0911697912715298,0.05240945176791526
GATTCGACGGTTCACG-1,0.0026548202386193795,0.0,0.06933825706116999,0.03467621211620994,0.0,0.0,0.009514629187743852,0.0,0.01749235764561684,0.0,0.02815381431618122,0.0
GCAAATATTACGCTTT-1,0.0,0.0,0.08820566071622013,0.0001448361472226956,0.00021251647996616308,0.0,0.0005479714162207879,0.0,0.0003432232635741105,0.0,0.0037588693701684707,0.0
GCAACACACTAGAACT-1,0.0,0.0,0.0,0.0004781381400602175,0.0,0.0,0.00027209046949655714,0.0,0.0006304942408064263,0.00044115869259131143,0.0034371691661460343,0.0006890003268791162
GCAACCACGGCCGCGT-1,0.01804081381776942,0.0,0.0,0.0,0.0,0.0,0.0,0.0,0.0,0.00033901506711320987,0.047872278569517195,0.0020210385201743938
GCAAGAATTCCTTGGC-1,0.06563578367957208,0.0,0.0,0.0014826352354755533,0.0,0.00011732078698471583,0.0,0.0,0.0002419792253265917,0.0,0.039484872405428015,0.0
GCACACGCCCATGGTC-1,0.0,0.037191635703263566,0.0,0.03814197745637434,0.0,0.06219489827315324,0.058624093246593255,0.0,0.0,0.0,0.03836943884057055,0.0057869252233839095
GCACGCCTACTTAGAT-1,0.0,0.0,0.0,0.0008163533914056174,0.0,0.0,0.0008271692594939674,0.0,0.003943514512472071,0.001051542574812108,0.009417162125576143,0.0005503827501059447
GCAGATTAGGGATATC-1,0.006686144270218517,0.0,0.10864267634183618,0.0025644684559460573,0.0,0.0012958362833591507,0.0,0.0,0.00035781878772638616,0.007803393122941899,0.03396186302214138,0.0019633840864895047
GCAGGACTATAGAATA-1,0.019187977318663587,0.0,0.0,0.0,0.0,0.0,0.0,0.0,0.0,0.0,0.02889962232948792,0.0910312443483072
GCATACGAGGTCTTTA-1,0.0,0.018834278635082212,0.0,0.06068827164412146,0.08530546699956103,0.0,0.091735817206605,0.0,0.0,0.0012035230352979505,0.016702904201491325,0.0
GCATAGAGCACTCAGG-1,0.0,0.00048580009473366144,0.0013268226745918356,0.03428786654833654,0.0,0.0002836421874398807,0.0,0.0015332140514358323,0.0,0.008824767453768662,0.002865267261275669,0.0035427804666342856
GCATCCCTAACTTTGA-1,0.01566562464625324,0.0,0.0,0.0,0.0,0.0,0.0,0.0,0.0,0.020755560626613732,0.0,0.0
GCATTGTAATTCATAT-1,0.00022603762642841625,0.0,0.000345924533561239,0.0,0.0,0.0002041468244507255,0.0,0.0,0.00037300003922238154,0.0052647594195889495,0.023409268130225785,0.000809771461984511
GCCAACCATTTCCGGA-1,0.0,0.0,0.0,0.0,0.0,0.0,0.0,0.0,0.0,0.02354161959147341,0.0,0.0
GCCAATAGGGCATCTC-1,0.00031288756302383987,0.0,0.1554698801716765,0.0,0.0,0.0,0.0,0.0,0.0,0.0,0.007624472731560749,0.0
GCCACAATTTAAGGAC-1,0.03155706956340876,0.0,0.0,0.1321858834238364,0.0,0.0,0.0,0.0,0.0,0.0,0.0,0.0
GCCATCGAGCTGCGTG-1,0.0,0.0,0.0,0.005355275096285331,0.0,0.0,0.002110830377211223,0.0,0.05324423417886828,0.0,0.013112440344961201,0.0
GCCCGACTTCTTCCCG-1,0.0,0.0,0.0,0.001332049119455264,8.118512989034284e-05,7.278155740270385e-05,0.0012504398785374076,0.0,0.0013343532334757341,0.0,0.00846596206026507,0.00019526365473921992
GCCCGATCTGTGGTCG-1,0.0,0.0,0.14238916325756473,0.09339197662212761,0.0,0.0,0.0,0.0,0.0,0.0,0.0,0.0
GCCCGCGCGTAAACGG-1,0.006976553655492042,0.0,0.11683868481017858,0.0008404397444374931,0.0,0.0004915387040190806,0.0,0.0,0.0,0.005610456968560631,0.05497101627955281,0.055770088310331326
GCCGATTGGCCAAGCT-1,0.0046799185770784275,0.001813709252323534,0.039001813608769934,0.004010374104623176,0.0,0.0,0.04556397275594452,0.0,0.005061161770989463,0.0,0.061289080646425284,0.030735729522013283
GCCGCATTAGTCCGGC-1,0.0028616471416773215,0.0007384094879637742,0.04988566884790946,0.131244249331929,0.000957306740504668,0.001971778332924162,0.0,0.0,0.0,0.023219215726596198,0.024363736925664785,0.0
GCCGCTTGTGAGAAAC-1,0.06346493293924177,0.0,0.00016694463729569523,0.0,0.0,0.0,0.0,0.0,0.0,0.0,0.014412072202985427,0.0
GCCGGGTTAGGGTCGC-1,0.0,0.0007412598922527228,0.011029389467429283,0.0028993146836825785,0.0,0.0,0.0,0.0004235423304597274,0.1527375678522178,0.0,0.05307013490291969,0.000790411536550728
GCCTATTCCGATATAG-1,0.0,0.10738257020027546,0.12993020300234892,0.028606548027220204,0.004286091880526508,0.0005482293603365184,0.0,0.005345946572765229,0.0,0.05084058696179663,0.011469025576714498,0.0011912941479309221
GCGAAGCCATACCCGT-1,0.005797662575349931,0.0,0.044370795507283435,0.016751410490616164,0.0,1.0665150275391825e-05,0.0,0.0,0.00030226727509221317,0.0,0.01829118419005812,0.0021213343950696045
GCGACGATAGTTGTAC-1,0.0,0.0,0.008587086298025702,0.03849662007479852,0.0,0.0,0.004905242261547626,0.0,0.006297743851692169,0.0,0.04053103324677006,0.01953625131508882
GCGAGTTCTGCAAAGA-1,0.004295425266030267,0.0006124450879109832,0.01177245258209564,0.0,0.038851217279926756,0.05954876937621657,0.08144948663643761,0.06370294477114063,0.0,0.0,0.05573227621874279,0.0197773150045445
GCGATTGTTAACGTTA-1,0.0,0.03780506452728095,0.15318358489226608,0.09073776115910114,0.062401190811734224,0.0,0.0,0.003097446097269533,0.09601595167480984,0.0,0.0030876973835143894,0.0025357583537989584
GCGCCGTTCCACGATA-1,0.028722597767315915,0.0,0.1481373604083455,0.1185725231567428,0.0,0.0,0.007578937223504547,0.0,0.24897736258493006,0.0,0.006200866871311047,0.0
GCGCTAATTGAATAGA-1,3.5951214318523074e-05,2.872744738303195e-05,1.8799224993095194e-05,7.008357809488102e-05,1.1609448951495178e-05,1.2062611585572075e-05,1.744614213629259e-05,4.156595288467466e-05,0.00010868720696818898,2.150115875690434e-05,4.9524874570976066e-05,1.7719261872459845e-05
GCGCTATGCCGAGGCA-1,0.0,0.0,0.0,0.1203207677709054,0.0003972303184234563,0.0,0.0,0.0,0.0,0.0,0.011211725502466453,0.0
GCGGACCGCGTTGTGG-1,0.05684950789308953,0.0,0.0,0.0,0.0603524290182495,4.325418014279627e-05,0.0004651868909549991,0.0,0.0,0.012826437020629026,0.07152590853311214,0.0
GCGGAGAAACTTCGCA-1,0.0,0.0,0.0,0.0011637784226617284,0.0,0.0,0.0005146705265884889,0.0,0.0006185044546874037,0.0011051642877795325,0.00630596779494347,0.0011724708630734394
GCGGCTCTGACGTACC-1,0.0,0.0,0.0,0.049115856038572436,0.0,0.00010376314561357986,3.0437075631532284e-05,0.0,0.0003281268170782702,0.002451420590136547,0.0009238927806857561,0.0
GCGGGAACCAGGCCCT-1,0.0,0.0,0.0,0.00015152146928555058,0.0,0.0,1.781408862456011e-05,0.0,0.0,0.0,0.004859914298613043,0.061633597284620145
GCGGGCGAGCCTTACC-1,0.0,0.002277675563134279,0.0009439962969729892,0.020314633865411286,0.0,0.033654542681925,0.03711504429274856,0.0,0.001959789709151768,0.0,0.0287232358163505,0.0
GCGGTTCCCTATCATG-1,0.05015399175328011,0.0,0.0,0.03221729443889752,0.0020968588025408173,0.28792688159607316,0.0012148345328194046,0.0,0.00031590094749056087,0.01423039798552986,0.014991683203826696,0.08176003271856004
GCGTCGCCAGGGTGAT-1,0.05492646353159822,0.0,0.06983378352070348,0.022982726104294318,0.0,0.0,0.0,0.0,0.0,0.04406922213970312,0.0,0.0
GCGTTATATTTGGAAC-1,0.031059620235000147,0.07568842364686337,0.0010037400113130743,0.07414587364504203,0.0,0.0006734849259234046,0.0,0.0,0.0,0.049396197104223896,0.02158473878104501,0.0
GCTAAACCTGAGGTGA-1,0.0,0.02628068278275743,0.030600235520857683,0.0,0.001186959959733619,0.0005860358827684512,0.0001810004743007307,0.001749046711523111,0.00047082660632627525,0.020109901659211882,0.028796151582980895,0.002684558058764028
GCTAATACCGAATGCC-1,0.07235171567051789,0.0,0.0,0.0,0.0,0.0,0.0,0.0,0.0,0.0,0.0,0.09226119536984159
GCTACAGTACGGACCG-1,0.023379614809810836,0.0,0.0,0.04380038439352181,0.0,0.0,0.0,0.0,0.05183849075421156,0.0,0.011135092806483044,0.0016462158296737428
GCTAGCTTGAATAGCT-1,0.008459264763813082,0.0,0.0,0.0,0.045231379079047486,0.06272670278369831,0.03346023050906599,0.0,0.0,0.0,0.06720437135556806,0.0
GCTAGTAGAGCTTGTA-1,0.0025683014214913937,0.0,0.0859233044106401,0.015996521319319498,0.0,0.0,0.005715862500307026,0.0,0.011038981200133847,0.0,0.03570719296491767,0.02511973212000864
GCTCAATCCGTTTATT-1,0.0,0.0,0.0,0.00028728079838287836,0.0,8.48948926817358e-06,0.0016837546796003178,0.0,0.0015905527944570733,0.0,0.006677613576359586,0.0
GCTCTATGTTACGTGC-1,0.01789164908777875,0.0,0.0,0.02698202607407806,1.0020096475001604e-05,0.00011835049212382427,0.0,0.0015490498894350467,0.0003473252419542133,0.0,0.010390723751088578,0.0
GCTGCACGGTTTCTTA-1,0.011562944412735488,0.0,0.06331435171494139,0.05012526848672053,0.00019624159596334103,0.0,0.008107005427977314,0.0,0.0140593280688598,0.0,0.005796769567830265,0.0016290324113636461
GCTGCTAAGTAGTCGA-1,0.0022492219369292165,0.0008652402422537207,0.0003863244591090413,0.019082211041356996,0.0,0.0,0.015496262766032325,0.0,0.00044050183655549614,0.0,0.019474224118798983,0.00041148637230242107
GCTGCTCTCCGGACAC-1,5.105362742250778e-05,0.0001934292555859364,0.0004314263242683602,9.719406741506645e-05,0.0,0.0,5.659481785382727e-05,0.0007265703041620808,3.458049693358816e-06,0.00126299564929069,0.0005302667320395612,0.0004607060843587169
GCTGGCATATTCACCT-1,0.0,0.15633691941420913,0.1165547858860586,0.04197061206382256,0.006909554274887664,0.0,0.0,0.01544898206348406,0.0,0.048934711575389034,0.07554368765002767,0.0
GCTGTATTACTGGCCC-1,0.0003152973593521783,0.0,0.08156491738239158,0.0,0.0,0.0,0.00019966692240066627,0.0,0.0,0.0,0.03785019788477182,0.0
GCTTATGAAGCAGGAA-1,0.03141697790668069,0.0,0.0,0.049145980515294944,0.0,0.0,0.0,0.0,0.0,0.0,0.0,0.0
GCTTGATGATAATCAG-1,0.028727390283573594,0.0,0.0,0.0,0.0,0.0,0.0,0.0,0.0,0.06905503424282337,0.0,0.051217225749019636
GGAACCGTGTAAATTG-1,0.008699099923262938,0.0,0.0,0.1340183483944273,0.0,0.00041944019821206453,0.0,0.0,0.0,0.0033498281647741796,0.042324897997422076,0.0
GGACAAGTTGCAGTGA-1,0.0,0.0,0.0,0.003491961711782346,0.0,0.0,0.025991318752334763,0.0,0.0017500137780600638,0.0,0.03116922052708309,0.0009813285986187293
GGACCAACAGGATAAC-1,0.0,0.0,0.06348351607003089,0.0,0.0,0.0,0.0,0.0,0.0,0.0,0.0,0.043914663538583414
GGAGACGACACCTTTG-1,0.0,0.0,0.057844530441188445,0.1374780227978273,0.0,0.0,0.15469960790065818,0.0,0.020284633410696862,0.0,0.0,0.0
GGAGTGCCGCCCTGGA-1,0.09841343920332596,0.25636779831653056,0.0,0.05605525486985037,0.0,0.2541492489822291,0.0,0.0,0.2599840922409873,0.0040965335656968915,0.0,0.05547549543510782
GGATGCTGGCGTTCCT-1,0.007415837383481669,0.0,0.0,0.0,0.0,0.0,0.0,0.0,0.0005634610026965954,0.006816963109677498,0.02520432033318311,0.002906343261484577
GGATGTCCTTACCGCA-1,0.018769189074001217,0.0,0.0002403587470811628,0.0,0.0,2.722113078483428e-05,0.0,5.7521407184561304e-05,0.00017709986288636076,0.001680847266609438,0.0,0.0011305493811247706
GGATTTCACTTCTATA-1,0.0,0.0,0.0,0.004235864085630755,0.0,0.0,0.0,0.0,0.0,0.00011180874988775343,0.0006895470268319197,0.0
GGCAAAGGCGCCAATA-1,0.0,0.0,0.0,0.0009367620830216833,0.0,0.0,0.0008989317770196182,0.0,0.004029268896413128,0.00038140844672350277,0.006546063232603001,0.0004975827235828631
GGCAAATTACTTTACT-1,0.0,0.0,0.052783683042182464,0.08682135674908346,0.1729082145193044,0.0,0.0,0.0,0.0,0.0,0.013258646685750945,0.0036440805159422317
GGCATACAGGTAGCGG-1,0.019593263023863227,0.0,0.0,0.08335350258977559,0.0004977993786596713,0.00026222602181764763,0.0,0.002365499018045516,0.0,0.007531257806607246,0.012629803635037887,0.002866271940016599
GGCCCTCACCCACTTA-1,0.09079144081659256,0.0,0.0,0.09473638649828235,0.0,0.0,0.0,0.0061792457800892734,0.0,0.0,0.10954128045439543,0.0
GGCCTTTGCAACTGGC-1,0.0,0.026966489252617097,0.0,0.002520639286589944,0.0,0.0,0.03330057612282366,0.0,0.0009287752754592834,0.0,0.022519751146330043,0.00012518988457812282
GGCGCAGGACATCTTC-1,0.05490948068980581,0.0,0.0,0.0,3.336171659054377e-05,0.0,0.0004946644793345619,0.0,0.0,0.0,0.014248225375248285,3.237503413293265e-05
GGCGCATGAATTGATG-1,0.0,0.0,0.0,0.006407217886251122,0.0,0.0,0.0,0.0,0.0,0.03626366804509451,0.013626462846064677,0.0
GGCGCGTTCGAGTTTA-1,0.0039171343777790624,0.0,0.0,0.0003165774261885583,0.0,0.0,0.00023056313813513718,0.0,0.003685611945593307,0.0,0.06223139553387821,0.0
GGCGTCCTATCCGCTG-1,0.0,0.0,0.08986598344330884,0.0,0.00014365599294732624,0.0,0.0,0.0,0.0,0.0,0.0,0.06447922167071708
GGCTATTAAGTTGTAT-1,0.021041243621968516,0.0,0.11022780501724426,0.0,0.00042921752727293264,0.0,0.000607130339346175,0.0,0.0,0.0,0.0,0.0
GGCTCTGCTCCAACGC-1,0.010947740071225412,0.0,0.026796578317478753,0.0,0.0,6.868991795635265e-05,0.0,0.0,0.0,0.006016229145140731,0.008830580344379087,0.004495878363973579
GGGACCCGTATATCTT-1,0.0,0.0,0.0012787709132857047,0.015631027732061827,0.0,0.0,0.005676819512351501,0.0,0.001281537449276577,0.0,0.010657270861682593,0.0
GGGACTGCATAGATAG-1,0.0,0.0,0.0734777322374186,3.669931393518052e-05,0.0,0.0,0.0,0.0010520577342683084,0.0005858518055026326,0.0,0.0687413788107216,0.013996366353409699
GGGAGAACTCACAGTA-1,0.0,0.0,0.0,7.264242223784943e-05,0.0,0.0,0.0,0.0,0.0,0.02967885652309817,0.0,0.0
GGGAGGATGCCCGAAA-1,0.006800028397047618,0.0,0.08610567289518957,0.0,0.002210764334421609,0.0,0.0,0.003912611204351394,0.0,0.007426639369973817,0.06061342448325906,0.06463383165205257
GGGATGGTCGTAACCG-1,0.06879414348601536,0.0003794145625916869,0.08247189167632818,0.12964180625541843,0.00249962410947197,0.0,0.0,0.0014053412689087506,0.0,0.02647270708512467,0.016148804328749534,0.07423072660279051
GGGCCCGTCTTAAACA-1,0.0,0.0,0.0,0.03177962977439142,0.0,0.0002751530549225319,0.0010288635070964931,0.0002512214558494201,0.00202406726867319,0.0031616308653820394,0.0070030346091508365,0.0
GGGCCCTACGAAAGGG-1,0.0013275658295002913,0.0,0.005295287079731359,0.0987160248579314,0.0,0.0,0.0,0.0,0.0,0.0,0.05055374757284672,0.05483536421260296
GGGCCCTTATCTATAC-1,0.0,0.0,0.0,0.0,0.0,0.0,0.0005018428610646155,0.0,0.001459198048706375,0.0,0.019228554496394205,0.002799511320884923
GGGCCGGCCGAAGTAC-1,8.076469810480687e-05,0.0,0.0,0.13882642659730293,0.00011113127184834203,0.0,0.0,0.0,0.0,0.0,0.00458147280082089,0.0
GGGCGGCAAATGAATT-1,0.03696983461251894,0.0,0.0333660462374829,0.0,0.0,0.0003534602383639472,0.0005305771927514283,0.0,0.0,0.0,0.04413469533648653,0.0
GGGCGGGTTCCCTACG-1,0.033644264238585936,0.0,0.0,0.07272543080383818,0.0,0.0,0.0006959457292571195,0.00033640281682980315,0.0016011679058661609,0.0,0.0,0.0
GGGCGTCACCACGTAA-1,0.008893522560775736,0.0,0.0,0.0,0.0,0.21159700897425945,0.16893393472146934,0.0,0.0,0.018798856984997277,0.02098108780465097,0.007583707956325193
GGGCTATGATCGATGG-1,0.0,0.0,0.0006509464372180153,0.0014436316715886583,0.0,0.0,0.0022051045293206453,0.0,0.0030658096406416388,0.0,0.011241612947176842,0.0
GGGCTGCCTAGGGCGA-1,0.0,0.0,0.04736456572559701,0.02858966900395672,0.0,0.0,0.0,0.0,0.0,0.0,0.0,0.0
GGGTACTTCATGAACT-1,0.04491431754290425,0.0,0.17198977951547129,0.0,0.0,0.0,0.0,0.0,0.0,0.0,0.020452934521468274,0.0
GGGTATGTATGCACTT-1,0.0,0.0,0.03998911156364031,0.002456866792188966,0.1108588465565964,0.0013126621437206162,0.0,0.01421428662433944,0.004316325588893296,0.015487667810097132,0.12095414311400819,0.021142538520737525
GGGTCGTGGCAAGTGT-1,0.0005170426211558097,0.0,0.0006083781363405142,0.0008373902671144408,0.0,0.0005964605686498206,0.0,0.0,0.0,0.004498055374861086,0.030157435465416813,0.0012285517885362468
GGGTGACACCTTAACT-1,0.0005431390431960212,0.0,0.0008458742186555335,0.004174304505160814,0.0,0.0014629836795975331,0.0015804963188285818,0.001840042447381498,0.005431423334152348,0.008337492378017905,0.019613504581994207,0.004169477181033489
GGGTTAACATTTGAGT-1,0.0,0.037533202131273036,0.004228812128908621,0.003923338702851862,0.0,0.0,0.0028010153624429784,0.0,0.004046060982788267,0.0,0.04035775518775398,0.0
GGTACAAACATGCTAT-1,0.0014634835829904222,0.08539788597448224,0.0201145473039327,0.0,0.0,0.16932106595867483,0.0,0.19706690482416347,0.0,0.0,0.0,0.0
GGTACATCTGGGACGA-1,0.09067641948729949,0.0,0.0,0.0,0.18351804548012338,0.0,0.0007583699168005354,0.0,0.00032476086418516077,0.013850798744608768,0.028904063359548243,0.10161977207539363
GGTAGACCGTTGGGCG-1,0.0,0.02810566006641069,0.01457319176137344,0.011772288380274203,0.0,0.0,0.0011064221535038003,0.0,0.0,0.0,0.07733494938230438,0.0
GGTAGTGCTCGCACCA-1,0.0076980001524844235,0.0,0.0,0.0,0.0,0.0,0.0,0.0,0.0,0.012373092308157727,0.0,0.0
GGTCAGTGGGTCCCAC-1,0.0,0.0,0.09259152948967088,0.03227763921820935,0.0,0.0008401709159883781,0.006990650454693589,0.0,0.01204898974654126,0.0,0.01955488750148691,0.0
GGTCGGATAAACGGCG-1,0.037888890375863814,0.0,0.0,0.09803777645045848,0.0,0.0004508650646561014,0.0,0.0,0.0,0.0010353622129620987,0.001986796871783108,0.0034978354669371776
GGTCGGTCGTCCACAG-1,0.0017901470859536122,0.01577910729247316,0.010551320822164024,0.018829298265855044,1.834272148996775e-05,0.0,0.033073479363866974,0.0,0.02113662468874953,0.0,0.027608001769366314,0.0
GGTCTCTGAATGGACT-1,0.0,0.0,0.0,0.0,0.0,0.0,0.0009209811479663257,0.0,0.0018289838613217016,0.0,0.00634884336486772,0.0003162012137809478
GGTGAAGTACAGGGAT-1,0.0,0.0,0.06038591035506281,0.06467288199125712,0.0,0.0,0.0,0.0007132205771515864,0.0,0.0004534712483815003,0.012904655453234078,0.001034794776759488
GGTGATAAGGAGCAGT-1,0.04890395192175256,0.0,0.0,0.0984225741819271,0.0,0.00013620874846188377,0.0,0.0004811238889212947,0.0,0.0,0.0,0.0
GGTGCTGATCACAAAG-1,0.0,0.0,0.0,0.00149581196332812,0.004935166945724178,0.0,0.0008882980944072674,0.0,0.0,0.2701819251339548,0.004093953619835351,0.0
GGTGCTGGTACACATT-1,0.007053628653191764,0.0,0.14666057620630554,0.04977315878006977,0.0,0.0,0.0005578515618222362,0.0,0.001516465660080938,0.03346463696173342,0.015141075855126234,0.0
GGTTACCACCCTCGGG-1,0.0,0.0,0.0,0.0008338457666309276,0.00015554075668270759,0.0,0.00015117680134141262,0.0,0.0,0.0,0.013084634508787557,0.00012344727704188674
GGTTAGGCTTGGAGAA-1,0.0,0.0,2.1360260958968632e-05,0.02851586674444465,0.0,0.0003223767945797188,0.0,0.0006980575156757872,0.0,0.0019804511002690234,0.002333568862621234,0.0009410520771283891
GGTTAGTTACGGCGCC-1,0.041951996909435636,0.0,0.002430369581760873,0.021494797167688935,0.0,0.002016273697890512,0.0,0.002111410337322949,0.0010489902938974724,0.02835410550759497,0.039483955895370564,0.010391367458300611
GGTTCGGATTATACTA-1,0.0,0.0,0.0,0.00044224419883878377,0.0,0.000285239234634516,0.005269190315152362,0.0,0.0005663576529643973,0.0004889471987895018,0.003103165315066928,0.0
GGTTGTGTAGCCTGGC-1,0.06272244217570136,0.0,0.005483944432915085,0.0,0.0,5.8938512779845146e-05,0.00041804833661850165,0.0,0.0030553251598196005,0.006081443246496888,0.023107229265939153,0.00035763355389658354
GTAAGCGGGCAGTCAG-1,0.0,0.0,0.0,6.271413824114003e-05,0.0,0.0,0.0,0.0,0.0005453272084626,0.003634731053001715,0.010578353174864538,0.0
GTAAGTAACAGTCTGG-1,0.000296296359191427,0.0,0.00022817945127724508,0.00017636835807874473,0.0,0.00011124819924714388,0.0,0.0,0.0,0.0,0.0057220387895459595,0.0009068855998772048
GTAAGTAGGGTATACC-1,0.003247712398825769,0.0,0.11937128876893562,0.0,0.0,0.1759110693822984,0.0,0.0,0.23481390501047422,0.005729589495345589,0.0,0.027714697093206685
GTAATCTGATTCTTCG-1,0.018747605524858216,0.07478717482541253,0.0,0.0,0.1229833782805028,0.00023680678595329688,0.1747450445503324,0.0,0.0,0.016156818509097375,0.1139441739053544,0.0
GTACAGAGGCAAGGGT-1,0.01764304753525139,0.0,0.0,0.11520213246815358,7.756274435013714e-05,0.0,0.0,0.0,0.0,0.0,0.0014973421908329307,0.07479069633820286
GTACGCTTCATTGCAC-1,0.015753193707389274,0.0,0.06099383638733733,0.09110584191312507,0.0,0.00017505135075746435,0.0,3.101300847054705e-05,0.0,0.0007940366270226204,0.0,0.0
GTACGTTTGCCCGTCA-1,0.0,0.0,0.0,0.03178866259772953,0.0,0.0,0.005949182437231114,0.0,0.010239518722962858,0.019446643557251397,0.01408831655723226,0.03919212330869768
GTACTCCCTTATCGCT-1,0.11694378374128818,0.0,0.0,0.03605044892085111,0.0002510100096333482,0.0,0.0009041277626665713,0.00076619430621891,0.0010607220400313448,0.0,0.0,6.534088968718282e-06
GTACTCCTGGGTATGC-1,0.09555143538698799,0.0,0.00011393342175159336,0.001672893883287674,0.0,0.0,0.0,0.0,0.0,0.018453907124998822,0.005941930497881402,0.0002520962361108829
GTAGAGGGAGACAAGT-1,0.0,0.0,0.0,0.007094215809849271,0.0,5.2486778746208786e-05,0.008512465028822584,0.0,0.0031202360102182357,0.0,0.016208569376484752,0.00020645331767928167
GTAGCGGCTATACACT-1,0.0028908256578962384,0.0,0.0017024596765347086,0.00020883894049258624,0.0010600481774894364,0.0005896944694715606,0.0013364614452677688,0.0017044981974618503,0.0016807227492834985,0.01895005060056926,0.021417473820310482,0.0071898174663704425
GTATTCTGAGAAACGA-1,0.006480021010766142,0.0,0.006334227995618501,0.005515658924909565,0.0,0.0002944089048623095,0.0,0.0,0.0,0.0029399223120011243,0.05529334072506196,0.002143524429669814
GTCAAGCGGACTCGGG-1,0.0,0.0,0.09177169625903799,0.0651977660664103,0.0,0.0,0.0,0.2640200464301026,0.0,0.0,0.0,0.0
GTCACTCTCCAAATCT-1,0.0221799223127491,0.0,0.13229555144723645,0.05949472346586897,0.0,0.0,0.0,0.0,0.0,0.03704750187252294,0.04517783865689095,0.07063222577759178
GTCAGAATAGTCTATG-1,0.01774275417916038,0.0,0.0006523280350300552,0.0,0.0,0.0,0.0,0.0,0.0004692189796461222,0.004299192111419123,0.04091600525413348,0.003533729480346398
GTCATTGCATTGACCC-1,0.043037304519773584,0.22604761484885155,0.0,0.0,0.21219595257523163,0.287907897872259,0.0009125712979762738,0.0,0.0,0.00980474767994681,0.006920436877415598,0.0217667784781749
GTCCGAGAGCAATCAT-1,0.0,0.0,0.0,0.008759339841407863,0.0,0.0,0.0012047093841960396,0.0,0.002472275594038607,3.3970547390633026e-05,0.006131070169455103,0.0
GTCGCCGTTGTGTGTT-1,0.0,0.0,0.0,0.0010043680571896858,0.0,0.0,0.0003958354835021758,0.0,0.00042945830336193943,0.0006086350934285309,0.005397615498344895,0.0010991099991864406
GTCGTACCTACGATTG-1,0.0024405780382788073,0.012236693484376553,0.0,0.03004879519334797,0.0,0.0,0.007641980273503111,0.03739435135977077,0.0006120139052325663,0.0,0.018093654598575787,0.0
GTCTACTCAATTACAA-1,0.035778079420220106,0.04289478823971762,0.0,0.0,0.11305278975181375,0.0,0.11704706799255489,0.0,0.0,0.030937617743477395,0.11173876753221647,0.0
GTCTATCTGAGTTTCT-1,0.025603638691240924,0.0,0.0,0.0,0.0,0.0,0.00021579708845413125,0.0,0.000427219754433966,0.0,0.0017331572318952757,0.04735002775768345
GTCTCGACTAAGTTTG-1,0.0008408953277546674,0.0,8.267419723982183e-05,0.04219432641571851,0.0,6.282985786883839e-05,0.0,0.0,0.0,0.0,0.004378145239181386,0.0012214980776405196
GTCTGGGCGGTCGAGA-1,8.279941727655926e-06,0.0,0.0,8.014307374345165e-05,0.23559510795028032,0.0,0.0,0.0,0.0,0.0,0.011006086701223793,0.08046418754236152
GTGACTTCAGTAGTGC-1,0.05085562261370123,0.0019362372458246757,0.0,0.0,0.0029735102081718395,0.0,0.00047354958548789176,0.0,0.0009266708667948274,0.027863574213699886,0.012557454321176545,0.002852810878017054
GTGAGCGTGCTGCACT-1,0.0,0.0,0.0,0.0,0.008432882475039863,0.0,0.00012016980037310574,0.017247368215976066,0.0,0.06946653738145747,0.0648607147118409,0.0
GTGAGTGGTACAACGC-1,0.0,0.017189058281395827,0.03727367333782885,0.021502480928916427,0.0,8.498862428783255e-05,0.0017780798656168977,0.0,0.0,0.0,0.09382764335983475,0.0
GTGATCATAGATCTGC-1,0.0,0.0,0.0734159372338015,0.0,0.0,0.0,0.00031904730831100876,0.004104766835613745,0.003874346575549302,0.0,0.06936518890369862,0.04041256582406869
GTGATTCGCCGCTCAA-1,0.003536793252281307,0.06776876719809267,0.0,0.047389756502191134,0.10799297627725014,0.0,0.0,0.002366971959850779,0.0,0.0,0.12210751879565833,0.0
GTGCCATCACACGGTG-1,0.08092539685933109,0.0,0.0,0.0013260361337472293,0.0,0.0,0.0005466479308631356,0.0,0.0005462898337495097,0.0,0.016188846071343143,0.0
GTGCGAAATCGAACAC-1,0.0,0.0,0.12752461598555187,0.12107778181165549,0.0,5.6862169655948936e-05,0.0,0.0,0.0,0.0,0.0,0.0
GTGCTCAAGTACTGTC-1,0.0,0.0,0.0,0.0,0.0,1.6046381436755308e-05,0.00013997283093539805,0.0,9.882300233289276e-05,4.768430329434551e-05,0.0011338635372542408,6.132077171896995e-06
GTGCTGCAGATAAGGA-1,0.0,0.0,0.0,0.0009276159045445635,0.0,0.0,0.003442090899051256,0.0,0.0033767573795638896,0.0,0.005051364188571793,0.0008250619039351925
GTGGACCAACCCGATT-1,0.001711723307274043,0.0,0.0,0.06412729150002441,0.0,0.0,0.0,0.0,0.0,0.0009240811060871564,0.029632968409510786,0.0005285467425442136
GTGGAGTCGGCGGTTG-1,0.0,0.0,0.0,0.0,0.0,0.0,0.0027255851577644625,0.0,0.011899391669803588,0.0,0.0073820177585620424,0.0
GTGGCGGTCCCAGCGT-1,0.009453793559684119,0.14268247435574574,0.05932114456497968,0.08026092351576344,0.0,0.0,0.0,0.0,0.0,0.0,0.01995521854093379,0.0
GTGGGAAGACTGAATC-1,0.0,0.0,0.0,0.00030366194962109166,0.0,0.00011829791498283419,0.0004900431615064535,0.0,0.0008765803013500137,0.0,0.006901369646316889,0.00016286616240842878
GTGGGCTTAGACACAC-1,0.00879432090454853,0.0,0.0003536746020363295,0.0,0.0,0.0006210610267312697,0.0,0.0,0.0,0.01019708220150084,0.03981794878128636,0.004774981122641809
GTGGTATAGTCTGCCG-1,0.0,0.0,0.0,0.000649460139048825,0.0,0.0,0.0003506730294622447,0.0,0.0007469803949631262,0.0,0.0035666496963062603,0.0005344928868272038
GTGGTTTCCGCCTTTC-1,0.019799753929480485,0.0,0.0,0.11893003666536685,0.0,7.08590804703644e-05,0.0,0.0,0.0,0.0,0.0007178116428731778,0.0004953547249390122
GTTACAATTGGTGACG-1,0.0022585724629745124,0.0,0.0,0.023727807959143518,0.0,0.0,0.00047911019085642863,0.0,0.003921846947759565,0.10825940096464284,0.0033313553222462885,0.0
GTTACCTACAACTTGC-1,0.0,0.0,0.09058749523813604,0.0,0.0,0.00030119364363671825,7.729274366538787e-05,0.0011800093382362696,0.0009983098370563177,0.004700375905320297,0.02989278344439662,0.0
GTTACTTTGGGCCTAG-1,0.00011729831732347887,0.0005820350568962995,0.0004067420716542794,0.0,0.00032930380308107893,0.0020503896093804043,0.00022151451640415869,0.003451683627898222,0.0012405405272575964,0.010992852319127855,0.0011617646533432187,0.00177273557736274
GTTATATTATCTCCCT-1,0.0,0.0,0.0,0.06949731931243074,0.0,0.0,0.12700896693704372,0.0015209225024156992,0.004132291383745388,0.0,0.10859544005454345,0.008843217216731676
GTTCACAGGAGTCTAG-1,0.05984830970275912,0.0,0.0,0.0,0.0,0.001042127032954198,0.0,0.006291893693282554,0.003164172030826371,0.1330091165255325,0.002662035311340526,0.0
GTTCCAGTCTGACCAT-1,0.11939606544443904,0.0,0.0,0.09441551467307162,3.2464909328153326e-06,7.530295021890324e-05,0.0,0.0005822470525294619,0.0,0.000789369708480612,0.0,0.0
GTTCGCCATAAGTGCC-1,0.036370449180164986,0.15448931394753976,0.11024247192115767,0.0,0.16940187877641646,0.0,0.0,0.0,0.0,0.044776202073572656,0.0041643200397467675,0.05342921323470822
GTTCTTCCCTCGATGT-1,0.04066325888077826,0.0,0.0,0.038675050007461687,0.0,0.0,0.0,0.0,0.0,0.031103284421392405,0.0,0.0
GTTGAACCGGTTCCAT-1,0.034160223402647974,0.0,0.0003611475685598218,0.0,0.0,0.0,0.00043094224056877917,0.0,5.042380608904741e-06,0.0,0.013471697440078778,0.001568232218069926
GTTGGATTTGCGTTGG-1,0.0,0.0,0.0,0.0,0.0,0.0,0.0,0.0,0.0,0.06602319367257578,0.0,0.0
GTTTACGTTCCATCTG-1,0.014045997294641361,0.0,0.1387776677041591,0.06555974835029482,0.0,0.0,0.004981221306336101,0.0,0.007073974288380236,0.030614234629499804,0.018439510469342262,0.0
GTTTCATATCGTCGCT-1,0.0,0.0,0.0,0.0318806611454341,0.0,0.0,0.0,0.0,0.0,0.05644834937577321,0.016918271548824092,0.0
GTTTGGGCTTGTGAGC-1,0.013425697954379649,0.0,0.09912443944196048,0.06911609401141108,0.0,0.0,0.0,0.0,0.0,0.04386365204255074,0.020047830555033452,0.0
GTTTGGTAGGGTCAAC-1,0.0,0.0,0.12066760301046876,0.12455425687831795,0.0,0.0,0.0,0.0,0.0,0.04948796373126331,0.01710665942560082,0.0
TAAACCCAGGAGGGCA-1,0.0,0.0,0.0,0.00020181328180237464,0.0,0.0,0.0010082736642293801,0.0,0.004539115622890451,0.0,0.008660437206065071,0.0
TAAATGAATCCGTTTC-1,0.031609106656624995,0.0,0.04415217835442289,0.012865721635992044,0.0,0.0,0.0,0.1254918906199778,0.12207729097608302,0.0,0.07162378942658443,0.033837159601186495
TAACAAAGGGAGAAGC-1,0.04996687628966078,0.0,0.00018403380262844792,0.0004045579060262214,3.7195864528123066e-05,0.0,0.00011334564380554117,0.0,0.0,0.0011096332741704989,0.003615129909812131,0.0005774226672305521
TAACAATATTTGTTGC-1,0.09992526592323175,0.0,0.08566839385565564,0.0,0.0,0.0,0.0,0.0,0.0,0.05877163847232952,0.001993735447157042,0.05920183355867277
TAACATACAATGTGGG-1,0.02419631062437798,0.09663686647654973,0.0,6.741755578756919e-06,0.0,0.0,0.0008823580356887665,0.0,0.001797413356912425,0.0,0.006022306988712579,0.00014447982307156653
TAACGCTTTGAGAGCG-1,0.0007844609827167536,0.11187338332889896,0.0,0.0,0.12384308219641701,0.0,0.0,0.013241132429612001,0.1250474112251894,0.02812349768241407,0.0830520060330492,0.0
TAACTATCGAAGGTCC-1,0.05366790912641489,0.0,0.05987019052208497,0.0,0.0,0.0,0.0,0.0,0.0,0.1331232151156442,0.01893327928725572,0.03183811322010319
TAACTCATCCGCGCGG-1,0.04048153056164171,0.0,0.15431941916208017,0.0,0.0,0.0,0.0,0.0,0.0,0.0,0.060758580491039944,0.0
TAAGCAGGCGACACGC-1,0.018696290773148782,0.0,0.1362635185731219,0.10322971572567693,0.0,0.0,0.2652030471234927,0.006176123445342862,0.0,0.0,0.07862199944671261,0.0
TAAGGCATAACATCAA-1,0.0,0.0,0.0010893847394056635,0.001319456555039422,0.0,2.7229473301924132e-05,0.0009521466702906099,0.0,0.0013224718328157536,0.0,0.012456848599566847,0.000601145244361015
TAAGGGCTGGGAGAGG-1,0.0,0.0005430404622850848,0.0012778403462860785,0.012349820048086909,0.0,0.0001791191248270312,0.0001760851305410263,0.0009876401304855498,0.00048544478225257784,0.00296553620880695,0.006688062448064627,0.0017984457337984498
TAAGTAACATCTTGAC-1,0.07493767419866028,0.0,0.0,0.0,0.0,0.0,0.0,0.0,0.0,0.0,0.02702735240012633,0.0
TAAGTCGCCGAGTATC-1,0.0,0.0,0.0,0.001444902404397536,0.0,0.0,0.0004313082410381878,0.0,0.0005709613843865467,0.0011907073331591988,0.006659698665615696,0.0020467041239080547
TAATAGAACAGAGTTA-1,0.0,0.016232258515286972,0.0,0.0379230784054128,0.0,5.125761909609135e-05,0.0,0.0,0.0,0.0032062933597990007,0.06762369087197972,0.0024997773097283817
TAATCGATCCGTACGT-1,0.0,0.14337868301294968,0.1001718949541719,0.0,0.0,0.16628619515406434,0.0,0.0,0.0,0.01650768024857544,0.0,0.0
TACAACGCACAACTCA-1,0.0,0.1772379054587562,0.0,0.06566558091931346,0.0,0.0,0.0,0.0,0.0009484055899375741,0.0,0.0,0.0
TACAAGTCTCGTGCAT-1,0.09564069658423696,0.0,0.0,0.01125003011408399,0.0,0.0014594186809693376,0.0,0.41161232584832064,0.0,0.007393225629191564,0.11207775160301735,0.0
TACATAGGCATACACC-1,0.00391386333904405,0.02193678257629868,0.014971089731309714,0.003655300936215051,0.03397304714706554,0.0,0.0008225980021395085,0.0019197105498125235,0.0032046804605336873,0.004903659229204168,0.049648223979059984,0.003956037371855028
TACATCCCTATCCCTG-1,0.0,0.0,0.0,0.00018705418778638378,0.00012047289695702154,0.0,0.0005641451956484921,0.0,0.005641868927727417,0.0,0.035436128738801656,0.0
TACATTTCTAACGTGC-1,0.004019029334953109,0.1482891319719795,0.0,0.0,0.0,0.0,0.0,4.0646699075780584e-05,0.0001232383673957174,0.0,0.0025296849838416908,0.0013248692281509797
TACCAGAAGTAGGTTC-1,0.0,0.000512935408835336,0.007013990523828729,0.06494641364592986,0.0,0.00045361884338550437,0.04072666562471462,0.0,0.006324957285035523,0.0,0.03743706804034831,0.027022932340563636
TACCGGCTCACTGCCC-1,0.023438386887274367,0.0,0.0,0.047818754225628105,0.0,0.0001927703144870002,0.003154724305583497,8.26900005640887e-05,0.003901884161642194,0.003577610280827827,0.017509014340566727,0.0018527766889986524
TACCGGTCGTTTCCAT-1,0.05417516829191978,0.0,0.0,0.09382881269553216,0.0,0.0,0.0,0.0,0.0,0.0,0.029820472656299567,0.0
TACCGTAGGTTAACTA-1,0.0,0.0,0.0003117825991648245,0.0008409267646343775,0.0,0.0,0.0005046623724053056,0.0,0.0006585165371589362,0.0,0.006079187102893813,0.0003771105569303725
TACCTGCTGCACTGTG-1,0.001009812437044562,0.0,0.11181862611628238,0.0,0.0,0.39641082284844975,0.0,0.005359136166919492,0.0,0.13878528605335472,0.0,0.09150088756139847
TACCTTAAGATTTCCC-1,0.0,0.0,0.0,0.030880030545998152,0.0,0.0,0.0,0.0,0.0,0.0,0.033203288396197066,0.0
TACGACGCTTGCTGCG-1,0.0017808034680715339,0.0,0.0,0.11435245574603997,0.0,0.0,0.0,0.0,0.00010498614198285032,0.0,0.0,0.12847922804691517
TACGACTGCCTCTTAG-1,0.007979100867491158,0.009150822738077134,0.05523778244313161,0.09247012965464797,0.0,0.0,0.07339324583203997,0.0,0.018700841898884806,0.0,0.01623088030948317,0.014750262541500792
TACGAGAACTTCACGT-1,0.0,0.0,0.0,0.0010419697335215525,0.0002111782003780348,0.0,0.0001135303779398955,0.0,0.0,0.0,0.016485120827134707,0.00033684535175097774
TACGATGTTGATCATC-1,0.0,0.0,0.0,0.0008548111420927909,0.0,0.0,0.0,0.0,0.0,0.06845620198417036,0.0,0.0
TACGCAGTTCTTTCCT-1,0.0664181480580717,0.0,0.001111568596735584,0.048644274007298684,0.0,0.0005491317872530845,0.0004314776105865476,0.002827827178342305,0.00032921180703055766,0.0069342475157528356,0.0,0.005190763968087404
TACGCCATATTCTAAT-1,0.0030563163893343958,0.018231778115989822,0.04339968700457843,0.0,0.0,0.0,0.0,0.004568402219786658,0.0020506490631060463,0.0005216677057627646,0.057929173161995265,0.05083061050662182
TACGCCGAGGGTACCC-1,0.0,0.0001287971507563172,0.0,0.0005600106400236673,0.0,0.0,0.002331185774686158,0.0,0.0004507690283466466,0.0008880831133868008,0.0033385961096246745,0.0008697000455233041
TACGCCTCCATTCCGA-1,0.05289745654457746,0.10025382021329207,0.0443285640429831,0.01742552876044141,0.0,0.0,0.0,0.11409819569973195,0.0,0.0,0.0062388913093655,0.0
TACGTGCACTATGCTG-1,0.0,0.0,0.0,0.0,0.0004501972398245734,0.16202880140707712,0.0,0.0047465226889069605,0.0,0.0,0.013865001595831756,0.05836131227255467
TACTATGGTTCCTCAG-1,0.0,0.0,0.00011480772073123346,0.0013763297157456846,0.0,0.0,0.0006081837068035197,0.0,0.0007798317817562146,0.0006669716611749856,0.007583126852422286,0.0012280644569859739
TACTCGGCACGCCGGG-1,0.04276477027641216,0.0,0.0,0.01902221114619944,0.0,0.0,0.0,0.0,0.0,0.0,0.13480594648131006,0.026524307300575277
TACTCTTTCGTCTTCA-1,0.0,0.0,0.0002842971484525041,0.0011668020985783306,0.0,0.0,0.000477275223461913,0.014187398424574466,0.0008327451283677809,0.0,0.0064514475732174,0.00036916871238851847
TACTGAACAGATTTAG-1,0.0,0.0,0.0,0.001836917938670601,0.0,0.0,0.001219146856332884,0.0,0.002820012312019499,0.00028767912118328617,0.00811480355142217,0.0007756208926471769
TACTGCAATCAATTAC-1,0.0,0.0,0.0,0.03335842422944208,0.00011242592953261098,0.0,0.0,0.0,0.0,0.0,0.001284228721325886,0.0
TACTGGACAGCTCGGC-1,0.0,0.0,0.0,0.0014011722534876126,0.0,0.00013740083947466598,0.0,0.0,0.0,0.0,0.03348180507482858,0.0026513361450439146
TACTTGTTAGTAGTCC-1,0.0,0.0,0.0,0.000577574988974019,0.00010367739171777854,0.0,9.393384155434503e-05,0.0,0.0,0.0,0.008318306959624749,9.837945210899746e-05
TACTTTCCGCACGCCA-1,0.0,0.0,0.0,0.0008356958975859242,0.0,1.9320901836670034e-05,0.00028389744988619554,0.0,0.00060546594393688,0.00024776333085741934,0.0054411819829972554,0.0004933132805283032
TAGAAATTCACGTATA-1,0.024677920500728045,0.048320481819272704,0.0,0.05377573807101656,0.0,0.0,0.03793633930038867,0.0,0.016094665782085092,0.0,0.0514197915010852,0.0
TAGAGATCATGCAACT-1,0.0031120228416361383,0.0,0.0331423416995715,0.03480384210075324,0.0,0.0,0.0,0.0,0.0,0.0,0.08863685966543931,0.05388853360127686
TAGATATGGACTGGAA-1,0.008422517166150332,0.017858259480337365,0.017714479710492465,0.08206541321657627,0.0,0.06774196891399221,0.06271188194774725,0.0,0.010876191908416554,0.0,0.040997694205153756,0.0
TAGATTCCTGGTTATT-1,0.0,0.0,0.0,0.0,0.0,0.0,0.0,0.002010111069052139,0.0,0.07924143125335281,0.0639746409114296,0.07258100536605704
TAGCAACCTGTCACAA-1,0.0,0.05095907955332023,0.01767912401996206,0.0,0.05748572500299215,0.09328933143585748,0.09152328414087262,0.11268031132935981,0.0647936469211218,0.0,0.03172217873605248,0.030706601538750985
TAGCGTCGAATATTGA-1,0.0,0.0,0.0,0.00032115293285805887,0.0,0.0,0.0006438759592944988,0.0,0.0017686495489952281,0.0,0.008969525273968479,0.003613571244781994
TAGCGTTGGGTCTTAC-1,0.008562815215866318,0.0,0.044833354419654525,0.0006910311482003828,0.0,0.0,0.002307007779799295,0.0,0.006946129905823337,0.004524113869635569,0.011366367719070021,0.0
TAGCTAGAAGGCATGA-1,0.0008233815581428591,0.0,0.0,0.007138183667834638,0.0,0.0,0.002875255650698572,0.0,0.09805817712713276,0.0,0.03017011573275366,0.0
TAGCTCGCCTGATAAC-1,0.0,0.0,0.0,0.06184577085167364,0.0,0.0,0.005299285708529179,0.0,0.007930209574838096,0.0,0.059155276117564014,0.011268020916510788
TAGCTGATGTGAAGCG-1,0.0,0.0,0.0,0.0,0.0,0.0,0.0005074701339768817,0.0,0.0007250438477258725,0.0,0.015422278108647033,0.0
TAGGTCCAAGTAAGGA-1,0.0397097606205415,0.0,0.09511462152708677,0.0,0.3077416971953277,0.0,0.0,0.0,0.0,0.10122169963812414,0.0,0.09794821581935578
TAGGTGAGCCCTACTC-1,0.0,0.0,0.18650268991382563,0.02228036372700672,0.0,0.0,0.0,0.0006676492060348521,0.0002934678396109097,0.0,0.013349834976062057,0.04558983290267009
TAGTGCCCTCCAGAGT-1,0.003252950058355226,0.0,0.0001367355702877444,0.0,0.0,7.990689283832786e-05,0.0,0.0,0.0003062388235910306,0.0,0.007403495660606989,0.0005596655891202668
TATACACAGACGCCTT-1,0.0,0.059133346470849786,0.04359974914555612,0.05276786852263245,0.03994843227214859,0.0009566185456229867,0.07793418886165739,0.0,0.003992621262999506,0.0,0.04143327727346289,0.0
TATAGGGTACTCATGA-1,0.004505164424140604,0.0,0.0,0.04828893697876666,0.0002381218931210484,0.0,0.0,0.0,0.0,9.863354717122371e-05,0.030974450810081412,0.0021545805669824104
TATCCATATCATGCGA-1,0.012438064296334315,0.0,0.0007091432398426641,0.0,0.0,0.0,0.0,0.0,0.0,0.06457852914299388,0.01034525152937894,0.005226617429033364
TATCCGCACCGTCGGG-1,0.0,0.0,0.0013341282311659583,7.429961790967471e-05,0.0,0.0,0.02572556675677215,0.0,0.0012410310960127334,0.0,0.007464387937667812,0.002811870629566472
TATCGATGATTAAACG-1,0.06403553735071031,0.0,0.0,0.0,0.00010207243746428372,0.0,0.0,0.0011088250342800438,0.0,0.0037793364902320823,0.0,0.0011418747076462645
TATCTACAGAGGTAAT-1,0.09793335753370509,0.24895823786243435,0.0,0.0,0.004790917446998248,0.0,0.0,0.0,0.0,0.03902483555050292,0.02900759875528273,0.07511140584244345
TATCTACCACAGCGGG-1,0.0,0.0,0.01307957356145369,0.0,0.0,0.12079144610630266,0.1129709199663585,0.14007501956903337,1.5456285962375272e-05,0.0,0.033836837640518355,0.005350566656768525
TATCTAGCCTAAAGGA-1,0.0718021622835038,0.0654933550246832,0.0,0.09157662499717005,0.0,0.0,0.0,0.0,0.0,0.039529108662787145,0.011018982693011825,0.0
TATGAAGACAGGTGCG-1,0.003935546456133583,0.24323568985273095,0.0908307555821478,0.0,0.0,0.00012380846744551236,0.0,0.0,0.0,0.0,0.020257391300118922,0.09133921788715929
TATGGCCCGGCCTCGC-1,0.03712764763422778,0.0,0.13788259884515736,0.0028180583715406884,0.004032751774003009,0.0,0.0,0.011102528496113524,0.0008287620625783294,0.026479629567218787,0.12818534856915942,0.06531300343461237
TATGGGACCGAGCAGG-1,0.006163422329246556,0.0,0.0014507287209401553,0.04480970087672354,0.0,0.0005655154884358183,0.0,0.0011224601646989477,0.0,0.01563290379377112,0.04926979346796127,0.007246537006186351
TATGGGTACGTATCGT-1,0.003505857574254392,0.0,0.062285412955802553,0.0031897793538498823,0.0,0.0,0.0010124111674643904,0.0,0.0037152015260183903,0.0,0.029548716189400064,0.0033965788603827532
TATGGTCTGAGTAACA-1,0.00040256311842454,0.0,0.1184583325731659,0.04201609504682611,0.0,0.0,0.0,0.0,0.0,0.0,0.016607773234437705,0.07353384564512089
TATTAACCTGACCGCG-1,0.0,0.0,0.0,0.001123681364188412,0.0,0.0,0.00044600793673676086,0.0,0.0005058765069619321,0.000712110817587852,0.006819947913791895,0.0009618150822115593
TATTCCACTCAGCTCG-1,0.0,0.014586383363755846,0.06256895214848812,0.019098903434194178,0.0,0.0003780055523814554,0.009772335001552212,0.0,0.016320688628557047,0.0,0.036442585933384154,0.008977558409285215
TATTCCTCCGCCCACT-1,0.006808497919958426,0.0,0.004498543077107179,0.0025943346016150033,0.0,0.0,0.0,0.0,0.0001425256223178665,0.02046641755021238,0.03024875485814806,0.013985127854789945
TATTTGTTACCCTTTA-1,0.010848941020309444,0.0,0.0,0.0,0.0,0.0,0.0,0.0,0.00018210423677428222,0.000562914354593897,0.00327896750067819,0.0
TCAACAAAGATAATTC-1,0.0,0.0,0.0,0.0014854823793011148,0.0,0.0,0.0005000540539966114,0.0,0.00036643771303509316,0.0003728919964023783,0.007463725134286525,0.0009988479933348328
TCAACATAGCGCCCTA-1,0.0,0.0,0.00036922184861287234,0.0005769305656670795,0.0,0.0,0.0005712446980536919,0.0,0.0008603157171594582,0.0,0.0041145487977981236,0.0
TCAACATCGACCGAGA-1,0.004528160546422586,0.0011755024150441108,0.0,0.005653372134185536,0.0,0.0003205912332922538,0.00021431585679821413,0.0,0.005578375585257883,0.0,0.00933398752285285,0.0001941575334120521
TCAACGAGGAGACAAA-1,0.0,0.07792387553232129,0.07413082792461602,0.026449251144677912,0.13586957463950805,0.0,0.0003238073582517398,0.0073436449014778575,0.002301632501570273,0.0,0.060710770678736065,0.0017742469952755427
TCAACGCAGGAAATAA-1,0.0,0.0021982290479785204,0.0,0.03482119863518284,0.020612128126277218,0.0,0.0,0.0,0.038975383384082615,0.0,0.04349363622044155,0.0
TCAACGCGACCGGCAG-1,0.01657162289410631,0.0,0.0,0.07258583875426743,0.0,0.00010792905753857363,0.0,0.0,0.0,0.0071413738882412,0.04286825602706351,0.0
TCAACTAACGTATAAC-1,0.023136192818901564,0.033204036289580525,0.0,0.0,0.07103828491660348,0.0,0.0,0.0037324809407520664,0.0,0.09131168033960023,0.09615784478444502,0.008636639486560968
TCACAGCAAACTCGAA-1,0.0,0.0,0.0,0.012407735674343473,0.0,0.0,0.002678220374996119,0.0,0.0011731834330022137,0.0,0.044309846937613466,0.0012121981879261703
TCACAGGAGAATAAGA-1,0.0,0.0025785903291233973,0.0,0.0,0.0,0.0,0.06018461874863487,0.00016173058134830374,0.007906592500136634,0.0,0.028238959766121983,0.0
TCACATCTTATCTGAT-1,0.025559191300210542,0.0,0.0,0.010532986623290068,0.0,0.0,0.0,0.01419955540649529,0.0,0.17271950225669086,0.09844361486477497,0.06711100857529376
TCACCCTCTTAAGATT-1,0.0,0.047527731466895706,0.022025457487743677,0.013136173409628853,0.08132479063466956,0.0,0.0019799575441994087,0.17001782224521758,0.006653225672278557,0.0,0.0815252096912399,0.04859420309809257
TCACGATGTCCGTGGA-1,0.0,0.0,8.557387539030356e-05,0.0013533818238761612,0.0,0.0,6.098410940956268e-05,0.0,0.0,0.0018073227684474154,0.007264677875068847,0.001899380596484931
TCACGTGCCCGATTCA-1,0.0,0.0,0.08738444191327002,0.0,0.0,0.0,0.0,0.0,0.0,0.00048494862480514135,0.0074566281755373415,0.03694859630806977
TCAGACGCTATAGAAG-1,0.0,0.0,0.0,0.0779157591630638,0.0,4.706289970961216e-05,0.0,0.0,0.0,0.0,0.007598722387477122,0.0008671397240726802
TCAGGGTGTAACGTAA-1,0.038203807898661,0.0,0.0,0.06937545949404587,0.0,0.0002941826417979762,0.0,0.00035176593359343013,0.0,0.00014551823635328688,0.0,0.0
TCAGTACTGACCCGCG-1,0.0,0.0,0.0,0.06379593635132721,0.0011064416843553759,0.0,0.0,0.004398821856107886,0.0,0.06160675567697696,0.024202186582212307,0.014346685342905802
TCAGTAGGGACTATAA-1,0.02546302770969878,0.0,0.0,0.09223839101494749,0.0,0.0033826414048283254,0.0,0.004885164650058692,0.0013109193901181403,0.018467342516175624,0.024442749849725713,0.003380086175961062
TCCAACTTTAAATTCT-1,0.02594043910282283,0.0,0.00012469030440734907,3.209004045731122e-05,0.0,0.0,0.00014129451172713848,0.0004999275477862816,0.0003640228353197548,0.0006078217767735009,0.001181140714476442,0.0007147961656926823
TCCACAATGGTTTACG-1,0.006386545978691193,0.0,0.0872532521700173,0.021231618047184136,0.0,0.0,3.974000470137965e-05,0.00035826281060032626,0.0007541932414198448,0.0,0.020464437857506967,0.0672383831864821
TCCAGAGCACCGGTTC-1,0.024733476337900386,0.0,0.0,0.01564350252432282,0.0,0.0,0.1647740836736484,0.00047879458712124257,0.007684169390866375,0.0,0.0,0.0015405205802238153
TCCAGGCGAGTACGGT-1,0.0,0.0,7.884679187756616e-05,0.03171221220807068,5.518462606527461e-05,0.0001578884693315853,0.0,0.000717808918734333,0.0,0.0,0.0,6.543746559062792e-05
TCCCAGCTTTAGTCTG-1,0.010052783414423318,0.12713073309253348,0.09142780795897902,0.005498957324041442,0.0,0.0,0.0,0.0,0.0,0.0,0.06255532034084087,0.0
TCCCGCGTACTCCTGG-1,0.04737010470941377,7.988185064861158e-05,0.0,0.0,0.001061434718546814,6.953621183402918e-05,0.00039349585845660165,0.0006623887592146178,7.26604851878645e-05,0.011128002567477088,0.0013777910043527408,0.0
TCCCGGGTGTGCTGCT-1,0.0,0.0,0.0,0.07268281404576445,0.0,0.0,0.0,0.0,0.0016205416844563996,0.0,0.0,0.08127183079862706
TCCCGTCAGTCCCGCA-1,0.0,0.0,0.0,0.0,0.0030537815252064614,0.0,0.0,0.2209704452784807,0.15100181946010907,0.06120801003701627,0.0,0.0421232983865192
TCCCTGGCTCGCTGGA-1,0.004718783233345582,0.002658015312132958,0.19541762031850368,0.0,0.010387018061668852,0.001979406375925308,0.00017834751816210722,0.006826630371719987,0.0,0.10533050786234689,0.013515851520451934,0.004330654939017689
TCCGAACTTGGCTTAC-1,0.04162928878396265,0.0,0.10100730898416417,0.02002269510964808,0.0014576097440134805,0.27110927805774326,0.0,0.0,0.0,0.028530502366058808,0.039391357526319504,0.0
TCCGATGACTGAGCTC-1,0.0,0.0,0.08549475581160858,0.0,0.0,0.0,0.0,0.0,0.0,0.0,0.0,0.05986513879541279
TCCGATTACATTGCCG-1,0.03402477569284697,0.0,0.0,0.02009055151798714,0.0,0.0,0.0,0.0,0.0,0.0730338662790735,0.033484993943931875,0.0018092132097474898
TCCGGTTCGTCCGGTC-1,0.0,0.0,0.0,0.023225727765721363,0.0,0.0,0.1470902731974148,0.0,0.05139737297783496,0.0,0.038431642544097165,0.0
TCCTAGCAAAGAAGCT-1,0.023499768984143493,0.0,0.0,0.0,0.0,8.064169905906575e-05,0.0008207036038499302,0.0,0.0006592838368546149,0.0016931640812496386,0.01091905111211453,5.4971324123300044e-05
TCCTCCTAAGACATTC-1,0.0,0.0002020078955287424,0.0,0.0011419487639548996,0.0011345022983027676,0.0,0.0013495313153031123,0.0,0.009521723724878127,0.0002320211338754322,0.00940528463157628,0.0
TCCTCTCCAGTTGTCC-1,0.07249157249657837,0.0,0.0,0.0,0.0029896241347358125,0.0025924943969595424,0.0,0.0,0.0,0.27912735487695745,0.018342235202946023,0.08968696813635861
TCCTGCGTTGATACTC-1,0.04042724616222334,0.0,0.12224095644333555,0.11531124557526586,0.0,0.0,0.0,0.0,0.0,0.0,0.0,0.0
TCGAGACCAACACCGT-1,0.08355143203327552,0.14081937530063468,0.0,0.0,0.0039919974075737245,0.0,0.00041805390354585385,0.002974828676659969,0.0015383633762454576,0.10614714552303198,0.014490743272195863,0.0
TCGCAAAGATGCATTT-1,0.0,0.0,0.0,0.03684203651750094,0.0,8.479012979928348e-05,0.0,0.00035836783812869585,0.0,0.0,0.0,0.0
TCGCCGAAGTTGCGTC-1,0.02687229234013186,0.0,0.0,0.1368916376210618,0.0,0.0,0.0,0.0,0.0,0.0,0.018266047303862464,0.0
TCGCGTCCAGAAGGTC-1,0.009853874902842032,0.00029120914287614625,0.0,0.0,0.004866849310010798,0.0037774539318156004,0.0,0.01298610357878016,0.004516774534404698,0.08951175723593553,0.028009499825161786,0.09882733754447202
TCGGAATGCGCTCTGA-1,0.06795121612648865,0.0,0.0,0.0,0.0,0.0,0.0,0.0,0.0005693353880312567,0.002701961879409513,0.015471446970048956,0.15800577876800537
TCGGAGAGTATCGGGA-1,0.0,0.0044852184110086065,0.0,0.0009685452596398746,0.02807295388744396,0.0004271473267764264,0.052085198888516974,0.0,0.0,0.0,0.0731507343973452,0.0
TCGGGATTCAAACATA-1,0.05609837132955667,0.0,0.0,0.07468337428140265,0.0,0.0,0.0,0.0,0.0,0.011448489327015622,0.020695834481643787,0.0012131268307207265
TCGTAAGACGACATTG-1,0.02265070587120937,0.0,0.044599129531063056,0.0328836456515639,0.0,6.011369053599078e-05,0.0,0.0,0.0,0.0,0.0,0.0
TCGTATTACCCATTGC-1,0.11476942014502436,0.0,0.0,0.0,0.0,0.0,0.00041233934556087187,0.0,0.0,0.0,0.0035079328743289127,0.0
TCGTCAAGTACGCGCA-1,0.0,0.0,0.0,0.0011806842560371342,0.0,0.0,0.000463428485104103,0.010481558049046777,0.000760945475512751,0.0,0.003157231605028136,0.00039791397038520406
TCGTCACACTGTTAGC-1,0.021850990380050235,0.0,0.20734575429707536,0.008271528679176614,0.0,0.00025668356757761306,0.0,0.0,0.0,0.012920776702320514,0.027391042467452203,0.006251992500839253
TCGTTAGGAGTCCCTA-1,0.0,0.0,0.0039820806079906845,0.057551286518281335,0.0,0.0,0.0030662726497356486,0.0,0.003355411349823759,0.0,0.07196066976527175,0.0
TCGTTGCTATCCGGTC-1,0.0,0.0,0.00036054923074278864,0.0006234839489166206,0.0,7.248701616185799e-06,0.0020308733956735654,0.0,0.0113087773315132,0.0,0.01067563974824322,0.0
TCTAGCAATCTCCGCC-1,0.0,0.0,0.0,7.594795933725046e-05,4.1999436029640795e-05,0.0,5.014649421438487e-05,0.0,0.0,0.0,0.020102574684761836,0.057381860393842965
TCTAGTTATCAGAAGA-1,0.05913920106602594,0.0,0.0,0.0631346497051481,0.0,0.0,0.0,0.0,0.0,0.07268875586337371,0.0,0.0
TCTATCGGTCGCAACA-1,0.06766316728598486,0.0008300551690933774,0.0,0.0,0.004221893456814626,0.0,0.0,0.005063242832284379,0.0,0.018397568292867972,0.0344301868014941,0.0
TCTATTACTAGAGGAT-1,0.04268473014482547,0.049127965760389414,0.0,0.03994758891031843,0.0,9.60889089365087e-05,0.0592804355028033,0.0,0.0,0.0,0.017761687960633883,0.002105942009884967
TCTCTAATAGCTGGTA-1,0.01139567048636899,0.0,0.0006606839454419514,0.0,0.0,0.0,0.0,0.0,0.0,0.1061748094726282,0.005049638291708095,0.0023300543618072823
TCTGCCAGAAACTGCA-1,0.02271134604323941,0.0,0.04798248047502863,0.0,0.0,0.0,0.0,0.0,0.00011756347576945741,0.0,0.0,0.0
TCTGGCGCAAGCCGGG-1,0.0,0.0,0.0001958605108959936,0.00023867123469827896,0.0,0.0001702287957551544,0.00042439114901110064,0.0,0.0007819493769754925,0.0,0.005272088960536776,0.00026544599012809605
TCTGGGTAGCGCTCAT-1,0.0,0.0,0.0,0.0,0.0,0.0,0.0,0.0,0.0,0.0,0.0,0.036151247604626874
TCTGTTACCCAGCATA-1,0.0,0.0,0.0,0.0,0.00250476383081407,0.0,0.03918283936985336,0.0,0.02159162641713826,0.007259871908248125,0.02899621367300633,0.0
TCTTACAGAGGTACCG-1,0.012581673394455792,0.0,0.0,0.0,0.0,0.0,6.493446669659821e-05,0.0,0.00032959017384909435,0.00041365309443992945,0.0,0.0
TCTTACGGCATCCGAC-1,0.027040225397377965,0.036996249714940595,0.11438845385521823,0.00040118118933669993,0.002094941270470598,0.0011034187631950392,0.00025755534976123383,0.005469898699042312,0.002587356372119656,0.03302706203657275,0.042196388415611706,0.045037370973619685
TCTTCGAATAGACGTT-1,0.004880437792886773,0.0,0.0,0.06627822757795351,0.0,0.00012729009489912332,0.1720402233852964,0.0005537490168608938,0.00638132121527533,0.00921896846377871,0.0,0.0007888019368195956
TCTTCGATACCAATAA-1,0.005484298003938368,0.0,0.00013497749584839402,0.0,0.0,1.5216709532391045e-05,0.0002605449486376643,0.0,0.000493863485644856,0.0,0.005038160600386027,0.0
TCTTGGTAACACCAAA-1,0.020127478336224042,0.0,0.0,0.07583376635313535,0.0,0.0,0.0,0.0,0.0,0.0,0.06021108389704182,0.0
TGACGAATATTTCCCT-1,0.002320248787113875,0.0,0.0,0.0,0.0,0.00031602534837767274,0.0,0.0,0.0,0.00489861800525944,0.047425523499448015,0.006970650122661223
TGAGAATGCTTTACCG-1,0.06568063406969862,0.0,0.0,0.0,0.0,0.0,0.0,0.0,0.0,0.0,0.0,0.07336145595357035
TGAGCCATACAGTCTC-1,0.07163712473429222,0.0,0.000504455754165952,0.0006818075433410827,0.0,0.0,0.00020099263442335808,0.0,0.0,0.0,0.003381432091857259,0.0008106709218006592
TGAGGAGTGCCAGCTT-1,0.0,0.0,0.0,0.001267492235505027,0.0,0.0,0.000418697649836892,1.0679161948220094e-05,0.0006444256536659767,4.709717360142655e-06,0.003920647832197902,1.98972550875036e-05
TGAGTAAATTAGCGTA-1,0.0064116229502258655,0.0,0.0,0.007807548946644286,0.0,0.0,0.002497632429000786,0.0,0.004331944968462958,0.0,0.04257726550001019,0.0017359710854460233
TGAGTGCCTCTTAAAT-1,0.006765713097396928,0.0001766127807057974,0.0,0.13945343951940495,0.001690384352931215,0.0002378437152493955,0.0,0.0,0.0,0.02193379987373147,0.022408320523655028,0.00010482155621259115
TGATACATTTAGCCGT-1,0.0,0.0,0.0,0.0015287996864907262,0.0,8.458535747585837e-05,0.0011681832925812788,0.0,0.0014280090898303552,0.0,0.0100160595447984,8.311913967514266e-05
TGATCAGGGAACTGCT-1,0.010471150691641725,0.0,0.09096980930828044,0.016222259122868666,0.0,0.0,0.0,0.0,0.0,0.0009342024292625661,0.031251489425475155,0.041634563294204126
TGATCCCAGCATTAGT-1,0.0,0.0,0.0,0.08559338705478814,0.0,0.0,0.0,0.0,0.0,0.0,0.0,0.0392289584571461
TGATTCGTCTATCACT-1,0.0,8.430449882117317e-05,0.0,0.05920917604531114,0.0,0.0,0.0,0.0007002810783071076,0.0,0.0006748414474573492,0.0,0.0
TGATTCTGTCGCCGGT-1,0.02053992753588393,0.0,0.0,0.015590583015905702,0.0,0.00013356375348046783,0.0,0.0,0.0,0.0021209653267822413,0.08648120855376268,0.0
TGATTTATTAGCTGTG-1,0.031061577318474035,0.0,0.0,0.00044615985392930564,0.0014326841517948129,0.0004783292239846325,0.001106352354228763,0.0024183433133833365,0.0014724699463111153,0.023997142955222643,0.0012825924548822848,0.0
TGCAGAACTATATCGT-1,0.0,0.0,0.0,0.0,0.0,0.00042800550032302695,0.0,0.0,0.0,0.002601989549412502,0.0302766217355312,0.0016407762397517823
TGCAGATCGTCCTAGG-1,0.07025134912638581,0.06786028594487944,0.0,0.007498196924093518,0.06157089790846998,0.00012872475239680833,0.000695282128300117,0.0,0.0,0.0,0.05598068911716822,0.0023144709661032156
TGCAGCTACGTACTTC-1,0.016375136250022806,0.049061628362681554,0.0,0.004776939737986079,0.0,0.0,0.0010222726345806602,0.0,0.0,0.0,0.03745931717336238,0.0
TGCAGGATCGGCAAAG-1,0.013654022801679913,0.0,0.00013348619348163129,0.0,0.0,3.9842375358206366e-05,0.0,0.0,1.5698956454627614e-05,0.00702034228828264,0.013628433926487441,0.001554126361124695
TGCATATGTCTGTCAC-1,0.0,0.0,0.0,0.0007358140223204912,0.0,2.376346171281374e-05,0.0,0.0,0.0,0.0060260264400808445,0.00834178789710573,0.0015545286674753923
TGCATGGATCGGATCT-1,0.01617468731877259,0.0690676686952938,0.08833078126286688,0.0,0.0008376666938580384,0.0015837454519874248,0.0,0.0,0.0,0.015291204136631445,0.04003315759939894,0.03922123872483531
TGCCAAAGTCAGACTT-1,0.0,0.017108158518875084,0.0035305217100726847,0.0044476124751369125,0.0,0.0008464254618712206,0.0008512339160086402,0.0,0.0,0.002302575137241457,0.06973371335404509,0.000488299086628981
TGCCAATGGGTACTCT-1,0.0,0.0026980160456133873,0.0,0.07302433984565573,0.011512351572681507,0.0,0.029596908259658838,0.0,0.0,0.0,0.03861632636454547,0.0011453470005786828
TGCCTGATCAAACGAT-1,0.08632725689147654,0.0,0.016915892598656498,0.002586090264029947,0.0,0.0,0.0,0.0,0.0,0.02435769294020709,0.0,0.09838602749529826
TGCGAATATGGGATTT-1,0.0,0.0010544021739159958,0.0,0.00019719225822712846,0.0,4.260100122028746e-05,0.0001687733129160141,0.0,0.00014067264467888043,8.681748217317863e-05,0.011262682319280501,0.0
TGCGACACCCTAGTGC-1,0.07566270103533693,0.0,0.0,0.0,0.0,0.0,0.0004540567434018384,0.0,0.00048565891371757575,0.0069697611689572,0.022480514846694454,0.001354895091634368
TGCGAGAATATTACCC-1,0.06137336659031707,0.0,0.0,0.061703717960597794,0.0013473270216737404,0.0,0.0,0.004942073108718367,0.0,0.015400002368546042,0.10910882013382703,0.006378886829150797
TGCGGAGTAAAGGTGC-1,0.06418074783870817,0.15360529474964907,0.0,0.0,0.0,0.0,0.0,0.2767330009950552,0.0,0.0918384402052764,0.031522050812421584,0.041435931964896866
TGCGTAAGAACCTGAT-1,0.0469820997369119,0.0,0.0,0.04883254397314864,0.0,5.209753385999385e-05,9.631633766453674e-05,0.0,0.0007734438428189346,0.0,0.0,0.0
TGGAACCACTGACACA-1,0.07033473658610101,0.0,0.0,0.0,0.0,0.0,0.0002941540816058296,0.0,0.0008195457013928148,0.0,0.0,0.0
TGGAAGGATAAAGATG-1,0.12127003709328514,0.0,0.16582569908862121,0.1021121791339159,0.0005027997695286527,0.0,0.0,0.005066160191057209,0.0,0.0,0.04733216748576586,0.08646626233276318
TGGAATTAGACGCTTT-1,0.06275122548379705,0.09264295631933396,0.10156208535726552,0.0,0.0,0.0030200718846171955,0.13885733387667737,0.0,0.0,0.050906152043627306,0.0,0.03960513301083419
TGGCAGATTACGATCA-1,0.0004225225748947928,0.0,0.007463292569909828,0.0006732608573148145,0.0,1.6560238243093714e-05,0.0013195762861196055,0.0,0.0043505908982937914,0.0049089886690978374,0.016201167537928905,0.0006202868178795521
TGGCAGCAGTAATAGT-1,0.0034365764780508157,0.0,0.05009187574331136,0.02686975992207341,0.0,7.583479706632126e-05,0.00012253915672021714,0.0,0.0,0.0,0.032769228068123275,0.00029045010876144764
TGGCCGTATATTGACC-1,0.0,0.0,0.0,0.04817844604670846,0.0,0.0,0.0,0.0,4.403984343184488e-05,0.06663441442417327,0.0,0.0
TGGCGACTGCTCCAAA-1,0.0,4.112119197160549e-05,0.0,0.00047482362092145285,0.0,0.0,0.0019198490367014478,0.0,0.0027010666021501694,0.0,0.014144487552125435,0.00040023970564408916
TGGCGATCAAGTTATG-1,0.0,0.0,0.0,0.040143722757843725,0.0,0.0,0.005940500833813676,0.0,0.0054773669800535895,0.0,0.05745246002064741,0.007643084534835483
TGGCTCTTGTCGCGTA-1,0.0,0.0,0.0,0.0007125965585484271,0.0,0.0,0.0008194512014546397,0.0,0.0015998475390748689,0.0,0.011300005994898613,3.37688495421088e-05
TGGCTTTGGGTAGACA-1,0.05321860080826407,0.0,0.10120398036875408,0.0,0.1797829748943389,0.0,0.0,0.0,0.0,0.049147384073660226,0.0,0.11930006257888938
TGGGAAATGCCTTTCC-1,0.0,0.044246757667591646,0.12776094358598522,0.01132616305092474,0.0,0.10871264159113804,0.0,0.12960882873926421,0.0,0.04220995744919552,0.10736066757806771,0.06772976740250324
TGGTAAGCAGGATTGA-1,0.0,0.0,0.00040491584706643343,0.001257756957203528,0.0,0.0,0.0008979349738175572,0.0,0.0014196162806251154,0.0,0.008639104091793312,0.00020760457294931396
TGGTCTGTTGGGCGTA-1,0.09919910574398436,0.0,0.0,0.000442955666334901,0.0,0.0,0.000284064344120256,0.0,0.0,0.0,0.005372884508758581,0.08342962298928115
TGTAATGACCACAATA-1,0.0,0.12342177551886135,0.0,0.0,0.0,0.0,0.0,0.0,0.0,0.0372953811288749,0.05546358335669376,0.0
TGTACGAACAAATCCG-1,0.016611921315835804,0.0,0.1027738132916764,0.04560222072502925,0.0,0.0005028755209097916,0.0,0.0007523268451496768,0.0,0.005011645159555142,0.016419847878511497,0.0034931045915388616
TGTAGTGATCTATAAT-1,0.06255042894998815,0.21586605922605412,0.0,0.0,0.0,0.0,0.0,0.0,0.0,0.0,0.016906979263252245,0.0
TGTCCGTGGCGCCTTT-1,0.08881729731561616,0.0,0.0,0.0,0.0,0.0,0.0,0.2880853146150622,0.0,0.04116900951565961,0.08098342882862246,0.08987914342541445
TGTCCTAAGTCACCGC-1,0.015580966490588885,0.0,0.05981152779387745,0.013669557059498415,0.0,0.0,9.100699281828261e-05,0.0,0.0002647366575214179,0.0495045122300405,0.04227218244455019,0.004035381972479036
TGTGACTACGCCAGTC-1,0.009104779159802729,0.0,0.1345853273975051,0.0,0.18165271027644234,0.0005828602387018148,0.0,0.003140510692819249,0.0,0.056991399230326756,0.0,0.0434977062664711
TGTGCTTTACGTAAGA-1,0.05988665974181664,0.0,0.0,0.0,0.0,0.0,0.0,0.0,0.3020377810504623,0.0,0.0,0.04433815219180674
TGTGTCGCGAGTTGCA-1,0.0533747043708994,0.0012020503598872572,0.0,0.04081265429286137,0.0009953904768583628,0.0,0.0,4.451134287483164e-05,0.0,0.01435088985820782,0.0,0.0
TGTGTTCGTATCCAAG-1,0.0,0.0,0.05580601844764027,0.008743178345729682,0.0,0.24346271811038298,0.0,0.0,0.0,0.14681637508938494,0.0032169979449409446,0.05797860898018154
TGTTCGTATTGCGGTG-1,0.0,0.0,0.02385621649352033,0.023706727145220482,0.0,0.0004365830457155983,0.005944195745957421,0.0,0.010840966243897193,0.0,0.05734414503184958,0.008926417799362533
TGTTTCGGTACTTCTC-1,0.03243988640701792,0.0,0.0,0.0,0.0,3.6110846288655065e-05,0.0,0.0,3.3468053122360364e-05,0.03690953800322337,0.0,0.04422919428586196
TTAACCAACCCTCCCT-1,2.434975055505577e-05,3.248145987013645e-05,1.2070267130663424e-05,6.205962373442912e-05,4.980093746595479e-05,0.00013037109752124865,0.0,9.186368114445473e-05,0.0,0.00041350462959727593,0.0015669701080962782,0.0002945259528049393
TTAACGTTAAAGCCTG-1,0.0,0.0001650642820091855,0.0,0.0006526664876750249,0.000603262507036378,0.0,0.00014068424281441584,0.0,0.00011734803525409176,0.0006406621973207824,0.0029824573712888477,0.0007843771117795929
TTAACTTCAGGTAGGA-1,0.0,0.0,0.0,0.01805880302917174,0.0,0.0,0.0004479686007254716,0.0,0.0,0.0,0.04381139022640823,0.0
TTACAGACCTAAATGA-1,0.06883411904533523,0.0,0.0,0.0,0.0,0.0,0.0,0.0,0.0,0.04095195158993383,0.0,0.0
TTACCATTGATTACCC-1,0.0933646535997478,0.0,0.1219868573028655,0.050712324768909744,0.2984158110251163,0.2887704134066328,0.0,0.0,0.0,0.0,0.0,0.0
TTACCCTAACAGTCCT-1,0.024936552315889794,0.0,0.06641133530776881,0.0,0.0,0.0,0.0,0.0023653008481004417,0.0,0.024760912403921455,0.05197422369480084,0.008620528738358427
TTACTATCGGCTTCTC-1,0.0,0.0,0.0,0.07520023977395496,0.0,0.00013153213152217684,0.0,0.0,0.0,0.0,0.037722239336001974,0.06526865716597992
TTACTCTGGTACGTAC-1,0.008943192438704393,0.1905903548265741,0.0,0.0,0.0,0.0,0.0,0.0,0.0,0.0,0.03173002120978617,0.00019688847984095602
TTACTGGGATATTTCA-1,0.01303967088314428,0.0,0.16009462455707657,0.004159105032633828,0.0,0.0,0.00117210143731176,0.0003725359319127054,0.004669168638177068,0.004371352775404263,0.025269788335417986,0.039175613515026034
TTAGAAGAACATGACT-1,0.0,0.0,0.0,0.06203978566461364,7.070350920147144e-05,0.0,0.0,0.0,0.0,0.0,0.018728086806026112,0.0
TTAGCTCTGTAATCCG-1,0.1024089087712218,0.210622422604423,0.0055518456275684205,0.08616131861786754,0.0,0.000495162200973551,0.0,0.0,0.0,0.030706978830801934,0.00979184805382368,0.026470282754418133
TTAGTAGGGCGGCGGG-1,0.01954867079664811,0.0,0.0,0.0,0.0,0.0023930125231859584,0.0,0.004840122411436409,0.004635111921007232,0.10388954286035627,0.002985864917420653,0.13303549385710237
TTATATACGCTGTCAC-1,0.0,0.0,0.0,0.0,0.12957790473358857,0.0,0.0,0.0,0.0,0.0,0.0156814411232211,0.0
TTATCGCCTGCGAAGC-1,0.03599513285609796,0.0,0.03048962760146413,0.05929157283796582,0.0,0.0,0.0,0.00022974579867044836,0.002209154023286065,0.11225068892810973,0.0,0.0011259040573260986
TTATCTGTATCATAAC-1,0.005912882678296528,0.0,0.0,0.01578796978659891,1.3755986502488964e-05,0.00014145510178632052,0.0,0.0005253435992404703,6.10938511474929e-05,0.00012940983402744371,0.0,0.00043053454316882393
TTATGAATGAAAGGGA-1,0.010161868725835,0.070230929203699,0.04265079977863536,0.06474285197380399,0.0002349242709829571,0.0,0.00516428748030276,4.4124661285352655e-05,0.01067403638368285,0.010967339537908082,0.018653433114099536,0.0
TTATGACAAACTGGAT-1,0.0,0.0,0.0930843197182639,0.009093426177481536,0.0,0.0005108997393861215,0.0,0.0005937928922494975,0.0,0.001886540912884726,0.0020376233583196918,0.0009408124383745982
TTATGATCTTAACGAA-1,0.021140169912845102,0.0013462803500783776,0.0,0.07910086730019535,0.0021394432790611292,0.001556200540380827,0.0,0.0019505554964975818,0.0,0.01636044687677166,0.0,0.0
TTATGTTTGCGATAGA-1,0.11696012983516862,0.0,0.00034136260182253875,0.005940898310938877,0.0,0.002129235116583012,0.0,0.0007934529975089323,0.0015602020148857809,0.06489104886257907,0.01584426096362264,0.0021601137085480544
TTCAATACTCTGAATC-1,0.0,0.0,2.4734022653321304e-05,0.014625911445530255,0.0,0.00025222110707084715,1.4509849937723737e-05,0.000596074815964583,0.0002842523761019271,0.0036281688204389145,0.0020055888779317572,0.0007561424893744713
TTCACGAAAGGATCAC-1,0.01416074812193617,0.0,0.0018556298561868824,1.4154299469957754e-05,0.0,0.0004056028872143309,0.0,0.004234531730176865,0.00044990700534583357,0.016590080429578564,0.041115000572440906,0.00826740809355215
TTCAGGCGTCAAAGCC-1,0.0,0.06033524904148669,0.0,0.0,0.00023121548365503017,0.0,0.0,0.004357246498277821,0.0,0.004459034907337695,0.056374477757195784,0.0
TTCCAATCTGGCTATC-1,0.06105199450652189,0.0,0.0006343970646722196,0.0,0.0,0.0,0.0,0.0,0.0014782563722872128,0.026523755543516134,0.005073768627905507,0.0
TTCCACACAGATTTGA-1,0.016401005180537147,0.011087725158716782,0.007583416493987558,0.0008328263959927108,0.0,0.0,0.0005099364757717091,0.0,0.0,0.0344633683149911,0.07216535940298166,0.0
TTCCGCGTGAGGCGAT-1,0.011914936372089546,0.0,0.0,0.07963168751745928,0.0,0.0,0.0027610103345555724,0.0009147901557034467,0.0061109516722061535,0.0,0.04985296016008197,0.044780563028679145
TTCCGGCCTTGAGGCT-1,0.0,0.0,0.0,0.010960162106765462,0.0,0.0,0.0019808531332416316,0.0,0.00242712425332695,0.0,0.012852206983331959,0.0010272905995192846
TTCCTCGAGGGTGTCT-1,0.0,0.26194006100922135,0.0,0.0,0.0015131611314888518,0.0,0.0,0.0001684577107438348,0.0,0.02102934066870499,0.0,0.002699741972992677
TTCCTCTGCCCGAATA-1,0.00043203304549930546,0.03589835459427357,0.0,0.08218989055260287,0.0,0.1379540229562614,0.0,0.0,0.0,0.0,0.0562957577449174,0.0
TTCGGGCGCTAGTCTT-1,0.0,0.0,0.0,0.0014410161107093857,0.0005585107234286026,0.0,0.00095067492867117,0.0,0.0027824586144014497,0.0,0.006580818654269605,0.0
TTCGTACTCCAGAACG-1,0.019784836291755727,0.0,0.0,0.003936159581650631,0.0,0.002947492122072914,0.0,0.21587942528822981,8.283494604720156e-05,0.008301699403019924,0.004006592639042988,0.0014999088332953892
TTCTACTTGCGAGGGC-1,0.09617730473296453,0.0,0.01145992832650219,0.0,0.10888548415331821,0.0,0.0,0.0025889674900281714,0.0010683438532117545,0.055352169883297914,0.03389380272713256,0.02287968091398186
TTCTGCCGCGCCTAGA-1,0.0,0.00016273814800664624,0.0,0.04439402964844204,0.0,0.00012415922364325101,0.0,0.0007094363638824872,0.0,0.002768940447448409,0.0024210253703163967,0.0012427714427671733
TTCTGCGAGCGCCCTT-1,0.07576203109173402,0.0,0.0,0.0,0.0005529885335365924,0.005328531473028355,0.0,0.005359738204940618,0.0,0.019141364653074373,0.09160066375350949,0.0
TTCTGCTAGACTCCAA-1,0.06348121281666318,0.0,0.0,0.0,0.0,0.0,0.0,0.0,0.0,0.0,0.0,0.0
TTCTTGAGCCGCGCTA-1,0.0018129669135275096,0.0,0.09104517634823585,0.029531596914761236,0.0,0.0,0.0,0.0,0.0,0.0,0.04328335834420643,0.00046396910420048705
TTCTTGGACGATCTGC-1,0.0,0.0,0.0,0.0003501229762430784,0.0,6.328860353513204e-05,0.0005617758718510753,0.0,0.000680186697551576,0.0,0.004884304173039182,0.0
TTCTTGTAACCTAATG-1,0.055209001361828755,0.18340848484820524,0.0,0.0,0.0,0.0,0.0,0.0026259740817331572,0.0,0.06738858922161957,0.030064628445612546,0.0
TTGAATATGGACTTTC-1,0.003103910782258472,0.0,0.024308742475892733,0.00010984171535271972,0.0,0.00011022907848829006,0.00010628984889442894,0.0,0.00042984199648129665,0.0,0.0009183331433766709,0.0002850897848955034
TTGACATGAACGTGGA-1,0.0,0.0,0.0,0.0007040517922783455,0.00021713281182054756,0.0,4.9000395009228253e-05,0.0,0.0,0.0,0.01480694927068038,0.0004180873037780209
TTGACCATGTTCTCCG-1,0.0,0.0,0.034290831007110036,0.002312759264370771,0.0,0.0,0.0,0.0,0.0,0.03831880548500342,0.0,0.0
TTGACCGTGTTAATGA-1,0.0,0.0,0.0,0.0024102592209129556,0.0,0.0,0.0019470214189851386,0.0,0.07514677321455361,0.006690355237649373,0.012342910758954743,0.0
TTGACTACCATATGGT-1,0.007286457964366532,0.0,0.0,0.046425434990074586,8.066098465306937e-05,0.00020926778151298227,0.0006712979606636494,0.0005464947289363445,0.0015956098009130618,0.0011666807731712354,0.0008349348676588569,0.000751679624759496
TTGAGAGTACTGCTAA-1,0.01911715426146542,0.0007150321657605737,0.0,0.06252904393756607,0.001268004155053664,0.00031537938514551603,0.001282163739670633,0.0024141492865883325,0.0013353334931262676,0.020318971847359125,0.003967195509529551,0.0
TTGATTAGCTGTTTCT-1,0.0,0.02045648911218769,0.0,0.05418102273960804,0.0,0.00017339719310193423,0.0,0.0,0.0,0.0,0.023857102237050447,0.0
TTGATTATGCAGATGA-1,0.0015342708677569842,0.0,0.09588454847558175,0.04151274631740912,0.0015604522659842606,0.0003089948026579837,0.0,0.004035726149455429,0.0,0.009037447219535373,0.029365854217867814,0.0
TTGCACAATTCAGAAA-1,0.0,0.0,0.07067318200083889,0.0,0.00013601623386474417,0.0005855357983395808,0.0009322302849026305,0.0011756890316218078,0.00333953288885056,0.007870408777784563,0.011608392162095992,0.009299047397439301
TTGCATGCTGATCACG-1,0.020544241210305132,0.0,0.0,0.0953320923535266,0.0,0.0,6.374802719561697e-05,4.3695114277450554e-05,0.0013245235347928673,0.0,0.0,0.0
TTGCCCTGATCACGGG-1,0.0,0.0,0.0,0.012804884476636766,0.0,0.24569892243533853,0.00165096073553671,0.0,0.002083144979293662,0.0,0.002793838730781539,0.0
TTGCGGCATCAGAAAG-1,0.0038850282040161404,0.00022268387198223842,0.002373140771672235,0.017099942359287107,0.011629723733497297,0.0,0.03110044735719587,0.0,0.0032515671296338964,0.0,0.01931384821557741,0.0
TTGCGTAGTTTGAGGA-1,0.05179729493499404,0.0,0.0,0.0,0.0,0.0,0.0,0.0,0.0,0.03180829634803879,0.022337968003244613,0.03289161592928696
TTGCGTCGGCCAACCG-1,0.043895301852841136,0.0,0.0,0.007726662347273392,0.0,0.0,0.12136181167505668,0.0003710924866084691,0.0,0.0,0.07407079335428389,0.0
TTGCTCCCATACCGGA-1,0.08354877645454326,0.06100610480508537,0.0,0.0,0.0,0.00026301504609245756,0.1322268235447129,0.1523423491386721,0.0,0.03401696642008974,0.0,0.05737244640591869
TTGCTGATCATGTTCG-1,0.0194888156994361,0.0,0.05050773739148464,0.015190787106264352,0.0,0.0,0.000209675342618522,0.0,0.003674488150277469,0.0,0.04492560682247221,1.598085333121174e-05
TTGGAAGAATACAGTC-1,0.0,0.0,0.0,0.0011394339680958908,0.0,0.0,0.0002799193850073008,0.0,0.0002853196218890801,0.000565508323778757,0.004726395019541464,0.0006287276270928489
TTGGACATGTGGCTTA-1,0.008241266389612067,0.0,0.0,0.0,0.0,0.0,0.0,0.0,0.0,0.0008073225848981955,0.0321611511219733,0.0006516379127252158
TTGGATATCGTCTACG-1,0.046443843354975776,0.0,0.0010278742638827228,0.07189316143162905,0.0,0.0001343969124545715,0.003839870641836956,0.0,0.003632612981671796,2.667704598360123e-05,0.029074740220957754,0.0009934841954021777
TTGGCTCGCATGAGAC-1,0.0,0.0,0.1175520011516995,0.0,0.0,0.00037792826162741323,0.0,0.0006173456248567618,0.0,0.004358519777423818,0.0,0.0012930991879587207
TTGGGACACTGCCCGC-1,0.02147942658863912,3.58231908527132e-05,0.0,0.0,0.0,0.0,0.0,0.0,0.0,0.0,0.006712058017529226,0.0
TTGGTCACACTCGTAA-1,0.016858955898085344,0.15842070754421322,0.0,0.012196972242637133,0.0,0.0,0.0010400580576263073,0.0,0.0007218987660647757,0.0,0.024908370383656172,0.001622343521618691
TTGTAAGGACCTAAGT-1,0.07901206543841732,0.0,0.0,0.0,0.0,0.0,0.0,0.0,0.0,0.0,0.03555760785021611,0.058926396739998076
TTGTAATCCGTACTCG-1,0.046992181579960796,0.0,8.621846579372426e-05,0.03775666403384837,0.0,0.0,0.0,0.0,0.0,0.0,0.031852674650047284,0.0
TTGTGAGGCATGACGC-1,0.0,0.0,0.0,0.0015732982030675358,0.0,0.0,0.0008739620615364337,0.0,0.000553154292178294,0.0,0.03210432697384336,0.002071219831537591
TTGTGGTAGGAGGGAT-1,0.0,0.001446425564440775,0.0,0.0,0.0,0.0,0.025431092655809957,0.0,0.0015269273829276622,0.007714459643989494,0.011633149669055529,0.0
TTGTGTATGCCACCAA-1,0.0,0.026639326087127164,0.013047576786755052,0.02170445468742891,0.0,0.0,0.03699307060794309,0.0,0.06346357096371073,0.0,0.02718904222401309,0.00035818352530513016
TTGTGTTTCCCGAAAG-1,0.004465268843318411,0.0,0.03339372334597414,0.0737538796716086,0.0,0.00014220055466569306,0.00234619214256381,0.0,0.002170898296358922,0.0,0.043129834460145046,0.02681146115135709
TTGTTCAGTGTGCTAC-1,0.0,0.0,0.0,0.0,0.0,0.0,0.0,0.0,0.0,0.03397474949535534,0.0,0.04126300813286202
TTGTTTCCATACAACT-1,0.007138402470620547,0.0,0.013922318044337158,0.050890583506480576,0.0,0.0,0.0,0.0,0.0,0.0,0.07896750623987059,0.0
