,COLLAGEN,LAMININ,THBS,TENASCIN,FN1,MK,MIF,ANGPTL,CXCL,CCL,PTN,CypA,SEMA3,PARs,ncWNT,GALECTIN,EGF,GAS,HSPG,KLK,GRN,FGF,AGRN,PROS,SLURP,IGFBP,PDGF,COMPLEMENT,VEGF,DESMOSOME,ANNEXIN,WNT,NOTCH,CHEMERIN,PERIOSTIN,VISFATIN,MHC-II,CSF,GAP,NRG,ADIPONECTIN,TGFb,PSAP,JAM,SPP1,CD99,TWEAK,ADGRE,APP,EPHB,BMP,IL16,EPHA,CLDN,ADGRG,SEMA4,MHC-I,MPZ,CDH,EDN,NT,PECAM1,ADGRA,TNF,KIT,CTSG,SLIT,RELN,ANGPT,CALCR,ESAM,NEGR,IL1,CDH5,ACTIVIN,PLAU,CD46,PTPR,SELE,OCLN,TRAIL,NECTIN,ADGRL,CEACAM,CX3C,ICAM,IGF,CD34,CDH1,APELIN,CSPG4,Netrin,THY1,CNTN,CD40,PTH,VEGI,MELANOCORTIN,NRXN,LIFR,SELPLG,PROCR,GDF,ADGRB,LEP,CD45,CHAD,SELL,BAFF,SEMA6,CLEC,APJ,UNC5,PCDH,CD6,IL6,SEMA7,CD96,EPGN
AAACCGGGTAGGTACC-1,0.2176676061672163,0.16632860209597142,0.05365702764740843,0.023225028246128994,0.11711529861763162,0.1305623595225808,0.0665704349854304,0.0,0.0,0.0038765216378604363,0.0,0.0,0.028801408188903758,0.0,0.03529841574179819,0.0,0.0,0.0,0.0,0.0,0.007093695313683103,0.0,0.0,0.0,0.0,0.0,0.0,0.0,0.005510325506232114,0.0,0.0,0.00010381888918904552,0.015363653107427336,0.0,0.0,0.0,0.0,0.0,0.0,0.0,0.0,0.0,0.0,0.0,0.0,0.0,0.0,0.0,0.0,0.0,0.0,0.0,0.0,0.0,0.0,0.0041678561957697756,0.0,0.0,0.0,0.0,0.0,0.0,0.0055978984558287806,0.0,0.0,0.0,0.0,0.0,0.0,0.0,0.0,0.0,0.0,0.0,0.0,0.0,0.0055978984558287806,0.0,0.0,0.0,0.0,0.0,0.0,0.0,0.0,0.0,0.0,0.0,0.0,0.0,0.0,0.0,0.0,0.0,0.0,0.0,0.0,0.0,0.0,0.0,0.0,0.0,0.0,0.0,0.0,0.0,0.0,0.0,0.0,0.0,0.0,0.0,0.0,0.0,0.0,0.0,0.0,0.0,0.0
AAACCGTTCGTCCAGG-1,0.6067628321607454,0.3360201906753014,0.06237835021604646,0.060725863135732694,0.011652478354330273,0.014174730752087887,0.00789576439102132,0.005677359256133885,0.01982093424562834,0.10430907641459478,0.013844394479402224,0.0,0.0007329972799228965,0.02114878391151169,0.011440774804626798,0.17214094829466078,0.04239818833121148,0.004031286176224493,0.0,0.002503686352089942,0.008946376399572844,0.0,0.0,0.0,0.0,0.0038016200975271057,0.0,0.011666043115698481,0.0032704769933004575,0.0,0.0060432577679284585,0.004094182869526173,0.0,0.005761766859628714,0.0025072710505650735,0.0046908681239250915,0.00585731458857886,0.009471437431581244,0.00219991252848444,0.0,0.0,0.0,0.003064782816627386,0.0,0.0,0.0,0.003919491034052507,0.007169887245901414,0.0,0.0016291368387775088,0.0,0.00414230827352168,0.0,0.0,0.0027042577202407376,0.0018511890046830814,0.03165564242195666,0.0,0.0,0.003049457145239191,0.0,0.0,0.0,0.018473024703516677,0.0017402717587308755,0.00019817771494669734,0.004871745938936717,0.0,0.0,0.0,0.0,0.0,0.00046971252029458547,0.0,0.0011181915367452105,0.00014294981987782206,0.0,0.0,0.002151613872466209,0.0008545723981714675,0.0,0.0,0.0004989458156023415,0.0,0.0013574089869708202,0.00610277331707967,0.0,0.0,0.0,0.0,0.0006614059762923536,0.0002904396807465304,0.0031249162934410403,0.0,0.0,0.0,0.0,0.0,0.0,0.0,0.002450913040161317,0.0,0.0010811315080679746,0.0,0.0,0.0010899958805736865,0.0,0.0018511890046830814,0.0007118807246765512,0.0,0.0007943631687100364,0.0,0.0,0.0,0.0004989458156023415,0.0,0.0,0.0,0.0
AAACCTCATGAAGTTG-1,0.8962547236791953,0.26765299983274154,0.06752978236224924,0.04308197188939143,0.0,0.0,0.0,0.0,0.03295051127693498,0.12493616248248676,0.0,0.05010289583050987,0.027863400118259454,0.0,0.0,0.0,0.0,0.023269931738421935,0.04404414923065377,0.0,0.007809037214637271,0.0,0.028097243120510006,0.0,0.0,0.0,0.0,0.006986714297321429,0.0,0.0,0.0,0.0,0.004750218705577145,0.011119871172066483,0.0,0.0,0.0,0.0,0.0023751093527885725,0.0,0.0,0.0032669377210449097,0.0,0.0,0.0,0.006809549183887975,0.0,0.0,0.0023751093527885725,0.0,0.0,0.0,0.0,0.0,0.0,0.0,0.0,0.0,0.0,0.0,0.0,0.0,0.0,0.0,0.0,0.0,0.0,0.0,0.0,0.0,0.0,0.0,0.0,0.0,0.0,0.0,0.0,0.0,0.0,0.0,0.0,0.0,0.0,0.0,0.0,0.0,0.0006877039804534496,0.0,0.0,0.0,0.0,0.0,0.0,0.0,0.0,0.0,0.0,0.0,0.0,0.0,0.0,0.0,0.0,0.0,0.0,0.0,0.0,0.0,0.0,0.0,0.0,0.0,0.0,0.0,0.0,0.0,0.0,0.0,0.0
AAACGAGACGGTTGAT-1,0.25294129217800176,0.0,0.07046503100136786,0.0900891330671064,0.07791576619169016,0.0,0.0,0.0,0.0,0.0,0.0,0.008929616302170689,0.0,0.0,0.0,0.0,0.0,0.0,0.007843836083876682,0.0,0.0,0.0,0.0,0.009905213485123366,0.0,0.0,0.0,0.0,0.0,0.0,0.0,0.0,0.0,0.004892919713415302,0.0,0.0,0.0,0.0,0.0,0.0,0.0,0.0,0.0,0.0,0.0,0.0,0.0,0.0,0.0,0.0,0.0,0.0,0.0,0.0,0.0,0.0,0.0,0.0,0.0,0.0,0.0,0.0,0.0,0.0,0.0,0.0,0.0,0.0,0.0,0.0,0.0,0.0,0.0,0.0,0.0,0.0,0.0,0.0,0.0,0.0,0.0,0.0,0.0,0.0,0.0,0.0,0.0,0.0,0.0,0.0,0.0,0.0,0.0,0.0,0.0,0.0,0.0,0.0,0.0,0.0,0.0,0.0,0.0,0.0,0.0,0.0,0.0,0.0,0.0,0.0,0.0,0.0,0.0,0.0,0.0,0.0,0.0,0.0,0.0
AAACTTGCAAACGTAT-1,0.008017324810424062,0.0015500236143299886,0.0,0.0013521956718053145,0.0008061281726108458,0.0,0.010391214800377763,0.053530666571068634,0.0023902882812271765,0.002848347974237906,0.0,0.0,0.03187072613592671,0.004966008510222221,0.017936021020006465,0.0,0.022852630514942397,0.00042157269479448117,0.0,0.007502749855285179,0.0,0.0,0.0,0.004190645665234103,0.006819396314360229,0.0,0.0,0.0011881726467277245,0.0031519656142227595,0.0,0.002262149852110865,0.006156344729530075,0.0021854261767198617,0.0008200778250619351,0.0,0.004493573741162952,0.0,0.0,0.014978313217027335,0.0,0.0,0.0,0.0019464032187517372,0.0,0.0,0.0,0.0,0.0,0.0,0.0008136199959130712,0.0016627288005234165,0.0,0.006450598017430321,0.0,0.000604405571717066,0.0011439753707836323,0.0029592036030052188,0.0,0.0,0.0,0.0,0.0,0.0,0.0,0.0,0.00029942101653914003,0.0,0.0,0.0,0.0007193164782916045,0.0,0.0,0.0029508003732974437,0.0,0.000569874768258189,0.0007428969940337878,0.0,0.0,0.0,0.0,0.002533092027987178,0.0,0.00027933683748243955,0.0,0.0,0.0,0.0008329449570153415,0.0,0.0,0.00023149832265047644,0.0,0.0,0.0,0.0,0.0,0.0,0.0,0.0,0.0,0.0,0.0,0.0,0.0,0.0,0.0,0.0,0.0,0.0,0.0,0.0,0.0,0.0,0.0,0.0,0.0,0.0,0.0,0.0,0.0
AAAGACTGGGCGCTTT-1,0.9290355618976799,0.6449206873700595,0.24873898799243727,0.033698236110160935,0.1008121042982349,0.0,0.019815615806818232,0.02823026858495112,0.039924639662031185,0.0352759055232982,0.0,0.0,0.017700637551143355,0.0,0.0,0.0,0.0,0.0005677615344897985,0.01766246721537463,0.0,0.003894883856019112,0.0,0.016851716333292483,0.0,0.0,0.0,0.0,0.012524093483848853,0.0,0.0,0.003958612444113567,0.0008032558710347414,0.0,0.0,0.017221138497520744,0.0,0.0,0.0,0.0,0.0,0.0,8.961943305010472e-05,0.0,0.0,0.0,0.0,0.0026848695472597795,0.004667649881239331,0.0,0.0,0.0,0.0,0.0,0.0024620762626864252,0.0,0.0,0.0,0.0,0.0,0.0,0.006057900955142273,0.0,0.0,0.0,0.0,0.0,0.0,0.0,0.0,0.0,0.0,0.0,0.0,0.0,0.0,0.0,0.0,0.0,0.0,0.0,0.0,0.0,0.0,0.0,0.0,0.0,0.0,0.0,0.0,0.0,0.0,0.0,0.0,0.0,0.0,0.0,0.0,0.0,0.0,0.0,0.0,0.0,0.0,0.0,0.0,0.0,0.0,0.0,0.0,0.0,0.0,0.004427238714643758,0.0,0.0,0.0,0.0,0.0,0.0,0.0
AAAGGCTCTCGCGCCG-1,0.6632960748640954,0.3974383307373293,0.16274433847419922,0.04896160073345158,0.0,0.006476818212107366,0.026956221819154358,0.052976316267211575,0.0,0.0039416514182205615,0.0,0.01846788486567967,0.008109120862886579,0.04972753187056,0.0,0.0,0.0,0.005444135722056435,0.0,0.012305853577429148,0.0,0.0,0.0,0.007781872186129645,0.00919473493040026,0.0,0.0,0.0011408531946328273,0.0,0.0,0.0037112649442886214,0.005032242486589169,0.0013951562827091578,0.0027658425566458224,0.01786152427276968,0.0,0.014976401836599753,0.0026361459885547883,0.0,0.0,0.0,0.0034412729279418323,0.0011115256417628633,0.0009472973401795489,0.0,0.0,0.0,0.0,0.0,0.002520385223460539,0.003504466671406359,0.010257418867838436,0.0,0.0,0.0,0.0036577356462204856,0.0,0.0,0.004291310192756618,0.0,0.0,0.0,0.0,0.0,0.0,0.0009378303147778662,0.0,0.0,0.0,0.0,0.0,0.0,0.0007723466505307338,0.0,0.0012445028770507207,0.0,0.0,0.0,0.0,0.0,0.0,0.0,0.0,0.0,0.0,0.000435038470501728,0.0,0.0,0.0,0.0006464861783414882,0.0,0.0,0.0,0.000435038470501728,0.0,0.0,0.0,0.0,0.0,0.000938213719521177,0.0,0.0,0.0,0.0,0.0,0.0,0.0,0.0,0.0,0.0,0.0,0.0,0.0,0.0,0.0,0.0,0.0,0.0,0.0
AAAGGGCAGCTTGAAT-1,1.154669453826376,0.8507283042383269,0.07616350623809606,0.11557454538647358,0.010394209965580804,0.16342333801016104,0.03667111749937571,0.007970333826155479,0.07757101381415112,0.020214428630160642,0.0,0.0,0.01943612902228703,0.025983254881840844,0.030732349530289936,0.045286336054440664,0.0,0.01922560964057956,0.015624881642776901,0.0,0.013719156264359557,0.031073766373171458,0.0,0.03301955196686114,0.003511499070140066,0.0016873809197410399,0.026329942859837415,0.026017362273752412,0.0,0.0,0.02344120773983275,0.00030165021290444704,0.004036041554746402,0.013255003844300804,0.0,0.0,0.030663203426754878,0.014837654054493197,0.0,0.0,0.0,0.00039804113458675246,0.003052368730943642,0.0,0.0,0.0021954092281580356,0.0,0.006956333213518167,0.0,0.002546923205882739,0.0,0.006096494146968341,0.0,0.0,0.0,0.0,0.0,0.0014105394618421816,0.0,0.0,0.0,0.0,0.0,0.0,0.005832612627835718,0.011385928931263764,0.0020033174778990685,0.0,0.0,0.0,0.0,0.0,0.0,0.0,0.0008197925262299569,0.0023081496927782703,0.0,0.0,0.0,0.0,0.0,0.0,0.0,0.0,0.0,0.0017914135428612763,0.0,0.0020512704590313706,0.0,0.00761470411070477,0.0,0.0,0.0063824485827540505,0.0,0.0,0.0,0.0,0.0,0.0,0.0,0.0007052697309210908,0.0,0.0005640176197676075,0.0,0.0,0.0,0.0,0.0,0.0,0.0,0.0,0.0,0.0,0.0,0.0,0.0,0.0,0.0,0.0
AAAGTAGCATTGCTCA-1,0.007280996090458888,0.010531784818187553,0.0,0.0009115768591720022,0.00047223565171721627,0.0,0.011227496834056447,0.0018779257185628665,0.0006780400562348682,0.001008357334430316,0.0,0.009193358269227568,0.00796582277449344,0.018369015683093508,0.006289920857235342,0.0,0.020814950000664023,0.0005837521548697365,0.0,0.022112556920388386,0.007664624936649095,0.0,0.0,0.0,0.004996374992325835,0.007001789060813089,0.0001142593939457869,0.00020375582400946452,0.0017871689236379556,0.006520041667879366,0.0006578568496797476,0.004177622332063443,0.00141797440697224,0.0007167664391613781,0.0,0.0,0.0,0.00018178436931807788,0.0,0.016608268129868473,0.0,0.00036020923170475917,0.0011658031195118978,0.0,0.0,0.0,0.0,0.000147676709189791,0.0,0.0007172561432497134,0.006730902224333537,0.0,0.0033458968039557883,0.0,0.00016645636409110435,0.0002822978724841253,0.0013197240939619886,0.0,0.0027128744033499286,0.0,0.0,0.0,0.0,0.009779839459725936,0.0007481655547125941,0.0,0.002379919445842615,0.0,0.0,0.0002796865052890306,0.0,0.0,0.003294582570931636,0.0,0.0,0.00021957283212452322,0.0,0.0,0.0,0.0,0.000796029929598293,0.0,0.00028558316324280687,0.0,0.0,0.0,4.836619160283202e-05,0.0,0.0005107761514545757,0.0,0.0,0.0,0.0,0.0,0.0,0.0,0.0,0.0,0.0,0.0,0.0,0.0,0.0,0.0,0.0,0.0,0.0,0.0,0.0,0.0,0.0003111403076987033,0.0,0.0,0.0,0.0,0.0,0.0,0.0,0.0
AAAGTCGACCCTCAGT-1,0.9648590218438204,0.33793467076931266,0.16876364502089683,0.04570551123629795,0.0040178299848375445,0.0,0.07458977877244576,0.0,0.08157689046692027,0.1042692199732883,0.07501957386980258,0.01632825287213205,0.03167775303087331,0.04495725501877092,0.0,0.13872131472586674,0.0,0.003417181917218039,0.0,0.0,0.0030275875796165115,0.013455060971266907,0.004898306596777665,0.010585466456990813,0.0,0.0,0.0,0.007519545001592885,0.0019834769726665715,0.0,0.0025174292643509216,0.0016663241870307124,0.003028834864828955,0.010905339331060832,0.00858676729905212,0.0,0.0,0.0073307962462683006,0.0,0.0,0.0,0.007402841516084125,0.0,0.0,0.0,0.0034796125357532937,0.005434231215910464,0.005967391747180983,0.0,0.0,0.0,0.0,0.0,0.0,0.0,0.0015671534105749809,0.0,0.0,0.0,0.008835504602215315,0.0,0.0,0.0,0.0,0.0,0.0011679143473736096,0.0,0.0,0.0,0.0,0.0,0.0,0.0,0.0,0.0,0.0,0.0,0.0015671534105749809,0.0,0.0,0.0,0.0010025960746982792,0.0,0.0,0.0,0.0,0.0028296920515576978,0.0,0.0,0.0,0.0,0.0,0.0,0.0,0.0,0.0,0.0,0.0,0.0,0.0,0.0,0.0,0.0,0.0,0.0,0.0,0.0,0.0,0.0,0.0,0.0,0.0,0.0,0.0,0.0,0.0,0.0,0.0,0.0
AAATACCTATAAGCAT-1,0.5372144606410955,0.0,0.21261421670156827,0.04913212107492759,0.0,0.0,0.02577006344119923,0.0,0.0025000175125555048,0.0,0.0,0.03252791071844968,0.03620128038720882,0.0,0.0,0.0,0.0,0.0,0.0,0.0,0.0,0.0,0.0,0.0,0.0,0.0,0.0,0.0,0.0,0.0,0.0,0.0,0.0,0.0,0.0,0.0,0.0,0.0,0.0,0.0,0.014177823789470887,0.0,0.0,0.0,0.0,0.0,0.0,0.0,0.010538246210614525,0.0,0.0,0.0,0.0,0.0,0.0,0.0,0.0,0.0,0.0,0.0,0.0,0.0,0.0,0.0,0.0,0.0,0.0,0.0,0.0,0.0,0.0,0.007616834314075643,0.0,0.0,0.0,0.0,0.0,0.0,0.0,0.0,0.0,0.0,0.0,0.0,0.0,0.0,0.0,0.0,0.0,0.0,0.0,0.0,0.0,0.0,0.0,0.0,0.0,0.0,0.0,0.0,0.0,0.0,0.0,0.0,0.0,0.0,0.0,0.0,0.0,0.0,0.0,0.0,0.0,0.0,0.0,0.0,0.0,0.0,0.0
AAATCGTGTACCACAA-1,0.38612129047955873,0.26667607247457065,0.03172709694357112,0.04232933512405058,0.027911043615035835,0.0,0.0,0.0060040208998186455,0.008891458528163877,0.0,0.0,0.017975682553241418,0.038239060859942164,0.016089570771567415,0.07253022782524,0.0,0.019776898296780726,0.0074469791447742215,0.009334790942919127,0.008775721063392767,0.014398025342551034,0.0,0.0,0.0,0.007047434541440966,0.0,0.0,0.0,0.0,0.0027217393656228527,0.0,0.0,0.0,0.0072257951422506515,0.0,0.0,0.0,0.0,0.0,0.0,0.0,0.0,0.002128646523502391,0.0,0.0,0.0,0.0,0.0,0.0,0.0,0.0,0.0,0.0,0.0018482295627226654,0.0,0.0,0.0,0.0,0.0,0.0,0.0,0.0,0.0,0.0,0.0,0.0,0.0,0.0,0.0,0.0,0.0,0.0,0.0,0.0,0.004212074334249384,0.0,0.0,0.0027217393656228527,0.0,0.0,0.0,0.0,0.0,0.0018482295627226654,0.0004023931484921693,0.0,0.0,0.0,0.00224483028202707,0.0,0.0,0.0,0.0,0.0018482295627226654,0.0,0.0,0.0,0.0,0.0,0.0,0.0,0.0,0.0,0.0,0.0,0.0,0.0,0.0,0.0,0.0,0.0,0.0,0.0,0.0,0.0,0.0,0.0,0.0,0.0
AAATTAACGGGTAGCT-1,0.37872992310953535,0.3929103345927873,0.0075529121175126,0.0766817739901012,0.004369979687352779,0.10283489889847353,0.0881496896093831,0.0,0.00846108847473996,0.010101852046201043,0.0,0.0,0.004981840812334404,0.006629005979433508,0.0,0.0,0.0,0.008750650380002813,0.0,0.0017771181287665658,0.008029376220141441,0.0,0.003066199036799744,0.0,0.0023257080710480417,0.0018863220682314272,0.005992817200781092,0.0006153199073859851,0.002802983551259937,0.0,0.0,0.00255926304425737,0.0,0.002769908849867741,0.0,0.0008537142236144933,0.0,0.0,0.0,0.0,0.0,0.0,0.0025235668086077212,0.0,0.0,0.0,0.00495491840202476,0.0,0.004672583769127897,0.005939132394671596,0.0,0.0,0.0,0.0007866248878729017,0.0,0.0,0.0,0.0,0.0,0.0,0.0,0.0,0.0,0.0,0.0,0.0,0.0,0.0,0.0,0.0,0.0,0.0,0.0,0.0,0.0,0.002393043597643992,0.0,0.0,0.0,0.0,0.0,0.0,0.0,0.0,0.0,0.0,0.0,0.0,0.0020258772570392854,0.0,0.0,0.0,0.0,0.0,0.0,0.0,0.0,0.0,0.0,0.0,0.0,0.0,0.0,0.0,0.0,0.0,0.0,0.0,0.0,0.0,0.0,0.0,0.0,0.0,0.0,0.0,0.0,0.0,0.0
AAATTAATAAGCGCGA-1,0.05505955021662481,0.02559189500331208,0.0,0.0008112369635410163,0.0,0.0,0.004652451014561919,0.0008127181919642312,0.0,0.0,0.0,0.0,0.0,0.013627138165101041,0.005513015626045075,0.0,0.027429058243223094,0.0007942019935446893,0.0,0.009728447009453174,0.0,0.0,0.0,0.000475602169824788,0.006265098389244015,0.0,0.00019094209669801097,0.0,0.00012020323914919371,0.012569964621883327,0.0,0.0012163728157008368,0.0,0.0,0.0,0.0,0.0,0.0,0.0,0.0,0.0,0.0,0.003940012191014558,0.0,0.0,0.0,0.0,0.0,0.0,0.0,0.001314345052290747,0.0,0.0,0.0,0.0,0.0,0.0,0.0,0.0,0.0011989243959426058,0.0,0.0,0.0,0.0,0.0,0.0,0.0,0.0,0.0,0.0,0.0,0.0,0.0,0.0,0.0,0.0,0.0,0.0,0.0,0.0,0.0,0.0,0.0,0.0,0.0,0.0,0.0,0.0,0.0,0.0,0.0,0.0,0.0,0.0,0.0,0.0,0.0,0.0,0.0,0.0,0.0,0.0,0.0,0.0,0.0,0.0,0.0,0.0,0.0,0.0,0.0,0.0,0.0,0.0,0.0,0.0,0.0,0.0,0.0006688071270921198
AAATTACCTATCGATG-1,0.40217992058884255,0.0,0.09946113500961448,0.09281658891000259,0.08044251838964904,0.0,0.04067446878568787,0.09606914179181034,0.023047688619837168,0.010132440675070952,0.0,0.0,0.0036657999879764662,0.0,0.0,0.0,0.0,0.013872607636934726,0.0,0.0,0.0031792376122807674,0.0,0.0,0.013872607636934726,0.0,0.0,0.0,0.0,0.0,0.0,0.0,0.0,0.0,0.0,0.0,0.0,0.0,0.0,0.0,0.0,0.0,0.0,0.0,0.0,0.0,0.0,0.0,0.0,0.0,0.0,0.0,0.0,0.0,0.007426425252481274,0.0,0.0,0.0,0.0,0.007426425252481274,0.0,0.0,0.0,0.0,0.0,0.0,0.0,0.0,0.0,0.0,0.0,0.0,0.0,0.0,0.0,0.0,0.0,0.0,0.0,0.0,0.0,0.0,0.0,0.0,0.0,0.0,0.0,0.0,0.0,0.0,0.0,0.0,0.0,0.0,0.0,0.0,0.0,0.0,0.0,0.0,0.0,0.0,0.0,0.0,0.0,0.0,0.0,0.0,0.0,0.0,0.0,0.0,0.0,0.0,0.0,0.0,0.0,0.0,0.0,0.0
AAATTGATAGTCCTTT-1,0.08088300994915115,0.022710654510823394,0.08023958301165478,0.0,0.0020980196363325314,0.0,0.01979912717546448,0.011221041423842034,0.0,0.0,0.0,0.0,0.007282288108315622,0.013226573645854634,0.0,0.0,0.0,0.0,0.0,0.02258296581883565,0.018952898615281665,0.0,0.0020281873236067814,0.0,0.009131575899763291,0.00254284586037504,0.0,0.0,0.0009563260564585551,0.012292553527383232,0.0,0.005274242581823712,0.0,0.0,0.0,0.0,0.0,0.0,0.0,0.0,0.0,0.0,0.0,0.0,0.0,0.0,0.0,0.0,0.0,0.0,0.0,0.0,0.0,0.0,0.0,0.0017904239556378431,0.0,0.0,0.0,0.0,0.0,0.0,0.0,0.0,0.0,0.0,0.0,0.0,0.0,0.0,0.0,0.0,0.0,0.0,0.0,0.0,0.0,0.0,0.0,0.0017904239556378431,0.0,0.0,0.0,0.0,0.0,0.0,0.0002296090506327548,0.0,0.0,0.0,0.0,0.0,0.0,0.0,0.0,0.0,0.0,0.0,0.0,0.0,0.0,0.0,0.0,0.0,0.0,0.0,0.0,0.0,0.0,0.0,0.0,0.0,0.0,0.0,0.0,0.0,0.0,0.0,0.0
AAATTTGCGGGTGTGG-1,0.186153977484885,0.0,0.11915539480146169,0.006003052994390818,0.0,0.07589844928619534,0.07137290982372799,0.0049648516007897055,0.004346453932395004,0.0023727524500719867,0.0,0.01743464053538831,0.021692249808499584,0.0,0.04272976594327131,0.0,0.018745453578618093,0.00043606305353229355,0.0,0.0,0.0,0.03621636848351482,0.009477392971712868,0.0,0.0029186180679826217,0.007370767308063455,0.0,0.0008211370820995265,0.0,0.0,0.0029109612425512778,0.006750245377764713,0.0,0.0,0.006697566465013192,0.0,0.0,0.009652656049029491,0.0,0.0,0.0,0.0004951867481933048,0.0009172320715942929,0.0,0.0,0.0,0.0,0.0,0.0,0.013011632591667644,0.0,0.0,0.005754987451289266,0.0,0.0,0.0,0.0,0.0,0.0,0.0,0.0,0.0,0.0,0.0,0.0018105179907393835,0.0,0.00855002764465435,0.0,0.0,0.0,0.0,0.0,0.0,0.0,0.0015062279528706775,0.0,0.0,0.0,0.0,0.0,0.0,0.0,0.0,0.0,0.0,0.0,0.0,0.0,0.0,0.0,0.0,0.0,0.0,0.0,0.0,0.0,0.0,0.0,0.0,0.0,0.0,0.0,0.0,0.0,0.0,0.0,0.0,0.0,0.0,0.0,0.0,0.0,0.0,0.0,0.0,0.0,0.0,0.0,0.0
AACAATTACTCTACGC-1,1.2841400885874854,0.9001262554377296,0.08186959670685182,0.14147652957052684,0.19122432647531667,0.0,0.040305857175185145,0.05361482537004435,0.05311293729718183,0.02844776500007956,0.0,0.0,0.014521974726948494,0.019832053704995592,0.03875419906728275,0.0950447854304484,0.0,0.004164803678600146,0.04019515371972382,0.0,0.002797740218129515,0.0,0.0,0.028786369682589664,0.0019721294770049997,0.0,0.01429451209427125,0.0,0.0,0.0,0.005811192822964926,0.0,0.0,0.0034219768601649967,0.0,0.0,0.0,0.0,0.0019437647746104766,0.0,0.010284038290404179,0.0,0.0017106648438530857,0.0,0.0,0.0,0.004786669698989828,0.0076817280032739094,0.0,0.0,0.0,0.0,0.0,0.0,0.0,0.0,0.0,0.0,0.0,0.0,0.0,0.0,0.0,0.0,0.0,0.0,0.0,0.0,0.0,0.0,0.004134835328205283,0.0,0.0,0.0,0.0,0.0,0.0,0.0,0.0,0.0,0.0,0.0,0.0,0.0,0.0,0.0,0.000781842857460702,0.0,0.0,0.0,0.0,0.0,0.0,0.0019437647746104766,0.0,0.0,0.0,0.0,0.0,0.0,0.0,0.0,0.0,0.0019437647746104766,0.0,0.0,0.0,0.0,0.0,0.0,0.0,0.0,0.0,0.0,0.0,0.0,0.0,0.0,0.0
AACACGAGACGCGGCC-1,0.10861964183127568,0.1127906805754951,0.0390646462730803,0.006682992107032989,0.001529858714318659,0.0012732822666149679,0.0412462885885655,0.052069672666742214,0.020221130497897644,0.031536600570838506,0.0,0.0,0.019111510030249714,0.008260092610068017,0.016528016576168543,0.0,0.0025794783341323534,0.002651087633528211,0.0,0.006027057652527192,0.0,0.0,0.002831558552154284,0.0014235207595864445,0.0034555179091610762,0.0,0.0,0.0,0.0014867517671265313,0.0,0.006802303092848491,0.006476172288183986,0.0011111381340789725,0.002310377048249525,0.0,0.003318260205598143,0.0,0.002554168571473481,0.0,0.008038366352704522,0.0,0.003878424949169754,0.0012236188683502555,0.0,0.0,0.0007351417052810188,0.0026311830279863377,0.00017653967842244338,0.0,0.0,0.0027048137827391954,0.0014721702672055531,0.00047595371391972703,0.0,0.000815008552425217,0.00030851749217137734,0.0049282918938677025,0.0,0.0,0.0,0.0,0.0,0.0,0.014327423135670609,0.0,0.0008634866070324105,0.0024330345760255156,0.0,0.0,0.0,0.0,0.0,0.0011500430383763623,0.0,0.0,0.0008156023299891669,0.0,0.0,0.0007937459920133934,0.0,0.0024347710231174447,0.0,0.0,0.0,0.0007238275590893365,0.00014619840545733578,0.0009858264694826212,0.0,0.0,0.0,0.0,0.0,0.0,0.0,0.0,0.0,0.0,0.0,0.0,0.0,6.194015871034147e-05,0.0,0.0,0.0,0.0,0.000296248472040293,0.0,0.0,0.0,0.0,0.00035340598815071267,0.0,0.0,0.0,0.0,0.0,0.0,0.0,0.0
AACAGGATGGGCCGCG-1,0.30966253109900915,0.5023333805492262,0.06133916529367868,0.11292795858040043,0.06558060449514547,0.0,0.015008043482213018,0.0,0.007037978950414352,0.0,0.0,0.0,0.0,0.02482781178165751,0.0,0.0,0.0,0.014918228869331664,0.018957520344267384,0.0,0.0,0.0,0.0,0.0,0.001037780862952786,0.0,0.0,0.0,0.0,0.0,0.005183720726582747,0.0,0.0,0.0,0.0,0.0,0.0,0.0,0.0,0.0,0.0,0.0,0.0,0.003732741559211636,0.0,0.0,0.0,0.0,0.0,0.0,0.0,0.0,0.007465483118423272,0.0,0.0,0.00508044032550287,0.0,0.0,0.009075228580178413,0.0,0.0,0.0,0.0,0.0,0.007301822410257759,0.001291669596634293,0.0,0.0,0.0,0.0,0.0,0.0,0.0,0.0,0.0,0.0032586449812397333,0.0,0.0,0.0,0.0,0.0,0.0,0.0,0.0,0.0008502923468746267,0.0,0.0,0.0,0.0,0.0,0.0,0.0,0.0,0.0,0.0,0.0,0.0,0.0,0.0,0.0,0.0,0.0,0.0,0.0,0.0,0.0,0.0,0.0,0.0,0.0,0.0,0.0,0.0,0.0,0.0,0.0,0.0,0.0,0.0
AACCAAGACTTCTCTG-1,0.3746729106546972,0.3819385987726027,0.029319638990631912,0.0,0.12214346334989166,0.0,0.0,0.10651878678673464,0.0,0.0,0.0,0.00851794580123161,0.0,0.019615648018365156,0.0,0.0,0.0,0.035192107360744,0.007801837367602135,0.0,0.0,0.0,0.0,0.0,0.0,0.0,0.0,0.0,0.0,0.0,0.0,0.0,0.0,0.004755671735215087,0.0,0.0,0.0,0.0,0.0,0.0,0.0,0.0,0.0,0.0,0.0,0.0,0.0,0.0,0.0,0.0,0.0,0.0,0.0,0.0,0.0,0.0,0.0,0.0,0.0,0.0,0.0,0.0,0.0,0.0,0.0,0.0,0.0,0.0,0.0,0.0,0.0,0.0,0.0,0.0,0.0,0.0,0.0,0.0,0.0,0.0,0.0,0.0,0.0,0.0,0.0,0.0,0.0,0.0,0.0,0.0,0.0,0.0,0.0,0.0,0.0,0.0,0.0,0.0,0.0,0.0,0.0,0.0,0.0,0.0,0.0,0.0,0.0,0.0,0.0,0.0,0.0,0.0,0.0,0.0,0.0,0.0,0.0,0.0,0.0
AACGATATGTCAACTG-1,0.3533162583585059,0.250866214890442,0.0997442508207274,0.05587964575127773,0.0,0.0,0.01685267249072401,0.0832671960236753,0.037657525075693435,0.0,0.0,0.0,0.020352698956370523,0.009529461214312408,0.01691398061286032,0.03960445977620063,0.0,0.020642605797642464,0.019592386878199884,0.0,0.011174905623611798,0.018702782587097053,0.010563492716298428,0.0,0.0012757806150081007,0.0,0.016763385881747174,0.004981607463742705,0.0014083390639522224,0.0,0.0,0.0,0.0,0.003928632702489872,0.0,0.006114287116243272,0.001983658634800412,0.0,0.0,0.0,0.012178235199811364,0.0,0.0,0.003967317269600824,0.0,0.009785386096886232,0.0,0.007484629711930483,0.0,0.001983658634800412,0.0007620760443680639,0.009961349458248139,0.0,0.0,0.0,0.0,0.0,0.0,0.0,0.0,0.0,0.0,0.00289950687967362,0.0,0.0,0.0,0.0,0.0,0.0,0.0021591259211392864,0.0,0.0,0.0,0.0,0.0,0.0,0.0,0.0,0.0,0.0,0.0,0.0,0.0,0.0,0.0,0.0,3.6409526832991766e-05,0.0,0.0,0.0,0.0,0.0,0.0,0.0,0.0,0.0,0.0,0.0,0.0,0.0,0.0,0.0,0.0,0.0,0.0,0.0,0.0,0.0,0.0,0.0,0.0,0.0,0.0,0.0,0.0,0.0,0.0,0.0,0.0
AACGCGGTCTCCAGCC-1,0.5727342038795391,0.4807984996354592,0.01518617934992568,0.01873431333758821,0.0601071017361509,0.0,0.0,0.017416761274149775,0.03583063930608531,0.07235445355814223,0.0,0.044382928170706805,0.0373643002489175,0.0,0.0,0.0,0.0,0.031177808579328656,0.004843123379812713,0.0012803754965988253,0.005858439119263231,0.0018417184651062428,0.0,0.024355528632819173,0.002645372596797114,0.059580137218561396,0.015503126080099537,0.007738597749453622,0.0,0.0,0.00733430627431981,0.00012096059147847745,0.00896373719508913,0.003583842773145513,0.0,0.0,0.0,0.01411976453087423,0.0,0.0,0.0,0.0,0.0,0.0043540735196994935,0.0,0.0,0.006608342976462158,0.0,0.0,0.0,0.0,0.0,0.0,0.001969673987160002,0.0,0.001969673987160002,0.0,0.0,0.0,0.0,0.0,0.0,0.0034717640408637456,0.0,0.0,0.0,0.004689743566411764,0.0,0.009590771066432267,0.0,0.0,0.0,0.0,0.0,0.0,0.0,0.0,0.0,0.0,0.0,0.0,0.0,0.0,0.0,0.0,0.0,0.00019232458894558014,0.0,0.0,0.0,0.0,0.0,0.0,0.0,0.0,0.0,0.0,0.0,0.0,0.0,0.0,0.0,0.0,0.0,0.0,0.0,0.0,0.0,0.0,0.0,0.0,0.0,0.0,0.0,0.0,0.0,0.0,0.0,0.0
AACGGCCATCTCCGGT-1,0.5109703217847773,0.11478542452471743,0.06573407583161775,0.02588696868709236,0.0,0.0,0.08730751923897008,0.011834994579302304,0.003327042311209735,0.006882541615731635,0.0,0.04192404772104286,0.0014014992047281368,0.016487985476826613,0.0,0.0,0.0,0.006944635312654759,0.0063275194824623515,0.005022987423977167,0.0,0.0,0.010009490225090147,0.0,0.0005932552177406896,0.010283550083367886,0.0,0.00042580143839663265,0.005942106393264373,0.0,0.007163410563962081,0.001032463700033706,0.0,0.004663653774900999,0.0,0.0,0.0,0.0,0.0,0.0,0.0,0.0,0.0,0.0,0.0,0.0,0.009226464978989393,0.008565180192094044,0.0,0.0,0.0015457403864246868,0.0,0.0,0.0,0.0,0.0,0.0,0.0,0.0,0.0,0.0,0.0,0.0,0.0,0.0,0.003871829430713955,0.0,0.0,0.0,0.0,0.0,0.0,0.0,0.0,0.0,0.0,0.0,0.0,0.0,0.0,0.0,0.0,0.0,0.0,0.0,0.0,0.0,0.0,0.0,0.0,0.0,0.0,0.0,0.0,0.0,0.0,0.0,0.0,0.0,0.0,0.0,0.0,0.0,0.0,0.0,0.0,0.0,0.0,0.0,0.0,0.0,0.0,0.0,0.0,0.0,0.0,0.0,0.0,0.0
AACGTACTGTGGGTAC-1,1.0171040923015888,0.1548472804217475,0.07719176338523288,0.035118008736748356,0.0,0.1809489893584748,0.0,0.0,0.006493736789694735,0.07650740402160841,0.0,0.02722395558213747,0.07779944239784499,0.0,0.0,0.0,0.023714269688269955,0.013560035265119825,0.013294008248673463,0.010490338265654276,0.0,0.0,0.0,0.0,0.0,0.0,0.0,0.0062013475739252895,0.006708316576598521,0.0,0.009143208807557882,0.0016068142948835401,0.0,0.00432872539514134,0.0,0.0,0.022299352784559728,0.0,0.0,0.0,0.0,0.0,0.0,0.0,0.0,0.0,0.0,0.007628550191926625,0.0,0.0,0.0,0.0,0.0,0.0,0.01619605149427428,0.0,0.0,0.0,0.004599164160395568,0.0,0.0,0.0,0.0,0.0,0.0,0.0,0.0,0.0,0.0,0.0,0.0,0.0,0.0,0.0,0.0,0.0,0.0,0.0,0.0,0.0,0.0,0.0,0.0,0.0,0.0,0.0,0.0,0.0,0.0,0.0,0.0,0.0,0.0,0.0,0.0,0.0,0.0,0.0,0.0,0.0,0.0,0.0,0.0,0.0,0.0,0.0,0.0,0.0,0.0,0.0,0.0,0.0,0.0,0.0,0.0,0.0,0.0,0.0,0.0
AACGTCAGACTAGTGG-1,0.047088652708517226,0.0,0.11953846306104453,0.03928491892942443,0.0,0.07912086070387847,0.0,0.0,0.015051365260136663,0.0,0.0,0.009534571676983513,0.0,0.0,0.0,0.0,0.0,0.0,0.009534571676983513,0.0,0.0,0.0,0.015459085131737327,0.0,0.0,0.0,0.0,0.0,0.0,0.0,0.0,0.0,0.0,0.0,0.0,0.0,0.0,0.0,0.0,0.0,0.0,0.0,0.0,0.0,0.0,0.0,0.0,0.0,0.0,0.0,0.0,0.0,0.0,0.0,0.0,0.0,0.0,0.0,0.0,0.0,0.0,0.0,0.0,0.0,0.0,0.0,0.0,0.0,0.0,0.0,0.0,0.0,0.0,0.0,0.0,0.0,0.0,0.0,0.0,0.0,0.0,0.0,0.0,0.0,0.0,0.0,0.0,0.0,0.0,0.0,0.0,0.0,0.0,0.0,0.0,0.0,0.0,0.0,0.0,0.0,0.0,0.0,0.0,0.0,0.0,0.0,0.0,0.0,0.0,0.0,0.0,0.0,0.0,0.0,0.0,0.0,0.0,0.0,0.0
AACTAGGCTTGGGTGT-1,0.4903719638177878,0.07764261274713105,0.0941828040995889,0.0,0.0,0.0,0.06647108185670322,0.0,0.0,0.0,0.0,0.03799104537320293,0.016393686476719346,0.016666850302949794,0.0,0.0,0.0,0.001283458212496696,0.0,0.0022998886504465473,0.002927337075054843,0.0,0.0,0.006463170229970767,0.0,0.0038963209906727175,0.005439399081494649,0.00014186152305605736,0.0,0.0,0.0,0.0,0.0,0.004282605313957741,0.0,0.0065905802876639556,0.0,0.0036708829928013696,0.0,0.0,0.0,0.0,0.0004029828712579559,0.0,0.0,0.0,0.0,0.0,0.0,0.0,0.007184843886582804,0.0,0.003053890778950269,0.0,0.0,0.0,0.0,0.0,0.0,0.0,0.0,0.0,0.0,0.0,0.0,0.00042136905494214225,0.0,0.0,0.0,0.0,0.0,0.0,0.0,0.0,0.0,0.0,0.0,0.0,0.0,0.0,0.0,0.0,0.0,0.0,0.0,0.0,0.004015671244753419,0.0,0.0,0.0,0.0,0.0,0.0,0.0,0.0,0.0,0.0,0.0,0.0,0.0,0.0,0.0,0.0,0.0,0.0,0.0,0.0,0.0,0.0,0.0,0.0,0.0,0.0,0.0,0.0,0.0,0.0,0.0,0.0
AACTCAAGTTAATTGC-1,0.0,0.0,0.0502641735637937,0.03263672352188788,0.0,0.0,0.0,0.0,0.0,0.0,0.0,0.020328082104554994,0.0,0.0,0.0,0.0,0.02042240719821043,0.0,0.0,0.0,0.01747362342215951,0.0,0.0,0.0,0.0,0.0,0.0,0.0,0.0,0.008012819831810188,0.008012819831810188,0.0,0.009907917753372159,0.0,0.0,0.0,0.0,0.0,0.0,0.0,0.0,0.0,0.0,0.008012819831810188,0.0,0.0,0.0,0.0,0.0,0.0,0.0,0.0,0.0,0.0,0.0,0.0,0.0,0.0,0.0,0.0,0.0,0.0,0.0,0.0,0.0,0.0,0.0,0.0,0.0,0.0,0.0,0.0,0.0,0.0,0.0,0.0,0.0,0.0,0.0,0.0,0.0,0.0,0.0,0.0,0.0,0.0,0.0,0.0,0.0,0.0,0.0,0.0,0.0,0.0,0.0,0.0,0.0,0.0,0.0,0.0,0.0,0.0,0.0,0.0,0.0,0.0,0.0,0.0,0.0,0.0,0.0,0.0,0.0,0.0,0.0,0.0,0.0,0.0,0.0
AACTCTCAGTGTGCTC-1,0.6494528844618728,0.22897895559519105,0.12272987179374034,0.01677848164312358,0.026429821615495622,0.03356866451824068,0.059732544240882174,0.07267871161260965,0.0,0.0594169002574602,0.013070892242271641,0.0,0.008154619116003937,0.04985946414486392,0.007524353334383856,0.0,0.0010782893268497004,0.009171388709151152,0.00415966607635273,0.0071473502350771455,0.0063123772014236305,0.0,0.004739563262656136,0.0006463840265647583,0.01212631471118305,0.0,0.0013390885603598596,0.0038786145141544237,0.002113273513489743,0.0,0.002954878657738913,0.005634113639530922,0.0045254446554381525,0.004938860097904273,0.006424186426799676,0.003155082757437957,0.0,0.00364430293514566,0.001208836552122874,0.017689987190512204,0.0,0.013762971045305283,0.002524158943502759,0.0,0.0,0.0,0.000902070721287448,0.0,0.0,0.0013587710248587556,0.004290849930650576,0.0034089883591199212,0.001336370829806998,0.0,0.0,0.0,0.0069719068441953655,0.0,0.0,0.0,0.0,0.0,0.0,0.0,0.0007805876933320594,0.000483349434801357,0.0,0.0,0.0025848465122586184,0.0,0.0,0.0,0.0011735927262322365,0.0,0.0013719915171660243,8.398766451578171e-05,0.0,0.0,0.0034261784245263483,0.0,0.00013690739509532714,0.0007796165792544725,0.0,0.0,0.0010359187321106749,0.0,0.0010196229131498652,0.000900978237268641,0.0,0.0,0.0,0.0,0.0,0.0019510922465536744,0.0,0.0,0.0,0.0,0.0,0.0,0.0,0.0,0.0,0.0006395335739330153,0.0,0.0,0.0,0.0,0.0008118080754801785,0.0007400634194354316,0.0005121651735509509,0.0,0.0003106088141289765,0.0,0.0,0.0,0.0,0.0,0.0
AACTGGGTCCCGACGT-1,0.5855785735440556,0.10037048434034272,0.1274569987277407,0.05161427278708493,0.0,0.0,0.0534764105643071,0.02134316248580164,0.00318179331666992,0.0,0.0,0.0,0.0,0.0,0.0,0.0,0.0,0.0324991636214883,0.0,0.004544978730276506,0.0,0.0,0.0,0.0,0.0,0.0,0.01299966495478509,0.016999932261147523,0.0,0.0,0.0025659808929283674,0.0,0.0,0.0,0.0,0.0,0.0,0.0,0.0,0.0,0.0,0.0,0.0,0.0,0.11852396846495324,0.0,0.0,0.0,0.0,0.0,0.0,0.0,0.0,0.0,0.0,0.0,0.0,0.0,0.0,0.0,0.0,0.0,0.0,0.0,0.0,0.0,0.0,0.0,0.0,0.0,0.0,0.0,0.0,0.0,0.0,0.0,0.0,0.0,0.0,0.0,0.0,0.0,0.0,0.0,0.0,0.0,0.0,0.0,0.0,0.0,0.0,0.0,0.0,0.0,0.0,0.0,0.0,0.0,0.0,0.0,0.0,0.0,0.0,0.0,0.0,0.0,0.0,0.0,0.0,0.0,0.0,0.0,0.0,0.0,0.0,0.0,0.0,0.0,0.0
AACTTGCCCGTATGCA-1,1.3514014722965053,0.8942368165545911,0.04028685994649886,0.09261339763343386,0.3625440735441718,0.0,0.016918485613715135,0.04890663489603603,0.04646285066979004,0.0,0.0,0.042347182134413755,0.04421528973876743,0.0,0.0,0.0,0.0,0.0,0.023959565839409478,0.0,0.0,0.0,0.03921603108678175,0.0294842724982008,0.0,0.0,0.0,0.0017152510103141609,0.008524360720651294,0.0,0.00514611875163856,0.0,0.0,0.001951498046990815,0.0,0.0,0.0,0.014095933784582598,0.0,0.0,0.0,0.0032008927722448235,0.0,0.003653634465226735,0.0,0.0,0.0,0.006640265989208398,0.005592832642641091,0.0,0.0,0.0,0.0,0.0030941133782945223,0.0,0.0,0.0,0.0,0.0,0.010404532952500925,0.0,0.0,0.0,0.0,0.0,0.0,0.0,0.0,0.0,0.0,0.0,0.0,0.0,0.0,0.0,0.004525980575704998,0.0,0.0,0.0,0.0,0.0,0.0,0.0,0.0,0.0,0.0,0.0,0.0,0.0,0.0,0.0,0.0,0.0,0.0,0.0,0.0,0.0,0.0,0.0,0.0,0.0,0.0,0.0,0.0,0.0,0.0,0.0,0.0,0.0,0.0,0.0,0.0,0.0,0.0,0.0,0.0,0.0,0.0,0.0
AACTTTACGGGAGCTT-1,0.17203278191504,0.0400796754329559,0.005004876789963997,0.0,0.0028531091625856957,0.0,0.0022034887525524387,0.001174777316947871,0.0,0.0,0.0,0.008198893137678165,0.0,0.006617407765989376,0.014888382880556411,0.0,0.0,0.002765981697489414,0.0,0.0,0.0,0.0,0.0,0.0,0.0,0.0024679828345787946,0.0,0.0018296605692909944,0.0002866252869779509,0.0,0.0,0.0009603685328848766,0.008197933002418528,0.0018087298222378943,0.0,0.0,0.0,0.0,0.0,0.0,0.0,0.0,0.002639954823307666,0.0,0.0,0.0,0.0,0.0,0.0,0.001287120377766422,0.0020307192406715585,0.0,0.0,0.0,0.0,0.0039310787668188135,0.0,0.0,0.0,0.0,0.0,0.0,0.0,0.0,0.0,0.0,0.0,0.0,0.0,0.0,0.0,0.0,0.0,0.0,0.0,0.0,0.0,0.0,0.0,0.0,0.0,0.0,0.0,0.0,0.0,0.0,0.0,0.0,0.0,0.0,0.0,0.0,0.0,0.0,0.0,0.0,0.0,0.0,0.0,0.0,0.0,0.0,0.0,0.0,0.0,0.0,0.0,0.0,0.0,0.0,0.0,0.0,0.0,0.0,0.0,0.0,0.0,0.0,0.0
AAGAGATGAATCGGTA-1,0.4917644130806015,0.525343274813772,0.2916475941718477,0.0171660255247345,0.16473756062473977,0.0,0.006529101556875665,0.01879118105709073,0.034247617042386484,0.0029473891007585538,0.0,0.029109052704417576,0.0,0.0,0.0,0.0,0.0,0.00631386758436042,0.0,0.0,0.015462133310824414,0.0,0.014191965698623401,0.0,0.0027240450099718597,0.0,0.019221604395049868,0.002487772513416179,0.0,0.0020530959178448917,0.01103035891901635,0.0,0.0013507483551449709,0.0,0.0,0.0,0.0,0.0,0.0,0.009307003326337599,0.0,0.0,0.0028243224045753465,0.0016665570249472885,0.0,0.0,0.0,0.0,0.0,0.0,0.0035157573050711775,0.0,0.0,0.0,0.0,0.0030974604632648707,0.0,0.004626984707109507,0.0,0.011304531545459774,0.024655859653018693,0.0,0.0037779578549018335,0.0,0.0,0.0,0.0,0.0,0.0,0.0,0.0,0.0,0.0,0.0,0.0,0.0,0.0,0.0,0.0,0.0013507483551449709,0.0006953929163713119,0.0020530959178448917,0.0,0.0013507483551449709,0.003611706365482031,0.0,0.0,0.0,0.0,0.0,0.0,0.0,0.0,0.0,0.0,0.0,0.0,0.0,0.0,0.0,0.0,0.0,0.000678235367174843,0.0,0.0,0.0,0.0,0.0,0.0,0.0,0.0,0.0,0.0,0.0,0.0,0.0,0.0,0.0,0.0
AAGAGGATGTACGCGA-1,0.08836688162301103,0.051488975955230845,0.02651482832160458,0.04369403589785639,0.0,0.0,0.0,0.0,0.004853932492812129,0.0,0.0,0.019060553121028473,0.016804787996050546,0.0,0.0,0.0,0.0,0.0,0.0,0.0034205098631094988,0.009501738667134543,0.0,0.0,0.0,0.0022520839789357742,0.0,0.0,0.0,0.02535972056052527,0.04047525291705523,0.0,0.0,0.008675019160772401,0.0,0.0,0.0,0.0,0.0,0.0,0.0,0.0,0.0,0.0,0.0,0.0,0.0,0.0,0.0,0.0,0.0,0.0,0.0,0.008675019160772401,0.0,0.007288302210380896,0.0,0.0,0.0,0.0,0.0,0.0,0.0,0.0,0.0,0.0,0.0,0.0,0.0,0.0,0.0,0.0,0.0,0.0,0.0,0.0,0.0,0.0,0.0,0.004337509580386201,0.0,0.0,0.0,0.0,0.0,0.0,0.0,0.0,0.0,0.0,0.0,0.0,0.0,0.0,0.0,0.0,0.0,0.0,0.0,0.0,0.0,0.0,0.0,0.0,0.0,0.0,0.0,0.0,0.0,0.0,0.0,0.0,0.0,0.0,0.0,0.0,0.0,0.0,0.0,0.0
AAGAGGCATGGATCGC-1,0.6080717715687959,0.11056644211311277,0.08381518132478155,0.06422060709137739,0.0,0.0,0.0,0.0,0.00509611863997848,0.0,0.0,0.027529869597793438,0.0,0.0,0.0,0.0,0.0,0.0,0.0,0.0,0.007712796135386384,0.0,0.0,0.0,0.0,0.0,0.0,0.0,0.0,0.0,0.0,0.0,0.0,0.004402428216038385,0.0,0.0,0.020816297925891247,0.0,0.0,0.0,0.0,0.00033564789997976227,0.0,0.0,0.0,0.0,0.0015861134078342363,0.0,0.0,0.0,0.0,0.0,0.0,0.0,0.0,0.0,0.0,0.0,0.0,0.0,0.0,0.0,0.0,0.0,0.0,0.0,0.0,0.0,0.0,0.0,0.006938765975297082,0.0,0.0,0.006938765975297082,0.0,0.0,0.0,0.0,0.0,0.0,0.0,0.0,0.0,0.0,0.0,0.0,0.0,0.0,0.0,0.0,0.0,0.0,0.0,0.0,0.0,0.0,0.0,0.0,0.0,0.0,0.0,0.0,0.0,0.0,0.0,0.0,0.0,0.0,0.0,0.0,0.0,0.0,0.0,0.0,0.0,0.0,0.0,0.0,0.0
AAGGGACAGATTCTGT-1,0.47733672433882013,0.031947223649821,0.0,0.0,0.0,0.0,0.0,0.0,0.020556861842512663,0.0034009727311546754,0.0,0.0,0.0,0.0,0.0,0.0,0.0,0.005959387756096538,0.0,0.0,0.0,0.013069562306617778,0.0,0.0,0.0,0.018153581043000945,0.0,0.0,0.0,0.0,0.0,0.0,0.0,0.0,0.0,0.0,0.0,0.0,0.0,0.0,0.0,0.0,0.0,0.0,0.0,0.0,0.0,0.0,0.0,0.0,0.0,0.0,0.0,0.0,0.0,0.0,0.0,0.0,0.0,0.0,0.0,0.0,0.01169404693356963,0.0,0.0,0.0,0.0,0.0,0.0,0.0,0.0,0.0,0.0,0.0,0.0,0.0,0.0,0.0,0.0,0.008665702039939006,0.0,0.0,0.0,0.0,0.0,0.0,0.0,0.0,0.0,0.0,0.0,0.0,0.0,0.0,0.0,0.0,0.0,0.0,0.0,0.0,0.0,0.0,0.0,0.0,0.0,0.0,0.0,0.0,0.0,0.0,0.0,0.0,0.0,0.0,0.0,0.0,0.0,0.0,0.0
AAGTAGTGACGCGAGG-1,0.38995964125147065,0.25779831967607636,0.07002344262791813,0.0,0.2769991585997304,0.0,0.0,0.0,0.0,0.005903288085011088,0.0,0.008547227140714226,0.0,0.0,0.0,0.0,0.0,0.0,0.010073165362346377,0.0,0.02917580721240266,0.0,0.0,0.0,0.0,0.03332498222898021,0.0,0.0,0.0,0.0,0.0,0.004102718131761685,0.007168346338022816,0.0,0.0,0.0,0.0,0.0,0.0,0.0,0.0,0.0,0.0,0.0,0.0,0.0,0.0,0.0,0.0,0.0,0.0,0.0,0.0,0.0,0.0,0.0,0.0,0.0,0.0,0.0,0.0,0.0,0.0,0.0,0.0,0.0,0.0,0.0,0.0,0.0,0.0,0.007168346338022816,0.0,0.0,0.0,0.0,0.0,0.0,0.0,0.0,0.0,0.0,0.0,0.0,0.0,0.0,0.0,0.0,0.0,0.0,0.0,0.0,0.0,0.0,0.0,0.0,0.0,0.0,0.0,0.0,0.0,0.0,0.0,0.0,0.0,0.0,0.0,0.0,0.0,0.0,0.0,0.0,0.0,0.0,0.0,0.0,0.0,0.0,0.0
AAGTGACGACCGAATT-1,0.35411648332044765,0.34238183076036915,0.07337546817927806,0.012517616947508836,0.036870488861556416,0.1143433786795402,0.0,0.0,0.0714008577395933,0.009264845779026087,0.0,0.0,0.0,0.026550442450315806,0.0,0.0,0.0,0.0,0.0,0.0,0.0,0.04548179794401534,0.0,0.0,0.0,0.0,0.021551099599440203,0.0,0.00526247502610786,0.0,0.005273682485184495,0.0,0.00668985762189296,0.0,0.0,0.0,0.0,0.0,0.0033178747014184695,0.0,0.0,0.0,0.0,0.0,0.0,0.0,0.0,0.0,0.011148454379969006,0.0,0.0015528224869467537,0.0,0.0,0.0,0.0,0.0,0.0,0.0,0.0,0.0,0.0,0.0,0.0,0.0,0.0,0.004569232112449787,0.0,0.0,0.0,0.0,0.0,0.0,0.0,0.0,0.0,0.0,0.0,0.0,0.0,0.0,0.0,0.0,0.0,0.0,0.0008319859403533291,0.0,0.0,0.005353775605218725,0.0,0.0,0.0,0.0,0.0,0.0,0.0,0.0,0.0,0.0,0.0,0.0,0.0,0.0,0.0,0.0,0.0,0.0,0.0,0.0,0.0,0.0,0.0,0.0,0.0,0.0,0.0,0.0,0.0,0.0,0.0
AAGTGCGTTAGAATCT-1,0.022838057484488968,0.02242039002545693,0.009483850390047718,0.0005416008402412875,0.0012148886356633107,0.0,0.01511488976762677,0.017488427787855667,0.0031044384779426444,0.00018769579933247254,0.0,0.008348341477526729,0.009487807026067626,0.005309629114890807,0.010236263173453065,0.0,0.005380353488558372,0.002170959668796446,0.0,0.007277660020158355,0.0,0.0,0.0,0.0,0.0011070892916615893,0.003547991939340399,0.00018738327593640516,0.0002532512070661973,0.00013539057460549558,0.006082961716130152,0.003326803707890699,0.015278895148011005,0.005072674503273377,0.0,0.0,0.0013569261163213834,0.0,0.0007753227382933155,0.0,0.006297012371837851,0.0,0.0,0.0022890318395752864,0.0,0.0,0.0,0.0049005383925695084,0.00048001177001827844,0.0,0.001140303651608372,0.002288239575610211,0.0,0.001079965918016359,0.0,0.0009126416075222259,0.0,0.0,0.0,0.0,0.0026494169129923483,0.0,0.0,0.0,0.0,0.0014266566935161756,0.0,0.0,0.0,0.0,0.00013655851404026804,0.0,0.0,0.0005082336628809406,0.0,0.0,0.00012986310900669104,0.0,0.0,0.0,0.0,0.00042185517928991365,0.00010791720384826809,0.0002328099230626266,0.0,0.0,0.0,0.0,0.0,0.00145451659719933,0.0,0.0,5.820248076565665e-05,0.0,0.0,0.0,0.0,0.0,0.0002287212639415619,0.0,0.0,0.0,0.0,0.0,0.0,0.0,0.0,0.0,0.0,0.0,0.0,0.0,0.0,0.00020949900496449692,0.0,0.0,0.0,0.0,0.0,0.0
AAGTTCGGCCAACAGG-1,0.3295668515168818,0.11373073453121926,0.06497130654581965,0.04359831492824023,0.0,0.0,0.08686816330790324,0.1169959560891642,0.0,0.0,0.0,0.0,0.017281606809904017,0.031551476778340755,0.0,0.0,0.0,0.0,0.005349470799517794,0.004089855387471764,0.0,0.0,0.0,0.0,0.0,0.0,0.0,0.0,0.0,0.0,0.0,0.0021047999206988337,0.0,0.0,0.0,0.0,0.0,0.0,0.0,0.0,0.0,0.0,0.0,0.0,0.0,0.0,0.0,0.0,0.0,0.011161130462557052,0.0,0.0,0.0,0.0,0.0,0.0,0.0,0.0,0.005580565231278526,0.0,0.0,0.0,0.0,0.0,0.0,0.0,0.0,0.0,0.0,0.0,0.0,0.0,0.0,0.0,0.0,0.0,0.0,0.0,0.0,0.0,0.0,0.0,0.0,0.0,0.0,0.0,0.0009466817109535735,0.0,0.0,0.0,0.0,0.0,0.0,0.0,0.0,0.0,0.0,0.0,0.0,0.0,0.0,0.0,0.0,0.0,0.0,0.0,0.0,0.0,0.0,0.0,0.0,0.0,0.0,0.0,0.0,0.0,0.0,0.0,0.0
AATAACAACGCTCGGC-1,0.5544138575905324,0.0,0.32034098288996393,0.0593774068324179,0.1052399407136771,0.0,0.0,0.0,0.0,0.031030879548494934,0.0,0.0,0.0,0.012273490656047884,0.0,0.0,0.0,0.0,0.013015272570450917,0.0,0.021960800121671224,0.0,0.0,0.036691937109722385,0.0058017779212234406,0.044222255829953774,0.0,0.0028182849122769024,0.0,0.0,0.0,0.0,0.0,0.0,0.0,0.0,0.0,0.0,0.0,0.0,0.0,0.001347094066544255,0.0,0.0,0.0,0.0,0.0,0.0,0.0,0.0,0.0,0.0,0.0,0.0,0.0,0.0,0.0,0.0,0.0,0.0,0.0,0.0,0.0,0.0,0.0,0.002865444009525973,0.0,0.0,0.0,0.0,0.0,0.0,0.0,0.0,0.0,0.0,0.0,0.0,0.0,0.0,0.0,0.0,0.0,0.0,0.0,0.0,0.0,0.0,0.0,0.0,0.0,0.0,0.0,0.0,0.0,0.0,0.0,0.0,0.0,0.0,0.0,0.0,0.0,0.0,0.0,0.0,0.0,0.0,0.0,0.0,0.0,0.0,0.0,0.0,0.0,0.0,0.0,0.0,0.0
AATAACACTAGAACAA-1,0.22199469604641567,0.10068555657648454,0.07732323620519285,0.007857256014248463,0.0,0.0,0.024495736971750462,0.0073177923920267115,0.0,0.019803619066653604,0.0,0.009073165457542715,0.0010737492825408745,0.03583124646106792,0.006056587005525553,0.0,0.0005308006326237304,0.0,0.0,0.02078275923538267,0.00785141975254404,0.0,0.003044252168644757,0.0032100116100676436,0.005718144180340277,0.001988369311074238,0.0006875718773027151,0.0017935564951743032,0.0007189078682021457,0.0015409682202912529,0.0015942717942102388,0.010467120141057277,0.0,0.0014482800575403346,0.0,0.001416961634906353,0.002685787061741575,0.0,0.0013715868888202606,0.0,0.0,0.0026037233383989777,0.002134985247473903,0.0,0.0,0.0,0.0,0.00037454921410806034,0.0,0.0,0.010712248015247538,0.004462770013783257,0.0016436030661797691,0.0,0.0,0.0009391715186622064,0.0,0.0,0.0,0.0,0.0,0.0002756411381590023,0.0,0.0,0.0006253220885426188,0.0002333447210917212,0.0,0.0,0.0,0.0008138683657245599,0.0,0.0,0.00030553921345846544,0.0,0.0,0.0,0.0,0.0,0.0,0.0,0.0001344959535126764,0.0,0.0,0.0,0.0,0.0,0.0,0.0,0.0,0.0,0.0,0.0,0.0,0.0,0.0,0.0,0.0,0.0009345438265395907,0.0,0.0,0.0001548786655317432,0.0,0.0,0.0,0.0,0.0,0.0,0.0,0.0,0.0,0.00045826228803094406,0.0,0.0,0.0,0.0,0.0,0.0,0.0,0.0
AATAGAACAGAGTGGC-1,0.2723561991362241,0.1297917283703135,0.07296906572637095,0.02395197560966541,0.005000635569384882,0.0,0.04382822182349413,0.00698904199672932,0.004910687784375322,0.02460281625250112,0.0,0.0,0.015478218803223311,0.004358270032848134,0.029028583962794566,0.0,0.010600215540452526,0.002815378590551093,0.0,0.018418313251244964,0.0033703732494702677,0.0,0.0,0.0,0.0026894197073459095,0.0,0.0,0.0,0.0053755667495649275,0.0,0.006099097637578849,0.006032801853129568,0.0017478514412951264,0.0018122788043796576,0.004306760892412261,0.005270264917888525,0.0,0.0,0.0028716087247575364,0.01570826437409947,0.0,0.005408849624180008,0.0016364606937066387,0.0,0.0,0.0,0.0029066457085360807,0.0009722967292794537,0.0,0.00048614836463972683,0.0,0.002566810228755411,0.0,0.0,0.0,0.0,0.00028250236797593554,0.0,0.0,0.0,0.0,0.0,0.0,0.0,0.0,0.0,0.0,0.0,0.004790514952233552,0.0,0.0,0.0,0.0005160626359272041,0.0,0.0,0.00047487466933996705,0.0,0.0,0.0017029679813545253,0.0,0.0002532873822548204,0.0,0.0,0.0,0.0,0.0,0.000444237182357002,0.0,0.0,0.0021023679780409698,0.0,0.0,0.0,0.0,0.0,0.0007139032553989154,0.0,0.0,0.0,0.0,0.0,0.004671549452247294,0.0,0.0,0.0,0.0,0.0,0.0,0.000693365004626888,0.0,0.0,0.0,0.0,0.0,0.0,0.0,0.0,0.0,0.0
AATAGTCCGTCCCGAC-1,0.08168981307654206,0.06733963553430264,0.0,0.0005880359051255089,0.0,0.0,0.0013182980508549085,0.001482641797416128,0.0,0.0005239734714428468,0.0,0.0,0.00744643624546582,0.01374587064764785,0.0,0.000527957662313691,0.0053412819189465055,0.00389940856582291,0.0,0.01644227194825893,0.0034895167328710067,0.0,0.0,0.003546784881569255,0.011893317144377935,0.019795595983397078,0.00034934933885691116,0.0,0.0060000614465315375,0.0,0.002337149702990179,0.013226018482504546,0.0006556497554555129,0.00026922804633160765,0.011121607732467372,0.005297024151600861,0.0,0.0,0.016182035225888295,0.00998721522040155,0.0,0.005011394196380803,0.001190449323077395,0.0002707004719947292,0.0,0.0,0.0,0.0,0.0,0.0014731740836011655,0.0028236114507058196,0.0,0.004285918533015701,0.0,0.0016996401737562677,0.0004297795741365298,0.0,0.0,0.0,0.0,0.0009222421013412444,0.0,0.0,0.00448084663344071,0.0006544527709865155,0.0,0.0,0.0,0.0,0.0006432112034842583,0.0,0.0,0.0005168666053405168,0.0,0.0007393767974159117,0.0,0.0,0.0,0.0,0.0,0.00034240772288770085,0.0,0.00012148374506328364,0.0,0.00011363948877957076,6.58025990494698e-05,0.0001371490330769032,0.0,0.0,0.0001595189946109454,0.0,0.0,6.58025990494698e-05,0.0,0.0,0.0,0.0,0.0,0.0,0.0,0.0,0.0014429419518398824,0.0,0.0003718049222128643,0.0,0.0,0.0,0.0,0.0,0.0,0.0,0.0,0.0,0.0,0.0,0.0,0.0,0.0,0.0
AATATCGAGGGTTCTC-1,0.2883879650903012,0.03964824917504132,0.0466851830490193,0.015928952687539685,0.0,0.0,0.0,0.006634931001366366,0.0,0.003057442238796382,0.0,0.0,0.0,0.0,0.0,0.0,0.0,0.0,0.0,0.0,0.0,0.0,0.0,0.0,0.0,0.0,0.0,0.0,0.0,0.01061597313085989,0.0,0.0,0.008675395254030497,0.0,0.0,0.0,0.0,0.0,0.0,0.0,0.0,0.0,0.0,0.0,0.0,0.0,0.0,0.0,0.01061597313085989,0.0,0.0,0.0,0.0,0.0,0.0,0.0,0.0,0.0,0.0,0.0,0.0,0.0,0.0,0.0,0.0,0.0,0.0,0.0,0.0,0.014174250702972218,0.0,0.0,0.0,0.0,0.0,0.0,0.0,0.0,0.0,0.0,0.0,0.0,0.0,0.0,0.0,0.0,0.0,0.0,0.0,0.0,0.0,0.0,0.0,0.0,0.0,0.0,0.0,0.0,0.0,0.0,0.0,0.0,0.0,0.0,0.0,0.0,0.0,0.0,0.0,0.0,0.0,0.0,0.0,0.0,0.0,0.0,0.0,0.0,0.0
AATATTGGAGTATTGA-1,0.513842692219952,0.5963790395893763,0.22528437550651334,0.12562928714609997,0.0,0.0,0.0,0.0,0.016239842873123203,0.0,0.1878521406082006,0.0239005223643477,0.002986020486134714,0.0,0.0,0.0,0.0,0.017342459337770916,0.0,0.0,0.0,0.0,0.0,0.0,0.0,0.0,0.0,0.0,0.0061515254213485825,0.0,0.0,0.0,0.0,0.0,0.025536119900943496,0.0,0.0,0.0,0.0,0.0,0.0,0.0,0.0,0.0,0.0,0.0,0.0,0.0,0.0,0.0,0.0,0.0,0.0,0.0,0.009802963597722696,0.0,0.0,0.0,0.0,0.0,0.0,0.0,0.0,0.0,0.0,0.0,0.0,0.0,0.0,0.0,0.0,0.0,0.0,0.0,0.0,0.0,0.0,0.0,0.0,0.0,0.0,0.0,0.0,0.0,0.0,0.0,0.004824969912383979,0.0,0.0,0.0,0.0,0.0,0.0,0.0,0.0,0.0,0.0,0.0,0.0,0.0,0.0,0.0,0.0,0.0,0.0,0.0,0.0,0.0,0.0,0.0,0.0,0.0,0.0,0.0,0.0,0.0,0.0,0.0,0.0
AATCGCCTCAGCGCCA-1,0.5587092790233592,0.12658510996563083,0.10635393935033442,0.10142422701264805,0.1886263369825421,0.0,0.0,0.0,0.002420747801809604,0.0,0.15056802295287278,0.010277707769036974,0.02594927100030417,0.0,0.0,0.0,0.0024778920014801083,0.0,0.0,0.0,0.010567504994140381,0.0,0.0,0.0,0.0,0.0,0.0,0.0035007015550321727,0.0,0.0,0.0,0.0029487423925717952,0.0,0.0,0.0,0.0,0.0,0.0,0.0,0.0,0.0,0.0,0.0,0.0,0.0,0.0,0.0,0.0,0.0,0.0,0.0,0.0,0.0,0.0,0.0,0.0,0.0,0.006925858110076439,0.0,0.0,0.0,0.0,0.0,0.0,0.0,0.0,0.0,0.0,0.0,0.0,0.0,0.0,0.0,0.006925858110076439,0.0,0.0,0.0,0.0,0.0,0.0,0.0,0.0,0.0,0.0,0.0,0.0,0.0,0.0,0.0,0.0,0.0,0.0,0.0,0.0,0.0,0.0,0.0,0.0,0.0,0.0,0.0,0.0,0.002224873607033748,0.0,0.0,0.0,0.0,0.0,0.0,0.0,0.0,0.0,0.0,0.0,0.0,0.0,0.0,0.0,0.0
AATCTCTACTGTGGTT-1,0.012676578234782493,0.04484212029393206,0.06524390648865716,0.0028397617570279704,0.0021653978170197135,0.0,0.0062002435115319,0.00198151444127841,0.0,0.0010823797590903865,0.0,0.016850486187488703,0.00529413035373165,0.017196049967429555,0.0022742059335819527,0.0,0.0028526732206182763,0.0006590624564203675,0.0,0.002959942114444993,0.0,0.0,0.0,0.0009545285143776494,0.0025134526758205703,0.0,0.0005444603142946631,0.0004899153956146443,0.0023188439733574117,0.022571464232012062,0.0008561369501121992,0.009245553454775146,0.0021883157604171794,0.0,0.0,0.0044383341046971055,0.0,0.0,0.0,0.0,0.0,0.0015630565718148279,0.0007646253772573356,0.0,0.0,0.0,0.0,0.0,0.0,0.0008491629793943368,0.0013096783710435317,0.0,0.002404831751794369,0.0,0.000864137748299079,0.0005568236846631549,0.0012671182468205373,0.0,0.0,0.0,0.0,0.0,0.0,0.0,0.0017067338098365995,0.0,0.0,0.0,0.0,0.0,0.0,0.0,8.22314927107782e-05,0.0,0.0,0.0008340242583409097,0.0,0.0,0.0,0.0,0.0001017543616961056,0.0,0.000453921112243174,0.0,0.0,0.0,0.0,0.0,0.0,0.0,0.0,0.0,0.0,0.0,0.0,0.0,0.0,0.0,0.0,0.0,0.0,0.0,0.0,0.0,0.0,0.0,0.0,0.0,0.0,0.0,0.0,0.0,0.0,0.0,0.0,0.0,4.339469531044561e-05,0.0,0.0
AATGACAGCAATGTCT-1,0.3472824031380847,0.3107955593007378,0.28960521444308707,0.01291266686473928,0.03995808735308104,0.0,0.028989341847181268,0.005812442014809557,0.09028286063401676,0.09397792996692181,0.0,0.0,0.024160693585374225,0.06495268311389008,0.0,0.14859547652562094,0.0,0.00039253245579347747,0.004360926789221401,0.00984602484681665,0.0,0.0,0.01680256997296822,0.004890505348389931,0.0,0.0,0.0,0.002392227513289982,0.0005975526682653371,0.0,0.007642071526787431,0.0010682630141604888,0.0,0.0056344594018501,0.004400630781863045,0.0014433927591746055,0.017645114888139145,0.005798671305270732,0.0,0.0,0.0,0.0025043673465697017,0.00232388664870178,0.0010152467584507768,0.0,0.0,0.0,0.0,0.0,0.0010152467584507768,0.0,0.0,0.0,0.0,0.0,0.0025247242691789355,0.0,0.0,0.0,0.0074244413504706884,0.0,0.0,0.00305789575940273,0.0,0.0,0.003328357356491465,0.007664557982204707,0.0,0.0,0.0,0.0,0.0,0.0,0.0,0.0,0.0,0.0,0.0,0.0,0.0,0.00012980488591775972,0.0,0.0,0.0,0.0,0.0,0.0,0.0,0.0,0.0,0.0,0.0,0.0,0.0,0.0,0.006003765702567808,0.0,0.0,0.0,0.0,0.0,0.0,0.0019084790640601112,0.0,0.0,0.0,0.0,0.0,0.0,0.0,0.0,0.0,0.0,0.0,0.0015851270229794723,0.0,0.0,0.0,0.0
AATGATGCGACTCCTG-1,0.33823595959183206,0.10150125088377931,0.09112823019784377,0.044604573090188816,0.0,0.0,0.0,0.0,0.03239400496374119,0.006983036174168098,0.0,0.0,0.0,0.0,0.0,0.0,0.0,0.0,0.0,0.0,0.003068656033359339,0.0,0.0,0.0,0.0,0.0,0.0,0.0,0.0,0.0,0.0,0.0,0.0,0.0,0.010833490217390357,0.0,0.0,0.0,0.0,0.0,0.0,0.0,0.0,0.0,0.0,0.011960377968190935,0.0,0.0,0.0,0.0,0.0,0.0,0.0,0.0,0.0,0.0,0.0,0.007868622489835834,0.0,0.0,0.0,0.0,0.0,0.0,0.0,0.0,0.0,0.0,0.0,0.0,0.0,0.0,0.0,0.0,0.0,0.0,0.0,0.0,0.0,0.0,0.0,0.0,0.0,0.0,0.0,0.0,0.0,0.0,0.0,0.0,0.0,0.0,0.0,0.0,0.0,0.0,0.0,0.0,0.0,0.0,0.0,0.0,0.0,0.0,0.0,0.0,0.0,0.0,0.0,0.0,0.0,0.0,0.0,0.0,0.0,0.0,0.0,0.0,0.0
AATGGTCCACCGTTCA-1,1.3518662809707427,0.6211875769261533,0.05646894492011931,0.10334643130782901,0.04538556671782095,0.0,0.0,0.03384399550088564,0.10758451449516085,0.003565042181175271,0.0,0.0,0.001764028638852693,0.0,0.0,0.0,0.0,0.02609790510215037,0.02621600984524558,0.0,0.003402323750122155,0.0,0.022867975500867846,0.027343012940670812,0.0,0.0,0.0,0.010686096966945124,0.0,0.0,0.005164093867668468,0.0,0.0,0.006895288180536255,0.0,0.0,0.0,0.0,0.0022949728307397766,0.0,0.0,0.0003448194472719155,0.0010230238765710576,0.0022949728307397766,0.0,0.0,0.0,0.0,0.0,0.0,0.0003686469489129762,0.008215162952217837,0.0022949728307397766,0.0,0.0,0.0,0.0,0.0,0.0,0.012913079281856364,0.0,0.0,0.0033023030433162164,0.0,0.0,0.0,0.0,0.0,0.0,0.0,0.0,0.0,0.0,0.0,0.0,0.0,0.0,0.0,0.0,0.0,0.0,0.0,0.0,0.0,0.0,0.0,0.0,0.0,0.0,0.0,0.0,0.0,0.0,0.0,0.0,0.0,0.0,0.0,0.0,0.0,0.0,0.0,0.0,0.0,0.0,0.0,0.0,0.0,0.0,0.0,0.0,0.0,0.0,0.0,0.0,0.0,0.0,0.0,0.0
AATTAAAGGTCGGCGT-1,0.4100906460120363,0.15444920082537533,0.18756356933611182,0.19378121130298018,0.0,0.0,0.0,0.16150198350247608,0.009361975799396446,0.0,0.0,0.0,0.0,0.018558217785072786,0.0,0.0,0.0,0.0,0.0,0.0,0.0,0.0,0.0,0.0,0.0,0.0,0.0,0.0,0.0,0.0,0.0,0.0044208167993537014,0.0,0.005449227430201583,0.0,0.0,0.0,0.0,0.0,0.0,0.0,0.0,0.0,0.0,0.0,0.0,0.0,0.0,0.0,0.0,0.0,0.0,0.0,0.0,0.0,0.0,0.0,0.0,0.009540376423075318,0.0,0.0,0.0,0.0,0.0,0.0,0.0,0.0,0.0,0.0,0.0,0.009540376423075318,0.0,0.0,0.0,0.0,0.0,0.0,0.0,0.0,0.0,0.0,0.0,0.0,0.0,0.0,0.0,0.0005979102346140314,0.0,0.0,0.0,0.0,0.0,0.0,0.0,0.0,0.0,0.0,0.0,0.0,0.0,0.0,0.0,0.0,0.0,0.0,0.0,0.0,0.0,0.0,0.0,0.0,0.0,0.0,0.0,0.0,0.0,0.0,0.0,0.0
AATTAGCGCTGCAGCG-1,0.48579968141998175,0.0,0.2541451291751584,0.0,0.0,0.0,0.0,0.0,0.0,0.0,0.0,0.07170116317415466,0.0,0.031384037243606416,0.0,0.0,0.0,0.0,0.0,0.0,0.004422521440337683,0.0,0.0,0.0,0.0,0.0,0.0,0.0,0.0,0.010796138003480052,0.0,0.0,0.0,0.0,0.0,0.0,0.03327618360502944,0.0,0.0,0.0,0.0,0.0,0.0,0.0,0.0,0.0,0.0,0.0,0.0,0.0,0.0,0.0,0.0,0.0,0.0,0.0,0.0,0.0,0.0,0.0,0.0,0.0,0.0,0.0,0.0,0.0,0.0,0.0,0.0,0.0,0.0,0.0,0.0,0.0,0.0012845252951431245,0.0,0.0,0.0,0.0,0.0,0.0,0.0,0.0,0.0,0.0,0.0,0.0,0.0,0.0,0.0,0.0,0.0,0.0,0.0,0.0,0.0,0.0,0.0,0.0,0.0,0.0,0.0,0.0,0.0,0.0,0.0,0.0,0.0,0.0,0.0,0.0,0.0,0.0,0.0,0.0,0.0,0.0,0.0,0.0
AATTCTAGAGTTAGGC-1,0.24257577839411,0.31486557646856783,0.3980923637514284,0.0914413564298313,0.14099861459840166,0.0,0.014518870381922813,0.0,0.0,0.0,0.0,0.02061737095368225,0.026261411749205526,0.0315078265394011,0.03584670864713121,0.0,0.0,0.0,0.0042801826385806055,0.0,0.0,0.0,0.0,0.016005417250513975,0.0,0.0,0.0,0.0,0.0016395257826959228,0.0,0.0,0.001524935829231762,0.0,0.0,0.024439136414025914,0.0,0.0,0.0,0.0141750268360887,0.0,0.0,0.0,0.0,0.0,0.0,0.0,0.0,0.0,0.0,0.0,0.0,0.0,0.0,0.0,0.0,0.005730209669595369,0.0,0.0,0.007590180345801268,0.0,0.0,0.0,0.0,0.0,0.0,0.0,0.0,0.0,0.0,0.0,0.0,0.0,0.0,0.0,0.0006425455716600221,0.0,0.0,0.0,0.0,0.0,0.0,0.0,0.0,0.0,0.0,0.0,0.0,0.0,0.0,0.0,0.0,0.0,0.0,0.0,0.0,0.0,0.0,0.0,0.0,0.0,0.0,0.0,0.0,0.0,0.0,0.0,0.0,0.0,0.0,0.0,0.0,0.0,0.0,0.0,0.0,0.0,0.0,0.0,0.0
AATTGAACGCTCTGGT-1,0.11362442800779884,0.0,0.0,0.0,0.0,0.0,0.0,0.0,0.0,0.0,0.0,0.011820669089964793,0.0,0.0,0.0,0.0,0.0,0.0,0.0,0.0,0.0,0.0,0.0,0.0,0.0,0.0,0.0,0.0,0.0,0.0,0.0,0.0,0.0,0.0,0.0,0.0,0.0,0.0,0.016913275252569658,0.0,0.0,0.0,0.0,0.0,0.0,0.0,0.0,0.0,0.0,0.0,0.0,0.0,0.0,0.0,0.0,0.0,0.0,0.0,0.0,0.0,0.0,0.0,0.0,0.0,0.0,0.0,0.0,0.0,0.0,0.0,0.0,0.0,0.0,0.0,0.0,0.0,0.0,0.0,0.0,0.0,0.0,0.0,0.0,0.0,0.0,0.0,0.0,0.0,0.0,0.0,0.0,0.0,0.0,0.0,0.0,0.0,0.0,0.0,0.0,0.0,0.0,0.0,0.0,0.0,0.0,0.0,0.0,0.0,0.0,0.0,0.0,0.0,0.0,0.0,0.0,0.0,0.0,0.0,0.0
ACAACGGTCCCTGCGA-1,0.8486717410256772,0.5778649138946961,0.0,0.057775118938784814,0.030710285661656834,0.0,0.08834919625407503,0.022599825890820536,0.034475863849654405,0.0009021467074776597,0.0,0.04156241002208197,0.0,0.03346140909270283,0.042420736844211014,0.07495037624051354,0.0,0.022814601747902154,0.0,0.0,0.0,0.0,0.0,0.0,0.0,0.0,0.028117113530763453,0.007081290270202736,0.00844985922056242,0.0,0.004280514913379391,0.0,0.0,0.005891869527931059,0.0,0.01399882709088417,0.0,0.0,0.0,0.0,0.0,0.0,0.0,0.0,0.0,0.0017019878032045722,0.004161720773992758,0.0,0.0,0.0,0.0,0.0,0.0,0.0,0.0,0.0,0.0,0.0,0.0,0.0,0.0,0.0,0.0,0.0,0.0,0.005902547207650385,0.0,0.0,0.0,0.0,0.0,0.0,0.0,0.0,0.0,0.0,0.0,0.0,0.0,0.0,0.0,0.0,0.0,0.0,0.0,0.0,0.0012444194426151696,0.0,0.0,0.0,0.0,0.0,0.0,0.0,0.0,0.0,0.0,0.0,0.0,0.0,0.0,0.0,0.0,0.0,0.0,0.0,0.0,0.0,0.0,0.0,0.0,0.0,0.0,0.0,0.0,0.0,0.0,0.0,0.0
ACAAGCAGTGCCTAGC-1,0.7296360419156338,0.514461272884727,0.3354015985401276,0.11232123964535524,0.0,0.0,0.046506757447258074,0.0,0.01854464469499171,0.022872465401391238,0.0,0.0,0.04223896397542297,0.0,0.0,0.0,0.0,0.01018906948326491,0.0,0.0,0.00764347592678958,0.0,0.0,0.0,0.0016956460010820846,0.0,0.0,0.0,0.013634175270073507,0.0,0.005418745832538021,0.0,0.0,0.0,0.0,0.0,0.0,0.0,0.0,0.0,0.0,0.0,0.0,0.0,0.0,0.0,0.0,0.0,0.0,0.0,0.0,0.0,0.0,0.0,0.0,0.0,0.0,0.0,0.0,0.0,0.0,0.0,0.0,0.0,0.0,0.0,0.0,0.0,0.0,0.0,0.0,0.0,0.0,0.0,0.0,0.0,0.0,0.0,0.005746916957431553,0.0,0.0,0.0,0.0,0.0,0.0,0.0,0.0,0.004294396469152023,0.0,0.0,0.0,0.0,0.0,0.004294396469152023,0.0,0.0,0.0,0.0,0.0,0.0,0.0,0.0,0.0,0.0,0.0,0.0,0.0,0.0,0.0,0.0,0.0,0.0,0.0,0.0,0.0,0.0,0.0,0.0,0.0
ACAAGGACAAGAGGTT-1,0.21497557814106272,0.16460828124524718,0.10521269918521885,0.0,0.0,0.0,0.06227611938228104,0.013172585610205977,0.0,0.0,0.0,0.0,0.04129562567088642,0.0,0.0,0.0,0.0,0.014094512142328396,0.015960767746814666,0.0,0.0,0.0,0.0,0.0,0.0,0.023914532813652807,0.0,0.002515272218644825,0.006464923175730048,0.0,0.0,0.0,0.0,0.0,0.0,0.006707662434475929,0.0,0.0,0.0,0.0,0.0,0.0,0.0,0.0,0.0,0.0,0.0,0.0,0.0,0.0,0.0,0.0,0.0,0.0,0.0,0.0,0.0,0.0,0.0,0.0,0.0,0.0,0.0,0.0,0.01304897131751974,0.0,0.0,0.0,0.0,0.0,0.0,0.0,0.0,0.0,0.0,0.0,0.0,0.0,0.0,0.0,0.0,0.0,0.0,0.0,0.0,0.0,0.0,0.0,0.0,0.0,0.0,0.0,0.0,0.0,0.0,0.0,0.0,0.0,0.0,0.0,0.0,0.0,0.0,0.0,0.0,0.0,0.0,0.0,0.0,0.0,0.0,0.0,0.0,0.0,0.0,0.0,0.0,0.0,0.0
ACAATAGTCGTACGTT-1,0.17265023424423764,0.24358559811246655,0.11865024262403079,0.0020522709425446115,0.0,0.027095992475059193,0.01467529742809336,0.0,0.09230383073694806,0.10949795733327855,0.0,0.0,0.0,0.011168377901232382,0.0,0.15153765098232633,0.018683779480470994,0.008548501085561008,0.005493910799582062,0.0,0.0,0.0133002654685114,0.0,0.005371564187058167,0.00173933267603985,0.0,0.0,0.009970248634415079,0.0,0.0,0.00788378012905868,0.0006283524048215023,0.0,0.008177564642178009,0.003643641694675147,0.004248021661328476,0.0,0.008614302299526151,0.0,0.0,0.0,0.0037022447607647393,0.001681850079091486,0.0039046945997758876,0.0,0.0,0.0,0.0,0.0,0.0,0.0,0.0,0.0,0.0,0.0,0.0,0.0,0.0,0.0,0.0,0.0,0.0,0.0,0.0,0.001390376792680475,0.001386485619927043,0.0,0.0,0.0,0.0,0.0,0.0,0.0003265569373609793,0.0,0.0,0.0,0.0,0.0011269295218598347,0.0038699705017529347,0.0011269295218598347,0.0,0.0,0.0,0.0,0.002052361219606183,0.0017427041007794242,0.0,0.0,0.0,0.0,0.0014023557312719712,0.0,0.0,0.0,0.0,0.0046152420762492355,0.0,0.004019323022193248,0.0,0.0,0.0017427041007794242,0.0,0.0,0.0,0.0,0.0,0.0,0.0,0.0,0.0,0.0,0.0,0.0,0.0,0.0,0.0,0.0,0.0,0.0
ACAATCCATTTAAACC-1,0.32247192435408506,0.3024502281709685,0.11007554242343832,0.15179806055237186,0.0,0.22363237515940954,0.0,0.0,0.028027641359450257,0.0,0.0,0.008794463449482062,0.0,0.0,0.0,0.0,0.0,0.0,0.009731636390783399,0.0,0.0,0.022811227471258633,0.0,0.0,0.0,0.0,0.0,0.0036867714930634747,0.0,0.0,0.004915674547308563,0.0,0.008915309882849932,0.0,0.0,0.0,0.0,0.0,0.0,0.0,0.0,0.0,0.0,0.0,0.0,0.0,0.0,0.0,0.011652647457847078,0.0,0.0,0.0,0.0,0.0,0.0,0.0,0.0,0.007097057856597099,0.0,0.0,0.0,0.011079504583388886,0.007097057856597099,0.0,0.0025557004408366325,0.0,0.0,0.0,0.0,0.0,0.0,0.0,0.0,0.0,0.0,0.002234561632657735,0.008915309882849932,0.0,0.0,0.0,0.0,0.0,0.0,0.0,0.0,0.0,0.0,0.0,0.0,0.0,0.0,0.0,0.0,0.0,0.0,0.0,0.0,0.0,0.0,0.0,0.0,0.0,0.0,0.0,0.0,0.0,0.0,0.0,0.0,0.0,0.0,0.0,0.0,0.0,0.0,0.0,0.0,0.0,0.0
ACAATTTAGGAGGCTC-1,0.15376628052764732,0.19450706987240968,0.004603156004661738,0.0021492492882439467,0.0,0.0,0.0007797169388597973,0.008911593812408322,0.0,0.0024371240366434324,0.0,0.018681437598510472,0.00435792433775613,0.01352646222887419,0.028054236169872765,0.02116048284580471,0.0,0.0024755947199652847,0.0,0.002430766484690307,0.0,0.0,0.0015154337934285807,0.00038087602522130626,0.003302197854056602,0.00912585389594721,0.000987361682499025,0.0,0.00040900101671358184,0.0,0.0014809585713692463,0.001984630444904614,0.001602566402251281,0.0,0.0,0.0,0.0,0.0,0.0,0.008719652688118324,0.0,0.0029546327513950135,0.0015784404325456056,0.0,0.0,0.0,0.0,0.0,0.0,0.0,0.0009631028545442396,0.0,0.001821383621991737,0.0,0.0007589983527316997,0.0,0.0,0.0,0.0035098794535468663,0.0009795978945394226,0.0,0.0,0.0,0.0,0.0005560783345784535,0.0,0.0,0.0,0.0,0.0,0.0,0.0,0.0,0.0,0.0,0.0,0.0,0.0,0.0,0.0,0.0,0.0,0.0016481535090450072,0.0,0.0,0.0,0.0,0.0,0.0,0.0,0.0,0.0,0.0,0.0,0.0,0.0,0.0,0.0,0.0,0.0,0.0,0.0,0.0,0.0,0.0,0.0,0.0,0.0,0.0,0.0,0.0,0.0,0.0,0.0,0.0,0.0,0.0,0.000980762120487359,0.0
ACACTGATCAAGGTGT-1,0.2864312049894934,0.1256151538819525,0.029722287563157618,0.017520844212953017,0.0033688735204211676,0.0,0.008411676630539865,0.04713377313800825,0.013012511741745388,0.009489421500468794,0.0,0.025846476440262476,0.0024793005256229304,0.03449418018128104,0.018815205902874613,0.0,0.0,0.0005323605113910635,0.0,0.00852546611458483,0.002795252147167567,0.0,0.0,0.0,0.008484453213529855,0.0,0.005380408520600434,0.0,0.009509702258522766,0.004484251673366459,0.0028876725736755185,0.0,0.0,0.002547276290242326,0.016749032325726977,0.007239109049996101,0.0,0.0,0.0,0.0,0.0,0.0029940414100020907,0.001815196270682223,0.0,0.0,0.0,0.0,0.0008906145235540113,0.0,0.0,0.0,0.0,0.0,0.0,0.0005412767374273347,0.003153300385651256,0.004659475481336471,0.0,0.0,0.0,0.0,0.0,0.0,0.0,0.0,0.0,0.0,0.0,0.0,0.0,0.0,0.0,0.001194658675349203,0.0,0.0015519014389454133,0.0010373926332867545,0.0,0.0,0.0,0.0,0.00036718226605806644,0.0,0.0,0.0,0.0,0.0,0.0,0.0,0.0,0.001305557914212383,0.0,0.0,0.0,0.0,0.0,0.0,0.0,0.0,0.0,0.0010081640864942206,0.0,0.0,0.0,0.0,0.0,0.0,0.0,0.0,0.0,0.0,0.0,0.0,0.0,0.0,0.0,0.0,0.0,0.0,0.0
ACAGGTGGAGGTGAGG-1,0.5178067739490085,0.6994563463675129,0.0,0.03997828909240749,0.0,0.0,0.03992416095247867,0.0,0.0,0.045112052142907116,0.0,0.0355975980836936,0.0,0.0,0.0,0.0,0.0,0.0,0.0,0.012482000227802133,0.020101834573733976,0.0,0.0,0.010204702502408266,0.0,0.024934273655902804,0.0,0.007094969484572336,0.0074459911635540825,0.0,0.005298246668551364,0.008111616165120824,0.010874260660065693,0.004292293165317383,0.010788948550976882,0.01477719644731157,0.012867742939564311,0.0,0.00366123488647826,0.0,0.0,0.0,0.003087052076587478,0.0,0.0,0.0,0.0,0.0,0.0,0.0071773044132408615,0.0076393755594276885,0.0,0.0036336068952353084,0.0,0.0,0.0,0.0,0.0,0.0,0.0,0.0,0.0,0.0,0.0,0.0,0.0,0.0,0.0,0.0,0.0,0.0,0.0,0.0,0.0,0.0,0.0,0.003990920562345692,0.0,0.0,0.0,0.00026858324745698397,0.0,0.0,0.0,0.0,0.0,0.0,0.0,0.0,0.0,0.0,0.0,0.0,0.0,0.0,0.0,0.0,0.0,0.0,0.0,0.0,0.0,0.0,0.0,0.0,0.0,0.0,0.0,0.0,0.0,0.0,0.005391845235140869,0.0,0.0,0.0,0.0,0.0,0.0,0.0
ACATCAGCTGGGACGC-1,0.9431078899432891,0.1290072548280739,0.23963867174238138,0.022878875330727133,0.10521678983027333,0.0,0.05731563770962869,0.03645058516612933,0.0,0.02187872959823228,0.0,0.0,0.001011141401187802,0.028131217648456195,0.0,0.0,0.0,0.009831057907413137,0.016008628122391066,0.0,0.0030356315949810024,0.0,0.031027096907102262,0.0,0.006892944401619683,0.014044107377974194,0.005122001878587413,0.00496757712412754,0.002887801485955399,0.0,0.00954045899697922,0.0010744960948052002,0.0,0.005051907570317718,0.010542899518430541,0.0,0.0,0.0,0.0,0.0,0.0,0.0009517919993605945,0.002619383781103006,0.0,0.0,0.002060141139783344,0.0,0.0,0.0,0.0,0.0007069696525907285,0.0,0.0,0.0,0.0,0.0,0.015595111038304783,0.0,0.0,0.0,0.0,0.0,0.0,0.029241639728798726,0.0,0.005412642068825356,0.006739363598302402,0.0,0.004387120411805031,0.0018092234942676015,0.0,0.0,0.0,0.0,0.0003144028242792042,0.0013787670750057858,0.0,0.0,0.0,0.0,0.0,0.0,0.0010633165926607919,0.0,0.0,0.0,0.0,0.0,0.0,0.0,0.0,0.0,0.0,0.0,0.0,0.0,0.0,0.0,0.0,0.0,0.0,0.0,0.0,0.0,0.0,0.0,0.0,0.0,0.0,0.0,0.0,0.0,0.0,0.0,0.0,0.0,0.0,0.0,0.0
ACATCCCGGCCATACG-1,0.39074579509746504,0.16961422111879967,0.13225248311440818,0.006030502915825258,0.002406757849750794,0.0,0.05040825225901305,0.0,0.0,0.0,0.0,0.027928837990265236,0.011487439267558392,0.0,0.0,0.012043218236025194,0.0,0.0005500006602807388,0.0,0.00820586253316129,0.0033031133569703967,0.0,0.0033651949569197103,0.0,0.01094599854935661,0.002138771147399585,0.0,0.001849119310129166,0.00246891360664485,0.0,0.0017931718423845953,0.008240437990910468,0.000872286926060193,0.002367141689656671,0.0,0.0010939715225432637,0.0011000013205614775,0.006683046729095312,0.0,0.011209039530390059,0.0,0.0,0.0008461086893673539,0.0,0.0,0.0,0.0,0.0,0.0,0.0,0.005484211608798931,0.0,0.0027172515221260563,0.0,0.0,0.0,0.0,0.0,0.0,0.0,0.0,0.0,0.0,0.0,0.001363009534952096,0.0,0.0,0.0,0.0,0.0,0.0,0.0,0.0,0.0,0.0,0.0,0.0,0.0,0.0,0.0,7.477778092807731e-05,0.0,0.00032228626577945435,0.0,0.00032228626577945435,0.0,0.0,0.0,0.0,0.0,0.0,0.0,0.0,0.0,0.0,0.0,0.0,0.0007431313039065763,0.0,0.0,0.0,0.0,0.0,0.0,0.0,0.0,0.0,0.0,0.0,0.0,0.0013403136978077915,0.0,0.0,0.0,0.0,0.0,0.0,0.0,0.0
ACATCGATCGTTTACC-1,1.1051256134787593,0.7345945766205365,0.2528356773171554,0.1126599814080084,0.008186652142092637,0.1038984474364508,0.06319508160169497,0.0,0.028637578349241865,0.0,0.0,0.0,0.02202934303969648,0.005363976663243074,0.0,0.02254574147004857,0.0,0.015125902256439153,0.0,0.0,0.006162641770116546,0.0,0.012783339621449133,0.007776533893363684,0.0,0.0,0.017950253378491564,0.0,0.0018431921024192964,0.0,0.0,0.0,0.005226591388523208,0.006492258054003428,0.0,0.0,0.0,0.0,0.0,0.02486749600022788,0.011419892822704966,0.0,0.005403543987593669,0.0017815493650787963,0.0,0.0024734193001195322,0.0,0.0022189733137074853,0.005226677851198467,0.004682514200859675,0.00275810159667993,0.0,0.0005426308305357334,0.0005426308305357334,0.0,0.0,0.0,0.001693192289619712,0.0,0.0,0.0,0.0,0.003072213488992231,0.0,0.0,0.0,0.0,0.0,0.0,0.0,0.0,0.0,0.0,0.0,0.0022641548941160286,0.0,0.0,0.0,0.0,0.0,0.0,0.0,0.0,0.0,0.0016244200781205978,0.0,0.0,0.0,0.0,0.0,0.0011431665208665343,0.0005426308305357334,0.0,0.0,0.0,0.0,0.0,0.0,0.002301122918167957,0.0,0.0,0.0,0.002718810148220954,0.0,0.0,0.0,0.0,0.0,0.0,0.0,0.0,0.0,0.0,0.0,0.0,0.0,0.0,0.0,0.0
ACATTAGTTTATATCC-1,0.7541875795657673,0.13816200199096082,0.36762083934761314,0.05667889270431318,0.06903259018490969,0.0,0.01664785615197282,0.0,0.009266342362937944,0.0007993718232256555,0.0,0.0,0.0,0.035957600170706705,0.0,0.0,0.0,0.0043560181216924995,0.028747193304296863,0.0,0.0,0.0,0.0,0.0,0.0,0.0,0.007647991545451879,0.0,0.0,0.0,0.0,0.0,0.0,0.0,0.0,0.004945880058490197,0.0,0.0,0.0,0.0,0.0,0.0,0.0,0.0038655770403925385,0.0,0.0,0.0,0.0,0.0,0.0,0.0,0.0,0.0,0.0,0.0,0.0,0.0,0.0,0.0038655770403925385,0.0,0.0,0.0,0.0038655770403925385,0.0,0.0,0.0,0.0,0.0,0.00822674036419925,0.0,0.0,0.0,0.0,0.0,0.0,0.0,0.0,0.0,0.0,0.0,0.0,0.0,0.0,0.0,0.0,0.0,0.0,0.0,0.0,0.0,0.0,0.0,0.0,0.0,0.0,0.0,0.0,0.0,0.0,0.0,0.0,0.0,0.0,0.0,0.0,0.0,0.0,0.0,0.0,0.0,0.0,0.0,0.0,0.0,0.0,0.0,0.0,0.0,0.0
ACCAACGCTTATTTAT-1,0.24802655560701012,0.14305879759811682,0.023608491449044533,0.054374571941657714,0.009945902914243326,0.0,0.0030443068071082163,0.08014107232489404,0.0,0.007070030620251267,0.03223184177349436,0.009291601804162506,0.0,0.01794559972203862,0.0,0.0,0.019221294857053678,0.0018960951603296558,0.0,0.02079839914408457,0.0,0.0,0.0,0.0019103677219190316,0.0037017762833152527,0.0,0.0,0.0011540715715249769,0.003826493935965528,0.0,0.0021674033924234796,0.003647607783797407,0.0,0.0024332117807376553,0.0,0.0,0.0,0.0,0.0,0.0,0.0,0.000999889719437571,0.0016098211775054615,0.0015261393684811542,0.0,0.0,0.0,0.0011215754147592967,0.0,0.0009164443534974909,0.0023147566405172957,0.0,0.0,0.0,0.0,0.003868174575577612,0.0,0.0,0.0,0.0,0.0053501377591013005,0.0,0.0,0.0,0.0,6.214277448148856e-05,0.0,0.0,0.0,0.0,0.0,0.0,0.0,0.0,0.0018088606651693664,0.0,0.0,0.0,0.0,0.0,0.0009745879729844889,0.0,0.0,0.0,0.0,0.0,0.0001495159178880566,0.0,0.0,0.0006915909061734686,0.0009164443534974909,0.0,0.0,0.0,0.0,0.0,0.0,0.0,0.0,0.0006996517628314524,0.0,0.0,0.0,0.0,0.0,0.0,0.0,0.0,0.0,0.0,0.0,0.0,0.0,0.0,0.0,0.0,0.0,0.0,0.0
ACCATATCCGCAATAA-1,0.5640400758129107,0.6209057281197143,0.0,0.06251740762172617,0.03707457762391613,0.0,0.0,0.0,0.026936218798397353,0.0,0.0,0.0,0.0,0.0164477803038432,0.0,0.0,0.0,0.013247839211294193,0.0,0.0,0.0,0.0,0.0,0.0,0.0015189914253147386,0.01234455392084654,0.010188047594570699,0.013094500698638604,0.003289402220199876,0.0,0.0018703825106643744,0.0,0.005350865076890298,0.010303000048944837,0.0,0.0,0.0,0.0,0.0,0.0,0.0,0.0,0.0028441112051587423,0.0029254437864794044,0.0,0.0,0.007777282698467255,0.0,0.0,0.0,0.0,0.0,0.0,0.0,0.0,0.0,0.0,0.005850887572958809,0.0,0.0,0.022349719652584824,0.0,0.0,0.0,0.0,0.0,0.006712932810440288,0.0,0.0,0.0,0.007756632047119225,0.0,0.0,0.0,0.0,0.004598913955652868,0.0,0.0,0.0,0.0,0.0,0.0,0.0,0.0,0.0,0.0,0.0,0.0,0.0,0.0,0.0,0.0,0.0,0.0,0.0,0.0,0.0,0.0,0.0,0.0,0.0,0.0,0.0,0.0,0.0,0.0,0.0,0.0,0.0,0.0,0.0,0.0,0.0,0.0,0.0,0.0,0.0,0.0,0.0
ACCATCCGCCAACTAG-1,0.016676744201315777,0.03523244264064247,0.08941227523608919,0.0,0.0,0.0,0.015820247059797194,0.027155428721984756,0.006500941374001125,0.0021089574227474476,0.0,0.02511712034348708,0.002818322109105166,0.011820609473800673,0.02321950544724479,0.0,0.022623294031579082,0.002051749962062571,0.0,0.01908568058986675,0.0077560484350321654,0.0,0.0,0.0,0.005556938268152525,0.005559959656090456,0.0,0.00033632241154484715,0.00046835151242403353,0.005556632761934554,0.00024667148169695523,0.007420195253832146,0.002334649256336563,0.0,0.0,0.0,0.0,0.0,0.0,0.0,0.0,0.001760339354012938,0.0027987905080826023,0.0,0.0,0.0,0.0,0.0,0.0,0.0,0.00247546042224562,0.0,0.0,0.0,0.0,0.0,0.0,0.0,0.0,0.0,0.0,0.0,0.0,0.0,0.0,0.0,0.0,0.0,0.0,0.0,0.0,0.0,0.002030097761913089,0.0,0.0,0.0,0.0,0.0,0.0,0.0,0.0,0.0,0.0,0.0,0.0,0.0,0.00012323833025913554,0.0,0.0,0.0,0.0,0.0,0.0,0.0,0.0,0.0,0.005877347878257505,0.0012360869432448329,0.0,0.0,0.0,0.0,0.0,0.0,0.0,0.0,0.0,0.0,0.0,0.0,0.0,0.0,0.0,0.0,0.0,0.0,0.0,0.0,0.0
ACCATCGTATATGGTA-1,0.010445887073928274,0.0,0.1025033550696902,0.0,0.0,0.0,0.0,0.0,0.024966607654162684,0.0,0.14929301488944624,0.0,0.0,0.0,0.0,0.0,0.0,0.0,0.0,0.0,0.0,0.0,0.0,0.0,0.0,0.0,0.0,0.0,0.0,0.008325202194313477,0.0,0.0,0.0,0.0,0.0,0.0,0.0,0.0,0.019278206648954375,0.0,0.0,0.0,0.0,0.0,0.0,0.0,0.0,0.0,0.0,0.0,0.0,0.0,0.0,0.008325202194313477,0.0,0.0,0.0,0.0,0.0,0.0,0.0,0.0,0.0,0.0,0.0,0.0,0.0,0.0,0.0,0.0,0.0,0.0,0.0,0.008325202194313477,0.0,0.0,0.0,0.0,0.0,0.0,0.0,0.0,0.0,0.0,0.0,0.0,0.0,0.0,0.0,0.0,0.0,0.0,0.0,0.0,0.0,0.0,0.0,0.0,0.0,0.0,0.0,0.0,0.0,0.0,0.0,0.0,0.0,0.0,0.0,0.0,0.0,0.0,0.0,0.0,0.0,0.0,0.0,0.0,0.0
ACCCACCTACATGCTC-1,1.2322420859223202,0.48819314437159966,0.07308816927860115,0.09728387602504246,0.05458361099164894,0.20396921685903782,0.09812434353711164,0.014451442680845585,0.100908537408518,0.03960175402659943,0.0,0.01740919837379347,0.05583294108368421,0.04234478692780566,0.0,0.062231348804785425,0.0,0.011818499335721641,0.016771204485130115,0.0,0.00948418048610252,0.04434007468532171,0.005490444107456386,0.016683475515544485,0.0,0.0,0.008975697588361097,0.03396925763688238,0.0019258241733503584,0.0,0.02308903996118169,0.0,0.004452716312988191,0.010729836034727944,0.0,0.0,0.0312917722775833,0.06153957360483454,0.0,0.004082290692175841,0.0,0.002236593998166591,0.005484205293946188,0.00445585039576554,0.0,0.00437375190693204,0.0,0.004512560123967083,0.0,0.0,0.0,0.006948334179774467,0.0,0.0009642923113130494,0.0,0.0,0.0009642923113130492,0.0,0.0,0.0,0.0,0.0,0.002357646938344113,0.0,0.0,0.009642734418584488,0.0,0.024137130332591232,0.0,0.0,0.0,0.0,0.0,0.0,0.00022740454002293046,0.002709022638736729,0.0,0.0015125710320518855,0.0,0.0,0.0010226760255198605,0.0,0.0,0.0,0.003363363640391029,0.0,0.0010872976650080806,0.0,0.0,0.0,0.0022707327187589704,0.0,0.0,0.0018945558052407383,0.0,0.0,0.0,0.0,0.0,0.0,0.0,0.0,0.0,0.0,0.0,0.0,0.0,0.0,0.0,0.0,0.0,0.0,0.0,0.0,0.0,0.0,0.0,0.0,0.0
ACCCATCTTGAGGGTA-1,0.42218302697716936,0.0,0.0,0.0,0.0,0.0,0.04027176897079851,0.0,0.0,0.0,0.0,0.0,0.0,0.0,0.0806880366044471,0.0,0.0,0.0,0.023276840968950985,0.0,0.008894423927458782,0.0,0.0,0.0,0.0,0.0,0.0,0.0,0.0,0.0,0.0,0.0,0.0,0.007451553786380798,0.0,0.0,0.0,0.0,0.0,0.0,0.0,0.0,0.0,0.0,0.0,0.006554543670974646,0.0,0.0,0.0,0.0,0.0,0.0,0.0,0.0,0.0,0.0,0.0,0.0,0.016998476990569528,0.0,0.0,0.0,0.0,0.0,0.0,0.0,0.0,0.0,0.0,0.0,0.0,0.0,0.0,0.0,0.0,0.0,0.006554543670974646,0.0,0.0,0.0,0.0,0.0,0.0,0.0,0.0,0.0,0.0,0.0,0.0,0.0,0.0,0.0,0.0,0.0,0.0,0.0,0.0,0.0,0.0,0.0,0.0,0.0,0.0,0.0,0.0,0.0,0.0,0.0,0.0,0.0,0.0,0.0,0.0,0.0,0.0,0.0,0.0,0.0,0.0
ACCCGGTTACACTTCC-1,0.41006315948323535,0.0,0.13071522766215804,0.0,0.0,0.0,0.0,0.15519260364069648,0.0,0.0,0.1628717218552987,0.024070071704529045,0.0,0.0,0.0,0.0,0.0,0.005081417496614355,0.015500080065243173,0.004565864845390419,0.0,0.0,0.0,0.005554980426386622,0.0,0.0,0.0,0.0,0.0,0.0,0.0,0.0,0.0,0.0,0.0024758101404335382,0.0,0.0,0.0,0.0,0.0,0.0,0.0,0.0033989417455154835,0.0,0.0,0.0,0.0,0.0,0.0,0.0,0.0,0.0,0.0,0.0,0.0,0.0,0.0,0.0,0.0,0.0,0.0,0.0,0.0,0.0,0.0,0.0,0.0,0.0,0.0,0.0,0.0,0.0,0.0,0.0,0.0,0.0,0.0,0.0,0.0,0.0,0.0,0.0,0.0,0.0,0.0,0.0,0.0,0.0,0.0,0.0,0.0,0.0,0.0,0.0,0.0,0.0,0.0,0.0,0.0,0.0,0.0,0.0,0.0,0.0,0.0,0.0,0.0,0.0,0.0,0.0,0.0,0.0,0.0,0.0,0.0,0.0,0.0,0.0,0.0
ACCCGTGTCATCAGTA-1,0.0041671983971004216,0.0030350421191870005,0.0,0.0,0.0,0.0,0.005272813582548417,0.12049811157194519,0.0002830970230347308,0.000555616643409856,0.0,0.0,0.007958700376989163,0.014355737648500887,0.02433552050154181,0.0,0.07503747525450045,0.0,0.0,0.050030595582537175,0.0,0.0,0.0,0.0022636857930401024,0.033456127235708635,0.0,0.00022599713349933615,0.0,0.002985525676819519,0.01780549491853286,0.0006684653381113519,0.004746187140961099,0.0,0.0,0.0,0.0010064656876585666,0.0,0.0,0.01798523502869141,0.0,0.0,0.0,0.0009250061129441073,0.0,0.0,0.0,0.001868374283354073,0.0,0.0,0.0010476110663591499,0.0077260610072310285,0.0,0.006721053587115951,0.0,0.0,0.0,0.0,0.0,0.0,0.0,0.0,0.0,0.0,0.0,0.0,0.0,0.0,0.0,0.0,0.001019365327909034,0.0,0.0,0.0015355594304657006,0.0,0.0,0.0,0.0,0.0,0.0,0.00029124672251607935,0.0,0.004528305756515093,0.0002492465718347099,0.0,0.0,0.0,0.00023139326049873514,0.0,0.0,0.0,0.0,0.0,0.0,0.0,0.0,0.0,0.0,0.0,0.0,0.0,0.0,0.0,0.0,0.00023792854141711678,0.0,0.0,0.0,0.0,0.0,0.0,0.0,0.0,7.785857041092966e-05,0.0,0.0,0.0,0.0,0.0,0.00026032584963322526
ACCCTATGCCATATCG-1,0.007491173777893226,0.0007838483050600742,0.0,0.0,0.0002794260638087283,0.0,0.0,0.0005346626227826234,0.0,0.0034902283093924667,0.0,0.0,0.004859701958514707,0.03337753248992697,0.002357306157805955,0.0,0.09298864423243848,0.0,0.0,0.07218292252113748,0.014590183711430752,0.0016262653421037839,0.0,0.0024775605311574966,0.041573068004278985,0.0016447116547095785,4.566891124264911e-05,0.0,3.320931037801278e-05,0.0,0.0003866514890528147,0.013491061796028972,0.0,0.0,0.0,0.0,0.0,0.0,0.0,0.0,0.0,0.0005254371256574685,0.0014771438649728956,0.0,0.0,0.0,0.0,0.0,0.0,0.0006199743207634322,0.011943886922847164,0.0002110702909264283,0.0006440588584702737,0.0,0.0,0.0009349401590793544,0.0,0.0,0.0,0.0,0.0,0.0,0.0,0.0,0.0,0.0,0.0,0.0,0.0,0.0,0.0,0.0,0.0020467248927320963,0.0,0.0,0.0,0.0,0.0,0.0,0.0029544066846045563,0.0,0.0,0.0,0.0,0.0,0.0,0.0,0.0,0.0,0.0003676131529667276,0.0,0.0,0.0,0.0,0.0,0.0,0.0,0.00024872495173756937,0.0,0.0,0.0,0.0,0.0,0.0003548626109065743,0.0,0.0,0.0,0.0,0.0,0.0,0.0,0.0,0.0,0.0,0.0,0.0,0.0,0.0,0.0
ACCTAAGTACCTTTCA-1,0.21917491495000285,0.0704157516912658,0.05109977474877487,0.0015372183912337903,0.0,0.004567746250990467,0.00872884390876917,0.04853893346489272,0.01679828563950808,0.009039728237190786,0.0,0.026749182665684008,0.00844686091682087,0.025898651802367695,0.01118723808076844,0.028689954009728583,0.036294620920982,0.004222121306775552,0.0,0.007280171807381228,0.0035286815982830118,0.0,0.0,0.0022014686757046587,0.005548121369146756,0.0018580425833606795,0.0002464687645059857,0.0009898693746783437,0.0024229055276373548,0.0010515927705883148,0.002137301025568208,0.01062056811224046,0.0,0.0028209061100480854,0.0,0.0030886038946500503,0.0005939768718962956,0.0014984201701714744,0.0,0.0,0.0,0.0014968902390384746,0.0027060356011731966,0.00037400421358488474,0.0,0.0,0.0,0.0,0.0,0.00248389785251014,0.004367489409206122,0.0,0.0010080640175880132,0.0,0.0,0.0002063326167527282,0.0,0.0,0.0,0.0,0.0,0.0001546319503512257,0.0,0.0,0.0,0.0,0.005507818597418739,0.0,0.0,0.0006681823402034985,0.0,0.0,0.0009892066801729861,0.0,0.0,0.0,0.0,0.0,0.001124040815352476,0.0,0.0006632752114919083,0.001206853780298352,0.0007641660361573275,0.0,0.0,0.00030926390070245137,0.0005475594657909349,0.0,0.0,0.00038648621992331904,0.0,0.0,0.0,0.0,0.0,0.0,0.0,0.0,0.0,0.0,0.0,0.0,0.0,0.0,0.0,0.0,0.0,0.0,0.0,0.0,0.0,0.0,0.0,0.0,0.0,0.0,0.0,0.0,0.0
ACCTAATCGACTTCCT-1,0.4523177216487886,0.38222598163841204,0.09600905099071634,0.14709400511103862,0.16727992211841897,0.09759545820459599,0.0439526924727731,0.01950926570819564,0.019424791314907066,0.05467716691652981,0.0,0.008887645794867501,0.0,0.017891363098510076,0.0,0.11363845027370888,0.008771224036539696,0.04548397333174092,0.01746835859799175,0.0,0.023899049753960573,0.0,0.0,0.024010552669335487,0.0,0.0,0.0,0.008778249499540173,0.0025240975104918652,0.0,0.008745938636731917,0.0009253408685825356,0.0,0.0,0.0,0.0,0.02481747972760458,0.0,0.0,0.0,0.0,0.0,0.0,0.0,0.0,0.0,0.0,0.010188605558809193,0.0,0.0,0.0,0.0,0.0,0.0,0.006372374296567372,0.009556212973217066,0.0,0.0,0.0,0.0,0.0,0.0,0.003310315837475153,0.0,0.0,0.0016042991883348859,0.006187980329664385,0.0,0.0,0.0,0.0,0.0,0.0,0.0,0.0,0.0,0.0,0.0,0.0,0.0,0.0,0.002301225805856251,0.0,0.002301225805856251,0.0,0.0,0.0,0.0,0.0,0.0,0.0,0.0,0.0,0.0,0.0,0.0,0.0,0.0,0.0,0.0,0.0,0.0,0.0,0.0,0.0,0.0,0.0,0.0,0.0,0.0,0.0,0.0,0.0,0.0,0.0,0.0,0.0,0.0,0.0
ACCTGCGTGTCATGTT-1,0.004993609981831568,0.00010751108690786854,0.0,0.0005062133843593461,0.0,0.0,0.015259576626200245,0.03757562764705906,0.016942796749121154,0.0016023701279651208,0.0012832569000985066,0.0,0.01380414142979987,0.014733003837698376,0.024345123646906913,0.0,0.10641727330444126,0.0,0.0,0.009181569349675204,0.003074213709360605,0.00451412776344592,0.0,0.0010749370462073333,0.012440392296271243,0.0,0.0,0.0,0.001849310323671772,0.0,0.007187389614872431,0.004458818784235189,0.0,0.0001341059332814791,0.0,0.004922744780257488,4.0379201962523264e-05,0.0015512837104109036,0.0,0.0,0.0,0.0008405623099177911,0.0011565622867204493,0.0,0.0,0.0,0.0,5.8737511605936127e-05,0.0,0.0,0.0010399303577504674,0.0,0.002678535634903817,0.0,0.0,0.00011075732643696174,0.0011320578837296243,0.0,0.0,0.0,0.0,0.0,0.0,0.0,0.0,0.0,0.0,0.0,0.0,0.0012532864386992574,0.0,0.0,0.013450887640956104,0.0,0.0,0.00020826466240624408,0.0,0.0,0.0,0.00035924935421197037,0.0032117693753604356,0.0,0.0003501010617666112,0.0,0.00016696521976459374,0.00023500118228526277,0.00011987390490271954,0.0,0.0,0.0,0.0,0.0,0.0,0.0,0.0,0.0,0.002262965527361595,0.0,0.0,0.0,0.0,0.0,0.0,0.0,0.0,0.0,0.0,0.0,0.0,0.0,0.0,0.0,0.0,0.0,0.0,0.0004244568752577874,0.0,0.0003447647621356903,0.0
ACGAAATGGGCGGCAC-1,0.5231348643728123,0.07619017709077223,0.1534771638605636,0.025495766545233257,0.1052130515243427,0.0,0.0,0.0458498911838411,0.015665774711755998,0.0,0.0,0.01617181092957282,0.0,0.035121792842509575,0.0,0.18080230066869177,0.0,0.0,0.0,0.015219287723307606,0.0,0.0,0.0,0.0,0.0,0.0329907457983245,0.0,0.002905596817624546,0.003893914037776572,0.0,0.0,0.0,0.0,0.0,0.0,0.0,0.027372375981076696,0.0,0.0,0.0,0.0,0.0016392842925395952,0.0,0.0,0.0,0.004775494310301259,0.0027863461252916727,0.0,0.0,0.0,0.0,0.0,0.0,0.0,0.0,0.0,0.0,0.0,0.0,0.0,0.0,0.0,0.0,0.0,0.0,0.0007665150307777323,0.011653677325931294,0.0,0.0,0.0,0.0,0.004775494310301259,0.0,0.0,0.0,0.0,0.0,0.0,0.0,0.0,0.0007665150307777323,0.0,0.0,0.0,0.0,0.0,0.0,0.0,0.0,0.0,0.0,0.0,0.0,0.0,0.0,0.0,0.0,0.0,0.0,0.0,0.0,0.0,0.0,0.0,0.0,0.0,0.0,0.0,0.0,0.0,0.0,0.0,0.0,0.0,0.0,0.0,0.0,0.0,0.0
ACGATCATACATAGAG-1,0.09282856750446591,0.0,0.0,0.007076158238533784,0.028639683739912263,0.0,0.0,0.0,0.0,0.0,0.0,0.011414451024435718,0.05364213836664866,0.0,0.0,0.0,0.0,0.0,0.0,0.0,0.0,0.0,0.0,0.0,0.0,0.0,0.0,0.001693997209425733,0.0,0.009431232450191649,0.0,0.0,0.0,0.0,0.0,0.0,0.0,0.0,0.0,0.0,0.0,0.0,0.0,0.0,0.0,0.0,0.0,0.0,0.0,0.0,0.0,0.0,0.0,0.0,0.0,0.0,0.0,0.0,0.0,0.0,0.0,0.0,0.0,0.0,0.0,0.0,0.0,0.0,0.0,0.0,0.0,0.0,0.0,0.009431232450191649,0.0,0.0,0.0,0.0,0.0,0.0,0.0,0.0,0.0,0.0,0.0,0.0,0.0,0.0,0.0,0.0,0.0,0.0,0.0,0.0,0.0,0.0,0.0,0.0,0.0,0.0,0.0,0.0,0.0,0.0,0.0,0.0,0.0,0.0,0.0,0.0,0.0,0.0,0.0,0.0,0.0,0.0,0.0,0.0,0.0
ACGCAATCACTACAGC-1,0.17278627628392387,0.026094630017595544,0.13394297705526043,0.0,0.0,0.0,0.0,0.0,0.005098647145058072,0.0,0.0,0.0,0.0,0.0,0.0,0.0,0.0,0.0,0.0,0.0,0.0,0.0,0.0,0.0,0.0,0.0,0.0,0.0,0.0,0.0,0.0,0.0,0.0,0.0,0.0,0.0,0.0,0.0,0.01350659752426302,0.0,0.0,0.0,0.0,0.0,0.0,0.0,0.0,0.0,0.0,0.0,0.0,0.0,0.0,0.0,0.0,0.0,0.0,0.0,0.0,0.0,0.0,0.0,0.0,0.0,0.0,0.0,0.0,0.0,0.0,0.0,0.0,0.0,0.0,0.0,0.0,0.0,0.0,0.0,0.0,0.0,0.0,0.0,0.0,0.0,0.0,0.0,0.0,0.0,0.0,0.0,0.0,0.0,0.0,0.0,0.0,0.0,0.0,0.0,0.0,0.0,0.0,0.0,0.0,0.0,0.0,0.0,0.0,0.0,0.0,0.0,0.0,0.0,0.0,0.0,0.0,0.0,0.0,0.0,0.0
ACGCATTCGTGAGTAC-1,0.33920962986696496,0.2819588328576874,0.09854876516773325,0.03302197438036994,0.014687376421187878,0.23592590211931058,0.0,0.058801738955159596,0.010606554708611162,0.0014394398431898667,0.0,0.0,0.003670791518740589,0.007120463303460202,0.0,0.0,0.019904013831707274,0.01699099456107954,0.005819641759564238,0.0008338263208339637,0.0029613477743991737,0.0,0.03334745001559253,0.0,0.0,0.0,0.0,0.0004781422905518456,0.00802752494447537,0.0,0.0,0.0006994642210226307,0.001875275544290992,0.002978374297523738,0.004992710786887004,0.0013976542517391978,0.0,0.0,0.0,0.030143670676421593,0.0,0.0,0.0022715047783705075,0.003390113134463629,0.0,0.0,0.0,0.0,0.0,0.0035416584375618,0.000836685926990395,0.0,0.004195009935371252,0.0028575639115533042,0.0,0.0,0.0,0.0,0.0,0.0,0.0,0.0,0.002924517051903105,0.0,0.0,0.0,0.0,0.010025014533867397,0.0,0.0,0.0,0.0,0.0,0.0,0.0011127171086954026,0.0,0.0,0.0,0.0,0.0,0.0009627344509238497,0.0,0.0,0.0,0.0,0.0,0.0,0.0,0.0,0.0,0.0,0.0,0.0,0.0,0.0,0.0,0.0,0.0,0.0,0.0,0.0,0.0,0.0,0.0,0.0,0.0,0.0,0.0,0.0,0.0,0.0,0.0,0.0,0.0,0.0,0.0,0.0,0.0,0.0
ACGCCGCTAGACGACC-1,0.2701197709805785,0.17119622499271442,0.16119206994985205,0.06786697293004906,0.0,0.18336147134207612,0.0,0.0,0.0,0.0,0.0,0.0,0.0,0.0,0.0,0.0,0.0,0.015026880300149176,0.0,0.0,0.0,0.0,0.0,0.0,0.0,0.0,0.0,0.0,0.0,0.0,0.0,0.0,0.0,0.0,0.0,0.0,0.0,0.0,0.0,0.0,0.0,0.0,0.0,0.0,0.0,0.0,0.0,0.0,0.0,0.0,0.0,0.0,0.0,0.0,0.0,0.0,0.0,0.0,0.0,0.0,0.0,0.0,0.0,0.0,0.0,0.0,0.0,0.0,0.0,0.0,0.0,0.0,0.0,0.0,0.0,0.0,0.0,0.0,0.0,0.0,0.0,0.0,0.0,0.0,0.0,0.0,0.0004749506129963371,0.0,0.0,0.0,0.0,0.0,0.0,0.0,0.0,0.0,0.0,0.0,0.0,0.0,0.0,0.0,0.0,0.0,0.0,0.0,0.0,0.0,0.0,0.0,0.0,0.0,0.0,0.0,0.0,0.0,0.0,0.0,0.0
ACGCGAAGTCAGACGA-1,0.2550424666756152,0.3301966170695426,0.1946408132496219,0.10864523358454645,0.08730172815558537,0.006862083490888346,0.00836998841324297,0.07939820755205712,0.0,0.0004417670433208242,0.13338482343847594,0.05539588098542359,0.015258748672255334,0.019782194746042942,0.023644088503118842,0.0,0.0,0.0,0.0,0.007841799841792374,0.010637282840151486,0.0,0.019099272800602234,0.0,0.0014086013001104315,0.006554343073192205,0.00043668908302136114,0.00045033119139899235,0.0035386216928134564,0.0,0.0,0.0029618163355786065,0.0,0.0,0.0,0.0019806636777539386,0.0,0.0,0.0,0.0,0.0,0.0017947520170830153,0.0,0.0012407733731953157,0.0,0.004061286800575292,0.0,0.0,0.0,0.003866600870662696,0.0,0.0,0.0037078797607592627,0.0,0.0,0.0,0.0,0.0,0.0034964875699402104,0.0,0.007765018538239519,0.0,0.0,0.0,0.0,0.0,0.0,0.0,0.0005880112599051368,0.0,0.0,0.0,0.0,0.0,0.0,0.0,0.0,0.0016338295924148993,0.0,0.0,0.0,0.0,0.003583033755432708,0.0,0.0,0.0,0.0,0.0,0.0,0.0,0.0,0.0,0.0,0.0,0.0,0.004291908371076,0.0,0.0,0.0,0.0,0.0,0.0,0.0,0.0,0.0,0.0,0.0,0.0,0.0,0.0,0.0,0.0,0.0,0.0,0.0,0.0,0.0,0.0,0.0
ACGCGCTACACAGGGT-1,0.4558102730862049,0.0,0.05680000766341601,0.0,0.0,0.0,0.0,0.0,0.0015748064196026252,0.0,0.0,0.01880883541507502,0.0,0.0,0.0,0.0,0.0,0.007830008426883493,0.0,0.0029890785298531466,0.012789436079541677,0.0,0.0,0.0,0.0,0.0,0.0,0.0,0.0,0.02153604061476095,0.0015748064196026252,0.0,0.0,0.0,0.0,0.0,0.0,0.0,0.0,0.0,0.0,0.0,0.0,0.0,0.0,0.0,0.0,0.0,0.0,0.0,0.0,0.0,0.0,0.0,0.0,0.0,0.0,0.0077883321015567095,0.0,0.0,0.0,0.0,0.0,0.0,0.0,0.0,0.0,0.0,0.0,0.0,0.0,0.0,0.0,0.0,0.0,0.0,0.0,0.0,0.0,0.0,0.0,0.0,0.0,0.0,0.0,0.0,0.0,0.0,0.0,0.0,0.0,0.0,0.0,0.0,0.0,0.0,0.0,0.0,0.0,0.0,0.0,0.0,0.0,0.0,0.0,0.0,0.0,0.0,0.0,0.0,0.0,0.0,0.0,0.0,0.0,0.0,0.0,0.0,0.0
ACGCGGGCCAAGGACA-1,0.21663373776780206,0.37964971693417654,0.05673405492014478,0.05278286013047956,0.006563854227421308,0.06361109294043449,0.07704462790549896,0.0,0.006920755958216555,0.0018065961758634763,0.0,0.0,0.02447909967762417,0.0,0.05190632343450584,0.0,0.0,0.016934248817338966,0.0,0.0,0.005947512717739235,0.020038264705581756,0.008543662444505221,0.0,0.0,0.0,0.002262722676933006,0.0007858694873000736,0.003795821042105303,0.0006567650520740914,0.0,0.0,0.0,0.0025742184364953356,0.0,0.000864542121950244,0.0,0.0,0.0,0.0,0.011193409416577815,0.003155382898855495,0.0019291991251903838,0.0,0.0,0.0,0.0,0.0,0.0,0.0026296519307577432,0.0,0.0,0.0015163026707347292,0.0003897648528885842,0.0,0.0,0.0,0.0,0.0,0.0,0.0,0.0,0.0,0.0,0.0,0.0,0.0023905089636356734,0.0,0.0,0.0,0.0,0.0,0.0,0.0,0.000694129599485826,0.0,0.0,0.002970330987159194,0.0,0.0,0.0006902978104859716,0.0,0.0,0.0003897648528885842,0.0,0.0,0.0,0.0,0.0,0.0,0.0,0.0,0.0,0.0015163026707347292,0.0,0.0,0.0,0.0,0.0,0.0,0.0,0.0,0.0,0.0,0.0,0.0,0.0,0.0,0.0,0.0,0.0,0.0,0.0,0.0,0.0,0.0,0.0,0.0,0.0
ACGCTGTGAGGCGTAG-1,0.03867574973097457,0.1298077162856403,0.007463748389682166,0.0,0.004312343816352604,0.0,0.011828024063303435,0.007472876859364978,0.0,0.0216917707460751,0.0,0.016664932077115106,0.007338819008863919,0.0,0.0465839818534225,0.0,0.0,0.0009112443650933698,0.0,0.006162881567334538,0.005762165697157755,0.0,0.0,0.0,0.0,0.0017536385278041045,0.0,0.001376761062374894,0.0038462140445135826,0.004579870339840845,0.0005356005683659116,0.013216058985149515,0.002280889317691068,0.0025327131453350008,0.0,0.0012173831936508396,0.0,0.0,0.0,0.012031760900610367,0.0,0.0,0.0011372607061684622,0.0,0.0,0.0,0.0,0.0,0.0,0.006015120796596778,0.003073228045590563,0.0,0.002124377566272053,0.0,0.0,0.0,0.010004266990531063,0.0,0.0,0.0,0.0,0.0,0.0,0.0,0.0,0.0,0.0,0.0,0.0,0.0,0.0,0.0,0.0,0.0,0.0,0.0,0.0,0.0,0.0015637044945294896,0.0002654948042867098,0.0,0.0,0.0002654948042867098,0.0,0.0,0.0,0.0,0.0,0.0,0.0,0.0,0.0,0.0,0.0,0.0,0.0,0.0,0.0,0.0,0.0,0.0,0.0,0.0,0.0,0.0,0.0,0.0,0.0,0.0,0.0,0.0,0.0,0.0,0.0,0.0,0.0,0.0,0.0,0.0
ACGGCACTTGCTTGGG-1,0.5306501480481564,0.2611933501340843,0.29768782366104984,0.0,0.0,0.0,0.07113014396582469,0.20691548679348848,0.016473032358061326,0.000873946288041133,0.0,0.027018515986746913,0.0,0.0,0.028084447494537847,0.0,0.0,0.0,0.01609309743462372,0.0,0.0,0.0,0.0,0.0,0.0,0.0,0.0,0.0,0.0059103441251766205,0.0,0.001499330554595383,0.0014375825357076549,0.028720573604242385,0.015681170207926916,0.0,0.0,0.0,0.0,0.0,0.0,0.0,0.0,0.0,0.0,0.0,0.0,0.0,0.0,0.0,0.0,0.0,0.0,0.0,0.0,0.008048962087083045,0.0,0.0,0.0,0.0,0.0,0.0,0.0,0.006311324715038148,0.0,0.0,0.0,0.0,0.0,0.0,0.0,0.0,0.0,0.0023762208581607916,0.0,0.0,0.0,0.0,0.0,0.0,0.0,0.0,0.0,0.0,0.0,0.0,0.0,0.0,0.0,0.0,0.0,0.0,0.0,0.0,0.0,0.0,0.0,0.0,0.0,0.0,0.0,0.0,0.0,0.0,0.0,0.0,0.0,0.0,0.0,0.0,0.0,0.0,0.0,0.0,0.0,0.0,0.0,0.0,0.0,0.0
ACGGCCAACATGGACT-1,0.8224666955485329,0.5692615031267,0.1441910365549824,0.026855131566972473,0.0,0.013877615070866713,0.0833740096601931,0.0,0.008032183984244212,0.03101789207282174,0.0,0.01625911686560802,0.028363602722744078,0.024725563837936556,0.023005439560843326,0.03801337758089512,0.026574974272640998,0.0022104663795279207,0.0,0.004715768000717342,0.0,0.0,0.0,0.0,0.01724181503316574,0.0018906706873267724,0.0010747890819660067,0.008820733463906778,0.007474488985592624,0.0,0.003804142251128362,0.0016121392685070678,0.0,0.004150394836708549,0.0,0.0048976090185126695,0.010142945161499006,0.0075067134712854325,0.0,0.0,0.0,0.0,0.0009554239962302431,0.0,0.0,0.0,0.02073283167526741,0.002634514138922755,0.0,0.0,0.002433185979119286,0.009106323336124237,0.0,0.0,0.0,0.002037510275997774,0.0,0.0,0.0,0.004471063532709495,0.0,0.0016258784349391865,0.0,0.0,0.0,0.0,0.007502515660776403,0.0,0.0,0.0,0.0,0.0,0.0005379077822883798,0.0,0.0,0.0,0.0,0.0016258784349391865,0.003380337579025855,0.0,0.0,0.0012863071591330034,0.0,0.0,0.0,0.0,0.0,0.002564980588068141,0.0,0.0016862505722555709,0.0,0.0,0.00457880714952296,0.0016148290051451646,0.0,0.0,0.0,0.0,0.0,0.0,0.0,0.0,0.0,0.0,0.0,0.0,0.0029894263565179158,0.0016258784349391865,0.0,0.0,0.0,0.0,0.0,0.0,0.0012863071591330034,0.0,0.0,0.0,0.0
ACGGGAGTGTCGGCCC-1,0.26615834725352067,0.2590851192341159,0.12333803339403802,0.0,0.0,0.053680915700786154,0.0,0.0,0.004537412017778781,0.0,0.0,0.02673010129865089,0.009350126927489365,0.010120835936476068,0.0,0.0,0.0,0.0,0.0,0.015147870046532255,0.0,0.0,0.011461369928484422,0.0,0.0033544189012634563,0.0023061269320175386,0.0,0.0,0.0016374696053139516,0.00983991690264513,0.00409576807529986,0.0,0.007440323100672526,0.0,0.0,0.0,0.0,0.0,0.0,0.018487970208630557,0.0,0.0,0.0007976502952455984,0.004402051092611955,0.0,0.0,0.0,0.0012568192618345013,0.0,0.0031804776987713387,0.0,0.0,0.0,0.0,0.0031804776987713387,0.0023759974032626736,0.0,0.0,0.0,0.0,0.010476809435038443,0.0,0.0032176761443155947,0.0,0.0,0.0,0.0,0.0,0.0,0.0,0.0,0.0,0.0,0.0,0.0,0.0,0.0,0.0,0.0,0.0,0.0,0.0,0.0,0.0,0.0,0.0,0.0,0.0,0.0,0.0,0.0,0.0,0.0,0.0,0.0,0.0,0.0,0.0,0.0,0.0,0.0,0.0,0.0,0.0,0.0,0.0,0.0,0.0,0.0,0.0,0.0,0.0011017875108826549,0.0,0.0,0.0,0.0,0.0,0.0,0.0
ACGTAGATTGCTGATG-1,0.12435296285637201,0.0,0.03908914796871173,0.03959162269803168,0.0,0.0,0.0,0.0,0.015566584115071523,0.0,0.07395580536057839,0.0,0.005178876002856313,0.0,0.0,0.0,0.0,0.0,0.0,0.0,0.0,0.009862372616705924,0.0,0.0,0.006842558532400138,0.0,0.0,0.0,0.0,0.0,0.0,0.0,0.0,0.0,0.0,0.0,0.0,0.0,0.0,0.0,0.0,0.0,0.0,0.0,0.0,0.0,0.0,0.0,0.0,0.0,0.0,0.0,0.0,0.0,0.0,0.0,0.0,0.0,0.0,0.0,0.0,0.0,0.0,0.0,0.0,0.0,0.0,0.0,0.0,0.0,0.0,0.0,0.0,0.0,0.0,0.0,0.0,0.0,0.0,0.0,0.0,0.0,0.0,0.0,0.0,0.0,0.0,0.0,0.0,0.0,0.0,0.0,0.0,0.0,0.0,0.0,0.0,0.0,0.0,0.0,0.0,0.0,0.0,0.0,0.0,0.0,0.0,0.0,0.0,0.0,0.0,0.0,0.0,0.0,0.0,0.0,0.0,0.0,0.0
ACGTTAATGTCGAAGA-1,0.09944223658350462,0.3993069810575571,0.4822209369412826,0.2031917537487041,0.0,0.0,0.03146798902481994,0.07423466983695634,0.0,0.0,0.0,0.01656453560135924,0.007884841814890629,0.0,0.1242001253997439,0.0,0.015532343402069201,0.0,0.004445887542162598,0.0009063695972540069,0.012223503072203988,0.0,0.0,0.0,0.0,0.016226136997148328,0.0019772833168958635,0.0,0.0,0.0,0.0,0.0,0.005292224325594616,0.001568589951843967,0.006063770196009522,0.0016884366057721418,0.0,0.0,0.017060103504361202,0.0,0.0,0.0,0.0,0.0,0.0,0.0,0.0,0.0,0.0,0.0034480389096886816,0.003322126074829794,0.0,0.0020786499318789843,0.005985340482244023,0.0,0.0,0.0,0.004670883120956403,0.008106668932530418,0.0,0.0,0.0,0.0,0.0,0.0,0.0,0.0,0.0,0.0,0.0,0.0,0.0,0.0,0.0,0.0015440898096185038,0.0,0.0,0.0,0.0,0.0,0.0,0.0,0.0013693889778096976,0.0,0.0,0.0,0.0,0.0,0.0,0.0,0.0,0.0,0.0,0.0,0.0,0.0,0.0,0.0,0.0,0.0,0.0,0.0,0.0,0.004351267153325852,0.0,0.0,0.0,0.0,0.0,0.0,0.0,0.0,0.0,0.0,0.0,0.0,0.0,0.0,0.0
ACTCCCATTCCTAAAG-1,0.0010259227687548422,7.515653565843567e-05,0.0,0.0004534088780753503,0.0,0.0,0.0005074101743228818,0.029635722836901277,0.001692319765518755,0.001636102010836656,0.0,0.0,0.006454740312490305,0.007896718126559758,0.0006330522258041942,0.0006616543264166922,0.07970883351740228,7.038884948457653e-05,0.0,0.020546373149047257,0.0031541973650459146,0.0,0.0,0.00034308509702475853,0.017148331108963383,0.0,2.4486842580972796e-05,0.0,0.0005732462680282952,0.0,0.0022746958867228438,0.005957693910166551,0.0,0.00023815156512288908,0.0,0.0,0.0,0.0,0.0,0.0,0.0,0.00043140483697794743,0.0005976791897864272,0.0,0.0,0.0,0.0005198571117985852,0.0,0.0,0.0,0.0005027409194862707,0.0,0.00040802214656498787,0.0,0.0,0.0,0.0003195586012553124,0.0,0.0,0.0005705572469690565,0.002339878838670597,4.2526676830457795e-05,0.0,0.0,0.0,0.0001842460583455647,0.0,0.0,0.0,0.0,0.0,0.0,0.004195856993419227,0.0,0.0,0.0,0.0,0.0,0.0,0.003006537841022053,0.0012424493925308191,0.0,0.0,0.0,0.0,0.0,0.00012034612009271163,0.0,0.0,0.0,0.00014766962621431693,0.0,0.0,0.0,0.0,9.138106772938689e-05,0.0009127757289172433,0.0,0.0,0.0,0.0,0.0,0.0,0.0,0.0,0.0,0.0,0.0,0.0,0.0,0.00014218143198380597,0.0,0.0,0.0,0.0,0.0,0.0,0.0,4.2526676830457795e-05
ACTCCCTAGAATAGTA-1,0.5147272217442627,0.04737231217490691,0.07809872999223624,0.03815538245447021,0.0,0.12125153571138256,0.0,0.0,0.0,0.0,0.0,0.042337364127331356,0.0,0.008307964278957244,0.0,0.0,0.0,0.00952294881023302,0.0,0.0,0.0,0.0,0.0,0.0,0.0,0.0,0.0,0.0,0.0,0.0,0.0,0.0,0.0,0.0,0.0,0.0,0.0,0.0,0.0,0.0,0.0,0.0,0.0,0.0,0.0,0.011989336873247273,0.0,0.0,0.010418331064623554,0.0,0.0,0.0,0.0,0.0,0.010069810664605841,0.0,0.0,0.0,0.0,0.0,0.0,0.0,0.0,0.0,0.0,0.0,0.0,0.01072570494931569,0.0,0.0,0.0,0.0,0.0,0.0,0.0,0.0,0.0,0.0,0.0,0.0,0.0,0.0,0.0,0.0,0.0,0.0,0.0,0.0,0.0,0.0,0.0,0.0,0.0,0.0,0.0,0.0,0.0,0.0,0.0,0.0,0.0,0.0,0.0,0.0,0.0,0.0,0.0,0.0,0.0,0.0,0.0,0.0,0.0,0.0,0.0,0.0,0.0,0.0,0.0
ACTCGTAACCCGTCCT-1,0.041090742444294746,0.008906364467886936,0.0030613045599656424,0.0,0.0,0.0,0.010695122408382982,0.009288639366225293,0.0,0.0013835142656287156,0.0,0.0,0.008287390713346453,0.019944745865967783,0.007013306512816294,0.0,0.0,0.003983380997016813,0.0,0.02006727638822222,0.003321677654209863,0.004181049128782289,0.0016322863300436258,0.003839569506581928,0.0077521522296533935,0.00577135324583132,0.0,0.0,0.0018351470685240212,0.0,0.0007077365944070929,0.02019480486602284,0.0,0.0,0.0,0.0,0.0,0.0,0.013559554553814898,0.011514410952007304,0.0,0.0007353803710015608,0.0007924313807352493,0.0,0.0,0.0,0.0030428788468948825,0.0013857093502360894,0.0,0.0,0.0014465560984478524,0.0,0.0027600103217759113,0.0,0.0,0.002039257184824261,0.0,0.0,0.0,0.0,0.0,0.0,0.0,0.0,0.0,0.0,0.0,0.0,0.0,0.0,0.0,0.0,0.0014895579187347774,0.0,0.0,0.0,0.0,0.0,0.0,0.0,0.0,0.0,0.0002764713740190383,0.0,0.0,0.0,0.0016669536477913567,0.0,0.0,0.0,0.0,0.0,0.0,0.0,0.0,0.0,0.0,0.0,0.0,0.0,0.0,0.0,0.0,0.0,0.0,0.0,0.0,0.0,0.0,0.0,0.0,0.0,0.0,0.0,0.0,0.0,0.0,0.0,0.0
ACTCGTCAGTAATCCC-1,0.6979656889247776,0.08923723056843143,0.261087820690119,0.13601144228880507,0.09213500779886125,0.0,0.0,0.005919464012486466,0.0027012808908961077,0.0,0.0,0.018642856536865808,0.0,0.0,0.0,0.0,0.0,0.011519763529882158,0.007712796135386384,0.0,0.0,0.0,0.0,0.010584029960560598,0.00200760814530444,0.0,0.0,0.0023554720377312334,0.0,0.005068688622153632,0.0,0.0,0.010137377244307263,0.0,0.0,0.0,0.0,0.0,0.0,0.0,0.0,0.0,0.0,0.005068688622153632,0.0,0.01101748693043313,0.0,0.006645857544366223,0.0,0.0,0.0,0.0,0.0,0.0,0.0,0.018360403710886077,0.0,0.0,0.0,0.0,0.0,0.0,0.006645857544366223,0.0,0.0,0.0,0.0,0.0,0.0,0.0,0.0,0.0,0.0,0.0,0.0,0.0,0.0,0.0,0.0,0.0,0.0,0.0,0.0,0.0,0.0,0.0,0.0,0.0,0.0,0.0,0.0,0.0,0.0,0.0,0.0,0.0,0.0,0.0,0.0,0.0,0.0,0.0,0.0,0.0,0.0,0.0,0.0,0.0,0.0,0.0,0.0,0.0,0.0,0.0,0.0,0.0,0.0,0.0,0.0
ACTCTCTGACTTAGGT-1,0.09834764313613482,0.0,0.03583438084222119,0.0,0.0,0.0,0.0,0.04553708890351929,0.0,0.0,0.0,0.0,0.0,0.0,0.0,0.0,0.003328301102570955,0.0,0.0,0.0,0.0,0.012575484639825581,0.0,0.0,0.0,0.0,0.0,0.0,0.0,0.00934674025003352,0.0,0.0,0.0,0.0,0.0,0.0,0.0,0.0,0.013584044392003357,0.0,0.0,0.0,0.0,0.0,0.0,0.0,0.0,0.0,0.0,0.0,0.0,0.0,0.0,0.0,0.0,0.0,0.0,0.0,0.0,0.0,0.0,0.0,0.0,0.0,0.0,0.0,0.0,0.0,0.0,0.0,0.0,0.0,0.0,0.0,0.0,0.0,0.0,0.0,0.0,0.0,0.0,0.0,0.0,0.0,0.0,0.0,0.0,0.0,0.0,0.0,0.0,0.0,0.0,0.0,0.0,0.0,0.0,0.0,0.0,0.0,0.0,0.0,0.0,0.0,0.0,0.0,0.0,0.0,0.0,0.0,0.0,0.0,0.0,0.0,0.0,0.0,0.0,0.0,0.0
ACTGTCCAGGATTATA-1,0.3464073659133449,0.11058361655110635,0.10207448864701334,0.07614742370105552,0.13134149466931894,0.0,0.07900266318278094,0.0,0.010578081052186954,0.0,0.0,0.019944977136621227,0.0,0.0,0.0,0.0,0.0,0.0,0.0,0.0,0.0028093161574111545,0.019590062842805768,0.0,0.0,0.0,0.0,0.0,0.0,0.0,0.0,0.0,0.0,0.0,0.0,0.0,0.0,0.0,0.0,0.0,0.0,0.0,0.0,0.0037189312286779377,0.0,0.0,0.0,0.0,0.0,0.0,0.0,0.0,0.0,0.0,0.0,0.007422777606982895,0.0,0.0,0.0,0.0,0.0,0.0,0.0,0.0,0.0,0.0,0.0,0.0,0.0,0.0,0.0,0.0,0.0,0.0,0.0,0.0,0.0,0.0,0.0,0.0,0.0,0.0,0.0,0.0,0.0,0.0,0.0,0.0,0.0,0.0,0.0,0.0,0.0,0.0,0.0,0.0,0.0,0.0,0.0,0.0,0.0,0.0,0.0,0.0,0.0,0.0,0.0,0.0,0.0,0.0,0.0,0.0,0.0,0.0,0.0,0.0,0.0,0.0,0.0,0.0
ACTTATACTTACCCGG-1,0.039770421996555554,0.021846642708215215,0.0,0.0,0.0,0.0,0.0,0.028393246900076247,0.0,0.0,0.0,0.0,0.0,0.004107681174039607,0.0,0.0,0.0,0.0,0.005625418728740128,0.0,0.00997735659914177,0.011223596369105686,0.0,0.0,0.0,0.0,0.0,0.0,0.0,0.0,0.0,0.0,0.0,0.0,0.0,0.0,0.0,0.0,0.0,0.0,0.0,0.0,0.0,0.0,0.0,0.0,0.0,0.0,0.0,0.00913366768175839,0.0,0.0,0.0,0.0,0.0,0.0,0.0,0.00913366768175839,0.0,0.0,0.0,0.0,0.0,0.0,0.0,0.0,0.0,0.0,0.0,0.0,0.0,0.0,0.0,0.0,0.0,0.0,0.0,0.0,0.0,0.0,0.0,0.0,0.0,0.0,0.0,0.0,0.0,0.0,0.0,0.0,0.0,0.0,0.0,0.0,0.0,0.0,0.0,0.0,0.0,0.0,0.0,0.0,0.0,0.0,0.0,0.0,0.0,0.0,0.0,0.0,0.0,0.0,0.0,0.0,0.0,0.0,0.0,0.0,0.0
ACTTCGCCATACGCAC-1,0.30148384591348243,0.03199845016490228,0.05561898826380192,0.030366990818021584,0.0,0.0,0.012993914695656876,0.0,0.009484940633492677,0.0,0.0,0.012799520275211584,0.0,0.0,0.0,0.0,0.0,0.0063978142368066844,0.0,0.0017181433613958918,0.004226224408510816,0.0,0.0,0.0,0.00472311200272345,0.00235993615855131,0.0,0.00908003911392441,0.0,0.0,0.0,0.0,0.0,0.0,0.0,0.0,0.0,0.0,0.0,0.0,0.0,0.0,0.0,0.0,0.0,0.017692564991235567,0.0,0.0,0.0,0.0,0.0,0.0,0.0,0.0,0.0,0.0,0.0,0.0,0.0,0.0,0.0,0.0,0.0,0.0,0.0,0.0,0.0,0.0,0.0,0.0,0.006091124028854761,0.0,0.0,0.0,0.0,0.0,0.0,0.0,0.0,0.0,0.0,0.0,0.0,0.0,0.0,0.0,0.0,0.0,0.0,0.0,0.0,0.0,0.0,0.0,0.0,0.0,0.0,0.0,0.0,0.0,0.0,0.0,0.0,0.0,0.0,0.0,0.0,0.0,0.0,0.0,0.0,0.0,0.0,0.0,0.0,0.0,0.0,0.0,0.0
ACTTTGACTGCATCCT-1,0.016611956792741363,0.02612017094950798,0.0,0.0,0.0006148844464864113,0.0,0.015132673793540418,0.012603197349571556,0.002221962137492416,0.000616442168801848,0.0,0.0,0.0026871454824054235,0.028133028588632453,0.008299160672958359,0.0,0.006615531833104555,0.0006467897288071337,0.0,0.010282210583387028,0.0,0.0,0.0,6.401410447138382e-05,0.005956952863649348,0.0,0.0,0.0,0.006278254289196121,0.015545992124226561,0.000366543443421353,0.009056262015692146,0.0,0.0,0.0,0.005417678809757122,0.0,0.0,0.016116915492587407,0.0,0.0,0.00044190440338382587,0.0011129962528761556,0.0,0.0,0.0,0.0,0.0,0.0,0.0004013536095204649,0.002086324872448567,0.0,0.0019087854146025967,0.0,0.0,0.0,0.003639786514196378,0.0,0.0,0.0,0.0,0.0,0.0,0.0,0.0,4.989474966896229e-05,0.0019179816123263969,0.0,0.0,0.00023979574303087687,0.0,0.0,0.0004900029358315017,0.0,0.0,0.0005166729734494978,0.0,0.0,0.0,0.0,0.0006297188630850778,0.0,0.0,0.0,0.0,0.0,0.0,0.0,0.0,0.0,0.0,0.0,0.0,0.0,0.0,0.0,0.0,0.0,0.0,0.0,0.0,0.0,0.0,0.0,0.0,0.0,0.0,0.0,0.0,0.0,0.0,0.0,0.0,0.0,0.0,0.0,0.0,0.0,0.00013912572489224254
AGAACGTGGTACATTC-1,0.355119592978775,0.1013107970131593,0.06932546403553556,0.0,0.061977275577600195,0.0,0.0285796363552928,0.0,0.010613647205192917,0.0,0.0,0.0,0.0,0.0,0.01346302664917455,0.0,0.0,0.0,0.0,0.003356928420893249,0.0,0.0,0.0,0.0,0.0,0.0,0.0,0.010593501497485404,0.0,0.0,0.0,0.0,0.0,0.0,0.0,0.0,0.0,0.0,0.0,0.0,0.0,0.0,0.0,0.0,0.0,0.0,0.0,0.0,0.0,0.0,0.0,0.0,0.0,0.0,0.0,0.0,0.0,0.006572124358473484,0.0,0.0,0.0,0.0,0.008338147511159083,0.0,0.0,0.0,0.0,0.0,0.0,0.0,0.0,0.0,0.0,0.0,0.0,0.0,0.0,0.0,0.0,0.0,0.0,0.0,0.0,0.0,0.0,0.0,0.0,0.0,0.0,0.0,0.0,0.0,0.0,0.0,0.0,0.0,0.0,0.0,0.0,0.0,0.0,0.0,0.0,0.0,0.0,0.0,0.0,0.0,0.0,0.0,0.0,0.0,0.0,0.0,0.0,0.0,0.0,0.0,0.0
AGAAGTGATTCGTGAT-1,0.09624226441109734,0.23478136664440946,0.17494755422946945,0.013077410993912068,0.0018552792024391024,0.008149462037257443,0.0019703864425280183,0.029764733227344388,0.03875535719409459,0.038896044473599165,0.0,0.00803109738141019,0.00620204266137149,0.020813870842021607,0.0,0.025398430211888368,0.0,0.004340204378508224,0.0,0.00932111883901435,0.0030707501530423884,0.007011743867535711,0.0,0.0,0.0021947628766205516,0.0,0.00195764308172028,0.0014563321070449374,0.002407140483665367,0.0,0.004403790083541197,0.00822845460935207,0.003846424725009969,0.0,0.0,0.0015194914526312775,0.0023552311015806,0.0,0.0,0.0,0.0,0.004795222892773386,0.003348669588111986,0.0034090965931717647,0.0,0.0,0.0,0.0006747028185831344,0.0,0.0,0.003932138882409033,0.0,0.0006747028185831344,0.0,0.0,0.0,0.0,0.0,0.0,0.0,0.0007505342333391767,0.0,0.0,0.01601200633325121,0.002207348370419508,0.0009176460079427198,0.0,0.0,0.0,0.0,0.0,0.0,0.0,0.0,0.0,0.0,0.0,0.0,0.0,0.0,0.00017639474892520141,0.0,0.0,0.0,0.0,0.0,0.0,0.0,0.0,0.0,0.0,0.0,0.0,0.0,0.0,0.0,0.0,0.0,0.0,0.0,0.0,0.0,0.0,0.0,0.0,0.0,0.0,0.0,0.0004745953136016926,0.0,0.0,0.0,0.0,0.0,0.0,0.0,0.00040121270070951045,0.0,0.0
AGAATAAATCTTCAGG-1,0.7679929240973657,0.2687837136669757,0.3167496874482227,0.049822036162160716,0.061334201143022835,0.04580202321806978,0.03668953028236088,0.008129811371114787,0.0,0.00546223008021647,0.0,0.02496552014473476,0.008100690622403834,0.03471751424023467,0.011859186189433173,0.0,0.038944240849197606,0.009395100349024327,0.0,0.01058553111946292,0.0,0.0,0.0068605616416123885,0.0,0.005643498451438327,0.004275869784390784,0.0,0.0,0.007733508737055631,0.0007957664283521438,0.0013903951485039728,0.00502499367542124,0.0016391492780796174,0.0032460232661511057,0.0,0.0031459517744301295,0.002693542298723972,0.0,0.0,0.0,0.010114575632293309,0.00453518256263311,0.0011180208368837441,0.0011128953986323507,0.0,0.0,0.002601756953889222,0.0,0.0,0.0015972475109653867,0.0027570563395700326,0.0,0.0007568936727973712,0.0,0.0,0.0008411313736674187,0.0002952057840292686,0.0,0.0,0.0027788150774569554,0.0013140952769217515,0.0,0.0,0.0,0.0,0.000892790539884021,0.0,0.0,0.004222827667399414,0.0,0.0,0.0,0.0,0.0,0.0,0.0,0.0,0.0,0.001055223939769408,0.0,0.0004963233221815624,0.0009926459414157935,0.0,0.0,0.0001664821047388341,0.0,0.0007948823584889235,0.0,0.0,0.0,0.0006321416507438593,0.0,0.0,0.0,0.0,0.0,0.0,0.0,0.0,0.0,0.0,0.0,0.0,0.0,0.0,0.0,0.0,0.0,0.0,0.0,0.0,0.0,0.0,0.0,0.0,0.0,0.0,0.0,0.0
AGACCATGGGATACAA-1,0.885141513999952,0.5693581148751482,0.13896412773247474,0.05684545818452979,0.1704006896527255,0.21922747638618015,0.08828435305320613,0.005426121784204539,0.054829098432521525,0.0,0.0,0.01866668288313207,0.022058831470203256,0.01697186145575525,0.0,0.0,0.0,0.019384121408795644,0.004073922706268194,0.0,0.002857396707160654,0.01058275724103378,0.0,0.007679120000986848,0.0020289797956251124,0.0,0.0057147387599722314,0.010897627771093734,0.001191353467406085,0.0,0.007835845927507024,0.0,0.0,0.0029312373873748602,0.005150365569897049,0.009423503714247144,0.0016314287466012104,0.00882524640466344,0.0,0.0,0.0,0.0,0.0,0.00276929313846783,0.0,0.006383501804191788,0.0013919465911318655,0.001823992104328124,0.0,0.0035220484877410392,0.0,0.0,0.001354697850658304,0.0,0.0,0.0,0.0,0.0,0.0,0.0,0.0,0.0,0.0,0.0,0.0,0.0051667165631781985,0.0,0.009541766945684333,0.0070273867966091546,0.0,0.0,0.0,0.0,0.0,0.0004547750526898088,0.0012966599163621974,0.0,0.0,0.0,0.000677348925329152,0.0,0.0,0.0,0.0,0.0,0.0,0.0,0.0,0.0,0.0,0.001414595287809526,0.0,0.0,0.0,0.0,0.0,0.0,0.0,0.003222839673617836,0.0,0.0,0.0,0.0,0.0,0.0,0.0,0.0,0.0,0.0,0.0,0.0,0.0,0.0,0.0,0.0,0.0,0.001114688891562269,0.0,0.0
AGACCGGGAAACCCTG-1,0.7304766236893391,0.4499737442697796,0.1351310176936975,0.07020927004400701,0.12577831434705686,0.04117490942256835,0.003971137899640499,0.008295069884684755,0.030123347737007353,0.09305730564543571,0.08072278317221239,0.008543892465976147,0.0031225771739025257,0.06803657184695115,0.0,0.06478063073449232,0.0,0.009303727815976541,0.0,0.0,0.005950896790432377,0.0,0.0,0.0,0.0,0.001887502145600109,0.0,0.004972114121290124,0.005888215163522292,0.0,0.0037884590829428077,0.0011004082348624452,0.0,0.008516887908174927,0.00650755657848399,0.0,0.0,0.006542017300183168,0.0,0.0,0.0,0.0,0.002162948037436936,0.0036121338149469498,0.0,0.0,0.0,0.0029782844027881365,0.0,0.0,0.0,0.0,0.0029782844027881365,0.0,0.0,0.005741601421771557,0.019304811670362406,0.0,0.0,0.011575874816003522,0.0,0.0,0.0,0.0,0.004006891008388615,0.0,0.0,0.012896043347234726,0.0,0.0,0.0,0.0,0.0,0.0,0.001218395748753479,0.0,0.0,0.0,0.0029782844027881365,0.0011722174953146614,0.0,0.0,0.0,0.0,0.0,0.0,0.0,0.0,0.0,0.0,0.0,0.0011722174953146614,0.0,0.0,0.0,0.0,0.0,0.00263880697034797,0.0,0.0,0.0,0.0,0.0,0.0,0.0,0.0,0.0,0.0,0.0,0.0,0.0,0.0,0.0,0.0,0.0,0.0,0.0,0.0018060669074734749,0.0
AGACGACGATGCCGCT-1,0.06189790504916737,0.005298202397401615,0.0,0.0004889462096281111,0.0,0.0,0.012831371757559825,0.0,0.0,0.0008858729925890499,0.0,0.0,0.0037715320828966372,0.018909150629148386,0.006266615209932174,0.0006272123871920283,0.0,0.0,0.0,0.03259261373151151,0.018025272229123805,0.002039705241203055,0.0,0.0054683590467737905,0.009938642121208948,0.009866989913691306,0.0001288820564782826,0.00026024208293483824,0.00032347360951943743,0.01316643598790526,0.0003461427333171114,0.015380245838654251,0.0007291071697661996,0.0,0.0,0.0,0.0,0.0,0.0,0.0,0.0,0.00012388794890934426,0.001027601163149998,0.0,0.0,0.0,0.0,0.0,0.0,0.002067100342412301,0.00665697274944849,0.0003180232396333102,0.001558263589529792,0.0,0.0005189727199951324,0.0003413492435904772,0.0018746867773063143,0.0,0.0,0.0004851275553284483,0.004778539427873732,0.0,0.0,0.0,0.0,0.0,0.0,0.0,0.0,0.0008103615901166265,0.0,0.0,0.0013515622081469662,0.0,0.0,0.0,0.0,0.0,0.0,0.0,0.00036578765352986717,0.0,0.0,0.0,2.519332742935777e-05,0.0,0.0002632331275178818,0.0,0.0,0.0,0.0,0.0,0.0,0.0,0.0,0.0,0.0,0.0003146204314386996,0.0,0.0,0.0,0.0,0.0003776345241621744,0.0,0.0,0.0,0.0,0.0,0.0,0.0,0.0,0.0,0.0001686230830569056,0.0,0.0,0.0,0.0,0.0,0.0003217205329984435
AGAGATCTCTAAAGCG-1,0.48366877230099015,0.26233958447061434,0.143031695051291,0.035727433336563835,0.032986031972796426,0.0,0.004027271301719044,0.0996580453972399,0.048042307150389145,0.01409342994328848,0.0,0.0,0.008443301472651762,0.04360485717297096,0.0,0.0,0.0,0.007744284628664921,0.0201640729313221,0.0,0.014671466638588232,0.0,0.007006437471177126,0.0,0.004058648636130154,0.004322404350961528,0.010733462578190396,0.008470039804240072,0.02720303164019619,0.001460323109841152,0.004495736572473571,0.0,0.01273856207511552,0.007537829455044089,0.0,0.0,0.0,0.005958959293278335,0.0,0.0,0.0,0.004157166609344771,0.000293473943118258,0.0,0.0,0.0036101758629451743,0.0,0.004380969329523456,0.0032969337620019773,0.0,0.0,0.006863719656030546,0.001460323109841152,0.0,0.0,0.001460323109841152,0.0014603231098411521,0.0,0.0,0.0,0.0,0.0,0.002202705174275974,0.0,0.0036759861617252677,0.0,0.0,0.0,0.0,0.0,0.0,0.0,0.0,0.0,0.0,0.0032700375367849203,0.0,0.0,0.0,0.0,0.0,0.0026986407708886376,0.0,0.0,0.0,0.0,0.0,0.0,0.0,0.0,0.0,0.0,0.0,0.0,0.0,0.0,0.0,0.0,0.0,0.005828758445722472,0.0,0.0,0.004194354088588755,0.0,0.0,0.0,0.0,0.0,0.0,0.0,0.0,0.0,0.0,0.0,0.0,0.0,0.0,0.0,0.0
AGAGCAGTTATGAGAC-1,0.563432628776332,0.5254773769480595,0.2277183219842477,0.1305691136482194,0.0,0.2917510137108752,0.06619034554266759,0.043767375588419664,0.08812335888962804,0.06650532292426929,0.0,0.0,0.0,0.0,0.0,0.0,0.0,0.0,0.07239151940610854,0.0,0.020167778818657,0.0,0.0,0.0,0.0,0.0,0.0,0.008581421508514785,0.0,0.0,0.0026916026205124344,0.0,0.0,0.0,0.020210982600838926,0.0,0.0,0.02545372792415623,0.0,0.0,0.0,0.00030544277914262906,0.0,0.0,0.0,0.004650744967136613,0.0,0.0,0.0,0.0,0.0,0.0,0.0,0.0,0.0,0.0,0.0,0.0,0.0,0.0,0.0,0.0,0.0,0.0,0.0,0.0,0.0,0.0,0.0,0.0,0.004650744967136613,0.0,0.0,0.0,0.0,0.0,0.0,0.0,0.0,0.0,0.0,0.0,0.0,0.0,0.0,0.0,0.0,0.0,0.0,0.0,0.0,0.0,0.0,0.0,0.0,0.0,0.0,0.0,0.0,0.0,0.0,0.0,0.0,0.0,0.0,0.0,0.0,0.0,0.0,0.0,0.0,0.0,0.0,0.0,0.0,0.0,0.0,0.0,0.0
AGAGCGTACAAGCTCG-1,1.0027670089226208,0.6980369485743328,0.06101353576127567,0.05310696502476051,0.07828205574304431,0.029014533468939386,0.025013009546849457,0.031853653030272315,0.05241108123893875,0.018850130443851566,0.066191431751129,0.0,0.051159260637394934,0.03589017793568442,0.043061022273156176,0.0,0.015248060053346559,0.011201550359665833,0.004194987855026816,0.0,0.015631631962723123,0.0,0.014078283493909455,0.0,0.0,0.0017152885795195675,0.015218333877579648,0.024729067732114467,0.0008633976930699657,0.0,0.017510932478773764,0.0015678577675829388,0.000729277471927853,0.01092242299644247,0.002320229146391422,0.0040421982473384886,0.0,0.0,0.0,0.0051556837528377725,0.0,0.0019062841837617207,0.001967536330383903,0.0011718220709314238,0.0,0.0,0.0038662626696448514,0.0018566431559718074,0.0027540310871701874,0.0,0.0,0.0,0.0,0.000729277471927853,0.0,0.0,0.0,0.001458554943855706,0.0,0.0,0.0,0.000729277471927853,0.003468599689012096,0.0,0.0,0.0129584836628415,0.0021794618895174234,0.0,0.0,0.0,0.0,0.0,0.0,0.0,0.0003710369682323622,0.0,0.0,0.0,0.0,0.0,0.000539863215190041,0.0,0.0,0.0,0.0038554173155000964,0.0,0.0005795542629898863,0.0011718220709314238,0.0,0.0,0.0,0.0,0.0,0.0,0.0,0.0,0.0,0.0,0.0,0.0,0.0,0.0,0.0,0.0,0.0,0.0,0.0,0.0,0.0,0.0,0.0,0.0,0.0,0.000729277471927853,0.0,0.0,0.0,0.0,0.0
AGATACCGGTGTTCAC-1,0.10631242339909498,0.09001627666155082,0.0,0.03988302025611083,0.0,0.0,0.0,0.0,0.0,0.0,0.0,0.0,0.0,0.0,0.0,0.0,0.0,0.0,0.0,0.009872609724329863,0.0,0.0,0.0,0.01561880023465306,0.0,0.0,0.0,0.0,0.0,0.0,0.0,0.0,0.0,0.0,0.0,0.0,0.0,0.0,0.009610566633679055,0.0,0.009725049908018035,0.0,0.0,0.0,0.0,0.0,0.0,0.0,0.0,0.0,0.0,0.0,0.0,0.009610566633679055,0.0,0.0,0.0,0.0,0.0,0.0,0.0,0.0,0.0,0.0,0.0,0.0,0.0,0.0,0.0,0.0,0.0,0.0,0.0,0.0,0.0,0.0,0.0,0.0,0.0,0.0,0.0,0.0,0.0,0.0,0.0,0.0,0.0,0.0,0.0,0.0,0.0,0.0,0.0,0.0,0.0,0.0,0.0,0.0,0.0,0.0,0.0,0.0,0.0,0.0,0.0,0.0,0.0,0.0,0.0,0.0,0.0,0.0,0.0,0.0,0.0,0.0,0.0,0.0,0.0
AGATACTCAAGATCGA-1,0.04257009609865878,0.0,0.0,0.0,0.0,0.0,0.0,0.0,0.0,0.0,0.0,0.011209673041983694,0.0,0.0,0.0,0.0,0.0,0.0,0.0,0.0,0.0,0.0,0.0,0.0,0.0,0.0,0.0,0.0,0.0,0.0,0.0,0.0,0.0,0.0,0.0,0.0,0.0,0.0,0.0,0.0,0.0,0.0,0.0,0.0,0.0,0.0,0.0,0.0,0.0,0.0,0.0,0.0,0.0,0.0,0.007209658982120244,0.007209658982120244,0.0,0.0,0.0,0.0,0.0,0.0,0.0,0.0,0.0,0.0,0.0,0.0,0.0,0.0,0.0,0.0,0.0,0.0,0.0,0.0,0.0,0.0,0.0,0.0,0.0,0.0,0.0,0.0,0.0,0.0,0.0,0.0,0.0,0.0,0.0,0.0,0.0,0.0,0.0,0.0,0.0,0.0,0.0,0.0,0.0,0.0,0.0,0.0,0.0,0.0,0.0,0.0,0.0,0.0,0.0,0.0,0.0,0.0,0.0,0.0,0.0,0.0,0.0
AGATTATAGGACGTTT-1,0.6102247591831914,0.3225931721821488,0.020298171837076287,0.05592202904907887,0.03255404117929777,0.0,0.08038759063143144,0.0,0.0480098204657832,0.0,0.09299114122978037,0.009960755357516202,0.0,0.0042127060432040064,0.0,0.0,0.0,0.015185463468164701,0.01228309515011906,0.002386283685517591,0.0,0.0,0.0,0.0,0.0,0.0,0.009220329402420334,0.005624451560179092,0.0,0.0,0.005109145376162479,0.0,0.0,0.004395314519019966,0.0,0.0,0.0,0.0,0.0,0.0,0.0,0.0,0.0,0.0,0.0,0.0,0.0,0.005501000793919851,0.0,0.0036266751615197886,0.0,0.004661248611965477,0.0,0.0,0.0,0.0,0.0,0.0,0.0,0.0,0.0,0.0,0.0,0.0,0.0,0.0,0.0,0.0,0.0,0.0,0.005109370341750735,0.0,0.0,0.0,0.0,0.0,0.0,0.0,0.0,0.0,0.0,0.0,0.0,0.0,0.003402822501082444,0.0,0.0,0.0,0.0,0.0,0.0,0.0,0.0,0.0,0.0,0.0,0.0,0.0,0.0,0.0,0.0,0.0,0.0,0.0,0.0,0.0,0.0,0.0,0.0,0.0,0.0,0.0,0.0,0.0,0.0,0.0,0.0,0.0,0.0
AGCACTACCGGCCTGT-1,0.3284655150841266,0.0592477566254598,0.09545470846536738,0.075188266128418,0.17291201382109642,0.0,0.0,0.0,0.007030414996899863,0.009145493286802722,0.0,0.0,0.03945353046120375,0.0,0.0,0.0,0.0,0.0,0.0069605240316256605,0.01394565586407902,0.005314040982439893,0.0,0.0,0.020591144105514533,0.0,0.0,0.0,0.006527499488653628,0.0,0.0,0.002292891322401877,0.0,0.015066199385204026,0.016352625511367187,0.0,0.012041406409670783,0.0,0.0,0.0,0.0,0.0,0.007840393063734505,0.0,0.0,0.0,0.0,0.0,0.005022066461734675,0.0,0.0,0.0,0.0,0.0,0.005022066461734675,0.0,0.0,0.0,0.0,0.0,0.0,0.0,0.010953625372823423,0.0,0.0,0.0,0.0,0.0,0.0,0.0,0.0,0.0,0.0,0.0,0.0,0.0,0.0,0.0,0.0,0.0,0.0,0.0,0.0,0.0,0.0,0.0,0.0,0.0,0.0,0.0,0.0,0.0,0.0,0.0,0.0,0.0,0.0,0.0,0.0,0.0,0.0,0.0,0.0,0.0,0.0,0.0,0.0,0.0,0.0,0.0,0.0,0.0,0.0,0.0,0.0,0.0,0.0,0.0,0.0,0.0
AGCACTTAAGGACGCC-1,0.4998790883491614,0.0,0.11863825002371844,0.0,0.08929721892002634,0.0,0.0,0.0,0.029596360779245455,0.04582852550447117,0.0,0.0,0.0,0.0,0.0,0.0,0.0,0.01138724856741723,0.024873782685445857,0.0,0.003050197898339131,0.0,0.0,0.0,0.0,0.0,0.0,0.0,0.0,0.0,0.002613710806738191,0.0,0.0,0.0,0.0,0.0,0.0,0.0,0.0,0.0,0.0,0.0,0.0,0.0,0.0,0.006557468049931298,0.0,0.0,0.0,0.006557468049931298,0.0,0.0,0.0,0.0,0.01100577826876359,0.0,0.0,0.0,0.0,0.0,0.0,0.0,0.0,0.0,0.0,0.0,0.0,0.0,0.0,0.0,0.0,0.0,0.0,0.0,0.002613710806738191,0.0,0.0,0.0,0.0,0.0,0.0,0.0,0.0,0.0,0.0,0.0,0.0,0.0,0.0,0.0,0.0,0.0,0.0,0.0,0.0,0.0,0.0,0.0,0.0,0.0,0.0,0.0,0.0,0.0,0.0,0.0,0.0,0.0,0.0,0.0,0.0,0.0,0.0,0.0,0.0,0.0,0.0,0.0,0.0
AGCAGCCAGATGAATA-1,0.053302594146576725,0.15085978903254826,0.010889074793654361,0.0006068118972450379,0.0,0.004361598928855501,0.0066122415646170645,0.00550237050379019,0.0,0.00014002433079264397,0.0,0.026918715595764496,0.010265745820299205,0.0012275651586452995,0.0,0.0,0.004123577657854757,0.004320269668388183,0.0,0.00425587876503479,0.0,0.0,0.0,0.001200305292957528,0.001191757094347659,0.00525720756100672,0.0,8.58492912771835e-05,0.005874657696415877,0.00560466871799786,0.0021384743861189567,0.015056416680363725,0.006740110068352167,0.0,0.0,0.0,0.0,0.0,0.0,0.004544539127726072,0.0,0.0030851288356587253,0.0008574209677458494,0.0008792552476619001,0.0,0.0,0.0023028870032577933,0.0,0.0,0.0015949871558452425,0.003201203980869835,0.0,0.0026620439859378698,0.0,0.0004767552338954484,0.0,0.0004337063201081524,0.0,0.0,0.0,0.0008448421121064756,0.0,0.0,0.0,0.00025427110473582004,0.0,0.0,0.0,0.0,0.00021430925200218896,0.0,0.0,0.0002158015462908201,0.0,0.0,0.0006991511204013207,0.0,2.3634055697802515e-05,0.0,0.0,0.00011583902101371675,0.0,0.0001494317602569639,0.0,0.0,0.0,0.0,0.0,0.0021131251151133216,0.0,0.0,0.0,0.0,0.0,0.0,0.0,0.0,0.0,0.0,0.0,0.0,0.0,0.0,0.0006281918069366451,0.0,0.0,0.0,0.0,0.0,0.0,0.0,0.0,0.0,0.0,0.0,0.0006726671337106075,0.0,0.0,0.0
AGCATCGTCGATAATT-1,0.2797666060971026,0.23794999288744437,0.0,0.022235096546876647,0.1243243443579749,0.0,0.0,0.0,0.004562861273495327,0.0,0.0,0.018008397216673654,0.04745407916787586,0.0,0.0,0.0,0.0,0.0,0.008446133409990939,0.012004349907636023,0.0,0.0,0.0,0.0,0.005568029895537263,0.0,0.0,0.0,0.0,0.0,0.0,0.0,0.0,0.007561223951211601,0.0,0.006383982048839429,0.0,0.0,0.0,0.0,0.0,0.0004647157039955163,0.0,0.01369859265261797,0.0,0.0,0.0,0.0,0.0,0.0,0.0009958319590620964,0.0,0.0,0.0,0.0,0.0,0.002960383283470828,0.0,0.0,0.0,0.0,0.0,0.0,0.0,0.0,0.0,0.0,0.0,0.0,0.0,0.0,0.0,0.0,0.006849296326308985,0.0,0.0,0.0,0.0,0.0,0.0,0.0,0.0,0.0,0.0,0.0,0.0,0.0,0.0,0.0,0.0,0.0,0.0,0.0,0.0,0.0,0.0,0.0,0.0,0.0,0.0,0.0,0.0,0.0,0.0,0.0,0.0,0.0,0.0,0.0,0.0,0.0,0.0,0.0,0.0,0.0,0.0,0.0,0.0,0.0
AGCCCATACATGTAAG-1,0.37867390289022995,0.16971036475175816,0.13520095006871655,0.02432145360422437,0.0,0.0,0.009335731573237672,0.0,0.00928208673435607,0.06578857273119665,0.0,0.0,0.0019627397810871136,0.015363173500885244,0.0,0.0,0.0,0.0,0.0,0.009379945829133218,0.01271675746366821,0.0,0.0,0.0,0.0,0.0,0.0,0.0010976715280908251,0.002158920772138364,0.0,0.007942760812974793,0.00015496115694804753,0.0,0.0004990630573388544,0.0,0.0,0.022691452389123994,0.0,0.0,0.0,0.0,0.0,0.0,0.0,0.0,0.0,0.0,0.0,0.0,0.0,0.002707211226727749,0.0,0.0,0.0,0.0,0.0,0.0,0.0,0.0,0.0,0.0,0.0,0.0,0.0,0.0,0.0,0.0,0.0,0.0,0.0,0.008334199411589653,0.0,0.0,0.0,0.0,0.0,0.0,0.0,0.0,0.0,0.0005694595589975184,0.0,0.0,0.0,0.0,0.0,0.0,0.0,0.0,0.0,0.0,0.0,0.0,0.0,0.0,0.0,0.0,0.0,0.0,0.0,0.0,0.0,0.0,0.0,0.0,0.0,0.0,0.0,0.0,0.0,0.0,0.0,0.0,0.0,0.0,0.0,0.0,0.0,0.0
AGCGACAGGAACGGTC-1,0.2531061620379158,0.09376030031448747,0.0075097954825264325,0.029111628873964894,0.0,0.004981353096795717,0.053977533770830505,0.001973941310060218,0.0,0.022894806903002073,0.0,0.035514449320520045,0.014012986388187373,0.01483333635998695,0.026955830593677264,0.04051882957402697,0.0,0.002329506355372611,0.0,0.006910074446702233,0.008154751307927652,0.0,0.0,0.0015638476537416205,0.003532613106216254,0.0,0.00551013796946016,0.0015958567774418623,0.0040182267883283555,0.0,0.0013892672236900192,0.006989045004212014,0.0006925244067014256,0.003693036433391717,0.0,0.002271447259311625,0.0,0.00786758132518221,0.0,0.0,0.0,0.0021314026579862936,0.001876004147884458,0.0,0.0,0.0008813839540733157,0.0,0.0,0.0,0.0016234460136337616,0.0043274301930687365,0.0034003584214400305,0.002133855392023455,0.0,0.0,0.0,0.00695649428948078,0.0,0.0,0.0018235239432438258,0.0,0.0,0.003261768928780243,0.0,0.0,0.0,0.007700033514395974,0.0,0.0,0.0,0.0,0.0,0.0,0.0,0.0,0.0,0.0,0.0,0.002090915230636568,0.0,0.00047616206280277695,0.0,0.00024793127342201074,0.0,0.0010839248051628951,0.00043004630173374303,0.0,0.0,0.0005658653257100323,0.0,0.0,0.0,0.0007935256167651102,0.0,0.0,0.0,0.0,0.0,0.0,0.0,0.0,0.0,0.0,0.0,0.0,0.0,0.0,0.0,0.0,0.0,0.0,0.0,0.0,0.0,0.0,0.0,0.0,0.001251646906178358,0.0
AGCGCATAATGAATCG-1,0.03522298722921625,0.054827528205882235,0.05068562546301349,0.0012047750667548908,0.0,0.0,0.0017681466681772283,0.0011943918733063395,0.0,0.00041418848781359444,0.0,0.016277141261871693,0.007981559882987158,0.02726004485796068,0.011508881932204486,0.0,0.05574209961044776,0.0028243347665219626,0.0,0.01986542736634005,0.006859861813326151,0.0,0.0,0.0019109754607214502,0.01761879958268593,0.005348322502781794,0.0003333919811793508,0.0,0.003944693869152137,0.009757467970294214,0.0019855933371242234,0.010488818012869206,0.0,0.0,0.0,0.005865087489598327,0.0,0.00045990111135773583,0.015380603595745857,0.007376198319500024,0.0,0.002355143373334587,0.0012002985987211907,0.00010304000877471216,0.0,0.0,0.0020313633869382536,0.0,0.0,0.0002579200743384575,0.007458780171484859,0.0,0.003555697647778934,0.0,0.0002549486425618714,0.0005876597413931603,0.0027734282267786563,0.0,0.0,0.0,0.0,0.0,0.0,0.0,0.0003011184057531982,0.0001687213201741818,0.0,0.0,0.0006854981247691782,0.0005456262630636938,0.0,0.0,0.00202699410727709,0.0,0.0008876055726166034,0.0005354207737232801,0.0,0.0,0.0,0.0,0.0003084694173673234,0.0,0.0,0.0,0.00015579162580642893,0.0,0.00010395512099676949,0.0,0.0,0.0004747112457408442,0.00019483196764585357,0.0,0.0,0.0,0.0,0.00015558721332582906,0.0,0.0,0.0,0.0,0.0,0.0,0.0,0.00037564799519635117,0.0,0.0,0.0,0.0,0.0,0.0,0.0001364863791813421,0.0,0.0005766081602329946,0.0,0.0,0.0,0.0,0.0,0.0004540280191623725
AGCTCTAGACGTTCCA-1,0.5749198542902845,0.09769592526888489,0.2175413082000749,0.049021770076766655,0.11161963404709471,0.0,0.02304554568878325,0.0,0.009460989755637465,0.017561536360977584,0.0,0.0,0.01365675439641971,0.017914555932842587,0.028704739017644372,0.0,0.0,0.00786484997256291,0.0,0.0,0.0,0.03081837522614011,0.010694733419854089,0.0,0.0,0.008167932643090391,0.013341978601762602,0.004241379165066211,0.005505480705229325,0.0,0.0,0.0,0.0,0.0,0.0,0.002503879228365228,0.0,0.0,0.0,0.0,0.0,0.00036403625889754553,0.0,0.0,0.0,0.0,0.0,0.0,0.004241379165066211,0.0,0.0,0.0,0.0,0.0,0.0,0.0,0.0,0.002503879228365228,0.0,0.0029526921157278464,0.0,0.0,0.0,0.0,0.0,0.0,0.0,0.0,0.0,0.0,0.0,0.0,0.0,0.0,0.0,0.0,0.0,0.0,0.0,0.0,0.0,0.0,0.0,0.002503879228365228,0.0,0.003568469956644793,0.0,0.0,0.0,0.0,0.0,0.0,0.006301922866382697,0.0,0.0,0.0,0.0,0.0,0.0,0.0,0.0,0.0,0.0020482939633277085,0.0,0.0,0.0,0.0,0.0,0.0,0.0,0.0,0.0,0.0,0.0,0.0,0.0,0.0,0.0,0.0
AGCTCTTTACTCAGTT-1,0.2152582957879266,0.30554936904462554,0.0,0.06324056614906776,0.09879196745313058,0.0,0.03856784587745785,0.0,0.0,0.0,0.0,0.0,0.0,0.0,0.0,0.0,0.038090041925764664,0.0,0.01589890867591983,0.0,0.0,0.0,0.0,0.0,0.0,0.0,0.0,0.0,0.0,0.0,0.0,0.0,0.008965604380350793,0.0,0.0,0.0,0.0,0.0,0.015715589438014186,0.0,0.0,0.0,0.0,0.0,0.0,0.0,0.0,0.0,0.0,0.0,0.0,0.0,0.0,0.0,0.0,0.0,0.0,0.0,0.008965604380350793,0.0,0.0,0.0,0.0,0.0,0.0,0.0,0.0,0.0,0.0,0.0,0.0,0.0,0.0,0.0,0.0,0.0,0.0,0.0,0.0,0.0,0.0,0.0,0.0,0.0,0.0,0.0,0.001619916805295111,0.0,0.0,0.0,0.0,0.0,0.0,0.0,0.0,0.0,0.0,0.0,0.0,0.0,0.0,0.0,0.0,0.0,0.0,0.0,0.0,0.0,0.0,0.0,0.0,0.0,0.0,0.0,0.0,0.0,0.0,0.0,0.0
AGCTTGATCTTAACTT-1,0.23525833208077884,0.25509161420554693,0.023726998288949003,0.02391937511505116,0.015001780462624442,0.0,0.004807900066607688,0.012754271367820091,0.012149982492030453,0.056602105526513805,0.0,0.01709511044603616,0.0031873350700526203,0.031007502254663356,0.0,0.0,0.0,0.009809647146866019,0.028737846284059503,0.004664955477167267,0.006111982385699374,0.0,0.012726022965068296,0.0,0.0,0.02116830963106761,0.0,0.005631511463581851,0.0004393545326589549,0.0028951886632868776,0.009046544384253308,0.00019651994553518572,0.0,0.0016902761106658403,0.0,0.005278562663696729,0.0,0.0,0.0,0.0,0.0,0.004141099173760435,0.0,0.0,0.0,0.0,0.010701763924545723,0.007350321584216786,0.0,0.0,0.0,0.0,0.0,0.0019803541854304663,0.0,0.0,0.0,0.0,0.0,0.0,0.0,0.0,0.0,0.0,0.0,0.002542096949530656,0.007937202201071853,0.0,0.0,0.0,0.00419582113847759,0.0,0.0,0.0,0.0,0.0,0.0,0.0,0.0,0.0,0.0,0.0,0.0,0.0,0.0,0.0,0.0,0.0,0.0,0.0,0.0,0.0,0.0,0.0,0.0,0.0,0.0,0.0,0.0,0.0,0.0,0.0,0.0,0.0,0.0,0.0,0.0,0.0,0.0031219224220337487,0.0,0.0,0.0,0.0,0.0,0.0,0.0,0.0,0.0,0.0
AGGACGACCCATTAGA-1,0.22019401777942454,0.0,0.1532054126326399,0.0,0.0,0.0,0.0,0.002472193783668377,0.0,0.0,0.0,0.009860938197874671,0.0,0.0,0.03332450565670244,0.0,0.0,0.0,0.0,0.0,0.0,0.0,0.0,0.0,0.0,0.0,0.0,0.0,0.0,0.0,0.0,0.0,0.008302787485734264,0.0,0.0,0.0,0.0,0.0,0.0,0.0,0.0,0.0,0.0,0.0,0.0,0.0,0.0,0.0,0.0,0.0,0.0,0.0,0.0,0.0,0.0,0.0,0.0,0.0,0.0,0.0,0.0,0.0,0.008302787485734264,0.0,0.0,0.0,0.0,0.0,0.0,0.0,0.0,0.0,0.0,0.0,0.0,0.0,0.008302787485734264,0.0,0.0,0.0,0.0,0.0,0.0,0.0,0.0,0.0,0.0,0.0,0.0,0.0,0.0,0.0,0.0,0.0,0.0,0.0,0.0,0.0,0.0,0.0,0.0,0.0,0.0,0.0,0.0,0.0,0.0,0.0,0.0,0.0,0.0,0.0,0.0,0.0,0.0,0.0,0.0,0.0,0.0
AGGCCCTAGAACGCCA-1,0.6130795457493505,0.11633938071411254,0.12557825179819482,0.037023238553622356,0.01238129737912807,0.0,0.09195222545145747,0.0,0.07153087224474118,0.06400916027816697,0.0,0.008593212773719036,0.0029625112677454397,0.028518102614569742,0.05333956257883839,0.0,0.026356582609105957,0.00040963570047423416,0.0,0.005111089485959475,0.01244119345910015,0.0,0.005167441222151565,0.0,0.0021800853689841215,0.0044801988915643565,0.00551715440389737,0.002125104507008721,0.0030071329204930126,0.0,0.01142937822648073,0.0014149660613272975,0.0,0.001837788380106149,0.0013229192751164878,0.0047660744548874414,0.015178036509792535,0.018887444485923204,0.0032789568288420024,0.0,0.0,0.0048210608516872306,0.0005589996140044093,0.0,0.0,0.0,0.0,0.0,0.0,0.009063231616321521,0.0,0.0,0.0,0.0,0.0,0.0,0.0,0.0,0.0,0.0,0.0,0.0,0.0,0.0,0.0,0.004811773228942858,0.0,0.0,0.0,0.0,0.0,0.0,0.0,0.0,0.0,0.0005667073447643415,0.0,0.0021891584952011055,0.0,0.0,0.0007137400769083553,0.0,0.0,0.0,0.0,0.0,0.0,0.0,0.0,0.0,0.001976520352072036,0.0,0.0,0.0,0.0,0.0,0.0,0.0,0.0,0.0,0.0,0.0,0.0,0.0,0.0,0.0,0.0,0.0,0.0,0.0,0.0,0.0,0.0,0.0,0.0,0.0,0.0,0.0,0.0
AGGCTATGGTTAGCTT-1,0.7574780832363446,1.0048700423828205,0.17866596007646773,0.03334353132491978,0.05109433581572591,0.0,0.006400228552760101,0.03985317938032314,0.012487620825200975,0.0022593453632499994,0.0,0.016581157661696877,0.021646312367495497,0.022198075175221772,0.0,0.0,0.0,0.01974548919280165,0.00447005112151037,0.001032087714645756,0.009623221231641013,0.012469139070745552,0.0,0.0,0.0017139858634941055,0.0,0.0,0.005543656712608492,0.012704977426654055,0.0,0.008825792647154636,0.0,0.004024084075843346,0.004517622954245455,0.00333041270081251,0.0,0.00415235144798057,0.0,0.0,0.006980524756816552,0.013445070169567992,0.0,0.0,0.0,0.0,0.001888143335665916,0.0029740266617568818,0.0,0.001888143335665916,0.0,0.0,0.0,0.0006351280256699862,0.0,0.0,0.0,0.0,0.0,0.0,0.011422653973095578,0.0,0.0,0.0,0.0,0.004559332264836307,0.0021839254599489676,0.0,0.0,0.0,0.00225971677993382,0.0,0.0,0.0,0.0,0.0,0.0,0.0,0.0,0.0,0.0,0.0,0.0,0.0,0.0,0.0,0.0,0.0,0.0,0.0016773681589308737,0.0,0.0,0.0021269482664320223,0.0,0.0019553326711117297,0.0,0.0,0.0,0.0,0.0012702560513399724,0.0,0.0,0.0,0.0,0.0,0.0,0.0,0.0013328833289860975,0.0,0.0,0.0,0.0,0.0,0.0,0.0,0.0,0.0,0.0,0.0,0.0
AGGCTTCCCGAAGAAG-1,0.8170583586366995,0.3323585414098067,0.1307665848862353,0.02348043779077064,0.02675822885289736,0.0,0.08850525677464721,0.0,0.013995105916427424,0.1550015289463356,0.05193168686487097,0.026487849000718235,0.01812431743938436,0.0,0.018623308799235183,0.0,0.0,0.008168939054828992,0.004941806255647377,0.007765090762049157,0.011867411686535979,0.0,0.001570505113606927,0.0,0.005241722277642738,0.0034048864855066325,0.005969221298381626,0.011344797270242641,0.007898043623921668,0.0,0.006716847084049744,0.0007208992044459354,0.0,0.004664898270078606,0.0,0.006450446367166702,0.02618666403855168,0.010213206168847962,0.0020664514727248987,0.0,0.0,0.009701062093918796,0.0011095510457254534,0.0,0.0,0.0,0.0,0.0011316830615763533,0.0,0.0009002990962267008,0.0031613461754626997,0.0,0.0,0.0009002990962267008,0.0,0.0,0.0,0.0,0.0,0.00625305174035776,0.0,0.0,0.0,0.0,0.0,0.0,0.0,0.0,0.0,0.0,0.0,0.0,0.00043925090122863883,0.0,0.0,0.00019012144980762183,0.0,0.0,0.0,0.0,0.0,0.0009002990962267008,0.0009002990962267008,0.0,0.0015391060896809525,0.003201960780181559,0.0,0.0014208188137310497,0.0,0.0,0.0011316830615763533,0.0,0.0,0.0,0.011757230945357735,0.0,0.0,0.0,0.002484570724832574,0.0,0.0027895215066304213,0.0,0.0,0.0,0.0,0.001785953823234074,0.0,0.0,0.0,0.0,0.0,0.0,0.0,0.0,0.0,0.0,0.0,0.0,0.0
AGGGACTCTACGCGAC-1,0.7333563791412484,0.160729593669584,0.2587375847079589,0.007820305667441595,0.008312616639793376,0.0,0.016466810936494332,0.006466886299520713,0.0,0.002452642578150376,0.0,0.02641168304636477,0.015260792155562352,0.025828389556388973,0.012970983703623313,0.0010920013514732641,0.048632692513181204,0.00442962944332102,0.0,0.014319280230625708,0.0,0.0,0.0,0.00030160361122890826,0.02034654434976448,0.004619551571377755,0.00039529582841950817,0.0010677353039388155,0.00840279186558091,0.0,0.00243883554752992,0.00816900165695699,0.0012911815902940165,0.004336411635947312,0.0021831384576990985,0.0022335516378421206,0.0004366691912208477,0.0016383194696306404,0.0,0.015673917609398208,0.0,0.007302619290576831,0.001686736073482492,0.0004366691912208476,0.0,0.0,0.0,0.0,0.0,0.0020108982477350748,0.005976356901816508,0.002702100408457784,0.0003563595759190536,0.0,0.0013648680498957889,0.0,0.0,0.0,0.0,0.0,0.0,0.0,0.0,0.0,0.0,0.00046239830374620504,0.0,0.0,0.0,0.0,0.0,0.0,0.000944187898437856,0.0,0.0009090282045447793,0.000804866372243217,0.0,0.0,0.0011027352231531213,0.0,0.0,0.0,0.0,0.0,0.00013764615377232943,0.0,0.0,0.0008986265777805099,0.0,0.0004047052002232682,0.0004366691912208476,0.0,0.0,0.000261738178809258,0.0,0.0,0.0,0.0,0.0,0.0,0.0,0.0,0.0,0.0006231619384997792,0.0,0.00014666950445766354,0.0,0.0,0.0,0.0,0.0,0.0,0.0,0.0,0.0,0.0,0.0,0.0,0.0
AGGGCGAGCAGCTGAT-1,0.03477819594080086,0.0346192508941569,0.01517945255770969,0.009059258180055846,0.0017778389570447188,0.0,0.0567203247371979,0.08581785816500531,0.017957214452593115,0.032638277249673574,0.01860109076946083,0.016269994599754225,0.03205874734268385,0.006135295286606407,0.023094214997435688,0.0,0.01876172947587048,0.00533157598142084,0.0,0.0009273325357062206,0.0,0.0,0.0,0.001367479540029522,0.0011209154510263654,0.0,0.0035640638040177358,0.0019326033827712678,0.0021076071523367084,0.0,0.007700422999841937,0.002576094736740345,0.00039580525508978664,0.0008529569441276166,0.0,0.004588000278414647,0.0,0.00209232805152802,0.0,0.0,0.0,0.0053774840620021015,0.0014859948174604084,0.0,0.0,0.0,0.0,0.0,0.0,0.005398838022784959,0.0034764148420693736,0.0,0.0004382615872396899,0.0,0.0,0.0,0.0,0.0,0.0,0.0,0.0,0.0,0.0,0.0,0.00030084349885829557,0.0,0.0,0.004005657137708113,0.0,0.0008743735712332368,0.0,0.0,0.0,0.0,0.0,0.0008439454700485355,0.0,0.0012896729035863112,0.0,0.0,0.0008529394112184596,0.0,0.0001748358678455545,0.0,0.0,0.0,0.0009925092220893718,0.0,0.0,0.0,0.0,0.0004163217758496336,0.0,0.0,0.0,0.00033270116924224156,0.0,0.0,0.0,0.0,0.0,0.0,0.0,0.0,0.0,0.0,0.0,0.0,0.0,0.0,0.0,0.0,0.0,0.0,0.0,0.0,0.0,0.0,0.0
AGGGTTTAGTTCGGGA-1,0.332840125377957,0.11115211589126679,0.0,0.0,0.0,0.0,0.06661453497922872,0.0025836585631422142,0.016602838911012285,0.0,0.0,0.0,0.015019200075844376,0.0,0.0724053600780948,0.0,0.0,0.008238824219793835,0.0,0.0,0.00968029695757797,0.0,0.0,0.0,0.0006966207036522816,0.0,0.008652363488753114,0.0,0.010877186738560578,0.0,0.0,0.0,0.0,0.0,0.0,0.0,0.0,0.0025162394953082766,0.0,0.0,0.0,0.004320097895666606,0.0017466772710916238,0.0,0.0,0.0,0.0,0.0,0.0,0.008080726122788016,0.0,0.0,0.0,0.0,0.0,0.0,0.0,0.0,0.0,0.0,0.0,0.0,0.0,0.0,0.0,0.0,0.0,0.0,0.0,0.0,0.0,0.0,0.0,0.0,0.0,0.0,0.0,0.0,0.0,0.0,0.0,0.0,0.0,0.0,0.0,0.0,0.0,0.0,0.0,0.0,0.0,0.0,0.0,0.0,0.0,0.0,0.0,0.0,0.0,0.0,0.0,0.0,0.0,0.0,0.0,0.0,0.0,0.0,0.0,0.0,0.0,0.0,0.0,0.0,0.0,0.0,0.0,0.0,0.0
AGGTAGGTACAAAGCT-1,0.4667916154317962,0.0,0.24273418781924083,0.09879711536289192,0.0,0.0,0.0,0.0,0.04616445795431918,0.03663240865724866,0.0,0.017247953332929847,0.004896678931237417,0.0,0.0,0.0,0.0,0.03787218350228877,0.004253866115736391,0.0,0.025218350689163654,0.0,0.0,0.0,0.005611570619692993,0.0,0.0,0.005335823310675165,0.0,0.0,0.01246750215562717,0.0,0.0,0.0,0.0,0.0,0.0,0.0,0.0,0.0,0.0,0.0,0.0,0.0,0.0,0.0,0.0,0.0,0.0,0.0,0.0,0.0,0.0,0.0,0.0,0.0,0.0,0.0,0.0,0.0,0.0,0.0,0.0,0.0,0.0,0.0,0.0,0.0,0.0,0.0,0.0,0.0,0.0,0.0,0.0,0.0,0.0,0.0,0.0,0.0,0.0,0.0,0.0,0.0,0.0,0.0,0.0,0.0,0.0,0.0,0.0,0.0,0.0,0.0,0.0,0.0,0.0,0.0,0.0,0.0,0.0,0.0,0.0,0.0,0.0,0.0,0.0,0.0,0.0,0.0,0.0,0.0,0.0,0.0,0.0,0.0,0.0,0.0,0.0
AGGTCAGGTGAGAGTG-1,0.059562967207535907,0.055562816819025834,0.0,0.0032747414539493597,0.0,0.0,0.014228642531024148,0.025939387916949105,0.008165943070222028,0.001983442944959463,0.0,0.008046023856216333,0.008933701937546404,0.0059368855393636,0.011852949420398705,0.0,0.026186200230296615,0.0006910216255584751,0.0,0.010018761410857464,0.005988004294478088,0.0,0.0,1.6046701226040787e-05,0.004227729323452869,0.0023417882613748723,0.0,0.0,0.0023183956462187938,0.0,0.00854042217782909,0.012802962877396531,0.000481447091265475,0.00017603879660156712,0.0,0.006198627117730113,0.0,0.0,0.0,0.0,0.0,0.0020215690501717972,0.0007822559981569784,0.0,0.0,0.0,0.0012096771125966552,0.0,0.0,8.321041584346616e-05,0.0006060711721161689,0.0,0.0026555538653780684,0.0,0.0,3.091734010502586e-05,0.0018011296492135744,0.0,0.0,0.0,0.0,0.0,0.0,0.0,0.0,0.0,0.0,0.0,0.0,0.0005050411853540199,0.0,0.0,0.0042726175106954836,0.0,0.0,0.0,0.0,0.0,0.0,0.0,0.0022867818454950935,0.0,3.091734010502584e-05,0.0,0.00034211315471679917,0.0,0.00013572294131837068,0.0,0.0,0.00015398623965000505,0.0,0.0,0.0,0.0,0.0,0.0,0.0,0.0,0.0,0.0,0.0,0.0007949353340022668,0.0,0.0,0.0,0.0,0.0,0.0,0.0,0.0,0.0,0.0,0.0,0.0,0.0,0.0,0.0,0.0,0.00020990003594168074
AGGTCGCGGAGTTACT-1,0.33789440111490693,0.03495406772320283,0.16458248752651086,0.025948234893571353,0.0,0.0,0.0,0.008122297859939325,0.0,0.008219194611683446,0.0,0.0,0.0,0.0,0.0,0.0,0.0,0.0,0.010091210880919032,0.0,0.0,0.0,0.0,0.0,0.0,0.0,0.0,0.0,0.0,0.0,0.0,0.0,0.0,0.0,0.0,0.0,0.0,0.0,0.0,0.0,0.0,0.0,0.0,0.0,0.0,0.0,0.0,0.0,0.0,0.0,0.0,0.00888983346283443,0.0,0.0,0.0,0.0,0.0,0.0,0.0,0.0,0.0,0.0,0.0,0.0,0.0,0.0,0.0,0.0,0.0,0.015428843004844685,0.0,0.0,0.0,0.0,0.0,0.0,0.0,0.0,0.0,0.0,0.0,0.0,0.0,0.0,0.0,0.0,0.0,0.0,0.0,0.0,0.0,0.0,0.0,0.0,0.0,0.0,0.0,0.0,0.0,0.0,0.0,0.0,0.0,0.0,0.006837107209862961,0.0,0.0,0.0,0.0,0.0,0.0,0.0,0.0,0.0,0.0,0.0,0.0,0.0,0.0
AGGTGTATCGCCATGA-1,0.509750639879519,0.29816476481205073,0.04591623540567495,0.028945490647897292,0.0,0.0,0.10308071401447544,0.0,0.018236388782080434,0.1205223462563997,0.0,0.008318065756635884,0.0,0.02727525851624167,0.0,0.11552771601807231,0.0,0.0,0.02245961567686679,0.030294187338250022,0.011351620728503618,0.023376412357140306,0.015307494588083682,0.0,0.0,0.0,0.0,0.0,0.015566668452714255,0.0,0.001057131125067118,0.0005381830354259465,0.0,0.0,0.017200849982310862,0.01611972239841856,0.0,0.008314771187441665,0.0,0.0,0.0,0.003627381089781773,0.0,0.0,0.0,0.0,0.0,0.0,0.0,0.0,0.0,0.0,0.0,0.0,0.00854677772291885,0.0,0.0,0.0,0.0,0.0,0.0,0.01006537387812838,0.0,0.0,0.0,0.0007265050479870052,0.0,0.0,0.0,0.0,0.0,0.0,0.0,0.0,0.0,0.0,0.0,0.0,0.0,0.0,0.0,0.0,0.0,0.0,0.0,0.0,0.0,0.0,0.0,0.0,0.0,0.0,0.0,0.0,0.0,0.0,0.0,0.0,0.0,0.0,0.0,0.0,0.0,0.0,0.0,0.0,0.0,0.0,0.001429864265968957,0.0,0.0,0.0,0.0,0.0,0.0,0.0,0.0,0.0,0.0
AGGTTGAGGCACGCTT-1,0.900287647535811,0.6720880034663892,0.0,0.07897612720398295,0.04662769088864751,0.0,0.014633113466057971,0.022581019871436563,0.022170456719730853,0.0043395145888215966,0.0,0.008496989384871072,0.03159055514528676,0.0,0.0,0.0,0.0,0.04332893063113628,0.04089931900795421,0.0012976389794676529,0.0037836540156639914,0.016484731271056253,0.0,0.0,0.0,0.004182371893478109,0.0,0.0022690196176827536,0.0,0.0,0.0018233678130910801,0.0,0.011897272499466389,0.005373274607936869,0.0,0.0,0.004898693970515351,0.019891755358212287,0.0,0.002252534929976487,0.0,0.0023175792450089066,0.0,0.0,0.0,0.0,0.0,0.005027445223534835,0.0,0.0,0.001136334492860145,0.0,0.0,0.0,0.0,0.0,0.0,0.0,0.0,0.0110921157274863,0.0,0.0,0.003499289264475519,0.0,0.0,0.0,0.0,0.0,0.0,0.005780884208385999,0.0,0.0,0.0,0.0,0.0,0.009503813358489332,0.003499289264475519,0.0,0.0,0.0,0.0,0.0,0.0,0.0,0.0,0.0,0.0,0.0,0.0,0.0,0.0,0.0024493469852576756,0.0,0.0,0.0,0.0,0.0,0.0,0.0,0.0,0.0,0.0,0.0,0.0,0.0,0.0,0.0,0.0,0.0,0.0,0.0,0.0,0.0,0.0,0.0,0.0,0.0,0.0,0.0
AGGTTTCACACACCTT-1,0.9726542804151638,0.49398610374349666,0.6038740269381857,0.3752303835372382,0.0,0.0,0.00877872989733699,0.11230962521435664,0.0074628889738898065,0.0,0.0,0.0,0.022155714229166495,0.0,0.0,0.0,0.0,0.018435936991143466,0.0,0.007165831816009579,0.015622806731365116,0.0,0.010513098284428517,0.0,0.0,0.02460368118391446,0.0,0.0,0.0,0.0,0.0,0.0,0.0,0.0,0.0026075206596431993,0.0,0.0017618832356453438,0.0,0.005063939207632588,0.008998071393525995,0.0,0.0,0.0010934571307402987,0.0,0.0,0.0,0.0,0.0,0.0,0.008738807790577086,0.0,0.0,0.007800665987571419,0.0,0.0,0.0,0.0,0.0,0.0038269299516258157,0.0,0.0,0.0,0.004392935062339093,0.0,0.0,0.0,0.0,0.0,0.004296086479031559,0.0,0.0,0.0,0.0,0.0,0.0,0.0,0.0,0.0,0.0,0.0,0.0,0.0,0.0,0.0,0.0,0.0,0.0011838879015851763,0.0,0.0,0.0,0.0,0.0,0.0,0.0,0.0,0.0,0.003998397639935542,0.0,0.0,0.0,0.0,0.0,0.0,0.0038269299516258157,0.0,0.0,0.0,0.0,0.0,0.0,0.0,0.0,0.0,0.0,0.0,0.0,0.0,0.0,0.0
AGTACGGCCCGTATCG-1,0.8561785898715432,0.34933951621085885,0.22763753530589176,0.006068983287022726,0.006868508856025613,0.0,0.03327580024473002,0.040622948426787514,0.0056218847835687894,0.06247718917570065,0.0,0.0,0.004008177622140565,0.011244629731290744,0.04366326550460056,0.0,0.0,0.0033163610984992425,0.0,0.0026435008640364687,0.0,0.0,0.001605316166900266,0.0,0.0,0.0,0.0,0.005545665352250825,0.011768518559357932,0.0,0.0066973535839273315,0.0015586415496804918,0.006994582813918254,0.008846777420849161,0.0,0.011607176923096207,0.0,0.01797289702153105,0.002417197236355425,0.0,0.0,0.012788203561535096,0.0022606413982138923,0.0,0.0,0.0,0.0,0.0,0.0,0.001508317115201984,0.0022790492434444556,0.012517056988091552,0.0,0.0023516909899086126,0.002883943059330955,0.004362621926786397,0.0,0.0,0.0,0.0,0.0,0.0,0.002417197236355425,0.0,0.0024326932549896684,0.0016710254830425734,0.0,0.0,0.0,0.0,0.0,0.0,0.0,0.0,0.0,0.0,0.0,0.0,0.0037461602670173463,0.0,0.0,0.0,0.0009613143531103183,0.0,0.0,0.0,0.0,0.0,0.0,0.0,0.0,0.0,0.0,0.0,0.0,0.0,0.0,0.0,0.0,0.0,0.001508317115201984,0.0,0.0,0.0,0.0,0.0021813109633931987,0.0,0.0,0.0,0.0,0.0,0.0,0.0,0.0,0.0,0.0,0.0,0.0,0.0
AGTATTTGGCACGACC-1,0.04007636370213744,0.01765429174381473,0.025470365291509315,0.0,0.0,0.004357177843889567,0.0,0.08095743920014875,0.0,0.0007236708144990867,0.0,0.0,0.010001325732805431,0.012594605151347756,0.013164962912927741,0.0,0.14378045721221364,0.0014043005080469494,0.0,0.0652510319886401,0.005904216786181371,0.005165848129999115,0.0,0.0,0.02754686136059841,0.0017945620921643183,0.0,0.0,0.0016148003833331055,0.0,0.0012969315945492435,0.006267417446341698,0.00041795184968202115,0.0,0.0,0.0010546698601570901,0.0,0.0010666139828082659,0.0,0.006798766562100086,0.0,0.0,0.0009391947481852303,0.0,0.0,0.0,0.0,0.0,0.0,0.0,0.0008154080444026998,0.0,0.0028340817351939023,0.004748681374166744,0.0,0.0,0.001077152776212253,0.0,0.0,0.0,0.0031924992772287947,0.0,0.0,0.009455886019316824,0.0,0.0,0.0,0.0,0.0,0.00029929118553455943,0.0,0.0,0.003980680877743591,0.0,0.0,0.0007890089943572949,0.0,0.0,0.0,0.0018889116794697258,0.0003320287602505867,0.0,0.00020600554552988626,0.0,0.0,0.00018094774939202306,9.570411178529424e-05,0.0,0.0,0.0004428035020565518,0.0,0.0001334574814164132,9.840662604351642e-05,0.0,0.0,0.0,0.0,0.0,0.0,0.0,0.0,0.0,0.0,0.00023201828766061897,0.0,0.0,0.0,0.0,0.0005957211016434926,0.0,0.0,0.0,0.0,0.0,0.0,0.0,0.0003748110406736419,0.0,0.0002730926101458823
AGTCAACACCACCATC-1,0.38732746208303553,0.0,0.17198813237637126,0.1873056778029722,0.0,0.0,0.0,0.0,0.0,0.0,0.0,0.008124095083538108,0.0,0.0,0.0,0.0,0.0,0.0,0.0,0.008124095083538108,0.010542100750301401,0.0,0.0,0.0,0.0,0.007018307540546772,0.011423071057058674,0.0,0.0,0.0,0.0,0.0015046160099543467,0.0,0.0,0.0033626906890737228,0.0,0.0,0.0,0.0,0.0,0.0,0.0,0.0034719583052184276,0.0,0.0,0.0,0.0,0.0,0.0,0.0,0.0,0.0,0.007404587617128976,0.0,0.0,0.0,0.0,0.007404587617128976,0.007404587617128976,0.0,0.0,0.0,0.0,0.0,0.0,0.0,0.0,0.0,0.0,0.0,0.0,0.0,0.0,0.0,0.0,0.0,0.0,0.0,0.0,0.0,0.0,0.0,0.0,0.0,0.0,0.0,0.0,0.0,0.0,0.0,0.0,0.0,0.0,0.0,0.0,0.0,0.0,0.0,0.0,0.0,0.0,0.0,0.0,0.0,0.0,0.0,0.0,0.0,0.0,0.0,0.0,0.0,0.0,0.0,0.0,0.0,0.0,0.0,0.0
AGTCGGCTCAACTTTA-1,0.06919392416043346,0.031092720320133552,0.0998087457326085,0.0017664867052300467,0.0,0.0,0.0132217686962196,0.04598877328022545,0.023118762860727903,0.007208883290114418,0.0,0.01783135058921939,0.009294222399731171,0.014348395056503111,0.0,0.00399512375029823,0.021926934917203458,0.0032060769280214856,0.0,0.0052489176227545255,0.0028682335927125964,0.0,0.0020085660233325514,0.0,0.0028108550931734127,0.0,0.0006070971281374826,0.0,0.0013551980269530819,0.0007442542139864702,0.0045033154371062626,0.022485099038829164,0.0007442542139864702,0.0,0.0,0.005471767521685168,0.0,0.0,0.0,0.0,0.0,0.0009152996597559431,0.0006816286794833028,0.0,0.0,0.0,0.0,0.0007658966640226206,0.0,0.0005360264861640419,0.0009527347681319903,0.0,0.0,0.0,0.0,0.0015557846847204914,0.0,0.0,0.0,0.0,0.0,0.0,0.0,0.0,0.0,0.0,0.0,0.0,0.0,0.0,0.0,0.0,0.0,0.0,0.0,0.0,0.0,0.0,0.0,0.0002298701778585787,0.0015067805505378459,0.0,0.0,0.0,0.0015219344667642622,0.0,0.0,0.0,0.0016688110349571648,0.0,0.0,0.0,0.0,0.0,0.0,0.0,0.0,0.0008227315619881555,0.0,0.0,0.0,0.0,0.0,0.0,0.0,0.0,0.0,0.0,0.0,0.0,0.0,0.0,0.0,0.0,0.0,0.0,0.0,0.0,0.0
AGTCGTGGGCATTACG-1,0.008661785490615624,0.0306080028521336,0.014680262643150943,0.0005883122426376873,0.0009851012680047507,0.010570644321737314,0.005225011139321144,0.0031907586903085826,0.0,0.00028414633906825805,0.0,0.0,0.007417307471422798,0.02179577068370131,0.055990336689335445,0.0,0.02391548632175314,0.0,0.0,0.01920561163711884,0.007034627585926758,0.0,0.0,0.0,0.010156815544444467,0.0038107595203990246,0.0,0.0,0.00230780236216362,0.0,0.001124872176607044,0.011284863780537268,0.0006670754555239046,0.0019905206986452887,0.0,0.0033846719118005514,0.0,0.0009887991521758527,0.015899043377647876,0.011400533536435177,0.0,0.0,0.0013765003676525515,0.0,0.0,0.0,0.0,0.00011670518813794636,0.0,0.00023341037627589272,0.001071248796815716,0.0,0.0026532181332076694,0.004869290504120999,0.0,0.0,0.0025469166436284207,0.0,0.0,0.0,0.0,0.0,0.0,0.0,0.0,0.0,0.0,0.0,0.0,0.00046435308353395507,0.0,0.0,0.004007492545699587,0.0,0.0,0.0,0.0,0.0,0.0,0.0007116552233343968,0.00025272968389285666,0.0,0.00023341037627589272,0.0,0.0,0.0,0.00020396691896302225,0.0,0.0011395214271310544,0.0,0.0,0.0,0.0,0.0,0.0,0.0,0.0,0.0,0.0,0.0,0.0,0.0,0.000848705760345183,0.0,0.0,0.0,0.0,0.0,0.0,0.0,0.0,0.0,0.00028892168142791364,0.0,0.0,0.0,0.0,0.0,0.0
AGTCTCACAAGACTAC-1,0.004915697069995519,0.023847864250463976,0.0,0.0,0.0,0.0,0.0,0.019991165960928786,0.0,0.0,0.0,0.0,0.0008340148805977924,0.01991049988934656,0.006503925926072096,0.0,0.0452026786274633,0.0,0.0,0.031164039838355344,0.007294489274323296,0.0,0.0,0.002488093485911165,0.009132735677153513,0.0,0.0,0.0,0.0003904191456691568,0.0,0.00019898119347172636,0.0,0.0,0.0,0.0,0.0,0.0,0.0,0.0,0.0,0.0,0.0,0.0002801262857242866,0.0,0.0,0.0,0.001028127664745901,0.0,0.0,0.0,0.00400379504549535,0.0,0.0017381263020315317,0.0,0.0,0.0,0.0,0.0,0.0,0.0,0.0,0.0,0.0,0.0,0.0,0.0,0.0,0.0,0.0,0.0,0.0,0.0,0.0010797764289715815,0.0,0.0,0.0,0.0,0.0,0.0,0.0011230630309746433,0.0,0.0,0.0,0.0,0.0,0.0,0.00013684883939385538,0.0,0.0,0.0,0.0,0.0,0.0,0.0,0.0,0.0,0.0,0.0,0.0,0.0,0.0,0.0,0.0,0.0,0.0,0.0,0.0,0.0,0.0,0.0,0.0,0.0,0.0,0.0,0.0,0.0,0.0,0.0,0.0
AGTCTTCTCCTCAAAT-1,0.36648979760630573,0.30308653553695186,0.03113228862764178,0.017828967126061822,0.055101296278444484,0.10936571232103412,0.0,0.0418112346828294,0.02873558585949202,0.023139658714742536,0.0,0.009233754051566312,0.0046183854069068156,0.006065418570561728,0.0,0.0,0.0,0.016218381709817,0.011750726289250788,0.0014549369510575415,0.0,0.005525609186741153,0.005176709052542028,0.0,0.001838590147999585,0.0,0.015094189020420371,0.0041963486323533744,0.010321035451088374,0.0,0.0074510833590547675,0.0,0.004047088832294486,0.0025643900643783106,0.0,0.005850301391603349,0.0038378845382650555,0.008346717345408174,0.0,0.0,0.0,0.0,0.0,0.006328296288484554,0.0,0.0013876597097135332,0.005458999540855471,0.002116133873211786,0.0,0.002486049013365417,0.0,0.0,0.0013450917712119494,0.0,0.004232267746423572,0.0,0.0,0.0,0.0,0.0028656883697609735,0.0,0.015022831347148335,0.0,0.0,0.0,0.0009177390831406878,0.0027492239222787025,0.0021168647662290862,0.0,0.0,0.0,0.0,0.0,0.0,0.0,0.001419603288571486,0.0,0.0,0.0,0.0,0.0,0.0,0.0006725458856059747,0.0,0.0,0.0,0.0001331185452949108,0.005995387233201495,0.0,0.0,0.0,0.0,0.0,0.0013450917712119494,0.0,0.0,0.0,0.0,0.0,0.0,0.0,0.0,0.0,0.0,0.0,0.0,0.0,0.0,0.0,0.0010878695912164994,0.0,0.0,0.0,0.0,0.0,0.0,0.0,0.0,0.0
AGTGACCTACTTTACG-1,0.5858467796707951,0.5230947889777255,0.14480514461649308,0.12476204607691052,0.1548941571382497,0.0,0.07610396432205013,0.0,0.017958707834129537,0.0,0.0,0.0,0.005802943044024799,0.013439704517994977,0.0,0.0,0.0,0.01519627357176057,0.01961188582722681,0.0019781038827064766,0.022255731129488976,0.0,0.020271527083136502,0.0,0.0,0.0,0.0,0.0,0.004862174425220096,0.0,0.0,0.0,0.0,0.0,0.006260655760877431,0.008959885690487477,0.004476758976573432,0.0,0.0,0.0,0.0,0.0,0.0,0.0,0.0,0.0,0.0,0.004326834201109351,0.002238379488286716,0.0,0.0,0.0,0.0,0.002238379488286716,0.0,0.0,0.0,0.0,0.0,0.0,0.0,0.0,0.0,0.0,0.0,0.0,0.0,0.0,0.0,0.0,0.0,0.0,0.0,0.0,0.0,0.0,0.0,0.0,0.0,0.0,0.0,0.0,0.0,0.0,0.0,0.0,0.0,0.0,0.0,0.0,0.0,0.0,0.0,0.0,0.0,0.0,0.0,0.0,0.0,0.0,0.0,0.0,0.0,0.0,0.0,0.0,0.0,0.0,0.0,0.0,0.0,0.0,0.0,0.0,0.0,0.0,0.0,0.0,0.0
AGTGAGACTTCCAGTA-1,0.11085697504277736,0.0613120664075912,0.048733476085266715,0.035343172356321374,0.0,0.0,0.0,0.0,0.0,0.0,0.0,0.0,0.0,0.0,0.0,0.0,0.0,0.0,0.0,0.0,0.017516082489852373,0.010861371650155117,0.0,0.0,0.0,0.0,0.0,0.0,0.0,0.0,0.0,0.0,0.0,0.0,0.0,0.0,0.0,0.0,0.0,0.0,0.0,0.0,0.0,0.0,0.0,0.0,0.0,0.0,0.0,0.0,0.0,0.0,0.0,0.0,0.0,0.0,0.0,0.0,0.0,0.0,0.0,0.0,0.0,0.0,0.0,0.0,0.0054882041513427135,0.0,0.0,0.0,0.0,0.0,0.0,0.0,0.0,0.0,0.0,0.0,0.0,0.0,0.0,0.0,0.0,0.0,0.0,0.0,0.0,0.0,0.0,0.0,0.0,0.0,0.0,0.0,0.0,0.0,0.0,0.0,0.0,0.0,0.0,0.0,0.0,0.0,0.0,0.0,0.0,0.0,0.0,0.0,0.0,0.0,0.0,0.0,0.0,0.0,0.0,0.0,0.0
AGTGATATGAGTAGTT-1,0.5333725526082236,0.9629358579579279,0.0,0.0,0.0,0.0,0.0,0.0,0.05541172384040391,0.0,0.0,0.0216211743134416,0.0,0.0,0.0,0.0,0.0,0.011728432171462386,0.0,0.0,0.0,0.0,0.0,0.0,0.0,0.0,0.0,0.0,0.0,0.0,0.0,0.0,0.0,0.0,0.004156551218577495,0.0,0.0,0.0,0.0,0.0,0.0,0.0,0.0,0.0,0.0,0.0,0.0,0.0,0.013554420028155689,0.0,0.0,0.0,0.0,0.0,0.0,0.0,0.0,0.0,0.0,0.0,0.0,0.0,0.0,0.0,0.0,0.0,0.0,0.0,0.0,0.0,0.0069323067140761065,0.0,0.0,0.0069323067140761065,0.0,0.0,0.0,0.0,0.0,0.0,0.0,0.0,0.0,0.0,0.0,0.0,0.0,0.0,0.0,0.0,0.0,0.0,0.0,0.0,0.0,0.0,0.0,0.0,0.0,0.0,0.0,0.0,0.0,0.0,0.0,0.0,0.0,0.0,0.0,0.0,0.0,0.0,0.0,0.0,0.0,0.0,0.0,0.0,0.0
AGTGCGTAGCTCGTAA-1,0.7027780062820446,0.14658675262742016,0.17511344940993764,0.0,0.12980699561909623,0.0,0.0,0.016241907318502932,0.0024775576711452006,0.05746080877348053,0.0,0.05392585726591578,0.0,0.01652816873576905,0.07385300589320073,0.0,0.0,0.0,0.011916255029048589,0.003796455313863924,0.004409531582642452,0.0,0.0,0.0,0.0,0.0,0.0,0.004765983163029383,0.0,0.0,0.008444307708316015,0.0,0.027772663618973174,0.0017052074520303559,0.0,0.0,0.0,0.0,0.0,0.0,0.0,0.000661431019104934,0.0,0.0,0.0,0.0,0.0,0.0,0.0,0.0,0.0,0.012285772269825603,0.0,0.0,0.010216836010933953,0.0,0.0,0.005108418005466977,0.0,0.0,0.0,0.0,0.0,0.0,0.0,0.006918788321763535,0.0,0.0,0.0,0.0,0.005108418005466977,0.0,0.0,0.0,0.0,0.0,0.005108418005466977,0.0,0.0,0.0,0.0,0.0,0.0,0.0,0.0,0.0,0.0006710953632716466,0.0,0.0,0.0,0.0,0.0,0.0,0.0,0.0,0.0,0.0,0.0,0.0,0.0,0.0,0.0,0.0,0.0,0.0,0.0,0.0,0.0,0.0,0.0,0.0,0.0,0.0,0.0,0.0,0.0,0.0,0.0,0.0
AGTGGCGGCAATTTGA-1,0.43235082145859943,0.08849568129161905,0.059721767611944115,0.06597415532121143,0.0,0.0,0.0,0.0,0.02880660456527654,0.00760087038341206,0.0,0.0,0.0,0.0,0.0,0.0,0.0,0.01419895937047842,0.0,0.0,0.014985436527056546,0.025944211715834734,0.0,0.0,0.0,0.024447669752246975,0.0,0.0,0.0,0.0,0.0,0.0,0.0,0.0,0.0,0.0,0.0,0.0,0.0,0.0,0.003483702766634193,0.0,0.0,0.0,0.0,0.0,0.0,0.0,0.0,0.0,0.0,0.0,0.0,0.0,0.0,0.0,0.0,0.0,0.005634107186139991,0.0,0.0,0.0,0.0,0.0,0.0,0.0,0.0,0.0,0.0,0.0,0.0,0.0,0.0,0.0,0.0,0.0,0.0,0.0,0.0,0.0,0.0,0.0,0.0,0.0,0.0,0.0,0.0,0.0,0.0,0.0,0.0,0.0,0.0,0.0,0.0,0.0,0.0,0.0,0.0,0.0,0.0,0.0,0.0,0.0,0.0,0.0,0.0,0.0,0.0,0.0,0.0,0.0,0.0,0.0,0.0,0.0,0.0,0.0,0.0
AGTGGCTCCGTCGGCC-1,0.030928248666338837,0.028026549574455994,0.008049865484859448,0.0,0.0,0.0,0.011435081659980481,0.06023185621346745,0.0,0.001888868669065159,0.0,0.0,0.007733223551151754,0.012390145309203151,0.005564776938616587,0.0,0.005871129572406096,0.00038161725768373774,0.0,0.0016902003099534954,0.0029595062119687028,0.002844584920273496,0.0,0.0002101585058441022,0.004781717704368269,0.0,0.0,0.0003092608939677506,0.003226436322157735,0.00330055361932716,0.0008042130051481561,0.010909691595522355,0.002562134402239397,0.0,0.0,0.0,0.0,0.0005296745896724508,0.0,0.007132147743458349,0.0,0.0,0.0013026663263821896,0.0,0.0,0.0,0.0,0.0,0.0,0.0,0.0022965144687849552,0.0,0.0006701474672150202,0.0,0.0006471757013460927,0.0,0.0,0.0,0.0,0.0,0.0,0.0,0.0,0.0,0.0,0.0,0.0,0.0,0.0,0.0004453423744315141,0.0,0.0,0.00017854452717507675,0.0,0.0,0.0,0.0,0.0,0.0,0.0,0.0008695437570213609,0.0,9.138114264495359e-05,0.0,0.0,0.0,0.00018998867480865244,0.0,0.002240770862563977,0.0002312944758412768,0.0,0.00018276228528990717,0.0,0.0,0.0,0.00032416077041145467,0.0,0.0,0.0,0.0,0.0,0.0,0.0,0.0,0.0,0.0,0.0,0.0,0.0,0.0,0.0,0.0,0.0,0.0,0.0,0.0,0.0,0.0,0.0
AGTGGTTGCGTATAGG-1,0.04257383440763586,0.14114224045067192,0.02814047572830213,0.001199974045149562,0.0,0.0,0.005877581048055679,0.0033500978563623827,0.0,0.0008525314924684372,0.0,0.0,0.005187893197005114,0.0,0.013516754460066373,0.0,0.0,0.0031166212104295605,0.0,0.009112664482886898,0.0,0.0,0.003335360478704084,0.0,0.0032718847850573274,0.0,0.0018718745667382288,0.0,0.0,0.011053621214874831,0.0008298046972012402,0.0185355366462593,0.0,0.0,0.0,0.0,0.0,0.0,0.0,0.0,0.0,0.002793828748987634,0.004125280611619087,0.0,0.0,0.0,0.0,0.0,0.001977720059360617,0.0,0.004744497370117853,0.0,0.005082499370710757,0.0,0.0,0.0,0.0009508073643185729,0.0,0.0,0.0,0.0,0.0,0.0,0.0,0.0,0.0,0.0,0.0,0.0,0.0,0.0,0.0,0.0,0.0,0.0,0.0003558643755678458,0.0,0.0,0.0,0.0,0.0010161276684816833,0.0,0.0,0.0,8.658731016839635e-05,0.0,0.0,0.0,0.0014068366777901873,0.0,0.0,0.0,0.0,0.0,0.0,0.0,0.0,0.0,0.0007169029743677099,0.0,0.0,0.0,0.0,0.0,0.0,0.0,0.0,0.0,0.0,0.0,0.0,0.0,0.0,0.0,0.0,0.0,0.0,0.0,0.0
AGTTAAACACTTGCGA-1,0.1946896918966604,0.2262696760874845,0.11060530432737446,0.04621259613254424,0.0,0.0,0.0,0.0,0.012719563275821442,0.0,0.0,0.0,0.008978672838904994,0.03351027934575099,0.03810528638962573,0.0,0.037353741914805075,0.0,0.0,0.0,0.0,0.0,0.0,0.0,0.0,0.0,0.0,0.0,0.0,0.0,0.004705589119392753,0.0,0.0,0.0,0.0,0.0,0.0,0.0,0.0,0.0,0.0,0.0,0.0,0.0,0.0,0.0,0.0,0.0,0.0,0.0,0.0,0.0,0.0,0.0,0.0,0.0,0.0,0.0,0.008415990908704664,0.0,0.0,0.0,0.0,0.0,0.0,0.0,0.0,0.0,0.0,0.0,0.0,0.0,0.0,0.0,0.0,0.0,0.0,0.0,0.0,0.0,0.0,0.0,0.0,0.0,0.0,0.0,0.0,0.0,0.0,0.0,0.0,0.0,0.0,0.0,0.0,0.0,0.0,0.0,0.0,0.0,0.0,0.0,0.0,0.0,0.0,0.0,0.0,0.0,0.0,0.0,0.0,0.0,0.0,0.0,0.0,0.0,0.0,0.0,0.0
AGTTAAGTCAACCGCT-1,0.02802743053294662,0.032759837029146845,0.0,0.0006268985678067818,0.0007491276975821735,0.0,0.009788568062258488,0.016385333993752076,0.0009626420850155074,0.0009416090759759534,0.0,0.017717380140740896,0.006146473561195117,0.00467812531563256,0.001353201170087679,0.0,0.006596025409366004,0.001483685914576752,0.0,0.02029181049439347,0.006420600894904317,0.0,0.0,0.0,0.004679191265608546,0.0,0.0,0.0,0.0009292346950191126,0.0051619963220696325,0.0001289139284467464,0.012538105640307898,0.0006078415873370925,0.0,0.0,0.0,0.0,0.000306987475407635,0.0,0.0,0.0,0.0,0.0005408415685643746,0.0,0.0,0.0,0.0,0.0,0.0,0.0,0.0010446169162661978,0.0,0.0,0.0,0.0,0.0011016206198918653,0.0018007498760220927,0.0,0.0,0.0,0.0,0.0,0.0,0.0,0.0,0.0,0.0,0.0,0.0,0.0,0.0,0.0,0.0010572977764058734,0.0,0.0,8.079488326939865e-05,0.0,0.0,0.0,0.00036198710502818594,0.0006792988586720321,0.00011089933414397185,0.0,0.0,0.0,0.0,7.379555765812956e-05,0.0,0.0,0.0,0.0,0.0,0.0,0.0,0.0,0.0,0.0,0.0,0.0,0.0,0.0,0.0,0.0,0.0,0.0,0.0,0.0,0.0,0.0,0.0,0.00044763858819887886,0.0,0.0,0.0,0.0,0.0,0.0,0.0,0.0
AGTTCCTATTTATGTT-1,1.4180170202270475,0.5017557506771014,0.5319811506036372,0.32951795778088594,0.016037978661245875,0.06793562932573693,0.017203449541210884,0.005479534351269307,0.009565820595510192,0.012493743237178695,0.10667798401222864,0.008396862984874407,0.015543374145141236,0.012462808298638129,0.0,0.0,0.0,0.005062671217948964,0.0,0.012165247255328955,0.0029966273354649236,0.0,0.006569518280080589,0.010894760608625032,0.0018990949391081494,0.0018993721659483192,0.0017270661254462423,0.0,0.0007071987887628294,0.017973693513084577,0.0,0.0,0.0038800034057810484,0.0,0.011941783777986546,0.0,0.0,0.0,0.015234939115460502,0.0,0.0,0.00199399803030567,0.006528635929487369,0.0015166490097677397,0.0,0.0,0.0,0.0,0.0,0.005581981916324998,0.0,0.0,0.002483797107011264,0.006745926987425166,0.0,0.0,0.0,0.0,0.0,0.0,0.023686170030217512,0.0,0.0,0.0,0.0,0.0,0.0,0.0,0.0,0.0,0.0,0.0,0.0,0.0,0.0,0.0,0.0,0.0,0.0,0.0,0.0,0.0,0.0,0.0,0.001389098609488115,0.0,0.0,0.0,0.0023633543960133088,0.0,0.0,0.0,0.0,0.0,0.0,0.0,0.0,0.0,0.002483797107011264,0.0,0.0,0.0,0.0,0.0023246677759364985,0.0,0.0,0.0,0.0,0.0,0.0,0.0,0.0,0.0,0.0,0.0,0.0,0.0,0.0,0.0
AGTTTGGCCAGACCTA-1,0.38590710110017734,0.3838031746778442,0.27480114765613495,0.0011539893810762912,0.008510529363950291,0.0,0.013108315557236525,0.0,0.12692398094826557,0.049307073805895496,0.0,0.018661103934182854,0.0,0.048349725392545034,0.0,0.13467480194927942,0.0,0.008230883180678281,0.03030505280771579,0.004673859045687357,0.006908661673629321,0.0,0.0,0.007584858781646007,0.0023755025112582573,0.0,0.0007281637273796005,0.000978157721490486,0.00019458672070885074,0.0032335093852014396,0.0045652992109416176,0.0047088848865284305,0.0,0.0,0.0,0.0,0.0,0.009020336771406776,0.0,0.0,0.0,0.0016639327052860387,0.0,0.0,0.0,0.0022413821631142297,0.0,0.0,0.0,0.0,0.0,0.0,0.0,0.0,0.0,0.008965528652456919,0.0,0.0,0.0,0.0,0.0,0.011332481089472959,0.0,0.0,0.0,0.0022413821631142297,0.0,0.0,0.0,0.000479763922080373,0.0,0.0,0.0,0.0,0.0,0.0,0.0,0.0,0.0,0.0,0.0,0.0,0.0,0.0,0.0,0.0,0.0,0.0,0.0,0.0,0.0,0.0,0.0,0.0,0.0,0.0,0.0,0.0,0.0,0.0,0.0,0.0,0.0,0.0,0.0,0.0,0.0,0.0,0.0,0.0,0.0,0.0,0.0,0.0,0.0,0.0,0.0,0.0,0.0
ATAAACGGACCCGTAA-1,0.40204935410593345,0.24449423659959918,0.12784190417355049,0.0,0.0,0.24279703633607103,0.017916325807902478,0.0,0.0,0.0,0.0,0.008654222619495494,0.0,0.0,0.06749457774220313,0.0,0.0,0.007086872390827584,0.009042586104226232,0.0,0.0,0.0,0.0,0.01849774814288416,0.0007885454476853057,0.0,0.0,0.001045584666204584,0.0,0.0,0.0,0.0,0.0,0.0,0.0,0.0,0.0,0.0,0.0,0.014200935098017349,0.0,0.004354902650597408,0.0013024654792954844,0.005582778757600916,0.0,0.0,0.010657977625325887,0.0,0.01043381000475517,0.0,0.0,0.0,0.0,0.0,0.0,0.0,0.0,0.0,0.0,0.0,0.0,0.0,0.0,0.0,0.0,0.0,0.0,0.0,0.0,0.012626478020235954,0.0,0.0,0.0,0.0,0.0,0.0,0.0,0.0,0.0,0.0,0.0,0.0,0.0,0.0,0.0,0.0,0.0,0.0,0.0,0.0,0.0,0.0,0.0,0.0,0.0,0.0,0.0,0.0,0.0,0.0,0.0,0.0,0.0,0.0,0.0,0.0,0.0,0.0,0.0,0.0,0.0,0.0,0.0,0.0,0.0,0.0,0.0,0.0,0.0
ATAAATATTAGCAGCT-1,0.45993900100745,0.1385201989379368,0.08556846866550397,0.0,0.0,0.0,0.0,0.0,0.006721846297379501,0.0,0.0,0.0,0.03062865954777097,0.0,0.0,0.0,0.0,0.0,0.0,0.0,0.0,0.0,0.0,0.0,0.00358122612536938,0.0,0.0,0.0,0.014590463645898498,0.0,0.0,0.0,0.0,0.0,0.0,0.0,0.0,0.0,0.0,0.0,0.0,0.0,0.0,0.0,0.0,0.0,0.0,0.0,0.0,0.0,0.0,0.0,0.0,0.0,0.0,0.0,0.0,0.0,0.0,0.0,0.0,0.01243548309806336,0.008293852787076573,0.0,0.0,0.0,0.0,0.0,0.0,0.0,0.0,0.0,0.0,0.0,0.0,0.0,0.0,0.0,0.0,0.0,0.0,0.0,0.0,0.0,0.0,0.0,0.0,0.0,0.0,0.0,0.0,0.0,0.0,0.0,0.0,0.0,0.0,0.0,0.0,0.0,0.0,0.0,0.0,0.0,0.0,0.0,0.0,0.0,0.0,0.0,0.0,0.0,0.0,0.0,0.0,0.0,0.0,0.0,0.0
ATAAGTTACCGCGACG-1,0.6412714603011567,0.36480714864118685,0.10239682846664401,0.06731210605933163,0.0,0.0,0.0,0.0,0.013898941101128996,0.03483903787954015,0.0,0.0271856172639934,0.025058303136261083,0.0,0.0,0.0,0.0,0.014348288543645407,0.01798884050308523,0.0,0.017631506402067572,0.0,0.0,0.0,0.0,0.0,0.0048853770804763875,0.0,0.00814075720874834,0.0,0.0,0.0,0.004952569585915145,0.0,0.0,0.0,0.0,0.03255654021567376,0.0,0.0,0.0,0.00012573523800720965,0.0,0.0,0.0,0.0,0.0,0.0,0.0,0.0,0.0,0.0,0.0,0.0,0.0,0.0,0.0,0.0,0.0,0.0,0.0,0.0,0.0,0.0,0.0,0.0,0.00842657944273563,0.0,0.0,0.0,0.0,0.0,0.0,0.0,0.0,0.0,0.0,0.0,0.0,0.0,0.0,0.0,0.0,0.0,0.0,0.0,0.0,0.0,0.0,0.0,0.0,0.0,0.0,0.0,0.0,0.0,0.0,0.0,0.0,0.0,0.0,0.0,0.0,0.0,0.0,0.0,0.0,0.0,0.0,0.0,0.0,0.0,0.0,0.0,0.0,0.0,0.0,0.0,0.0
ATAATAGCTGTTGAAT-1,0.5721422112855542,0.11493176669730516,0.14649241273135513,0.15912912222574604,0.0,0.1369574799596563,0.0,0.0,0.014944417660521578,0.0,0.0,0.0,0.013729844124772496,0.0,0.0,0.0,0.0,0.0,0.011681639702530364,0.0,0.019868726913479892,0.0,0.0,0.0,0.0,0.0,0.010996448637736975,0.0,0.0,0.0,0.0,0.0,0.0,0.0016259006484831678,0.015961436689878497,0.0010368126912569918,0.0,0.0,0.0,0.0,0.0,0.0,0.0025066469804118207,0.006694160544698731,0.0,0.0,0.0,0.0,0.0,0.0,0.0,0.0,0.0,0.0,0.0,0.0,0.0,0.0,0.0,0.0,0.0,0.0,0.0,0.0,0.0,0.0,0.0,0.0,0.0,0.0,0.0,0.0,0.0,0.0,0.0,0.0,0.0,0.0,0.0,0.0,0.0,0.0,0.0033470802723493654,0.0,0.0,0.0,0.0,0.0,0.0,0.0,0.0033470802723493654,0.0,0.0,0.0,0.0,0.0,0.0,0.0,0.0,0.0,0.0,0.0,0.0,0.0,0.0,0.0,0.0,0.0,0.0,0.0,0.0,0.0,0.0,0.0,0.0,0.0,0.0,0.0,0.0
ATACCACGGGCAACTT-1,0.6063220975041603,0.2932732742534311,0.18968406255976564,0.0743012998681451,0.16268774398881114,0.0,0.0,0.0,0.02878215392609703,0.002692867014009869,0.0,0.01963125861382086,0.0,0.01602703094427061,0.0,0.0,0.014875019072606795,0.04858475795551886,0.0,0.0,0.0,0.03145780412604325,0.0,0.03487666252607236,0.0,0.0,0.0,0.0048480442828330505,0.010218731258069186,0.0,0.0077990583662738465,0.0006353042383746039,0.0,0.0,0.0,0.0,0.029409233775283688,0.0,0.0,0.0,0.0,0.0,0.0,0.0,0.09770494934746982,0.0,0.0,0.0,0.0,0.0,0.0,0.0,0.0,0.0,0.0,0.0,0.0,0.0,0.0,0.008178143033169827,0.0,0.0,0.0,0.0,0.0,0.0,0.0,0.0,0.0,0.001795591763462207,0.004511158414919167,0.0,0.0,0.0,0.0,0.0,0.0,0.0,0.0,0.0,0.0,0.006000746185497657,0.0,0.0,0.0,0.0,0.0,0.0,0.0,0.0,0.0,0.0,0.0,0.0,0.0,0.0,0.0,0.0,0.0,0.0,0.0,0.0,0.0,0.0,0.0,0.0,0.0,0.0,0.0,0.0,0.0,0.0,0.0,0.0,0.0,0.0,0.0,0.0,0.0
ATACGGTGAAGATGCA-1,1.2503657880352586,0.4790307813671955,0.26661887951858226,0.11162668312389043,0.141455507437203,0.032440847243852614,0.007360538248535764,0.009708613914089465,0.0,0.011160935393379073,0.0,0.0,0.00047346247982934034,0.029568930772288466,0.0,0.04779765651962643,0.0,0.006555047192738561,0.0,0.002371966500278161,0.0031452086175255472,0.0,0.0,0.0,0.0,0.0,0.0018834652720869287,0.004639621129182068,0.004516304318627247,0.0,0.008208072350615374,0.001045847646779154,0.002875977081500808,0.007599135932154798,0.0,0.0,0.013695398072952017,0.006366965368923072,0.0025469951248391783,0.0,0.0,0.004026419714598098,0.0030490971854433757,0.0,0.0,0.0020793142006049034,0.0,0.0,0.0,0.0020150621130769564,0.0,0.011526628224855482,0.0,0.0,0.00440869955274341,0.0,0.0,0.0,0.0,0.0,0.0,0.0,0.0,0.0,0.0010614073593235003,0.004477468807187733,0.0,0.012098605983949164,0.0,0.0,0.0,0.0,0.0,0.0,0.0,0.0,0.0,0.0,0.006566392367861536,0.0,0.001683031584345762,0.0007966628808959046,0.0,0.0,0.00113929226629727,0.0,0.0,0.0012706289327461292,0.0,0.0,0.0016071501761571372,0.0,0.0,0.0,0.0,0.0,0.0,0.0,0.0,0.0,0.0,0.0,0.0,0.0,0.0,0.0,0.0,0.0,0.0,0.0,0.0,0.0,0.0,0.0,0.0,0.0,0.0,0.0,0.0
ATAGAGTTATCAACTT-1,0.3693371957446986,0.02316094371628116,0.0,0.0,0.0,0.0,0.0,0.0,0.0,0.0,0.0,0.0,0.0,0.0,0.0,0.0,0.0,0.0,0.0,0.0,0.0,0.0,0.0,0.007717970772467159,0.0,0.0,0.0,0.0,0.0,0.0,0.0,0.0,0.0,0.0,0.0,0.0,0.0,0.0,0.0,0.0,0.0,0.0,0.0,0.0,0.0,0.0,0.0,0.0,0.0,0.0,0.0,0.0,0.0,0.0,0.0,0.0,0.0,0.0,0.0,0.0,0.0,0.0,0.0,0.0,0.0,0.0,0.0,0.0,0.0,0.0,0.0,0.0,0.0,0.0,0.0,0.0,0.0,0.0,0.0,0.0,0.0,0.0,0.0,0.0,0.0,0.0,0.0,0.0,0.0,0.0,0.0,0.0,0.0,0.0,0.0,0.0,0.0,0.0,0.0,0.0,0.0,0.0,0.0,0.0,0.0,0.0,0.0,0.0,0.0,0.0,0.0,0.0,0.0,0.0,0.0,0.0,0.0,0.0,0.0
ATAGGCGGCTATAGAA-1,0.4408723096900959,0.06657264122723476,0.0,0.061703998527728385,0.0,0.0,0.0,0.0,0.0,0.0,0.0,0.0,0.0,0.011608188734581814,0.0,0.0,0.0,0.0,0.0,0.0025147794906453403,0.0035674299860761773,0.0,0.0,0.0,0.0,0.0,0.0,0.0,0.0,0.01720637132479989,0.0,0.0,0.0,0.0,0.0,0.0,0.0,0.0,0.0,0.0,0.0,0.0,0.0,0.0,0.0,0.0,0.0,0.0,0.0,0.0,0.0,0.0,0.0,0.012776866542217914,0.0,0.0,0.0,0.0,0.008603185662399945,0.0,0.0,0.0,0.008603185662399945,0.0,0.0,0.0,0.0,0.0,0.0,0.0,0.0,0.0,0.0,0.0,0.0,0.0,0.0,0.0,0.0,0.0,0.0,0.0,0.0,0.0,0.0,0.0,0.0,0.0,0.0,0.0,0.0,0.0,0.0,0.0,0.0,0.0,0.0,0.0,0.0,0.0,0.0,0.0,0.0,0.0,0.0,0.0,0.0,0.0,0.0,0.0,0.0,0.0,0.0,0.0,0.0,0.0,0.0,0.0,0.0
ATAGGCTAGCTTCGCA-1,0.6176607222772671,0.18289960913065026,0.05685056805510277,0.03978620912747747,0.0,0.10312319820869459,0.0,0.10308059710648383,0.0,0.04602597646366708,0.0,0.01780704902163937,0.0,0.0,0.0,0.0,0.0,0.0,0.006470977946813863,0.0,0.013239741194820805,0.015559118281556867,0.0,0.0,0.0,0.0,0.0,0.0,0.0,0.0,0.0,0.00022196202415698305,0.0,0.0,0.0,0.0,0.0,0.0,0.0,0.0,0.0,0.0,0.0,0.0,0.0,0.006470977946813863,0.004916638946685246,0.0,0.0,0.009833277893370492,0.0,0.0,0.0,0.0,0.0,0.0,0.0,0.004916638946685246,0.0,0.0,0.0,0.0,0.0,0.0,0.0,0.0,0.0,0.0,0.0,0.007826068329538074,0.0,0.0,0.0,0.0,0.0,0.0,0.0,0.0,0.0,0.0,0.0,0.0,0.0,0.0,0.0,0.0,0.0,0.0,0.0,0.0,0.0,0.0,0.0,0.0,0.0,0.0,0.0,0.0,0.0,0.0,0.0,0.0,0.0,0.0,0.0,0.0,0.0,0.0,0.0,0.0,0.0,0.0,0.0,0.0,0.0,0.0,0.004916638946685247,0.0,0.0
ATAGGGATATCCTTGA-1,1.234387002203466,0.812796568184516,0.21198609995192977,0.08077802674294156,0.14690689021055256,0.0,0.025962652994167633,0.021634144538239735,0.056765584100105945,0.02841130614272277,0.0,0.025971050346968463,0.03323397619413613,0.0,0.0,0.0,0.0,0.0,0.05136631570998957,0.0,0.026617688921601934,0.0,0.0,0.02996953877746635,0.004857411839045783,0.011812791247129847,0.0,0.009555404863075607,0.008790922389210195,0.0,0.0062417570611399235,0.0005451530825313939,0.007892025851177313,0.016011030104362667,0.0,0.01019827989717317,0.0,0.03677381442077173,0.0,0.0,0.02871441960905135,0.0026637026812255217,0.0,0.0,0.0,0.0,0.0,0.00879876339850916,0.0,0.0,0.0,0.0,0.0,0.0,0.0,0.0,0.0,0.0,0.0,0.0,0.0,0.0,0.0,0.0,0.0,0.0,0.0,0.0,0.0,0.0,0.0,0.0,0.0023295297516263123,0.0,0.0,0.0,0.0,0.0,0.0,0.0,0.0,0.0,0.0,0.0,0.0,0.0,0.0,0.0,0.0,0.0,0.0,0.0,0.0,0.0,0.0,0.0,0.0,0.0,0.0,0.0,0.0,0.0,0.0,0.0,0.0,0.0,0.0,0.0,0.0,0.0,0.0,0.0,0.0,0.0,0.0,0.0,0.0,0.0,0.0
ATAGTGAAGCGTTCTC-1,0.2683414171326218,0.3248817269985756,0.1496259098162313,0.1281023330773196,0.0,0.17202192000573938,0.0,0.15886385097700897,0.0,0.010360640787286532,0.0,0.0,0.01944057641578507,0.0,0.0861997217434081,0.0,0.0,0.012204586424634999,0.00937340054320629,0.0,0.0,0.0,0.0,0.0,0.0,0.0,0.0,0.0,0.0014231840920668841,0.0,0.0,0.0,0.005873642561284395,0.0,0.0,0.0037311927842779685,0.0,0.0,0.0,0.0,0.0,0.0,0.002670050489495631,0.003713571066379471,0.0,0.0,0.0,0.0,0.006816270140389185,0.0,0.0,0.0,0.003713571066379471,0.0,0.0,0.0,0.0,0.0,0.0,0.009620516552869907,0.0,0.0,0.0,0.0,0.022302400519629995,0.0,0.0,0.0,0.0,0.0,0.0,0.0,0.0,0.0,0.0,0.0,0.0,0.0,0.0,0.0,0.0,0.0,0.0,0.0,0.0030648319459708816,0.0,0.0,0.0,0.0,0.0,0.0,0.0,0.0,0.0,0.0,0.0,0.0,0.0,0.0,0.0,0.0,0.0,0.0,0.0,0.0,0.0,0.0,0.0,0.0,0.0,0.0,0.0,0.0,0.0,0.0,0.0,0.0,0.0,0.0
ATATCTTAGGGCCTTC-1,0.35285026364758565,0.5942626697340314,0.0,0.052856232653977195,0.11210368745839626,0.009023271956759586,0.059084607023909844,0.06783934470717462,0.018927185238900433,0.005697954285677688,0.0,0.008491384379298809,0.028895160597736832,0.01843261955011794,0.0,0.08487020455984663,0.010088509746393883,0.005800196185939364,0.017478381516450384,0.0025404517858288456,0.012172764604706785,0.007123469361926421,0.0014084732141642824,0.001952771967956928,0.0005517112476431795,0.0,0.008780575279312242,0.001581659028899764,0.0017287834646037476,0.0,0.0,0.0013255467117384804,0.0015002823447572554,0.0044507682434817095,0.001045563990036487,0.0,0.0,0.0,0.0,0.0,0.0,0.005458350749624111,0.0,0.0,0.0,0.0019485605263237938,0.0,0.0,0.002993774101486796,0.0014084732141642824,0.0,0.0021735559099739722,0.002130190227591711,0.0005684560389970933,0.0,0.0,0.0,0.0,0.0,0.0,0.02821442409723541,0.0,0.0,0.0,0.004989372530331165,0.0,0.0,0.0,0.0,0.0004584240477430798,0.0,0.0,0.0,0.0,0.0,0.0007756559047632117,0.0,0.000986894791672981,0.0,0.0,0.000861700764912457,0.0,0.0,0.0,0.0,0.0,0.000688404591987744,0.0,0.0,0.0,0.0,0.0,0.001581659028899764,0.0,0.0,0.0,0.0,0.0,0.006466892254681429,0.0,0.0,0.0,0.0,0.0,0.0,0.0,0.0,0.0,0.0,0.0,0.0,0.0,0.0,0.0,0.0,0.0,0.0,0.0,0.0
ATATTCAGTTAAACCT-1,0.338806354577044,0.0,0.18060979717489317,0.05098583536125585,0.0,0.0,0.0,0.005841818565679939,0.0111562472340213,0.0,0.0,0.0,0.0,0.0,0.0,0.0,0.0,0.0,0.0,0.015678396989282684,0.0,0.0,0.0,0.0,0.0,0.022553025873881062,0.0,0.0,0.0,0.0,0.006298173747176994,0.0,0.0,0.0,0.0,0.0,0.0,0.0,0.01356309673772062,0.0,0.0,0.0,0.0,0.0,0.0,0.0,0.0,0.0,0.0,0.0,0.0,0.0,0.0,0.0,0.010496686767055166,0.0,0.0,0.0,0.0,0.0,0.0,0.0,0.005631858752025072,0.0,0.0,0.0,0.0,0.0,0.0,0.0,0.0,0.0,0.0,0.0,0.0,0.0,0.0,0.0,0.0,0.0,0.0,0.0,0.0,0.0,0.0,0.0,0.0,0.0,0.0,0.0,0.0,0.0,0.0,0.0,0.0,0.0,0.0,0.0,0.0,0.0,0.0,0.0,0.0,0.0,0.0,0.0,0.0,0.0,0.0,0.0,0.0,0.0,0.0,0.0,0.0,0.0,0.0,0.0,0.0
ATCAAACGAAGGTTTG-1,0.18708926259994005,0.09519858614022689,0.12567976024518512,0.015812579480244643,0.02547156539275409,0.0,0.07575312387944515,0.011237196671951895,0.0018361113268406785,0.0,0.0,0.008242486947706554,0.02363470405376656,0.03508457169629737,0.042618027353684376,0.0,0.0,0.004358561688116496,0.0,0.007920462145100093,0.0031677581974889142,0.0,0.0,0.0,0.008608113314413392,0.0,0.0020401076084270316,0.001639271032005838,0.0,0.0,0.0027882241711966824,0.0031603994236265,0.0037505222651242247,0.0,0.0033757405819869303,0.001014578153224599,0.0,0.003861698440316478,0.0,0.0,0.0,0.0,0.001987725985022505,0.0,0.0,0.0,0.0,0.0,0.0,0.0,0.0015328892280301472,0.0,0.001739357556492261,0.0,0.0,0.005203034554222757,0.0,0.0,0.0,0.0,0.0,0.0,0.0,0.0,0.0,0.0009251513721006249,0.0,0.0,0.0,0.0019139298194631293,0.0,0.0,0.0,0.0,0.0,0.0,0.0,0.0,0.0,0.0,9.795854874555701e-05,0.0,0.0,0.0,0.0,0.0,0.0,0.0,0.0,0.0007832986004954114,0.0,0.0,0.0,0.0,0.0,0.0,0.0,0.0,0.0,0.0,0.0,0.0,0.0,0.0014927413172762488,0.0,0.0,0.0,0.0,0.0,0.0,0.0,0.0,0.0,0.0,0.0,0.0,0.0,0.0,0.0
ATCACGTGCTAATTAA-1,0.3729977145663302,0.06190252253616572,0.04490957393874678,0.0,0.0,0.0,0.10497993605870319,0.0,0.0,0.0,0.0,0.03634882686173009,0.0005775600996647671,0.02710065689030286,0.05605486819397203,0.0,0.0,0.0,0.0,0.026260774473572848,0.0038836873604607075,0.03971416543209502,0.0,0.0,0.0,0.0,0.0,0.0,0.0,0.0,0.005363856648647284,0.0016828513459449257,0.0,0.0,0.0,0.0,0.0,0.0,0.0,0.0,0.0,0.0006840064496680485,0.0,0.0,0.0,0.0,0.0,0.0,0.0,0.01153924438583819,0.0,0.0,0.0,0.004987114385796745,0.0,0.0,0.0,0.0,0.0,0.0,0.01313771666322376,0.0,0.0,0.0,0.0,0.0,0.0,0.0,0.0,0.0,0.0,0.0,0.0,0.0,0.0,0.0,0.0,0.0,0.0,0.0,0.0,0.0,0.0,0.0,0.0,0.0,0.0008757265652996539,0.0,0.0,0.0,0.0,0.0,0.0,0.0,0.0,0.0,0.0,0.0,0.0,0.0,0.0,0.0,0.0,0.0,0.0,0.0,0.0,0.0,0.0,0.0,0.0,0.0,0.0,0.0,0.0,0.0,0.0,0.0,0.0
ATCACTTCATCCTCGC-1,0.6193201018549443,0.18990373655726367,0.2685612169837297,0.05598007942103424,0.03908087329906015,0.0,0.01948562426139711,0.11128890525705125,0.02401053389913415,0.0007230981386747296,0.0,0.019012626096347948,0.0,0.008706931309003192,0.0889555518626752,0.0,0.0,0.0,0.0,0.0,0.021609430719825143,0.004328021431407762,0.0,0.0,0.005378945153805414,0.041843847962517174,0.0,0.01631835360773204,0.0,0.0,0.004151809484334608,0.0,0.0,0.0,0.0,0.0,0.0,0.0,0.0,0.0,0.0,0.0,0.0,0.0,0.0,0.0,0.010528165057098719,0.0,0.0,0.0,0.0,0.004992791585766837,0.0,0.0,0.0,0.0,0.0,0.0,0.0,0.0,0.0,0.0,0.0,0.0,0.0,0.0,0.0,0.0,0.0,0.0,0.0,0.005759013961252144,0.0,0.0,0.0,0.0,0.0,0.0,0.0,0.002978160404252168,0.0,0.0,0.0,0.0,0.0,0.0,0.0,0.0,0.0,0.0,0.0,0.0,0.0,0.0,0.0,0.0,0.0,0.0,0.0,0.0,0.0,0.0,0.0,0.0,0.0,0.0,0.0,0.0,0.0,0.0,0.0,0.0,0.0,0.0,0.0,0.0,0.0,0.0,0.0
ATCAGACGGCACGCCG-1,0.4358612039775909,0.3014732913541605,0.11668798068551332,0.0,0.17123777833486512,0.0,0.0,0.0,0.008417661290996598,0.0,0.17690068851897994,0.0,0.0,0.0,0.0,0.0,0.0,0.0,0.0,0.0,0.0,0.0,0.0,0.0,0.0,0.0,0.0,0.0,0.0,0.0,0.0,0.0,0.0,0.0,0.0,0.0,0.0,0.0,0.0,0.0,0.0,0.0,0.0,0.0,0.0,0.0,0.0,0.0,0.0,0.0,0.0,0.0,0.0,0.0,0.0,0.0,0.0,0.008508631651691462,0.008508631651691462,0.0,0.0,0.0,0.0,0.0,0.0,0.0,0.0,0.0,0.0,0.0,0.0,0.0,0.0,0.0,0.0,0.0,0.0,0.0,0.0,0.0,0.0,0.0,0.0,0.0,0.0,0.0,0.0,0.0,0.0,0.0,0.0,0.0,0.0,0.0,0.0,0.0,0.0,0.0,0.0,0.0,0.0,0.0,0.0,0.0,0.0,0.0,0.0,0.0,0.0,0.0,0.0,0.0,0.0,0.0,0.0,0.0,0.0,0.0,0.0
ATCATCCAATATTTGT-1,0.28145641592572007,0.12815824684895377,0.05857964008091734,0.0,0.09539486161356484,0.0,0.03609312555055481,0.0,0.0,0.013709467885923792,0.0,0.02210059143682655,0.0,0.0,0.0,0.0,0.0,0.0014415212142896885,0.0,0.005456078746058857,0.0,0.0,0.0,0.0,0.0,0.0,0.0,0.0021356989320117,0.0,0.0,0.0,0.0,0.011133771619281904,0.0,0.0,0.0,0.0,0.0,0.0,0.0,0.01807773339519503,0.0,0.0,0.0,0.0,0.0,0.0,0.0,0.0,0.0,0.0,0.0,0.0,0.0,0.0,0.0,0.0,0.0,0.0,0.0,0.0,0.0,0.0,0.0,0.0,0.0,0.0,0.0,0.0,0.0,0.0,0.0,0.0,0.0,0.0,0.0,0.0,0.0,0.0,0.0,0.0,0.0,0.0,0.0,0.0021847453359394612,0.0,0.0,0.0,0.0,0.0,0.0,0.0,0.0,0.0,0.0,0.0,0.0,0.0,0.0,0.0,0.0,0.0,0.0,0.0,0.0,0.0,0.0,0.0,0.0,0.0,0.0,0.0,0.0,0.0,0.0,0.0,0.0,0.0,0.0
ATCCAATGGAGGGTCC-1,0.5166129351326478,0.19969332991324032,0.16529099911218859,0.07485282738435244,0.05745359960347486,0.0,0.0,0.0,0.014593660416108125,0.04893026813455733,0.0,0.0,0.0,0.011869102112680647,0.0,0.0,0.0,0.0,0.01592757276509741,0.0,0.005792967983312096,0.0,0.017889353151588676,0.009212327170796165,0.0,0.006174153511054634,0.0,0.0,0.006495346417239144,0.0,0.013247974984145499,0.0001366354807442705,0.004871459268440045,0.0,0.0,0.0037440575177476575,0.0,0.0,0.0,0.008771314200935649,0.0,0.0007296999412389825,0.0,0.002862619044919339,0.0,0.0,0.0,0.004218208780574798,0.0,0.0,0.0,0.0,0.0,0.0,0.006480770824197836,0.0,0.0,0.0,0.0,0.0,0.0,0.0,0.0031391731151999,0.0,0.0,0.0,0.0,0.0,0.0,0.0,0.0,0.0,0.0,0.0,0.0,0.0,0.0,0.0,0.0,0.0,0.0,0.0,0.0,0.0,0.0,0.0,0.0007332650283489458,0.0,0.0,0.0,0.0,0.0,0.0,0.0,0.0,0.0,0.0,0.0,0.0,0.0,0.0,0.0,0.0,0.0,0.0,0.0,0.0,0.0,0.0,0.0,0.0,0.0,0.0,0.0,0.0,0.0,0.0,0.0,0.0
ATCCAATGGTACCGAA-1,0.03991276672494637,0.0036199863726894778,0.00341936773081165,0.0014238001340903285,0.0,0.0,0.00409321786423692,0.00023886184672352147,0.0,0.0,0.0,0.0,0.00194765522748683,0.0059988563549643525,0.0008632448797689362,0.0,0.009624987242018889,0.0,0.0,0.009847592577796676,0.006135429951520598,0.0,0.0,0.0010313623042788964,0.0025166968489748922,0.0,0.0,0.0,0.0001425625981630571,0.025480773628578406,0.0007032412273463278,0.007827866345215805,0.0,0.0,0.0,0.0012795152585871581,0.0,0.00020176607631840622,0.017687472983530562,0.005788647432501696,0.0,0.0003882218440926118,0.003376899188514774,4.627149108706377e-05,0.0,0.0,0.000821641629993404,6.21503359618352e-05,0.0,0.00023946370354823614,0.0013989680095987857,0.0,0.004177875114955445,0.0,0.0009763728230713291,6.21503359618352e-05,0.0010040899378808462,0.0,0.0,0.0,0.0,0.0,0.0,0.0,0.0005710878622371093,0.0,0.0,0.0,0.0,0.00017798110172360333,0.0,0.0,0.0012591850032521337,0.0,0.0,0.00017184778870797012,0.0,0.0,0.0,0.0,0.0008832078352158395,0.0,9.030495595162417e-05,0.0,0.0,0.0,3.6334570676939286e-05,0.0,0.0006661584828882145,0.00022486163158411224,0.0,0.0,0.0,0.0,0.0,0.0,0.0,0.0,0.0,0.0,0.0,0.0,0.0,0.0,0.0,0.0,0.0,0.0,0.0,0.0,0.0,0.0,0.0,0.0,0.0,0.0,0.0,0.0004584380311774943,0.0
ATCCAGAGCAACAACC-1,0.2163576545757646,0.15677664676076,0.27670213179529735,0.04948217945963217,0.00597361053992431,0.003791857154728559,0.0,0.11349216445594669,0.0,0.010979269470571944,0.13666504003581842,0.016266909957374544,0.00778919971677793,0.02523664768954811,0.042006569207485904,0.0021033223467932815,0.008612426135490424,0.0015604853761449916,0.0,0.015425164835857557,0.003135802758305465,0.0,0.0016403474793774053,0.0002657037614804006,0.003459863694332107,0.0,0.002038661394474157,0.0001607372269074442,0.010422211400503088,0.006039383471566685,0.00011531039675622822,0.00400620724894596,0.00113144146884794,0.0,0.00897894928548177,0.004867108430585389,0.0,0.0,0.014713927017686703,0.0,0.0,0.0006970759208569709,0.0017501845173429485,0.003574972757760947,0.0,0.0,0.005623358700148231,0.00017347580461543315,0.0,0.0033498948686343354,0.0,0.0,0.003020137809772871,0.0,0.0,0.0,0.0,0.0,0.0,0.001351847905990169,0.0,0.0,0.0,0.012315757899113069,0.0,0.0,0.004812286913460426,0.0,0.0,0.0,0.0,0.0,0.0,0.0,0.0004681014519375555,0.0010977226995945056,0.0,0.0010241930213567548,0.0,0.0,0.00032167155466266095,0.0,0.00238480921920232,0.0,0.0,0.0,0.0,0.0,0.0018482774914009032,0.0,0.0006300567657759171,0.0003069507682876917,0.0,0.0,0.0,0.0006294988489965843,0.0,0.0,0.0,0.0,0.0,0.0,0.0,0.0,0.0,0.0,0.0,0.0,0.0,0.0,0.0,0.0,0.0,0.0,0.0003069507682876917,0.0,0.00026856640072552316,0.0,0.0
ATCCAGGATTCGTGAA-1,0.18782002140127932,0.0,0.0,0.048898872897910145,0.0,0.0,0.0,0.0,0.008719810177998881,0.0,0.0,0.010688297711978526,0.011679475018539337,0.0,0.0,0.0,0.0,0.0,0.0,0.02398645225510404,0.0,0.0,0.0,0.0,0.0,0.008502084777571995,0.0,0.0,0.0,0.0,0.004124828344807504,0.0,0.0,0.0,0.0,0.0,0.0,0.0,0.019556267536202092,0.0,0.0,0.0,0.0,0.0,0.0,0.0,0.0,0.0,0.0,0.0,0.0,0.0,0.0,0.008588878100885022,0.0,0.0,0.0,0.0,0.0,0.0,0.0,0.0,0.0,0.0,0.0,0.0,0.0,0.0,0.0,0.0,0.0,0.0,0.0,0.0,0.0,0.0,0.0,0.0,0.0,0.0,0.0,0.0,0.0,0.0,0.0,0.0,0.0,0.0,0.0,0.0,0.0,0.0,0.0,0.0,0.0,0.0,0.0,0.0,0.0,0.0,0.0,0.0,0.0,0.0,0.0,0.0,0.0,0.0,0.0,0.0,0.0,0.0,0.0,0.0,0.0,0.0,0.0,0.0,0.0
ATCCTACCTAAGCTCT-1,0.4944137730288516,0.4078834046913941,0.07163687518641423,0.036739691792358586,0.14909973081344724,0.0,0.0,0.0019213541450720075,0.010452531671555628,0.0,0.0,0.018537500937597595,0.0,0.0,0.0,0.0,0.03330221003583328,0.0075067673692067495,0.0,0.0,0.015516459697002195,0.0,0.016286465988998203,0.0,0.0,0.0,0.0,0.0,0.005887000055285226,0.015170701765643526,0.0,0.0,0.0,0.0,0.0,0.012124892410997618,0.0,0.0,0.0,0.0,0.0,0.0,0.0,0.005029477359443944,0.0,0.0,0.0,0.010058954718887889,0.0,0.006600831592950772,0.0,0.013859392608014987,0.005029477359443944,0.0,0.0,0.0,0.0,0.005029477359443944,0.008569870172692754,0.0,0.021454269666429177,0.0,0.0,0.0,0.0,0.0,0.0,0.0,0.0,0.0,0.0,0.0,0.0,0.0,0.0,0.0,0.0,0.0,0.0,0.0,0.0,0.0,0.0,0.0,0.0,0.0,0.0,0.0,0.0,0.0,0.0,0.0,0.0,0.0,0.0,0.0,0.0,0.0,0.0,0.0,0.0,0.0,0.0,0.0,0.0,0.0,0.0,0.0,0.0,0.0,0.0,0.0,0.0,0.0,0.0,0.0,0.0,0.0,0.0
ATCCTGAATCGCTGCG-1,0.3838884290743339,0.07076597699475624,0.07979159143969057,0.0,0.0,0.0,0.0,0.0,0.006390262560941355,0.0,0.1861942900433959,0.029391307283842892,0.0,0.0,0.0,0.0,0.0,0.0,0.0,0.0,0.0,0.0,0.0,0.0,0.0,0.0,0.0,0.0,0.013908939221928145,0.01689312381389085,0.0,0.0,0.0,0.0,0.0,0.0,0.0,0.0,0.0,0.0,0.0,0.0,0.0,0.0,0.0,0.0,0.0,0.0,0.010428441170405296,0.0,0.0,0.0,0.0,0.0,0.0,0.0,0.0,0.0,0.0,0.0,0.0,0.0,0.0,0.0,0.0,0.0,0.0,0.0,0.0,0.0,0.0,0.0,0.0,0.007518676660986791,0.0,0.0,0.0,0.0,0.0,0.0,0.0,0.0,0.0,0.0,0.0,0.007518676660986791,0.0,0.0,0.0,0.0,0.0,0.0,0.0,0.0,0.0,0.0,0.0,0.0,0.0,0.0,0.0,0.0,0.0,0.0,0.0,0.0,0.0,0.0,0.0,0.0,0.0,0.0,0.0,0.0,0.0,0.0,0.0,0.0,0.0
ATCCTGCGTGGAATGG-1,0.32269124087119255,0.267361941468936,0.08183375537475722,0.12187082334948551,0.0,0.2162365376511642,0.0,0.015898341500354865,0.0,0.0,0.0,0.0,0.03271327200573604,0.0,0.0,0.0,0.0,0.004841018590495323,0.017778099172253183,0.0027835647261384515,0.012893104212453804,0.049263222566384574,0.0,0.0,0.0,0.0,0.016981043787554564,0.0,0.006845651502337229,0.010263477965214755,0.0,0.0,0.0,0.0,0.0,0.0,0.0,0.00816857323453148,0.0,0.0,0.0,0.0,0.0,0.0,0.0,0.0,0.0,0.0,0.0,0.0,0.0,0.0,0.0,0.0,0.0,0.0,0.0,0.0,0.0,0.0,0.0,0.0,0.0,0.0,0.0,0.0,0.0,0.0,0.0,0.0,0.0,0.006402758785712735,0.0,0.0,0.0,0.0,0.0,0.0,0.0,0.0,0.0,0.0,0.0,0.0,0.0,0.0,0.0,0.0,0.0,0.0,0.0,0.0,0.0,0.0,0.0,0.0,0.0,0.0,0.0,0.0,0.0,0.0,0.0,0.0,0.0,0.0,0.0,0.0,0.0,0.0,0.0,0.0,0.0,0.0,0.0,0.0,0.0,0.0,0.0
ATCGACCCAATACAGA-1,1.2985523478049168,0.8947971231002779,0.5101133071418403,0.29248063200184526,0.29955374040693156,0.17427989718796874,0.021536247004170284,0.08762789049450365,0.04190645919248108,0.02928832827751421,0.11796979851184423,0.0,0.023766692014431722,0.018601641252003157,0.05861583285458153,0.0,0.027423365015746434,0.042555492776174604,0.029902296155178133,0.0014309335304035714,0.0,0.0,0.04650710768856306,0.0,0.0,0.0,0.012899199176928514,0.0,0.0023136260910675676,0.00526506372948652,0.0,0.0,0.003363175511569189,0.003091833642213531,0.0,0.0,0.0,0.003858780661333528,0.0,0.0,0.0,0.004321403967229173,0.008373966922330505,0.0,0.0,0.0,0.0,0.0,0.00240800953142992,0.001881805878564619,0.0,0.0034215369865492466,0.0,0.0009567396564857996,0.0,0.00481601906285984,0.0,0.0,0.0,0.0,0.0,0.0,0.003174360775186858,0.0,0.007988715547829362,0.0,0.0,0.01141680367778363,0.0,0.0,0.0,0.0,0.0,0.0,0.002644181686609678,0.000987348331123292,0.0,0.0,0.0,0.0009567396564857996,0.0,0.0,0.0015017793546530179,0.0023425329191684194,0.0,0.0,0.0007660331195072246,0.0,0.0,0.0,0.0,0.0,0.0,0.0,0.0,0.0,0.006888283750975508,0.0,0.006935253577136878,0.0,0.0,0.0,0.0,0.0,0.0,0.0,0.0,0.0,0.0,0.0,0.0,0.0,0.0,0.0,0.0,0.0,0.0,0.0,0.0
ATCGGTTACCTAGTAA-1,0.05829955680500055,0.19996390957898863,0.01412856629002547,0.0,0.0,0.0,0.009253777613307243,0.013913317879892395,0.0,0.0,0.0,0.025668234558362896,0.0016434424055159587,0.007271381107749947,0.0,0.0,0.0,0.0079924822260692,0.0,0.009673592671220178,0.0,0.0,0.003005673138420522,0.0,0.00328971583161285,0.0,0.0,0.0,0.001429355746893251,0.013123767835301108,0.0014311390466234745,0.007800752362480489,0.0015775929968819297,0.0,0.0,0.0009036716709645152,0.0,0.0,0.0,0.0,0.0,0.0,0.004492316101966849,0.0028651249987740363,0.0,0.0,0.0,0.0,0.0,0.0,0.004684570166025288,0.0,0.0019147230249171511,0.0,0.0,0.0022730118578546347,0.0,0.0,0.0,0.0,0.0,0.0,0.0,0.0,0.0,0.0,0.0,0.0,0.0,0.0,0.0,0.0,0.0,0.0,0.0008964082297339474,0.00037970948119089235,0.0,0.0,0.0,0.0004410870679546124,0.0,0.0,0.0,0.0,0.0,0.0,0.0,0.0,0.0,0.0,0.0,0.0,0.0,0.0,0.0,0.0,0.0,0.0,0.0,0.0,0.0,0.0,0.0,0.0,0.0,0.0,0.0,0.0,0.0,0.0,0.0,0.0,0.0,0.0,0.0,0.0,0.0,0.0,0.0
ATGAAGCCAAGGAGCC-1,0.5714430298114002,0.14387732646425383,0.030589059056073217,0.0115390790073523,0.058734334725904454,0.0,0.0,0.0,0.0,0.0,0.04304193852404415,0.020161627182862088,0.0,0.0,0.06577025710728097,0.0,0.0,0.020008074682925064,0.016239284387109455,0.0,0.01098591388833442,0.0,0.012639324944248922,0.0,0.0,0.0032022197209138335,0.0,0.0045507503672028585,0.0,0.0,0.0,0.0,0.0,0.0,0.0,0.0,0.035755957432421825,0.0,0.0,0.0,0.0,0.0,0.0,0.0,0.0,0.0,0.0,0.0,0.0,0.0,0.0,0.0,0.0,0.0,0.0,0.0,0.0,0.00576953950367615,0.0,0.0,0.0,0.0,0.0,0.0,0.0,0.0,0.0,0.0,0.0,0.0,0.00576953950367615,0.0,0.0,0.0,0.0,0.0,0.0,0.0,0.0,0.0,0.0,0.0,0.0,0.0,0.0,0.0,0.0,0.0,0.0,0.0,0.0,0.0,0.0,0.0,0.0,0.0,0.0,0.0,0.0,0.0,0.0,0.0,0.0,0.0,0.0,0.0,0.0,0.0,0.0,0.0,0.0,0.0,0.0,0.0,0.0,0.0,0.0,0.0,0.0
ATGACGCGTTCTATCC-1,0.01431380181900364,0.0014632441007672637,0.013350062220186393,0.0009133422014401053,0.0,0.0,0.007143295571076262,0.031405875272886394,0.0,0.0011509535882421246,0.0,0.0,0.004093799748378478,0.015708709307024636,0.020779820826182738,0.0,0.019254559455140784,0.003817002079960537,0.0,0.028321192094640745,0.016517334009197755,0.0032016852968838614,0.0,0.00029977510253196866,0.012115378799850217,0.0019186686583367166,0.00016369656409038685,0.0,0.002676050470328054,0.00456562507284088,0.0002610495542828327,0.006087819960565379,0.0,0.0017183533625914956,0.0,0.0008490758748841658,0.0,0.00023460908862140786,0.015427385376799328,0.0,0.0,0.0,0.0009889418845694538,0.0,0.0,0.0,0.0,0.0,0.0,0.0004502492635798048,0.0007380242849760242,0.00036354731341927977,0.0019192629318839924,0.0,0.00016779302719359057,0.0,0.003231900293152243,0.0,0.0,0.0008604692246000817,0.0,0.0,0.0,0.0,0.0,4.062850185792129e-05,0.0,0.0,0.0006055490301399602,0.0007764256474825519,0.0,0.0,0.0015696170051383036,0.0,0.0012224128109021865,0.0,0.0,0.0,0.0,0.0,0.0006088872242274634,0.0,0.00023736707508340672,0.0,0.0,0.0,0.00020147468154734947,0.0,0.0,0.0,0.0,0.0,0.0,0.0,0.0,0.0,0.0,0.0,0.0,0.0,0.0,0.0,0.0,0.0,0.0,0.0,0.0,0.0,0.0008200922948698278,0.0,0.0,0.0,0.0,0.0,0.0,0.0,0.0,0.0,0.0
ATGAGGAGTGTTAATC-1,0.5102003556602268,0.0,0.0,0.0,0.11647741575165478,0.0,0.06579677406864136,0.0,0.04163003820895619,0.0071942784888325865,0.0,0.01627639426206366,0.0,0.023729243963340623,0.0,0.18034895304901646,0.0,0.031139975036896344,0.0,0.0,0.0,0.0,0.0,0.0,0.0,0.0,0.0,0.003785861623640213,0.0,0.0,0.004643702525043235,0.0,0.008169261949550323,0.0,0.0027553549301457606,0.0,0.0,0.0,0.0,0.0,0.0,0.0,0.0,0.0,0.0,0.0,0.0,0.0,0.0,0.0,0.0,0.0,0.0,0.0064196319161903635,0.0,0.0,0.0,0.0,0.0,0.0,0.0,0.0,0.0,0.0,0.0,0.004643702525043235,0.0,0.0,0.0,0.0,0.0,0.0,0.0,0.0,0.0,0.0,0.0,0.0,0.0,0.0,0.0,0.0,0.0,0.0,0.0,0.0,0.0,0.0,0.0,0.0,0.0,0.0,0.0,0.0,0.0,0.0,0.0,0.0,0.0,0.0,0.0,0.0,0.0,0.0,0.0,0.0,0.0,0.0,0.0,0.0,0.0,0.0,0.0,0.0,0.0,0.0,0.0,0.0,0.0
ATGATCGGGAATAGAC-1,0.31963665525034596,0.04899992750334634,0.03168900425896909,0.008656382870478247,0.0,0.0,0.030019403124123434,0.018088801945015397,0.02490324428541174,0.0,0.0,0.0,0.0,0.005267361302947988,0.0,0.0,0.0,0.0,0.0,0.0,0.01396850682433916,0.0,0.0,0.0,0.0,0.00569421985431323,0.0,0.0037277484102619823,0.0,0.0,0.0,0.0,0.0,0.0,0.0,0.0,0.0,0.0,0.0,0.0,0.0,0.0,0.005821427674894032,0.0,0.0,0.005549732589884633,0.0,0.0,0.0,0.0,0.0,0.0,0.0,0.0,0.0,0.0,0.0,0.0,0.0,0.0,0.0,0.0,0.0,0.0,0.0,0.007396538364796108,0.0,0.0,0.0,0.0,0.0,0.0,0.0,0.0,0.0,0.0,0.0,0.0,0.0,0.0,0.0,0.0,0.0,0.0,0.0,0.0,0.0,0.0,0.0,0.0,0.0,0.0,0.0,0.0,0.0,0.0,0.0,0.0,0.0,0.0,0.0,0.0,0.0,0.0,0.0,0.0,0.0,0.0,0.0,0.0,0.0,0.0,0.0,0.0,0.0,0.0,0.0,0.0,0.0
ATGATGCAATGGTACA-1,0.67769725973867,0.2567585195411063,0.25408177549115685,0.14240345946115865,0.20470627054626114,0.0,0.07322831494489161,0.0,0.016462094090732543,0.0,0.1605483531856991,0.0,0.0,0.0,0.0,0.0,0.0,0.01067254124289779,0.02304533395403634,0.0009597197653355077,0.011208183981263324,0.0,0.0,0.0,0.0,0.0,0.0,0.0,0.004813568650795605,0.0,0.0,0.0,0.0059971388003251126,0.0017565338645832377,0.0,0.0,0.0,0.0,0.0,0.0,0.0,0.0,0.0,0.0,0.0,0.0,0.0,0.0059971388003251126,0.0,0.0,0.0,0.0,0.0,0.0,0.0,0.011994277600650225,0.0,0.0,0.0045080672317845995,0.0,0.0,0.0,0.0,0.0,0.0,0.0,0.0,0.0,0.0,0.0,0.0,0.0,0.0,0.0,0.0,0.0,0.0,0.0,0.0,0.0,0.0,0.0,0.0,0.0,0.0,0.0,0.0,0.0,0.0,0.0,0.0,0.0,0.0,0.0,0.0,0.0,0.0,0.0,0.0,0.0,0.0,0.0,0.0,0.0,0.0,0.0,0.002342175723097395,0.0,0.0,0.0,0.0,0.0,0.0,0.0,0.0,0.0,0.0,0.0,0.0
ATGCATGATCCAGGAT-1,0.37867721647914254,0.18916661379049168,0.06639264418456259,0.030518611533491308,0.054522474549502375,0.0,0.0,0.025910338573694406,0.015020971433317747,0.008453343401660311,0.0,0.0,0.05159921336171381,0.0,0.0,0.0,0.0,0.0,0.010906197012691988,0.0,0.0,0.002746344551261617,0.0,0.0,0.0,0.0,0.0,0.0018477135257172722,0.0,0.0,0.0031821384123341544,0.0,0.0,0.0,0.00897573534350296,0.013685045365435916,0.00430010385734046,0.0,0.0,0.0,0.0,0.0,0.0,0.0,0.0,0.00430010385734046,0.013102097121676794,0.0,0.0,0.012900311572021381,0.0,0.0,0.0,0.0,0.0,0.012900311572021381,0.0,0.0,0.0,0.0,0.0,0.0,0.0,0.0,0.0,0.0,0.0,0.0,0.0,0.003716864355309806,0.00430010385734046,0.0,0.0,0.0,0.0,0.0,0.0,0.0,0.0,0.0,0.0,0.0,0.0,0.0,0.0,0.0,0.0,0.0,0.0,0.0,0.0,0.0,0.0,0.0,0.0,0.0,0.0,0.0,0.0,0.0,0.0,0.0,0.0,0.0,0.0,0.0,0.0,0.0,0.0,0.0,0.0,0.0,0.0,0.0,0.0,0.0,0.0,0.0,0.0
ATGCGACAGTCCCATT-1,0.10423131338843446,0.0,0.02403415606131635,0.009917654606013335,0.0,0.0,0.0,0.0,0.014071088954532417,0.004284105477347191,0.0,0.0,0.0,0.0,0.0,0.0,0.0,0.0,0.0,0.0,0.0,0.011034807093330814,0.0,0.0,0.006424950560444865,0.0,0.0,0.0,0.0,0.019245888179487435,0.0,0.0,0.0,0.0,0.0,0.0,0.0,0.0,0.0,0.0,0.0,0.0,0.0,0.008666332236270965,0.0,0.005792447868217072,0.0,0.0,0.0,0.0,0.0,0.0,0.0,0.0,0.006665272855096664,0.0,0.0,0.0,0.0,0.0,0.0,0.0,0.0,0.0,0.0,0.0,0.0,0.0,0.0,0.0,0.0,0.0,0.0,0.0,0.0,0.0,0.0,0.0,0.0,0.0,0.0,0.0,0.0,0.0,0.0,0.0,0.0,0.0,0.0,0.0,0.0,0.0,0.0,0.0,0.0,0.0,0.0,0.0,0.0,0.0,0.0,0.0,0.0,0.0,0.0,0.0,0.0,0.0,0.0,0.0,0.0,0.0,0.0,0.0,0.0,0.0,0.0,0.0,0.0
ATGCTCAGTGTTGCAT-1,0.9752055625844492,0.49248215966907366,0.14976250170594832,0.09618006323502387,0.12764185967954994,0.0,0.05997335268604041,0.0,0.014379125642376402,0.0,0.0,0.0,0.0,0.0,0.0,0.0,0.019805379406256426,0.01964263320216369,0.0,0.0013737182110286636,0.003547746713986983,0.0,0.011166749668535718,0.01855587489679709,0.0012154662119286948,0.010231386633623711,0.008333002884932456,0.005624299934699494,0.0,0.0,0.003919134310051875,0.0,0.0,0.0,0.01327147006292879,0.0,0.0,0.00877371861756649,0.0,0.0,0.0,0.0,0.0,0.0,0.0,0.0,0.0020872117459591506,0.0,0.0,0.0,0.0,0.0,0.0,0.0,0.007475978066370235,0.0,0.0,0.0055462271167437535,0.0,0.0,0.0,0.0,0.0,0.0,0.003889546560413108,0.0,0.002201462357548554,0.0,0.0,0.005084883583442674,0.0,0.0,0.0,0.0,0.0,0.0,0.0,0.0,0.0,0.0,0.0,0.0,0.0,0.0,0.0,0.0,0.0007310849763395134,0.0,0.0,0.0,0.0,0.0,0.0,0.0,0.0,0.0,0.004496514580242908,0.0,0.0,0.0,0.0,0.0,0.0,0.0,0.0,0.0,0.0,0.0,0.0,0.0,0.0,0.0,0.0,0.0,0.0,0.0,0.0,0.0,0.0
ATGGCAGCCGAGAAAC-1,0.1337664465241088,0.2343948488706621,0.025613241126675908,0.0,0.0,0.00399485865656272,0.002685746904907322,0.0047815065766691565,0.0,0.0012024242064487406,0.0,0.03655743939180635,0.0007390292236915924,0.002273611375954208,0.0,0.0062409563921698216,0.03838660655051657,0.003242682382301367,0.0,0.0,0.0,0.0,0.004786661961540269,0.0,0.0026625170226757997,0.0,0.0012062976281117307,0.0008805331951244641,0.00443565644020876,0.007611105981422687,0.002794663470481155,0.010939615046877203,0.0073428283941665605,0.0022075980253727597,0.0,0.0,0.0,0.0,0.0,0.018688954911538467,0.0,0.005479408631496817,0.00441694862086501,0.003102492000279819,0.0,0.0,0.0,0.0,0.0,0.0,0.0032743835626512963,0.0,0.0,0.0,0.0012850007080493742,0.002313519101012014,0.0009343031062159343,0.0,0.0,0.002232507561746585,0.0,0.0,0.0,0.0,0.002379015752920684,0.0006189225434983282,0.0,0.0,0.0,0.0004488461644057994,0.0,0.0,0.0,0.0,0.0,0.0,0.0,0.0012271453331378723,0.0,0.0,0.0011818199757493422,0.0,0.00088856587423764,0.0,0.0,0.0,0.0,0.0,0.0,0.0,0.0,0.0,0.0,0.0,0.0,0.0,0.0,0.0,0.0,0.0,0.0,0.0,0.0015086708937384007,0.0,0.0,0.0,0.0,0.0,0.0,0.0,0.0,0.0,0.0,0.0,0.0,0.0,0.0,0.0,0.0
ATGTGAAAGCCTAATG-1,0.06559901907834127,0.12010750463073577,0.029834853147660864,0.0029647111066127526,0.003625688280962088,0.0,0.022708488010531915,0.009489575331783958,0.04627328513540912,0.024623768133269087,0.0,0.017056590315239782,0.01675065114421748,0.011122066230302386,0.022857527058665263,0.0,0.011810798058041883,0.0024191524927391268,0.0,0.003684685707576609,0.0,0.0,0.0,1.778164292631811e-05,0.005453875200609848,0.0035678197698804145,0.00032395434811488826,0.0009178454172796528,0.0021437520785724242,0.0,0.007062261147124262,0.012417840941362371,0.0,0.0,0.0,0.006608425169446751,0.0006037561895112637,0.0,0.0,0.007676276119686706,0.0,0.0031533894344699894,0.0007719404982059426,0.0006251098849704924,0.0,0.0,0.0025891553951878287,0.0019602623400691993,0.0,0.000491973481956109,0.0004461168087151962,0.0009043595566325022,0.0019455390351824809,0.0,0.0,0.00010643225869856002,0.006502116580451833,0.0,0.0,0.0,0.0006235015052998237,0.0,0.0,0.0,0.0,0.0,0.0,0.0,0.0,0.0003334480853491512,0.0,0.0,0.004098640774140089,0.0,0.0,0.0,0.0,0.0,0.0,0.00043905680203755546,0.0016037527778212297,6.626849174533648e-05,0.00013253698349067295,0.0,0.0020603370812241474,0.0012166085737106255,0.00019936061038467058,0.0,0.0014806662288558393,0.00047198928840439436,0.0003495186163318998,0.0,0.0,0.0,0.0,3.740653069295009e-05,0.0,0.0,0.0,0.0,0.0,0.0,0.0,0.0,0.0,6.626849174533648e-05,0.0,0.0,0.0,0.0,0.0,0.0,0.0,0.0,0.0,0.0,0.0,0.0,0.0
ATGTTCGTCGACCCAC-1,0.9314198802872086,0.5793070929103279,0.11449713095935325,0.05376115980845986,0.04169991139830696,0.0,0.06559255341562643,0.017695982417448096,0.012356893931713691,0.043061371492950744,0.0,0.017157911826478387,0.0012360534114419146,0.0,0.05819385551879051,0.0,0.0,0.00046646945565028775,0.015127835107081912,0.010342991599556635,0.0063737774950261734,0.0,0.007339583628646281,0.0,0.0,0.0,0.012667309336582762,0.004194940737451058,0.004160732188120238,0.0,0.007329398703678593,0.0022263253159262855,0.002138594408744508,0.0,0.0,0.006987451157183543,0.0,0.0,0.0,0.0,0.0,0.0052384737510464355,0.0014205257779729915,0.0014132385693007038,0.0,0.0,0.0,0.0,0.0,0.011897013065572396,0.0,0.0,0.0028264771386014077,0.0014132385693007038,0.0,0.0,0.0,0.0014132385693007038,0.0,0.009307502112719185,0.0,0.0,0.0032796192186897873,0.0,0.0,0.0,0.0047043420249896625,0.0,0.0,0.0,0.0,0.0,0.0,0.0,0.0,0.0,0.0,0.0,0.0,0.0,0.0011587578434642358,0.0,0.0,0.0,0.0,0.0,0.0,0.0,0.0,0.0,0.0,0.0,0.0,0.0,0.0,0.0,0.0,0.0,0.0,0.0,0.0,0.0,0.0,0.0,0.0,0.0,0.0,0.0,0.0,0.0014132385693007038,0.0,0.0,0.0,0.0,0.0,0.0,0.0,0.0,0.0
ATTAAACATGCGGACC-1,0.5066010883602367,0.3973642384265317,0.5171291924560326,0.0,0.0,0.0,0.019314913975025494,0.0,0.008864113855353985,0.0,0.0,0.0,0.006045834714589254,0.0,0.0,0.0,0.0,0.0,0.004229650639428785,0.0,0.013886591719581795,0.0,0.0,0.0,0.0,0.0,0.0,0.0,0.002521975540394419,0.00845930127885757,0.0,0.0,0.0,0.0,0.013597867848630549,0.011679145252261772,0.014994052906310448,0.0,0.0,0.0,0.0,0.0,0.003191934459459521,0.0,0.0,0.0,0.0,0.0,0.0,0.0,0.0,0.0,0.0,0.004229650639428785,0.0,0.0,0.0,0.007522409663400704,0.0,0.0,0.0,0.0,0.0,0.0,0.0,0.0,0.0,0.0,0.0,0.0,0.0,0.0,0.0,0.0,0.008679376608045809,0.0,0.0,0.0,0.0,0.0,0.0,0.0,0.0,0.00845930127885757,0.0,0.0,0.0,0.0,0.0,0.0,0.0,0.0,0.0,0.0,0.0,0.0,0.0,0.0,0.0,0.0,0.0,0.0,0.0,0.0,0.0,0.0,0.0,0.0,0.0,0.0,0.0,0.0,0.0,0.0,0.0,0.0,0.0,0.0,0.0
ATTAATACTACGCGGG-1,0.5510965007431677,0.3547975516249593,0.23544373035433533,0.04716472248223642,0.03134750564774931,0.0,0.0,0.0,0.02840676614573231,0.09607804436643295,0.0,0.025937046184562405,0.006858911018283598,0.0,0.0,0.0,0.0,0.0318225236503876,0.0,0.0,0.005223311445859355,0.0,0.008107141756858132,0.0,0.005200358655217393,0.033065072779859817,0.0,0.013830430232369156,0.004127232768733889,0.0,0.007802590567732286,0.0,0.0,0.007123602323516687,0.009385334381250455,0.016721811472624876,0.0,0.0,0.0,0.0,0.0,7.52886052467811e-05,0.0,0.003005091249245446,0.0,0.010973346624607175,0.0,0.0,0.0,0.0,0.0,0.006137690017382224,0.0,0.008804042433849326,0.0,0.0,0.0,0.0,0.0,0.0,0.0,0.013783596642895943,0.0,0.0,0.0,0.0,0.0,0.0,0.0,0.0,0.0,0.0,0.0,0.0,0.0,0.0,0.0,0.0,0.0,0.0,0.0,0.0,0.0,0.0,0.0,0.0,0.0,0.0,0.0,0.0,0.0,0.0,0.0,0.0,0.0,0.0,0.0,0.0,0.0,0.0,0.0,0.0,0.0,0.0,0.0,0.0,0.0,0.0,0.0,0.0,0.0,0.0,0.0,0.0,0.0,0.0,0.0,0.0,0.0
ATTACGCGCTGGCAGG-1,0.3207530984545849,0.0,0.1320266482522652,0.05644233701142353,0.0,0.0,0.0,0.0,0.0,0.03773857611784299,0.0,0.0,0.0,0.0,0.0,0.0,0.0,0.0,0.0,0.0,0.022853903596856007,0.0,0.0,0.0,0.0,0.0,0.0,0.0,0.0,0.0,0.0,0.0,0.0,0.0,0.0,0.0,0.0,0.0,0.0,0.0,0.0,0.0,0.0,0.0,0.0,0.0,0.0,0.0,0.0,0.0,0.0,0.0,0.0,0.0,0.0,0.0,0.0,0.0,0.0,0.0,0.0,0.0,0.0,0.0,0.0,0.0,0.0,0.0,0.0,0.0,0.0,0.0,0.0,0.0,0.0,0.0,0.0,0.0,0.0,0.0,0.0,0.0,0.0,0.0,0.0,0.0,0.0,0.0,0.0,0.0,0.0,0.0,0.0,0.0,0.0,0.0,0.0,0.0,0.0,0.0,0.0,0.0,0.0,0.0,0.0,0.0,0.0,0.0,0.0,0.0,0.0,0.0,0.0,0.0,0.0,0.0,0.0,0.0,0.0
ATTAGATTGATAGCGG-1,0.6469848413797785,0.0,0.0,0.032473889903468466,0.0,0.0,0.0,0.12219862890508776,0.016640736355658645,0.0,0.0,0.010597248008067188,0.0,0.0,0.0,0.0,0.0,0.0,0.02563179845643858,0.0,0.0,0.0,0.0,0.0,0.003022366903270036,0.0,0.0,0.0051577200253710345,0.0,0.0,0.0,0.0,0.0,0.0,0.0,0.0,0.0,0.0,0.0,0.0,0.0,0.0003067838685937417,0.004007758902161792,0.0,0.0,0.0,0.0,0.0,0.0,0.0,0.0014344164749100757,0.0,0.0,0.0,0.0,0.0,0.0,0.0,0.0,0.0,0.0,0.012108212776775373,0.0,0.0,0.0,0.0,0.0,0.0,0.0,0.0,0.0,0.0,0.0,0.012108212776775373,0.0,0.0,0.0,0.0,0.0,0.0,0.0,0.0,0.0,0.0,0.0,0.0,0.0,0.0,0.0,0.0,0.0,0.0,0.0,0.0,0.0,0.0,0.0,0.0,0.0,0.0,0.0,0.0,0.0,0.0,0.0,0.0,0.0,0.0,0.0,0.0,0.0,0.0,0.0,0.0,0.0,0.0,0.0,0.0,0.0
ATTATGCCATAGGGAG-1,0.5081918010483759,0.1061924771334791,0.0,0.0,0.0,0.0,0.028835838482690578,0.007102234985992235,0.010653647155619872,0.0,0.0,0.016951326368778954,0.0,0.0,0.0,0.0,0.0,0.0,0.004044853458901825,0.0,0.0,0.0,0.0,0.042945164893069876,0.0,0.0,0.0,0.004534330336466184,0.0,0.0,0.0,0.0,0.0,0.0,0.0,0.0,0.0,0.0,0.0,0.0,0.0,0.0,0.0036438332288502586,0.0,0.0,0.0,0.0,0.0,0.0,0.0,0.0,0.0,0.0,0.0,0.0,0.0,0.0,0.0,0.0,0.0,0.0,0.012361694140444305,0.0,0.0,0.0,0.0,0.0,0.0,0.0,0.0,0.0,0.0,0.0,0.0,0.0,0.005850217042516417,0.0,0.0,0.0,0.0,0.0,0.0,0.0,0.0,0.0,0.0,0.0,0.0,0.0,0.0,0.0,0.0,0.0,0.0,0.0,0.0,0.0,0.0,0.0,0.0,0.0,0.0,0.0,0.0,0.0,0.0,0.0,0.0,0.0,0.0,0.0,0.0,0.0,0.0,0.0,0.0,0.0,0.0,0.0
ATTCAGTAGCAGGGTC-1,1.1218509317063727,0.9885776050225366,0.18118860087341015,0.24686156646894325,0.3326542301327021,0.0,0.040059569606364184,0.027758222381290304,0.0666904431192346,0.04405286998835263,0.0,0.0,0.03094540524557543,0.03903529958432939,0.0,0.0,0.0,0.06768963027005398,0.02026534231357204,0.006200546131685516,0.004002322491859922,0.023999125588501098,0.015481104399197929,0.0,0.0,0.0,0.0,0.006603290791353507,0.0,0.0,0.012230214756054068,0.0,0.003128171357654991,0.0020034059561462886,0.0,0.018863263625137808,0.0,0.0,0.0023430920455570613,0.008223552737031072,0.0,0.004595837380963896,0.003989781697821269,0.0,0.0,0.0,0.007137866181854845,0.007148485871165499,0.0023430920455570613,0.0,0.0,0.005436003376654616,0.0,0.0,0.0,0.0,0.0,0.003482278947688468,0.0,0.0,0.0,0.0,0.0023430920455570613,0.0,0.0055290892093673594,0.001858541279868755,0.0,0.03213557052207016,0.0,0.0,0.0,0.0,0.0,0.0,0.0,0.0,0.0,0.0,0.0,0.0,0.0,0.0,0.0,0.0,0.0,0.0,0.0011221337655277803,0.0,0.0,0.0,0.0015640856788274957,0.0,0.0,0.0,0.0,0.0,0.0,0.0,0.0,0.0,0.0,0.0,0.0,0.0,0.0,0.0,0.0,0.0,0.0,0.0,0.0,0.0,0.0,0.0,0.0,0.0,0.0,0.0,0.0
ATTCATATACTGTCCA-1,0.7849457303906862,0.3047900694291036,0.0,0.0445198980835684,0.0,0.0,0.0,0.0,0.007137068867238867,0.0,0.0,0.010298685805072646,0.0012390236577415046,0.0,0.0,0.0,0.0,0.016197141501537986,0.008119739585203905,0.020161488603876225,0.00926472035969592,0.0,0.0,0.0,0.0,0.0,0.0,0.0,0.0,0.0,0.0,0.0,0.004024184463226741,0.0,0.0,0.0,0.0,0.0,0.0,0.0,0.0,0.0,0.004160384357166089,0.0,0.0,0.0,0.0,0.0,0.004024184463226741,0.0,0.0,0.0,0.0,0.0,0.0,0.0,0.0,0.0,0.004024184463226741,0.0,0.0,0.0,0.0,0.0,0.0,0.0,0.0,0.0,0.0,0.0,0.0,0.0,0.0,0.0,0.0,0.0,0.0,0.0,0.0,0.0,0.0,0.0,0.0,0.0,0.0,0.0,0.0,0.0,0.0,0.0,0.0,0.0,0.0,0.0,0.0,0.0,0.0,0.0,0.0,0.0,0.0,0.0,0.0,0.0,0.0,0.0,0.0,0.0,0.0,0.0,0.0,0.0,0.0,0.0,0.0,0.0,0.0,0.0,0.0
ATTCCCACATAAACAA-1,0.644256228737145,0.8888268274836483,0.434152324704764,0.10900900261951897,0.17525959158016574,0.0,0.0790770351841191,0.0,0.06571674237287306,0.03486099581819201,0.0,0.036037462898269944,0.02187609601522827,0.014812399695812188,0.04213224792744914,0.0,0.0,0.01736942791970599,0.01612807966308435,0.0,0.0,0.026705107345988032,0.0,0.0,0.004603211025441268,0.0,0.01368083028204732,0.016785146497671533,0.0031361179662551214,0.0,0.01725113939320979,0.0,0.004014909317747059,0.00810686699216164,0.0,0.0,0.0,0.0274846432687867,0.0,0.0,0.0,0.0,0.005682686201317045,0.0,0.0,0.0,0.0,0.0,0.0,0.004014909317747059,0.0032421001742620856,0.007738691090332184,0.0,0.0020074546588735296,0.0,0.002930575517779471,0.0,0.02516948921630816,0.0,0.0,0.0,0.0,0.0,0.0,0.0067489366619351105,0.0027389162573800713,0.0,0.0,0.0,0.0,0.0,0.0,0.0,0.0,0.0,0.0,0.0,0.0,0.0,0.0,0.0,0.0,0.0,0.0,0.0,0.0,0.0,0.0,0.0,0.0,0.002930575517779471,0.0,0.0,0.0,0.0,0.0,0.0,0.0,0.0,0.0,0.0,0.0,0.0,0.0,0.0,0.0,0.0,0.0,0.0,0.0,0.0,0.0,0.0,0.0,0.0,0.0,0.0,0.0,0.0
ATTCGACGCCGGGCCT-1,0.5010869131732575,0.2913817560730163,0.07250342663925204,0.0787285830378312,0.0,0.0,0.0,0.010605887569948631,0.0163685743736454,0.0,0.0,0.0,0.0,0.0,0.0,0.0,0.0,0.04303547037142982,0.0,0.0,0.0,0.0,0.0,0.0,0.0,0.0,0.0,0.0,0.005519028373475601,0.0,0.004122548419860018,0.0,0.0,0.002730782034609692,0.0,0.0,0.0,0.0,0.0,0.0,0.0,0.002872888887741924,0.0,0.0,0.0,0.0,0.0,0.0,0.0,0.0,0.0,0.0,0.0,0.0050611801730387216,0.0,0.0,0.0,0.015183540519116166,0.0,0.0,0.0,0.0,0.0,0.0,0.0,0.0,0.0,0.0,0.0,0.0,0.0,0.0,0.0,0.0,0.0,0.0,0.0,0.0,0.0,0.0,0.0,0.0,0.0,0.0,0.0,0.0,0.0,0.0,0.0,0.0,0.0,0.0,0.0,0.0,0.0,0.0,0.0,0.0,0.0,0.0,0.0,0.0,0.0,0.0,0.0,0.0,0.0,0.0,0.0,0.0,0.0,0.0,0.0,0.0,0.0,0.0,0.0,0.0,0.0
ATTGCTGCTCCTCCAT-1,0.03375634075273544,0.0,0.0,0.0,0.0,0.0,0.0,0.0,0.005476871613956748,0.0,0.0,0.019682902783038244,0.023414682098069704,0.0,0.0,0.0,0.0,0.0,0.0,0.009144369617614442,0.005476871613956748,0.0,0.0,0.0,0.0,0.0,0.0,0.0,0.0,0.0,0.0,0.0,0.0,0.0,0.0,0.0,0.0,0.0,0.0,0.006442200422870682,0.0,0.0,0.0,0.0,0.0,0.0,0.0,0.0,0.0,0.0,0.0,0.0,0.0,0.0,0.0,0.0,0.0,0.0,0.0,0.0,0.0,0.0,0.0,0.0,0.0,0.0,0.0,0.0,0.0,0.0,0.0,0.0,0.0,0.0,0.0,0.0,0.0,0.0,0.0,0.0,0.0,0.0,0.0,0.0,0.0,0.0,0.0,0.0,0.0,0.0,0.0,0.0,0.0,0.0,0.0,0.0,0.0,0.0,0.0,0.0,0.0,0.0,0.0,0.0,0.0,0.0,0.0,0.0,0.0,0.0,0.0,0.0,0.0,0.0,0.0,0.0,0.0,0.0,0.0
ATTTAACTCGTATTAC-1,0.11493969326875272,0.0,0.0,0.0063373959309372865,0.014663568196416635,0.0,0.0,0.0,0.014475512234692083,0.0,0.0,0.0,0.0,0.010941002878006229,0.0,0.0,0.0,0.0,0.0,0.0,0.0,0.0,0.0,0.0,0.0,0.0,0.0,0.0063373959309372865,0.0,0.0,0.0,0.0,0.010891011404493778,0.0,0.0,0.0,0.0,0.0,0.0,0.0,0.0,0.0,0.0,0.008934740784734399,0.0,0.013139051029694237,0.0,0.008934740784734399,0.0,0.0,0.0,0.0,0.0,0.0,0.0,0.0,0.0,0.0,0.008934740784734399,0.0,0.0,0.0,0.0,0.0,0.0,0.00351723099487691,0.0,0.0,0.0,0.0,0.008934740784734399,0.0,0.0,0.0,0.0,0.0,0.0,0.0,0.0,0.0,0.0,0.0,0.0,0.0,0.0,0.0,0.0,0.0,0.0,0.0,0.0,0.0,0.0,0.0,0.0,0.0,0.0,0.0,0.0,0.0,0.0,0.0,0.0,0.0,0.0,0.0,0.0,0.0,0.0,0.0,0.0,0.0,0.0,0.0,0.0,0.0,0.0,0.0,0.0
ATTTACAGTTTACTGG-1,0.33905100040292463,0.08122461082295164,0.0,0.0,0.0,0.0,0.08598037980795604,0.0,0.057080129079411034,0.0,0.0,0.0,0.03431693133012781,0.005250703789107731,0.0,0.0,0.0,0.011330482631521342,0.0,0.0,0.006433542563734376,0.02439437077716899,0.0,0.0,0.0,0.0,0.010934279025505624,0.0020014211118978705,0.0,0.005250703789107731,0.004651920157068933,0.0,0.0,0.0,0.0,0.0,0.0,0.0,0.0,0.0,0.0,0.0,0.0,0.0,0.0,0.014447338765337898,0.0,0.0,0.0,0.0,0.0,0.0,0.0,0.0,0.0,0.0,0.0,0.005250703789107731,0.0,0.0,0.0,0.0,0.0,0.0,0.0,0.002316961158752615,0.0,0.0,0.0,0.0,0.0,0.005250703789107731,0.0,0.0,0.0,0.0,0.0,0.0,0.0,0.0,0.0,0.0,0.0,0.0,0.0,0.0,0.0,0.0,0.0,0.0,0.0,0.0,0.0,0.005250703789107731,0.0,0.0,0.0,0.0,0.0,0.0,0.0,0.0,0.0,0.0,0.0,0.0,0.0,0.0,0.0,0.0,0.0,0.0,0.0,0.0,0.0,0.0,0.0,0.0,0.0
ATTTCCGGGTTCTGCG-1,0.012210689949975585,0.022425213022291383,0.005918127975336843,0.0015951160675376113,0.00022457273113753577,0.0,0.0,0.010455383405284964,0.0036962332900293904,0.002856778850205456,0.0,0.0,0.00925081931624563,0.01754245458582799,0.005577310663552751,0.0006397828062661713,0.03891996544642318,0.0012772189585731515,0.0,0.051390978594762625,0.009261485233332707,0.003211136833306178,0.0,0.001851442298626083,0.018626592785565596,0.01583214741404282,6.867709931070183e-05,0.00027990806440349625,0.0013763268958623218,0.009088181465030163,0.0016679022613662092,0.013540550012580081,0.0,0.0,0.0,0.0,0.0,0.0,0.014864104903901196,0.0,0.0,0.0008059975882948444,0.0012166097092491117,0.0,0.0,0.0,0.00013161946440843196,9.350924448002764e-05,0.0,0.0002632389288168639,0.0033399382129319162,0.0,0.00412199634287401,0.0,9.350924448002764e-05,0.0032694242166437034,0.005569785483758341,0.0,0.0,0.0,0.0,0.0,0.0,0.0034982010064687026,0.0,0.0,0.0,0.0,0.0,0.0013876942966339644,0.0,0.0,0.000810640655871984,0.0,0.0,0.0,0.0,0.0,0.0,0.0005437773472664998,0.00018147326222305756,0.005663785480430973,0.0,0.0,9.350924448002764e-05,0.0,0.00019917846649697763,0.0,0.0008502739435706357,0.0,0.0,0.00016563062073881376,0.0,0.0,0.0,0.0,0.0,0.00016310546342315194,0.0,0.0,0.0,0.0,0.0,0.0,0.0,0.0,0.0,0.0,0.0,0.0,0.0,0.0,0.00047364298001370634,0.0,0.0,0.0,9.350924448002764e-05,0.0,0.0
ATTTGCGCGAGTAGCT-1,0.019236804558815927,0.003586894889453262,0.0025808747803783816,0.0004130783839409791,0.0,0.0017824454095434175,0.009489026872007745,0.006905111496364309,0.0,0.0003374557300627101,0.0,0.0,0.002438177817320685,0.01486633505026992,0.009883840906842004,0.0,0.017347680827464577,0.003207045562771662,0.0,0.030389461359585892,0.02021781934259155,0.0,0.0,0.005615951841360418,0.011065093191307256,0.00470241120293252,0.0,0.00015716567844999062,0.00133894556980076,0.018696120623573845,0.00016489082523463576,0.008210346053891981,0.0,0.0,0.0,0.0,0.0,0.0,0.01666103396593405,0.0,0.0,5.1135334982462536e-05,0.0005334062163253146,0.0,0.0,0.0,0.0,0.0,0.0,0.00010726269875215263,8.753738996659892e-05,0.0,0.0020370695445748707,0.0,0.0006945101539599949,0.00035412388393294737,0.0010143988664819946,0.0,0.0,0.0005725442067607912,0.0,0.0,0.0,0.0,0.0,2.5072867232183594e-05,0.0,0.0,0.0,0.0004150717800091016,0.0,0.0,0.0011859972848122595,0.0,0.0006401760156454404,0.0,0.0,0.0,0.0,0.0003877655925087855,0.0005653696841325638,0.005315774868936409,0.00027507762847726213,0.0,0.0,0.0,0.00010475171200646166,0.0,0.0,0.0,0.0,0.0,0.0,0.0,0.0,0.0,0.0,0.0003063242671501325,0.0,0.0,0.0,0.0,0.0,0.0,0.0,0.0,0.0,0.0,0.0,0.0,0.0,0.0,4.2088405533356964e-05,0.0,0.0,0.0,0.0,0.0,0.00016778240448475895
ATTTGTTCCAGGGCTC-1,0.6525882347638238,0.09219279624563746,0.12230597064370409,0.11786513927879215,0.0,0.0,0.0,0.0,0.024549910476513837,0.0,0.0,0.0,0.03387463077228009,0.0,0.0,0.0,0.0,0.0,0.011357942825982743,0.007172131583526583,0.010877322259435026,0.0,0.0,0.0,0.0,0.0,0.028355509247822788,0.008666591356437697,0.0,0.0,0.0040660001574641695,0.001095430081240631,0.005532244273135063,0.013034249811450628,0.0,0.0,0.0,0.0,0.0,0.0,0.0,0.0,0.0,0.0,0.0,0.005532244273135063,0.0,0.0,0.0,0.0,0.0,0.0040600213207176595,0.0,0.0,0.008804677839926148,0.0,0.0,0.0,0.0,0.0,0.0,0.0,0.0,0.0,0.0042984568234549275,0.0,0.0,0.0,0.009038471308308597,0.0,0.0,0.0,0.0,0.0,0.0,0.0,0.0,0.0,0.0,0.0,0.0,0.0,0.0,0.0,0.0,0.0,6.953100222262174e-05,0.0,0.0,0.0,0.0,0.0,0.0,0.0,0.0,0.0,0.0,0.0,0.0,0.0,0.0,0.0,0.0033827119269798337,0.0,0.0,0.0,0.0,0.0,0.0,0.0,0.0,0.0,0.0,0.0,0.0,0.0,0.0,0.0,0.0
CAAACGAGTATCGCAG-1,0.494241440240165,0.5400220898020897,0.051319764285463525,0.048520304632515776,0.13812193182877716,0.2505914601525512,0.0,0.0,0.006823552097738864,0.009501312097926585,0.0,0.0,0.0,0.0,0.0,0.0,0.0,0.0,0.006607222343383763,0.0,0.010556097120001618,0.0,0.021810279241558157,0.0,0.0012585984612060246,0.0,0.0,0.0,0.022054878455701945,0.0,0.0,0.0,0.0,0.0,0.0,0.0,0.0,0.0,0.0,0.0,0.0,0.0,0.0,0.0,0.0,0.0,0.0,0.0,0.0,0.007748743643813661,0.0,0.0,0.0,0.0,0.0,0.0,0.0,0.0,0.007748743643813661,0.0,0.0,0.0,0.0,0.0,0.0,0.0,0.0,0.0,0.0,0.0,0.0,0.0,0.0,0.0,0.0,0.0,0.0,0.007748743643813661,0.0,0.0,0.0,0.0,0.0,0.0,0.0,0.0,0.0,0.0,0.0,0.0,0.0,0.0,0.0,0.0,0.0,0.0,0.0,0.0,0.0,0.0,0.0,0.0,0.0,0.0,0.0,0.0,0.0,0.0,0.0,0.0,0.0,0.0,0.0,0.0,0.0,0.0,0.0,0.0,0.0
CAAACGGTCGCACTTT-1,0.2994380311326716,0.0,0.0,0.0,0.0,0.0,0.0,0.0,0.030839174758237203,0.0,0.0,0.0,0.0,0.0,0.0,0.0,0.0,0.0,0.0,0.0,0.010437453175189734,0.0,0.0,0.0,0.0,0.0,0.0,0.0,0.0,0.0,0.0022824906611967084,0.0,0.0,0.0,0.0,0.0,0.0,0.0,0.01359604670900178,0.0,0.0,0.0,0.0,0.007097057856597099,0.0,0.014194115713194198,0.0,0.0,0.012294351807583474,0.0,0.0,0.0,0.0,0.0,0.0,0.0,0.0,0.0,0.0,0.0,0.0,0.0,0.0,0.0,0.0,0.0,0.0,0.0,0.0,0.0,0.0,0.0,0.0,0.0,0.0,0.0,0.0,0.0,0.0,0.0,0.0,0.0,0.0,0.0,0.0,0.0,0.0,0.0,0.0,0.0,0.0,0.0,0.0,0.0,0.0,0.0,0.0,0.0,0.0,0.0,0.0,0.0,0.0,0.0,0.0,0.0,0.0,0.0,0.0,0.0,0.0,0.0,0.0,0.0,0.0,0.0,0.0,0.0,0.0
CAAATCTCTCACAAGG-1,0.4719389612219971,0.35438869555183006,0.17633633827311468,0.055476426627452446,0.0,0.0,0.09236839064367236,0.0,0.005340920765696099,0.09467669720204655,0.0,0.008040724855006185,0.0,0.034183548220654815,0.06458352355215823,0.07638806881071317,0.0,0.0,0.010440535977738283,0.01338386701937334,0.007699273807730851,0.0,0.0,0.0,0.001670515080526932,0.0,0.0,0.0022393640906246907,0.002763868679705781,0.0,0.014606851685955326,0.0,0.0,0.001172607372241081,0.0,0.00766238293919041,0.04233445230206937,0.008791770582480199,0.0,0.0,0.0,0.002164439377372613,0.00040020705439709807,0.0,0.0,0.0,0.01591557074834507,0.0,0.0,0.005625708178792302,0.0,0.011538201698075273,0.0,0.0,0.0,0.0,0.0,0.0,0.003199319924903374,0.0,0.0,0.0,0.0,0.0,0.0,0.006251823419557461,0.0,0.0,0.0,0.0,0.0,0.0,0.0005323279889820889,0.0,0.0,0.0,0.0,0.0,0.0,0.0,0.0,0.0,0.0,0.0,0.0,0.0,0.0,0.0,0.0,0.0,0.0,0.0,0.0,0.0,0.0,0.0,0.0,0.0,0.0,0.0,0.0,0.0,0.0,0.0,0.0,0.0,0.0,0.0,0.0,0.0,0.0,0.0,0.0,0.0,0.0,0.0,0.0,0.0,0.0
CAAATGTCCTTCCGTG-1,0.6822499835883944,0.4425521142238928,0.2505055817219131,0.08483170809845422,0.07919657396088281,0.0,0.0,0.019487655914940748,0.01596211855879844,0.0,0.0,0.0,0.0,0.020749540573676683,0.10951111147972101,0.0,0.0,0.014545604270110509,0.030260828341904196,0.005031495809562036,0.0,0.0,0.0,0.0,0.0032028852758559006,0.0,0.0,0.0,0.0,0.004157026257856292,0.0,0.0,0.0,0.0061535210976361885,0.008571102062768277,0.0,0.0,0.0,0.0,0.0,0.0,0.0,0.0,0.008314052515712584,0.0,0.0,0.0,0.0,0.004157026257856292,0.0,0.0,0.013419486872045826,0.0,0.0,0.007518785910158668,0.0,0.0,0.0,0.0,0.0,0.0,0.0,0.0,0.0,0.0,0.0,0.0,0.0,0.0,0.0,0.0,0.0,0.0,0.0,0.0,0.0,0.0,0.0,0.0,0.0,0.0,0.0,0.0,0.0,0.0,0.0,0.0,0.0,0.0,0.0,0.0,0.0,0.0,0.0,0.0,0.0,0.0,0.0,0.0,0.0,0.0,0.0,0.0,0.0,0.0,0.0,0.0,0.0,0.0,0.0,0.0,0.0,0.0,0.0,0.0,0.0,0.0,0.0,0.0
CAACGACCCGTTTACA-1,0.725963694890409,0.27648407653265883,0.10865983171026337,0.03917127677910656,0.18590135440410105,0.0,0.0,0.0,0.02257468969601478,0.0,0.0,0.017360697908691186,0.0,0.0,0.0,0.0,0.0,0.04955385481846141,0.01910982847952445,0.0,0.01932095676453996,0.0,0.0,0.0,0.0,0.0,0.0,0.00638191706582965,0.0,0.0,0.004363335011175057,0.0,0.016019164381603328,0.011216755538014616,0.0,0.0,0.0,0.0,0.0,0.0,0.0,0.0,0.0025820122662238067,0.0,0.0,0.0,0.0,0.0,0.0,0.0,0.0012207098329161685,0.0,0.0,0.0,0.0,0.0,0.0,0.0,0.0,0.019721616567812832,0.0,0.010111755883821499,0.0,0.0,0.0029271785803524878,0.0,0.0,0.0,0.0,0.011978988344980427,0.0,0.0,0.0,0.0,0.0,0.0,0.0,0.0,0.0,0.0,0.0,0.0,0.0,0.0,0.0,0.0,0.0,0.0,0.0,0.0,0.0,0.0,0.0,0.0,0.0,0.0,0.0,0.0,0.0,0.0,0.0,0.0,0.0,0.0,0.0,0.0,0.0,0.0,0.0,0.0,0.0,0.0,0.0,0.0,0.0,0.0,0.0,0.0,0.0
CAACTGCTCATCCGAT-1,0.04790325932259728,0.02452121647159201,0.0,0.00033689138709609484,0.0,0.002178897112686166,0.0081691382549131,0.025132446312112203,0.0,0.0008748491009303663,0.0,0.0,0.004287667112092341,0.014173650609188538,0.013412505477279513,0.0,0.030010359920665662,0.004301051279606394,0.0,0.028436738065196882,0.009702962092896113,0.0,0.0,0.0018157303385236542,0.021312344071956986,0.0,6.328549047737025e-05,0.00017804487854771806,0.0011153665085024663,0.009278582132481249,0.0012986620813601186,0.004752764002489723,0.0,9.851477607346007e-05,0.0,0.0,0.0,0.0003068923729000338,0.0011554606471106971,0.0,0.0,0.00038102651594540686,0.0005451860693143597,0.0,0.0,0.0,0.0,0.0,0.0,0.0005623868196473595,0.007728312621450597,0.0,0.0027017098577430503,0.0,0.0,0.00038694977366224596,0.00030813543933898193,0.0,0.0,0.0006635961460491604,0.0,0.0,0.0,0.0,0.0005371436692826953,0.00012067245514068092,0.0,0.0,0.0,0.00019666018004641306,0.0,0.0,0.0005938344932547494,0.0,0.0,0.0,0.0,0.0,0.0,0.0,7.696477974717177e-05,0.0,0.0,0.0,0.0,0.0,0.00010336411106049714,0.0,0.0,0.0,0.0,0.0,0.0,0.0,0.0,0.0,0.0,0.0,0.0,0.0,0.0,0.0,0.0,0.0,0.0,0.0,0.0,0.0,0.0,0.0,0.0,0.0,0.0005623868196473595,0.0,0.0,0.0,0.0,0.0,0.0002474729346938105
CAAGCACCAAATGCCT-1,0.34448869342746385,0.0,0.08845263381813795,0.029170622403601063,0.06264684314221189,0.0,0.02914500402048307,0.006279498054989087,0.0,0.0,0.0,0.008573011901232028,0.0,0.010845830649130426,0.0,0.0,0.0,0.0,0.0,0.0,0.0,0.0,0.011953226138055429,0.0,0.0,0.0,0.0,0.00687546275288972,0.0,0.0,0.0,0.0,0.0,0.0,0.0,0.0,0.0,0.0,0.0,0.0,0.021046178707396394,0.0,0.0,0.0,0.0,0.0,0.0,0.0,0.010408672489515117,0.0,0.0,0.0,0.0,0.0,0.012236279037529788,0.0,0.0,0.0,0.0,0.0,0.0,0.0,0.0,0.0,0.0,0.0,0.0,0.0,0.0,0.0,0.0,0.0,0.0,0.0,0.0,0.0,0.0,0.0,0.0,0.0,0.0,0.0,0.0,0.0,0.0,0.0,0.0,0.0,0.0,0.0,0.0,0.0,0.0,0.0,0.0,0.0,0.0,0.0,0.0,0.0,0.0,0.0,0.0,0.0,0.0,0.0,0.0,0.0,0.0,0.0,0.0,0.0,0.0,0.0,0.0,0.0,0.0,0.0,0.0
CAAGGATCGCATGTTC-1,0.18499138766234827,0.4383179330135905,0.3380766836351823,0.06380098534119813,0.0,0.0,0.0,0.0,0.0,0.0,0.0,0.016440339696441236,0.0,0.0,0.0,0.0,0.0,0.0,0.0,0.0,0.007844172155454935,0.0,0.026554116048284733,0.0,0.0032650901506826114,0.0,0.0,0.0,0.0,0.0,0.0,0.0,0.0131966637879102,0.0,0.0,0.0,0.0,0.0,0.02209951132778394,0.0,0.0,0.0,0.0,0.0,0.0,0.0,0.0,0.0,0.0,0.004231040986150979,0.0,0.0,0.004231040986150979,0.007524277418797876,0.0,0.0,0.0,0.0,0.009829285857595977,0.0,0.0,0.0,0.0,0.0,0.0,0.0,0.0,0.0,0.0,0.0,0.0,0.0,0.0,0.0,0.0,0.0,0.005672386369112324,0.0,0.0,0.0,0.0,0.0,0.0,0.0,0.0,0.0,0.0,0.0,0.0,0.0,0.0,0.0,0.0,0.0,0.0,0.0,0.0,0.0,0.0,0.0,0.0,0.0,0.0,0.0,0.0,0.0,0.0,0.0,0.0,0.0,0.0,0.0,0.0,0.0,0.0,0.0,0.0,0.0,0.0
CAATACGCTCTGAGGC-1,0.02351447104718354,0.00022922667690512596,0.010031659464176328,0.001915868011391068,0.0,0.0,0.007516341920067447,0.01732751804769816,0.0013792002718756129,0.002893564579072929,0.0,0.018014080970425568,0.006591969581096099,0.005055020603288155,0.005339207370378534,0.0006898653041941531,0.01367586656755845,0.0012143653891018217,0.0,0.010425456503259099,0.0037952170352353503,0.0,0.0,0.00031978792288484307,0.010848071206638695,0.0,0.0003667149553417364,0.0,0.0025813974697239555,0.009478245987793477,8.696438843229246e-05,0.013061043330499466,0.0,0.0021117872471917106,0.0,0.0009281747022226033,0.0,0.0,0.01733974874709411,0.0,0.0,0.0019324191392227211,0.0010765416140237124,0.0,0.0,0.0,0.0,0.0,0.0,0.0,0.0016723701424983788,0.0,0.0018662403546478076,0.0,0.0003457989218270811,0.0,0.0011413846517003444,0.0,0.002582487347961111,0.0,0.0,0.0,0.0,0.0,0.0005863272608524024,0.0,0.0,0.0,0.0,0.00015122486156304732,0.0,0.0,0.0006913987567733633,0.0,0.0,0.00015184403735724142,0.0,0.0,0.0,0.0,0.0007730274497024888,0.0,9.47300993042239e-05,0.0,0.0,0.0,0.0,0.0,0.0,0.0,0.0,0.0,0.0,0.0,0.0,0.0,0.0,0.00043618773190171257,0.0,0.0,0.0,0.0,0.0,0.0,0.0,0.0,0.0,0.0,0.0,0.0,0.0,0.0,0.0,0.0,0.0,0.0,0.0,0.0,0.0
CAATATTCTTGACCTA-1,0.08473864344475175,0.06075820414021887,0.0,0.0018306668665513562,0.0016292449887092845,0.0,0.008315060390680687,0.0353943389744781,0.0,0.00507139019601828,0.012217003965800506,0.008566626137398637,0.0019984684048150476,0.01116823820521503,0.011767031388478484,0.0,0.0016521610245648524,0.0061349811299926315,0.0,0.022736305585943757,0.0068673895423965285,0.011298661648869912,0.0,0.004297154381918629,0.01662986133617668,0.005459270321753419,0.0,0.00033022354748489253,0.0007394823212330183,0.007449499086537984,0.0009340442881408978,0.027838655260561285,0.0,0.0,0.0,0.0,0.0,0.0005973540235355952,0.0,0.007229680124189618,0.0,0.0031751649470294174,0.0027174120411806247,0.0,0.0,0.0,0.0,0.0,0.0,0.0011312848333746462,0.010113817810684338,0.0,0.001512850632636624,0.0,0.0007719819264845227,0.00017685407157950377,0.0008047315964657242,0.0,0.0,0.0,0.0,0.0,0.0,0.0,0.00029482255746627684,0.0001922259373217386,0.0,0.0,0.0,0.00045381495928641916,0.0,0.0,0.00043218010623809623,0.0,0.0,0.0,0.0,0.0,0.0,0.0,0.00035732057271120463,0.0,0.00021133483787548534,0.0,0.0,0.0,0.0004945304342257764,0.0,0.0,0.0,0.00045064048236208656,0.0,0.0,0.0,0.0,0.0,0.0,0.0,0.0,0.0,0.0,0.0,0.0,0.0,0.0,3.9768012958911094e-05,0.0,0.0,0.0,0.0,0.0,0.0,0.00010566741893774267,0.0,0.0,0.0,0.0,0.0,0.0
CAATTTCGTATAAGGG-1,0.7468045172863949,0.34204972037438997,0.05634834862111925,0.08559005541036552,0.04102593258871262,0.0,0.04923015607067074,0.050739294034407426,0.017419772601697733,0.002556489773832121,0.0,0.0,0.016288086830716517,0.008026093154377042,0.0,0.0,0.0,0.0054537786451338485,0.005334182140908683,0.0010701619193721754,0.0,0.009011248991226717,0.0,0.0,0.0,0.0018089636826306163,0.005164826877635095,0.001022318449692063,0.006532173063017514,0.0,0.0,0.0,0.0,0.0013962816300313646,0.0036054942355480527,0.0,0.0,0.0,0.0,0.0,0.0,0.0,0.0,0.0,0.0,0.0030680438865091737,0.0,0.0,0.0,0.0036816709913883995,0.0,0.0037936393071203453,0.0,0.00259679843616418,0.0,0.0,0.0,0.0,0.0,0.0,0.0,0.0,0.0,0.0,0.0,0.0,0.0,0.006229029692036385,0.0,0.0,0.004502409195811328,0.0,0.0,0.0,0.0017711012637285268,0.0,0.0,0.0,0.0,0.00129839921808209,0.0,0.0,0.0,0.0030007084088456712,0.0,0.0,0.0,0.0,0.0,0.0,0.0,0.0,0.0,0.0,0.0,0.0,0.0,0.0,0.0,0.0,0.0,0.0,0.0,0.0,0.0007459292349517625,0.0,0.0,0.0,0.0,0.0,0.0,0.0,0.0,0.0,0.0,0.0,0.0,0.0,0.0
CACAATGAGCTGCTAT-1,0.2901804607703479,0.0,0.1428955975530355,0.09166371215825062,0.0,0.0,0.0,0.005804375577605743,0.006357892148734225,0.0,0.0,0.0,0.004274553421376481,0.0,0.0,0.0,0.0,0.007087468161621845,0.0,0.004264602700415034,0.011604497705590112,0.0,0.0,0.0,0.0,0.0,0.010449961308269827,0.0,0.0038844930945538753,0.0,0.0,0.0,0.0,0.0,0.004511970648518478,0.0,0.0,0.0,0.0,0.0,0.0,0.0,0.0054207401145533384,0.0,0.0,0.0,0.0,0.0,0.0,0.0,0.0,0.0,0.0,0.0,0.0,0.0,0.0,0.0,0.0,0.0,0.0,0.0,0.0,0.0,0.0,0.0,0.0,0.0,0.0,0.0,0.0,0.0,0.0,0.0072235245502390915,0.0,0.0,0.0,0.0,0.0,0.0072235245502390915,0.0,0.0,0.0,0.0,0.0,0.0,0.0,0.0,0.0,0.0,0.0,0.0,0.0,0.0,0.0,0.0,0.0,0.0,0.0,0.0,0.0,0.0,0.0,0.0,0.0,0.0,0.0,0.0,0.0,0.0,0.0,0.0,0.0,0.0,0.0,0.0,0.0,0.0,0.0
CACACAGGGATAGATT-1,1.075738240951631,1.4084977842970832,0.23859806154571048,0.11336906385589592,0.06233428278933609,0.0,0.11036617045858146,0.03265270834652148,0.07461436338820282,0.0006740584403878308,0.07099833117234955,0.02593923199559727,0.08334578748700149,0.02419865028306179,0.0,0.05854905188657025,0.0,0.03000753792702774,0.01921345993305076,0.0,0.01091592477399939,0.06107330212050733,0.012843762569232267,0.02897510033764761,0.0,0.0018599885655007805,0.02068536867918199,0.028258091797274985,0.001981014878258554,0.0027211484958573557,0.021128397076563204,0.0,0.01266974042261439,0.010662514240563463,0.0,0.0,0.0,0.0,0.0,0.0,0.0,0.001828215928779336,0.00277892666844034,0.0022720815512907435,0.0,0.0048453615662455984,0.0,0.0,0.0,0.0,0.0,0.0,0.0,0.0,0.0,0.0,0.0,0.0,0.0,0.0,0.01251403273177387,0.0,0.0,0.0,0.007265281037360254,0.004332545063989866,0.0025007291145815354,0.0,0.0,0.0018542613382073311,0.0,0.0,0.0,0.0,0.00047355756885411333,0.0,0.0,0.002235190382320045,0.0,0.0008716947863669083,0.00048713108051581203,0.0008716947863669083,0.0,0.0,0.0026932672662332417,0.0,0.0,0.0,0.0,0.0,0.0,0.0013795690473006753,0.0,0.0,0.0,0.0,0.0,0.0,0.0031165457896421955,0.0,0.0,0.0,0.00036123360311837276,0.0,0.0,0.0,0.0,0.0,0.0,0.0,0.0,0.0,0.0,0.0,0.0,0.0,0.0,0.0,0.0
CACAGCACCCACGGCA-1,0.35881270979081753,0.31669162504414616,0.0,0.0,0.0,0.0,0.0,0.0,0.0,0.0,0.0,0.0,0.0,0.0,0.0,0.0,0.0,0.010576870657890314,0.0,0.0,0.0,0.0,0.0,0.0,0.0,0.0,0.0,0.0,0.0,0.0,0.0,0.0,0.0,0.0,0.0,0.0,0.0,0.0,0.0,0.0,0.0,0.0,0.0037834926290602013,0.0,0.0,0.0,0.0,0.0,0.0,0.0,0.0,0.0,0.0,0.0,0.0,0.0,0.0,0.0,0.0,0.0,0.0,0.010063226691799139,0.0,0.0,0.0,0.0,0.0,0.0,0.0,0.0,0.0,0.0,0.0,0.0,0.0,0.0,0.0,0.0,0.0,0.0,0.0,0.0,0.0,0.0,0.0,0.0,0.0,0.0,0.0,0.0,0.0,0.0,0.0,0.0,0.0,0.0,0.0,0.0,0.0,0.0,0.0,0.0,0.0,0.0,0.0,0.0,0.0,0.0,0.0,0.0,0.0,0.0,0.0,0.0,0.0,0.0,0.0,0.0,0.0
CACATATTAGCAGGAT-1,0.3501520572979708,0.0,0.09589866402558622,0.04623898817889151,0.0,0.12031796432691949,0.0,0.0,0.0,0.0,0.0,0.0085878734082923,0.0187992468095036,0.0,0.0,0.0,0.0,0.0,0.0,0.009013039157437012,0.0,0.0,0.0,0.0,0.0,0.0,0.0,0.0,0.0,0.0,0.0,0.0,0.0,0.0,0.0,0.0,0.0,0.0,0.0,0.0,0.0,0.0,0.0,0.0,0.0,0.0,0.0,0.009827479799215536,0.0,0.0,0.0,0.0,0.0,0.0,0.0,0.0,0.0,0.0,0.0,0.0,0.0,0.0,0.0,0.0,0.0,0.0,0.0,0.0,0.0,0.0,0.0,0.0,0.0,0.0,0.0,0.0,0.0,0.0,0.0,0.0,0.0,0.0,0.0,0.0,0.0,0.0,0.0,0.0,0.0,0.0,0.0,0.0,0.0,0.0,0.0,0.0,0.0,0.0,0.0,0.0,0.0,0.0,0.0,0.0,0.0,0.0,0.0,0.0,0.0,0.0,0.0,0.0,0.0,0.0,0.0,0.0,0.0,0.0,0.0
CACCACGCCACACAGA-1,0.028644612836874164,0.04204284481145554,0.0115913088634317,0.0,0.0,0.0,0.0035858719327747602,0.0,0.0019972113779353445,0.005043994762519606,0.0,0.018993210102154157,0.005120894566855697,0.012386643344219682,0.0,0.0,0.0,0.0,0.0,0.01555371135831733,0.0038090056887478295,0.0,0.0,0.0,0.0093500317052707,0.0,0.0,0.0,0.0,0.01733384637673113,9.838766818097055e-05,0.005001838894765529,0.0,0.0,0.0,0.0,0.0,0.0006598340859385736,0.0,0.0,0.0,0.0,0.0005529491127525745,0.0,0.0,0.0,0.0,0.0,0.0,0.0,0.0,0.0,0.0031725896023615404,0.0,0.0,0.0,0.0,0.0,0.0,0.0,0.0,0.0,0.0,0.0,0.0010092157106659496,0.0,0.0,0.0,0.0,0.0,0.0,0.0,0.000504218752171089,0.0,0.0,0.0,0.0,0.0,0.0,0.0,0.0015392457674552962,0.0,0.0,0.0,0.0,0.0,0.0,0.0,0.0,0.0,0.0,0.0,0.0,0.0,0.0,0.0,0.0,0.0,0.0,0.0,0.0,0.0,0.0,0.0,0.0,0.0,0.0,0.0,0.0,0.0,0.0,0.0,0.0,0.0,0.0,0.0,0.0,0.0,0.0
CACCCGGTTTGTGACT-1,0.1597462498861883,0.07743931887297752,0.0187760767802735,0.004589065011189769,0.001416155001063673,0.0,0.02394968321782819,0.040355698633174245,0.0,0.02634801200590931,0.0,0.008804194263509839,0.0005534128557929884,0.006361572357861876,0.0034198921657162037,0.001928031482080705,0.0,0.005752901084238227,0.0,0.010095945810870064,0.007105905467028961,0.0,0.0,0.002693859900939245,0.01199312497113933,0.010145091952406319,0.0005153727863463489,0.0011093772343369142,0.0005875706130670246,0.0,0.0022015645676745337,0.01990226058056481,0.0020328494645228392,0.0011514834545585824,0.0,0.0010806499467784676,0.0,0.001529820179877298,0.0009364826856077244,0.0,0.0,0.0030366825572265862,0.0036257007717630588,0.0003317755990797424,0.0,0.0,0.0,0.0,0.0,0.0006707117225462037,0.0065973238550478186,0.0012749406606455767,0.0005076061797880652,0.0,0.001251928698472124,0.004286941254804519,0.00022216822504275344,0.0,0.0,0.00298598324484083,0.0,0.0,0.0,0.0,0.0,0.00021545672482259338,0.0,0.0,0.0,0.0,0.0,0.0,0.0004770201481647388,0.0,0.001017367441309523,0.0,0.0,0.0,0.0008682136741572339,0.0002634258443962931,0.0001750274350125086,0.0,0.00045807594877044465,0.0,0.0,0.0001567790194077438,0.00022807759019680634,0.0,0.0012985519122764252,0.0,0.0,0.0,0.0,0.0,0.0,0.0,0.0,0.0,0.0,0.0,0.0,0.0,0.0007016445436097887,0.00029253311984504474,0.0,0.0,0.0,0.0,0.00037137587620575234,0.0,0.0,0.0,0.0,0.0,0.0,0.0,0.0,0.0,0.0
CACCGTTAGGGATCAC-1,0.052067313656276655,0.04463483736443247,0.01343200523180385,0.0019442513080337484,0.0014266096548419106,0.0,0.009160032804374111,0.01672613731499461,0.0,0.0022445730654006724,0.0,0.0,0.010728708471258671,0.0008678610636661247,0.012555664334712027,0.0,0.020364787691366425,0.002432636856255189,0.0,0.021420854132053198,0.010227905289334082,0.0,0.0,0.0012263338670654082,0.007904557209802883,0.00221707662622114,0.0,0.0006103356967485861,0.0007328970318585251,0.01583674355478929,0.0008777961395118202,0.012087069584045616,0.0,0.0,0.0,0.001846552700305482,0.0,0.0012916257759426463,0.014044482159410218,0.0,0.0,0.0005714779239792973,0.002018239234704262,0.0,0.0,0.0,0.0,0.00018757071934176063,0.0,0.00020685987797591906,0.0010740700890441476,0.0012731352188414626,0.0011496363114071914,0.0,0.0019091264226498152,0.00025247897997464835,0.0028645663886815833,0.0,0.0,0.0,0.0,0.0,0.0,0.0,0.0006444880310656559,0.0,0.0,0.0,0.0,0.0007912312928682482,0.0,0.0,0.00027445101123660083,0.0,0.0,0.0,0.0,0.0,0.00094595186810043,0.0,0.0002733618111881648,0.0,0.0,0.0,0.0,0.0,0.0002880325840663709,0.0,0.0,0.0,0.0001393027330529407,0.0,0.0,0.00018757071934176063,0.0,0.0,0.0,0.0,0.0,0.0,0.0,0.0,0.0,0.0,0.0,0.0,0.0,0.0,0.0,0.0,0.0,0.0,0.0,0.0,0.0,0.0,0.0,0.0,0.0
CACCGTTGCGCGATAT-1,0.3950654186828297,0.22022418190182186,0.08440655588167625,0.017026186415989276,0.03121526509830848,0.0,0.00376001050965636,0.02095539585799986,0.024694307062274306,0.04500039681795714,0.0,0.01735683673147629,0.010712916101282104,0.019754363525886054,0.0,0.0,0.0,0.0,0.024822668163664588,0.0,0.00644456299318472,0.0,0.003304456436710822,0.0035770191063223948,0.0005818066551065776,0.0035639114171276496,0.005841714439563369,0.0021849025599740396,0.0010717748873660768,0.0,0.008441746517198456,0.0,0.004693285845869876,0.005349061416455906,0.0,0.0,0.0399811864181291,0.010012501992383618,0.0012645870441868345,0.0,0.0,0.0,0.0023150980242264622,0.0,0.0,0.0,0.0,0.0035258938657091,0.0,0.0015850476256988703,0.0,0.004524059258083598,0.0007925238128494352,0.0007925238128494352,0.0035131139596575635,0.0024020569634068535,0.0,0.0,0.0,0.00564574108759126,0.0,0.010318864903731413,0.0,0.0,0.0,0.0017412912800909616,0.0,0.0,0.0,0.0,0.0,0.0,0.0,0.0,0.0,0.0,0.0,0.0,0.0,0.0,0.0,0.0,0.0,0.0,0.00030199502636576824,0.005571671174087017,0.0,0.0032537788955943996,0.0,0.0007925238128494352,0.0,0.0,0.0,0.0,0.003590740790865866,0.0,0.0,0.0,0.0,0.0,0.004128211344270929,0.0,0.0,0.0,0.0,0.0,0.0,0.002070615779954437,0.0,0.0,0.0,0.0,0.0,0.0,0.0,0.0,0.0012849852189392315,0.0,0.0
CACCTAATCAGTTTAC-1,0.7213029699809401,0.31290638639459056,0.05492576133296994,0.07010646400862876,0.03270977838231069,0.0,0.0,0.09404293034107455,0.03660355373764615,0.0,0.0,0.0,0.04546338630456832,0.010308785112205598,0.0,0.0,0.0,0.003569767748590024,0.03603629385855347,0.007490183388552084,0.0030699006515368444,0.0,0.01906160904995508,0.0,0.0,0.011003487889412508,0.0,0.0075456035821993925,0.002786009009535697,0.0,0.0072688990225618635,0.0,0.0033016367280788664,0.00835771535369889,0.0,0.0,0.0,0.014740196891845624,0.0,0.0,0.0,0.0,0.0,0.0,0.0,0.0,0.0,0.009927597566296407,0.0,0.0,0.0,0.003320357571816991,0.0,0.0,0.0,0.002755010945508762,0.0022944529582639016,0.0,0.0,0.0,0.0,0.0,0.0033016367280788664,0.0,0.0,0.0030699006515368444,0.0,0.0,0.0,0.006773103097498356,0.0,0.0,0.0,0.0,0.0,0.0,0.0,0.0,0.0,0.0,0.0,0.0,0.0,0.0,0.0,0.0,0.0,0.0,0.0,0.0,0.0,0.0,0.0,0.0,0.0,0.0,0.0,0.0,0.0,0.0,0.0,0.0,0.003547857967968198,0.0,0.0006757161212573269,0.0,0.0,0.0,0.0,0.0,0.0,0.0,0.0,0.0,0.0,0.0,0.0,0.0,0.0
CACCTCGATGGTGGAC-1,0.3677651611967761,0.26982824274476325,0.06496537788956128,0.026131305539749225,0.047585147686955785,0.0,0.03573965128580883,0.0,0.0,0.0,0.0,0.0,0.039841500469826235,0.0,0.0,0.0,0.0,0.004494502352270964,0.0,0.025551162606116964,0.0,0.0,0.0,0.0,0.0,0.0,0.0,0.004725807629878711,0.0,0.007623295940056052,0.0018605358337530173,0.0004901148788816623,0.005930253996528345,0.0,0.0,0.0,0.0,0.0,0.0,0.0,0.0,0.0,0.0,0.0,0.0,0.0,0.0,0.0,0.0,0.0,0.0,0.0,0.0,0.005930253996528345,0.0,0.0,0.0,0.0,0.0,0.0,0.0,0.0,0.0,0.0,0.0,0.0,0.0,0.0,0.0,0.0,0.005930253996528345,0.0,0.0,0.0,0.0,0.0,0.007623295940056052,0.0,0.0,0.0,0.0,0.0,0.0,0.0,0.0018605358337530173,0.0,0.0,0.0,0.0,0.0,0.0,0.0,0.0,0.0,0.0,0.0,0.0,0.0,0.0,0.0,0.0,0.0,0.0,0.0,0.0,0.0,0.0,0.0,0.0,0.0,0.0,0.0,0.0,0.0,0.0,0.0,0.0,0.0,0.0
CACGAAAGTTAGTCCC-1,0.44591177614225086,0.3941292182414072,0.12917292648939946,0.1170536675412875,0.10893882161239579,0.20021168993894445,0.08272136583504924,0.0,0.026619055837152992,0.0,0.0,0.0,0.0,0.0,0.0,0.0,0.0,0.056713851925387866,0.010551718601505127,0.010630869983823,0.03259808020614545,0.0,0.0,0.0,0.0,0.0354208267348206,0.0,0.006230285076805901,0.002443001675256527,0.0,0.010529852793308127,0.0011697132061767883,0.0,0.0,0.0,0.0,0.014622289321258149,0.0,0.0,0.0,0.027695639540409663,0.0,0.0,0.0,0.0,0.0,0.0,0.0,0.0,0.0,0.0,0.0,0.0,0.0,0.0,0.0,0.0,0.0,0.0,0.0,0.0,0.0,0.0,0.0,0.0,0.0,0.0,0.0,0.0,0.0,0.0,0.0,0.0,0.0,0.0,0.0,0.0,0.0,0.0,0.0,0.0,0.0,0.0,0.0,0.0,0.0,0.0,0.0,0.0,0.0,0.0,0.0,0.0,0.0,0.0,0.0,0.0,0.0,0.0,0.0,0.0,0.0,0.0,0.0,0.0,0.0,0.0,0.0,0.0,0.0,0.0,0.0,0.0,0.0,0.0,0.0,0.0,0.0,0.0
CACGGGATTGAGGGTT-1,0.5961004784253902,0.24610696088854886,0.11273726989647463,0.001187679399045048,0.08580021781419972,0.0,0.0,0.023174404749684328,0.009407706405332242,0.0029175887069387094,0.0,0.018901738746379317,0.0,0.006793984761795856,0.0,0.0,0.0,0.007043291265174743,0.004482211581112924,0.003238659167924585,0.0,0.03448517259494191,0.00181553439243395,0.0,0.0,0.010267671128444837,0.0,0.005042899023788376,0.0009360848411374858,0.0,0.003497727801940532,0.0,0.0076255150619494085,0.0,0.00789774087830569,0.002875801954058379,0.0,0.0,0.0,0.007960420733891218,0.0,0.0030164532075159737,0.0032764811393338543,0.0009176526373576668,0.0,0.00181553439243395,0.0,0.0,0.0,0.0018353052747153336,0.0009456535292266961,0.0,0.0,0.0,0.0,0.0,0.013379350210563318,0.0,0.0,0.0,0.0,0.0,0.0,0.0,0.0005480792860343836,0.0011399164073527686,0.0,0.0,0.0,0.0,0.0,0.0,0.0,0.0,0.0,0.0,0.0,0.0,0.0036054229749382578,0.0,0.00035122561457084765,0.0009176526373576668,0.0009176526373576668,0.0,0.0,0.0,0.0,0.0,0.0,0.0,0.0,0.0,0.0,0.0,0.0,0.0,0.0,0.0,0.0,0.0,0.0,0.0,0.0,0.002538142006442691,0.0,0.0,0.0,0.0,0.0,0.0,0.0,0.0030262185121568055,0.0,0.0,0.0,0.0,0.0,0.0,0.0
CACGTCGGCAACCTCT-1,0.6356847756948647,0.559009273566099,0.044305700615120805,0.018117915920994637,0.0,0.0,0.060777816068991575,0.0,0.017884899402083092,0.007412473481219684,0.0,0.02668878910092013,0.0,0.03745742788052819,0.0,0.08166507963236586,0.0,0.0,0.0,0.0038861391387264308,0.002797464955612625,0.0,0.0031685394424873867,0.01200224736897498,0.0026623423068825136,0.0,0.0,0.0010776778228097376,0.00364287377805407,0.0,0.003848494329927396,0.0044534082763819285,0.0,0.0,0.010820796847137418,0.004339192347138294,0.0,0.0,0.0,0.0,0.0,0.0,0.0,0.0,0.0,0.0,0.0,0.0,0.0,0.0,0.0,0.0,0.0,0.0,0.0,0.0,0.016809882299767948,0.0,0.0,0.0,0.0,0.0,0.0,0.0,0.0027820331999975894,0.0,0.0,0.0,0.0,0.0,0.0,0.0,0.0,0.0,0.0,0.0,0.0,0.0034106609702250225,0.0,0.0,0.00016021710258949537,0.0,0.0,0.0,0.0,0.0,0.0,0.0,0.0,0.0,0.0,0.0,0.0,0.0,0.0,0.0,0.0,0.0,0.0,0.0,0.0,0.008564915572094033,0.0,0.0,0.0,0.0,0.0,0.0,0.0,0.0,0.0,0.0,0.0,0.0,0.0,0.0,0.0,0.0,0.0
CACGTTCGTGCTCTAG-1,0.762052703793442,0.3279952534460792,0.19320015668797735,0.0,0.1689700510828068,0.0,0.0,0.0,0.005239585359464313,0.0,0.0,0.0,0.0,0.0,0.0,0.0,0.0,0.0,0.014814717708116345,0.0,0.0,0.0,0.0,0.0,0.0,0.0,0.0,0.0,0.0,0.0,0.0,0.0,0.030372010163559247,0.0,0.0,0.0,0.0,0.0,0.0,0.0,0.0,0.0,0.0,0.0,0.0,0.0,0.004953914061906302,0.0,0.0,0.0,0.0,0.0,0.0,0.0,0.02655246720242347,0.0,0.0,0.0,0.0,0.0,0.0,0.0,0.0,0.0,0.0,0.0,0.0,0.0,0.0,0.0,0.0,0.0,0.0,0.0,0.0,0.0,0.0,0.0,0.0,0.0,0.0,0.0,0.0,0.0,0.0,0.0,0.0,0.0,0.0,0.0,0.0,0.0,0.0,0.0,0.0,0.0,0.0,0.0,0.0,0.0,0.0,0.0,0.0,0.0,0.0,0.0,0.0,0.0,0.0,0.0,0.0,0.0,0.0,0.0,0.0,0.0,0.0,0.0,0.0
CACTAAAGTTGCCTAT-1,0.11824901031494883,0.0,0.0,0.0,0.0,0.0,0.052904397858814116,0.011738063584229894,0.0,0.0,0.0,0.008467581256085982,0.0021813851364972862,0.0,0.0,0.0,0.0,0.0,0.0,0.0,0.0,0.0,0.0,0.0,0.0,0.0,0.0,0.0,0.0,0.0,0.0024844930968293596,0.0,0.008174947613444863,0.0025022552076641243,0.0,0.0,0.0,0.0,0.0,0.0,0.0,0.0,0.0,0.0,0.0,0.0,0.0,0.0,0.0,0.0,0.0,0.0,0.0,0.0,0.0,0.0,0.0,0.0,0.0,0.0,0.0,0.0,0.0,0.0,0.0,0.0,0.0,0.0,0.0,0.0,0.0,0.0,0.0,0.008174947613444863,0.0,0.004685108492661773,0.0,0.0,0.0,0.0,0.0,0.0,0.0,0.0,0.0,0.0,0.0,0.0,0.0,0.0,0.0,0.0,0.0,0.0,0.0,0.0,0.0,0.0,0.0,0.0,0.0,0.0,0.0,0.0,0.0,0.0,0.0,0.0,0.0,0.0,0.0,0.0,0.0,0.0,0.0,0.0,0.0,0.0,0.0
CACTCAAGAGCTATGG-1,0.5491690983958891,0.16256474782441524,0.17537171042534816,0.0,0.0,0.23016946617711964,0.0,0.0,0.005930253996528345,0.0,0.0,0.009290808312499564,0.035869486024728954,0.0,0.0,0.0,0.0,0.0,0.00543219059964217,0.00581406823500088,0.0,0.0,0.0,0.0,0.0,0.0,0.0,0.0038176210876789156,0.0016868017780463337,0.007623295940056052,0.0,0.0,0.0,0.0,0.0,0.0,0.0,0.0,0.0,0.0,0.0,0.0,0.002493569111317263,0.0,0.0,0.0,0.0,0.0,0.010874909003718151,0.005930253996528345,0.0,0.0,0.0,0.0,0.0,0.0,0.0,0.0,0.0,0.0,0.0,0.0,0.0,0.0,0.0,0.0,0.0,0.0,0.0,0.0,0.0,0.0,0.0,0.0,0.0037481526446883524,0.0,0.0,0.0,0.0,0.0,0.0,0.0,0.0,0.0,0.0,0.0,0.0,0.0,0.0,0.0,0.0,0.0,0.0,0.0,0.0,0.0,0.0,0.0,0.0,0.0,0.0,0.0,0.0,0.0,0.0,0.0,0.0,0.0,0.0,0.0,0.0,0.0,0.0,0.0,0.0,0.0,0.0,0.0,0.0
CACTCCTATGTAAGAT-1,0.06111068700655999,0.010665899304612677,0.004834848888515033,0.00020384999661679417,0.00010970257185863308,0.0018827023875728328,0.0012162790136142894,0.02122917094533811,0.0007447185570835247,0.0010019353159921524,0.008641624880302288,0.0,0.0019411628049546526,0.015937167526975066,0.001535518398908213,0.0,0.03907201161212036,0.0014385016283441814,0.0,0.04073537136989154,0.008094758183492208,0.006369524121367629,0.0,0.00020438131276366158,0.021543420412319193,0.00768549286826912,0.0,0.0004969408554026349,0.0006186140532113582,0.0,0.0006022495657455141,0.009859921424059719,0.0,0.0,0.0,0.0,0.0,0.0007851274763208257,0.0,0.0,0.0,0.0016401230664966123,0.0013249552003462136,0.0,0.0,0.0,0.00023237188033750953,0.0,0.0,0.0018818604438535442,0.005752645204918551,0.0,0.0010823792424654783,0.0,0.00046531344479379855,0.003052935370360178,0.00041140465562452205,0.0,0.0,0.0,0.0,0.0,0.0,0.0,0.0,0.0,0.0,0.0,0.0,0.00020034759427113604,0.0,0.0,0.0009627937960653816,0.0,0.0,0.0,0.0,0.0,0.00051983857542919,0.0003645582956061213,0.0,0.0,0.0,0.0,0.0,5.355518822668394e-05,0.0002336069719825696,0.0,0.0,4.363307241177338e-05,0.0,0.0,0.0002081709913290103,0.0,0.0,0.0,0.0,0.0,0.0,0.0,0.0,0.0,0.0,0.0,0.0,0.0,0.0,0.0,0.0,0.0,0.0,0.0,0.0,0.0,0.0,0.0,0.0,0.0,0.0
CACTCGGTTAGGAGGA-1,0.7099187389436176,0.432133358882332,0.09794123818863486,0.011137495891405029,0.0,0.05465343319030697,0.08994089636839595,0.02103327206016822,0.023274029530353204,0.04169841632304466,0.08213836564475663,0.0,0.008737393749599386,0.03307451253828335,0.0,0.0,0.022717046721930204,0.001690004969263384,0.0102571810783526,0.005589717597066326,0.0028216997539630834,0.0,0.0017431874724973928,0.0,0.007063054535291785,0.0,0.009331596370972776,0.009693760090027431,0.014800509217344179,0.0,0.006495458060103687,0.0,0.0,0.013676276496337207,0.0,0.00798669510919748,0.009156573972120012,0.011447557667048126,0.0,0.0,0.0,0.012931602990627147,0.002064130451190906,0.0,0.0,0.0033041879562682266,0.007319212387305399,0.0,0.0,0.0,0.002016050147327815,0.0,0.0,0.0,0.0,0.002677240366440733,0.0,0.0,0.0,0.0,0.0,0.0,0.0,0.0,0.0,0.0023340457848139095,0.005684605653992169,0.0,0.0,0.0,0.0,0.0,0.0,0.0,0.0,0.0,0.0,0.0,0.0,0.0,0.0015993831032157055,0.0,0.0,0.0,0.0,0.004613649143847007,0.0,0.0,0.0,0.0,0.0,0.0,0.0,0.0,0.0,0.0,0.0,0.0,0.0,0.004210476464705196,0.0,0.0,0.0,0.001127274198852222,0.0,0.0,0.0,0.0,0.0,0.0,0.0,0.0,0.0,0.0,0.0,0.0,0.0,0.0,0.0
CACTTCGCCACAGGCT-1,0.7301204459384817,0.46893736969502303,0.21045903966310556,0.022264103384867295,0.17061153599491422,0.0,0.0,0.026305457130424457,0.012840766948299092,0.0011763206480250713,0.0,0.008296791584412372,0.019175204610034656,0.02424915407371104,0.0,0.0,0.0,0.012142412637663458,0.0061647430691341,0.0,0.007297172204091989,0.013058217602181203,0.0,0.020143154390095352,0.0008758385885702853,0.004606130009833268,0.0,0.0061714365789236674,0.0010668822953055106,0.0,0.0007297248926669113,0.0,0.0076683838860740795,0.0013701650849834552,0.0,0.00629093948218289,0.0,0.0,0.0,0.0,0.01565979551329448,0.0016324046940201322,0.0,0.0,0.0,0.0,0.0,0.00916007158153651,0.0,0.002176756327159171,0.0,0.0,0.002176756327159171,0.0,0.0,0.0,0.0,0.0,0.0,0.0,0.0,0.0,0.0,0.0,0.0021903474125723466,0.0008805626053128612,0.0,0.0,0.0,0.0,0.004518126470600209,0.0,0.0,0.0,0.0,0.00043834627893830984,0.0,0.0,0.0,0.0,0.0,0.0,0.0,0.0,0.0,0.0,0.0,0.0,0.0,0.0,0.002176756327159171,0.0,0.0,0.0,0.0,0.0,0.0,0.0,0.0,0.0,0.0,0.0,0.0,0.0,0.0,0.0,0.0,0.0,0.0,0.0,0.0,0.0,0.0,0.0,0.0,0.0,0.0,0.0,0.0
CAGACACCGATCGCTG-1,0.32924107136375985,0.13971727075062165,0.1617330452227879,0.08197701969127533,0.014848343439480952,0.003136018687384141,0.05778126014162285,0.07917824840971155,0.00646961895300871,0.01054623483396473,0.0678158830170393,0.028885511351846783,0.0,0.008580598094462674,0.0,0.0,0.029866716610348766,0.001664362140655945,0.0,0.003531216200287567,0.0,0.004598093108004349,0.0,0.001040215059191562,0.012923260854554041,0.002085677029483651,0.0,0.0018976874318989505,0.010694013007514455,0.005349214395402775,0.0011759889635108729,0.0038823484138432356,0.003353074910088364,0.002614828858340113,0.0031588476821567723,0.001867048578860015,0.0009875804267989786,0.0,0.0,0.0,0.0,0.0013809319897684837,0.002326425957247676,0.0,0.0,0.0,0.0,0.0,0.0,0.0012326473238276946,0.0015994324033473954,0.0,0.0007801541385302484,0.0,0.0,0.000261718663440349,0.0020371611804317247,0.0,0.0,0.0,0.0,0.0,0.0,0.0,0.0,0.0,0.0,0.0,0.0,0.0,0.0,0.0,0.0005643887277774358,0.0,0.0,0.0,0.0,0.0,0.0018230955956852286,0.0,0.0014548661209816223,0.0,0.0,0.0,0.0,0.0,0.0,0.0,0.0,0.0,0.0005221683519428747,0.0,0.0,0.0,0.0,0.0,0.0,0.0,0.0,0.0,0.0,0.0,0.00020389999262698425,0.0,0.0,0.0,0.0,0.0,0.0,0.0,0.0,0.0,0.0004524931852974461,0.0,0.0,0.0,0.0,0.0008306640505719708,0.0
CAGACGAACCTGATAC-1,0.7012699483132051,0.24532952593253549,0.2045803820440157,0.12393972078231011,0.19491974519621372,0.009627147689672476,0.002990545928712854,0.0,0.012579679710391214,0.023065991814042244,0.13739443197509732,0.010621132745162588,0.008001229167963675,0.012934798996614172,0.0,0.0,0.014718557525138903,0.0011779248034427326,0.0,0.010523272106082985,0.006274497591863545,0.0,0.0,0.0007060699984259928,0.0026135556372270906,0.0,0.0,0.0019367010969524984,0.01126059279323276,0.006651998230578682,0.0009126858038034321,0.0,0.0,0.0010513191181038164,0.006957855976486894,0.005594332127091888,0.00044891334243029625,0.0,0.0,0.0063142472760476555,0.0,0.00205811168934129,0.001972657645726265,0.0,0.0,0.0,0.0,0.0007489455651361826,0.0,0.0017228569368071855,0.0016745226542150369,0.0,0.0014978911302723653,0.0,0.0,0.00381314711904377,0.0,0.0,0.0,0.002696065302470515,0.0,0.0,0.0,0.0,0.0005169838098800807,0.0,0.0,0.0,0.0,0.0023190601978822557,0.0,0.0,0.0,0.0,0.0,0.0019382521138993514,0.0,0.0,0.0,0.00044891334243029625,0.0,0.0,0.00044891334243029625,0.0,0.0,0.0,0.0011748502971712575,0.0,0.0,0.0,0.0006618841668597222,0.0,0.0,0.0,0.0,0.0014797315676665,0.0,0.0,0.0,0.0,0.0,0.0,0.0,0.0,0.0,0.0,0.0,0.0,0.0,0.0,0.0,0.002360564856125039,0.0,0.0,0.0,0.0,0.0,0.0,0.0
CAGAGACGGTCACCCA-1,0.19788295692363478,0.19844475978027773,0.1792816528224984,0.04553390666029235,0.008013523263444481,0.0052961353825800046,0.07298240042218969,0.009321382639874988,0.010250601337429657,0.010751531619647228,0.08871538788724902,0.036162531526736555,0.013342037762690334,0.05460944561634707,0.02842009083257996,0.0,0.0,0.0,0.0,0.004331571376532318,0.0,0.0,0.005098242632140256,0.00024348991356023207,0.004922210870593777,0.0,0.005337096623999476,0.003225169819367704,0.007873820488837778,0.0,0.0010125559116304337,0.0038624833377438644,0.0,0.0014284611755885578,0.008073399000565602,0.006371672842478963,0.0,0.0,0.0,0.011641293763420367,0.0,0.0,0.0,0.0,0.0,0.0026771031345167885,0.0,0.0,0.0,0.005238663006367378,0.0013929294180451753,0.005594291890759534,0.0003340905045160461,0.0,0.0,0.0,0.0,0.0,0.0,0.0,0.0,0.0,0.002793518607042518,0.0,0.0,0.0,0.0,0.0,0.0,0.002487707684959202,0.0,0.0,0.0,0.0,0.0,0.0,0.0,0.0,0.0,0.0,0.0003399465285148241,0.0,0.0,0.0,0.0,0.0,0.0016044568391683795,0.0,0.0,0.0,0.0011189029798890097,0.0,0.0,0.0,0.0,0.0,0.0,0.0009634343895018269,0.0,0.0,0.0,0.002164472898066103,0.0,0.0,0.0,0.0,0.0,0.0,0.0,0.0,0.0003340905045160461,0.0,0.0,0.0,0.0,0.0,0.0,0.0,0.0
CAGAGCATGAGCTTGC-1,0.15646213936216896,0.051661395641685925,0.015170323545761043,0.012065237652971215,0.023793467987572526,0.06528845728630447,0.0,0.043424618342695016,0.0,0.019905060539721513,0.0,0.0,0.000531855717659756,0.0,0.0,0.0,0.0,0.018952661716591705,0.0,0.0,0.007810522164001238,0.0,0.0,0.008252291740426496,0.005976346240076648,0.0,0.0038837871558267405,0.005532497787433483,0.004804056585386702,0.0,0.0,0.0,0.01381453788025845,0.0,0.0,0.001988059111371567,0.005401735491607046,0.0,0.0,0.0,0.0,0.0,0.0,0.0,0.0,0.0018324114526280426,0.0,0.0,0.0,0.0,0.0,0.012550174667469204,0.0,0.0,0.0,0.0,0.0,0.0,0.0,0.0,0.0,0.0,0.0,0.0,0.0,0.0,0.0,0.003155655798296825,0.0,0.0,0.00569463724173821,0.0,0.0,0.0,0.0,0.0,0.0,0.0,0.0,0.0,0.0,0.0,0.0,0.0,0.0,0.0,0.0,0.0,0.0,0.0,0.0,0.0,0.0,0.003267678608363843,0.0,0.0,0.0,0.0,0.0,0.0,0.0,0.0,0.0,0.0,0.0,0.0,0.0,0.0,0.0,0.0,0.0,0.0,0.0,0.0,0.0,0.0,0.0,0.0,0.0
CAGAGGCGATGCATGA-1,0.14463475496702338,0.07706945261321417,0.02626102974449037,0.0008079860291371686,0.0,0.0,0.007458104870501681,0.06838813185205912,0.0,0.0038835988746904722,0.0075693342284555475,0.0,0.011520808111046749,0.02039960357079156,0.0034056477815994197,0.0009933379147510533,0.008620556750178062,4.6128742329453105e-05,0.0,0.015461318811254947,0.0,0.0,0.0,0.0006845209957466496,0.012295662451900892,0.0016549457999452313,0.00024051516149624635,0.0004219770426104759,0.0013849286068088195,0.006881257090491542,0.0013978923088408793,0.012099375032427521,0.0,0.0,0.0,0.001435235080795738,0.0,0.0005223742591023818,0.0011744566144310249,0.0,0.0,0.0,0.003717447225812097,0.0,0.0,0.0,0.0,0.0,0.0,0.001295331364698738,0.0008608389762255383,0.0,0.0030263683377019786,0.0,0.0,0.00022728419066071537,0.00016844702301022774,0.0,0.0,0.0,0.001259549332537082,0.0,0.0,0.0,0.0,0.0,0.0,0.0,0.0,0.0,0.0,0.0,0.0010317295973688869,0.0,0.001213314252062034,0.0,0.0,0.0,0.0,0.0,0.0011021506923254416,0.0,9.244604381895529e-05,0.0,0.0,0.0,8.877827200240446e-05,0.0,0.0,0.0,0.0,0.0,0.0,0.0,0.0,0.0001219686903740655,0.0,0.0003470558427857698,0.0,0.0,0.0,0.002307629204268482,0.0,0.0,0.0,0.0,0.0,0.0,0.0,0.0,0.0,0.0,0.0,0.0,0.0,0.0,0.0,0.0,0.0
CAGCCTCCTGCAGAGG-1,0.37688060266035306,0.05630695798366003,0.004080898383762927,0.04859429810797659,0.035088192826879375,0.0,0.00291341195170903,0.0071568848617285415,0.011666096795818594,0.02844916558846203,0.0,0.0,0.0,0.009390456422516099,0.013073804651048553,0.0,0.0,0.010936063142066535,0.009854381088886813,0.0,0.00755613835102111,0.013364748995929817,0.0,0.007510815074555718,0.0,0.006049935340506397,0.0,0.004478180682937391,0.0,0.0,0.0,0.0,0.0,0.0025227897369528153,0.0,0.0,0.007535757451878419,0.014869816412413165,0.0,0.0,0.0,0.0005752654169286146,0.0,0.0,0.0,0.0,0.0,0.0,0.0,0.0,0.0004788036084152075,0.0,0.0,0.0014235518463554654,0.0,0.0,0.0,0.0,0.0,0.005550177579380471,0.0,0.0,0.0,0.0,0.0,0.0,0.0,0.0026560560596972224,0.006328500019093904,0.0,0.0,0.0,0.0,0.0,0.0,0.0,0.0,0.0,0.0,0.0,0.0,0.0,0.0,0.0,0.0,0.0,4.368719482107522e-05,0.0,0.0,0.0,0.0,0.0,0.0,0.0,0.0,0.0,0.0,0.0,0.002847103692710931,0.0,0.0,0.0,0.0,0.0,0.0,0.0,0.0,0.0,0.0,0.0,0.0,0.0,0.0,0.0,0.0,0.0,0.0,0.0,0.0
CAGCGATTCCCTTCAA-1,0.41565498679448876,0.188918730250917,0.1653142599502578,0.05312267001047862,0.0,0.007687487632841628,0.06924352473599371,0.035214686494803395,0.0,0.027299228251762526,0.012556108464968947,0.0,0.011240985380443349,0.013844389366323696,0.045618673864740084,0.037960841547890076,0.01117142817316301,0.0015371152723394229,0.0,0.016164829936862368,0.012402135369288945,0.0,0.0014639066841903299,0.0038301919126539825,0.015002036662445598,0.0,0.004136087351913327,0.00204708572205898,0.0009701437178535899,0.0,0.00434902131974051,0.011369808849133939,0.0,0.003964685797872383,0.0,0.007378515390643088,0.0005658839814283292,0.0,0.0,0.0,0.0,0.00445616914184708,0.0020010531777418265,0.00030287286065982014,0.0,0.0,0.0,0.0,0.0,0.0,0.007269746906773462,0.0,0.00034580758923330186,0.0,0.0,0.0,0.0034273086458950974,0.0,0.0,0.0,0.0,0.0,0.0,0.0,0.0012926519641071601,0.00010907817399102763,0.0,0.0,0.0,0.0015694330371855587,0.0,0.0,0.00042462816281467475,0.0,0.0,0.0,0.0,0.0,0.0010059278738090978,0.0,0.0002748309712285662,0.0009595833868919229,0.0,0.0,0.0,0.0,0.00038001151121200353,0.0,0.0,0.0,0.0,0.0,0.0,0.0,0.0,0.0,0.0,0.0,0.0,0.0,0.00039351376595743936,0.0,0.0,0.0,0.0,0.0,0.0,0.0005658839814283292,0.0009319734218079005,0.0008151365210074922,0.0,0.0,0.0,0.0,0.0,0.0,0.0,0.0,0.0
CAGCGCCAACACGATA-1,0.002165639355261484,0.011204958574758016,0.0,0.00036005376534220177,0.0,0.0,0.0032664574579768365,0.0012694113487065177,0.0,0.0001782410236308015,0.0,0.0,0.0020037839571189456,0.009480464028805546,0.007983400343642744,0.0,0.014823309961317609,0.0016720269776024413,0.0,0.011571412134453804,0.006210246615166393,0.0011641772629847132,0.0,0.0025362396397760087,0.004751343462330193,0.0,0.0,4.110566666914565e-05,0.0,0.021579942492519145,0.00033612034937590795,0.0021946668401269472,0.0,0.0,0.0,0.0,0.0,0.0,0.013936142971417806,0.0,0.0,0.0,0.002092504955549372,0.0,0.0,0.0,0.001217391537751464,0.0,0.0,0.0005787047361359966,0.0001920696916418718,0.0,0.0003920865252492503,0.0,0.0,0.0004140059096492745,0.00023573380220943117,0.0,0.0,0.0,0.0,0.0,0.0,0.004339546832784808,0.0,0.0,0.0,0.0,0.0,0.0,0.0,0.0,9.715579116574186e-05,0.0,0.0,0.00011224547829556245,0.0,0.0,0.0,0.0,0.00046471501942637326,0.0,0.0006418614770356234,0.0,0.0,9.016818633262113e-05,1.6562587842331783e-05,0.0,0.0,0.00018658162499577219,0.0,0.0,0.0,0.0,0.0,0.0,0.0,0.0,0.0,0.0,0.0,0.0,0.0,0.0,0.0,0.0,0.0,0.0,0.0,0.0,0.0,0.0,0.0,0.0,0.0,0.00040708830370380776,0.0,0.0,0.0
CAGCTCACTGAGACAT-1,0.08930888083123052,0.22932537908047115,0.06349783666038368,0.0009177054823893774,0.002716358976946759,0.010396839763160508,0.01747498791168353,0.0,0.0017187862828886842,0.0,0.0,0.037874649062157505,0.0064482008995361715,0.0,0.0,0.0,0.0,0.006997659302880952,0.0,0.0,0.0069445415862892275,0.0,0.0,0.0,0.0,0.0,0.0,0.0,0.0007839140807542305,0.0004929977550972813,0.0,0.0,0.0,0.0,0.0009725548018549325,0.0010398535165682525,0.0,0.0,0.0,0.0,0.0,0.0,0.004053073815278375,0.0,0.0,0.0,0.0,0.001057657211413851,0.006800358267796009,0.0,0.0,0.0,0.0021646814582649693,0.0004929977550972813,0.0004929977550972813,0.0,0.0,0.0,0.0,0.0,0.0,0.0,0.0,0.0,0.0,0.0,0.0,0.0,0.0,0.0,0.0,0.0,0.0,0.0,0.0012666709158995321,0.0,0.0,0.0020740129778946646,0.0,0.0,0.0004600075904233586,0.0,0.0,0.0,0.0,0.0,0.0,0.0,0.0018030172499505824,0.0,0.0,0.0016337766436566648,0.0,0.0,0.0,0.0,0.0,0.0,0.0,0.0,0.0,0.0,0.0,0.0,0.0,0.0,0.002051036803127372,0.0,0.0,0.0,0.0,0.0,0.0,0.0,0.0,0.0,0.0,0.0,0.0
CAGCTGGCGTAACCGT-1,9.493954062034262e-05,0.01143290405582052,0.0,0.002879330128725692,0.0,0.0,0.012005698436299206,0.08197569773231882,0.0,0.0009193007103377102,0.0,0.0,0.0031518563305716002,0.005283560475693132,0.022012687745536507,0.0,0.046718239912656244,0.002023450785900661,0.0,0.009082024289681316,0.006290953170128567,0.0,0.0,0.003631386631449054,0.008423420721039186,0.0036058576384787985,0.0,0.0,0.0,0.007606488407058169,0.0016189336516678116,0.021570627378364505,0.0,0.0,0.0,0.0009322715323273381,0.0,0.0,0.013568742226562637,0.0,0.0,0.0025798382128000407,0.0006875887054857703,0.0,0.0,0.0,0.0,0.0,0.0,0.0,0.0,0.0,0.006340372997713613,0.0,0.0,0.0013188778976987049,0.0,0.0,0.0,0.0,0.0,0.0,0.0,0.0,0.0,0.0,0.0,0.0,0.0,9.493954062034262e-05,0.0,0.0,0.0016117701849287804,0.0,0.0,0.0,0.0,0.0,0.0,0.0,0.0,0.0,0.0,0.0,0.0,0.0,0.0,0.0,0.0,0.0,0.0,0.0,0.0,0.0,0.0,0.0,0.0,0.0,0.0,0.0,0.0,0.0,0.0,0.0,0.0,0.0,0.0,0.0,0.0,0.0,0.0,0.0,0.0,0.0,0.0,0.0,0.0,0.0,0.0
CAGCTTAGTAGGTAGC-1,0.8483542064473106,0.37285847595529903,0.0,0.06325599520261467,0.12692946869732405,0.1392515661009384,0.06554344427095188,0.0,0.0,0.0,0.0,0.017502900763283855,0.041878437691929365,0.0,0.0,0.0,0.0,0.033968611168133836,0.019935067865643807,0.0,0.005553206534117395,0.0,0.0168871485747737,0.0,0.0,0.0,0.0,0.005700610757775329,0.001711550945574032,0.0,0.0071728226158327395,0.0,0.0,0.0,0.0,0.0,0.0,0.0,0.0,0.0,0.0,0.0,0.0,0.0,0.0,0.0,0.006226226718280816,0.0,0.0,0.0,0.0,0.0,0.0,0.0,0.0,0.003169984295121474,0.0,0.0,0.0,0.0,0.0,0.0,0.006339968590242948,0.0,0.003246188680498732,0.0,0.0,0.0,0.0,0.0,0.0,0.0,0.0,0.0,0.0,0.0,0.0,0.0,0.0,0.0,0.0,0.0,0.0,0.0,0.0,0.0,0.0,0.0,0.0,0.0,0.0,0.0,0.0,0.0,0.0,0.0,0.0,0.0,0.0,0.0,0.0,0.0,0.0,0.0,0.0,0.0,0.0,0.0,0.0,0.0,0.0,0.0,0.0,0.0,0.0,0.0,0.0,0.0,0.0
CAGGATATATCGTTGT-1,0.807501785239543,0.18969829136325697,0.21793272001838848,0.16419777549770534,0.0,0.0,0.0,0.13709358582545858,0.03591095056142453,0.0,0.0,0.018111502007514893,0.028822198078373242,0.0,0.0,0.0,0.0,0.005510726676878236,0.0,0.0,0.0,0.027718750304559288,0.020321022364487257,0.0,0.0064209020245145736,0.0,0.0,0.0012167214642909542,0.0,0.007054415605991814,0.0,0.0,0.001968038878441217,0.0,0.0,0.0,0.0,0.0,0.0,0.03880779656559523,0.0,0.0019959552681561793,0.004554262409547908,0.0,0.0,0.002879086835721147,0.0010975075720639246,0.0,0.001968038878441217,0.0,0.0,0.0,0.0,0.0,0.00804864693006753,0.0,0.0,0.0,0.0,0.0,0.0,0.0,0.0,0.0,0.0,0.0,0.0,0.0,0.0,0.0,0.0,0.0,0.0,0.0,0.011277277896875108,0.0,0.0,0.0,0.0,0.001968038878441217,0.0,0.0,0.0,0.0,0.0020864580380762065,0.0,0.0,0.0,0.0,0.0,0.0,0.0,0.0,0.0,0.0,0.0,0.0,0.0,0.003936077756882434,0.0,0.0,0.0,0.0,0.0,0.002345354226665466,0.0,0.005198143125576806,0.0,0.0,0.0,0.0,0.0,0.0,0.0,0.0,0.0,0.0,0.0,0.0
CAGGCCGTTTGGGTGT-1,0.03323107485483834,0.06213933546642693,0.0,0.017559415307132533,0.0,0.0,0.03464073704106165,0.0,0.0,0.0,0.0,0.023417460243838284,0.0,0.0,0.0,0.0,0.0,0.0,0.0,0.0,0.008833830574793816,0.0,0.0,0.0,0.0,0.0,0.0,0.0,0.0,0.0,0.0,0.0,0.005364468559935849,0.0,0.0,0.0,0.0,0.0,0.0,0.0,0.0,0.0,0.0,0.0,0.0,0.0,0.0,0.0,0.0,0.0,0.0,0.0,0.0,0.0,0.0,0.010728937119871699,0.0,0.0,0.0,0.0,0.0,0.0,0.0,0.0,0.0,0.0,0.0,0.0,0.0,0.0,0.0,0.0,0.0,0.0,0.0,0.0,0.0,0.005364468559935849,0.0,0.0,0.0,0.0,0.0,0.0,0.0,0.0,0.0,0.0,0.0,0.0,0.0,0.0,0.0,0.0,0.0,0.0,0.0,0.0,0.0,0.0,0.0,0.0,0.0,0.0,0.0,0.0,0.0,0.0,0.0,0.0,0.0,0.0,0.0,0.0,0.0,0.0,0.0,0.0,0.0
CAGTACCAGTTTACGT-1,0.0038877045324609114,0.0016059250230834468,0.0020667951562327747,0.000292032852676724,0.00025827306118377793,0.0,0.007938134404613172,0.0031722673492274186,0.0003965792160198554,0.0018833528561057783,0.0,0.0,0.003855294309577988,0.006205947503106331,0.0027797474442927085,0.0,0.038595763279056505,3.375979149294607e-05,0.0,0.013125497070651297,0.008711160583515029,0.0,0.0,0.0,0.015423413996743861,0.0,1.0811217146759001e-05,0.00016375165753226685,0.0002524428572343133,0.0,0.0013882172604902268,0.005463529275619359,0.00021024299477657402,0.0,0.0,0.0,0.0,0.0,0.0,0.0,0.0,5.548267575428529e-05,0.00048185835271014353,0.0,0.0,0.0,0.0,0.0,0.0,0.0005638515995742664,0.0014994876321328626,0.0,0.0021174658719653973,0.0,0.0,0.00010417132304231413,0.0001114383222496133,0.0,0.0,0.0,0.0016633585993524646,0.0,0.0,0.0,0.0,0.0,0.0,0.0,0.0,0.0,0.0,0.0,0.0013874164837944147,0.0,0.0,0.0,0.0,0.0,0.0,0.0005525919013722306,0.001192474826875084,0.0,0.000358276786263216,0.0,0.0,0.0,0.0,0.0,0.0,0.0,0.0,0.0,0.0,0.0,0.0,0.0,0.0,0.0,0.0,0.0,0.0,0.0,0.0,0.0,0.0,0.0,0.0,0.0,5.912702657059539e-05,0.0,0.0,0.0,0.0,0.0,0.0,0.0,0.00027229684548971047,0.0,0.0
CAGTAGCCCACGCGGT-1,0.33992501280509846,0.020059787727967168,0.0,0.05461172511516252,0.0,0.07942861100814921,0.0,0.0,0.0,0.0,0.0,0.0,0.026618505365168476,0.0,0.0,0.0,0.0,0.0,0.0,0.0,0.0,0.0,0.0,0.006010399448342621,0.0,0.0,0.0,0.0,0.0,0.008978273295648223,0.0,0.0,0.0,0.0,0.0,0.0,0.0,0.0,0.0,0.0,0.0,0.0,0.0,0.0,0.0,0.011146176319366078,0.0,0.0,0.0,0.0,0.0,0.0,0.0,0.0,0.0,0.0,0.0,0.0,0.0,0.0,0.0,0.0,0.0,0.011430971207682604,0.0,0.0,0.0,0.0,0.0,0.0,0.0,0.0,0.0,0.0,0.0,0.0,0.0,0.0,0.0,0.0,0.0,0.0,0.0,0.0,0.0,0.0,0.0,0.0,0.0,0.0,0.0,0.0,0.0,0.0,0.0,0.0,0.0,0.0,0.0,0.0,0.0,0.0,0.0,0.0,0.0,0.0,0.0,0.0,0.0,0.0,0.0,0.0,0.0,0.0,0.0,0.0,0.0,0.0,0.0
CAGTCGAGGATGCAAT-1,0.4031729629174755,0.27100651530058956,0.0,0.04129235970789716,0.07285469130407832,0.0,0.0,0.006052754373641909,0.05349848115417573,0.021919747975325407,0.0,0.0,0.0,0.0,0.0,0.0,0.0,0.02802371657518175,0.006052754373641909,0.0,0.0,0.0,0.0,0.0,0.0,0.0,0.0,0.0,0.0,0.0,0.0,0.0,0.0,0.006518106745036693,0.0,0.0,0.0,0.0,0.0,0.0,0.0,0.0,0.0,0.0,0.0,0.0,0.0,0.0,0.0,0.007463079889872201,0.0,0.0,0.0,0.0,0.0,0.0,0.0,0.0,0.0,0.0,0.0,0.0,0.007463079889872201,0.0,0.0,0.0,0.0,0.0,0.0,0.0,0.0,0.0,0.0,0.0,0.0,0.0,0.0,0.0,0.0,0.0,0.0,0.0,0.0,0.0,0.0,0.0,0.0,0.0,0.0,0.0,0.0,0.0,0.0,0.0,0.0,0.0,0.0,0.0,0.0,0.0,0.0,0.0,0.0,0.0,0.0,0.0,0.0,0.0,0.0,0.0,0.0,0.0,0.0,0.0,0.0,0.0,0.0,0.0,0.0
CAGTCTGTATACTGGG-1,2.135399648899039,0.8823502524546436,0.8849787129540967,0.3627031013671527,0.01595271808091857,0.14282390110863688,0.013191859467589712,0.07894695746781023,0.0022304032284006284,0.0,0.0,0.016544736551082895,0.028332596960069525,0.0,0.18470805858418723,0.0,0.020770920517346518,0.00294119288596794,0.0,0.0,0.0,0.03900273541765844,0.028601031908251067,0.009869612122146721,0.0,0.0,0.0,0.0003097940394627552,0.0035832082903030104,0.005081660324826122,0.0,0.0,0.006001022049149707,0.002543323299782349,0.013436648510401173,0.0,0.0,0.0,0.01440043165044733,0.016989238994706626,0.0,0.0012610629329212221,0.004089640281793049,0.001422050526721565,0.0,0.0,0.0,0.0,0.0024864141734501134,0.0020680736711874595,0.0,0.0,0.0,0.007294078784125828,0.0,0.0,0.0,0.0,0.0,0.0,0.0,0.0,0.0,0.0,0.0026553102444508924,0.0,0.0,0.0,0.0,0.0,0.0,0.0,0.0,0.0,0.0,0.0,0.0,0.0,0.0,0.0,0.0,0.0,0.00284410105344313,0.0,0.0,0.0,0.0,0.0,0.0,0.0,0.0022363596465189593,0.001787414794132719,0.0,0.0,0.0,0.0,0.0,0.0,0.0,0.0,0.0,0.0,0.002662662095064789,0.0,0.0,0.0,0.0,0.0,0.0,0.0,0.0,0.002158415360254289,0.0,0.0,0.0,0.0,0.0,0.0,0.0
CAGTTCCGCGGGTCGA-1,1.398632576529271,0.9694441050020469,0.25750120415910643,0.1087387024989681,0.2288176922580685,0.0,0.12191191096162574,0.011245723236746195,0.10260201113455986,0.007318673011168666,0.0,0.017869022129506598,0.03854218785763964,0.01945210961359923,0.0,0.0,0.0,0.016305503034860832,0.03587751468300573,0.0069246565275459145,0.009477707138979113,0.0,0.0,0.016750090087190903,0.0,0.0070367479731028556,0.0,0.016550918018240924,0.0014760227457645523,0.0,0.020291419701195045,0.0,0.0,0.0048328305269252575,0.0,0.00887776974919714,0.0,0.0,0.0013117113310620306,0.0,0.0,0.0042932997281195,0.0048807925471440585,0.0,0.0,0.0,0.0,0.0,0.0,0.0032697991093262875,0.0,0.0,0.0,0.0,0.0,0.0,0.0,0.0,0.0,0.0,0.0,0.0,0.0,0.0,0.005975617868714076,0.003509642775847967,0.0014993579795349295,0.0,0.0,0.0,0.0,0.0,0.0,0.0,0.0,0.0,0.0,0.0,0.0,0.0,0.0,0.0008248695253030113,0.0008248695253030113,0.0008248695253030113,0.004712414852422967,0.0,0.0004919809663693967,0.0,0.0,0.0,0.0019965847932124675,0.0,0.0,0.0008248695253030113,0.0,0.0,0.0,0.0,0.0019221222891379573,0.0,0.0,0.0,0.0,0.0,0.0,0.0,0.0,0.0,0.0,0.0,0.0,0.0,0.0,0.0,0.0,0.0,0.0,0.0,0.0
CATAAGCTCTCCGTCT-1,0.1139063212984114,0.12000419353930965,0.019709991728150734,0.004230685707538915,0.0012643889795549733,0.0,0.01289182996389248,0.03500491149855656,0.0,0.00668224264426724,0.0,0.018250808671488067,0.0042933181898951005,0.0011225829521655007,0.023703765479470187,0.0,0.0,0.0009027285850610646,0.0,0.0017338249335914165,0.0,0.0,0.0,0.0005200712649925485,0.0014602238127074904,0.0,0.0014051145826388391,0.0002924606539206879,0.0019069821788534516,0.00842278297694405,0.0016066761072791353,0.011513962310321101,0.0012085097551799203,0.002178961160519033,0.0,0.0008529176938858753,0.0,0.0,0.0,0.0,0.00646354518626449,0.0009753778614756835,0.003705100900889632,0.0,0.0,0.0,0.0,0.0,0.0,0.0,0.0,0.0,0.0,0.0,0.0,6.534859244437829e-05,0.0032384576055368213,0.0,0.0,0.0,0.0006604878403688986,0.0,0.0,0.0,0.0014149103409036889,0.0,0.0,0.0,0.0,0.0,0.0,0.0,0.0002357337908698051,0.0,0.0,0.0008360079150805697,0.0,0.0,0.0,0.00022263677960589342,0.0008745374162965171,0.0,0.00016863583175426045,0.0,0.00022838297461014577,0.0,0.00021340316393404074,0.0,0.0,0.0001468783150320434,0.0,6.534859244437829e-05,0.0,0.0,0.0,0.0,0.0,0.0,0.0,0.0,0.0,0.0,0.0,0.0003430497588551597,0.0,0.0,0.0,0.0,0.0,0.0,0.0004975438424995327,0.0,0.0,0.0,0.0,0.0,0.0,0.0,0.0
CATACCCGTACCCAGT-1,0.3570553099188746,0.28365843751584574,0.07986278102540653,0.024076357487107163,0.09099333668830012,0.0,0.0,0.11244839208006278,0.025770712971912746,0.018503666986173756,0.0,0.020675574284477458,0.004300674434561848,0.009579888399662562,0.0,0.0,0.0,0.0,0.0,0.0,0.0,0.0,0.0,0.021717196841747534,0.005757052746677367,0.0,0.004632143069956823,0.0,0.003916724568964785,0.0,0.004394706373565523,0.0,0.011195796911657561,0.0,0.0,0.0,0.0,0.0,0.0,0.0,0.0,0.0,0.0,0.0,0.0,0.0,0.00469357255109035,0.0,0.0,0.0,0.0011781265831026179,0.0,0.0,0.0,0.011701402181584216,0.0,0.0,0.0,0.0,0.0,0.0,0.0,0.0,0.0,0.0,0.0,0.0,0.0,0.0,0.0,0.0041678561957697756,0.0,0.0,0.0,0.0,0.0,0.0,0.0,0.0,0.0,0.0,0.0,0.0,0.0,0.0,0.0,0.0,0.0,0.0,0.0,0.0,0.0,0.0,0.0,0.0,0.0,0.0,0.0,0.0,0.0,0.0,0.0,0.0,0.0,0.0,0.0,0.0,0.0,0.0,0.0,0.0,0.0,0.0,0.0,0.0,0.0,0.0,0.0,0.0
CATACGGCGTCTGGGC-1,0.22267075684578563,0.0,0.07920536131679415,0.06411981555731079,0.0,0.2085822002138696,0.0,0.0,0.001537257641833416,0.0,0.21588761880417412,0.01941377534164583,0.0035283548598238623,0.0,0.0,0.0,0.0,0.0,0.0,0.0036267615541590885,0.0,0.0,0.0,0.0,0.0008785503406218937,0.0,0.010155753842670315,0.0,0.0,0.0,0.0,0.0,0.0,0.006086993048317539,0.0,0.0,0.021008419443669567,0.0,0.0,0.0,0.027139448336061477,0.0,0.0,0.0,0.0,0.0,0.0,0.0,0.0,0.0,0.0,0.0,0.0,0.0,0.0,0.0,0.0,0.0,0.0,0.0,0.0,0.0,0.0,0.0,0.0,0.0,0.0,0.0,0.0,0.0,0.0,0.0,0.0,0.0,0.0,0.0,0.0,0.0,0.0,0.0,0.0,0.0,0.0,0.0,0.0,0.0,0.0,0.0,0.0,0.0,0.0,0.0,0.0,0.0,0.0,0.0,0.0,0.0,0.0,0.0,0.0,0.0,0.0,0.0,0.0,0.0,0.0,0.0,0.0,0.0,0.0,0.0,0.0,0.0,0.0,0.0,0.0,0.0,0.0
CATACTATGTAATTGT-1,0.12775110405334333,0.04810222140599284,0.0,0.0,0.0,0.0,0.0,0.0,0.023630091432461444,0.01176142937510435,0.0,0.0,0.012187789305754083,0.0,0.0,0.0,0.0,0.0,0.004189319774832718,0.0,0.0,0.0,0.0,0.0,0.0,0.0,0.0,0.0,0.0,0.0,0.0,0.0,0.0,0.0,0.0,0.0,0.0,0.0,0.0,0.0,0.0,0.0,0.0,0.0,0.0,0.0,0.0,0.0,0.0,0.0,0.0,0.0,0.0,0.0,0.0,0.0,0.0,0.0,0.0,0.0,0.0,0.0,0.0,0.0,0.0,0.0,0.0,0.0,0.0,0.0,0.0,0.0,0.0,0.0,0.0,0.0,0.0,0.0,0.0,0.0,0.0,0.0,0.0,0.0,0.0,0.0,0.0,0.0,0.0,0.0,0.0,0.0,0.0,0.0,0.0,0.0,0.0,0.0,0.0,0.0,0.0,0.0,0.0,0.0,0.0,0.0,0.0,0.0,0.0,0.0,0.0,0.0,0.0,0.0,0.0,0.0,0.0,0.0,0.0
CATAGCCGCCCGGGAT-1,1.0739823681725644,1.3072411346353094,0.3219024256426465,0.15803031591309594,0.10590235362062597,0.0,0.07486928062614856,0.027494584161710956,0.06579291667246746,0.010748089800442902,0.0,0.02002888440157064,0.04035357393137684,0.014810611893329235,0.0,0.0,0.0,0.0,0.014962000383617304,0.0,0.0030270299169764493,0.0,0.03159406725072957,0.038217781857334265,0.0,0.029555572732103567,0.0,0.012725013995682445,0.0011612602682137129,0.0043648681784825135,0.012834277738438093,0.0003740924711197143,0.0022630881132932245,0.006209878412258533,0.0,0.0,0.0,0.0,0.0,0.0,0.0,0.0003634665126609012,0.0051860049559637675,0.0,0.0,0.010445088076620729,0.0,0.0,0.0032613992061715025,0.0,0.0,0.0,0.0,0.0022630881132932245,0.0,0.0,0.0,0.004526176226586449,0.0,0.0,0.0,0.0,0.0,0.0,0.0,0.0031614628883995296,0.000727449544537655,0.0,0.0,0.0,0.0,0.0,0.0,0.0,0.0,0.0,0.0,0.0,0.0,0.0,0.0015630136362467155,0.0,0.0,0.0,0.003073381645386914,0.0,0.000531616168517794,0.0,0.0,0.0,0.0,0.0,0.0,0.0,0.0,0.0,0.0,0.0,0.0,0.006829680670306934,0.0,0.0,0.0,0.0,0.0,0.0,0.0011533669077608728,0.0,0.0,0.0,0.0,0.0,0.0,0.0022630881132932245,0.0,0.0,0.0,0.0,0.0
CATAGCGTTGCCCACC-1,0.1101888433953541,0.06172922068253287,0.007421564654955913,0.002418488513110625,0.0,0.0,0.010619410942660855,0.02560505050519344,0.0,0.005160554714620708,0.0027503337055860815,0.008493625565526325,0.006747353124759543,0.020287208192032967,0.011756233686428067,0.0,0.01700313397211657,0.002524658231733586,0.0,0.011964302882547483,0.0031530365969318266,0.00449568405566219,0.0,0.00227211766714065,0.015232390186761405,0.0,0.0005581919492929212,0.0,0.0012672737214419797,0.0002145404608755504,0.0010851225237140975,0.021522856876289926,0.0007032806205693346,0.0,0.0,0.0,0.0,0.003944734051881407,0.0,0.0,0.0,0.0016304806232773335,0.002537922884945699,0.0,0.0,0.0,0.0,0.00017654066068623848,0.0,0.0,0.008642763306367445,0.0,0.00018930522769640122,0.0,0.0,0.0005600344206823714,0.0,0.0,0.0,0.0009912628001202913,0.0,0.0,0.0,0.0,0.00147803239220978,3.1379007274196706e-05,0.0,0.0,0.0,0.0,0.0,0.0,0.0007784772171937679,0.0,0.0,0.00010354859360392921,0.0,0.0,0.0,0.0,0.00030210987338614715,0.0,0.00021341265954621583,0.0,0.00042917743184597807,0.0,0.0001692604117730938,0.0,0.0007642667269957495,0.0,0.0001586578448685569,0.0,0.0,0.0,0.0,0.0,0.0,0.0,0.0,0.0,3.7851309767819537e-05,0.0,0.0,0.00019525545342898124,0.0,0.0,0.0,0.0,0.0,0.0,0.0,0.0,0.00010083804115059939,0.0,0.0,0.0,0.0,0.0,0.0
CATAGTCCACAAGAAC-1,0.24169813198632362,0.0846132767817701,0.0,0.0,0.0,0.0,0.1029189479145197,0.0,0.06807478412145192,0.008571712919339544,0.0,0.0568512310518608,0.0,0.0,0.0,0.0,0.0,0.0,0.010124174911479196,0.0,0.0059425565640863,0.0,0.0161600778047629,0.0,0.0,0.0,0.0,0.0,0.0,0.0,0.0,0.0013235358287072407,0.007637098386043735,0.0012175941129570695,0.0,0.0035435493852206705,0.0,0.0,0.0,0.0,0.0,0.0,0.0,0.0,0.0,0.0,0.0,0.0,0.0,0.0,0.0,0.0,0.0,0.0,0.0,0.0,0.0,0.0,0.0,0.0,0.0,0.0,0.0,0.0,0.0,0.0,0.0,0.0,0.0,0.0,0.0,0.0,0.0,0.0,0.0,0.0,0.0,0.0,0.0,0.0,0.0,0.0,0.0,0.0,0.0,0.0,0.0,0.0,0.0,0.0,0.0,0.0,0.0,0.0,0.0,0.0,0.0,0.0,0.0,0.0,0.0,0.0,0.0,0.0,0.0,0.0,0.0,0.0,0.0,0.0,0.0,0.0,0.0,0.0,0.0,0.0,0.0,0.0,0.0
CATATAGGTACAGTCA-1,0.3596858349621785,0.5755791873172292,0.0,0.10364302709820697,0.02186356717714705,0.22815248387342665,0.01007522664036499,0.0,0.010716639093866418,0.0,0.0,0.00836447263849064,0.02840397452425579,0.011270752288794397,0.0,0.0,0.0,0.009948380498355865,0.010521815343132176,0.007869104314676847,0.011464899860521759,0.01668963738729525,0.0,0.0,0.0,0.0,0.0,0.0,0.0020746216569880876,0.0,0.0,0.0,0.0,0.00582071505331888,0.0,0.010185979944122476,0.0,0.0016881425958902253,0.0,0.0,0.0,0.0012663333267682634,0.0013540886977216665,0.0,0.0,0.0,0.0,0.0,0.0,0.0,0.0032442258939512523,0.0,0.0028225744546680276,0.0014112872273340138,0.0,0.0,0.0,0.004768700411442136,0.0,0.0,0.0,0.0,0.004060761713400952,0.0,0.010040080710268165,0.0,0.0,0.0,0.0,0.0,0.0,0.0,0.0,0.0,0.003439641614268092,0.0,0.0,0.0,0.0,0.0,0.0,0.0,0.0,0.0,0.0,0.0,0.0,0.0,0.0,0.0,0.0,0.0,0.0,0.0,0.0,0.0,0.0,0.0,0.0,0.0,0.0,0.0,0.0,0.0,0.0,0.0,0.0,0.0,0.0013112518911606269,0.0,0.0,0.0,0.0,0.0,0.0,0.0,0.0,0.0,0.0
CATATGTCAGGCTACG-1,0.012245992988605247,0.029534214934711527,0.11453180818622158,0.0015387333839915773,0.0,0.0,0.0017243827041128958,0.05102984589176065,0.0,0.0009003143858179324,0.0,0.008627988738729803,0.012554611039804651,0.0,0.0,0.0,0.014285642149221416,0.00234879355578695,0.0,0.012814110190147969,0.0,0.0,0.0,0.0036552838235505095,0.006098541350871471,0.008958429822563434,0.0,0.0,0.0021130636032191956,0.005715895955538796,0.0022553988623027427,0.018437359074675096,0.0033237489618972733,0.0,0.0,0.0019183469651281359,0.0,0.0,0.01425440571470967,0.011423645405124786,0.0,0.0011670393957113432,0.0013338100467491284,0.0,0.0,0.0,0.0042538919050870904,0.0005179771758406374,0.0,0.002070153462494369,0.003429493630699025,0.0,0.003770319948406622,0.0,0.0,0.0028732992381137992,0.004065215628882616,0.0,0.0,0.0,0.004595441362422263,0.0,0.0,0.0,0.0,0.0,0.0,0.0,0.0,0.0,0.0,0.0,0.0009493446691325423,0.0,0.0017358184125342059,0.0,0.0,0.0012518379067450233,0.0,0.0,0.0005798335844626474,0.0,0.0,0.0,0.0,0.0,0.0,0.0,0.0,0.0,0.0,0.0,0.0,0.0,0.0,0.0,0.0,0.0,0.0,0.0,0.0,0.0,0.0,0.0,0.0,0.0,0.0,0.0,0.0,0.0,0.0,0.0,0.0,0.0,0.0,0.0,0.0,0.0,0.0
CATCGGACGGGTTAAT-1,0.6578939839216023,0.21503345171638769,0.04763409444989038,0.022260504567567205,0.013473808725478672,0.0,0.012144854044870267,0.0015618064817432633,0.007869722136753465,0.0,0.0,0.009248827034339335,0.04043572017530164,0.0,0.06315721098314474,0.0,0.0,0.019960939718962192,0.009939985798151852,0.0007885589008876407,0.0,0.0,0.0,0.013598275900601432,0.0,0.0,0.019859626495869732,0.0003774691557582998,0.002032251583057082,0.0,0.0,0.0,0.0,0.007434841497111248,0.006332010017393237,0.0015618064817432633,0.0,0.0,0.0,0.0,0.0,0.0,0.002279027729562123,0.0,0.0,0.001332942463312004,0.0,0.0,0.005301463728686978,0.0,0.0,0.0,0.0,0.001332942463312004,0.0,0.0,0.0,0.0,0.0,0.0,0.0,0.0,0.0,0.0,0.0,0.0,0.0,0.0,0.0,0.0,0.0,0.0,0.0,0.0,0.0048235696578421885,0.0,0.0,0.002248532537656169,0.0,0.0,0.0,0.0,0.0,0.0,0.0017649595419595922,0.0,0.0,0.0,0.0,0.0,0.0,0.0,0.0,0.0,0.0,0.0,0.0,0.0,0.0,0.0,0.0,0.0,0.0,0.0,0.0,0.0,0.0,0.0,0.0,0.0,0.0,0.0,0.0,0.0,0.0,0.0,0.0,0.0,0.0
CATGATGCACAATTCT-1,0.8668598340277397,0.48478142101993466,0.1502664883928301,0.048958068966817085,0.1328629460589256,0.0,0.0,0.09855369642755785,0.03768601369195981,0.0,0.0,0.0,0.053764232353123956,0.0,0.0,0.0,0.0,0.036876944546959736,0.020649398246186362,0.016121204788192678,0.0176519937706118,0.014191155800308714,0.0,0.0,0.005687901269247887,0.021939193566171213,0.016766347649490025,0.01637512058170607,0.0,0.0,0.005445421886361741,0.0,0.015906778566550372,0.01195293014051433,0.0,0.0,0.0,0.016633986573253184,0.0,0.0,0.0,0.0018815411626270347,0.0,0.0,0.0,0.0,0.0,0.0,0.0,0.0,0.0,0.0,0.0,0.0,0.0,0.0,0.0,0.0,0.0,0.005108290308164056,0.0,0.0,0.002220495621306666,0.0,0.0,0.0,0.005942483283409773,0.0,0.0,0.004507170237947436,0.0,0.0,0.0,0.0,0.0,0.0093388899199671,0.0,0.0,0.0,0.0,0.0,0.0,0.0,0.0,0.0,0.0,0.00012330636602878725,0.0,0.0,0.0,0.0,0.0,0.0,0.0,0.0,0.0,0.0,0.0,0.0,0.0,0.0,0.0,0.0,0.0,0.0006663613501848449,0.0,0.0,0.0,0.0,0.0,0.0,0.0,0.0,0.0,0.0,0.0,0.0,0.0,0.0
CATGCCAACTCGCAAA-1,0.2706068397853911,0.24704123915835355,0.009418880320744347,0.020342441925232366,0.010846862535645433,0.06411640944312143,0.02171675027813951,0.0,0.04647587457741694,0.1389506628772988,0.028841679389826354,0.0088789958592886,0.016323641606184505,0.0066926750453674,0.0,0.030496752394211474,0.0,0.00045509027472781874,0.004695951512459468,0.001972445888407659,0.0,0.0,0.0,0.0,0.00030920291788177353,0.006702531297589167,0.008401871407689103,0.007834488770603568,0.006237518042199834,0.0,0.00966060925517954,0.0011011436651195503,0.020497285098148008,0.003033238502677386,0.0,0.0036391890895227054,0.03389601407508,0.0,0.002830881387430983,0.009328773001681872,0.0,0.0014873735273061234,0.0014115104363328173,0.001815766376839978,0.0,0.004574688244084898,0.007511238704862929,0.0017306531618457353,0.0,0.0010493334367861252,0.0,0.007120157834570819,0.0008653265809228677,0.0,0.0,0.0,0.0011170969544558784,0.0,0.0,0.0,0.0,0.0,0.0,0.0,0.0,0.002074548659478486,0.0068729598672144085,0.0,0.0,0.0,0.0,0.0,0.0005591958609875645,0.0,0.0,0.0,0.0,0.0,0.0030657985385422123,0.0,0.0,0.0008653265809228677,0.0,0.0,0.0,0.00425081823346412,0.0,0.0,0.0,0.0,0.0,0.0,0.0,0.0,0.0031486974561095,0.0,0.0,0.0,0.0,0.0,0.0013899932993159303,0.0,0.0,0.0,0.0,0.0,0.0,0.001828242583023779,0.0,0.0,0.0,0.0,0.0,0.0,0.0,0.0,0.0,0.0,0.0
CATGCGACCAGTTTAA-1,0.21008116393166287,0.10757257191499232,0.0,0.0342393448516043,0.05740371564783183,0.0,0.0,0.0,0.02878239301571374,0.015995133431515852,0.0,0.02033064117962489,0.0,0.0,0.0,0.0,0.0,0.01502729986366174,0.0,0.0,0.006081046012239049,0.0,0.0,0.0,0.0,0.0,0.0,0.0,0.0,0.0,0.0,0.0,0.0,0.0,0.011208223638395107,0.0,0.021796226651470522,0.0,0.0,0.0,0.0,0.0,0.0,0.0,0.0,0.0,0.0,0.0,0.0,0.0,0.0,0.0,0.0,0.0,0.0,0.0,0.0,0.0,0.0,0.0,0.0,0.0,0.0,0.0,0.0,0.0,0.0,0.0,0.0,0.010249935991426748,0.0,0.0,0.0,0.0072654088838235075,0.0,0.0,0.0,0.0,0.0,0.0,0.0,0.0,0.0,0.0,0.0,0.0,0.0,0.0,0.0,0.0,0.0,0.0,0.0,0.0,0.0,0.0,0.0,0.0,0.0,0.0,0.0,0.0,0.0,0.0,0.0,0.0,0.0,0.0,0.0,0.0,0.0,0.0,0.0,0.0,0.0,0.0,0.0,0.0,0.0
CATGGTAAGTAGCGTT-1,0.23304294441907408,0.028520590262169652,0.03221679506493025,0.0,0.07257643087506313,0.0,0.0,0.0,0.0016957478493964265,0.0,0.0,0.0,0.0,0.0,0.0,0.0,0.02580290531297255,0.0,0.004326489789358803,0.0,0.0,0.0,0.0,0.0,0.0,0.0,0.0,0.0,0.0,0.0,0.0,0.0,0.0,0.0,0.0,0.0,0.0,0.0,0.0,0.0,0.006070148623826629,0.0,0.0,0.0,0.0,0.0,0.0,0.0,0.0,0.0,0.0,0.0,0.0,0.0,0.0,0.0,0.0,0.013240192380821029,0.0,0.0,0.0,0.0,0.0,0.0,0.0,0.0,0.0,0.0,0.0,0.0,0.0,0.0,0.0,0.0,0.0,0.0,0.0,0.0,0.0,0.0,0.0,0.0,0.0,0.0,0.0,0.0,0.0,0.0,0.0,0.0,0.0,0.0,0.0,0.0,0.0,0.0,0.0,0.0,0.0,0.0,0.0,0.0,0.0,0.0,0.0,0.0,0.0,0.0,0.0,0.0,0.0,0.0,0.0,0.0,0.0,0.0,0.0,0.0,0.0
CATGGTCTAGATACCG-1,0.2440106742708792,0.04196195140442625,0.024090602164831314,0.009077639180641358,0.0,0.0,0.0,0.0,0.007172125011406452,0.0,0.0,0.0,0.0,0.0,0.0,0.0,0.0,0.003402197347930975,0.0,0.0,0.0,0.0,0.0,0.0,0.0,0.0,0.0,0.0015320521056150264,0.0,0.0,0.002398520528888797,0.0,0.0,0.0,0.0,0.0,0.0,0.014788008876843155,0.0,0.0,0.0,0.0,0.0,0.011654043871972379,0.0,0.011654043871972379,0.0,0.013714117613897606,0.0,0.0,0.0,0.0,0.0,0.0,0.0,0.0,0.0,0.0,0.0,0.0,0.0,0.0,0.0,0.0,0.0,0.0,0.0,0.0,0.0,0.0,0.0,0.0,0.0,0.0,0.0,0.0,0.0,0.0,0.0,0.0,0.0,0.0,0.0,0.0,0.0,0.0,0.0,0.0,0.0,0.0,0.0,0.0,0.0,0.0,0.0,0.0,0.0,0.0,0.0,0.0,0.0,0.0,0.0,0.0,0.0,0.0,0.0,0.0,0.0,0.0,0.0,0.0,0.0,0.0,0.0,0.0,0.0,0.0,0.0
CATTGCGAAATGGGCG-1,0.9409848070633671,0.427574660813283,0.18398849897049327,0.020872919843831106,0.0038624488594467613,0.009774579702393356,0.09938701752006494,0.00395812666778639,0.058304353083879025,0.005784273275293303,0.0,0.0,0.0010118639951099484,0.0535660340882664,0.0,0.03519893854001834,0.0,0.0001351197348548849,0.004494097989039268,0.001722991199338416,0.0,0.018112907974321905,0.0,0.0,0.0,0.0036218942498496194,0.0,0.011633067390607443,0.012900384269800867,0.0,0.0032522861487223513,0.0,0.0005561656145640529,0.013312607493292317,0.011681266676054564,0.015017130791894564,0.05332999282960844,0.0,0.0,0.0,0.0,0.0064841863130080495,0.000959410307604298,0.0011123312291281056,0.0,0.002036771454131774,0.0,0.0029851752229282935,0.013156119558231304,0.002405803351394081,0.001400651898858873,0.01020944347493092,0.0014693813544939872,0.0,0.0,0.0007129881370493568,0.0,0.0,0.0,0.0,0.0,0.0,0.0,0.0,0.0,0.0032522861487223513,0.0,0.0,0.0,0.0,0.0,0.0,0.00010156737878938947,0.0,0.0,0.0,0.0,0.0,0.006713762844006009,0.0,0.0010453294634022719,0.0,0.0,0.0,0.0,0.0023814849807415155,0.0,0.0,0.0,0.0050630228279649435,0.0,0.0,0.0025892832715177986,0.0,0.013432125863285106,0.0,0.0,0.0,0.0,0.0,0.0,0.006538354024570403,0.0,0.0,0.0,0.001175658552438682,0.0,0.0,0.0001879665523955396,0.0,0.0,0.0,0.0,0.0,0.0005561656145640529,0.0,0.0007129881370493568,0.0,0.0
CATTTGAGTGGTACGT-1,0.3267081474986927,0.33107988778481573,0.07557585590116503,0.04574071282051513,0.005236369294696156,0.0,0.029247898951496057,0.1509777264286281,0.0,0.09071084367151269,0.0,0.0197404494135823,0.017139631555966664,0.017491249740491557,0.03721598766615985,0.056197692027329486,0.0,0.0,0.0,0.023230191811513652,0.007560982377293492,0.029873799012897804,0.005135760013009456,0.004287346501412215,0.0029278589221074978,0.0,0.0,0.00479088929621261,0.00322694233921328,0.0,0.0017908636887533874,0.0017082639928195419,0.005260995300715646,0.00384949613368042,0.0,0.0,0.0,0.0,0.003554844369129341,0.0,0.0,0.0022675186935052554,0.0009714505091435875,0.0,0.0,0.0,0.0,0.0,0.0,0.0,0.0015450431866951076,0.0,0.0,0.000955801942395443,0.0,0.0018802216500773204,0.0,0.0,0.0,0.0,0.0,0.0,0.003172093533772261,0.0,0.00226891271820971,0.0,0.0,0.0,0.0,0.0,0.0,0.0,0.0007662299052879999,0.0,0.0,0.0,0.0,0.000955801942395443,0.0,0.0,0.0,0.0,0.0,0.0,0.0,0.0,0.0,0.0,0.0,0.0,0.0,0.0,0.0,0.0,0.0,0.0,0.0,0.0012849107566558814,0.0,0.0,0.0,0.0,0.0,0.0,0.0,0.0,0.0,0.0,0.0,0.0,0.0,0.0,0.0,0.0,0.0,0.0,0.0,0.0,0.0
CCAAACAGAACCCTCG-1,0.6373390066807885,0.26147118600462793,0.09515239601550286,0.012516460628723839,0.06752053402979834,0.09361264554950906,0.0,0.07155643026086075,0.004351500577255645,0.0,0.0,0.0,0.0,0.0,0.0,0.0,0.0,0.022146472416254594,0.02106302360419347,0.0,0.026274667761293287,0.00536860103700455,0.0,0.0,0.002790350711879928,0.007871455340541803,0.0,0.011204658405023648,0.0,0.0,0.0,0.0,0.012807978682062661,0.017524120953508047,0.0,0.0,0.0,0.0,0.0,0.0,0.0,0.0,0.0,0.0,0.0,0.0,0.0,0.0,0.010657381048685372,0.0,0.0,0.0,0.0,0.0,0.0,0.005142891897209605,0.0,0.0,0.0,0.0,0.0,0.0,0.0,0.0,0.0,0.0,0.0,0.0,0.0,0.0,0.0,0.0,0.0,0.0,0.0,0.0,0.005142891897209605,0.0,0.0,0.0,0.0,0.0,0.0,0.0,0.0,0.0,0.0,0.0,0.0,0.0,0.0,0.0,0.0,0.0,0.0,0.0,0.0,0.0,0.0,0.0,0.0,0.0,0.0,0.0,0.0,0.0,0.0,0.0,0.0,0.0,0.0,0.0,0.0,0.0,0.0,0.0,0.0,0.0,0.0
CCAACGATGCACTGAT-1,0.24058375877421578,0.4289961412852853,0.08501133394825797,0.04602687550806327,0.06876457833869022,0.0,0.0,0.009257763702533523,0.05182319509567772,0.0,0.0,0.0,0.04880837507809518,0.0,0.0,0.0,0.0,0.01952135658839805,0.015998434496547587,0.0,0.0044586912517903254,0.0,0.022528073360830805,0.0,0.0,0.0,0.0,0.0016632263622920849,0.005706026663040769,0.007988523556824452,0.002855252458143432,0.0,0.006257011568858664,0.0,0.0,0.003551737039492753,0.0,0.0,0.0,0.0,0.0,0.0,0.0,0.0,0.0,0.0,0.0,0.0,0.0,0.0,0.0,0.0,0.0,0.010089052132448153,0.009683779176170953,0.0,0.0,0.0,0.0,0.0,0.0,0.0,0.0,0.0,0.0,0.0,0.0,0.0,0.0,0.0,0.0,0.0,0.0,0.0,0.0,0.0,0.0,0.0,0.0,0.0,0.0,0.0,0.0,0.0,0.0,0.0,0.0,0.0,0.0,0.0,0.0,0.0,0.0,0.0,0.0,0.0,0.0,0.0,0.0,0.0,0.0,0.0,0.0,0.0,0.0,0.0,0.0,0.0,0.0,0.0,0.0,0.0,0.0,0.0,0.0,0.0,0.0,0.0,0.0
CCAAGAAAGTGGGCGA-1,0.22072924401108823,0.14399058748440627,0.11739926560993838,0.00849136811179358,0.009301415548559094,0.0,0.06434913863390015,0.035589324817540145,0.0,0.01124750025898835,0.05709967035000461,0.044942746876271034,0.024246547872321285,0.012377333224555207,0.0,0.0,0.01360127551937912,0.000586374080473966,0.0,0.014653521973578106,0.0,0.0,0.001476264298732068,0.0,0.0033517809181418164,0.0,0.0,0.001212332700705412,0.0084942858185802,0.0,0.001021623012580661,0.0037811659339754868,0.0,0.0,0.0,0.004662760845692852,0.0,0.0,0.0,0.0,0.0,0.00038454650747072716,0.0018205555694927767,0.0050299833184939465,0.0,0.0014709949153767024,0.0,0.00037333220412794673,0.0,0.002088787322286264,0.0035216128547781696,0.0,0.003952603763007091,0.0,0.0,0.00032720944435403286,0.0,0.0,0.0,0.0,0.0,0.0,0.0,0.0,0.00048610829925430944,0.00013341715625532862,0.0,0.0,0.0,0.0,0.0,0.0,0.0004122930868911067,0.0,0.0010147396053426373,0.002154328082909308,0.0,0.0,0.0,0.0,0.00046593293412012355,0.0,0.0049127074505674875,0.0,0.00017040613614359047,0.0,4.4822497216903154e-05,0.0,0.0,0.0,0.0009606179560530642,0.0,0.0,0.0,0.0,0.0007438905403977593,0.0,0.0003727704988471482,0.0,0.0,0.0,0.0,0.0,0.0,0.0,0.0,0.0,0.0,0.0,0.0,0.0,0.0,0.0,0.0,0.0,0.0,0.0,0.0,0.0
CCAAGGAACAGAGAGG-1,0.0,0.013113324077445133,0.0,0.0,0.0,0.0,0.0,0.005874870748481333,0.0,0.0,0.0,0.0,0.007088105862804721,0.0,0.0,0.0,0.0,0.0,0.0,0.0,0.0,0.0,0.0,0.0,0.0,0.0,0.004254474810871467,0.005746136268473403,0.0,0.0,0.0,0.0,0.0,0.0,0.0,0.0,0.0,0.0,0.0,0.0,0.0,0.0,0.0,0.0,0.0,0.0,0.0,0.0,0.0,0.0,0.0,0.0,0.0,0.0,0.0,0.0,0.0,0.0,0.0,0.0,0.0,0.0,0.0,0.0,0.0,0.0,0.0,0.0,0.0,0.0,0.009557831444690284,0.0,0.0,0.0,0.0,0.0,0.0,0.01154729687841053,0.0,0.0,0.0,0.0,0.0,0.0,0.0,0.0,0.0,0.0,0.0,0.0,0.0,0.0,0.0,0.0,0.0,0.0,0.0,0.0,0.0,0.0,0.0,0.0,0.0,0.0,0.0,0.0,0.0,0.0,0.0,0.0,0.0,0.0,0.0,0.0,0.0,0.0,0.0,0.0,0.0
CCACACTGAGATATTA-1,0.19661375131637204,0.1386923282194132,0.17212191011840952,0.04495262283868464,0.0,0.1620738158101369,0.0,0.0,0.0,0.0,0.0,0.02364201797318803,0.0,0.0,0.0,0.0,0.0,0.004549393476986283,0.006182327029625075,0.0,0.012425556991675163,0.0,0.0,0.0,0.0,0.0,0.0,0.0,0.0,0.0,0.0039360903943378624,0.0,0.0,0.0,0.0,0.0,0.0,0.0,0.0,0.0,0.0,0.0,0.004945768200322288,0.0,0.0,0.0,0.0,0.0,0.0,0.0,0.0,0.0,0.0,0.0,0.0,0.0,0.0,0.0,0.0,0.0,0.0,0.0,0.0,0.0,0.0,0.0,0.0,0.0,0.0,0.0,0.0,0.0,0.0,0.0,0.0,0.0,0.0,0.0,0.0,0.0,0.0,0.0,0.0,0.0,0.005079292335539041,0.0,0.0,0.0,0.0,0.0,0.0,0.0,0.0,0.0,0.0,0.0,0.0,0.0,0.0,0.0,0.0,0.0,0.0,0.0,0.0,0.0,0.0,0.0,0.0,0.0,0.0,0.0,0.0,0.0,0.0,0.0,0.0,0.0,0.0
CCACCAACTTTACTGT-1,0.717998501323247,0.2024917229052833,0.11993340632892634,0.04943774471939931,0.0,0.00420482413258898,0.012369632817428835,0.012000725994567512,0.001732716113369808,0.10221766934880176,0.0,0.035050141315684874,0.001199088518720236,0.03409708867234378,0.01765957428978364,0.0,0.0,0.009750895453509455,0.0,0.016470257505961792,0.015440585520121779,0.007352068746454246,0.002939970999374905,0.0,0.0077553211449083274,0.0,0.0,0.0038502173445589655,0.0009743978696768868,0.0,0.00264894650488917,0.002607045345850845,0.0038049215940520156,0.002741144153575276,0.0,0.007591981461343305,0.0,0.0,0.0,0.0,0.0,0.01555490088925537,0.002340357392496737,0.0,0.0,0.00323818449049175,0.0,0.004826751311837385,0.0,0.006917262420737737,0.003266162130474724,0.011109094892242656,0.0006938075444003662,0.0,0.0,0.0,0.00041343880126553425,0.0,0.0,0.003081915554558519,0.0017040927622780696,0.0,0.004014195824544553,0.0,0.0,0.0,0.0,0.0,0.005308574139527436,0.0017990333267365313,0.0,0.0,0.0,0.0,0.0,0.0,0.0,0.0,0.002677894069775711,0.0,0.0,0.0,0.0,0.0,0.0,0.0,0.0,0.0,0.0,0.0019049602630403536,0.0009870151217362742,0.0,0.0,0.0,0.0,0.0,0.0,0.0,0.0,0.0017830486839862185,0.00041343880126553436,0.0,0.0,0.0,0.0,0.0006938075444003662,0.0,0.0,0.0018841882992805727,0.0,0.0,0.0,0.0,0.0,0.0,0.0,0.0,0.0,0.0
CCACCCAAGGAAAGTG-1,0.4441590303482359,0.14712317374276798,0.2787957320367285,0.062035703351608885,0.0,0.0,0.0,0.0,0.011830409036910565,0.012638390280279813,0.0,0.008794130740925719,0.0,0.0,0.0459783183449567,0.0,0.0,0.0068638283630364835,0.0,0.006980029975275117,0.008055078727115916,0.028401451644543954,0.0,0.0,0.004433263984724813,0.0073253766409318785,0.0,0.004062960958734044,0.0,0.0,0.0,0.0,0.01834393489002393,0.0040916852074575774,0.0,0.0,0.0,0.0,0.0,0.0,0.0,0.0,0.0,0.0,0.0,0.0,0.0,0.0,0.0,0.0,0.0,0.0,0.0,0.0,0.0,0.0,0.0,0.0,0.0,0.0,0.0,0.0,0.0,0.0,0.010790724541612139,0.0,0.0,0.0,0.0,0.0,0.0,0.0,0.0,0.0,0.0,0.0,0.0,0.0,0.0,0.0035334587178908364,0.0,0.0,0.0,0.0,0.0,0.0,0.0002838278039063834,0.0,0.0,0.0,0.0,0.0,0.0,0.0,0.0,0.0,0.0,0.0,0.0,0.0,0.0,0.0,0.0,0.0,0.0,0.0,0.0,0.0,0.0,0.0,0.0,0.0,0.0,0.0,0.0,0.0,0.0,0.0,0.0
CCACGGAGCCATAAGA-1,0.2968567050627472,0.08040190254075927,0.15179725295069219,0.0,0.0,0.0,0.05615691369391365,0.0,0.08770236305858596,0.01253957602405714,0.0,0.0,0.005365157218434824,0.0,0.0,0.0,0.0,0.0006534671077267797,0.0,0.011685474809366981,0.0,0.0,0.0,0.0,0.0014771059430166442,0.006843714217169568,0.0,0.0,0.002747525778229834,0.0,0.006504722727725678,0.011783747996043354,0.0,0.0,0.0034086199439072613,0.0,0.0,0.0,0.0,0.0,0.0,0.0,0.0018857456741212166,0.0015726924571381703,0.0,0.0,0.0,0.0,0.0,0.0,0.0,0.0,0.0,0.0,0.0,0.0,0.0,0.0,0.0,0.0,0.0,0.0,0.0,0.0,0.0,0.0,0.0,0.0,0.0,0.0,0.0,0.0,0.0,0.0,0.0,0.0,0.0,0.0015726924571381703,0.0,0.0,0.0,0.0,0.0,0.0,0.0,0.0,0.0,0.0,0.0,0.0,0.0,0.0,0.0,0.0,0.0,0.0,0.0,0.0,0.0,0.004719494828829718,0.0,0.0,0.0,0.0,0.0,0.0,0.0,0.0,0.0,0.0,0.0,0.0,0.0,0.0,0.0,0.0,0.0,0.0,0.0
CCACTGGTGGCTGGTT-1,0.28889309867797913,0.18687110727784367,0.09700045065273802,0.0,0.0,0.0,0.0,0.16489815984113057,0.010851912374148672,0.009715359346027356,0.0,0.016526595322258593,0.0,0.0,0.0,0.17472831320192037,0.0,0.0,0.010227480247910266,0.02064222667081236,0.007119084118390325,0.0,0.021144173177227794,0.018518587750005956,0.004634597340387081,0.0,0.0,0.004478547865845305,0.0,0.0,0.0019546884046491284,0.0,0.007483637688804047,0.0021481447833103305,0.0,0.0,0.0,0.0,0.0,0.01909396341928599,0.0,0.003860137181447901,0.0,0.0037418188444020236,0.0,0.0,0.011259036263874521,0.0,0.0,0.007483637688804047,0.0,0.0,0.0037418188444020236,0.0,0.0,0.0,0.0,0.0,0.0,0.0,0.0,0.0,0.005091319432261515,0.0,0.0,0.0,0.0,0.0,0.0,0.0,0.0,0.0,0.0,0.0,0.0,0.0023664191328666767,0.0,0.0,0.0,0.0,0.0,0.0,0.0,0.0,0.0,0.0,0.0,0.0,0.0,0.0,0.0,0.0,0.0,0.0,0.0,0.0,0.0,0.0,0.0,0.0,0.0037418188444020236,0.0,0.0,0.0,0.0,0.0,0.0,0.0,0.0,0.0,0.0,0.0,0.0,0.0,0.0,0.0,0.0,0.0,0.0
CCAGAAAGCAACTCAT-1,0.1413928242995745,0.042187592190823776,0.0043344870698670416,0.0,0.004680211448943905,0.0032051989220878846,0.012459233051509453,0.0017566582622647162,0.004721320346263379,0.0024916826080003413,0.0,0.009249745266229526,0.008055710394883668,0.02249690887198557,0.013223971451510223,0.0,0.0020488253545081535,0.004290283276041927,0.0,0.01699103044575013,0.007673193955198502,0.0,0.0,0.0,0.007589844096215005,0.006021334264466687,0.0002717980999263028,0.0004402275179290236,2.3740468110138756e-05,0.004464737123562548,0.0014001241086814549,0.007964881347795718,0.0022532109039822474,0.00196100387988703,0.0,0.0009822837464854742,0.0,0.0,0.0,0.0,0.0,0.0004604669666229609,0.0020328226547681005,0.0,0.0,0.0,0.0,0.0,0.0,0.0025825541751362223,0.0020598588395068953,0.0,0.0008681830412498902,0.0,0.001968191420425153,0.0,0.0,0.0,0.0,0.0,0.0058808729145262756,0.0,0.0,0.0,0.0003708636680725242,0.0,0.0,0.0,0.0,0.0,0.0,0.0,0.0008632769728512587,0.0,0.0015796484921094026,0.0,0.0,0.0,0.0,0.0,0.0003588939159286611,0.0,0.0,0.0,0.0,0.0,9.818326513938898e-05,0.0,0.0005184367947472648,0.0003420290222406905,0.0,0.0,0.0,0.0,0.0,0.0,0.0,0.0,0.0,0.0,0.0,0.0,0.0005650931304831323,0.0,0.0,0.0,0.0,0.0,0.0,0.0,0.0,0.0,0.0,0.0,0.0,0.0,0.0,0.0,0.0
CCAGCTGATGGTACTT-1,0.40393217567479084,0.321357966729797,0.09739258380095026,0.030332312056867396,0.11287949169383307,0.0,0.0,0.0,0.004072833989917987,0.0,0.0,0.027541985730082857,0.0026040712681966124,0.0,0.0,0.0,0.0,0.0,0.024535949543406245,0.0,0.012974630429533097,0.0,0.0,0.0,0.0,0.0,0.018025155830662002,0.004141021188622566,0.008167939474071904,0.006116884074749165,0.0,0.0,0.007803642091933305,0.0038392723490279484,0.0,0.0,0.0,0.0,0.0,0.0,0.0,0.0,0.0,0.0,0.0,0.0052824798924581366,0.0,0.0,0.0,0.0,0.0,0.0,0.0,0.0,0.0,0.0,0.0,0.0,0.0,0.0,0.0,0.0,0.0,0.0,0.0,0.0,0.0,0.0,0.0,0.0,0.0,0.0,0.0,0.0,0.0,0.0,0.0,0.0,0.0,0.0,0.0,0.0,0.0,0.0,0.0,0.0,0.0,0.0,0.0,0.0,0.0,0.0,0.0,0.0,0.0,0.0,0.0,0.0,0.0,0.0,0.0,0.0,0.0,0.0,0.0,0.0,0.0,0.0,0.0,0.0,0.0,0.0,0.0,0.0,0.0,0.0,0.0,0.0,0.0
CCAGCTTCCGCCCGCA-1,0.8783854823476838,0.7049705146238098,0.15007582574640949,0.10495906967055241,0.10376792421813133,0.22825295661449607,0.07500524872490952,0.11873496835075115,0.06280679271633684,0.0772019709510555,0.0,0.009994271028973803,0.019799377169207735,0.009443261913529547,0.0,0.0,0.0,0.032853964944159986,0.0337348883895938,0.0,0.0,0.019139285577968176,0.0,0.033637384054638994,0.0,0.0,0.009994123723273986,0.009530429449005198,0.0019350696058182946,0.0,0.004070603931640549,0.00015624339232533972,0.0,0.007769585960606725,0.0,0.016256271932912084,0.013241263349900612,0.0,0.0,0.0,0.0,0.00015670251569947893,0.0,0.0,0.0,0.0,0.0,0.009025830509822922,0.0,0.0,0.0,0.003956648204532174,0.0,0.0,0.0,0.004718257146362264,0.0,0.0,0.0,0.0,0.0,0.0,0.0,0.0,0.0,0.0019366849199739858,0.002455291304247649,0.0,0.020890791799900454,0.0,0.0,0.0,0.0,0.0,0.0,0.0022651335963262877,0.0,0.0,0.0062549094255301505,0.0,0.0,0.0,0.0,0.0,0.0,0.002301225805856251,0.001057352697795109,0.0,0.0,0.005815750539403477,0.0,0.0,0.004423378898110419,0.0,0.0,0.0,0.0,0.0,0.0,0.0,0.0,0.0,0.0,0.0,0.0,0.0,0.0,0.002301225805856251,0.0,0.0,0.0,0.0,0.0,0.0,0.0,0.0,0.0,0.0,0.0
CCAGTCTTGTCATAGA-1,0.013306988992921867,0.03990152146597096,0.0,0.00011474504800056174,0.0,0.0,0.0023065749116856884,0.0006459270467945721,0.0,0.0004939412536932108,0.0,0.0,0.0020559801833901466,0.003044688378355067,0.004165745837580999,0.0,0.004714472838701521,0.0044158665624285855,0.0,0.013189436232059907,0.0,0.0,0.0,0.0012361464311205549,0.010697537126708128,0.006303737148578624,0.0,0.00025725471134090957,0.0005300629087737493,0.015131100418411704,0.0004914458594332335,0.004005287905063425,0.0,0.0002200549862866897,0.0,0.0,0.0,0.0,0.0,0.0,0.0,0.0,0.00040996782736267345,0.0,0.0,0.0,0.0,0.0,0.0,0.0,0.0019520596735204902,0.0,0.0006121412816416502,0.0,0.0,0.0016077767515981604,0.00030223110789671416,0.0,0.0,0.0008372738484463357,0.0,0.0,0.0,0.0,0.0,0.0,0.0,0.0,0.0,0.0,0.0,0.0,4.3695901027213995e-05,0.0,0.0,0.0,0.0,0.0,0.0,0.0,0.0005240617756866204,0.0,0.0,0.0,0.0,0.0,0.0,0.0,0.0,0.00041824081118551883,0.0003060706408208251,0.0,0.0,0.0,0.0,0.0,0.0,0.0,0.0,0.0,0.0,0.0,0.0,0.0,0.0,0.0,0.0,0.0,0.0,0.0,0.0,0.0,0.0003060706408208251,0.0,0.0,0.0,0.0,0.0,0.0
CCATCGCAGTTAAACT-1,0.34176273719988165,0.12570909876430444,0.25366963609582716,0.03314435242479299,0.11692164327288572,0.15007241363532492,0.0,0.0,0.0,0.0,0.0,0.041145575634924866,0.0009668170190895797,0.0,0.0,0.0,0.0,0.0,0.020787782720516592,0.003223677676554607,0.015585898236320913,0.03759456720057112,0.0,0.0,0.0,0.0,0.0,0.0,0.0,0.0,0.0,0.0,0.0,0.0,0.0,0.0014177531196727419,0.0,0.0,0.0,0.0,0.0,0.0,0.0,0.0,0.0,0.0,0.0,0.0,0.0,0.0,0.0,0.0,0.0032835512046107762,0.0,0.0,0.0,0.0,0.0,0.0032835512046107762,0.004156069605568951,0.0,0.0,0.0,0.0,0.0,0.0,0.0,0.0,0.0,0.0,0.0,0.0,0.0,0.0,0.001010640777226337,0.0,0.0,0.0,0.0,0.0,0.0,0.0,0.0,0.0,0.0,0.0,0.0,0.0,0.0,0.0,0.0,0.0,0.0,0.0,0.0,0.0,0.0,0.0,0.0,0.0,0.0,0.0,0.0,0.0,0.0,0.0,0.0,0.0,0.0,0.0032835512046107762,0.0,0.0,0.0,0.0,0.0,0.0,0.0,0.0,0.0
CCATGCCTGTTTAGTA-1,0.28399053111256295,0.17523964820058657,0.2430269973913612,0.052974514465608594,0.10199600507749113,0.0,0.0,0.0,0.04589142223707579,0.0,0.0,0.0,0.002695044265875802,0.0,0.0,0.0,0.0,0.0,0.0,0.0,0.0,0.0,0.0,0.0,0.0,0.0,0.0,0.002754848766967842,0.0,0.0,0.0,0.0,0.0,0.0,0.0,0.0,0.0,0.0,0.0,0.0,0.0,0.0,0.0,0.0,0.0,0.015514395721529564,0.0,0.0,0.0,0.0,0.0,0.0,0.0,0.0,0.009019462975999225,0.0,0.0,0.0,0.01838214543594994,0.0,0.0,0.0,0.0,0.0,0.0,0.0,0.0,0.0,0.0,0.0,0.0,0.0,0.0,0.0,0.0,0.0,0.0,0.0,0.0,0.0,0.0,0.0,0.0,0.0,0.0,0.0,0.0,0.0,0.0,0.0,0.0,0.0,0.0,0.0,0.0,0.0,0.0,0.0,0.0,0.0,0.0,0.0,0.0,0.0,0.0,0.0,0.0,0.0,0.0,0.0,0.0,0.0,0.0,0.0,0.0,0.0,0.0,0.0,0.0
CCATGGCCCTTGTACC-1,0.3515306519571025,0.2270200034982645,0.08240233288933654,0.0693594556127172,0.09509950512692446,0.0,0.022448551770625647,0.175720883862009,0.036013211381709445,0.06991608069307406,0.0,0.008032756685535105,0.0,0.0,0.0,0.12717017771276887,0.0,0.03694877191728902,0.00881905287512642,0.0,0.010296105595859426,0.02704698784222978,0.013411935798879195,0.0,0.0,0.01530692219401354,0.01728007010197192,0.003813533148376962,0.0,0.0,0.003751524615993056,0.0005528140956859888,0.0,0.0,0.0,0.02886117996019065,0.0,0.0,0.0,0.0,0.0,0.002206525603219351,0.0,0.0,0.0,0.0,0.003076358628893566,0.0,0.0,0.0,0.0,0.0,0.0,0.007405797788424399,0.0,0.0,0.0,0.0,0.0,0.0,0.0,0.0,0.002724676594596226,0.0,0.0,0.0,0.00804011875028007,0.0,0.0,0.0,0.0,0.0,0.0,0.0,0.0,0.0,0.0,0.0,0.0,0.0,0.0,0.0,0.0,0.0,0.0,0.0,0.0009225132040257437,0.0,0.0,0.0,0.0,0.0,0.0,0.0,0.0,0.0,0.0,0.0,0.0,0.0,0.0,0.0,0.0,0.0,0.0,0.0,0.0,0.0,0.0,0.0,0.0,0.0,0.0,0.0,0.0,0.0,0.0,0.0,0.0
CCATTCCCTGCCCACA-1,0.24003744396761387,0.037135515857266085,0.0,0.0,0.04018074123147966,0.0,0.0,0.0,0.004379127367830358,0.0,0.0,0.05548740433847549,0.027072907677611575,0.0,0.0,0.0,0.011685973663996388,0.0,0.0,0.0,0.0,0.0,0.0,0.0,0.0,0.0,0.010472083048663192,0.0,0.002442597589011751,0.0,0.0,0.0,0.00800445012279822,0.0,0.0,0.0,0.0,0.0,0.0,0.0,0.0,0.0,0.0,0.0,0.0,0.0,0.0,0.0,0.0,0.0,0.0,0.0,0.0,0.0,0.0,0.0,0.0,0.012112894288947254,0.0,0.0,0.0,0.0,0.0,0.0,0.0,0.0,0.0,0.0,0.0,0.0,0.0,0.0,0.0,0.0,0.0,0.0,0.0,0.0,0.0,0.0,0.0,0.0,0.0,0.0,0.0,0.0,0.0,0.0,0.0,0.0,0.0,0.0,0.0,0.0,0.0,0.0,0.0,0.0,0.0,0.0,0.0,0.0,0.0,0.0,0.0,0.0,0.0,0.0,0.0,0.0,0.0,0.0,0.0,0.0,0.0,0.0,0.0,0.0,0.0
CCCAACATACGTCGCG-1,0.006601133261386831,0.0848093540132583,0.09655987364451905,0.0,0.0,0.17460414348906056,0.0,0.0,0.0,0.0,0.0,0.0,0.0,0.0,0.0,0.0,0.0,0.0,0.0,0.005364475367109501,0.0,0.0,0.0,0.0,0.0,0.01679216350908852,0.0,0.0,0.0,0.0,0.0,0.0,0.0,0.0,0.0,0.0,0.017697318323683982,0.0,0.0,0.0,0.0,0.0,0.0,0.0,0.0,0.0,0.0,0.0,0.0,0.0,0.0,0.0,0.0,0.0,0.007400959235659095,0.0,0.0,0.0,0.0,0.0,0.0,0.0,0.0,0.0,0.0,0.0,0.0,0.0,0.0,0.0,0.0,0.007400959235659095,0.0,0.0,0.0,0.0,0.0,0.0,0.0,0.0,0.0,0.0,0.0,0.0,0.0,0.0,0.0,0.0,0.0,0.0,0.0,0.0,0.0,0.0,0.0,0.0,0.0,0.0,0.0,0.0,0.0,0.0,0.0,0.0,0.0,0.0,0.0,0.0,0.0,0.0,0.0,0.0,0.0,0.0,0.0,0.0,0.0,0.0,0.0
CCCAATTTCACAACTT-1,0.1451490722741284,0.0,0.13961385098888024,0.0317113470842674,0.0,0.0,0.0,0.0,0.004955698117125726,0.0,0.0,0.0,0.0,0.0,0.0,0.0,0.0,0.0,0.0,0.0,0.0,0.0,0.0,0.0,0.0,0.0,0.0,0.0,0.0,0.0,0.0,0.0,0.0,0.0,0.0,0.0,0.0,0.0,0.008603185662399945,0.0,0.0,0.0,0.0,0.0,0.0,0.0,0.0,0.0,0.0,0.0,0.0,0.0,0.0,0.0,0.0,0.0,0.0,0.0,0.008603185662399945,0.0,0.0,0.0,0.0,0.0,0.0,0.0,0.0,0.0,0.0,0.0,0.0,0.0,0.0,0.0,0.0,0.0,0.0,0.0,0.0,0.0,0.0,0.0,0.0,0.0,0.0,0.0,0.0,0.0,0.0,0.0,0.0,0.0,0.0,0.0,0.0,0.0,0.0,0.0,0.0,0.0,0.0,0.0,0.0,0.0,0.0,0.0,0.0,0.0,0.0,0.0,0.0,0.0,0.0,0.0,0.0,0.0,0.0,0.0,0.0
CCCGACCATAGTCCGC-1,0.5919904256190085,0.38852333183217425,0.11348849059135287,0.0829993301221041,0.09551332518441219,0.0,0.0,0.026647236867535742,0.013685653552429546,0.0019059537567703013,0.0,0.008397575194491282,0.0,0.0,0.0,0.0,0.0,0.007426259939751796,0.009304455486040263,0.0,0.0,0.0,0.0,0.0,0.0,0.005025678374132274,0.0,0.001464089646880903,0.0012992232032960683,0.0,0.00699554702579587,0.0,0.0,0.006485235074589101,0.0,0.0,0.0,0.0,0.0,0.0,0.014430202178459854,0.0,0.0,0.0,0.0,0.0,0.0,0.0,0.0,0.0,0.0,0.0,0.0,0.0,0.0,0.0,0.0,0.0,0.0,0.010839774901629594,0.0,0.0,0.0,0.0,0.0,0.0,0.0,0.0,0.0,0.007894640254372195,0.0,0.0,0.0,0.0,0.0,0.005194847521329772,0.0,0.009191076433512614,0.0,0.0,0.0,0.0,0.0,0.0,0.0,0.0,0.0,0.0,0.0,0.0,0.0,0.0,0.0,0.0,0.0,0.0,0.0,0.0,0.0,0.0,0.0,0.0,0.0,0.0,0.0,0.0,0.0,0.0,0.0,0.0,0.0,0.0,0.0,0.0,0.0,0.0,0.0,0.0,0.0
CCCGCAGCGCGAACTA-1,0.1098537523301751,0.024619143365398256,0.060109843154645126,0.052079971210592164,0.0,0.0,0.0,0.0,0.0319210567119424,0.0,0.0,0.011266100525062146,0.0,0.0,0.0,0.0,0.0,0.0,0.0,0.0,0.004224816586895461,0.0,0.01706386411831927,0.0,0.0,0.0,0.0,0.0,0.0,0.0,0.0,0.0,0.0,0.0,0.0,0.0,0.0,0.0,0.0,0.0,0.0,0.0,0.0,0.0,0.0,0.0,0.0,0.0,0.0,0.0,0.0,0.0,0.0,0.0,0.0,0.0,0.0,0.0,0.0,0.0,0.0,0.0,0.0,0.0,0.0,0.0,0.006090950395190118,0.0,0.0,0.0,0.0,0.0,0.0,0.0,0.0,0.0,0.0,0.0,0.0,0.0,0.0,0.0,0.0,0.0,0.0,0.0,0.0,0.0,0.0,0.0,0.0,0.0,0.0,0.0,0.0,0.0,0.0,0.0,0.0,0.0,0.0,0.0,0.0,0.0,0.0,0.0,0.0,0.0,0.0,0.0,0.0,0.0,0.0,0.0,0.0,0.0,0.0,0.0,0.0
CCCGGTGGAAGAACCT-1,0.5046732063574005,0.812097061162594,0.1384863580202953,0.023579209548911552,0.019145572566023245,0.0,0.07577579382697987,0.019938901131546668,0.04102484037471339,0.026542813281112305,0.0,0.0,0.003871851421501182,0.010776139820543328,0.0,0.0,0.0,0.0022091909240952554,0.020029610170142008,0.0,0.0,0.012585349612550045,0.007407365288111985,0.0,0.0,0.0,0.00911752379775556,0.010295712740078032,0.0,0.0,0.011752614174613383,0.0,0.002097579979664062,0.006838287915905454,0.004618771563912423,0.007489457433571345,0.0361035439682525,0.029091263823632346,0.0,0.0,0.0,0.0006109882234135948,0.002215220628124417,0.0018917833956511596,0.0,0.0032247476467457898,0.0,0.0,0.0,0.0025774490932780835,0.0,0.0,0.0013832178971396234,0.0,0.0,0.0,0.0,0.0,0.0,0.005634730188413164,0.0,0.0,0.0,0.0,0.0,0.004218449473756646,0.0,0.0,0.0,0.0,0.0,0.0,0.0,0.0,0.0,0.0,0.0,0.0,0.0,0.0,0.0018606812054278294,0.0,0.0013832178971396234,0.0,0.0,0.0,0.0,0.0013832178971396234,0.0,0.0,0.0,0.002097579979664062,0.0,0.0,0.0,0.0,0.0,0.0,0.0,0.0,0.0,0.0,0.0,0.0,0.0,0.0,0.0,0.0,0.0,0.0,0.0,0.0,0.0,0.0,0.0,0.0,0.0,0.0,0.0
CCCGTAAGTCTAGGCC-1,0.29684904705709014,0.11417860652374445,0.028052025463881084,0.0,0.0,0.0,0.0,0.0,0.005787505831662385,0.0,0.0,0.0,0.0,0.0,0.0,0.0,0.0,0.008865125818198386,0.0,0.0,0.017557589984297118,0.0,0.0,0.0,0.0,0.025170821234605237,0.0,0.0,0.0,0.0,0.0,0.0,0.0,0.0,0.0,0.0,0.0,0.0,0.0,0.0,0.0,0.0,0.0,0.0,0.0,0.0,0.0,0.0,0.0,0.0,0.0,0.0,0.0,0.0,0.0,0.0,0.0,0.0,0.0,0.0,0.0,0.0,0.0,0.0,0.0,0.0,0.0,0.0,0.0,0.0,0.0,0.0,0.0,0.0,0.0,0.0,0.0,0.0,0.0,0.0,0.0,0.0,0.0,0.0,0.0,0.0,0.0,0.0,0.0,0.0,0.0,0.0,0.0,0.0,0.0,0.0,0.0,0.0,0.0,0.0,0.0,0.0,0.0,0.0,0.0,0.0,0.0,0.0,0.0,0.0,0.0,0.0,0.0,0.0,0.0,0.0,0.0,0.0,0.0
CCCTGAAATGAGTTGA-1,0.38979409997253006,0.0,0.05784721322168437,0.0,0.09715608300985117,0.0,0.07104924449307996,0.0,0.0,0.0,0.0,0.0,0.0,0.0,0.0,0.0,0.0,0.0161640013298515,0.0,0.0,0.0,0.0,0.0,0.0,0.0,0.0,0.0,0.0,0.0,0.0,0.001994221704124515,0.0,0.0,0.0,0.0,0.0,0.0,0.0,0.0,0.0,0.0,0.0,0.0,0.0,0.0,0.0,0.0,0.0,0.0,0.008694842572378585,0.0,0.0,0.0,0.0,0.01063663699557837,0.0,0.0,0.01287736754857348,0.0,0.0,0.0,0.0,0.0,0.0,0.0,0.0,0.0,0.0,0.0,0.0,0.0,0.008694842572378585,0.0,0.0,0.0,0.0,0.0,0.0,0.0,0.0,0.0,0.0,0.0,0.0,0.0,0.0,0.0,0.0,0.0,0.0,0.0,0.0,0.0,0.0,0.0,0.0,0.0,0.0,0.0,0.0,0.0,0.0,0.0,0.0,0.0,0.0,0.0,0.0,0.0,0.0,0.0,0.0,0.0,0.0,0.0,0.0,0.0,0.0,0.0
CCCTGACTAACAAATT-1,0.12395767191426527,0.11324422090800419,0.038961154025227415,0.0035231269133894206,0.0008729628055429683,0.0,0.05525879132784522,0.03773480739478375,0.0,0.00416921299234414,0.0,0.0,0.0043303912677916,0.015412193084714941,0.01896299796561343,0.0,0.007467999221405595,0.0028949013143302303,0.0,0.008767312516409886,0.0,0.0036753472843405553,0.0,0.006512682891308427,0.0029703427779015127,0.0,0.0029258725941415185,0.0,0.0035531258120849838,0.005536722427394347,0.001347923639970141,0.0074663707569095905,0.0,0.003015096058216769,0.0,0.011263106035804292,0.0,0.001248218509901912,0.0,0.01128916942963669,0.0,0.0029111686395335754,0.0009980418729312653,0.00024963807421346827,0.0,0.0,0.0,0.00040869068067402275,0.0,0.0,0.0016066461696273135,0.0016195870304350406,0.0,0.0,0.0,0.0008377059737043231,0.0,0.0,0.0,0.0,0.0,0.0,0.0,0.0,0.0026728060910605387,0.00010213636915353299,0.0,0.0,0.0,0.0,0.0,0.0,0.00010673407674761479,0.0,0.0,0.0013421418076884947,0.0,0.0,0.002184246054843718,0.0,2.546487959312838e-05,9.961720617569028e-05,0.0,0.0,0.0,0.0,0.0,0.0,0.0,0.0,0.0,0.0,0.0,0.0,0.0,0.0,0.0,0.0,0.0,0.0,0.0,0.0,0.0,0.0,0.0,0.0,0.0,0.0,0.0,0.0,0.0,0.0,0.0,0.0,0.0,0.0,0.0,0.0,0.0
CCCTGCCCAATCCGCT-1,0.39856160884448344,0.2923180493049755,0.2773998156173799,0.0361190201362707,0.0,0.13269193679699953,0.0,0.013646528507193664,0.005756481582592673,0.01986449609143339,0.0,0.0,0.015898115266545654,0.033990561445916466,0.05213813615214706,0.0,0.0,0.004663687433172884,0.023617173794482024,0.009396237676535212,0.0,0.0,0.0,0.0,0.003939409094341853,0.0,0.0,0.009575149956412265,0.005397704221327672,0.0,0.005762054294359719,0.0015376236306336682,0.00846124574726482,0.009220961620846067,0.0,0.009862610953428802,0.02018070740915174,0.0,0.0,0.0,0.0,0.004257755563151612,0.0009948789499447763,0.011436997435615407,0.0,0.0,0.0,0.0,0.0,0.0,0.0,0.0,0.0,0.0,0.0,0.0,0.0,0.0,0.0,0.0,0.0,0.0,0.0029008896635195134,0.0,0.0,0.0001481417632317491,0.009349443695174093,0.0,0.0,0.0,0.0,0.0,0.0,0.0,0.0,0.004725853855927469,0.0,0.0,0.0,0.0,0.0,0.0,0.0,0.0,0.0,0.0,0.0,0.0,0.0,0.0,0.0,0.0,0.0,0.0,0.0,0.0,0.0,0.0,0.0,0.0,0.0,0.0,0.0,0.0,0.0,0.0,0.0,0.0,0.0,0.0,0.0,0.0,0.0,0.0,0.0,0.0,0.0,0.0,0.0
CCCTGCGCTACGCATA-1,0.2835238615617151,0.6745108938247986,0.02984961870125583,0.02725661164209749,0.06470520615646157,0.1646806347967727,0.0,0.03013771823297955,0.03226492916562282,0.0,0.0,0.03142374702480003,0.0,0.0,0.0,0.0,0.0,0.021038875034901105,0.02262767292707963,0.0,0.016043418011098248,0.0,0.015739609992927804,0.0,0.0,0.0,0.0,0.0,0.0,0.005027622909330811,0.0,0.0,0.005027622909330811,0.009595876236138721,0.02410873960003377,0.0,0.0,0.0,0.0,0.0,0.0,0.0,0.0,0.0,0.0,0.0,0.0,0.0,0.0,0.0,0.0,0.0,0.0,0.0,0.0,0.0,0.0,0.0,0.0,0.0,0.0,0.0,0.0,0.0,0.0,0.0,0.0,0.0,0.0,0.0,0.0,0.0,0.0,0.0,0.0,0.0,0.0,0.0,0.0,0.0,0.0,0.0,0.0,0.0,0.0,0.0,0.0,0.0,0.0,0.0,0.0,0.0,0.0,0.0,0.0,0.0,0.0,0.0,0.0,0.0,0.0,0.0,0.0,0.0,0.0,0.0,0.0,0.0,0.0,0.0,0.0,0.0,0.0,0.0,0.0,0.0,0.0,0.0,0.0
CCCTTTGACAGGTCTT-1,0.2939603544239305,0.21456160116669448,0.22439066610128225,0.0489397560594474,0.006249453772973215,0.02900152604035136,0.015803052359986556,0.0043594112729534555,0.0,0.0014219619319107263,0.1809355188258045,0.04454303378857222,0.02083017881021229,0.03731326941666079,0.031676843838248196,0.0,0.0,0.0003901898112610735,0.0,0.0051401811048840925,0.0,0.014342588301104735,0.0,0.00022688093016198457,0.003981910873869192,0.0,0.0,0.0,0.0031720195869644864,0.0013536605543214132,0.0,0.0026785216141870724,0.0013510555692067177,0.0,0.0011196758415343883,0.001996892995999461,0.0,0.0021557759147781707,0.0,0.0055157434788767655,0.0,0.0005714205093575928,0.0006438334378022507,0.0007919803035128803,0.0,0.0,0.0,0.0008768250648496433,0.0,0.0011935968593615788,0.0015339450585843861,0.0,0.0002894319732537107,0.0,0.0,0.002037285300274041,0.0,0.0,0.0,0.0,0.0,0.0,0.0,0.0,0.0,0.0,0.0,0.0,0.0,0.0,0.0,0.0,0.0015791477754540856,0.0,0.0,0.000899898410111068,0.0,0.0011634800774895885,0.0,0.0,0.0,0.0,0.0016081342366031045,0.0,0.0,0.0,0.0003446780768879028,0.0,0.0,0.0010879453519824643,0.0003795023353632888,0.0,0.0,0.0,0.0,0.0016196436573000508,0.0,0.0005979211776186724,0.0,0.0,0.0,0.0,0.0,0.0,0.0,0.0,0.0,0.0,0.0,0.0,0.0,0.0,0.0002894319732537107,0.0,0.0,0.0,0.0,0.0,0.0
CCGAACACTGGGCCTC-1,0.053786357880264445,0.0326874020743008,0.0040076087080977724,0.0008032957854661915,0.0,0.0,0.018861739567734345,0.03356404632785993,0.009005465873545287,0.009190609866568228,0.0,0.027613200873564333,0.028325001156491243,0.0071271518943585455,0.011926454257865439,0.0,0.02383184941254318,0.0027562366532766693,0.0,0.006827376875607577,0.0,0.0,0.0,0.0,0.005024877984845705,0.0,0.0005445390817291841,0.0005837745105493048,0.0017006771716775886,0.007106463571090085,0.003745258207065046,0.004237324768131285,0.0,0.0,0.0,0.0039084949208365045,0.0,0.0,0.0,0.0,0.0,0.0017550772250152107,0.00289616821096559,0.0004444948277069928,0.0,0.0,0.0,0.0,0.0,0.001234026373479979,0.0005320554264472989,0.0009746666739298961,0.002821210643477074,0.0,0.0,0.0001889959892911622,0.002582322949006402,0.0,0.0,0.0,0.0,0.0,0.0,0.0,0.0,0.0,0.0,0.0,0.0,0.0006594702964191048,0.0,0.0,0.002072705626828293,0.0,0.0,0.0003566730184711282,0.0,0.0,0.0006548167987866562,0.0,0.0006209969758277656,0.0,4.261107514636282e-05,0.0,0.0007606571446810643,0.0002894140380214303,0.0007945926449421193,0.0,0.0,0.00026212009107482543,0.0,0.0,0.0,0.0,0.0007991471640433045,0.0,0.0,0.0,0.0,0.0,4.261107514636282e-05,0.0,0.0,0.0,0.0,0.0,0.0,0.0,0.0,0.0,0.0,0.0,0.0,0.0,0.0,0.0,0.0,0.0,0.00025740188022346084
CCGACAAAGGGAGTGC-1,0.4986081144616404,0.12706287457445956,0.1227109126936038,0.03693396109457324,0.0,0.0,0.06158324651500557,0.0,0.029913026599292715,0.007330996501217259,0.0,0.008984529458317745,0.0,0.0,0.0,0.0,0.0,0.01288382734260086,0.0,0.0,0.0,0.0,0.0,0.0,0.0022680916738089,0.0,0.0,0.003833247706960425,0.0,0.0,0.002961222056070493,0.0,0.024167179777012437,0.0,0.0,0.0,0.0,0.0,0.0,0.0,0.0,0.0,0.0,0.0,0.0,0.0,0.0,0.0,0.0,0.0,0.0,0.0,0.005240745256094539,0.0,0.0,0.0,0.0,0.0,0.0,0.0,0.0,0.0,0.006842844632411681,0.0,0.0,0.0,0.0,0.0,0.0,0.0,0.0,0.0,0.0,0.0,0.0,0.0,0.0,0.0,0.0,0.0,0.00106266438765854,0.0,0.0,0.0,0.0,0.0,0.0,0.0,0.0,0.0,0.0,0.0,0.0,0.0,0.0,0.0,0.0,0.0,0.0,0.0,0.0,0.0,0.0,0.0,0.0,0.0,0.0,0.0,0.0,0.0,0.0,0.0,0.0,0.0,0.0,0.0,0.0,0.0,0.0
CCGATTCGAGGGACCC-1,0.5154297005665822,0.2138682485864002,0.30360184656299194,0.0,0.09867949541043136,0.0,0.037015768796780806,0.0,0.0034453613027669414,0.0,0.0,0.0,0.0014806336561992062,0.0,0.0,0.0,0.027650305750554733,0.011778981313094421,0.027849592774769904,0.0,0.014201314836566621,0.0,0.0,0.0,0.0,0.0,0.0,0.0,0.007799370922247162,0.0,0.0,0.0,0.010353530774271385,0.0035421245662156436,0.0,0.0,0.011419101809473677,0.0,0.0,0.01700486807059456,0.0,0.004873848136607432,0.0,0.0,0.0,0.0,0.0,0.0,0.0,0.0,0.0,0.0,0.0,0.0,0.00774648591862497,0.0054569130030156605,0.0,0.0,0.0040486371109472894,0.0,0.0,0.0,0.0072777071308796175,0.0,0.0,0.0,0.0,0.0,0.0,0.0,0.0,0.0,0.0,0.0,0.0,0.0,0.0,0.0,0.0054569130030156605,0.0040486371109472894,0.0,0.0,0.0,0.0,0.0,0.0,0.0,0.0,0.0,0.0,0.0,0.0,0.0,0.0,0.0,0.0,0.0,0.0,0.0,0.0,0.0,0.0,0.0,0.0,0.0,0.0,0.0,0.0,0.0,0.0,0.0,0.0,0.0,0.0,0.0,0.0,0.0,0.0,0.0
CCGCACAAAGACCAAC-1,0.26301618528691517,0.0,0.3082305398286826,0.049457535054104086,0.0,0.0,0.0,0.0,0.0,0.00501826378770075,0.0,0.008908083226218914,0.03103011307453328,0.0,0.0,0.0,0.0,0.00780052722043393,0.0,0.0,0.0107256651076519,0.04022105359130023,0.0,0.0,0.0,0.0,0.02918290926208771,0.0,0.0,0.008918990570292062,0.0,0.0,0.011083404110156118,0.0,0.0,0.0,0.0,0.0,0.0,0.0,0.0,0.0008537283340984868,0.0,0.0,0.0,0.0071004238448861695,0.0,0.009957131524456495,0.0,0.0,0.0,0.0,0.0,0.0071004238448861695,0.011083404110156118,0.0,0.0,0.0,0.0,0.0,0.0,0.0,0.0,0.0,0.0,0.0,0.0,0.0,0.0,0.0,0.0,0.0,0.0,0.0,0.0,0.0,0.0,0.0,0.0,0.0,0.0,0.0,0.0,0.0,0.0,0.0,0.0,0.0,0.0,0.0,0.0,0.0,0.0,0.0,0.0,0.0,0.0,0.0,0.0,0.0,0.0,0.0,0.0,0.0,0.0,0.0,0.0,0.0,0.0,0.0,0.0,0.0,0.0,0.0,0.0,0.0,0.0,0.0,0.0
CCGCACGTGACCTCGG-1,1.7107472681390823,0.7192833669057459,0.039980455326220736,0.2049270980305304,0.23826890014468244,0.21419255869486697,0.0,0.23717084806542288,0.03125481035271511,0.0198784968615607,0.0,0.008496822980613083,0.0,0.0,0.0,0.0,0.01705630516950664,0.03454203723689348,0.038918315558589295,0.0,0.020581300684583123,0.0,0.019781629110925715,0.0527198664402428,0.003681769537225656,0.0,0.008319202553519246,0.0025092862647100147,0.0,0.0,0.009453723285409416,0.0,0.0,0.004331199307397628,0.0,0.0,0.0,0.01704139476148782,0.0,0.0,0.0257288442242651,0.002776040929359748,0.002513961492279541,0.007699161429126107,0.0,0.00571027087558092,0.0067989183781194205,0.01287741109276453,0.0,0.004042020555125026,0.004117123837147216,0.0,0.0,0.0,0.0,0.0,0.0,0.0,0.0,0.0,0.0,0.0,0.0,0.0,0.004002566181023585,0.0,0.0011783226790473716,0.0,0.0,0.0,0.0,0.0,0.0,0.0,0.0,0.0,0.0,0.007120317260644286,0.0,0.0,0.0,0.0,0.0,0.0,0.0,0.0,0.0,0.0,0.0,0.0,0.0,0.0,0.0,0.0,0.0,0.0,0.0,0.0,0.0,0.0,0.0,0.0,0.0,0.0,0.0,0.0,0.0,0.0,0.0,0.0,0.0,0.0,0.0,0.0,0.0,0.0,0.0,0.0,0.0
CCGCGATTTGGTAGGT-1,0.009457249769233567,0.0,0.05473855827355101,0.00261440690426173,0.0,0.0,0.0026858005123910128,0.0,0.0,0.0,0.0,0.009271967027562689,0.0,0.03924776216279819,0.0,0.0,0.0,0.0019345469125655644,0.0,0.014469740265040625,0.0,0.0,0.0,0.0,0.011189714620467672,0.0,0.001849601747971226,0.0009091550935249612,0.0006839002710271514,0.05456355583434923,0.00039645316805147785,0.005838100114005108,0.0,0.0,0.0034817911973545465,0.0027806060921050455,0.0,0.0,0.0,0.0,0.0,0.0,0.001250520639975025,0.0,0.0,0.0,0.0,0.0,0.0,0.0,0.0,0.0,0.0025101980678378247,0.0,0.0,0.0,0.0,0.0,0.0,0.0,0.0,0.0,0.0,0.0,0.0,0.0,0.0,0.0,0.0,0.0,0.0,0.0,0.0005665650267746827,0.0,0.0,0.0,0.0,0.0,0.0,0.0007860287495934267,0.0013160402948798825,0.0,0.0,0.0,0.0,0.0,0.000350856728108474,0.0,0.0,0.0,0.0,0.0,0.0,0.0,0.0,0.0,0.0,0.0,0.0,0.0,0.0,0.0,0.0,0.0,0.0,0.0,0.0,0.0,0.0,0.0,0.0,0.0,0.002512211595795258,0.0,0.0,0.0,0.0,0.0,0.0
CCGCGGAATGCGTCAC-1,0.5142756199680174,0.14345857205527143,0.008447303173807265,0.015138324849844773,0.017691566974721372,0.0044031526490328,0.030898028540246154,0.036547414906977084,0.007354999726765399,0.14144150693774304,0.0,0.0,0.007018308834499763,0.010391445857101477,0.03197723637587282,0.12530844106702085,0.0,0.006698668984385376,0.0,0.0,0.006197488172818656,0.0,0.006310028718369881,0.0,0.0,0.0,0.006536223851788669,0.014104809305272288,0.0012114998173341873,0.0,0.00815238083354148,0.0026429759057346952,0.0,0.006587611594198866,0.0012124315262832652,0.0,0.014056368750078907,0.0,0.0,0.007390473950411128,0.0,0.004008240317851328,0.0014590768951430668,0.0,0.0,0.0,0.0056883409980067225,0.011528619073844696,0.0,0.0,0.001597374637473384,0.01260666790754092,0.0,0.0,0.0,0.0,0.013319757805687046,0.0,0.0,0.004086170730323182,0.0,0.0,0.0,0.04192687998176217,0.0,0.0,0.003993098921685485,0.0,0.0,0.0,0.0,0.0,0.0005317190386221378,0.0,0.0,0.0,0.0,0.0,0.0019363725864464964,0.0,0.0,0.0,0.0,0.0,0.0013490254295053482,0.002772297909993747,0.0,0.0,0.0,0.002176622337377618,0.0,0.0,0.0,0.0,0.0,0.002545004982158029,0.0,0.0,0.0,0.0,0.0007871201170389852,0.0,0.0,0.0,0.0,0.0,0.0,0.0003935600585194926,0.000475006798824825,0.0,0.0,0.0,0.0,0.0,0.0,0.0,0.0,0.0003935600585194926,0.0
CCGCGGGTACGAAGAA-1,0.3738757332631182,0.5167088337769337,0.06476125669845423,0.0,0.23851436020650327,0.0,0.0,0.0,0.006505602016273674,0.03876408142449757,0.0,0.0,0.0,0.0,0.0,0.0,0.0,0.0,0.008486568469465973,0.0,0.0,0.0,0.0,0.0,0.0,0.0,0.0,0.0037996373158147847,0.0,0.0,0.0,0.0,0.0,0.002343447858230427,0.0,0.0,0.0,0.0,0.0,0.0,0.0,0.004067521488061341,0.0,0.0,0.0,0.0,0.0,0.0,0.0,0.0,0.0,0.0,0.0,0.0045422650440152335,0.0,0.0,0.02504398648964544,0.0,0.0,0.0,0.0,0.0,0.0,0.0,0.0,0.0,0.0,0.0,0.0,0.0,0.0,0.0045422650440152335,0.0,0.0,0.0,0.0,0.0,0.0,0.0,0.0045422650440152335,0.0,0.0,0.0,0.0,0.0,0.0,0.0,0.0,0.0,0.0,0.0,0.0,0.0,0.0,0.0,0.0,0.0,0.0,0.0,0.0,0.0,0.0,0.0,0.0,0.0,0.0,0.0,0.0,0.0,0.0,0.0,0.0,0.0,0.0,0.0,0.0,0.0,0.0,0.0
CCGCGTAGGTAAGGGC-1,0.5594828600546807,0.20175180784968064,0.0,0.0,0.1899788410555344,0.0,0.0,0.07647487394431561,0.04665948837257293,0.008892218269051995,0.0,0.02620108165136572,0.0,0.044334320991623856,0.0,0.0,0.0,0.0,0.0328145894745615,0.0,0.0,0.05306090217398747,0.0,0.0,0.0,0.0,0.0,0.003693133829847905,0.007437047323015278,0.0,0.0,0.0,0.0,0.0,0.0,0.0,0.0,0.0,0.0,0.0,0.0,0.0,0.0,0.0,0.0,0.0,0.007978996773308432,0.0,0.0,0.0,0.0,0.0,0.0,0.0,0.0,0.0,0.0,0.0,0.0,0.0,0.0,0.0,0.0,0.0,0.0,0.0015995931867927948,0.0,0.0,0.0,0.0,0.0,0.0,0.0,0.0,0.0,0.0,0.0,0.0,0.0,0.0,0.0,0.0,0.0,0.0,0.0,0.0,0.0,0.0,0.0,0.0,0.0,0.0,0.0,0.0,0.0,0.0,0.0,0.0,0.0,0.0,0.0,0.0,0.0,0.0,0.0,0.0,0.0,0.0,0.0,0.0,0.0,0.0,0.0,0.0,0.0,0.0,0.0,0.0,0.0
CCGCTATCAGCACCAG-1,0.6846041589284492,0.567927682989096,0.20409721013452817,0.0,0.0,0.0,0.06381224744074476,0.006398295106422377,0.012926362992817061,0.013004418224128659,0.16815476931068288,0.0,0.00988215068621937,0.0,0.0,0.0,0.0,0.01994317023461168,0.0,0.0,0.017026677629570726,0.03619508008153292,0.0,0.0,0.0,0.0,0.0031824134897255347,0.0,0.010725652571175835,0.0,0.0,0.0,0.0057772567886274825,0.0,0.009055473832306137,0.0049813842026934126,0.0,0.0,0.0,0.0,0.0,0.0,0.0076973147106304185,0.0,0.0,0.0024016884953898614,0.0,0.0,0.0,0.0,0.0,0.0,0.0,0.0,0.0,0.013754634174445536,0.0,0.004877618022064539,0.0,0.0,0.0,0.0,0.0,0.0,0.0,0.0,0.0,0.0,0.0,0.0,0.0,0.0,0.0,0.0,0.0,0.0,0.0,0.0,0.0,0.0,0.0,0.0,0.0,0.0,0.0,0.0,0.0,0.0,0.0,0.0,0.0,0.0,0.0,0.0,0.0,0.0,0.0,0.0,0.0,0.0,0.0,0.0,0.0,0.0,0.0,0.0,0.0,0.0,0.0,0.0,0.0,0.0,0.0,0.0,0.0,0.0,0.0,0.0,0.0
CCGCTTACCTCACTCT-1,0.3329984562384469,0.055333853305392845,0.015724902946565113,0.042605710563402434,0.04841630109035041,0.0,0.0664293914186558,0.007619178133542145,0.0,0.0012550222250187696,0.0,0.02628674324384151,0.012502986526267777,0.0,0.05221643691075679,0.0,0.0,0.01639156263841312,0.0,0.023921261045729756,0.0,0.0,0.0,0.0,0.0013922404964736563,0.0,0.00841666451652084,0.0004034328423388051,0.0020199699008389468,0.0,0.0021932897321875686,0.001852889569313897,0.0,0.0,0.0,0.0,0.012328738159114276,0.0,0.0,0.0,0.0,0.0011233360939400614,0.0004034328423388051,0.0,0.0,0.0,0.0,0.0,0.0,0.005007195952516672,0.0,0.0,0.0,0.0,0.0,0.0,0.0,0.0,0.0,0.0,0.0,0.0,0.0,0.0,0.0,0.0,0.0,0.0,0.0,0.0,0.0,0.0,0.0,0.0,0.0,0.0,0.0,0.0,0.0,0.0,0.0,0.004262225657449893,0.0,0.0,0.0,0.0,0.0,0.0,0.0,0.0,0.0,0.0,0.0,0.0,0.0,0.0,0.0,0.0,0.0,0.0,0.0,0.0,0.0,0.0,0.0,0.0,0.0,0.003059316549147712,0.0,0.0,0.0,0.0,0.0,0.0,0.0,0.0,0.0,0.0,0.0
CCGGAATGGTTTCAGT-1,1.0942639415452315,0.23998080912584757,0.029458049102618372,0.20815855567374147,0.0,0.0,0.076861461932071,0.010228361753159367,0.03398515554631253,0.0031060569957596248,0.0,0.0,0.03795567549993548,0.0,0.0,0.0,0.0,0.041401753908071215,0.009174944599467836,0.0,0.01032196317152124,0.0,0.0,0.036315074711493193,0.0,0.0,0.010341195000523277,0.015889474852923028,0.003587292434974642,0.0,0.0028763858876283866,0.0,0.0,0.0025143138776069396,0.0,0.0,0.0,0.0,0.0,0.0,0.02905231232796683,0.0012067570874999664,0.0,0.0,0.0,0.0,0.004428096888690105,0.007281433855600547,0.012816277528020732,0.005608531440310055,0.0,0.0,0.0,0.0028042657201550274,0.0,0.0,0.0,0.0,0.0,0.0,0.0,0.0,0.0,0.0,0.0,0.0,0.0,0.0,0.0,0.0,0.0,0.0,0.0,0.0,0.0003555592031857061,0.0,0.0,0.0,0.0,0.0028042657201550274,0.0,0.0,0.0,0.0,0.0,0.0,0.0,0.0,0.0,0.0,0.0,0.0,0.0,0.0,0.0,0.0,0.0,0.0,0.0,0.0,0.0,0.0,0.0,0.0,0.0,0.0,0.0,0.0,0.0,0.0,0.0,0.0,0.0,0.0,0.0,0.0,0.0,0.0,0.0
CCGGAGCGTACTTTCT-1,0.0013680294477054719,0.0025056705675342065,0.0,0.00038296644835530817,0.0,0.0019355527566542554,0.0017828591729930536,0.043991013188176414,0.0,0.0009828767558608916,0.0,0.0,0.0065462357266195086,0.009459938468947245,0.026489357813931448,0.0,0.004963431073447161,0.0,0.0,0.04089635472568983,0.005651248754849343,0.0,0.0,0.004625914498212323,0.02787235263125454,0.0,0.0009398679568552346,0.0001793179558439497,0.0011893661624648182,0.007652111564976623,0.00042257250818929356,0.010314542715786822,0.0004604514487771008,0.0,0.0,0.0022035665782266663,0.0,0.00012922212932704418,0.014844133280131346,0.005630930951232452,0.0,0.0,0.0009289301841740242,0.0,0.025609315894905046,0.0,0.0,0.0,0.0,0.0007605643133268103,0.0021584263072222665,0.0,0.001903605662673151,0.0,0.0,0.00020594154739864408,0.0007419778405229044,0.0,0.0,0.0,0.0,0.0,0.0,0.0,0.0,0.0,0.0,0.0,0.0,0.0007129684971269245,0.0,0.0,0.0011366284837520837,0.0,0.0,0.0001459045673380906,0.0,0.0,0.0,0.0005997142017339407,0.00024387871416351337,0.0,0.0,0.0,0.0,0.0,0.0015408002611403517,0.0,0.0,0.0,0.0,0.0,0.0,0.0,0.0,0.0,0.0,0.0,0.0,0.0,0.0,0.0,0.0,0.0,0.0,0.0,0.0,0.0,0.0,0.0,0.0,0.0,0.0,0.0,0.0,0.000432744242589086,0.0,0.0,0.0
CCGGGACCCGCAGAGA-1,0.5886918558705435,0.25946392614943936,0.020775672052809512,0.016345766064162808,0.0179440979141666,0.0,0.0,0.06326098518344814,0.025030932322465758,0.08320430328294505,0.0,0.0,0.0,0.0,0.0,0.0,0.0,0.0,0.00426830411242161,0.006058393826756702,0.0067428960801755285,0.0,0.0,0.0,0.0,0.0,0.009163058484731238,0.008325656572861741,0.0,0.0,0.009796402406493997,0.0,0.0,0.0,0.0,0.0,0.0,0.0,0.0,0.0,0.0,0.0,0.004965722191377298,0.0,0.0,0.0,0.00426830411242161,0.0,0.010527845259247583,0.0,0.0,0.0,0.0,0.0,0.0,0.0,0.0,0.0,0.0,0.0,0.0,0.01210041868045728,0.0,0.0,0.0,0.0,0.0,0.0,0.0,0.0,0.0,0.0,0.0,0.0,0.0,0.0011578522572762218,0.0,0.0,0.0,0.0,0.0,0.0,0.0,0.0,0.0,0.0,0.0001655174807203649,0.0,0.0,0.0,0.0,0.0,0.0,0.0,0.0,0.0,0.0,0.0,0.0,0.0,0.0,0.0,0.0,0.0030642489841023134,0.0,0.005013862360215624,0.0,0.0,0.0,0.0,0.0,0.0,0.0,0.0,0.0,0.0,0.0,0.0,0.0
CCGGGCTGCTCCATAC-1,0.11144234268214526,0.022937922232504022,0.11943747441364634,0.030460131913497224,0.0,0.0,0.0,0.0,0.0,0.0,0.0,0.028912497070754446,0.0,0.01076359828342674,0.051995914209187116,0.0,0.0,0.0,0.0,0.0,0.0,0.0,0.0,0.0,0.0,0.0,0.0,0.0,0.007316319484350439,0.0,0.0,0.0,0.0,0.0,0.0,0.0,0.0,0.0,0.0,0.0,0.0,0.0,0.0,0.0,0.0,0.011462836765822004,0.0,0.0,0.0,0.0,0.0,0.0,0.0,0.0,0.0,0.0,0.0,0.0,0.0,0.0,0.0,0.0,0.0,0.0,0.0,0.0,0.0,0.0,0.0,0.0,0.0,0.0,0.0,0.0,0.0,0.0,0.0,0.0,0.0,0.0,0.0,0.0,0.0,0.0,0.0,0.0,0.0,0.0,0.0,0.0,0.0,0.0,0.0,0.0,0.0,0.0,0.0,0.0,0.0,0.0,0.0,0.0,0.0,0.0,0.0,0.0,0.0,0.0,0.0,0.0,0.0,0.0,0.0,0.0,0.0,0.0,0.0,0.0,0.0
CCGGGTTCGAGGTTAC-1,0.3811225256295232,0.0,0.08758074172983431,0.040038179123272115,0.0,0.0,0.0,0.0,0.019998737554400837,0.02184461431563611,0.0,0.009919097343598266,0.0,0.0,0.0,0.0,0.0,0.0,0.0,0.0,0.0,0.0,0.0,0.0,0.0,0.0,0.0,0.0,0.010145403699384624,0.0,0.0,0.0,0.011044533196295264,0.0,0.0,0.0,0.0,0.0,0.0,0.0,0.0,0.0,0.0,0.014999408613551358,0.0,0.0,0.0,0.0,0.0,0.0,0.003992671407160423,0.0,0.0,0.007066891429017531,0.009919097343598266,0.0,0.0,0.013560110055030106,0.0,0.0,0.0,0.0,0.0,0.0,0.0,0.0,0.0,0.0,0.0,0.0,0.0,0.0,0.0,0.0,0.0,0.0,0.0,0.0,0.0,0.007066891429017531,0.0,0.0,0.0,0.0,0.0,0.0,0.0,0.0,0.0,0.0,0.0,0.0,0.0,0.0,0.0,0.0,0.0,0.0,0.0,0.0,0.0,0.0,0.0,0.0,0.0,0.0,0.0,0.0,0.0,0.0,0.0,0.0,0.0,0.0,0.0,0.0,0.0,0.0,0.0
CCGGTTTGTAATTGTG-1,0.004078290891670745,0.004526159985883637,0.0,0.0,0.0,0.00035545353801400985,0.001067242081881688,0.024117241374635976,0.0,0.002014193668672494,0.0,0.0,0.005575885574159544,0.015314637119919984,0.036117023664525044,0.00025980252431162347,0.07117038899369052,2.1708147627048572e-05,0.0,0.08338468846763523,0.002996119427137337,0.007471029691206724,0.0,1.1537321561341985e-05,0.04957432738103601,0.0,0.00023545428876992864,0.00010457940773179528,0.0008910078630153605,0.005573422302380499,4.3173698167354694e-05,0.014087155509691567,0.0,0.0019667233616360905,0.0,0.0,0.0,0.0019777876132396157,0.0,0.0,0.0,0.0002125620599472359,0.0013126624682493937,0.0,0.0,0.0,0.00020379178216005785,0.0,0.0,0.00028762314674309227,0.014419290672604336,0.00013429834914582134,0.00542046460943448,0.0,0.0,0.0003871911959500541,0.0005608437853585794,0.0,0.0,0.0,0.00343773747180161,0.0,0.0,0.0,0.0,0.0,0.0,0.0,0.0,0.0002416198095063267,0.0,0.0,0.00350519188573151,0.0,0.0,0.0,0.0,0.0,0.0,0.0011686335853183084,0.0008747719238125942,0.0,0.0,0.0,0.0,0.0,0.0001669182263006584,0.0,0.0006636357804354344,0.0,0.0,6.895413267000561e-05,0.0,0.0,0.0,0.0,0.0,0.0,0.0,0.0,0.0,0.0,0.0,0.0,0.0,0.0,0.0,0.0,0.0,0.0,0.0,0.0,0.0,0.0,0.0,0.0,0.0002765789703486509,0.00037836286830545275,0.0
CCGTATCTCGTCGTAG-1,0.01722138748148175,0.004946318183721882,0.011294567392269863,0.0002967620440555603,0.0,0.0,0.010147057247919727,0.02894599237658565,0.0,0.0006643271420359348,0.0,0.009645480144233913,0.0009476931971071856,0.025448787554112555,0.0,0.0,0.012458556476943045,0.002741283239377798,0.0,0.021002289519710345,0.014574747993510679,0.0,0.0,0.0,0.005802528051280226,0.0,0.0,0.0,0.0004948946625840243,0.01842367236852023,0.0,0.0020385401613891656,0.0,0.0,0.0,0.0012517162815708811,0.0,0.0006428191268559543,0.0,0.015102049485502814,0.0,0.0011263613175281264,0.0,0.0,0.0,0.0,0.001535682079763438,0.0,0.0,0.0,0.0,4.5570220221702425e-05,0.0016487551533724818,0.0,0.0,0.0,0.0,0.0,0.0,0.0,0.0,0.0,0.0,0.0,0.0,0.0,0.0,0.0,0.0,0.0,0.0,0.0,0.0023321213215875248,0.0,0.0,0.0,0.0,0.0013758100016954418,0.0,0.0011937506763796425,0.0005717428706541918,0.0013758100016954418,0.0004275737999829208,0.0,0.0,0.0,0.00012545636670570167,0.0,0.0,0.0,0.0,0.0,0.0,0.0,0.0,0.0,0.0,0.0,0.0,0.0,0.0,0.0,0.0,0.0,0.0,0.0004275737999829208,0.0,0.0,0.0,0.0,0.0,0.0,0.0,0.0,0.0,0.0,0.0,0.0,0.0
CCGTGTTAAATTCCAT-1,0.27222691471818083,0.05103414990996198,0.12539261637848767,0.04382242653804394,0.0,0.17969021029602655,0.07588507810864333,0.0,0.0017600461773147188,0.022381592412524402,0.0,0.0,0.025902017950064256,0.05191592797418881,0.08411290382753575,0.0,0.0,0.0025665294127232667,0.004128686862387353,0.0017600461773147188,0.013644744763062683,0.0,0.0,0.0,0.004997077365192433,0.0,0.0,0.0017538290265965485,0.0023125669987985745,0.0,0.002211025444969871,0.0,0.0,0.0,0.0,0.0,0.0,0.0,0.0,0.0,0.0,0.0,0.0005652174630197118,0.0,0.0,0.0,0.0,0.0,0.0,0.006736217587318234,0.0,0.0,0.0,0.0,0.0,0.005478824268838885,0.0,0.0,0.0,0.0,0.0,0.0,0.0,0.0,0.002020335487274283,0.0011292809453569415,0.0,0.0,0.0,0.0,0.0,0.0,0.0,0.0,0.0,0.0,0.0,0.0,0.0,0.0,0.0,0.0,0.0,0.0,0.0,0.0,0.0030985633582234747,0.0,0.0,0.0,0.0,0.0018616370771674386,0.0,0.0,0.0,0.0,0.0,0.0,0.0,0.0,0.0,0.0,0.0,0.0,0.0,0.0,0.0,0.0,0.0,0.0,0.0,0.0,0.0,0.0,0.0,0.0,0.0,0.0,0.0
CCGTTCCGAATCTCGG-1,0.45695515767861994,0.07110049906463846,0.0330770550803912,0.04682559996085563,0.0,0.0,0.0,0.022190902596088066,0.012740169793477831,0.017800372270466183,0.0,0.0,0.0028876834794471394,0.0,0.0745925039840267,0.0,0.0,0.0,0.014369774674081764,0.0016478334464957631,0.01020690422450636,0.0,0.0,0.0,0.0029415411324077573,0.0,0.015818319766590077,0.005050995589685118,0.0,0.0,0.0017281929601108289,0.0,0.0059689244241428905,0.00446676928968202,0.0,0.0,0.0,0.012292787321884676,0.0,0.0,0.0,0.0027045901964911903,0.0,0.0,0.0,0.0,0.0,0.0,0.0,0.0,0.0,0.0,0.0,0.0,0.0,0.0,0.0,0.0,0.0,0.0149319820979503,0.0,0.0,0.0,0.0,0.0,0.0,0.0,0.0,0.0,0.0,0.0,0.0,0.0,0.0,0.0,0.0,0.0,0.0,0.0,0.0,0.0,0.0,0.0,0.0,0.0,0.0,0.0,0.0,0.0,0.0,0.0,0.0,0.0,0.0,0.0,0.0,0.0,0.0,0.0,0.0,0.0,0.0,0.0,0.0,0.0,0.004169811602216442,0.0,0.0,0.0,0.0,0.0,0.0,0.0,0.0,0.0,0.0,0.0,0.0,0.0
CCTAAATTAACGGTTC-1,0.6327610430313594,0.3219446292998115,0.4799067450998078,0.1368727513601094,0.0,0.16773481917015956,0.027158775583132497,0.06868484533836158,0.001681277567492053,0.0,0.0,0.00989813078149209,0.0066382125591366884,0.0,0.0,0.0,0.0,0.002383366245369122,0.004335293651699355,0.005254090755481393,0.006832733442940973,0.041139198072241964,0.0,0.0,0.003618706549188118,0.0,0.002634313765159927,0.0,0.0,0.024714796296615632,0.0,0.0,0.0029543290481571782,0.003350674265270282,0.004709747979857043,0.0025836225093261054,0.0,0.0,0.015085298590841123,0.012501096436765,0.0,0.0,0.0021200594293673833,0.0,0.0,0.0,0.0,0.0,0.0,0.016794674105476755,0.0,0.0,0.010333860552342932,0.0,0.0,0.0,0.0,0.0,0.007806267078865821,0.0,0.0,0.0,0.0,0.0,0.0004990919320478352,0.0,0.0,0.0,0.0,0.0,0.0,0.0,0.0,0.0,0.0,0.0,0.0,0.0,0.0,0.0,0.0,0.0,0.0,0.0,0.0,0.0,0.0,0.0,0.0,0.0,0.0,0.0,0.0,0.0,0.0,0.0,0.0,0.00190911045813189,0.005575390788294566,0.0,0.0,0.0,0.0,0.0,0.0,0.0,0.0,0.0,0.0,0.0,0.0,0.0,0.0,0.0,0.0,0.0,0.0,0.0,0.0
CCTACATTCACAGACG-1,0.030746533770254277,0.019764853226807787,0.009035165430396983,0.0,0.0012920255255658747,0.006814636769771971,0.0036310956901789435,0.0122258137495395,0.002560307964145069,0.0006866567909883624,0.0,0.01785256010910307,0.01299127472238378,0.005163083584532149,0.03901062402527772,0.0011545086826416453,0.0,0.0037512329629836626,0.0,0.0012004461463103184,0.006117175510046336,0.0,0.0,0.004626779193160577,0.005265998629860208,0.0,0.00024437834846427806,0.0,0.0005648412233769578,0.014005328136452649,2.8331554755213243e-05,0.003607191830297748,0.0023430863387898723,0.0,0.0,0.0008509019501226718,0.0,0.0,0.014278075806794339,0.017152616675588876,0.0,0.0,0.001591148596499888,0.0,0.0,0.0,0.0,0.0,0.0,0.0006578650157830105,0.002186071231147686,0.0,0.0011418578949231924,0.0,0.0018132470404328522,0.0007216279925415557,0.0,0.0,0.0,0.0,0.0,0.0,0.0,0.0,0.00038695342063973685,2.8331554755213243e-05,0.0,0.0,0.0,0.0006835739798395184,0.0,0.0,0.00021989502146311835,0.0,0.0,0.0,0.0,0.0,0.0,0.0,0.000601535594789554,0.0,0.00031508128286743254,0.0,0.0,0.0,0.00017786087917929155,0.0,0.0,0.0,0.0,0.0,0.0,0.0,0.0,0.0,0.0,0.0,0.0,0.0,0.0,0.0,0.0,0.0,0.0,0.0,0.0,0.0,0.0,7.877032071685813e-05,0.0,0.0,0.0,0.0,0.0,0.0,0.0,0.0,0.0
CCTATACCGTCCTGTC-1,0.05397394617479891,0.035493636135418706,0.023251542526873583,0.0006555478705514326,0.00019605040333266354,0.0,0.0023474624944517194,0.015964724095073532,0.0,0.00041251417161448044,0.016236726455883487,0.0,0.01090377895266977,0.008609278312945808,0.014043810667680196,0.0,0.013592207168646377,0.003657246929527992,0.0,0.007451813826506789,0.002948654897342606,0.0,0.0,0.002796373005723253,0.010257568349660254,0.005507303700237954,8.281130092051227e-05,0.0,0.00033736991717942975,0.007638596923770416,0.0008691021898594431,0.03332782196726715,0.0,0.0,0.0,0.0,0.0,0.0004517001307827457,0.015886431771391,0.006134586514928457,0.0,0.0016497444879483548,0.0030423679682610246,0.0,0.0,0.0,0.0,9.470520929647571e-05,0.0,0.001156638365820715,0.00868812516324685,0.0,0.002767058517569985,0.0,5.900771654591849e-05,0.0,0.0005275977566995273,0.0,0.0,0.0013523821758815383,0.0,0.0,0.0,0.0,0.0,1.5429365202183613e-05,0.0,0.0,0.0,0.00034278643760049185,0.0,0.0,0.001683213611730469,0.0,0.0008834020279427321,0.0005545351988080777,0.0,0.0,0.0,0.00022560341709824703,0.0011587281434398953,0.0,0.000833638599548833,0.0,2.9034653072854598e-05,0.0,0.00016689753450792804,0.0,0.0,0.0,0.0,0.0,0.0,8.401477001880379e-05,0.0,0.0,0.0,0.0,0.0,0.0,0.0,0.0,0.0,0.0,0.0,0.0,0.0,0.0,0.0,0.0,0.0,0.0,0.0,0.0,0.0,0.0,0.0,0.0,0.0
CCTCCGACAATTCAAG-1,0.44137911205462754,0.21429958888950798,0.08558649321096663,0.0,0.11108841218122775,0.0,0.0,0.0,0.027889840440122413,0.0,0.0,0.0,0.008816970779471614,0.0,0.0,0.1825485165866423,0.0,0.0,0.0,0.0,0.0393538119337801,0.08247378761091752,0.0,0.0,0.0,0.020141343815675623,0.0,0.008915086387904912,0.0027826644632817405,0.0,0.007968159087931978,0.0,0.0,0.0,0.006760586030700601,0.0,0.0,0.0,0.0,0.0,0.0,0.004081754952497054,0.0,0.0,0.0,0.0,0.0,0.0,0.0,0.0,0.0,0.0,0.0,0.013370840711490967,0.0,0.0,0.0,0.0,0.0,0.0,0.0,0.0,0.0,0.0,0.0,0.0,0.0,0.0,0.0,0.0,0.0,0.0,0.0,0.0,0.0,0.0,0.0,0.0,0.0,0.0,0.0,0.0,0.0,0.0,0.0,0.0,0.0,0.0,0.0,0.0,0.0,0.0,0.0,0.0,0.0,0.0,0.0,0.0,0.0,0.0,0.0,0.0,0.0,0.0,0.0,0.0,0.0,0.0,0.0,0.0,0.0,0.0,0.0,0.0,0.0,0.0,0.0,0.0,0.0
CCTCCTGAGCCCACAT-1,0.04534551904756003,0.0,0.0032454733597665733,0.0021153803396301296,0.0030120635804898716,0.0,0.009735199956245761,0.03704662222208021,0.0,0.0,0.0,0.0,0.0030103852291213716,0.021996800959747796,0.0,0.0,0.022364555959089996,0.0,0.0,0.01832326359376086,0.0,0.0,0.0,0.0,0.004027740994030704,0.0038827668954046794,0.0,0.0,0.0,0.008156850669008595,0.0005682640232362346,0.0,0.001890637023274911,0.0,0.0,0.0,0.0,0.0,0.014993384355223828,0.0,0.0,0.0,0.0012238731474159535,0.0,0.0,0.0,0.0,0.0,0.0,0.0014753547636485785,0.004258297913363325,0.0,0.0014753547636485785,0.0,0.0030748284250659637,0.0,0.0,0.0,0.0,0.0,0.0,0.0,0.0,0.0,0.0,0.0,0.0,0.0,0.0,0.0,0.0,0.0,0.00033759781501368374,0.0,0.0,0.0,0.0,0.0011841914017910527,0.0,0.0,0.00036511800571951546,0.0,0.0,0.0,0.0,0.0,0.0,0.0,0.0,0.0,0.0,0.0,0.0,0.0,0.0,0.0005711314622928597,0.0,0.0,0.0,0.0,0.0,0.0,0.0,0.0,0.0,0.0,0.0,0.0,0.0,0.0,0.0,0.0,0.0,0.0,0.0,0.0,0.0,0.0,0.0011841914017910527
CCTCGCGCTGTGCGAT-1,0.004818916622045663,0.01210369961221077,0.0,0.0,0.0,0.0,0.00256921809939912,0.012583488368568794,0.0,0.00041755918775602066,0.0,0.009151700508689017,0.006303951785992704,0.01427291287150835,0.0,0.0,0.00547337675682999,0.0025328413613331774,0.0,0.011343081853937082,0.0,0.0,0.0,0.00217331761119861,0.0061547363754273525,0.009468737945473265,0.0001187569951494745,0.0,0.0031238687381971468,0.01591599455999177,0.0008931777958875974,0.009614249152485285,0.0015294386798495201,0.0,0.0,0.0036022310175720627,0.0,0.00013559119354093036,0.01592905388067173,0.0,0.0,0.00511903690224547,0.0006604042681447637,9.966438936801876e-05,0.0,0.0,0.0,0.0,0.0,0.0004852571945579995,0.0033544975722716976,0.0,0.003134251712854909,0.0,0.00048241847575061927,0.0,0.0,0.0,0.0,0.0,0.0007250923241332732,0.0,0.0,0.0,0.0,0.0,0.0,0.0,0.0,0.0002595843620513148,0.0,0.0,0.0005019620968025031,0.0,0.0,0.00014231375106203887,0.0,2.096041322167318e-05,0.0,0.0,0.0003010485173320249,0.004195654967037513,0.00032192592970944,0.0,0.0,0.0,0.00022042856299970507,0.0,0.0,0.0,9.966438936801876e-05,0.0,0.0,0.00011456501594670323,0.0,0.0,0.0,0.0,0.0,0.0,0.0,0.0,0.0,0.0,0.0,6.19208300600092e-05,0.0,0.0,0.0,0.0,0.0,0.0,0.0008481354424659231,0.0,0.0,0.0,0.0,0.0,6.19208300600092e-05
CCTCGGATGCTACCTG-1,0.43255372569774414,0.3340794410049975,0.08502066073767002,0.016959984087783223,0.0,0.021292666313017673,0.028778745629878536,0.016324062261367928,0.0,0.004645068831895462,0.0,0.01663056481871734,0.0,0.015522946035322643,0.02543830246986337,0.0,0.025750371597736087,0.0012152433877881705,0.0,0.0069348379097376196,0.0,0.0,0.00150646550786191,0.0018390423346442168,0.0,0.006437919995073325,0.004224605514813346,0.0029068542785653903,0.006647815876040133,0.004944996326237314,0.0031778601968635014,0.0027622581612954658,0.008435251537006276,0.0,0.0,0.0,0.0,0.0,0.0,0.0,0.0,0.004491701950411154,0.0028682635818936507,0.0027133423461085738,0.0,0.0,0.0,0.0006381539490886555,0.0,0.0019638374071166962,0.0024422908681391584,0.0,0.0,0.0,0.0,0.0,0.0,0.0,0.0,0.0,0.0007966375695686892,0.0,0.0,0.0,0.0,0.0009536900091764631,0.0,0.0,0.0,0.0009717526744962598,0.0,0.0,0.0,0.0,0.0,0.0010202424191892833,0.0,0.0,0.004124300653801205,0.0,0.0003881723051213826,0.0,0.0006381539490886555,0.0,0.0012183560489365899,0.0,0.0,0.0,0.0,0.0,0.0006381539490886556,0.0,0.0,0.0,0.0,0.0,0.0,0.0,0.0,0.0,0.0,0.0,0.0,0.0,0.0,0.0,0.0,0.0,0.0,0.0,0.0,0.0,0.0,0.0006381539490886555,0.0,0.0,0.0,0.0,0.0
CCTCTAATCTGCCAAG-1,0.7982532345212168,0.5426257418792495,0.06486932308605102,0.06760620844315893,0.12785818699979065,0.05274966951509581,0.004469953949745745,0.0,0.030070606080237254,0.0,0.0,0.017490445830318575,0.023852637418107614,0.0,0.0,0.0,0.0,0.028709006914780462,0.021067315676962274,0.0021011899665216178,0.007173674975980836,0.013658659407365397,0.0,0.015375262439716798,0.0028619863232977796,0.006506961557471433,0.0,0.004764741636372252,0.0,0.0,0.002199700420986067,0.0,0.0021369296494746807,0.009559009237402931,0.0,0.0,0.0,0.012205817337319042,0.0,0.0,0.0,0.0035425487611182955,0.0,0.0,0.0,0.011832048006460028,0.0,0.0,0.0,0.0,0.0010140090549039433,0.0,0.0,0.003209491185478571,0.0,0.0,0.0,0.0,0.0,0.0,0.0,0.0,0.0,0.0,0.0,0.0,0.0,0.00864564527818517,0.007719347473936174,0.0037474448094017804,0.0,0.0,0.0,0.0,0.0,0.010277735356922984,0.0,0.0,0.0,0.0,0.0,0.0,0.0014120184924470574,0.0,0.0,0.0,8.664393027876661e-05,0.0,0.0,0.0,0.0,0.0,0.0,0.0,0.0,0.0,0.0,0.0,0.0,0.0,0.0,0.0,0.0,0.0,0.0,0.0,0.0,0.0,0.0,0.0,0.0,0.0,0.0,0.0,0.0,0.0,0.0,0.0,0.0
CCTCTATCGATTAGCA-1,0.024742020115975413,0.009742518411553675,0.0,0.0,0.0,0.004330349620053418,0.00813749600788333,0.0,0.000969198464215187,0.0006178749400179104,0.0,0.009080326662381767,0.0027024946048837288,0.0034922826959480242,0.0037775195132146245,0.0,0.021841004039328555,0.0023700941743126564,0.0,0.01757656091067887,0.004756638133351368,0.0,0.0,0.00538000257796751,0.005338329233509904,0.0,0.0,0.0,0.001405778674185106,0.0,0.0003510773634710699,0.0023418733244865756,0.0010371791314625401,0.001851651408623823,0.0,0.0,0.0,0.0,0.0,0.0,0.0,0.0009753054773476866,0.0002496727930050068,0.0,0.0,0.0,0.0,0.0,0.0,0.0,0.0,0.0,0.0006510531372828167,0.0,0.0,0.0,0.001678639995642174,0.0,0.0,0.0,0.0004593216421113492,0.0,0.0,0.0,0.0006290769744203722,0.0,0.0,0.0,0.0,0.00018633816578370524,0.0,0.0,0.0012232397975641515,0.0,0.0,0.0,0.0,0.0,0.0,0.0,0.0,0.0,0.0,0.0,0.0,0.0,0.0,0.0,0.0,0.0,0.0,0.0,0.0,0.0,0.0,0.0,0.0,0.0,0.0,0.0,0.0,0.0,0.0,0.0,0.0,0.0,0.0,0.0,0.0,0.0,0.0,0.0,0.0,0.0,0.0,0.0,0.0,0.0,0.0
CCTCTCTCCCATCTAG-1,0.25853572663607693,0.055901856623432666,0.0,0.0542457410057401,0.0,0.0,0.0,0.0,0.02147426965068751,0.0,0.0,0.0,0.03210678262427409,0.0,0.0,0.0,0.0,0.005929624691251134,0.014303708115290178,0.0,0.0032163202571374415,0.0,0.0,0.013431998892475917,0.0,0.0,0.0,0.008993839590835115,0.0,0.0,0.0,0.0,0.0,0.0,0.0,0.0,0.0,0.0,0.0,0.0,0.0,0.0,0.0,0.00649653291024336,0.0,0.0,0.0,0.00649653291024336,0.0,0.0,0.0,0.0,0.0,0.0,0.0,0.0,0.0,0.00649653291024336,0.0,0.0,0.0,0.0,0.0,0.0,0.0,0.0,0.006291880373637185,0.0,0.0,0.0,0.0,0.0,0.0,0.0,0.0,0.0,0.0,0.0,0.0,0.0,0.0,0.0,0.0,0.0,0.0,0.0,0.0,0.0,0.0,0.0,0.0,0.0,0.0,0.0,0.0,0.0,0.0,0.0,0.0,0.0,0.0,0.0,0.0,0.0,0.0,0.0,0.0,0.0,0.0,0.0,0.0,0.0,0.0,0.0,0.0,0.0,0.0,0.0,0.0
CCTCTGTACTATTCTA-1,1.0320950996573228,0.38675972353138655,0.2660320653868095,0.15402802015616943,0.0,0.0,0.11950801300277616,0.0,0.04392117745204813,0.0004108822634698177,0.0,0.008507431941335597,0.0012313412026269542,0.026687543936156338,0.0,0.13011796326418737,0.0,0.004594659435182882,0.019357392754734033,0.0007296511569623142,0.005411534990440123,0.032271224133049836,0.0,0.0,0.0046836381041391395,0.016896715156892755,0.0,0.003860559397506323,0.0,0.0,0.0017902328484734032,0.0,0.01105520696667438,0.0204149926791997,0.016160447487277352,0.0,0.0,0.0,0.004738633987389714,0.0,0.0,0.0003669559248675944,0.0,0.0,0.0,0.0,0.0,0.0,0.0,0.0,0.0,0.0,0.0,0.0034491548092121602,0.0,0.0,0.0,0.0,0.0,0.0,0.0,0.0,0.0034491548092121602,0.0,0.0013635682341290763,0.0005440838437684466,0.0,0.014525260367343439,0.0,0.0,0.0,0.0,0.0,0.0,0.0,0.0,0.0,0.0,0.0,0.0,0.0,0.004738633987389714,0.0,0.0,0.0,0.0,0.0016482046550759667,0.0,0.0,0.0,0.0,0.0,0.0,0.0,0.0,0.0,0.0,0.0,0.0,0.0,0.0,0.0,0.0,0.0,0.0,0.0,0.0,0.0,0.0,0.0,0.0,0.0,0.0,0.0,0.0,0.0,0.0,0.0,0.0
CCTGAACGATATATTC-1,0.18424921052270735,0.07328998652968137,0.058158837345687275,0.0,0.0,0.0,0.0,0.0,0.015324114478284852,0.0,0.0,0.026512455158505473,0.0,0.015200431536795685,0.0,0.0,0.0038168854669339016,0.0,0.006257935675337372,0.0,0.0,0.0,0.0,0.0,0.0,0.0,0.0,0.0,0.006206332442681363,0.0,0.0,0.0,0.0,0.0,0.0,0.0,0.0,0.0,0.0,0.0,0.0,0.0,0.0,0.005964812488547199,0.0,0.0,0.0,0.0,0.0,0.0,0.0,0.0,0.0,0.005964812488547199,0.0,0.0,0.0,0.0,0.0,0.0,0.0,0.0,0.0,0.0,0.0,0.0,0.0,0.0,0.0,0.0,0.0,0.0,0.0,0.0,0.0,0.0,0.0,0.0,0.0,0.0,0.0,0.0,0.0,0.0,0.0,0.0,0.0,0.0,0.0,0.0,0.0,0.0,0.0,0.0,0.0,0.0,0.0,0.0,0.0,0.0,0.0,0.0,0.0,0.0,0.0,0.0,0.0,0.0,0.0,0.0,0.0,0.0,0.0,0.0,0.0,0.0,0.0,0.0,0.0
CCTGACCACCGATGGT-1,0.8317615453803903,0.2947594604294658,0.07199702942388489,0.0,0.057787759296503885,0.0,0.0,0.005789553875526066,0.0,0.0,0.17016925703875746,0.0,0.014949685945387122,0.0,0.0,0.0,0.07074824353258474,0.0,0.0,0.0,0.0073898619241277354,0.0,0.0,0.0,0.0,0.011115440167763243,0.0,0.0,0.0,0.009869098655049358,0.0,0.0,0.003484696604168063,0.003697654411743201,0.013584021398911138,0.0,0.0,0.0,0.0,0.0,0.01844962995160761,0.0,0.00725604282867195,0.0,0.0,0.0,0.0015292663995895494,0.0,0.004631133800862551,0.0,0.0,0.0,0.0,0.0,0.0,0.0,0.0,0.0,0.0,0.0,0.0,0.0,0.004148193074105322,0.0,0.0,0.0,0.0,0.0,0.0,0.0,0.0,0.0,0.0,0.0,0.0,0.0,0.0,0.0,0.0,0.0,0.0,0.0,0.0,0.004934549327524679,0.002120601046679936,0.0,0.0,0.0,0.0,0.0,0.0,0.0024378649795122587,0.0,0.0,0.0,0.0,0.0,0.0,0.0,0.0,0.0,0.0,0.003784369176890844,0.0,0.0,0.0,0.0,0.0,0.0,0.0,0.0,0.0,0.0,0.0,0.0,0.0,0.0,0.0,0.0
CCTGCCCGTTGTCTAG-1,0.27634008664932,0.23657513123728688,0.025404211756213713,0.0024955955926737167,0.0008392444074077871,0.0,0.030724210596568137,0.006498026094797726,0.004195593906073763,0.009338160509126002,0.0,0.016984431748988088,0.003890834928981022,0.008363088744205638,0.0,0.0,0.02807635854303614,0.004993790208685112,0.0,0.010158717687098038,0.0,0.0,0.0,0.0004956531289629007,0.005288981550215058,0.0,0.0028381898841139566,0.0009851008556889516,0.0034015552758360264,0.0007191374035976305,0.002491873679842759,0.0061726038118984534,0.00415962600686298,0.0024402007429633684,0.0010101133178807094,0.0026840300967270305,0.0,0.0,0.0,0.0,0.0,0.007940457972413528,0.003564223073092562,0.0,0.0,0.0004753670972996914,0.0024756354074890797,0.00024979255687020244,0.0,0.0016475138762708152,0.002599399749728244,0.0029668159878603927,0.0008643299387841981,0.0,0.0025563665991861478,0.00011946051637332748,0.0011233808943932665,0.0,0.0,0.0,0.0,0.0,0.0,0.0,0.0,0.0005784019135660235,0.0,0.0,0.0,0.0004166210435205165,0.0,0.0,0.0,0.0,0.0,0.0004434493614034526,0.0,0.0,0.0,0.0,0.0011471106866257391,0.0,0.0,0.0,0.0,0.0,0.0,0.0,0.0,0.0,0.0,0.0001613842771458073,0.0,0.0004753670972996914,0.0,0.0007542528431482194,0.0,0.0,0.0,0.0,0.0,0.0,0.0009042015173379562,0.00036826239175058586,0.0,0.0,0.0,0.0,0.0,0.0001613842771458073,0.0,0.001136759491739167,0.0001613842771458073,0.0,0.0,0.0019305488180095937,0.0,0.0,0.0008622536529429381
CCTGCGTTCTACGCTT-1,0.8425215143524658,0.8079656501331055,0.14382644278277734,0.14198586286094125,0.018441522496272386,0.0,0.005497333919980602,0.019064700786567072,0.024459762942795865,0.06553648872424456,0.08175228891482016,0.026628211379736023,0.021983920938675596,0.01897920979966683,0.0,0.07268634518665837,0.0,0.008781463733327331,0.012224839181545667,0.0,0.013094860489135687,0.0,0.0,0.025732791183148484,0.0,0.0,0.019279595761267282,0.008132703173511637,0.0,0.0,0.00774834054126124,0.0011815821138207755,0.0018790756202924413,0.016372507670264977,0.011883160599959067,0.00813016712556295,0.0,0.0,0.002660284892925001,0.0,0.0,0.0006011245472310985,0.003536665277438134,0.0015180699204517937,0.0,0.0,0.005439285476136015,0.0,0.0018790756202924413,0.0012246604653046043,0.0,0.006924877509735205,0.0,0.0,0.0,0.0037581512405848827,0.0,0.0,0.0,0.006588215336055823,0.0,0.0,0.0,0.0,0.0,0.00774834054126124,0.0,0.015149567233503882,0.0,0.0,0.0,0.0,0.0,0.0,0.00022114311404083887,0.0,0.0,0.0012246604653046043,0.005897902996366672,0.0,0.0017496897399046038,0.0,0.0,0.0,0.0,0.0,0.0,0.002862724126293647,0.0,0.0,0.0,0.0,0.0,0.0018790756202924413,0.0,0.0,0.0,0.0,0.0,0.0,0.0,0.0,0.0,0.0,0.0,0.0,0.0,0.0,0.0,0.0,0.0,0.0,0.0,0.0,0.0,0.0,0.0,0.0,0.0
CCTGTAAGACATGATA-1,0.18093933565732018,0.04173292044672658,0.07606448667171123,0.061594763732552515,0.0,0.0,0.03501382735058249,0.0,0.008996669561174349,0.0,0.0,0.0,0.004557307752478373,0.0,0.0,0.0,0.0,0.0,0.004557307752478372,0.0,0.0,0.0,0.0,0.0,0.0,0.015195899722592186,0.0,0.0,0.0,0.0,0.0,0.0,0.0,0.0,0.0,0.0,0.0,0.0,0.0,0.0,0.0,0.0,0.0,0.0,0.0,0.0,0.0,0.008996669561174349,0.0,0.0,0.0,0.0,0.0,0.0,0.0,0.0,0.0,0.0,0.0,0.0,0.0,0.0,0.0,0.0,0.0,0.0,0.0,0.0,0.0,0.0,0.0,0.0,0.0,0.0,0.0,0.0,0.0,0.0,0.0,0.0,0.0,0.0,0.0,0.0,0.0,0.0,0.0009279379206568108,0.0,0.0,0.0,0.0,0.0,0.0,0.0,0.0,0.0,0.0,0.0,0.0,0.0,0.0,0.0,0.0,0.0,0.0,0.0,0.0,0.0,0.0,0.0,0.0,0.0,0.0,0.0,0.0,0.0,0.0,0.0,0.0
CCTGTACTCACGCCCA-1,0.2189989671006111,0.2804832513232521,0.09510171540109988,0.06113139240360442,0.0,0.0,0.014084033954504652,0.0,0.015042431335567614,0.06651225800018931,0.0,0.008147111301789614,0.0,0.0,0.039091561049274644,0.15545251970087118,0.0,0.004365030195308222,0.01963576163934832,0.0015308700286428315,0.00881399486309855,0.02076202855963948,0.0,0.0,0.0,0.0,0.0,0.0030562966474423164,0.006703095982853299,0.0,0.0030223056007226195,0.0,0.0,0.0,0.0,0.005194191726618026,0.0,0.013073768870670077,0.0,0.0,0.0,0.0008149856064827544,0.0,0.008018165110936457,0.0,0.005481953515854624,0.0,0.01290561306766919,0.0,0.0,0.0,0.0,0.0,0.0,0.0,0.0,0.0,0.0,0.0,0.0,0.0,0.01025344702282809,0.004696693482223905,0.0,0.0,0.0,0.0,0.0,0.0,0.0,0.0,0.0,0.0,0.0,0.0,0.0,0.0,0.0,0.0,0.0,0.0,0.0,0.0,0.0,0.0,0.0,0.0,0.0,0.0,0.0,0.0,0.0,0.0,0.0,0.0,0.0,0.0,0.0,0.0,0.0,0.0,0.0,0.0,0.0,0.0,0.0,0.0,0.0,0.0,0.0,0.0,0.0,0.0,0.0,0.0,0.0,0.0,0.0,0.0
CCTGTCGCCCGTAAAT-1,0.2980616251391909,0.30663439968458356,0.09173040288867897,0.010869053165447708,0.0423314574464215,0.002450061135602701,0.0664952333488163,0.0,0.008809485123142507,0.0,0.0,0.02956947231121225,0.00478851737669545,0.0,0.0,0.0,0.006178995735066528,0.0017373165696303876,0.0,0.0,0.0,0.009543911055509152,0.0,0.0,0.0004465871350556691,0.0,0.011682150165332413,0.0007738086231455094,0.005893225383706484,0.002675174989670238,0.0,0.0011123347875436433,0.0,0.0006768406375644893,0.0012284096942501135,0.001931964644628802,0.0,0.0,0.0,0.008435356247508281,0.0,0.0,0.0,0.0,0.0,0.0,0.0031011610012536338,0.0,0.0017028940135504905,0.002205327761140283,0.0,0.0018637448512336015,0.0037266370515651602,0.0010622929461632908,0.0,0.0,0.0,0.0,0.0,0.0015449561821568158,0.0,0.0,0.0,0.0,0.0,0.0,0.0,0.0,0.0,0.0,0.0,0.0,0.0,0.0,0.0016267535999543899,0.0,0.0,0.0,0.0,0.00037325639264769846,0.000884490256201341,0.0,0.0,0.004203009538322909,0.0,0.0,0.0,0.0,0.0,0.0,0.0,0.0,0.0,0.0,0.0,0.0,0.0,0.0,0.0021040342814664784,0.0,0.0,0.0,0.0,0.0,0.0,0.0,0.0,0.0,0.0,0.0,0.0,0.0,0.0,0.0,0.0,0.0,0.0,0.0,0.0
CCTTCTCAGCGTTCCT-1,0.06517122380311675,0.03110801670106971,0.01946449668575213,0.0015889737076685627,0.007505749247446299,0.0,0.013620683963981268,0.0012624017607426893,0.0,0.004065037641560749,0.0,0.03690712996159243,0.0245171991629234,0.00022836355773817057,0.0,0.0,0.02400672725554686,0.0033078555825245457,0.0,0.00391718398104076,0.0,0.007454644454020659,0.0,0.0,0.0031365530864074648,0.0,0.0,0.0004462243818250631,0.005108565608497128,0.0014616884304463435,0.0017420075698342942,0.005812674957920913,0.004056192221547476,0.0,0.0,0.00524219512710455,0.0,0.0,0.0,0.0,0.0,0.00046094715763157274,0.004130522533758163,0.0,0.0,0.0,0.0,0.0006269438742089688,0.0,0.0009630866270740184,0.0031305402771560293,0.0,0.0,0.0,0.0014616884304463435,0.0009328997881747735,0.0002585978114321894,0.0,0.0,0.0,0.0,0.0,0.0,0.0,0.0,0.0,0.0,0.0,0.0,0.0,0.0,0.0,0.0007290332199457458,0.0,0.0,0.0,0.0,0.0,0.0,0.0,0.001416024147178155,0.0,0.0004609425781354085,0.0,0.00043083454295944536,0.0,0.00024121418044802226,0.0,0.0,0.0,0.0,0.0,0.0,0.0,0.0,0.0,0.0,0.0008994707830575988,0.0,0.0,0.0,0.0,0.0,0.0,0.0,0.0,0.0,0.0,0.0,0.0,0.0,0.0,0.0,0.0,0.0,0.0,0.0,0.0,0.0
CCTTTAAGGGAGCACT-1,0.0030256319892328345,0.028324549659002576,0.017995282513318688,0.0,0.0,0.0,0.0,0.06093963225099553,0.00028745906522072644,3.8280903801509707e-05,0.02657342801671614,0.008526876706786311,0.008180132136985168,0.017241051212501503,0.015954663457240566,0.013162369877922136,0.15399600856099238,0.0021996299024684652,0.0,0.0419747515943701,0.0,0.0,0.0014703772828527461,0.0,0.019622241137316736,0.006790519836984888,0.0,0.0,0.0005445313221397315,0.006398096668676591,0.0,0.004132655622013131,0.0,0.0,0.0,0.0,0.0,0.0,0.0,0.0,0.0,0.0,0.0013022365067794836,0.0,0.0,0.0,0.0,0.0,0.0,0.0,0.006309033966928705,0.0,0.0023811303902971305,0.0,0.0,0.0,0.0,0.0,0.0,0.0,0.0,0.0,0.0,0.0,0.0,0.0,0.0,0.0,0.0,0.00022751925954021305,0.0,0.0,0.005749283753534524,0.0,0.0,0.0,0.0,0.0,0.0,0.001023965650274313,0.00030741635971828513,0.0,0.0,0.0,0.0,0.0,5.106465338412952e-05,0.0,0.0,0.0,0.0,0.0,0.0,0.00035769207340645865,0.0,0.0,0.0,5.370211759144939e-05,0.0,0.0,0.0,0.0,0.0,0.0,0.0,0.0,0.0,0.0,0.0,0.0,0.0,0.0,0.0,0.0,0.0,0.0,0.0006062466178292714,0.0,0.00035769207340645865
CCTTTCAATGAAGAAA-1,0.3549337821804348,0.09347708049333708,0.22603993382857243,0.05809199186566275,0.0337912237830978,0.07698507387825418,0.02690690690771119,0.0,0.03106230185675246,0.01611279864889214,0.0,0.0,0.0,0.0,0.0,0.0636565570642016,0.0,0.016426925824789374,0.005492205195780665,0.0026302013754299037,0.011950567336058664,0.012586139131273572,0.0,0.0,0.0,0.0,0.00335697763135568,0.0,0.0,0.0,0.0,0.0011555001838118187,0.0,0.0,0.0,0.0,0.0,0.0,0.0,0.0,0.0,0.0,0.0,0.0,0.0,0.0032281996213214823,0.0,0.0,0.0,0.0,0.0,0.0,0.0032281996213214823,0.006126024199577161,0.0,0.0032281996213214823,0.0,0.0,0.0,0.0,0.0,0.0,0.0,0.0,0.0,0.0,0.0,0.0,0.0,0.00663813650623744,0.0,0.0,0.0,0.0,0.0,0.0,0.0,0.0,0.0,0.0,0.0,0.0,0.0,0.0,0.0,0.0,0.0,0.0,0.0,0.0,0.0,0.0,0.0,0.0,0.0,0.0,0.0,0.0,0.0,0.0,0.0,0.0,0.0,0.0,0.0,0.0,0.0,0.0,0.0,0.0,0.0,0.0,0.0,0.0,0.0,0.0,0.0,0.0,0.0
CGAAACGCAATTCATG-1,0.3312015932807224,0.0,0.0,0.054897868426047464,0.0,0.0,0.0,0.0,0.01972236558367758,0.0,0.0,0.019265529218103004,0.0,0.0,0.0,0.0,0.0,0.0,0.0,0.0,0.0,0.030010235004848125,0.0,0.0,0.0,0.014097213895821602,0.0,0.0,0.0,0.009027938468172902,0.0,0.0,0.0,0.0,0.0,0.0,0.0,0.0,0.0,0.0,0.0,0.0,0.0,0.0,0.0,0.0,0.0,0.0,0.0,0.0,0.0,0.0,0.0,0.0,0.0,0.0,0.0,0.0,0.009027938468172902,0.0,0.0,0.0,0.0,0.0,0.0,0.0,0.0,0.0,0.0,0.0,0.0,0.0,0.0,0.0,0.0,0.0,0.0,0.0,0.0,0.0,0.0,0.0,0.0,0.0,0.0,0.0,0.0,0.0,0.0,0.0,0.0,0.0,0.0,0.0,0.0,0.0,0.0,0.0,0.0,0.0,0.0,0.0,0.0,0.0,0.0,0.0,0.0,0.0,0.0,0.0,0.0,0.0,0.0,0.0,0.0,0.0,0.0,0.0,0.0
CGAACCCGCATGCGTC-1,0.6954023015392239,0.2894592944806974,0.12901167812888434,0.071352661747442,0.053458363437184055,0.04193148138806953,0.08251491634063121,0.10118499322388014,0.0,0.060235391247428584,0.14945447129181302,0.018343917648011757,0.013935718113085702,0.045296522697841735,0.0,0.0,0.017346421071940038,0.006963446074624315,0.014048390435609626,0.012729246222560837,0.006475485073631644,0.028761835426574414,0.0033687388556200757,0.0,0.0026180772883662327,0.010224015056857667,0.0,0.004610863976584154,0.0031497138999303947,0.0,0.0022988705361172207,0.0012498786431373611,0.001890823050332126,0.0015751960608560533,0.012624682968185174,0.006137863090020197,0.006516625629974343,0.0,0.0,0.0,0.0,0.001561641249209966,0.0010987816737000442,0.00629755483007273,0.0,0.001890823050332126,0.0046792215136262656,0.005422666626856583,0.0,0.0,0.001542700662525602,0.0,0.0024662488113644547,0.0,0.0,0.0,0.0,0.0,0.0,0.00475835594286028,0.0,0.0,0.0023378249948134504,0.0,0.0,0.0,0.0,0.0,0.009772536290198957,0.0,0.0,0.0,0.0,0.0,0.0006295839513978732,0.0,0.0,0.0,0.0,0.0,0.0,0.0,0.0,0.0,0.0,0.0,0.0,0.0,0.0012331244056822273,0.0,0.0,0.0,0.0,0.0,0.0,0.005398659073534381,0.0,0.0,0.0,0.0,0.0,0.0,0.0,0.0,0.0,0.0,0.0,0.0,0.0,0.0012331244056822273,0.0,0.0,0.0,0.0,0.0,0.0,0.0,0.0,0.0
CGAAGACGGTGAGTGC-1,0.00296514156901436,0.006047744160172119,0.044325121637628834,0.0,0.0,0.0,0.023594743037388843,0.0005631822159054857,0.0,0.00016192313358664927,0.0,0.0,0.0,0.0007158917703490964,0.004305670752556958,0.0,0.01583660821121552,0.0007577068276497454,0.0,0.00669139099725654,0.0,0.0,0.0037890863932632203,0.001556273595941146,0.00587224453586118,0.0,0.0,0.0,0.00025315097918721997,0.005693059905755902,0.0,0.0002908769215492286,0.0,0.0016856656332414524,0.0,0.0,0.0,0.0,0.0017589847354772996,0.007337848583023702,0.0,0.0,0.004252640618708612,0.0,0.0,0.0,0.0,0.0,0.0,0.00025315097918721997,0.0002717945157782023,0.00011364980036163457,0.0,0.0,0.0,0.001213596411950612,0.0,0.0,0.0,0.0,0.0,0.0,0.0,0.005957017184373313,0.0,0.0,0.0,0.0,0.0,0.0,0.0,0.0,0.0,0.0,0.0,0.0,0.0,0.0,0.0,0.0,0.00010663559256563603,0.0,0.0,0.0,0.0,0.0,0.0,0.0,0.0,0.0,0.0,0.0,0.0,0.0,0.0,0.0,0.0,0.0001257733022403861,0.0,0.0,0.0,0.0,0.0,0.0,0.0,0.0,0.0,0.0,0.0,0.0,0.0,0.0,0.0,0.0,0.0,0.0,0.0,0.0,0.0
CGACAGTTCGCGTTAT-1,0.1420182910596724,0.0,0.11444912575376173,0.0,0.049378013609793346,0.0,0.0,0.0,0.010550561488858202,0.0,0.0,0.03343398718506592,0.024193550482206658,0.0,0.0,0.0,0.0,0.003983354352164109,0.0,0.0,0.0,0.0,0.0,0.0,0.0,0.0,0.0,0.0,0.0,0.0,0.00404373294964807,0.0,0.01654318701882455,0.0,0.0,0.0,0.0,0.0,0.01674741364667109,0.0,0.0,0.0,0.0,0.0,0.0,0.0,0.0,0.0,0.0,0.0,0.0,0.0,0.0,0.0,0.011263368655399899,0.0,0.0,0.0,0.0,0.0,0.0,0.0,0.0,0.0,0.0,0.0,0.0,0.0,0.0,0.0,0.008271593509412275,0.0,0.0,0.0,0.0,0.0,0.0,0.0,0.0,0.0,0.0,0.0,0.0,0.0,0.0,0.0,0.0,0.0,0.0,0.0,0.0,0.0,0.0,0.0,0.0,0.0,0.0,0.0,0.0,0.0,0.0,0.0,0.0,0.0,0.0,0.0,0.0,0.0,0.0,0.0,0.0,0.0,0.0,0.0,0.0,0.0,0.0,0.0,0.0
CGAGACCCTAGAGTGT-1,0.8614332388801014,0.0,0.2790817482786936,0.14525734592209508,0.0,0.0,0.014129538607310907,0.0,0.03758021756778615,0.0,0.0,0.0,0.013925370765569501,0.0,0.1024476664210358,0.0,0.03700267414313226,0.00617509449001734,0.0,0.0,0.0,0.0,0.02452392297986929,0.0,0.007764573945062796,0.0,0.0028468513343613746,0.0013114856412093532,0.00462363916348249,0.0,0.0,0.0,0.0033096469028674664,0.004880038323760197,0.011267891368588098,0.0,0.0,0.007031314896655297,0.0,0.027946357041465742,0.0,0.0,0.004756029657116663,0.0047174239884524224,0.0,0.006619293805734933,0.0,0.0,0.006738293353223663,0.002300703699733342,0.0,0.0,0.0,0.0,0.0,0.0,0.0,0.00662735307636477,0.0,0.0,0.0,0.0,0.0,0.0,0.0,0.0,0.0,0.0,0.0,0.0,0.0,0.0,0.0,0.0,0.0061075897056995145,0.0,0.003952936042609055,0.005349364761552531,0.0,0.0,0.0,0.0,0.0,0.0,0.0,0.0,0.0012924589222870597,0.0,0.0,0.0,0.0,0.0,0.0,0.0,0.0,0.0,0.0,0.0,0.0,0.0,0.0,0.0,0.0,0.0,0.0,0.0,0.0,0.0,0.0,0.0,0.0,0.0,0.0,0.0,0.0,0.0,0.0,0.0,0.0
CGAGCACTTCAAGTTT-1,0.3831963060670172,0.7996726222104339,0.0,0.06948392539316785,0.03394833136193977,0.0,0.07343731921875135,0.00499006704986534,0.013915396654380952,0.024750982513134085,0.04899290215222042,0.01683962378758954,0.06359921796400339,0.0,0.0,0.0,0.012985292544985639,0.018008616390515826,0.00435343380940067,0.0,0.006070240264412325,0.05457536989666477,0.005292399452132448,0.007109096249346719,0.0036547863531731814,0.007120658725260007,0.01347866158633423,0.019933861276725227,0.0038514561714571094,0.0008193402608912051,0.017183978118033193,0.0006470849998795606,0.005609378919771729,0.0069801489436385564,0.0,0.022310935103621424,0.0,0.014177556738786255,0.0,0.0,0.0,0.0,0.0021673222735987315,0.0,0.0,0.0,0.0,0.001853443122616197,0.0016466020194457337,0.0008193402608912051,0.0009620362712727624,0.0,0.0,0.0008193402608912051,0.0,0.0,0.012127984013040589,0.0,0.0,0.0,0.0,0.0,0.0,0.0,0.0,0.0,0.0,0.0,0.0,0.0,0.0,0.0,0.0,0.0,0.0010152095389027033,0.0,0.0,0.0,0.0,0.0,0.0009422448145725057,0.0,0.0,0.0,0.0022830834047848627,0.0,0.0011865715657237157,0.0,0.0,0.0,0.0,0.0,0.0,0.0,0.0,0.0,0.0,0.0,0.0,0.0,0.0,0.0,0.0,0.0,0.0,0.0,0.0,0.0,0.0,0.0,0.0,0.0,0.0,0.0,0.0016466020194457337,0.0,0.0,0.0,0.0
CGAGGGACTGCGGTCG-1,0.8216677145641593,0.0,0.10286672367176126,0.245858797568091,0.0,0.0,0.026462864772377193,0.0,0.003917014777488749,0.0,0.0,0.0,0.031170293620506075,0.0,0.0,0.0,0.0,0.0,0.0,0.0,0.0,0.0,0.0,0.01248387225526635,0.0,0.0,0.0,0.003917014777488749,0.0,0.0,0.0,0.0,0.0,0.00796604397592425,0.0,0.0,0.0,0.0,0.0,0.0,0.0,0.0,0.0,0.012141209288149463,0.0,0.0,0.0,0.016478717792939152,0.0,0.0,0.0021937422460949355,0.0,0.007780515670954988,0.0,0.0,0.0,0.0,0.006070604644074731,0.0,0.0,0.0,0.0,0.0,0.0,0.0,0.0,0.0,0.0,0.0,0.0,0.0,0.0,0.0,0.006070604644074731,0.0,0.0,0.0,0.0,0.0,0.0,0.0,0.0,0.0,0.0,0.0,0.0,0.0,0.0,0.0,0.0,0.0,0.0,0.0,0.0,0.0,0.0,0.0,0.0,0.0,0.0,0.0,0.0,0.0,0.0,0.0,0.0,0.0,0.0,0.0,0.0,0.0,0.0,0.0,0.0,0.0,0.0,0.0,0.0,0.0
CGAGTACTAAAGAGGA-1,0.2631645313409443,0.12490148689409084,0.11408547338685687,0.053264401579100736,0.0,0.0,0.0,0.0,0.007908046036165049,0.0,0.0,0.030779349276814756,0.0,0.025720530316576378,0.0,0.0,0.0,0.0,0.0,0.009317815324339099,0.007457791558849119,0.0,0.0,0.0,0.0,0.0,0.0,0.0,0.0,0.0,0.005535403615985299,0.0,0.0,0.0,0.0,0.0,0.0,0.0,0.0,0.0,0.0,0.0,0.0,0.0,0.0,0.0,0.0,0.0,0.0,0.008752584301074923,0.0,0.0,0.0,0.0,0.0,0.0,0.0,0.006948474909130569,0.0,0.0,0.0,0.0,0.0,0.0,0.0,0.0,0.0,0.0,0.0,0.0,0.0,0.0,0.0,0.0,0.0,0.0,0.0,0.0,0.0,0.0,0.0,0.0,0.0,0.0,0.0,0.0,0.0,0.0,0.0,0.0,0.0,0.0,0.0,0.0,0.0,0.0,0.0,0.0,0.0,0.0,0.0,0.0,0.0,0.0,0.0,0.0,0.0,0.0,0.0,0.0,0.0,0.0,0.008752584301074923,0.0,0.0,0.0,0.0,0.0,0.0
CGATACCTCGCGGACA-1,0.47264885740845836,0.1774731792174587,0.1760472180847786,0.0,0.0,0.0,0.0,0.0,0.007330384438937065,0.019558656760275423,0.0,0.0,0.0,0.0,0.0,0.0,0.05680801741159485,0.0,0.0,0.0,0.019357563091236145,0.0,0.0,0.0,0.0,0.0,0.011066310154328494,0.0,0.0,0.0,0.0031487855420131634,0.0,0.0,0.0,0.007330384438937065,0.0,0.0,0.0,0.0,0.0,0.0,0.0,0.00490628913962106,0.0,0.0,0.0,0.0,0.0,0.0,0.0,0.0,0.0,0.0,0.0,0.0,0.0,0.0,0.0,0.0,0.0,0.0,0.0,0.0,0.0,0.0,0.0,0.0,0.0,0.0,0.0,0.0,0.0,0.0,0.0,0.0,0.0,0.0,0.0,0.0,0.008733982693967966,0.0,0.0,0.0,0.0,0.0,0.0,0.0,0.0,0.0,0.0,0.0,0.0,0.0,0.0,0.0,0.0,0.0,0.0,0.0,0.0,0.0,0.0,0.0,0.0,0.0,0.0,0.0,0.0,0.0,0.0,0.0,0.0,0.0,0.0,0.0,0.0,0.0,0.0,0.0
CGATCTGTTGGAGGAC-1,0.4313096352459784,0.3156800144368314,0.26417437666957144,0.008422433996293298,0.0,0.0,0.041272657435336604,0.0,0.057105090434390646,0.04960683709077381,0.0,0.0,0.005468302711325266,0.03695418713651792,0.0,0.0,0.02523632904647093,0.00414806261513124,0.0,0.01681458777642369,0.0,0.0,0.0,0.0,0.0039394616320482636,0.009578850032835075,0.0,0.002715664247829883,0.0,0.0,0.012136066414229372,0.010413078183358562,0.004905296056279384,0.004300964692219704,0.0,0.0010812829468249145,0.0,0.0,0.0,0.0,0.0,0.0,0.0007945838968495512,0.0013145403180523296,0.0,0.0,0.0,0.0,0.0,0.002106747241977267,0.0,0.0044018192077781675,0.0,0.0,0.0,0.005861000439960938,0.0,0.0,0.0,0.0,0.0,0.0,0.0,0.0,0.0,0.004375404319322202,0.0,0.0,0.0,0.0,0.0,0.0,0.0009851859203955286,0.0,0.0,0.0,0.0,0.0,0.0,0.0,0.0,0.0,0.0,0.0,0.0,0.0016254335124665231,0.0,0.0,0.0,0.0,0.0,0.0,0.0,0.0,0.0,0.0,0.0,0.0,0.0,0.0,0.0008127167562332616,0.0,0.0,0.0,0.0,0.0,0.0,0.0,0.0,0.0,0.0,0.0,0.0,0.0,0.0,0.0,0.0,0.0,0.0
CGCAAACACGAGTTAC-1,0.2211296702657118,0.08193670858005675,0.057369025775949795,0.07485369580445166,0.0,0.0,0.0,0.0,0.026567383479024757,0.0,0.0,0.0,0.017050327419609265,0.0,0.04382616094288086,0.0,0.0,0.010319651386240483,0.0,0.0,0.0,0.0,0.0,0.0,0.0,0.0,0.0,0.0,0.0,0.0,0.0,0.0,0.0,0.0,0.0,0.0,0.0,0.0,0.0,0.0,0.038383488433356094,0.0,0.0,0.0072479043873665125,0.0,0.0,0.0,0.0,0.0,0.0,0.0,0.0,0.0,0.0,0.010123967519603693,0.0,0.0,0.0,0.0,0.0,0.0,0.0,0.0,0.0,0.0,0.0,0.0072479043873665125,0.0,0.0,0.0,0.0,0.0,0.0,0.0,0.0,0.0,0.0,0.0,0.0,0.0,0.0,0.0,0.0,0.0,0.0,0.0,0.0,0.0,0.0,0.0,0.0,0.0,0.0,0.0,0.0,0.0,0.0,0.0,0.0,0.0,0.0,0.0,0.0,0.0,0.0,0.0,0.0,0.0,0.0,0.0,0.0,0.0,0.0,0.0,0.0,0.0,0.0,0.0,0.0
CGCAATTACTTTCGGT-1,0.8608698727573719,0.5793044366497848,0.0,0.050569509881673275,0.0,0.05621343974387827,0.06786414653272047,0.07757875789091635,0.08989231394035425,0.06633490129373064,0.0,0.0,0.01461226513597455,0.030873354138951252,0.0,0.0,0.0,0.004017527488597487,0.010285095818120675,0.0,0.0,0.055425165065009094,0.008324198431322781,0.05091762523354774,0.0003379148871523726,0.0021047386915627247,0.01698595891224115,0.010010273578144602,0.0,0.0,0.0019205547436747694,0.0,0.01095428711337898,0.001626108501243339,0.0,0.006583923013983247,0.0,0.013591581306633356,0.0,0.0,0.022181887071581145,0.0005500728466067354,0.0,0.0010046154616425856,0.0,0.00303214673642543,0.0,0.0,0.0,0.0,0.0,0.005103293270097138,0.0,0.0,0.0,0.0,0.0,0.0,0.0,0.0,0.0,0.014003279212277701,0.0,0.0,0.0,0.0019205547436747694,0.0,0.0,0.0,0.0,0.0,0.0,0.0,0.0,0.0,0.0,0.0,0.001570024237519584,0.0,0.0,0.0,0.0,0.0,0.0,0.0,0.0,0.0001143156225091241,0.004406104956426474,0.0,0.0,0.0,0.0,0.0,0.0,0.0,0.0,0.0,0.0,0.0,0.0,0.0,0.0,0.0,0.0,0.0,0.0,0.0,0.0,0.0,0.0,0.0,0.0,0.0,0.0,0.0,0.0,0.0,0.001570024237519584,0.0
CGCAATTCTACAATAA-1,0.6622767328303616,0.44272849855699387,0.06954207703305033,0.1383926181017297,0.09022671123094919,0.15814024790567272,0.014624561978230748,0.0,0.032508810474033326,0.002139048772270299,0.15864044125341784,0.009301589862774687,0.027279547859372737,0.018033272581645395,0.0,0.0,0.0,0.014372681706989677,0.004178402107343194,0.0006441953820300633,0.0035634794721298613,0.0,0.012173298948392575,0.007226206093001136,0.0023569140912694905,0.0,0.021421409499438583,0.01080181300795384,0.007073011356849589,0.0013621745197567449,0.0,0.0,0.0,0.004383987150522341,0.0033853213058573006,0.014977224844495034,0.0025514854523967087,0.0,0.0,0.007684178081625805,0.0,0.0024557985027214685,0.00237059071798903,0.0029443306093689075,0.0,0.0,0.0,0.0,0.003823927528564448,0.002187869742082697,0.0051579138153088466,0.0,0.0,0.0,0.004253015038593959,0.0,0.0,0.0013167352381702893,0.0,0.0,0.011164547815125037,0.0,0.0,0.0,0.0,0.003930073695481002,0.003589412752273025,0.0,0.0,0.0,0.0,0.0,0.0,0.0,0.0003523413187923599,0.0,0.0,0.0013621745197567449,0.0,0.0,0.0,0.0,0.0,0.0,0.0027705837166021163,0.0,0.0,0.0,0.0,0.0,0.0016275953711986182,0.0010667724313587821,0.0,0.0010667724313587821,0.0,0.0,0.0,0.0,0.0,0.0,0.0,0.0,0.0,0.0,0.0,0.0,0.0,0.0,0.0,0.0,0.0,0.0,0.0,0.0,0.0,0.0,0.0,0.0,0.0
CGCATGGTGCGATGCT-1,0.4367269371362214,0.378343836272361,0.3130703073103216,0.0,0.0,0.0,0.04558773406722835,0.0048886843598592205,0.0018806688560774277,0.0,0.0,0.02067255046303365,0.0,0.0,0.0,0.0,0.0,0.01953543251235895,0.008941921735390322,0.0,0.010031559616055601,0.0,0.0,0.0,0.003806389275996346,0.0,0.0,0.0,0.0,0.0,0.0,0.0,0.0,0.0,0.0,0.0036799999248737568,0.0,0.0006190217417217644,0.0,0.0,0.0,0.0,0.0,0.0,0.0,0.0,0.0,0.0,0.0,0.0,0.0,0.0,0.0,0.0,0.0,0.00722216920754948,0.0,0.0,0.0,0.0,0.0,0.0,0.0,0.0,0.0,0.0,0.0,0.0,0.0,0.0,0.0,0.0,0.0,0.0,0.0,0.0,0.0,0.0,0.0,0.0,0.0,0.0,0.0,0.0,0.0,0.0,0.0,0.0,0.0,0.0,0.0,0.0,0.0,0.0,0.0,0.0,0.0,0.0,0.0,0.0,0.0,0.0,0.0,0.0,0.0,0.0,0.0,0.0,0.0,0.0,0.0,0.0,0.0,0.0,0.0,0.0,0.0,0.0,0.0
CGCCAAGAAGCCGAGT-1,0.595852453883383,0.7097170264474825,0.09466630705517223,0.05975691359101148,0.0,0.0,0.043012878508979085,0.0,0.0,0.07221290839372646,0.0,0.010096670351332793,0.0,0.028191328530074562,0.0,0.0,0.03154743190121096,0.014712411509780358,0.0,0.0005752791003020445,0.016273825477207248,0.0,0.022350766916903304,0.0,0.00955779893864708,0.0,0.027519031594969184,0.005922120847404709,0.019701029037044713,0.0,0.0024751410068446405,0.0013761672280611387,0.0,0.005684455662810651,0.024221187627665154,0.011526532942227505,0.0,0.005208702486363897,0.0,0.0,0.0,0.008682897090584119,0.0006238405593252101,0.0,0.0,0.003257309253762863,0.0,0.0,0.0,0.0,0.0,0.011450039369585274,0.0,0.0018254892141986348,0.0,0.0018254892141986348,0.0,0.0,0.0,0.0,0.0,0.0,0.0,0.0,0.0,0.0,0.0,0.0,0.0,0.0,0.0,0.0,0.0,0.0,0.0,0.0,0.0,0.0,0.0,0.0,0.0,0.0,0.0,0.0,0.0,0.0018254892141986348,0.0,0.0,0.0,0.0,0.0,0.0,0.0,0.0,0.0,0.0,0.01667218920761511,0.0,0.0,0.0,0.0,0.0,0.0,0.0,0.0,0.0,0.0,0.0,0.0,0.0,0.0018254892141986348,0.0,0.0,0.0,0.0,0.0,0.0,0.0,0.0
CGCCCAGCACGCCTAG-1,0.08513410411057482,0.008348120699207966,0.0,0.0005104840624019385,0.0,0.0,0.0045891868378401925,0.03355334150519251,0.0,0.00015107991428078032,0.0,0.0,0.005601548314457562,0.0022622730770199234,0.0,0.0,0.027322386398903543,0.002656393242756826,0.0,0.01999210967051616,0.0,0.002801873153745858,0.0,0.0,0.013524869418408384,0.0022821422927760088,0.0,0.0,0.00045864257851441963,0.014962508863831,0.0015602670861155205,0.0015727376086535029,0.0,0.0,0.0,0.0,0.0,0.0010914163192625587,0.0,0.0,0.0,0.0,0.0005239698386957083,0.0,0.0,0.0,0.0,0.0,0.0,0.0,0.004050371276824297,0.0,0.0,0.004432291411418084,0.0,0.0,0.0,0.0,0.0,0.0,0.0,0.0,0.0029093381292191814,0.0,0.0003511035538652295,0.0,0.0,0.0,0.0,5.917794654397092e-05,0.0,0.0,0.0008734239818716105,0.0,0.0,0.0,0.0,0.0,0.0,0.0,0.0,0.0,0.0,0.0,0.0,0.0,0.0,0.0,0.0,0.0005573080530199449,0.0,0.0,0.0,0.0,0.0,0.0,0.0,0.0,0.0,0.0,0.0,0.0,0.0,0.0,0.0,0.0,0.0,0.0,0.0,0.0,0.0,0.0,0.0,0.0,0.0,0.0,0.0,0.0,0.0
CGCCGACTATTCGCTA-1,0.024276545931889354,0.025235591497976863,0.00663172716173892,0.0013300963547985742,0.0,0.0,0.0014490951934666707,0.0,0.0,0.0,0.0,0.0,0.0017843968125752616,0.014594000351107108,0.0,0.0,0.031615737897323366,0.0,0.0,0.013882128357299064,0.0072302528146451096,0.0,0.0,0.0,0.006291876924961689,0.0023483246026303646,0.0,0.0,0.0,0.025601578938785025,0.0006989423963932722,0.005074770239686177,0.0,0.0,0.0,0.0013525459303974138,0.0,0.0,0.014363343853760554,0.0,0.0,0.0,0.004534973094709725,0.0,0.0,0.0,0.0,0.0,0.0,0.0,0.0,0.0012296007809556564,0.0,0.0,0.0,0.0,0.0,0.0,0.008407592411537455,0.0025944163213841975,0.0,0.0,0.0,0.0,0.0,0.0,0.0,0.0,0.0,0.0,0.0,0.0,0.0,0.0,0.0,0.0,0.0,0.0,0.0,0.0,0.0015259091969350347,0.0,0.0,0.0,0.0,0.0,0.0,0.0,0.004412775269911902,0.0,0.0,0.0,0.0,0.0,0.0,0.0,0.0,0.0,0.0,0.0,0.0,0.0038089143953645445,0.0,0.0,0.0,0.0,0.0,0.0,0.0,0.0,0.0,0.0,0.0,0.0,0.0,0.0,0.0,0.0,0.0
CGCCGCCCATGCCTGT-1,0.49202416054995946,0.0,0.07978012667331996,0.034306971250100377,0.0,0.0,0.0,0.0,0.008377514586437646,0.0,0.0,0.0,0.0,0.0,0.0,0.0,0.0,0.0,0.0,0.0,0.003698132629107708,0.0,0.009000923417315867,0.0,0.0,0.0,0.0,0.0,0.0,0.0,0.0,0.0,0.005543163426614625,0.0,0.0,0.0,0.0,0.0,0.0,0.0,0.017489087997891208,0.0,0.0,0.0,0.0,0.0,0.007029022397761178,0.0,0.0,0.0,0.0,0.0,0.0,0.0,0.0,0.0,0.0,0.009217234441439886,0.0,0.0,0.0,0.0,0.0,0.0,0.0,0.0,0.0,0.0,0.0,0.0,0.0,0.0,0.0,0.0,0.0,0.0,0.005543163426614625,0.0,0.0,0.0,0.002701671045752785,0.0,0.0,0.0,0.0,0.0,0.0,0.0,0.0,0.0,0.0,0.0,0.0,0.0,0.0,0.0,0.0,0.0,0.0,0.0,0.0,0.0,0.0,0.0,0.0,0.0,0.0,0.0,0.0,0.0,0.0,0.0,0.0,0.0,0.0,0.0,0.0,0.0,0.0
CGCCTCCCTCCTCTAT-1,0.1556386816448773,0.0,0.0411586079147874,0.0,0.0,0.0,0.02432469314221418,0.0,0.0,0.0,0.0,0.010264095149053047,0.0,0.0,0.0,0.0,0.0,0.0,0.012514065080531586,0.0,0.016704519773608498,0.0,0.0,0.0,0.003941021528488592,0.0,0.0,0.0,0.0,0.0,0.0,0.0,0.0,0.0,0.0,0.001605590301217647,0.0,0.0,0.0,0.0,0.0,0.0,0.0,0.0,0.0,0.0,0.0,0.0,0.0,0.0,0.0,0.0,0.0,0.008356771290285267,0.008356771290285267,0.0,0.0,0.0,0.008356771290285267,0.0,0.0,0.0,0.0,0.0,0.0,0.0,0.0,0.0,0.0,0.0,0.0,0.0,0.0,0.0,0.0,0.0,0.0,0.0,0.0,0.0,0.0,0.0,0.0,0.0,0.0,0.0,0.0,0.0,0.0,0.0,0.0,0.0,0.0,0.0,0.0,0.0,0.0,0.0,0.0,0.0,0.0,0.0,0.0,0.0,0.0,0.0,0.0,0.0,0.0,0.0,0.0,0.0,0.0,0.0,0.0,0.0,0.0,0.0,0.0
CGCCTGGCCTACGTAA-1,0.27081466806368,0.13915587429443677,0.11363167281679608,0.08013870665655362,0.07119866336162495,0.25044375112585204,0.09857463817103673,0.12156966042131424,0.009888402197594832,0.002233392671937925,0.0,0.02773897112088889,0.0366457888374923,0.0,0.044504109628491384,0.0,0.0,0.0,0.01174700200696747,0.009462470210958477,0.024484441876684207,0.0,0.0,0.0,0.0,0.0,0.0,0.0,0.0,0.0,0.004055660125632682,0.00014336726068281495,0.005140966385632137,0.0,0.0,0.0,0.0,0.0,0.0,0.0,0.0,0.0,0.0,0.0,0.0,0.0,0.0,0.0,0.0,0.0,0.0008717180972598596,0.008430469017841863,0.0,0.0,0.0,0.0,0.0,0.0,0.0,0.0,0.011718958280570029,0.0,0.0,0.0,0.0,0.0,0.0,0.0,0.0,0.0,0.0,0.0,0.0,0.0,0.0,0.0,0.0,0.0,0.0,0.0,0.0,0.0,0.0,0.0,0.0,0.0,0.0,0.0,0.0,0.0,0.0,0.0,0.0,0.0,0.0,0.0,0.0,0.0,0.0,0.0,0.0,0.0,0.0,0.0,0.0,0.0,0.0,0.0,0.0,0.0,0.0,0.0,0.0,0.0,0.0,0.0,0.0,0.0,0.0
CGCGCATGTTTGATTG-1,0.19165094356868748,0.25598054713577867,0.17707231416519897,0.0,0.003703398539979415,0.0,0.010483711835510782,0.09886196230092767,0.0,0.0023041472672785416,0.17342744075913513,0.052246427979278386,0.023753109713198724,0.0,0.0,0.0,0.0,0.0010916577691975377,0.0,0.025915047873456245,0.0029677016769979283,0.038625280275695076,0.0,0.00330770972969837,0.0,0.0,0.002132601876376046,0.0,0.009090100884246412,0.004366837371355168,0.0,0.0024273299689620475,0.0,0.0,0.008587552798189702,0.0,0.0,0.0,0.0,0.0,0.0,0.0005795500519774201,0.0011706892847317127,0.002827635689093989,0.0,0.0,0.0,0.0,0.0,0.005349584757612516,0.0018385001466784073,0.0,0.004059682578922189,0.0004327423814060877,0.0,0.0,0.0,0.0,0.0,0.0,0.0,0.0,0.002340181378999052,0.0,0.0,0.0,0.0,0.0,0.0,0.003179158131569452,0.0,0.0,0.0027121850002656675,0.0,0.0006131710316021437,0.0014870613009092285,0.0,0.001900530553829873,0.0,0.0,0.00039175338362384173,0.0,0.0015893491689114904,0.0,0.0,0.0,0.00018072065729113284,0.0,0.0,0.0,0.001440917034989481,0.0,0.0,0.0,0.0,0.0,0.0,0.0,0.0,0.0,0.0,0.0,0.0,0.0,0.0,0.0,0.0,0.0,0.0,0.0,0.0,0.0,0.0,0.0,0.0,0.0,0.0,0.0,0.0
CGCGCCCGACTTAATA-1,0.7827751137964735,0.2519054060468754,0.0,0.10004518898185841,0.061437867619152056,0.0,0.03355536633433749,0.10700344239383747,0.05741007184520195,0.0,0.0,0.0,0.031626071670589936,0.0,0.035329053976714264,0.0,0.0,0.0,0.012791923517469751,0.0023493669108633265,0.0,0.017912535118958694,0.0,0.0,0.0,0.0,0.0,0.0020863624588739788,0.0009828166820485549,0.0,0.004089212044216547,0.0,0.0,0.0,0.0,0.0,0.0,0.0,0.0,0.0,0.012598806139633241,0.0,0.0,0.0,0.0,0.0,0.0,0.0,0.0,0.0,0.0,0.0,0.0,0.0,0.007840156250744428,0.00639003704293041,0.0,0.0,0.0,0.0,0.0,0.0,0.0,0.0,0.0,0.0,0.0,0.0,0.0,0.013979941004036264,0.004115494718685685,0.0,0.0,0.0,0.0,0.0,0.0,0.0,0.0,0.0,0.0,0.0,0.0,0.0,0.0,0.0,0.0,0.0,0.0,0.0,0.0,0.0,0.0,0.0,0.0,0.0,0.0,0.0,0.0,0.0,0.0,0.0,0.0,0.0,0.0,0.0,0.0,0.0,0.0,0.0,0.0,0.0,0.0,0.0,0.0,0.0,0.0,0.0,0.0
CGCTATTCTTAGGCTC-1,0.23788114284213918,0.0,0.16002203419766725,0.0,0.1476913952353437,0.0,0.08549728496678927,0.011095315020204874,0.0,0.01933253748837789,0.0,0.0,0.022800651978920214,0.0,0.0,0.0,0.0,0.0,0.0,0.0,0.0,0.0,0.0,0.0,0.0,0.0,0.014819261961969187,0.0,0.0,0.0,0.0,0.0,0.0,0.010133561823904978,0.0,0.0,0.0,0.0,0.0,0.0,0.0,0.0,0.0,0.0,0.0,0.0,0.0,0.0,0.0,0.0,0.0,0.0,0.0,0.0,0.009469810606424085,0.0,0.0,0.0,0.0,0.0,0.0,0.0,0.0,0.0,0.012839118171341077,0.0,0.0,0.0,0.0,0.0,0.0,0.0,0.0,0.0,0.0,0.0,0.0,0.0,0.0,0.0,0.0,0.0,0.0,0.0,0.0,0.0,0.0,0.0,0.0,0.0,0.0,0.0,0.0,0.0,0.0,0.0,0.0,0.0,0.0,0.0,0.0,0.0,0.0,0.0,0.0,0.0,0.0,0.0,0.0,0.0,0.0,0.0,0.0,0.0,0.0,0.0,0.0,0.0,0.0
CGCTCGACATAATGAT-1,0.3119787586614028,0.07411243435946313,0.061309096446821476,0.018486696016600884,0.05344257737744925,0.07457681553595433,0.0,0.0,0.0,0.0,0.0,0.0,0.0,0.0,0.0,0.0,0.0,0.0,0.015607572209157778,0.0,0.02691339089483461,0.0,0.0,0.0,0.0,0.0,0.0,0.003790539270755743,0.0,0.008768501692556333,0.0,0.0,0.0,0.008991634814309264,0.0,0.0,0.0,0.0,0.0,0.0,0.0,0.0,0.0,0.0,0.0,0.0,0.0,0.0,0.0,0.0,0.0,0.0,0.0,0.0,0.0,0.0,0.0,0.0,0.0,0.0,0.0,0.0,0.0,0.0,0.0,0.0,0.0,0.0,0.0,0.0,0.0,0.0,0.0,0.0,0.0,0.0,0.0,0.0,0.0,0.0,0.0,0.0,0.0,0.0,0.0,0.0,0.0,0.0,0.0,0.0,0.0,0.0,0.0,0.0,0.0,0.0,0.0,0.0,0.0,0.0,0.0,0.0,0.0,0.0,0.0,0.0,0.0,0.0,0.0,0.0,0.0,0.0,0.0,0.0,0.0,0.0,0.0,0.0,0.0
CGCTCTCCGTAGATTA-1,0.13194603086188003,0.0,0.0528185470662359,0.05431191592992524,0.0,0.0,0.0,0.0,0.0,0.0,0.0,0.01668230126905365,0.035314360230298734,0.0,0.0,0.0,0.0,0.008072217891758883,0.016159431230734374,0.0,0.0,0.0,0.0,0.0,0.0034689869107874124,0.0,0.0,0.0,0.0,0.0169519859054666,0.0,0.0,0.0,0.0,0.0,0.0,0.0,0.0,0.0,0.0,0.0,0.0,0.0,0.0,0.0,0.0,0.0,0.0,0.0,0.0,0.0,0.0,0.0,0.0,0.0,0.0,0.0,0.0,0.0,0.0,0.0,0.0,0.0,0.0,0.0,0.0,0.0,0.0,0.0,0.0,0.0,0.0,0.0,0.0,0.0,0.0,0.0,0.0,0.0,0.0,0.0,0.0,0.0,0.0,0.0,0.0,0.0,0.0,0.0,0.0,0.0,0.0,0.0,0.0,0.0,0.0,0.0,0.0,0.0,0.0,0.0,0.0,0.0,0.0,0.0,0.0,0.0,0.0,0.0,0.0,0.0,0.0,0.0,0.0,0.0,0.0,0.0,0.0,0.0
CGCTTATTCCCGGTCG-1,0.34555486467294866,0.0,0.0,0.0,0.0,0.0,0.0,0.0,0.0,0.0,0.0,0.009235315193581483,0.0,0.0,0.0,0.0,0.0,0.0,0.0,0.0028972120456497415,0.0,0.0,0.0,0.0,0.0,0.0,0.0,0.0,0.0,0.0,0.0,0.0,0.0,0.0,0.0,0.0,0.0,0.0,0.0,0.0,0.0,0.0,0.0,0.0,0.0,0.0,0.004080681631585139,0.007339762053507314,0.0,0.0,0.0,0.0,0.0,0.0,0.0,0.0,0.0,0.0,0.0,0.0,0.0,0.0,0.0,0.0,0.0,0.0,0.0,0.0,0.0,0.0,0.0,0.007339762053507314,0.0,0.0,0.0,0.0,0.0,0.0,0.0,0.0,0.0,0.0,0.0,0.0,0.0,0.0,0.0,0.0,0.0,0.0,0.0,0.0,0.0,0.0,0.0,0.0,0.0,0.0,0.0,0.0,0.0,0.0,0.0,0.0,0.0,0.0,0.0,0.0,0.0,0.0,0.0,0.0,0.0,0.0,0.0,0.0,0.0,0.0,0.0
CGGAAAGAATCAAACG-1,0.010984651177261487,0.03265857757705883,0.09810602407030271,0.000970298856054273,0.0,0.0,0.0025471316620468932,0.0,0.0,0.0,0.0,0.00904778613317387,0.00371592518511995,0.004728713966687244,0.0,0.0,0.03669331492206521,0.006072545594283538,0.0,0.01028405005814073,0.015285052171111663,0.0,0.0,0.0,0.017065913656012347,0.0033669991380296293,0.0,0.0,0.0,0.011229784908743696,0.0013198426011386468,0.00687193074163003,0.0,0.0,0.0,0.0,0.0,0.001103408472012929,0.0,0.0,0.0,0.0030459298520694646,0.0018027420630120888,0.0,0.0,0.0,0.0,0.0,0.0,0.002636598923306245,0.0,0.0,0.002819815978853404,0.0,0.0,0.006986807492442564,0.0,0.0,0.002636598923306245,0.0,0.0,0.0,0.0,0.0,0.0,0.0,0.0,0.0,0.0,0.0,0.0,0.0,0.0015056014003033869,0.0,0.0,0.0,0.0,0.0,0.0,0.0,0.0,0.00684568470356648,0.0,0.0,0.0,0.0,0.0,0.0,0.0,0.0,0.0,0.0,0.0,0.0,0.0,0.0,0.0,0.0,0.0,0.0,0.0,0.0,0.0,0.0,0.0,0.0,0.0,0.0,0.0011402905437624291,0.0,0.0,0.0,0.0,0.0,0.0,0.0,0.0,0.0,0.0
CGGAACGTAAACATAG-1,0.6188102712884292,0.3246213026345006,0.0,0.0,0.0,0.0,0.0,0.0,0.0,0.007463530715372142,0.0,0.019409047733039697,0.0,0.0,0.0,0.0,0.0,0.0,0.02096102397304875,0.0,0.012697455713685472,0.0,0.0,0.0,0.0011890281350611736,0.02860939531492428,0.01339493806150734,0.010154073036115527,0.004930752950426147,0.0,0.006442075197848281,0.0,0.0,0.002661245984091347,0.0047491399735066124,0.012811307429953189,0.0,0.010979806143962626,0.0,0.0,0.0,0.0006949152884018611,0.0,0.0,0.0,0.0,0.0,0.0,0.0,0.0,0.0,0.0,0.0,0.0,0.0,0.0,0.0,0.0,0.0,0.0,0.0,0.0,0.0,0.0,0.0,0.0,0.0,0.0,0.0,0.0,0.0,0.0,0.0,0.0,0.0,0.0,0.0,0.0,0.0,0.0,0.0,0.0,0.0,0.0,0.0,0.0,0.0,0.0,0.0,0.0,0.0,0.0,0.00836637902737949,0.0,0.0,0.0,0.0,0.0,0.0,0.0,0.0,0.0,0.0,0.0,0.0,0.0,0.0,0.0,0.0,0.0,0.0,0.0,0.0,0.0,0.0,0.0,0.0,0.0,0.0
CGGAGCAATTTAATCG-1,0.6713005863769229,0.10319230054432196,0.09776265255351518,0.13992554331964532,0.059450809775526234,0.0,0.015775905278815467,0.019428522210244874,0.02608149013412163,0.029046188262731355,0.0,0.017899268426420003,0.0,0.049545797491691065,0.0,0.0,0.0,0.012467913359033831,0.01817592161327231,0.0018981350971261524,0.010720245966371039,0.0,0.0,0.009863362317790248,0.0,0.0,0.007501396775427607,0.002903102110908948,0.008429872135102549,0.0,0.0027847674830900546,0.0007873584718692228,0.0,0.0,0.0,0.010778026660975357,0.0,0.0,0.0,0.0,0.0,0.0024047747349462364,0.00031150156001071347,0.0,0.0,0.0,0.0,0.0,0.011864475096560108,0.0,0.0,0.0,0.0,0.0,0.0,0.0,0.0,0.0,0.0,0.0,0.0,0.0,0.0,0.0,0.0,0.001111848432542177,0.0,0.0,0.0,0.0,0.0,0.0,0.0,0.0,0.0,0.0,0.0,0.0,0.00406657884436356,0.0,0.0,0.0,0.0,0.0,0.0,0.0,0.0,0.0,0.0,0.0,0.0,0.0,0.0,0.0,0.0,0.0,0.0,0.0,0.0,0.0,0.0,0.0,0.0,0.0,0.0,0.0,0.0,0.0,0.0,0.0,0.0,0.0,0.0,0.0,0.002901150379246657,0.0,0.0,0.0,0.0
CGGAGCATGGCGATCC-1,0.3508621771250542,0.1480414288143728,0.11891062519709561,0.0,0.0,0.0,0.02446350404101529,0.0,0.017689223835143868,0.0,0.0,0.010074211590267909,0.0,0.0,0.0,0.0,0.0,0.0,0.0,0.0,0.026535887349193075,0.0,0.0,0.0,0.0025324852853834024,0.0,0.0,0.0,0.0,0.0,0.0,0.0,0.0,0.0,0.005343195373216349,0.0,0.0,0.0,0.0,0.0,0.0,0.0,0.0,0.0,0.0,0.0,0.0,0.0,0.0,0.0,0.0,0.0,0.0,0.00978132168999828,0.0,0.0,0.0,0.0,0.0,0.0114586164247458,0.0,0.0,0.0,0.0,0.0010701619193721754,0.0,0.0,0.0,0.0,0.0,0.0,0.0,0.0,0.0,0.0,0.0,0.0,0.0,0.0,0.006002227065885196,0.0,0.0,0.0,0.0,0.0,0.0,0.0,0.0,0.0,0.0,0.0,0.0,0.0,0.0,0.0,0.0,0.0,0.0,0.0,0.0,0.0,0.0,0.0,0.0,0.0,0.0,0.0,0.0,0.0,0.0,0.0,0.0,0.0,0.0,0.0,0.0,0.0,0.0,0.0
CGGAGTTTGAGAGACA-1,0.39805769581554096,0.365940622572952,0.0,0.053959234814341034,0.0,0.0,0.05309483706324024,0.0,0.013866395349338891,0.0,0.12864073454224603,0.009102534517279043,0.0344731077952103,0.012080181023664299,0.0,0.0,0.0,0.0,0.020862220512949906,0.0,0.0,0.02292085646925603,0.0,0.0,0.0,0.0,0.0,0.0,0.0,0.0,0.0,0.0,0.0,0.0,0.0,0.009970586188852985,0.0,0.0,0.0,0.0,0.0,0.0,0.0,0.0,0.0,0.0,0.0,0.0,0.012022240551832711,0.0,0.0,0.0,0.0,0.0,0.0,0.0,0.0,0.004607160659803953,0.0,0.0,0.0,0.0,0.0,0.0,0.0,0.0,0.0,0.0,0.0,0.0026368338995010547,0.0,0.0,0.0,0.0,0.0,0.0,0.0,0.0,0.0,0.0,0.0,0.0,0.0,0.0,0.0,0.0,0.0,0.0,0.0,0.0,0.0,0.0,0.0,0.0,0.0,0.0,0.0,0.0,0.0,0.0,0.0,0.0,0.0,0.0,0.0,0.0,0.0,0.0,0.0,0.0,0.0,0.0,0.0,0.0,0.0,0.0,0.0,0.0,0.0
CGGCAAACATCGTGCG-1,0.1532728358880028,0.0,0.07200740364140255,0.0854111657798053,0.05306957503637151,0.11072039776970578,0.021590759439344555,0.0,0.007474477935646697,0.0,0.0,0.03726337088897833,0.006462629844780243,0.0,0.0,0.07119146562668971,0.0,0.0,0.013752493857175436,0.0,0.0,0.0,0.0,0.0,0.0,0.0,0.0,0.0,0.0,0.0,0.0,0.0,0.0,0.0,0.0,0.0,0.0,0.0,0.0,0.0,0.0,0.0,0.0,0.0,0.0,0.0,0.0,0.0,0.0,0.0,0.0,0.0,0.0,0.0,0.0,0.0,0.0,0.0,0.0,0.0,0.0,0.0,0.0,0.0,0.0,0.0,0.0,0.0,0.0,0.0,0.0,0.0,0.0,0.0,0.0,0.0,0.0,0.0,0.0,0.0,0.0,0.0,0.0,0.0,0.0,0.0,0.0,0.0,0.0,0.0,0.0,0.0,0.0,0.0,0.0,0.0,0.0,0.0,0.0,0.0,0.0,0.0,0.0,0.0,0.0,0.0,0.0,0.0,0.0,0.0,0.0,0.0,0.0,0.0,0.0,0.0,0.0,0.0,0.0
CGGCCACGCACAAAGT-1,0.46629435722021734,0.5898957836810704,0.04029626681134782,0.05402304478601147,0.0620551680128808,0.0,0.08398666976655061,0.07435812104966433,0.007869099070835554,0.0,0.09750102356802005,0.008824392071971235,0.001320664376372544,0.016082372568129784,0.05084178836641053,0.0,0.0,0.018217827033716525,0.004790075031122884,0.004273662905478004,0.012124848385868643,0.0,0.008662897539047101,0.0,0.0,0.0,0.009035950254517046,0.0,0.008872229036900155,0.0,0.0,0.003636589875486053,0.0,0.0052775474895911095,0.0,0.0,0.005275115946002554,0.0,0.0,0.0,0.0,0.0,0.0016250282231177527,0.00260452888759502,0.0,0.001986425751102522,0.0,0.0,0.0,0.0,0.0,0.0,0.0,0.0,0.0,0.003972851502205044,0.0,0.0,0.0,0.0,0.0,0.0,0.0,0.0,0.007059750107292289,0.0,0.0,0.0,0.0,0.00040230168955296603,0.0,0.0,0.0,0.0,0.0013491635090040806,0.002448290559801832,0.0,0.00130226444379751,0.0,0.0,0.0,0.0,0.0,0.0,0.0,0.0,0.0,0.0,0.0,0.0,0.0,0.0,0.0,0.0,0.0,0.0,0.0,0.0,0.0,0.0,0.0,0.0,0.0,0.0,0.0,0.0,0.0,0.0,0.0,0.0,0.0,0.0,0.0,0.0,0.0,0.0,0.0,0.0,0.0
CGGGAATTTATGTAAA-1,0.6278666333172672,0.3564541606492303,0.25782782346865146,0.12618769162890048,0.0,0.0,0.03661905751875007,0.004616093435329383,0.021126520447965758,0.0,0.0,0.017407090380549037,0.007229313357264479,0.0,0.0,0.0,0.0,0.013960830038844421,0.0,0.0,0.00310094802639432,0.0,0.021090245273345493,0.019738236102319947,0.0,0.0,0.003236296840325416,0.0,0.0036639143610210853,0.0,0.0,0.0,0.0,0.0035700819443592303,0.005954716469841071,0.0,0.0,0.0,0.0,0.0,0.0,0.0,0.0059200669747283005,0.0,0.0,0.0025498848351817936,0.0,0.0,0.0,0.0,0.0,0.0,0.0,0.0,0.0,0.0,0.0,0.005109370341750735,0.0,0.0,0.0,0.0,0.0,0.0,0.0,0.0,0.0014281568459194164,0.0,0.0,0.0,0.0,0.0,0.0,0.0,0.0,0.0016109864089460546,0.0036266751615197886,0.0,0.0,0.0,0.0,0.0,0.0,0.0,0.0,0.0,0.0,0.0,0.0,0.0,0.0,0.0,0.0,0.0,0.0,0.0,0.0,0.0,0.0,0.0,0.0,0.0,0.0,0.0025498848351817936,0.0,0.0,0.0,0.0,0.0,0.0,0.0,0.0,0.0,0.0,0.0,0.0,0.0,0.0,0.0
CGGGCAGCTAAACCGC-1,0.3869383743000056,0.08832510114089764,0.31999118999289367,0.08903836346393099,0.0,0.0,0.043981200148901604,0.0,0.0030838147455757295,0.0,0.0,0.0,0.0,0.019038404100400474,0.0,0.0,0.0,0.0,0.0,0.0029998919171145763,0.0,0.0,0.0,0.0,0.0,0.0,0.01721589732197043,0.0,0.0,0.0,0.0,0.0,0.0,0.0,0.0,0.0,0.0,0.0,0.0,0.0,0.0,0.0,0.0,0.0,0.0,0.0,0.0,0.0,0.0,0.007282989229037395,0.0,0.0,0.0,0.0,0.0,0.0,0.0,0.0,0.007282989229037395,0.0,0.0,0.0,0.0,0.0,0.0,0.0,0.0,0.0,0.0,0.0,0.0,0.0,0.0,0.0,0.0,0.0,0.0,0.0,0.0,0.0,0.0,0.0,0.0,0.0,0.0,0.0,0.0,0.0,0.0,0.0,0.0,0.0,0.0,0.0,0.0,0.0,0.0,0.0,0.0,0.0,0.0,0.0,0.0,0.0,0.0,0.0,0.0,0.0,0.0,0.0,0.0,0.0,0.0,0.0,0.0,0.0,0.0,0.0,0.0
CGGGCCTTCTTTGTAA-1,0.2486795841501725,0.07168987976407731,0.027440614875039435,0.08399793627057381,0.053299578990623236,0.0,0.0,0.0,0.0,0.0,0.12504452120934936,0.03732711655147608,0.0,0.0,0.0,0.0,0.013733736064968343,0.015516178171070247,0.0,0.001600471734022595,0.008069058309139383,0.0,0.017752578355982408,0.0,0.0,0.01731326672893773,0.005673209272161053,0.0023640114912428256,0.0,0.005450718088479905,0.0,0.0,0.0,0.0,0.0,0.0010598012073117558,0.0,0.0,0.0,0.0,0.0,0.0017963810337385166,0.005033474972147912,0.0,0.0,0.0,0.0,0.0,0.0,0.0,0.0,0.0,0.0,0.0,0.0,0.0,0.0,0.0,0.0,0.0,0.0,0.0,0.0,0.0,0.0,0.0,0.0,0.0,0.0,0.0,0.0,0.0,0.0,0.0,0.005266825732925037,0.0,0.0,0.0,0.0,0.0,0.0,0.0,0.0,0.0027253590442399525,0.0037263401591898946,0.0,0.000990949585714089,0.0027253590442399525,0.0,0.0,0.0,0.0,0.0,0.0,0.0,0.0,0.0,0.0,0.0,0.0,0.0,0.0,0.0,0.0,0.0,0.0,0.0,0.0,0.0,0.0,0.0,0.0,0.0,0.0,0.0,0.0,0.0,0.0,0.0
CGGTGAAGACTAAAGT-1,0.4152953056095253,0.5066190887680626,0.04313065976240763,0.05870023735620552,0.09005568287866675,0.0,0.0,0.0,0.018585989988630917,0.0013099708710057822,0.0,0.0,0.07306183176317224,0.0,0.0,0.0,0.0,0.03622466326145002,0.0,0.0,0.009754018521474608,0.02153132816946365,0.015736935914211943,0.0,0.007252272473859926,0.0,0.0,0.0,0.0,0.0,0.0,0.0,0.0,0.0,0.0,0.0,0.0,0.0,0.0,0.0,0.0,0.0,0.0,0.0,0.0,0.004448485180477546,0.0,0.0,0.0,0.0,0.0,0.0,0.0,0.0,0.0,0.0,0.0,0.0,0.0,0.0,0.0,0.0,0.0,0.0,0.0,0.0,0.0,0.0,0.0,0.0,0.0,0.004448485180477546,0.0,0.0,0.0,0.0,0.0,0.0,0.0,0.0,0.0,0.0,0.0,0.0,0.0,0.0,0.0,0.0,0.0,0.0,0.0,0.0,0.0,0.0,0.0,0.0,0.0,0.0,0.0,0.0,0.0,0.0,0.0,0.0,0.0,0.0,0.0,0.0,0.0,0.0,0.0,0.0,0.0,0.0,0.0,0.0,0.0,0.0,0.0
CGGTGCAGATAGAACG-1,0.09401261125325786,0.0,0.07901645804451814,0.0,0.13205095633984243,0.0,0.0,0.0,0.0,0.0,0.0,0.02363368565429999,0.0,0.0,0.0,0.0,0.008541777813440394,0.0,0.010835818127031417,0.0,0.0,0.0,0.0,0.0,0.0,0.0,0.0,0.0,0.0,0.0,0.0,0.0,0.0,0.0,0.0,0.0,0.0,0.0,0.0,0.0,0.0,0.0,0.0,0.0,0.0,0.0,0.0,0.0,0.0,0.0,0.0,0.0,0.0,0.0,0.0,0.0,0.0,0.0,0.00954618795769962,0.0,0.0,0.0,0.0,0.0,0.0,0.0,0.0,0.0,0.0,0.0,0.0,0.0,0.0,0.0,0.0,0.0,0.0,0.0,0.0,0.0,0.0,0.0,0.0,0.0,0.0,0.0,0.0,0.0,0.0,0.0,0.0,0.0,0.0,0.0,0.0,0.0,0.0,0.0,0.0,0.0,0.0,0.0,0.0,0.0,0.0,0.0,0.0,0.0,0.0,0.0,0.0,0.0,0.0,0.0,0.0,0.0,0.0,0.0,0.0
CGGTGCGCGTTGGTCC-1,0.737600097830705,0.4577313380815729,0.12545276922057666,0.04009237478485605,0.09494156625386597,0.019755139195182507,0.00858634357468932,0.03193566117658065,0.013457256752416893,0.03796549231813111,0.04966001079692067,0.03538220269354775,0.024997153108065693,0.03628086307319405,0.0,0.0,0.0,0.02404209445262527,0.014265076820778148,0.0,0.011204370288581069,0.0,0.0,0.013914635205077373,0.0,0.0050922892627547085,0.006712530845801418,0.002702763996339674,0.003579023764599113,0.0,0.009826829679159663,0.000659325000810515,0.008838691410739577,0.0035139507074706203,0.002544176488808058,0.003377458149973217,0.005541130136712815,0.005693484369702147,0.0,0.0,0.0,0.005630629567870875,0.0009324356668640596,0.0,0.0,0.002001813376513159,0.005668306712956163,0.008398392825855399,0.0,0.0,0.0,0.00823435074765331,0.006456416995090532,0.0,0.0,0.0,0.0011045935796502935,0.0,0.0,0.0,0.0,0.0,0.0,0.0,0.0,0.0006533874193960554,0.005998951704150055,0.0,0.0,0.0,0.0,0.0,0.0,0.0,0.0,0.0,0.0,0.0,0.0,0.0,0.0,0.0,0.0,0.0,0.0,0.0006838078014378392,0.0005836057425389115,0.0,0.0,0.0,0.0,0.0,0.0,0.0,0.0,0.0,0.0,0.0,0.002512432981303621,0.0,0.0,0.0,0.0,0.0,0.0,0.0,0.0,0.0,0.0,0.0,0.0,0.0,0.0,0.0,0.0,0.0,0.0,0.0,0.0
CGGTTCAAGTAGGTGT-1,0.461422317043606,0.16784811139810177,0.12303003854927846,0.06895764256336534,0.0,0.0,0.0,0.0703670358070292,0.026588074643530746,0.017458220489359584,0.0,0.0,0.0037052679593559726,0.0,0.0,0.0,0.0,0.0,0.007756760456225966,0.0,0.012553220482516118,0.0,0.0,0.021057649935266327,0.0,0.0,0.0,0.0,0.0,0.0,0.0,0.0023584650450316764,0.0,0.00262460548857763,0.0,0.0,0.0,0.0,0.009465439536742795,0.0,0.0,0.0,0.0,0.0,0.0,0.0,0.0,0.007413678037574557,0.0,0.0,0.0,0.0,0.0,0.0,0.0,0.0,0.0,0.0,0.0,0.0,0.0,0.0,0.0,0.0,0.0,0.0,0.0,0.0,0.0,0.0,0.0,0.0,0.0,0.0,0.0,0.0,0.0,0.005743868486422766,0.0,0.0,0.0,0.0,0.0,0.0,0.0,0.0,0.0,0.0,0.0,0.0,0.0,0.0,0.0,0.0,0.0,0.0,0.0,0.0,0.0,0.0,0.0,0.0,0.0,0.0,0.0,0.0,0.0,0.0,0.0,0.0,0.0,0.0,0.0,0.005743868486422766,0.0,0.0,0.0,0.0,0.0
CGGTTGACCTGGCATA-1,0.7293706444552354,0.10126547267374791,0.1105748242250719,0.0,0.0,0.0,0.0,0.0,0.015555439631448897,0.002250931626232863,0.0,0.0,0.04502440369769927,0.024531318762189624,0.0,0.1910862128517485,0.0,0.013715499103970998,0.008977576741067991,0.0,0.02166068691648916,0.0,0.0,0.012585374207828154,0.0,0.0,0.0,0.0013759774136944275,0.012995216867356382,0.0,0.0,0.0,0.008665702039939006,0.0,0.0,0.0,0.0,0.0,0.0,0.0,0.0,0.0,0.0,0.0,0.0,0.0,0.0,0.0,0.0,0.0,0.0,0.0,0.0,0.0,0.0,0.0,0.0,0.0,0.0,0.0,0.0,0.0,0.0,0.0,0.0,0.0,0.0,0.0,0.0,0.0,0.0051046116540294385,0.0,0.0,0.0,0.0,0.0,0.00668706385348517,0.0,0.0,0.0,0.0,0.0,0.0,0.0,0.0,0.0,0.0,0.0,0.0,0.0,0.0,0.0051046116540294385,0.0,0.0,0.0,0.0,0.0,0.0,0.0,0.0,0.0,0.0,0.0,0.0,0.0,0.0,0.0,0.0,0.0,0.0,0.0,0.0,0.0,0.0,0.0,0.0,0.0,0.0,0.0
CGTACCTGATAGGCCT-1,0.6716645029618175,0.4310225767978891,0.1606518054407606,0.0,0.0,0.16557399089084104,0.0,0.023436093347054408,0.03316705692210373,0.0012167573101546456,0.0,0.0,0.0,0.0,0.0,0.0,0.0,0.02309392665513474,0.0,0.0,0.030629530335522473,0.0,0.0,0.041224913025076755,0.011074427094487464,0.026908058142837164,0.0,0.012391578153184726,0.007505558269054959,0.0,0.006636634676084745,0.0,0.004734972076018297,0.01465358055628212,0.0,0.0,0.0,0.0,0.0,0.0,0.0,0.0,0.0,0.0,0.0,0.010554775931605812,0.0,0.0,0.0,0.0,0.0,0.0,0.0,0.0,0.0,0.0,0.0,0.0,0.0,0.0,0.0,0.0,0.0,0.0,0.0,0.0,0.0,0.0,0.0,0.0,0.0,0.0,0.0,0.0,0.0,0.0,0.0,0.0,0.0,0.0,0.0,0.0,0.0,0.0,0.0,0.0,0.0,0.0,0.0,0.0,0.0,0.0,0.0,0.0,0.0,0.0,0.0,0.0,0.0,0.0,0.0,0.0,0.0,0.0,0.0,0.0,0.0,0.0,0.0,0.0,0.0,0.0,0.0,0.0,0.0,0.0,0.0,0.0,0.0
CGTCAAGGCTATAAAT-1,0.969955421297899,0.5872987341976139,0.20387477157590214,0.04220556929384897,0.0,0.14388054506218423,0.08065847581778918,0.013622621564483926,0.03733615184704511,0.03288718558213102,0.0,0.00865626726469399,0.011973789474588931,0.01567118806420908,0.0,0.0,0.0,0.021385440697650946,0.005662319432489921,0.0,0.0,0.0,0.022091579215876983,0.01626960571186738,0.0,0.006353034543075484,0.013863666879107705,0.0,0.0,0.0030714893386258315,0.004098478996889568,0.0019226062213684508,0.01016354655308973,0.0034089709574328586,0.0,0.0,0.0,0.0,0.0,0.0,0.0,0.000318211783126043,0.0013754547193659762,0.003778672467619605,0.0,0.0,0.0,0.0,0.0,0.0,0.0,0.0,0.004230616491347752,0.0017023135703942262,0.0,0.0,0.0,0.0,0.0,0.0,0.0,0.0,0.0,0.0,0.0,0.0033089833617538644,0.0,0.0,0.0055257660953343,0.0,0.0,0.0,0.0,0.0,0.0,0.0,0.0,0.0,0.0,0.0,0.0004500028058239882,0.0,0.0,0.0,0.0,0.0,0.0,0.0034744253790718934,0.0,0.0,0.0,0.0017023135703942262,0.0,0.0,0.0,0.0,0.0,0.0,0.0,0.0,0.0,0.0,0.0,0.0,0.0,0.0,0.0,0.0,0.0,0.0,0.0,0.0,0.0,0.0,0.0,0.0,0.0,0.0,0.0
CGTCACGTCCATTGGT-1,0.8841026689774781,0.0,0.19745825095918543,0.019197626279431765,0.0,0.0,0.0,0.12485419036566353,0.014390359623354141,0.035539126753774845,0.0,0.050260585721164264,0.017304970070942942,0.0,0.0,0.0,0.0,0.004579421070043813,0.010009104818610236,0.0,0.023651395295401244,0.0,0.0,0.0,0.0,0.0,0.004320627128172304,0.0016879797354683527,0.0,0.0,0.0,0.0,0.003584809304940429,0.004642424158152405,0.01029049900689021,0.0,0.028512839503223707,0.0,0.0,0.0,0.0,0.0,0.0,0.0,0.0,0.0,0.0,0.0,0.0,0.0,0.0,0.0,0.0,0.0,0.0,0.009805222733946963,0.0021568830936936805,0.0,0.0,0.0,0.0,0.0,0.0,0.0,0.0,0.0,0.0,0.0,0.0,0.0,0.0,0.0,0.0003028210229251132,0.0,0.0,0.0,0.0,0.0,0.0,0.0,0.0,0.0,0.0,0.0,0.0,0.0,0.0,0.0,0.0,0.0,0.0,0.0,0.0,0.0,0.0,0.0,0.0,0.0,0.0,0.0,0.0,0.0,0.0,0.0,0.0,0.0,0.0,0.0,0.0,0.0,0.0,0.0,0.0,0.0,0.0,0.0,0.0,0.0,0.0
CGTTCATGGTGCGCGT-1,0.032629765895485226,0.010156253504375247,0.014730966444744963,0.0010585802434007246,0.0,0.0,0.006200633203794779,0.00025988897518961846,0.0013272287107627164,0.002716503278882259,0.0,0.0,0.0006186463644170765,0.01776009059501626,0.0,0.0,0.041563856763304055,0.00014484458516480546,0.0,0.016922503861292605,0.0027775719485287702,0.0033157335495047893,0.0,0.002317102814977303,0.014888184103070036,0.0,0.0,0.0,0.0007283273964570288,0.0,0.001195394920000438,0.011278871556467552,0.0,0.0010337751097518203,0.0,0.0023231843516886173,0.0,0.0012970433452162578,0.0,0.0,0.0,0.0020062044156981245,0.0001972721257870512,0.0,0.0,0.0,0.0,0.0,0.0,0.00047760058422883784,0.001722217315676576,0.0,0.0029718175908753806,0.0,0.0,0.0004699556838234655,0.00042871911230529087,0.0,0.0,0.0,0.0,0.0,0.0,0.0,0.0,0.0,0.0,0.0,0.0,0.00011018333903078631,0.0,0.0,0.002742740780206255,0.0,0.0,0.0,0.0,0.0,0.0,0.0,0.0018630573335999855,0.0,0.0,0.0,0.0,0.0,0.0,0.0,0.0,0.0,0.0,0.0,0.0,0.0,0.0,0.0,0.0,0.0,0.0,0.0,0.0,0.0,0.0,0.0,0.0,0.0,0.0,0.0,0.0,0.0,0.0,0.0,0.0,0.0,0.0,0.0,0.0,0.0,0.0
CGTTGTTTCAATTCCC-1,0.10031017124082091,0.0,0.03584612697207371,0.02638707133976078,0.0,0.0,0.0,0.0,0.0,0.0,0.0,0.04603118431329943,0.0,0.0,0.0781100540508941,0.0,0.0,0.0,0.010475520450761196,0.0,0.0,0.0,0.0,0.0,0.0,0.01710680528475261,0.0,0.0,0.0,0.010242736145765693,0.0,0.0,0.0,0.0,0.0,0.0,0.0,0.0,0.0,0.0,0.0,0.0,0.0,0.0,0.0,0.0,0.0,0.0,0.0,0.0,0.0,0.0,0.0,0.0,0.0,0.0,0.0,0.0,0.0,0.0,0.0,0.0,0.0,0.0,0.0,0.0,0.0,0.0,0.0,0.0,0.0,0.0,0.0,0.0,0.0,0.0,0.0,0.0,0.0,0.0,0.0,0.0,0.0,0.0,0.0,0.0,0.0,0.0,0.0,0.0,0.0,0.0,0.0,0.0,0.0,0.0,0.0,0.0,0.0,0.0,0.0,0.0,0.0,0.0,0.0,0.0,0.0,0.0,0.0,0.0,0.0,0.0,0.0,0.0,0.0,0.0,0.0,0.0,0.0
CGTTTCGCTCATTACA-1,0.13243645183391167,0.03341492029315061,0.0,0.0,0.0,0.0,0.049341493525224725,0.0,0.020800144444007185,0.0,0.0,0.011805712548961528,0.0,0.0,0.0,0.0,0.0,0.0,0.0,0.0,0.0,0.0,0.0,0.0,0.0,0.0,0.0,0.0,0.0,0.0,0.0,0.0,0.0,0.0,0.004438206322224693,0.0,0.0,0.0,0.0,0.0,0.02157123127570875,0.0,0.0,0.0,0.0,0.0,0.0,0.0,0.0,0.0,0.0,0.0,0.0,0.0,0.01295792358323172,0.0,0.0,0.0,0.008768501692556333,0.0,0.0,0.0,0.0,0.0,0.0,0.0,0.0,0.0,0.0,0.0,0.0,0.0,0.0,0.0,0.0,0.0,0.0,0.0,0.0,0.0,0.0,0.0,0.0,0.0,0.0,0.0,0.0,0.0,0.0,0.0,0.0,0.0,0.0,0.0,0.0,0.0,0.0,0.0,0.0,0.0,0.0,0.0,0.0,0.0,0.0,0.0,0.0,0.0,0.0,0.0,0.0,0.0,0.0,0.0,0.0,0.0,0.0,0.0,0.0
CGTTTGTGTAGAGGGT-1,0.054752784575999226,0.01228959786493726,0.002923222052088765,0.0003460787166796732,0.0,0.0,0.0025292307161312783,0.03624134257853735,0.0,0.0006618641000920741,0.0,0.0,0.003949834161125652,0.023631805925353695,0.03703547416502703,0.0,0.02093565986693962,1.5017537761824473e-05,0.0,0.036145363409868,0.014265732597994624,0.0,0.0,0.0055516236678942186,0.03648482449674409,0.003744996573454287,0.0,0.0002058609123291998,0.0019052584182294337,0.015985314679340355,9.42797391131539e-05,0.014585412655068486,0.0021092093928886412,0.0,0.0,0.0017795752356872898,0.0,0.0039228147348016554,0.016551231386180164,0.0,0.0,0.0015792769158387856,0.002154661617862832,5.6331222737973376e-05,0.0,0.0,0.0,0.0,0.0,0.0005979693925201001,0.0048922824474308246,0.0,0.005481559090961739,0.0,0.000621111069434221,0.0019656451105133314,0.0007144566179678694,0.0,0.0,0.0005958288584213437,0.0,0.0,0.0,0.0,0.0,0.0,0.0,0.0,0.0,0.0006791079732379284,0.0,0.0,0.0020612721608007623,0.0,0.0,1.958922159342355e-05,0.0,0.0,0.0,0.0005072827751643339,0.00047696029652000984,0.004321942025589162,0.0,0.0,0.0,5.754300216577122e-05,0.00018305928657825997,0.0,0.0005221690125196896,0.00011312472480653999,0.0,0.0,0.0,0.0,0.0,0.0,0.0,0.0,0.0,0.0,0.0,0.0,0.0,0.0,0.0,0.0,0.0,0.0,0.0,0.0,0.0,0.0,0.0002706939775256934,0.0,0.0,0.0,0.0,0.0,0.0
CTAAAGAATGCCTACT-1,0.13080099831708777,0.14803567647592386,0.044980074226071094,0.0890147051849534,0.0,0.0,0.06518568238642768,0.0,0.0,0.0,0.0,0.037047380615306345,0.0,0.0,0.0,0.0,0.0,0.01191438377415278,0.0,0.0,0.0038638631283732325,0.0,0.0,0.0,0.0,0.0,0.0,0.003189565010386704,0.0,0.0,0.0,0.002979958293869508,0.005274735511879256,0.0,0.0,0.0,0.0,0.0,0.0,0.0,0.0,0.0,0.0,0.0,0.0,0.0,0.0,0.0,0.0,0.0,0.0,0.0,0.0,0.0,0.0,0.0,0.013763298825139473,0.0,0.0,0.0,0.0,0.0,0.0,0.0,0.0,0.0,0.0,0.0,0.0,0.0,0.0,0.0,0.0,0.005274735511879256,0.0,0.0,0.0,0.0,0.0,0.0,0.0,0.0,0.0,0.0,0.0,0.0,0.0,0.0,0.0,0.0,0.0,0.0,0.0,0.0,0.0,0.0,0.0,0.0,0.0,0.0,0.0,0.0,0.0,0.0,0.0,0.0,0.0,0.0,0.0,0.0,0.0,0.0,0.0,0.0,0.0,0.0,0.0,0.0,0.0
CTAAAGGGAAATAGGA-1,0.9900739610794566,0.49697184051205484,0.26234918377286665,0.06690266147990429,0.22213822591472496,0.12517538389841876,0.017023718578612002,0.07095312949779865,0.03646815705016826,0.0,0.0,0.0,0.006633266918781773,0.017832769728175765,0.0,0.0,0.0,0.030861369396684598,0.019078612842880857,0.0,0.0035050553582089664,0.0,0.04145579867142009,0.02157712430302463,0.001558376243288492,0.0,0.008186511856023109,0.001207489172907241,0.0007051304577670246,0.0028217746334219525,0.0,0.0,0.008321248148445802,0.007356133502985968,0.01052061801737354,0.0,0.0,0.0,0.0,0.0,0.02211058851831212,0.00103854019050493,0.009933378770905077,0.0,0.0,0.0,0.0,0.0,0.0,0.001531570648917475,0.0,0.0,0.0,0.004102242932031568,0.0,0.0,0.010548211998430007,0.0,0.0,0.0,0.0,0.0,0.0,0.0,0.01072544196603432,0.0,0.0,0.0,0.0,0.0,0.0,0.0,0.0,0.0,0.0025087194524945084,0.0,0.0,0.004012548617362396,0.0,0.0,0.0,0.0,0.0,0.001207489172907241,0.0020949508460510746,0.0,0.0,0.0,0.0,0.005279316222419742,0.0007535268722290847,0.0,0.0,0.0,0.0,0.0,0.0,0.0,0.0,0.0073634986565934875,0.0,0.0,0.0,0.001531570648917475,0.0,0.0,0.0,0.0,0.0,0.0,0.0,0.0,0.0,0.0,0.0,0.0,0.0,0.0,0.0
CTAACCGCGCGCCCGT-1,0.38025295068196285,0.21033676341897653,0.0,0.0,0.0,0.0,0.05109486435875652,0.1147510832474235,0.010297398739680903,0.0,0.0,0.00876739986328526,0.0,0.0,0.050740341931298324,0.0,0.0,0.0,0.012619708807258179,0.0,0.007466755818110703,0.0,0.0,0.0,0.0,0.0,0.0,0.0,0.0,0.0,0.0,0.0,0.009642575867686538,0.0,0.0,0.0,0.0,0.002702030795756726,0.0,0.0,0.0,0.0,0.0,0.0,0.0,0.0,0.0,0.0,0.010893962322837751,0.0,0.0,0.0,0.0,0.0,0.0,0.0,0.0,0.0,0.0,0.0,0.0,0.0,0.0,0.0,0.0,0.0,0.0,0.0,0.0,0.0,0.0,0.0,0.0,0.0,0.0,0.0,0.0,0.0,0.0,0.0,0.0,0.0,0.0,0.0,0.0,0.0,0.0,0.0,0.0,0.0,0.0,0.0,0.0,0.0,0.0,0.0,0.0,0.0,0.0,0.0,0.0,0.0,0.0,0.0,0.0,0.0,0.0,0.0,0.0,0.0,0.0,0.0,0.0,0.0,0.0,0.0,0.0,0.0,0.0
CTAACTGGTCCGGTTC-1,0.12093436709175388,0.0716995570472031,0.0,0.008992678286239396,0.0038126194937969943,0.0027710632878905086,0.011907344772951578,0.004047498665984204,0.0,0.0065162372379312244,0.0,0.03746656913106719,0.02068587328385653,0.0,0.0802309052366991,0.0,0.004763931651963494,0.004503582680298007,0.0,0.0031693766602543787,0.0028750192582228844,0.00289438797041164,0.0,0.0065304166227360344,0.0077993698284043785,0.0,0.00033261564427147436,0.0004149947735533322,0.0012835378528402407,0.0,0.002079624860755626,0.008040070199449622,0.0024563479948458873,0.0,0.0,0.0009159751980770449,0.0,0.0,0.0,0.0,0.0,0.0012084472194061576,0.0011087393998373252,0.0,0.0,0.0,0.0,0.0,0.0,0.0012960665389079784,0.006298709062497884,0.0,0.0021467941936439763,0.0,0.000805246924794611,0.0,0.0020763794227429164,0.0,0.0,0.0,0.0,0.0,0.0,0.0,0.0,0.0,0.0,0.0,0.0,0.0,0.0,0.0,0.0,0.0,0.0019211692604502925,0.0,0.0,0.0,0.0014954491261517852,0.0,0.00023901256965817267,0.0,0.00023847316170128732,0.0,0.0,0.0,0.00015480063331496093,0.0,0.0,0.0,0.0,8.429779346311956e-05,0.0,0.0,0.0,0.0015540763796202338,0.0,0.0,0.0,0.0003646579883051389,0.0,0.0,0.0,0.0,0.0,0.0,0.0,0.0,0.0,0.0,0.0,0.0,0.0,0.0,0.0,0.0,0.0,0.0,0.0
CTAATTCGCACGCGCT-1,0.41911246952323256,0.24958660540324132,0.16261766906924588,0.0,0.0,0.0,0.010549829650413423,0.00944921331551289,0.0024843510525475536,0.0014886572886672249,0.0,0.008482426449573241,0.022742015572203716,0.0,0.0,0.0,0.0,0.01472338701991897,0.014110251564718271,0.0,0.012354205569545062,0.0,0.0,0.0,0.0,0.0,0.0,0.004082870610675433,0.0,0.0,0.008872214503420286,0.0002663476673592149,0.0,0.0,0.0,0.006802239184663467,0.0,0.0,0.0,0.007723372749725511,0.0,0.0012268955028474464,0.0,0.0,0.0,0.0,0.0,0.0,0.0,0.0,0.0,0.0,0.0,0.002768208385517171,0.0,0.0,0.0,0.0,0.0,0.0,0.0,0.0,0.002768208385517171,0.0,0.0,0.0,0.002605627811315067,0.0,0.0,0.0,0.0,0.0,0.0,0.0,0.0,0.0,0.0,0.0,0.0,0.0,0.0,0.0,0.0,0.0,0.0,0.0,0.0005257032988646861,0.0,0.0,0.0,0.0,0.0,0.0,0.0,0.0,0.0,0.0,0.0,0.0,0.0,0.0,0.0,0.0,0.0,0.0,0.0,0.0,0.0,0.0,0.0,0.0,0.0,0.0,0.0,0.0,0.0,0.0,0.0,0.0
CTAATTCTCAGATATT-1,0.21992558502145576,0.02529200087365104,0.05893919453826709,0.03132853952873476,0.0,0.0,0.0,0.0,0.0,0.0,0.0,0.0,0.0,0.0,0.0,0.0,0.0,0.0,0.0,0.0,0.0,0.0,0.0,0.0,0.0,0.0,0.0,0.0,0.0,0.0,0.0,0.0,0.0,0.0,0.0,0.0,0.00960467955732675,0.0,0.0,0.0,0.0,0.0,0.0,0.0,0.0,0.0,0.0,0.0,0.0,0.0,0.0,0.0,0.0,0.0,0.0,0.0,0.0,0.0,0.0,0.0,0.0,0.0,0.0,0.0,0.0,0.0,0.0,0.0,0.0,0.0,0.0,0.0,0.0,0.0,0.0,0.0,0.0,0.0,0.0,0.0,0.0,0.0,0.0,0.0,0.0,0.0,0.0,0.0,0.0,0.0,0.0,0.0,0.0,0.0,0.0,0.0,0.0,0.0,0.0,0.0,0.0,0.0,0.0,0.0,0.0,0.0,0.0,0.0,0.0,0.0,0.0,0.0,0.0,0.0,0.0,0.0,0.0,0.0,0.0
CTAATTTCAACAACAC-1,0.8229367162021997,0.2623901109574587,0.07432976274155896,0.05342702595843604,0.08403850453596343,0.06185767486343495,0.05462702402117832,0.0,0.026666221667946043,0.0,0.0,0.0,0.01845015746630791,0.013450068540281511,0.0,0.0,0.0,0.015861210745610817,0.004726551604415422,0.0,0.0,0.0,0.0,0.0,0.0016464914897562405,0.0,0.0,0.008736266535728279,0.00411122853720724,0.0,0.0069181881292454134,0.0,0.0057618708684434635,0.0,0.0,0.010540421555219526,0.0,0.0,0.0,0.0,0.0,0.0,0.0,0.0,0.0,0.0,0.0010537261697947387,0.015050451715339674,0.0,0.0,0.0,0.0,0.0,0.0,0.0,0.0,0.0,0.004392416761121277,0.0,0.0,0.0,0.0,0.0,0.022944274451605393,0.0,0.005652814999022203,0.0019135458505541683,0.0,0.0018381972234078059,0.0029817160875145023,0.0,0.0,0.0,0.0,0.0,0.0,0.0,0.0,0.0,0.0,0.0,0.0,0.0,0.0,0.0,0.0,0.0,0.0,0.0,0.0,0.0,0.002099551970400018,0.0,0.0,0.0,0.0,0.0,0.0,0.0,0.0,0.0,0.0,0.0010005569136065085,0.0,0.0,0.0,0.0,0.0,0.0,0.0,0.0,0.0,0.0,0.0,0.0,0.0,0.0,0.0,0.0
CTACGACTAGCTATAA-1,0.415461401549468,0.2392697110212387,0.18983170245115694,0.0,0.11912717335220113,0.0,0.0,0.0,0.0,0.0,0.0,0.0,0.0,0.0,0.0,0.0,0.0,0.0,0.004523738699695583,0.0,0.0,0.0,0.0,0.0,0.0,0.0,0.027867394186741775,0.0016327871184070536,0.0,0.0,0.0,0.0,0.0,0.0,0.0,0.0,0.0,0.0,0.0,0.0,0.0,0.0,0.0,0.0,0.0,0.0,0.0,0.0,0.011302265055864505,0.0,0.0,0.0,0.0,0.007647504038928987,0.0,0.0,0.0,0.0,0.0,0.0,0.0,0.0,0.0,0.0,0.0,0.0,0.0,0.0,0.0,0.0,0.0,0.0,0.0,0.0,0.0,0.0,0.0,0.0,0.0,0.0,0.0,0.0,0.0,0.0,0.0,0.0,0.0,0.0,0.0,0.0,0.0,0.0,0.0,0.0,0.0,0.0,0.0,0.0,0.0,0.0,0.0,0.0,0.0,0.0,0.0,0.0,0.0,0.0,0.0,0.0,0.0,0.0,0.0,0.0,0.0,0.0,0.0,0.0,0.0
CTACGCACGGAGTACC-1,0.16468765667308072,0.113485703928799,0.03493549024795603,0.05984159074152626,0.0,0.0,0.13207548342490671,0.1547389318638857,0.003546008378744119,0.0,0.0,0.02705540184149175,0.022322855144695754,0.0,0.13225165969917682,0.18350470091440982,0.020226422288930884,0.005336420361159725,0.0044868831205689,0.0,0.005531089325252193,0.0,0.01497542842660256,0.0,0.0,0.0,0.01692935112642655,0.0007601438974183356,0.0,0.0,0.0010140445246312932,0.0,0.0,0.0068538528646192535,0.0,0.0,0.003953505486903459,0.0,0.0,0.0,0.0,0.0,0.001539989682939914,0.0,0.0,0.0,0.00878751929370638,0.0,0.0,0.0,0.0,0.0072451264124126155,0.0,0.003953505486903459,0.0,0.0,0.0,0.0,0.007147848247648909,0.0,0.0,0.0,0.0,0.0,0.0,0.0,0.0,0.0,0.0,0.0,0.0,0.0,0.0,0.0,0.0,0.0,0.0,0.0,0.0,0.0,0.0,0.0,0.0,0.0,0.0,0.0,0.0,0.0,0.0,0.0,0.0,0.0,0.0,0.0,0.0,0.0,0.0,0.0,0.0,0.0,0.0,0.0,0.0,0.0,0.0,0.0,0.0,0.0,0.0,0.0,0.0,0.0,0.0,0.0,0.0,0.0,0.0,0.0,0.0
CTACTCTAGGCCCGGC-1,0.9352942829753381,0.5802057571737318,0.0,0.06036762113349642,0.0,0.27569318970753137,0.0,0.051798941637664964,0.0027448991644570043,0.0,0.0,0.01737381585501796,0.036036717882050144,0.0,0.0,0.0,0.006498846096366909,0.019299522542982724,0.0,0.0,0.0,0.0,0.0,0.0,0.0,0.0,0.02440767819178545,0.0022197778888555387,0.0,0.0,0.006294221103634541,0.0,0.012394937617553753,0.003636080005133125,0.0,0.03752819279870785,0.0,0.0,0.0,0.0,0.0,0.004532327543309039,0.0,0.0,0.15427464728604276,0.0,0.0,0.0,0.0,0.0,0.0,0.0,0.0,0.0,0.0,0.0,0.0,0.0,0.0,0.0,0.0,0.0,0.0,0.0,0.0,0.0,0.0,0.0,0.0,0.0,0.0,0.0,0.0,0.0,0.0,0.0,0.0,0.0,0.0,0.0,0.0,0.0,0.0,0.0,0.0,0.0,0.0,0.0,0.0,0.0,0.0,0.0,0.0,0.0,0.0,0.0,0.0,0.0,0.0,0.0,0.0,0.0,0.0,0.0,0.0,0.0,0.0,0.0,0.0,0.0,0.0,0.0,0.0,0.0,0.0,0.0,0.0,0.0,0.0
CTAGCCGATGTTATGA-1,0.24591022201261428,0.06431540233671243,0.05902483533899969,0.03443962429209821,0.0,0.0,0.0,0.05275329016953341,0.007752686022952224,0.0,0.0,0.010512518334514375,0.0,0.0,0.0,0.0,0.0,0.0023294269846814404,0.0,0.0,0.008085118789132059,0.0,0.0,0.0,0.0,0.0,0.0,0.0,0.0,0.0,0.0,0.0,0.007752686022952224,0.0,0.0,0.0,0.0,0.0,0.0,0.0,0.0,0.0,0.0,0.0,0.0,0.0,0.0,0.0,0.0,0.0,0.0,0.0,0.0,0.0,0.0,0.0,0.0,0.007752686022952224,0.0,0.0,0.0,0.0,0.0,0.0,0.0,0.0,0.0,0.0,0.0,0.0,0.0,0.0,0.0,0.0,0.0,0.0,0.0,0.0,0.0,0.007752686022952224,0.0,0.0,0.0,0.0,0.0,0.0,0.0,0.0,0.0,0.0,0.0,0.0,0.0,0.0,0.0,0.0,0.0,0.0,0.0,0.0,0.0,0.0,0.0,0.0,0.0,0.0,0.0,0.0,0.0,0.0,0.0,0.0,0.0,0.0,0.0,0.0,0.0,0.0,0.0
CTATAAGAGCCAATCG-1,0.41423160088567984,0.14789394531575806,0.13224942503999926,0.022064324665286926,0.0,0.0,0.0,0.0,0.0222855641380623,0.0354248810510892,0.0,0.0,0.0,0.0,0.0,0.0,0.0,0.0,0.0,0.0,0.0,0.0,0.0,0.0,0.0,0.008295185538162143,0.0,0.0,0.0,0.0,0.0,0.0,0.0,0.0,0.0,0.0,0.0,0.0,0.0,0.0,0.0,0.0,0.0,0.0,0.0,0.0,0.0,0.01435726956669865,0.0,0.0,0.0,0.0,0.0,0.0,0.0,0.0,0.0,0.007178634783349325,0.0,0.0,0.0,0.0,0.0,0.0,0.0,0.0,0.0,0.0,0.0,0.0,0.0,0.0,0.0,0.0,0.0,0.0,0.0,0.0,0.0,0.0,0.0,0.0,0.0,0.0,0.0,0.0,0.0,0.0,0.0,0.0,0.0,0.0,0.0,0.0,0.0,0.0,0.0,0.0,0.0,0.0,0.0,0.0,0.0,0.0,0.0,0.0,0.0,0.0,0.0,0.0,0.0,0.0,0.0,0.0,0.0,0.0,0.0,0.0,0.0
CTATGTGAGTCACGGC-1,0.03141054907754293,0.0023209430356055188,0.0,0.0,0.0,0.0,0.013358467842067599,0.005328729708158697,0.0,0.0007161765386475359,0.0,0.0,0.013832674389543349,0.006696001504818882,0.027202745544153157,0.0,0.037891455114777664,1.2285662693218812e-05,0.0,0.005147063668191352,0.003803037126171059,0.0,0.0,0.0017178012974445958,0.010040458875541385,0.0,0.0,0.0007651865186984127,0.002080736878326954,0.0050370493696270556,0.004161271800823036,0.004911762049005152,0.0,0.0,0.0,0.0038050249840890686,0.0,0.0013111600101989437,0.014203702664853261,0.0,0.0,0.0013388319504150008,0.002467041275215167,0.0,0.0,0.0,0.0,0.0,0.0,8.526956055213702e-05,0.0007515528249904553,0.0005253217955333576,0.001657017409596636,0.0,5.990983697530378e-05,5.9909836975303794e-05,0.0007280520124142051,0.0,0.0,0.0,0.0,0.0,0.0,0.008572939225061093,0.0002010663719253516,0.0,0.0,0.0,0.00044050894864774786,0.0009724290970958007,0.0,0.0,0.004917767911923314,0.0,0.0,0.0,0.0,0.0,0.0,0.0003684828750650925,0.0022367653315735546,0.0,0.00020862359093158937,0.0,0.0,0.00010048299579525556,0.00042604711837214724,0.0,0.0,0.0,0.0,0.0,6.876089909318127e-05,0.0,0.0,0.0,0.0,0.0,0.0,0.0,0.0,0.0,0.0,0.0,0.0,0.0,0.0,0.0,0.0,0.0,0.0,0.0,8.526956055213702e-05,3.172209670207429e-05,0.0,0.0,8.526956055213702e-05,0.0,0.00029955689777289913
CTATTCATGTGTCCCA-1,0.3922531720090474,0.09297478929502231,0.11319498917493974,0.059801801968796794,0.0,0.0,0.04486042642011626,0.0,0.010551373148663858,0.0,0.0,0.03707601358834522,0.018139736695230314,0.0,0.0,0.0,0.0,0.011222645654265315,0.0,0.0,0.006093826168155139,0.03053226782327133,0.0,0.0,0.0,0.0,0.0,0.0023017643939765805,0.002680646613141954,0.006514454455018023,0.0,0.0,0.0,0.0,0.021396850097643347,0.006507544058373045,0.0,0.0,0.0,0.0,0.0,0.0021548837905213457,0.0,0.004954377693462043,0.0,0.0,0.019929321585730405,0.0,0.0,0.0,0.0,0.0,0.0,0.0,0.0,0.0,0.0,0.0,0.0,0.0,0.0,0.0,0.0,0.0,0.0,0.0,0.0,0.0,0.0,0.0,0.0,0.0,0.0,0.0,0.0008610362394788551,0.0,0.0,0.0,0.0,0.0,0.0,0.0,0.0,0.0,0.0,0.0,0.00017031066307412256,0.0,0.0,0.0,0.0,0.0,0.0,0.0,0.0,0.0,0.0,0.0,0.0,0.0,0.0,0.0,0.0,0.0,0.0,0.0,0.0,0.0,0.0,0.0,0.0,0.0,0.0,0.0,0.0,0.0,0.0,0.0,0.0
CTATTTGGTTACGGAT-1,0.28570397786318835,0.09771647890161926,0.11243786267172359,0.05468449294461176,0.14314494065440742,0.17277560477968726,0.02277568049052676,0.0,0.0,0.0,0.0,0.03717271276285282,0.011429061752016115,0.0,0.0,0.0,0.0,0.0,0.0,0.0,0.0,0.0,0.0,0.0,0.0,0.0,0.0,0.0,0.0,0.0,0.0,0.0,0.01762060662421786,0.0,0.0,0.0,0.0,0.0,0.0,0.0,0.0,0.0,0.0,0.0,0.0,0.0,0.0,0.0,0.0,0.0,0.00031302596038631234,0.0,0.0,0.0,0.007364850434061813,0.0,0.0,0.0,0.0,0.0,0.0,0.0,0.0,0.0,0.0,0.0,0.0,0.0,0.0,0.0,0.0,0.0,0.0,0.0,0.0,0.0,0.0,0.0,0.0,0.0,0.0,0.0,0.0,0.0,0.0,0.0,0.0,0.0,0.0,0.0,0.0,0.0,0.0,0.0,0.0,0.0,0.0,0.0,0.0,0.0,0.0,0.0,0.0,0.0,0.0,0.0,0.0,0.0,0.0,0.0,0.0,0.0,0.0,0.0,0.0,0.0,0.0,0.0,0.0
CTCACTTGGCTGGTAA-1,0.20414722700346266,0.13475459894701924,0.09650623839313721,0.058246956888294586,0.0,0.0,0.03231516657503141,0.01008666281409407,0.06459461037900568,0.0018580962466248098,0.0,0.008225982127110735,0.0,0.022269449513089845,0.0,0.0,0.0,0.0,0.004644244754758358,0.0,0.010193913383117356,0.0,0.0,0.0,0.0,0.0,0.003655128987439843,0.0013125975677136,0.0,0.008071859524456793,0.0027262905427992024,0.00017599220576995108,0.010799970766147027,0.0,0.0,0.0,0.0,0.0,0.0,0.0,0.0,0.0009322239035917155,0.0,0.0,0.0,0.0,0.010308819326255911,0.0,0.0,0.0,0.0,0.0,0.0,0.0,0.0,0.0,0.0,0.013932734264275073,0.0,0.0,0.0,0.0,0.0,0.0,0.0,0.0,0.0,0.0,0.0,0.0,0.004644244754758358,0.0,0.0,0.0,0.0,0.0,0.004644244754758358,0.0,0.0,0.0,0.0,0.0,0.0,0.0,0.0,0.0,0.0,0.0,0.0,0.0,0.0,0.0,0.0,0.0,0.0,0.0,0.0,0.0,0.0,0.0,0.0,0.0,0.0,0.0,0.0,0.0,0.0,0.0,0.0,0.0,0.0,0.0,0.0,0.0,0.0,0.0,0.0,0.0,0.0
CTCAGTCACGACAAAT-1,0.31996294467204556,0.07906987375153139,0.1627997095248225,0.12530371670730922,0.0,0.0,0.0,0.0,0.0,0.014011474258014998,0.0,0.0,0.0,0.0,0.0,0.0,0.0,0.0,0.006732868649086827,0.0,0.01225361545452721,0.0,0.0,0.0,0.0,0.0,0.0,0.0,0.0,0.0,0.0,0.0003497063493044703,0.0,0.0,0.0,0.0,0.0,0.0,0.0,0.0,0.0,0.0,0.0,0.0,0.0,0.0,0.0,0.0,0.0,0.0,0.0,0.0,0.0,0.0,0.0,0.0,0.0,0.0,0.0,0.0,0.0,0.0,0.0,0.0,0.0,0.0,0.0,0.0,0.0,0.0,0.0,0.0,0.0,0.0,0.0,0.0,0.0,0.0,0.0,0.0,0.0,0.0,0.0,0.0,0.0,0.0,0.0,0.0,0.0,0.0,0.0,0.0,0.0,0.0,0.0,0.0,0.0,0.0,0.0,0.0,0.0,0.0,0.0,0.0,0.0,0.0,0.0,0.0,0.0,0.0,0.0,0.0,0.0,0.005480339329983347,0.0,0.0,0.0,0.0,0.0
CTCATGGTAATTTGCG-1,0.045877931431680126,0.010143090584031931,0.0,0.0005361699419037994,0.0,0.0,0.00782605036797622,0.026379093826015096,0.0,0.0,0.0,0.0,0.009775093084144915,0.018345561093135006,0.01072670933533695,0.0,0.026807831836887303,0.0,0.0,0.024114344056465262,0.0033908138988924465,0.0,0.0,0.00020959127619875687,0.004675477247774765,0.0,0.0,0.0,0.0011589648000976845,0.017282947738753326,0.0009121409263541038,0.006243684650769214,0.0,0.0005509196939613646,0.0,0.0,0.0,0.000870617189703682,0.015384353593891481,0.0,0.0,0.0008808238431052631,0.001582500175240061,0.0,0.0,0.0,0.0,0.0,0.0,0.0002459992542885945,0.003724315568566934,0.0,0.0025486182706797485,0.0,0.0009559716279319584,0.00042748225153764344,0.0016929237266656554,0.0,0.0,0.0,0.0,0.0,0.0,0.0,0.0004406884431255103,0.0,0.0,0.0,0.0,8.533165584152382e-05,0.0,0.0,0.0015349573699239725,0.0,0.0,0.00013795494770389504,0.0,0.0,0.0,0.0003949103250531919,0.0005114895985566829,6.480076246150724e-05,0.00042612164450951695,0.0,0.0,0.0,4.8880560311736156e-05,0.0,0.0006762941990961298,0.0,0.0,9.206218939643605e-05,0.0,0.0,0.0,0.0,0.0,0.00011769449839863516,0.0,0.0,0.0,0.0,0.0,0.0,0.0,0.0,0.0,0.0,0.0,0.0,0.0,0.0,0.0002459992542885945,0.0,0.0,0.0,0.0,0.0,0.00021971321148700617
CTCCGCCCACATGAGG-1,0.21725146940528303,0.05238919678474926,0.1264708246586906,0.11642225028907517,0.0,0.0,0.0,0.0,0.012153441481302017,0.021907379954617716,0.0,0.0,0.0,0.0,0.0,0.0,0.015096651634736117,0.00433075053198397,0.0,0.015348123765795514,0.0,0.0,0.0,0.0,0.0,0.0,0.0,0.0,0.0,0.0,0.00842583643847851,0.0,0.0,0.0,0.0,0.0,0.0,0.0,0.0,0.0,0.0,0.0,0.0,0.0,0.0,0.0,0.0,0.0,0.0,0.0,0.0,0.0,0.018698506395362784,0.0,0.0,0.0,0.0,0.0,0.0,0.0,0.0,0.0,0.0,0.0,0.0,0.0,0.0,0.0,0.0,0.0,0.0,0.0,0.0,0.0,0.0,0.0,0.0,0.0,0.0,0.0,0.0,0.0,0.0,0.0,0.0,0.0,0.0,0.0,0.0,0.0,0.0,0.0,0.0,0.0,0.0,0.0,0.0,0.0,0.0,0.0,0.0,0.0,0.0,0.0,0.0,0.0,0.0,0.0,0.0,0.0,0.0,0.0,0.0,0.0,0.0,0.0,0.0,0.0,0.0
CTCGGTCCGTAGCCTG-1,0.5997124354099453,0.24647703982279856,0.0880094793195696,0.016183320573215264,0.0,0.0,0.0,0.0,0.018259281833408664,0.032899311007291814,0.0,0.03129391564299418,0.0,0.0,0.0,0.0,0.0,0.016755399649450033,0.02874507592701287,0.0,0.017119959563118452,0.01918827132162931,0.0,0.0,0.0,0.0,0.0,0.004757784199891107,0.0,0.0,0.007144651936106411,0.0,0.007339762053507314,0.0,0.0,0.0,0.0,0.0,0.0,0.0,0.0,0.0021519662332628283,0.003697560047907159,0.0,0.0,0.02053943715341807,0.0,0.0,0.0,0.0,0.0,0.0,0.0,0.0,0.011938711529827808,0.0,0.0,0.0,0.0,0.0,0.0,0.0,0.0,0.0,0.0031597017440778874,0.0,0.0,0.0,0.0,0.0,0.007339762053507314,0.0,0.0,0.0,0.0,0.0,0.0,0.0,0.0,0.0,0.0,0.0,0.0,0.0,0.0,0.0,0.0,0.010227520779105569,0.0,0.0,0.0,0.0,0.0,0.0,0.0,0.0,0.0,0.0,0.0,0.0,0.0,0.0,0.0,0.0,0.0,0.0,0.0,0.0,0.0,0.0,0.0,0.0,0.0,0.0,0.0,0.0,0.0,0.0,0.0
CTCTACACTGGCGATT-1,0.3913232576077247,0.041986862374472814,0.1523893771816397,0.01942016054043914,0.00968576388770065,0.002628429030608832,0.02386730220564499,0.02228435463128404,0.016571817536088555,0.019728581134377084,0.0,0.028339574896670064,0.008277166333724589,0.0018682344726181316,0.030640038855567184,0.0,0.0,0.004450487368443278,0.0,0.005540745377214506,0.0,0.006352173340766266,0.0,0.0,0.004142456253147664,0.0,0.0,0.007033575353242725,0.011501470048925764,0.0,0.0035793899713937125,0.003427858559566771,0.0010016745783286935,0.004935712935568236,0.0,0.005181043421027426,0.0030265196144447087,0.0,0.0,0.0,0.0,0.0,0.004543543496992689,0.001716372896751024,0.0,0.0,0.0,0.0,0.0,0.004390715405640967,0.0012088907025794948,0.005599032787946987,0.0,0.0,0.0,0.00030688051418946167,0.0,0.0,0.0,0.0,0.0,0.0,0.0,0.0,0.0,0.0003306236938518892,0.0,0.00772288427128739,0.0,0.0,0.0,0.0,0.0012916711369258208,0.0,0.0,0.0011760914378384636,0.0,0.0009497089904259837,0.0,0.0,0.0011226244165219734,0.0,0.0,0.0,0.0,0.00046211980839884785,0.0006324906340963389,0.0,0.0,0.0008064220182565312,0.0,0.00030688051418946167,0.0,0.00030688051418946167,0.0,0.0,0.0,0.0,0.0,0.0,0.00030688051418946167,0.0,0.0,0.0,0.0,0.0,0.0,0.0,0.0,0.0,0.0006947940641392318,0.0,0.0,0.0,0.0,0.0,0.0,0.0,0.0
CTCTATTTGGCTGCAG-1,0.2947801561868335,0.1877170560730967,0.116152486580757,0.09519103592825466,0.09183102846657978,0.0,0.0,0.0,0.0,0.0029136346113587557,0.15187703702252228,0.029100864162336922,0.009330014995257454,0.012095718872085576,0.0,0.0,0.0,0.019522903492687822,0.004958729041447218,0.0,0.0,0.0,0.0,0.02243653810404658,0.00736447991431996,0.0,0.0,0.0,0.0,0.0,0.0,0.0,0.0,0.0,0.0024091239000353358,0.0,0.0,0.0,0.0,0.0,0.0,0.0,0.0,0.0,0.0,0.0,0.0,0.0,0.0,0.0,0.0,0.0,0.0,0.0,0.0,0.0,0.0,0.0,0.0,0.0,0.0,0.0,0.0,0.0,0.0,0.0,0.0,0.0,0.0,0.0,0.0,0.009330014995257454,0.0,0.0,0.0,0.0,0.0,0.0,0.0,0.0,0.0,0.0,0.0,0.0,0.0,0.0,0.0,0.0,0.0,0.0,0.0,0.0,0.0,0.0,0.0,0.0,0.0,0.0,0.0,0.0,0.0,0.0,0.0,0.0,0.0,0.0,0.0,0.0,0.0,0.0,0.0,0.0,0.0,0.0,0.0,0.0,0.0,0.0,0.0
CTCTGGACGCCTGGTG-1,0.28287382142969963,0.41320694224921095,0.06043936997482831,0.05519398952080559,0.0,0.12405067202413224,0.02355299086229728,0.0,0.002901037493501515,0.002214681152555508,0.0,0.027037578072059247,0.0,0.008270838293980884,0.0,0.0,0.0,0.0,0.005986339141881267,0.0,0.0,0.0,0.0,0.0,0.0,0.0,0.0,0.0,0.0011963637679758097,0.0,0.0,0.0,0.0,0.0,0.0,0.0,0.0,0.0,0.0,0.0,0.0,0.0,0.002153568941628426,0.007880796186373168,0.0,0.0,0.0,0.0,0.0,0.0,0.0,0.0,0.0,0.0,0.0,0.0,0.0,0.0,0.0,0.0,0.0,0.0,0.0,0.0,0.0,0.0,0.0,0.0,0.0,0.0,0.0,0.0,0.0,0.0,0.0,0.0,0.0,0.0,0.0,0.004498814767639254,0.0,0.0,0.0,0.004498814767639254,0.0,0.0,0.0,0.0,0.0,0.0,0.0,0.0,0.0,0.0,0.0,0.0,0.0,0.0,0.0,0.0,0.0,0.0,0.0,0.0,0.0,0.0,0.003504746340748632,0.0,0.0,0.0,0.0,0.0,0.0,0.0,0.0,0.0,0.0,0.0,0.0
CTCTTGTCCCGCTTGG-1,0.7842232968961832,0.5917829697407334,0.26832922116955316,0.0,0.1471113353773614,0.05648156871736877,0.06082054446076679,0.0,0.002736307705568075,0.04211672523898945,0.0,0.0,0.0025812374300250417,0.04128822952140989,0.0,0.0,0.0,0.0029957816212882425,0.00869575094745546,0.003832936825912356,0.008196223511697274,0.0,0.0,0.010019296553365819,0.006971506775633476,0.0,0.0,0.0027748679802439493,0.01492214240751528,0.0,0.0036884309038764983,0.0011472938787671048,0.0055144312609715414,0.008008316146063316,0.0,0.0,0.007088292433197565,0.007880929622472447,0.004457573241399448,0.0,0.0,0.002286144003169234,0.00028891820457843746,0.0,0.0,0.004287201942856724,0.020283459856504798,0.0,0.0,0.002143600971428362,0.0015615360313828573,0.0,0.002143600971428362,0.0,0.0,0.002143600971428362,0.0,0.0,0.0,0.0,0.0,0.0,0.0026305549900209825,0.0,0.0,0.0009119033251725797,0.0,0.0,0.0,0.0,0.0,0.0,0.00042777739254313695,0.0,0.0,0.0,0.0,0.0,0.0,0.0,0.0,0.0,0.0,0.0,0.0,0.0,0.0,0.0,0.0,0.0,0.0,0.0,0.0,0.0,0.0,0.0,0.0,0.0,0.0,0.0,0.0,0.0,0.0,0.0,0.0,0.0,0.0,0.0,0.0,0.0,0.0,0.0,0.0,0.0,0.0,0.0,0.0,0.0,0.0
CTGAAAGAGATCCGAC-1,0.8916760308175373,0.07934700482623361,0.0,0.11712296850070666,0.03932282308374378,0.0,0.0,0.00986054506239945,0.025177470549185593,0.02945432303892538,0.0,0.008360308430141237,0.0,0.0,0.0,0.0,0.0,0.0,0.026353866310523326,0.0,0.0,0.0,0.0,0.030532699994312757,0.0026334175830766498,0.0,0.0,0.014350034192443973,0.0,0.0,0.0013967896459004022,0.0,0.0133807341472346,0.011584248060009609,0.0,0.0,0.0,0.016436119596400983,0.0,0.0,0.034000031371057955,0.0,0.0,0.006294944793115498,0.0,0.004612344027787208,0.0,0.007703138108880653,0.0,0.0,0.0,0.0,0.0,0.0,0.0,0.004612344027787208,0.0,0.0,0.0,0.0,0.0,0.010134559788973442,0.0,0.0,0.0,0.0,0.0,0.0,0.0,0.0,0.0,0.0,0.0,0.0,0.0,0.0059332644276172165,0.0,0.0,0.0,0.0,0.0,0.0,0.0,0.0,0.0,0.0,0.00011210089560118256,0.004612344027787208,0.0,0.0,0.0,0.0,0.0,0.0,0.0,0.0,0.0,0.0,0.0,0.0,0.0,0.0,0.004573914913006707,0.0,0.0,0.0,0.0,0.0,0.0,0.0,0.0,0.0,0.0,0.0,0.0,0.0,0.0,0.0,0.0
CTGAATCCGAGACCTC-1,0.5980567640497673,0.4470759378604453,0.08225576160276044,0.032220312184790566,0.19000751466397517,0.0,0.017188537992825815,0.14247596397376902,0.03524073068150089,0.0010205692077885754,0.0,0.04088893158884271,0.0,0.0,0.0,0.0,0.03367097621961921,0.008452467023299038,0.0,0.0,0.007755141899354091,0.0,0.02663929287125443,0.0,0.0,0.01702112845781046,0.0,0.0,0.006928087959273994,0.0,0.0,0.0,0.0036093318935982817,0.008300817048913332,0.0,0.008741470021621386,0.0,0.0,0.0,0.0,0.0,0.0009314661438087964,0.0,0.0036093318935982817,0.0,0.0,0.0,0.0,0.0,0.0,0.0,0.0,0.0,0.0,0.0,0.0,0.0,0.0,0.0,0.0,0.0,0.0,0.004932160172873569,0.0,0.0,0.0,0.0,0.0,0.0006147291150249797,0.0,0.0,0.0,0.0003039170735154075,0.0,0.0,0.0,0.0,0.0,0.0,0.0,0.0,0.0,0.0,0.0,0.0,0.0,0.0,0.0,0.0,0.0,0.0,0.0,0.0,0.0,0.0,0.0,0.0,0.0,0.0,0.0,0.0,0.0,0.0,0.0,0.0,0.0,0.0,0.0,0.0,0.0,0.0,0.0,0.0,0.0,0.0,0.0,0.0,0.0,0.0
CTGATAGTGTATCTCA-1,0.8256384704550077,0.5607590283711503,0.21509462709426477,0.014212980329594893,0.033047370731018315,0.0,0.0,0.025154784270540173,0.01004006036360483,0.07024843370486702,0.0,0.0,0.0,0.0,0.0,0.0,0.0,0.017234382132152736,0.0,0.0,0.008185645094439139,0.05836153477645009,0.0,0.0,0.0,0.0,0.016957653625262126,0.011856904326811147,0.0034464456669812903,0.0,0.008672938438157432,0.0005143225878481896,0.0,0.021342170768560858,0.02024020985265316,0.0,0.0,0.0,0.0,0.0,0.0,0.0014509632223003944,0.002123636919356694,0.006309322005109684,0.0,0.002886878317794549,0.006590785034636341,0.0,0.0,0.0,0.0,0.0,0.0,0.0,0.0,0.0,0.0,0.0,0.0,0.0,0.0,0.010643706506136446,0.0,0.0,0.0,0.0,0.0,0.0,0.0,0.0,0.0,0.0,0.0,0.0,0.0,0.003500830128915671,0.0,0.0,0.0,0.0,0.0,0.0,0.0,0.0,0.0,0.0,0.0,0.0,0.0,0.0,0.0,0.0,0.0,0.0,0.0,0.0,0.0,0.0,0.0,0.0,0.0,0.0,0.0,0.0,0.0,0.0,0.0,0.0,0.0,0.0,0.0,0.0,0.0,0.0,0.0,0.0,0.0,0.0,0.0
CTGCCCACGAAGCGTT-1,0.023688838555683198,0.0047767110776957685,0.009366477461686104,0.0,0.0,0.0,0.00581645405790718,0.0,0.0,0.0010109415712469573,0.0,0.00913405718385405,0.0,0.00866783156587629,0.012414620930602995,0.03197114457371609,0.05326707021374385,0.0009243299850687433,0.0,0.0016662525929537768,0.0,0.0,0.0,0.0003975103494281402,0.00704806377882335,0.0,0.00022260922386479538,0.0,0.00013236835424053792,0.005336150325766241,0.0,0.0006610409360980783,0.0015804060409776383,0.0,0.0,0.0,0.0,0.0,0.0,0.008534527229910424,0.0,0.00035109910041366806,0.0036037240531508535,0.0,0.0,0.0,0.002737739318565233,0.0,0.0,0.0022031133512570816,0.0006103259231757067,0.0,0.0,0.0,0.0,0.0,0.0001644485792979445,0.0,0.0,0.0,0.0,0.0,0.0,0.0,0.0016496909282413645,0.0,0.0,0.0,0.0,0.0,0.0,0.0,0.0,0.0,0.0,0.0,0.0,0.0,0.0,0.0,0.00016848502976365704,0.0,0.0,0.0,0.0004734483037403471,0.0,0.0,0.0,0.0,0.0,0.0,0.0,0.0,0.0,0.0,0.0,0.0,0.0,0.0,0.0,0.0,0.0,0.0,0.0,0.0,0.0,0.0,0.0,0.0,0.0,0.0,0.0,0.000693059195234173,0.0,0.0,0.0,0.0,0.0,0.0
CTGCGGGTGAAATGTT-1,0.5251448274587964,0.7038059054449246,0.03779143839166628,0.03012703148556143,0.2659366722249506,0.0,0.055067585823810654,0.04794295520687946,0.057111476843535375,0.004424513049069594,0.0,0.020753240448752253,0.0371421023245981,0.0,0.14337563169562803,0.17241046810684485,0.009749354511357467,0.0,0.0,0.0,0.012711915216131948,0.0,0.0,0.0,0.0,0.0,0.006266954321313402,0.0,0.015595231889559105,0.0,0.0032864732419648265,0.0,0.0,0.0,0.0,0.03441348965518426,0.027410660466208384,0.0,0.0,0.0,0.0,0.0,0.0,0.0,0.0,0.0,0.0,0.010317308878561528,0.0,0.0,0.0,0.009953626874354051,0.0,0.004421425155836981,0.0,0.0,0.0,0.0,0.0,0.0,0.0,0.0,0.0,0.0,0.0,0.0,0.0,0.0,0.0,0.0,0.0,0.004421425155836981,0.0,0.0,0.0,0.0,0.0,0.0,0.0,0.0,0.0,0.0,0.0,0.0,0.0,0.0,0.0,0.0,0.0,0.0,0.0,0.0,0.0,0.0,0.0,0.0,0.0,0.0,0.0,0.0,0.0,0.0,0.0,0.0,0.0,0.0,0.0,0.0,0.0,0.0,0.0,0.0,0.0,0.0,0.0,0.0,0.0,0.0,0.0
CTGCTGAGGCCACGAA-1,0.05113137277997822,0.034450625931626115,0.006040837838030101,0.0016255118049914783,0.0,0.0,0.012605116489019942,0.043943864823621254,0.0,0.0,0.0,0.020617181112096372,0.035852159329765196,0.0,0.057212315224684375,0.0,0.0,0.0028907810989487123,0.0,0.0083737698979701,0.006246045170154391,0.0,0.0,0.0,0.0066629021675121535,0.0,0.0,0.0009944548899707053,0.0023633963265009927,0.0,0.003069651661352614,0.0,0.0018910683184592992,0.0,0.0,0.0,0.0,0.0,0.0,0.010290831491553689,0.0,0.0007981981231908784,0.0011705113856779487,0.0029140159289577213,0.0,0.0,0.0,0.0,0.0,0.00396549931540793,0.005375266338234406,0.003815748074187213,0.0058602271908797555,0.0,0.0019143308533087502,0.0,0.0,0.0,0.0,0.0,0.0,0.0,0.0,0.0,0.0,0.0,0.0,0.0,0.0,0.0,0.0,0.0,0.00020610030010469532,0.0,0.0032742851825900057,0.0,0.0,0.001820630934048136,0.0,0.0,8.670796363796418e-05,0.0,0.0,0.0,0.0,0.0,0.0,0.0,0.0,0.0,0.0,0.0,0.0,0.0,0.0,0.0,0.0,0.0,0.0,0.0,0.0,0.0,0.0002820462982916955,0.0,0.0,0.0,0.0,0.0,0.0,0.0,0.0,0.0,0.0,0.00045206853093971545,0.0,0.0,0.0,0.0,0.0
CTGGATTTACACTTGA-1,0.1916459585411366,0.16607586399228236,0.19638162247952146,0.07708150292452949,0.007329604894747198,0.04513514229726963,0.0,0.12284228705146408,0.0,0.0012489382675952212,0.24039538481212502,0.036806817752961137,0.0,0.05204217566485568,0.0,0.0,0.0,0.0,0.0,0.005957202842348734,0.0,0.0,0.004442075058252699,0.0,0.004317889423093944,0.0,0.0,0.00036932474715731196,0.015776569635876873,0.0,0.0,0.004606243053589519,0.0,0.0,0.017567155705112563,0.00132293944874869,0.0009270326145017538,0.0,0.0,0.0,0.0,0.0,0.0003910004400163468,0.0,0.0,0.0,0.012810196895449178,0.0,0.0,0.011210219135505248,0.0,0.0,0.0018540652290035076,0.0,0.0,0.004684312312947327,0.01183783181833087,0.0,0.0,0.0,0.0,0.0,0.0,0.0,0.0,0.0,0.0,0.0,0.0,0.0,0.0,0.0,0.0017891182300185519,0.0,0.00045962984490308025,0.0,0.0,0.0,0.0,0.0022828047031846063,0.0,0.0,0.002116976209795355,0.0,0.0,0.0,0.0004121448599649389,0.0,0.0018314824944194686,0.0,0.0016351545029276067,0.0,0.0,0.0,0.0,0.0,0.0,0.0,0.0,0.0,0.0,0.0,0.0,0.0,0.0,0.0,0.0,0.0,0.0,0.0,0.0,0.0,0.0,0.0,0.0,0.0,0.0,0.0,0.0
CTGGCATCCGAATGAG-1,0.076863499347431,0.08370321298001172,0.03644157966069649,0.0018784890838456198,0.0,0.0,0.00865478236539823,0.042561114536386106,0.004918972893575288,0.0007607365331050422,0.0,0.018111292829419243,0.004803500497903535,0.005960851368199958,0.007430545239171182,0.0,0.006085476980556401,0.002739087077746099,0.0,0.012701627286520002,0.0,0.0,0.005511954654583418,0.0,0.002840761617465008,0.0,0.0006166478045614442,0.0,0.0022039828184187305,0.012647580584262255,0.004531380731684051,0.01778424365302016,0.0017773616203181446,0.0,0.0,0.0011164393131683408,0.0,0.0033747700323159546,0.0,0.018534301185427714,0.0,0.0,0.002198687921175717,0.0,0.0,0.0,0.0,0.0,0.0,0.0026174907869233677,0.0023704245152346586,0.0010598929502242743,0.0011387944928642566,0.0,0.0009169679587813776,0.0,0.0,0.0,0.0,0.0,0.00047132750086473923,0.0,0.0,0.0,0.0036596130053170957,0.0,0.0,0.0,0.0,0.0,0.0,0.0,0.000577209206475583,0.0,0.0,0.00044107270134021055,0.0,0.0,0.0,0.0,0.00039720456903049033,0.0,0.000115775876827629,0.0,0.0,0.0,0.0,0.0,0.0,0.0,0.0,0.0,0.0,0.0,0.0,0.0,0.0,0.0,0.0,0.0,0.0,0.0,0.0,0.0,0.0,0.0,0.0,0.0,0.0,0.0,0.0,0.0,0.0,0.0,0.0,0.0,0.0,0.0,0.0
CTGGCTGGTTGTCAGT-1,1.4727022426321768,0.6103313927632571,0.11319742656530313,0.10014058470752894,0.0062408299115475725,0.011397276970756081,0.03598975185282911,0.030487188333274632,0.0017733949485887045,0.0059973735213060065,0.05825996232911965,0.034007497317224925,0.0,0.02694310492632734,0.0,0.0,0.03824931344064787,0.00433337737857569,0.011185884575780972,0.0029386024538319722,0.003083885898738789,0.0,0.0,0.002306016865261921,0.011816415871650388,0.0,0.006022711201439552,0.0038265270100253657,0.01121697248239285,0.0,0.0038840617481327297,0.0006288762453037564,0.0020046970567537733,0.00475750849247423,0.017468526718468463,0.008088564341218699,0.03814923654003181,0.0034559470652112075,0.0,0.0,0.0,0.0028857963460463916,0.00021837044721718016,0.0035426952007316208,0.0,0.0017789024181726776,0.0,0.0,0.0,0.0,0.0029469933226139865,0.0,0.0005892136681363654,0.0,0.0,0.0,0.0009631655434903475,0.0,0.0,0.0,0.0,0.0,0.002558299827124051,0.0,0.0011919745371942274,0.0009631655434903475,0.0,0.0,0.00910077735213611,0.0016239227914211733,0.0,0.0,0.0,0.0,0.0007890041205103185,0.0015453768192881822,0.0,0.0,0.004317828648734637,0.0,0.00031589077149241345,0.0005892136681363654,0.0025301120176293183,0.0,0.0,0.0,0.0,0.0,0.0,0.0,0.0,0.0009631655434903475,0.0,0.0,0.0,0.0,0.0,0.001150353882250382,0.0,0.0,0.0,0.0,0.0,0.0,0.0,0.0009631655434903475,0.0,0.0,0.0,0.0,0.0,0.0,0.0,0.0,0.0,0.0,0.0,0.0,0.0
CTGGGATAAATAATGG-1,0.3915155521998157,0.0915892013052691,0.1776568391025233,0.0,0.0,0.0,0.02574310545841631,0.0,0.015315170196741673,0.0,0.0,0.00803358963492629,0.0,0.0,0.0,0.0,0.0,0.0,0.012009109362192013,0.0,0.009302118135929566,0.0,0.0,0.008043708940050272,0.0,0.0,0.0,0.0,0.0,0.0060324517753866345,0.0,0.0,0.0,0.0,0.0,0.0,0.0,0.0,0.0,0.0,0.0,0.0,0.0,0.0,0.0,0.0,0.0,0.0,0.0,0.0,0.0,0.0,0.0,0.0,0.0,0.0,0.0,0.0,0.0060324517753866345,0.0,0.0,0.0,0.0,0.0,0.0,0.0,0.0,0.0,0.0,0.0,0.0,0.0,0.0,0.0,0.0,0.0,0.0,0.0,0.0,0.0,0.0,0.0,0.0,0.0,0.0,0.0,0.0,0.0,0.0,0.0,0.0,0.0,0.0,0.0,0.0,0.0,0.0,0.0,0.0,0.0,0.0,0.0,0.0,0.0,0.0,0.0,0.0,0.0,0.0,0.0,0.0,0.0,0.0,0.0,0.0,0.0,0.0,0.0,0.0
CTGGGCCTGCTATATC-1,0.2829560981370588,0.22227109272754653,0.0,0.0,0.0,0.0,0.10593692803534245,0.0,0.0,0.0,0.0,0.01710551445901217,0.0,0.0,0.0,0.0,0.030463843867637945,0.0,0.0,0.0,0.006374116853882206,0.0,0.0,0.0,0.0,0.0,0.0,0.0,0.0,0.0,0.0,0.0012913371823783828,0.0,0.0,0.0,0.0,0.0,0.0,0.0,0.0,0.0,0.00045105921734187905,0.0,0.0,0.0,0.0,0.0,0.0,0.0,0.0,0.0,0.0,0.0,0.0,0.0,0.0,0.0,0.0,0.0,0.0,0.0,0.0,0.0,0.0,0.0,0.0,0.0,0.0,0.0,0.0,0.0,0.0,0.0,0.0,0.0,0.0,0.0,0.0,0.0,0.0,0.0,0.0,0.0,0.0,0.0,0.0,0.0,0.0,0.0,0.0,0.0,0.0,0.0,0.0,0.0,0.0,0.0,0.0,0.0,0.0,0.0,0.0,0.0,0.0,0.0,0.0,0.0,0.0,0.0,0.0,0.0,0.0,0.0,0.0,0.0,0.0,0.0,0.0,0.0
CTGTACTTCTTAGCAT-1,0.3187341093889232,0.057338286333924314,0.0,0.05668912135373715,0.08954746613890892,0.0,0.020866441382298217,0.0,0.010808741120543124,0.0,0.0,0.009480623241939696,0.0,0.0,0.0,0.0,0.0,0.015927697082967335,0.0,0.0,0.0,0.0,0.0,0.0,0.0,0.0,0.0,0.0,0.0,0.0,0.002227538389657877,0.0,0.0,0.0,0.0,0.010040080417605353,0.0,0.0,0.014492968561291406,0.0,0.0,0.0,0.006808811282901281,0.0,0.0,0.006352601300781705,0.0,0.0,0.0,0.0,0.0,0.0,0.0,0.0,0.0,0.0,0.0,0.006352601300781705,0.0,0.0,0.0,0.0,0.0,0.0,0.0,0.0,0.0,0.0,0.0,0.0,0.0,0.0,0.0,0.0,0.0,0.0,0.0,0.0,0.0,0.0,0.0,0.0,0.0,0.006352601300781705,0.0,0.0,0.0,0.0,0.0,0.0,0.0,0.0,0.0,0.0,0.0,0.0,0.0,0.0,0.0,0.0,0.0,0.0,0.0,0.0,0.0,0.0,0.0,0.0,0.0,0.0,0.0,0.0,0.0,0.0,0.0,0.0,0.0,0.0,0.0
CTGTAGCCATCTCACT-1,0.07406059677902116,0.015968178417127776,0.0,0.00035359509877360535,0.00013903379043736803,0.0,0.004074398740627266,0.021157171874397165,0.0006473175276644741,0.00044111334625489523,0.0,0.0,0.006489941798791862,0.01840310273226922,0.004354167829308126,0.0,0.0017549958695036781,0.002779481613112805,0.0,0.016990777936243255,0.011051709750467379,0.0,0.0,0.004919230638322569,0.019536049566450775,0.0018160790119029111,2.2785946590812034e-05,5.852535160624691e-05,0.00017368613573258098,0.019027895407032328,0.0008960225988415237,0.022142353911641193,0.0,0.0,0.0,0.0018364161720082742,0.0,0.00012005895252916082,0.0170800000628223,0.0,0.0,0.005451421452315621,0.002762827854702909,0.0,0.0,0.0,0.0,0.0,0.0,0.0003312784811236335,0.004538395600631971,0.0,0.004707531963289498,0.0,0.0,0.0003849437845837503,0.001025920994302717,0.0,0.0,0.0,0.002162588619016319,0.0,0.0,0.002680126926251826,0.0,8.21670740014655e-05,0.0,0.0,0.0,0.0011215835017464545,0.0,0.0,0.0026996053759671267,0.0,0.0,0.00028240834003972424,0.0,0.0,0.0,0.0,0.0014790966015112985,0.0,0.00015612143764670013,0.0,1.5017537761824473e-05,0.0,0.0001224445012205831,0.0,0.0008131509745365511,0.0,5.8150834531827436e-05,0.0,0.0,0.0,0.0,0.0,0.0,0.0,0.0,0.0,0.0,0.0,0.0,0.0,0.0,0.0,0.0,0.0,0.0,0.0,0.0,0.0,0.00010044786346401166,0.0,0.0,0.0,0.0,0.0,0.00017573656631598858
CTGTGCAGGGTAGGTC-1,0.3710588066649665,0.1445685192082187,0.27863460213237223,0.08983757215899157,0.0,0.0,0.04000975966192594,0.0,0.0,0.0,0.0,0.031226274772771394,0.00612425590924962,0.0,0.0,0.0,0.0,0.0076342041141291474,0.013490763647767155,0.0,0.0,0.05055878550977019,0.0,0.0,0.005732315486020129,0.0,0.0,0.0,0.0,0.015368350617660143,0.0,0.0,0.005372486093560635,0.0,0.003007179325728219,0.0,0.0,0.0,0.017424131279508676,0.0,0.0,0.0,0.0,0.0033319548413665028,0.0,0.0,0.0,0.0,0.0,0.0,0.0,0.0,0.0,0.0,0.0,0.0,0.0,0.0,0.0,0.0,0.0,0.0,0.0,0.0,0.0,0.0,0.0,0.0,0.0,0.0,0.0,0.0,0.0,0.0,0.0,0.0,0.0,0.0,0.0,0.0,0.0,0.0,0.0033319548413665028,0.0,0.0,0.0,0.0,0.0,0.004596236628383,0.0,0.0,0.0,0.0,0.0,0.0,0.0,0.0,0.0,0.0,0.0,0.0,0.0,0.0,0.004596236628383,0.0,0.0,0.0,0.0,0.0,0.0,0.0,0.0,0.0,0.0,0.0,0.0,0.0,0.0,0.0
CTGTTACCCAATCTAG-1,0.11304503198259823,0.4680669240905233,0.1896782604880077,0.0,0.11631001663509823,0.0,0.0,0.0026427381593631125,0.0,0.0004104232239898931,0.12336229457718957,0.051083399450181435,0.0,0.05180403418123123,0.0,0.0,0.021801382065554594,0.0,0.0,0.015783349937444024,0.003970917485314959,0.0,0.00930647126447024,0.002864699430290659,0.0,0.0,0.0067436332995927835,0.0,0.013307171593895988,0.0,0.0,0.0018987526239742224,0.0,0.0,0.038890067777386766,0.0017156454786237073,0.0,0.0,0.0,0.0,0.0,0.0,0.0013201932596995124,0.0,0.0,0.002324353300712718,0.0,0.0,0.0,0.003100368226604567,0.0,0.0,0.002324353300712718,0.0,0.0,0.002324353300712718,0.0,0.0,0.0,0.0,0.0,0.0,0.0,0.0,0.0,0.0,0.0,0.0,0.0,0.0,0.0,0.0,0.0,0.0,0.0009807903797185147,0.0,0.0,0.0,0.0,0.0015501841133022836,0.0,0.0,0.0,0.0,0.0,0.0,0.0,0.0,0.0,0.0,0.0,0.0,0.0,0.0,0.0,0.0,0.0,0.0,0.0,0.0,0.0,0.0,0.0,0.0,0.0,0.0,0.0,0.0,0.0,0.0,0.0,0.0,0.0,0.0,0.0,0.0,0.0,0.0,0.0
CTGTTCATCTCACGGG-1,0.7246669114035121,0.47509542487803763,0.02034378681160866,0.002735496924599024,0.08462182551387018,0.0,0.0519491838028175,0.015559815146585453,0.044055825197255975,0.059450001760243266,0.0,0.0,0.03308670362620058,0.040377122623160476,0.0,0.07573221748462644,0.0,0.019335535703738603,0.013553333007801732,0.0,0.0,0.014366196614720744,0.0,0.03777017566435776,0.0,0.0,0.011028719563809495,0.013738706954275889,0.0,0.0,0.0007220891181442551,0.0,0.0,0.0003551741465152184,0.0,0.0,0.0,0.01096830764509866,0.0,0.0,0.0,0.000862788816148316,0.0,0.0,0.0,0.0,0.0022822243506157433,0.009204473769051912,0.003408695945428894,0.0,0.0,0.0,0.0,0.0,0.0,0.0,0.0,0.0,0.0,0.0,0.0,0.0,0.0,0.0,0.0,0.000638266375948798,0.0,0.0,0.0,0.0,0.0,0.0,0.0,0.0,0.0,0.0,0.0,0.0,0.0,0.0,0.0,0.0,0.0,0.0,0.0,0.0,0.0,0.0,0.0,0.0,0.0,0.0,0.0,0.003408695945428894,0.0,0.0,0.0,0.0,0.0,0.0,0.0,0.0,0.0,0.0,0.0,0.0,0.0,0.0,0.0,0.0,0.0,0.0,0.0,0.0,0.0,0.0,0.0,0.0,0.0
CTTACACGGTATTCCA-1,0.07688029865166848,0.026807957182325613,0.0,0.012356782354183662,0.0,0.0,0.0,0.0,0.008352247875970947,0.0,0.0,0.0,0.014902301406137922,0.0,0.0,0.0,0.0,0.0,0.0,0.0,0.0,0.0,0.0,0.0,0.0,0.0036512033296524278,0.0,0.0,0.0,0.0,0.0,0.0,0.0,0.0,0.0,0.0,0.0,0.0,0.0,0.0,0.0,0.0,0.0,0.0,0.0,0.0,0.0,0.0,0.0,0.0,0.0,0.0,0.0,0.0,0.0,0.0,0.0,0.0,0.0,0.0,0.0,0.0,0.0,0.0,0.0,0.0,0.0,0.0,0.0,0.0,0.0,0.0,0.0,0.0,0.0,0.0,0.0,0.0,0.0,0.0,0.0,0.0,0.0,0.0,0.0,0.0,0.0,0.0,0.0,0.0,0.0,0.0,0.0,0.0,0.0,0.0,0.0,0.0,0.0,0.0,0.0,0.0,0.0,0.0,0.0,0.0,0.0,0.0,0.0,0.0,0.0,0.0,0.0,0.0,0.0,0.0,0.0,0.0,0.0
CTTATGCGCTCAGGGC-1,0.010549891740420692,0.032460103858967845,0.024653574785125074,0.0,0.0,0.0,0.004002327777438007,0.06338755107548226,0.0,0.0,0.0,0.01697139842774454,0.0,0.0,0.0,0.0,0.05586333635685679,0.0,0.0,0.008355363836687356,0.007165897509152856,0.0,0.006016217094316883,0.0,0.006220019461021615,0.0,0.002198474543457172,0.0,0.0,0.015698432590921456,0.000397817523849815,0.006654980022493954,0.002282546911858385,0.0,0.0,0.0,0.0,0.0,0.014244974457952057,0.0,0.0,0.0,0.0023009096979477255,0.0,0.0,0.0,0.0029768181781329507,0.0,0.0,0.0,0.0,0.0,0.0,0.0,0.0,0.00456509382371677,0.0,0.0,0.0,0.0,0.0,0.0,0.005063248891215464,0.0,0.0,0.0,0.0,0.0,0.0,0.00082239899912027,0.0,0.0,0.0009405291248299048,0.0,0.0,0.0,0.0,0.0,0.0,0.0,0.003989378737072141,0.0,0.0,0.0,0.0,0.0,0.00013447047241175694,0.0,0.0,0.0,0.0,0.0,0.0,0.0,0.0,0.0,0.0,0.0,0.0,0.0,0.0,0.0,0.0,0.0,0.0,0.0,0.0,0.0,0.0,0.0,0.0,0.0,0.0,0.0,0.0,0.0,0.0,0.0,0.0
CTTCATTGTCAGTGGA-1,0.5329380630401815,0.2679917161191033,0.10288741416421186,0.057898521477446376,0.023252954438927675,0.15573873512937675,0.0721422842113875,0.0,0.0,0.002230860457246801,0.0,0.009932260044081242,0.021414444530741646,0.0,0.0,0.0,0.0,0.0016405862656428906,0.0,0.005297524858016107,0.0,0.010759011830276544,0.020276795796862406,0.0,0.0,0.0018429871383609678,0.0,0.0008685649070353243,0.0028063875551636126,0.0,0.0,0.002185863873033285,0.002672142885699562,0.0035852446392727693,0.0,0.002860332516252676,0.0,0.0,0.0,0.0,0.0,0.0,0.0,0.007094977568443656,0.0,0.0,0.0,0.0,0.0,0.00250272502708973,0.0,0.0,0.0,0.0,0.0,0.0,0.0,0.0,0.0,0.0,0.0,0.0,0.0,0.0,0.0,0.0,0.0,0.0,0.0,0.0,0.0,0.0,0.0,0.0,0.0008698744585188673,0.0,0.0,0.0020329451591628617,0.0,0.0,0.0019946095883106784,0.0,0.0,0.0,0.0,0.0,0.0,0.0,0.0,0.0,0.0,0.0,0.0,0.0,0.0,0.0,0.0,0.0,0.0,0.0,0.0,0.0,0.0,0.0,0.0,0.0,0.0,0.0,0.0,0.0,0.0,0.0,0.0,0.0,0.0,0.0,0.0,0.0,0.0
CTTCCGCTCCGTGAAG-1,0.09073240914711923,0.02486162795570689,0.0017172372357492226,0.0015674433877570946,0.00037985806736716876,0.0,0.005748256534600176,0.007258846110229256,0.0,4.805362389001635e-05,0.0,0.0,0.004795095847525056,0.008612737178004374,0.0008457360007900536,0.0,0.07256314152590203,0.0027526865474379355,0.0,0.00910933320704543,0.0032324401720272306,0.0,0.0,0.00288749825959137,0.015621195052464638,0.00389834682733599,0.00020020488482972479,0.0,0.0019926558092350118,0.0,0.0013383305757173891,0.01732189526740151,0.0004788061081700438,0.0,0.0,0.0,0.0,0.0,0.013756556979688741,0.0,0.0,0.0029304729869085826,0.0030159487583785276,0.0,0.012814775583005934,0.0,0.0018323676408482609,6.655347229514535e-05,0.0,0.0015142002302030444,0.006219259224525181,0.0,0.004308307155434829,0.0,0.0009979397258673421,0.0007241088983617809,0.0013658600374661053,0.0,0.0,0.0009206278775176483,0.0,0.0,0.0,0.0,0.00043833128923874307,0.0,0.0,0.0,0.0,0.00026769189597346753,0.0,0.0,0.003970826669632128,0.0,0.0004665023269600738,0.0006100914267845617,0.0,1.7416272416906013e-05,0.0,0.0,0.0011322723715827,0.0,5.8190221565351654e-05,0.0,0.0,0.0,0.0,0.0,0.0005579535505980014,0.0,0.0,0.0,0.0,0.0,0.0,0.0,0.0,0.0,0.0,0.0,0.0,0.0,0.0,0.00017153741538071955,0.0,0.0,0.0,0.0,0.0,0.0,0.0,0.0,0.00012642019284332998,0.0,0.0,0.0,0.0,0.0,0.0
CTTCTATGTTGAAGTA-1,0.30573716740422097,0.13124515021204172,0.11695729348474253,0.005033491403074757,0.0,0.0,0.047043846723286355,0.0,0.01852330153228707,0.01597308013937286,0.0,0.029363679842035507,0.001239015514693264,0.01734687858677373,0.0,0.0,0.0,0.01023178679864177,0.015920673792645838,0.01586802019506718,0.006956223744326524,0.0,0.0,0.0,0.0016510181151436548,0.0,0.0,0.0005300401087746245,0.0,0.0,0.008232958294850516,0.0,0.0,0.0,0.0,0.0,0.0,0.0,0.0,0.0,0.0,0.0,0.0007333791539832215,0.0,0.0,0.0,0.0,0.0,0.0025455916939501953,0.0,0.001277779992605531,0.0,0.0,0.0,0.0,0.0,0.0,0.0,0.0,0.0,0.0,0.0,0.003621249635788799,0.0,0.0,0.0,0.0,0.0,0.0,0.0,0.0,0.0,0.0,0.0,0.0,0.0,0.0,0.0,0.0,0.0,0.0,0.0,0.0,0.0,0.0,0.0,0.002645848564218932,0.0,0.0,0.0,0.0,0.0,0.0,0.0,0.0,0.0,0.0,0.0,0.0,0.0,0.0,0.005367761477503898,0.0,0.0,0.0,0.0,0.0,0.0,0.0,0.0,0.0,0.0,0.0,0.0,0.0,0.0,0.0,0.0,0.0
CTTCTATTAATGCTAG-1,0.23892071653392932,0.1510388496361919,0.0892118930087372,0.009436446877390007,0.020536109700728927,0.0038244287830416,0.09100599581896021,0.102194007941443,0.011580930388625938,0.05507584666500363,0.01691114974201089,0.020368801527636936,0.007418198312739927,0.01499221200701856,0.013092467097808166,0.04401921620385998,0.00793117775688806,0.0012628793302452862,0.0,0.007210371471189762,0.003132736878848275,0.005821064876085734,0.0014296923426481872,0.0018796255869576606,0.0021044970452026653,0.0018788985143861482,0.0,0.005566817336624902,0.006582797061985553,0.0,0.0032759700629181425,0.0034005403707681094,0.0,0.003961546514199166,0.0,0.008826016217432266,0.004957615766780263,0.0035841443708569736,0.0,0.0,0.0,0.0036127299006624525,0.001093935234510225,0.0,0.0,0.0,0.00511935409002914,0.002382362787575287,0.0,0.0009069320224122585,0.0,0.0,0.0,0.0,0.0,0.0,0.0011069269923339497,0.0,0.0,0.0,0.0,0.0,0.0,0.0,0.0017958409622818798,0.0,0.0,0.0,0.0014865291963191256,0.0,0.0,0.0,0.0004277356438954239,0.0,0.0,0.0,0.0,0.0,0.0,0.0,0.00024459779643787153,0.001922370625273471,0.00023817859181315477,0.0,0.0,0.0,0.0,0.0011553603913920154,0.0,0.0013709718751136728,0.0003633136465323808,0.0,0.0,0.0004141073458837763,0.0,0.0,0.0,0.0,0.0,0.0,0.0004141073458837763,0.0,0.0,0.0,0.0,0.0,0.0,0.0,0.00028825388129457354,0.0,0.0,0.0,0.0,0.0,0.0,0.0,0.0,0.0,0.0
CTTGCAACCGCCTCCT-1,0.3988775392642377,0.15059463095067402,0.10165050684020412,0.0,0.0,0.0,0.066265589999786,0.015484069545691261,0.01936927956667519,0.024907696661767596,0.0,0.01875632443805217,0.004726750888859581,0.0180387432969666,0.0,0.0,0.0,0.003201400361960968,0.0,0.011672392020337855,0.0,0.0,0.0,0.0,0.0,0.0,0.0,0.0,0.0,0.0,0.0,0.0,0.0,0.0,0.0,0.00650887278901316,0.0204350308423192,0.013449967658609018,0.0,0.0,0.0,0.0024682478671241965,0.0003168635935811407,0.0,0.0,0.0,0.01352561855000836,0.0,0.0,0.0,0.0016759215708555316,0.0,0.0,0.0,0.005679540397605417,0.0,0.0,0.0,0.0,0.0,0.0,0.0,0.0,0.0,0.0,0.008795526431271915,0.0,0.0,0.0,0.0,0.0,0.0,0.00023883320815339468,0.0,0.0,0.0,0.0,0.0,0.0,0.0035647549343026403,0.0,0.0,0.0,0.0,0.0,0.0,0.0,0.0,0.0,0.0,0.0,0.0,0.0,0.0,0.0,0.0,0.0,0.0,0.0,0.0,0.0,0.0,0.0,0.0,0.0,0.0,0.0,0.0,0.0,0.0,0.0,0.0,0.0,0.0,0.0,0.0,0.0,0.0,0.0
CTTGCCCAGGCTCTAC-1,0.2412864010185137,0.5278401207613032,0.14587211266234792,0.01278134678971158,0.05582475487133756,0.07959644475682676,0.018037735355634882,0.0,0.0,0.0,0.0,0.017559914787979823,0.015298513396873686,0.0,0.0,0.0,0.0,0.014105184843528597,0.0,0.0,0.008385852575520871,0.0,0.03922411511788867,0.0,0.004438735606645272,0.0,0.014308146745906457,0.0,0.018968384410722572,0.005547603562523865,0.0,0.0005689934523220948,0.0037755256312498636,0.0,0.008804422654987754,0.00793439449536892,0.0027738017812619325,0.0,0.0,0.0,0.0,0.0,0.0021383930650369053,0.0,0.0,0.0,0.0054611732959016866,0.0,0.0,0.00404088891870845,0.0,0.0,0.0,0.0018877628156249318,0.0,0.0,0.0,0.0,0.0,0.0,0.0,0.0,0.0,0.0,0.0,0.0,0.0,0.0,0.0,0.0007135264104224014,0.0,0.0,0.0,0.0,0.0,0.0,0.0,0.0,0.0,0.0,0.0,0.0,0.0,0.0,0.0,0.0,0.0,0.0,0.0,0.0,0.0,0.0,0.0,0.0,0.0,0.0,0.0,0.0,0.0,0.0,0.0,0.0,0.0,0.0,0.0,0.0,0.0,0.0,0.0,0.0,0.0,0.0,0.0,0.0,0.0,0.0,0.0,0.0,0.0
CTTGTACTTGTTGACT-1,0.7557753761859143,0.17239741501054956,0.14728801468469108,0.07540906524581352,0.0700883678270864,0.0,0.0,0.12567481192950944,0.010531883745014785,0.0,0.0,0.008075109173964635,0.06875488179316294,0.0,0.0,0.0,0.0,0.0,0.008633014191330377,0.016040513885207823,0.01258582508415904,0.0,0.0,0.0,0.00457848107722648,0.0,0.0,0.0072133415974643626,0.0,0.0,0.0022175727939973758,0.0,0.016736929451551082,0.0,0.0,0.011505859791557221,0.010657705264388782,0.0,0.0,0.0,0.0,0.0,0.0,0.00457848107722648,0.0,0.0,0.0,0.0,0.0,0.0,0.0,0.0,0.0,0.0,0.0,0.0060792241871623015,0.0,0.0,0.0,0.0,0.0,0.010333108073273197,0.0,0.0,0.0,0.0,0.0,0.021857967354066914,0.0,0.0,0.0,0.0,0.0,0.0,0.0,0.0,0.00457848107722648,0.0,0.0,0.0,0.0,0.0,0.0,0.0,0.0,0.0,0.0,0.0,0.0,0.0,0.0,0.0,0.0,0.0,0.0,0.0,0.0,0.0,0.0,0.0,0.0,0.0,0.0,0.0,0.0,0.0,0.0,0.0,0.0,0.0,0.0,0.0,0.0,0.0,0.0,0.0,0.0,0.0,0.0
CTTGTTGCTGAGTCAA-1,0.42183910527155083,0.12314350344630591,0.0,0.0,0.0,0.0,0.0,0.0,0.006093449395578213,0.0,0.0,0.008837784781029605,0.0,0.0,0.0,0.0,0.0,0.0,0.015231872735127688,0.0,0.014178359293741442,0.0,0.0,0.0,0.0,0.011277496611258661,0.0,0.0028542917833284565,0.0,0.0,0.0,0.0,0.0,0.0,0.005969659030687072,0.011399206064016214,0.0,0.0,0.0,0.0,0.0,0.0,0.0,0.0,0.0,0.0,0.006452007388778336,0.0,0.0,0.0,0.0,0.0,0.0,0.0,0.0,0.0,0.0,0.0,0.0,0.0,0.0,0.0,0.0,0.0,0.0,0.0,0.0,0.0,0.0,0.0,0.0,0.0,0.0,0.0,0.0,0.0,0.0,0.0,0.0,0.0,0.0,0.0,0.0,0.0,0.0,0.0,0.0,0.0,0.0,0.0,0.0,0.0,0.0,0.0,0.0,0.0,0.0,0.0,0.0,0.0,0.0,0.0,0.0,0.0,0.0,0.0,0.0,0.0,0.0,0.0,0.0,0.0,0.0,0.0,0.0,0.0,0.0,0.0,0.0
CTTTAACTTTCAAAGG-1,0.6218346026816267,0.3498023074265026,0.09360426114198893,0.051754485353991325,0.019124228421319937,0.0,0.0050341134697493625,0.10053792815830277,0.040134971063607174,0.09244497180691504,0.0,0.0,0.001166168857648922,0.020913318315388906,0.0,0.0,0.0,0.031427513255653364,0.004497559078939391,0.0,0.009317370618039042,0.0019505131532191234,0.0014798093492157933,0.02452740118837483,0.0,0.02331534549792247,0.020038175508179448,0.013304928080721421,0.0057013303150835835,0.0,0.008475187590993761,0.00019042201337201965,0.0,0.0071504222104623585,0.0,0.0,0.0,0.0,0.0,0.0,0.0,0.0005431329827154844,0.0,0.0,0.0,0.003245162146679278,0.0,0.0,0.0,0.0,0.000954510181534116,0.004012062515453286,0.0,0.0,0.0,0.004796896472702934,0.0,0.0,0.0,0.0,0.0,0.0,0.002398448236351467,0.0,0.0,0.001270793849265824,0.00491081364571909,0.00471828396910076,0.0,0.0021916686299805004,0.0,0.0,0.0,0.0,0.0,0.0,0.0,0.001270793849265824,0.0,0.0,0.0,0.0,0.001270793849265824,0.0,0.0,0.001270793849265824,0.0,0.0,0.0,0.0,0.0,0.002398448236351467,0.0,0.001270793849265824,0.0,0.0,0.0,0.0,0.0,0.0,0.0,0.0,0.0,0.00194298860954809,0.0011721117976640058,0.0,0.0,0.0,0.0,0.0,0.001270793849265824,0.0,0.0,0.0,0.0,0.0,0.0,0.0,0.0
CTTTAGTGCTATTATT-1,0.6010497750610777,0.349523661576952,0.12227899355077378,0.0,0.03011426360911957,0.0,0.017353985676300872,0.005267602970133955,0.016861140579572248,0.0,0.0,0.0,0.006260418967171723,0.0,0.0,0.0,0.060905976206486266,0.009489860281282228,0.009321746242586821,0.0040723365497726425,0.007312759069655246,0.0,0.02782991417522249,0.01496978306956319,0.002515400950721165,0.004701369842016783,0.007315719356983888,0.0009709798041977601,0.0011419267309356346,0.005715569268453864,0.0,0.0,0.008404467938645892,0.007419549488428274,0.015833176377798294,0.0,0.0012590637639434297,0.0,0.01533810430158565,0.0,0.0,0.0,0.008370552966642563,0.0,0.0,0.0,0.003353520535570078,0.0,0.002379606391596888,0.0025181275278868594,0.0,0.0035301749138462674,0.0031858286320819917,0.006789740260808653,0.0,0.0012590637639434297,0.0,0.0,0.0,0.0,0.0,0.0,0.0,0.0,0.0,0.0,0.0,0.0,0.0,0.0,0.0,0.0,0.0,0.0,0.002495855671415074,0.0011332564988825794,0.0,0.0,0.0,0.0,0.0,0.0,0.0,0.0,0.0,0.0,0.0,0.0,0.0012590637639434295,0.0,0.0,0.0,0.0,0.0,0.0,0.0,0.0,0.0,0.0,0.0,0.0,0.0,0.0026090333303010697,0.0,0.0,0.0,0.0,0.0,0.0,0.0,0.0,0.0,0.0,0.0,0.0,0.0,0.0,0.0,0.0
CTTTGGCGCTTTATAC-1,0.607037568847108,0.23661568181510997,0.15477542995976382,0.0,0.0500931706562453,0.0,0.04479809123776387,0.0,0.016525138432456465,0.1735299269380638,0.0,0.0,0.0,0.02795778173223714,0.0,0.0,0.0,0.0,0.027512762068351994,0.0,0.012871466338236099,0.0,0.03155546531147611,0.0,0.0,0.0,0.0,0.012219556664607974,0.004264572098746458,0.0,0.00715857042411965,0.0,0.005612339756348019,0.029938354356517042,0.0,0.0,0.0,0.0,0.0,0.0,0.0,0.0,0.0,0.0,0.0,0.009753972133273302,0.010104899260086403,0.0,0.0,0.0,0.0,0.0,0.0,0.0,0.0,0.0,0.0,0.0,0.0,0.0,0.0,0.0,0.0,0.0,0.0,0.00715857042411965,0.007197441203681178,0.0,0.0,0.0,0.0,0.0,0.0,0.0,0.0,0.0,0.005612339756348019,0.0,0.0,0.0,0.0018868292443597963,0.0,0.0,0.0,0.0,0.0,0.0,0.0,0.0,0.0,0.0,0.0,0.0,0.0,0.0,0.0,0.0,0.0,0.0,0.0,0.0,0.0,0.0,0.0,0.0,0.0,0.0,0.0,0.0,0.0,0.0,0.0,0.0,0.0,0.0,0.0,0.0,0.0,0.0
CTTTGGCTTTAGTAAA-1,0.158524325886357,0.0,0.03711588135035722,0.03305990335786976,0.05250287863215584,0.0,0.0,0.0,0.02471895644753589,0.0,0.0,0.0,0.0,0.0,0.0,0.0,0.0,0.0067711228959074065,0.0,0.0,0.0,0.0,0.004693195812342709,0.0,0.0,0.0,0.0,0.0,0.0,0.0,0.0,0.0,0.0,0.0,0.0,0.0,0.0,0.0,0.0,0.0,0.0,0.0,0.0,0.0,0.0,0.0,0.0,0.0,0.0,0.0,0.0,0.0,0.0,0.0,0.0,0.0,0.0,0.0,0.0,0.0,0.0,0.0,0.0,0.0,0.0,0.0,0.0,0.0,0.0,0.0,0.0,0.0,0.0,0.0,0.0,0.0,0.0,0.0,0.0,0.0,0.0,0.0,0.0,0.0067711228959074065,0.0,0.0,0.0,0.0,0.0,0.0,0.0,0.0,0.0,0.0,0.0,0.0,0.0,0.0,0.0,0.0,0.0,0.0,0.0,0.0,0.0,0.0,0.0,0.0,0.0,0.0,0.0,0.0,0.0,0.0,0.0,0.0,0.0,0.0,0.0
GAAACCGAATTACCTT-1,0.5069853016764214,0.16820252353312737,0.0765583786945465,0.18657741202701558,0.0,0.0,0.0,0.021272199128560883,0.019707714807380254,0.0,0.0,0.0,0.0,0.018192693347777202,0.0,0.0,0.0,0.0173826381556498,0.011839474042383374,0.0,0.0,0.0,0.0,0.0,0.0,0.0,0.0,0.0,0.0,0.0,0.0,0.0,0.010406385693379993,0.003913457348516246,0.0,0.024670828835205928,0.0,0.0,0.0,0.0,0.0,0.0,0.0,0.0,0.0,0.0,0.0,0.0,0.0,0.0,0.0,0.0,0.0,0.0,0.0,0.0,0.0,0.0052031928466899965,0.0,0.0,0.0,0.0,0.0,0.0,0.0,0.0,0.0,0.0,0.0,0.0,0.0,0.0,0.0,0.0,0.0,0.0,0.0052031928466899965,0.0,0.0,0.0,0.0,0.0,0.0,0.0,0.0,0.0,0.0,0.0,0.0,0.0,0.0,0.0,0.0,0.0,0.0,0.0,0.0,0.0,0.0,0.0,0.0,0.0,0.0,0.0,0.0,0.0,0.0,0.0,0.0,0.0,0.0,0.0,0.0,0.0,0.0,0.0,0.0,0.0,0.0
GAAACTCGTGCGATGC-1,1.1192323095570549,0.5806406336257032,0.22053938618348815,0.15578754836049077,0.33526848615993693,0.0,0.09540236118493622,0.06089394949902746,0.06859602888614628,0.0014284738374985265,0.0,0.0,0.0,0.01939712158443959,0.0556586697970413,0.13243173811918307,0.014449017070193668,0.08169531970168949,0.028926615345701553,0.0,0.007192463791717765,0.030104839486559662,0.0,0.0,0.0,0.0,0.0,0.0004766657056654818,0.00351211709881429,0.0,0.0069920195173173,0.0,0.0,0.0032243596704036154,0.0,0.0,0.0,0.0,0.0,0.0,0.0,0.0,0.003318028065974809,0.002414591192247504,0.0,0.0,0.0,0.0,0.0,0.0,0.0,0.0,0.0,0.0,0.0,0.003455089109252431,0.0,0.0,0.0,0.0,0.010135080542797504,0.0,0.0,0.0,0.0,0.0,0.0,0.0,0.0,0.0,0.0,0.0,0.0,0.0,0.0,0.0,0.0,0.0,0.0,0.0,0.0,0.0,0.0,0.0,0.0,0.0,0.0011067856928244557,0.0,0.0,0.0,0.0028912057829031225,0.003455089109252431,0.0,0.0,0.0,0.0,0.0,0.0,0.007387116740321,0.0,0.0,0.0,0.0,0.0,0.0,0.0,0.0,0.0,0.0,0.0,0.0,0.0,0.0,0.0,0.0,0.0,0.0,0.0,0.0
GAAAGCAGTGCACTTT-1,0.5712765743356013,0.1653865657459444,0.12201135387050274,0.01084759565910133,0.011802153259312397,0.0,0.010835907963209167,0.04683844340065296,0.0,0.0074885308472745936,0.003781055632689663,0.01901281920565915,0.020126450400405196,0.03651574299827304,0.009547959310625022,0.0007304447487594587,0.0,0.0029081329765098126,0.0,0.007965325020051489,0.0,0.0,0.0016740170053804238,0.001250537356961475,0.015541261112417607,0.0016740170053804238,0.0007210305665723287,0.0003204385435632631,0.00615069372823403,0.0,0.0026362016082414766,0.006367679864824752,0.0005508391526998045,0.0018995932682539427,0.0,0.004066484330271784,0.0,0.0003222622720048987,0.0,0.0,0.0,0.005483371959784529,0.002338360321214021,9.312918891738683e-05,0.0,0.0004018807226126897,0.0033660321379788355,0.00026655449125463377,0.0,0.0,0.007503785350216539,0.0,0.0018470102515242078,0.0,0.0020769081017626744,0.0,4.997309069704962e-05,0.0,0.0,0.0,0.003013010026817643,0.0,0.0,0.005261179709502679,0.0004306550043335275,0.0001118885672701586,0.0,0.0,0.0,0.0,0.0,0.0,0.0005217258994896788,0.0,0.0011776831053656764,0.0009003074024636765,0.0,0.0012152830063254204,0.0,0.0,0.00019245497058891376,0.0,4.9973090697049627e-05,0.0,0.0,0.0,0.00013633182226373307,0.0,0.0004940353429724584,0.00010364048511088908,0.0,0.0,0.0,0.0,0.0,0.0,0.0,0.0001393581569502029,0.0,0.00023486603955251995,0.0,0.0,0.0,0.0,0.0,0.0,0.0,0.0,0.0,0.0,0.0,0.0,4.9973090697049627e-05,0.0,0.0,0.0,0.0,0.0,0.0
GAAAGCCCTTTGGACC-1,0.3025685305502507,0.0,0.05878401133667771,0.08281024228840507,0.16045580278315644,0.0,0.0,0.0,0.006890066382578755,0.002804584616501949,0.0,0.0,0.0,0.025732457012990425,0.0,0.0,0.0,0.019711826431669882,0.0,0.0,0.015554061420112815,0.0,0.0,0.0,0.0,0.0,0.0,0.0,0.0,0.012504937150033622,0.001794780906317512,0.0,0.010875431668377187,0.0,0.0,0.0,0.0,0.0,0.0,0.0,0.0,0.0,0.0,0.005437715834188593,0.0,0.0,0.0,0.0,0.0,0.0,0.0,0.0,0.0,0.0,0.0,0.0,0.0,0.0,0.0,0.0,0.0,0.0,0.0,0.0,0.0,0.0,0.0,0.0,0.0,0.0,0.0,0.0,0.0,0.0,0.0,0.0,0.0,0.0,0.0,0.0,0.0,0.0,0.0,0.0,0.0,0.0,0.0,0.0,0.0,0.0,0.0,0.0,0.0,0.0,0.0,0.0,0.0,0.0,0.0,0.0,0.0,0.0,0.0,0.0,0.0,0.0,0.0,0.0,0.0,0.0,0.0,0.0,0.0,0.0,0.0,0.0,0.0,0.0,0.0
GAAAGTGACTAACTGC-1,0.6309062444712413,0.24987805008078726,0.06119415335948338,0.04034537384614574,0.1391990149016407,0.31608134035958074,0.013549677586751581,0.005112383634822685,0.008248243910793002,0.0,0.06794419940171884,0.0,0.008522691818438585,0.023101608570877608,0.0,0.0,0.0,0.02947669956008478,0.0,0.0007540144364869124,0.022207618018639415,0.0,0.0015886713727830792,0.0,0.0,0.0,0.010558155871199994,0.004143374703782182,0.00530089447898866,0.0,0.007003086228083677,0.0,0.0020729524433444903,0.0,0.0,0.0,0.0,0.008298123064066933,0.0,0.0,0.0,0.0010250207664115878,0.0,0.0,0.0,0.0,0.0,0.0,0.002800898573955208,0.00265654286198272,0.002641760225210589,0.004070166546828806,0.0014257556203746938,0.002235632593374821,0.0,0.0,0.0,0.0,0.0,0.0,0.0,0.0,0.0,0.0,0.0,0.004364092172585348,0.0,0.0,0.0,0.0022906183805361698,0.0,0.0,0.0,0.0,0.0,0.0,0.0,0.0,0.0,0.0,0.0,0.0,0.0,0.0,0.000654003875189483,0.0,0.0,0.0,0.0,0.0,0.0,0.0,0.0,0.0,0.0,0.0,0.0,0.0,0.0020729524433444903,0.0,0.0,0.0,0.0,0.0,0.0,0.0,0.0,0.0,0.0,0.0,0.0,0.0,0.0,0.0,0.0,0.0,0.0,0.0,0.0
GAAATATCACCATCAG-1,0.47969434277399253,0.12537461824059093,0.0,0.0,0.08137713289111503,0.0,0.0,0.0,0.036136968511115336,0.0047440981157627245,0.0,0.0,0.0017475884512694548,0.0,0.0,0.0,0.0,0.0,0.005587711442202142,0.0,0.00723308585832885,0.0,0.0,0.0,0.0023443022346830004,0.03969702542332328,0.0,0.007028982612582318,0.0008339042430627713,0.0,0.0027986101454154414,0.0,0.0,0.0,0.0,0.0,0.0,0.0,0.0,0.0,0.0,0.0021006028587449987,0.0,0.0056049968147723166,0.0,0.0,0.0,0.0,0.0,0.0,0.0,0.0,0.0,0.0056049968147723166,0.008894179909000806,0.0,0.0056049968147723166,0.0,0.009293971990934782,0.0,0.0,0.0,0.0,0.0,0.0,0.0,0.0,0.0,0.0,0.0,0.0056049968147723166,0.0,0.0,0.0,0.0,0.0,0.0,0.0,0.0,0.0,0.0,0.0,0.0,0.0,0.0,0.0056049968147723166,0.0,0.0,0.0,0.0,0.0,0.0,0.0,0.0,0.0,0.0,0.0,0.0,0.0,0.0,0.0,0.0,0.0,0.0,0.0,0.0,0.0,0.0,0.0,0.0,0.0,0.0,0.0,0.0,0.0,0.0,0.0,0.0,0.0
GAAATCGCGCGCAACT-1,0.29326584022280133,0.12106714640011383,0.0,0.08088984390009842,0.0,0.0,0.046311893792411164,0.0,0.010798696895793148,0.0,0.0,0.0,0.0,0.0,0.0,0.0,0.0,0.016456173328563552,0.004938666963767662,0.006067358673004224,0.018539362987825905,0.0,0.0,0.0,0.0,0.0,0.0,0.008128521649909683,0.0,0.0,0.0,0.0,0.0,0.016412029322518784,0.0,0.0,0.0,0.015361307843517493,0.0,0.0,0.0,0.0,0.0,0.0,0.0,0.0,0.0,0.0,0.0,0.0,0.0,0.0,0.0,0.0,0.0,0.0,0.0,0.0,0.0,0.0,0.0,0.01256731249884493,0.0,0.0,0.0,0.0,0.0,0.0,0.0,0.0,0.0,0.0,0.0,0.0,0.00625431728319693,0.0,0.0,0.0,0.0,0.0,0.0,0.0,0.0,0.0,0.0,0.0,0.0,0.0,0.0,0.0,0.0,0.0,0.0,0.0,0.0,0.0,0.0,0.0,0.0,0.0,0.0,0.0,0.0,0.0,0.0,0.0,0.0,0.0,0.0,0.0,0.0,0.0,0.0,0.0,0.0,0.0,0.0,0.0,0.0
GAAATTGTCTCTATAA-1,0.49149722644762267,0.18155923014269262,0.058289273281871945,0.10280108235270966,0.0,0.0,0.05327915720032814,0.0,0.022033138503889167,0.01683646391645931,0.0,0.017531737976401503,0.0,0.0,0.0,0.0,0.0,0.01865568154728755,0.012938108299519257,0.0,0.019153410555831592,0.0,0.0,0.0,0.004946879762978463,0.0,0.0,0.0,0.002357509984994043,0.0,0.0,0.0,0.0,0.007005735383382634,0.0,0.0,0.0,0.0,0.0,0.0,0.0,0.0,0.0,0.0,0.0,0.0,0.0,0.0,0.0,0.0,0.0,0.0,0.0,0.0,0.0,0.0,0.0,0.004325942985320375,0.0,0.0,0.0,0.0,0.0,0.0,0.008514087856420261,0.0,0.0,0.0,0.0,0.0,0.0,0.0,0.0,0.0,0.0,0.0,0.0,0.0,0.0,0.0,0.0,0.0,0.0,0.0,0.0,0.0,0.0,0.0,0.0,0.0,0.0,0.0,0.0,0.0,0.0,0.0,0.0,0.0,0.0,0.0,0.0,0.0,0.0,0.0,0.0,0.0,0.0,0.0,0.0,0.0,0.0,0.0,0.0,0.0,0.0,0.0,0.0,0.0,0.0
GAACACACATCAACCA-1,0.698900759961167,0.23941539955011848,0.060923357643059076,0.04596488538643264,0.1447995375146506,0.0,0.0,0.07887323163840383,0.005039984658199403,0.018770903639416144,0.0,0.009026473816974969,0.061428023450249884,0.0,0.0,0.0,0.0,0.0375358000991294,0.0,0.0,0.018584877554860598,0.0,0.0,0.028131359708958588,0.0,0.007169098406292376,0.0,0.006790966421826768,0.0,0.0,0.0,0.0,0.0,0.010294903846206606,0.0,0.007290873409198304,0.0,0.0,0.0,0.0,0.0,0.0,0.0,0.0,0.0,0.0,0.0,0.0,0.0,0.007911989187141963,0.0,0.0,0.0,0.003955994593570981,0.0,0.003955994593570981,0.0,0.0,0.0,0.0,0.03156472536343559,0.0,0.0,0.0,0.0,0.0,0.0,0.0,0.0,0.0,0.0,0.0,0.0,0.0,0.0,0.0,0.0,0.0,0.0,0.0,0.0,0.0,0.0,0.0,0.0024927589854414805,0.0,0.0,0.0,0.0,0.0,0.0,0.0,0.0,0.0,0.0,0.0,0.008131774324875291,0.0,0.0,0.0,0.0,0.0,0.0,0.0,0.0,0.0,0.0,0.0,0.0,0.0,0.0,0.0,0.0,0.0,0.0,0.0,0.0,0.0,0.0
GAACCTCGACCTACAC-1,0.007807409596383993,0.021772534814497507,0.040656060776228346,0.0,0.009270307506810226,0.0,0.0,0.02047192551515019,0.0,0.00523931182749418,0.0,0.018959688869704713,0.002652270818830304,0.0,0.0,0.0,0.0,0.0,0.0,0.024474504866072385,0.0,0.0,0.0,0.0,0.01710425471938369,0.0,0.0,0.0,0.0,0.0,0.0004542128184071389,0.0,0.0,0.0,0.0,0.0,0.0,0.0,0.0,0.0,0.0,0.0,0.001070829020704214,0.0,0.0,0.0,0.0,0.0,0.0,0.0017560549247015854,0.0,0.0,0.0017560549247015854,0.0,0.0,0.0,0.0,0.0,0.0,0.0,0.0,0.0,0.0,0.0,0.0,0.0,0.0,0.0,0.0,0.0,0.0,0.0,0.0,0.0,0.0,0.0006493308678189613,0.0,0.0,0.0,0.0,0.002743239216799232,0.0,0.0,0.0,0.0,0.0,0.0,0.0,0.0,0.0,0.0,0.0,0.0,0.0,0.0,0.0,0.0,0.0,0.0,0.0,0.0,0.0,0.0,0.0,0.0,0.0,0.0,0.0,0.0,0.0,0.0,0.0,0.0,0.0,0.0,0.0,0.0,0.0,0.0
GAACGTTAGGAAGACG-1,0.5622956225377493,0.9109070726946049,0.19642344735699935,0.013961917198327982,0.09821015592849676,0.0,0.08241492582174023,0.11019419212764105,0.005680328610701255,0.0459877851148786,0.0,0.01822403854994592,0.004001125604930893,0.030488730747770747,0.0,0.0,0.0,0.002587239885716198,0.02281559320605386,0.0,0.003732680398679218,0.0,0.0,0.0,0.0032961094496976756,0.003060263764436121,0.011457279799104575,0.007591358104087868,0.0,0.0,0.008678072283763626,0.0008849059456067139,0.00220130969027999,0.017745814256754096,0.011646780325686288,0.006237574693818303,0.011783432640864502,0.0,0.0,0.0,0.0,0.0030415274586811205,0.001511723433585101,0.0014592961954911815,0.0,0.00440261938055998,0.006286000346802275,0.0,0.0,0.0,0.0,0.0,0.0,0.0,0.0,0.0,0.0,0.0,0.0,0.008452535623197872,0.0,0.0,0.0,0.0,0.004028565874082619,0.007080784233991007,0.0,0.0,0.0,0.0,0.0,0.0,0.0,0.0,0.0,0.0,0.0,0.0,0.005564537008866962,0.0,0.0,0.0,0.0,0.0,0.0,0.0,0.0,0.0,0.0,0.010531009998131762,0.0,0.0,0.0,0.0,0.0,0.0,0.0,0.0,0.0,0.0,0.0,0.0,0.0,0.0,0.0,0.0,0.0,0.0,0.0,0.0,0.0,0.0,0.0,0.0,0.0014592961954911815,0.0,0.0,0.0,0.0
GAAGCGTGAGGAATTT-1,0.48728903463452805,0.29787453445954915,0.057786864847364706,0.01708199466899613,0.0,0.061642810239859964,0.044986317929189064,0.07545233841598516,0.018786921301377893,0.0029748714118742747,0.0,0.0,0.013218173358030747,0.0,0.05182801524025954,0.0,0.01770176309906867,0.01658586629105954,0.012633208026556039,0.0057251493496387005,0.01138736075612315,0.015936896380099486,0.009105758102275896,0.0,0.0,0.0,0.011863825386554921,0.0,0.003209951668330862,0.0,0.0,0.0,0.007854045735803084,0.006455711539843671,0.0,0.0010735894645124314,0.0,0.0,0.0,0.0,0.0,0.005029738424436992,0.00225689625381675,0.0,0.0,0.0,0.0,0.0,0.003229351075939313,0.0027275655677796904,0.0,0.0,0.0,0.0,0.0,0.0,0.0,0.0,0.0,0.0,0.0,0.0,0.0,0.0,0.0,0.0,0.0,0.018952054803599242,0.0,0.0,0.0,0.0,0.0,0.0,0.0008918144560055553,0.0,0.0,0.0,0.0,0.0,0.0,0.0,0.0,0.0,0.0,0.0,0.0,0.0,0.0,0.0,0.00126274992384376,0.0,0.0,0.0,0.0,0.0,0.0,0.0,0.0,0.0,0.0,0.0,0.0,0.005426748369075125,0.0,0.0,0.0,0.0,0.0,0.0,0.0,0.0,0.0,0.0,0.0,0.0,0.0,0.0,0.0
GAAGCTTGCTGACCGC-1,0.45075997969090953,0.05341774414261875,0.11744294162783975,0.11234244244448174,0.0,0.0,0.0,0.0,0.016204732085975348,0.028952020547612357,0.0,0.0,0.035467421950479056,0.00927013613480397,0.035425754489072085,0.0,0.0,0.003098323853858985,0.005049612607764719,0.0,0.010003732120457035,0.0,0.0,0.0,0.0,0.0,0.013960078864087436,0.004305954258770544,0.0,0.006259099782228402,0.00551763610051406,0.0,0.0,0.0,0.0,0.008749191759793332,0.0,0.0,0.0,0.0,0.0,0.0,0.0,0.0,0.0,0.004348650517858899,0.0,0.0,0.01080466697282495,0.0,0.0,0.0,0.0,0.0,0.0,0.0,0.0,0.0,0.0,0.0,0.0,0.0,0.0,0.0,0.0,0.002388086209399859,0.0,0.0,0.0,0.005631405584910217,0.0,0.0,0.0,0.0,0.0,0.0,0.0,0.0,0.0,0.0,0.0,0.0,0.0,0.0,0.0,0.0,0.0,0.0,0.0,0.0,0.0,0.0,0.0,0.0,0.0,0.0,0.0,0.0,0.0,0.0,0.0,0.0,0.0,0.0,0.0,0.0,0.0,0.0,0.0,0.0,0.0,0.0,0.0,0.0,0.0,0.0,0.0,0.0,0.0
GAAGTCAGTTGCACTA-1,0.2885134234084742,0.33018355943434463,0.17317535138498208,0.006885803984651582,0.012398647568838744,0.0,0.08282159284986117,0.0857334679780115,0.026045135606600857,0.05012987220415678,0.0,0.0,0.002409508040419368,0.0,0.0,0.0,0.0,0.002118521444378409,0.0,0.0,0.004140821146065047,0.0,0.0,0.003615427607124619,0.0,0.017524621934176966,0.005291253559886796,0.008896102498567985,0.0,0.0,0.0023925012868519667,0.0009224895923999108,0.0,0.005654985425971334,0.026306363235240292,0.008731256981950028,0.0,0.0,0.0,0.0,0.0,0.001540167971535853,0.0,0.0019727319138025854,0.0,0.0,0.0,0.0,0.0,0.0,0.0,0.0,0.0,0.0,0.0,0.0,0.0,0.0,0.0,0.0,0.0,0.0,0.0,0.0,0.0,0.0,0.0,0.0,0.0,0.0,0.0,0.0,0.0013081237633064367,0.0,0.0,0.0,0.0,0.0,0.0,0.0,0.0,0.0,0.0,0.0,0.0,0.0,0.0025483162775413962,0.0,0.0,0.0,0.0021802629948236476,0.0,0.0029353591786489184,0.0,0.0,0.0,0.0,0.0,0.0,0.0,0.0,0.0,0.0,0.0,0.0,0.0,0.0,0.0,0.0,0.0,0.0016129462483278488,0.0,0.0,0.0016129462483278488,0.0,0.0,0.0,0.0,0.0
GAAGTGATTTATCGTG-1,0.14934545864467283,0.1171353099476348,0.0,0.0,0.08584881074072884,0.0,0.017479273595558776,0.0,0.007261583053905719,0.0,0.0,0.0,0.0,0.0,0.06566182903632606,0.0,0.0,0.0,0.013264442152391812,0.0,0.0,0.0,0.0,0.0029167048679591616,0.0,0.0,0.0,0.0,0.0,0.0,0.004764598101371616,0.0,0.0,0.0,0.007261583053905719,0.0,0.0,0.0,0.0,0.0,0.0,0.0,0.0,0.0,0.0,0.0,0.0,0.0,0.0,0.0,0.0,0.0,0.0,0.00855566555780018,0.0,0.0,0.0,0.0,0.0,0.0,0.0,0.0,0.0,0.0,0.0,0.0,0.0,0.0,0.0,0.0,0.0,0.0,0.0,0.0,0.0,0.0,0.0,0.0,0.0,0.0,0.0,0.0,0.0,0.0,0.0,0.0,0.0,0.0,0.0,0.0,0.0,0.0,0.0,0.0,0.0,0.0,0.0,0.0,0.0,0.0,0.0,0.0,0.0,0.0,0.0,0.0,0.0,0.0,0.0,0.0,0.0,0.0,0.0,0.0,0.0,0.0,0.0,0.0,0.0
GAATCTGAACATTCTC-1,1.266367906718949,0.6237859170120377,0.4309883493972536,0.2650187036616814,0.06841843540330253,0.22426910072156497,0.022366253363674246,0.0,0.008122153229985355,0.0,0.103378046205199,0.008060355834011537,0.0271722710890662,0.0,0.0,0.0,0.0,0.01612867990979796,0.0,0.0053771141954624836,0.006261065195081629,0.0567574951192686,0.0016962097724757116,0.011344701555511377,0.0,0.0,0.008366911762603615,0.0006109467654569237,0.00680706617922693,0.0019957098839236947,0.0,0.0,0.004106676169581714,0.005480504633194901,0.014661748392644213,0.0,0.0,0.0,0.013816195963222462,0.0,0.0,0.0,0.004971828951479862,0.0012571332878648332,0.0,0.0019957098839236947,0.005788289112440103,0.0,0.0042926534959441855,0.009497575449580258,0.0,0.004037209541995494,0.005696300295161017,0.004221324366334245,0.002378437671454547,0.004119753439385709,0.0,0.0,0.0,0.009189003548932118,0.0,0.0,0.0,0.0,0.004373273624987033,0.0,0.0,0.0,0.0,0.0,0.0,0.0,0.0,0.0,0.002861470658210694,0.0,0.0,0.002915247339887061,0.0,0.0007874208117388721,0.0,0.0,0.0015748416234777443,0.0,0.0,0.0,0.0009957751855804817,0.0,0.002414248059917926,0.0,0.0,0.0,0.0,0.0037727925977308722,0.0,0.0,0.0,0.0,0.0,0.0,0.0,0.0,0.0,0.0,0.0012860593149606199,0.0,0.0,0.0,0.0,0.0,0.0,0.0,0.0,0.0,0.0,0.0,0.0,0.0,0.0
GAATTATAGTGAAAGG-1,0.09705306789820659,0.0,0.04427017914171262,0.03477476445289083,0.0,0.0840014506993946,0.0,0.0,0.0,0.0,0.0,0.0,0.0,0.0,0.0,0.0,0.0,0.0,0.0,0.0,0.0,0.0007823589572806958,0.0,0.0,0.009113085526815844,0.0,0.0,0.0,0.0,0.0,0.0,0.0,0.0,0.0,0.0,0.0,0.0,0.0,0.0,0.0,0.010117417959204043,0.0,0.0,0.0,0.0,0.0,0.0,0.0,0.0,0.0,0.0,0.0,0.007354079447359939,0.0,0.0,0.0,0.0,0.0,0.007354079447359939,0.0,0.0,0.0,0.0,0.0,0.0,0.0,0.0,0.0,0.0,0.0,0.0,0.0,0.0,0.0,0.0,0.0,0.0,0.0,0.0,0.0,0.0,0.0,0.0,0.0,0.0,0.0,0.0,0.0,0.0,0.0,0.0,0.0,0.0,0.0,0.0,0.0,0.0,0.0,0.0,0.0,0.0,0.0,0.0,0.0,0.0,0.0,0.0,0.0,0.0,0.0,0.0,0.0,0.0,0.0,0.0,0.0,0.0,0.0,0.0
GAATTCACCCGGGTGT-1,0.5061493682922903,0.5216196461998399,0.025715618281253006,0.03698180018281319,0.06270881768506731,0.0,0.012313401197813698,0.0,0.03232374376966506,0.02326616271093631,0.0,0.0369255899722887,0.003366011334910426,0.043655990243306485,0.0,0.0,0.0,0.0,0.011832546058895617,0.006540475226951216,0.0,0.0,0.0,0.0,0.0,0.0,0.0,0.0,0.009492646450663172,0.0,0.0,0.0,0.0,0.0,0.03218000941385419,0.0,0.0,0.0,0.0,0.0,0.0,0.0,0.0013633265714838338,0.0,0.0,0.0,0.006913574238792193,0.0,0.0,0.0,0.0,0.0,0.0,0.004356414770274729,0.0,0.0,0.0,0.0,0.0,0.0,0.0,0.0,0.0,0.0,0.0,0.0,0.0,0.0,0.0,0.0,0.0,0.0,0.0,0.0,0.0,0.0,0.0,0.0,0.0,0.0,0.0,0.0,0.0,0.0,0.0,0.0,0.0,0.0,0.0,0.0,0.0,0.0,0.0,0.0,0.0,0.0,0.0,0.0,0.0,0.0,0.0,0.0,0.0,0.0,0.0,0.0,0.0,0.0,0.0,0.0,0.0,0.0,0.0,0.0,0.0,0.0,0.0,0.0,0.0
GAATTTCTCGCTGCAG-1,0.542385228145253,0.18925401407627865,0.0,0.08676573320196346,0.0378717006591496,0.0,0.05780879947535832,0.0,0.0032427830888410837,0.0,0.0,0.0,0.03267247275750665,0.01879850946299378,0.0,0.0,0.02003537506137458,0.0,0.0,0.0,0.0,0.019788596988384893,0.014027609193440286,0.0,0.0,0.00514016690558329,0.01107923767851597,0.00206270949133583,0.0025325459602695034,0.0,0.004737918385114593,2.5168410184434565e-05,0.004236432343103483,0.0007178493971325749,0.0,0.0,0.0,0.0,0.0,0.0,0.0,0.0023400856781586547,0.0,0.004236432343103483,0.0,0.0,0.0,0.0,0.004140408270775202,0.0,0.0,0.0,0.0,0.004236432343103483,0.0,0.0,0.0,0.0,0.0,0.0,0.0,0.0,0.0,0.0,0.0,0.0010775791965178484,0.0,0.0,0.0,0.0,0.0,0.0,0.0,0.0,0.0,0.0,0.0,0.0,0.0,0.0,0.0,0.0,0.0,0.0,0.000973360443676309,0.0,0.0017333755247519334,0.0,0.0,0.0,0.0,0.0,0.0,0.0,0.012189228600638001,0.0,0.0,0.0,0.0,0.0,0.0,0.0,0.0,0.0,0.0,0.0,0.0,0.0,0.0,0.0,0.0,0.0,0.0,0.0,0.0,0.0,0.0,0.0,0.0
GACAACGCAGCTTACG-1,0.4439070167057829,0.20178320237609082,0.0600932956269906,0.051220508269151185,0.0,0.0,0.0,0.0,0.0,0.0,0.0,0.0,0.04626843933164238,0.0,0.0,0.0,0.0,0.0,0.0,0.0,0.0,0.0,0.020669419079551325,0.0,0.0,0.0,0.0,0.0,0.0032539899451430082,0.0,0.006391541286376127,0.0,0.0,0.0,0.0,0.0,0.0,0.0,0.0,0.0,0.0,0.0,0.0048026318278123195,0.0,0.0,0.0,0.0,0.0,0.0,0.0,0.0,0.0,0.0,0.0,0.0,0.009335583733515507,0.0,0.0,0.0,0.0,0.0,0.013572065534624618,0.0,0.0,0.0,0.0,0.0,0.0,0.0,0.0,0.0,0.0,0.0,0.009335583733515507,0.0,0.0,0.009335583733515507,0.0,0.0,0.0,0.0,0.0,0.0,0.0,0.0,0.0,0.0,0.0,0.0,0.0,0.0,0.0,0.0,0.0,0.0,0.0,0.0,0.0,0.0,0.0,0.0,0.0,0.0,0.0,0.0,0.0,0.0,0.0,0.0,0.0,0.0,0.0,0.0,0.0,0.0,0.0,0.0,0.0,0.0
GACACTGAGTTCAGTG-1,0.408388541015202,0.04636518998919226,0.07683680939200137,0.0,0.10545833738238315,0.0,0.03508767013268861,0.15039082076601287,0.01617392534176432,0.0,0.0,0.01793886021791284,0.0,0.0,0.0,0.0,0.0,0.0,0.0,0.0,0.0,0.0,0.0,0.009757234348040112,0.0,0.008187162789137425,0.0,0.002701260429387028,0.004864761023924542,0.0,0.0,0.0,0.0,0.0031843318736239604,0.0,0.0,0.0,0.0,0.0,0.0,0.0,0.0,0.0,0.0,0.0,0.0,0.0,0.0,0.0,0.0,0.0,0.0,0.0,0.0,0.0,0.0,0.0,0.0,0.0,0.0,0.0,0.0,0.0,0.0,0.0,0.0,0.0,0.0,0.0,0.0,0.008042240410654284,0.0,0.0,0.0,0.0,0.0,0.0,0.0,0.0,0.0,0.0,0.0,0.0,0.0,0.0,0.0,0.0,0.0,0.0,0.0,0.0,0.0,0.0,0.0,0.0,0.0,0.0,0.0,0.0,0.0,0.0,0.0,0.0,0.0,0.0,0.0,0.0,0.0,0.0,0.0,0.0,0.0,0.0,0.0,0.0,0.0,0.0,0.0,0.0
GACAGGCACACACTAT-1,0.49934333855601093,0.07160368316355335,0.25728106199610706,0.09296222652539059,0.11290824148849546,0.0,0.07548878458323698,0.0,0.0,0.0931070167735025,0.0,0.06208402998614469,0.0,0.0,0.0,0.0,0.0,0.0,0.0,0.0,0.0,0.0,0.0,0.0,0.006037926015432984,0.0,0.0,0.0,0.0,0.0,0.0,0.0,0.0,0.005919030776169475,0.0,0.0,0.0,0.0,0.0,0.0,0.0,0.0,0.0,0.0,0.0,0.0,0.0,0.0,0.0,0.0,0.0,0.0,0.0,0.0061169427808112275,0.0,0.0,0.0,0.0,0.0,0.02846855780960321,0.0,0.0,0.0,0.0,0.0,0.0,0.0,0.0,0.0,0.0,0.0,0.0,0.0,0.0,0.0,0.0,0.0,0.0,0.0,0.0,0.0,0.0,0.0,0.0,0.0,0.0,0.0,0.0061169427808112275,0.0,0.0,0.0,0.0,0.0,0.0,0.0,0.0,0.0,0.0,0.0,0.0,0.0,0.0,0.0,0.0,0.0,0.0,0.0,0.0,0.0,0.0,0.0,0.0,0.0,0.0,0.0,0.0,0.0,0.0,0.0
GACATCGATTTATAAC-1,0.25051851178732526,0.04955338717167811,0.08639531872458657,0.015415765833660982,0.004003164037870402,0.005371441415729712,0.06425748219758029,0.10579091610849863,0.0,0.020929498256859053,0.04158257358819613,0.0174237589950721,0.02154983301805412,0.01709121054628129,0.01937240674732227,0.0,0.0,0.0005275794768477997,0.0,0.012871444061436319,0.0027746062179177457,0.0,0.0,0.0,0.008075003773439194,0.0,0.0,0.0,0.01087080423838715,0.004727481141982286,0.002584429275244461,0.002585943779401304,0.0,0.0032781293137201994,0.010227904367399563,0.0,0.0,0.0,0.0,0.0,0.0,0.0,0.002943537641802351,0.0,0.0,0.0,0.0,0.0,0.0,0.0005275794768477997,0.0,0.0029388455408120616,0.004081399137283823,0.0005275794768477997,0.0,0.0,0.0,0.0,0.0,0.0,0.0,0.0,0.0,0.0,0.001534694023624794,0.0,0.0,0.0,0.0,0.0,0.0,0.0,0.0,0.0,0.0,0.0,0.0,0.0,0.0,0.0,0.0012973197094535162,0.0,0.0010551589536955993,0.0,0.0,0.0,0.0,0.0,0.0,0.0,0.0,0.0,0.0,0.0,0.0,0.0,0.0,0.0,0.0,0.0,0.0,0.0,0.0006125344107361279,0.0,0.0,0.0,0.0,0.0,0.0,0.0,0.0,0.0,0.0,0.0,0.0,0.0,0.0,0.0,0.0
GACCGACTGAAGCGTC-1,0.4824248331721267,0.3164650776245327,0.08361879258403727,0.0,0.08179883055149656,0.0,0.0,0.0,0.017332273209412857,0.048234160671282625,0.0,0.018146839704961542,0.032829594406233675,0.0,0.0,0.0,0.0,0.02085206857219826,0.005663477224810378,0.0,0.010800090343108016,0.0,0.0,0.0,0.0,0.0,0.0,0.0029387229251015084,0.001404486897184077,0.0,0.0,0.0028852900629195762,0.0,0.014004980960233603,0.031868015383501425,0.0,0.0,0.0,0.0,0.0,0.0,0.0,0.0,0.0,0.0,0.0,0.0,0.005663477224810378,0.0,0.0,0.0,0.005866233179272583,0.0,0.0,0.0,0.0,0.0,0.005663477224810378,0.0,0.0,0.0,0.0,0.0,0.0,0.0,0.0,0.0,0.0,0.0,0.0,0.0,0.0,0.0,0.0,0.0,0.0,0.0,0.0,0.0,0.0,0.0,0.0,0.0,0.0,0.0,0.0,0.0,0.0,0.0,0.0,0.0,0.007322966028225646,0.0,0.0,0.0,0.0,0.0,0.0,0.0,0.0,0.0,0.0,0.0,0.0,0.0,0.0,0.0,0.0,0.0,0.0,0.0,0.0,0.0,0.0,0.0,0.0,0.0,0.0,0.0
GACCGTGCTGACGGTG-1,0.7063482992281772,0.07099770186315538,0.0,0.0,0.187664944765579,0.0,0.05237158280209688,0.006123166420937798,0.002493569111317263,0.0,0.0,0.055671757930304475,0.0,0.017833292417671086,0.0,0.0,0.0,0.0,0.0,0.0,0.018536531313146594,0.0,0.0,0.0,0.0,0.0,0.0,0.0,0.0,0.0,0.0020232721990962464,0.0,0.0,0.0,0.0,0.0,0.0,0.010430060734069,0.0,0.0,0.0,0.0,0.007364850434061813,0.0,0.0,0.0,0.0,0.0,0.014070040615361571,0.0,0.0,0.0,0.0,0.007364850434061813,0.0,0.007364850434061813,0.0,0.0,0.0,0.0,0.0,0.0,0.0,0.0,0.0,0.0,0.0,0.0,0.0,0.0,0.0,0.0,0.0,0.0,0.0,0.0,0.0,0.0,0.0,0.0,0.0,0.0,0.0,0.0,0.0,0.0,0.0,0.0,0.0,0.0,0.0,0.0,0.0,0.0,0.0,0.0,0.0,0.0,0.0,0.0,0.0,0.0,0.0,0.0,0.0,0.0,0.0,0.0,0.0,0.0,0.0,0.0,0.0,0.0,0.0,0.0,0.0,0.0,0.0
GACGCCGTAAAGGCTA-1,1.0952720643144092,0.5397538737753802,0.22975292794267085,0.05301777124803513,0.08480508576408874,0.10383674211786566,0.05252133784608008,0.059913233783785255,0.0033659875907342054,0.00663313234251003,0.0,0.03392686312133373,0.028924755054453473,0.008701124147463834,0.012361334032736199,0.033782235481346595,0.0261390235885805,0.001737239716281001,0.004134452757788262,0.010776858208020641,0.0,0.03670424728674809,0.0,0.0,0.009917580015163968,0.0,0.0032251200012877296,0.007896395890016944,0.011046885226758845,0.0,0.004186654624577206,0.0018473406540229476,0.0,0.003524510404438143,0.0,0.0,0.00911283309569872,0.0035446953276076056,0.0020075960579010095,0.024307620284411538,0.0,0.005985610171614463,0.0013403324411450218,0.002824474769986581,0.0,0.0018723438284500593,0.0,0.0,0.010382429690203006,0.0,0.0,0.0,0.0,0.0,0.0029585764704351406,0.0,0.004318228601907486,0.0,0.0,0.0,0.0,0.0,0.0,0.0,0.0,0.0,0.0,0.0,0.0,0.0,0.0,0.0,0.001258808709777248,0.0,0.0,0.0015604445461182125,0.0,0.0,0.0,0.0,0.0006277176406964036,0.0,0.0012568684461879808,0.0,0.0,0.0,0.00027919785038840674,0.0,0.0,0.0,0.0,0.0,0.0,0.0,0.0,0.0,0.0,0.0,0.0,0.0,0.0,0.0,0.0,0.0023301422473411505,0.0,0.0,0.0,0.0,0.0,0.0,0.0,0.0,0.0,0.0,0.0,0.0,0.0,0.0,0.0
GAGAATCTCACGATCA-1,0.017814015105344416,0.0019514386060034276,0.0,0.0016535782710220125,0.0009874469818068488,0.0,0.0036576556123653543,0.0,0.0,0.0005430483858808988,0.0,0.0,0.0006131096162594609,0.015233385074272115,0.0,0.0,0.024293349247615448,0.0006144597531670372,0.0,0.004031941241246887,0.0,0.0,0.0,0.0003693594004618392,0.005073646370609438,0.0,0.0,0.0007339192319503232,0.00012339898140843272,0.01088282834297914,0.0,0.0015097935679375197,0.0,0.001951507418990908,0.0,0.0,0.0,0.0,0.0,0.0,0.0,0.0008846098838244786,0.0022301565405497105,0.0,0.0,0.0,0.002506138725636639,0.0,0.0,0.0,0.00021663497962333455,0.0,0.0007034919925777026,0.0,0.0,0.0,0.0,0.0,0.0,0.0,0.0,0.0,0.0,0.0,0.0,0.0,0.0,0.0,0.0,0.0,0.0,0.0,0.0,0.0,0.0,0.0,0.0,0.0,0.0,0.0,0.0,0.0,0.0008392988089449321,0.0,0.0,0.0,0.0,0.0,0.0014053440276715309,0.0,0.0,0.0,0.0,0.0,0.0,0.0,0.0,0.0,0.0,0.0,0.0,0.0,0.0,0.0,0.0,0.0,0.0,0.0,0.0,0.0,0.0,0.0,0.0,0.0,0.0,0.0,0.0,0.0,0.0
GAGACTTCGCGACCGA-1,0.6862376790778917,0.18941236575291198,0.20156535802917713,0.051914470187252613,0.014387084017909795,0.03810152261766509,0.07480912320231979,0.0,0.03705560423857726,0.00717727909838639,0.0,0.0,0.006668630887471519,0.0,0.0,0.0,0.0,0.0010502850737196426,0.0059642896527877,0.0,0.009439870596619696,0.0,0.011066898220371046,0.0,0.005714528237119244,0.0024036409869985825,0.0047042184988497415,0.009179120866156954,0.008349417644924912,0.0,0.0032742295175535764,0.0005765696271211886,0.0016777255309549076,0.003424467252356032,0.007430872894143158,0.007667540475054247,0.026909319734304233,0.005096808331738915,0.0,0.0,0.0,0.0017448874901960845,0.0,0.006553156126607175,0.0,0.0,0.0,0.006350410567225219,0.0,0.004264884417498695,0.0,0.0,0.002161420508792192,0.001080710254396096,0.0,0.006880252741104101,0.0027091066919720332,0.0,0.0,0.0017955933281300807,0.0,0.0,0.0,0.0,0.0,0.0,0.0,0.0,0.0,0.0,0.0,0.0,0.0,0.0,0.0,0.0,0.0,0.0,0.0,0.0,0.0,0.0,0.0,0.0,0.0,0.0,0.0,0.001080710254396096,0.0,0.0,0.0,0.0,0.0,0.0,0.0,0.0,0.0,0.0017713493911366085,0.0,0.0,0.001080710254396096,0.0,0.0,0.0,0.0,0.0,0.0,0.0,0.0,0.0,0.0,0.0,0.0,0.0,0.0,0.0,0.0,0.0,0.0
GAGAGGGCGCGAGGTT-1,0.16609526178240405,0.18922193817896818,0.09764658905333146,0.0,0.0,0.12139726870566145,0.0,0.0,0.0,0.0,0.0,0.0,0.003952136086793641,0.01305413554936106,0.0,0.0,0.0,0.010626107515720403,0.0,0.0033397246713835816,0.01299946052088346,0.0,0.0,0.0,0.0,0.0,0.0,0.0,0.0,0.0,0.0,0.0,0.0,0.0,0.0,0.0,0.0,0.0,0.0,0.0,0.0,0.0,0.0,0.0,0.0,0.0,0.0,0.0,0.0,0.0,0.0,0.0,0.0,0.009080511958071035,0.0,0.0,0.0,0.009080511958071035,0.0,0.0,0.0,0.0,0.009080511958071035,0.0,0.0,0.0,0.0,0.0,0.0,0.0,0.0,0.009080511958071035,0.0,0.013297121329199583,0.0,0.0,0.0,0.0,0.0,0.0,0.0,0.0,0.0,0.0,0.0,0.0,0.0,0.0,0.0,0.0,0.0,0.0,0.0,0.0,0.0,0.0,0.0,0.0,0.0,0.0,0.0,0.0,0.0,0.0,0.0,0.0,0.0,0.0,0.0,0.0,0.0,0.0,0.0,0.0,0.0,0.0,0.0,0.0,0.0
GAGAGGTGCATTCTGG-1,0.5622758103398652,0.41107550091376294,0.1238676070138517,0.040031871442956724,0.05417528732273082,0.0,0.04194742506119316,0.10076208808014489,0.014837549419690708,0.0,0.0,0.0,0.0,0.016037029984604337,0.0,0.0,0.0,0.0,0.009585445275397543,0.007482679807653415,0.016866122439946618,0.0,0.024691460319093906,0.0,0.0,0.0,0.0,0.0,0.0,0.0,0.006916911697460017,0.0,0.00791138120605883,0.0,0.0,0.0,0.0,0.0,0.0,0.0,0.0,0.0008872864908544921,0.0,0.0,0.0,0.0,0.0,0.0,0.01126215246084485,0.0,0.0,0.012894115043988186,0.0,0.0,0.0,0.0,0.0,0.0,0.0,0.0,0.0,0.0,0.0,0.0,0.0,0.0,0.0,0.0,0.0,0.0031196168774124465,0.0,0.0,0.0,0.0,0.0,0.0,0.0,0.0,0.0,0.0,0.0,0.004522005346162168,0.0,0.0,0.0,0.0,0.0014308433972501974,0.0,0.0,0.0,0.0,0.0,0.0,0.0,0.0,0.0,0.0,0.0,0.0,0.0,0.0,0.0,0.0,0.0,0.0,0.0,0.0,0.0,0.0,0.0,0.0,0.0,0.0,0.0,0.0,0.0,0.0,0.0,0.0
GAGGCTATCAAAGTCG-1,0.5218076940340081,0.3355292390310172,0.057044450291891216,0.10376429443547543,0.0,0.26639918396458134,0.0,0.020783944535044882,0.029822662894685412,0.002442991228654825,0.0,0.028932839141930605,0.0023612958114028614,0.022182506860437948,0.0,0.0,0.0,0.03726393154243636,0.01152255658147424,0.0,0.0,0.0,0.0,0.0,0.0,0.0428849186542318,0.0,0.0,0.016303355944084257,0.0,0.006247398377612526,0.0,0.0,0.0023414888921364408,0.0,0.01880183287097036,0.0,0.0,0.0,0.0,0.0,0.0,0.0,0.0,0.0,0.0,0.0022476720474249147,0.0,0.0,0.004947151911917736,0.0,0.0,0.0,0.0,0.0,0.0,0.0,0.0,0.0,0.0,0.0,0.0,0.0,0.0,0.0,0.0023612958114028614,0.0,0.0,0.0,0.0,0.004947151911917736,0.0,0.0,0.0,0.0,0.0,0.0,0.0,0.0,0.0,0.0,0.0,0.0,0.0,0.0,0.0,0.0001511912415976747,0.0,0.0,0.0,0.0,0.0,0.0,0.0,0.0,0.0,0.0,0.0,0.0,0.0,0.0,0.0,0.0,0.0,0.0,0.0,0.0,0.0,0.0,0.0,0.0,0.0,0.0,0.0,0.0,0.0,0.0,0.0,0.0
GAGTATGCCCGCCTTG-1,0.5821580916777354,0.40349089123912724,0.1160831073634035,0.028838036041279977,0.0,0.08011235298389903,0.15464216229958097,0.03413249001652688,0.011856441470396478,0.18419382082165398,0.11380231567647636,0.0,0.010491400916323817,0.0,0.0,0.0,0.0,0.0052741971960876925,0.0,0.015745244965354475,0.011677452083090827,0.0,0.004285618381326396,0.01661115494014775,0.0022375544159744043,0.006432015275102072,0.0,0.010814784564519479,0.008185244300588264,0.0,0.0053960800541042325,0.0009698242450200282,0.004543521885675482,0.0044701906689288,0.0,0.019341909906925855,0.02817345784218978,0.013483923311767143,0.003911441285138031,0.0,0.0,0.00341042829832553,0.0,0.002271760942837741,0.0,0.0,0.0,0.0,0.0,0.00467115625396285,0.0,0.021138301381276852,0.002271760942837741,0.0,0.0,0.005544293809862072,0.0,0.0,0.0,0.0,0.007709919029969674,0.0,0.0,0.0,0.0,0.0,0.0,0.0,0.0,0.0,0.0,0.0,0.0,0.0,0.0,0.0,0.0,0.0,0.0,0.0,0.0,0.0,0.0,0.0,0.0,0.0,0.0,0.0,0.0,0.0,0.0,0.0,0.0,0.0,0.0,0.0,0.0,0.0,0.0,0.0,0.0,0.0,0.0,0.0,0.0,0.0,0.0,0.0,0.0,0.0,0.0,0.0,0.0,0.0,0.0,0.0,0.0,0.0,0.0
GAGTCAGACCAGAATC-1,0.10713941863041297,0.09096663577146924,0.0,0.0012420630062666444,0.0005980441952360071,0.0008534187753219639,0.00666428595871796,0.0013845443483767208,0.0,0.00030016528032413296,0.0,0.0,0.010412001906208126,0.01426101711917596,0.013318399993140266,0.0,0.04574984163941973,0.0019775136239504176,0.0,0.015609931503389383,0.006932996877959941,0.0,0.0,0.0019282502151697783,0.016107772955875514,0.008937078042779208,7.539339292112228e-05,0.0,0.00028750087879098686,0.0,0.0016949366787733264,0.020236212319154633,0.000295860405524059,0.0002450384674817726,0.0,0.001804271174880307,0.0,0.00031779616278199894,0.0,0.0,0.0,0.0063812699659379956,0.003662131320345645,0.0,0.0,0.0,0.0,0.000156223515186396,0.0,0.0006180750011587624,0.0028234310975134283,0.0001612651054188685,0.0018358098446469469,0.0,0.0008828104138732516,0.0006725698553959553,0.0003106347936411878,0.0,0.0,0.00117158365314565,0.0003105950295323767,0.0,0.0,0.0,0.0,0.0,0.0,0.0,0.0006737307407371555,0.0004692175845163049,0.0,0.0,0.002504821861568647,0.0,0.0005416545968326802,0.001654500399977333,0.0,0.0,0.0,0.0,0.0007956646279029499,0.0,0.0006790048247876341,0.0,0.0,0.0,2.6503326309042558e-05,0.0,0.002116992279827642,0.0005474459237696351,0.0,4.3829586591639306e-05,0.0,0.0,0.0,0.0,0.0,0.0,0.0,0.0,0.0,0.0,0.0,0.0,0.0,0.0,0.0,0.0,0.00016266847631667003,6.280609668620598e-05,0.0,0.0,8.340565422862665e-05,0.0,0.0,0.0,0.00011541482811552462,0.0,0.00040484666399007033
GAGTCCGCTTACCGGA-1,0.32525501006199736,0.7374362481296886,0.08020674694123088,0.0,0.0,0.0,0.0,0.0,0.008229100812601212,0.0,0.0,0.0,0.01690714066947741,0.0,0.08573287754218867,0.0,0.03488129070840507,0.008794657805529653,0.0,0.014925959219483066,0.010833676697724164,0.0,0.030771123794251412,0.0,0.0,0.0,0.0,0.0007055882195481341,0.018714792846577545,0.004522005346162168,0.0,0.0,0.0,0.0,0.049001725050938735,0.0,0.0,0.0,0.0,0.0,0.0,0.0,0.0031434737938034886,0.004522005346162168,0.0,0.0,0.0,0.0,0.0,0.0,0.0,0.0,0.0,0.0,0.0,0.0,0.0,0.004522005346162168,0.0,0.0,0.0,0.0,0.0,0.0,0.0,0.0,0.0,0.0,0.0,0.0,0.0,0.0,0.0,0.0,0.0,0.0,0.0,0.0,0.0,0.0,0.0,0.0,0.0,0.0,0.0,0.0,0.0,0.0,0.0,0.0,0.0,0.0,0.0,0.0,0.0,0.00719401636991674,0.0,0.0,0.0,0.0,0.0,0.0,0.0,0.0,0.0,0.0,0.0,0.0,0.0,0.0,0.0,0.0,0.0,0.0,0.0,0.0,0.0,0.0,0.0
GATACGATGGGAGTCA-1,0.7120945763781434,0.0,0.0,0.0641117897580761,0.0,0.0,0.0,0.13646201923587545,0.009665998031545107,0.0,0.0,0.0,0.0,0.0,0.0,0.0,0.0,0.0,0.006916101744157758,0.005839930138914758,0.009206650911913996,0.0,0.01369925956640498,0.0,0.0,0.0,0.0,0.0,0.0,0.0,0.0,0.0,0.0,0.0,0.0,0.0,0.015867896420761956,0.0,0.0,0.0,0.0,0.0,0.0,0.0,0.0,0.0,0.0,0.0,0.0,0.0,0.0,0.0,0.0,0.0,0.015867896420761956,0.0,0.0,0.0,0.0,0.0,0.0,0.0,0.0,0.0,0.0,0.0,0.0,0.0,0.0,0.002550123788814205,0.0,0.0,0.0,0.0,0.0,0.0,0.0,0.0,0.0,0.0,0.0,0.0,0.0,0.0,0.0,0.0,0.0,0.0,0.0,0.0,0.0,0.0,0.0,0.0,0.0,0.0,0.0,0.0,0.0,0.0,0.0,0.0,0.0,0.0,0.0,0.0,0.0,0.0,0.0,0.0,0.0,0.0,0.0,0.0,0.0,0.0,0.0,0.0,0.0
GATAGGTAACGTTGAC-1,0.3417045461748609,0.1818437942480297,0.1293327762099107,0.059306169261462746,0.03922532783104662,0.044116599758912745,0.005306174293629599,0.0,0.0,0.0,0.16913642998301617,0.04564376622551419,0.0015278401810858472,0.0,0.057163814794589866,0.0,0.0,0.0,0.0,0.04378736059141486,0.003367813711422345,0.0,0.017197205135685012,0.0,0.00022547956224707843,0.006745414768393066,0.0,0.0,0.005341635119992,0.0031712825030320428,0.0,0.0019280952342901614,0.0,0.0005074928520182702,0.013809481400927902,0.0,0.0011406683712446768,0.0,0.0,0.0,0.0,0.0,0.0006744477503351835,0.0,0.0,0.0033401983215669445,0.0,0.0,0.003819359024370445,0.006852145381107298,0.0003617531222707504,0.0,0.0011406683712446768,0.0,0.0,0.005535001447438463,0.0,0.0,0.0027029809388091548,0.001588970509962923,0.0,0.0,0.0,0.0,0.007407986782189291,0.0,0.0,0.0,0.0,0.0,0.0,0.0,0.0,0.0,0.0,0.0,0.0,0.0,0.0,0.0,0.0,0.0,0.0,0.0,0.0,0.0,0.0,0.0,0.0,0.0,0.0031008840691147833,0.0,0.0,0.0,0.0,0.0,0.0,0.0,0.0,0.0,0.0,0.0,0.0,0.0,0.0,0.0,0.0,0.0,0.0,0.0,0.0,0.0,0.0,0.0,0.0,0.0,0.0,0.0,0.0
GATATGAGACACTAAC-1,0.5989996897886872,0.04903568188912987,0.21378962361623277,0.12269560359001763,0.0,0.0,0.029396047503894535,0.0,0.00401167379816977,0.0,0.0,0.0,0.0,0.0,0.0,0.0,0.0,0.0,0.0,0.0,0.00787602044290694,0.0,0.012166467265094679,0.009188403553104284,0.0,0.0,0.0,0.0,0.0,0.0,0.0,0.0,0.0,0.0,0.0,0.0,0.0,0.0,0.0,0.0,0.0,0.000468927457275625,0.0,0.0,0.0,0.010903070089269279,0.0,0.0,0.0,0.0,0.0,0.0,0.0,0.0,0.0,0.0,0.0,0.0,0.0069452359210239924,0.0,0.0,0.0,0.0,0.0,0.0,0.0,0.0,0.0,0.012707973595233235,0.0,0.0,0.010903070089269279,0.0,0.0,0.0,0.0,0.0,0.0,0.0,0.0,0.003977369164342251,0.0,0.0,0.0,0.0,0.0,7.22306962590121e-05,0.0,0.0,0.0,0.0,0.0,0.0,0.0,0.0,0.0,0.0,0.0,0.0,0.0,0.0,0.0,0.0,0.0,0.0,0.0,0.0,0.0,0.0,0.0,0.0,0.0,0.0,0.0,0.0,0.0,0.0,0.0,0.0
GATATGGATTACGCGG-1,0.892517718974315,0.8783589078780889,0.19846364345518633,0.0821933398926548,0.06988268321934175,0.0,0.04573044642719657,0.005106172047654824,0.08613930231901461,0.012466284495659247,0.0,0.009129143853144764,0.04484775624560338,0.0,0.0,0.0,0.01018633597933219,0.02341643632374383,0.020408957808949513,0.0,0.006601191904390095,0.032170459576856526,0.0,0.0,0.0,0.0,0.0,0.009660079613448998,0.002034788764847838,0.0,0.006197387254045404,0.0,0.0,0.009554212268041387,0.0,0.0,0.0,0.0,0.0,0.0,0.0,0.0006041137951535473,0.0,0.0,0.0,0.0,0.0,0.0,0.0,0.0,0.0009073112317156951,0.0,0.0,0.0,0.0,0.0,0.0,0.0,0.0,0.0,0.0,0.0,0.0,0.0,0.0,0.0,0.0,0.0,0.0,0.0,0.0,0.0,0.0,0.0,0.0,0.0036041318449198034,0.0,0.0,0.0,0.0,0.0,0.0,0.0,0.0,0.0,0.0,0.0,0.0,0.0,0.0,0.0,0.0,0.0,0.00742489677658235,0.0,0.0,0.0,0.0,0.0,0.0,0.0,0.0,0.0,0.003712448388291175,0.0,0.0,0.0,0.0,0.0,0.0,0.0,0.0,0.0,0.0,0.0,0.0,0.0,0.0,0.0
GATCCGGGAATTAACA-1,0.4014331307104354,0.0,0.0,0.0,0.0,0.0,0.0139443724565563,0.0,0.0027780383127312255,0.0,0.0,0.0,0.0,0.0,0.0,0.0,0.0035275722247861078,0.0,0.010210618901885762,0.0,0.0,0.0,0.0,0.0,0.011152381485842064,0.0,0.008710304301198174,0.0,0.0,0.0,0.0,0.0,0.0,0.0,0.0144664878662417,0.0,0.0,0.0,0.0,0.0,0.0,0.0,0.0,0.0,0.0,0.0,0.0,0.0,0.0,0.0,0.0,0.0,0.0,0.008919383921205691,0.0,0.0,0.0,0.0,0.0,0.0,0.0,0.0,0.0,0.0,0.0,0.0,0.0,0.0,0.00444239185708247,0.0,0.0,0.0,0.0,0.0,0.0,0.0,0.0,0.0,0.0,0.0,0.0,0.0,0.0,0.0,0.0,0.0,0.0,0.0,0.0,0.0,0.0,0.008919383921205691,0.0,0.0,0.0,0.0,0.0,0.0,0.0,0.0,0.0,0.0,0.0,0.0,0.0,0.0,0.0,0.0,0.0,0.0,0.0,0.0,0.0,0.0,0.0,0.0,0.0,0.0,0.0
GATCCTCGACACTGGC-1,0.18545988510953929,0.04036673724707808,0.10119496888909876,0.011835732719638215,0.009491206044046244,0.0,0.004477188235317162,0.03545201371709861,0.011232167722686242,0.00690300431558201,0.0194867091447625,0.01696418658404361,0.010805198468366781,0.03728371060127428,0.0,0.0,0.0,0.003398149433492136,0.0,0.006837525933791604,0.006497351684088909,0.0,0.0,0.0,0.00484107314649555,0.0,0.0,0.0014243224280245383,0.0002288732289923861,0.0,0.0018046598946616053,0.00985226428951277,0.0,0.0,0.0,0.0025505468718960977,0.00041800030272033233,0.0,0.0,0.0,0.0,0.0007490676130916616,0.00250635099613811,0.000965827351147222,0.0,0.0,0.0,0.0,0.0,0.0007244299890222229,0.006345694795417237,0.0,0.0022486991019922296,0.0,0.0,0.0,0.0,0.0,0.0,0.0,0.0,0.0,0.0,0.0,0.0,0.0,0.0,0.0,0.0,0.0009213334987553543,0.0,0.0,0.0002584842320804432,0.0,0.0,0.0,0.0,0.0,0.0,0.000240557693357727,0.00023348837071820533,0.0,0.0,0.0,0.0,0.0,0.00044320678143591074,0.0,0.0012874032065640344,0.0,0.0,0.0,0.0,0.0005584417618227848,0.0,0.0,0.0,0.0,0.0,0.0,0.0,0.0,0.0,0.0,0.0,0.0,0.0,0.0,0.0,0.0,0.0,0.0,0.0,0.0,0.0,0.0,0.0,0.0,0.0
GATCGCGGGCTCTCCA-1,0.6645233335507986,0.35443660891921547,0.14266611866481788,0.08871234476287368,0.0,0.1370950459854379,0.06927663654199867,0.0,0.021288713824973025,0.09336326474444442,0.0,0.008184240240771946,0.0,0.0,0.0,0.0,0.0,0.00961711971158059,0.0,0.002305445062547749,0.0,0.0,0.0,0.0,0.0,0.0,0.0,0.004184573765006724,0.0,0.0,0.0031958647170248155,0.0,0.0,0.0,0.0,0.0,0.0,0.0,0.0,0.0,0.030532751521738465,0.0,0.0,0.0,0.0,0.0,0.0,0.0,0.0123222432417679,0.0,0.0,0.0,0.0,0.0,0.0,0.0,0.0,0.0,0.0,0.0,0.0,0.0,0.0055673155036382,0.0,0.0,0.0,0.0,0.0,0.0,0.0,0.0,0.0,0.0,0.0,0.0,0.0,0.0,0.0,0.0,0.0,0.0,0.0,0.0,0.0,0.0,0.0,0.0,0.0,0.0,0.0,0.0,0.0,0.0,0.0,0.0,0.0,0.0,0.0,0.0,0.0,0.0,0.0,0.0,0.0,0.0,0.0,0.0,0.0,0.0,0.0,0.0,0.0,0.0,0.0,0.0,0.0,0.0,0.0,0.0
GATCGGATAGAACCAT-1,0.027132413352570998,0.03597561275655313,0.05308248196204775,0.000865237099511418,0.0022044984034730684,0.0026848626305812032,0.001071709027313556,0.07016617765182061,0.0,0.00027681394857347936,0.0,0.0,0.0047941956210893226,0.01320436494513085,0.0058945007716039825,0.0,0.008365443418442402,0.0004105896714149045,0.0,0.004575475566407406,0.0,0.0,0.0,0.0,0.0020814517145140857,0.0,0.0007950884514399359,7.87808271387846e-05,0.004197035910643779,0.008017105162538635,0.000766500786936398,0.02154732097960816,0.006044609979115051,0.0,0.0,0.000983534093876595,0.0,0.0002895221396303278,0.0007456538102969043,0.0043694426418886875,0.0,0.0031687774404927337,0.0023310633756906812,0.0,0.0,0.0,0.00019907975780297105,0.0,0.0,0.0010715333792662692,0.0026440192575860177,0.0,0.0018099750767057662,0.0,0.0007524279638331342,0.00030010567491733534,0.0009561132088998674,0.00021059395525221142,0.0,0.0,0.0,0.0,0.0,0.0050671490080603995,0.0006074597432277932,0.0,0.0019518731453591924,0.0,0.0,0.0,0.0,0.0,0.0003873280025222882,0.0,0.0,0.0009413284215928003,0.0,0.0,0.0,0.0002658916696086913,0.0009944290705657798,0.0,0.0003114878321727861,0.0,0.00013765733102817749,0.0,0.0009974739816473134,0.0,0.003227102129447862,0.0,0.0,0.0,0.0,0.0,0.0,0.0,0.0,0.0,0.0,0.0,0.0,0.0,0.0,0.0,0.0,0.0,0.0,0.0,0.0,0.0,0.0,0.0,0.0,0.0,0.0,0.0,0.0,0.0,0.0
GATCGTGACTGATATC-1,0.33340598378613995,0.13204831542266585,0.22722675161746633,0.0,0.08940311793031822,0.0,0.0,0.0,0.0,0.0,0.0,0.021600221180247035,0.0,0.0,0.0,0.0,0.0,0.0,0.0,0.016320592754189702,0.013504522485396605,0.0,0.0,0.0,0.0,0.0,0.0,0.0,0.0,0.007860525720340671,0.0,0.0,0.0,0.0,0.0,0.0,0.0,0.0,0.0,0.0,0.0,0.0,0.0,0.0,0.0,0.0,0.0,0.0,0.0,0.0,0.0,0.0,0.0,0.0,0.0,0.0,0.0,0.0,0.0,0.0,0.0,0.0,0.0,0.0,0.0,0.0,0.0,0.0,0.0,0.0,0.0,0.0,0.0,0.0,0.0,0.0,0.0,0.0,0.0,0.0,0.0,0.0,0.0,0.0,0.0,0.0,0.0,0.0,0.0,0.0,0.0,0.0,0.0,0.0,0.0,0.0,0.0,0.0,0.0,0.0,0.0,0.0,0.0,0.0,0.0,0.0,0.0,0.0,0.0,0.0,0.0,0.0,0.0,0.0,0.0,0.0,0.0,0.0,0.0
GATCTTTGCAGGGTAT-1,0.21064907853803055,0.16522087299003468,0.09186114944048196,0.0,0.06660570219421325,0.0,0.047153555041735205,0.0,0.0,0.0,0.0,0.031860154492377765,0.0,0.0,0.0,0.0,0.0,0.0,0.034178344421865806,0.003006171051407869,0.004557307752478372,0.0,0.0,0.0,0.006033211882790227,0.0,0.0,0.002759052677910496,0.0,0.0,0.0,0.008305426885676998,0.0,0.0,0.0,0.0,0.0,0.0,0.0,0.0,0.0,0.0,0.0,0.0,0.0,0.0,0.0,0.0,0.0,0.0,0.0,0.0,0.0,0.006935535010830947,0.0,0.0,0.0,0.0,0.0,0.0,0.0,0.0,0.0,0.0,0.0,0.0,0.0,0.0,0.0,0.0,0.0,0.006935535010830947,0.0,0.0,0.0,0.0,0.0,0.0,0.0,0.0,0.0,0.0,0.0,0.0,0.0,0.0,0.0,0.0,0.0,0.0,0.0,0.0,0.0,0.0,0.0,0.0,0.0,0.0,0.0,0.0,0.0,0.0,0.0,0.0,0.0,0.0,0.0,0.0,0.0,0.0,0.0,0.0,0.0,0.0,0.0,0.0,0.0,0.0,0.0
GATGCGTCCTGCATTC-1,0.4239371424894611,0.21194785966422341,0.307580597598762,0.0789778586482754,0.0,0.0,0.027955953038940048,0.015764225811835862,0.02215471064620893,0.0,0.0,0.00811564815738097,0.05261324555900834,0.0,0.0,0.0,0.018073342294919283,0.010228880958833935,0.004594025741552957,0.0,0.0,0.0,0.0,0.021878819162847674,0.0,0.0,0.0,0.005907367978430706,0.0032731834027639644,0.0,0.0,0.0,0.0,0.00874638866155579,0.0,0.0,0.0,0.0,0.0,0.0,0.0,0.0,0.0,0.0,0.0,0.0,0.010003811173980534,0.0,0.0,0.0,0.0,0.0,0.0,0.004119483993531353,0.0,0.0,0.0,0.0,0.0,0.0,0.0,0.0,0.0,0.0,0.0,0.0,0.0,0.0,0.0,0.0,0.0,0.0,0.0,0.0,0.0,0.0,0.0,0.0,0.0,0.0,0.0,0.0,0.0,0.0,0.0,0.0,0.0,0.005540764619866026,0.0,0.0,0.0,0.0,0.0,0.0,0.0,0.0,0.0,0.0,0.0,0.0,0.005540764619866026,0.0,0.0,0.0,0.0,0.0,0.0,0.0,0.0,0.0,0.0,0.0,0.0,0.0,0.0,0.0,0.0,0.0,0.0
GATGTTCAATCCACGA-1,0.04258850446438413,0.31061764088838645,0.0,0.028012153464093446,0.0,0.0,0.0,0.0,0.01639481353404322,0.0,0.0,0.008404962401946622,0.0,0.0,0.0,0.0,0.0,0.0,0.0,0.0,0.0,0.0,0.0,0.0,0.0,0.0,0.0,0.0,0.0,0.0,0.0,0.0,0.007872676577394438,0.016504992076684273,0.0,0.0,0.0,0.0,0.0,0.0,0.0,0.0,0.0,0.0,0.0,0.0,0.0,0.0,0.0,0.0,0.0,0.0,0.0,0.0,0.009757109596679135,0.0,0.0,0.0,0.0,0.0,0.0,0.0,0.0,0.0,0.0,0.0,0.0,0.0,0.0,0.0,0.0,0.0,0.0,0.0,0.0,0.0,0.0,0.0,0.0,0.007872676577394438,0.0,0.0,0.0,0.0,0.0,0.0,0.0,0.0,0.0,0.0,0.0,0.0,0.0,0.0,0.0,0.0,0.0,0.0,0.0,0.0,0.0,0.0,0.0,0.0,0.0,0.0,0.0,0.0,0.0,0.0,0.0,0.0,0.0,0.0,0.0,0.0,0.0,0.0,0.0
GATTACTGAATTTGGG-1,0.2843658968457946,0.0,0.086118450076738,0.0,0.0,0.1461203395428941,0.04103873226792018,0.0,0.0,0.0,0.0,0.0,0.0,0.0,0.0,0.0,0.012656687468193801,0.0,0.0,0.0,0.0,0.0,0.0,0.0,0.0,0.0,0.0,0.0,0.0,0.0,0.0,0.0,0.0,0.0,0.0,0.0,0.0,0.0,0.015868533206835577,0.0,0.0,0.0,0.0,0.0,0.0,0.0,0.0,0.0,0.0,0.0,0.0,0.0,0.0,0.0,0.0,0.0,0.0,0.0,0.0,0.0,0.0,0.0,0.0,0.0,0.0,0.0,0.0,0.0,0.0,0.0,0.0,0.0,0.0,0.0,0.0,0.0,0.0,0.0,0.0,0.0,0.0,0.0,0.0,0.0,0.0,0.0,0.0,0.0,0.0,0.0,0.0,0.0,0.0,0.0,0.0,0.0,0.0,0.0,0.0,0.0,0.0,0.0,0.0,0.0,0.0,0.0,0.0,0.0,0.0,0.0,0.0,0.0,0.0,0.0,0.0,0.0,0.0,0.0,0.0
GATTCCTATACGGCGC-1,0.8667420906088293,0.8207087204127351,0.03908825312961403,0.033284158274885345,0.08357742704842261,0.0,0.0,0.014534816033398533,0.06324177378058672,0.009040598990159436,0.06602832281748783,0.0,0.028800521995812796,0.01793178475480948,0.0,0.1356740824963342,0.013251187014376333,0.05436076478846124,0.009616827491276582,0.0,0.0,0.01513315647001889,0.0,0.017708202552511553,0.0,0.0,0.0,0.02255783167936463,0.004293265196236715,0.0010927688172841382,0.018171782813328628,0.0,0.0026105772861625526,0.0027992425892059396,0.0,0.007969665049791722,0.0,0.03152295819834235,0.0,0.0,0.0,0.0007894017486372553,0.005622445171033961,0.011132383680247049,0.0,0.003703244723980576,0.005004083550191686,0.005423709001868657,0.0,0.0,0.0,0.007028584726712835,0.0,0.0,0.0,0.0,0.0,0.0026105772861625526,0.0,0.0,0.0,0.0,0.0,0.0,0.0,0.00382695091236529,0.0,0.018996759679492888,0.0,0.0,0.0,0.0,0.0,0.0,0.0001812054424296152,0.0,0.0,0.0,0.0,0.0,0.0010927688172841382,0.0,0.0,0.0,0.0,0.0,0.0,0.0024235811539430057,0.0,0.0,0.0,0.0021088482616363593,0.0,0.0,0.0,0.0,0.0,0.0,0.0,0.0,0.0010927688172841382,0.0,0.0,0.0,0.0,0.0,0.0,0.0,0.0,0.0,0.0,0.0,0.0,0.0,0.0,0.0,0.0,0.0,0.0
GATTCGACGGTTCACG-1,0.49083018911479936,0.10282021679964752,0.22763004197153755,0.14899525638194325,0.1502188208184405,0.0,0.0,0.0,0.0,0.0,0.0,0.019897327524644473,0.0,0.0,0.0,0.0,0.0,0.0,0.011403443040421566,0.011137131779807444,0.0,0.061153420536929334,0.0,0.0,0.0,0.0,0.0,0.0,0.0,0.0,0.0,0.0,0.0,0.0,0.00558532879479285,0.0,0.0,0.0,0.0,0.0,0.0,0.0,0.0,0.0,0.0,0.0,0.0,0.0,0.0,0.0,0.0,0.0,0.0,0.0,0.0,0.0,0.0,0.0,0.007529885708803499,0.0,0.0,0.0,0.0,0.0,0.0,0.0,0.0,0.0,0.0,0.0,0.0,0.0,0.0,0.0,0.0,0.0,0.0,0.0,0.0,0.0,0.0,0.0,0.0,0.0,0.0,0.0,0.0,0.0,0.0,0.0,0.0,0.0,0.0,0.0,0.0,0.0,0.0,0.0,0.0,0.0,0.0,0.0,0.0,0.0,0.0,0.0,0.0,0.0,0.0,0.0,0.0,0.0,0.0,0.0,0.0,0.0,0.0,0.0,0.0
GCAAATATTACGCTTT-1,0.10975388437866845,0.0,0.03187120447274845,0.030063034607021314,0.042096725428715835,0.0,0.0,0.0,0.004870359544745022,0.0,0.0,0.0,0.0,0.0,0.0,0.0,0.0,0.0,0.0,0.01056290499632558,0.0,0.0,0.0,0.0,0.0,0.0,0.0,0.0,0.0,0.0,0.0,0.0,0.0,0.0,0.0,0.0,0.0,0.0,0.0,0.0,0.0,0.0,0.0,0.0,0.0,0.0,0.0,0.0,0.008025404476463226,0.0,0.0,0.0,0.0,0.0,0.0,0.0,0.0,0.008025404476463226,0.0,0.0,0.0,0.0,0.0,0.0,0.0,0.0,0.0,0.0,0.0,0.0,0.0,0.0,0.0,0.0,0.0,0.0,0.0,0.0,0.0,0.0,0.0,0.0,0.0,0.0,0.0,0.0,0.0,0.0,0.0,0.0,0.0,0.0,0.0,0.0,0.0,0.0,0.0,0.0,0.0,0.0,0.0,0.0,0.0,0.0,0.0,0.0,0.0,0.0,0.0,0.0,0.0,0.0,0.0,0.0,0.0,0.0,0.0,0.0,0.0
GCAACACACTAGAACT-1,0.0017604132169201107,0.005537581496447052,0.0,0.0,0.0010222041341554934,0.0,0.0030952664822336854,0.0027060311564468956,0.0005578962734001847,0.0011334922721739703,0.0,0.0,0.006456422630384797,0.004767527439391832,0.011680803489285982,0.0,0.06021578344391048,0.0,0.0,0.021075681788557524,0.0,0.005783944276977437,0.0,0.0010428255841733545,0.01519948999465511,0.0,0.0,0.0001732470434831432,0.000489763827543826,0.0,0.0019683575505642734,0.007246055289335137,0.0,0.00019926114913289576,0.0,0.0009469792355679203,6.021580310503568e-05,8.6253875028458e-05,0.0,0.0,0.0,0.0003068313234894564,0.0013767441541424161,0.0,0.0,0.0,0.0,0.0,0.0,3.010790155251784e-05,0.0010209796609119547,0.0001167234098803366,0.0016320387313109724,0.0,5.693940370378181e-05,0.0,0.0003946292751842393,0.0,0.0,0.0,0.0021423408327119267,0.0,0.0,0.005365905837625293,0.0,0.0001583892320541042,0.0,0.0,0.0,0.0004518840655066351,0.0,0.0,0.0018911445038220982,0.0,0.0,0.0,0.0,0.0,0.0,0.0011894746854923452,0.0013743780634841154,0.0,0.0,0.0,0.0,0.0,0.00033467274453004314,0.0,0.0,0.0,0.0,6.021580310503568e-05,0.0,0.0,0.0,0.0,0.0,0.0,0.0,0.0,0.0,0.0,0.0,7.9538928014658e-05,0.0,0.0,0.0,0.0,0.0,0.0,0.0,0.0,5.693940370378181e-05,0.0,3.010790155251784e-05,0.0,3.010790155251784e-05,0.0,0.00010316619609445748
GCAACCACGGCCGCGT-1,0.39879360220069854,0.13893279134590947,0.04930045602886597,0.0,0.16229899878851312,0.13694152258928383,0.06184543460920998,0.0,0.012478654427166447,0.0456932509932577,0.0,0.0,0.0,0.0,0.0,0.0,0.02051498672591959,0.004894524807790842,0.005216850426095081,0.0,0.011977022354858768,0.0,0.0,0.013632827764810097,0.0,0.0,0.0,0.0,0.0,0.0,0.007990384385148331,0.0,0.016155731639669692,0.0,0.0,0.0,0.0,0.0,0.0,0.0,0.0,0.0,0.0,0.00424918435397048,0.0,0.0,0.0023429515556867937,0.0,0.010854277919188094,0.0,0.0,0.0,0.0,0.0,0.0,0.0,0.0,0.0,0.0,0.0,0.0,0.0,0.0,0.0,0.0,0.0,0.0,0.0,0.0,0.0,0.0,0.0,0.0,0.0,0.0,0.0,0.005693746108234094,0.0,0.0,0.0,0.0,0.005693746108234094,0.0,0.0,0.0,0.0,0.0,0.0,0.0,0.0,0.0,0.0,0.0,0.0,0.0,0.0,0.0,0.0,0.0,0.0,0.0,0.0,0.0,0.0,0.0,0.0,0.0,0.0,0.0,0.0,0.0,0.0,0.0,0.0,0.0,0.0,0.0,0.0,0.0
GCAAGAATTCCTTGGC-1,0.8351013165880246,0.0,0.29988536495945745,0.0,0.11535482224713513,0.0,0.05511237221368977,0.0,0.0033394525231617974,0.0,0.0,0.0,0.018078619179205363,0.0,0.0,0.0,0.0,0.0,0.0,0.0025306991326661255,0.0,0.0,0.0,0.0,0.0,0.0,0.0,0.0,0.0,0.0,0.006909104227432219,0.0,0.0,0.0,0.0,0.0,0.0,0.0,0.0,0.0,0.0,0.0,0.0,0.0,0.0,0.0,0.005870151655827923,0.0,0.0,0.0,0.0,0.0,0.0,0.0,0.0,0.0,0.0,0.006789740260808653,0.006789740260808653,0.0,0.0,0.0,0.0,0.0,0.0,0.0,0.0,0.0,0.0,0.0,0.0,0.0,0.0,0.0,0.0,0.0,0.0,0.0,0.0,0.0,0.0,0.0,0.0,0.0,0.0,0.0,0.0,0.0,0.0,0.0,0.0,0.0,0.0,0.0,0.0,0.0,0.0,0.0,0.0,0.0,0.0,0.0,0.0,0.0,0.0,0.0,0.0,0.0,0.0,0.0,0.0,0.0,0.0,0.0,0.0,0.0,0.0,0.0,0.0
GCACACGCCCATGGTC-1,0.41420366740625875,0.5315128772755241,0.06396135920901042,0.035365053744683295,0.0007828240529799561,0.004076521968150153,0.036685530826786876,0.02012693460771995,0.0,0.006965944839769191,0.0,0.017283456506716283,0.0015042051882556164,0.008749552205164726,0.0,0.0,0.0067921726902904385,0.004209740982868453,0.0,0.003189580431148218,0.0,0.004746877015317252,0.00890533450435719,0.0009929768978468546,0.004257729719503271,0.0,0.0,0.0013243094345114545,0.00203766059621252,0.0,0.004152446199823605,0.006694312605388529,0.0009302192843840698,0.0019404973243059122,0.0,0.0,0.0006644366323497876,0.0,0.0020438132253590134,0.0,0.0,0.0,0.0030091026417340826,0.0009081282742767336,0.0,0.001982932875182338,0.0069386195953840095,0.0008436681272022996,0.0,0.0,0.003525666833771355,0.0,0.0009716909030926329,0.0,0.0,0.0,0.0,0.0,0.0,0.0,0.0,0.0,0.0,0.0,0.0021346732884775822,0.0006434312420012999,0.0030384799026367156,0.0,0.0,0.0,0.0,0.0,0.0,0.0,0.0007436293161715403,0.0,0.0,0.0012900638298520906,0.0,0.0,0.0005839278696474024,0.0,0.0,0.0,0.0,0.0,0.0,0.0,0.0,0.0027421140737658935,0.0,0.0,0.0,0.0,0.0,0.0,0.0,0.0,0.0,0.0,0.0,0.0,0.0,0.0,0.0,0.0,0.0,0.0,0.0,0.0,0.0,0.0,0.0,0.0,0.0,0.0,0.0,0.0,0.0
GCACGCCTACTTAGAT-1,0.07862525193574474,0.02133021998883376,0.0017182341137473715,0.0008549694484996963,0.000129360786157467,0.0,0.005977478369480028,0.011381035554208174,0.0,0.0012583736031116781,0.0,0.0,0.004607219617394628,0.012326597334094356,0.023833564596819578,0.000381331948792397,0.01282463187722942,0.004623419925434047,0.0,0.04521150278142139,0.013756270703801051,0.0013300443349818756,0.0,0.003622965072719963,0.03010003512249236,0.007530249269603727,6.051447741867702e-05,0.0,0.00034830565086334383,0.002912933905402155,0.0007605620343708792,0.028146712933328592,0.0004905063351488561,0.001560607488336458,0.0,0.0,0.0,0.0015776044653354527,0.014969467145176364,0.0,0.0,0.0005439547986856797,0.0029223004391747505,0.0,0.0,0.0,0.0,8.20173811994698e-05,0.0,5.884248071769923e-05,0.004483832838964899,0.00020719006795267167,0.004286520194501564,0.0,0.0011448812650855932,0.0005035664144067607,0.0008647299380401651,0.0,0.0,0.0003945145118417579,0.0,0.0,0.0,0.0,0.00015780245955812104,0.0,0.0,0.0,0.00047979766148103066,0.0005393335994459503,0.0,0.0,0.002120536859200315,0.0,0.000742000504843866,0.0,0.0,0.0,0.0,0.000641586981476787,0.00013796918395486422,0.0,0.00019356012028788372,0.0,0.0,0.0,0.0,0.0,0.0006847639634044229,0.0005964156341071005,0.0,0.00012620025264250493,0.0,0.0,0.0,0.0,0.0,0.0,0.0,0.0,0.0,0.0,0.0,0.00030333568875983525,0.0,0.0,0.0,0.0,0.0,2.150855367793512e-05,0.0,0.0,0.00020938339792913964,0.0,0.0,0.00026459213079298865,2.150855367793512e-05,0.0003840082045755294,0.0
GCAGATTAGGGATATC-1,0.48411792514746654,0.2492923573411687,0.0,0.05326127938730116,0.0,0.2624597177687649,0.0,0.0,0.0,0.0,0.0,0.02022148137719476,0.0,0.0,0.0,0.0,0.0,0.000872470443437646,0.0044066133465592745,0.0,0.0,0.0,0.0,0.0,0.0,0.0,0.0,0.0,0.0,0.0,0.0,0.0,0.0,0.0,0.01103979475535912,0.0,0.0,0.007795548917353849,0.0,0.0,0.0,0.0,0.0,0.0,0.0,0.0,0.0,0.0,0.0,0.0,0.007165418453043137,0.0,0.0,0.0,0.0,0.0,0.0,0.0,0.0039510189457873535,0.0,0.0,0.0,0.0,0.0,0.0,0.0,0.0,0.0,0.0,0.0,0.0,0.0,0.0,0.0,0.0,0.0,0.0,0.0,0.0,0.0,0.0,0.0,0.0,0.0,0.0,0.0,0.0,0.0,0.0,0.0,0.0,0.0,0.0,0.0,0.0,0.0,0.0,0.0,0.0,0.0,0.0,0.0,0.0,0.0,0.0,0.0,0.0,0.0,0.0,0.0,0.0,0.0,0.0,0.0,0.0,0.0,0.0,0.0,0.0
GCAGGACTATAGAATA-1,0.3531573433333863,0.08232442979822838,0.0858217004366804,0.0,0.0,0.15206522469730538,0.046406611801115175,0.0,0.0,0.0,0.0,0.0,0.04207676395110363,0.0,0.0,0.0,0.0,0.009919932554972154,0.030788238060282316,0.0,0.0,0.0,0.030788238060282316,0.0,0.00652358656361911,0.0,0.0,0.0,0.0,0.0,0.0,0.0,0.0,0.0,0.0,0.0,0.0,0.0,0.0,0.0,0.0,0.0,0.0,0.0,0.0,0.0,0.0,0.0,0.011804846101272864,0.0,0.0,0.0,0.0,0.0,0.0,0.0,0.0,0.0,0.0,0.0,0.0,0.0,0.0,0.0,0.0,0.0,0.0,0.0,0.0,0.007198588521004558,0.0,0.00809313876728444,0.0,0.0,0.0,0.0,0.0,0.0,0.0,0.0,0.0,0.0,0.0,0.0,0.0,0.0,0.0,0.0,0.0,0.0,0.0,0.0,0.0,0.0,0.0,0.0,0.0,0.0,0.0,0.0,0.0,0.0,0.0,0.0,0.0,0.0,0.0,0.0,0.0,0.0,0.0,0.0,0.0,0.0,0.0,0.0,0.0,0.0,0.0
GCATACGAGGTCTTTA-1,0.8311585671668229,0.11151293969756844,0.1254546581391985,0.03521471965912576,0.002572565983825326,0.00785271055194893,0.04319100326938942,0.06161927210856405,0.0042171952321698085,0.0432006741910948,0.0,0.008410362046322638,0.005550775273899414,0.01109888758352439,0.016326819069522967,0.030832818075302196,0.05662843589935099,0.017372433721932208,0.004923321987874024,0.007630145192200908,0.0035336905123945685,0.0,0.0,0.0,0.0,0.0,0.007778938121867465,0.0,0.017003069064720232,0.0,0.0014774076016921087,0.004650073224053163,0.003573920709276612,0.0,0.009316946197384544,0.0022145423147948593,0.0,0.004145732998079349,0.0,0.0,0.0,0.0031422832073977635,0.0006185973298261864,0.0030392265443364144,0.0,0.0008969837352063893,0.0,0.0,0.0,0.0,0.0020511451091785623,0.004737938931594002,0.0,0.0,0.0035954389721841143,0.004325802680326753,0.0,0.0,0.0,0.0,0.0,0.0,0.0,0.0,0.0,0.00018089295127614554,0.005426813565061117,0.0,0.0,0.0,0.0,0.0,0.0,0.0,0.0005681100519729547,0.0015982038128124257,0.0,0.0,0.0027111398477946834,0.0,0.0,0.0,0.000545468412333258,0.0,0.0,0.001302988448278985,0.0005063752345944478,0.0,0.0,0.0,0.0,0.0,0.0024128046368486838,0.0,0.0,0.0,0.0,0.0,0.0,0.0,0.0,0.0,0.0,0.0,0.0,0.0,0.0,0.0,0.0,0.0,0.0,0.0,0.0,0.0,0.0,0.0,0.0008969837352063891,0.0,0.0
GCATAGAGCACTCAGG-1,0.3390688465623717,0.0,0.0,0.07828926318844881,0.0,0.2523145804339462,0.0754131943022418,0.0,0.012064390178563856,0.0,0.0,0.0,0.0,0.0,0.0,0.0,0.0,0.0,0.0,0.0,0.0,0.0,0.0,0.0,0.003708035624592347,0.0,0.0,0.0,0.005050981692107774,0.0,0.0,0.0,0.0,0.00878442854173974,0.0,0.0,0.0,0.0,0.0,0.0,0.0,0.0,0.0,0.005969777796159209,0.0,0.009741864182730627,0.010754232683404842,0.0,0.0,0.0,0.0,0.0,0.0,0.0,0.0,0.0,0.0,0.0,0.0,0.0,0.0,0.0,0.0,0.0,0.0,0.0,0.0,0.0,0.0,0.0,0.0,0.0,0.0,0.0,0.0,0.0,0.0,0.0,0.0,0.0,0.0,0.0,0.0,0.0,0.0,0.0,0.0,0.0,0.0,0.0,0.0,0.0,0.0,0.0,0.0,0.0,0.0,0.0,0.0,0.0,0.0,0.0,0.0,0.0,0.0,0.0,0.0,0.0,0.0,0.0,0.0,0.0,0.0,0.0,0.0,0.0,0.0,0.0,0.0
GCATCCCTAACTTTGA-1,0.06962358125664247,0.008704596813578522,0.00924501206071791,0.0,0.0,0.0,0.02295241684097987,0.0,0.017220930707521467,0.0,0.0,0.0,0.0,0.0,0.0,0.0,0.0,0.005105254213851299,0.0,0.0,0.0,0.0,0.0,0.0,0.0,0.0,0.0,0.0,0.0,0.0,0.0,0.0,0.0,0.0,0.0,0.0,0.0,0.0,0.0,0.0,0.0,0.0,0.0,0.0,0.0,0.015430812725212604,0.0,0.0,0.012483385286980104,0.0,0.0,0.0,0.0,0.0,0.0,0.0,0.0,0.0,0.0,0.0,0.0,0.0,0.0,0.0,0.0,0.0,0.0,0.0,0.0,0.0,0.0,0.0,0.0,0.0,0.0,0.0,0.0,0.0,0.0,0.0,0.0,0.0,0.0,0.0,0.0,0.0,0.0,0.0,0.0,0.0,0.0,0.0,0.0,0.0,0.0,0.0,0.0,0.0,0.0,0.0,0.0,0.0,0.0,0.0,0.0,0.0,0.0,0.0,0.0,0.0,0.0,0.0,0.0,0.0,0.0,0.0,0.0,0.0,0.0
GCATTGTAATTCATAT-1,0.16382365026871257,0.24816090512435135,0.06859897502249937,0.0011178367814704043,0.020319561874600375,0.0,0.05399614461678299,0.0,0.0763736916727279,0.11740835001229973,0.0,0.0,0.004352133625854486,0.0,0.0,0.14574912280995797,0.0,0.0,0.01984326817238802,0.0,0.009067097034502317,0.0,0.0,0.0,0.002246604528209305,0.0,0.0,0.006574909053294707,0.004823668115595538,0.005188494672040819,0.004545393439486,0.0,0.0026010429594401515,0.003556993497698393,0.0,0.0,0.0,0.018217498291568,0.0,0.0,0.0,0.002599484706658947,0.0004048360446611892,0.0,0.0,0.0,0.0,0.006292275325266172,0.01726721065972319,0.0026010429594401515,0.0,0.012194362225085093,0.0,0.0,0.0,0.0,0.02459992298258374,0.005188494672040819,0.0,0.0,0.0,0.0,0.0,0.0,0.0,0.0,0.0,0.0,0.0,0.0,0.0,0.0,0.0,0.0,0.0,0.0,0.0,0.0,0.0,0.0,0.0005049877426146895,0.0,0.0,0.0,0.0,0.0,0.0,0.0,0.0,0.0,0.0,0.0,0.0,0.0026010429594401515,0.0,0.0,0.0,0.0,0.0,0.0,0.0,0.0,0.0,0.0,0.0,0.0,0.0,0.0,0.0,0.0,0.0,0.0,0.0,0.0,0.0,0.0,0.0,0.0,0.0
GCCAACCATTTCCGGA-1,0.17437749737333447,0.14548728146595072,0.14399393079812642,0.03735820489417995,0.0,0.0,0.0,0.04818246774761252,0.0,0.0,0.0,0.0,0.02235499813424954,0.0,0.0,0.0,0.0,0.0,0.016705950522846538,0.0,0.0,0.0,0.0,0.0,0.0,0.0,0.0,0.0,0.0,0.0,0.0,0.0,0.0,0.0,0.0,0.0,0.0,0.0,0.0,0.0,0.0,0.0,0.0,0.0,0.0,0.0,0.0,0.0,0.0,0.0,0.0,0.0,0.0,0.0,0.0,0.0,0.0,0.0,0.0,0.0,0.0,0.0,0.0,0.0,0.0,0.0,0.0,0.0,0.0,0.0,0.0,0.0,0.0,0.0,0.0,0.0,0.0,0.0,0.0,0.0,0.0,0.0,0.0,0.0,0.0,0.0,0.0,0.0,0.0,0.0,0.0,0.0,0.0,0.0,0.0,0.0,0.0,0.0,0.0,0.0,0.0,0.0,0.0,0.0,0.0,0.0,0.0,0.0,0.0,0.0,0.0,0.0,0.0,0.0,0.0,0.0,0.0,0.0,0.0
GCCAATAGGGCATCTC-1,0.34479002380518603,0.07988035196583079,0.11177636459499989,0.03373248253435965,0.07206311030314223,0.0,0.0,0.0,0.023736044273657386,0.005485926324832418,0.0,0.0,0.002762023511574398,0.0,0.0,0.0,0.0091216363481292,0.0,0.0,0.0,0.0,0.0,0.0,0.0,0.0,0.006298066809621543,0.0,0.0,0.0,0.0,0.0,0.0,0.0,0.0,0.0,0.0,0.0,0.0,0.0,0.0,0.00966093590913351,0.0,0.0,0.0,0.0,0.0,0.0,0.009262428442138005,0.0,0.0,0.0,0.0,0.0,0.0,0.0,0.0,0.0,0.007415491976836948,0.0,0.0,0.0,0.0,0.0,0.0,0.0,0.0,0.007962116187190133,0.0,0.0,0.014357177824065452,0.0,0.0,0.0,0.0,0.0,0.0,0.0,0.0,0.0,0.0,0.0,0.0,0.0,0.0,0.0,0.0,0.0,0.0,0.0,0.0,0.0,0.0,0.0,0.0,0.0,0.0,0.0,0.0,0.0,0.0,0.0,0.0,0.0,0.0,0.0,0.0,0.0,0.0,0.0,0.0,0.0,0.0,0.0,0.0,0.0,0.0,0.0,0.0,0.0
GCCACAATTTAAGGAC-1,0.2881076899159871,0.28941204817001265,0.0,0.0,0.0,0.0,0.0,0.0,0.0,0.005087664924528949,0.0,0.0,0.03440739553816511,0.0,0.0,0.0,0.0,0.0,0.0,0.024830979741755077,0.0,0.0,0.00799148975217396,0.0,0.0,0.0,0.0,0.0,0.0,0.011135153451175791,0.0,0.0,0.0,0.0,0.0,0.009080555753045935,0.0,0.0,0.0,0.0,0.0,0.0,0.0,0.0,0.0,0.0,0.0,0.0,0.0,0.0,0.0,0.0,0.0,0.0,0.0,0.0,0.0,0.0,0.0,0.0,0.0,0.0,0.0,0.0,0.0,0.0,0.0,0.0,0.0,0.0,0.0,0.0,0.0,0.0,0.0,0.0,0.0,0.0,0.0,0.0,0.0,0.0,0.0,0.0,0.0,0.0,0.0,0.0,0.0,0.0,0.0,0.0,0.0,0.0,0.0,0.0,0.0,0.0,0.0,0.0,0.0,0.0,0.0,0.0,0.0,0.0,0.0,0.0,0.0,0.0,0.0,0.0,0.0,0.0,0.0,0.0,0.0,0.0,0.0
GCCATCGAGCTGCGTG-1,0.013728615207419284,0.060477289898596714,0.004862897562238481,0.021889659716235212,0.002198327405098015,0.0,0.012182033704323574,0.13252145655069644,0.0,0.005177163182762899,0.005552313727379015,0.025675373564437012,0.010600276180391766,0.0038150773930971,0.002957869513151351,0.0,0.006904131996085174,0.0018998582866887933,0.0,0.0041072084278933,0.0,0.0,0.0,0.0009427290087038005,0.0028364506545217522,0.0,0.0,0.0005526291591619526,0.006443778914591082,0.005196070965200515,0.0013941182364252608,0.009746432417923794,0.0,0.0010576116866282187,0.0,0.0024108074361664416,0.0,0.000959688821670922,0.01408252067315145,0.0,0.0,0.0009417888231252404,0.002903802280295703,0.0,0.0,0.0,0.0,0.0,0.0,0.0013338863099292954,0.0,0.0,0.0004313790085812545,0.0,0.0005048022696849567,0.0,0.0,0.0,0.0026845549149365168,0.0,0.003730519126275906,0.0,0.0,0.0,0.001046123307099219,0.0,0.0,0.0,0.0,0.0,0.0,0.0,0.0,0.0,0.0,0.0005299362991671641,0.0,0.0,0.0,0.0,0.0005608616835136898,0.0,0.0002116567743166325,0.0,0.00016516065796298506,0.0,0.0009807114715635308,0.0,0.0007419264983993141,0.00040456787750390807,0.0,0.0,0.0,0.0,0.0,0.0,0.0,0.0,0.0,0.00042205484805012437,0.0,0.0,0.0,0.0009073846061178311,0.0,0.0,0.0,0.0,0.0,0.0,0.0,0.0,0.0,0.0,8.337711210220698e-05,0.0,0.0,0.0,0.0
GCCCGACTTCTTCCCG-1,0.0537218831535136,0.00993161075694993,0.004136727797114946,0.0004323725899535977,0.0,0.0,0.006018086118584122,0.03835576260463259,0.0,0.0001969984656553601,0.0,0.0,0.013211672379791501,0.0033033792503848825,0.004996286520711118,0.0007838417567340343,0.00428761045653916,0.0,0.0,0.014398303302578495,0.006492671344182887,0.0,0.0,0.00220702695746973,0.003978737407695973,0.017150627097310286,0.0,0.0,0.002683769445380774,0.004473967364522317,0.0009315849580113129,0.012605802606615722,0.0018722851219243942,0.0,0.0,0.0011819606905976103,0.0,0.0004187908705928543,0.016453186918958654,0.016928010630796915,0.0,0.0007895811333568599,0.0015207985862611818,0.0,0.0,0.0,0.0,0.0,0.0,0.0026915446093768378,0.005556321194347349,0.0003732611294440288,0.006921204788454435,0.0,0.0012512351878268177,0.0006377195092459949,0.000639753646547822,0.0,0.0,0.0007231686810614172,0.0,0.0,0.0,0.0,0.00042852504390586546,0.0,0.0,0.0,0.0,0.0,0.0,0.0,0.0009052982315264034,0.0,0.0007114955191689691,0.00043135096599483474,0.0,0.0,0.0,0.0,0.000743521857788723,0.0,0.00018209048567673398,0.0,0.0,0.0,0.0,0.0,0.0,0.0,0.0,0.0,0.0,0.0,0.0,0.0,0.0,0.0,0.0,0.0004261943606097305,0.0,0.0,0.0,0.0,0.0,0.0,0.0,0.0,0.0,0.0,0.0,0.0,0.00014134576505056784,0.0,0.0,0.0,0.0,0.0,0.0
GCCCGATCTGTGGTCG-1,0.26143771078982303,0.0,0.24070677894247727,0.0,0.0,0.0,0.0,0.14567037991301535,0.01505884184493671,0.02755894858625941,0.0,0.028801667714728446,0.02753960234243597,0.0,0.0,0.0,0.0,0.0055029303214317055,0.0,0.0,0.0,0.0,0.0,0.0,0.0,0.008953070228314151,0.0,0.0019829894844037286,0.0019895039767022313,0.0,0.0,0.00018315478684770937,0.0,0.017448916299039132,0.0,0.0,0.0,0.008041364268682703,0.0,0.0,0.0,0.0,0.0,0.0,0.0,0.0,0.0,0.0,0.0,0.0,0.0,0.0,0.006795966152492588,0.0,0.0,0.0,0.0,0.0,0.0,0.0,0.0,0.0,0.0,0.0,0.0,0.0,0.0,0.0,0.0,0.0,0.0,0.0,0.0,0.0,0.0,0.0,0.0,0.0,0.0,0.0,0.0,0.0,0.0,0.0,0.0,0.0,0.0,0.0,0.0,0.0,0.0,0.0,0.0,0.0,0.0,0.0,0.0,0.0,0.0,0.0,0.0,0.0,0.0,0.0,0.0,0.0,0.0,0.0,0.0,0.0,0.0,0.0,0.0,0.0,0.0,0.0,0.0,0.0,0.0
GCCCGCGCGTAAACGG-1,0.816099057177373,0.4411859730224669,0.21834762437883506,0.04656281867779172,0.19298083146283906,0.0,0.009342918053407282,0.0,0.007846262576757836,0.022639539178027402,0.0,0.0,0.07661960570010146,0.03612216649259955,0.0,0.0,0.0,0.0062559772950371625,0.021122765147676435,0.0,0.013094535544066498,0.0,0.009940430613449023,0.018218209460397074,0.002426695941582048,0.0,0.01949327681123236,0.005305573448874435,0.010015838725285997,0.0,0.006195266409667381,0.0,0.0045933477929103175,0.004285955013431211,0.0,0.0,0.0,0.013009047567487827,0.0,0.0,0.0,0.003447230435904248,0.0007735073375176976,0.0,0.0,0.010389485825998987,0.0,0.0051048367922463585,0.0,0.0,0.0,0.02143648802668855,0.0027563531936103474,0.0,0.0,0.0,0.0,0.0,0.0,0.0,0.0,0.0,0.0027563531936103474,0.0,0.0,0.001708497691988456,0.0,0.0,0.0,0.0,0.0,0.0,0.0,0.0,0.00043995803713929354,0.0,0.0,0.0,0.0,0.0,0.0,0.0,0.0,0.0,0.0,0.0,0.0,0.0,0.0,0.0,0.0,0.0,0.0,0.0,0.0,0.0,0.0,0.0,0.0,0.0,0.0,0.0,0.0,0.0,0.0,0.0,0.0,0.0,0.0,0.0,0.0,0.0,0.0,0.0,0.0,0.0,0.0,0.0,0.0
GCCGATTGGCCAAGCT-1,0.4656775673384632,0.3448382346452619,0.06965174275869014,0.02223895938006873,0.026340436999244314,0.014022159725121598,0.0326838016450362,0.0014672482690564056,0.02732996629557887,0.0,0.0,0.0,0.009211289361936117,0.010935130010857438,0.0,0.0,0.015046686753019125,0.008194550017045023,0.0,0.0,0.0030938817432606793,0.01340269377103686,0.028431995627813112,0.0,0.0,0.0,0.00431210167943888,0.0,0.009922510042103181,0.0011855191329273368,0.0,0.0009488160807022061,0.0,0.008818534027080029,0.0022495254331119045,0.0067510461444784614,0.0,0.004952075154736382,0.0,0.0,0.0,0.0,0.001774526009523293,0.0,0.0,0.0,0.0,0.0011855191329273368,0.0,0.0,0.0,0.0,0.0,0.0,0.0,0.0,0.0,0.0,0.0,0.0,0.0,0.0,0.0,0.0,0.0,0.0,0.0,0.0,0.0018194229430767777,0.0,0.0,0.0,0.0,0.0,0.007634395780603393,0.0,0.0,0.0027801056355931746,0.0,0.0,0.0,0.0,0.0,0.0007385796517677758,0.0010744611613681522,0.0,0.0009885384162931343,0.0,0.0,0.0,0.0,0.0,0.0,0.0,0.0,0.0,0.0,0.0,0.0,0.0,0.0,0.0,0.0,0.0,0.0,0.0,0.0,0.0,0.0013649731178424108,0.0,0.0,0.0,0.0,0.0,0.0,0.0,0.0,0.0,0.0
GCCGCATTAGTCCGGC-1,0.5712471881264423,0.27908613380631453,0.1054407061903096,0.04983622022077159,0.0,0.132516874305869,0.0891494341492869,0.0,0.006039138473334119,0.00816878686493662,0.0,0.018764520231907347,0.0,0.0,0.0,0.0,0.0,0.014717290422263836,0.014217644479228138,0.0,0.0,0.0,0.0,0.0,0.0,0.0,0.007687953398198959,0.0,0.006302928003724019,0.005708026833187398,0.003004957176558452,0.0,0.0,0.0,0.022646999759884944,0.012217684540229265,0.0,0.0,0.0,0.0,0.0,0.004552306657472525,0.0,0.003486141826912534,0.0,0.0,0.0,0.0,0.0,0.0,0.0,0.0,0.0,0.0,0.0,0.002943878010652909,0.0,0.0,0.0,0.0,0.0,0.0,0.0,0.0,0.0,0.0,0.0,0.0,0.0,0.0,0.005708026833187398,0.0,0.0,0.0,0.0,0.0,0.0,0.0,0.0041195735032652225,0.0,0.0,0.0,0.0,0.0,0.0,0.0,0.0,0.0,0.0,0.0,0.0,0.0,0.0,0.0,0.0,0.0,0.0,0.0,0.0,0.0,0.0,0.0,0.0,0.0,0.0,0.0,0.0,0.0,0.0,0.0,0.0,0.0,0.0,0.0,0.0,0.0,0.0,0.0,0.0
GCCGCTTGTGAGAAAC-1,0.2633325152481463,0.0412912413070509,0.05646798120465944,0.0,0.055445344249008155,0.0,0.02822376444073962,0.0,0.009969874026469096,0.0,0.0,0.0,0.0,0.0,0.0,0.0,0.0,0.006364901994840952,0.0,0.004644590508364075,0.0,0.0,0.0,0.009418682582360265,0.0,0.0,0.0,0.0,0.0,0.0,0.002840146822999649,0.0,0.008922674119978644,0.0,0.0,0.0,0.0,0.0,0.0,0.0,0.0,0.0,0.0,0.021311378038245846,0.0,0.0,0.0,0.0,0.0,0.0,0.0,0.0,0.0,0.0,0.0,0.0,0.0,0.007103792679415282,0.0,0.0,0.0,0.0,0.0,0.0,0.0,0.0,0.0,0.0,0.0,0.0,0.0,0.0,0.0,0.0,0.0,0.0,0.0,0.0,0.0,0.0,0.0,0.0,0.0,0.0,0.0,0.0,0.0,0.0,0.0,0.0,0.0,0.0,0.0,0.0,0.0,0.0,0.0,0.0,0.0,0.0,0.0,0.0,0.0,0.0,0.0,0.0,0.0,0.0,0.0,0.0,0.0,0.0,0.0,0.0,0.0,0.0,0.0,0.0,0.0
GCCGGGTTAGGGTCGC-1,0.24327658566746893,0.15046511113529001,0.0706237218369878,0.004071814161283132,0.0031721336837243624,0.009322752296646055,0.013341740529894189,0.0,0.006244060290433657,0.0,0.0,0.008383087089514123,0.01898532991453887,0.0,0.0,0.0,0.011799025754201924,0.004130647120950313,0.004325916810939393,0.0034000342496814436,0.0,0.010239187765476056,0.005371149987975077,0.0,0.0009820074125288516,0.0,0.0,0.0,0.017783128469686778,0.0,0.0,0.0,0.0,0.0037175531836397056,0.002854259050348514,0.005762265799470643,0.0,0.007873792086971925,0.0,0.0,0.0,0.0020622069428216923,0.0013017852447529553,0.0,0.0,0.0,0.0,0.0,0.0,0.0,0.0,0.0,0.0023093858189975796,0.0,0.003222261396314128,0.001672242940950426,0.0,0.0,0.0,0.0,0.0,0.0,0.0,0.0,0.0,0.0,0.0,0.0,0.0,0.0,0.0,0.0,0.0,0.0,0.002269461009969224,0.0,0.0,0.0,0.0,0.0006371428780471533,0.0,0.0,0.0,0.001035100062903273,0.0012222972188658215,0.0,0.0,0.0,0.0,0.0,0.0,0.0,0.0,0.0,0.0,0.0,0.0,0.0,0.0,0.0,0.0,0.0,0.0,0.0,0.0,0.0,0.0,0.0,0.0,0.0,0.0,0.0,0.0,0.0,0.0,0.0,0.0,0.0,0.0
GCCTATTCCGATATAG-1,0.9214474511651186,0.701245632172313,0.1933065257852191,0.09262534942734445,0.0,0.0,0.1097819865124884,0.0,0.04312911732216386,0.0,0.0,0.01050838174003121,0.03979353572149396,0.0,0.0,0.0,0.019872713803182132,0.03867046567541168,0.00471554758023567,0.0,0.0,0.023990932978927588,0.008415875539488218,0.023234486526213842,0.0,0.008314891148131581,0.0,0.015171329081901209,0.01183024079317894,0.0,0.0,0.0,0.0,0.004623150212689612,0.023032062583450905,0.0,0.0,0.0,0.0,0.0,0.0,0.0037511237718939627,0.0,0.0035303536253216594,0.0,0.002901792352736056,0.0,0.0,0.0,0.0,0.0,0.0,0.0,0.0015913008598456362,0.0,0.0,0.0,0.0031826017196912725,0.0,0.0,0.0,0.0,0.0,0.0,0.0,0.0,0.0024756412747515212,0.0,0.0,0.0,0.0,0.0,0.0,0.0,0.0004063405794444491,0.0,0.0,0.0,0.0,0.0,0.0,0.0,0.0,0.0,0.0011501651712448235,0.0,0.0,0.0,0.0,0.0,0.0,0.0,0.0,0.0,0.0,0.0,0.0,0.0,0.0,0.0,0.0,0.0,0.0,0.0,0.0,0.0,0.0029725524053514857,0.0,0.0,0.0,0.0,0.0,0.0,0.0,0.0,0.0,0.0,0.0,0.0
GCGAAGCCATACCCGT-1,0.17636181329536363,0.15899197695331752,0.0,0.0,0.15529128129327732,0.0,0.0,0.0,0.0,0.001342585795081448,0.0,0.0,0.0,0.007560923727915091,0.0,0.0,0.0,0.0,0.014354378137586454,0.0,0.0,0.0,0.0,0.0,0.0,0.0,0.0,0.0,0.0,0.007448379032867313,0.0,0.0,0.0,0.0,0.0,0.0,0.0,0.0,0.0,0.0,0.0,0.0,0.0024111071092292958,0.0,0.0,0.0,0.0,0.0,0.0,0.0,0.0,0.0,0.0,0.0,0.0,0.0,0.0,0.0,0.0,0.002181040616803653,0.0,0.0,0.0,0.0,0.0,0.0,0.0,0.0,0.0,0.0,0.0,0.0,0.0,0.0,0.0008644501793696828,0.0,0.0,0.0,0.0,0.0,0.0,0.0,0.0,0.0,0.0,0.0,0.0,0.0,0.0,0.0,0.0,0.0,0.0,0.0,0.0,0.0,0.0,0.0,0.0,0.0,0.0,0.0,0.0,0.0,0.0,0.0,0.0,0.0,0.0,0.0,0.0,0.0,0.0,0.0,0.0,0.0,0.0,0.0,0.0
GCGACGATAGTTGTAC-1,0.7889321339511458,0.36807040118446455,0.0,0.20977653306708163,0.10119069674359685,0.0,0.020014523098147958,0.007998587214511708,0.0,0.013890944174362825,0.25209331645695204,0.04033146142684382,0.0,0.0,0.0,0.0,0.034035004339581856,0.0,0.0,0.0,0.004054100173854122,0.0,0.014613379806945503,0.0,0.0,0.01659517521655761,0.0,0.0,0.0,0.0,0.0,0.001762762515589485,0.003841958670086013,0.0,0.013453884935749057,0.0,0.0,0.0,0.0,0.0,0.0,0.0008604038055797429,0.0,0.0,0.0,0.004446921244233365,0.0,0.0,0.007804035341838784,0.0022234606221166824,0.0,0.0,0.0022234606221166824,0.0,0.0,0.0022234606221166824,0.0,0.0,0.004593580354955839,0.0,0.0,0.0,0.003841958670086013,0.0,0.0,0.0,0.0,0.0,0.0,0.0058463886368676325,0.0,0.0,0.0,0.0,0.0,0.0,0.0,0.0,0.0,0.0,0.0,0.0,0.0032104549868829453,0.0,0.0,0.0,0.0,0.0,0.0,0.0,0.0,0.0,0.0,0.0022234606221166824,0.0,0.0,0.0,0.001009326801945973,0.0,0.0,0.0,0.0,0.0,0.0,0.0,0.0,0.0,0.0,0.0,0.0,0.0,0.0,0.0,0.0,0.0,0.0,0.0,0.0,0.0
GCGAGTTCTGCAAAGA-1,0.5763433610149022,0.4827732991133717,0.030988385033160516,0.027072590739963372,0.002824550329867429,0.03212305725938214,0.0514255686714946,0.051196013713139824,0.014122658854244564,0.0,0.0,0.028750354804209365,0.0060522538048523415,0.006158200719806553,0.0,0.015721290874677496,0.021043556330731565,0.006476690482578845,0.014171023423619415,0.003561157991281768,0.0,0.010948477530040019,0.019852742161066753,0.0,0.0008879669243304345,0.0,0.011149006000529626,0.0009078374449728637,0.0052680604450718715,0.0008879669243304345,0.0,0.0,0.002829150389738405,0.002480901554963963,0.0,0.0010538649815992655,0.0005395352723229275,0.0009437679306666779,0.0,0.0,0.0,0.0,0.0,0.0018658838436441541,0.0,0.003031149415412858,0.003609526392973553,0.0,0.006754276815385939,0.0017823982978966578,0.0,0.0,0.0005395352723229275,0.0,0.0,0.005255423448466114,0.0,0.001079070544645855,0.0,0.0,0.0018244349577608635,0.0,0.0,0.0,0.0018423060907539045,0.0,0.0,0.006057069200240549,0.0,0.0004465871350556691,0.0,0.0,0.0,0.0,0.0,0.0004803750489188601,0.0,0.0,0.0,0.0,0.0008830972547449624,0.0005395352723229275,0.0,0.0,0.0,0.0,0.0,0.0,0.0,0.0,0.0,0.0005395352723229275,0.0,0.0027573605957571115,0.0,0.0,0.0,0.0,0.0024926760776968174,0.0,0.0,0.0,0.0010369841294095177,0.0,0.0,0.0,0.0,0.0,0.0,0.0,0.0,0.0,0.0,0.0,0.0,0.0,0.0,0.0,0.0
GCGATTGTTAACGTTA-1,0.4012235724247866,0.13812747202022843,0.2076123912031346,0.04165814502953621,0.07980216817390913,0.0,0.007165028351900798,0.0018673208791287876,0.025794943493190493,0.004965064288887579,0.0,0.0095803216590963,0.004943813637808736,0.0,0.014942955969957943,0.02817139494699761,0.002175841251993154,0.007842342022970534,0.0,0.005020475141485502,0.0046710898389293225,0.03454338604745705,0.007024144508143334,0.0,0.0,0.002060126747437875,0.0034385331621188094,0.001933651403152075,0.005460982233855487,0.007492931765733886,0.0,0.0,0.0,0.0024568054057621928,0.0028492578344135114,0.0,0.0,0.0009814206750577452,0.0,0.0,0.0,0.0005189043764951329,0.0,0.0013780247674821968,0.0,0.0,0.0,0.0,0.007487259259939564,0.003666653704615509,0.0,0.0,0.0,0.002468091317032022,0.0026677371612878215,0.0,0.0,0.0,0.0,0.0,0.0,0.0,0.0,0.0,0.0,0.0,0.005634004114907273,0.0,0.0033472830966580023,0.0,0.0,0.0,0.0,0.0,0.0,0.0,0.0,0.0,0.0,0.0,0.0,0.0,0.0,0.0,0.0,0.0,0.0,0.0,0.0,0.0,0.0,0.0011852755912451155,0.0,0.0,0.0,0.0,0.0,0.0,0.0,0.0,0.0,0.0,0.0,0.0,0.0,0.0,0.0,0.0,0.0,0.0,0.0,0.0,0.0,0.0,0.0,0.0,0.0008166586935695223,0.0,0.0
GCGCCGTTCCACGATA-1,0.7981700075496322,0.1556952319554737,0.4486097652605931,0.21440665692094155,0.0,0.36617482943027935,0.06655362310922713,0.0,0.00468576868895464,0.0,0.0,0.0,0.0,0.0,0.0,0.0,0.0,0.015378149649845305,0.0,0.0,0.0,0.0,0.0,0.0,0.0,0.0,0.0030234265050453277,0.0,0.0014360585722203527,0.0,0.0,0.0,0.0,0.0,0.00767936747874875,0.0,0.0,0.0,0.0,0.0,0.0,0.0,0.00288959966773186,0.0,0.0,0.0,0.0,0.0,0.0,0.005239276414540156,0.0,0.0,0.0,0.0,0.0,0.0,0.0,0.0,0.0,0.0,0.0,0.0,0.007487589721764727,0.0,0.0,0.0,0.0,0.0,0.0,0.0,0.0,0.0,0.0,0.0,0.0,0.0,0.0,0.0,0.0,0.0,0.0,0.0,0.0,0.0,0.0,0.0,0.0,0.0,0.0,0.0,0.0,0.0,0.0,0.005239276414540156,0.0,0.0,0.0,0.0,0.0,0.0,0.0,0.0,0.0,0.0,0.0,0.0,0.0,0.0,0.0,0.0,0.0,0.0,0.0,0.0,0.0,0.0,0.0,0.0,0.0
GCGCTAATTGAATAGA-1,0.2499803606761866,0.0,0.0,0.0,0.0,0.0,0.0,0.04319180685283681,0.0,0.0,0.0,0.0,0.0,0.0,0.0,0.0,0.0,0.0,0.0,0.0,0.0,0.0,0.0,0.0,0.0,0.0,0.0,0.0,0.0,0.0,0.0,0.0,0.018817117694532686,0.0,0.0,0.0,0.0,0.0,0.0,0.0,0.0,0.0,0.0,0.0,0.0,0.0,0.0,0.0,0.009408558847266343,0.0,0.0,0.0,0.0,0.009408558847266343,0.0,0.0,0.0,0.0,0.0,0.0,0.0,0.0,0.0,0.0,0.0,0.0,0.0,0.0,0.0,0.0,0.0,0.009408558847266343,0.0,0.0,0.0,0.0,0.0,0.0,0.0,0.0,0.0,0.0,0.0,0.0,0.0,0.0,0.0,0.0,0.0,0.0,0.0,0.0,0.0,0.0,0.0,0.0,0.0,0.0,0.0,0.0,0.0,0.0,0.0,0.0,0.0,0.0,0.0,0.0,0.0,0.0,0.0,0.0,0.0,0.0,0.0,0.0,0.0,0.0,0.0
GCGCTATGCCGAGGCA-1,0.3446340896620754,0.3543505257755163,0.0,0.0,0.0,0.0,0.06686823967443203,0.0,0.0,0.0,0.0,0.03425551333794888,0.0,0.051657657544883565,0.0,0.0,0.0,0.0,0.0,0.0,0.010910968779893863,0.0,0.0,0.0,0.0,0.0,0.0,0.0,0.0,0.0,0.0,0.0,0.0,0.0,0.0,0.0,0.0,0.0,0.0,0.0,0.0,0.0,0.0,0.0,0.0,0.0,0.0,0.0,0.0,0.0,0.0,0.0,0.0,0.0,0.0,0.0,0.0,0.0,0.0,0.003966093852673366,0.0,0.0,0.0,0.0,0.0,0.0,0.0,0.0,0.0,0.0,0.0,0.0,0.0,0.0,0.0,0.0,0.0,0.0,0.0,0.0,0.0,0.0,0.0,0.0,0.0,0.0,0.0,0.0,0.0,0.0,0.0,0.0,0.0,0.0,0.0,0.0,0.0,0.0,0.0,0.0,0.0,0.0,0.0,0.0,0.0,0.0,0.0,0.0,0.0,0.0,0.0,0.0,0.0,0.0,0.0,0.0,0.0,0.0,0.0
GCGGACCGCGTTGTGG-1,0.6785736716480468,0.28899252558190586,0.035146774196443575,0.0253204354257207,0.019300596180221247,0.02490502642055297,0.015015709319897324,0.004482375861716979,0.02561634000304029,0.17317040357581906,0.0,0.008327217556692289,0.0,0.02761470898634394,0.0,0.0296262071701908,0.0,0.007452680942499646,0.0,0.0031113142876481293,0.0,0.0,0.0,0.0,0.006156759933593621,0.0,0.0029495606763378095,0.013024787096798069,0.001088841247252714,0.0,0.007969276086494496,0.0020399764983457347,0.0,0.00474406380695043,0.0,0.0023252303232658804,0.0,0.0,0.0,0.0,0.0,0.011028548760460818,0.001562574236605288,0.001239072541124423,0.0,0.0013724946524701844,0.004682150934840977,0.0006221604316902367,0.0,0.002973687384357317,0.0013251869250813018,0.0184190972517195,0.0,0.0,0.0,0.0,0.0,0.0,0.0,0.004395263944428852,0.0,0.0,0.0,0.0,0.0,0.00017020220320676096,0.0,0.0,0.0,0.0,0.0,0.0,0.0,0.0,0.0,0.0,0.0,0.0,0.0021561663150567586,0.0,0.0,0.0,0.0,0.0,0.0013348102492317616,0.004598494282740981,0.0,0.0,0.0,0.004115173267372395,0.0,0.0,0.0,0.0,0.0,0.0,0.0,0.0,0.0,0.0,0.00134099585452213,0.0,0.0,0.0,0.0,0.0,0.0,0.001632691529835187,0.0014846645303194844,0.0,0.0,0.0,0.0,0.0,0.0006221604316902367,0.0,0.0,0.0,0.0
GCGGAGAAACTTCGCA-1,0.0019113710545613487,0.0012644128575660784,0.016942190731018426,0.00014797814482293915,0.0,0.0010064480103505007,0.004866098929534475,0.06526709486596063,0.0003751175979406718,0.0006821782088104111,0.0031194523525517152,0.0,0.0024294793297680384,0.012400683929834237,0.009263196332474181,0.0,0.06372093386179109,0.0006687501563124702,0.0,0.055915172983988855,0.01448049854451956,0.004100571613494415,0.0,0.005548987776063819,0.016346549914293948,0.0,0.0,0.0,0.0017314147100405781,0.0,0.0013255180599305646,0.0009991487200090954,0.00013399929265425816,0.0,0.0,0.0,0.0,0.0,0.0,0.0,0.0,0.00012319382181669313,0.0006839264377591345,0.0,0.0,0.0,0.0,0.0,0.0,0.0007126030654631943,0.004524273334651918,0.0,0.0,0.0,0.0,0.0,0.00020670053354062608,0.0,0.0,0.0,0.0,0.0,0.0,0.0,0.0,9.963621239462499e-05,0.0,0.0,0.0,0.0,0.0,0.0,0.0018539634195028525,0.0,0.0,0.0,0.0,0.0,0.0,0.002747844803723961,0.0,0.0,0.0002329078957993067,0.0,0.0,0.0,0.00025833067792601895,0.0,0.0,0.0,0.0,0.0,0.0001816677946229433,0.0,0.0,0.0,0.0,0.0,0.0,0.0,0.0,0.0,0.0,0.0,0.0,0.0,0.0,0.0,0.0005871130331128369,0.0,0.0,0.0,0.0,0.0,0.0,0.0,0.0,0.0,0.0
GCGGCTCTGACGTACC-1,0.21068309652983605,0.0,0.0713096272025182,0.12507461435826028,0.0,0.0,0.0,0.0,0.008407511790785731,0.0,0.0,0.0,0.0054644657622871145,0.012654932133661013,0.0,0.0,0.0,0.0,0.01644612277941473,0.0,0.0050750083978113565,0.0,0.0,0.0,0.0,0.0,0.0,0.0,0.0,0.0,0.0,0.0,0.01729275232408614,0.0,0.0,0.0,0.0,0.0,0.0,0.0,0.0,0.0,0.0,0.0,0.0,0.0,0.0,0.0,0.021170253109363258,0.0,0.0,0.0,0.0,0.0,0.0,0.0,0.0,0.0,0.00864637616204307,0.0,0.0,0.0,0.0,0.0,0.0,0.0,0.0,0.0,0.0,0.0,0.0,0.0,0.0,0.0,0.0,0.0,0.0,0.0,0.0,0.0,0.0,0.0,0.0,0.0,0.0,0.0,0.0,0.0,0.0,0.0,0.0,0.0,0.0,0.0,0.0,0.0,0.0,0.0,0.0,0.0,0.0,0.0,0.0,0.0,0.0,0.0,0.0,0.0,0.0,0.0,0.0,0.0,0.0,0.0,0.0,0.0,0.0,0.0,0.0
GCGGGAACCAGGCCCT-1,0.3035779192406542,0.15704660253443717,0.0,0.022726676114075542,0.0,0.0,0.0,0.0,0.0,0.0,0.0,0.01998151502331466,0.0,0.0,0.0,0.0,0.002986976375800163,0.0,0.0,0.0,0.015843011377777473,0.0,0.0,0.0,0.0,0.0,0.0,0.0,0.0,0.0,0.002464394460450864,0.0,0.0,0.0,0.0,0.0,0.0,0.0,0.0,0.0,0.0,0.0,0.0,0.0,0.0,0.0,0.0,0.0,0.0,0.0,0.0,0.0,0.0,0.0,0.0,0.0,0.0,0.0,0.0,0.0,0.0,0.0,0.0,0.0,0.0,0.0,0.0,0.0,0.0,0.0,0.0,0.0,0.0,0.0,0.0,0.0,0.0,0.0,0.0,0.0,0.0,0.0,0.0,0.0,0.0,0.0,0.0,0.0,0.0,0.0,0.0,0.0,0.0,0.0,0.0,0.0,0.0,0.0,0.0,0.0,0.0,0.0,0.0,0.0,0.0,0.0,0.0,0.0,0.0,0.0,0.0,0.0,0.0,0.0,0.0,0.0,0.0,0.0,0.0
GCGGGCGAGCCTTACC-1,0.29234982709989954,0.1494487212020968,0.04643225363242659,0.001409213525594426,0.005841534449483235,0.0,0.006920660353874403,0.04707945027324141,0.0020688141171451894,0.0013296459481341226,0.0,0.03665437239795916,0.009390072830008651,0.01051591941824879,0.0,0.0,0.06761944195738186,0.001172070907237121,0.0,0.0016553533328472797,0.0,0.0,0.0030654904822139876,0.002182920600118391,0.007467683302037817,0.0019263675532867892,0.0,0.0,0.0046860682829605775,0.0,0.0016662509997419804,0.010970481082260071,0.0013353070185281996,0.0,0.0,0.005330326535502016,0.0,0.0,0.0,0.0,0.0,0.006417137479826658,0.0035030868210260673,0.0,0.0,0.0,0.0,0.0010992596347525092,0.0,0.0,0.0006706014186588708,0.0,0.0028896143200351078,0.0,0.0,0.0,0.0,0.0,0.0,0.0017523971845599833,0.0,0.0,0.0,0.0,0.0,0.0,0.0,0.0,0.0,0.0012151026168216996,0.0,0.0,0.001036406166329006,0.0,0.0,0.0005131013585899757,0.0,0.0,0.0,0.0,0.0006019007607974834,0.0,9.55075797779321e-05,0.0,0.0,0.00012884930563122668,0.0,0.0,0.0,0.0,0.0,0.0,0.00012884930563122668,0.0,0.0,0.0,0.0,0.0,0.0,0.0,0.0,0.0,0.0,0.0,0.0,0.0,0.0,0.0,0.0,0.0,0.0,0.0,0.0,0.0,0.0,0.0012934572514593727,0.0,0.0,0.0
GCGGTTCCCTATCATG-1,0.8835710229720195,0.5270854075239644,0.06097625368280077,0.07705461711259602,0.0,0.0,0.06390905066954361,0.0,0.0,0.005225360337510919,0.0,0.03992943617983956,0.0,0.0275740329830345,0.08585305550986252,0.0,0.0,0.0,0.005611691726256108,0.0,0.009063704513056272,0.0,0.021393327238420582,0.0,0.0,0.0,0.0,0.008556007743340387,0.0,0.0,0.0,0.0,0.0,0.0,0.011861769914956072,0.0,0.035618832219322556,0.0,0.0,0.0,0.0,0.0,0.0,0.0,0.0,0.0,0.0,0.0,0.0,0.0,0.0,0.0,0.011223383452512215,0.005611691726256108,0.0,0.0,0.0,0.0,0.0,0.0,0.0,0.0,0.005611691726256108,0.0,0.0,0.0,0.0,0.0,0.0,0.0013926868420331387,0.0,0.0,0.0,0.0,0.0,0.0,0.0,0.0,0.0,0.0,0.0,0.0,0.0,0.0,0.0,0.0,0.0,0.0,0.0,0.0,0.0,0.0,0.0,0.0,0.0,0.0,0.0,0.0,0.0,0.0,0.0,0.0,0.0,0.0,0.0,0.0,0.0,0.0,0.0,0.0,0.0,0.0,0.0,0.0,0.0,0.0,0.0,0.0,0.0
GCGTCGCCAGGGTGAT-1,0.6607951151550975,0.22257441606925926,0.16677853018802846,0.034207494738904505,0.0,0.0,0.06861328201762182,0.00037071632245690384,0.015024596124444376,0.024225129072438917,0.0,0.008884768132678375,0.0,0.03133504853682302,0.0,0.0,0.0,0.005291568765211449,0.01188815072827054,0.0015461582744493321,0.003981173129138171,0.0,0.0,0.0,0.010520149452610957,0.0,0.0,0.001244226096101465,0.003837250203971054,0.011990673031306106,0.0,0.0,0.004506522959879958,0.010758698498079734,0.0,0.0,0.016497195991186063,0.0,0.0,0.0,0.0,0.0,0.0,0.0,0.0,0.010230116242622801,0.0,0.005995336515653053,0.0,0.0,0.0,0.0,0.0,0.0,0.0,0.0,0.0,0.0,0.0,0.0,0.0,0.010230116242622801,0.0,0.0,0.0,0.0,0.0,0.0,0.0,0.0,0.0,0.0,0.0,0.0,0.0,0.0,0.004506522959879958,0.0,0.0,0.0,0.0,0.0,0.0,0.0,0.0,0.0,0.0,0.0,0.0,0.0,0.0,0.0,0.0,0.0,0.0,0.0,0.0,0.0,0.0,0.0,0.0,0.0,0.0,0.0,0.0,0.0,0.0,0.0,0.0,0.0,0.0,0.0,0.0,0.0,0.0,0.0,0.0,0.0,0.0
GCGTTATATTTGGAAC-1,0.9814829824121554,0.4742185221110272,0.28884324621554297,0.03213870787975344,0.044517168493825546,0.05369084879253422,0.013931191228613377,0.044222093544867676,0.03975105502246055,0.019604698015860133,0.0,0.04352541577330196,0.001277513808400988,0.018050240613803392,0.0,0.0,0.0,0.017364067664370215,0.010872948207101987,0.0,0.008465539513388647,0.0,0.007585254489147596,0.018047386110712785,0.0,0.0,0.008288915403810958,0.0077085634058181324,0.008675804161594651,0.0,0.004929299430354752,0.0004804510271920321,0.0,0.006730187947058335,0.0,0.0,0.0,0.0,0.0,0.0,0.0,0.0006268446979227932,0.003728209099648555,0.0,0.0,0.0,0.0,0.009956417918588024,0.0,0.0,0.00045774052616859154,0.0,0.0,0.0,0.0,0.0,0.0,0.0,0.0,0.009337938295610417,0.0,0.0,0.0,0.0,0.0,0.001904542076492395,0.0,0.0,0.0,0.0,0.0,0.0,0.0,0.0,0.0002893556882382404,0.0,0.0,0.0,0.004340735894557752,0.0,0.0004015244935200949,0.0,0.0,0.0,0.002912201535192016,0.0,0.0020520108973099698,0.0,0.0,0.0,0.0,0.0,0.0,0.0,0.0,0.0,0.0,0.0,0.0,0.0,0.0030343511757371074,0.0,0.0,0.0,0.0,0.0,0.0,0.0,0.0,0.0,0.0,0.0,0.0,0.0,0.0,0.0,0.0,0.0,0.0
GCTAAACCTGAGGTGA-1,0.46988021072087,0.3686508342048306,0.0,0.0034635270869914905,0.032060836953974256,0.026711891446933048,0.09348973648114654,0.0,0.006149590539366607,0.04244109776847491,0.037528364958838455,0.01722979956832567,0.008864489467935176,0.006269839714161482,0.01981657453558555,0.0,0.0,0.01286851488506539,0.005740043731636337,0.0,0.012022188682670801,0.0,0.012729018732620053,0.014948107448528281,0.005583103945041439,0.0,0.0073669368301341985,0.026961780996625398,0.0018770962998493586,0.0011788358726536785,0.011518263225216601,0.0,0.0,0.005936543125517434,0.0,0.003925892772912043,0.015456836117162384,0.0377534517207736,0.0,0.0,0.0,0.0,0.0023172048887829025,0.0,0.0,0.004499705431681286,0.0029322231516203437,0.0,0.001815301998324869,0.0,0.0,0.0,0.0,0.0,0.0,0.0,0.005365128671921773,0.0,0.0,0.0,0.0,0.0,0.0,0.0,0.0,0.005479328584319845,0.0,0.0,0.0,0.0,0.0,0.0,0.0,0.0,0.0004673385470155997,0.0,0.0,0.0,0.0,0.0,0.0010019512250591938,0.0,0.0,0.0,0.0,0.002642719492078437,0.0,0.0,0.0,0.0,0.0,0.0,0.003996453916649197,0.0,0.0,0.0,0.0,0.0,0.0,0.0,0.0,0.0,0.0,0.0,0.0,0.0,0.0,0.0,0.0,0.0,0.0,0.0,0.0,0.0,0.0,0.0,0.0,0.0,0.0
GCTAATACCGAATGCC-1,0.8810666892338187,0.20258484101956262,0.07165836503422061,0.01043274876931654,0.1635085951916258,0.0,0.016156725539665517,0.0,0.00402963392176905,0.0016072988783285762,0.0,0.018813838550919077,0.0,0.0,0.0,0.0,0.0,0.029971533392208375,0.029375640825863865,0.0,0.024626087347760037,0.0,0.01640424507620486,0.0,0.0,0.0,0.0,0.0,0.003079298661070968,0.0,0.0,0.0,0.0,0.0,0.0,0.0,0.0,0.004922688149816077,0.0,0.0,0.0,0.0002730860143237319,0.0,0.0,0.0,0.0,0.00521637438465827,0.0,0.0,0.0,0.0,0.0,0.0,0.0,0.0,0.0,0.0,0.0,0.0,0.013277212947895483,0.006132213711370382,0.01235436620268959,0.0,0.0,0.0,0.0,0.0,0.0,0.0,0.0,0.0,0.0,0.0,0.0,0.0,0.0,0.0,0.0,0.0,0.0,0.0,0.0,0.0,0.0,0.0,0.0,0.0,0.0,0.0,0.0,0.0,0.0,0.0,0.0,0.0,0.0,0.0,0.0,0.0,0.0,0.0,0.0,0.0,0.0,0.0,0.0,0.0,0.0,0.0,0.0,0.0,0.0,0.0,0.0,0.0,0.0,0.0,0.0,0.0
GCTACAGTACGGACCG-1,0.28269587077109376,0.19516700637139214,0.11606003502042023,0.0025401083746666676,0.0033367392045178484,0.0026086133634870166,0.012318086142172857,0.03564918203716721,0.0,0.0018062734200604172,0.0,0.0,0.009991248306096281,0.0063754652197220586,0.03177359050364277,0.025162448282201502,0.017000913520383135,0.0041107612416443635,0.0,0.0,0.0,0.0,0.0,0.0014934465385781958,0.005189686627908287,0.0,0.0020677115254954955,0.0,0.007878012907158703,0.0,0.0015177805146663452,0.00661754622567055,0.0011046580520422027,0.0017217022932917807,0.0,0.0,0.0,0.0010546185275603632,0.0011053486681810406,0.0,0.0,0.0,0.0020424054250495404,0.0012102606073626978,0.0,0.0,0.0,0.0,0.0,0.0011216795187687513,0.003401446153210881,0.0014966585135949173,0.002324168396424078,0.0,0.000903546395701855,0.0004754623057048639,0.0,0.0,0.002589045237198694,0.0,0.0,0.0,0.0,0.0,0.003332283717855018,0.0,0.0,0.0,0.0,0.0,0.0,0.0,0.000378058497589373,0.0,0.0,0.0006124260959588206,0.0,0.0,0.0,0.0,0.0003290481762219997,0.00021168576229654265,0.00046952591679316194,0.0,0.0,0.0,0.00034493692874096354,0.0,0.0,0.0,0.0,0.00011738147919829046,0.0,0.0,0.0,0.0,0.0,0.0,0.0,0.0,0.0,0.0,0.0,0.0,0.0,0.0,0.0,0.0,0.0,0.0,0.0,0.0,0.00023476295839658091,0.0,0.0,0.0,0.0,0.0,0.0
GCTAGCTTGAATAGCT-1,0.4709895781807401,0.3376179904378065,0.1087542690285731,0.0917694142081864,0.01061023970106355,0.08700632304031775,0.009443127698304566,0.011318298022516254,0.03419177291997914,0.1293230376355632,0.0,0.0,0.0008533172103172401,0.026695212290138964,0.03256573119420759,0.0,0.0,0.0067107293102369285,0.0,0.0,0.0030812668848179616,0.0,0.0,0.003906420646013246,0.003452387385034712,0.0,0.0012876809989297408,0.011341017467399118,0.00576899906256392,0.0,0.00907718399945998,0.0020349508131736567,0.004461124076529549,0.007741801990237448,0.0,0.004108879602898789,0.0,0.010889575025827413,0.0,0.0,0.013214051750187555,0.009193478536467944,0.00145031941228233,0.0,0.0,0.0022153152551847386,0.004381560241426999,0.005288434572008888,0.0,0.0,0.0018264514453409787,0.003943566055732503,0.0009997859489296003,0.0,0.0,0.005246420584459711,0.009878243024875022,0.0,0.0,0.0038492666658888866,0.0,0.0,0.0,0.022860190005697396,0.0,0.00014351313577054626,0.00449220864860405,0.0,0.0,0.0,0.0,0.0,0.0,0.0,0.0,0.00032279267415009466,0.0,0.0,0.0032235028977264883,0.0,0.00024774864887047265,0.00037159380468107186,0.0,0.0,0.0011925537108777324,0.006045669558765027,0.001364759582947603,0.0,0.0006281921442485283,0.0014971348067628763,0.0,0.0,0.0013336320215515157,0.0,0.0,0.0,0.0,0.0,0.0,0.0,0.0,0.0,0.0,0.0,0.0,0.0014165729916757097,0.0,0.00037159380468107186,0.0010384991799594627,0.0,0.0,0.0014971348067628763,0.0,0.0,0.0006281921442485285,0.0,0.0,0.0,0.0
GCTAGTAGAGCTTGTA-1,0.18324780808625915,0.05256295664034904,0.0,0.0,0.08892020124674709,0.0,0.054781296703039245,0.1434291707673326,0.02421951471397256,0.0,0.0,0.009215412569899066,0.007589251761478555,0.0,0.0,0.0,0.0,0.016849742112362606,0.0,0.008065664279617909,0.0,0.0,0.0,0.0,0.0,0.0,0.0,0.0,0.002473486549570669,0.0,0.0,0.002416626083588082,0.0,0.0,0.0037145937460203666,0.002563800007572496,0.0,0.0,0.0,0.0,0.0,0.001430066388721887,0.0,0.00932431382731893,0.0,0.0,0.007611691658338945,0.0,0.0,0.0,0.0,0.0,0.0,0.0,0.0,0.0,0.0,0.0,0.0,0.0,0.0,0.0,0.0,0.0,0.0026765165112137895,0.0,0.0,0.0,0.0,0.0,0.0,0.004662156913659465,0.0,0.0,0.0,0.0,0.0,0.0,0.0,0.0,0.0,0.0,0.0,0.0,0.0,0.0,0.0028538996265577194,0.0,0.0,0.0,0.0,0.0,0.0,0.0,0.0,0.0,0.0,0.0,0.0,0.0,0.0,0.0,0.0,0.0,0.0,0.0,0.0,0.0,0.0,0.0,0.0,0.0,0.0,0.0,0.0,0.0,0.0,0.0,0.0
GCTCAATCCGTTTATT-1,0.0760722415924786,0.006660982579288754,0.0019475476074940928,0.0037708025179419937,0.0,0.0029591666026526284,0.018256519708870437,0.000701684157678516,0.0018824774176318423,0.0009382790786969905,0.0,0.0,0.008465123448142662,0.028798667257677005,0.0,0.0,0.05656950789141268,0.0,0.0,0.028692318231836832,0.00983658554485662,0.0,0.0,0.00196392314010901,0.007464021200501973,0.00200672486691646,0.0,0.0,3.0186560778406996e-05,0.009922675339604793,0.0010429341475468568,0.01770319259858518,0.0,0.002137898817114404,0.0,0.0011285008921244285,0.00048721844666107215,0.0020824987893389257,0.013814579080167507,0.0,0.0,0.0012597784103132587,0.0017303783881982217,0.0,0.0,0.0,0.0,0.000108401521561693,0.0,0.0,0.0009657857411801071,0.0,0.0014935909810735496,0.0,0.0,0.0,0.0,0.0,0.0,0.0,0.0007112503508764087,0.0,0.0,0.0,0.000678541794423542,0.0,0.0,0.0,0.0,0.001372503627782349,0.0,0.0,0.0009698682855245917,0.0,0.0,0.0,0.0,0.0,0.0,0.0,0.0003444938554258167,0.0,0.0010665031779805304,0.0,0.0003451377723220901,0.0,0.0002290004369219912,0.0,0.0,0.0,0.0,0.0,0.0,0.0,0.0,0.0,0.0,0.0,0.0,0.0,0.0,0.0,0.0,0.0,0.0,0.0,0.0,0.0,0.0,0.0,0.0,0.0,0.0003045872809452786,0.0,0.0,0.0,0.0,0.0,0.0
GCTCTATGTTACGTGC-1,0.11671381689419054,0.06136169894969676,0.046223535655068176,0.04894054781307937,0.0,0.10696436172595153,0.026279174759284638,0.0,0.012210072156073951,0.0,0.0,0.0,0.0,0.0,0.0,0.0,0.0,0.0032003487307316206,0.0,0.0,0.0032003487307316206,0.003256637231645388,0.0,0.0,0.0,0.0,0.0,0.0,0.0,0.0,0.005718509779664002,0.0,0.0,0.0,0.0,0.0,0.0,0.0,0.0,0.0,0.0,0.0,0.0,0.0,0.0,0.0,0.0,0.0,0.0,0.0,0.0,0.0,0.0,0.0,0.0,0.0,0.0,0.0,0.0,0.0,0.0,0.0,0.0,0.0,0.0,0.0,0.0,0.0,0.0,0.0,0.009117659208018951,0.0,0.0,0.0,0.0,0.0,0.0,0.0,0.0,0.0,0.0,0.0,0.0,0.009117659208018951,0.0,0.0,0.0,0.0,0.0,0.0,0.0,0.009117659208018951,0.0,0.0,0.0,0.0,0.0,0.0,0.0,0.0,0.0,0.0,0.0,0.0,0.0,0.0,0.0,0.0,0.0,0.0,0.0,0.0,0.0,0.0,0.0,0.0,0.0,0.0,0.0
GCTGCACGGTTTCTTA-1,0.31137882576388815,0.13521472612955,0.07347906896615873,0.0,0.0,0.0,0.012764645569073866,0.0022986211788488522,0.0,0.0,0.0,0.02546505922729206,0.0,0.0,0.0,0.0,0.0,0.011512776354735167,0.008940897158111026,0.0036909853978496694,0.0,0.0,0.0,0.0,0.0,0.0,0.0,0.0,0.0,0.0,0.0,0.0,0.0,0.0,0.0,0.0,0.0,0.0,0.013847403712897574,0.0,0.0,0.0,0.0,0.0,0.0,0.0,0.005374793907919843,0.0,0.0,0.0,0.0,0.0,0.0,0.0,0.0,0.0,0.0,0.0,0.0,0.0,0.0,0.0,0.0,0.0,0.0,0.0,0.0,0.0,0.0,0.0,0.009592926192795989,0.0,0.0,0.0,0.0,0.0,0.0,0.0,0.0,0.0,0.0,0.0,0.0,0.0,0.0,0.0,0.0,0.0,0.0,0.0,0.0,0.0,0.0,0.0,0.0,0.0,0.0,0.0,0.0,0.0,0.0,0.0,0.0,0.0,0.0,0.0,0.0,0.0,0.0,0.0,0.0,0.0,0.0,0.0,0.0,0.0,0.0,0.0,0.0
GCTGCTAAGTAGTCGA-1,0.10920917462976418,0.12079814441633764,0.06016952485988644,0.0010719230463200442,0.0,0.0,0.010950281962498257,0.014445938044226097,0.0,0.0007148984483343903,0.0,0.017621573411962466,0.014183422199889398,0.0076623242193130745,0.007752693473192822,0.0008425895895064455,0.003315267485043684,0.003512268562757821,0.0,0.0018404778997600292,0.0,0.0014619730960157848,0.0,0.0022103921442872005,0.014544597695510312,0.0,0.0,0.00031710865855988363,0.006385808312525154,0.0,0.00283850721265258,0.013339588835128598,0.0004061633212547259,0.0,0.0,0.001158341620025377,0.0,0.0009175179639849038,0.0,0.0,0.0,0.005406054912277658,0.0008904266121135783,0.0,0.0,0.0,0.0,0.00015098209357109873,0.0,0.0032327003908674493,0.005404154983110428,0.0,0.002511278787224025,0.0,0.0,0.00015098209357109876,0.0005866257364173365,0.0,0.0,0.0,0.003959902047436125,0.0,0.0,0.0,0.0004168672869588132,0.0,0.0029666381705817607,0.0,0.0,0.00027622891809876915,0.0,0.0,0.0,0.0,0.0,0.0015121511904927845,0.0,0.0,0.0,0.0001995150083517051,9.451941749822007e-05,0.0,0.0,0.0,0.0,0.0,0.0,0.0,0.0,0.0002464262516410532,0.00020591053810508638,0.0,0.0,0.0,0.0,0.0,0.0,0.0,0.0,0.0,0.0,0.0015045275991155524,0.0,0.000535923607881235,0.0,0.0,0.0,0.0,0.0,0.0,0.0,0.0,0.0,0.0,0.0,0.0,0.0,0.0,0.0
GCTGCTCTCCGGACAC-1,0.11061689284910498,0.0,0.0,0.0,0.0,0.0,0.0,0.0,0.0,0.0,0.0,0.008434612092032966,0.0,0.0,0.0,0.0,0.0,0.0,0.0,0.0,0.008434612092032966,0.0,0.0,0.0,0.0,0.0,0.0,0.0,0.0,0.0,0.0,0.0,0.0,0.0,0.0,0.003868880924714218,0.0,0.0,0.013847403712897574,0.0,0.0,0.0,0.0022448495882871245,0.0,0.0,0.0,0.0,0.0,0.0,0.0,0.0,0.0,0.0,0.0,0.0,0.0,0.0,0.0,0.0,0.0,0.0,0.0,0.0,0.0,0.0,0.0,0.0,0.0,0.0,0.0,0.0,0.0,0.0,0.0,0.0012501837876686829,0.0,0.0,0.0,0.0,0.0,0.0,0.0,0.0,0.009592926192795989,0.0,0.0,0.0,0.0,0.0,0.0,0.0,0.0,0.0,0.0,0.0,0.0,0.0,0.0,0.0,0.0,0.0,0.0,0.0,0.0,0.0,0.0,0.0,0.0,0.0,0.0,0.0,0.0,0.0,0.0,0.0,0.0,0.0,0.0,0.0
GCTGGCATATTCACCT-1,0.7493581725261774,0.367424522311462,0.06373542728027307,0.10201386642695305,0.0487352692536641,0.0,0.0,0.0,0.03243901059388211,0.06485558577358054,0.0,0.0,0.06096101482856896,0.0,0.04367980469554907,0.0,0.0,0.021346108373780218,0.0,0.0,0.014910939405707811,0.0,0.0,0.0,0.0,0.01741455310119511,0.01401519040442658,0.0031715193609561407,0.003934457545247716,0.0,0.008709670429572047,0.0,0.0,0.0,0.0,0.0,0.0,0.01864412286034753,0.0,0.0,0.0,0.0012021265227530283,0.0,0.0,0.0,0.0,0.0,0.0,0.0,0.0,0.0,0.0,0.0,0.00279500385048,0.0,0.0,0.0,0.00279500385048,0.00279500385048,0.0,0.0,0.0,0.0,0.0,0.0,0.0,0.0,0.0,0.0,0.0,0.0,0.0,0.0,0.0,0.0,0.0014009631587472262,0.0,0.0,0.0,0.00279500385048,0.0,0.003934457545247716,0.0,0.0,0.0,0.0,0.0,0.0,0.0,0.0,0.0,0.0,0.0,0.0,0.0,0.0,0.0,0.0,0.0,0.0,0.0,0.0,0.0,0.0,0.0,0.0,0.0,0.0,0.001838948664828046,0.0,0.0,0.0,0.0,0.0,0.0,0.0,0.0,0.0,0.0
GCTGTATTACTGGCCC-1,0.35146928225106516,0.08162879457740553,0.10899692918357377,0.07925491353454923,0.0,0.0,0.05541067536832274,0.0,0.0,0.0,0.0,0.06728911363023804,0.0007089357622594321,0.0,0.042418422215051016,0.0,0.0,0.0,0.006398340762238106,0.010121974055216715,0.0034172396522698916,0.0,0.0,0.0,0.0,0.0,0.0,0.0,0.0,0.0,0.0,0.0,0.0,0.0,0.0,0.0,0.0,0.0,0.015256387778138248,0.0,0.0,0.0,0.0,0.0,0.0,0.0,0.0,0.0,0.0,0.0,0.0,0.0,0.0,0.0,0.0,0.0,0.0,0.0,0.013557204670853536,0.0,0.0,0.0,0.0,0.0,0.0034271491481920107,0.0,0.0,0.0,0.0,0.0,0.0,0.0,0.0,0.0,0.0,0.0,0.0,0.0,0.0,0.005010984533759766,0.0,0.0,0.0,0.0,0.0,0.0,0.0,0.0,0.0,0.0,0.0,0.0,0.0,0.0,0.0,0.0,0.0,0.0,0.0,0.0,0.0,0.0,0.0,0.0,0.0,0.0,0.0,0.0,0.0,0.0,0.0,0.0,0.0,0.0,0.0,0.0,0.0,0.0,0.0
GCTTATGAAGCAGGAA-1,0.20630520868552105,0.0647911134220928,0.05151532286193583,0.017453231520228686,0.059938154821294554,0.0809340037547466,0.0,0.0,0.002706720256682501,0.0,0.0,0.0,0.0,0.0,0.0,0.0,0.0,0.0,0.007758188651988818,0.0,0.0,0.0,0.0,0.0,0.0,0.0,0.0,0.0,0.0,0.0,0.0,0.0,0.0,0.0,0.0,0.0,0.0,0.0,0.0,0.0,0.0,0.0,0.0,0.0,0.0,0.012818976266910736,0.0,0.008641557257975468,0.0,0.0,0.0,0.0,0.0,0.008641557257975468,0.0,0.0,0.0,0.0,0.008641557257975468,0.0,0.0,0.0,0.0,0.0,0.0,0.0,0.0,0.0,0.0,0.0,0.0,0.0,0.0,0.0,0.0,0.0,0.0,0.0,0.0,0.008641557257975468,0.0,0.0,0.0,0.0,0.0,0.0,0.0,0.0,0.0,0.0,0.0,0.0,0.0,0.0,0.0,0.0,0.0,0.0,0.0,0.0,0.0,0.0,0.0,0.0,0.0,0.0,0.0,0.0,0.0,0.0,0.0,0.0,0.0,0.0,0.0,0.0,0.0,0.0,0.0
GCTTGATGATAATCAG-1,0.49546705526702617,0.20880562545527814,0.0,0.06886606738068866,0.0,0.0,0.0,0.0,0.01116144934076864,0.007046928391166044,0.0,0.0,0.03444455114897288,0.0,0.0,0.0,0.0,0.0,0.0,0.0,0.0,0.0264354398940333,0.0,0.0,0.0,0.0,0.0,0.005704504857142249,0.0,0.0,0.0,0.0,0.006637301239626645,0.0,0.0,0.0,0.0,0.0,0.0,0.0,0.0,0.0,0.0,0.006637301239626645,0.0,0.0,0.0,0.0,0.011102473237208662,0.0,0.0,0.0,0.0,0.0,0.0,0.0,0.0,0.006637301239626645,0.0,0.0,0.0,0.0,0.006637301239626645,0.0,0.0,0.0,0.0,0.0,0.0,0.0,0.0,0.006637301239626645,0.0,0.006637301239626645,0.0,0.0,0.00841015883000416,0.0,0.0,0.0,0.0,0.0,0.0,0.0,0.0,0.0,0.0,0.0,0.0,0.0,0.0,0.0,0.0,0.0,0.0,0.0,0.0,0.0,0.0,0.0,0.0,0.0,0.0,0.0,0.0,0.0,0.0,0.0,0.0,0.0,0.0,0.0,0.0,0.0,0.0,0.0,0.0,0.0,0.0
GGAACCGTGTAAATTG-1,0.5734700843056066,0.2696526993849111,0.24021102401163033,0.01519520188605014,0.0,0.10181987557583512,0.0636039541251501,0.0,0.0,0.0839514573215406,0.0,0.020113841993956896,0.027640361878010538,0.026587195034320717,0.0,0.0,0.0,0.004684818504198488,0.0,0.01882642951680469,0.0036797168176724176,0.0,0.0,0.0,0.0,0.0,0.0,0.011385360561600399,0.004981346002155987,0.004361754454114573,0.006460126199524016,0.0009620635807755689,0.011437525180873266,0.0,0.0,0.0,0.0,0.0,0.0,0.0,0.0,0.003906788813570097,0.0007165413515959746,0.0,0.0,0.0,0.0,0.004361754454114573,0.0,0.0,0.0,0.0,0.0,0.0,0.0,0.0,0.0,0.0,0.0,0.0,0.0,0.0,0.005564980036403744,0.0,0.0,0.0,0.0,0.0,0.0,0.0,0.0,0.0,0.0006269925059366312,0.0,0.0,0.0,0.0,0.0,0.0,0.0,0.0,0.0,0.0,0.0,0.0,0.0,0.0020194576601174157,0.0,0.0,0.0,0.0,0.0,0.0,0.0,0.0,0.0,0.0,0.0,0.0,0.0,0.0,0.0,0.0,0.0,0.0,0.0,0.0,0.0,0.0,0.0,0.0,0.0,0.0,0.0,0.0,0.0,0.0,0.0,0.0
GGACAAGTTGCAGTGA-1,0.08570983801887865,0.011107324397169683,0.002224656181023969,0.0,0.0,0.0,0.0031373838468135642,0.002690260291275482,0.0,0.0,0.0,0.008894050228495076,9.410949071498059e-05,0.012813699381442271,0.013695337084930804,0.0,0.0431978946885704,0.007071695172923552,0.0,0.0037739856539279523,0.0,0.005394607398468956,0.003259587142060434,0.003421688355519879,0.0,0.0,0.0,0.0,0.0009332776733235445,0.025745310621248282,0.0,0.001883733353618497,0.0,0.0,0.0,0.0,0.0,0.0019789676275977037,0.0,0.0,0.0,0.0,0.004951166641132026,0.0026979357598835786,0.0,0.0,0.0,0.0,0.0,0.0016967882043176963,0.0034751264731418168,0.0,0.0034104375893366677,0.0,0.0,0.0,0.0,0.0,0.0,0.0,0.0,0.0,0.0,0.0,0.0,0.0,0.0,0.0,0.0,0.0,0.0,0.0,0.0,0.0,0.0,0.0,0.0,0.0,0.0,0.0004043803487605665,0.0007386414942014573,0.0,0.0,0.0,0.0,0.0,0.0,0.0,0.002727034714898945,0.0,0.0,0.0,0.0,0.0,0.0,0.0,0.0,0.0,0.0,0.0,0.0,0.0,0.0,0.0,0.0,0.0,0.0,0.0,0.0,0.0,0.0,0.0,0.0,0.0,0.0,0.0,0.0,0.0,0.0
GGACCAACAGGATAAC-1,0.20677319334866542,0.0,0.09265518831385881,0.0,0.0,0.0,0.021075566174060097,0.0,0.011365003522983568,0.0,0.0,0.0,0.014451079867792722,0.0,0.0,0.0,0.0,0.0,0.014771495051764814,0.0,0.003058274247420733,0.0,0.0,0.0,0.0,0.0,0.0,0.0,0.0,0.008709481609805461,0.0,0.0,0.0,0.0,0.0,0.0,0.0,0.0,0.0,0.0,0.016450189037890108,0.0,0.0,0.0,0.0,0.0,0.0,0.0,0.0,0.010652187489218659,0.0,0.0,0.0,0.0,0.0,0.0,0.0,0.0,0.0,0.0,0.0,0.0,0.0,0.0,0.0,0.0,0.0,0.0,0.0,0.0,0.0,0.0,0.0,0.0,0.0,0.0,0.0,0.0,0.0,0.0,0.0,0.0,0.0,0.0,0.0,0.0,0.0,0.0,0.0,0.0,0.0,0.0,0.0,0.0,0.0,0.0,0.0,0.0,0.0,0.0,0.0,0.0,0.0,0.0,0.0,0.0,0.0,0.0,0.0,0.0,0.0,0.0,0.0,0.0,0.0,0.0,0.0,0.0,0.0
GGAGACGACACCTTTG-1,0.23536895253515927,0.09493545758926722,0.27505011664569484,0.09931635010777078,0.0,0.0,0.0,0.0,0.01263102364865411,0.0,0.0,0.00804186405372913,0.02923928735163671,0.0,0.0,0.0,0.0,0.0,0.005536359645219863,0.0,0.015979262138399567,0.05718404377478239,0.0,0.0,0.0,0.0,0.0,0.0,0.0004345733150574424,0.012444551138841436,0.0,0.0,0.006553037045151782,0.0,0.0038865737577108797,0.0,0.0,0.0,0.016081587176066392,0.0,0.0,0.002709191596011043,0.0017676177328874386,0.0,0.0,0.0,0.0,0.0,0.0,0.0,0.0,0.0,0.008315712600042796,0.0,0.0,0.0,0.0,0.0,0.008420578462671071,0.0,0.0,0.0,0.0,0.0,0.0,0.0,0.0,0.0,0.0,0.00293550779163891,0.0,0.0,0.0,0.0,0.0,0.0,0.0034673155873365144,0.0,0.0,0.0,0.0,0.0,0.014207226693732452,0.0,0.0,0.0,0.0,0.0,0.005469942381173027,0.0,0.0,0.0,0.0,0.0,0.0,0.0,0.0,0.0023819769022958653,0.0,0.0,0.0,0.0,0.0,0.0,0.0,0.0,0.0,0.0,0.0,0.0,0.0,0.0,0.0,0.0,0.0,0.0,0.0,0.0,0.0
GGAGTGCCGCCCTGGA-1,0.7216498777326475,0.4234043162053298,0.05974812500039265,0.017435995754820792,0.19661958735759655,0.0,0.0,0.0,0.01063924744646549,0.0,0.0,0.00841009654233789,0.035164046156089555,0.0,0.0,0.0,0.0,0.0,0.04186340485364662,0.0,0.015635283139808612,0.019305421853062166,0.031020986133423797,0.0,0.0,0.0,0.0,0.0020131476625951704,0.0,0.0,0.008273445437219966,0.0,0.0058163016605643535,0.00541962448542184,0.0,0.0,0.0,0.0,0.0,0.0,0.0,0.0,0.0057159776134401465,0.010854233119904941,0.0,0.0,0.0,0.0,0.0,0.0,0.0,0.0,0.0,0.004353497412258439,0.0,0.0,0.0,0.004353497412258439,0.0,0.011201789416806322,0.0,0.0,0.0,0.0,0.0,0.0,0.0,0.0,0.0,0.0050384430776468404,0.0,0.0076880989485688484,0.0,0.0,0.0,0.0,0.0,0.0,0.0,0.0,0.0,0.0,0.0,0.0,0.0,0.0,0.0,0.0,0.0,0.0,0.0058163016605643535,0.0,0.0,0.0,0.0,0.0,0.0,0.0,0.0,0.0,0.0,0.0,0.0,0.0,0.0,0.0,0.0,0.0,0.0,0.0,0.0,0.0,0.0,0.0,0.0,0.0,0.0,0.0,0.0
GGATGCTGGCGTTCCT-1,0.49308117332464857,0.39824262491520496,0.09048098774441285,0.04407556601802689,0.0,0.0,0.0,0.10639718296358638,0.0036571945304451434,0.004084473340709962,0.0,0.017550236257101812,0.0,0.0,0.0,0.15380327279500475,0.0,0.00970848846266574,0.0,0.014834709956411353,0.013607198727266408,0.0,0.0,0.014787052847168965,0.0,0.01390514576197908,0.024380246412795358,0.0058557204521654995,0.013187069313453674,0.0,0.002910273171425847,0.001519730556042705,0.00750457345459404,0.005001668254644777,0.0,0.008892459419447437,0.0,0.0069012518726487455,0.0,0.0,0.0,0.0034239241801406178,0.0,0.0,0.0,0.0,0.009563133025992645,0.003967493073751679,0.0,0.005642987262528837,0.0,0.0,0.0,0.0,0.0,0.0,0.0,0.0,0.0,0.0,0.0,0.0,0.0,0.0,0.0,0.0,0.0,0.0,0.0,0.0,0.0,0.0,0.0,0.0,0.0,0.0,0.0,0.0,0.0,0.0,0.0,0.0,0.0,0.0,0.0,0.0,0.0,0.0,0.0,0.0,0.0,0.0,0.0,0.0,0.0,0.0,0.0,0.0,0.0,0.0,0.0,0.0,0.0,0.0,0.0,0.0,0.0,0.0,0.0,0.0,0.0,0.0,0.0,0.0,0.0,0.0,0.0,0.0,0.0
GGATGTCCTTACCGCA-1,0.14741766770033196,0.04341954363096476,0.0,0.016671480285254774,0.0,0.0,0.0,0.0,0.0,0.0,0.036227844723063125,0.0,0.0,0.0,0.0,0.0,0.0,0.0,0.0,0.0,0.004241822705874851,0.0,0.0,0.0,0.0,0.0,0.0,0.0,0.0,0.007909335470162433,0.0,0.0,0.0,0.0,0.0,0.0,0.0,0.0,0.0,0.0,0.0,0.0,0.0,0.007909335470162433,0.0,0.0,0.0,0.0,0.0,0.0,0.0,0.0,0.0,0.0,0.0,0.007909335470162433,0.0,0.0,0.0,0.0,0.0,0.0,0.0,0.0,0.0,0.0,0.0,0.0,0.0,0.0,0.0,0.0,0.0,0.0,0.0,0.0,0.0,0.0,0.0,0.0,0.0,0.0,0.0,0.0,0.0,0.0,0.0,0.0,0.0,0.0,0.0,0.0,0.0,0.0,0.0,0.0,0.0,0.0,0.0,0.0,0.0,0.0,0.0,0.0,0.0,0.0,0.0,0.0,0.0,0.0,0.0,0.0,0.0,0.0,0.0,0.0,0.0,0.0,0.0
GGATTTCACTTCTATA-1,0.010513838665088666,0.0,0.017158728664858687,0.0,0.0,0.0,0.0,0.0,0.0,0.0,0.0,0.0,0.0,0.0,0.0,0.0,0.0,0.0,0.0,0.0,0.0,0.0,0.0,0.0,0.0,0.0,0.0,0.0,0.0,0.008579364332429344,0.0,0.0,0.0,0.0,0.0,0.0,0.0,0.0,0.0,0.0,0.0,0.0,0.0,0.0,0.0,0.0,0.0,0.0,0.0,0.0,0.0,0.0,0.0,0.0,0.0,0.0,0.0,0.0,0.0,0.0,0.0,0.0,0.0,0.0,0.0,0.0,0.0,0.0,0.0,0.0,0.0,0.0,0.0,0.0,0.0,0.0,0.0,0.0,0.0,0.008579364332429344,0.0,0.0,0.0,0.0,0.0,0.0,0.0,0.0,0.0,0.0,0.0,0.0,0.0,0.0,0.0,0.0,0.0,0.0,0.0,0.0,0.0,0.0,0.0,0.0,0.0,0.0,0.0,0.0,0.0,0.0,0.0,0.0,0.0,0.0,0.0,0.0,0.0,0.0,0.0
GGCAAAGGCGCCAATA-1,0.0021842902933753763,0.013717353421160188,0.008655032114475918,0.0,0.0,0.00015334899200217863,0.008097032602316052,0.0005699652925554669,0.0,0.00047124717755769657,0.0,0.0,0.004806083265774953,0.015820862651624596,0.014403731750882916,0.0,0.02512990511813963,0.0049404989360681585,0.0,0.03253964331063152,0.012218609092042263,0.0,0.0,0.0035589598136238996,0.011137316173317216,0.002146215831187913,0.0,0.0,0.0009723616221363192,0.025931289553504655,0.0005827938106213943,0.010470958164894979,0.0,0.0,0.0,0.0,0.0,8.580105138488009e-05,0.0180881343251245,0.0,0.0,0.0007671323904330427,0.0011148245490779684,0.0,0.0,0.0,0.0,6.25323343702711e-05,0.0,0.0004787350442039115,0.0016668284742952285,0.0,0.0030687571407351896,0.0,0.0,0.0019671497219577584,0.00035189671882320233,0.0,0.0,0.0,0.0,0.0,0.0,0.0,0.0001334259335401115,0.0,0.0,0.0,0.0,0.0004137750719700616,0.0,0.0,0.0007161868188460282,0.0,0.0006668083994994838,0.0,0.0,0.0,0.0004343973632437203,0.0,0.00018987788645938037,0.004180092149259255,0.0008339970515879404,0.0,0.0,0.0,0.0003141195515732197,0.0,0.000846050890180222,0.0,0.0,0.0,0.0,0.0,0.0,0.0,0.0,0.0,0.0,0.00010598597818073015,2.151382290386626e-05,0.0,0.0,0.0,0.0,0.0,0.0,0.0,0.0,0.0,0.0,0.0,0.00028565065195805696,0.0,0.0,0.0,0.0,0.0,0.0
GGCAAATTACTTTACT-1,0.5382073829149726,0.0,0.0,0.0,0.17952235778089953,0.1604669640683425,0.017985987739073415,0.0,0.0,0.0,0.0,0.0,0.0,0.0,0.0,0.0,0.0,0.0,0.010372399678526677,0.0013315613425577378,0.017888395091188343,0.0,0.0,0.0,0.0,0.0,0.0,0.0022668877505255675,0.0,0.0,0.0,0.0,0.0,0.0,0.0,0.0,0.0,0.005245794557269402,0.0,0.0,0.022020150783224984,0.0,0.0,0.0,0.0,0.0,0.0,0.0,0.0,0.0,0.0,0.005582479278605477,0.0,0.0,0.0,0.0,0.0,0.0,0.0,0.0,0.0,0.0,0.0,0.0,0.0,0.0,0.0,0.0,0.0,0.0,0.0,0.0,0.0,0.0,0.0,0.0,0.0,0.0,0.0,0.0,0.0,0.0,0.0,0.0,0.0,0.0,0.0,0.0,0.0,0.0,0.0,0.0,0.0,0.0,0.0,0.0,0.0,0.0,0.0,0.0,0.0,0.0,0.0,0.0,0.0,0.0,0.0,0.0,0.0,0.0,0.0,0.0,0.0,0.0,0.0,0.0,0.0,0.0,0.0
GGCATACAGGTAGCGG-1,0.47851275847814445,0.0,0.0850962028167638,0.0,0.14118968840660615,0.0,0.0,0.0,0.028425528626074226,0.0,0.0,0.017369445387341812,0.0,0.0,0.0,0.0,0.0,0.0,0.0,0.004109182514849258,0.02040895577272008,0.0,0.0,0.0,0.004496916789426526,0.03179993363062014,0.0,0.00924166399068223,0.0,0.0,0.009913781184148616,0.0,0.0,0.0,0.0,0.0,0.0,0.010175579430113386,0.0,0.0,0.0,0.0,0.0,0.0,0.0,0.0,0.0,0.0,0.0,0.0,0.0,0.0,0.0,0.0,0.0,0.0,0.0,0.0,0.0,0.0,0.0,0.0,0.0,0.0,0.0,0.0,0.0,0.0,0.0,0.0,0.0,0.0,0.0,0.007171772892226279,0.0,0.0,0.0,0.0,0.0,0.0,0.0,0.0,0.0,0.0,0.0,0.0,0.0,0.0,0.0,0.0,0.0,0.0,0.0,0.0,0.0,0.0,0.0,0.0,0.0,0.0,0.0,0.0,0.0,0.0,0.0,0.0,0.0,0.0,0.0,0.0,0.0,0.0,0.0,0.0,0.0,0.0,0.0,0.0,0.0
GGCCCTCACCCACTTA-1,0.8776112417220082,0.342780097799092,0.22812864551931888,0.032765100143078346,0.0,0.0,0.0,0.110612379615495,0.011686288603196695,0.0013541798707787612,0.0,0.0,0.029952198599066025,0.0,0.0,0.0,0.0,0.006816994229453897,0.009623822065474227,0.0,0.016221921347296893,0.0,0.017215136326526423,0.0,0.00719809872394124,0.0,0.0,0.0021675404513710967,0.024180484700917992,0.0,0.0,0.0,0.011618938090715,0.0,0.0,0.007771609978226142,0.0,0.0,0.0,0.0,0.0,0.0,0.0,0.0,0.0,0.0,0.0,0.0,0.0,0.0,0.0,0.0,0.0058094690453575,0.0,0.0,0.0,0.0,0.0,0.0,0.0,0.0,0.0,0.0,0.0,0.0,0.0,0.0,0.0,0.0,0.0,0.0,0.0,0.0,0.0,0.0,0.0017437865216661233,0.0,0.0,0.0,0.0,0.0,0.0,0.0,0.0,0.0,0.0,0.0,0.0,0.0,0.0,0.0,0.0,0.0,0.0,0.0,0.0,0.0,0.0,0.0,0.0,0.0,0.0,0.0,0.0,0.0,0.0,0.0,0.0,0.0,0.0,0.0,0.0,0.0,0.0,0.0,0.0,0.0,0.0,0.0
GGCCTTTGCAACTGGC-1,0.15297751877594096,0.23723002681889702,0.07694293091752452,0.0024204919077225793,0.0003075501948829089,0.0,0.009048831968382957,0.000365262383144457,0.0,0.0019778520554511445,0.0,0.016991588057862717,0.006163112114696714,0.022250796490082894,0.024244935081910012,0.0,0.0015139549970993413,0.005371471395246897,0.0,0.0029934747519986407,0.0,0.0065270263122568185,0.003144809208877079,0.0,0.0014822752951187575,0.0,0.0003416228413586861,0.0,0.001263459383775131,0.017513746055102742,0.0019950162555986794,0.010767564450081661,0.0012888175588597391,0.0,0.0,0.0009143658343538723,0.0,0.0,0.0,0.007409121596062677,0.0,0.004215314363278732,0.0025009975354845482,0.0002911066011273859,0.0,0.0,0.001093244145163723,6.20676340105945e-05,0.0026554005090230056,0.0,0.004027351155053447,0.0,8.826848367320787e-05,0.0,6.20676340105945e-05,0.0008208732156214388,0.0009280412015207309,0.0,0.0,0.0016282729368183662,0.0,0.0,0.0,0.0,0.0016031242632095644,0.0,0.0,0.0,0.0,0.0002744163739148608,0.0,0.0,0.0,0.0,0.0,0.00035051832408389613,0.0,0.0,0.0,0.0,0.0010806857790836418,0.0,0.00026597225194935413,0.0,4.2569483972424255e-05,0.0,0.0,0.0,0.0,0.00046718283071984406,0.0,0.0,0.0,0.00022135291076941788,0.0,0.0,0.0,0.0,0.0,0.00044780121910762826,0.0,0.0,0.0,0.0,0.0,0.0,0.0,0.0,0.0,0.0,0.00043151488566673096,0.0,3.289667023054798e-05,0.0,0.0,0.0,0.0,0.0,0.0
GGCGCAGGACATCTTC-1,0.6578792089549275,0.08497357340833549,0.053977781926459724,0.07244327500415113,0.0,0.0,0.0,0.0,0.002876063693599377,0.0,0.0,0.0,0.0,0.0,0.0,0.0,0.03465759768540409,0.0,0.009938591430463436,0.0,0.0,0.0,0.0,0.0,0.0,0.0,0.0,0.0,0.0,0.0,0.0,0.0,0.0,0.0022962261803535795,0.005415677737801053,0.0,0.0,0.0,0.0,0.0,0.0,0.0,0.0,0.0082582907851029,0.0,0.0,0.0,0.0,0.0,0.0,0.0,0.0,0.0,0.0,0.0,0.0,0.0,0.0,0.0,0.0,0.0,0.0,0.0,0.0,0.0,0.0,0.0,0.0,0.0,0.0,0.0,0.0,0.0,0.0,0.0,0.0,0.0,0.0,0.0,0.0,0.0,0.0,0.0,0.0,0.0,0.0,0.0,0.0,0.0,0.0,0.0,0.0,0.0,0.0,0.0,0.0,0.0,0.0,0.0,0.0,0.0,0.0,0.0,0.0,0.0,0.0,0.0,0.0,0.0,0.0,0.0,0.0,0.0,0.0,0.0,0.0,0.0,0.0,0.0
GGCGCATGAATTGATG-1,0.632448420265795,0.30063492276565335,0.11438678919103787,0.053430629065743696,0.0,0.0,0.05081398747169887,0.0,0.007843616518645808,0.0,0.0,0.04519687854744763,0.0,0.0,0.0,0.15419058666970548,0.0,0.00139992497020486,0.01884149064921821,0.002138433719042091,0.0,0.0,0.0,0.0,0.0,0.0,0.0078634700188229,0.0,0.0,0.007786176928174543,0.0,0.0,0.0032679725124585036,0.006620703783653302,0.0,0.0,0.0,0.0,0.0,0.0,0.0,0.0,0.0033570337112703665,0.006183647079100513,0.0,0.0,0.005533496445479493,0.0,0.0,0.0,0.0,0.0,0.0,0.0,0.0,0.004518204415716039,0.0,0.0,0.0,0.0,0.0,0.0,0.0,0.0,0.0,0.0,0.0,0.0,0.0,0.0,0.0,0.0,0.0,0.0,0.0,0.0,0.0,0.0,0.0,0.0,0.0,0.0,0.0,0.0032679725124585036,0.0,0.0,0.0,0.0,0.0,0.0,0.0,0.0,0.0,0.0,0.0,0.0,0.0,0.0,0.0,0.0,0.0,0.0,0.0,0.0,0.0,0.0,0.0,0.0,0.0,0.0,0.0,0.0,0.0,0.0,0.0,0.0,0.0,0.0,0.0
GGCGCGTTCGAGTTTA-1,0.1376724058328589,0.5636600106227239,0.12811163740910525,0.0,0.0,0.0,0.008562683657507491,0.0,0.005848301402242422,0.0,0.21789992676621475,0.028665784696089186,0.0030321780509313077,0.0,0.0,0.0,0.0,0.000471313261036994,0.004208225234666209,0.024619349710609577,0.01950786200905781,0.0,0.032577196804628984,0.0,0.0,0.030737103129542993,0.0,0.0,0.0,0.0,0.0,0.0011746615602128644,0.0,0.0,0.03467573616402745,0.0,0.0,0.0,0.0,0.0,0.0,0.0,0.0013320352717918825,0.0,0.0,0.0,0.0,0.0,0.0,0.0,0.0,0.0,0.0,0.0,0.0,0.0,0.0,0.0,0.0,0.0,0.0,0.0,0.004443956127747228,0.0,0.0,0.0,0.0,0.0,0.0,0.0,0.0,0.0,0.0,0.0,0.0019447567849237802,0.0,0.0,0.0,0.0,0.0,0.0,0.0,0.0,0.0,0.0,0.0,0.0,0.0,0.0,0.0,0.0,0.0,0.0,0.0,0.0,0.0,0.0,0.0,0.0,0.0,0.0,0.0,0.0,0.0,0.0,0.0,0.0,0.0,0.0,0.0,0.0,0.0,0.0,0.0,0.0,0.0,0.0,0.0,0.0
GGCGTCCTATCCGCTG-1,0.5845642160656553,0.4160797849257276,0.067756751072572,0.10210596382620567,0.1333719275513363,0.0,0.06278437607600616,0.12946690610126582,0.03958310773956402,0.0,0.0,0.0,0.004156888693964872,0.014177388757037213,0.0,0.0,0.0,0.021918268505876266,0.021110713593547492,0.0,0.014060039206686185,0.0,0.0,0.0,0.0,0.01582861481901999,0.0,0.007722729211436766,0.0,0.0,0.0,0.0,0.0,0.0,0.0,0.0,0.0,0.0,0.0,0.0,0.0,0.0,0.0,0.0,0.0,0.0,0.0,0.012547002128817781,0.010399383945291671,0.0,0.0,0.0,0.0,0.0,0.0,0.0,0.0,0.0,0.0,0.0,0.0,0.0,0.0,0.0,0.0,0.0,0.0,0.0,0.0,0.0,0.0,0.0,0.0,0.0,0.0,0.0,0.0,0.0,0.0,0.0,0.0,0.0,0.0,0.0,0.0,0.0,0.0,0.0,0.0,0.0,0.0,0.0,0.0,0.0,0.0,0.0,0.0,0.0,0.0,0.0,0.0,0.0,0.0,0.0,0.0,0.0,0.0,0.0,0.0,0.0,0.0,0.0,0.0,0.0,0.0,0.0,0.0,0.0,0.0
GGCTATTAAGTTGTAT-1,0.12417811138824414,0.06395182203363292,0.0,0.02485945409727711,0.0,0.0,0.0,0.0,0.008486150882517252,0.0,0.0,0.02828568387187628,0.0,0.0,0.0,0.0,0.012427126033734883,0.0,0.0,0.0,0.0,0.0,0.0,0.0,0.0,0.0,0.0,0.0,0.0,0.01110685534173263,0.0,0.0,0.0,0.0,0.0,0.0,0.0,0.0,0.0,0.0,0.0,0.0,0.0,0.0,0.0,0.0,0.0,0.0,0.0,0.0,0.0,0.0,0.0,0.0,0.0,0.0,0.0,0.0,0.0,0.0,0.0,0.0,0.0,0.0,0.0,0.0,0.0,0.0,0.0,0.0,0.0,0.009139015680562317,0.0,0.0,0.0,0.0,0.0,0.0,0.0,0.0,0.0,0.0,0.0,0.0,0.0,0.0,0.0,0.0,0.0,0.0,0.0,0.0,0.0,0.0,0.0,0.0,0.0,0.0,0.0,0.0,0.0,0.0,0.0,0.0,0.0,0.0,0.0,0.0,0.0,0.0,0.0,0.0,0.0,0.0,0.0,0.0,0.0,0.0,0.0
GGCTCTGCTCCAACGC-1,0.06702054808481545,0.0021231829151074047,0.06430663766100111,0.02976046384894853,0.0,0.0,0.0,0.045157803554785304,0.005406772757727737,0.0,0.0,0.0,0.0,0.013504883929528387,0.0,0.0,0.0,0.02349310311019283,0.0,0.0023902817086008687,0.00633504968178121,0.0,0.0,0.0,0.004963333166146417,0.004963333166146417,0.0,0.010187549884567475,0.0044158007140915135,0.0,0.0,0.0,0.0050693949183738185,0.0017672217879499798,0.0,0.0008757016942973325,0.01824571280483073,0.0,0.0,0.0,0.0,4.537214273419329e-05,0.0,0.0,0.0,0.0,0.0,0.0,0.0,0.0,0.0,0.0,0.0,0.0027321985287841197,0.0,0.0,0.0,0.0,0.0,0.0,0.0,0.0,0.0027321985287841197,0.0,0.0,0.0,0.0,0.0,0.0,0.0,0.0,0.0,0.0,0.0,0.0,0.0,0.0,0.0,0.0,0.0,0.0,0.0,0.0,0.0,0.0,0.0,0.0,0.0,0.0,0.0,0.0,0.0,0.0,0.0,0.0,0.0,0.0,0.0,0.0,0.0,0.0,0.0,0.0,0.0,0.0,0.0,0.0,0.0,0.0,0.0,0.0027321985287841197,0.0,0.0,0.0,0.0,0.0,0.0,0.0,0.0
GGGACCCGTATATCTT-1,0.11055530924858115,0.03629751159835911,0.00515627175245966,0.0026774572381643726,0.001161071005125845,0.0030899065247821243,0.0031428458044766108,0.03505241525840677,0.0005880149947606754,0.00014527505837030514,0.0,0.0,0.009003538081760923,0.025430294025618656,0.0032841863675074755,0.0,0.07087154591163312,0.0004017206888778117,0.0,0.017607516872391978,0.008194814144042353,0.0033825314967266856,0.0,0.00023341961950334045,0.027766361229674363,0.004018946722649023,0.00014089677352012545,0.0,0.0023840180120667034,0.00032704246339012205,0.0019487962858560966,0.011873520458277931,0.0,0.0,0.0,0.002395546470860854,0.0,0.0001416665940808911,0.0,0.0,0.0,0.005182236707557652,0.0017683494831711303,0.0,0.0,0.0,0.0,0.0,0.0,0.0011085465386787591,0.012519863845893889,0.00038593026627535294,0.0026248411567329375,0.0,0.00014538788332075833,0.0001623798831579248,0.0016913721233698768,0.0,0.0,0.0,0.0,0.0,0.0,0.0,0.0003987657156436247,0.0,0.0,0.0,0.0,0.00018462815187382165,0.0,0.0,0.002119777028609338,0.0,0.0,0.0020748582601580238,0.0,0.0,0.0005727816509628563,0.0,0.00033169743436400607,0.004309543600979908,0.0003863040510745988,0.0,8.193995539401535e-05,0.0,0.0,0.0,0.0,0.0,0.0,0.0,3.8704272292968705e-05,0.0,0.0,0.0,0.0,0.0,0.0,0.0,0.0,0.0,0.0,0.0,0.0,0.0,0.0,0.0,0.0,0.0,0.0,0.0,0.0003764543102045823,0.0,0.0,0.0,0.0,0.0,0.0
GGGACTGCATAGATAG-1,0.07363686720471575,0.07914073341148269,0.0,0.0,0.0,0.0,0.021720333638228947,0.0,0.007766898831726914,0.0024562595772310266,0.0,0.0,0.0,0.0053982142445744,0.045572843797680194,0.0,0.0,0.004191881281707088,0.0,0.0,0.010780224277768377,0.0,0.0,0.0,0.0,0.0,0.0,0.00038946806986415555,0.0008840552194475817,0.0,0.0,0.0,0.0,0.0,0.0,0.0,0.0,0.0,0.0018827969898279917,0.02916788271603847,0.0,0.0,0.0054508420292671955,0.0,0.0,0.0,0.0,0.0,0.004032522488342581,0.0033429279726358493,0.0,0.0,0.0,0.004032522488342581,0.0,0.0,0.0,0.0,0.0,0.0,0.0,0.0,0.0,0.0,0.0,0.0,0.0,0.0,0.0,0.0,0.0,0.0,0.0,0.0,0.0005546280543017101,0.0,0.0,0.0,0.0,0.0,0.0,0.0,0.0,0.0,0.0,0.0,0.0,0.0,0.0,0.0,0.0,0.0,0.0,0.0,0.0,0.0,0.0,0.0,0.0,0.0,0.0,0.0,0.0008185861774228835,0.0,0.0,0.0,0.0,0.0,0.0,0.0,0.0,0.0,0.0,0.0,0.0,0.0,0.0,0.0,0.0
GGGAGAACTCACAGTA-1,0.09068981131260011,0.08937330632842742,0.0,0.0,0.0,0.0,0.0,0.0,0.0,0.0,0.0,0.0,0.0,0.0,0.0,0.0,0.0,0.0,0.0,0.0,0.0,0.0,0.0,0.0,0.0,0.0,0.0,0.0,0.0,0.0,0.0,0.0,0.0,0.0,0.0,0.0,0.0,0.0,0.0,0.0,0.0,0.0,0.0,0.0,0.0,0.0,0.0,0.0,0.0,0.0,0.0,0.0,0.0,0.0,0.0,0.014302514650975021,0.0,0.0071512573254875105,0.0,0.0,0.0,0.0,0.0,0.0,0.0,0.0,0.0,0.0,0.0,0.0,0.0,0.0,0.0,0.0,0.0,0.0,0.0,0.0019669233243140216,0.0,0.0,0.0,0.0,0.0,0.0,0.0,0.0,0.0,0.0,0.0,0.0,0.0,0.0,0.0,0.0,0.0,0.0,0.0,0.0,0.0,0.0,0.0,0.0,0.0,0.0,0.0,0.0,0.0,0.0,0.0,0.0,0.0,0.0,0.0,0.0,0.0,0.0,0.0,0.0,0.0
GGGAGGATGCCCGAAA-1,0.1778909745294037,0.2831409192086818,0.26818981061181507,0.0,0.0,0.0,0.0,0.0,0.01313715896126955,0.0,0.0,0.0,0.0,0.007086884091481203,0.0,0.0,0.0,0.0,0.01933096422750651,0.005795128633296969,0.0,0.0,0.0,0.0,0.0,0.0,0.0,0.0,0.001823011518024206,0.0,0.0,0.0,0.0,0.0028964716177540947,0.0,0.0,0.0,0.01461664798393358,0.0,0.0,0.0,0.0,0.0026642307488372765,0.0,0.0,0.0,0.0,0.0,0.0,0.0,0.0,0.0,0.0,0.0,0.008629821621276242,0.0,0.0,0.0,0.0,0.0,0.0,0.0,0.006836681613644556,0.0,0.0,0.0,0.0,0.0,0.0,0.0,0.0,0.0,0.0,0.0,0.0,0.0,0.0,0.0,0.0,0.0,0.002428013831421511,0.0,0.0,0.0,0.0,0.0,0.0,0.0,0.0,0.0,0.0,0.0,0.0,0.0,0.0,0.0,0.0,0.0,0.0,0.0,0.0,0.0,0.0,0.0,0.0,0.0,0.0,0.0,0.0,0.0,0.0,0.0,0.0,0.0,0.0,0.0,0.0,0.0,0.0
GGGATGGTCGTAACCG-1,0.6293698300978947,0.4920054195267127,0.13755480234727654,0.08373533247837357,0.049208731760180306,0.0,0.0,0.0,0.0,0.013233918618980673,0.0,0.0,0.0020432810557198715,0.0,0.0,0.1758874203401993,0.0,0.009333124697366623,0.01112713810242282,0.0,0.009883457957669149,0.0,0.0,0.0,0.0,0.0,0.0,0.00971856538133601,0.006914047525252078,0.0,0.007903170042952662,0.0,0.0,0.0017921304303219604,0.0,0.009953354034349195,0.0,0.0,0.0,0.0,0.0,0.0005311292779942035,0.0,0.0,0.0,0.0,0.0,0.0,0.0,0.0,0.0,0.0,0.0,0.004277349199425417,0.0,0.0,0.0,0.0,0.0,0.012305955738571656,0.0,0.011641092730244846,0.010872325298582496,0.0,0.0,0.0,0.0,0.0,0.0,0.0,0.0,0.0,0.0,0.0,0.0,0.0,0.0,0.0,0.0,0.0,0.0,0.0,0.0,0.0,0.0,0.004277349199425417,0.0012415400151317949,0.0,0.0,0.0,0.0,0.0,0.0,0.0,0.0,0.01973670745597044,0.0,0.0,0.0,0.0,0.0,0.0,0.0,0.0,0.0,0.0,0.0,0.0,0.0,0.0,0.0,0.0,0.0,0.0,0.0,0.0,0.0,0.0,0.0
GGGCCCGTCTTAAACA-1,0.2524931151689263,0.14163338836588016,0.10984047619216333,0.13292080889586896,0.0,0.0,0.0,0.0,0.012743284391686201,0.0,0.0,0.017898131035148312,0.0,0.0,0.0,0.0,0.0,0.00636657855796379,0.021611903617293402,0.0016760606845361865,0.0,0.0,0.0,0.0,0.0,0.0,0.014124394975292224,0.0,0.0,0.0,0.0,0.0,0.0,0.0,0.0,0.0,0.0,0.0,0.0,0.0,0.030849946797764954,0.0,0.0037557227487208197,0.0,0.0,0.0,0.0,0.0,0.0,0.0,0.0,0.0,0.0,0.005821476861851435,0.0,0.0,0.0,0.0,0.0,0.0,0.0,0.0,0.0,0.0,0.0,0.0,0.0,0.0,0.0012481133384349397,0.0,0.0,0.0,0.0,0.0,0.0,0.0,0.0,0.0,0.0,0.0,0.0,0.0,0.0,0.0,0.0,0.0,0.0,0.0,0.0,0.0,0.0,0.0,0.0,0.0,0.0,0.0,0.0,0.0,0.0,0.0,0.0,0.0,0.0,0.0,0.0,0.0,0.0,0.0,0.0,0.0,0.0,0.0,0.0,0.0,0.0,0.0,0.0,0.0,0.0
GGGCCCTACGAAAGGG-1,0.5080324829990661,0.010960013330408275,0.19919699807424313,0.0817060190104549,0.050566512526079736,0.0,0.043338323043843024,0.07198058846540038,0.0019326255454730434,0.010634447299943102,0.11284010728808368,0.020212142524586186,0.01795324840213191,0.03724555687426993,0.0,0.0,0.0,0.004806744615627852,0.011538772412633347,0.007248749650033401,0.0,0.0,0.007649009197886584,0.0,0.007795246647913439,0.0063404382516409116,0.0,0.008042714941134699,0.0,0.0,0.0006246205613278057,0.0010472584173743635,0.0,0.0,0.0,0.0,0.0,0.0,0.006096597763352514,0.029833714046324147,0.0,0.00839116791305343,0.0004507751446578735,0.0,0.0,0.0,0.0,0.0,0.0,0.0,0.0,0.008279209919304984,0.0,0.0,0.0,0.00265330525346574,0.0,0.0035928621219949684,0.0,0.0,0.0,0.00265330525346574,0.0,0.0,0.008115823155032504,0.0,0.0,0.0,0.0,0.0,0.0,0.0,0.0,0.0,0.0005246584531807765,0.0,0.0,0.0,0.005010128276056949,0.0,0.0,0.0,0.0,0.0,0.0,0.0017964310609974842,0.0,0.0,0.0,0.0,0.0,0.0,0.0,0.0,0.0,0.0,0.0,0.0,0.0,0.0,0.0,0.0,0.0,0.0,0.0,0.0,0.0,0.0,0.0,0.0,0.0,0.0,0.0,0.0,0.0,0.0,0.0,0.0,0.0
GGGCCCTTATCTATAC-1,0.006660579614755942,0.044026747337434585,0.0,0.0,0.001536748229538458,0.006659688950072471,0.006568694626581003,0.0,0.0,0.0,0.0,0.008769955359523938,8.841144093312327e-05,0.0046123645381343495,0.0,0.0,0.0,0.0035570157472280747,0.0,0.011110616272371851,0.0,0.0,0.0,0.0017204855509825121,0.006219897346420858,0.0,0.0,0.00044470408956755593,0.000831845469288779,0.019845142970413485,0.0,0.003097641403053956,0.001638270263142077,0.0,0.0,0.0,0.0,0.0,0.0,0.0,0.0,0.0,0.0051987840374601605,0.0,0.0,0.0,0.0,0.0,0.0,0.0,0.0037297282928740864,0.0,0.0012425825426934291,0.0,0.0015176372538870245,0.0,0.0,0.0,0.0,0.0,0.0,0.0,0.0,0.0,0.0,0.0,0.0,0.0,0.0,0.0,0.0,0.0,0.0,0.0,0.0,0.0,0.0,0.0012950966532492138,0.0,0.0006212912713467146,0.00022082784832092904,0.0,0.0,0.0,0.0,0.0,0.0,0.0,0.0,0.0,0.0,0.0,0.0,0.0,0.0,0.0,0.0,0.0,0.0,0.0,0.0,0.0,0.001534593588508864,0.0,0.0,0.0,0.0,0.0,0.0,0.0,0.0,0.0,0.0,0.0,0.0,0.0,0.0,0.0,0.0
GGGCCGGCCGAAGTAC-1,0.3038302809115043,0.16176957197482836,0.0,0.0,0.0,0.0,0.03239213837649838,0.0,0.0151339596370918,0.03117604950107869,0.0,0.026382020277690876,0.0,0.0,0.0,0.0,0.008375100668682744,0.0,0.0166977873352994,0.0,0.02431043060793661,0.0,0.0,0.0,0.0,0.0,0.0,0.0,0.0,0.01155341068586984,0.0,0.0,0.0,0.0,0.0,0.0,0.0,0.0,0.0,0.0,0.0,0.0,0.0,0.0,0.0,0.013816195963222462,0.0,0.0,0.0,0.0,0.0,0.0,0.0,0.0,0.0,0.0,0.0,0.0,0.0,0.0,0.0,0.0,0.0,0.0,0.0,0.0,0.0,0.0,0.0,0.0,0.0,0.0,0.0,0.0,0.0,0.004382541221783922,0.0,0.0,0.0,0.0,0.0,0.0,0.0,0.0,0.0,0.0,0.0,0.0,0.0,0.0,0.0,0.0,0.0,0.0,0.0,0.0,0.0,0.0,0.0,0.0,0.0,0.0,0.0,0.0,0.0,0.0,0.0,0.0,0.0,0.0,0.0,0.0,0.0,0.0,0.0,0.0,0.0,0.0,0.0
GGGCGGCAAATGAATT-1,0.7553101452127176,0.14172262114994785,0.144879639388795,0.036523654671916865,0.17453243669665783,0.0,0.0,0.17441685319678954,0.0824354787537191,0.11804446655415318,0.0,0.017155980608282044,0.0,0.0,0.0,0.0,0.0,0.008219329626092677,0.0,0.010637550164028516,0.003524001314652711,0.0,0.0,0.0,0.0,0.013757414426363536,0.0,0.011290470040171368,0.002622416023311074,0.010856406576655315,0.005536756825955268,0.0,0.007775835016441498,0.004226828752662199,0.005654352986210681,0.013040454637188802,0.0,0.0,0.0,0.0,0.0,0.0,0.0,0.0,0.0,0.0,0.0,0.009316120796548406,0.0,0.0,0.0,0.0,0.0,0.0,0.0,0.0,0.0,0.0027577437211804877,0.0,0.0,0.0,0.0027577437211804877,0.0,0.0,0.0,0.0,0.0,0.0,0.019577808513733936,0.0,0.0,0.0,0.0,0.0,0.0,0.0,0.0,0.0,0.005106874787907547,0.0,0.0,0.0,0.0,0.0,0.000938683727275504,0.0,0.0,0.0,0.0,0.0,0.0,0.0,0.0,0.0,0.0,0.0,0.0,0.0,0.0,0.0,0.0,0.0,0.0,0.0,0.0,0.0,0.0,0.003887917508220749,0.0,0.0,0.0,0.0,0.0,0.0,0.0,0.0,0.0,0.0,0.0
GGGCGGGTTCCCTACG-1,0.5782467359318432,0.0,0.0,0.0,0.0,0.0,0.0,0.0027903694292388593,0.0070133178202814676,0.0,0.0,0.01788180468555363,0.0,0.0,0.0,0.0,0.015404090078053583,0.0,0.0044868399811595445,0.018159519882624944,0.0,0.0,0.0,0.0,0.0,0.0,0.010151679561809332,0.0,0.0,0.0,0.0,0.0,0.0,0.0,0.0,0.0,0.0,0.0,0.01570999334299243,0.0,0.0,0.0,0.0,0.0,0.0,0.0,0.0,0.0,0.019878657315678554,0.0,0.0,0.0,0.0,0.0,0.0,0.0,0.0,0.0,0.008960446506117093,0.0,0.0,0.0,0.0,0.0,0.0,0.0,0.0,0.0,0.0,0.0,0.0,0.0,0.0,0.0,0.0,0.0,0.0,0.0,0.0,0.0,0.0,0.0,0.0,0.0,0.0,0.0,0.0,0.0,0.0,0.0,0.0,0.0,0.0,0.0,0.0,0.0,0.0,0.0,0.0,0.0,0.0,0.0,0.0,0.0,0.0,0.0,0.0,0.0,0.0,0.0,0.0,0.0,0.0,0.0,0.0,0.0,0.0,0.0,0.0
GGGCGTCACCACGTAA-1,0.5619935299971163,0.18796727449430117,0.1770118785744101,0.0589678077046865,0.017709208340717316,0.0,0.0,0.0591892281766542,0.004060761713400952,0.010261342643692706,0.0,0.0,0.015114464295883409,0.032938721630870256,0.0,0.0,0.017176043774868116,0.010427523565579966,0.010808538527380987,0.0,0.018782994541473617,0.0,0.0,0.0,0.0,0.006447474445942435,0.005018610918446619,0.005859636154142473,0.0104743845154794,0.0,0.0010818887064866856,0.0003673420792912061,0.006654708709616583,0.0024036901708036316,0.01037494261639315,0.010467202744701068,0.0,0.0,0.0037227868685899244,0.0,0.0,0.0,0.0005724441419037997,0.0035472190014561133,0.0,0.0,0.003478178624992969,0.00886055968173819,0.0,0.0,0.0,0.0,0.0,0.0,0.0,0.0014112872273340138,0.0,0.0,0.0,0.0,0.0,0.0,0.0,0.0,0.0,0.0,0.005427820742039873,0.0,0.0,0.0,0.0,0.0,0.0,0.0,0.0,0.0,0.0,0.0,0.0,0.0,0.0,0.0,0.0014112872273340138,0.0,0.0,0.0,0.0,0.0,0.0017375495725545287,0.0051130400809807665,0.0,0.0,0.0,0.0,0.0,0.0,0.0,0.0,0.0,0.0,0.0,0.0,0.0,0.0,0.0,0.0,0.0,0.0,0.0,0.0,0.0,0.0,0.0,0.0,0.0,0.0,0.0,0.0,0.0
GGGCTATGATCGATGG-1,0.0672138151016687,0.04221404143543598,0.005767891569459012,0.0010655993094628596,0.00044854735035499327,0.0,0.004294674671219484,0.015590559306950072,0.0012590691586832283,0.0005980711792580146,0.0,0.0,0.007762929137915723,0.031429530057190874,0.004167521433847002,0.0,0.07936905449321807,0.00112913160029288,0.0,0.016640952848108605,0.0031340408687115006,0.0,0.0,0.0025455605576041986,0.013224614547727082,0.008922669560788302,0.0002034420348024119,0.0,0.0010160822206389064,0.009077005423446211,0.0020987193175840487,0.009498037948664653,0.0,0.0,0.0,0.001072435784958451,0.0,0.0,0.014038400254956484,0.00795674461991556,0.0,0.002494632639269181,0.002475465457346394,0.0,0.0,0.0,0.00512391856662758,0.000295184151533441,0.0,0.002222591739877771,0.010201683353634642,0.00027376505854692743,0.003208187737933217,0.0,0.001714591704066047,0.0,0.0010007674598536103,0.0,0.0,0.0,0.0,0.0,0.0,0.008572991326411889,0.0,0.0,0.0,0.0,0.00033900913708798764,0.0,0.0,0.0,0.004775300852250732,0.0,0.0,0.0026552860512756562,0.0,0.0,0.0,0.0008291795978254341,0.000142185493883683,0.004145756517621544,0.0002242674558212717,0.0,2.336197298412969e-05,0.0,0.0,0.0,0.0008472473223872263,0.0003093311449039695,0.0,0.0,0.0,0.0,0.0,0.0,0.0020359725402754316,0.0,0.0,0.0,0.0,0.0,0.0,0.0,0.0,0.0,0.0,0.0,0.0,0.0,0.0,0.0,0.0005014956835613085,0.0,0.0,0.0006422892215295535,0.0,0.0,0.0
GGGCTGCCTAGGGCGA-1,0.17280858719680237,0.02307710428730643,0.0,0.0,0.0,0.0,0.021228250781584856,0.0,0.0,0.0,0.0,0.0,0.0,0.0,0.0,0.0,0.0,0.0,0.0,0.0,0.0,0.0,0.0,0.0,0.0,0.0089759369372153,0.0,0.0,0.0,0.0,0.0,0.0,0.0,0.0,0.0,0.0,0.0,0.0,0.0,0.0,0.0,0.0,0.0,0.0,0.0,0.0,0.0,0.0,0.0,0.0,0.0,0.0,0.01093459604219248,0.0,0.0,0.0,0.0,0.0,0.0,0.0,0.0,0.0,0.0,0.0,0.0,0.0,0.0,0.0,0.0,0.0,0.0,0.0,0.0,0.0,0.0,0.0,0.0,0.0,0.0,0.0,0.0,0.0,0.0,0.0,0.0,0.0,0.0,0.0,0.0,0.0,0.0,0.0,0.0,0.0,0.0,0.0,0.0,0.0,0.0,0.0,0.0,0.0,0.0,0.0,0.0,0.0,0.0,0.0,0.0,0.0,0.0,0.0,0.0,0.0,0.0,0.0,0.0,0.0,0.0
GGGTACTTCATGAACT-1,0.24414287606010204,0.042068380616316826,0.07575331807511099,0.09632467682106574,0.0,0.0,0.0,0.0,0.007223429800109921,0.0,0.0,0.0,0.0,0.014522131922851247,0.0,0.0,0.0,0.0,0.024400947595404024,0.002741569579860351,0.0,0.0,0.021056191270596675,0.011661080861166552,0.0,0.0,0.0,0.0,0.0,0.0,0.0025633548427838656,0.0,0.0,0.0,0.0,0.0,0.0,0.0,0.0,0.0,0.0,0.0,0.0,0.0057508501992471865,0.0,0.0,0.0020235281895282587,0.0,0.0,0.0,0.0013710846220283258,0.0,0.0,0.0,0.0,0.0,0.0,0.0,0.0,0.0,0.0,0.0,0.0,0.0,0.0,0.0,0.0,0.0,0.0,0.0,0.0,0.0,0.0,0.0,0.0,0.0,0.0,0.0,0.0,0.0,0.0,0.0,0.0,0.0057508501992471865,0.0,0.0,0.0,0.0,0.0,0.0,0.0,0.0,0.0,0.0,0.0,0.0,0.0,0.0,0.0,0.0,0.0,0.0,0.0,0.0,0.0,0.0,0.0,0.0,0.0,0.0,0.0,0.0,0.0,0.0,0.0,0.0,0.0,0.0,0.0
GGGTATGTATGCACTT-1,0.7115585623482341,0.4836512290019624,0.049641069537169055,0.03904956889655971,0.07697301515194709,0.0,0.0,0.047631151483977445,0.027772575138220984,0.0,0.046256596913943814,0.021537028805125584,0.01639540820387575,0.0,0.0,0.0,0.0,0.0019582270898958593,0.0,0.0,0.0028778801215506114,0.014012493836842485,0.0030206551048980405,0.006771865323838478,0.0023597231881380305,0.0,0.021868780826126148,0.0012301473499895094,0.0050149524865346,0.0014140404835613235,0.0055989381722408894,0.0,0.0,0.0007004045977248369,0.0,0.0,0.0,0.0,0.0,0.0,0.0,0.0,0.0015048763033152616,0.0,0.0,0.0,0.0,0.0,0.002151941960576874,0.0,0.0,0.0,0.0,0.0,0.0,0.0,0.0,0.0,0.0,0.0,0.0,0.0,0.0,0.0,0.005340076744011598,0.0,0.0,0.0,0.0,0.0,0.0,0.0,0.0,0.0,0.0,0.0,0.0,0.0,0.0,0.0006872747311516221,0.0,0.0,0.0,0.004768021910876361,0.0009597741553732545,0.0,0.0,0.0,0.0,0.0,0.0,0.0,0.0,0.0,0.0,0.0,0.0,0.0,0.0,0.0,0.0,0.0,0.0,0.0,0.0,0.0,0.00041846770309762694,0.0,0.0,0.0,0.0,0.0,0.0,0.0,0.0,0.0,0.0,0.0,0.0
GGGTCGTGGCAAGTGT-1,0.1533720809528822,0.0,0.15647520655618857,0.02322878886350058,0.0,0.0,0.0,0.0,0.014104385703363153,0.0,0.0,0.0,0.025929733210258127,0.0,0.0,0.0,0.0,0.014104385703363153,0.0,0.0,0.0,0.0,0.0,0.0,0.0,0.0,0.0,0.0,0.0,0.009563663423220181,0.0,0.0,0.0,0.007788807182465816,0.0,0.0,0.0,0.0,0.0,0.0,0.0,0.0,0.0,0.0,0.0,0.0,0.0,0.0,0.0,0.0,0.0,0.0,0.0,0.0,0.0,0.0,0.0,0.0,0.0,0.0,0.0,0.0,0.0,0.0,0.0,0.0,0.0,0.0,0.0,0.0,0.0,0.0,0.0,0.0,0.0,0.0,0.0,0.0,0.0,0.0,0.0,0.0,0.0,0.0,0.0,0.0,0.0,0.0,0.0,0.0,0.0,0.0,0.0,0.0,0.0,0.0,0.0,0.0,0.0,0.0,0.0,0.0,0.0,0.0,0.004135376598735064,0.0,0.0,0.0,0.0,0.0,0.0,0.0,0.0,0.0,0.0,0.0,0.0,0.0,0.0
GGGTGACACCTTAACT-1,0.5504032264531757,0.5162189583597765,0.1349897064470459,0.0796069439619303,0.0,0.1097550354103566,0.0,0.11242379983803774,0.0,0.0,0.0,0.0,0.011270376934389953,0.0,0.0,0.0,0.029691539068719346,0.0035347880691295433,0.02892214097785825,0.01248441587449774,0.0037312824678769727,0.027482079381376576,0.02328510410892268,0.0,0.0037356620801117786,0.0,0.002641931445518233,0.0,0.0,0.005624001309506497,0.0,0.0,0.0,0.0,0.016719033808705135,0.0,0.0,0.0,0.0,0.0,0.0,0.0,0.0015147690913854084,0.00288762668024459,0.0,0.0,0.0,0.0,0.0,0.0,0.0,0.0,0.0,0.0,0.007691337495085444,0.00288762668024459,0.0,0.0,0.0,0.0,0.0,0.0,0.0,0.0,0.0,0.0,0.0,0.0,0.0,0.0,0.0,0.0,0.0,0.0,0.0,0.0,0.0,0.004773749502588202,0.0,0.0,0.0,0.0,0.0,0.0,0.0,0.0,0.0,0.0,0.0,0.0,0.0,0.0,0.0,0.0,0.0,0.0037486840049650322,0.0,0.0,0.0,0.0032224474008525836,0.0,0.0,0.0,0.0,0.0,0.0,0.0,0.0,0.0,0.0,0.0,0.0,0.0,0.0,0.0,0.0,0.0,0.0,0.0
GGGTTAACATTTGAGT-1,0.12812399700878693,0.3299995199113792,0.048902343550943105,0.037903446584648,0.001900923302146995,0.0,0.005153937120082652,0.0014340352866082776,0.0,0.004686930795427073,0.0,0.01814068695011347,0.0009842144029615888,0.0027278573417566536,0.0,0.0,0.02659161178548034,0.0008483324181055122,0.0,0.0008563257374454279,0.0,0.0,0.0,1.8874470874374132e-05,0.0,0.0,0.0,0.0003998391813409435,0.0026903493275362207,0.007410595828860178,0.0002139643208801548,0.013792030793352903,0.00041123970666217093,0.0,0.0,0.0043636083636945265,0.0,0.0,0.0,0.029689707071471623,0.0,0.0010766051555124998,0.0030295856917611627,0.0012113700738162862,0.0,0.0,0.0,0.0,0.0,0.0010291793084515016,0.004237152878257152,0.0,0.0014507773369739224,0.0,0.001627610070980029,0.0,0.001133031727411575,0.0,0.0,0.0,0.002856083885546314,0.0,0.0,0.018787312719082013,0.0,3.124066560898977e-05,0.0,0.0,0.0,0.0,0.0,0.0,0.0,0.0,0.0014143784031875883,0.0011531167554590161,0.0,0.0,0.0,0.0,0.0014381012592044238,0.0,0.0008405349502746139,0.0,0.0,0.0,0.0,0.0,0.0,0.00020116820877883284,0.0,0.0005367443103100736,0.0,0.0,0.0,0.0005115898186720864,0.0,0.0,0.0,0.0,0.0,0.0,0.0,0.0,0.0,0.0,0.0,0.0,0.0,0.0,0.0,0.0,0.0003037906399645403,0.0,0.0,0.0,0.0001715920394799973,0.0,0.0
GGTACAAACATGCTAT-1,0.5607099191277226,0.0324082539788253,0.0,0.04198135876091837,0.0,0.0,0.00704618437789463,0.0,0.0,0.027342360764224406,0.0,0.027648133120505673,0.0,0.0,0.0,0.0,0.0,0.014923244135298108,0.011581690337023746,0.0,0.014487283702358798,0.0,0.0,0.0,0.0,0.0,0.0,0.003052100887418548,0.0,0.0,0.001003149267345526,0.0,0.0,0.0058059522164080075,0.0,0.004900139527285446,0.0,0.0,0.0,0.0,0.0,0.0,0.0,0.0038812148696075904,0.0,0.0,0.006693475062933257,0.0,0.0,0.0038812148696075904,0.0,0.0,0.0,0.0,0.0,0.0,0.0,0.0,0.0,0.0,0.0,0.0,0.0,0.0,0.0,0.0,0.0,0.0,0.0,0.0,0.0,0.0,0.0,0.0,0.0,0.0,0.0038812148696075904,0.0,0.0,0.0,0.0,0.0,0.0,0.0,0.0,0.0,0.0,0.0,0.0,0.0,0.0038812148696075912,0.0,0.0,0.0,0.0,0.0,0.0,0.0,0.0,0.0,0.0,0.0,0.0,0.0,0.0,0.0,0.0,0.0,0.0,0.0,0.0,0.0,0.0,0.0,0.0,0.0,0.0,0.0,0.0
GGTACATCTGGGACGA-1,0.45609457384670454,0.43987380612361626,0.0684167124509549,0.057107463296618435,0.01128871336444593,0.0,0.038209437250226935,0.010058578181038683,0.011690307792171051,0.05835520836574112,0.0,0.027982058352639477,0.0,0.0,0.0,0.0,0.0,0.0057436806234846365,0.026054117378611963,0.0,0.013943202370380929,0.0,0.013266781634623168,0.0,0.0,0.0,0.0,0.0,0.0,0.0,0.0011975269034981415,0.0,0.003587200564987219,0.0,0.0,0.0,0.0,0.0,0.0,0.0,0.0,0.006994213000639136,0.0,0.0017936002824936095,0.0,0.0,0.0,0.003587200564987219,0.0,0.0,0.0008389853373890443,0.0,0.0,0.0,0.0,0.003587200564987219,0.0,0.0,0.0,0.013241322182017717,0.0,0.0,0.0,0.0,0.003973935259052357,0.0,0.0,0.0,0.0,0.0,0.0,0.0,0.0,0.0,0.0,0.0,0.0,0.0,0.0,0.0,0.0,0.0,0.0,0.0,0.0,0.0,0.0,0.0,0.0,0.0,0.0,0.0017936002824936095,0.0,0.0,0.0,0.0,0.0,0.0,0.0,0.0,0.0,0.0,0.0,0.0,0.0,0.0,0.0,0.0,0.0,0.0,0.0,0.0,0.0,0.0,0.0,0.0,0.0,0.0,0.0
GGTAGACCGTTGGGCG-1,0.43136894292489425,0.4515517640952819,0.07982764753790789,0.01099696486040796,0.007490628020073082,0.0050350354379404055,0.07446091341292761,0.003391314182702441,0.0017326233482538559,0.022716366736263635,0.0,0.026268141522565867,0.021770224442513694,0.0301700842877274,0.0,0.0,0.0,0.00342951164788273,0.0,0.0024218280211468837,0.0,0.0,0.0,0.0012628440878387763,0.014036692559780886,0.0,0.0032581629860622364,0.004682357005113023,0.003338446324032513,0.0,0.002536837170289854,0.002516016569386209,0.0,0.002326741680019822,0.0,0.005030628584369236,0.0,0.0,0.0,0.0,0.0,0.003039142581078323,0.0022324705753737546,0.0,0.0,0.0,0.009258197683991469,0.0006466260269819046,0.0,0.004080754188034803,0.0028594599347295706,0.006284328883281943,0.0006466260269819046,0.0,0.0,0.0006466260269819045,0.0,0.0,0.0,0.0,0.0,0.0,0.0,0.0,0.0,0.0,0.0,0.0,0.0,0.0,0.0,0.0,0.0,0.0,0.00313645233693661,0.0,0.0,6.771457889049164e-05,0.0,0.0,0.0005987419043693634,0.0,0.0,0.0,0.0,0.0,0.00029358715832791685,0.0,0.0,0.0,0.0015075367005395444,0.0,0.0,0.0,0.0,0.0,0.0,0.0,0.0,0.0,0.0,0.0,0.0,0.0,0.0,0.0,0.0,0.0,6.771457889049164e-05,0.0,0.0,0.0,0.0,0.0,0.0,0.0,0.0,0.0,0.0
GGTAGTGCTCGCACCA-1,0.11754254130146154,0.0,0.044850105999712286,0.0,0.03846328750848632,0.0,0.0,0.0,0.027523448683067678,0.0032803920128032468,0.0,0.0,0.0,0.0,0.0,0.0,0.0,0.0,0.0,0.0,0.0,0.0,0.005404756718261453,0.0,0.0,0.0,0.0,0.0,0.0,0.0,0.0,0.0,0.008554289969144086,0.0,0.0,0.0,0.0,0.0,0.0,0.0,0.0,0.0,0.0,0.0,0.0,0.0,0.0,0.0,0.0,0.0,0.0,0.0,0.0,0.0,0.0,0.0,0.0,0.0,0.0,0.0,0.0,0.0,0.0,0.0,0.0,0.0,0.0,0.0,0.0,0.0,0.0,0.0,0.0,0.0,0.0,0.0,0.0,0.0,0.0,0.0,0.0,0.0,0.0,0.0,0.0,0.0,0.0,0.0,0.0,0.0,0.0,0.0,0.0,0.0,0.0,0.0,0.0,0.0,0.0,0.0,0.0,0.0,0.0,0.0,0.0,0.0,0.0,0.0,0.0,0.0,0.0,0.0,0.0,0.0,0.0,0.0,0.0,0.0,0.0
GGTCAGTGGGTCCCAC-1,0.2616956459038971,0.25395302623871235,0.29195630108582604,0.15914852126319917,0.04777339298837705,0.0,0.009561912063306434,0.0,0.010507756636845257,0.0,0.0,0.029180201694820912,0.011201549378070805,0.0,0.0,0.0,0.016643383950661214,0.02450861310516984,0.010349050474823648,0.012706247797924142,0.00934943911366,0.0,0.0,0.0,0.000256795368003195,0.014329635669902887,0.007856413722099057,0.0,0.0,0.0,0.0,0.0007438537193572921,0.0,0.0,0.031190814506856915,0.0,0.0,0.0,0.013552152682740789,0.0,0.0,0.0,0.0,0.0,0.0,0.0,0.0,0.0025327807600672397,0.0,0.0,0.00038675631833356104,0.0,0.0,0.0,0.0,0.0,0.0,0.0,0.0,0.0,0.0,0.0,0.0,0.0,0.0,0.0,0.0,0.0,0.0,0.0,0.0,0.0,0.0,0.0,0.0,0.0,0.0,0.0,0.0,0.0,0.0,0.0,0.0,0.0,0.0,0.0,0.0,0.0,0.0,0.0,0.0,0.0,0.0,0.0,0.0,0.005552854058091794,0.0,0.0,0.0,0.0,0.0,0.0,0.0,0.0,0.0,0.0,0.0,0.0,0.0,0.0,0.0,0.0,0.0,0.0,0.0,0.0,0.0,0.0,0.0
GGTCGGATAAACGGCG-1,0.26865166976025695,0.0921654665885145,0.05325957438267163,0.07738750496918341,0.05494882621951668,0.0,0.0,0.0,0.0,0.010655534116967388,0.0,0.0,0.0,0.0,0.0,0.0,0.0,0.018179027632175868,0.0,0.0,0.01876566514027185,0.0,0.0,0.018179027632175868,0.0,0.0,0.0,0.0,0.0,0.0,0.0,0.0,0.0,0.0,0.0,0.0,0.0,0.0,0.0,0.0,0.0,0.0,0.0,0.0,0.0,0.0,0.0,0.0,0.0,0.0,0.0,0.0,0.0,0.0,0.0,0.0,0.0,0.0,0.0,0.0,0.0,0.0,0.0,0.0,0.0,0.0,0.0,0.0,0.0,0.0,0.012606254803445653,0.0,0.0,0.00844820142620659,0.0,0.0,0.0,0.0,0.0,0.0,0.0,0.0,0.0,0.0,0.0,0.0,0.0,0.0,0.0,0.0,0.0,0.0,0.0,0.0,0.0,0.0,0.0,0.0,0.0,0.0,0.0,0.0,0.0,0.0,0.0,0.0,0.0,0.0,0.0,0.0,0.0,0.0,0.0,0.0,0.0,0.0,0.0,0.0,0.0
GGTCGGTCGTCCACAG-1,0.17116666149210236,0.21020716290257518,0.014675588500967916,0.006550725121568632,0.0,0.0,0.001302341310209422,0.0019346471047947576,0.0,0.0012249081458737773,0.0,0.03492022440502117,0.008075625224442263,0.022098404283671803,0.004970428909230571,0.0,0.03983864711279651,0.002955865327709666,0.0,0.003709359382349084,0.0,0.0021917647647407418,0.0,0.0,0.011449584830004886,0.0041092415008339885,0.0007807853852252419,0.0,0.005314561714197322,0.0,0.0026298441809426113,0.01564163376160399,0.00043567601371582353,0.00021768046205520027,0.0,0.0028422170803157586,0.0,0.0001701355680095311,0.0,0.016926811739634732,0.0,0.0029215003148096172,0.0023020750053577574,0.0,0.0,0.0,0.00313934057784828,0.0,0.0,0.00014629355001847473,0.009892428203808822,0.0,0.002390645512581003,0.0,0.0011869778031499707,0.0,0.0,0.0,0.0,0.0,0.0,0.0,0.0,0.0,0.0005268056022604194,0.00017408713809622701,0.0,0.0,0.0,0.00021145806765035215,0.0,0.0,0.0013911855169655336,0.0,0.0,0.0016042615589516337,0.0,0.0,0.0,0.0,0.0005127428485482404,0.0,0.0005471278543643804,0.0,0.0,0.0,0.0,0.0,0.002047944445588882,0.0,0.0,0.0,0.0,0.0,0.0,0.0,0.0,0.0,0.0,0.0,0.0,0.0,0.0,0.0004929887905584547,0.0,0.0,0.0,0.0,0.0,0.0,0.0,0.0,0.0,0.0,0.0,0.0,0.0,0.0,0.0
GGTCTCTGAATGGACT-1,0.024663336692877826,0.083720991881732,0.0019417143553041312,0.0011409035839419408,0.0,0.0,0.006616283118682211,0.008586546114711945,0.0027817254714952513,0.0007348140926647103,0.0,0.010011350945488667,0.011702055498343125,0.0014147662658614201,0.026689774971739414,0.0,0.006550772777626217,0.00367717473201302,0.0,0.02776785853191428,0.009300434419261983,0.0,0.0,0.003076114903800911,0.004074906469342766,0.00164860379315873,0.0,0.0005349413999031456,0.0,0.018640631926352715,0.0007178224535821509,0.008646482933786137,0.0,0.0,0.0,0.0009703732448086357,0.0,0.0,0.0,0.020517771277645362,0.0,0.0,0.0010581853465969951,0.0,0.0,0.0,0.0,0.0,0.0,0.0003786850247042146,0.003109696749306673,0.0,0.0,0.0,0.0,0.0,0.0,0.0,0.0,0.0,0.0,0.0,0.0,0.0,0.000433851399192075,0.00010838465057738475,0.0,0.0,0.0,0.0,0.0,0.0,0.0009273103963302315,0.0,0.0,0.0,0.0,0.0016902815628466114,0.0,0.0,0.0007854664477786684,0.0,0.00048789805661889177,0.0,0.00023635497796029958,0.0,0.00018400453244760587,0.0,0.0006712267659679051,0.00012308142576452784,0.0,0.0,0.0,0.0,0.0,0.0,0.0,0.0009720769021217816,0.0,0.0,0.0,0.0,0.0,0.0,0.0,0.0,0.0,0.0,0.0,0.0,0.0,0.0,0.0,0.0,0.0,0.0,0.0,0.0,0.0
GGTGAAGTACAGGGAT-1,0.24894976336197344,0.14287994734721343,0.10510254940124517,0.0,0.0,0.0,0.06677413938240359,0.1307361815145621,0.010245876230382854,0.0,0.19108011362524616,0.0,0.02984931936611462,0.0,0.0,0.0,0.0,0.009906164525962047,0.005267470471057147,0.0,0.0035938059410340383,0.0,0.0,0.0,0.0009274636900894457,0.0,0.0,0.0,0.0,0.0,0.0036685546299553245,0.0,0.0,0.0,0.0,0.0,0.0,0.0,0.0,0.0,0.0,0.0016686186650087162,0.0,0.0,0.0,0.0,0.0,0.0,0.0,0.0,0.0,0.0,0.0,0.0,0.0,0.0,0.0,0.0,0.0,0.0,0.0,0.0,0.0,0.0,0.0,0.0,0.0,0.0,0.0,0.0,0.0,0.0,0.0,0.0,0.001100968904032788,0.0,0.0,0.0,0.0,0.0,0.0,0.004244986039310263,0.0,0.0,0.0,0.0,0.0,0.0,0.0,0.0,0.0,0.0,0.0,0.0,0.0,0.0,0.0,0.008347854105791513,0.0,0.0,0.0,0.0,0.0,0.0,0.0,0.0,0.0,0.0,0.0,0.0,0.0,0.0,0.0,0.0,0.0,0.0,0.0,0.0,0.0
GGTGATAAGGAGCAGT-1,0.4354723285665724,0.14882756096670005,0.0,0.23319698245630513,0.0,0.0,0.0,0.0,0.003754783416323033,0.0027303161114994837,0.0,0.009016867263249548,0.013832618979686207,0.0,0.0,0.0,0.0,0.0,0.0,0.0,0.0,0.0,0.0,0.0,0.0,0.012540557267528165,0.025607450115623712,0.0,0.0,0.0,0.0,0.0,0.0,0.0,0.0,0.008058752729642975,0.0,0.0,0.0,0.0,0.0,0.0,0.0,0.0,0.0,0.0,0.0,0.0,0.0,0.0,0.0,0.0,0.0,0.00831173997594941,0.00831173997594941,0.0,0.0,0.0,0.00831173997594941,0.0,0.0,0.012455318207446048,0.0,0.0,0.0,0.0,0.011807437731683412,0.0,0.0,0.00831173997594941,0.0,0.0,0.0,0.0,0.0,0.0,0.0,0.0,0.0,0.0,0.0,0.0,0.0,0.0,0.0,0.0,0.0,0.0,0.0,0.0,0.0,0.0,0.0,0.0,0.0,0.0,0.0,0.0,0.0,0.0,0.0,0.0,0.0,0.0,0.0,0.00831173997594941,0.0,0.0,0.0,0.0,0.0,0.0,0.0,0.0,0.0,0.0,0.0,0.0,0.0
GGTGCTGATCACAAAG-1,0.7862605673300203,0.6358213682426566,0.11972959876192338,0.14703875410504358,0.21876229275786652,0.18971438599563475,0.10741518696952299,0.05304109868080943,0.0355854811256516,0.0,0.0,0.0,0.039441475308538566,0.016590266099930077,0.0,0.0,0.0,0.05051514918271736,0.015128044771815237,0.0,0.014813847778258546,0.029609204635297034,0.0,0.0,0.002141819310499485,0.0,0.0,0.0015650970564438276,0.0,0.0,0.009342993959260304,0.0,0.0,0.006877605540343903,0.01983364391233356,0.0,0.0,0.0,0.0,0.0,0.0,0.0002666000797027609,0.0033660119414969333,0.0,0.0,0.0,0.0,0.0,0.0,0.0,0.0,0.0,0.0,0.0,0.0,0.0,0.0,0.0,0.0,0.0,0.0,0.0,0.0,0.0,0.0,0.0014434071643188867,0.0,0.0,0.0,0.0,0.0,0.0,0.0,0.0,0.0,0.0,0.0,0.0,0.0,0.0,0.0,0.0,0.0,0.0,0.0,0.0,0.0,0.0,0.0,0.0,0.0,0.0,0.0,0.0,0.0,0.0,0.0,0.0,0.0,0.0,0.0,0.0,0.0,0.0,0.0,0.0,0.0,0.0,0.0,0.0,0.0,0.0,0.0,0.0,0.0,0.0,0.0,0.0,0.0
GGTGCTGGTACACATT-1,0.19683378550471559,0.1737332370061509,0.2273262880826098,0.05445741865675375,0.0,0.0,0.0,0.0,0.0,0.0,0.0,0.033849625183737526,0.0,0.03740924412861867,0.0,0.0,0.0,0.0,0.0,0.0,0.00890968106172701,0.0,0.0,0.0,0.0,0.0,0.0,0.0,0.0,0.0,0.0,0.0,0.0,0.0,0.0,0.0024782777725077423,0.0,0.0,0.013762473344507448,0.0,0.0,0.0,0.0,0.0,0.0,0.0,0.0,0.0,0.0,0.0,0.0,0.0,0.0,0.0,0.0,0.0,0.0,0.0,0.0,0.0,0.0,0.0,0.0,0.0,0.0,0.0,0.0,0.0,0.0,0.0,0.0,0.0,0.0,0.0,0.0,0.0,0.0,0.0,0.0,0.0,0.0,0.0,0.0,0.0,0.0,0.0,0.0,0.0,0.0,0.0,0.0,0.0,0.0,0.0,0.0,0.0,0.0,0.0,0.0,0.0,0.0,0.0,0.0,0.0,0.0,0.0,0.0,0.0,0.0,0.0,0.0,0.0,0.0,0.0,0.0,0.0,0.0,0.0,0.0
GGTTACCACCCTCGGG-1,0.23352238101803463,0.07765595830027808,0.21438937919667161,0.0,0.0,0.0,0.04352082067242374,0.0,0.06497222069836646,0.0,0.0,0.03904601878256927,0.010522509230065523,0.027993246676059836,0.0,0.0,0.0,0.0,0.005510140974832279,0.01194678580875054,0.011754678828937586,0.0,0.0,0.0,0.0,0.0,0.0,0.0,0.0,0.005932710993183889,0.004272416067432367,0.0,0.0,0.0,0.0,0.0,0.0,0.0,0.0,0.0,0.0,0.0,0.0,0.0,0.0,0.0,0.0,0.0,0.0,0.0,0.0,0.0,0.0,0.0,0.0,0.0,0.0,0.0,0.0,0.0,0.0,0.0,0.0,0.0,0.0,0.0,0.0,0.0,0.0,0.0,0.0,0.0,0.0,0.0,0.0,0.0,0.0,0.0,0.0,0.0,0.0,0.0,0.0,0.0,0.0,0.0,0.0,0.0,0.0,0.0,0.0,0.0,0.0,0.0,0.0,0.0,0.0,0.0,0.0,0.0,0.0,0.0,0.0,0.0,0.0,0.0,0.0,0.0,0.0,0.0,0.0,0.0,0.0,0.0,0.0,0.0,0.0,0.0,0.0
GGTTAGGCTTGGAGAA-1,0.20462226703846217,0.0635513000342938,0.0,0.0,0.09651218418268562,0.0,0.053816104942372475,0.0,0.014217690725403255,0.0,0.0,0.0,0.02658669984916673,0.0,0.04200964256911761,0.0,0.0,0.013695345948070651,0.02107790017675997,0.0,0.011999420065901253,0.0,0.0,0.0,0.0,0.0,0.0,0.0025067756136565563,0.0,0.0,0.010954046788542582,0.0,0.0,0.0,0.0,0.0,0.0,0.0,0.0,0.0,0.0,0.0,0.0,0.006083415200774695,0.0,0.0,0.0,0.0,0.0,0.0,0.0,0.0,0.0,0.0,0.0,0.0,0.0,0.0,0.0,0.0,0.0,0.0,0.0,0.0,0.0,0.0,0.0,0.0,0.0,0.0,0.0,0.0,0.0,0.0,0.0,0.0,0.0,0.0,0.0,0.0,0.0,0.0,0.0,0.0,0.0,0.0,0.0,0.0,0.0,0.0,0.0,0.0,0.0,0.0,0.0,0.0,0.0,0.0,0.0,0.0,0.0,0.0,0.0,0.0,0.0,0.0,0.0,0.0,0.0,0.0,0.0,0.0,0.0,0.0,0.0,0.0,0.0,0.0,0.0
GGTTAGTTACGGCGCC-1,0.6581964657860019,0.5313641809843196,0.15367873541963664,0.07549574296396838,0.30980498699584735,0.1804485060697759,0.09068557798075834,0.04428530910055146,0.05299824230554157,0.04508114994146455,0.0,0.026681447232861685,0.03840423128510765,0.018848262755368824,0.0,0.17158769288305387,0.0,0.043500872612227674,0.0,0.0,0.0,0.03416196641974833,0.05213492964374055,0.055419555957323015,0.004074018266306423,0.017898173720183645,0.02188555866038904,0.0,0.005451563262387871,0.0,0.011381576405076215,0.0,0.0,0.0,0.0,0.0,0.0,0.0,0.0,0.0,0.0,0.0019462921673878122,0.003692795668956187,0.0,0.0,0.0,0.0,0.0,0.0,0.0,0.0,0.0,0.0,0.006661284322260072,0.0,0.0,0.0,0.0,0.0,0.0,0.0,0.0,0.0,0.0,0.0,0.0,0.0,0.0,0.029476934610420787,0.0062161733497152075,0.0,0.0,0.0,0.0,0.0,0.0,0.0,0.0,0.0,0.0,0.0,0.0,0.0,0.0,0.0,0.0,0.0,0.0,0.0,0.0,0.0,0.003602908479165048,0.0,0.0,0.0,0.0,0.0,0.0,0.0,0.0,0.0,0.0,0.0,0.0,0.0,0.0,0.0,0.0,0.0,0.0,0.0,0.0,0.0,0.0,0.0,0.0,0.0,0.0,0.0
GGTTCGGATTATACTA-1,0.009674184553732423,0.02508500554001303,0.005904718629417461,0.0010009787839580315,0.0,0.0027023334021144567,0.0080406377849996,0.02041107404758102,0.0,0.0005330360366787074,0.0,0.009405099093406517,0.0016632196140086545,0.017557021643903884,0.008045180678450618,0.0,0.0,0.0,0.0,0.00828185892093683,0.0,0.0,0.0,0.0,0.011225605855319483,0.0,0.0,0.0,0.00043848926247500367,0.006098638806245069,0.0,0.0018921540731099925,0.0,0.0,0.0,0.0023413869800705035,0.0,0.0004875650304845674,0.0,0.0,0.0,0.002094910109307442,0.0008370079792462562,0.0,0.0,0.0,0.0,0.0,0.0,0.0,0.0005028351127964008,0.0,0.0,0.0,0.0,0.0,0.0,0.0,0.0,0.0,0.0,0.0,0.0,0.0,0.0,0.0,0.0,0.0,0.0,9.839398548795107e-05,0.0,0.0,0.00011264889794363493,0.0,0.0,0.0,0.0,0.0,0.0,0.0,7.094162012259406e-05,0.0,0.0,0.0,0.0,0.0,0.0,0.0,0.001457790146641076,0.0,0.0,0.0,0.0,0.0,0.0,0.0,0.0,0.0,0.0,0.0,0.0,0.0,0.0,0.0,0.0,0.0,0.0,0.0,0.0,0.0,0.0,0.0,0.0,0.0,0.0,0.0,0.0,0.0,0.0
GGTTGTGTAGCCTGGC-1,0.973961040836224,0.7009594424015188,0.27219018965711206,0.08423744142947903,0.07411434543481783,0.0,0.009208567810944318,0.010273399527450334,0.04352997442680731,0.011990394680569994,0.2283285405370762,0.0,0.0105525899091534,0.0,0.0,0.0,0.0,0.006030866669445765,0.004921810128819056,0.0,0.01085991058670133,0.01767565304495256,0.0,0.011173826880107715,0.009110371069481248,0.009338999603074575,0.01680775915450293,0.0070653897076375155,0.0030879791858453996,0.0,0.006297845517149024,0.0007846240520524353,0.012536141631823112,0.014831465905856626,0.011088080748231022,0.00453427733242781,0.03548365037887682,0.009688236296706522,0.0035669531782048375,0.0,0.0,0.003037510867773731,0.003125789430658647,0.0,0.0,0.0,0.0,0.00888488416404516,0.0,0.0,0.0,0.008303794459134898,0.004807248128411903,0.0012446842799042927,0.008067193406208886,0.0023564646508402133,0.0,0.0,0.0,0.0,0.0,0.0,0.0029003964101080486,0.0,0.0,0.0,0.0,0.0,0.0,0.0009937153452570207,0.0,0.0,0.0,0.0,0.0,0.0,0.0,0.0,0.0,0.0,0.0010823145784660284,0.0,0.0,0.0,0.0,0.001244684279904293,0.0,0.0,0.0,0.0,0.0,0.0,0.0033873371834114577,0.0,0.006772598391334193,0.0,0.0,0.0,0.0,0.0,0.0,0.0,0.0,0.0,0.0,0.0,0.0,0.0,0.0,0.0,0.0,0.0,0.0,0.0,0.0,0.0,0.0,0.0,0.0
GTAAGCGGGCAGTCAG-1,0.3145467767243175,0.07414816769436912,0.07928186283790711,0.0038057343598771895,0.07525315446952732,0.0,0.0,0.0,0.015401587463219343,0.0047145006299705,0.0,0.0,0.0,0.0,0.0,0.0,0.0,0.0,0.0,0.0,0.0,0.0020730348138568947,0.0,0.0,0.002196832514116224,0.03974805545546919,0.0,0.005136852910627494,0.0,0.0,0.0039637891237371695,0.0,0.0,0.0,0.0,0.0,0.0,0.0,0.0,0.0,0.0,0.0,0.0,0.0,0.0,0.0,0.0,0.0,0.010733888853775315,0.0,0.0,0.008811178841169208,0.0,0.0,0.0,0.0,0.0,0.0,0.0,0.0,0.0,0.011142231976723262,0.0,0.0,0.0,0.0,0.0,0.0,0.0,0.0,0.0071512573254875105,0.0,0.0,0.0,0.0,0.0,0.0,0.0,0.0,0.0,0.0,0.0,0.0,0.0,0.0,0.0,0.0,0.0,0.0,0.0,0.0,0.0,0.0,0.0,0.0,0.0,0.0,0.0,0.0,0.0,0.0,0.0,0.0,0.0,0.0,0.0,0.0,0.0,0.0,0.0,0.0,0.0,0.0,0.0,0.0,0.0,0.0,0.0,0.0
GTAAGTAACAGTCTGG-1,0.18760419335152387,0.05770724523160944,0.0,0.0,0.0,0.0,0.016341204773055173,0.0,0.0,0.016780446544190197,0.0,0.0,0.0,0.0,0.0,0.0,0.0,0.004534088011618838,0.007029022397761178,0.0,0.003288117990520491,0.0,0.0,0.0,0.0,0.0,0.0,0.0,0.0,0.0,0.0,0.0,0.0,0.0,0.0,0.0,0.0,0.0,0.0,0.0,0.0,0.0,0.0,0.0,0.0,0.0,0.0,0.0,0.0,0.0,0.0,0.0,0.0,0.0,0.0,0.0,0.0,0.0,0.0,0.0,0.0,0.0,0.0,0.0,0.0,0.0,0.007001595325752354,0.0,0.0,0.0,0.0,0.0,0.0,0.008919383921205691,0.0,0.0,0.0,0.0,0.0,0.0,0.0,0.0,0.0,0.0,0.0,0.0,0.0,0.0,0.0,0.0,0.0,0.0,0.0,0.0,0.0,0.0,0.0,0.0,0.0,0.0,0.0,0.0,0.0,0.0,0.0,0.0,0.0,0.0,0.0,0.0,0.0,0.0,0.0,0.0,0.0,0.0,0.0,0.0,0.0
GTAAGTAGGGTATACC-1,0.5678054714521878,0.13226565158235323,0.19431067172821728,0.06971177729461664,0.15086994550456673,0.0,0.04047471573539496,0.0,0.03388390493712515,0.0,0.0,0.009731250448781068,0.0,0.0,0.0,0.0,0.0,0.00544882914509716,0.0,0.0,0.0,0.0,0.017973741417139373,0.0,0.0,0.0,0.012322319292154995,0.0016570035366714065,0.0,0.0,0.00839262961450342,0.0,0.0,0.0,0.0,0.0,0.0,0.0,0.0,0.0,0.03409849340498303,0.001544181101640814,0.0,0.0,0.0,0.0,0.0,0.0,0.0,0.0,0.0,0.0,0.0,0.006284065943818056,0.010246026598100423,0.0,0.0,0.0,0.0,0.0,0.0,0.0,0.0,0.0,0.0,0.0,0.0,0.0,0.0,0.0,0.0,0.0,0.0,0.0,0.0,0.0,0.0,0.0,0.0,0.0,0.0,0.0,0.0,0.0,0.0,0.0,0.0,0.0,0.0,0.0,0.0,0.0,0.0,0.0,0.0,0.0,0.0,0.0,0.0,0.0,0.0,0.0,0.0,0.0,0.0,0.0,0.0,0.0,0.0,0.0,0.0,0.0,0.0,0.0,0.0,0.0,0.0,0.0,0.0
GTAATCTGATTCTTCG-1,0.6555547940816262,0.35016058854671256,0.12110132305461814,0.013899710694923484,0.005767942279180543,0.06512888243837811,0.08221463735292647,0.0,0.05396284534483185,0.16190673449659762,0.0,0.016935090172553076,0.0,0.0400762978946372,0.0,0.0,0.00810639331002688,0.005410419492962653,0.0,0.0076334050003530295,0.0036965322522212016,0.013417723321805798,0.0,0.0,0.0,0.0,0.010924503319203088,0.017851428429751928,0.005107394716073763,0.0,0.011422578026124694,0.0,0.0,0.0,0.0017018353545979702,0.011684438702216979,0.007386066399676407,0.009243958731103095,0.0,0.0,0.0,0.008604083840143838,0.0008102760000717172,0.0031525224277365316,0.0,0.0,0.003630656305644582,0.0,0.0,0.0,0.0,0.0,0.0,0.0,0.0,0.0,0.0047187020941565185,0.0,0.0,0.0,0.0,0.0,0.0,0.0,0.0,0.0013753589482513023,0.0,0.0,0.012586939682327616,0.0,0.0,0.0,0.0005333320357146765,0.0,0.0,0.0,0.0,0.0,0.0,0.0007800069049263743,0.0,0.0,0.0,0.0,0.0,0.005182154750527232,0.0,0.0,0.001266621759977982,0.003891499607190851,0.001266621759977982,0.0,0.0,0.0,0.0,0.0,0.0,0.0,0.0,0.0,0.0012462945900899303,0.0,0.0,0.0,0.0,0.0,0.0,0.0,0.0,0.0,0.0,0.0,0.0,0.0,0.0,0.0,0.0,0.0,0.0
GTACAGAGGCAAGGGT-1,0.7438746871863195,0.03657933975294107,0.08694838469784501,0.1931162416592033,0.0,0.0,0.0,0.0,0.017870040829471336,0.0,0.0,0.0,0.0,0.0,0.0,0.0,0.0,0.012443940535880313,0.01979853844119002,0.00217272889824859,0.02097758904969127,0.0,0.0,0.0,0.0,0.0,0.0,0.0,0.0,0.0,0.0,0.0,0.026253294729270477,0.0,0.0,0.0,0.0,0.0,0.0,0.0,0.0,0.0,0.0,0.0,0.0,0.0,0.0,0.0,0.0,0.0,0.0,0.0,0.0,0.0,0.0,0.0,0.0,0.0,0.0,0.0,0.0,0.0,0.0,0.0,0.0,0.0,0.020073623442343706,0.0,0.0,0.0,0.0,0.0,0.0,0.0,0.0,0.0,0.0,0.0,0.0,0.0,0.0,0.0,0.0,0.0,0.0,0.0,0.0,0.0,0.0,0.0,0.0,0.0,0.0,0.0,0.0,0.0,0.0,0.0,0.0,0.0,0.0,0.0,0.0,0.0,0.0,0.0,0.0,0.0,0.0,0.0,0.0,0.0,0.0,0.0,0.0,0.0,0.0,0.0,0.0
GTACGCTTCATTGCAC-1,0.4256654586393335,0.13812118953994013,0.14748378203216905,0.0,0.0,0.12337737672294913,0.0,0.0,0.0,0.0,0.0,0.0,0.0,0.0,0.0,0.0,0.0,0.013113031790047087,0.0,0.003865822155199291,0.0,0.0,0.0,0.0,0.0,0.0,0.0,0.0,0.0,0.0,0.0,0.0,0.01562900528278918,0.0,0.0,0.0,0.0,0.0,0.0,0.0,0.0,0.0,0.0,0.0,0.0,0.0,0.0,0.007330663026154864,0.010545789776149917,0.0,0.0,0.0,0.0,0.005670292170146754,0.0,0.0,0.0,0.0,0.0,0.0,0.0,0.0,0.0,0.0,0.0,0.0,0.0,0.0,0.0,0.0,0.0,0.0,0.0,0.0,0.0,0.0,0.0,0.0,0.0,0.0,0.0,0.0,0.0,0.0,0.0,0.0,0.0,0.0,0.0,0.0,0.0,0.0,0.0,0.0,0.0,0.0,0.0,0.0,0.0,0.0,0.0,0.0,0.0,0.0,0.0,0.0,0.0,0.0,0.0,0.0,0.0,0.0,0.0,0.0,0.0,0.0,0.0,0.0,0.0
GTACGTTTGCCCGTCA-1,0.2728487585647902,0.18577518395408021,0.14377594606273453,0.0,0.03249074521456843,0.0,0.008532737808737052,0.004695828392666145,0.012304621672506342,0.0,0.0,0.0,0.01700258846508448,0.0,0.0,0.0,0.0,0.0,0.0,0.006776620454005609,0.0028478094780002633,0.05805290700126242,0.0,0.01894285911037795,0.0014754352569986621,0.0,0.015298876866121934,0.0,0.0,0.003700880435662985,0.0,0.0,0.0,0.002953584157015166,0.0022290741248399814,0.0,0.0,0.0,0.0,0.011887587839850014,0.0,0.0,0.00393232250459594,0.0,0.0,0.0,0.0,0.0,0.0,0.0,0.0,0.0,0.0,0.002126031450472409,0.0,0.0,0.0,0.004435672705422672,0.0,0.0,0.0,0.0,0.005047642550752897,0.0,0.0,0.0,0.0,0.0,0.0,0.0022591195293280913,0.0,0.0,0.0,0.0,0.0020188976988644376,0.0,0.0,0.0,0.0,0.0,0.0,0.0,0.0,0.0,0.0,0.0,0.0,0.0,0.0,0.0,0.0,0.0,0.0,0.0,0.0,0.0,0.0,0.0,0.0,0.0,0.0,0.0,0.0,0.0,0.0,0.003084683011070551,0.0,0.0,0.0,0.0,0.0,0.0,0.0,0.0,0.0,0.0,0.0,0.0,0.0
GTACTCCCTTATCGCT-1,0.6753023091176436,0.3031678638242801,0.1063855924001939,0.02155526161731058,0.1208248250695397,0.0,0.0,0.14813864356288142,0.016319330365958284,0.0,0.0,0.0,0.04330620984054426,0.0,0.0,0.0,0.0,0.05313190203598844,0.006074636516326469,0.004281549241776355,0.0143515082204036,0.0,0.0,0.0,0.004654000765143199,0.0,0.0,0.0,0.0,0.0,0.006607027013759981,0.0,0.004654000765143199,0.0,0.00474102855616189,0.0,0.0,0.0,0.0,0.0,0.0,0.0011323608014751113,0.0,0.004654000765143199,0.0,0.0,0.0,0.0,0.0,0.0,0.0,0.0,0.0,0.0,0.0,0.0,0.018425782780895718,0.004654000765143199,0.0,0.0,0.0,0.0,0.0,0.0,0.0,0.0,0.0,0.0,0.0,0.0,0.0,0.0,0.0,0.0,0.0,0.0,0.0,0.0,0.0,0.0,0.0,0.0,0.0,0.0,0.0,0.0,0.0,0.0,0.0,0.0,0.0,0.0,0.0,0.0,0.0,0.0,0.0,0.0,0.0,0.0,0.0,0.0,0.0,0.0,0.0,0.0,0.0,0.0,0.0,0.0,0.0,0.0,0.0,0.0,0.0,0.0,0.0,0.0,0.0
GTACTCCTGGGTATGC-1,0.5025895515099174,0.1369894624661796,0.06989721258510675,0.03966054612643734,0.0,0.0,0.03863563943136783,0.04846194466548821,0.019212079853667997,0.006427321308491847,0.0,0.0,0.0,0.0,0.037875505743113526,0.0,0.0,0.021863463019239304,0.0,0.0,0.0,0.006634931001366366,0.0,0.0,0.0,0.00262460548857763,0.0,0.0,0.0,0.0,0.0,0.0,0.0,0.011607698164163887,0.0,0.0,0.0,0.0,0.0,0.0,0.011669982167201486,0.0,0.0,0.0,0.0,0.0,0.0,0.0,0.0,0.0,0.0,0.0,0.0,0.0,0.0,0.0,0.0,0.0,0.0,0.0,0.0,0.0,0.0,0.0,0.0,0.0,0.0,0.0,0.0,0.00911722389858297,0.0,0.0,0.0,0.0,0.0,0.0,0.0,0.0,0.0,0.0,0.0,0.0,0.0,0.0,0.0,0.0,0.0,0.0,0.0,0.0,0.0,0.0,0.0,0.0,0.0,0.0,0.0,0.0,0.0,0.0,0.0,0.0,0.0,0.0,0.004659166396890924,0.0,0.0,0.0,0.0,0.0,0.0,0.0,0.0,0.0,0.0,0.0,0.0,0.0,0.0
GTAGAGGGAGACAAGT-1,0.012397716501147515,0.0033285791691212573,0.0071156647264882765,0.0007371898452867054,0.0,0.0,0.01038168899973761,0.054642439987842184,0.0050593630437800645,0.0054163849186903016,0.0,0.01762608994384284,0.009896287707372026,0.009696405089047939,0.016333200108151064,0.0,0.0,0.004265861236695886,0.0,0.017463991237997953,0.012940966869466296,0.014623846439523532,0.0,0.003948313288571336,0.0057303181784573425,0.0,0.0,0.0009591297103457092,0.0004932580857246737,0.0,6.914871530189814e-05,0.0035926474103833554,0.0,0.0,0.0,0.001028715428944949,0.0,0.0009344599575860525,0.014941079706122485,0.012755977947654975,0.0,0.0012950836447066104,0.001816190135034561,0.0,0.0,0.0,0.0,0.0,0.0,0.0029789146551690284,0.0,0.001116938593119333,0.00023411386539473657,0.0,0.0,0.0014794228151637048,0.0013934596446086459,0.0,0.0,0.0,0.0,0.0,0.0,0.0,0.0,0.0,0.0,0.0,0.0,0.0,0.0,0.0,0.001095286135801012,0.0,0.0,0.0,0.0,0.0009714652458536426,0.0,0.0,0.0005925795927136286,0.0,0.0002609042436349035,0.0,0.0,0.0,0.00019383568517672347,0.0,0.0,0.0,0.0,0.0,0.0,0.0,0.0,0.0005904980912532225,0.0,0.0,0.0,0.0,0.0,0.0,0.0,0.0,0.0,0.0,0.0,0.0,0.0,0.0,0.0,0.0,0.0,0.0,0.0,0.0,0.0,0.0,0.0
GTAGCGGCTATACACT-1,0.4022897951178935,0.12448560388481421,0.10766241592355336,0.10701957775684989,0.08853361878613439,0.0,0.0,0.0,0.0,0.0,0.0,0.0,0.0,0.0,0.0,0.0,0.0,0.011575693315608232,0.0,0.0,0.016105108436055948,0.0,0.0,0.0,0.004969875056505044,0.0,0.0,0.0,0.0,0.009643559965974692,0.0,0.0,0.0063614847479308645,0.0,0.005689427847549274,0.0,0.0,0.0,0.0,0.0,0.0,0.0,0.0,0.0,0.0,0.0,0.0,0.0,0.0,0.0,0.0,0.0,0.0,0.008302787485734264,0.008302787485734264,0.0,0.0,0.004821779982987346,0.0,0.004219727647462859,0.0,0.0,0.0,0.0,0.0032965144353719806,0.0,0.0,0.0,0.0,0.0,0.0,0.0,0.0,0.0,0.0,0.0,0.0,0.0,0.0,0.0,0.0,0.0,0.0,0.0,0.0,0.0,0.0,0.0,0.0,0.0,0.0,0.0,0.0,0.0,0.0,0.0,0.0,0.0,0.0,0.0,0.0,0.0,0.0,0.0,0.0,0.0,0.0,0.0,0.0,0.0,0.0,0.0,0.0,0.0,0.0,0.0,0.0,0.0,0.0
GTATTCTGAGAAACGA-1,0.6759884974286198,0.5145091030905734,0.06662534950356477,0.03107679694194154,0.016998078212990902,0.07051884244700532,0.07999163275529356,0.06520945298292784,0.010991585807293924,0.009048348350920374,0.0,0.0,0.0017048812096967852,0.0,0.0,0.0,0.0,0.0,0.015357381162125068,0.0014038844591069389,0.010276391399543512,0.0,0.005568817382227486,0.012404046291800806,0.0,0.0,0.0,0.0009925158827926396,0.011576886746618328,0.0,0.007940268779742205,0.0017794051349773357,0.0,0.009692492373156097,0.0,0.0,0.0,0.0,0.0,0.0,0.0,0.0016229139396746108,0.0,0.0,0.0,0.001566373666474646,0.0,0.0,0.0,0.00469234828501601,0.0,0.007435620312379083,0.0,0.0,0.0,0.0,0.0,0.0,0.0,0.0,0.0,0.0,0.002346174142508005,0.0,0.0,0.0,0.0,0.0,0.0,0.0,0.0,0.0,0.0,0.0,0.0,0.0,0.0,0.0,0.0,0.0,0.0,0.0,0.0,0.0,0.0,0.0,0.0,0.00286338158307516,0.0,0.0,0.0,0.0,0.0,0.0,0.006038296961184801,0.0,0.0,0.0,0.0,0.0,0.0,0.0,0.0,0.0,0.0,0.001566373666474646,0.0,0.0,0.0,0.0,0.0,0.0,0.0,0.0,0.0,0.0,0.0,0.0,0.0
GTCAAGCGGACTCGGG-1,0.3642809955450261,0.0985194316620758,0.10817455128037409,0.062052828634141306,0.0,0.0,0.0,0.0,0.009387498796084609,0.01622278964628944,0.0,0.019294405075633146,0.0,0.0,0.0,0.0,0.0,0.0,0.0,0.0,0.0,0.0,0.0,0.0,0.0,0.0,0.0,0.0,0.0,0.0085367940996967,0.0,0.0,0.0,0.0,0.0,0.0,0.0,0.0,0.0,0.0,0.0,0.0,0.0,0.0170735881993934,0.0,0.0,0.0,0.0,0.0,0.0,0.0,0.0,0.0,0.0,0.0,0.0,0.0,0.0,0.0,0.0,0.0,0.0,0.0,0.0,0.0,0.0,0.0,0.0,0.0,0.0,0.0,0.0,0.0,0.0,0.0,0.0,0.0,0.0,0.0,0.0,0.0,0.0,0.0,0.0,0.0,0.0,0.0,0.0,0.0,0.0,0.0,0.0,0.0,0.0,0.0,0.0,0.0,0.0,0.0,0.0,0.0,0.0,0.0,0.0,0.0,0.0,0.0,0.0,0.0,0.0,0.0,0.0,0.0,0.0,0.0,0.0,0.0,0.0,0.0
GTCACTCTCCAAATCT-1,1.0853267102207331,0.3847581268428767,0.0,0.09609285628348653,0.033275775884546284,0.13241713707252642,0.07721786093421949,0.019043155559151797,0.02568110055653775,0.0,0.0,0.009436681913490855,0.031018927484579923,0.0,0.0,0.0,0.0,0.028580932408910697,0.009447918657815507,0.0006830907280451663,0.0,0.0,0.0,0.0,0.0019660019215176085,0.0,0.0,0.011800582135293742,0.0,0.0,0.005160725314907057,0.0,0.0020647491167867416,0.005509158972800958,0.00838766616898558,0.0,0.0,0.0,0.0,0.0,0.03702564006519103,0.0,0.0,0.0,0.0,0.0,0.0,0.0,0.0,0.0,0.0,0.0,0.0,0.0,0.0,0.0066227746555009934,0.0,0.0020647491167867416,0.0,0.0,0.0,0.0,0.0,0.0,0.0,0.0,0.0,0.0,0.0,0.003644610862116535,0.0,0.0,0.0,0.0,0.0003109287614924738,0.0,0.0,0.0,0.0,0.0,0.0,0.0,0.0,0.0,0.0,0.0,0.0009640101368385831,0.0,0.0,0.0,0.0,0.0,0.0,0.0,0.0,0.0,0.0,0.0,0.0,0.0,0.0,0.0,0.00048677564277537253,0.0,0.004141466190299401,0.0,0.0,0.0,0.0,0.0,0.0,0.0,0.0,0.0,0.0,0.0,0.0,0.0,0.0
GTCAGAATAGTCTATG-1,0.5122044491056017,0.12420196600838623,0.10825744552750306,0.10348389625041603,0.0,0.17432981543974604,0.07509350015885821,0.024735395846466973,0.026357238252134797,0.0,0.0,0.0,0.029594660646054732,0.0,0.0,0.0,0.0,0.012760204207845285,0.013818832831788669,0.0,0.02586438115771074,0.0,0.03371297328418635,0.0,0.0,0.009599815399304205,0.0,0.006475518493250544,0.0,0.0,0.007384954978299177,0.0,0.0,0.0,0.0,0.0,0.0,0.014043598326841166,0.0,0.0,0.0,0.002445704758016942,0.0,0.0,0.0,0.0,0.0,0.007755193933817962,0.0,0.0,0.0,0.0027481981349253316,0.0,0.0,0.0,0.0,0.0,0.0,0.003877596966908981,0.0,0.0,0.0,0.0,0.0,0.0,0.0,0.0,0.0,0.0,0.0,0.0,0.0,0.0,0.0,0.0,0.0,0.0,0.0,0.0,0.0,0.0,0.0,0.0,0.0,0.0,0.0,0.0,0.0,0.0,0.0,0.0,0.0,0.0,0.0,0.0,0.0,0.0,0.0,0.0,0.0,0.0,0.0,0.0,0.0,0.0,0.0,0.0,0.0,0.0,0.0,0.0,0.0,0.0,0.0,0.0,0.0,0.0,0.0,0.0
GTCATTGCATTGACCC-1,1.0383128929717707,0.6394079862985493,0.06366349003473315,0.03271336281435662,0.0,0.0728153928072774,0.0,0.0,0.0829821274922154,0.04957048619083733,0.0,0.017053067973364838,0.008868111744111243,0.013422644852484384,0.0,0.0,0.0,0.0095213764423778,0.0395316225721479,0.0,0.007742171967311811,0.021501295537476418,0.0,0.0,0.0,0.0396452451238704,0.025917052094620228,0.012123333388810593,0.0030842776757101986,0.0,0.0067817336232772335,0.00039350530725742604,0.027758416890181298,0.01838506895538739,0.0,0.0117281924988344,0.0,0.0,0.0,0.0,0.0,0.0014660111739123987,0.0015271885928684651,0.009255807231566103,0.0,0.0,0.004005399093775341,0.001375222512026623,0.010793469612905176,0.005229002174790201,0.0,0.0,0.0,0.0,0.0,0.0,0.003843120138446967,0.0,0.0,0.0,0.0,0.011708526931117073,0.0,0.0,0.0,0.004400574098443017,0.0,0.0,0.0,0.0,0.004684572494092202,0.0,0.0,0.0,0.0,0.0,0.005409414285808732,0.0,0.006864342992300732,0.0,0.0016285233677042386,0.0,0.0,0.0,0.0,0.002086638167207557,0.000610407413627339,0.003448008670305557,0.0,0.0,0.0,0.0,0.0,0.0,0.0,0.0,0.0,0.0,0.0,0.0,0.0,0.0,0.0,0.0,0.0,0.0,0.0,0.0,0.0,0.0,0.0,0.0,0.0,0.0,0.0,0.0,0.0,0.0,0.0
GTCCGAGAGCAATCAT-1,0.14578570263618218,0.3777687407792956,0.2423022246022291,0.051194800075550266,0.0,0.0,0.0,0.0,0.0,0.0,0.0,0.017398604194088587,0.000502398612834438,0.0,0.0,0.0,0.0,0.0,0.0,0.011213558281577617,0.0,0.0,0.0,0.0,0.0,0.0,0.0,0.0,0.0019356312692422645,0.022016129023856273,0.0009228955215348385,0.004314637568320878,0.0,0.0,0.032688102674139304,0.0,0.0,0.0,0.0,0.0,0.0,0.0,0.00547243033381821,0.0,0.0,0.0,0.0,0.0,0.0,0.004703297815986937,0.0,0.0,0.0,0.0,0.0,0.0,0.0,0.0,0.0,0.0,0.0,0.0,0.0,0.0,0.0,0.0,0.0,0.0,0.0,0.0,0.0,0.0,0.0,0.0,0.0,0.0,0.0,0.0,0.0,0.0,0.0,0.004703297815986937,0.004703297815986937,0.0,0.0,0.0,0.0,0.0,0.0,0.0,0.0,0.0,0.0,0.0,0.0,0.0,0.0,0.0,0.0,0.0,0.0,0.0,0.0,0.0,0.0,0.0,0.0,0.0,0.0,0.0,0.0,0.0,0.0,0.0,0.0,0.0,0.0,0.0,0.0
GTCGCCGTTGTGTGTT-1,0.03399144579362818,0.033947746784834226,0.0,0.0,0.0,0.0017276425069588832,0.0,0.05326683011186718,0.0,0.0,0.0,0.0,0.006612444120082223,0.0003035647812231006,0.03284527630536082,0.0,0.09800594288539972,0.0,0.0,0.04889630725453805,0.014010569400180879,0.004339439135067092,0.0,0.0,0.03586796258535768,0.007576085439096396,0.0,0.0,0.0,0.006100882493683859,0.0,0.009088722515583415,0.0,0.0,0.0,0.0,0.0,0.00048316735511876356,0.0,0.0,0.0,0.000661147698084463,0.0014285527317721128,0.0,0.0,0.0,0.0,0.0,0.0,0.0,0.006752329223509123,0.0,0.0019037754508221805,0.0,0.0,0.00039855530608968846,0.00026390942957733204,0.0,0.0,0.0,0.0,0.0,0.0,0.0,0.0,0.00018534944813096397,0.0,0.0,0.0,0.0002537991406986005,0.0,0.0,0.0031367713309692472,0.0,0.0,0.0,0.0,0.0,0.0,0.0014112263149880485,0.0005487796902452948,0.0,0.0,0.0,6.669415688755046e-05,0.0,0.00018609011012057984,0.0,0.0,0.0,0.0,0.0,0.0,0.0,0.0,0.0,0.0,0.0,0.0,0.0,0.0,0.0,0.0,0.0,0.0,0.0,0.0,0.0,0.0,0.0,0.0,0.0,0.0,0.0,0.0,0.0,0.0005628786370149924,0.0,0.0
GTCGTACCTACGATTG-1,0.17873512936583397,0.13162931321390275,0.027954893448002678,0.0033866392862077314,0.0016012155288288661,0.0,0.019644890496106474,0.007158739405309532,0.0,0.0018042986565384195,0.003498644427654082,0.02589818043688169,0.002553095666896055,0.012161441484713589,0.016666915683947722,0.0028889757685658175,0.013458129850942883,0.0013763618173671902,0.0,0.007899221662829348,0.0,0.0,0.0,0.0003196049550172332,0.0011356881311055077,0.008158789621189062,0.00035019305368629467,0.0,0.0012784494549596555,0.0,0.0014936588855168542,0.010316166032677175,0.001932611083383159,0.0,0.0021407880594584657,0.003468821884393361,0.0,0.0007648657043258922,0.0,0.015960145218263937,0.0,0.0022286895094241416,0.0012134669021713104,0.00028664487471633546,0.0,0.0,0.0,0.0,0.0,0.0017040073406655923,0.0030920602228361044,0.0,0.0025810521355942935,0.0,0.0010318857907501556,0.0,0.0,0.0,0.0,0.0,0.0,0.0,0.0,0.0,0.002714933105019896,0.0005239755952454204,0.0,0.0,0.0018396343206490522,0.00011440105301563338,0.0,0.0,0.0,0.0,0.0005610722800429065,0.0007813373746650245,0.0,0.0012181266575629662,0.0,0.0,0.0005968291350328746,0.0,0.00029484602521459547,0.0,0.00018822429937452465,0.0,0.0,0.0,0.0,0.0,0.0,0.0,0.0,0.0,0.0,0.0,0.0,0.0005076165251367904,0.0,0.0,0.0,0.0,0.0,0.0,0.0,0.0,0.0,0.0,0.0,0.0,0.0,0.0,0.0,0.0,0.0,0.0,0.0,0.0,0.0
GTCTACTCAATTACAA-1,0.7756215394254092,0.31831731587405215,0.1104869649387325,0.02919893144628805,0.025181739420495126,0.0927258782372643,0.020122963888698987,0.0,0.05183679915188968,0.13031944159294373,0.0,0.0,0.0016988619742896226,0.03823909503531768,0.016412177941597033,0.08119796531499028,0.01889105652361286,0.0018438405395744782,0.0,0.0,0.0,0.0,0.001405408763799621,0.019224714764074148,0.003378518768386184,0.0,0.008300164148917665,0.013630613109772153,0.012583504594513047,0.0,0.001334168856264256,0.0,0.00048814651867695974,0.008192861332513946,0.0,0.0,0.014858208844673782,0.0,0.0,0.0,0.0,0.00627235105500654,0.0010984348228109402,0.006040277413155982,0.0,0.0047408403198561586,0.011124813672699647,0.0027742984726637316,0.0,0.0,0.0005967136311266873,0.01290969878794733,0.0,0.0,0.0,0.0,0.0,0.00048814651867695974,0.0,0.008505432618936147,0.0,0.0,0.0,0.0,0.0,0.0006639882621639764,0.004793749761149737,0.0,0.0,0.0,0.0,0.0,0.0,0.0,0.0,0.0,0.0,0.0,0.006410947710779569,0.0,0.0005489459668547098,0.0010484999988274806,0.0,0.0,0.0,0.002293699928561065,0.0017496265209848423,0.0013961416153863081,0.0,0.0,0.0,0.0,0.0022547911495100687,0.0,0.0,0.0,0.0,0.0,0.0,0.0,0.005683775491739269,0.0,0.0,0.0,0.0,0.0,0.0,0.0,0.0,0.0,0.0,0.0,0.0,0.0,0.0,0.0,0.0,0.0,0.0
GTCTATCTGAGTTTCT-1,0.06368085696755,0.08406773888255369,0.0,0.03159278200312537,0.0,0.0,0.0,0.0,0.008648529710536344,0.0,0.0,0.0,0.0,0.0,0.0,0.0,0.0,0.0,0.0,0.018818851273211028,0.010509026881747052,0.0,0.0,0.0,0.0,0.0,0.0,0.0,0.0,0.0,0.0,0.0,0.0,0.0,0.0,0.0,0.0,0.0,0.017909660664961143,0.0,0.0,0.0,0.0,0.0,0.0,0.0,0.0,0.0,0.0,0.0,0.0,0.0,0.0,0.0,0.0,0.0,0.0,0.0,0.00935232805192664,0.0,0.0,0.0,0.0,0.0,0.0,0.0,0.0,0.0,0.0,0.0,0.0,0.0,0.0,0.0,0.0,0.0,0.0,0.0,0.0,0.0,0.0,0.0,0.0,0.0,0.0,0.0,0.0,0.0,0.0,0.0,0.0,0.0,0.0,0.0,0.0,0.0,0.0,0.0,0.0,0.0,0.0,0.0,0.0,0.0,0.0,0.0,0.0,0.0,0.0,0.0,0.0,0.0,0.0,0.0,0.0,0.0,0.0,0.0,0.0
GTCTCGACTAAGTTTG-1,0.09571728215858066,0.0,0.06780252805994841,0.010788881165769171,0.0,0.0,0.0,0.0,0.0,0.0,0.0,0.0,0.0,0.0,0.0,0.0,0.0,0.0,0.0,0.0,0.0,0.0,0.0,0.0,0.0,0.0,0.0,0.0,0.0,0.0,0.0,0.0,0.0,0.0,0.0,0.0,0.0,0.0,0.0,0.0,0.0,0.0,0.0,0.0,0.0,0.0,0.0,0.0,0.0,0.0,0.0,0.0,0.0,0.008838312205004766,0.0,0.0,0.0,0.0,0.0,0.0,0.0,0.0,0.0,0.0,0.0,0.0,0.0,0.0,0.0,0.0,0.0,0.008838312205004766,0.0,0.0,0.0,0.0,0.0,0.0,0.0,0.0,0.0,0.0,0.0,0.0,0.0,0.0,0.0,0.0,0.0,0.0,0.0,0.0,0.0,0.0,0.0,0.0,0.0,0.0,0.0,0.0,0.0,0.0,0.0,0.0,0.0,0.0,0.0,0.0,0.0,0.0,0.0,0.0,0.0,0.0,0.0,0.0,0.0,0.0,0.0
GTCTGGGCGGTCGAGA-1,0.6677835309072141,0.2569200579251103,0.33741505940734845,0.08439288587696915,0.10794566341842234,0.0,0.0,0.009016092331469413,0.002883317915922416,0.06958810165481569,0.0,0.0,0.0036006037165659905,0.0,0.0,0.0,0.0,0.0066098462524405216,0.01686656556061558,0.0,0.005193849813337854,0.0,0.017270501650475393,0.0,0.0,0.0,0.0,0.0,0.005403234861342521,0.0,0.0050202323803563145,9.156152831516611e-05,0.0060211759105688305,0.001109399426856989,0.0,0.0,0.0,0.0049975359461860575,0.0,0.0,0.0,0.0004569620247569599,0.0,0.0,0.0,0.0,0.0,0.0,0.0,0.0,0.0,0.0,0.0,0.00697448363409853,0.0,0.0,0.0,0.0,0.0,0.0,0.0,0.0,0.0,0.0,0.0,0.0,0.0,0.0,0.0,0.0,0.0,0.0,0.0,0.0,0.0,0.0,0.005193849813337854,0.0,0.0,0.0,0.0,0.0,0.0,0.0,0.0,0.0,0.0,0.0,0.0,0.0,0.0,0.0,0.0,0.0,0.0,0.0,0.0,0.0,0.0,0.0,0.0,0.0,0.0,0.0,0.0,0.0,0.0,0.0,0.0,0.0,0.0,0.0,0.0,0.0,0.0,0.0,0.0,0.0,0.0
GTGACTTCAGTAGTGC-1,0.6911025384059313,0.0,0.0,0.2353443634284256,0.11309511354401489,0.0,0.0,0.03067887230373354,0.014310583632223818,0.0,0.0,0.04219726558335451,0.00793455374588752,0.0,0.0,0.0,0.0,0.0,0.027104763358764244,0.0,0.0,0.0,0.0,0.0,0.0,0.0,0.0,0.005552220243251849,0.0,0.0,0.0,0.00016201493986120913,0.0,0.0,0.0,0.0,0.0,0.0,0.0,0.0,0.0,0.0,0.0,0.0,0.0,0.0,0.0,0.0,0.0,0.0,0.0,0.0,0.0,0.005454697259238934,0.0,0.005454697259238934,0.0,0.0,0.0,0.0,0.0,0.0,0.0,0.0,0.0,0.0,0.0,0.0,0.0,0.0,0.0,0.005454697259238934,0.0,0.005454697259238934,0.0,0.0,0.0,0.0,0.007086510332691018,0.0,0.0,0.0,0.0,0.0,0.0,0.0,0.0,0.0,0.0,0.0,0.0,0.0,0.0,0.0,0.0,0.0,0.0,0.0,0.0,0.0,0.0,0.0,0.0,0.0,0.0,0.0,0.0,0.0,0.0,0.0,0.0,0.0,0.0,0.0,0.0,0.0,0.0,0.0,0.0
GTGAGCGTGCTGCACT-1,0.4936328793883481,0.5594798646998729,0.0,0.07935484104716152,0.17674753269332794,0.0,0.0,0.0,0.017909065150959958,0.0,0.0,0.027510070742718176,0.0,0.0,0.0,0.0,0.0,0.0,0.0,0.0,0.014122761658683619,0.0,0.0,0.0,0.0,0.0,0.0,0.0034971998514367907,0.0,0.0,0.0,0.0,0.0,0.0,0.0,0.0,0.0,0.0,0.0,0.0,0.0,0.0,0.0,0.0,0.0,0.0,0.0,0.0,0.0,0.0,0.0,0.0,0.0,0.0,0.0,0.0,0.0,0.0,0.0,0.0,0.0,0.0,0.0,0.0,0.0,0.0,0.0,0.0,0.0,0.0,0.007033639939998345,0.007033639939998345,0.0,0.0,0.0,0.0,0.0,0.0,0.0,0.0,0.0,0.0,0.0,0.0,0.0,0.0,0.0,0.0,0.0,0.0,0.0,0.0,0.0,0.0,0.0,0.0,0.0,0.0,0.0,0.0,0.0,0.0,0.0,0.0,0.0,0.0,0.0,0.0,0.0,0.0,0.0,0.0,0.0,0.0,0.0,0.0,0.0,0.0,0.0
GTGAGTGGTACAACGC-1,0.4718919702607205,0.2972085739888111,0.22997873659557141,0.016957506316702807,0.0,0.0,0.06033965836548528,0.10501445562817373,0.00754151780429615,0.026658785421353536,0.0,0.016220248683238292,0.0,0.013888825694604739,0.0,0.13348535014357957,0.02088030148247617,0.0004025068773680599,0.0041567619930430715,0.0033089844002269094,0.0033499427259244315,0.0,0.0014882025101339879,0.0,0.005770630041772057,0.01145034876740917,0.0,0.006358633832002505,0.00571518083347637,0.0,0.001755799746746993,0.00482530694649679,0.0,0.0022661531615253286,0.004531356627026164,0.005456666776580499,0.0010438928256520422,0.004762843528342063,0.0,0.020723983424970782,0.0,0.0,0.0005149337659208749,0.0020877856513040844,0.0,0.0,0.0,0.0,0.0,0.0016257305025975544,0.003350081866908791,0.008495052861537783,0.0,0.0,0.006287905982098113,0.0,0.0,0.0,0.0,0.0,0.0,0.0,0.0,0.0,0.0,0.0,0.0,0.0,0.0,0.0,0.0,0.0,0.0011506884847569399,0.0,0.0,0.0,0.0,0.0,0.0,0.0,0.00023582857537906592,0.0,0.0,0.0,0.0,0.0,0.0,0.0,0.0,0.0,0.0010438928256520422,0.0,0.0016257305025975544,0.0,0.0,0.0,0.0,0.0,0.0,0.0,0.0,0.004351925022466724,0.0,0.0,0.0,0.0,0.0,0.0,0.0005118697987466345,0.0,0.0,0.0,0.0,0.0,0.0,0.0,0.0,0.0,0.0
GTGATCATAGATCTGC-1,0.09964123179782605,0.5051308120094897,0.05032877547640334,0.11639435064252271,0.02255282435923018,0.0745929754090749,0.0032266395799933974,0.0,0.0,0.0,0.0,0.008894309457748002,0.02436021276710686,0.011477552102075314,0.06573480026747515,0.0,0.025292248580969495,0.002763750397351713,0.0,0.0028406859390357553,0.011285905597084141,0.01328402851301081,0.0,0.006176119506604009,0.003056788757217711,0.0,0.0077112689097537275,0.0,0.005726602442410992,0.0,0.0,0.001642895907580351,0.004984344406863616,0.0,0.0060733315313790705,0.0024586982691552042,0.0007346221873299972,0.0,0.0,0.0,0.0,0.0,0.0022105360660976485,0.0,0.0,0.0,0.0,0.0,0.0,0.003000290985610078,0.0,0.0,0.0,0.0007346221873299972,0.0,0.0,0.0,0.0,0.0,0.0,0.015084412220439035,0.0,0.0,0.0,0.0,0.0,0.0011332333793085906,0.0,0.0,0.0,0.0,0.0,0.0,0.0,0.0033324757719535533,0.0,0.0,0.00513104655973532,0.0,0.0,0.0,0.0,0.0,0.0,0.0,0.0,0.0,0.0,0.0,0.0,0.0,0.001884131934944781,0.0,0.0,0.0,0.0,0.0,0.0,0.0,0.0,0.0,0.0,0.0,0.0,0.0,0.0,0.0,0.0,0.0,0.0,0.0,0.0,0.0,0.0,0.0,0.0,0.0,0.0,0.0
GTGATTCGCCGCTCAA-1,0.812022186218874,0.5885282003789593,0.11355926581189713,0.08562198312713405,0.015577324675967634,0.06681069681372138,0.028264970018607595,0.024430475937241663,0.052871913635147844,0.05879209957744623,0.0,0.03454654025304716,0.0023418184755924073,0.03102102234634807,0.02606886204216862,0.0,0.0,0.0,0.02217168799777155,0.0016620300393029733,0.008666794443422677,0.0,0.008154218786852088,0.0,0.0,0.0,0.0,0.002982010364009655,0.010974805212355717,0.0,0.009182700416349911,0.0011969452253599584,0.005454509166216195,0.004727199963537639,0.0,0.007492272745188312,0.0,0.0,0.0,0.0,0.0,0.0026610334929366227,0.0,0.0,0.0,0.0,0.0069617918671402,0.004677955361478626,0.002668378905000316,0.0,0.0,0.0,0.0,0.0,0.0,0.0,0.0,0.0,0.0,0.0,0.0,0.012438454089454199,0.0,0.0,0.0,0.0016076648518010869,0.008849015205594559,0.0,0.0,0.0,0.0,0.0,0.0,0.0,0.0,0.0,0.0,0.0018078240886126983,0.0,0.0,0.0,0.0,0.0,0.0,0.0006794246776264904,0.0,0.0,0.0,0.0,0.011608095780999333,0.0,0.0,0.0,0.0,0.0,0.0,0.0,0.0,0.0,0.0,0.0,0.0,0.0,0.0,0.0,0.0,0.0,0.0,0.0,0.0,0.0,0.0,0.0,0.0,0.0,0.0,0.0,0.0,0.0
GTGCCATCACACGGTG-1,0.3856553439025761,0.2517126300720675,0.0,0.0759482502800518,0.0,0.0,0.0,0.0,0.0,0.03307455165023078,0.0,0.026893720731423633,0.0,0.006179354240904346,0.0,0.0,0.0,0.0,0.004601102344539064,0.0,0.0,0.0,0.0,0.0,0.0,0.0,0.0,0.0,0.0,0.0,0.0,0.0,0.0,0.0,0.0,0.0,0.0,0.0,0.0,0.0,0.0,0.0,0.0,0.0,0.0,0.0,0.0,0.0,0.0,0.0,0.0,0.0,0.0,0.0,0.0,0.0,0.0,0.008970767854100649,0.013178182814482476,0.0,0.0,0.0,0.0,0.0,0.0,0.0,0.0,0.0,0.0,0.0,0.0,0.0,0.0,0.0,0.0,0.0,0.0,0.0,0.0,0.0,0.0,0.0,0.0,0.0,0.0,0.0,0.0,0.0,0.0,0.0,0.0,0.0,0.0,0.0,0.0,0.0,0.0,0.0,0.0,0.0,0.0,0.0,0.0,0.0,0.0,0.0,0.0,0.0,0.0,0.0,0.0,0.0,0.0,0.0,0.0,0.0,0.0,0.0,0.0
GTGCGAAATCGAACAC-1,0.6408943087390839,0.04931242368000732,0.0,0.0,0.0,0.0,0.0,0.009581355987086256,0.0,0.0,0.0,0.036546553979496584,0.0,0.0,0.0,0.0,0.0,0.0,0.005335128836814801,0.007930224026269885,0.006740289305581596,0.0,0.0,0.0,0.0,0.0,0.0,0.004306585503395547,0.0061375863177775105,0.016769522168509653,0.0,0.0,0.014918799560066526,0.0,0.0,0.0,0.0,0.0,0.0,0.0,0.0,0.0,0.0,0.0,0.0,0.0,0.0,0.0,0.0,0.0,0.0,0.0,0.0,0.0,0.0,0.0,0.0,0.0,0.0,0.0,0.0,0.0,0.0,0.0,0.0,0.0,0.0,0.0,0.0,0.0,0.0,0.0,0.0,0.0,0.0,0.0,0.007459399780033263,0.0,0.0,0.0,0.0,0.0,0.0,0.0,0.0,0.0,0.0,0.0,0.0,0.0,0.0,0.0,0.0,0.0,0.0,0.0,0.0,0.0,0.0,0.0,0.0,0.0,0.0,0.0,0.0,0.0,0.0,0.0,0.0,0.0,0.0,0.0,0.0,0.0,0.0,0.0,0.0,0.0,0.0
GTGCTCAAGTACTGTC-1,0.26838136918618116,0.07118606252353235,0.0,0.0,0.0,0.0,0.0,0.0,0.0,0.0,0.0,0.0,0.0,0.0,0.0,0.0,0.006735627660715324,0.0,0.0,0.008714371534647455,0.0,0.0,0.0,0.0,0.0,0.0,0.0,0.0,0.0,0.008714371534647455,0.0,0.0,0.0,0.0,0.0,0.0,0.0,0.0,0.0,0.0,0.0,0.0,0.0,0.0,0.0,0.0,0.0,0.0,0.0,0.0,0.0,0.0,0.0,0.0,0.0,0.008714371534647455,0.0,0.0,0.0,0.0,0.0,0.0,0.0,0.0,0.0,0.0,0.0,0.0,0.0,0.0,0.0,0.0,0.0,0.0,0.0,0.0,0.0,0.0,0.0,0.0,0.0,0.0,0.0,0.0,0.0,0.0,0.0,0.0,0.0,0.0,0.0,0.0,0.0,0.0,0.0,0.0,0.0,0.0,0.0,0.0,0.0,0.0,0.0,0.0,0.0,0.0,0.0,0.0,0.0,0.0,0.0,0.0,0.0,0.0,0.0,0.0,0.0,0.0,0.0
GTGCTGCAGATAAGGA-1,0.05454217730449586,0.040409712910160066,0.0,0.0013787166211997218,0.0,0.0,0.009174246996003077,0.0004747095754787364,0.0,0.0009150350838811375,0.0,0.0,0.008031943643146923,0.015177801802945168,0.006568861359620596,0.0,0.004860627133948361,0.0011019693506753173,0.0,0.0034480602138826817,0.0029923091983704727,0.0,0.0,0.0019379116986924833,0.003300538264300642,0.0017636313173613595,0.00022790091860105873,0.0,0.00011474542056235721,0.02175532447511992,0.0005971420478382922,0.009783199179812272,0.0003456778577609927,0.0007150414492509617,0.0,0.0,0.0,0.0,0.0,0.017791140010633904,0.0,0.0013512090257102,0.0012174122201707577,0.0,0.0,0.0,0.0,0.0,0.0,0.0014581680098557153,0.0015731144792883154,0.0,0.0050999580919032055,0.0,0.0,0.002386301511325184,0.0005140100561763291,0.0,0.0,0.0,0.0,0.0,0.0,0.0,0.0005815066971514957,0.0,0.0,0.0,0.0007907337200857318,0.00020365783678197064,0.0,0.0,0.0,0.0,0.0,0.0001553990220330585,0.0,0.0,0.0,0.0,0.0008218172141314826,0.0,0.0011998263404062826,0.0,0.0,0.0,3.354306713719925e-05,0.0,0.0005339469252920605,0.0,0.0,0.0,0.0,0.0,0.0,0.0,0.0,0.00029284089208641336,0.0,0.0,0.0,0.0,0.0,0.0,0.0,0.0,0.0,0.0,0.0,0.0,0.0005539319321465791,0.0,0.0,0.0,0.0,0.0005852713079800787,0.0,0.0,0.00020750397227021315
GTGGACCAACCCGATT-1,0.2949790734824519,0.3051632730956396,0.0,0.0,0.0,0.0,0.0,0.0,0.05749124556376196,0.022509161924116314,0.0,0.01671608352134298,0.0,0.03123691043138359,0.0,0.0,0.0,0.0,0.0,0.01609115115792703,0.01222251545416748,0.0,0.0,0.0,0.0,0.0,0.0,0.0,0.0008795914834043319,0.0,0.00661442763315314,0.0,0.0,0.0,0.0,0.0,0.0,0.0,0.0,0.0,0.0,0.0014099213457445144,0.0,0.0,0.0,0.004274518857681217,0.0,0.0,0.0,0.0,0.0,0.0,0.0,0.0,0.0,0.0,0.0,0.0,0.0,0.0,0.0,0.0,0.0,0.0,0.0,0.0,0.0,0.0,0.0,0.0,0.0,0.0,0.0,0.0,0.0,0.0,0.0,0.0,0.0,0.004274518857681217,0.0,0.0,0.0,0.0,0.0,0.0,0.0,0.0,0.0,0.0,0.0,0.0,0.0,0.0,0.0,0.0,0.0,0.0,0.0,0.0,0.0,0.0,0.0,0.0,0.0,0.0,0.0,0.0,0.0,0.0,0.0,0.0,0.0,0.0,0.0,0.0,0.0,0.0,0.0
GTGGAGTCGGCGGTTG-1,0.05778730682386317,0.04405147676597302,0.0,0.0009537978173916069,0.0,0.0018375879466169412,0.009115672262750871,0.0005837783697103514,0.0,0.0009433070041610185,0.002196139399456101,0.0,0.0019907828799750355,0.007045652300563795,0.007176079725411169,0.0,0.0027261156240032613,0.0017451123032656058,0.0,0.017915566603595723,0.0066095376690001135,0.0,0.0,0.0017233394042681263,0.010036342364407844,0.0042744485157829165,7.503929958005792e-05,0.0,0.00015994117073154693,0.01816453700382295,0.0007561504135401776,0.02987270545247585,0.0,0.0,0.0,0.0,0.0,0.000921670799552226,0.015918254735829092,0.0,0.0,0.0,0.0023295463980821975,0.0,0.0,0.0,0.0,0.0,0.0,2.6543716770947022e-05,0.0022934031887815397,0.0004147072823278626,0.0003925677668945329,0.0,2.6543716770947022e-05,0.0019284637510430817,0.00042432461361509245,0.0,0.0,0.0,0.0,0.0,0.0,0.0,0.0003348771706318473,0.0,0.0,0.0,0.0,0.0010717865432110778,0.0,0.0,0.00023926176348688659,0.0,0.0,0.0,0.0,0.0,0.0,0.0,0.00037052825457533213,0.0,0.0003200150241321183,0.0,0.0002564747620015535,0.0,0.0,0.0,0.0006398940577436282,0.00010832084848215757,0.0,2.6543716770947022e-05,0.0,0.0,0.0,0.0,0.0,0.000459489154380305,0.0,0.0,0.0,0.0,0.0,0.0,0.0,0.0,0.0,0.0,0.0,0.0,0.0,0.0,0.0,0.0,0.0,0.0003695863971371802,0.0,0.00047081304792900966,0.0
GTGGCGGTCCCAGCGT-1,0.42321658992282524,0.16121973223371125,0.04855655939988466,0.040114887323071204,0.0,0.0,0.06920697023321223,0.0,0.011534741186917398,0.08973992845401436,0.0,0.035597170128523384,0.0,0.058421448951609715,0.0,0.0,0.0,0.0,0.010031332756903115,0.0,0.010186911112066514,0.0705914870017549,0.0,0.0,0.0,0.0,0.0,0.0,0.007171259457622702,0.0,0.0027863525181934345,0.0,0.0,0.0,0.0,0.0,0.0,0.025460928095079445,0.0,0.0,0.0,0.0,0.0,0.0,0.0,0.0,0.0,0.0,0.0,0.0,0.0,0.0,0.0,0.0,0.0,0.0,0.0,0.0,0.0,0.01908333721585554,0.0,0.0,0.0,0.0,0.0,0.0,0.0,0.0,0.0,0.0,0.0,0.0,0.0,0.0,0.0,0.0,0.0,0.0,0.0,0.0,0.0,0.0,0.0,0.0,0.0,0.0,0.0,0.0,0.0,0.0,0.0,0.0,0.0,0.0,0.0,0.0,0.0,0.0,0.0,0.0,0.0,0.0,0.0,0.0,0.0,0.0,0.0,0.0,0.0,0.0,0.0,0.0,0.0,0.0,0.0,0.0,0.0,0.0,0.0
GTGGGAAGACTGAATC-1,0.04188393399854145,0.007586480574973626,0.00510802415898914,0.0,0.0,0.0,0.009080965847050404,0.0022774806385377094,0.0013093918490911585,0.002764726578790437,0.0,0.0,0.008862921506216724,0.00531126759287285,0.006240235501298419,0.0,0.015002357434616032,0.0,0.0,0.0034912501984523713,0.00413495732375172,0.0,0.0,0.0,0.006353085135480285,0.002419018774381349,0.0,0.0,0.0002304418987398528,0.0,0.0013690670460564068,0.010358898446430488,0.0,0.0003396504783307147,0.0,0.0011084789073647196,0.0,0.0013053397931076845,0.0,0.0,0.0,0.0005492449909362846,0.002724983336156419,0.00010225780871819572,0.0,0.0,0.0,0.0002686045982937095,0.0,0.0,0.000959353925613344,0.0,0.0012982414602856255,0.0,0.0005126454712081853,0.0,0.0005640666780985385,0.0,0.0,0.0,0.0,0.0,0.0,0.0,0.0,0.0,0.0,0.0,0.0,0.0005241674537122086,0.0,0.0,0.0028018063400145916,0.0,0.0005877381755265304,0.00025276468115773747,0.0,0.0,0.0006131136486433165,0.0007042270293722961,0.0010857162237562557,0.00017970495154688768,0.0002210248438622148,0.0,0.0001381092590222933,0.0,0.0002490457507498935,0.0,0.0,7.108246042118353e-05,0.0,0.0,0.0,0.0,0.0,0.0,0.0,0.0,0.0,0.0,0.0,0.0,0.0,0.0,0.0,0.0,0.0,0.0,0.0,0.0,0.0,0.00013272879242593727,0.0,0.0,0.0,0.0,0.0,0.0,0.0
GTGGGCTTAGACACAC-1,0.2555991209495925,0.04758759654076819,0.0,0.04485373294706329,0.0590683458647958,0.0,0.0,0.0,0.0,0.03572343441975718,0.0,0.0,0.0,0.0,0.06042456553967139,0.0,0.0,0.0,0.0,0.0,0.007962840413188906,0.0,0.011865959790938935,0.0,0.0,0.0,0.0,0.0,0.0,0.0,0.0,0.0,0.0,0.0,0.0,0.0,0.0,0.0,0.0,0.0,0.0,0.0,0.0,0.0,0.0,0.0,0.0,0.0,0.0,0.0,0.0,0.0,0.0,0.0,0.0,0.0,0.0,0.0,0.0,0.0,0.0,0.0,0.0,0.0,0.0,0.0,0.0,0.0,0.0,0.0,0.0,0.0,0.0,0.0,0.0,0.0,0.0,0.0,0.0,0.0,0.0,0.0,0.0,0.0,0.0,0.0,0.0,0.0,0.0,0.0,0.0,0.0,0.0,0.0,0.0,0.0,0.0,0.0,0.0,0.0,0.0,0.0,0.0,0.0,0.0,0.0,0.0,0.0,0.0,0.0,0.0,0.0,0.0,0.0,0.0,0.0,0.0,0.0,0.0
GTGGTATAGTCTGCCG-1,0.008420388475748768,0.025676373314045695,0.016495164107235536,0.00010365124160769181,0.0,0.0,0.0024284708044016107,0.011122285979526475,0.0,0.0017627731343814255,0.0,0.0,0.003612635348898828,0.006817326148804169,0.011134784238088228,0.0,0.0,0.00044753962154223353,0.0,0.031920567664742126,0.014950267583201338,0.0014691055389416461,0.0,0.001628114437477123,0.03116467504618289,0.0043412144705827025,0.0,0.0,0.0005132959696006015,0.005855468512938185,9.206842274316297e-05,0.005126110026037939,0.0012886497266458984,0.0,0.0,0.0,0.0,0.0,0.0,0.0,0.0,0.0,0.00107021541734176,0.0,0.0,0.0,0.0,0.0003064037269394431,0.0,0.0016619989839994722,0.0010826966101257264,0.0,0.0008953724256187915,0.0003064037269394431,0.0,0.0,0.0,0.0,0.0,0.0,0.0,0.0,0.0,0.0,0.0,0.0,0.0,0.0,0.0,0.0,0.0,0.0,0.001373575502582051,0.0,0.0,0.00021907815888530996,0.0,0.0,0.0,0.0,0.00052180773946254,0.0,0.0003064037269394431,0.0,0.0,0.0,9.687302303155272e-05,0.0,0.0,8.085200492345495e-05,0.0,0.0,0.0,0.0,0.0,0.0,0.0,0.0002808311395678458,0.0,0.0,0.0,0.0,0.0,0.0,0.0,0.0,0.0,0.0,0.0,0.0,0.0,0.0,0.0,0.0,0.0,0.0,0.0,0.0,0.0
GTGGTTTCCGCCTTTC-1,0.3441763997170551,0.19846183804401266,0.11362551297854971,0.05396914611910319,0.0,0.0,0.0,0.0,0.0,0.0,0.0,0.034961266813959016,0.0,0.0,0.0,0.0,0.0,0.006354932868087859,0.0,0.0,0.0,0.05268485671108443,0.0,0.0,0.0,0.0,0.0,0.0,0.004197161260628448,0.009008194096904438,0.0,0.0,0.0,0.011144015162712068,0.0,0.0,0.0,0.0,0.013696989464135821,0.0,0.0,0.0,0.0,0.0,0.0,0.0,0.0,0.0,0.0,0.0,0.0,0.0,0.0,0.007182070128056672,0.0,0.0,0.0,0.0,0.0,0.0,0.0,0.0,0.0,0.0,0.0,0.0,0.0,0.0,0.0,0.0,0.0,0.0,0.0,0.0,0.0,0.0,0.0,0.007182070128056672,0.0,0.0,0.0,0.0,0.0,0.0,0.0,0.0,0.0,0.0,0.0,0.0,0.0,0.0,0.0,0.0,0.0,0.0,0.0,0.0,0.0,0.0,0.0,0.0,0.0,0.0,0.0,0.0,0.0,0.0,0.0,0.0,0.0,0.0,0.0,0.0,0.0,0.0,0.0,0.0,0.0
GTTACAATTGGTGACG-1,0.17079602040474043,0.09874149115163419,0.07803944985959023,0.03753335642037272,0.12687311631831916,0.0,0.04730819100050568,0.0,0.027464252423829456,0.019927866528205503,0.0,0.0,0.03496279064372978,0.0,0.0,0.0,0.0,0.0,0.015177293059552812,0.0,0.009769833783282741,0.0,0.0,0.01905466858457692,0.0,0.0,0.0,0.003490955625097664,0.0,0.0,0.0,0.0,0.005127521824834996,0.0,0.0,0.0,0.0,0.0,0.0,0.0,0.0,0.0,0.0,0.020510087299339983,0.0,0.0,0.0,0.0,0.0,0.0,0.0,0.0,0.0,0.0,0.006713321757161811,0.0,0.0,0.005127521824834996,0.0,0.0,0.0,0.0,0.0,0.0,0.0,0.0,0.0,0.0,0.0,0.0,0.0,0.0,0.0,0.0,0.0,0.0,0.0,0.0,0.0,0.0,0.0,0.0,0.0,0.0,0.0,0.0,0.0,0.0,0.0,0.0,0.0,0.005127521824834996,0.0,0.0,0.0,0.0,0.0,0.0,0.0,0.0,0.0,0.0,0.0,0.0,0.0,0.0,0.0,0.0,0.0,0.0,0.0,0.0,0.0,0.0,0.0,0.0,0.0,0.0,0.0
GTTACCTACAACTTGC-1,0.2895266180170836,0.09079636444097845,0.06051378016116751,0.0,0.13319882194807597,0.0,0.0,0.0,0.0,0.021173798999673032,0.0,0.03269608611797466,0.0,0.0,0.0,0.0,0.0,0.0,0.0,0.0014180744790742142,0.003633213977778887,0.0,0.0,0.0,0.0,0.0,0.0,0.0,0.0,0.007991925519049032,0.0,0.0,0.0,0.0,0.0,0.0,0.0,0.0,0.0,0.0,0.0,0.0,0.0,0.0,0.0,0.007991925519049032,0.0,0.0,0.0,0.0,0.0,0.0,0.0,0.0,0.0,0.0,0.0,0.0,0.0,0.010313095295581809,0.0,0.0,0.0,0.0,0.0,0.0,0.0,0.0,0.0,0.0,0.0,0.0,0.0,0.0,0.0,0.0,0.0,0.0,0.0,0.0,0.0,0.0,0.0,0.0,0.0,0.0,0.0,0.0,0.0,0.0,0.0,0.0,0.0,0.0,0.0,0.0,0.0,0.0,0.0,0.0,0.0,0.0,0.0,0.0,0.0,0.0,0.0,0.0,0.0,0.0,0.0,0.0,0.0,0.0,0.0,0.0,0.0,0.0,0.0
GTTACTTTGGGCCTAG-1,0.539061822593568,0.0,0.10591709380394358,0.1358615459230999,0.0,0.2427600655352401,0.05885234476973348,0.013651913199595998,0.010760558176000828,0.024941490181887068,0.0,0.0,0.03559662164553699,0.0,0.0,0.0,0.0,0.01083074280903612,0.0,0.001509137982520976,0.01069777998513324,0.0,0.0,0.0,0.0,0.0,0.0,0.0,0.008566423836391085,0.0,0.0,0.0,0.0,0.0,0.0025387639596070907,0.013651913199595998,0.0,0.0,0.0,0.0,0.0,0.0,0.003237259874150513,0.0,0.0,0.0,0.0,0.0,0.0,0.0,0.0,0.0,0.0,0.0,0.0,0.0,0.0,0.0,0.0,0.0,0.0,0.0,0.0,0.0,0.005668064609152395,0.0,0.0,0.0,0.0,0.0,0.0,0.0,0.0,0.0,0.0,0.0,0.0,0.0,0.0,0.0,0.0,0.0,0.0,0.0,0.0,0.0,0.0,0.0,0.0,0.0,0.0,0.0,0.0,0.0,0.0,0.0,0.0,0.0,0.0,0.0,0.0,0.0,0.0,0.0,0.0,0.0,0.0,0.0,0.0,0.0,0.0,0.0,0.0,0.0,0.0,0.0,0.0,0.0,0.0
GTTATATTATCTCCCT-1,0.31389346543403784,0.3082465888791844,0.1846697211924467,0.17115764570409744,0.0,0.0,0.0,0.1497861203111945,0.0015251233222894505,0.0,0.0,0.02779360457694,0.003944822911992488,0.03181095615584551,0.0,0.0,0.0,0.0,0.0,0.005945796508550912,0.0,0.0,0.016069471974116123,0.0062975784897228975,0.0,0.01484360123569118,0.0,0.0,0.0,0.0,0.0,0.0040980369212451654,0.003387120660650142,0.0,0.02909242071158626,0.0,0.0,0.0,0.0,0.0,0.0,0.0,0.0,0.0,0.0,0.0,0.0,0.0,0.0,0.0,0.00421759773317073,0.0,0.0,0.0,0.0,0.006631342402391924,0.0,0.0,0.0,0.0,0.0,0.0,0.004873512393123395,0.0,0.0,0.0,0.0,0.0,0.0,0.0,0.0,0.0,0.0018923815803697749,0.0,0.0,0.0,0.0,0.0,0.0,0.0,0.0,0.0,0.0019125107921154545,0.0,0.0,0.0,0.0,0.0,0.0019125107921154545,0.0,0.0,0.0,0.0,0.0,0.0,0.0,0.0,0.0,0.0,0.0,0.0,0.0,0.0,0.0,0.0,0.0,0.0,0.0,0.0,0.0,0.0,0.0,0.0,0.0,0.0,0.0,0.0,0.0,0.0
GTTCACAGGAGTCTAG-1,0.3963825654824724,0.34760890229394514,0.11978635846055048,0.034965374283984316,0.0,0.0,0.0,0.0,0.08438487107429637,0.002201781451015789,0.0,0.0,0.04629808132709759,0.0,0.0,0.0,0.0,0.012566270402098853,0.020871865846686877,0.0,0.01259896802520892,0.0,0.0,0.0,0.0,0.0,0.0,0.0,0.0,0.0,0.0078421714854622,0.0008185306518352239,0.0,0.0,0.0,0.0,0.0,0.014755112714373447,0.0,0.0,0.0,0.0,0.0,0.0,0.0,0.0,0.0,0.0,0.0,0.0,0.0,0.0,0.0,0.0,0.0,0.0,0.0,0.0,0.0,0.0,0.0,0.0,0.0,0.0,0.0,0.0,0.006781906995198203,0.0,0.0,0.0,0.006994103862931773,0.0,0.0,0.0,0.0,0.0,0.0,0.0,0.0,0.0,0.0,0.0,0.0,0.0,0.0,0.0,0.0,0.0,0.0,0.0,0.0,0.0,0.0,0.0,0.0,0.0,0.0,0.0,0.0,0.0,0.0,0.0,0.0,0.0,0.0,0.0,0.0,0.0,0.0,0.0,0.0,0.0,0.0,0.0,0.0,0.0,0.0,0.0,0.0
GTTCCAGTCTGACCAT-1,0.5991290085808862,0.0,0.04649955705552367,0.02311442480212516,0.0,0.0,0.08704891841216489,0.008981983355627977,0.02990730071107907,0.0,0.0,0.0,0.0,0.0,0.0,0.0,0.0,0.010136968493043581,0.0,0.0,0.0,0.0,0.0,0.0,0.0,0.0,0.0,0.0,0.0,0.0,0.015534818003202963,0.0,0.0,0.0,0.0,0.0,0.0,0.0,0.0,0.0,0.018341618351372598,0.0,0.007547138541359095,0.0,0.0,0.0,0.0,0.0,0.0,0.0,0.0,0.0,0.0,0.0,0.0,0.0,0.0,0.0,0.0,0.0,0.0,0.0,0.0,0.0,0.0,0.0,0.0,0.0,0.0,0.0,0.0,0.0,0.0,0.0,0.0,0.0,0.0,0.0,0.0,0.0,0.0,0.0,0.0,0.0,0.0,0.0,0.0,0.0,0.0,0.0,0.0,0.0,0.0,0.007713425386374632,0.0,0.0,0.0,0.0,0.0,0.0,0.0,0.0,0.0,0.0,0.0,0.0,0.0,0.0,0.0,0.0,0.0,0.0,0.0,0.0,0.0,0.0,0.0,0.0,0.0
GTTCGCCATAAGTGCC-1,0.5564878596948711,0.3655124583980196,0.14930095722355327,0.020773295838530808,0.06018022354408937,0.06351028779288823,0.04813981145895314,0.0,0.04049951679387252,0.030793922209161686,0.0,0.0,0.047662736053636176,0.006258666353328062,0.09939131913119043,0.0,0.0,0.017946267032199294,0.01548964999125029,0.0,0.006723250294738376,0.00455810949584071,0.0,0.010267110107475483,0.0,0.009771639703704992,0.011303824688840967,0.008439041813485995,0.0033036065704812657,0.0,0.004004506226609877,0.0,0.0,0.0018183692218338386,0.0,0.0,0.015482541039523103,0.0,0.0,0.010776103893163054,0.0,0.0,0.004079207041186799,0.0026907673447839732,0.0,0.0,0.0,0.0073766760489137224,0.0,0.0059469881998724695,0.0,0.0028388074546878703,0.0,0.0,0.0,0.0,0.0,0.0,0.0,0.0,0.0,0.0,0.0,0.0,0.0,0.0,0.0,0.0,0.0,0.0,0.0,0.0,0.0,0.0,0.0,0.0,0.0,0.0,0.0,0.0,0.0,0.0,0.0,0.0,0.004583737567668075,0.0,0.0,0.003256220855088496,0.0,0.0,0.0,0.0,0.0,0.0,0.0,0.0,0.0,0.0,0.0,0.0,0.0,0.0,0.0,0.0,0.0,0.0,0.0,0.0,0.0,0.0,0.0,0.0,0.0,0.0,0.0,0.0,0.0,0.0,0.0
GTTCTTCCCTCGATGT-1,0.29490776569182175,0.030030619417205886,0.09847318033691864,0.005941700675374414,0.0,0.0,0.0,0.017535244036256625,0.015880738309410492,0.02439532756625272,0.0,0.0,0.0,0.0,0.0,0.0,0.0,0.0,0.005678574766835665,0.002153181584704826,0.011935250261811026,0.0,0.0,0.0,0.0,0.0,0.0,0.005941700675374414,0.0,0.0,0.005047407337098007,0.0,0.0,0.0,0.0,0.0,0.0,0.011892828432568415,0.0,0.0,0.0,0.0,0.0,0.0,0.0,0.010164027445427623,0.0,0.0,0.0,0.0,0.0018748416468388237,0.0,0.0,0.0,0.0,0.0,0.0,0.0,0.0,0.0,0.0,0.014451473301479069,0.0,0.0,0.0,0.0,0.0,0.0,0.0,0.0,0.0,0.0,0.0,0.0,0.0,0.0,0.0,0.0,0.0,0.0,0.0,0.0,0.0,0.0,0.0,0.0,0.0,0.0,0.0,0.0,0.0,0.0,0.007448989090543667,0.0,0.0,0.0,0.0,0.0,0.0,0.0,0.0,0.0,0.0,0.0,0.0,0.0,0.0,0.0,0.0,0.0,0.0,0.0,0.0,0.0,0.0,0.0,0.0,0.0,0.0
GTTGAACCGGTTCCAT-1,0.12667965954781646,0.0,0.0,0.0,0.09289245177579053,0.0,0.0,0.0,0.0,0.0,0.0,0.0,0.0,0.055014136714926914,0.042282453416054674,0.0,0.0,0.0,0.0,0.0,0.0,0.0,0.0,0.0,0.0,0.0,0.0,0.0,0.0,0.0,0.0,0.0,0.0,0.0,0.0,0.0,0.0,0.0,0.0,0.0,0.0,0.0,0.0,0.0,0.0,0.0,0.0,0.0,0.0,0.0,0.0,0.0,0.0,0.0,0.0,0.0,0.0,0.0,0.0,0.0,0.0,0.0,0.0,0.0,0.0,0.0,0.0,0.0,0.0,0.0,0.0,0.0,0.0,0.0,0.0,0.0,0.0,0.0,0.0,0.0,0.0,0.0,0.0,0.0,0.0,0.0,0.0,0.0,0.0,0.005308297537267953,0.0,0.0,0.0,0.0,0.0,0.0,0.0,0.0,0.0,0.0,0.0,0.0,0.0,0.0,0.0,0.0,0.0,0.0,0.0,0.0,0.0,0.0,0.0,0.0,0.0,0.0,0.0,0.0,0.0
GTTGGATTTGCGTTGG-1,0.40353912299625033,0.15478858831411446,0.07204338178769014,0.0649395408914368,0.0,0.0,0.0790987887570184,0.0,0.0,0.0,0.0,0.009956916590259228,0.02997760896656151,0.0,0.0,0.0,0.0,0.0013925662563525354,0.0,0.0,0.0,0.0,0.0,0.0,0.0,0.0,0.0,0.0027851325127050707,0.0,0.0,0.0,0.0,0.0,0.0,0.0,0.0,0.0,0.0,0.0,0.0,0.0,0.0,0.0,0.0,0.0,0.0,0.0,0.0,0.0,0.0,0.0,0.0,0.0,0.007314826632391606,0.0,0.0,0.0,0.0,0.0,0.0,0.0,0.0,0.0,0.0,0.0,0.0,0.0,0.0,0.0,0.0,0.0,0.0,0.0,0.0,0.0,0.0,0.0,0.0,0.0,0.0,0.0,0.0,0.0,0.0,0.008789085321802916,0.0,0.0,0.0,0.0,0.0,0.0,0.0,0.0,0.0,0.0,0.0,0.0,0.0,0.0,0.0,0.0,0.0,0.0,0.0,0.0,0.0,0.0,0.0,0.0,0.0,0.0,0.0,0.0,0.0,0.0,0.0,0.0,0.0,0.0
GTTTACGTTCCATCTG-1,0.2537488086610347,0.19325983384639073,0.14839451221545175,0.0,0.0,0.0,0.0,0.0,0.00958188316949182,0.0,0.0,0.019424939357500927,0.0,0.0334150935799218,0.0,0.0,0.0,0.0,0.0,0.006653941301628944,0.014437553341105122,0.0,0.0,0.0,0.0,0.0,0.0,0.0,0.0018790241923154621,0.0,0.0,0.0,0.0,0.0,0.0,0.0,0.0,0.0,0.0,0.0,0.0,0.0,0.0,0.0,0.0,0.0,0.0,0.0,0.0,0.0,0.0,0.0,0.005602768211941731,0.0,0.0,0.0,0.0,0.0,0.0,0.0,0.0,0.0,0.0,0.0,0.0,0.0,0.0,0.0,0.0,0.0,0.0,0.0,0.0,0.0,0.0004632972343716257,0.0,0.0,0.0,0.0,0.0,0.0,0.005602768211941731,0.0,0.0,0.0,0.0,0.0,0.0,0.0,0.0,0.0,0.0,0.0,0.0,0.0,0.0,0.0,0.0,0.0,0.0,0.0,0.0,0.0,0.0,0.0,0.0,0.0,0.0,0.0,0.0,0.0,0.0,0.0,0.0,0.0,0.0,0.0,0.0,0.0
GTTTCATATCGTCGCT-1,0.17845744093726862,0.09407903868060696,0.0,0.0,0.0,0.1767995534451085,0.0,0.0,0.007098613719674121,0.001526620843600285,0.15611734362566754,0.0,0.0,0.0,0.0,0.0,0.0,0.0,0.009852339509960395,0.0,0.01590369747645839,0.0,0.0,0.0,0.0,0.0,0.0,0.0,0.0,0.005465356566392741,0.0,0.0,0.0,0.0,0.0,0.0,0.0,0.0,0.0,0.0,0.0,0.0,0.0,0.005465356566392741,0.0,0.0,0.0,0.0,0.0,0.0,0.0,0.0,0.0,0.0,0.0,0.0,0.0,0.005465356566392741,0.0,0.0,0.0,0.0,0.0,0.0,0.0,0.0,0.0,0.0,0.0,0.0,0.0,0.0,0.0,0.0,0.0,0.0,0.0,0.0,0.0,0.0,0.0,0.0,0.0,0.0,0.0,0.0,0.0,0.0,0.0,0.0,0.0,0.0,0.0,0.0,0.0,0.0,0.0,0.0,0.0,0.0,0.0,0.0,0.0,0.0,0.0,0.0,0.0,0.0,0.0,0.0,0.0,0.0,0.0,0.0,0.0,0.0,0.0,0.0,0.0
GTTTGGGCTTGTGAGC-1,0.3698540876517968,0.1730214850679873,0.0,0.0,0.0,0.0,0.027689606094654984,0.0,0.0,0.0,0.0,0.037028924993562744,0.0,0.017775813807440023,0.0,0.0,0.0,0.0,0.023069036048344073,0.0,0.0039187719043259185,0.0,0.0,0.0,0.0,0.0,0.0,0.0,0.0,0.008183647537572804,0.0,0.0,0.0,0.0,0.0,0.0,0.0,0.0,0.0,0.0,0.0,0.0020093975026706087,0.0,0.0,0.0,0.0,0.0,0.0,0.0,0.0,0.0,0.0,0.0,0.0,0.0,0.0,0.0,0.0,0.0,0.0,0.0,0.0,0.0,0.0,0.0,0.0,0.0,0.0,0.0,0.0,0.0,0.0,0.0,0.0,0.0,0.0,0.0,0.0,0.0,0.0,0.0,0.0,0.0,0.0,0.0,0.0,0.0,0.0,0.0,0.0,0.0,0.0,0.0,0.0,0.0,0.0,0.0,0.0,0.0,0.0,0.0,0.0,0.0,0.0,0.0,0.0,0.0,0.0,0.0,0.0,0.0,0.0,0.0,0.0,0.0,0.0,0.0,0.0,0.0
GTTTGGTAGGGTCAAC-1,0.5491148114826528,0.0945060122855686,0.18638673726046542,0.08612377669427376,0.04834801248965595,0.0,0.08288055756213526,0.019257332662331216,0.0045647121878213655,0.0007452114404583976,0.0,0.025087087051363872,0.0,0.0,0.0,0.0,0.0,0.0014272242463458642,0.015074287724057497,0.0059586157246456625,0.008870596876004219,0.0,0.0,0.0,0.007543312691927424,0.0,0.0,0.007214752729237539,0.007944319961589884,0.004556376468665191,0.003221185998482195,0.0011362132255122214,0.006228821909573428,0.009824765095428342,0.0,0.015728291687833688,0.0,0.0,0.0,0.0,0.0,0.0,0.0,0.0,0.0,0.0032992499898705347,0.0,0.0,0.0,0.0,0.0,0.0,0.0,0.0,0.006312339301867952,0.0,0.0,0.0,0.0,0.0,0.0,0.0,0.0,0.0,0.0,0.0,0.0,0.0,0.0,0.0,0.0,0.0,0.0,0.0,0.0,0.0,0.0,0.0,0.0032992499898705347,0.0,0.0,0.0,0.0,0.0,0.0005204986070054769,0.0,0.0,0.0,0.0,0.0,0.0,0.0,0.0,0.0,0.0,0.0,0.0,0.0,0.0,0.0,0.0,0.0,0.0,0.0,0.0,0.0,0.0,0.0,0.0,0.0,0.0,0.0,0.0,0.0,0.0,0.0,0.0,0.0,0.0
TAAACCCAGGAGGGCA-1,0.030220931325453827,0.012738620388455472,0.011518609185145716,0.00040185990653160376,0.0012778083213595254,0.0,0.008359688787754555,0.0006961369298026269,0.0008389329048837827,0.0007515195485607252,0.0,0.0,0.005939098311309494,0.0009038355891586258,0.008984358995232972,0.0,0.014144317870581182,0.003249189075721803,0.0,0.028439576343324252,0.0030823572851248413,0.0,0.0,0.0037749803709115457,0.01173369061942108,0.004264189821522895,0.0,0.0,0.00026372685201143747,0.009254484648886433,0.001077835241235855,0.015825918808132205,0.0,0.0,0.0,0.0,0.0,0.00010636655338947348,0.0,0.0,0.0,0.00025871495123328843,0.0020696121347057333,0.0,0.0,0.0,0.0005627781763232725,0.00021218441824189446,0.0,0.0016137427805443174,0.004361373745675059,0.0,0.0,0.0,6.616540674354438e-05,0.0017545344968822642,0.0,0.0,0.0,0.0,0.0,0.0,0.0,0.0,0.0,0.0,0.0,0.0,0.0,0.0006779316477731196,0.0,0.0,0.0006359845371965706,0.0,0.0,0.0,0.0,0.0,0.0,0.0,0.0002837880447965301,0.0,0.0,0.0,0.0,0.0,0.00035494266034176794,0.0,0.0,0.00014544042717117578,0.0,0.0,0.0,0.0,0.0,0.0,0.0,0.00026411266355089467,0.0,0.0,0.0,0.0,0.0,0.0,0.0,0.0,0.0,0.0,0.0003447902739954737,0.0,0.00033981910390749035,0.0,3.308270337177219e-05,0.0,0.0,0.0,0.0,0.0,0.0
TAAATGAATCCGTTTC-1,1.233734810082334,0.536853744296298,0.038436944056804735,0.09587041370861048,0.19803037201508827,0.0,0.02434203091233901,0.0,0.03451034563086099,0.0008033396224044346,0.039739117094532636,0.00983545539898502,0.02248053961098556,0.02546811166926901,0.02629030221904894,0.0,0.0,0.032507242613898375,0.008774581726755451,0.0,0.0,0.012405526101915363,0.013490804071295593,0.019550410679139114,0.0,0.0,0.009703433810075313,0.006650049229253114,0.009025715726972902,0.0007616502393187598,0.009418502995941108,0.0,0.0021159261389525953,0.0037479306151492237,0.006345537614341781,0.010341613374440915,0.0,0.0,0.0,0.015069253150433662,0.0,0.0023008754147113056,0.0,0.0009896053674841355,0.0,0.0,0.0021174353705579654,0.0,0.0028733751048650256,0.001263879566126826,0.0,0.003534731450768527,0.002968816102452407,0.000457126084676641,0.0,0.0,0.000457126084676641,0.0,0.0,0.0,0.0,0.0,0.0035046873583381047,0.0,0.0035811495349868253,0.005466138436073806,0.0,0.0,0.0,0.0,0.0,0.0,0.0,0.0,0.0003765769255850843,0.0014451622393747406,0.0,0.0,0.0,0.0,0.0,0.0,0.0,0.0,0.0007377494060398749,0.0,3.310024287211525e-05,0.0,0.0,0.0,0.0,0.0,0.0,0.001637164416901898,0.0,0.0,0.0038277300606809643,0.004559854569893507,0.0,0.0,0.0,0.0,0.0007144016658234447,0.0,0.0019110854450448875,0.0,0.001626756202534997,0.0,0.0,0.0,0.0,0.0,0.0,0.0,0.0,0.0,0.0,0.0,0.0
TAACAAAGGGAGAAGC-1,0.47012975956321557,0.0,0.0,0.0,0.06540318252424276,0.0,0.0,0.0,0.007160346425217845,0.0,0.0,0.009726610950395446,0.0,0.0,0.0,0.0,0.0,0.0,0.017439023111565942,0.0,0.0,0.0,0.0,0.0,0.0,0.004257275311704332,0.0,0.005497763290952429,0.0,0.0,0.0,0.0,0.00784437764644853,0.0,0.0,0.0,0.0,0.0,0.0,0.0,0.0,0.0,0.0,0.0,0.0,0.016268868342765367,0.0,0.0,0.0,0.0,0.0,0.0,0.0,0.00784437764644853,0.0,0.0,0.0,0.0,0.0,0.0,0.0,0.0,0.0,0.0,0.0,0.0,0.0,0.0,0.0,0.0,0.0,0.0,0.0,0.0,0.0,0.0,0.0,0.0,0.0,0.0,0.0,0.0,0.0,0.0,0.0,0.0,0.0,0.0,0.0,0.0,0.0,0.0,0.0,0.0,0.0,0.0,0.0,0.0,0.0,0.0,0.0,0.0,0.0,0.0,0.0,0.0,0.0,0.0,0.0,0.0,0.0,0.0,0.0,0.0,0.0,0.0,0.0,0.0,0.0
TAACAATATTTGTTGC-1,0.6931214046940579,0.6508189657532274,0.06376873725294507,0.07151525058552154,0.11256870436403524,0.0,0.0,0.020211027745943876,0.05221693332514508,0.0041013704888414665,0.0,0.0,0.0008345293152903701,0.0,0.0,0.0,0.0,0.029713194447322278,0.025800598380184208,0.0,0.0,0.0,0.02133735816614326,0.0,0.0,0.01329339323786227,0.0,0.00578596196210047,0.0010138562163132718,0.0,0.004342102346856547,0.0,0.0,0.0,0.0,0.0,0.0,0.019723207039764337,0.0,0.0,0.0,0.0006139768469747131,0.0,0.0,0.0,0.0,0.0,0.0,0.0,0.0,0.0,0.003752627921849663,0.0,0.006607535212159791,0.0,0.0,0.0,0.0035647549343026403,0.006607535212159791,0.0,0.0,0.0,0.0,0.0,0.0,0.0,0.0,0.0,0.0,0.0,0.0,0.0,0.0,0.0,0.0,0.0,0.0,0.0,0.0,0.0,0.0,0.0,0.0,0.0,0.0,0.0,0.0,0.0,0.0,0.0,0.0,0.0,0.0,0.0048784254985391904,0.0,0.0,0.0,0.0,0.0,0.0,0.0,0.0,0.0,0.0,0.0,0.0,0.0,0.0,0.0,0.0,0.0,0.0,0.0,0.0,0.0,0.0,0.0,0.0,0.0
TAACATACAATGTGGG-1,0.17232425944694973,0.10417540004306372,0.06684825343033257,0.0,0.0,0.0,0.00920516696043435,0.0,0.0,0.0,0.0,0.008962407681935965,0.015868695761101816,0.0,0.0,0.0,0.0,0.013259834200827346,0.007070515177634424,0.01775758427902952,0.0,0.0,0.0,0.0,0.005602191011333151,0.0,0.0,0.0,0.0,0.0,0.0,0.0,0.0,0.0,0.0,0.0,0.0,0.0,0.0,0.0,0.0,0.0,0.0,0.0,0.0,0.0,0.0,0.0,0.0,0.0,0.0,0.0,0.0,0.0,0.0,0.0,0.0,0.006397151623288592,0.0,0.0,0.0,0.0,0.0,0.0,0.0,0.0,0.0,0.0,0.0,0.0,0.0,0.0,0.0,0.0,0.0,0.0,0.0,0.0,0.0,0.0,0.0,0.0,0.0,0.0,0.0,0.0,0.0,0.0,0.0,0.0,0.0,0.0,0.0,0.0,0.0,0.0,0.0,0.0,0.0,0.0,0.0,0.0,0.0,0.0,0.0,0.0,0.0,0.0,0.0,0.0,0.0,0.0,0.0,0.0,0.0,0.0,0.0,0.0,0.0
TAACGCTTTGAGAGCG-1,0.5012579750313176,0.755041496812782,0.12582592053864378,0.028468520560737412,0.1907093577886497,0.03953337991042558,0.011386334162190022,0.008980971425201755,0.04134207755172695,0.031734030029679235,0.0,0.0,0.020976812325171332,0.030504535758506805,0.0,0.0,0.014614707417715308,0.013718866199512354,0.0,0.0,0.0033895677567494656,0.0,0.0,0.007659899814601108,0.0,0.0,0.02597453913547315,0.0054496460604486026,0.0025645954089159916,0.0,0.007980116390532945,0.0007478231690556934,0.0,0.0,0.00502009327128605,0.0,0.0,0.014999100433984646,0.0,0.0,0.0,0.0,0.0017314716893843838,0.004823699998034717,0.0,0.006459606120003118,0.0,0.0037466304882411835,0.0,0.0,0.0,0.0,0.0,0.0,0.0,0.0,0.0,0.0,0.0,0.0,0.0,0.0,0.0,0.0,0.005820909442977367,0.003524446175946472,0.0,0.0,0.0,0.0,0.0,0.0,0.0,0.0,0.0,0.0,0.0,0.0,0.0,0.0,0.0,0.0,0.0,0.0,0.0,0.0,0.0,0.0,0.0,0.0,0.0,0.0010281436307563426,0.0,0.0,0.0,0.0,0.0,0.0,0.0,0.0,0.0,0.0,0.0,0.0,0.0,0.0,0.0,0.0,0.0,0.0,0.0,0.0,0.0,0.0,0.0,0.0,0.0,0.0,0.0
TAACTATCGAAGGTCC-1,0.8924212150199893,0.40630826415836135,0.14957354639927187,0.07193718927502245,0.0,0.0,0.0,0.006900091553391701,0.03499782296512776,0.0,0.0,0.0,0.028266208966143694,0.022739275640887357,0.0,0.0,0.0,0.016050276947643022,0.0,0.0,0.0033902204678843925,0.026318673107880244,0.0,0.0,0.0,0.0,0.0,0.009969531106030303,0.0033902204678843925,0.0,0.0022477299961398264,0.0,0.0,0.0013882551277290577,0.0,0.0,0.01223018145688195,0.0,0.0,0.0,0.03827852545848867,0.0,0.0,0.0,0.0,0.0,0.0,0.0,0.0,0.0,0.0,0.0,0.006780440935768785,0.0,0.0,0.0,0.0,0.0,0.0,0.0,0.0,0.0,0.0,0.0,0.0,0.0013729122269393527,0.0,0.0,0.0,0.0,0.006359526531057264,0.0,0.0,0.0,0.0,0.0,0.0,0.0033902204678843925,0.0,0.0,0.0,0.0,0.0,0.0,0.0,0.0,0.0,0.0,0.0,0.0,0.0,0.0,0.0,0.0,0.0,0.0,0.0,0.0,0.0,0.0,0.0033902204678843925,0.0,0.0,0.0,0.0,0.0,0.0,0.0,0.0,0.0,0.0,0.0,0.0,0.0,0.0,0.0,0.0,0.0,0.0
TAACTCATCCGCGCGG-1,0.4838082754478347,0.0,0.0,0.0,0.0,0.0,0.06383863244374412,0.0,0.015522759475665004,0.0,0.0,0.0,0.03508598274098741,0.0,0.0,0.0,0.0,0.007301966959419419,0.0,0.0,0.015561389466531239,0.0,0.0,0.0,0.0,0.0,0.0,0.0,0.0,0.0,0.0,0.0,0.0,0.0,0.0,0.0,0.0,0.0,0.0,0.0,0.0,0.0,0.0,0.0,0.0,0.0,0.0,0.0,0.020688353809280094,0.0,0.0,0.0,0.0,0.008823265205398188,0.0,0.0,0.0,0.0,0.0,0.0,0.0,0.0,0.0,0.0,0.0,0.0,0.0,0.0,0.0,0.0,0.0,0.0,0.0,0.0,0.0,0.0,0.0,0.0,0.0,0.0,0.0,0.0,0.0,0.0,0.0,0.0,0.0,0.0,0.0,0.0,0.0,0.0,0.0,0.0,0.0,0.0,0.0,0.0,0.0,0.0,0.0,0.0,0.0,0.0,0.0,0.0,0.0,0.0,0.0,0.0,0.0,0.0,0.0,0.0,0.0,0.0,0.0,0.0,0.0
TAAGCAGGCGACACGC-1,0.695145425689195,0.13631891755073963,0.20109693461875328,0.0,0.05490791047564837,0.0,0.025908286998927284,0.0,0.010441757194556957,0.0023578463124407905,0.0,0.010835319949486492,0.0081545798782207,0.0,0.0,0.0,0.0,0.024281383571719155,0.0,0.0,0.011185503109689332,0.0,0.01929890429738585,0.0,0.0,0.0,0.021719846072725032,0.0,0.0,0.0,0.0015139044655741994,0.0,0.0,0.022059856344195966,0.0,0.0,0.0,0.0,0.0,0.0,0.0,0.0,0.0,0.0,0.0,0.00521080621029504,0.0,0.0,0.0,0.0,0.0,0.0,0.0,0.0,0.0,0.0,0.0,0.0,0.0,0.0,0.0,0.0,0.006039495985563082,0.0,0.0,0.0,0.0,0.0,0.0,0.0,0.0,0.0,0.0,0.0,0.0,0.002738486225929552,0.0,0.0,0.0,0.0,0.0,0.0,0.0,0.0,0.0,0.0,0.0,0.0,0.0,0.0,0.0,0.0,0.0,0.0,0.0,0.0,0.0,0.0,0.0,0.0,0.0,0.0,0.0,0.0,0.0,0.0,0.0,0.0,0.0,0.0,0.0,0.0,0.0,0.0,0.0,0.0,0.0,0.0,0.0
TAAGGCATAACATCAA-1,0.002749118022505271,0.007337667434421883,0.007361195522506249,0.000491210654902539,0.0008697808995500167,0.0006458624219763327,0.002928158078517757,0.0172556384437018,0.0,0.0020847792567506647,0.0,0.008660989431685586,0.00924346320715913,0.02694257739425852,0.013713190186514509,0.0,0.1700464775117865,0.001766980297017587,0.0,0.04340419904311981,0.010829918886200414,0.0,0.0,0.004341573741778321,0.023977712132613023,0.006470919901551993,0.0,0.0001904012956660374,0.0005625719854134994,0.006515341462198101,0.0012460915997112693,0.015259050993133485,0.0,0.00043397434299794586,0.0,0.003107509395545006,5.321153105033043e-05,0.0011592313102362572,0.016210919251294018,0.0,0.0,0.002028845375319103,0.0022719217574283185,0.0,0.0,0.0,0.0,0.0,0.0,0.0013062322941749273,0.006620223925622037,0.0,0.008199201104192413,0.0,0.0003715600330844615,0.002138458623784171,0.000626982331050357,0.0,0.0,0.0,0.0,0.0,0.0,0.0,0.0,0.0002770874704363792,0.0,0.0,0.0,0.0002794881736872439,0.0,0.0,0.006119451932067449,0.0,0.0,0.0010924739704379915,0.0,0.0,0.0,0.0005709971427647691,0.0007876165021815544,0.004713171115508562,0.0,0.0,0.0,0.0,4.465322803653693e-05,0.0,0.0005053480857414155,0.0,0.0,0.0,0.0,0.0,0.0,0.0,0.0,0.0,0.0,0.0,0.0,0.0,0.0,0.0,0.0,0.0,0.0,0.0,0.0,0.0,0.0,0.0,0.0,0.0,0.0,0.0,0.0,0.0,0.0
TAAGGGCTGGGAGAGG-1,0.43055853246189535,0.2324051205318714,0.14896053344638427,0.08691250323876441,0.0,0.0,0.0637171931311258,0.0,0.0,0.06401863251708996,0.0,0.017157696649879622,0.0045303867448673995,0.0,0.0,0.17182570628054752,0.0,0.0,0.0,0.0,0.003545584206150666,0.0,0.0,0.0,0.0,0.02931882202667397,0.0,0.0,0.0,0.0,0.008585209584281798,0.0,0.0,0.0,0.0,0.0,0.0,0.0,0.0,0.0,0.0,0.0,0.0,0.003602908479165048,0.0,0.0,0.0,0.0,0.0,0.0,0.0,0.0,0.0,0.0,0.0,0.0,0.0,0.0,0.0,0.0,0.0,0.0,0.0,0.0,0.0,0.0,0.0,0.0,0.0,0.0,0.0,0.0,0.0,0.0,0.0,0.0,0.0,0.0,0.0,0.0,0.0,0.0,0.0,0.0,0.0,0.0,0.0,0.0,0.0,0.0,0.0,0.0,0.0,0.0,0.0,0.0,0.0,0.0,0.0,0.0,0.0,0.0,0.0,0.0,0.0,0.0,0.0,0.0,0.0,0.0,0.0,0.0,0.0,0.0,0.0,0.0,0.0,0.0,0.0
TAAGTAACATCTTGAC-1,0.5130393623086869,0.16879014762009995,0.14144346600927526,0.05346054826583735,0.0,0.0,0.034873266197952085,0.15522421358392857,0.0026756106764353176,0.05649102144890364,0.18777372093644337,0.05645640287744479,0.0,0.0,0.0,0.0,0.0,0.0,0.0,0.011859914632400367,0.0030452199254939307,0.0,0.0,0.0,0.0,0.0,0.0,0.0,0.0,0.009084121206799814,0.007903689748056174,0.0,0.0,0.0,0.0,0.0,0.0,0.0,0.0,0.0,0.0,0.0,0.0,0.0,0.0,0.0,0.0,0.0,0.011937618506012108,0.0,0.0,0.0,0.0,0.0,0.0,0.0,0.0,0.0,0.0,0.0,0.0,0.0,0.0,0.0,0.0,0.0,0.0,0.0,0.0,0.0,0.0,0.0,0.0,0.0,0.0,0.0,0.0,0.005760181837189285,0.0,0.0,0.0,0.0,0.0,0.0,0.0,0.0,0.0,0.0,0.0,0.0,0.0,0.0,0.0,0.0,0.0,0.0,0.0,0.005377343900575067,0.0,0.0,0.0,0.0,0.0,0.0,0.0,0.0,0.0,0.0,0.0,0.0,0.0,0.0,0.0,0.0,0.0,0.0,0.0,0.0,0.0
TAAGTCGCCGAGTATC-1,0.0006351046787835557,0.001020565075945655,0.0029737594665691235,0.0,0.0,0.0,0.001339398548342801,0.026169145939013174,0.0,0.0003655976016173307,0.0,0.0,0.00594798497525587,0.013998937300146053,0.008004415369202388,0.0,0.043217513031488713,0.0,0.0,0.048169888639866,0.007020321350019615,0.003634155413161213,0.0,0.006266968385821237,0.015199294805230195,0.0,0.0,0.0,0.0010306739446814836,0.007537927225441701,0.00017536536239086292,0.007704615237091903,0.0,0.0,0.0,0.0,0.0,0.0010100921167066935,0.0,0.0,0.0,6.747144027216222e-05,0.0003419824791081612,0.0,0.0,0.0,0.0,0.0,0.0,0.00017025029290428922,0.0041715990531367465,0.0,0.007877270952643943,0.0,0.0,0.0050845070847275655,0.000981772441090902,0.0,0.0,0.0,0.0037670550685293346,0.0,0.0,0.0,0.0,0.0,0.0,0.0,0.0,0.0,0.0,0.0,0.0016732769869652361,0.0,0.0,0.0,0.0,0.0,0.0,0.0027415360564957848,0.00022483072300125083,0.0,0.0,0.0,0.0,0.0,0.0003758413892826388,0.0,0.0008239892636733489,0.0,0.0,6.118802892998833e-05,0.0,0.0,0.0,0.0,0.0,0.0,0.0,0.0,0.0,0.0,0.0,0.0,0.0,0.0,0.0,0.0,0.0,0.0,0.0,0.0,6.118802892998833e-05,0.0,0.0,0.0,3.241766783330373e-05,0.0,0.0
TAATAGAACAGAGTTA-1,0.3310790030385646,0.2819154163073756,0.008268325509458694,0.004720441333230222,0.0032967131366257083,0.004164014153042834,0.03600909327939918,0.03155329372202862,0.0,0.01336585528352452,0.0,0.026635351967989315,0.003983127134251304,0.007113611664511388,0.03212039007902482,0.0,0.0,0.0017468908503147573,0.0,0.00645909808697134,0.01133576883084221,0.0,0.0,0.007738683193522562,0.00535370880798685,0.0,0.0,0.003792552372754133,0.0037998766618684583,0.0009253938309311894,0.004016505786911152,0.0006446747940664334,0.0028376558386502696,0.0019799186642648044,0.0,0.006196536603654526,0.011007633338808383,0.014135950735822548,0.0,0.0,0.0,0.005243182576028138,0.0009206214230489914,0.0,0.0,0.0,0.0,0.0,0.0,0.0,0.003581060981614049,0.0,0.0005826163982883856,0.0,0.0,0.004311809683931494,0.005995603160285717,0.0,0.0,0.0,0.0,0.0,0.0,0.0,0.0,6.151062204203472e-05,0.0,0.0,0.0,0.0009846621185315907,0.0,0.0,0.00021096538125898757,0.0,0.0011266615396189048,0.0,0.0,0.0,0.0,0.0,9.981524069946643e-05,0.0,0.00301602045843915,0.0,0.0,0.0,0.0017977641922884246,0.0,0.0,0.0,0.0,0.0,0.0,0.00034277743264280375,0.0,0.0,0.0,0.0,0.0,0.0,0.0,0.0,0.0,0.0,0.0,0.0,0.0,0.0,0.00018012530580584853,0.0,0.0,0.0,0.0,0.0,0.0,0.0,0.0,0.0,0.0
TAATCGATCCGTACGT-1,0.5738310490559505,0.1186731608728429,0.16735221285036775,0.09172840180677233,0.0,0.0,0.0,0.07909745228455253,0.030305167222279286,0.023116587868531654,0.0,0.0,0.0,0.0,0.0,0.0,0.0,0.018458665688545907,0.0,0.002651160917355066,0.008556844632400237,0.0,0.0,0.0,0.0,0.0,0.0,0.0,0.0,0.0,0.0,0.0,0.0,0.0,0.0,0.0,0.0,0.0,0.0,0.0,0.0,0.0,0.0,0.0,0.0,0.0,0.0,0.0,0.0,0.0,0.0,0.0,0.0,0.0,0.0,0.0,0.0,0.0,0.0,0.0,0.0,0.0,0.0,0.0,0.0,0.0,0.0,0.0,0.0,0.003750974745319965,0.0,0.0,0.0,0.005854948092232044,0.0,0.0,0.0,0.0,0.0,0.0,0.0,0.0,0.0,0.0,0.0,0.0,0.0,0.0,0.0,0.0,0.0,0.0,0.0,0.0,0.0,0.0,0.0,0.0,0.0,0.0,0.0,0.0,0.0,0.0,0.0,0.0,0.0,0.0,0.0,0.0,0.0,0.0,0.0,0.0,0.0,0.0,0.0,0.0,0.0
TACAACGCACAACTCA-1,0.3281785060102978,0.08354522976355966,0.0,0.07516846094976982,0.0,0.0,0.0,0.0,0.02132753854519919,0.0,0.0,0.010140923456227038,0.023708133768756745,0.0,0.0,0.0,0.0,0.007179441441441191,0.0,0.004059137743207227,0.018404232616616466,0.0,0.0,0.0,0.0,0.0,0.0,0.0,0.0,0.0,0.0,0.0,0.0,0.0,0.0,0.0,0.0,0.0,0.0,0.0,0.0,0.015326859766011955,0.005897775055300058,0.0,0.0,0.0,0.0,0.0,0.0,0.0,0.0,0.0,0.0,0.0,0.0,0.0,0.0,0.0,0.0,0.0,0.0,0.0,0.0,0.0,0.0,0.0,0.0,0.0,0.0,0.0,0.0,0.0,0.0,0.0,0.0,0.0,0.0,0.0,0.0,0.0,0.0,0.0,0.0,0.0,0.0,0.0,0.0,0.0,0.0,0.0,0.0,0.0,0.0,0.0,0.0,0.0,0.0,0.0,0.0,0.0,0.0,0.0,0.0,0.0,0.0,0.0,0.0,0.0,0.0,0.0,0.0,0.0,0.0,0.0,0.0,0.0,0.0,0.0,0.0
TACAAGTCTCGTGCAT-1,0.638068087396254,0.5361242649407939,0.041093719505702245,0.0,0.19465819521258307,0.20000493598415708,0.0,0.017724259672673614,0.002291638083428716,0.03184740487037834,0.0,0.0,0.0,0.0,0.0,0.0,0.0,0.0,0.0,0.0,0.0,0.0,0.0,0.0,0.0,0.0,0.018827822364382598,0.005951591765896753,0.0,0.0,0.005571359095287876,0.0,0.0,0.0,0.012134889866272838,0.0,0.0,0.0,0.0,0.0,0.0,0.0,0.0,0.015734418919149618,0.0,0.0,0.0,0.0,0.0,0.0064178504244974885,0.0,0.0,0.0,0.0,0.0,0.0,0.0,0.0,0.0,0.0,0.0,0.0,0.0,0.0,0.0,0.0,0.0,0.0,0.0,0.0,0.0,0.0,0.0,0.0,0.0,0.0,0.0,0.0,0.0,0.0,0.0,0.0,0.0,0.0,0.0,0.0,0.0,0.0,0.0,0.0,0.0,0.0,0.0,0.0,0.0,0.0,0.0,0.0,0.0,0.0,0.0,0.0,0.0,0.0,0.0,0.0,0.0,0.0,0.0,0.0,0.0,0.0,0.0,0.0,0.0,0.0,0.0,0.0,0.0
TACATAGGCATACACC-1,0.3338159705678148,0.6007152538778213,0.0,0.002433812022198412,0.0046634581342819,0.01223454490634586,0.06223875013790942,0.001064793012872341,0.008032707353310154,0.005670843711220285,0.0,0.019105562914738257,0.022545001771393496,0.004014493413812176,0.0,0.0,0.0,0.0026924869287099145,0.0,0.0,0.0030673221609764014,0.0,0.009078502533830853,0.0011586774271607997,0.0,0.0,0.003532394865711697,0.0,0.00754925034750409,0.0029936906936082956,0.0,0.0,0.0,0.0067229276951144435,0.0,0.0,0.0,0.0,0.0,0.0,0.0,0.0,0.0,0.0007300753971824836,0.0,0.0018744396126383611,0.0,0.0,0.002756272056377669,0.0,0.0,0.0034296040637964657,0.003806146235640508,0.0007300753971824836,0.0,0.0,0.009646510858618654,0.005782057070778102,0.0,0.0,0.010801335100967136,0.0,0.0,0.0,0.0,0.0,0.0010015869404382683,0.0,0.0,0.0,0.0,0.0,0.0,0.0,0.006259838257520989,0.0,0.0,0.0,0.0,0.0007300753971824836,0.0,0.0,0.0,0.0,0.00038420167504185567,0.0,0.0,0.0,0.0,0.0,0.0,0.0,0.0,0.0,0.0,0.0,0.0,0.0,0.0,0.0,0.0,0.0,0.0,0.0,0.0,0.0,0.0,0.0,0.0,0.0,0.0,0.0,0.0,0.0,0.0,0.0,0.0,0.0,0.0
TACATCCCTATCCCTG-1,0.1111913872489787,0.010029110070775761,0.022505601831461167,0.005493851369022479,0.0,0.0,0.009787500658598989,0.0071991078831155466,0.002848387409000713,0.00045897136219394765,0.0,0.024871919127023925,0.0029029341815186545,0.010651568197147363,0.0,0.001363256682542229,0.035079081949623184,0.00046694182067056494,0.0,0.0033262018950074475,0.0,0.0,0.0,0.002254831281879574,0.004935007918538074,0.0,0.0,0.0007007887911589686,0.00011082411296710274,0.004676392950001218,0.000529024389871894,0.003929815171717115,0.0,0.001134876257697397,0.0,0.0012576341365022213,0.0,0.0031235448631007274,0.0,0.010062390402597788,0.0,0.0013217148719225098,0.002916523270633027,0.0,0.0,0.0,0.001323086715361482,0.0,0.0,0.0008937171089274821,0.002033526634298001,0.0007153644304558664,0.0001388518433707592,0.0,0.0,0.0004027950955626641,0.004766929741186211,0.0,0.0,0.0,0.0,0.0,0.0,0.0,0.0,0.0,0.0,0.0,0.0,0.00047656480361064435,0.0,0.0,0.001689877086071863,0.0,0.0,0.0005407161785667353,0.0,0.0,0.0,0.0,0.00275166309613021,0.0,0.0,0.0,0.0,0.0,0.0,0.0,0.0,0.00019065436922845416,0.0005180262152315717,0.0,0.0,0.0,0.0,0.0002427367620295769,0.0,0.0,0.0,0.0,0.0,0.0,0.0,0.0,0.0,0.0001388518433707592,0.0,0.0,0.0,0.0,0.0,0.0,0.0001388518433707592,0.0,0.0,0.0,0.00018576465226741737,0.0,0.0
TACATTTCTAACGTGC-1,0.521456824035752,0.1184059717347732,0.2961498089945123,0.12941985843091763,0.31431744861062383,0.0,0.007276855324161172,0.0,0.008612210590996771,0.0,0.0,0.011340427028966055,0.03690452814133328,0.0,0.0,0.0,0.0,0.012798818260647445,0.013744804544171742,0.0,0.0028309934091684365,0.0,0.0,0.0,0.0,0.0,0.01899422585185009,0.00712670678508801,0.0015311395270206935,0.0,0.0020870164549227637,0.0,0.027539757490466936,0.0,0.010601537011021657,0.0,0.0,0.0,0.0,0.0,0.0,0.001295331085777103,0.0030396693153163755,0.0,0.0,0.0074881875786642965,0.0,0.0,0.0,0.0,0.0,0.00245036805551889,0.0,0.0,0.0,0.0,0.0,0.0,0.0037440937893321482,0.0,0.0,0.0,0.0,0.0,0.0,0.0,0.0,0.0,0.0,0.0,0.006858784416601723,0.0,0.0,0.006858784416601723,0.0,0.0,0.00991978269068469,0.0037440937893321482,0.0,0.0,0.0,0.0,0.0037440937893321482,0.0,0.0,0.0,0.0,0.0,0.0,0.0,0.008062486838397014,0.0037440937893321482,0.0,0.0,0.0,0.0,0.0,0.0,0.0,0.0,0.0,0.0,0.0,0.0,0.0,0.0,0.0,0.0,0.0,0.0037440937893321482,0.0,0.0,0.0,0.0,0.0,0.0,0.0,0.0,0.0
TACCAGAAGTAGGTTC-1,0.6226782687647511,0.2438427286656415,0.15699933490721987,0.1819260467850373,0.03792696097823043,0.0,0.013705540555779883,0.008271235021578689,0.0,0.011494019012843533,0.0,0.0,0.009260437973971872,0.026030989965538733,0.0,0.0,0.013170394221937918,0.0006894463305952573,0.004233662957323729,0.0054418093092859846,0.0,0.006224537730905761,0.0,0.0,0.002913190100902908,0.0,0.002006923687712799,0.0023225131613135936,0.007297712296673688,0.0,0.0009950043418797225,0.0014148114860161381,0.0,0.0007572953296032493,0.007645197596836944,0.01277700347479478,0.001742278899589294,0.011365364236871036,0.0,0.0,0.0,0.0005660712360020374,0.0011507101662531958,0.0006894463305952574,0.0,0.0016929752633400394,0.0,0.0017895374808914802,0.0,0.001800383190967672,0.0010968110710903273,0.0,0.0,0.0,0.0,0.0,0.0006894463305952574,0.0,0.0,0.0018395744818972756,0.0,0.010024225052307746,0.0,0.0,0.0,0.0,0.0,0.0,0.0,0.0,0.0,0.0,0.0,0.0,0.0004527404051266928,0.0,0.0,0.0,0.005377197385610155,0.0,0.0,0.0,0.0,0.0,0.0,0.0,0.0,0.0,0.0,0.0,0.0010693816323378187,0.0,0.0,0.0,0.0,0.0,0.0,0.0,0.0,0.0,0.0013108364151848018,0.0,0.0007510551988353739,0.0,0.0,0.0006894463305952573,0.0,0.001331634079888328,0.0,0.0,0.0,0.0,0.0,0.0,0.0,0.0,0.0,0.0,0.0
TACCGGCTCACTGCCC-1,0.3277319290884476,0.0,0.18169407822904146,0.0,0.0,0.0,0.018271978986635934,0.0013393465229294404,0.0,0.010748920003448166,0.1679216795127884,0.0,0.0009275569335252185,0.025052613970889474,0.0,0.0,0.02465338155424077,0.02338897566857277,0.0,0.005900364511685247,0.0,0.04394242667341166,0.0,0.0,0.002940736796282829,0.0,0.0,0.0,0.0,0.0,0.0,0.0,0.02064110587671598,0.0,0.010646627219633352,0.0009691384515865464,0.0,0.0,0.0,0.0,0.0,0.002119135390525178,0.0009691384515865465,0.005160276469178995,0.0,0.0,0.0,0.0,0.0,0.0,0.0,0.0,0.0,0.0,0.006750833471925031,0.0,0.0,0.0,0.0,0.0,0.0,0.0,0.0,0.0,0.0,0.0,0.0,0.0,0.0,0.0,0.0,0.005160276469178995,0.0,0.0,0.0,0.0,0.005160276469178995,0.0,0.0,0.0,0.0,0.0,0.0,0.0,0.0,0.0,0.0,0.0,0.0,0.0,0.0,0.0,0.0,0.0,0.0,0.0,0.0,0.0,0.0,0.0,0.0,0.0,0.0,0.0,0.002593986068410569,0.0,0.0,0.0,0.0,0.0,0.0,0.0,0.0,0.0,0.0,0.0,0.0,0.0,0.0
TACCGGTCGTTTCCAT-1,0.1537942339120482,0.0,0.40818641580167314,0.0,0.0,0.0,0.04069114977354295,0.0,0.0044907763500165055,0.05320589900036532,0.0,0.0,0.0,0.0,0.0,0.0,0.0,0.0,0.0,0.0,0.0,0.0,0.0,0.0,0.0,0.0,0.0,0.0,0.0,0.0,0.0,0.0,0.008824212539394683,0.0,0.0,0.0,0.0,0.0,0.0,0.0,0.0,0.0,0.0,0.0,0.0,0.0,0.0,0.0,0.0,0.0,0.0,0.0,0.0,0.0,0.0,0.0,0.0,0.0,0.0,0.0,0.0,0.0,0.0,0.0,0.0,0.0,0.0,0.0,0.0,0.0,0.0,0.0,0.0,0.0,0.0,0.0,0.007013822376467117,0.0,0.0,0.0,0.0,0.0,0.0,0.0,0.0,0.0,0.0,0.0,0.0,0.0,0.0,0.0,0.0,0.0,0.0,0.0,0.0,0.0,0.0,0.0,0.0,0.0,0.0,0.0,0.0,0.0,0.0,0.0,0.0,0.0,0.0,0.0,0.0,0.0,0.0,0.0,0.0,0.0,0.0
TACCGTAGGTTAACTA-1,0.05312603167311486,0.003043332369532215,0.0031669729072208337,0.0006781219486255664,0.0,0.008948812275629147,0.004707355792777147,0.0,0.0,0.0006439122039814575,0.0,0.0,0.0038729058365308752,0.0057685543866141656,0.0,0.0,0.023481180157441616,0.004679644968994882,0.0,0.022219648367821043,0.0,0.0,0.0,0.003350176056168698,0.014860148724788219,0.0023238492519841304,0.0,0.0,0.0005051736008993439,0.009344988951671093,0.0010656627207927959,0.003406834913794967,0.0,0.0,0.0,0.0,0.0,0.0003399831170833919,0.0,0.0,0.0,0.0007042566491476908,0.0006143349563921532,0.0,0.015781522436103337,0.0,0.0,0.0,0.0,0.0003446136781268822,0.0009792771443504222,5.4744027137386417e-05,0.00019603836578508052,0.0,0.0,0.0,0.0,0.0,0.0,0.0,0.0,0.0,0.0,0.0,0.0,0.0,0.0,0.0,0.0,0.0,0.0,0.0,0.00025428806538458243,0.0,0.0,0.0,0.0,0.0,0.0,0.00019603836578508052,0.0,0.0,0.000660182537473424,0.0,0.0,0.0,0.0009567123419280972,0.0,0.0,0.0,0.0,0.0,0.0,0.0,0.0,0.0,0.0,0.0,0.0,0.0,0.0,0.0,0.0,0.0,0.0,0.0,0.0,0.0,0.0,0.0,0.0,0.0,0.0,0.0,0.0,0.0,0.0,0.0,0.0
TACCTGCTGCACTGTG-1,1.161541221386223,0.9870559814242288,0.1942518934522054,0.24662068650724803,0.21716477008743515,0.0,0.0,0.07560083450261056,0.06382198648958984,0.05364897922216008,0.0,0.01018018025775437,0.0035263966322935606,0.02330708681859682,0.0,0.16214952796570598,0.0,0.05866780360963555,0.047742426038269295,0.0,0.015556027212795979,0.0,0.03638509403344315,0.0,0.0,0.0,0.016589361914594224,0.0,0.002798466795236759,0.0,0.00659913461801482,0.0,0.0,0.007257140954008305,0.0,0.0,0.0,0.025615813471658123,0.0,0.0,0.0,0.0010018914194181458,0.0028686667731669707,0.0,0.0,0.0,0.0,0.0,0.0,0.0,0.0,0.0,0.0,0.0,0.0,0.0,0.0,0.0,0.0,0.0,0.0,0.0,0.0,0.0,0.0,0.0010631206777608703,0.0,0.0,0.0,0.0,0.0,0.0,0.0,0.0,0.0,0.0,0.0,0.0,0.0,0.0,0.0,0.0,0.0,0.0,0.0,0.0,0.0,0.0,0.0,0.0,0.0,0.0,0.0,0.0,0.0,0.0,0.0,0.0,0.0,0.0,0.0,0.0,0.0,0.0,0.0,0.0,0.0,0.0,0.0,0.0,0.0,0.0,0.0,0.0,0.0,0.0,0.0,0.0,0.0
TACCTTAAGATTTCCC-1,0.24222386270512017,0.04016259157785056,0.08191944049263077,0.003172750357051441,0.0030115377683156523,0.0,0.006661191673165019,0.027208714432376706,0.026036847424869263,0.01178624493892863,0.0,0.008243259288546273,0.008599824218376989,0.013649008506975976,0.017285824890759825,0.0,0.0,0.0006095039493774874,0.0,0.012963544355620965,0.0,0.0,0.0,0.00508784351234138,0.0038045946153214194,0.0,0.0,0.0020910459597993673,0.0011850854296769056,0.005463140738621258,0.004093338236661211,0.0025368336749632767,0.0,0.007967235456746278,0.0,0.000846685224963854,0.0,0.003072766999431188,0.0,0.0,0.0,0.0011447023159914132,0.0034846593642977285,0.0,0.0,0.0,0.0052617900917111896,0.0,0.0,0.0,0.002321478726003668,0.0,0.0,0.0,0.0,0.0,0.0,0.0,0.0,0.0,0.0,0.0,0.0,0.0,0.0,0.0004551279550232414,0.0,0.0,0.0,0.0004922405581691585,0.0,0.0,0.006593458622670672,0.0,0.0,0.0,0.0,0.0,0.0,0.0,0.00023949440464015616,0.0,0.0,0.0,0.0,0.0,0.0005586554137547901,0.0,0.0,0.0,0.0,0.0,0.0,0.0006234490374832682,0.0,0.0,0.0,0.0,0.0,0.0,0.0,0.002864603457053355,0.0,0.0,0.0,0.0006234490374832682,0.0,0.0,0.0,0.0,0.0,0.0,0.0,0.0,0.0,0.0,0.0,0.0,0.0
TACGACGCTTGCTGCG-1,0.43627158363974244,0.24883427748992384,0.28133424809907076,0.07774458337113715,0.0,0.0,0.030280535358865976,0.0,0.00768291001478765,0.0,0.0,0.02891563720189659,0.010962473389142888,0.03026795305848939,0.0,0.0,0.0,0.0,0.018853811079011615,0.0037312824678769727,0.0,0.0,0.03965980809572041,0.0,0.0029959823197929377,0.0,0.0,0.0,0.0,0.0,0.0,0.0,0.004832167770503823,0.009189571823707537,0.0,0.0,0.0,0.0,0.0,0.02948189088981998,0.0,0.0,0.001418912307652043,0.0,0.0,0.0,0.0,0.0,0.0,0.004832167770503823,0.0,0.0,0.0,0.0,0.0,0.0,0.0,0.0,0.0,0.0,0.0,0.0,0.0,0.0,0.0032486997464573108,0.0,0.0,0.0,0.0,0.0,0.0,0.0,0.0,0.0,0.0,0.0,0.0,0.0,0.0,0.0,0.0,0.0,0.0,0.0,0.0,0.0,0.0,0.0,0.0,0.0,0.0,0.0,0.0,0.0,0.0,0.0,0.0,0.0,0.0,0.0,0.0,0.0,0.0,0.0,0.0,0.0,0.0,0.0,0.0,0.0,0.0,0.0,0.0,0.0,0.0,0.0,0.0,0.0,0.0
TACGACTGCCTCTTAG-1,0.47462830514295984,0.1559492216915404,0.2773228494429069,0.0029883269298343882,0.0,0.0,0.01713671485245032,0.0,0.0,0.0,0.0,0.00917085113118327,0.009012799727349455,0.0,0.05117971948824918,0.0,0.0,0.004888235883831897,0.009289905736245125,0.0,0.007818946993665019,0.05768171214786358,0.0,0.0,0.0,0.0,0.0,0.0,0.003219907029476646,0.0,0.0,0.0016561930425454336,0.0,0.0019041043629600975,0.0,0.0019972136488271906,0.0,0.0,0.015749700484679326,0.0,0.0,0.0,0.004217679018994138,0.0,0.0,0.005846395002664035,0.0,0.0,0.0,0.0039077908540753065,0.005105676106603494,0.0,0.0,0.001027545178796955,0.0,0.0,0.0,0.001027545178796955,0.0,0.0,0.0,0.0,0.0,0.0,0.0,0.0,0.0,0.006704247525026109,0.0,0.0,0.0,0.0,0.0,0.0,0.00311875278074212,0.0,0.0,0.0,0.0,0.0,0.0,0.0,0.0,0.0024831329328452944,0.0,0.0,0.0,0.0,0.002753879603317176,0.0,0.0016025751928351471,0.0,0.0,0.0,0.0,0.0,0.006603917029496607,0.0007553630471670424,0.0,0.0,0.0,0.0,0.0,0.0016025751928351467,0.0,0.0,0.007789948807537364,0.0,0.0,0.0,0.0,0.0,0.0,0.0,0.0,0.0,0.0,0.0,0.0
TACGAGAACTTCACGT-1,0.09281474782784709,0.20647011874182908,0.0355505447773397,0.02904689443649429,0.0,0.0,0.03416468255076109,0.0,0.004105156403724328,0.0,0.0,0.020222578867939184,0.0,0.0,0.0,0.0,0.0,0.007426311938340829,0.030731158069063073,0.0,0.0,0.0,0.0,0.0,0.0,0.0,0.0,0.0,0.0,0.0,0.0,0.0,0.0,0.0,0.004028670520171434,0.0,0.0,0.0,0.0,0.0,0.0,0.0,0.0,0.0,0.0,0.0,0.0,0.0,0.0,0.0,0.0,0.0,0.0,0.0,0.0,0.0,0.0,0.0,0.0,0.0,0.0,0.0,0.0,0.0,0.0,0.0,0.0,0.0,0.0,0.0,0.0,0.0,0.0,0.0,0.0,0.0,0.0,0.0,0.0,0.0,0.0,0.0,0.0,0.0,0.0,0.0,0.0,0.0,0.0,0.0,0.0,0.0,0.0,0.0,0.0,0.0,0.0,0.0,0.0,0.0,0.0,0.0,0.0,0.0,0.0,0.0,0.0,0.0,0.0,0.0,0.0,0.0,0.0,0.0,0.0,0.0,0.0,0.0,0.0
TACGATGTTGATCATC-1,0.31865077218153454,0.26697459179236416,0.1237266568683927,0.05321513848991669,0.0,0.0,0.04461899540910927,0.0,0.01880080019210786,0.0,0.0,0.02976208684065705,0.0017328558035392377,0.0,0.0,0.0,0.0,0.01199215691525067,0.043192700107837816,0.0,0.0,0.0,0.0284329511787178,0.0,0.0,0.0,0.0,0.006880899832429217,0.0,0.0,0.0,0.0025155879257606093,0.0,0.0,0.0,0.0,0.0,0.0,0.0,0.0,0.0,0.0,0.0,0.0,0.0,0.0,0.0,0.012333049052714469,0.0,0.0,0.0,0.0,0.0,0.0,0.0,0.0,0.0,0.0,0.0,0.0,0.0,0.0,0.0,0.0,0.0,0.0,0.0,0.0,0.0,0.0,0.0,0.006166524526357234,0.0,0.0,0.0,0.0,0.0,0.0,0.0,0.0,0.0,0.007887663653934115,0.0,0.0,0.0,0.0,0.0,0.0,0.0,0.0,0.0,0.0,0.0,0.0,0.0,0.0,0.0,0.0,0.0,0.0,0.0,0.0,0.0,0.0,0.0,0.0,0.0,0.0,0.0,0.0,0.0,0.0,0.0,0.0,0.0,0.0,0.0,0.0,0.0
TACGCAGTTCTTTCCT-1,0.31352655884069336,0.17929062676641472,0.0,0.0,0.0,0.18771936638411918,0.0,0.0,0.0,0.0,0.0,0.0,0.0,0.0,0.0,0.0,0.0,0.0,0.016021469110043186,0.0012127568918371546,0.018841345030628648,0.0,0.0,0.0,0.0,0.0,0.0,0.0,0.0,0.0,0.0,0.0,0.0,0.0,0.0,0.0039485974214807495,0.0,0.0,0.0,0.0,0.0,0.0,0.007133290886171143,0.0,0.0,0.0,0.0,0.0,0.0,0.0,0.0,0.0,0.0,0.0,0.0,0.0,0.0,0.0,0.0,0.0,0.0,0.0,0.0,0.0,0.0,0.0,0.0,0.0,0.0,0.0,0.0,0.0,0.0,0.007023718728824207,0.0,0.0,0.0,0.0,0.0,0.0,0.0,0.0,0.0,0.0,0.0,0.0,0.0,0.0,0.0,0.0,0.0,0.0,0.0,0.0,0.0,0.0,0.0,0.0,0.0,0.0,0.0,0.0,0.0,0.0,0.0,0.0,0.0,0.0,0.0,0.0,0.0,0.0,0.0,0.0,0.0,0.0,0.0,0.0,0.0
TACGCCATATTCTAAT-1,0.43975897904573547,0.3306524062059553,0.06448830244894362,0.008769920313727806,0.0,0.2218206893802485,0.0,0.0024184551217263247,0.007088510566025691,0.0,0.0,0.011710496672919459,0.0,0.0,0.08169687116709157,0.0,0.012720446002547445,0.003176666884475195,0.009556071690499728,0.0,0.003044559907721326,0.010589739112561503,0.010839916205760315,0.0,0.0,0.0,0.005433489645542827,0.0010340519562975546,0.0,0.0023340073296988654,0.0,0.0012745745964149178,0.0,0.005133903368658437,0.0025012729349466172,0.0,0.0016255137160959094,0.0,0.0,0.0,0.0,0.0,0.0,0.0,0.0,0.0,0.0,0.0,0.0,0.0,0.0,0.0,0.0,0.0010437396348376342,0.0,0.0,0.005825840705894773,0.0,0.0,0.0,0.0,0.0,0.0,0.0,0.0,0.0,0.0011474242834552846,0.0,0.0,0.0006759634074852177,0.0,0.0,0.0,0.0,0.00425176740689295,0.001652348889564884,0.0,0.0,0.0,0.0,0.0,0.0,0.0,0.002514956205883027,0.0,0.0,0.0,0.0,0.0,0.0,0.0,0.0,0.0,0.002514956205883027,0.0,0.0,0.0,0.0,0.0,0.0,0.0,0.0,0.0,0.0,0.0,0.0,0.0,0.0,0.0,0.0,0.0,0.0,0.0,0.0,0.0,0.0,0.0,0.0,0.0
TACGCCGAGGGTACCC-1,0.0076171695074816635,0.015445253154707106,0.0,0.00020642874717655542,0.0,0.0,0.00392133777878753,0.010756510255284542,0.0,0.0,0.0,0.0,0.0022184329079111354,0.004184048433266943,0.0,0.0,0.011551224186046798,0.0017618149497959962,0.0,0.02128863134335516,0.022690492280998644,0.0,0.0,0.0,0.011654131804221158,0.0037253031855151437,0.0,0.0,0.0,0.0,0.0009858775664305817,0.007235199332188217,0.0,0.0,0.0,0.0,0.0,0.0,0.0,0.0,0.0,0.0,0.0008658034959017237,0.0,0.0,0.0,0.0,0.0,0.0,0.004617582235215637,0.0,0.0,0.0072915771575744175,0.0,0.0011969649700871708,0.002374794018144385,0.0,0.0,0.0,0.0,0.0,0.0,0.0,0.0,0.0,0.0,0.0,0.0,0.0,0.0,0.0,0.0,0.0,0.0,0.0,0.0,0.0,0.0,0.0,0.0005984824850435854,0.0,0.0,0.0,0.0,0.0,0.0,0.0,0.0,0.0012535076642593997,0.0,0.0,0.0,0.0,0.0,0.0,0.0,0.0,0.0,0.0,0.0,0.0,0.0,0.0,0.0,0.0,0.0,0.0,0.0,0.0,0.0,0.0,0.0,0.0,0.0,0.0,0.0,0.0,0.0,0.0
TACGCCTCCATTCCGA-1,0.4764084040444603,0.471302091494067,0.15788000096819482,0.0022205078297584235,0.008106740904614008,0.0,0.0205035477906444,0.0206977944633804,0.0,0.01674945186784987,0.0,0.036812058451217884,0.0071029163769408135,0.007173716433641633,0.02075906495526196,0.0,0.0,0.0037083383291926448,0.00408683015664806,0.0011340592368261388,0.006566477205585759,0.0,0.0014080027197395319,0.0,0.0078250878560366,0.0,0.003386251849893726,0.0015984860889246915,0.0,0.0,0.0024015988372804594,0.0019673126423661673,0.0016770721048922465,0.0,0.0,0.004272269856396996,0.0027177381111932975,0.0,0.0,0.0,0.0,0.003483610548769692,0.00042716229687222404,0.0,0.0,0.0,0.008175597537832466,0.0,0.0,0.0,0.0,0.006016859540736033,0.0018324176300593374,0.0,0.0,0.0,0.0,0.0,0.002627235396954706,0.0,0.0,0.0,0.0,0.0,0.0,0.0,0.0,0.0,0.0,0.0,0.0,0.0,0.00025298771426325356,0.0,0.0,0.0007037140298134826,0.0,0.0,0.0,0.0,0.0,0.0009956445660411716,0.0,0.0,0.0,0.0,0.0,0.0,0.0,0.0,0.0,0.0,0.0,0.0,0.0,0.0,0.0,0.001037681849486677,0.0,0.0,0.0,0.0,0.0,0.0,0.0,0.0,0.0,0.0,0.0,0.0,0.0,0.0,0.0,0.0,0.0,0.0,0.0,0.0,0.0
TACGTGCACTATGCTG-1,0.6841864473976152,0.6780535991220566,0.1490486790934446,0.0460939874896974,0.13170948701117194,0.07000581003700537,0.05466107541673274,0.0,0.004045136569161397,0.0,0.0,0.00873246090492711,0.0,0.019661898299527837,0.0,0.0,0.0,0.0,0.015897258869627832,0.0,0.006298383545682297,0.0,0.0,0.0,0.0,0.005259567361652431,0.0,0.006016376486657475,0.000972621821598896,0.0,0.0008493508722453967,0.0,0.001977469851455259,0.0,0.0,0.0,0.028126429402549256,0.0,0.0,0.0,0.0,0.00033366675006462205,0.0,0.0,0.0,0.00391881197102339,0.003362136724597343,0.011161622513558109,0.0,0.0,0.0,0.0,0.0,0.0,0.0,0.0,0.0,0.0,0.0,0.0,0.0,0.0,0.0,0.0,0.001029783568919068,0.0005306553575809394,0.0,0.0,0.0,0.0,0.0,0.0,0.0,0.0,0.0,0.0,0.0,0.0,0.0,0.0,0.0,0.0,0.0,0.0,0.0,0.0,0.0,0.0,0.0,0.0,0.0,0.0,0.0,0.0,0.0,0.0,0.0,0.0,0.0054607399860716384,0.0,0.0,0.0,0.0,0.0,0.0,0.0,0.0,0.0,0.0,0.0,0.0,0.0,0.0,0.0,0.0,0.0,0.0,0.0,0.0
TACTATGGTTCCTCAG-1,0.004218127049180407,0.00012992835353057175,0.0,0.0,0.0014069748642872282,0.0005492040084398122,0.0021779934218778127,0.08439183800714313,0.0,0.0003443350632432524,0.0,0.008550217538500495,0.00566913536297692,0.016924044405471902,0.012985836580289619,0.0,0.1143701542450972,0.0007437634350372047,0.0,0.04801399278366301,0.009037959889031048,0.002922513595649482,0.0,0.0039975257453434155,0.026571751761328956,0.0,0.0,0.0001381312760926775,0.00019346928033159514,0.016700280775508454,0.00030470672600339674,0.009133769754794824,0.0,0.0,0.0,0.0019989060814018023,0.0,0.0,0.01484455213830552,0.0,0.0,0.0029287421628072722,0.0017555045794583435,0.0,0.0,0.0,0.0,5.489195282030284e-05,0.0,0.00032305314295643305,0.008688027645603945,0.0,0.005362196539733222,0.0,0.00010198106210187252,0.0,0.0005614080994604963,0.0,0.0,0.0,0.0,0.0,0.0,0.0,0.0,0.00028141421389731047,0.0,0.0,0.0,0.00014050609530237852,0.0,0.0,0.004882759843428198,0.0,0.0,0.0,0.0,0.0,0.0005414533685908983,0.0001893129367811592,0.0004817569924538045,0.0,0.00028640470912464353,0.0,0.0,5.4891952820302855e-05,4.314837197483706e-05,0.0,0.0,0.0,0.0,0.0,5.4891952820302855e-05,0.0,0.0,0.0,0.0,0.0,0.0,0.0,0.0,0.0,0.0,0.00010198106210187252,0.0,0.0,0.0,0.0,0.0,0.0,0.0,0.0,5.489195282030284e-05,0.0,0.0,0.0,0.0,0.0,0.0
TACTCGGCACGCCGGG-1,0.40510184021731355,0.4496875814419907,0.05975483930135237,0.09450494726208566,0.02188924559083901,0.0,0.0,0.020031883319557322,0.017032637050536342,0.005535841264484136,0.0,0.01739810988974399,0.029618593484811814,0.04585925501653038,0.0,0.0,0.0,0.019163534379200667,0.00977080167765216,0.013426726912914204,0.0,0.0,0.0,0.0,0.0,0.0,0.0,0.007003775997199556,0.02873756936994395,0.0,0.001687647745892452,0.0,0.0023398500726268968,0.012388838169304342,0.02087897465496274,0.0,0.0,0.0,0.0,0.0,0.0,0.0,0.0,0.0,0.0,0.004779748724754158,0.0,0.0,0.0,0.0,0.0,0.0,0.0,0.0,0.0,0.0,0.0,0.0,0.0,0.0,0.0,0.0,0.0,0.0,0.0,0.001172188086959908,0.0,0.0,0.0,0.0,0.0,0.0,0.0,0.0,0.0,0.0,0.0,0.0,0.004482399419589519,0.0,0.0,0.0,0.0,0.0,0.0,0.0,0.0,0.0,0.0,0.0,0.0,0.0,0.0,0.0,0.0,0.0,0.0,0.0,0.0,0.0,0.0,0.0,0.0,0.0,0.0,0.0,0.0,0.0,0.0,0.0,0.0,0.0,0.0,0.0,0.0,0.0,0.0,0.0,0.0
TACTCTTTCGTCTTCA-1,0.023698990660635837,0.001300629886660703,0.027669867014279745,0.0003172697706865379,0.00011316826500392492,0.0,0.0033192417918329288,0.0,0.0,0.0004367942223979528,0.0,0.008354193351844907,0.004646164290459766,0.0052090786558253105,0.0,0.0,0.0035009149565110808,0.002654407186981624,0.0,0.014319859227256529,0.011432485111934034,0.0,0.0,0.0019963163093438484,0.013895374841266937,0.007250725172978744,0.0,7.904073356693311e-05,0.0,0.0,0.0012403242779062435,0.005951283421988627,0.0,0.0,0.0,0.0,0.0,0.0,0.0012539319504439425,0.0,0.0,0.0006551716382811142,0.0005892031331395857,0.0010048477675364633,0.0,0.0,0.0019547906044106093,0.0,0.0,0.0,0.006189386254503619,0.00036318168942477163,0.002874902620060161,0.0,0.0009533818096310034,0.0,0.0006095135981921512,0.0,0.0,0.0004904472921451655,0.0,0.0,0.0,0.0,0.0,0.0006902115355037223,0.0,0.0,0.0,0.0,0.0,0.0,0.0018708957986228948,0.0,0.0,0.0012568296605972155,0.0,0.0,0.0,0.0,0.0006705289837073807,0.004368083982191119,0.0005732022423965037,0.0,0.0,0.0,0.0,0.0,0.0,0.0,0.0,0.0,0.0,0.0,0.0,0.0,0.0,0.0,0.0,0.0,0.0,0.0,0.0,0.0,0.0,0.0,0.0,0.0,0.0,0.0,0.0,0.0,0.0003534557996071554,0.0,0.0,0.0,0.0,0.0,0.0
TACTGAACAGATTTAG-1,0.05121542276563828,0.00828459638290903,0.0010849559778111926,0.0002346323745414368,5.8655555345419594e-05,0.0,0.0017237592338458663,0.009332637358845373,0.0,0.00023234730793611586,0.0012395329107680974,0.0,0.004739639669694082,0.005487092203119027,0.019719247270074184,0.0,0.005962823617135707,0.0016310878855749843,0.0,0.028234504706368107,0.014234003979020231,0.001580347899472705,0.0,0.002480673325608599,0.030429603637599806,0.013441945838501747,0.0,7.159236890617236e-05,0.0003439279768722424,0.018108769351449294,0.0004900758045878883,0.026533513714184113,0.00033796919665428474,0.0003237314813563289,0.0,0.0008687605212279507,0.0,0.001348893105292737,0.0166369845682233,0.0,0.004594758527974224,0.0009011434331063291,0.002027126169562926,0.0,0.0,0.0,8.612432497737561e-05,0.0,0.0,0.0,0.005853301686850276,0.00010858909786477678,0.003440810440340242,0.0,6.124514615945502e-05,0.00041261872470683237,0.0003214879307664642,0.0,0.0,0.0,0.0,0.0,0.0,0.0,0.00020997651492307983,0.0,0.0009055811275100885,0.0,0.0,0.00032161129941053783,0.0,0.0,0.002443872392675906,0.0,0.0,0.00021316927616320676,0.0,0.0,0.0,0.00020163625198276378,0.0015132339020977636,0.0,0.0005167617888579447,0.0,0.0,0.0,0.00012337679757721797,0.0,0.0,0.0,7.857982915709469e-05,0.0,0.0,0.00010922767936799559,0.0,0.0,0.0,0.0,0.0,0.0,0.0,0.0,0.0,0.0,0.0,0.0,0.0,0.0,0.0,0.0,0.0,0.0,0.00012890240306345094,0.0,4.4180534843887204e-05,0.0,0.0,0.0,0.0
TACTGCAATCAATTAC-1,0.19347895620357064,0.02447260586666983,0.0,0.0,0.0,0.0,0.0,0.0,0.0,0.0,0.0,0.009402906723804632,0.007643031839564807,0.0,0.0,0.0,0.0,0.0,0.0,0.0,0.0033609576612937645,0.0,0.0,0.0,0.0,0.0,0.0,0.0,0.0,0.0,0.0,0.0,0.0,0.0,0.0,0.0,0.0,0.0,0.0,0.0,0.0,0.0,0.0,0.0,0.0,0.0,0.0,0.0,0.0,0.0,0.0,0.0,0.0,0.0,0.0,0.0,0.0,0.0,0.0,0.0,0.0,0.0,0.0,0.0,0.0,0.0,0.0,0.0,0.0,0.0,0.0,0.0,0.0,0.0,0.0,0.0,0.0,0.0,0.0,0.0,0.0,0.0,0.0,0.0,0.0,0.0,0.0,0.0,0.0,0.0,0.0,0.0,0.0,0.0,0.0,0.0,0.0,0.0,0.0,0.0,0.0,0.0,0.0,0.0,0.0,0.0,0.0,0.0,0.0,0.0,0.0,0.0,0.0,0.0,0.0,0.0,0.0,0.0,0.0
TACTGGACAGCTCGGC-1,0.48296016853366985,0.43801358796945195,0.05681640474044701,0.02790156714571013,0.0,0.0,0.013065871359628434,0.0,0.013036413629834216,0.0024044696916525428,0.0,0.01782310844204346,0.02915767351494199,0.020519583519000517,0.12527805676863393,0.0,0.018560504093285555,0.0,0.011750234085004158,0.010002991722630052,0.012840077541815799,0.0,0.0,0.0,0.007964443725306823,0.0,0.0,0.0,0.0022629682876707997,0.0,0.005648877699687262,0.0,0.0,0.0,0.017292261882253364,0.019782033645170456,0.0,0.0,0.0,0.0,0.0,0.0,0.0,0.0,0.0,0.0,0.0,0.0,0.0,0.0,0.0,0.0,0.0,0.0,0.0,0.0,0.0,0.0048131520337298655,0.0048131520337298655,0.0,0.0,0.0,0.0,0.0,0.0,0.0015247331717659625,0.0,0.0,0.0,0.0,0.0,0.0,0.0,0.0,0.0,0.0,0.0,0.0,0.0,0.0,0.0,0.0,0.0,0.0,0.0,0.0,0.0,0.0,0.0,0.0,0.0,0.0,0.0,0.0,0.0,0.0,0.0,0.0,0.0,0.0,0.0,0.0,0.0,0.0,0.0,0.0,0.0,0.0,0.0,0.0,0.0,0.0,0.0,0.0,0.0,0.0,0.0,0.0,0.0
TACTTGTTAGTAGTCC-1,0.04846642274125267,0.007550886213862424,0.0,0.03170065456779179,0.0,0.0,0.0,0.0,0.0,0.0,0.0,0.0,0.0,0.0,0.0,0.0,0.0,0.0,0.004096426654423306,0.0,0.021974431283488832,0.0,0.0,0.0,0.0,0.0,0.0,0.0,0.0036278046602158604,0.020358940736235197,0.0,0.0,0.0,0.0,0.0,0.0,0.0,0.0,0.0,0.0,0.0,0.0,0.0,0.0,0.0,0.0,0.0,0.0,0.0,0.0,0.0,0.0,0.0,0.0,0.0,0.0,0.007297108461399879,0.0,0.0,0.0,0.0,0.0,0.0,0.0,0.0,0.0,0.0,0.0,0.0,0.0,0.0,0.0,0.0,0.0,0.0,0.0,0.0,0.0,0.0,0.0,0.0,0.0,0.0,0.0,0.0,0.0,0.0,0.0,0.0,0.0,0.0,0.0,0.0,0.0,0.0,0.0,0.0,0.0,0.0,0.0,0.0,0.0,0.0,0.0,0.0,0.0,0.0,0.0,0.0,0.0,0.0,0.0,0.0,0.0,0.0,0.0,0.0,0.0,0.0
TACTTTCCGCACGCCA-1,0.029854723769686557,0.0012433591340599733,0.0,0.000855365871991352,0.0,0.0,0.008629842000551889,0.01684877496063096,0.0011317878872521335,0.0017321818566319212,0.0,0.0,0.00393464384909086,0.012863835769750106,0.007207935418226136,0.0,0.0908798841081332,8.956675830559921e-05,0.0,0.029155959406880705,0.0,0.0,0.0,0.0020695916309517344,0.019975140528833608,0.0,7.03656085296918e-05,0.0,0.00042981462318230105,0.008335677752481225,0.003831444586934166,0.0066272308644500675,0.0,0.0,0.0,0.003539707024186627,0.0,0.00011320850973065542,0.0,0.004249675410803451,0.0,0.0006403233845513898,0.0006946789102447527,0.0,0.0,0.0,0.0,0.0,0.0,0.0,0.0025072164630117544,0.0,0.0008119306818364859,0.0,0.0,0.0,0.0006338229670867931,0.0,0.0,0.0,0.0017818036856424755,0.0,0.0,0.002354704517061214,0.000112243754407961,0.0,0.0,0.0,0.0,0.00015051352207137695,0.0,0.0,0.005086556739691673,0.0,0.0,0.0,0.0,0.0,0.0,0.002282926830873475,0.0023737252614620397,6.82120954921866e-05,0.0,0.0,0.00010684292730588481,0.0001361953363375911,7.022806455015692e-05,0.0,0.0,0.0,0.0,0.0,3.6358730190975785e-05,0.0,0.0,0.0,0.0019389219696193006,0.0,0.0,0.0,0.0,0.0,0.0,0.0,0.0,0.0,0.0,0.0,0.0,0.0,0.0,0.0,0.0,0.0,0.0,0.0,0.0,0.0,0.00010166194348037494
TAGAAATTCACGTATA-1,0.5398088123522837,0.18717185286622035,0.11096774910860578,0.006663104365814289,0.010111063486081524,0.0,0.08176209109943186,0.008109525584925876,0.0,0.015082490141103638,0.0,0.008501286635166213,0.003050283238655954,0.01692284094690442,0.024432309176775916,0.025919656370428368,0.0,0.003471479697857786,0.0,0.005016592097452645,0.0,0.0,0.00860079261218133,0.0002659652621424942,0.004208833143115169,0.0,0.0010789593496103064,0.0018485153783794346,0.005687673484624672,0.0,0.0018045644797575003,0.0067236743703995485,0.0018790829523514284,0.005849758548614616,0.0012031176975978608,0.005839507552737771,0.0006593603649033724,0.0,0.0011715548889209585,0.0,0.0,0.0014214811721680195,0.0012988780829545632,0.0009749044483482355,0.0,0.0,0.0,0.0,0.0,0.0024393836985608028,0.002921813314362372,0.0,0.0,0.0,0.0,0.0,0.0,0.0,0.0,0.0,0.0,0.0,0.0,0.0,0.00325994694905381,0.00023650627677652085,0.002570946910674848,0.0,0.0,0.0,0.0,0.0,9.037105334287746e-05,0.0,0.0,0.0011376428563236406,0.0,0.0016881598204798575,0.0011715548889209585,0.0,0.0008294099748461852,0.0,0.00023650627677652085,0.0,0.00014742158965386646,0.0,0.0,0.0,0.0,0.0,0.0015226237466626274,0.00013185155925574699,0.0,0.0,0.0,0.0,0.0,0.0,0.0,0.0006230200800051728,0.0,0.002966869859794845,0.0,0.0005738422034439628,0.0,0.0,0.0,0.0,0.0,0.00013185155925574699,0.0,0.0,0.0,0.0,0.0,0.002513708785467318,0.0,0.0,0.0005189173821175892
TAGAGATCATGCAACT-1,0.47324705298397385,0.3081382678722245,0.16622290042436874,0.0,0.0,0.0,0.026687287568383965,0.0993504500199136,0.0,0.03785865143512549,0.0,0.01725624979218246,0.0,0.0,0.0,0.0,0.02830356688503414,0.0,0.019453125745210742,0.014041121981195517,0.02044844525386426,0.0,0.014596932366583748,0.0,0.0007904273909218515,0.0,0.0,0.0,0.0016068430844589498,0.0,0.010369963902183435,0.0015534049657906798,0.0,0.0,0.0,0.0,0.0,0.0,0.0,0.0,0.0,0.0,0.0,0.0,0.0,0.0,0.0,0.0,0.0,0.0036395554305951802,0.0,0.0,0.0,0.0,0.0,0.0,0.0,0.0,0.0,0.0,0.0,0.0,0.0,0.0,0.0,0.0,0.0,0.0,0.0,0.0,0.0,0.0,0.0,0.0,0.0,0.0,0.0,0.0,0.004968539642746103,0.0,0.0,0.0,0.0,0.0,0.0,0.0,0.0,0.0,0.0,0.0,0.0,0.0,0.0,0.0,0.0,0.0,0.0,0.0,0.0,0.0,0.0,0.0,0.001347900762931409,0.0,0.0,0.0,0.0,0.0,0.0,0.0,0.0,0.0,0.0,0.0,0.0,0.0,0.0,0.0,0.0
TAGATATGGACTGGAA-1,0.4048458123916978,0.11915515170242466,0.15251289085724945,0.07533418988826147,0.05396541045994023,0.0,0.0014371118360833972,0.01292576370062924,0.0,0.0030016966230131553,0.24729556309854583,0.00847156020879418,0.018728339262700212,0.00697789172754312,0.026134497184104707,0.1141544002362503,0.015792134242698513,0.0009056439275333258,0.0,0.01633764766099542,0.0,0.0,0.004942522007788405,0.0,0.0,0.0,0.0,0.0,0.01230788458043721,0.0,0.0,0.005958831786988002,0.01203939483901198,0.0009925582615565092,0.0022706769925696898,0.0,0.0011783744092056924,0.0,0.002630625623189,0.005539437043528531,0.0,0.0006368595939319425,0.0009378075965990417,0.002170260725887414,0.0,0.0,0.0,0.0,0.0,0.00564590093696542,0.0017141164624991162,0.004425958065937859,0.0032779248446118607,0.005454431230284706,0.0,0.007932654295585217,0.0,0.0,0.0,0.0,0.0,0.0,0.0,0.0,0.0,0.0,0.0,0.0,0.0005554552379487728,0.0,0.0,0.0,0.0,0.0,0.0,0.0019327496426835783,0.0,0.0,0.0,0.00042114708887927414,0.0001889392661851777,0.0,0.0030625741865982015,0.0,0.00023911278753716193,0.0,0.0,0.0,0.0,0.0,0.0,0.0,0.0,0.0,0.0,0.00070032710097244,0.0,0.0,0.0,0.0,0.0,0.0,0.0,0.0017815529821777138,0.0,0.0,0.0,0.0,0.0002465615582399671,0.0,0.0,0.0,0.0,0.00042114708887927414,0.0,0.0,0.0,0.0,0.0
TAGATTCCTGGTTATT-1,0.650432030417124,0.13396701452673102,0.17856069196148583,0.027277939755724467,0.13422881948714635,0.16407957075455992,0.08647489675503205,0.0,0.05048577714725278,0.008216520578763691,0.0,0.0,0.0,0.03749845505471863,0.0,0.0,0.0,0.0,0.012019664869690048,0.0,0.0029358027751027415,0.0,0.0,0.0,0.0,0.03562668444828157,0.0,0.005775107576309129,0.0,0.0,0.004605348167853856,0.0,0.0055188148203535806,0.0,0.0,0.026798385000705537,0.0,0.0,0.0,0.0,0.0,0.003048199443171154,0.0,0.0,0.0,0.0,0.007169173836096518,0.0,0.0,0.0,0.0,0.0,0.0,0.0,0.006371502903372467,0.0,0.0,0.0,0.0,0.0,0.0,0.0,0.0,0.0,0.0,0.004605348167853856,0.0,0.0,0.0,0.0,0.0,0.0,0.0,0.0,0.0,0.0,0.004100921614494876,0.0,0.0,0.0,0.0,0.0,0.0,0.0,0.0,0.0,0.0006330079147383475,0.0,0.0,0.0,0.0,0.0,0.0,0.0,0.0,0.0,0.0,0.0,0.0,0.0,0.0,0.0,0.0,0.0,0.0,0.0,0.0,0.0,0.0,0.0,0.0,0.0,0.0,0.0,0.0,0.0,0.0,0.0,0.0
TAGCAACCTGTCACAA-1,0.7660824325737003,0.31390811938115065,0.0,0.015661516576562902,0.04135494656685129,0.10649953180950489,0.08722481127693094,0.004302994705672905,0.02311019734278013,0.01964185944140779,0.0,0.009558875181325173,0.02091329794152734,0.005090776270262782,0.0,0.0,0.0,0.002356002293818097,0.022597161874338332,0.0,0.008145273738048856,0.014142488145079967,0.004591037628762869,0.0,0.0019729982059806324,0.0016652924418000547,0.0055979758571465905,0.012676884352247286,0.005066714859611473,0.0,0.007978759404429457,0.0,0.0,0.0,0.0,0.006996373365876942,0.0,0.007661900320241371,0.0,0.0,0.007827098109590442,0.0,0.0,0.0038479077035688423,0.0,0.005707638162605963,0.0,0.0,0.0,0.0,0.0,0.0,0.0,0.0,0.0,0.0,0.0,0.0,0.0,0.001682490601225147,0.0,0.011911782537032768,0.0,0.0,0.0,0.002645521437693097,0.0023001630553200437,0.0,0.0,0.0,0.0,0.0,0.0,0.0,0.00043331308739326976,0.0,0.0,0.0,0.002970455169842895,0.0,0.0,0.0,0.0,0.0,0.0,0.0,0.000486726596848405,0.005205081980088934,0.0,0.0,0.0,0.0,0.0,0.0,0.0,0.0,0.0,0.0,0.0,0.0,0.0,0.0,0.0,0.0,0.0,0.0010020753838492053,0.001479131408394491,0.0,0.0,0.0,0.0,0.0,0.0,0.0,0.0,0.0,0.0,0.0,0.0
TAGCGTCGAATATTGA-1,0.013080863005129572,0.05816665257406495,0.0,0.0,0.0,0.0,0.027457299417305434,0.0,0.0,0.0,0.0,0.008140199822832992,0.00022116120118985342,0.015325218547483664,0.012506354959847157,0.0,0.020052792673929124,0.0,0.0,0.015092578587451356,0.0,0.0,0.0,0.0,0.009957305872318417,0.0,0.0,0.0,0.000248956965328232,0.007359813495886386,0.0,0.004589714667754133,0.0,0.0,0.0,0.0,0.0,0.0,0.0,0.0,0.0,0.0,0.004905856446738398,0.0,0.0,0.0,0.0,0.0,0.0,0.0,0.0026943314980763322,0.0,0.0,0.0,0.0,0.0,0.0,0.0,0.0,0.0,0.0,0.0,0.0,0.0,0.0,0.0,0.0,0.0,0.0,0.0,0.0,0.0,0.0,0.0,0.0,8.994659922984663e-05,0.0,0.0,0.0,0.0,0.0002594233640526567,0.0,0.0,0.0,0.0,0.0,0.0,0.0,0.0016908208975121013,0.0,0.0,0.0,0.0,0.0,0.0,0.0,0.0,0.0,0.0,0.0,0.0,0.0,0.0,0.0,0.0,0.0,0.0,0.0,0.0,0.0,0.0,0.0,0.0,0.0,0.0,0.0,0.0,0.0,0.0
TAGCGTTGGGTCTTAC-1,0.37477069329427,0.09934588523044971,0.1177765360492054,0.06624256330270566,0.0,0.0,0.0,0.07892727013831591,0.010536686427236649,0.009332367150384983,0.0,0.008279056977506468,0.0,0.0,0.0,0.0,0.0,0.016371241878303813,0.0,0.0,0.0,0.0,0.0,0.0,0.0,0.0,0.0,0.0,0.0,0.0,0.0,0.0,0.0,0.0,0.00510247907934106,0.0,0.0,0.0,0.0,0.0,0.0,0.0,0.0,0.009431232450191649,0.0,0.0057160865202437175,0.0,0.0,0.0,0.0,0.0,0.0,0.0,0.0,0.0,0.0057160865202437175,0.0,0.0,0.0,0.0,0.0,0.0,0.0,0.0,0.0,0.0,0.0,0.0,0.0,0.0,0.0,0.0,0.0,0.0,0.0,0.0,0.0,0.0,0.0,0.0,0.0,0.0,0.0,0.0,0.0,0.0,0.0,0.0,0.0,0.0,0.0,0.0,0.0,0.0,0.0,0.0,0.0,0.0,0.0,0.0,0.0,0.0,0.0,0.0,0.0,0.0,0.0,0.0,0.0,0.0,0.0,0.0,0.0,0.0,0.0,0.0,0.0,0.0,0.0
TAGCTAGAAGGCATGA-1,0.22093161318144744,0.17104436758196706,0.2902512130936302,0.023975806571849712,0.012019630705593793,0.0,0.0,0.0672031559975275,0.0,0.004617827128538844,0.10341121339144815,0.01654624514869469,0.03155708171123282,0.019170610225229822,0.0,0.0,0.0,0.0016070181430306077,0.0,0.016437603535022584,0.0031402040045122597,0.0,0.0,0.0,0.003977538661132537,0.0,0.002252219393790173,0.0008713955155375767,0.002320770442051895,0.006038602655974958,0.0,0.005684255242298488,0.0,0.0017832298534617022,0.022575107155914733,0.002333841274358815,0.0,0.0025922604253242314,0.0,0.0,0.0,0.0024751354147406813,0.0017131875110094977,0.0,0.0,0.0,0.0,0.0,0.0,0.002174654001861598,0.0,0.0,0.0,0.0,0.0,0.0014753004472794684,0.0,0.0,0.0,0.0,0.0,0.0,0.0,0.0,0.0,0.0,0.0,0.0,0.0,0.0,0.0,0.0,0.0,0.0,0.0,0.001747138365826447,0.0,0.0,0.0,0.00046628639077824413,0.0,0.0,0.0,0.0,0.0,0.0,0.0,0.0,0.0,0.001584101608379981,0.0,0.0,0.0,0.0,0.0,0.0,0.0,0.00041202158986102075,0.0,0.0,0.0,0.0,0.0,0.0,0.0,0.00046628639077824413,0.0,0.0,0.0,0.0,0.0,0.0,0.0,0.0,0.0,0.0,0.0,0.0,0.0
TAGCTCGCCTGATAAC-1,0.3006185918713371,0.2807664320107447,0.24739429738890079,0.12464826362445253,0.08627894060250799,0.006815745562685048,0.009104417568519565,0.06543861315270927,0.003730876875226819,0.0006731629800754456,0.18183146960367408,0.02577000116798458,0.015258852496671816,0.04066324884364489,0.03821996637508225,0.0007574497072458445,0.007837236366023523,0.0008439062373990944,0.0,0.012765153437943684,0.0,0.01044231797879464,0.011901213944395079,0.0,0.0006874631373160892,0.0,0.00022364658408608552,0.0,0.002331428960353641,0.0,0.0,0.004326460157053789,0.0,0.0,0.00814743495269374,0.0009067464891908915,0.0,0.0,0.0,0.0,0.0,0.002649099308238779,0.0,0.0004277074333213879,0.0,0.0,0.0,0.00031646899937747203,0.0,0.0025429164104479787,0.0007160315312013275,0.0,0.0004277074333213879,0.00017915855959003038,0.0,0.004453510841269888,0.0,0.0,0.0,0.0,0.0009852174875730742,0.0,0.0,0.0,0.0,0.0,0.0,0.0,0.0,0.0013975424678908984,0.0,0.0,0.0,0.0,0.0002960425523331543,0.00034498613643246616,0.0,0.0,0.0,0.00017915855959003038,0.0,0.0,0.0,0.0,0.0,0.0,0.00017282611554169478,0.0,0.0,0.000713820504264476,0.0,0.0,0.0,0.0,0.0,0.0013322634464211331,0.0,0.0,0.001965493600849158,0.00016582757684243578,0.0,0.0,0.0,0.0004277074333213879,0.0,0.0,0.0,0.0,0.0,0.0,0.0,0.0,0.0,0.0,0.0,0.0007341041899671592,0.0,0.0,0.0
TAGCTGATGTGAAGCG-1,0.013687911807794847,0.08614555600816452,0.0,0.0,0.0,0.0,0.011763581429722938,0.0,0.0029005880478257563,0.008487189394655845,0.0,0.00877813994860167,0.001996926511593255,0.0,0.0,0.0,0.0,0.0023955292085962618,0.0,0.013614870860345105,0.0,0.0,0.0,0.0,0.008484260830254733,0.0,0.0,0.0,0.0,0.008086717666490922,0.00034259893372678887,0.014808242284609092,0.001984486095211493,0.0,0.0,0.0,0.0,0.0,0.0,0.0,0.0,0.0,0.0019035865634665452,0.0,0.0,0.0029005880478257563,0.0,0.0,0.005801176095651513,0.0,0.005909057245931224,0.0,0.0,0.004202688796885811,0.0,0.001984486095211493,0.0,0.0,0.0,0.0,0.0,0.0,0.0,0.0,0.0,0.0,0.0,0.0,0.0,0.0,0.0,0.0,0.0,0.0,0.0,0.0,0.0,0.0,0.0,0.0,0.004180151467968613,0.007261615839175626,0.0,0.0,0.0,0.0,5.1527906696714145e-05,0.0,0.0,0.0,0.0,0.0,0.0,0.0,0.0,0.0,0.0,0.0015751549662565657,0.0,0.0,0.0,0.0,0.0,0.0,0.0,0.0,0.0,0.0,0.0,0.0,0.0,0.0,0.0,0.0,0.0,0.0,0.0,0.0,0.0
TAGGTCCAAGTAAGGA-1,0.9348486490965358,1.0832218245327256,0.02076944035341451,0.1104932439602507,0.2806692752715526,0.15934017897454014,0.046411529678467615,0.04823648841869699,0.008089827881497993,0.0040705873246453875,0.146534484235794,0.008663012479674293,0.027081370443951192,0.0,0.0,0.0,0.0,0.07415900977989544,0.05863184093579134,0.0,0.007816315714857799,0.04220591967319608,0.0,0.0,0.0,0.0,0.0,0.0,0.005447780063380677,0.0,0.005207593730949804,0.0,0.0,0.008144605663944733,0.0,0.0,0.0,0.0,0.0,0.0,0.0,0.0,0.0018626075028791464,0.0,0.0,0.0,0.0,0.008050930786137583,0.0,0.008050930786137583,0.0,0.0,0.0,0.0,0.0,0.0,0.0,0.0,0.0,0.0,0.0,0.0,0.0,0.0,0.0,0.0,0.0,0.027952757543734837,0.0,0.0,0.0,0.0,0.0,0.0,0.0,0.0,0.0,0.0,0.0,0.0,0.0,0.0,0.0,0.0,0.0,0.0,0.0012734460196642755,0.0,0.0,0.0,0.0,0.0,0.0,0.0,0.0,0.0,0.0,0.0,0.0,0.0,0.0,0.0,0.0,0.0,0.0,0.0,0.0,0.0,0.0,0.0,0.0,0.0,0.0,0.0,0.0,0.0,0.0,0.0,0.0
TAGGTGAGCCCTACTC-1,0.3793754814024299,0.20211900974129052,0.12257040175013331,0.06073629290989102,0.10581202299351605,0.0,0.0,0.14863192268767256,0.006873178254772775,0.0,0.0,0.0,0.022702831492901643,0.0,0.0,0.0,0.0,0.0030907720950169595,0.019968572761766883,0.004825428310028945,0.00572685308233859,0.016935037935586733,0.0,0.0,0.0,0.0,0.0,0.005049671982678585,0.0,0.0,0.0,0.0,0.004300966542166137,0.0,0.0,0.0,0.0,0.0,0.0,0.0,0.0,0.0012142521771691531,0.0,0.0,0.0,0.0,0.0,0.0,0.0,0.0,0.0,0.0,0.0,0.0,0.0,0.0,0.0,0.0,0.0,0.006511298694880229,0.003321778821203029,0.0,0.0,0.0,0.0,0.0,0.0,0.0,0.0,0.0,0.0,0.0,0.0,0.0,0.0,0.0,0.0,0.005049671982678585,0.0,0.0,0.0,0.0,0.0,0.0,0.0,0.0,0.0,0.0,0.0,0.0,0.0,0.0,0.0,0.0,0.0,0.0,0.0,0.0,0.0,0.0,0.0,0.0,0.0,0.0,0.0,0.0,0.0,0.0,0.0,0.0,0.0,0.0,0.0,0.0030907720950169595,0.0,0.0,0.0,0.0,0.0
TAGTGCCCTCCAGAGT-1,0.01907519750083679,0.0,0.0,0.0,0.021163833263358637,0.0,0.0,0.0,0.0,0.0,0.0,0.0,0.0,0.0,0.0,0.0,0.0,0.0,0.0,0.0,0.0,0.0,0.0,0.0,0.0,0.0,0.0,0.0,0.0,0.0,0.0,0.0,0.0,0.0,0.0,0.0,0.0,0.0,0.0,0.0,0.0,0.0,0.0,0.00939726108681749,0.0,0.0,0.0,0.0,0.0,0.0,0.0,0.0,0.0,0.0,0.0,0.0,0.0,0.0,0.0,0.0,0.0,0.0,0.0,0.0,0.0,0.0,0.0,0.0,0.0,0.0,0.0,0.0,0.0,0.0,0.0,0.0,0.0,0.0,0.0,0.0,0.0,0.0,0.0,0.0,0.0,0.0,0.0,0.0,0.0,0.0,0.0,0.0,0.0,0.0,0.0,0.0,0.0,0.0,0.0,0.0,0.0,0.0,0.0,0.0,0.0,0.0,0.0,0.0,0.0,0.0,0.0,0.0,0.0,0.0,0.0,0.0,0.0,0.0,0.0
TATACACAGACGCCTT-1,0.4493337275769143,0.2797811352650537,0.17674669109369553,0.10080735475880531,0.23370513568610762,0.006789745147305875,0.04871203947101527,0.10127727773241717,0.0,0.0007863866254791354,0.12358091567548284,0.018169591485158565,0.009525953784484398,0.025063102238936916,0.0,0.0,0.0,0.0,0.0,0.0021089101034907744,0.0,0.0,0.030245336224635662,0.0,0.0,0.0,0.00019745625332876843,0.000882788682250585,0.0009895857215030618,0.0,0.0,0.003468264045258862,0.0,0.0,0.008477352698074002,0.0026764459603588527,0.000947155924739474,0.0,0.0,0.0010885454893183415,0.0,0.0,0.0,0.0,0.0,0.0,0.0,0.0036410452370632855,0.0,0.0,0.0,0.0,0.003193108681591432,0.0,0.0,0.0,0.0005786001295276468,0.0,0.0,0.0,0.0,0.0,0.0,0.0,0.0016394639986958355,0.0,0.0,0.0,0.0,0.0,0.0,0.0,0.0011019507829495528,0.0,0.0005786001295276468,0.0,0.0,0.0016046566923295983,0.0,0.0,0.0,0.0,0.0,0.0,0.0,0.0,0.0,0.0,0.0015522552467532589,0.0,0.0017467333875843373,0.0,0.0,0.0,0.0,0.0,0.0,0.0,0.0,0.0,0.0,0.0,0.0,0.0,0.0,0.0,0.0,0.0,0.0,0.0,0.0,0.0,0.0,0.0,0.0,0.0,0.0,0.0,0.0
TATAGGGTACTCATGA-1,0.527228821488246,0.5506586603974573,0.2766207689763069,0.0,0.0,0.0,0.0,0.1367237263207112,0.013195331807631949,0.07514287690039015,0.0,0.03253136521592929,0.0,0.0,0.0,0.0,0.022203456962916743,0.013932142469621885,0.037471538709554435,0.0,0.014786203617149229,0.0,0.02672014849813341,0.0,0.00590549375115019,0.0,0.0,0.008512966287544306,0.005000130525185144,0.0,0.0011380138199305158,0.0,0.0,0.013117927732716396,0.0,0.011366830702791016,0.0,0.0,0.0,0.0,0.0,0.003522001830804538,0.0,0.0,0.0,0.0,0.0,0.0,0.010501208750257994,0.0,0.0,0.0,0.0,0.0,0.0,0.0,0.0,0.0,0.0,0.0,0.0,0.0,0.0,0.0,0.0,0.0,0.0,0.0,0.0,0.0,0.0,0.0,0.0,0.0,0.0,0.0018785321297908407,0.0,0.0,0.0,0.0,0.0,0.0,0.0,0.0,0.0,0.0,0.0,0.0,0.0,0.0,0.0,0.0,0.0,0.0,0.0,0.0,0.0,0.0,0.0,0.0,0.0,0.0,0.0,0.0,0.0,0.0,0.0,0.0,0.0,0.0,0.0,0.0,0.0,0.0,0.0,0.0,0.0,0.0,0.0
TATCCATATCATGCGA-1,0.5901963055072623,0.2635849479676144,0.0,0.01431619531639346,0.1606390038537346,0.10140379975443332,0.0,0.0,0.024354615550549647,0.0,0.0,0.0,0.0,0.0,0.0,0.0,0.0,0.013141969088356992,0.03657771394848259,0.0,0.007652971111667484,0.0,0.0,0.0,0.0,0.00789792872619457,0.011106429729626818,0.0,0.0033826919697591113,0.0,0.008970097666182151,0.0,0.008671296887040127,0.0,0.0,0.0,0.0,0.0,0.0,0.0,0.0,0.0,0.005669620408817786,0.004270279141908372,0.0,0.004270279141908372,0.0,0.0,0.0,0.0,0.0,0.0,0.0,0.0,0.0,0.0,0.0,0.007576916518793821,0.0,0.0,0.0,0.0,0.0,0.0,0.003719198090531467,0.0,0.0,0.0,0.0,0.0,0.004270279141908372,0.0,0.0,0.0,0.0,0.0,0.0057185641916245354,0.0,0.0,0.0,0.0,0.0,0.0,0.0,0.0,0.0,0.0,0.0,0.0,0.0,0.0,0.0,0.0,0.0,0.0,0.0,0.0,0.0,0.0,0.0,0.0,0.0,0.0,0.0,0.0,0.0,0.0,0.0,0.0,0.0,0.0,0.0,0.0,0.0,0.0,0.0,0.0,0.0,0.0
TATCCGCACCGTCGGG-1,0.023758298300070372,0.05965047122560512,0.15946986468797464,0.0,0.0,0.0,0.010306789870151234,0.0,0.0,0.0,0.0,0.0,0.0,0.00974325796150091,0.0,0.0,0.0,0.0,0.0,0.026981399639666944,0.0060966102917260016,0.0,0.0,0.0036005610771016813,0.025292234391982565,0.006125461207095996,0.0,0.0,0.0,0.0,0.0,0.0,0.0,0.0,0.0,0.0,0.0,0.0,0.0,0.02732994697883188,0.0,0.003561547225254863,0.00028903020033443797,0.0,0.0,0.0,0.0,0.0,0.0,0.0,0.0,0.0,0.0032483790131717836,0.0,0.0,0.0022529513502221213,0.0,0.0,0.0,0.0,0.0,0.0,0.0,0.0,0.0,0.0,0.0,0.0,0.0010866135885199573,0.0,0.0,0.0,0.001371024289525174,0.0,0.0,0.0,0.0,0.0,0.0,0.0,0.0002490643499742182,0.0,0.0,0.0,0.0,0.0,0.0,0.0,0.003884417915961401,0.0,0.0,0.0,0.0,0.0,0.0,0.0,0.0,0.0,0.0,0.0,0.0,0.0,0.0,0.0,0.0,0.0,0.0,0.0,0.0,0.0,0.0,0.0,0.0,0.0,0.0,0.0,0.0,0.0,0.0
TATCGATGATTAAACG-1,0.4043605880988768,0.054355837921355094,0.0,0.0,0.0,0.0,0.0,0.0,0.0,0.0,0.0,0.010870313866782312,0.0,0.0,0.0,0.0,0.008742093709830635,0.0,0.0,0.0,0.0,0.0,0.0,0.0,0.004035121364332719,0.0,0.0,0.0,0.0,0.0,0.0,0.0,0.0,0.0,0.0,0.0,0.0,0.0,0.0,0.0,0.0,0.0,0.0,0.009357922232051282,0.0,0.0,0.0,0.0,0.0,0.0,0.0,0.0,0.0,0.0,0.0,0.0,0.0,0.0,0.0,0.0,0.0,0.0,0.0,0.0,0.0,0.0,0.0,0.0,0.0,0.0,0.0,0.0,0.0,0.0,0.0,0.0,0.0,0.0,0.0,0.0,0.0,0.0,0.0,0.0,0.0,0.0,0.0,0.0,0.0,0.0,0.0,0.0,0.0,0.0,0.0,0.0,0.0,0.0,0.0,0.0,0.0,0.0,0.0,0.0,0.0,0.0,0.0,0.0,0.0,0.0,0.0,0.0,0.0,0.0,0.0,0.0,0.0,0.0,0.0
TATCTACAGAGGTAAT-1,1.0249251043876575,0.7738809556923848,0.011644430288326608,0.11340544804604631,0.16628466490619925,0.0,0.03859116552335324,0.06270738701100406,0.018841417538539882,0.08539937402928896,0.0,0.04481169204995105,0.0,0.048717216880241124,0.0,0.15124111239744484,0.0,0.021850670916205253,0.014755729275175697,0.0,0.0131317786629927,0.0,0.0,0.0,0.0,0.0,0.02435269871583262,0.003728027472445554,0.0,0.0,0.00504315696360277,0.0,0.003628714233392428,0.005575708412822282,0.0,0.0,0.0,0.0,0.0,0.0,0.0,0.002004438966702864,0.0,0.007257428466784856,0.0,0.0,0.00474163169153454,0.00794240953682028,0.0,0.0,0.005170458356027025,0.0,0.003628714233392428,0.0,0.006339350908073487,0.0,0.003628714233392428,0.0,0.0,0.0,0.0,0.0,0.0,0.0,0.0,0.0010799828419623255,0.0,0.0,0.0,0.0,0.0,0.0,0.0,0.0,0.0,0.0,0.0,0.0,0.0,0.0,0.0,0.0,0.0,0.0,0.0,0.0,0.0,0.0,0.0,0.0,0.004585442179207723,0.003628714233392428,0.0,0.0,0.0,0.0,0.0,0.0,0.0,0.0,0.0,0.0,0.0,0.0,0.0,0.0,0.0,0.0,0.0,0.0,0.0,0.0,0.0,0.0,0.0,0.0,0.0,0.0,0.0
TATCTACCACAGCGGG-1,0.21080232512698246,0.6772297931569171,0.22527899768529672,0.044335775362205114,0.005903369535944029,0.01653379264799469,0.02311493793699818,0.0,0.012873058338211675,0.0,0.0,0.0,0.030897248188257526,0.0,0.0,0.0,0.0,0.03378417429542758,0.0,0.0,0.0,0.0,0.019263504010539282,0.0,0.0,0.0,0.027225770405869862,0.0,0.003139053809427832,0.004727097831286847,0.0,0.0012487071242236415,0.007856080891694291,0.0,0.0,0.0010686915047371658,0.0,0.003528987666204539,0.0,0.02376148882834308,0.018649307651833858,0.0,0.003481305448597009,0.0010031020163166838,0.0,0.0,0.0,0.0,0.0037440235364608046,0.0021221044743995644,0.0,0.003029759333169739,0.0006157749031274565,0.0,0.0,0.0016881663514410924,0.0010031020163166838,0.0,0.0,0.0,0.0,0.0,0.0,0.0,0.010238663771713011,0.0,0.0,0.0,0.0,0.001242475949406722,0.0,0.0,0.0,0.0,0.0,0.0,0.0,0.0,0.0,0.0006157749031274565,0.0,0.0,0.0,0.0006157749031274565,0.0009475169941931059,0.0,0.0,0.0,0.0017309506371886597,0.0,0.0,0.0015063295712721078,0.0,0.0,0.0,0.0,0.0,0.0030323928832588377,0.0,0.0,0.0,0.0,0.0032279627536356444,0.0,0.0,0.0,0.0,0.0,0.0006157749031274565,0.0,0.0,0.0,0.0,0.0,0.0,0.0,0.0,0.0,0.0
TATCTAGCCTAAAGGA-1,0.6270313737303719,0.35582195765441527,0.17001739115880765,0.08024735353828585,0.0,0.0,0.024024015965538912,0.03343822295620926,0.009587885555860154,0.029536163184763604,0.0,0.0,0.01527226995481358,0.03554866655060048,0.043526678192115066,0.0,0.0,0.003678324002925157,0.0,0.017368332521426846,0.003122866358071205,0.0,0.0015993831032157055,0.005593869359717612,0.007432527365770087,0.0,0.0027349603012371865,0.004106396241127025,0.015867293865992983,0.0,0.00701682233335301,0.003585207485923884,0.0034143393416988044,0.010099479095396796,0.01899432382678428,0.0,0.0,0.0,0.002922695025900695,0.0,0.0,0.008440764616245378,0.0022021984602131504,0.002155571078012471,0.0,0.0021722532081321325,0.0,0.0,0.0,0.0018813530272554812,0.0,0.0,0.0015013961525108066,0.0,0.0,0.006345280780894224,0.0,0.0,0.0,0.007018957757077642,0.0,0.0,0.004011956647442088,0.0,0.0,0.005078466871742992,0.0,0.0,0.0,0.00032447101131298983,0.0,0.0,0.0,0.0,0.0,0.0,0.0,0.0,0.0,0.0,0.0011646833792241574,0.0,0.0,0.0,0.0005384727131765187,0.0,0.0,0.0,0.0,0.0,0.0011990994834184723,0.0,0.0,0.0,0.0,0.0,0.00866043465047197,0.0,0.0,0.0,0.0,0.0,0.0,0.0,0.0,0.0,0.0,0.0,0.0,0.0,0.0,0.0,0.0,0.0,0.0,0.0,0.0,0.0,0.0
TATGAAGACAGGTGCG-1,0.617814096432964,0.6118042345416133,0.1277608272476714,0.037942383777636673,0.18672725816391894,0.16327751697285797,0.09776302342328172,0.0,0.03628302153436804,0.005576917690651677,0.0,0.008328707621206107,0.0468640269042949,0.0,0.055708179408473946,0.0,0.0,0.0,0.041491260646143446,0.0,0.0,0.0,0.0,0.0,0.0010296700180243176,0.0,0.023856884894810238,0.004528634295485898,0.00925617810020063,0.0,0.004126473120482783,0.0,0.0036723971388385505,0.0,0.0,0.0,0.0,0.0,0.0,0.0,0.0,0.0,0.0,0.0,0.0,0.0,0.0,0.0,0.0,0.0036723971388385505,0.0,0.0,0.0,0.0,0.0,0.0,0.0,0.00675876132790049,0.0,0.01185585013488358,0.0,0.0,0.0,0.0,0.0,0.0,0.0,0.0,0.0,0.0,0.0,0.0,0.0,0.0,0.0,0.0,0.0,0.0,0.0,0.0,0.0,0.0,0.0,0.0,0.0,0.0,0.0,0.0,0.0,0.0,0.005826520484253258,0.0,0.0,0.0,0.0,0.0,0.0,0.0,0.0,0.0,0.0,0.0,0.0,0.0,0.0,0.0,0.0,0.0,0.0,0.0,0.0,0.0,0.0,0.0,0.0,0.0,0.0,0.0,0.0
TATGGCCCGGCCTCGC-1,0.5658474521079091,0.9011153332952696,0.05772337122568832,0.11924864154240448,0.1950821660582002,0.18836211651060347,0.042514145369741504,0.0,0.0044445132271698174,0.0022877448920868636,0.0,0.0,0.035373780593899215,0.0,0.0,0.0,0.0,0.0,0.01567539125425188,0.01083758900435404,0.014097266007896452,0.0,0.029539600125570813,0.0,0.0,0.0,0.02172214847597135,0.005277404525719896,0.004547061589572795,0.0,0.004875488356206392,0.0,0.0,0.0,0.0,0.0,0.0,0.0,0.0,0.0,0.04062786079592971,0.0019408232354550478,0.0,0.0,0.0,0.0,0.01099644122704736,0.0,0.0,0.0,0.0,0.0,0.0,0.004278765531517505,0.0,0.0,0.0,0.0,0.0,0.0,0.0,0.0,0.0,0.0,0.0,0.0,0.0,0.0,0.0,0.0,0.0,0.0,0.0,0.0,0.0,0.003481203026269479,0.0,0.0,0.0,0.0,0.0,0.0,0.0,0.0,0.0,0.0,0.0,0.0,0.0,0.0,0.0,0.0,0.0,0.0,0.0,0.0,0.0,0.0,0.0,0.0,0.0,0.0,0.0,0.0,0.0,0.0,0.0,0.0,0.0,0.0,0.0,0.0,0.0,0.0,0.0,0.0,0.0,0.0,0.0
TATGGGACCGAGCAGG-1,0.5966213925484694,0.2047566831681603,0.0,0.0604615691898721,0.11038213858956357,0.0,0.06818211402850069,0.017643688273078502,0.010064030558224468,0.0,0.0,0.019181086582299833,0.008576469646077849,0.0,0.0,0.0,0.0,0.01771437822553722,0.005249557043660783,0.0,0.0030758019902571484,0.03545155084711843,0.0,0.0,0.0,0.0,0.025812204962848646,0.0,0.012899589706721004,0.0,0.0,0.0,0.005372754557208736,0.0,0.0,0.012996062387141462,0.0,0.0,0.0,0.0,0.0,0.00011871253344278955,0.0,0.005372754557208736,0.0,0.0,0.0,0.0,0.0,0.0,0.0,0.0,0.0,0.0,0.0,0.0,0.0,0.005372754557208736,0.0,0.0,0.0,0.0,0.0,0.0,0.0,0.0,0.0,0.0,0.0,0.0,0.0,0.0,0.0,0.005372754557208736,0.0,0.0,0.0,0.0,0.0,0.0,0.0,0.0,0.0,0.0,0.0,0.0,0.0,0.0,0.0,0.0,0.0,0.0,0.0,0.0,0.0,0.0,0.0,0.0,0.0,0.0,0.0,0.0,0.0,0.0,0.0,0.0,0.0,0.0,0.0,0.0,0.0,0.0,0.0,0.0,0.0,0.0,0.0,0.0,0.0
TATGGGTACGTATCGT-1,0.04340344977557969,0.08430730713003813,0.07520299042834677,0.03875620864665749,0.04931807147422231,0.15392785810884527,0.05076630922368381,0.0,0.004529037537995255,0.0,0.0,0.0,0.005597042117221353,0.0,0.0,0.0,0.0,0.008874822608556394,0.0,0.0,0.00720816902787973,0.0,0.0,0.0,0.0,0.0,0.010959471567473088,0.0,0.0,0.002285126890472733,0.0,0.0,0.002285126890472733,0.0,0.0,0.0,0.0,0.0,0.0,0.0,0.0,0.0009555393803057963,0.0032896801683092542,0.0,0.0,0.002285126890472733,0.0,0.0,0.0,0.0,0.0,0.0,0.0,0.002285126890472733,0.0,0.0,0.0,0.0,0.0,0.0,0.0,0.0,0.0,0.0,0.0,0.0,0.0,0.0,0.0,0.0,0.0,0.0,0.0,0.0,0.0009267179730893618,0.0,0.0,0.004033545283105784,0.0,0.002285126890472733,0.0006485431086194019,0.0,0.0,0.0,0.0,0.0,0.0,0.0,0.0,0.0,0.0,0.0,0.0,0.0,0.0,0.0,0.0,0.0,0.0,0.0,0.0,0.0,0.0,0.0,0.0,0.0,0.0,0.0,0.0,0.0,0.0,0.0,0.0,0.0,0.0,0.0,0.0,0.0,0.0
TATGGTCTGAGTAACA-1,0.5074477129875394,0.4390702018373615,0.0,0.07218723903337804,0.0,0.2304128111006674,0.04683643012558757,0.0,0.0020783915559755397,0.0,0.0,0.0,0.0,0.019609231776710503,0.0,0.0,0.0,0.007419985192714078,0.0,0.0,0.0030601010884579436,0.0,0.0215405045500558,0.0,0.0,0.0,0.0062900618446173244,0.0,0.0,0.0,0.0,0.0,0.0,0.0,0.0,0.0,0.0,0.011296827433636296,0.0,0.0,0.0,0.0,0.0,0.0,0.0,0.0,0.011540655669930665,0.008746281657191119,0.011152756514359308,0.0,0.0,0.0,0.0,0.0,0.0,0.0,0.0,0.0,0.0,0.0,0.0,0.0,0.0,0.0,0.0,0.0,0.0,0.0,0.0,0.0007136529904358907,0.0,0.0,0.0,0.0,0.0,0.0,0.0,0.0,0.0,0.0,0.0,0.0,0.0,0.0,0.0,0.0,0.0,0.0,0.0,0.0,0.0,0.0,0.0,0.0,0.0,0.0,0.0,0.0,0.0,0.0,0.0,0.0,0.0,0.0,0.0,0.0,0.0,0.0,0.0,0.0,0.0,0.0,0.0,0.0,0.0,0.0,0.0,0.0,0.0
TATTAACCTGACCGCG-1,0.0071768816168150925,0.002376562293033972,0.0,0.0002640217446710279,0.0,0.0,0.0038324284148125885,0.04782337465619468,0.0,0.0014112308219866498,0.0,0.0,0.0020007359322672625,0.02308750235065095,0.021704672432110817,0.0,0.042524738840731435,0.001433568057836198,0.0,0.04280412415397974,0.01701512731675338,0.0007829807875325411,0.0,0.0013846930126795924,0.028649554857473135,0.005254554093956764,2.5064447138050635e-05,9.443286404202538e-05,0.0,0.0,0.00037982328527718,0.010046450314096804,0.0,0.002845007749138779,0.0,0.0008993418085084997,2.495716908875478e-05,0.0,0.0006251544388216288,0.0,0.0,0.0020074200104964663,0.0018548366580698058,0.0,0.0,0.0,0.0,0.0,0.0,0.00022968135806219193,0.005682582907483859,0.0,0.002924177119417123,0.0,0.0,0.00041360105045311726,0.0009227947546219905,0.0,0.0,0.0,0.0,0.0,0.0,0.0,0.0,0.0,0.0,0.0,0.0,0.00025300392076310944,0.0,0.0,0.00414619818911306,0.0,0.0,0.00021887903258662212,0.0,0.0,0.0,0.0005716542300346015,0.0008288842709286967,0.0,9.733437522337651e-05,0.0,0.0,0.0,3.213930245131906e-05,0.0,0.0,0.0,0.0,8.655799436756331e-05,0.0,0.0,0.0,0.0,0.0,0.0,0.00022139927833802136,0.0,0.0,0.0,0.0,0.0,0.0,0.0,0.0,0.0,0.0,0.0,0.0,0.0,0.0,0.0,0.0,0.0,8.655799436756331e-05,0.0,0.0
TATTCCACTCAGCTCG-1,0.3774001523045209,0.2489206301145468,0.09824444880174144,0.002016621687174041,0.005948342893977929,0.0,0.005115029169828015,0.08798108960092522,0.0,0.00031191204835854,0.24335862559415766,0.046093866019924705,0.005694840123961818,0.0,0.0535368473396299,0.0,0.0,0.0006293425656053072,0.0,0.0038218227545366696,0.0,0.0,0.004878349565778956,0.005369535914404482,0.0026294227013401485,0.0,0.0,0.0,0.008382125025810965,0.0,0.0,0.0017028993575385729,0.0,0.0005916882378234755,0.04558272088524893,0.004150799485151706,0.0,0.0,0.0,0.0,0.0,0.0,0.0,0.003437896382718955,0.0,0.0,0.0,0.0,0.0,0.0035949966348575884,0.0,0.0,0.0,0.0,0.0,0.002450733511940024,0.0,0.0,0.005541413891259475,0.0,0.0,0.0,0.0,0.0,0.0,0.0,0.0,0.0,0.0,0.0,0.0,0.0,0.0012850837160384354,0.0,0.0,0.0009297239070564125,0.0,0.002450733511940024,0.0,0.0,0.0,0.004452592760153984,0.0,0.0,0.0,0.0,0.003494229687098381,0.0,0.0,0.0,0.001754224844852944,0.0,0.0,0.0,0.0,0.0,0.0,0.0,0.0,0.0,0.0,0.0028671273068395747,0.0,0.0,0.0,0.0,0.0,0.0,0.0,0.0,0.0,0.0,0.0,0.0,0.0,0.0,0.0,0.0,0.0
TATTCCTCCGCCCACT-1,0.30932642049595277,0.1707430380608707,0.11149489376502975,0.026274461287310095,0.0,0.0675580682645531,0.10531782654355604,0.0,0.01604401732343006,0.0028422827483951217,0.0,0.008053994025044498,0.02254335001577119,0.042001367251334604,0.0,0.0,0.0,0.0004914572786942804,0.0,0.006584032923116387,0.009524385311596533,0.0,0.005405999935463624,0.0,0.0026751181523063305,0.0,0.0,0.0012556511577103103,0.0,0.0,0.0026491418887716386,0.0,0.0,0.006887308669015878,0.0,0.0,0.021154006677899472,0.0,0.0,0.0,0.0,0.0012378149887706698,0.0009155944164589492,0.0,0.0,0.0,0.0,0.0,0.0,0.0,0.0,0.0,0.0017263590848608215,0.0,0.0,0.0,0.0,0.0,0.0,0.0,0.0,0.0,0.0,0.0,0.0,0.0028873369231016024,0.0,0.0,0.0,0.0,0.0,0.0,0.0,0.0,0.0,0.0,0.0,0.0,0.0,0.0,0.0,0.0,0.0,0.0,0.0,0.0,0.0,0.0,0.0,0.0006742633972687806,0.0,0.0,0.0,0.0,0.0,0.0,0.0,0.0,0.0,0.0,0.0,0.0,0.0,0.0,0.0,0.0,0.0,0.0,0.0,0.0,0.0,0.0,0.0,0.0,0.0,0.0,0.0,0.0,0.0
TATTTGTTACCCTTTA-1,0.07977900650407432,0.0378673408006525,0.018146775825237566,0.0,0.0,0.0,0.010621131607804486,0.0,0.0,0.0,0.0,0.0,0.0,0.0,0.0,0.0,0.004068915593764107,0.0,0.0,0.0,0.004068915593764107,0.0,0.0,0.0,0.0,0.0,0.0,0.0,0.0,0.0,0.0,0.0,0.0,0.0,0.0,0.0,0.0,0.0,0.0,0.0,0.0,0.0,0.0,0.0,0.0,0.0,0.0,0.0,0.0,0.0,0.0,0.0,0.0,0.0,0.0,0.0,0.0,0.0,0.0,0.012016564338783823,0.0,0.0,0.0,0.0,0.0,0.0,0.0,0.0,0.0,0.0,0.0,0.0,0.0,0.0,0.0,0.0,0.0,0.0,0.0,0.0,0.0,0.0,0.0,0.0,0.0,0.0,0.0,0.0,0.0,0.0,0.0,0.0,0.0,0.0,0.0,0.0,0.0,0.0,0.0,0.0,0.0,0.0,0.0,0.0,0.0,0.0,0.0,0.0,0.0,0.0,0.0,0.0,0.0,0.0,0.0,0.0,0.0,0.0,0.0
TCAACAAAGATAATTC-1,0.00802199935065904,0.0028016213157900957,0.0,0.0002098561802472169,0.0004017612720447107,0.0,0.009839213861276213,0.014909041357077059,0.0,0.0017068402675549737,0.0,0.0,0.003930333739188749,0.01999073638199008,0.004681047547113541,0.0,0.08062847506698272,0.002937556943734096,0.0,0.03263099842679075,0.015267217638254225,0.002115738745138028,0.0,0.0012205421579917317,0.008563832784509617,0.0017599901920044455,0.0,0.0,0.002213933572352016,0.015733732348980324,0.00020159751046789395,0.004509251415641786,0.0,0.0,0.0,0.00146938662674788,0.0,0.0,0.013586333929094722,0.0,0.0,0.0008822849313913273,0.0004008397944114439,0.0,0.0,0.0,0.00037685174224516235,0.0,0.0,0.0,0.002260991944188873,0.0,0.003839045657523755,0.0,0.0,0.00017442093284669255,0.0005025732556221814,0.0,0.0,0.0,0.0,0.0,0.0,0.0,0.0,0.0,0.0,0.0,0.0,0.0,0.0,0.0,0.0016687755413303574,0.0,0.0,0.0,0.0,0.0,0.0,0.00036176770188907484,0.00040260495510638524,0.0,0.0004130784394276468,0.0,0.0,0.0,9.271761219555633e-05,0.0,0.0,0.0,0.0,0.0,0.0,0.0,0.0,0.0,0.0,0.0,0.0,0.0,0.0,0.0010834352473377954,0.0,0.0,0.0,0.0,0.0,0.0,0.0,0.0,0.0,0.0,9.874034078852302e-05,0.0,0.0,0.0,0.0,0.0,0.0
TCAACATAGCGCCCTA-1,0.00550014355061455,0.0050665852869652035,0.0071500560097567285,0.0,0.0,0.0,0.005878323703437096,0.0,0.0,0.0009476736957688974,0.0,0.0,0.0016114321879138005,0.0008635190020831324,0.009511646261598557,0.0,0.01111772142583076,0.005357970517666638,0.0,0.010727836867371587,0.01133175855062247,0.0008779806789558256,0.0,0.0023337477547541153,0.016668675467411707,0.0,0.0,0.0002713295142337339,0.0,0.0005628510658844593,0.0005682120436437043,0.0037472402567998997,0.0013435536812602357,0.0016177193284622378,0.0,0.0,0.0,0.0,0.013969507696392497,0.0073489426822144766,0.0,0.002735357778232335,0.00042665008239886517,0.0,0.0,0.0,0.0039214001688260575,0.0,0.0,0.001956571495594673,0.0015378123025934318,0.0,0.0020183951651953857,0.0,0.001127167329287369,0.0,0.0,0.0,0.0,0.0,0.0,0.0,0.0,0.0,0.0,0.0,0.0,0.0,0.0,0.00010445967446969483,0.0,0.0,0.00279321651339801,0.0,0.0,0.0,0.0,0.0,0.0,0.0,0.0005159874319369084,0.0,0.0,0.0,0.0,0.0,8.063067886803891e-05,0.0,0.0,0.0,0.0,0.0,0.0,0.0,0.0,0.0,0.0,0.0,0.0,0.0,0.0,0.0,0.0,0.0,0.0,0.0,0.0,0.0,0.0,0.0,0.0,0.0,0.0,0.0,0.0,0.0,0.0,0.0,0.0
TCAACATCGACCGAGA-1,0.08344472602893635,0.021029865552698677,0.005649764509563347,0.003584666454858525,0.0012078782730054278,0.0,0.025189381392079657,0.04667227167063565,0.002054522845713189,0.005195220446478258,0.0,0.01916863611163737,0.020309111830801453,0.007021917431226894,0.0025656330164443956,0.0,0.01950792865466703,0.0024976082973722094,0.0,0.004367056305425535,0.0,0.0019366418798070165,0.0,0.0014276176899717628,0.005361463032609365,0.0,0.0007483554580176713,0.00041419748202910705,0.003091697412012086,0.0007175168859790578,0.0016344978961451225,0.011108445225481989,0.00042681018878971185,0.0028898505827512555,0.0,0.0041238866745492,0.0,0.0,0.0008648745282190692,0.0,0.0,0.0010012339988532356,0.0033274542460009038,0.0,0.0,0.0,0.0,0.0002138656593194226,0.0,0.0,0.0002674845242500365,0.0007857764960431128,0.0005490534377353836,0.0,0.0,8.095940500691435e-05,0.0010455848199544622,0.0,0.0,0.0,0.0,0.0,0.0,0.0,0.0002935141160770825,0.0003026054816115386,0.0,0.0,0.0007924645898692418,0.0005435021240909835,0.0,0.0,0.0012888598195902098,0.0,0.0,0.0,0.0,0.0,0.0,0.00020398491618569498,0.0012838648400371766,0.0,0.000440764629512924,0.0,0.0006444651809967251,0.0,0.0,0.0,0.0005690562845618261,0.00023907555162256455,0.0,0.000110191157378231,0.0,0.0,0.0,0.0,0.0,0.0,0.0,0.0,0.0,0.0,0.0,0.0,0.0,0.0,0.0,0.0,0.0,0.0,0.0,0.0,0.00020398491618569498,0.0,0.0,0.0,0.0,0.0,0.0002287048911696996
TCAACGAGGAGACAAA-1,0.8305532517465346,0.381836669639404,0.07389035845387433,0.07219901279463321,0.1961766371551578,0.19268906367028502,0.007493443288822552,0.0010897572971177141,0.01824772178346538,0.0,0.0,0.03548628194553925,0.011505863608279605,0.0,0.07293017725802758,0.0,0.0,0.016632220434750544,0.017515302468658112,0.0,0.0073454319405701,0.0,0.0,0.0,0.004136571803795197,0.0,0.0,0.0,0.0016203481664996502,0.002864717569931091,0.0,0.0,0.00482177477949086,0.004911120582413466,0.0,0.0020355961761386963,0.0,0.0,0.0,0.0,0.0,0.0,0.003588244751450406,0.0,0.0,0.001957057209559769,0.0,0.0,0.0,0.001957057209559769,0.0,0.006330469604733763,0.0,0.001957057209559769,0.0,0.0,0.0,0.0,0.0,0.0,0.0,0.0,0.0,0.0,0.0,0.0,0.0,0.0,0.0,0.0016100032374534983,0.0,0.0,0.0,0.0,0.01142292935348423,0.0,0.0,0.0,0.0,0.0,0.0,0.0,0.0,0.0,0.0,0.0,0.0,0.0,0.0,0.0,0.002767455529636391,0.0,0.0,0.0,0.0,0.001921594836485087,0.0,0.0,0.0,0.0,0.0,0.0,0.0,0.0,0.0,0.0,0.0,0.0,0.0,0.0,0.0,0.0,0.0,0.0,0.0,0.0,0.0,0.0,0.0
TCAACGCAGGAAATAA-1,0.2433540787751781,0.22072794294898776,0.23072434387290028,0.005598618730262761,0.006402747261675734,0.0,0.06207081073613122,0.08868349843335156,0.07017475103782425,0.003757350258146342,0.0,0.0164315903611687,0.0068058064078892555,0.04899156169212815,0.0,0.0,0.01645259044031238,0.003271391301432818,0.0,0.012783109409950469,0.0033208553151364804,0.006770635763119664,0.0,0.0,0.005145068743380398,0.0,0.003318622520381743,0.0016247475145085054,0.0029782361388424657,0.0008123542666496851,0.003895787076933495,0.008444545487847635,0.0022958029154164505,0.0,0.0,0.0,0.002577878543308772,0.003201097936406331,0.0,0.0,0.0,0.00035750921810505544,0.002196317351685883,0.0,0.0,0.0,0.0,0.0014313108787744264,0.0,0.003684270897517736,0.002418065171061704,0.004004601272929971,0.0016627728380617553,0.0,0.0,0.0,0.006704570981890975,0.0,0.0,0.0,0.0,0.0,0.002879444849409856,0.0,0.0,0.001538597999862671,0.0,0.0,0.0,0.0,0.0,0.0,0.00013777401362123856,0.0,0.0,7.762712482934542e-05,0.0,0.0,0.0,0.0,0.00019358800298936854,0.0,0.0,0.0,0.0,0.00036573756561487957,0.0,0.0,0.0,0.0007054150862235776,0.0004759482203301657,0.0,0.0,0.0,0.0,0.0,0.0,0.0,0.0,0.0,0.0,0.0,0.0,0.0,0.0,0.0009686242028349524,0.0,0.0,0.0009021612148994086,0.0,0.0026886144663549457,0.0002678804765286386,0.0,0.0,0.0,0.0,0.0,0.0,0.0
TCAACGCGACCGGCAG-1,0.37462712120893343,0.1355887202805184,0.0567725510655437,0.0,0.0,0.0,0.0,0.0,0.006114442981164011,0.004430403946463583,0.0,0.018892134246626714,0.0020925138685304267,0.0,0.0,0.0,0.0,0.0,0.004713907703646449,0.003225235102138154,0.008734337983143875,0.0,0.0,0.0,0.0,0.0,0.0,0.0,0.0,0.0,0.0,0.00026690840838405444,0.0,0.0,0.0,0.0,0.0,0.0,0.0,0.0,0.0,0.0,0.0,0.0,0.0,0.0,0.0,0.0,0.0,0.0,0.003532114929875777,0.0,0.0,0.0,0.0,0.0,0.0,0.0,0.0,0.0,0.0,0.010430095902518774,0.0,0.0,0.0,0.0,0.0,0.0,0.0,0.0,0.0,0.0,0.0,0.0,0.0,0.0,0.0,0.0,0.0,0.0,0.0,0.0,0.0,0.0,0.0,0.0,0.0,0.0,0.0,0.0,0.0,0.0,0.0,0.0,0.0,0.0,0.0,0.0,0.0,0.0,0.0,0.0,0.0,0.0,0.0,0.0,0.0,0.0,0.0,0.0,0.0,0.0,0.0,0.0,0.0,0.0,0.0,0.0,0.0
TCAACTAACGTATAAC-1,0.667829395890085,0.7284927636787486,0.05093322815623201,0.05595980535655194,0.11397988391997052,0.1415137507102652,0.08500959887857588,0.013341092138907851,0.05178067786909623,0.1331614430501903,0.0,0.0,0.0,0.026858186268439263,0.0,0.04046527501261219,0.0,0.02678035168817328,0.030000565354980812,0.0,0.007174372990143273,0.02323367392557232,0.0,0.0,0.0008288850726029261,0.0221508300003945,0.015534822954867833,0.010810685592092785,0.01390149708398195,0.0,0.0043270638342184,0.0,0.006773764300448684,0.012830041639781416,0.005669092794799573,0.0,0.00930096567128375,0.020244951775504755,0.0,0.0,0.0,0.0006555937154174617,0.0,0.010173251231423925,0.0,0.002348035958169869,0.002835216696819368,0.0027311010170940468,0.0,0.0,0.0,0.004270044285975139,0.0,0.0021000041205572048,0.0,0.0,0.0,0.0008375204963560905,0.0,0.0,0.0,0.0,0.0,0.0,0.004551286965724618,0.001934550869497908,0.0,0.0,0.0,0.0011496669789780216,0.0,0.0,0.0,0.0,0.0,0.0010698668185844435,0.0,0.0,0.0,0.0,0.0008375204963560905,0.0,0.0,0.0,0.0009225816440052993,0.006295228099387395,0.0,0.0033057494109202334,0.0,0.0,0.0,0.001330086236661181,0.004210017451164732,0.0,0.0,0.0,0.0,0.0,0.0,0.0,0.0,0.0,0.0,0.0,0.0,0.0016780947757407496,0.0,0.0016780947757407496,0.0,0.0008375204963560905,0.0,0.0,0.0,0.0008375204963560905,0.0,0.0,0.0,0.0,0.0
TCACAGCAAACTCGAA-1,0.18608164020804538,0.09927349885359711,0.12738976752665504,0.034062164097690695,0.00766292189567716,0.0,0.010483158481686947,0.04299316204855663,0.0,0.038053045169550104,0.150022233632987,0.010966852739815356,0.02899470050850406,0.019473100182826966,0.017510001802148737,0.0,0.011702865518771229,0.0005133507348380905,0.0,0.022852865146553814,0.0,0.0,0.0,0.0009778879895004139,0.0,0.007243658889655686,0.0,0.0008605454099434071,0.004753563702318265,0.0,0.003144765478047239,0.003455803151650901,0.00301836773648551,0.0017442197757307838,0.002092149025715792,0.0,0.0,0.0,0.0,0.0,0.0,0.0027838148708527284,0.0023992022419022075,0.0008396341899161011,0.0,0.0,0.0,0.0,0.0,0.0014422388216415924,0.00043459321863624327,0.0033825956162371116,0.0033585367596644044,0.0,0.0026281976272451695,0.0,0.0,0.0,0.0,0.0,0.0,0.0,0.0,0.0,0.0,0.0,0.0,0.0,0.0,0.002401278329602712,0.0,0.0,0.0,0.0,0.0,0.0,0.0,0.0,0.0,0.0,0.0002708942465197225,0.0,0.0,0.0,0.0,0.0,0.00023755391813176432,0.0,0.0,0.0,0.0,0.0,0.0,0.0,0.0,0.0,0.0,0.0,0.0,0.0,0.0,0.0,0.0,0.0,0.0,0.0,0.0,0.0,0.0,0.0,0.0,0.0,0.0,0.0,0.0,0.0,0.0,0.0,0.0
TCACAGGAGAATAAGA-1,0.3284798095701618,0.3468877741241388,0.05752491680889706,0.002499056686803976,0.001819366029257008,0.0,0.001915254594505778,0.002716055910213319,0.0,0.000557265515347628,0.0,0.01626434924853546,0.011223865914248236,0.01262791267215084,0.01418189893731453,0.0,0.03637782553550248,0.00561573412054542,0.0,0.005561639125954014,0.0,0.0,0.0,1.7356170132333834e-05,0.01183264312236788,0.0017904415920083458,0.0007658175387308007,0.0,0.0018943040006361193,0.0009609421229241173,0.0021605498953512344,0.02638803183949853,0.0019951524128167075,0.0,0.0,0.00231926540596811,0.0,0.0,0.0,0.010928011164081588,0.0,0.0077954528941721266,0.004135300683091319,0.0,0.0,0.00040074531423755133,0.0,0.0,0.0024421584846777596,0.0015775006752174268,0.006518846487495655,0.0,0.0,0.0,0.00031649563389244117,0.0002586422037217976,0.0,0.0,0.0,0.0,0.0,0.0,0.0,0.0,0.0019735286220736656,0.0,0.0,0.0,0.0,0.0009327301566075104,0.0,0.0,0.0015572954436899136,0.0,0.0,0.00037453756196123697,0.0,0.0,0.0,0.00021251591714116006,0.0013563586695121627,0.0,0.0,0.0,0.0,0.0,0.0,0.0,0.0012863062107686652,0.0,0.0,0.0,0.0,0.0,0.0,0.0,0.0,0.0,0.0,0.0,0.0,0.0,0.0006099945925905701,0.0,0.0,0.0,0.0,0.0,0.0,0.0,0.0,0.0,0.00011498009544541935,0.0,0.0,0.0,0.0,0.0,0.0
TCACATCTTATCTGAT-1,0.760531147854955,0.3212382202484055,0.14080691784121788,0.16009586620961277,0.20201953965881414,0.1504961178027798,0.09599399081718668,0.034408197945291534,0.0678121411407692,0.010463418569417281,0.2012763485144052,0.03946358957372436,0.0,0.0,0.0,0.0,0.011251524026968846,0.02798396977266852,0.024723199205109892,0.009684462460470628,0.019469286462386277,0.0,0.0,0.0,0.0,0.015742616053964733,0.0,0.003495808305514011,0.0021451265644253158,0.0,0.008722549322424536,0.0,0.0,0.0,0.0,0.0,0.0,0.0,0.0,0.0,0.0,0.0,0.0009821255105957314,0.0,0.0,0.0,0.007991275553359564,0.004663586591470076,0.0033873165656928524,0.0,0.0,0.0,0.0,0.0,0.0075702515479536174,0.0,0.0,0.0,0.0,0.0,0.0,0.0,0.0,0.0,0.0,0.0,0.0,0.0,0.02741884883187072,0.0,0.0,0.00635536981290082,0.0,0.0,0.0,0.0,0.0,0.0,0.0,0.0,0.0,0.0,0.0,0.0,0.0,0.0,0.0,0.0,0.0,0.0,0.0,0.0,0.0,0.0,0.0,0.0,0.0,0.0,0.0,0.0,0.0,0.0,0.0,0.0,0.0,0.0,0.0,0.0,0.0,0.0,0.0,0.0,0.0,0.0,0.0,0.0,0.0,0.0,0.0
TCACCCTCTTAAGATT-1,0.9174161393783408,0.6266315655404023,0.21654520085731302,0.08012891062823226,0.012279878813809595,0.05634612726418528,0.007287535285387066,0.08104999703711405,0.017842968463954185,0.00423853883293958,0.0,0.00964476307984363,0.005776199366665256,0.0,0.0,0.0,0.021459781056145925,0.003234079849184909,0.008333094376184947,0.0013024654792954844,0.007230029722555006,0.02201369311994427,0.00958139918425592,0.0,0.0,0.0,0.010007094908752118,0.0,0.005154023669755873,0.004826404309198673,0.0,0.0008043360273314415,0.002267690635956713,0.0,0.028463197935198244,0.006126170896625324,0.0,0.0,0.0,0.0,0.014015785834099823,0.0017121498791713128,0.003912339054197994,0.0,0.0,0.0025983105534973473,0.0,0.004730209440440133,0.0028635715388724945,0.0,0.0,0.0,0.009061216482881215,0.005427346827560411,0.0,0.004647305782661969,0.0,0.0,0.002796781188849614,0.0,0.021743841992036616,0.0,0.0,0.0,0.0,0.0,0.0,0.0,0.0013770508403002767,0.0,0.0,0.0,0.0,0.0,0.002785197843820678,0.0,0.0,0.0,0.0,0.002796781188849614,0.0,0.0,0.0018305979209411103,0.0,0.0012052368997944505,0.0,0.0,0.0,0.0,0.0,0.0016455196738678003,0.0,0.0,0.0,0.0,0.002702584331521879,0.0,0.0,0.0,0.0,0.0,0.0,0.0,0.0,0.0,0.0,0.0,0.0,0.0,0.0,0.0,0.0,0.0,0.0,0.0,0.0,0.0,0.0,0.0
TCACGATGTCCGTGGA-1,0.017478774209917475,0.009744486093653514,0.010018174858123959,0.0004079152152226261,0.0,0.0,0.008005853810770583,0.000295081661110255,0.0,0.0,0.0,0.009028770140380496,0.005075316618580598,0.017586015553430055,0.038380797022377254,0.0,0.09411545625588498,0.003555944483352335,0.0,0.03542044340996985,0.015105387114774434,0.0016328213274719654,0.0,0.0,0.008426164107543651,0.001956330198192703,0.0,0.0004540032534387251,0.0007207116005571258,0.015590283715549293,9.624717832459664e-05,0.0020475134314164806,0.0004844554698847198,0.0020380800618099723,0.0,0.0012631792737933048,0.0,0.0008748531117922177,0.0,0.0,0.0,0.001185768054149691,0.00023455764988485102,0.0,0.0,0.0,0.0,0.0,0.0,0.0,0.0015317425214978753,0.0,0.0013715965775502944,0.0045241799349944175,0.0,0.0004844554698847198,0.0023243299587356408,0.0,0.0,0.0,0.007492276224988436,0.0,0.0,0.0,0.0,0.0,0.0,0.0,0.0,0.0,0.0,0.0,0.0011319356362103285,0.0,0.0,0.0,0.0,0.0,0.0,0.00020552800931919138,0.0005847385767049443,0.0,0.0,0.0,0.0,0.00020552800931919138,9.415741750740271e-05,0.0,0.0,0.0,0.0,0.0,0.0,0.0,0.0,0.0,0.0,0.0,0.0,0.0,0.0,0.0,0.0,0.00020552800931919138,0.0,0.0,0.0,0.0,0.0,0.0,0.0,0.0,0.0,0.0,0.0,0.0,0.0,0.0,0.0
TCACGTGCCCGATTCA-1,0.5471817924447072,0.1326567647809501,0.26287034000203036,0.06854950210029395,0.0,0.0,0.0,0.0,0.010337346050897624,0.0,0.0,0.020757884637191817,0.0,0.016874862542014167,0.0,0.0,0.01766714224437817,0.0,0.004957997238924524,0.008127647256060013,0.002766488819502743,0.0,0.0,0.0,0.0,0.0,0.0,0.0008674181780086836,0.0,0.0,0.0,0.0,0.0,0.004784828172809803,0.0,0.0,0.0,0.0,0.0,0.0,0.0,0.0,0.0,0.0,0.0,0.0,0.006670482993980322,0.0,0.0,0.0,0.0,0.0,0.0,0.0,0.006518621815483592,0.004957997238924524,0.0,0.0,0.0,0.0,0.0,0.0,0.0,0.0,0.0,0.0,0.0,0.0,0.0,0.0,0.0,0.004957997238924524,0.0,0.0,0.005290110777225899,0.0,0.0,0.0,0.0,0.0,0.0,0.0,0.0,0.0,0.0,0.0,0.0,0.0,0.0,0.0,0.0,0.0,0.0,0.0,0.0,0.0,0.0,0.0,0.0,0.0,0.0,0.0,0.0,0.0,0.0,0.0,0.0,0.0,0.0,0.0,0.0,0.0,0.0,0.0,0.0,0.0,0.0,0.0,0.0
TCAGACGCTATAGAAG-1,0.32496642338389287,0.0,0.0,0.0922889913161555,0.0,0.0,0.02160513113002558,0.0,0.0,0.0067604772926053176,0.0,0.019385830958118223,0.0,0.0,0.0,0.0,0.0,0.0,0.0,0.005450135976613637,0.0,0.0,0.0,0.0,0.0,0.0,0.0,0.0,0.0,0.0,0.0,0.0,0.0,0.0,0.0,0.0,0.007233955059172158,0.0,0.0,0.0,0.0,0.0,0.0,0.0,0.0,0.0,0.0,0.0,0.0,0.0,0.0,0.0,0.0,0.0,0.0,0.0,0.0,0.0,0.0,0.0,0.0,0.020302490397220957,0.0,0.0,0.0,0.0,0.0,0.0,0.0,0.0,0.0,0.0,0.0,0.0,0.0,0.0,0.0,0.0,0.0,0.007233955059172158,0.0,0.0,0.0,0.0,0.0,0.0,0.0,0.0,0.0,0.0,0.0,0.0,0.0,0.0,0.0,0.0,0.0,0.0,0.0,0.0,0.0,0.0,0.0,0.0,0.0,0.0,0.0,0.0,0.0,0.0,0.0,0.0,0.0,0.0,0.0,0.0,0.0,0.0,0.0
TCAGGGTGTAACGTAA-1,0.19628061979763417,0.06540690245022607,0.1142145694445911,0.021239146176234465,0.0,0.0,0.020877766364484913,0.0,0.004037878078255374,0.0,0.0,0.0,0.0,0.008502811862425262,0.0,0.0,0.0,0.0,0.0,0.0,0.0052535143536757275,0.0,0.0,0.0,0.0,0.0,0.0,0.00722993031330542,0.0,0.0,0.0,0.0,0.0,0.0,0.0,0.0,0.0,0.0,0.0,0.0,0.0,0.0,0.0,0.016143719048913586,0.0,0.0,0.0,0.0,0.0,0.0,0.0,0.0,0.0,0.0,0.0,0.0,0.0,0.0,0.0,0.0,0.0,0.0,0.0,0.0,0.0,0.0,0.0,0.0,0.0,0.0,0.0,0.0,0.0,0.0,0.0,0.0,0.0,0.0,0.0,0.0,0.0,0.0,0.0,0.0,0.0,0.0,0.0,0.0,0.0,0.0,0.0,0.0,0.0,0.0,0.0,0.0,0.0,0.0,0.0,0.0,0.0,0.0,0.0,0.0,0.0,0.0,0.0,0.0,0.0,0.0,0.0,0.0,0.0,0.0,0.0,0.0,0.0,0.0,0.0
TCAGTACTGACCCGCG-1,0.7708002694785826,0.2896779838143236,0.0,0.0,0.16106494353171205,0.0,0.0,0.014443774876725442,0.045180002435911026,0.0,0.0,0.008276637489203018,0.011728043548338386,0.0,0.0,0.09872815235904553,0.0,0.013696039120500745,0.004787377863311144,0.0007692884781447379,0.01179721992678404,0.0,0.010452472526650693,0.0,0.0,0.0,0.0,0.0034249918975151894,0.0,0.0,0.0,0.0,0.0,0.0009490600354685827,0.0,0.0,0.0,0.0,0.0,0.011322653007251906,0.0,0.0,0.0,0.006721914489255142,0.0,0.0,0.0,0.0,0.0,0.0,0.0,0.0,0.0,0.0,0.0,0.007292170911473539,0.0,0.0,0.0,0.0,0.0,0.0,0.005785824238342248,0.0,0.0,0.0,0.0,0.0,0.0,0.0,0.0,0.0,0.0,0.0,0.0,0.0,0.0,0.0,0.0,0.0,0.0,0.0,0.0,0.0,0.0,0.0,0.0,0.0,0.0,0.0,0.0,0.0,0.0,0.0,0.0,0.0,0.0,0.0,0.0,0.0,0.0,0.0,0.0,0.0,0.0,0.0,0.0,0.0,0.0,0.0,0.0,0.0,0.0,0.0,0.0,0.0,0.0,0.0,0.0
TCAGTAGGGACTATAA-1,0.7558062967486674,0.34815325737602915,0.0,0.0,0.1485145992964021,0.0,0.07586202468785125,0.0,0.0,0.002133428321992989,0.0,0.0,0.03469662071827415,0.0,0.0,0.0,0.0,0.0,0.0,0.0,0.020433211756135106,0.0,0.0,0.0,0.0,0.0,0.0,0.00637827340998783,0.005950483698731886,0.0,0.002147593260798045,0.0,0.0,0.0016642562171094422,0.0,0.0,0.026303090872303665,0.016935886796172542,0.0,0.0,0.0,0.0,0.0,0.0,0.0,0.0,0.0,0.0,0.0,0.0,0.0,0.0,0.0,0.0,0.0,0.0,0.0,0.0,0.0,0.0,0.0,0.0,0.0,0.0,0.0,0.0,0.0,0.0,0.0,0.0,0.0,0.0,0.0,0.0,0.0,0.0,0.0,0.0,0.0,0.0,0.0,0.0,0.0,0.0,0.0,0.0,0.000624421518090541,0.0,0.0,0.0,0.0,0.0,0.0,0.0,0.0,0.0,0.0,0.0,0.0,0.0,0.0,0.0,0.0,0.0,0.0,0.0,0.0,0.0,0.0,0.0,0.0,0.0,0.0,0.0,0.0,0.0,0.0,0.0,0.0
TCCAACTTTAAATTCT-1,0.1696439968813912,0.112382211003061,0.0,0.03210738528346522,0.0,0.0,0.0,0.0,0.008879408333226693,0.0,0.0,0.0,0.016093233979936943,0.0,0.0,0.0,0.011788197014327921,0.0,0.0,0.020909445535572346,0.007277208668760297,0.0,0.0,0.0,0.0,0.0,0.0,0.0,0.0,0.0,0.0,0.0,0.0,0.0,0.0,0.0,0.0,0.0,0.0,0.0,0.0,0.0,0.0,0.012930950816668977,0.0,0.0,0.0,0.0,0.0,0.0,0.0,0.0,0.0,0.0,0.0,0.0,0.0,0.0,0.0,0.0,0.0,0.0,0.0,0.0,0.0,0.0,0.0,0.0,0.0,0.0,0.008743819271856919,0.0,0.0,0.0,0.0,0.0,0.0,0.0,0.0,0.0,0.0,0.0,0.0,0.0,0.0,0.0,0.0,0.0,0.0,0.0,0.0,0.0,0.0,0.0,0.0,0.0,0.0,0.0,0.0,0.0,0.0,0.0,0.0,0.0,0.0,0.0,0.0,0.0,0.0,0.0,0.0,0.0,0.0,0.0,0.0,0.0,0.0,0.0,0.0
TCCACAATGGTTTACG-1,0.6359155339605639,0.038551946002546175,0.16206491959031652,0.04584913273642514,0.17041258839572296,0.0,0.0,0.002182364307822328,0.03428464494178127,0.0,0.0,0.0,0.0,0.0,0.0,0.14984660571068908,0.0,0.015124828243618287,0.01693245457259452,0.0,0.004716623091948889,0.0,0.0,0.016978348996588927,0.0,0.0,0.013862834380528165,0.0,0.0,0.0,0.0,0.0,0.0,0.0,0.0,0.0,0.0,0.0,0.0,0.0,0.0,0.0,0.0,0.0,0.0,0.0,0.0,0.009901525174293036,0.0,0.0,0.0,0.0,0.0,0.0,0.0,0.0,0.0,0.0,0.0,0.0,0.0,0.0,0.0,0.0,0.0,0.0,0.004433634240012195,0.0,0.0,0.0,0.0,0.0,0.0,0.0,0.0,0.0,0.0,0.0,0.0,0.0,0.0,0.0,0.0,0.009901525174293036,0.0,0.0,0.0,0.0,0.0,0.0,0.0,0.0,0.0,0.0,0.0,0.0,0.0,0.0,0.0,0.0,0.0,0.0,0.0,0.0,0.0,0.0,0.0,0.0,0.0,0.0,0.0,0.0,0.0,0.0,0.0,0.0,0.0,0.0,0.0
TCCAGAGCACCGGTTC-1,0.2926240429150729,0.5528465266128055,0.15133039782124788,0.10755662968554784,0.0,0.0,0.0,0.0,0.0,0.017665031315223796,0.0,0.0,0.0,0.0,0.0,0.0,0.0,0.011983118457743363,0.0,0.0008337988356575353,0.0,0.0,0.0,0.0,0.00832367048828524,0.0,0.0,0.0,0.0,0.005244724827699321,0.0,0.0,0.0,0.0011114986164120048,0.0,0.0,0.0,0.0,0.01443907782703766,0.014374018328576085,0.0,0.0,0.0,0.0,0.0,0.0,0.0,0.0,0.0,0.0,0.0,0.0,0.005244724827699321,0.005244724827699321,0.0,0.0,0.0,0.0,0.0,0.0,0.0,0.0,0.0,0.0,0.0,0.0,0.0,0.0,0.0,0.0,0.0,0.0,0.0,0.0,0.0,0.0,0.005244724827699321,0.0,0.0,0.0,0.0,0.0,0.0,0.0,0.0,0.0,0.0,0.0,0.005244724827699321,0.0,0.0,0.0,0.0,0.0,0.0,0.0,0.0027025136302177683,0.0,0.0,0.0031775614397188973,0.0,0.0,0.0,0.0,0.0,0.0,0.0,0.0,0.0,0.0,0.0,0.0,0.0,0.0,0.0,0.0,0.0,0.0,0.0
TCCAGGCGAGTACGGT-1,0.05817341541428556,0.08250373941465611,0.0,0.11621814932774932,0.0,0.0,0.0,0.0,0.0,0.0,0.0,0.0,0.007242671719494185,0.0,0.0,0.0,0.020929636851201538,0.0,0.0,0.0,0.0,0.0,0.0,0.0,0.0,0.0,0.0,0.0,0.0,0.0,0.0,0.0,0.0,0.0,0.0,0.0,0.0,0.0,0.0,0.0,0.0,0.0,0.004452033823027709,0.008443585937487607,0.0,0.0,0.0,0.0,0.0,0.0,0.0,0.0,0.0,0.0,0.0,0.0,0.0,0.0,0.0,0.0,0.0,0.0,0.0,0.0,0.0,0.0,0.0,0.0,0.0,0.0,0.0,0.0,0.0,0.0,0.0,0.0,0.0,0.0,0.0,0.0,0.0,0.0,0.0,0.0,0.0,0.0,0.0,0.0,0.0,0.0,0.0,0.0,0.0,0.0,0.0,0.0,0.0,0.0,0.0,0.0,0.0,0.0,0.0,0.0,0.0,0.0,0.0,0.0,0.0,0.0,0.0,0.0,0.0,0.0,0.0,0.0,0.0,0.0,0.0
TCCCAGCTTTAGTCTG-1,0.7157339262716811,0.25116006945081554,0.22388693008650043,0.1411200318249005,0.0,0.0,0.08593806322504949,0.0,0.0,0.0,0.0,0.008879006860129912,0.020702118095113988,0.016776108710389006,0.0,0.0,0.0,0.0006086641584390748,0.0,0.0031165606947880812,0.0,0.0,0.011033123632974002,0.0,0.0,0.0,0.0,0.0,0.0072068664332985075,0.0,0.0,0.0,0.0,0.0,0.0,0.0021382209203847933,0.0,0.0019763052757467807,0.0,0.0,0.0,0.0002056674048041791,0.0015841320992387767,0.0,0.0,0.0,0.0,0.0,0.011854186770999952,0.0,0.0,0.0,0.0,0.0,0.006772297951680327,0.0,0.0,0.0,0.0,0.0,0.0,0.0,0.0,0.0,0.012041221110952313,0.0,0.0,0.0,0.0,0.0,0.0,0.0,0.0,0.0,0.0,0.0,0.0,0.0,0.0,0.0,0.0,0.0,0.0,0.00441843533977379,0.0,0.0,0.0,0.00441843533977379,0.0,0.0,0.0,0.0,0.0,0.0,0.0,0.0,0.0,0.0,0.0,0.0,0.0,0.0,0.0,0.0,0.0,0.0,0.0,0.0,0.0,0.0,0.0,0.0,0.0,0.0,0.0,0.0,0.0,0.0,0.0
TCCCGCGTACTCCTGG-1,0.15056484258630964,0.04434618476790857,0.0,0.014208702197093147,0.0,0.0,0.02922422166699541,0.00722693311511684,0.0,0.0,0.0,0.0,0.0,0.0,0.0,0.0,0.0,0.005771416397724339,0.0,0.0,0.004449092667372694,0.0021231829151074047,0.0,0.0,0.005146256367860495,0.0,0.0,0.004868632230048166,0.0035460661890618457,0.0,0.0,0.0,0.01147272446106217,0.0,0.0,0.0,0.018910405634758258,0.0,0.0,0.0,0.0,0.0,0.0,0.0,0.0,0.0,0.0,0.0,0.0,0.0,0.0,0.0,0.0,0.0,0.0,0.0,0.0,0.004956186910795368,0.0,0.0,0.0,0.0,0.0,0.0,0.0,0.0,0.0,0.0,0.0,0.0,0.0,0.010862962172250442,0.0,0.0,0.0,0.0,0.0,0.0,0.0,0.0,0.0,0.0,0.0,0.0,0.0,0.0,0.0,0.0,0.0,0.0,0.0,0.0,0.0,0.0,0.0,0.0,0.0,0.0,0.0,0.0,0.0,0.0,0.0,0.0,0.0,0.0,0.0,0.0,0.0,0.0,0.0,0.0,0.0,0.0,0.0,0.0,0.0,0.0,0.0
TCCCGGGTGTGCTGCT-1,0.5216916933775136,0.07399362988124905,0.22257367313212006,0.04999759430352471,0.09850636687226116,0.0,0.06238371381491827,0.0,0.0,0.0,0.0,0.009150932034741701,0.0,0.026831180945142415,0.0,0.0,0.009408967680002527,0.011165100689261454,0.012320784096248734,0.0,0.0,0.0,0.02547011993417399,0.0,0.0,0.0,0.0,0.009636209292932922,0.0,0.0,0.0,0.0,0.0,0.0,0.0,0.0,0.0,0.0,0.0,0.0,0.0,0.0,0.0,0.0,0.0,0.007760581721629236,0.0,0.0,0.0,0.0,0.0,0.0,0.0,0.0,0.0,0.0,0.0,0.0,0.007760581721629236,0.0,0.0,0.0,0.0,0.0,0.0,0.002583862608848897,0.0,0.0,0.0,0.0,0.0,0.0,0.007760581721629236,0.0,0.0,0.0,0.0,0.0,0.0,0.0,0.0,0.0,0.0,0.0,0.0,0.0,0.0,0.0,0.0,0.0,0.0,0.0,0.0,0.0,0.0,0.0,0.0,0.0,0.0,0.0,0.0,0.0,0.0,0.0,0.0,0.0,0.0,0.0,0.0,0.0,0.0,0.0,0.0,0.0,0.0,0.0,0.0,0.0,0.0
TCCCGTCAGTCCCGCA-1,0.788322898349984,0.283214936369496,0.027481323717341632,0.09265436110725078,0.15586384947194748,0.043289438143485966,0.012162739285843473,0.05511014765279162,0.03003597817477759,0.01657431174832205,0.04002357342020414,0.0,0.0,0.0,0.0,0.0,0.0,0.023046089299785615,0.02022128263868354,0.0014206850895820903,0.0,0.013523519061381058,0.0,0.010171088271538904,0.0,0.001823930969896109,0.021333978777200502,0.004027831903371239,0.0,0.0,0.0014860411639777543,0.0,0.01250322067549252,0.005641839455229339,0.0,0.0,0.030416965289615558,0.013358473476500828,0.0,0.0,0.0,0.0,0.0,0.0,0.0,0.0073863193124403086,0.0036485281746786655,0.011466579799272628,0.0,0.0015981324353572435,0.0008117324113956451,0.0,0.0,0.0,0.0068484693139124215,0.0,0.0,0.0,0.0,0.0,0.0,0.0,0.0043696640868643956,0.0,0.0,0.0,0.0,0.0,0.0,0.004633727957108709,0.0,0.0,0.0,0.0,0.0,0.00636618344746857,0.0,0.0,0.0,0.0,0.0,0.0,0.006835201747316155,0.0,0.0007783793276337507,0.0,0.0,0.0,0.0,0.0,0.0,0.0,0.0029229648520789466,0.0,0.0,0.0,0.0,0.0,0.002622544480916757,0.0,0.0,0.0,0.0,0.0,0.00261920999450417,0.0,0.0,0.0,0.0,0.0,0.0,0.0,0.0,0.0,0.0,0.0,0.0,0.0,0.0
TCCCTGGCTCGCTGGA-1,0.6040757568995886,0.18212264900141564,0.07329659921405163,0.17589490530604088,0.09748180248239638,0.0,0.0,0.0,0.0,0.006436541158045176,0.0,0.017040881664711547,0.0,0.0,0.0,0.0,0.0,0.0,0.02247823079347281,0.0,0.006557137470617723,0.0,0.0160891104233086,0.0,0.0,0.04192817172053308,0.0,0.004048122922985645,0.0,0.0,0.007717692284329148,0.0,0.0,0.0,0.0,0.0,0.0,0.0,0.0,0.0,0.0,0.0,0.0,0.005193386252658844,0.0,0.0,0.0,0.0,0.0,0.005193386252658844,0.0,0.0,0.0,0.0,0.0,0.0,0.0,0.0,0.0,0.006392116266409644,0.0,0.0,0.0,0.0,0.0,0.0,0.012784012151756891,0.014035988499410266,0.0,0.0,0.0,0.005193386252658844,0.0,0.0,0.0,0.0,0.0,0.0,0.0,0.0,0.0,0.0,0.0,0.0,0.0,0.0,0.0,0.0,0.0,0.0,0.0,0.0,0.0,0.0,0.0,0.0,0.0,0.0,0.0,0.0,0.0,0.0,0.0,0.0,0.0,0.0,0.0,0.0,0.0,0.0,0.0,0.0,0.0,0.0,0.0,0.0,0.0,0.0,0.0
TCCGAACTTGGCTTAC-1,0.44547048573995796,0.4874134570287114,0.19086338714350215,0.05409952277254443,0.10155887396127862,0.0,0.0,0.0,0.024819802636704868,0.005889105007722021,0.0,0.017111388429788016,0.040957808131601804,0.04429309010169522,0.0,0.17127925233984137,0.0,0.0,0.0,0.0,0.00728118067203604,0.0,0.018341504608394888,0.0,0.0,0.0,0.0,0.005079234902909562,0.0,0.0,0.0,0.0,0.007907010973806918,0.018635009166198514,0.0,0.0,0.0,0.0,0.0,0.0,0.0,0.0,0.0,0.0,0.0,0.0,0.0,0.0,0.0,0.0,0.0,0.008316725113637187,0.0,0.0,0.0,0.0,0.0,0.0,0.0,0.0,0.0,0.0,0.0,0.0,0.0,0.00342925252337304,0.00933018664491349,0.0,0.0,0.0,0.0,0.0,0.0,0.0,0.0,0.0,0.0,0.0,0.0,0.003953505486903459,0.0010552851067721259,0.0,0.0,0.0,0.0,0.0,0.0,0.0,0.0,0.0,0.0,0.0,0.0,0.0,0.0,0.0,0.0,0.0,0.0,0.0,0.0,0.0,0.0,0.0,0.0,0.0,0.0,0.0,0.0,0.0,0.003953505486903459,0.0,0.0,0.0,0.0,0.0,0.0,0.0,0.0
TCCGATGACTGAGCTC-1,0.48465269425506274,0.4443622540470639,0.13173653154310958,0.051704539349048284,0.09927670492082806,0.0,0.04940167973593482,0.015267538239473246,0.024318737890582455,0.0,0.0,0.0,0.02191814369708412,0.0,0.02741243694124848,0.0,0.0,0.02462357485664327,0.013070078357226468,0.00167992380876952,0.0,0.0,0.028174858126146955,0.0,0.0,0.011103271487120996,0.0,0.003923970953668505,0.0,0.0,0.002089738661823939,0.0,0.0,0.0038704147855529504,0.0,0.0,0.0,0.0,0.0,0.006896112180534838,0.0,0.0015935189140487591,0.0,0.0,0.0,0.009920328115875345,0.0,0.0,0.0,0.0,0.0,0.0,0.0,0.004292971578217372,0.0,0.0,0.0,0.004292971578217372,0.0,0.0,0.03804462561218888,0.0,0.0,0.0,0.0,0.0,0.0,0.0,0.0,0.0,0.0,0.0,0.0,0.0,0.0,0.0,0.0,0.0,0.0,0.0,0.0,0.0,0.0,0.0,0.0,0.0,0.0,0.0,0.0,0.0,0.0,0.0,0.0,0.0,0.0,0.0,0.0,0.0,0.0,0.0,0.0,0.0,0.0,0.0,0.0,0.0,0.0,0.0,0.0,0.0,0.0,0.0,0.0,0.0,0.0,0.0,0.0,0.0,0.0
TCCGATTACATTGCCG-1,0.49475780706094535,0.42376704539043925,0.11079368614954209,0.09077445803285498,0.08556127807019495,0.0,0.08033655674655654,0.12584052270002674,0.0320074494255002,0.004027444071823255,0.0,0.0,0.0,0.0,0.06496791632701693,0.0,0.0,0.03560845869312669,0.00884635327004895,0.0,0.029608817470998916,0.027450390585038332,0.0,0.0,0.0,0.022524292005750124,0.0,0.009326837480643366,0.0046382184321380575,0.0,0.008512710042974544,0.0,0.00853773489335722,0.0,0.0,0.014150114159465368,0.0,0.0,0.0,0.0,0.0,0.0,0.0,0.0,0.0,0.0,0.020489070422333444,0.0,0.0,0.0,0.0,0.0,0.0,0.00426886744667861,0.0,0.0,0.0,0.0,0.0,0.0,0.0,0.0,0.0,0.0,0.0,0.0,0.0,0.011381562888751858,0.0,0.0,0.0,0.0,0.0,0.0,0.0,0.0,0.0,0.0,0.0,0.0,0.0,0.0,0.0,0.0,0.0,0.0,0.0,0.0,0.0,0.0,0.0,0.0,0.0,0.0,0.014150114159465368,0.0,0.0,0.0,0.0,0.0,0.0,0.0,0.0,0.0,0.0,0.0,0.0,0.0,0.0,0.0,0.0,0.0,0.0,0.0,0.0,0.0,0.0,0.0,0.0
TCCGGTTCGTCCGGTC-1,0.1832841417809511,0.06476891507115196,0.11667556818226911,0.020257206366943198,0.012580033806278815,0.0,0.014306907478806927,0.06762754402394568,0.007220843892546069,0.0028760601899741516,0.06691856753016832,0.025673807190625078,0.030038569727349397,0.033810661373847035,0.01498377563634435,0.0,0.005809992575458673,0.0,0.0,0.0019876994551407115,0.0,0.020589364081789584,0.005675921045574406,0.00020539194014498538,0.0,0.0,0.0028200071574290726,0.0016153444039680174,0.006071325200490227,0.0,0.00013615887416817336,0.0019668539578077595,0.0019643729594641824,0.0003205642438220193,0.000943891501338251,0.0021203082313451483,0.0,0.0,0.0,0.010969837951651027,0.0,0.00076642058125782,0.0014756577275770117,0.0,0.0,0.0,0.0,0.0,0.0,0.0011653236569991174,0.0,0.0,0.002767209088542539,0.0,0.0015115125228358768,0.0034348974081679605,0.0015517979653822901,0.0,0.0,0.0,0.0,0.0,0.0,0.0,0.0,0.0,0.0,0.0,0.0,0.0,0.0,0.0,0.0006669868652299489,0.0,0.001150666604328456,0.002735002740759436,0.0,0.001066762702096496,0.0,0.00024072308815816204,0.0003919142716332054,0.004138174481050297,0.0018021333783330047,0.0,0.00018117275527936537,0.0,0.002043133878224792,0.0,0.002927213080147854,0.0011205096818264725,0.0,0.0,0.0,0.0,0.0,0.0,0.0,0.0,0.0,0.0,0.0,0.0,0.0,0.0,0.0,0.0,0.0,0.0,0.0,0.0,0.0,0.0,0.0,0.0,0.0,0.0,0.0,0.0,0.0
TCCTAGCAAAGAAGCT-1,0.1937380812711456,0.0,0.07815681726975574,0.06285996991706166,0.0,0.0,0.0,0.0,0.0,0.0,0.0,0.0,0.013533498956041015,0.0,0.0,0.0,0.0,0.0,0.0,0.029514695057286152,0.0,0.0,0.0,0.0,0.0,0.0,0.005412002006122843,0.0,0.0,0.021314762097370744,0.0,0.0,0.0,0.0,0.0,0.0,0.0,0.0,0.01544153707807575,0.0,0.0,0.0,0.0,0.008714371534647455,0.0,0.0,0.0,0.0,0.0,0.0,0.0,0.0,0.008714371534647455,0.0,0.0,0.0,0.0,0.0,0.0,0.0,0.01203627336548059,0.0,0.0,0.0,0.0,0.0,0.0,0.0,0.0,0.0,0.0,0.0,0.0,0.0,0.0,0.0,0.0,0.0,0.0,0.0,0.0,0.008714371534647455,0.0,0.0,0.0,0.0,0.0,0.0,0.0,0.0,0.0,0.0,0.0,0.0,0.0,0.0,0.0,0.0,0.0,0.0,0.0,0.0,0.0,0.0,0.0,0.0,0.0,0.0,0.0,0.0,0.0,0.0,0.0,0.0,0.0,0.0,0.0,0.0,0.0
TCCTCCTAAGACATTC-1,0.009670312738474934,0.04894101043177184,0.009706275187385963,0.0020097794544591896,0.0,0.0,0.013367058503501662,0.05702337096132011,0.009586635593908387,0.010735805952501044,0.0,0.008399085191282787,0.012725798706512075,0.0219351087174529,0.0163904997051934,0.0,0.02372423062688115,0.00047882006192675347,0.0,0.002760483176363364,0.006776610510436247,0.0,0.0,0.001564770353903615,0.008594122082791315,0.0017428216260573547,0.00047394566550158903,0.0,0.0008530424742883588,0.005078582242068311,0.006041260543786186,0.01900406640959677,0.0,0.0,0.0,0.0039066677967875465,0.0,0.0,0.0,0.0,0.0,0.002841888395716933,0.0007931571794888338,0.0,0.0,0.0,0.0,0.0,0.0,0.0021682552539455304,0.00200644220822581,0.0007521578179578287,0.00033708402133184566,0.0,0.0,0.00021972161660657527,0.002178711180275547,0.0,0.003159816942228863,0.0,0.0,0.0,0.0,0.0,0.00035632996726510087,0.0,0.0,0.0,0.0,0.0,0.0,0.0,0.005018415896570143,0.0,0.0,0.0,0.0,0.0,0.0,0.0,0.0008459081500289598,0.0,0.0002597338788541317,0.0,0.0004466568701369996,0.0,0.0,0.0,0.0,0.0001431131526962555,0.0,0.0,0.0,0.0,0.0,0.0,0.0,0.0,0.0,0.0,0.0,0.0,0.0005483396864612099,0.0,0.0,0.0,0.0,0.0,0.00016071551413080474,0.0,0.0,0.0,0.0,0.0,0.0,0.0006914442872231249,0.0,0.0,0.0
TCCTCTCCAGTTGTCC-1,0.8385034582650388,0.22048191725131275,0.15843004008936196,0.036361445797449335,0.14671907844325333,0.08918818464042014,0.11482691775057097,0.02921113173174767,0.08091752701478598,0.007832222041201964,0.0,0.0,0.0,0.026317693327777354,0.0,0.0,0.0,0.022848330773177144,0.027709270048554488,0.006711525981278235,0.01391901596300083,0.0,0.023804630400506142,0.0,0.0,0.008644139710258856,0.01631469000937587,0.007990110252936658,0.0,0.0,0.0031957870654678176,0.00041673459745969146,0.006045188702296292,0.0,0.0,0.0,0.0,0.0,0.0,0.0,0.0,8.829018689229658e-05,0.0,0.0,0.0,0.0,0.005448534817213163,0.0,0.0,0.0,0.0,0.0061486316921247905,0.0,0.0,0.0,0.0,0.0,0.0020351402408613803,0.0,0.0,0.0,0.0,0.0,0.0,0.0,0.0019119252367824366,0.003038858689736983,0.0,0.0,0.0,0.0,0.0,0.0,0.0,0.0,0.0,0.0,0.0,0.0,0.0,0.0013025273170881098,0.0,0.0020351402408613803,0.0,0.0,0.0,0.0006470155786860582,0.0,0.0,0.0,0.0,0.0,0.0,0.0,0.0,0.0,0.0,0.0,0.0,0.0,0.0,0.0,0.0,0.0,0.0,0.0,0.0,0.0,0.0,0.0,0.0,0.0,0.0,0.0,0.0,0.0,0.0,0.0,0.0
TCCTGCGTTGATACTC-1,0.7459629863258457,0.3273083749435298,0.0,0.0,0.0,0.0,0.0,0.0,0.024439682053816813,0.0,0.0,0.016599008890267837,0.0,0.0,0.0,0.0,0.0,0.0,0.0,0.0,0.014622854436648566,0.0,0.0,0.0,0.0,0.0,0.0,0.0,0.0,0.0,0.0,0.0,0.0,0.0,0.0,0.0,0.0,0.0,0.015308746989435516,0.0,0.0,0.0,0.0,0.0,0.0,0.0,0.0,0.0,0.0,0.0,0.0,0.0,0.0,0.0,0.0,0.0,0.0,0.0,0.0,0.0,0.0,0.0,0.0,0.0,0.0,0.0,0.0,0.0,0.0,0.0,0.008593642358712923,0.0,0.0,0.0,0.0,0.0,0.0,0.0,0.0,0.0,0.0,0.0,0.0,0.0,0.0,0.0,0.0,0.0,0.0,0.0,0.0,0.0,0.0,0.0,0.0,0.0,0.0,0.0,0.0,0.0,0.0,0.0,0.0,0.0,0.0,0.0,0.0,0.0,0.0,0.0,0.0,0.0,0.0,0.0,0.0,0.0,0.0,0.0,0.0
TCGAGACCAACACCGT-1,0.8375847049481512,0.18860101734205312,0.30178502785544836,0.15788826068141676,0.029313961613697287,0.0,0.0,0.012981220633316056,0.04032599287491054,0.06493465967755371,0.0,0.0,0.0,0.005919059153954643,0.0,0.0,0.0,0.01711735384055054,0.01503077556792188,0.0,0.0,0.008434592785388842,0.0,0.0,0.0,0.009984332983832212,0.008278444099375608,0.011046014778985258,0.0027828865933317145,0.0,0.004306406743763615,0.0,0.0,0.009560631250561908,0.0,0.0,0.0,0.013552292927552285,0.0,0.0,0.0159781886185859,0.0003245701221394555,0.0,0.0,0.0,0.0,0.0,0.0,0.0027828865933317145,0.0,0.0,0.006728896294720889,0.0,0.004052520363042314,0.0,0.0,0.0,0.0,0.0,0.0,0.0,0.0,0.0,0.0,0.0,0.0,0.004314026120352408,0.0,0.0,0.0,0.0,0.0,0.0,0.0,0.0,0.0,0.0,0.0,0.0,0.0,0.0,0.0,0.0,0.0,0.0,0.0,0.0,0.0,0.0,0.0,0.0,0.0,0.0,0.0,0.0,0.0,0.0,0.0,0.0,0.0,0.0,0.0,0.0,0.0,0.0,0.0,0.0,0.0,0.0,0.0,0.0,0.0,0.0,0.0,0.0,0.0,0.0,0.0,0.0
TCGCAAAGATGCATTT-1,0.1145212878743388,0.009667227174535949,0.03472828712785776,0.05200585426343182,0.0,0.0,0.0,0.0,0.0,0.0,0.0,0.0,0.0,0.0,0.0,0.0,0.0,0.0,0.0,0.015818670940324867,0.0,0.0,0.0,0.0,0.0,0.0,0.0,0.0,0.0,0.0,0.0,0.0,0.007909335470162433,0.0,0.0,0.0,0.0,0.0,0.0,0.0,0.0,0.0,0.0,0.0,0.0,0.0,0.0,0.0,0.0,0.0,0.0,0.0,0.015818670940324867,0.007909335470162433,0.0,0.0,0.0,0.0,0.0,0.0,0.0,0.0,0.0,0.0,0.0,0.0,0.0,0.0,0.0,0.0,0.0,0.0,0.0,0.0,0.0,0.0,0.007909335470162433,0.0,0.0,0.0,0.0,0.0,0.0,0.0,0.0,0.0,0.0,0.0,0.0,0.0,0.0,0.0,0.0,0.0,0.0,0.0,0.0,0.0,0.0,0.0,0.0,0.0,0.0,0.0,0.0,0.0,0.0,0.0,0.0,0.0,0.0,0.0,0.0,0.0,0.0,0.0,0.0,0.0,0.0
TCGCCGAAGTTGCGTC-1,0.21059939029337144,0.0,0.0,0.0898659519056868,0.0,0.0,0.0,0.0,0.010415240570723109,0.0,0.0,0.04698640672161199,0.0,0.0,0.06921420535197745,0.0,0.0,0.0,0.0,0.012490261831214496,0.0,0.0,0.0,0.0,0.0,0.0,0.0,0.0,0.0,0.0,0.0,0.0,0.0,0.0,0.0,0.0,0.0,0.0015695009986603301,0.0,0.0,0.0,0.0,0.0,0.0,0.0,0.0,0.0,0.0,0.0,0.0,0.0,0.0,0.0,0.0,0.0,0.0,0.0,0.0,0.0,0.0,0.0,0.0,0.0,0.0,0.0,0.0,0.0,0.0,0.0,0.0,0.0,0.0,0.0,0.0,0.0,0.0,0.0,0.0,0.0,0.0,0.0,0.0,0.0,0.0,0.0,0.0,0.0,0.0,0.0,0.0,0.0,0.0,0.0,0.0,0.0,0.0,0.0,0.0,0.0,0.0,0.0,0.0,0.0,0.0,0.0,0.0,0.0,0.0,0.0,0.0,0.0,0.0,0.0,0.0,0.0,0.0,0.0,0.0,0.0
TCGCGTCCAGAAGGTC-1,0.567202802550807,1.0228918933975142,0.09793524504376334,0.10674971881981607,0.14092278294789898,0.0,0.062226150342329804,0.0,0.010457200538272711,0.0,0.0,0.0,0.0490723089903101,0.0,0.0,0.0,0.0,0.04154701031584953,0.0,0.0,0.0,0.0,0.0,0.03599414894109326,0.0,0.0,0.0,0.005850775060657162,0.0,0.0,0.012189235073704138,0.0,0.0,0.0,0.0,0.0,0.0,0.0,0.0,0.0,0.0,0.0,0.0,0.012263029703452687,0.0,0.0,0.0,0.013931952050220011,0.010630614520105894,0.0,0.0,0.01094915881941257,0.0,0.0,0.0,0.0,0.0,0.0,0.0,0.0,0.0,0.0,0.0,0.0,0.0,0.0,0.0,0.0,0.0,0.0,0.0,0.005736901307568128,0.0,0.0,0.0,0.0,0.0,0.0,0.0,0.0,0.0,0.0,0.0,0.0,0.0,0.0,0.0,0.0,0.0,0.0,0.0,0.0,0.0,0.0,0.0,0.0,0.0,0.0,0.0,0.0,0.0,0.0,0.0,0.0,0.0,0.0,0.0,0.0,0.0,0.0,0.0,0.0,0.0,0.0,0.0,0.0,0.0,0.0,0.0
TCGGAATGCGCTCTGA-1,0.6839826174343842,0.5133842949864157,0.13354719456132963,0.06215525487850358,0.3076723348550889,0.0,0.0,0.0,0.016495652927873156,0.0,0.0,0.018085319714063245,0.039118813287420916,0.03397740115534601,0.0,0.0,0.0,0.0,0.0,0.0,0.012415479235206145,0.038242116841232104,0.0,0.0,0.0,0.0,0.021278875729284382,0.004081404507056782,0.0,0.0,0.008411306818698193,0.0,0.0,0.0,0.0,0.035768392063733695,0.0,0.0152601689830533,0.0,0.0,0.0,0.0055182065221927295,0.0,0.0,0.0,0.0,0.0,0.0,0.0,0.0,0.0,0.0,0.0,0.0,0.0,0.0,0.0,0.005828621512737969,0.0,0.0,0.0,0.0,0.0,0.0,0.0,0.0,0.0,0.0,0.0,0.0,0.0,0.0,0.0,0.005828621512737969,0.0,0.0,0.0,0.0,0.0,0.0,0.0,0.0,0.0,0.0,0.0,0.0,0.0034737358265202736,0.0,0.0,0.0,0.0,0.0,0.0,0.0,0.0,0.0,0.0,0.0,0.0,0.0,0.0,0.0,0.0,0.0,0.0,0.0,0.0,0.0,0.0,0.0,0.0,0.0,0.0,0.0,0.0,0.0,0.0,0.0,0.0
TCGGAGAGTATCGGGA-1,0.36778556707059873,0.12207119028741675,0.29877381976297085,0.011904767800168454,0.0,0.0,0.017886788741045243,0.04987714448985384,0.0873514234914311,0.1109619598020877,0.0,0.0,0.0025143450203332367,0.02160103552970209,0.02788207827723141,0.12176732117326511,0.0,0.004903873271750083,0.0,0.0026672369627287707,0.0,0.0,0.0,0.0015775162662913875,0.002214494425384409,0.0,0.003581251590544013,0.0018942976000245694,0.0037832260565402644,0.0,0.009146054392412988,0.002627468669413806,0.0,0.002869053574187145,0.0,0.008848912033193953,0.0,0.0,0.0,0.0,0.0,0.0073490481899031145,0.0005893488437531255,0.0,0.0,0.0,0.0,0.00548938723536741,0.0,0.0,0.0,0.006743507575112426,0.0,0.0,0.0,0.001989046796801122,0.01741140107220268,0.0,0.0,0.0,0.0,0.0,0.0,0.0,0.0,0.0,0.0,0.0,0.0,0.0,0.0,0.0,0.0013448898547369819,0.0,0.0,0.0,0.0,0.0,0.002230059376173039,0.0,0.0,0.001252491030332588,0.0,0.0,0.004217439238964411,0.0,0.0,0.0,0.0,0.0,0.0,0.0,0.0,0.0,0.0,0.0,0.0,0.00323975875136115,0.0,0.0,0.0031709293041849345,0.0,0.0,0.0007842444613008718,0.0,0.0,0.0,0.0,0.00022148924630955018,0.0,0.0,0.0,0.0,0.0,0.0,0.0,0.0,0.0,0.0
TCGGGATTCAAACATA-1,0.46881832964087117,0.22772996722514294,0.024184737511657242,0.004831448388615553,0.004931709338686915,0.03181227827609466,0.0,0.035727697464274046,0.0,0.04371237745447394,0.0,0.017757922950827947,0.007392203422586043,0.035291138637532596,0.0,0.0,0.0,0.00569208402579483,0.0,0.014478264894487355,0.0,0.0,0.014120109549884729,0.006616231179697441,0.006133329780312868,0.003781451988402534,0.012773352827760502,0.004513850572691388,0.002400458911389829,0.0,0.0025046613027270735,0.008356168239860164,0.0020046537865071076,0.007822594258976818,0.027539878895740003,0.0,0.006097441950893776,0.0,0.0,0.0,0.0,0.013481165433287534,0.00043370535449326086,0.0038298803457745252,0.0,0.0,0.0,0.0,0.0,0.0,0.0,0.005131799632278767,0.0016059730754077667,0.0,0.0,0.0020046537865071076,0.0,0.0,0.0,0.0,0.0,0.0,0.0,0.0,0.0,0.0,0.0,0.0,0.0,0.0,0.0,0.0,0.00019748728725757313,0.0,0.0,0.002284599073786297,0.0,0.0010299421948027673,0.0,0.0,0.0,0.004479262885385331,0.0,0.0,0.0,0.0,0.0,0.0,0.0,0.0,0.0,0.0,0.0,0.0,0.0,0.0,0.0,0.0,0.0,0.003990028701464114,0.0,0.0,0.0,0.0,0.0,0.0,0.0,0.0,0.0,0.0,0.0,0.0,0.0,0.0,0.0,0.0,0.0,0.0,0.0
TCGTAAGACGACATTG-1,0.2786050588782012,0.0,0.047926195431662426,0.04092926906490977,0.03696419178679165,0.08689903217662047,0.02306945594108009,0.002816678127904445,0.006477331554675091,0.0022975133716966506,0.0,0.0,0.004717355080159129,0.035701242400782734,0.0,0.0,0.0,0.0016512395689914346,0.0,0.009700878213420519,0.0,0.013323471881393836,0.0,0.006114180399708448,0.0,0.0,0.0,0.005092539646599221,0.0,0.0,0.0,0.0,0.0,0.0014083390639522224,0.0,0.0,0.0,0.0,0.0,0.0,0.0,0.0,0.0,0.0,0.0,0.006884200085516074,0.0,0.0,0.0,0.0,0.0,0.006416507053836906,0.0,0.0,0.0,0.0,0.0,0.0,0.0,0.0,0.0,0.0,0.0,0.0,0.0,0.0,0.0,0.0,0.0,0.0,0.0,0.006884200085516074,0.0,0.006884200085516074,0.0,0.0,0.0,0.0,0.0,0.0,0.0,0.0,0.0,0.0,0.0,0.0,0.0,0.0,0.0,0.0,0.0,0.0,0.0,0.0,0.0,0.0,0.0,0.0,0.0,0.0,0.0,0.0,0.0,0.0,0.0,0.0,0.0,0.0,0.0,0.0,0.0,0.0,0.0,0.0,0.0,0.0,0.0,0.0,0.0
TCGTATTACCCATTGC-1,0.820707817111564,0.16965059826017118,0.17978611576745054,0.0,0.0,0.0,0.0,0.0,0.0025728903806082884,0.0,0.0,0.01688757688546122,0.0,0.0,0.0,0.0,0.0,0.0,0.0,0.013896701666565942,0.016994307912992616,0.0,0.0,0.0,0.0,0.0,0.0,0.0,0.0,0.01705477476378319,0.0,0.0013865894691890979,0.0,0.0,0.0,0.010752794623677365,0.0,0.0,0.0,0.0,0.0,0.0035917225616806507,0.0,0.0,0.0,0.0,0.0,0.0,0.0,0.0,0.0,0.0,0.0,0.0,0.0,0.008527387381891596,0.0,0.0,0.0,0.0,0.0,0.0,0.0,0.0,0.0,0.0,0.0,0.0,0.0,0.0,0.0,0.0,0.0,0.0,0.0,0.0,0.0,0.0,0.0,0.0,0.0,0.0,0.0,0.0,0.0,0.0,0.0,0.0,0.0,0.0,0.0,0.0,0.0,0.0,0.0,0.0,0.0,0.0,0.0,0.0,0.0,0.0,0.0,0.0,0.0,0.0,0.0,0.0,0.0,0.0,0.0,0.0,0.0,0.0,0.0,0.0,0.0,0.0,0.0
TCGTCAAGTACGCGCA-1,0.009880013453015427,0.005597025073817135,0.0,0.0,0.0,0.0,0.007086676019852841,0.023131196625616267,0.0,0.0,0.0021153076494703454,0.0,0.0017497252684694187,0.016454233509956295,0.016866618561676813,0.0,0.019352531841159797,0.001123721305307468,0.0,0.05484220829568514,0.010159189607179077,0.012978090861964449,0.0,0.0008532564361376676,0.03271728670464725,0.003790488572891236,1.2361600213796061e-05,0.0002602298736613637,0.000397713729741418,0.010577538443099596,0.00028532314758212163,0.010341102360157978,0.00023136481692736155,0.0011235582653073817,0.0,0.0,0.0,0.00022179396107606798,0.0008408651907918392,0.0,0.0,0.0007450786814458446,0.001073364514104457,0.0,0.0,0.0,0.0,0.0,0.0,0.0,0.0052129053860860836,0.0,0.0030061101919001557,0.0,0.0,0.002218087610737165,0.00024838846028894703,0.0,0.0,0.0,0.0002497779157442726,5.1644770974746436e-05,0.0,0.0,0.0,6.565598600856263e-05,0.0,0.0,0.0,0.0,0.0,0.0,0.0007454796486229091,0.0,0.0,0.0,0.0,0.0,0.0,0.0,0.00011806558580811717,0.0,0.0,0.0,7.240829546757372e-05,8.358415430498043e-05,0.00010948846487671338,0.0,0.0,7.033410421261924e-05,0.0,0.0,8.358415430498043e-05,0.0,0.0,0.0,0.0,0.0,0.0,0.0,0.0,0.0,0.0,0.00024052769652006348,0.0,0.0,0.0,0.0,0.0,0.0,0.0,0.0,9.614188805406335e-05,0.0,0.0,0.0,0.0,0.0,0.0
TCGTCACACTGTTAGC-1,0.7088931539547555,0.537638152998485,0.18836719230966528,0.11988454007521858,0.15083445964836015,0.19970820584058155,0.03133019778325152,0.03321074902540169,0.11397404545631189,0.0,0.0,0.0,0.046570787070549687,0.0,0.0,0.0,0.0,0.014967490857796945,0.014166404381038937,0.0,0.014593951803538787,0.0,0.0,0.0,0.0,0.0,0.0,0.004047192797829159,0.0008552082456761928,0.0,0.007650147301975994,0.0,0.007267340695152331,0.005707609901639215,0.014329663036300745,0.0,0.0,0.0,0.0,0.0,0.0,0.0,0.0016133802191626097,0.0,0.0,0.009984615775572619,0.0,0.0,0.0,0.0,0.0,0.0,0.0,0.0,0.006965727644724322,0.0,0.0,0.0,0.0,0.0,0.0,0.0,0.0,0.0,0.0,0.0,0.0,0.0,0.0,0.0,0.0,0.0,0.0,0.0,0.0,0.0,0.0,0.0,0.0,0.0,0.0006301815734667399,0.0,0.0,0.0,0.0,0.0,0.0,0.0,0.0,0.0,0.0,0.0,0.0,0.0,0.0,0.0,0.0,0.0,0.0,0.0,0.0,0.0,0.0,0.0,0.0,0.0,0.0,0.0,0.0,0.0,0.0,0.0,0.0,0.0,0.0,0.0,0.0,0.0,0.0
TCGTTAGGAGTCCCTA-1,0.11570157591125464,0.2612671940408954,0.15328153602015424,0.00571032087132874,0.010050982453888491,0.03945349851203025,0.07399568678636226,0.06872072042486108,0.0033713647590475826,0.004235909698853135,0.03556756657475564,0.044213430568267126,0.02594521117786397,0.01514457802637747,0.0,0.0,0.00977045088890938,0.0,0.0,0.011767659878935525,0.0,0.0,0.004832314882727421,0.0029834090631019176,0.004204611060285742,0.0,0.0,0.005930165335063868,0.016335811883848573,0.0,0.0008024333429383755,0.004192619382879806,0.0012798294002905766,0.0024761536657505155,0.0,0.00751734532641171,0.0,0.0023730420174783683,0.0,0.0,0.0,0.0,0.0007301571024513159,0.0,0.0,0.0008619529121279475,0.0,0.0,0.0,0.0,0.004707417589218102,0.0,0.002425956135347631,0.0,0.0,0.004136985245307837,0.0,0.0,0.0,0.0013946514404804503,0.0,0.0,0.0035258936332117153,0.0,0.0,0.0,0.0,0.0,0.0,0.0,0.0,0.0,0.0,0.0,0.0,0.0,0.0,0.0,0.0,0.0,0.00028782558628924655,0.0,0.0,0.0,0.0,0.0,0.00011265846954279888,0.0,0.0,0.0,0.0,0.0,0.0,0.0,0.0,0.0,0.0,0.0,0.0,0.0,0.0,0.0,0.0,0.0,0.0,0.0,0.0,0.0,0.0,0.0,0.0,0.0,0.0,0.0,0.0,0.0,0.0,0.0,0.0
TCGTTGCTATCCGGTC-1,0.04417505450747974,0.04129609040187778,0.007507449060417068,0.0016474290917326364,0.0,0.0,0.0056285425748199315,0.03373333183914026,0.0,0.0031451552296675876,0.006623691189136089,0.0,0.007088701178392641,0.0021178804438443436,0.04975836740100945,0.0,0.015991889477060903,0.0011476616250942074,0.0,0.009961243964046934,0.003138416252075118,0.003288283248565218,0.0,0.0,0.014336449624036187,0.0,0.0,0.0004627487964281839,0.0031822980150761028,0.005462614888576605,0.0016461750049983977,0.02157412605714662,0.0,0.0,0.0,0.0,0.0,0.0012388545852901219,0.015650940136508515,0.0,0.0,0.005992319125291857,0.0030284947343032784,0.0,0.0,0.0,0.0,0.0,0.0,0.0010203099873027585,0.005179738086283696,0.0,0.0011703527229118737,0.0,0.0,0.0006078127336223587,0.0009975882730015877,0.0,0.0,0.0,0.0,0.0,0.0,0.0,0.0,2.2719440787980257e-05,0.0,0.0,0.0,0.0007072865344825928,0.0,0.0,0.0016181200659137205,0.0,0.002214728426013902,0.0,0.0,0.0,0.0,0.0,0.0006911940741659913,0.0,0.00018132983089929518,0.0,0.0,0.0,0.0,0.0,0.0,0.0,0.0,0.0,0.0,0.0,0.0,0.0,0.0,0.0,0.0,0.0,0.0,0.0,0.0,0.0,0.0,0.0,0.0,0.0,0.0,0.0,0.0,0.0,0.0001813298308992952,0.0,0.0,0.0,0.0,0.0,0.0
TCTAGCAATCTCCGCC-1,0.32151401808465474,0.19717272936247351,0.0933162566622343,0.0,0.0,0.0,0.0966298882748182,0.0,0.0016866898653138558,0.0,0.0,0.037067253023045456,0.019732678053681424,0.052923242102929126,0.0,0.0,0.0,0.009020891156252011,0.015456999888215386,0.02020730002599996,0.011009654482959187,0.0,0.0,0.0,0.0016128879630298827,0.0,0.0,0.0008814361501685192,0.0014667319725975726,0.0,0.0,0.0,0.0,0.0029063038641334283,0.0,0.0,0.0,0.0,0.0,0.0,0.0,0.0,0.0013570401384921929,0.0,0.0,0.0,0.0,0.0,0.0,0.0,0.0,0.0,0.0,0.0,0.0,0.0,0.0,0.0,0.0,0.0,0.0,0.0,0.0,0.0,0.0,0.0,0.0,0.0,0.0,0.0,0.0,0.0,0.0,0.0,0.0,0.0,0.0,0.0,0.0,0.0,0.0,0.0,0.0,0.0,0.0,0.0,0.0,0.0,0.0,0.0,0.0,0.0,0.0,0.0,0.0,0.0,0.0,0.0,0.0,0.0,0.0,0.0,0.0,0.0,0.0,0.0,0.0,0.0,0.0,0.0,0.0,0.0,0.0,0.0,0.0,0.0,0.0,0.0,0.0
TCTAGTTATCAGAAGA-1,0.2469125691276236,0.0,0.2583109490202406,0.06630042237804738,0.0,0.0,0.0,0.0,0.03320698486568684,0.0,0.0,0.00903672231025646,0.016334636819946416,0.0,0.0,0.0,0.0,0.0,0.0,0.0,0.0,0.0,0.0,0.0,0.0067060391067339815,0.0,0.014820532534658436,0.0,0.0,0.0,0.0,0.0014459400480424391,0.0,0.0,0.0,0.0,0.0,0.003649188657093982,0.0,0.0,0.0,0.0,0.0,0.008123103210438838,0.0,0.0,0.0,0.0,0.0,0.0,0.0,0.0,0.0,0.0,0.0,0.0,0.0,0.0,0.0,0.0,0.0,0.0,0.0,0.0,0.0,0.0,0.0,0.0,0.0,0.0,0.0,0.0,0.0,0.008123103210438838,0.0,0.0,0.0,0.0,0.0,0.0,0.0,0.0,0.0,0.0,0.0,0.0,0.0,0.0,0.0,0.0,0.0,0.0,0.0,0.0,0.0,0.0,0.0,0.0,0.0,0.0,0.0,0.0,0.0,0.0,0.0,0.0,0.0,0.0,0.0,0.0,0.0,0.0,0.0,0.0,0.0,0.0,0.0,0.0,0.0
TCTATCGGTCGCAACA-1,0.28672093790662634,0.2703079417718218,0.1717297243570266,0.04707829773522376,0.045882139779883244,0.0,0.0,0.0,0.012399944267014507,0.0,0.0,0.017975526859952053,0.001163950926902149,0.0,0.0,0.0,0.0,0.013563156460314318,0.0,0.0,0.003933174763298121,0.0,0.0,0.0,0.0,0.0371002224916031,0.012518217688320777,0.010103423192757022,0.0,0.0,0.0029081073252710385,0.0,0.0,0.0039947976966260065,0.0,0.0,0.0,0.0,0.0,0.0,0.0,0.0,0.0,0.0049184250685610255,0.0,0.0,0.007808821266833697,0.0,0.0,0.0,0.0,0.0,0.0,0.0,0.0,0.0,0.0,0.0,0.0,0.0,0.0,0.010810767519922692,0.0,0.0,0.0,0.0,0.0,0.0,0.036497429880098,0.0,0.0,0.0,0.0,0.0,0.0,0.0,0.0,0.0,0.0,0.0,0.0,0.0,0.0,0.0,0.0,0.0,0.0,0.0,0.0,0.0,0.0,0.0,0.0,0.0,0.0,0.0,0.0,0.0,0.0,0.0,0.0,0.0,0.0,0.0,0.0,0.0,0.0,0.0,0.0,0.007391470223245608,0.0,0.0,0.0,0.0,0.0,0.0,0.0,0.0,0.0
TCTATTACTAGAGGAT-1,0.13420824196764986,0.12897724571390823,0.11344119454074268,0.006634033053003201,0.016359589004378765,0.0,0.010146048810222089,0.07987175217633227,0.013063874394131451,0.011307083014856585,0.0,0.01743273699071494,0.0051903968688472015,0.014324056203926952,0.03904229722564263,0.0,0.0,0.002279468195740723,0.0,0.008685844250679683,0.003236669432862683,0.0,0.0,0.0004778201120247736,0.004290209500917979,0.0,0.0010194341533369198,0.0011548422319050656,0.00570872111259515,0.0,0.0016559781663047133,0.0048368273072944435,0.0,0.0032634314822756615,0.0,0.0030860318856755532,0.002376251535066345,0.0,0.0012546618245323539,0.012523894202595972,0.0,0.005819315262513212,0.0025971913166266316,0.0,0.0,0.0,0.0,0.0007708517154522472,0.0,0.0,0.0035952100654899804,0.0,0.00032432544759389135,0.0,0.0,0.00017725609906774436,0.006982282035808316,0.0,0.0,0.0,0.0,0.0,0.0,0.0,0.0,0.0,0.0,0.0,0.0,0.0,0.0,0.0,0.0,0.0,0.0,0.0,0.0,0.0,0.0,0.0,0.00019499578513918606,0.0,0.0,0.0,0.0,0.0,0.0,0.0,0.0,0.0,0.0,0.0,0.0,0.0,0.0,0.0,0.0,0.0,0.0,0.0011270268796968867,0.00042494639004212647,0.0,0.0,0.0,0.0,0.0,0.0,0.0,0.0,0.0,0.0,0.0,0.0,0.0,0.0,0.0,0.0,0.0,0.0
TCTCTAATAGCTGGTA-1,0.8345366031484083,0.18375333447832945,0.14603487429298573,0.07483909688536673,0.1466013947473737,0.12088654095470441,0.013956153750186454,0.010726508191357577,0.014624651415326088,0.0,0.0,0.0,0.04341859288901727,0.012906052218113574,0.0,0.0,0.0,0.022620550067819184,0.020818234874814788,0.0,0.008103135816488643,0.0,0.025392817193773988,0.0,0.0,0.0,0.0,0.0028909580979688374,0.0,0.0,0.0040485087312547244,0.0,0.012165294032230458,0.0038263403183774426,0.0,0.0,0.020735081535574934,0.0,0.0,0.0,0.0,0.0,0.0052413377553085835,0.0,0.0,0.0,0.0,0.006019653597706425,0.0,0.0,0.0,0.007992518202729167,0.0,0.0069728530277035974,0.0,0.0,0.0,0.0,0.0,0.0,0.0,0.0,0.0,0.0,0.0,0.0040485087312547244,0.0,0.0,0.0,0.006017648981807843,0.0,0.0,0.0,0.0,0.0,0.0,0.005192441004526861,0.0,0.0,0.0,0.0,0.0,0.0,0.0,0.0,0.0,0.0,0.0038263403183774426,0.0,0.0,0.0,0.0,0.0,0.0,0.0,0.0,0.0,0.0,0.0,0.0,0.0,0.0,0.0,0.0,0.0,0.0,0.0,0.0,0.0,0.0,0.0,0.0,0.0,0.0,0.0,0.0,0.0,0.0,0.0
TCTGCCAGAAACTGCA-1,0.10390882390881853,0.03235532110412828,0.0,0.0503415228059571,0.0,0.0,0.0,0.0,0.0,0.0,0.0,0.0,0.0,0.0,0.0,0.0,0.0,0.0,0.0,0.0,0.004394794813869732,0.0,0.0,0.0,0.0,0.0,0.0,0.0,0.0,0.018396475929950546,0.0,0.0,0.0,0.0,0.0,0.0,0.0,0.0,0.0,0.0,0.0,0.0,0.0,0.0,0.0,0.0,0.0,0.0,0.0,0.0,0.0,0.0,0.0,0.0,0.0,0.0,0.0,0.0,0.0,0.0,0.0,0.0,0.0,0.0,0.0,0.0,0.0,0.0,0.0,0.0,0.0,0.009198237964975273,0.0,0.009198237964975273,0.0,0.0,0.0,0.0,0.0,0.0,0.009198237964975273,0.0,0.009198237964975273,0.009198237964975273,0.0,0.0,0.0,0.0,0.0,0.0,0.0,0.0,0.0,0.0,0.0,0.0,0.0,0.0,0.0,0.0,0.0,0.0,0.0,0.0,0.0,0.0,0.0,0.0,0.0,0.0,0.0,0.0,0.0,0.0,0.0,0.0,0.0,0.0,0.0
TCTGGCGCAAGCCGGG-1,0.12192481950540814,0.008421980128998302,0.0,0.0,0.0,0.0,0.016823861194076403,0.0,0.0,0.0,0.0,0.008155073213083456,0.00034182782718302147,0.020139476709138605,0.0,0.0,0.0,0.002092756103440838,0.0,0.0035603758451951415,0.0,0.0,0.0,0.0031029085154571506,0.006459731990921613,0.0,0.0,0.0,0.0,0.006491466518816405,0.0006030142942773516,0.003110576697850044,0.0,0.0,0.0,0.001113360425744719,0.0,0.0,0.013942587778622352,0.0,0.0,0.0,0.004398476815338012,0.0035483554966133845,0.0,0.0,0.0,0.0,0.0,0.0,0.0,0.0,0.0,0.0,0.0,0.0,0.0,0.0,0.0,0.0043386913218217355,0.0,0.0,0.0,0.0,0.0,0.0,0.0,0.0,0.0,0.0,0.0,0.0,0.0,0.0,0.0,0.0,0.0,0.0,0.0,0.0,0.000978082222308616,0.0,0.0,0.0,0.0,0.0,3.321940079918321e-05,0.0,0.0018275829878409882,0.0,0.0,0.0,0.0,0.0,0.0,0.0,0.0,0.0,0.0,0.0,0.0,0.0,0.0,0.0,0.0,0.0,0.0,0.0,0.0,0.0,0.0,0.0,0.0,0.0,0.0,0.0,0.0,0.0,0.0
TCTGGGTAGCGCTCAT-1,0.1636836037097246,0.1513398276527177,0.06987032036271404,0.0,0.0,0.0,0.0,0.00521665247348629,0.00537020001573577,0.0,0.0,0.0,0.0,0.016148052632668088,0.0,0.0,0.0,0.0,0.0,0.006931514130327062,0.0,0.0,0.0,0.0,0.0,0.0,0.0,0.0,0.0,0.01155341068586984,0.0,0.0,0.0,0.0,0.0,0.0,0.0,0.0,0.0,0.0,0.0,0.0,0.0,0.0,0.0,0.0,0.0,0.0,0.0,0.019127326846440362,0.0,0.0,0.0,0.0,0.0,0.0,0.0,0.0,0.0,0.006456197578892944,0.0,0.0,0.0,0.0,0.0,0.0,0.0,0.0,0.0,0.0,0.0,0.0,0.0,0.0,0.0,0.0,0.0,0.0,0.0,0.0,0.0,0.0,0.0,0.0,0.0,0.0,0.0,0.0,0.0,0.0,0.0,0.0,0.0,0.0,0.0,0.0,0.0,0.0,0.0,0.0,0.0,0.0,0.0,0.0,0.0,0.0,0.0,0.0,0.0,0.0,0.0,0.0,0.0,0.0,0.0,0.0,0.0,0.0,0.0
TCTGTTACCCAGCATA-1,0.06505417130190994,0.13354295981884573,0.0038824620980172893,0.0027735261669853775,0.002194777680656397,0.0,0.0003878205766019194,0.005621330001045539,0.0,0.002389698106187033,0.0,0.01839453931639046,0.01788933506146369,0.008080624439744999,0.03892998310924968,0.0,0.0,0.004018100967798851,0.0,0.0024400377016265485,0.006794380872626343,0.0,0.005178228137834794,0.0002392558145445715,0.006330041921466184,0.0,0.0009016640967188972,0.0007999245857613099,0.0004074994097990066,0.0,0.0004377994753320206,0.005182566944771601,0.002056023816914785,0.001779080399606131,0.0,0.0,0.0,0.0,0.0,0.016867032648403342,0.0,0.0010558435466276122,0.0018324275684969875,0.0,0.0,0.0,0.0,0.0002058149755166577,0.0,0.0,0.00123163985996649,0.0,0.0007575758841424874,0.0,0.0011141725765767723,0.0,0.0,0.0,0.0,0.0,0.0,0.0,0.0,0.0,0.000992363409906851,0.0,0.0,0.0,0.0,0.0007332210167977116,0.0,0.0,0.0003441797559062173,0.0,0.0012691605439042037,0.0,0.0,0.0,0.0,0.0003381292249010043,0.0007026635839360864,0.0,0.0020060654857301215,0.0,0.0008649252096584381,0.0,0.00010846997599039691,0.0,0.0,0.0,0.0,0.0,0.0,0.0,0.0,0.0002856647016526815,0.0,0.0,0.0,0.0003249719233249412,0.0,0.0,0.0,0.0006519621830125963,0.0,0.0,0.0,0.0,0.0,0.0,0.0,0.0,0.0,0.0,0.0,0.0,0.0,0.0,0.0
TCTTACAGAGGTACCG-1,0.04459084252161972,0.026347229394237396,0.010234439012712603,0.0,0.0,0.0,0.0,0.0,0.0060328011623002956,0.0,0.0,0.0,0.0,0.0,0.0,0.0,0.0,0.0,0.0,0.0,0.005522105309187729,0.0,0.0,0.0,0.0,0.0,0.0,0.0,0.0,0.0,0.0,0.0,0.0,0.0,0.0,0.0,0.0,0.0,0.0,0.0,0.0,0.0,0.0,0.0,0.0,0.0,0.0,0.0,0.0,0.0,0.0,0.0,0.0,0.005896039420322986,0.0,0.0,0.0,0.005896039420322986,0.0,0.0,0.0,0.0,0.0,0.0,0.0,0.0,0.0,0.0,0.0,0.0,0.0,0.0,0.0,0.0,0.0,0.0,0.0,0.0,0.0,0.0,0.0,0.0,0.0,0.0,0.0,0.0,0.0,0.0,0.0,0.0,0.0,0.0,0.0,0.0,0.0,0.0,0.0,0.0,0.0,0.0,0.0,0.0,0.0,0.0,0.0,0.0,0.0,0.0,0.0,0.0,0.0,0.0,0.0,0.0,0.0,0.0,0.0,0.0,0.0
TCTTACGGCATCCGAC-1,1.0357078709867518,0.8929703566471452,0.056520244430508494,0.11327163953653537,0.17266165852321227,0.0,0.07388969304887189,0.046217363715078494,0.0541098607954284,0.046946855317561355,0.0,0.0,0.038686909405456334,0.010763603793609501,0.0,0.0,0.02853295998704524,0.028272134557939525,0.009509149212359732,0.007084470238966572,0.010835462699685897,0.05755971043230673,0.0015882167214653067,0.02448402143627111,0.0,0.0,0.0052247008853801855,0.009817770261758558,0.00320251466448835,0.0,0.01471202175415975,0.0,0.004928266325693816,0.0047533236581840345,0.0,0.0,0.0,0.009476216686955679,0.0010706231276459276,0.0064008079109936005,0.0,0.005323912971181958,0.0016606433395625583,0.0009517061049876027,0.0,0.0,0.0063480934422783806,0.0,0.0021946092471656527,0.0015983523200336445,0.0018996060057716172,0.0,0.0,0.0,0.0,0.0,0.0,0.0,0.0,0.0,0.0,0.0,0.0,0.0,0.0,0.0033791919195538555,0.0,0.02884998748206025,0.0,0.0017565536256888101,0.0,0.0,0.0,0.0,0.0004015360338885035,0.0,0.0,0.0,0.0,0.0,0.0,0.0,0.0,0.000660953074809626,0.0,0.0,0.0010125078534285068,0.0021946092471656527,0.0,0.0,0.0009517061049876027,0.000660953074809626,0.0,0.0,0.008554564012633058,0.0,0.0,0.0,0.003919969776595183,0.0,0.0,0.0,0.0004424955381890605,0.0,0.0,0.0,0.0,0.0,0.0,0.00172536052942953,0.0,0.0,0.0,0.0,0.0,0.0,0.0,0.0,0.0
TCTTCGAATAGACGTT-1,0.36007215526094183,0.12845436204957306,0.0814114984776513,0.05998030441697819,0.14046388818462366,0.0,0.008875637088744793,0.0,0.0014312211720128355,0.0,0.0,0.008552220628604812,0.0,0.020086277569064913,0.08572144780774482,0.0,0.006681813819843105,0.0,0.006660443741808105,0.014582679934086195,0.0,0.0,0.0,0.0,0.0070070372868841335,0.0,0.013330370523610025,0.001873208917786659,0.0,0.005677121173539898,0.0,0.003859588510287831,0.0,0.0,0.0,0.0,0.0,0.0,0.0,0.0,0.0,0.0,0.0,0.0,0.0,0.0,0.0,0.0,0.0,0.0,0.0,0.0,0.0,0.013623138123318649,0.0,0.0,0.0,0.005677121173539898,0.0,0.0,0.0,0.0,0.0,0.0,0.0,0.0,0.0,0.0,0.0,0.0,0.0,0.005677121173539898,0.0,0.0,0.0,0.0,0.007338374569014613,0.0,0.0,0.0,0.0,0.0,0.0,0.0,0.0,0.0,0.0,0.0,0.0,0.0,0.0,0.0,0.0,0.0,0.0,0.0,0.0,0.0,0.0,0.0,0.0,0.0,0.0,0.0,0.0,0.0,0.0,0.0,0.0,0.0,0.0,0.0,0.0,0.0,0.0,0.0,0.0,0.0,0.0
TCTTCGATACCAATAA-1,0.0630300451534031,0.0,0.0,0.0,0.0,0.0,0.0,0.0,0.016862596310645378,0.0,0.0,0.0,0.005324468438496458,0.0,0.038422036931809525,0.0,0.0,0.0,0.004182028621860691,0.0,0.0,0.0,0.0,0.0,0.0,0.0,0.0,0.0,0.0,0.0,0.0,0.0,0.0,0.0,0.0,0.0,0.0,0.0,0.0,0.0,0.0,0.0,0.0,0.0,0.0,0.0,0.0,0.0,0.0,0.0,0.0009003076750051431,0.0,0.0,0.0,0.0,0.0,0.0,0.0,0.0,0.0,0.0,0.0,0.0,0.0,0.0,0.0,0.0,0.0,0.0,0.0,0.0,0.0,0.0,0.0,0.0,0.0,0.0,0.0,0.0,0.0,0.0,0.0,0.0,0.0,0.0,0.0,0.0,0.0,0.0,0.0,0.0,0.0,0.0,0.0,0.0,0.0,0.0,0.0,0.0,0.0,0.0,0.0,0.0,0.0,0.0,0.0,0.0,0.0,0.0,0.0,0.0,0.0,0.0,0.0,0.0,0.0,0.0,0.0,0.0
TCTTGGTAACACCAAA-1,0.40798319225018026,0.0,0.09417509724252428,0.059404275612380035,0.0,0.0,0.0,0.0,0.012155634506051886,0.0,0.0,0.02043229091766465,0.0,0.0,0.050388127703781475,0.0,0.0,0.01918737019680121,0.0,0.0016627414787160164,0.0,0.0,0.0,0.0,0.0,0.0,0.0,0.009859761955002141,0.002966014844081561,0.0,0.0,0.0,0.0,0.009693986100061315,0.0,0.0,0.0,0.0,0.0,0.0,0.0,0.0,0.0,0.0,0.0,0.0,0.0,0.0,0.010476234420254051,0.0,0.0020356878387186666,0.0,0.0,0.0,0.0,0.0,0.0,0.0,0.0,0.0,0.0,0.0,0.0,0.0,0.0,0.0,0.0,0.0,0.0,0.0,0.0,0.0,0.0,0.0,0.0,0.0,0.0,0.0,0.0,0.0,0.0,0.0,0.0,0.0,0.0,0.0,0.0,0.0,0.0,0.0,0.0,0.0,0.0,0.0,0.0,0.0,0.0,0.0,0.0,0.0,0.0,0.0,0.0,0.0,0.0,0.0,0.0,0.0,0.0,0.0,0.0,0.0,0.0,0.0,0.0,0.0,0.0,0.0,0.0
TGACGAATATTTCCCT-1,0.4216836771876995,0.23504517016873325,0.21641955402730056,0.011416442603742683,0.005662498165800057,0.0,0.06032769377658861,0.003356698898636275,0.09948362021610799,0.15660864770299116,0.0,0.0,0.0,0.03745662554711387,0.0,0.03971795212884858,0.017549360541854752,0.0031245714596191743,0.0,0.007017816152734207,0.002834647435188307,0.0,0.0,0.0,0.001324033934123055,0.0,0.008423904541745124,0.0,0.002144666216185318,0.0,0.013655794619121836,0.0,0.005827337966270907,0.002916749292093844,0.004134358848211971,0.011108805967827514,0.026494525965818257,0.0,0.0,0.0,0.0,0.0,0.0012013791528770615,0.0,0.0,0.0,0.0,0.0011091362028386362,0.0,0.0,0.004109578171830238,0.008039337389366817,0.0,0.0,0.0,0.0,0.01375860380264162,0.0,0.0,0.0,0.0,0.0,0.0,0.027656329645578022,0.0,0.006665043298892294,0.0,0.0,0.0007836971826389321,0.0023739449198638125,0.0,0.0,0.0,0.0,0.0,0.0009421689573464436,0.0,0.0,0.006154155357245214,0.0,0.0,0.0,0.0,0.0,0.0,0.0011091362028386362,0.0,0.0,0.0,0.003573529716043996,0.0,0.0,0.0,0.0,0.0,0.0,0.0,0.0,0.0,0.0,0.004043403834589898,0.0,0.0,0.0,0.0,0.0,0.0,0.0,0.0,0.0,0.0,0.0,0.0,0.0,0.0,0.0,0.0,0.0,0.0
TGAGAATGCTTTACCG-1,0.4816277209549077,0.2945641135685246,0.11746983427032356,0.05436746160507498,0.0,0.11760125441896756,0.0,0.0,0.01788688090445267,0.0,0.0,0.0,0.0,0.0,0.0,0.0,0.0,0.0,0.03217519256830985,0.006378117009724334,0.0,0.0,0.0,0.019774199529813463,0.0,0.0,0.0,0.0,0.0,0.0,0.0,0.0,0.0,0.0,0.0,0.0,0.0,0.0,0.0,0.0,0.0,0.0,0.007507497678595616,0.0,0.0,0.0,0.0,0.0,0.0,0.0,0.0,0.0,0.0,0.0,0.0,0.0,0.0,0.0,0.0,0.0,0.0,0.0,0.0,0.0,0.0,0.0,0.0,0.0,0.0,0.0,0.0,0.0,0.0,0.0,0.0,0.0,0.0,0.0,0.0,0.0,0.0,0.0,0.0,0.0,0.0,0.0,0.0,0.0,0.0,0.0,0.0,0.0,0.0,0.0,0.0,0.0,0.0,0.0,0.0,0.0,0.0,0.0,0.0,0.0,0.0,0.0,0.0,0.0,0.0,0.0,0.0,0.0,0.0,0.0,0.0,0.0,0.0,0.0,0.0
TGAGCCATACAGTCTC-1,0.32580866194945673,0.20419706310261668,0.0,0.13051823607823726,0.0,0.0,0.0,0.0,0.011710487478457442,0.0,0.0,0.00878665061409756,0.0,0.0,0.0,0.0,0.0,0.008578903851454604,0.019999344378668932,0.016524405710451804,0.0,0.0,0.0,0.0,0.0,0.0,0.0,0.0,0.0,0.0,0.0,0.0,0.0,0.0,0.0,0.0,0.0,0.0,0.0,0.0,0.0,0.0,0.0,0.00815759870965936,0.0,0.0,0.0,0.0,0.0,0.0,0.0,0.0,0.0,0.0,0.0,0.0,0.0,0.0,0.0,0.0,0.0,0.0,0.0,0.0,0.0,0.0,0.0,0.0,0.0,0.0,0.0,0.0,0.0,0.0,0.0,0.0,0.0,0.0,0.0,0.0,0.0,0.0,0.0,0.0,0.0,0.0,0.0,0.0,0.0,0.0,0.0,0.0,0.0,0.0,0.0,0.0,0.0,0.0,0.0,0.0,0.0,0.0,0.0,0.0,0.0,0.0,0.0,0.0,0.0,0.0,0.0,0.0,0.0,0.0,0.0,0.0,0.0,0.0,0.0
TGAGGAGTGCCAGCTT-1,0.06957484640527027,0.008518707683606536,0.0,0.0007798477923743188,0.0,0.0,0.002937823438245322,0.0014119985265185627,0.0,0.0,0.0,0.0,0.00331159885865741,0.0014599081738952582,0.02051974168931936,0.0,0.0,0.0034449244215365472,0.0,0.023520418787140715,0.007008277365975132,0.0,0.0014122955622494968,0.0022695283560785393,0.012959152867706332,0.007514530350799622,0.0,0.0,0.0029058236252251643,0.025185004773084524,0.001066027709672371,0.009988726568672295,0.0010090504184810955,0.0,0.0,0.0026007586557931094,0.0,0.0,0.013870955777589207,0.0,0.0,0.002603413632931535,0.0006009232960186854,0.0,0.0,0.0,0.0,0.0,0.0,0.0007672787189300204,0.0025703121508503725,0.0,0.0006471470186365112,0.0,0.0016438988150013843,0.0,0.0,0.0,0.0,0.0,0.0,0.0,0.0,0.0,0.0012940338153875932,0.0,0.0,0.0,0.0,0.000634084255145213,0.0,0.0,0.00043595809362113544,0.0,0.0,0.0002450263418553387,0.0,0.0,0.0,0.0,0.0,0.0,0.0,0.0,0.0,0.0,0.0003178684635862521,0.0,0.0,0.0,0.0,0.0,0.0,0.0,0.0,0.0,0.0,0.0,0.0,0.0,0.0,0.0,0.0,0.0,0.0,0.0,0.0,0.0,0.0,0.0,0.0,0.0,0.0,0.0,0.0,0.0,0.0,0.0,0.0003836393594650102
TGAGTAAATTAGCGTA-1,0.1777673164191145,0.38006597766225025,0.058262490502192725,0.03668599713928947,0.0,0.0,0.0,0.009210037771018217,0.0,0.0,0.0,0.03596402825102075,0.0,0.0,0.0,0.0,0.0,0.012386151211888371,0.005599898224810254,0.0,0.0030791779953273446,0.06783390530075828,0.0,0.0,0.002383671830303986,0.0,0.0,0.0,0.014147038135734383,0.0,0.0,0.0025408701587735444,0.0,0.0,0.0,0.00630269558376731,0.0,0.0,0.0,0.0,0.0,0.0,0.001096269303476861,0.0,0.0,0.0,0.0,0.0,0.0,0.0,0.0,0.0,0.0,0.0,0.007242667752731915,0.0,0.0,0.0,0.004022904202388018,0.0,0.0,0.0,0.0,0.0,0.0,0.0,0.0,0.0,0.0,0.0,0.0,0.0,0.0,0.0,0.0010962693034768612,0.0,0.0,0.0,0.0,0.004022904202388018,0.0,0.0,0.0,0.0,0.0,0.0,0.0,0.0,0.0,0.0,0.0,0.0,0.0,0.0,0.0,0.0,0.0,0.0,0.0,0.0,0.0,0.0,0.0,0.0,0.0,0.0,0.0,0.0,0.0,0.0,0.0,0.0,0.0,0.0,0.0,0.0,0.0,0.0,0.0
TGAGTGCCTCTTAAAT-1,0.44761225846968006,0.12521328145724867,0.21105516473457078,0.0548925410732446,0.0,0.0,0.027356760582216064,0.0,0.0,0.009965221289045936,0.0,0.027290663282168205,0.0,0.0,0.0,0.0,0.0,0.01378574978328459,0.0,0.01570584925245964,0.0,0.0,0.0,0.0,0.0,0.0,0.0,0.0,0.0068007241435112335,0.010017085544227889,0.0,0.0,0.0,0.0,0.0,0.0,0.0,0.0,0.0,0.0,0.0,0.0,0.0,0.0,0.0,0.0,0.0,0.0,0.0,0.0,0.0,0.0,0.0,0.0,0.0,0.0,0.0,0.0,0.0,0.0,0.0,0.0,0.0,0.0,0.0,0.0,0.0,0.0,0.0,0.0,0.0,0.0,0.0,0.0,0.0,0.0,0.0,0.0,0.0,0.0,0.0,0.0,0.0,0.0,0.0,0.0,0.0,0.0,0.0,0.0,0.0,0.0,0.0,0.0,0.0,0.0,0.0,0.0,0.0,0.0,0.0,0.0,0.0,0.0,0.0,0.0,0.0,0.0,0.0,0.0,0.0,0.0,0.0,0.0,0.0,0.0,0.0,0.0,0.0
TGATACATTTAGCCGT-1,0.004418848799006418,0.03827182876315098,0.002161854968972166,0.0010346212510940647,0.00038520499717553664,0.0,0.005238357442602082,0.014701864854585633,0.0,0.0002174577343956194,0.0,0.0,0.00579609449637486,0.00427513014860219,0.04173816789166826,0.0,0.013130419408310846,0.0015197005836290146,0.0,0.030143120045283404,0.010516467986212261,0.0012257484496199203,0.0,0.004903722878505025,0.03348454069700813,0.0,6.683948578439753e-05,0.0,0.0026132494712054356,0.015676730379015777,0.00041543303567494845,0.02285086287879055,0.0,0.0003684544218157749,0.0,0.0008942523849518783,0.0,0.001347007759184698,0.01819914132327131,0.0,0.0,0.00032046852995517823,0.0021149127202411255,0.0,0.011605556778312072,0.0,0.0,0.0,0.0,0.0013239143537062922,0.003700438652487882,0.0,0.004488850275906455,0.0,0.0004668543385258577,0.00042256275618942805,0.0008894488282258848,0.0,0.0,0.0006136714332737505,0.0,0.0,0.0,0.0,0.0,2.6295652373609355e-05,0.0,0.0,0.0,0.0,0.0,0.0,0.0020084908499482107,0.0,0.0008067758800410683,2.1942085702391714e-05,0.0,0.0,0.0,0.0,0.0008232182635338606,0.004682454012180268,0.0005470037211140748,0.0,0.0,2.6168500577569143e-05,0.00012415112865249672,0.0,0.0008439395218625322,0.0,0.0,7.09820943757556e-05,0.0,0.0,0.0,0.0,0.0,0.0004985094503337632,0.0,0.0,0.0,0.0,0.0,0.0,0.0,0.0,0.0,0.0,0.000329217114303186,0.0,0.0,0.0,0.0003268519521766268,0.0,0.0,0.0,0.0,0.0,0.0
TGATCAGGGAACTGCT-1,0.2829702825136869,0.14725850336922885,0.08612937667932657,0.0323588890658196,0.0,0.0,0.01231891966934619,0.0,0.003062084607166728,0.08367632802068392,0.0,0.0,0.005869464556362442,0.016112776683926123,0.0,0.0,0.0,0.0008101172038804237,0.015526553828150106,0.019933295997303018,0.0,0.0,0.0,0.0,0.0,0.0,0.0,0.002293753670402453,0.0,0.004067515300664519,0.007856740979445012,0.0009140211694426237,0.005316828146868306,0.0018836052842594372,0.0,0.006068031878935674,0.018732109061234133,0.010527969845826251,0.0,0.0,0.0,0.002607329952614303,0.0,0.005803809323221023,0.0,0.0,0.0,0.004067515300664519,0.0029019046616105115,0.0,0.0,0.0,0.0,0.0,0.0,0.0,0.0,0.0,0.0,0.0,0.0,0.0,0.0,0.0,0.0,0.0,0.0,0.0,0.0,0.0,0.0,0.005645372435260078,0.0,0.0,0.0,0.0,0.0,0.0,0.0,0.0,0.0,0.0,0.0,0.0,0.0,0.0,0.0,0.0,0.0,0.0,0.0,0.0,0.0,0.0,0.0,0.0,0.0,0.00897064318977871,0.0,0.0,0.0,0.0,0.0,0.0,0.0,0.0,0.0,0.0,0.0,0.0,0.0,0.0,0.0,0.0,0.0,0.0,0.0,0.0,0.0
TGATCCCAGCATTAGT-1,0.1629904351527079,0.05650068609443243,0.12926932753466905,0.03913225122640912,0.0,0.0,0.0,0.002519984079041497,0.0,0.0,0.0,0.0,0.0,0.0,0.0,0.0,0.0,0.0,0.0,0.0,0.0,0.0,0.0,0.0,0.0,0.0,0.0,0.0,0.0,0.0,0.0,0.0,0.0,0.0,0.0,0.0,0.0,0.0,0.0,0.0,0.0,0.0,0.0,0.0,0.0,0.0,0.0,0.010667783309198322,0.0,0.0,0.0,0.0,0.0,0.0,0.0,0.0,0.0,0.0,0.0,0.0,0.0,0.0,0.0,0.0,0.0,0.0,0.0,0.0,0.0,0.0,0.0,0.0,0.0,0.0,0.0,0.0,0.0,0.0,0.0,0.0,0.0,0.0,0.0,0.0,0.0,0.0,0.0,0.0,0.0,0.0,0.0,0.0,0.0,0.0,0.0,0.0,0.0,0.0,0.0,0.0,0.0,0.0,0.0,0.0,0.0,0.0,0.0,0.0,0.0,0.0,0.0,0.0,0.0,0.0,0.0,0.0,0.0,0.0,0.0
TGATTCGTCTATCACT-1,0.3249287578027557,0.07492808958290582,0.03642772842868506,0.03336439594140618,0.0,0.0,0.0,0.012674203206058497,0.032999976309571494,0.0,0.0,0.0,0.0,0.0033450013435238992,0.030634710848278904,0.0,0.0,0.012814792371647992,0.0,0.0,0.0035564321733059442,0.0,0.002126560445446435,0.0,0.0,0.0,0.0,0.0,0.0,0.0,0.0,0.0,0.016326024874911284,0.0,0.0,0.0,0.0,0.0,0.0,0.0,0.0,0.0,0.0,0.0,0.0,0.0,0.0,0.0,0.0,0.0,0.0,0.0,0.0,0.0,0.0,0.0,0.0,0.0,0.0,0.0,0.0,0.0,0.0,0.0,0.0,0.0,0.0,0.0,0.0,0.0,0.0,0.0,0.0,0.0,0.0,0.0,0.0,0.0,0.0,0.0,0.0,0.0,0.0,0.0,0.0,0.0,0.0,0.0,0.0,0.0,0.0,0.0,0.0,0.0,0.0,0.0,0.0,0.0,0.0,0.0,0.0,0.0,0.0,0.0,0.0,0.0,0.0,0.0,0.0,0.0,0.0,0.0,0.0,0.0,0.0,0.0,0.0,0.0,0.0
TGATTCTGTCGCCGGT-1,0.4766779380973774,0.0,0.15140190294633604,0.0,0.0,0.1520904187490815,0.09391359826757908,0.0,0.06804111935982884,0.08754640326741565,0.0,0.0,0.0,0.047238549852412604,0.0,0.0,0.0,0.0,0.006506681250025622,0.0019363839252324881,0.008404315890550424,0.0,0.0,0.0,0.0012813928000822406,0.0,0.0,0.01013559063893164,0.01230191194338645,0.0,0.0,0.0018174976424537733,0.0,0.0,0.0,0.0,0.038695064252871184,0.0,0.0,0.0,0.0,0.003047920222162087,0.0,0.0,0.0,0.0,0.0,0.0,0.0,0.0,0.0,0.0,0.0,0.0,0.0,0.0,0.0,0.0,0.0,0.0,0.0,0.0,0.0,0.0,0.0,0.004210071730890034,0.0,0.0,0.0,0.0,0.0,0.0,0.0,0.0,0.0,0.0,0.0,0.0,0.0,0.0,0.0,0.0,0.0,0.0,0.0,0.0,0.0,0.0,0.0,0.0,0.0,0.0,0.0,0.0,0.0,0.0,0.0,0.0,0.0,0.0,0.0,0.0,0.0,0.0,0.0,0.0,0.0,0.0,0.0,0.0,0.0,0.0,0.0,0.0,0.0,0.0,0.0,0.0,0.0
TGATTTATTAGCTGTG-1,0.11058320205336193,0.0,0.08254414966803501,0.06493083116370388,0.0,0.0,0.0,0.0,0.016807372296207674,0.0,0.0,0.019459974904127986,0.0,0.0,0.0,0.0,0.0,0.0,0.0,0.0,0.005017137721601476,0.0,0.0,0.0,0.0,0.0,0.0,0.0,0.0,0.0,0.0,0.0,0.0,0.0,0.0,0.0,0.0,0.0,0.0,0.0,0.0,0.0,0.0,0.0,0.0,0.0,0.0,0.0,0.0,0.0,0.0,0.0,0.0,0.009171228752910725,0.0,0.0,0.0,0.0,0.0,0.0,0.0,0.0,0.0,0.0,0.0,0.0,0.0,0.0,0.0,0.0,0.0,0.0,0.0,0.0,0.0,0.0,0.0,0.0,0.0,0.0,0.0,0.0,0.0,0.0,0.0,0.0,0.0,0.0,0.0,0.0,0.0,0.0,0.0,0.0,0.0,0.0,0.0,0.0,0.0,0.0,0.0,0.0,0.0,0.0,0.0,0.0,0.0,0.0,0.0,0.0,0.0,0.0,0.0,0.0,0.0,0.0,0.0,0.0,0.0
TGCAGAACTATATCGT-1,0.1266630464955724,0.1307407878575991,0.07281655472411414,0.0,0.019038294828345594,0.08014675353788181,0.08090700346830682,0.0,0.0,0.07937742818498399,0.0,0.0,0.06250448841445187,0.018870520078430108,0.0,0.0,0.0,0.0,0.020015549723218336,0.007282867582779181,0.0,0.06477815934453178,0.012607571842700014,0.0,0.0,0.0,0.0,0.006848943005498532,0.0029842424131619402,0.0,0.009017873248738439,0.0,0.004613574489433234,0.0,0.0,0.0,0.0,0.010921182668313914,0.0,0.0,0.0,0.005814958610572006,0.0005034841460567791,0.0,0.0,0.0,0.0,0.0,0.0,0.0,0.0,0.0,0.0,0.0,0.0,0.0,0.0,0.0,0.0,0.0,0.0,0.0,0.0,0.0,0.0,0.0,0.0,0.0,0.0,0.0,0.0,0.0,0.0,0.0,0.0,0.0,0.0,0.0,0.0,0.0,0.0007962202385063965,0.0,0.0,0.0,0.0,0.0,0.0,0.0,0.0,0.0,0.0,0.0,0.0,0.0,0.0,0.0,0.0,0.004964091463662302,0.0,0.0,0.0,0.0,0.0,0.0,0.0,0.0,0.0,0.0,0.0,0.0,0.0,0.0,0.0,0.0,0.0,0.0,0.0,0.0,0.0
TGCAGATCGTCCTAGG-1,0.5487532135557598,0.14896176339789258,0.20550211546904304,0.023395120928482147,0.0,0.0,0.04351718950594897,0.008319279825777747,0.05375350203815477,0.07802207231933465,0.0,0.0,0.004602014951681481,0.0,0.0,0.0,0.046658104115880936,0.006958163430616548,0.0040378786273227675,0.011038885832018086,0.0034840409686202043,0.0,0.016787766890918744,0.008890665409100402,0.002346433400435035,0.0,0.0,0.00855891092104056,0.01484786167689746,0.0,0.006035018610329391,0.00043349454008712496,0.0,0.012297422355608401,0.0,0.0033400629537044015,0.018711144231989163,0.0,0.0,0.0,0.0,0.00901266423763648,0.002498783020049408,0.0,0.0,0.0024476717863164675,0.0,0.007767046823205088,0.016587784572414586,0.0,0.0,0.007064082574778608,0.0,0.0,0.0,0.0024476717863164675,0.0,0.0,0.0,0.0,0.0,0.0,0.0032632701899746714,0.0,0.003327093648508227,0.0,0.0,0.0,0.0,0.0,0.0,0.0,0.0,0.0,0.0,0.0,0.0,0.0,0.0,0.0,0.0,0.001713374308248001,0.0,0.0,0.0,0.0,0.0,0.0,0.0,0.0,0.0013775464146418644,0.0011060388947454834,0.0,0.0,0.0,0.0,0.0,0.0,0.0,0.004051480296256822,0.0,0.0,0.0,0.0,0.0,0.0011060388947454834,0.0,0.0,0.0,0.0,0.0,0.0,0.0,0.0,0.0021307163195024206,0.0,0.0,0.0,0.0
TGCAGCTACGTACTTC-1,0.724540146723884,0.27856069021151464,0.2250486895361743,0.008756417878698927,0.02425233857986303,0.021486721546807513,0.07131609809185133,0.012724127005555575,0.016979577879576147,0.032580485558163334,0.0,0.009396389607287033,0.007921139941068522,0.05855258212572167,0.01732335395417287,0.0,0.0,0.008507231379637107,0.0,0.0034857474054643565,0.0,0.0201375359965965,0.008139078497285866,0.0,0.003032566100170743,0.0,0.001851441936695271,0.002110145251310957,0.006601515911672696,0.0,0.0034929998053662256,0.001753537702679084,0.0,0.009620437178893274,0.0012142549971630144,0.0072123813044016214,0.002509965712656251,0.0030579828619534274,0.0020378039376685243,0.0,0.0,0.0017631243580971342,0.003366271171557777,0.001961618655470097,0.0,0.0010142493857109114,0.0,0.0,0.0,0.0,0.0008768403841553941,0.0,0.0,0.0,0.0,0.002624237076820117,0.00033195728282641275,0.0,0.0,0.005094564094000156,0.0013607746388232275,0.0,0.0,0.0,0.0016794761797742806,0.00041863918134331504,0.0,0.0,0.0024121072720334593,0.0,0.0,0.0,0.0,0.0,0.0,0.0,0.0,0.0,0.0,0.0,0.0005840976743599483,0.0007452435181675779,0.0006639145656528255,0.0,0.0,0.0,0.002257974007979948,0.0,0.0005654161107589981,0.0,0.0007577795883719326,0.0,0.0,0.0,0.0,0.0,0.0,0.0,0.0,0.0,0.0,0.0,0.0,0.0,0.0,0.0,0.0,0.0,0.0,0.0,0.0,0.0007051863429784048,0.0,0.0,0.0,0.004143117489034273,0.0,0.0,0.0
TGCAGGATCGGCAAAG-1,0.25588446963811307,0.35259988928979547,0.0,0.006344294867589155,0.046922371071589704,0.0,0.02601394774083787,0.09433669137938884,0.004948352633168035,0.0,0.0,0.0,0.0,0.01659798712101997,0.0,0.0,0.0,0.013530366351095573,0.004068863199859334,0.010803966208403844,0.003220466838506092,0.0,0.0,0.0,0.0,0.0,0.0,0.007896954333771144,0.0,0.0,0.0,0.0,0.0,0.0,0.0,0.009862334462921065,0.0,0.0,0.0,0.0,0.0,0.0,0.0,0.0,0.0,0.0,0.0,0.0,0.0,0.0,0.0,0.0,0.0,0.0,0.0,0.0,0.0,0.0,0.0,0.0,0.0,0.0,0.0,0.0,0.0,0.0,0.0,0.0,0.01150151123595159,0.0,0.0,0.0,0.0,0.0,0.0,0.0,0.0,0.0,0.0,0.0,0.0,0.0,0.0,0.005183610877667539,0.0,0.0,0.0,0.0,0.0,0.0,0.0,0.0,0.0,0.0,0.0,0.0,0.0,0.0,0.0,0.0,0.0,0.0,0.0,0.0,0.0,0.0,0.0,0.0,0.0,0.0,0.0,0.0,0.0,0.0,0.0,0.0,0.0,0.0,0.0
TGCATATGTCTGTCAC-1,0.0966414950838533,0.0,0.0,0.018711686867632193,0.0,0.0,0.0,0.0,0.003783124572252169,0.0,0.0,0.01947828430247809,0.023890390065346427,0.0,0.0,0.0,0.0,0.0,0.007149276936807215,0.0,0.023042408766425607,0.0,0.0,0.0,0.0,0.0,0.00882953467593227,0.0,0.009133634854181106,0.0,0.0,0.0,0.00729710846139988,0.0,0.0,0.0,0.0,0.0,0.015637679568890513,0.0,0.0,0.0,0.0,0.0,0.0,0.0,0.0,0.0,0.0,0.0,0.0,0.0,0.0,0.0,0.0,0.0,0.0,0.0,0.0,0.0,0.0,0.0,0.0,0.0,0.0,0.0,0.0,0.0,0.0,0.0,0.0,0.0,0.0,0.0,0.0,0.0,0.0,0.0,0.0,0.0,0.0,0.0,0.0,0.0,0.0,0.0,0.0,0.0,0.0,0.0,0.0,0.0,0.0,0.0,0.0,0.0,0.0,0.0,0.0,0.0,0.0,0.0,0.0,0.0,0.0,0.0,0.0,0.0,0.0,0.0,0.0,0.0,0.0,0.0,0.0,0.0,0.0,0.0,0.0
TGCATGGATCGGATCT-1,0.7699257000730994,0.2886481132461891,0.1205591542407713,0.0897541553910871,0.0,0.11700349623626628,0.04956494591917815,0.07552443272438912,0.015109090329322332,0.02740507170196548,0.0,0.01819061180430062,0.0,0.0,0.015997961438748595,0.0,0.0,0.01734439263345347,0.0,0.0019097728508217359,0.012978695739674567,0.0,0.0,0.01500133351792746,0.0,0.006476227239081309,0.0,0.015006993316907073,0.003252748154282492,0.0,0.0,0.0,0.0,0.013673464865331728,0.0,0.0,0.0018135628857197177,0.015775082552347917,0.0,0.0,0.0,0.0,0.0,0.004489529909815815,0.07092523046922683,0.01464852892589685,0.008071238317613721,0.0,0.0,0.0,0.0,0.00624690113305147,0.0,0.0,0.0,0.0,0.0,0.0,0.0,0.0,0.0,0.0,0.0,0.0,0.0,0.0,0.0,0.0,0.0,0.0,0.0,0.0,0.0,0.0,0.0,0.0,0.0,0.0,0.0,0.0,0.0,0.0,0.0,0.0,0.0,0.0,0.0,0.0,0.0,0.0,0.0,0.0,0.0,0.0,0.0,0.0,0.0,0.0,0.0,0.0,0.0,0.0,0.0,0.0,0.0,0.0,0.0,0.0,0.0,0.0,0.0,0.0,0.0,0.0,0.0,0.0,0.0,0.0,0.0
TGCCAAAGTCAGACTT-1,0.4731775377557258,0.10354695053596032,0.10044663633363035,0.01794375342669855,0.009152583901351482,0.021316234953060828,0.026823185709516546,0.011189066507474558,0.022278885782194086,0.06787990843180498,0.0,0.009184927702631084,0.014689028967188801,0.0314007576095252,0.03323411851337469,0.06038602244311003,0.011018399840430937,0.005592250019660467,0.0,0.004977894761645281,0.0,0.0,0.0,0.0,0.0029871840721676173,0.002308292554132508,0.005402187421010167,0.007199986051503235,0.011572096235189754,0.0,0.005906332617215425,0.0025023848137804244,0.003363078967769881,0.006853851116123361,0.002269913717504014,0.0023929407009747688,0.003110931509331321,0.012411381863970205,0.0,0.016379067844131942,0.0,0.005263075892367404,0.0028984592273344893,0.0005683732214041204,0.0,0.0,0.005776401922722533,0.0,0.0,0.0016056231625273618,0.0,0.004445749421723244,0.00032391147135587856,0.0,0.0,0.0,0.0017454358415310864,0.0,0.0,0.0,0.0,0.0008727179207655432,0.0,0.0,0.0011753559005606286,0.0025781890156365865,0.0,0.0,0.0,0.0,0.0,0.0,0.00037061859533346094,0.0,0.0,0.0,0.0,0.0,0.0014128242601742515,0.0,0.0004986420400623548,0.0005525940187907615,0.0,0.0,0.0013925213669022162,0.0006348271278003013,0.0,0.0,0.0,0.0,0.0005683732214041204,0.0,0.0021204132974254352,0.0,0.0,0.0,0.0,0.0,0.0,0.0,0.001105188037581523,0.0024967765241501374,0.0015657912027968355,0.0,0.0,0.0,0.0,0.0007291176723807218,0.0,0.0,0.0,0.0018346413508329776,0.0,0.0,0.0007291176723807218,0.0,0.0,0.0,0.0
TGCCAATGGGTACTCT-1,0.3212590437263778,0.3511210258700955,0.11054501487192438,0.021330124466323087,0.015405614724430756,0.0,0.014155438496682748,0.007446391176319903,0.00752567087007313,0.0024080307554001767,0.03774277802434977,0.037205133661813064,0.0028154572952852216,0.0452416902352014,0.0,0.0,0.03308971598035157,0.0032730397677963024,0.0,0.023221446028501746,0.0,0.0,0.0031091289865619975,0.0,0.019750788636181942,0.0019193542244023223,0.0005817650995867463,0.0011075285851787603,0.0,0.0,0.0017898440914160159,0.0020858196614001244,0.0,0.0,0.001066810011674488,0.00737047308699069,0.0007022999538271773,0.0019638683244993464,0.0,0.024602387238039633,0.0,0.0032171304405801127,0.002667505245897922,0.00350464901659442,0.0,0.0020407523707344135,0.0,0.0,0.0,0.002894729199745802,0.0030863343573428992,0.0,0.0004188844848507001,0.0,0.0,0.0,0.0,0.0,0.0,0.003163519424303542,0.0033109094718546846,0.0,0.0,0.0,0.0,0.0,0.0,0.0,0.0,0.00152580584328016,0.0,0.0,0.0008942558085756984,0.0,0.0,0.0,0.0,0.0,0.0,0.0,0.0008219912240588967,0.0,0.0004188844848507001,0.0,0.0,0.0,0.00024774474810627706,0.0,0.0,0.0011451632249616663,0.0005425851651704574,0.0,0.0,0.0,0.0,0.0,0.0,0.0,0.0,0.0,0.0,0.0,0.0,0.0,0.0,0.0,0.0,0.0,0.0,0.0,0.0,0.0,0.0,0.0,0.0,0.0,0.0,0.0,0.0
TGCCTGATCAAACGAT-1,1.003630541774108,0.5125258774887369,0.12284613988083902,0.06365849452925386,0.14164659495100834,0.0,0.0,0.023086061510564082,0.0463587742287633,0.0,0.1086532063855457,0.018302606816198302,0.01930151663804566,0.0,0.026851739439962854,0.0,0.0,0.026537386098257412,0.029583528152356514,0.0,0.027211333872674416,0.007946157952136287,0.0,0.034313098533426324,0.0026117304126173305,0.008307733193072223,0.028757514929203837,0.012883877110468017,0.0,0.0,0.002321414836302942,0.00012315924766673837,0.004069902683593757,0.013711219732602533,0.0,0.0,0.0,0.013612069049196143,0.0,0.0,0.03051955177629541,0.0013135207600486806,0.0,0.004900568844459489,0.0,0.0,0.01068211459936726,0.009376156061955231,0.01677785253067715,0.0,0.0,0.0,0.0,0.0,0.0,0.0,0.001633522948153163,0.0,0.0,0.0,0.0,0.012530302571969031,0.0,0.0,0.0,0.0,0.0063650865688658085,0.006815539869136215,0.0,0.0,0.005269379043113629,0.0,0.0,0.0,0.0,0.0,0.0,0.0,0.0,0.0,0.0,0.0,0.0,0.0,0.0,0.0,0.0,0.0,0.0,0.0,0.0,0.0,0.0,0.002436379735440594,0.0,0.0,0.0035867933024917712,0.0,0.0,0.0,0.0,0.0,0.0,0.0,0.0,0.0,0.0,0.0,0.0,0.0,0.0,0.0,0.0,0.0,0.0,0.0,0.0,0.0,0.0
TGCGAATATGGGATTT-1,0.006234345535942278,0.023445585193120597,0.01818362341700103,0.0016136204653982515,0.0,0.0,0.037671744620435266,0.019348393625444136,0.0010307291137815198,0.0010393949510586877,0.0,0.02532449566924492,0.007235549439374063,0.008915775209159434,0.0,0.0,0.029728226095029467,0.0,0.0,0.0064496942306847315,0.0,0.0,0.0,0.0035944514558971536,0.00556286446571199,0.0,0.0005309859780761262,0.0,0.00024812194024551135,0.0,0.0,0.005507692747884913,0.0,0.0,0.0,0.0,0.0,0.0,0.0,0.009931618749053336,0.0,0.0016992902525413112,0.0006859350346954177,0.0,0.0,0.0,0.0,0.0,0.0,0.0005473535647365299,0.0021926737370241154,0.00037784608804790316,0.0008998465960324336,0.0,0.0,0.0,0.009432042761914275,0.0,0.0,0.0,0.0,0.0,0.0,0.0,0.0,0.0,0.0,0.0,0.0,0.0,0.0,0.0,0.0015994574283168333,0.0,0.0,0.0,0.0,0.0,0.0,0.0005473535647365299,0.002683545950915381,0.0,0.0,0.0,0.00042911118641724956,0.0,0.0019949184236670663,0.0,0.0,0.0,0.0,0.0,0.0,0.0,0.0,0.0,0.0,0.0,0.0,0.0,0.0,0.0,0.0,0.0,0.0,0.0,0.0,0.0,0.0,0.0,0.0,0.0,0.0,0.0,0.0,0.0,0.0,0.0,0.0
TGCGACACCCTAGTGC-1,0.6093791447705829,0.0,0.0,0.10478067487168093,0.0,0.19935784942813578,0.0,0.0,0.0,0.003496174853501667,0.0,0.04746351330182462,0.0,0.0,0.0,0.0,0.0,0.0,0.010653953949257847,0.0027461254249875064,0.011584858235044373,0.0,0.013422362246583126,0.0,0.0,0.0,0.0,0.008788619596684364,0.0,0.0,0.002977911401692688,0.0,0.0,0.0,0.0,0.0,0.0,0.0,0.0,0.0,0.0,0.0,0.0,0.0,0.0,0.0,0.0,0.0,0.0,0.0,0.0,0.0,0.0,0.0,0.0,0.0,0.0,0.0,0.0,0.0,0.0,0.010076123246760372,0.0,0.0,0.0,0.0,0.0,0.0,0.0,0.0,0.0,0.0,0.0,0.0,0.0,0.0,0.0,0.00797653551507284,0.0,0.0,0.0,0.0,0.0,0.0,0.0,0.0,0.0,0.0,0.0,0.0,0.0,0.0,0.0,0.0,0.0,0.0,0.0,0.0,0.0,0.0,0.0,0.0,0.0,0.0,0.0,0.0,0.0,0.0,0.0,0.0,0.0,0.0,0.0,0.0,0.0,0.0,0.0,0.0,0.0
TGCGAGAATATTACCC-1,0.5638722560231966,0.4542255785146105,0.08958415194916149,0.009895943878801043,0.004985013222885169,0.1578443456579457,0.0021057706242939315,0.009940845163660856,0.0,0.10825348630798294,0.06709521796890419,0.0,0.029269210345725973,0.04199086594770039,0.03357776183766333,0.0,0.0,0.004214192218992477,0.004434179112929935,0.004689478035831227,0.003966447208949357,0.0,0.0,0.010202315328037266,0.004243980136529277,0.023157063890302722,0.0,0.0021515823205933,0.0032480254250150326,0.0,0.0024663739321895196,0.0008625079327612309,0.0016340018931490278,0.004574925754594821,0.007455351850851239,0.007175564373335677,0.0118725773979656,0.0,0.0,0.0,0.0,0.004335737379916016,0.0010882136450453637,0.0,0.0,0.0,0.0,0.0032680037862980555,0.0,0.0,0.0,0.0,0.0,0.0,0.0,0.0023450179010790434,0.0,0.0,0.0,0.0,0.0,0.0,0.0,0.0,0.0,0.00016980179646665743,0.0,0.0,0.0,0.0,0.0,0.0,0.0,0.0,0.0,0.0,0.0,0.000843346177858975,0.0,0.0,0.00013274595409175715,0.0,0.0,0.0,0.0,0.0,0.0,0.0016340018931490278,0.0,0.0,0.0,0.0,0.0,0.0,0.0,0.0,0.0,0.0,0.0,0.0,0.00104973971418823,0.0,0.0,0.0,0.0,0.0,0.0,0.0,0.0,0.00104973971418823,0.0,0.0,0.0,0.0,0.0,0.0,0.0,0.0,0.0
TGCGGAGTAAAGGTGC-1,0.5039929071969169,0.5859991787888028,0.11911449020425285,0.06651107557692684,0.14582962534894062,0.0,0.01807550454121294,0.0,0.029893125270456903,0.0,0.0,0.018527203845601945,0.007354822921098771,0.0,0.0,0.0,0.0,0.04957650477788581,0.051200109976445696,0.0027598316082118233,0.01521315628687537,0.012686877382746138,0.0,0.032027647017522407,0.0,0.0,0.0,0.009031098402467566,0.0,0.0,0.005739299096710906,0.0,0.008595232953788572,0.01703850114460686,0.0,0.0,0.0,0.0,0.003890527665190879,0.0,0.0,0.00575741743560297,0.0,0.0,0.0,0.004598150163011986,0.0,0.006039988511123493,0.0,0.0,0.0,0.0,0.0,0.0,0.0,0.0,0.0,0.0,0.0,0.0,0.01775813809840814,0.0,0.006650359273402702,0.0,0.0,0.0,0.0,0.0,0.0,0.0,0.0,0.0,0.0,0.0,0.0,0.0,0.0,0.0,0.0,0.0,0.0,0.0,0.0,0.0,0.0,0.0,0.0,0.0,0.0,0.0,0.0,0.0,0.0,0.0,0.0,0.0,0.0,0.0,0.0,0.0,0.0,0.0,0.0,0.0,0.0,0.0,0.0,0.0,0.0,0.0,0.0,0.0,0.0,0.0,0.0,0.0,0.0,0.0,0.0
TGCGTAAGAACCTGAT-1,0.17906863387751418,0.1269098859398313,0.0,0.0,0.0,0.0,0.0,0.0,0.017537604801455012,0.0,0.0,0.010332423706515513,0.0,0.04975570400707066,0.0,0.0,0.0,0.0,0.0,0.02704562401674443,0.0,0.0,0.0,0.0,0.0,0.0,0.0,0.0,0.0,0.0,0.0,0.0,0.0,0.0,0.0,0.0,0.0,0.0,0.0,0.0,0.0,0.0,0.0,0.0,0.0,0.0,0.0,0.0,0.0,0.0,0.0,0.0,0.0,0.0,0.008466710279782724,0.0,0.0,0.0,0.015168344014714044,0.0,0.0,0.0,0.0,0.0,0.0,0.0,0.0,0.0,0.0,0.0,0.0,0.008466710279782724,0.0,0.008466710279782724,0.0,0.0,0.0,0.0,0.0,0.0,0.0,0.0,0.0,0.0,0.0,0.0,0.0,0.0,0.0,0.0,0.0,0.0,0.0,0.0,0.0,0.0,0.0,0.0,0.0,0.0,0.0,0.0,0.0,0.0,0.0,0.0,0.0,0.0,0.0,0.0,0.0,0.0,0.0,0.0,0.0,0.0,0.0,0.0,0.0
TGGAACCACTGACACA-1,0.28207445790735414,0.05185275969258215,0.1040253231052719,0.0,0.05658627004333132,0.0,0.0,0.0,0.0,0.011789644344416657,0.0,0.0,0.0,0.0031703073210940405,0.0,0.0,0.0,0.013513028901041243,0.0,0.0,0.0031703073210940405,0.0,0.002429188222373258,0.0,0.0,0.0,0.0,0.0,0.0,0.0,0.0,0.0,0.0,0.0,0.0,0.0,0.0,0.0,0.0,0.0,0.0,0.0,0.0,0.0,0.0,0.0,0.0,0.0,0.0,0.0,0.0,0.0,0.0,0.0,0.0,0.0,0.0,0.0,0.0,0.0,0.0,0.0,0.0,0.0,0.0,0.0,0.0,0.0,0.0,0.0,0.0,0.0,0.0,0.0,0.0,0.0,0.0,0.0,0.0,0.0,0.0,0.0,0.0,0.0,0.0,0.0,0.0,0.0,0.0,0.0,0.0,0.0,0.0,0.0,0.0,0.0,0.0,0.0,0.0,0.0,0.0,0.0,0.0,0.0,0.012530302571969031,0.0,0.0,0.0,0.0,0.0,0.0,0.0,0.0,0.0,0.0,0.0,0.0,0.0,0.0
TGGAAGGATAAAGATG-1,0.5094903776263419,0.4197373726170531,0.23725892015537708,0.0762227262098363,0.0,0.0,0.022350059585877522,0.0,0.008718134210819246,0.04971827255846552,0.0,0.03649671943704126,0.036286131867221544,0.0,0.0,0.0,0.0,0.0,0.0,0.0037110684464764275,0.019100891192552455,0.007253014684868317,0.0,0.04197385831032129,0.0,0.0,0.0,0.011641542589598274,0.0023234189767353326,0.0,0.0028162090551992103,0.0,0.0,0.01311195320492049,0.0,0.0,0.02171365109362538,0.0,0.0,0.0,0.0,0.002132714764495567,0.0,0.003309472644752401,0.1893993471257516,0.013517601522708015,0.0,0.009636667659513352,0.015984440972219342,0.0,0.0,0.0,0.0,0.0,0.0,0.0,0.0,0.0,0.0,0.004062351522122412,0.0,0.0,0.0,0.0,0.0,0.0,0.0,0.0,0.0,0.0,0.0,0.0,0.0,0.0,0.0,0.007844791244730191,0.0,0.0,0.0,0.0,0.0,0.0,0.0,0.0,0.0,0.0,0.0,0.0,0.0,0.0,0.0,0.0,0.0,0.0,0.0,0.0,0.0,0.0,0.0,0.0,0.0,0.0,0.0,0.0,0.0,0.0,0.0,0.0,0.0,0.0,0.0,0.0,0.0,0.0,0.0,0.0,0.0,0.0,0.0
TGGAATTAGACGCTTT-1,0.719992805075738,0.4038624290025204,0.11305784139166887,0.083916992502941,0.03086856188039545,0.1395545678115934,0.09671870676146392,0.12064952436408355,0.031317396588000077,0.009392637023537747,0.0,0.01646440918921057,0.019046628432958207,0.02397693530304204,0.01819463003994357,0.0,0.006081113715417799,0.034617040111349744,0.0,0.0,0.011551444905853275,0.0,0.01876976723583984,0.04542719182089174,0.0,0.00695085024102913,0.0,0.0016737327988674271,0.0,0.0,0.0033391580556554785,0.0,0.0,0.006635250896091652,0.0,0.006342668021556348,0.0,0.0,0.0,0.0,0.0,0.0,0.0,0.00473816737793688,0.0,0.004526914759287562,0.0,0.0,0.0,0.0,0.0,0.0035040108129688113,0.0,0.0,0.0,0.00473816737793688,0.0,0.0,0.0,0.0,0.0,0.0,0.0,0.0,0.0,0.004823653488391679,0.0,0.0,0.0,0.0,0.0,0.0,0.0,0.0,0.0,0.0,0.0,0.0,0.0,0.0,0.0006072614917768972,0.0,0.0,0.0,0.0,0.0,0.00015405832746492767,0.0,0.0,0.0038975030958023453,0.0,0.0,0.0,0.0,0.0,0.0,0.0,0.0,0.0,0.0,0.0,0.0,0.0,0.0,0.0,0.0,0.0,0.0,0.0,0.0,0.0,0.0,0.0,0.0,0.0,0.0,0.0,0.0,0.0
TGGCAGATTACGATCA-1,0.15320548945102652,0.3131345853780267,0.018445539497370572,0.15867572191398466,0.10802267412981818,0.12670349238636547,0.0,0.0082552482994212,0.00997315298615371,0.0,0.0,0.0,0.03799592050788273,0.01881094579217337,0.0,0.0,0.0,0.004555713559775759,0.0,0.0,0.0031069981916790573,0.0,0.0,0.0,0.0,0.0,0.0,0.0,0.026843126161498393,0.0,0.0,0.0,0.0,0.0,0.0,0.006850987474124527,0.0,0.0,0.0,0.0,0.0,0.0,0.003923364485839592,0.0,0.0,0.0,0.0,0.0,0.0,0.0024378649795122587,0.005548510526819615,0.0,0.0,0.004934549327524679,0.0,0.0,0.0,0.0,0.0,0.0,0.0,0.0,0.0,0.0,0.0,0.0,0.0,0.0,0.0,0.0,0.004934549327524679,0.0,0.0,0.0,0.005848747700757076,0.0,0.0,0.0,0.0,0.0024378649795122587,0.0,0.0,0.0,0.0024378649795122587,0.0,0.0,0.0,0.0,0.0,0.0,0.0,0.0,0.0,0.0,0.0,0.0,0.0,0.0,0.0,0.0,0.0,0.0,0.0,0.0,0.0,0.0,0.0,0.0,0.0,0.0,0.0,0.0,0.0,0.0,0.0,0.0,0.0,0.0,0.0
TGGCAGCAGTAATAGT-1,0.38511348384505284,0.0,0.0,0.0,0.0,0.0,0.0,0.0,0.0,0.0,0.0,0.0,0.0,0.0,0.0,0.0,0.0,0.0,0.005701356637401177,0.0,0.00277449016443815,0.0,0.0,0.0,0.0,0.0,0.0,0.0,0.0,0.0,0.0,0.0038277666992002986,0.0,0.0,0.0,0.0,0.0,0.0,0.0,0.0,0.0,0.0,0.0,0.0,0.0,0.0,0.0,0.0,0.0,0.0,0.0,0.0,0.0,0.0,0.0,0.0,0.0,0.0,0.0,0.0,0.0,0.0,0.0,0.0,0.0,0.0,0.0,0.0,0.0,0.0,0.0,0.0,0.0,0.0,0.0,0.0,0.0,0.0,0.0,0.0,0.0,0.0,0.0,0.0,0.0,0.0,0.0,0.0,0.0,0.0,0.0,0.0,0.0,0.0,0.0,0.0,0.0,0.0,0.0,0.0,0.0,0.0,0.0,0.0,0.0,0.0,0.0,0.0,0.0,0.0,0.0,0.0,0.0,0.0,0.0,0.0,0.0,0.0,0.0
TGGCCGTATATTGACC-1,0.256641603445623,0.0,0.0,0.07316697109259662,0.10881127202859378,0.0,0.04226494516612049,0.0,0.0,0.0,0.0,0.0,0.0,0.0,0.0,0.0,0.0,0.0,0.0,0.0,0.0,0.0,0.0,0.0,0.0,0.0,0.0,0.0,0.0,0.0,0.008031950722724373,0.0,0.0,0.0,0.0,0.0,0.0,0.0,0.0,0.0,0.0,0.0,0.0,0.0,0.0,0.0,0.0,0.0,0.0,0.0,0.0,0.0,0.0,0.008970767854100649,0.0,0.0,0.0,0.0,0.008970767854100649,0.0,0.0,0.0,0.0,0.0,0.0,0.0,0.0,0.0,0.0,0.0,0.0,0.0,0.0,0.0,0.0,0.0,0.0,0.0,0.0,0.0,0.0,0.0,0.0,0.0,0.0,0.0,0.0,0.0,0.0,0.0,0.0,0.0,0.0,0.0,0.0,0.0,0.0,0.0,0.0,0.0,0.0,0.0,0.0,0.0,0.0,0.0,0.0,0.0,0.0,0.0,0.0,0.0,0.0,0.0,0.0,0.0,0.0,0.0,0.0
TGGCGACTGCTCCAAA-1,0.0443640629435269,0.06528808701057011,0.0,0.0013115050623366852,0.00026859991631416377,0.0,0.010536440977988564,0.0023291502137449847,0.0,0.0,0.014079580397102701,0.008164142118983224,0.0044905758662304,5.930122209239764e-05,0.007427926703883379,0.0,0.0,0.003028362064437393,0.0,0.008847299895238225,0.0,0.0016279625212701192,0.0,0.004689021542415847,0.013110092287428352,0.0019661831487379974,3.0672057886564425e-05,0.0,0.0004947355326875442,0.004551805495298996,0.0019439692710501552,0.030193013524552177,0.002280828589505676,0.0,0.0,0.0,0.0,0.0,0.0,0.0,0.0,0.005361526693494961,0.0037506621412852314,0.0,0.0,0.0,0.0,0.0,0.0,0.0013194631759782683,0.007157003227153912,0.00017031669021738962,0.0006951227208040067,0.0,5.244559169483827e-05,0.0006226516324932293,0.00028708805782990944,0.0,0.0,0.0,0.0,0.0,0.0,0.0038961922575831377,0.0013192671108882242,0.0,0.0,0.0,0.0,0.00033116834733444003,0.0,0.0,0.0014202126303973716,0.0,0.0,0.0003676223667196089,0.0,0.0,0.0,0.0,0.001291580334960822,0.0,0.00016207486301488935,0.0,0.0,0.0,4.974886559231013e-05,0.0,0.0,0.0,0.00026650132402723797,0.0,0.0,0.0,0.0,0.0,0.0,0.0,0.0,0.0,0.0,0.0,0.00043175164086840643,0.0,0.0,0.0,0.0,0.0,0.0,0.0,0.0,0.0,4.976514035723526e-05,0.0,0.0,0.0,0.0,0.0,0.0
TGGCGATCAAGTTATG-1,0.27492038540250147,0.13339726899342,0.1345208491474017,0.007736839943008893,0.06717986214824635,0.0,0.017027883293312805,0.035873725399260384,0.0,0.0015717657094823348,0.028131777219326647,0.02635964841280016,0.023889634114926932,0.022369724504518268,0.03202398037452116,0.0,0.013260421263671343,0.0,0.0,0.004161781559015889,0.0,0.0,0.0,0.0020215681350010057,0.007601451933450898,0.0,0.0,0.0,0.008659425279782251,0.0011967723167797392,0.0011582374730434173,0.0019200656471509256,0.0,0.0008708975040907757,0.00645504247632497,0.0075032991386327534,0.0,0.0,0.0,0.00435940567058715,0.0,0.0,0.0008534212664434646,0.0,0.0,0.0,0.0,0.0,0.0,0.0035706088672859512,0.0013059740271081214,0.0,0.0016284996195967414,0.0,0.0018579097141927059,0.0,0.0,0.0,0.0,0.0,0.0,0.0,0.0,0.0,0.0,0.0001553503323488963,0.0,0.0,0.0,0.0,0.0,0.0,0.0013653295998440477,0.0,0.0,0.0,0.0,0.0012355518900956334,0.0,0.0,0.0002459870192998887,0.0,0.0008542340760795265,0.0,0.0,0.0,7.167296973714845e-05,0.0,0.0,0.000971005588221985,0.0,0.0,0.0,0.0,0.0,0.0,0.0,0.0,0.0,0.0,0.0,0.0,0.0,0.0,0.0,0.0,0.0,0.0,0.0,0.0,0.0,0.0,0.0002903079406771039,0.0,0.0,0.0,0.0,0.0,0.0
TGGCTCTTGTCGCGTA-1,0.05302322638598488,0.0392134825466103,0.004218221660143069,0.0,0.002510993964434168,0.0,0.006364999531812258,0.05023955070201663,0.0,0.002112418261700066,0.0,0.008203463767387158,0.004208533345075545,0.0015560683994491138,0.0,0.0,0.0,0.0033983660515996897,0.0,0.0012794774666816046,0.003628312254558292,0.0,0.0,0.0018999316366321772,0.0009543087789611486,0.0037997138517347397,0.0,0.0,0.0018239250879939948,0.0,0.0007450225188354725,0.0103449044196199,0.0,0.0,0.0,0.0,0.0,0.0,0.0,0.0,0.0,0.0008993308640233214,0.0026703107232285976,0.0,0.0,0.0,0.0,0.0,0.0,0.0027414746747044874,0.006125360811392606,0.0,0.0002380971872787327,0.0,0.0,0.0,0.0,0.0,0.0,0.0,0.0,0.0,0.0,0.009239443293101172,0.0,0.0,0.0,0.0,0.0,0.0,0.0,0.0,0.0,0.0,0.0,0.0008757864430761933,0.0,0.0,0.0,0.0,0.0017998558794966408,0.0,0.0,0.0,0.0,0.0,0.0,0.0,0.0,0.0,0.0,0.0002380971872787327,0.0,0.0,0.0,0.0,0.0,0.0,0.0,0.0,0.0,0.0,0.0,0.0,0.0,0.0,0.0,0.0,0.0,0.0,0.0,0.0,0.0,0.0,0.0,0.0,0.0,0.0,0.0
TGGCTTTGGGTAGACA-1,0.967208180176847,0.19305030770650566,0.056159659152160896,0.07252683650304016,0.1992245654233025,0.0,0.0,0.004317453473402205,0.019498849598654753,0.03774029725883888,0.0,0.0,0.0,0.0,0.0,0.0,0.0,0.01652769733581578,0.04185796416631226,0.0,0.023057200008154165,0.0,0.027195142556233818,0.023395755685720446,0.0,0.00610020188849586,0.0,0.003977436533383952,0.0,0.0,0.005075102345904692,0.0,0.0,0.004742287939129324,0.0,0.0,0.0,0.0,0.0,0.004404088609325396,0.0,0.000531682307039023,0.004917588376278474,0.0,0.0,0.0,0.0,0.0,0.0,0.0,0.0,0.0,0.0,0.0,0.0,0.0,0.0,0.005945022362411603,0.0,0.011807435582081468,0.0,0.0,0.0,0.0,0.0,0.0,0.0024586080141408557,0.0,0.0,0.0,0.0,0.0,0.0,0.0,0.0,0.0,0.0,0.0,0.0,0.0,0.0,0.0,0.0,0.0,0.0,0.0,0.0,0.004317453473402205,0.0,0.0,0.0,0.0,0.0,0.0,0.0,0.0,0.0,0.0,0.0,0.0,0.0,0.0,0.0,0.0,0.0,0.0,0.0,0.0,0.0,0.0,0.0,0.0,0.0,0.0,0.0,0.0,0.0,0.0,0.0
TGGGAAATGCCTTTCC-1,0.8387494282756737,0.8422375116599803,0.005755576862150735,0.05759457718199407,0.04813846582647707,0.0,0.09361115492714689,0.004660732332740512,0.08085893224947507,0.006971332351203414,0.0,0.0094274326852278,0.08130057395072152,0.004799793625117568,0.0,0.0,0.0114857449031863,0.007423063986137467,0.004038104493033592,0.004166637546916366,0.013079432886093242,0.010350826019507164,0.009937207561545851,0.016005550770420245,0.0037949136520553936,0.0,0.016131196744991028,0.015458396499455664,0.005385479993332725,0.0016320253010394217,0.01127703603422891,0.0,0.0004553440727825939,0.007108546844899821,0.0019143229115905437,0.003996317291835886,0.0,0.0,0.0,0.0,0.0,0.0011825126446507817,0.0,0.0008652464317023013,0.0,0.001318450799487804,0.0018924530639325026,0.0004553440727825939,0.0,0.004727276333239109,0.0,0.003274342256723999,0.0,0.0004553440727825939,0.0,0.0019049161388180877,0.0,0.0009106881455651878,0.0,0.0,0.0,0.0,0.0,0.0,0.004203791352808265,0.00326604963820711,0.0,0.0,0.0,0.001684640076581399,0.0,0.0,0.0,0.0,0.0010484648936351522,0.0017023410479359738,0.0,0.0015599209519012317,0.0,0.0,0.0,0.0,0.0,0.0,0.00156688659988508,0.00387731837022316,0.0011856061831942181,0.0,0.0,0.0,0.0008652464317023013,0.0,0.000670808026931675,0.0,0.0,0.0,0.0,0.003051007208408513,0.0,0.00441176911040472,0.0,0.0,0.0,0.0,0.0,0.0,0.0017133564443402682,0.0,0.0,0.0,0.0,0.0,0.0007588954404511692,0.0,0.0,0.0,0.0,0.0,0.0
TGGTAAGCAGGATTGA-1,0.06411736413613282,0.03178840608292262,0.0,0.002460253864216891,0.0,0.0,0.014121784161184113,0.0,0.0,0.0,0.0,0.008886978001460948,0.002604292379616423,0.0,0.027232115953562386,0.018630934132896897,0.014921313684892454,0.0,0.0,0.001555109643148307,0.014988347551528586,0.0,0.0,0.002204573695586045,0.0021601364757732216,0.0,0.0,0.0,0.0012983220659794747,0.005746643202318346,0.00039908796540708946,0.011691503767467455,0.0,0.0,0.0,0.0,0.0,0.00123717303922393,0.014879371344231992,0.0,0.0,0.0017205613867325746,0.0017415490993250163,0.0,0.0,0.0,0.0,0.0,0.0,0.0,0.0024178602342926317,0.0,0.001590033451581707,0.0,0.0,0.0,0.001984204901790394,0.0,0.0,0.0,0.0,0.0,0.0,0.0,0.0,0.0,0.0,0.0,0.0,0.0,0.0,0.0,0.0,0.0,0.0,0.0005264233282840989,0.0,0.0,0.0,0.0,0.0,0.0,0.0,0.0,0.0,0.0,0.0,0.0,0.0,0.0,0.0,0.0,0.0,0.0,0.0,0.0,0.0,0.0,0.0,0.0,0.0,0.0,0.0,0.0,0.0,0.0,0.0,0.0,0.0,0.0,0.0,0.0,0.0,0.0,0.0,0.0,0.0,0.0,0.0
TGGTCTGTTGGGCGTA-1,0.5412162933871634,0.12553149900949134,0.12585776265035548,0.0657155980551197,0.0,0.0,0.0,0.0,0.01363634962596785,0.0,0.0,0.0297409426309294,0.03700128043285814,0.0,0.0,0.0,0.0,0.0,0.0,0.0,0.012443179362453727,0.0,0.0,0.0,0.0,0.0,0.0,0.0,0.0,0.0,0.004953169798645062,0.0,0.0,0.003215081554580642,0.0,0.0,0.0,0.0,0.0,0.0,0.0,0.0,0.0,0.0,0.0,0.0,0.0,0.0,0.0,0.0,0.0,0.0,0.0,0.0,0.0,0.0,0.0,0.0,0.0,0.0,0.0,0.0,0.0,0.0,0.0,0.0,0.0,0.0,0.0,0.0,0.0,0.0,0.0,0.0,0.0,0.0,0.0,0.0,0.0,0.0,0.0,0.0,0.0,0.0,0.0,0.0,0.0,0.0,0.0,0.0,0.0,0.0,0.0,0.0,0.0,0.0,0.0,0.0,0.0,0.0,0.0,0.0,0.0,0.0,0.0,0.0,0.0,0.0,0.0,0.0,0.0,0.0,0.0,0.0,0.0,0.0,0.0,0.0,0.0
TGTAATGACCACAATA-1,0.5353467658755109,0.2563535329422619,0.14434606043001427,0.003689482239530856,0.02446563743161018,0.0,0.10293699930108208,0.011814676022443222,0.0117090020040276,0.010256188500422172,0.0,0.009358426509118415,0.0026003578724276277,0.0698352798813717,0.0,0.05292988503879839,0.0,0.005458075235999912,0.0,0.0,0.006503668544711365,0.0,0.0030797234343272633,0.007275679837075702,0.004989853711670862,0.0,0.0,0.013995944848268433,0.016479992567170747,0.0,0.0013699656446787027,0.002981018351621826,0.0,0.010816616079277325,0.020352184809287497,0.0,0.007407969193820957,0.009893008971500224,0.0,0.0,0.0,0.012743079181051364,0.0,0.0,0.0,0.006299803922306082,0.0,0.0,0.0,0.0,0.0004779185556107851,0.008963914483082258,0.0,0.0009470293410328788,0.0,0.0,0.0014878902856517873,0.0,0.0,0.0,0.0,0.0,0.0,0.0,0.0,0.0031058829773129284,0.0,0.0,0.0,0.0,0.0,0.0,0.00010057520895213391,0.0,0.0,0.003678429678577385,0.0,0.0,0.005661329947401305,0.0,0.0004727183001677201,0.0,0.0,0.0,0.0,0.0,0.0,0.0018653873899512374,0.0,0.0,0.0,0.0,0.0,0.0,0.0,0.0,0.0,0.0,0.0,0.0,0.002434919626684666,0.0,0.0,0.0,0.0,0.0,0.0,0.0,0.0,0.0,0.0,0.0,0.0,0.0,0.0,0.0,0.0,0.0,0.0
TGTACGAACAAATCCG-1,0.3121354319524225,0.4178776883618839,0.13481360398061762,0.16250793472691305,0.0,0.0,0.0,0.0,0.0,0.0,0.0,0.00994636375576984,0.0,0.0,0.0,0.0,0.0,0.0055883542039398115,0.0,0.0069173924104904885,0.0,0.0,0.0,0.0,0.0,0.0,0.0,0.0035986211756246075,0.0,0.0069452359210239924,0.0,0.0,0.0,0.01129632211215143,0.015555583178561098,0.0,0.0,0.0,0.0,0.0,0.0,0.0,0.0,0.0,0.0,0.0,0.0,0.0,0.0,0.0,0.0,0.0,0.0,0.0,0.0,0.0,0.0,0.0,0.0,0.0,0.0,0.0,0.0,0.0,0.0,0.0,0.0,0.0,0.0,0.0,0.0,0.0,0.0,0.0,0.0,0.0,0.0,0.0,0.0,0.0,0.0,0.0,0.0,0.0,0.0,0.0,0.0,0.0,0.0,0.0,0.0,0.0,0.0,0.0,0.0,0.0,0.0,0.0,0.0,0.0,0.0,0.0,0.0,0.0,0.0,0.0,0.0,0.0,0.0,0.0,0.0,0.0,0.0,0.0,0.0,0.0,0.0,0.0,0.0
TGTAGTGATCTATAAT-1,0.2406733319715812,0.1377866209252614,0.06719321886675425,0.06535865299360918,0.09957797473872662,0.0,0.0684766081050093,0.0055949328403327595,0.022638146399690893,0.002191187330393981,0.0,0.0,0.0,0.0,0.0,0.0,0.0,0.0,0.0072813032058512755,0.0,0.015090526888477647,0.0,0.0,0.0,0.005635509366213245,0.0,0.0,0.0072813032058512755,0.0,0.0,0.007166307918451133,0.0,0.0,0.0,0.0,0.0,0.0,0.0,0.0,0.0,0.0,0.0,0.0,0.006941999610888162,0.09992647485734164,0.0,0.0,0.0,0.013566116613308211,0.0,0.004899028750269643,0.0,0.0,0.006941999610888162,0.0,0.0,0.0,0.0,0.0,0.0027928237159415693,0.0,0.0,0.0,0.0,0.0,0.0,0.0,0.0,0.0,0.0,0.0,0.0,0.0,0.0,0.0,0.0,0.0,0.0,0.0,0.0,0.0,0.0,0.0,0.0,0.0,0.0,0.0,0.0,0.0,0.0,0.0,0.0,0.0,0.0,0.0,0.0,0.0,0.0,0.0,0.0,0.0,0.0,0.0,0.0,0.0,0.0,0.0,0.0,0.0,0.0,0.0,0.0,0.0,0.0,0.0,0.0,0.0,0.0,0.0
TGTCCGTGGCGCCTTT-1,0.7274397636401461,0.763729343407234,0.07319257285266344,0.05079988089931593,0.16820062029634214,0.0,0.022496224633322414,0.0,0.07396112884836713,0.09567349474908093,0.0,0.010464781821041562,0.0,0.03201556605980292,0.0,0.10745396955661479,0.0,0.027249039067400168,0.01777673749295533,0.0,0.0030302649580527877,0.0,0.04719217001821681,0.0,0.0,0.0,0.014850290781859198,0.013297301189800836,0.0033848396401914595,0.0,0.006205726121633577,0.0,0.016638651166803565,0.01999498050676225,0.0,0.019580350997977062,0.0,0.0,0.0,0.0,0.0,0.00010641704172864025,0.0,0.0,0.0,0.0,0.0,0.0,0.0,0.0,0.0,0.0,0.0,0.0,0.0,0.0,0.02027604393622929,0.004405765932966971,0.0,0.0,0.0,0.0,0.0,0.0,0.0069287662104866084,0.007073219266978896,0.0,0.0,0.0,0.0,0.0,0.0,0.0,0.0,0.0,0.0024701871634079144,0.0,0.0,0.0,0.0,0.0,0.0,0.0,0.0,0.0010656703124752233,0.0,0.0,0.0,0.0,0.0,0.0,0.0,0.0,0.0,0.0,0.0,0.0,0.0,0.0,0.0,0.002107714106288791,0.0,0.0,0.0,0.0,0.0,0.0,0.002107714106288791,0.0,0.0,0.0,0.0,0.0,0.0,0.0,0.0,0.0,0.0,0.0
TGTCCTAAGTCACCGC-1,0.901672358039075,0.4378801370390272,0.021794520812165326,0.11766089549675844,0.17573139527578976,0.0,0.025928355428999114,0.01499982023667002,0.026662447519174026,0.03751628404851285,0.0,0.0,0.0,0.016439435100720788,0.0,0.0,0.009784336363445705,0.05320089656602283,0.0,0.0,0.011476126512360435,0.025537851001405345,0.0,0.030075942804353738,0.001977579237865388,0.0,0.011444952143089368,0.0,0.0,0.0,0.006797912729075079,0.0,0.0063720252026667696,0.0,0.0,0.0,0.0,0.0,0.0,0.0,0.0,0.0019332741492429993,0.0,0.0,0.0,0.0,0.0,0.0,0.0,0.0,0.0,0.0,0.0,0.0033989563645375393,0.0,0.0,0.0,0.0,0.0,0.0,0.0,0.0,0.0033989563645375393,0.0,0.0,0.0,0.0,0.0,0.0,0.0,0.0,0.0,0.0,0.0,0.0,0.0023612958114028614,0.0,0.0,0.0,0.0,0.0,0.0,0.0,0.0,0.0,0.0,0.0,0.0,0.0,0.0,0.0,0.0033989563645375393,0.0,0.0,0.0,0.0,0.0,0.0,0.0,0.0,0.0,0.0,0.0,0.0,0.0,0.0,0.0,0.0,0.0,0.0,0.0,0.0,0.0,0.0,0.0,0.0,0.0,0.0,0.0
TGTGACTACGCCAGTC-1,1.0112432538680962,0.38866615921535363,0.19690479840352879,0.06196795304376808,0.1835363757079195,0.0,0.0,0.14385061916529798,0.05865263504930711,0.002433939351260756,0.0,0.008285968425489147,0.027409373012534398,0.0,0.0,0.0,0.0,0.02635735394484423,0.0,0.00998420182121174,0.020467531576145365,0.010213666429751276,0.0,0.0,0.0,0.006465204530375249,0.016060667387192425,0.00540259339682289,0.0016035890949922505,0.0,0.005783214076406471,0.0,0.0022856434374589024,0.011266257351906426,0.010835780437970297,0.0,0.0,0.0,0.0,0.0,0.0,0.005434698678845747,0.0,0.0,0.0,0.00393135744207967,0.0,0.012701285149320191,0.0,0.0,0.0,0.0,0.0,0.0022856434374589024,0.0,0.0,0.0,0.0,0.0,0.0,0.0,0.0,0.0,0.0,0.0,0.0,0.0,0.0,0.0,0.007931968304878663,0.0,0.0,0.0,0.0,0.0,0.0,0.0,0.0,0.0,0.0,0.0,0.0,0.0,0.0,0.0,0.0,0.0,0.0,0.0,0.0,0.0,0.0,0.0,0.0,0.0,0.0,0.0,0.0,0.0,0.0,0.0,0.0,0.0,0.0,0.0,0.0,0.0,0.0,0.0,0.0,0.0,0.0,0.0,0.0,0.0,0.0,0.0,0.0,0.0
TGTGCTTTACGTAAGA-1,0.6792127468555593,0.30089919050367375,0.22817718184528352,0.049460309680367326,0.0791890309085361,0.0,0.022263830677319005,0.0,0.0141803185266342,0.004791758524865753,0.0,0.009417069923559099,0.010639043225757044,0.0,0.0,0.0,0.0,0.0,0.020261143891838335,0.01007905799679024,0.004054605270311902,0.020205271999279045,0.0,0.0,0.002832081809435573,0.0,0.0,0.006358206781546919,0.007038462570137421,0.004610483058955837,0.0010353557138798896,0.0,0.004128838538798641,0.0,0.0,0.011386332427160395,0.014239671208854776,0.0,0.0,0.0,0.0,0.0054233174368063155,0.0,0.0,0.0,0.0,0.007148021088304411,0.0,0.0024241985063531406,0.010852226495483975,0.0,0.0,0.0,0.0,0.0,0.0,0.0,0.0,0.0,0.0,0.0,0.0,0.0024241985063531406,0.0,0.0,0.0,0.0,0.0,0.0,0.0,0.0,0.0,0.0,0.0,0.0,0.004077385331116718,0.0,0.0,0.0,0.0,0.0,0.0,0.0,0.0,0.0,0.0,0.0,0.0,0.0,0.0,0.0,0.0,0.0,0.0,0.0,0.0,0.0,0.0,0.0,0.0,0.0,0.0,0.0,0.0,0.0,0.0,0.0,0.0,0.0,0.0,0.0,0.0,0.0,0.0,0.0,0.0,0.0,0.0,0.0
TGTGTCGCGAGTTGCA-1,0.6408457703850575,0.18846352107206976,0.08644038280021568,0.0,0.0,0.0,0.05902378634885294,0.02300475726606785,0.01745198789427203,0.0070042396928050935,0.0,0.0,0.0,0.015924050483457807,0.0,0.0,0.01794144610399324,0.03484929164865572,0.019007693523088717,0.0,0.009498746424111353,0.0,0.0,0.0,0.0,0.0,0.0,0.004849648729277153,0.0,0.0,0.0034397324241676355,0.0,0.010774614986424,0.0,0.0,0.0,0.0,0.0,0.0,0.0,0.0,0.0,0.0,0.0,0.0,0.0,0.0,0.0,0.0,0.0,0.0,0.0,0.0,0.0,0.0,0.0,0.0,0.0,0.0,0.0,0.0,0.0,0.0,0.0,0.0,0.0023495908863656843,0.0,0.0,0.0,0.0,0.0,0.005387307493212,0.0,0.005387307493212,0.0,0.0,0.0,0.0,0.0,0.0,0.0,0.0,0.0,0.0,0.0,0.0,0.0,0.0,0.0,0.0,0.0,0.0,0.0,0.0,0.0,0.0,0.0,0.0,0.0,0.0,0.0,0.0,0.0,0.0,0.0,0.0,0.0,0.0,0.0,0.0,0.0,0.0,0.0,0.0,0.0,0.0,0.0,0.0,0.0
TGTGTTCGTATCCAAG-1,0.7194575183013896,0.8677824813580741,0.07240680131604209,0.07999489464438962,0.17620135525920416,0.13668092094491763,0.03907834365725803,0.03424050010307988,0.044767278731661586,0.05891260431225984,0.0,0.012001690141572239,0.03343555574902502,0.05065077596601269,0.0,0.0,0.0,0.0,0.018784747682945125,0.0,0.014234955432634235,0.02749748694958602,0.0,0.0,0.0,0.0,0.02626258656670969,0.006435616816421378,0.004207557660447837,0.0,0.001654069837890336,0.0,0.0,0.0,0.0,0.0,0.0,0.0,0.0,0.0,0.0,0.0008245708173523058,0.0,0.0032148186072830215,0.0,0.0,0.005830384570272988,0.0,0.0,0.0,0.0,0.008692225847672201,0.0,0.0,0.0,0.0,0.0,0.0,0.0,0.0,0.0,0.0,0.006429637214566043,0.0,0.0,0.0032854946902470365,0.0,0.0,0.0,0.0,0.006106592559720366,0.0,0.0,0.0,0.0,0.0,0.0,0.0,0.0,0.0,0.0,0.0,0.0,0.0,0.0,0.0032148186072830215,0.0,0.0,0.0,0.0,0.0,0.0,0.0,0.0032148186072830215,0.0,0.0,0.0,0.0,0.0,0.0,0.0,0.0,0.0,0.0,0.0,0.0,0.0,0.0,0.0,0.0,0.0,0.0,0.0,0.0,0.0,0.0,0.0,0.0,0.0
TGTTCGTATTGCGGTG-1,0.3424185049238794,0.09973976826973587,0.22489060514917691,0.1080840412054904,0.10870638305438535,0.030994191889485677,0.008223016779350778,0.08712839401777928,0.0,0.00020704823781391744,0.14566866171375417,0.018832920369172453,0.0010113426577926378,0.01697131853451775,0.0,0.0,0.0,0.0,0.0,0.012581672090181501,0.02355602191374836,0.014592095481883768,0.0051386046186764345,0.0,0.0,0.017807117930606055,0.0,0.0,0.006423240995142007,0.0,0.0,0.0,0.0014282340091555737,0.0,0.041487668619556724,0.0,0.0,0.0012803142436134162,0.0,0.0,0.0,0.0018621676600200678,0.0,0.0,0.0,0.0,0.0,0.0,0.0,0.004284702027466721,0.0007134070476536754,0.00470627697704241,0.0018109042539236056,0.0,0.0032229819312399382,0.004233143277380765,0.0,0.0,0.0,0.0,0.0,0.0,0.0,0.0,0.003052284995539593,0.0,0.0,0.0,0.0,0.0,0.0,0.0,0.0,0.0,0.0007181020132274656,0.0002319600612894318,0.0,0.0020762151410205864,0.0,0.0,0.0,0.0,0.0,0.0,0.0,0.0,0.0,0.0,0.0,0.0,0.0,0.0,0.0,0.0,0.0,0.0,0.0,0.0009500620745168973,0.0,0.0,0.0,0.0028448238902197224,0.0,0.0,0.0,0.0,0.0,0.0,0.0,0.0,0.0,0.0,0.0,0.0,0.0,0.0,0.0,0.0,0.0
TGTTTCGGTACTTCTC-1,0.1805937674858357,0.0,0.02961928210238665,0.00411671267039488,0.07301370956038458,0.0,0.0,0.0,0.0,0.0,0.0,0.016834243622522203,0.01543772179914765,0.0,0.0,0.0,0.0,0.0,0.016834243622522203,0.0022007090764930497,0.003073330125108846,0.010848871045756442,0.0,0.0,0.0,0.0,0.0,0.0,0.0,0.0,0.008725809693245892,0.0,0.0,0.0,0.0,0.0,0.0,0.0,0.0,0.0,0.0,0.00042472174502644524,0.010941962027038418,0.0,0.06572938223897196,0.0,0.0,0.0,0.0,0.0,0.0,0.0,0.0,0.0,0.0,0.0,0.0,0.0,0.0,0.0,0.0,0.0,0.0,0.0,0.0,0.0,0.0,0.0,0.0,0.0,0.0,0.0,0.0,0.0,0.0,0.0,0.0,0.0,0.0,0.0,0.0,0.0,0.0,0.0,0.0,0.0,0.0,0.0,0.0,0.0,0.0,0.0,0.0,0.0,0.0,0.0,0.0,0.0,0.0,0.0,0.0,0.0,0.0,0.0,0.0,0.0,0.0,0.0,0.0,0.0,0.0,0.0,0.0,0.0,0.0,0.0,0.0,0.0,0.0
TTAACCAACCCTCCCT-1,0.35162773767765076,0.2558074729573531,0.025014151306459516,0.09296172075721885,0.0,0.0,0.0,0.00733911549571797,0.02211010248531635,0.0,0.0,0.0,0.0,0.0066858857856174556,0.0,0.0,0.0,0.0,0.0,0.0,0.0,0.0,0.0,0.0,0.0,0.0,0.008807586724199044,0.0,0.0,0.0,0.009256485174808673,0.0,0.0,0.0,0.0,0.0032391199645164523,0.0,0.0,0.0,0.0,0.0,0.0,0.008443729778926502,0.0,0.0,0.0,0.0,0.0,0.0,0.0,0.0,0.0,0.0,0.0,0.0,0.0,0.0,0.0,0.009563663423220181,0.0,0.0,0.013816195963222462,0.0,0.0,0.0,0.0,0.0,0.0,0.0,0.0,0.0,0.0,0.0,0.0,0.0,0.0,0.0,0.0,0.0,0.0,0.0,0.0,0.0,0.0,0.0,0.0,0.0,0.0,0.0,0.0,0.0,0.0,0.0,0.0,0.0,0.0,0.0,0.0,0.0,0.0,0.0,0.0,0.0,0.0,0.0,0.0,0.0,0.0,0.0,0.0,0.0,0.0,0.0,0.0,0.0,0.0,0.0,0.0,0.0
TTAACGTTAAAGCCTG-1,0.05313645496868299,0.04549515834806732,0.0,0.0003061806791891368,0.0,0.0,0.010162239498183434,0.0006945100315332133,0.0,0.0,0.0,0.0,0.005156168995427117,0.008945529385343938,0.0,0.0,0.015372377905018771,0.00045558886306968824,0.0,0.005936074750327737,0.0068999464439659895,0.0,0.0,0.0,0.003697456952683348,0.0,0.0,0.0,0.0,0.014095051592988767,0.0,0.0021839811951053726,0.0,0.0,0.0,0.0,0.0,0.0008115422313522786,0.0,0.0,0.0,0.0,0.003232541100577182,0.0009021495589091077,0.0,0.0,0.0,0.0,0.0,0.0,0.005522413386310469,0.0,0.0022603845063666533,0.0,0.0,0.0,0.0,0.0,0.0,0.0,0.0,0.0,0.0,0.0,0.0,0.0,0.0,0.0,0.0,0.0,0.0,0.0,0.0,0.0,0.0,0.00012435300782584762,0.0,0.0,0.0,0.0,0.00026932904284976324,0.0,0.0,0.0,0.0,0.0,0.0,0.0,0.0013002484569620948,0.0,0.0,0.0,0.0,0.0,0.0,0.0,0.0,0.0,0.0,0.0,0.0,0.0,0.0,0.0,0.0,0.0,0.0,0.0,0.0,0.0,0.0,0.0,0.0003619411668056795,0.0,0.0,0.0,0.0,0.0,0.0
TTAACTTCAGGTAGGA-1,0.3180957388698761,0.2345155150367151,0.13098546876677034,0.010748848262542056,0.0,0.0,0.09051464337388612,0.0,0.08903606324249473,0.09180807254406051,0.0,0.0,0.014104272091280363,0.0,0.0,0.0,0.0,0.000635518432803517,0.0,0.01356915780834098,0.0,0.0,0.0,0.0,0.0013897966479492175,0.0,0.0,0.0,0.011168321098246134,0.0056325033438526795,0.010450802973027406,0.004551456772733806,0.004197193189221047,0.0027616456539533455,0.0,0.008581312077974721,0.0,0.0,0.0,0.0,0.0,0.0,0.0009102470448223334,0.0,0.0,0.0,0.0,0.0,0.0,0.0,0.0,0.0,0.0019811794899085027,0.004197193189221047,0.0,0.0028962672500441704,0.0,0.0,0.004197193189221047,0.0,0.0,0.0,0.0,0.03622900461603216,0.0,0.0,0.0,0.0,0.0,0.0,0.0,0.0,0.0011071732203193495,0.0,0.0,0.0,0.0,0.0,0.0,0.0,0.0,0.0,0.0,0.0,0.0,0.0,0.0,0.0,0.0,0.0,0.0,0.0,0.0,0.0,0.0,0.0,0.0,0.0,0.0,0.0,0.0,0.0,0.0,0.0,0.0,0.0,0.0,0.0,0.0,0.0,0.0,0.0,0.0,0.0,0.0,0.0,0.0,0.0,0.0
TTACAGACCTAAATGA-1,0.35421423673803104,0.06201009706967314,0.0,0.0661702913100929,0.0,0.0,0.0,0.0,0.044474329297266274,0.015200864669813033,0.0,0.0,0.0,0.0,0.0,0.0,0.0,0.023579562619220656,0.0,0.0,0.006554741284352319,0.0,0.0,0.0,0.0,0.0,0.0,0.0,0.0,0.0,0.0,0.0,0.0,0.0,0.0,0.0,0.0,0.0,0.013754249693729013,0.0,0.0,0.0,0.0,0.0,0.0,0.0,0.0,0.0,0.0,0.0,0.0,0.0,0.0,0.0,0.0,0.0,0.0,0.0,0.0,0.0,0.0,0.0,0.0,0.0,0.0,0.0,0.0,0.0,0.0,0.0,0.0,0.0,0.0,0.0,0.0,0.0,0.0,0.007230475230780628,0.0,0.0,0.0,0.0,0.0,0.0,0.0,0.0,0.0,0.0,0.0,0.0,0.0,0.0,0.0,0.0,0.0,0.0,0.0,0.0,0.0,0.0,0.0,0.0,0.0,0.0,0.0,0.0,0.0,0.0,0.0,0.0,0.0,0.0,0.0,0.0,0.0,0.0,0.0,0.0,0.0
TTACCATTGATTACCC-1,0.48986086625454484,0.3449851985849372,0.12838432325414098,0.0,0.0,0.0,0.0,0.0,0.0,0.006560283920804208,0.0,0.018258107516073267,0.0,0.0,0.0,0.0,0.0,0.0,0.00585248299014026,0.0,0.0,0.0,0.0,0.04708792773555899,0.0,0.0,0.0,0.0040655613676456506,0.0068731926284094115,0.0,0.010292264068893506,0.0,0.0,0.001815636330748113,0.0,0.0,0.0,0.0,0.0,0.0,0.0,0.006117043037698243,0.0,0.0,0.0,0.0,0.004781396733390281,0.0,0.011355000614932102,0.0,0.0,0.0,0.0,0.0,0.0,0.0,0.0,0.0,0.0,0.0,0.02173638041167532,0.0,0.0,0.0,0.0,0.0,0.0,0.0,0.0,0.0,0.0,0.0,0.0,0.0,0.0,0.0,0.0,0.0,0.0,0.0,0.0,0.0,0.0,0.0,0.0,0.0,0.0,0.0,0.0,0.0,0.0,0.0,0.0,0.0,0.0,0.0,0.0,0.0,0.0,0.0,0.0,0.0,0.0,0.0,0.0,0.0,0.0,0.0,0.0,0.0,0.0,0.0,0.0,0.0,0.0,0.0,0.0,0.0,0.0
TTACCCTAACAGTCCT-1,0.7311793298624257,0.5941990279819502,0.06637361052982173,0.0760028482147282,0.0,0.0,0.05486137388577855,0.03602993076683297,0.050044065734981866,0.07614682451778457,0.06026222041725293,0.016783567603153984,0.025053078808427658,0.010443573101118027,0.05249343112969291,0.11171275993528777,0.0,0.015542625686120703,0.008833679527408975,0.001385617710053777,0.011552083590969663,0.020327665063464572,0.004718001706991267,0.0,0.0,0.0,0.011896432390127975,0.03223904771025572,0.0016482408407460579,0.0,0.02249827307185817,0.0,0.0,0.010843973649428941,0.0,0.007047861627580296,0.037202260145116114,0.029140453421696518,0.0,0.0,0.0,0.0010994453160250535,0.0031998711130415535,0.0013250379743600163,0.0,0.004559854911699711,0.004337289639055379,0.0,0.0018573735418335312,0.0,0.0015346136661841658,0.007099829554981312,0.00816450379061862,0.0,0.0,0.0018573735418335312,0.0,0.0,0.0,0.0,0.0,0.0,0.0,0.0,0.005411656420895243,0.006486974417231502,0.0019082026565216408,0.0,0.0,0.0,0.0,0.0,0.0,0.0,0.0004910183059543481,0.0,0.0,0.0,0.0,0.0023135492607381414,0.0,0.0,0.0,0.0,0.0,0.0026500759487200327,0.0008215740408112885,0.0,0.0,0.0,0.0,0.0,0.010557561556668194,0.0,0.0,0.0,0.0,0.0,0.0,0.0,0.0,0.0,0.0,0.0,0.0,0.0021456826192435305,0.0,0.0,0.0,0.0,0.0,0.0,0.0,0.0,0.0,0.0,0.0,0.0,0.0
TTACTATCGGCTTCTC-1,0.46127306827748915,0.013424063040078451,0.11732507942343186,0.0790060390266885,0.014841127001036908,0.0,0.06079052249958719,0.0,0.0,0.045177733705899066,0.1815578515401526,0.028300040830676134,0.0,0.015033354227109757,0.05996018864007288,0.0,0.0,0.0010239452049140443,0.0,0.01680407387574163,0.011649334534452901,0.0,0.006066018289074715,0.012057496341367501,0.0038012205345659463,0.00337127698501161,0.0,0.004386280222450224,0.0,0.0,0.007477208595904587,0.001739457894967013,0.0,0.022590268856731332,0.0,0.00811360038024409,0.0,0.0,0.0,0.0,0.0,0.0,0.0009349468941721086,0.001787256383647116,0.0,0.0,0.006734823516519075,0.002641157643699616,0.003199899070847332,0.0,0.0,0.0,0.0,0.0,0.0,0.005282315287399232,0.007577125537252339,0.0,0.0,0.0,0.0,0.0,0.0,0.0,0.0,0.0033794865601261027,0.004668269266282724,0.0,0.0,0.0,0.0,0.0,0.0,0.0,0.0,0.0,0.0,0.002641157643699616,0.0,0.0,0.0,0.0,0.0,0.0,0.0,0.0,0.0,0.0,0.0,0.0,0.0,0.0,0.0,0.0,0.0,0.0,0.0,0.0,0.0,0.0,0.0,0.0,0.0,0.0,0.0,0.0,0.0,0.0,0.0,0.0,0.0,0.0,0.0,0.0,0.0,0.0,0.0,0.0,0.0
TTACTCTGGTACGTAC-1,0.21004069483409588,0.15201397833229588,0.0,0.0,0.0,0.0,0.0,0.0,0.0034751089232291613,0.0,0.0,0.0316184752307599,0.0,0.011025318304773525,0.0,0.0,0.0,0.0,0.0,0.0,0.0,0.0,0.0,0.0,0.0,0.0,0.0,0.0,0.0,0.0,0.0,0.0,0.0,0.0,0.0,0.0,0.0,0.0,0.0,0.0,0.0,0.0,0.0,0.0,0.0,0.0,0.0,0.0,0.0,0.0,0.0013656748141224664,0.0,0.0,0.0,0.0,0.0,0.0,0.0,0.0,0.0,0.0,0.0,0.0,0.0,0.0,0.0017618172031142033,0.0,0.0,0.0,0.0,0.0,0.0,0.0,0.0,0.0,0.0,0.0,0.0,0.0,0.0,0.0,0.0,0.0,0.0,0.0,0.0,0.0,0.0,0.0,0.0,0.0,0.0,0.0,0.0,0.0,0.0,0.0,0.0,0.0,0.0,0.0,0.0,0.0,0.0,0.0,0.0,0.0,0.0,0.0,0.0,0.0,0.0,0.0,0.0,0.0,0.0,0.0,0.0,0.0
TTACTGGGATATTTCA-1,0.26350058591171416,0.590199641242377,0.02052036620384646,0.03023544603156522,0.11411825332160243,0.12454031009728413,0.0,0.0,0.003294330510314427,0.016710504161392005,0.146190506926727,0.0,0.016418900360617737,0.0140134176761105,0.0,0.0,0.0,0.0,0.03017702228165649,0.0031222996105624724,0.0,0.0,0.0,0.0,0.0075410000425597465,0.0,0.0,0.0,0.0,0.0,0.0,0.0,0.0,0.004595088615140931,0.0,0.0,0.0,0.0,0.0,0.0,0.0,0.0,0.0010958560849231678,0.0,0.0,0.003403374532957693,0.0,0.0,0.0,0.003403374532957693,0.0,0.0,0.0,0.0,0.0,0.0,0.0,0.0,0.0,0.0,0.0,0.0,0.0,0.0,0.0,0.0,0.0,0.0,0.0,0.0,0.0,0.0,0.0,0.0,0.003611951738938398,0.0,0.0,0.0,0.0,0.0,0.0,0.0,0.0,0.0048339027137421706,0.0,0.0,0.0,0.0,0.0,0.0,0.0,0.0,0.0,0.0,0.0,0.0,0.0,0.0,0.0,0.0,0.0,0.0,0.0,0.0,0.0,0.0,0.0,0.0,0.0,0.0,0.0,0.0,0.0,0.0,0.0,0.0,0.0,0.0,0.0
TTAGAAGAACATGACT-1,0.3179410822201878,0.0,0.11476349538321262,0.0,0.08649500987876162,0.0,0.03879332129151202,0.0,0.0,0.0,0.0,0.02737369993330486,0.0,0.0,0.0,0.0,0.0,0.0,0.0,0.0,0.0027908815335499406,0.0,0.0,0.0,0.0,0.0,0.0,0.0,0.0,0.0,0.0,0.0,0.0,0.0,0.0,0.0020586165096317848,0.0,0.0,0.0,0.0,0.0,0.0,0.0,0.0,0.0,0.0,0.0,0.0,0.0,0.0,0.0,0.0,0.0,0.0,0.0,0.0,0.0,0.0,0.0,0.0,0.0,0.0,0.0,0.0,0.0,0.0,0.0,0.0,0.0,0.0,0.00729710846139988,0.0,0.0,0.0,0.0,0.0,0.0,0.0,0.0,0.0,0.0,0.0,0.0,0.0,0.0,0.0,0.0,0.0,0.0,0.0,0.0,0.0,0.0,0.0,0.0,0.0,0.0,0.0,0.0,0.0,0.0,0.0,0.0,0.0,0.0,0.0,0.0,0.0,0.0,0.0,0.0,0.0,0.0,0.0,0.0,0.0,0.0,0.0,0.0
TTAGCTCTGTAATCCG-1,0.8419082220590147,0.31507980205653613,0.1770187541549906,0.08039061070336542,0.03112770542222386,0.08506968197158857,0.07740539743011249,0.12259858092704792,0.0806365634900696,0.06229560195133128,0.0,0.0,0.009368144925806269,0.01390181573765102,0.0,0.0,0.0,0.023415313297402606,0.0,0.0,0.00910632008435853,0.0,0.0,0.01892582504126528,0.0,0.01822706888700996,0.010825134368740608,0.007561763812243445,0.001839913795294783,0.0,0.006905530533652374,0.0,0.0,0.0,0.0,0.0,0.009468100423031402,0.0,0.0,0.0,0.0,0.0,0.002118890781119497,0.0016326065801109827,0.0,0.0,0.0,0.0019955594407860123,0.0,0.0,0.0,0.0,0.0,0.0016326065801109827,0.0,0.00296518998233722,0.0,0.0,0.0,0.0,0.0,0.0,0.00296518998233722,0.0,0.0,0.00608928246976629,0.0,0.0,0.019014751277856953,0.0,0.0,0.0,0.0,0.0,0.0,0.0,0.0,0.0,0.006586061505385227,0.0,0.0005832355082877027,0.0,0.0,0.0,0.0,0.0,0.0,0.0,0.0,0.0,0.0,0.0,0.0,0.0,0.0,0.0,0.0,0.0,0.0,0.0,0.0,0.0,0.0,0.0,0.0,0.0,0.0,0.0,0.0,0.0,0.0,0.0,0.0,0.0,0.0,0.0,0.0,0.0,0.0
TTAGTAGGGCGGCGGG-1,0.28972674817276434,0.2705034485403345,0.13759389262601449,0.060980445287234904,0.10008405440921554,0.0,0.0,0.035284764036565594,0.0187541727364573,0.00488040299060217,0.0,0.038005708081911546,0.0,0.0,0.0,0.0,0.0,0.07000192663445982,0.008380560933928622,0.0,0.0,0.034290718364274865,0.0,0.0,0.0,0.0,0.0,0.0,0.0,0.0,0.009930522716122978,0.0,0.021601563427440042,0.004502465759304344,0.0,0.0,0.0,0.0,0.0,0.0,0.0,0.002816132009139273,0.0,0.0,0.0,0.0,0.0,0.0,0.0,0.0,0.0,0.0,0.0,0.0,0.0,0.00661050124675571,0.0,0.0,0.0,0.0,0.0,0.0,0.0,0.0,0.0,0.0,0.0,0.0,0.0,0.0,0.0,0.0,0.0,0.0,0.0,0.0,0.0,0.0,0.0,0.0,0.0,0.0,0.0,0.0,0.0,0.0,0.0,0.0,0.0,0.0,0.0,0.0,0.0,0.0,0.0,0.0,0.0,0.0,0.0,0.0,0.0,0.0,0.0,0.0,0.0,0.0,0.0,0.0,0.0,0.0,0.0,0.0,0.0,0.0,0.0,0.0,0.0,0.0,0.0
TTATATACGCTGTCAC-1,0.667472661853546,0.16949166497770943,0.09862888428963675,0.06517060071661468,0.0,0.0,0.0,0.0,0.0,0.0,0.0,0.034623744882735494,0.0,0.0,0.0,0.0,0.0,0.013928159785089534,0.008565093381126066,0.0,0.012364509168242319,0.0,0.0,0.011867707148287655,0.007279622391343192,0.0,0.0,0.0056256200306914654,0.0,0.0,0.0,0.0009496396769480796,0.011250245305376978,0.0,0.0,0.003764103393655924,0.0,0.0,0.007279622391343192,0.0,0.0,0.0,0.0,0.005625122652688489,0.0,0.0,0.0,0.0,0.0,0.0,0.0,0.0,0.0,0.0,0.0,0.0,0.0,0.005625122652688489,0.0,0.0,0.0,0.0,0.0,0.0,0.0,0.0,0.0,0.0,0.0,0.0,0.0,0.0,0.0,0.0,0.0,0.0,0.0,0.0,0.0,0.0,0.0,0.0,0.0,0.0,0.0,0.0,0.0,0.0,0.0,0.0,0.0,0.0,0.0,0.0,0.0,0.0,0.0,0.0,0.0,0.0,0.0,0.0,0.0,0.0,0.0,0.0,0.0,0.0,0.0,0.0,0.0,0.0,0.0,0.0,0.0,0.0,0.0,0.0,0.0
TTATCGCCTGCGAAGC-1,0.6128437462723978,0.26267736834760275,0.16462801598704233,0.11672452487379112,0.0,0.0,0.01946073680196269,0.00922021063586821,0.05527549852491244,0.029386150259072215,0.0,0.008747487392214056,0.0017857316720157374,0.010345274871196398,0.0,0.07756306531622638,0.0,0.04126795094029167,0.014859597411570013,0.0,0.010206137489940635,0.0,0.025173991116469015,0.0,0.0,0.0037758649282525914,0.010249978329698275,0.005355494962097265,0.0007866109513800454,0.0,0.006111960215017967,0.0,0.0,0.005110925574111023,0.01366137446224693,0.0,0.0,0.0,0.0,0.0,0.0,0.0,0.0,0.0,0.0,0.0,0.0,0.0,0.0,0.0,0.0,0.0,0.0,0.0,0.0,0.006149582731082046,0.0,0.0,0.0,0.0,0.0,0.0,0.0,0.0,0.0,0.0029858227341812375,0.0,0.0,0.0,0.0,0.0,0.0,0.0,0.0,0.0,0.0,0.0,0.0,0.0,0.0,0.0,0.0,0.0,0.0,0.0,0.0,0.0003296682854828295,0.0,0.0,0.0,0.0,0.0,0.0,0.0,0.0,0.0,0.0,0.0,0.0,0.0,0.0,0.0,0.0,0.0,0.0,0.0,0.0,0.0,0.0,0.0,0.0,0.0,0.0,0.0,0.0,0.0,0.0,0.0,0.0
TTATCTGTATCATAAC-1,0.05950379103364353,0.036553641826353685,0.0,0.016898596272696804,0.021027603600865762,0.0,0.0,0.030107221236271332,0.0,0.0,0.0,0.0,0.0,0.0,0.0,0.0,0.0,0.0,0.0,0.0,0.0,0.0,0.0,0.0,0.0,0.0,0.0,0.0,0.0,0.0,0.0,0.0,0.0,0.0,0.0,0.0,0.0,0.0,0.0,0.0,0.0,0.0,0.0,0.0,0.0,0.0,0.0,0.0,0.0,0.0,0.0,0.0,0.0,0.0,0.0,0.0,0.0,0.0,0.0,0.0,0.0,0.0,0.0,0.0,0.0,0.0,0.0,0.0,0.0,0.0,0.007023718728824207,0.0,0.0,0.0,0.0,0.0,0.0,0.0,0.0,0.0,0.0,0.0,0.0,0.0,0.0,0.0,0.00017831589580809384,0.0,0.0,0.0,0.0,0.0,0.0,0.0,0.0,0.0,0.0,0.0,0.0,0.0,0.0,0.0,0.0,0.0,0.0,0.0,0.0,0.0,0.0,0.0,0.0,0.0,0.0,0.0,0.0,0.0,0.0,0.0,0.0
TTATGAATGAAAGGGA-1,0.5652574061503773,0.35591263103018944,0.28349745773388757,0.0,0.0,0.0,0.08151471190238464,0.0,0.0,0.015308586915545586,0.0,0.0,0.014568849991793493,0.0,0.0,0.0,0.0,0.0038251596771478615,0.0,0.0026653695397879135,0.0,0.0,0.0,0.0,0.0015611585983113427,0.013400221900241656,0.0,0.00047989499475526397,0.0017476126553903205,0.002152568726770897,0.0,0.0,0.004305137453541794,0.0,0.0,0.0,0.002152568726770897,0.0,0.0,0.0,0.0,0.00301442513042768,0.002103306548933904,0.0,0.0,0.0,0.0,0.0,0.002152568726770897,0.0,0.0,0.0,0.0,0.0,0.0,0.0,0.0,0.0,0.0,0.0,0.0,0.0,0.0,0.0,0.0,0.0,0.0,0.0,0.0,0.0,0.0,0.0,0.0,0.0,0.0,0.0,0.0,0.0,0.0,0.002152568726770897,0.0,0.0,0.0,0.0,0.0,0.0,0.0,0.0,0.0,0.0,0.0,0.0,0.0,0.002152568726770897,0.0,0.0,0.0,0.0,0.0,0.0,0.0,0.0,0.0,0.0,0.0,0.0,0.0,0.0,0.0,0.0,0.0,0.0,0.0,0.0,0.0,0.0,0.0,0.0,0.0
TTATGACAAACTGGAT-1,0.5002088258131598,0.24128532152964804,0.028084574995343545,0.10029446514500523,0.0,0.0,0.05584486576602143,0.0,0.0,0.0,0.0,0.0,0.0,0.0,0.0,0.0,0.031809782434165476,0.0063323341036430995,0.0,0.0005985984586352512,0.014860924480486563,0.0,0.028990779448040918,0.0,0.0,0.0062165320771085065,0.0,0.0017168124426942995,0.001845616910148614,0.0,0.0,0.0,0.0,0.0,0.0,0.008461780261094,0.0,0.014567300699213206,0.0,0.0,0.0,0.0011545408799313519,0.0,0.0,0.0,0.0,0.0,0.005234989074638044,0.0,0.0,0.0,0.0,0.0,0.0,0.0,0.0,0.0,0.0,0.0,0.0,0.0,0.0,0.0,0.0,0.0,0.0,0.0,0.0,0.0,0.0,0.0,0.0,0.0,0.0,0.0,0.0,0.0,0.0,0.0,0.0,0.0,0.0,0.0,0.0,0.0,0.0,0.0,0.0,0.0,0.0,0.0,0.0,0.0,0.0,0.0,0.0,0.0,0.0,0.0,0.0,0.0,0.0,0.0,0.0,0.0,0.0,0.0,0.0,0.0,0.0,0.0,0.0,0.0,0.0,0.0,0.0,0.0,0.0,0.0
TTATGATCTTAACGAA-1,0.22041720129194387,0.136972219472658,0.14516070892011476,0.0,0.14331624917295782,0.0,0.0,0.16000572822927,0.0,0.0,0.0,0.016343181637153502,0.0,0.0,0.0,0.0,0.0,0.0038895657458575877,0.025728958668447405,0.0,0.0,0.0,0.0,0.0,0.0,0.0,0.0,0.0,0.0,0.0,0.0,0.0011581515751925753,0.0,0.0,0.0,0.010524208978457841,0.0,0.0,0.0,0.0,0.0,0.0006795059248070123,0.0,0.0,0.0,0.0,0.0,0.0,0.0,0.0,0.00047913892008690667,0.0,0.0,0.0,0.0,0.0,0.0,0.0,0.006622388822379588,0.0,0.0,0.0,0.0,0.0,0.0,0.0,0.0,0.0,0.0,0.0,0.0,0.0,0.0,0.0,0.0,0.0,0.0,0.0,0.0,0.0,0.0,0.0,0.0,0.0,0.0,0.0,0.0,0.0,0.0,0.0,0.0,0.0,0.0,0.0,0.0,0.0,0.0,0.0,0.0,0.0,0.0,0.0,0.0,0.0,0.0,0.0,0.0,0.0,0.0,0.0,0.0,0.0,0.0,0.0,0.0,0.0,0.0,0.0,0.0
TTATGTTTGCGATAGA-1,0.8069075989029756,0.3823834082709395,0.11569119645880506,0.06697516249537921,0.04148548799447724,0.0,0.0,0.00545810242527996,0.06861766007183406,0.03245735844931255,0.0,0.0,0.05033603327652927,0.016086176901397558,0.0,0.11167508488521313,0.0,0.035893009787841545,0.013992026413231745,0.0,0.00794716759909848,0.0,0.0,0.03355005788431066,0.0,0.014269293859367394,0.019763783910998693,0.004544292355967561,0.0,0.0,0.01089838066330234,0.0,0.0,0.007120502603619565,0.0,0.019089763476840244,0.0,0.0,0.0,0.0,0.0,0.0,0.002945425626074662,0.0,0.0,0.010732191274388486,0.0,0.0,0.010324516121183019,0.0,0.0,0.0,0.0,0.002391666527611177,0.0,0.0034258881652191216,0.0,0.0,0.0,0.0,0.0,0.0,0.004783333055222354,0.0,0.0,0.0026381312923893564,0.0,0.0,0.0,0.0029811669764688385,0.0,0.0,0.0,0.0,0.0,0.0,0.0,0.0,0.0,0.0,0.0009308531016809161,0.0,0.0,0.0,0.0,0.0,0.0,0.0,0.0,0.0,0.0,0.0,0.0,0.0,0.0,0.0,0.0,0.0,0.0,0.0031716695427942117,0.0,0.0,0.0,0.0,0.0,0.0,0.0,0.0,0.0,0.0,0.0,0.0,0.0,0.0,0.0,0.0,0.0,0.0,0.0
TTCAATACTCTGAATC-1,0.130546744183076,0.02391378131334667,0.06320358872304813,0.04136674979883896,0.032233113177584885,0.0,0.0,0.0,0.0,0.0,0.0,0.017329400353468923,0.0,0.0,0.0,0.0,0.0,0.005248709519800383,0.011484655118499068,0.0,0.009136545751132694,0.0,0.0,0.005248709519800383,0.0,0.0,0.0,0.0,0.0,0.005248709519800383,0.0,0.0001893335703529516,0.006851940218266697,0.0,0.0,0.0,0.0,0.0,0.01654962812252799,0.0,0.0,0.0,0.0,0.0,0.0,0.0,0.0,0.0,0.0,0.0,0.0,0.0,0.0,0.005248709519800383,0.0,0.0,0.0,0.0,0.0,0.0,0.0,0.0,0.0,0.0,0.0,0.0,0.0,0.0,0.0,0.0,0.0,0.0,0.0,0.0,0.0,0.0,0.005248709519800383,0.0,0.0,0.0,0.0,0.0,0.0,0.0,0.0,0.0,0.0,0.0,0.0,0.0,0.0,0.0,0.0,0.0,0.0,0.0,0.0,0.0,0.0,0.0,0.0,0.0,0.0,0.0,0.0,0.0,0.0,0.0,0.0,0.0,0.0,0.0,0.0,0.0,0.0,0.0,0.0,0.0,0.0
TTCACGAAAGGATCAC-1,0.727525303918796,0.4220398885278691,0.18911620715340322,0.03318132718210839,0.05636318447933773,0.0,0.0317180427897841,0.08831924688933139,0.03249337398218257,0.0,0.0,0.0,0.03092834984178886,0.0078110010473188655,0.0,0.0,0.0,0.005774683546666742,0.004678077807766655,0.0,0.0073274285808656095,0.0,0.0,0.0,0.0,0.007971262837006353,0.0028058170034138477,0.009343785368680153,0.0071403949224071,0.0,0.0032166739967656867,0.0004124273605805419,0.0,0.007021818387685147,0.00961607568810657,0.0,0.0,0.013534566120024653,0.0,0.0,0.0,0.0,0.0053142145679800955,0.0,0.0,0.0,0.0,0.0,0.0,0.0038999956597727133,0.0,0.0023167210799224123,0.0,0.0,0.0,0.0,0.0,0.008862341153346638,0.0,0.0,0.0,0.0,0.0,0.0,0.0,0.0,0.007745040488029753,0.0,0.0,0.0,0.0,0.0,0.0,0.0,0.0,0.0,0.0,0.0,0.0,0.0,0.0,0.0,0.0,0.0,0.0,0.00180460844342414,0.0,0.0,0.0,0.0,0.0,0.0,0.005006669290060557,0.0,0.0,0.0,0.0,0.0,0.0,0.0,0.0,0.0,0.0,0.0,0.0,0.0,0.0,0.0,0.0,0.0,0.0,0.0,0.0,0.0,0.0,0.0,0.0,0.0,0.0
TTCAGGCGTCAAAGCC-1,0.6311381880273796,0.2527952844968914,0.1468121300600109,0.02854880671861083,0.048450060885837656,0.06981192828045694,0.04839510444727575,0.028250643877989996,0.010339429534718392,0.011771334789425722,0.0,0.0,0.01192003178103156,0.04232081352987692,0.0,0.0,0.0,0.006876261164726548,0.004405058478849758,0.004529609594710742,0.0029666924167063894,0.011094523719648693,0.0,0.0025713675072821947,0.0,0.01418518578241235,0.0,0.003736924436058346,0.015382305780636304,0.0,0.00270248143539005,0.001849584388651926,0.005559566121709193,0.0046433442786609075,0.014724977799819579,0.0,0.006072211545217652,0.0032481690986174263,0.0,0.0,0.0,0.00419241241919011,0.001995176266022655,0.001075034206400371,0.0,0.0,0.010341089391729565,0.006076651968214118,0.002440560194272881,0.0007529685291649048,0.0,0.0,0.003166307241037785,0.0,0.0,0.0,0.00120666935593644,0.0,0.0,0.008922184982307839,0.0,0.0,0.0,0.0,0.0034811733815887135,0.0,0.0,0.0,0.0,0.0,0.0,0.0,0.0,0.0,0.0,0.0,0.0,0.00120666935593644,0.0,0.0,0.0,0.0,0.0,0.0,0.0004953373444919987,0.0,0.0,0.0,0.0009537130210680488,0.0,0.0017160534130037557,0.0,0.0,0.002737256984818235,0.0,0.0,0.0,0.0,0.0,0.0,0.0,0.0,0.0,0.0,0.0,0.0,0.0,0.0,0.0,0.0,0.0,0.0,0.0,0.0,0.0,0.0,0.0,0.0,0.0
TTCCAATCTGGCTATC-1,0.397987958321825,0.08785896662039526,0.035407651586654924,0.0,0.034535279314876335,0.1077039906436079,0.0,0.1374815175874189,0.06430800574743888,0.057888803935513905,0.1264852951849237,0.02048180834243066,0.0,0.0,0.0,0.0,0.0,0.005858715331219777,0.0,0.011501905143256011,0.0,0.0422678128887914,0.0,0.0,0.0,0.01993798877859535,0.0,0.01564622571382192,0.008197753901671021,0.0,0.0066569844189544964,0.0,0.011893792058625188,0.0,0.0,0.00989283154970151,0.030258528883628993,0.0,0.0,0.0,0.0,0.0013476427008839442,0.0,0.0,0.0,0.0,0.0,0.0,0.0,0.0,0.0,0.0,0.002973448014656297,0.0,0.0,0.0,0.0,0.0,0.0,0.0,0.0,0.0,0.0,0.0,0.0,0.0,0.0,0.0,0.015334780326716788,0.0,0.0,0.0,0.0,0.0,0.0,0.0,0.0,0.004156186790137246,0.0,0.0,0.0,0.0,0.0,0.0,0.0,0.0,0.0,0.0,0.0,0.0,0.0,0.0,0.0,0.0,0.0,0.0,0.0,0.0,0.0,0.0,0.0,0.0,0.0,0.0,0.0,0.0,0.0,0.0,0.0,0.0,0.0,0.0,0.0,0.0,0.0,0.0,0.0,0.0,0.0
TTCCACACAGATTTGA-1,0.5989000473295945,0.149707045915444,0.08525574811976751,0.034702593303394674,0.0,0.025607126702450012,0.08164467149967959,0.015392444943046932,0.03487491014872802,0.19134844317978442,0.0,0.028162586792835304,0.0,0.014563709171153575,0.0,0.049217118281295,0.0,0.004703771055779955,0.0,0.0,0.0064823248979879195,0.0,0.0,0.0,0.0027056580615459703,0.007581785808626375,0.004735881067360398,0.01571661850795088,0.0036161984626270254,0.0,0.00409541975645477,0.002142189625054905,0.01190446629628311,0.002287591103659796,0.0,0.0,0.010698925594575522,0.0,0.0,0.0,0.0,0.008206225536402462,0.0010102157334322135,0.0010389784416450008,0.0,0.0,0.0,0.0016467505795044245,0.0,0.0013095389640161636,0.0,0.014902795236157274,0.0,0.0,0.0,0.0,0.0008233752897522122,0.0021329142537683757,0.0,0.0,0.0,0.0,0.0,0.0,0.0,0.0,0.0,0.0,0.0,0.0,0.0,0.0,0.0,0.0,0.0,0.0,0.0,0.0,0.0,0.0,0.0,0.0,0.0,0.0,0.001068261072878133,0.006067416531324228,0.0,0.0,0.0,0.0,0.0,0.0,0.0016536019998915664,0.0,0.0,0.0,0.0,0.0,0.0,0.0,0.0,0.0,0.0,0.0,0.0,0.0,0.0,0.0,0.0,0.0,0.0,0.0,0.0,0.0008233752897522122,0.0,0.0,0.0,0.0,0.0
TTCCGCGTGAGGCGAT-1,0.19090746531439068,0.6085665721080283,0.13001003531701075,0.06776719637248504,0.0,0.0,0.04713791405275238,0.1603995846704526,0.0,0.0,0.0,0.0,0.0,0.0,0.0,0.0,0.0369109175987203,0.0,0.024097376120368205,0.014553347780448641,0.003812701826924046,0.0,0.0,0.0,0.0,0.0,0.0,0.0,0.0,0.0,0.0,0.0,0.0,0.003331256543600592,0.01357460495907411,0.0,0.0,0.0,0.0,0.0,0.0,0.0,0.0,0.0,0.0,0.0,0.0,0.0,0.0,0.0,0.0,0.0,0.0,0.0,0.0,0.0,0.0,0.0,0.004660523777425185,0.0,0.0,0.0,0.0,0.0,0.0,0.0,0.0,0.0,0.0,0.0,0.0,0.0,0.0,0.0,0.0,0.0,0.0,0.0,0.0,0.0,0.0,0.0,0.0,0.0,0.0,0.0,0.0,0.0,0.0,0.0,0.0,0.0,0.0,0.0,0.0,0.0,0.0,0.0,0.0,0.0,0.0,0.0,0.0,0.0,0.0,0.0,0.0,0.0,0.0,0.0,0.0,0.0,0.0,0.0,0.0,0.0,0.0,0.0,0.0
TTCCGGCCTTGAGGCT-1,0.11403051538016745,0.019499753043136423,0.0,0.0007447056380186343,0.0,0.0,0.0036224292614694797,0.02368973094396449,0.0,0.0,0.0028368393554573956,0.0,0.005211671354874085,0.016585359269735377,0.01997223733871469,0.0,0.01579541101290207,0.0016531819230339267,0.0,0.01567521870623432,0.0,0.0,0.0,0.000238339373840338,0.015271810090439123,0.0,0.0001969364498098036,0.0006418747962534783,0.0018328827562588015,0.0,0.0010785605846743763,0.021097114167168564,0.0,0.0,0.0,0.0021327019604808453,0.0,0.0005302724205559911,0.016301951303760123,0.0,0.0,0.0,0.0027166875261908936,0.0,0.0,0.0,0.0004017544314096781,0.0,0.0,0.0,0.0008653370469830714,0.0,0.004057085201750854,0.0,0.0,0.0005579083063649195,0.0031785127974835055,0.0,0.0,0.0,0.0,0.0,0.0,0.0,0.0,0.0,0.0,0.0,0.0,0.0005406567057142474,0.0,0.0,0.0008400640279083207,0.0,0.0008987420781095788,8.261902078900656e-05,0.0,0.0,0.0,0.0,0.00048405168433134234,0.0,4.7104280863805474e-05,0.0,0.00034995092360893995,0.0,0.0006693221078142555,0.0,0.000903307062324844,0.0,6.436814288178487e-05,0.0,0.0,0.0,0.0,0.0,0.0,0.0,0.0,0.0,0.0,0.0,0.0,0.0,0.0,0.0,0.0,0.0,0.0,0.0,0.0,0.0,0.00015624980419252988,0.0,0.0,0.0,0.0,0.0,0.0
TTCCTCGAGGGTGTCT-1,0.6538313216030869,0.2322013887841423,0.0,0.051184848810110845,0.15400519956552083,0.0,0.0,0.0,0.004481435468080888,0.0,0.0,0.0,0.0,0.0,0.0,0.14019037866268644,0.0,0.03594294245161546,0.024705574771487295,0.0,0.0,0.027166642922223292,0.0,0.03861289582236837,0.0,0.0,0.0,0.0,0.0,0.0,0.0020131476625951704,0.0,0.0,0.0,0.0,0.0,0.0,0.0,0.0,0.0,0.0,0.0,0.0,0.0,0.0,0.0,0.0,0.0,0.0,0.0,0.0009761972910318689,0.0,0.0,0.0,0.0,0.0,0.0,0.0,0.0,0.019959733804822553,0.0,0.010443933319594883,0.0,0.0,0.0,0.0,0.0,0.0,0.0,0.0,0.0,0.0,0.0,0.006554543670974646,0.0,0.0,0.0,0.0,0.0,0.0,0.0,0.0,0.0,0.0,0.0,0.0,0.0,0.0,0.0,0.0,0.0,0.0,0.0,0.0,0.0,0.0,0.0,0.0,0.0,0.0,0.0,0.0,0.0,0.0,0.0,0.0,0.0,0.0,0.0,0.0,0.0,0.0,0.0,0.0,0.0,0.0,0.0,0.0,0.0
TTCCTCTGCCCGAATA-1,0.4728689688524565,0.32447152267063517,0.12030936536453073,0.03561907899005126,0.07835235526446363,0.0,0.10432309921510306,0.0,0.058872002029515834,0.0037764095789252832,0.06634866991873821,0.02815771989265977,0.03243806890523986,0.029198637040370724,0.0,0.049253821846458906,0.0,0.0053507004220868905,0.013967104312077344,0.012027039923597558,0.003159831393115302,0.0,0.0,0.022576008468998807,0.0,0.0,0.0034862137366259327,0.009824291368811149,0.016478035826185664,0.0,0.003808317144547483,0.0005915558774934868,0.0,0.009465308548929071,0.0,0.017560106371599323,0.008184436169324858,0.019134850744950246,0.0,0.0,0.0,0.0063883009110082606,0.0,0.0,0.0,0.0,0.0,0.0,0.0,0.0,0.0006164642082963941,0.007907942578491544,0.0,0.0,0.0,0.0,0.0,0.0,0.0,0.0,0.0,0.0,0.0,0.0,0.0029063430205206677,0.004776381650883941,0.0,0.0,0.0,0.0,0.0,0.0,0.0,0.0,0.0,0.002524341597437643,0.0,0.0,0.0,0.0,0.0005350745384217074,0.0,0.0,0.0,0.0,0.0014312524775053686,0.0,0.0,0.0,0.0,0.0,0.0014312524775053686,0.0,0.0,0.0,0.0,0.0,0.0,0.0,0.0,0.0,0.0,0.0,0.0,0.0,0.0,0.0,0.0,0.0,0.0,0.0,0.0,0.0,0.0,0.0,0.0,0.0,0.0,0.0
TTCGGGCGCTAGTCTT-1,0.09850393262682958,0.013336312837100612,0.00416033488543201,0.0006063234265118189,0.00019461014548505083,0.0006951626734734578,0.010749785389263142,0.019975596270791596,0.0011598696716939843,0.0009136521767335217,0.0,0.0,0.010852430209915973,0.007686560118304677,0.018052321913231684,0.0004980967817390428,0.004066759676540439,0.007381729059314577,0.0,0.038644907974805874,0.006838919204249969,0.0016660836640763031,0.0,0.004566016669003972,0.02510757538062927,0.03129409003677402,2.9505480919116938e-05,0.0002408760247728463,0.0013060421833673399,0.0033310424281587005,0.0011579753037442282,0.026501665078873513,0.001445952122977199,0.0,0.0,0.0,0.0,0.0006647683634133896,0.015745811958335368,0.0,0.0,0.0,0.0018271482907902244,0.0,0.0,0.0,0.0,0.00029127043535894914,0.0,0.0023410841837843716,0.0033245212453754396,0.0,0.008046238795667713,0.0,0.0012054759379820767,0.0027080191007055683,0.000995968606732152,0.0,0.0,0.0,0.0,0.0,0.0,0.0,0.0,0.0,0.0,0.0,0.00012665502962648558,0.0011258946169719632,0.0,0.0,0.001165262383968099,0.0,0.0,0.0,0.0,0.0,0.0,0.0,0.00030672810553119753,0.0,0.0,0.0,0.0,0.0,8.229563446306502e-05,0.0,0.001018424231449715,0.00010287706233340021,0.0002800757913638402,0.0,0.0,0.0,0.0,0.0,0.0,0.0,0.0,0.0,0.0,0.0005574042095140705,0.0,0.0,0.0,0.0,0.0,0.0,0.0,3.405973076906176e-05,0.0,0.0,0.0,0.0,0.0,0.0,0.00023560630730930874,0.0,0.00017787090159743224
TTCGTACTCCAGAACG-1,0.430585313580507,0.37434799025749105,0.0,0.0,0.2591646768687963,0.0,0.0,0.12192927034486177,0.01238037608132117,0.0028410776597104148,0.0,0.0,0.02794792980832314,0.0,0.0,0.0,0.0,0.013422217496372367,0.005306676321965707,0.0,0.006517205157653076,0.0,0.0,0.0,0.0013771548891149078,0.0,0.0,0.0031221590354840985,0.006589815853106229,0.0,0.0040701134472993054,0.0,0.0,0.0,0.0,0.0,0.0,0.0,0.0,0.0,0.029748292412753338,0.0,0.0,0.0,0.0,0.0,0.008746666114937995,0.0028410776597104148,0.004709974521181892,0.0,0.0,0.0,0.0,0.0028410776597104148,0.0,0.008701863568914127,0.0,0.0,0.0,0.0,0.0,0.0,0.0,0.0,0.0,0.0,0.0,0.0,0.004072565319816803,0.0,0.0,0.0,0.0,0.0,0.0,0.0,0.003991889047732234,0.0,0.0,0.0,0.0,0.0,0.0,0.0,0.0,0.0,0.0,0.0,0.0,0.0,0.0,0.0,0.0,0.0,0.0,0.0,0.0,0.0,0.0,0.0,0.0,0.0,0.0,0.0,0.0,0.0,0.0,0.0,0.0,0.0,0.0,0.0,0.0,0.0,0.0,0.0,0.0,0.0,0.0
TTCTACTTGCGAGGGC-1,0.9499089240408634,0.6199666602021205,0.09205414593710928,0.08696212917686993,0.1303565267438838,0.03676434338153631,0.0708300677277764,0.01647453122519136,0.03496598928127735,0.033103102972685504,0.0,0.01803502315789681,0.0,0.04901064928764125,0.0,0.0,0.0,0.015225094552930842,0.009287675466605985,0.0,0.00782279366833067,0.0320908762452657,0.0,0.039197338022252046,0.0,0.0,0.009203241175151564,0.011602110000417751,0.0026061524134524806,0.0,0.0027895771456796035,0.0003800634932375759,0.0,0.00098944331074101,0.0,0.010220761701330638,0.0,0.006865185283551732,0.0,0.0,0.0,0.000402275452185076,0.0,0.0017984659843597417,0.0,0.002255938007851658,0.0028791840286460217,0.00959821791916213,0.0,0.0,0.0,0.0,0.0,0.0,0.0,0.0,0.023798494228696003,0.0,0.0,0.0,0.0,0.0,0.0,0.0,0.0,0.0018828291160396656,0.0,0.0,0.0,0.0,0.0,0.0,0.0,0.0,0.0,0.00028639409450236284,0.0,0.0,0.0,0.0,0.0,0.0,0.0,0.0,0.0,0.0,0.0,0.0,0.0,0.0,0.0,0.0024015898034037892,0.0,0.0,0.006817880218259698,0.0,0.0,0.0,0.0,0.0,0.0,0.0,0.00022693623354576415,0.0,0.0,0.0,0.0,0.0,0.0,0.0,0.0,0.0,0.0,0.0,0.000795852673490362,0.0,0.0,0.0,0.0
TTCTGCCGCGCCTAGA-1,0.1815223262929447,0.022512107171721755,0.0,0.0,0.0,0.0,0.014530691458259838,0.0,0.0,0.0,0.0,0.021959478452159717,0.0,0.0,0.0,0.0,0.0,0.0,0.004687496413579384,0.0022220664258516517,0.0,0.0,0.0,0.0,0.00620350323007559,0.0,0.0,0.0,0.002796861249079731,0.0,0.0,0.0,0.0,0.0,0.0,0.0,0.0,0.0,0.0,0.0,0.0,0.0,0.0,0.0,0.0,0.00852374460110683,0.0,0.0,0.0,0.0,0.0,0.0,0.0,0.0,0.0,0.0,0.0,0.0,0.0,0.0,0.0,0.0,0.0,0.0,0.0,0.0,0.0,0.0,0.0,0.0,0.0,0.006740293492971438,0.0,0.0,0.0,0.0,0.0,0.0,0.0,0.0,0.0,0.0,0.0,0.0,0.0,0.0,0.0,0.0,0.0,0.0,0.0,0.0,0.0,0.0,0.0,0.0,0.0,0.0,0.0,0.0,0.0,0.0,0.0,0.0,0.0,0.0,0.0,0.0,0.0,0.0,0.0,0.0,0.0,0.0,0.0,0.0,0.0,0.0,0.0
TTCTGCGAGCGCCCTT-1,0.6286719705864849,0.5433667518604068,0.270981601991255,0.05149941241970748,0.0,0.0,0.010597584972686681,0.11399978799555065,0.0016001429859329663,0.012309199996899054,0.0,0.0,0.0,0.032430279839201166,0.0,0.0,0.0,0.011219942239765239,0.01817482460802079,0.008285536499043721,0.013244137720823976,0.021653095105964523,0.01699463878221823,0.021566525804045503,0.0,0.0,0.0,0.007620646388291125,0.0038195055746561664,0.004564302231267478,0.0075751961499977245,0.0,0.0,0.03085544590311841,0.0,0.0,0.0,0.0,0.0,0.0,0.0,0.004105601581773145,0.001296267228104136,0.0,0.0,0.0,0.0,0.0,0.0,0.009128604462534957,0.0,0.00839165493923508,0.0,0.0,0.0,0.0,0.0,0.0,0.0033057494109202334,0.0,0.0,0.0,0.0,0.0,0.007761920865087929,0.008910345137588139,0.0,0.0,0.0,0.0,0.0,0.0,0.0,0.0,0.0,0.0,0.0,0.0,0.0,0.0,0.0,0.0,0.0,0.0,0.0,0.0,0.0,0.0,0.0,0.0,0.0,0.0,0.0,0.0,0.0,0.0,0.0,0.0,0.0,0.0,0.0,0.0,0.0,0.0,0.0,0.0,0.0,0.0033057494109202334,0.0,0.0,0.0,0.0,0.0,0.0,0.0,0.0,0.0,0.0,0.0
TTCTGCTAGACTCCAA-1,0.09644867484725023,0.0,0.0,0.0,0.0217514288437249,0.0,0.012245290985859997,0.0,0.009603411496945807,0.0,0.0,0.0,0.0,0.0,0.0,0.0,0.011732680249280236,0.0,0.0,0.0,0.0,0.0,0.0,0.0,0.0,0.0,0.0,0.0,0.0,0.0,0.0,0.0,0.0,0.0,0.0,0.0,0.0,0.0,0.0,0.0,0.0,0.0,0.0,0.0,0.0,0.0,0.0,0.0,0.0,0.0,0.0,0.0,0.0,0.009563663423220181,0.0,0.0,0.0,0.0,0.009563663423220181,0.0,0.0,0.0,0.0,0.0,0.0,0.0,0.0,0.0,0.0,0.0,0.0,0.0,0.0,0.0,0.0,0.0,0.0,0.0,0.0,0.0,0.0,0.0,0.0,0.0,0.0,0.0,0.0,0.0,0.0,0.0,0.0,0.0,0.0,0.0,0.0,0.0,0.0,0.0,0.0,0.0,0.0,0.0,0.0,0.0,0.0,0.0,0.0,0.0,0.0,0.0,0.0,0.0,0.0,0.0,0.0,0.0,0.0,0.0,0.0
TTCTTGAGCCGCGCTA-1,0.26141638770676556,0.16878135921800747,0.24292748437053488,0.07431377682022809,0.0,0.0,0.0,0.0,0.0018034832140190295,0.006739757023401372,0.0,0.06547136255547256,0.0,0.016870696568289344,0.0,0.18538360922323716,0.0,0.007019643397066323,0.018162269755547814,0.00548890182120035,0.0,0.0,0.014363739134839931,0.0,0.0,0.0,0.0,0.004103428115397141,0.00860334115660169,0.0,0.0,0.0,0.0,0.0,0.0,0.0,0.0,0.0,0.0,0.0,0.0,0.001668003783774236,0.0,0.0,0.0,0.006095875342847797,0.0,0.0,0.0,0.0,0.0,0.0,0.0045927835900869945,0.0,0.0,0.0,0.0,0.0,0.0,0.012834787950643089,0.0,0.0,0.0,0.0,0.0,0.0,0.0,0.0,0.0,0.0,0.0,0.0,0.0,0.0,0.0,0.0,0.0,0.0,0.0,0.0,0.0,0.0045927835900869945,0.0,0.0,0.0,0.0,0.0,0.0,0.0,0.0,0.0,0.0,0.0,0.0,0.0,0.0,0.0,0.0,0.0,0.0,0.0,0.0,0.0,0.0,0.0,0.0,0.0,0.0,0.0,0.0,0.0,0.0,0.0,0.0,0.0,0.0,0.0,0.0,0.0
TTCTTGGACGATCTGC-1,0.013712893106597075,0.035710714718647306,0.026471108340731943,0.0021004889078035686,0.0018791584203136924,0.0,0.008175943478866366,0.01294190680582752,0.0,0.0010440573889800868,0.0,0.008241175419445647,0.007246270690398465,0.0111436711089237,0.0,0.001175136895039717,0.01258578270315861,0.000898205323067638,0.0,0.02473483097867966,0.0,0.015686273806120206,0.0,0.0011480249509776312,0.010109789706492529,0.0018210189314956603,0.0,0.0009486437707674018,0.0002562972258262702,0.005114801296436401,0.0001849295149297543,0.004846559814982046,0.00576766452612709,0.002959339697566931,0.0,0.000960588207351005,0.0,0.000869052611124366,0.0,0.0,0.0,0.0006866739333706379,0.0014032603864898938,0.0,0.0,0.0,0.0,0.0,0.0,0.001349528974647928,0.004442264369167153,0.0,0.0001676275100205548,0.0,0.0,0.0,0.001078164598507654,0.0,0.0,0.0,0.0,0.0,0.0,0.0,0.0,2.9876109605731473e-05,0.0,0.0,0.0,0.0,0.0,0.0,0.0007533915404578124,0.0,0.0,0.0,0.0,0.0,0.0,0.0,0.0003759046784662579,0.0,0.0,0.0,0.0,0.0,0.0,0.0,0.0,0.0,0.0,0.0,0.0,0.0,0.0,0.0,0.0,0.0,0.0,0.0,0.0,0.0,0.0,0.0,0.0,0.0,0.0,0.0,0.0,0.0,0.0,0.0,0.0,0.0,0.0,0.0,0.0,0.0,0.0
TTCTTGTAACCTAATG-1,0.8291246900431323,0.3894803564746066,0.042470029978708204,0.0806674937483776,0.03504499210057606,0.0,0.09655572123448646,0.0,0.033988813314020185,0.006476924525671092,0.0,0.025190278639387994,0.008710031440267722,0.027550294025222462,0.0,0.0,0.0,0.0,0.0045241481011419945,0.0,0.005221972053519541,0.0,0.0,0.0,0.0,0.0035781556361755918,0.0,0.010851024223088729,0.003198960490493416,0.0,0.0,0.00044526556209172844,0.0,0.0,0.0,0.014136613158800831,0.008087798293919778,0.0,0.0,0.0,0.01864371709509777,0.0,0.0,0.004273380470760761,0.0,0.005019429195945155,0.0,0.0,0.010367937186634897,0.0,0.0,0.0,0.0,0.0,0.0,0.0,0.0,0.005892393755299031,0.0,0.0,0.0,0.0,0.0,0.0,0.0,0.0,0.0,0.0,0.0,0.0,0.0,0.0,0.0,0.00800027126629459,0.0,0.0,0.0,0.0,0.0,0.0,0.0,0.0,0.0,0.0,0.0,0.0030683690979746224,0.0,0.0,0.0,0.0,0.0,0.0,0.006600143609897779,0.0,0.0,0.0,0.0,0.0,0.0,0.0,0.0,0.0,0.0,0.0,0.0,0.0,0.0,0.0,0.0,0.0,0.0,0.0,0.0,0.0,0.0,0.0,0.0,0.0,0.0
TTGAATATGGACTTTC-1,0.03910399067075732,0.0,0.0,0.0,0.0,0.0,0.0,0.0,0.0023273456255348208,0.0,0.0,0.0,0.0,0.0,0.0,0.0,0.0,0.0,0.0,0.00629091979081566,0.0058006322925540765,0.0,0.0,0.0,0.0,0.0,0.0,0.0,0.0038210127896182557,0.0,0.0,0.0,0.0,0.0,0.0,0.0,0.0,0.0,0.0,0.0,0.0,0.0,0.0,0.0,0.0,0.0,0.0,0.0,0.0,0.0,0.0,0.0,0.0,0.0,0.0,0.0,0.0,0.0,0.017341092233993532,0.0,0.0,0.0,0.0,0.0,0.0,0.0,0.0,0.0,0.0,0.0,0.0,0.0,0.0,0.0,0.0,0.0,0.0,0.0,0.0,0.0,0.0,0.0,0.0,0.0,0.0,0.0,0.0,0.0,0.0,0.0,0.0,0.0,0.0,0.0,0.0,0.0,0.0,0.0,0.0,0.0,0.0,0.0,0.0,0.0,0.0,0.0,0.0,0.0,0.0,0.0,0.0,0.0,0.0,0.0,0.0,0.0,0.0,0.0,0.0
TTGACATGAACGTGGA-1,0.21878562787854425,0.0,0.06476227474230419,0.04382370714437213,0.08281993219386158,0.0,0.043126875657906884,0.0,0.005445830601376814,0.0,0.0,0.04275619677406954,0.0,0.0,0.0,0.0,0.0,0.0,0.0,0.0,0.0066362451003863935,0.0,0.0,0.0,0.0,0.0,0.0,0.0,0.0,0.01864423812066435,0.0,0.0,0.0,0.0,0.0,0.0,0.0,0.0,0.0,0.0,0.0,0.0,0.0,0.0074704499279951864,0.0,0.0,0.0,0.0,0.0,0.0,0.0,0.0,0.0,0.0,0.009322119060332175,0.0,0.03543680710899171,0.0,0.0,0.0,0.0,0.0,0.0,0.0,0.0,0.0,0.0,0.0,0.0,0.0,0.0,0.0,0.0,0.0,0.0,0.0,0.0,0.0,0.0,0.0,0.0,0.0,0.0,0.0,0.0,0.0,0.0,0.0,0.0,0.0,0.0,0.0,0.0,0.0,0.0,0.0,0.0,0.0,0.0,0.0,0.0,0.0,0.0,0.0,0.0,0.0,0.0,0.0,0.0,0.0,0.0,0.0,0.0,0.0,0.0,0.0,0.0,0.0,0.0
TTGACCATGTTCTCCG-1,0.14079145442296076,0.09969865427661365,0.0,0.028012883330914784,0.04020032442197785,0.0,0.0,0.0,0.019491566397711158,0.012749685824427412,0.0,0.0,0.0,0.011478921889220603,0.0,0.0,0.0,0.007082823171777617,0.0,0.0058699770484825775,0.0,0.0,0.0,0.006641151705092474,0.0,0.0,0.0,0.001889897902247682,0.0017259198675494709,0.0,0.0,0.0,0.003027563732634382,0.003425797876956057,0.0,0.0,0.0,0.0,0.0,0.0,0.008524429952731933,0.0,0.0,0.0,0.0,0.012990452081343792,0.0,0.017568401356795174,0.0,0.0,0.000697484989608499,0.0,0.0,0.003027563732634382,0.0,0.0,0.0,0.0,0.0,0.0,0.0,0.0,0.0,0.0,0.0,0.0,0.0,0.0,0.0,0.0,0.0,0.0,0.0,0.0,0.0,0.0,0.0,0.0,0.0,0.0,0.0,0.0,0.0,0.0,0.0,0.0,0.0,0.0,0.0,0.0,0.0,0.0,0.0,0.0,0.0,0.0,0.0,0.0,0.0,0.0,0.0,0.0,0.0,0.0,0.0,0.0,0.0,0.0,0.0,0.0,0.0,0.0,0.0,0.0,0.0,0.0,0.0,0.0,0.0
TTGACCGTGTTAATGA-1,0.03599366059364177,0.050648995513721894,0.00466335977956942,0.004034795572479868,0.0019875248998566897,0.003504216598789245,0.0022964694511969537,0.0322074191670948,0.0,0.00520487247457819,0.0,0.03542802328230417,0.0274457469625187,0.0,0.07075664896758689,0.0,0.010032215160909179,0.003787592415310893,0.0,0.0008718268672493953,0.0,0.006608422779257297,0.0,0.003476565241017135,0.00607971573941388,0.0,0.0003365540027454971,0.0006896486866070238,0.0004766007640836743,0.004353139195898102,0.0,0.005473366505388057,0.012821283583697076,0.0,0.0,0.0,0.0,0.0,0.0,0.0,0.006518389914061927,0.0,0.0010252594856329001,0.0027856492793566488,0.0,0.0,0.0,0.0,0.0,0.0024294421621648167,0.00575719064132538,0.0,0.009854691845025843,0.0,0.0006231625032327448,0.0,0.0014108835879773991,0.0,0.0,0.0,0.0,0.0,0.0,0.0,0.0004647979791372024,0.0,0.0,0.0,0.00020401238796609496,0.0010372834319176188,0.0,0.0,0.0002917815097484855,0.0,0.0025018757935058684,0.0,0.0,0.0,0.0,0.0,0.00047798268912527015,0.0,0.001231246004164269,0.0,0.0001528383070866967,0.0,9.183327639086434e-05,0.0,0.0,0.0,0.0,0.0,0.0,0.0,0.0,0.000951681245475948,0.0,0.0,0.0,0.0,0.0,0.0,0.0,0.0,0.0,0.0,0.0,0.0,0.0,0.0,0.0,0.0,0.0,0.0,0.0,0.0,0.0,0.0,0.0
TTGACTACCATATGGT-1,0.31901843659366713,0.0,0.0,0.0,0.0,0.0,0.0,0.0036502114103169505,0.011391775319782594,0.0,0.0,0.027419959894746306,0.0,0.0,0.0,0.0,0.0,0.007525833725230356,0.0,0.0,0.0,0.0,0.0,0.0,0.0,0.0,0.0,0.0,0.0,0.0,0.003947843619763472,0.0,0.0066552742708393675,0.0,0.0,0.0,0.0,0.0,0.0,0.0,0.0,0.0,0.0,0.0066552742708393675,0.0,0.0066552742708393675,0.0,0.0,0.0,0.0,0.0,0.002736375211116819,0.0,0.0,0.0,0.0,0.0,0.0,0.0,0.0,0.0,0.0,0.0066552742708393675,0.0,0.0,0.0,0.0,0.0,0.0,0.0,0.0,0.0066552742708393675,0.0,0.0,0.0,0.0,0.0,0.0,0.0,0.0,0.0,0.0,0.0,0.0,0.0,0.0,0.0,0.0,0.0,0.0,0.0,0.0,0.0,0.0,0.0,0.0,0.0,0.0,0.0,0.0,0.0,0.0,0.0,0.0,0.0,0.0,0.0,0.0,0.0,0.0,0.0,0.0,0.0,0.0,0.0,0.0,0.0,0.0,0.0
TTGAGAGTACTGCTAA-1,0.3047865940448087,0.0,0.2210369726257795,0.05831808315561744,0.0,0.0,0.0,0.0,0.014041691957301174,0.0,0.0,0.03914463792866022,0.0,0.0,0.0,0.0,0.0,0.008540395549037653,0.0,0.021632327245396304,0.0,0.03948523399998441,0.0,0.0,0.0,0.0,0.0,0.0,0.0,0.0,0.0,0.0,0.0,0.0,0.0,0.0037827276334074533,0.0,0.0,0.0,0.0,0.0,0.0,0.0,0.0,0.0,0.0,0.0,0.0,0.0,0.0,0.0,0.0,0.0,0.0,0.0,0.0,0.0,0.0,0.0,0.0,0.0,0.0,0.007083622291271564,0.0,0.0,0.0,0.0,0.0,0.0,0.0,0.0,0.0,0.0,0.007083622291271564,0.0,0.0,0.0,0.0,0.0,0.0,0.0,0.0,0.0,0.0,0.0,0.0,0.0,0.0,0.0,0.0,0.0,0.0,0.0,0.0,0.0,0.0,0.0,0.0,0.0,0.0,0.0,0.0,0.0,0.0,0.0,0.0,0.0,0.0,0.0,0.0,0.0,0.0,0.0,0.0,0.0,0.0,0.0,0.0,0.0
TTGATTAGCTGTTTCT-1,0.20286568975103847,0.03987360183529394,0.08802881596883556,0.02930470519710846,0.0,0.04253289738543023,0.021263327652076277,0.0,0.011824244274649502,0.011069882711301203,0.0,0.019778351801954728,0.0338964179760432,0.01673499597591812,0.051015173529454526,0.0,0.0,0.0017426087364899971,0.0,0.00901039275766271,0.009477147386973752,0.0,0.0014048574007113792,0.006060316265247304,0.002994821016412343,0.0,0.004735015952032679,0.0008563835031177264,0.0,0.0,0.002378032483270499,0.004047272496647942,0.0,0.005409671857900076,0.005648382610997427,0.0,0.0,0.0,0.0031920744349562824,0.0,0.0,0.0,0.0009192749760452638,0.0,0.0,0.0,0.0,0.0,0.0,0.001775808114720356,0.0,0.0,0.0,0.0,0.0,0.0,0.01459476403300075,0.0,0.0,0.0,0.0,0.0,0.0,0.0,0.0,0.0009239763384473301,0.0,0.0,0.0,0.0006905869368711134,0.0,0.0,0.0,0.0,0.0,0.0,0.0,0.001775808114720356,0.0,0.0,0.0,0.0,0.0011505637656137116,0.0,0.0,0.0,0.0,0.0,0.0,0.0,0.0,0.0,0.0,0.0,0.0,0.0,0.0,0.0,0.0,0.0,0.0,0.0,0.0,0.0,0.0,0.0,0.0,0.0,0.0,0.0,0.0,0.0,0.0,0.0,0.0,0.0,0.0,0.0,0.0
TTGATTATGCAGATGA-1,0.239461068222395,0.0975925465818267,0.06842815895309365,0.0,0.0,0.16674036922693056,0.0,0.0,0.006106198603017194,0.05030902459119314,0.10061566389921568,0.0,0.0,0.022427634610167644,0.029984789410378333,0.0,0.023414684802046254,0.0,0.0,0.0,0.009803666226578571,0.0,0.0,0.0,0.0,0.0,0.0,0.003411642922835632,0.0015062672071785395,0.0,0.0,0.0,0.0,0.0,0.003840000326817008,0.0,0.0,0.0,0.0,0.0,0.0,0.0,0.0,0.0,0.0,0.0,0.005588030886562357,0.0,0.003273846751013097,0.0,0.0,0.0,0.0,0.0,0.0,0.0,0.0,0.0,0.0,0.0,0.0,0.0,0.004379766937241357,0.0,0.0,0.004527787117881841,0.0,0.0,0.0,0.0,0.0,0.0,0.0,0.0,0.0,0.0,0.0,0.0,0.0,0.0,0.0,0.0,0.0,0.0,0.0,0.0,0.0,0.0,0.0,0.0,0.0,0.0,0.0,0.0,0.0,0.0,0.0,0.0,0.0,0.0,0.0,0.0,0.0,0.0,0.0,0.0,0.0,0.0,0.0,0.0,0.0,0.0,0.0,0.0,0.0,0.0,0.0,0.0,0.0
TTGCACAATTCAGAAA-1,0.525322523530386,0.33971497431752984,0.09457518818947618,0.05439946093170896,0.057764874156370286,0.0,0.0,0.0,0.0033699701821885792,0.0,0.0,0.01892579383390241,0.0443073403774573,0.0,0.0604938128171368,0.0,0.0,0.023193477128045623,0.00844186214219221,0.00532742115301775,0.0,0.0,0.0,0.009888971537045913,0.004910568895502952,0.0,0.0,0.0,0.0014795127303203059,0.0032328548198831864,0.0,0.0,0.0,0.0055174077889071855,0.0,0.001410657043368019,0.0,0.0,0.0,0.02681487434659381,0.0,0.0,0.0015896554912601254,0.006100262148386736,0.0,0.0,0.0,0.0,0.0,0.00704668437027509,0.0,0.0,0.0,0.0010924402010287777,0.0,0.005352437407224005,0.0,0.0,0.0,0.0,0.0,0.0,0.0,0.0,0.0,0.0,0.0,0.0,0.0,0.0,0.0,0.0,0.0,0.0,0.013513751145967217,0.0,0.0,0.003069192821945125,0.0,0.0,0.0,0.0,0.0,0.0,0.0007340584823439828,0.0,0.0,0.0,0.0,0.0,0.0,0.0,0.0,0.0,0.0,0.0,0.0,0.0,0.0,0.0,0.0,0.0,0.0,0.0,0.0,0.0,0.0,0.0,0.0,0.0,0.0,0.0,0.0,0.0,0.0,0.0,0.0,0.0,0.0
TTGCATGCTGATCACG-1,0.0969274053927908,0.23197486232389108,0.0743493835437976,0.0,0.0,0.0,0.0,0.0,0.0044799654445120555,0.0,0.0,0.010803682830364977,0.0,0.0,0.0,0.0,0.0028022249974156434,0.00785726736705798,0.0,0.0,0.0,0.0,0.0,0.0,0.0,0.0,0.0,0.0,0.0,0.0,0.0,0.0,0.0,0.0,0.0,0.0,0.0,0.0,0.0,0.0,0.0,0.0,0.0,0.0,0.0,0.0,0.0,0.0,0.0,0.0,0.0,0.0,0.0,0.008848370328798708,0.008848370328798708,0.0,0.0,0.0,0.0,0.0,0.0,0.0,0.0,0.0,0.0,0.0,0.0,0.0,0.005307014016075652,0.0,0.0,0.0,0.0,0.0,0.0,0.0,0.0,0.0,0.0,0.0,0.0,0.0,0.0,0.0,0.0,0.0,0.0,0.0,0.0,0.0,0.0,0.0,0.0,0.0,0.0,0.0,0.0,0.0,0.0,0.0,0.0,0.0,0.0,0.0,0.0,0.0,0.0,0.0,0.0,0.0,0.0,0.0,0.0,0.0,0.0,0.0,0.0,0.0,0.0
TTGCCCTGATCACGGG-1,0.14056858639728412,0.09971379933322316,0.07042366314013213,0.041389661889703576,0.0,0.0,0.06703809831736364,0.0,0.015576354459252394,0.0,0.0,0.038854004065233275,0.0,0.0,0.0,0.0,0.0,0.0,0.020496472719253304,0.0,0.009761070796623816,0.0,0.0,0.01944431361098886,0.0,0.0,0.0,0.003590536325659939,0.0024867819991698423,0.0,0.0,0.002669479936989903,0.0,0.00507900115045173,0.0,0.0,0.0,0.0,0.0,0.0,0.0,0.0,0.0,0.0,0.0,0.0,0.0,0.0,0.0,0.0,0.0,0.0,0.0,0.0,0.0,0.0,0.0,0.0,0.005025769610381314,0.0031072614159314716,0.0,0.0,0.0,0.0,0.0,0.0,0.0,0.0,0.0,0.0,0.0,0.0,0.003590536325659939,0.0,0.0,0.0,0.0,0.005025769610381314,0.0,0.0,0.0,0.0,0.0,0.0,0.0,0.0,0.0,0.0,0.0,0.0,0.0,0.0,0.0,0.0,0.0,0.0,0.0,0.0,0.0,0.0,0.0,0.0,0.0,0.0,0.0,0.0,0.0,0.0,0.0,0.0,0.0,0.0,0.0,0.0,0.0,0.0,0.0,0.0,0.0
TTGCGGCATCAGAAAG-1,0.2593662300256721,0.02401325241705966,0.013814273562959901,0.004068969445681829,0.00309620189155675,0.0,0.033307720976544844,0.062111643272398306,0.0,0.009120340012320663,0.0,0.0,0.009829732767681515,0.003942357108684689,0.027167289528093972,0.0038389456223515794,0.012653461386118751,0.0019371518384627123,0.0,0.009049961139235773,0.005795707835891999,0.0,0.0,0.003303159075013198,0.002572418054624141,0.0,0.0005260918436966721,0.0011043975842648403,0.0023110239659720274,0.006574649402452108,0.003063194988366405,0.0,0.0,0.0,0.001061946657313607,0.006780649382171338,0.0,0.002312829480294389,0.0,0.0,0.0,0.004972789260541356,0.0029290389265712183,0.0,0.0,0.0,0.0,0.0,0.0,0.0038887816053774743,0.0,0.0,0.0008165989273330404,0.0,0.0,0.00034649845144135515,0.0,0.0,0.0,0.0,0.0,0.0,0.0,0.0,0.0,0.0,0.0,0.0,0.0,0.0,0.0,0.0,0.0005127187878579654,0.0,0.0,0.0006256127465403547,0.0,0.0016697650048789641,0.0,0.00019717274650876915,0.0005884139105090567,0.0,0.0003943454930175383,0.0,0.0,0.0,0.00044185120857043484,0.0,0.0013856045981676997,0.0,0.0,0.0,0.0,0.0006530885275113986,0.0,0.0,0.0,0.0,0.0,0.0,0.0,0.0,0.0,0.0,0.0,0.0,0.0,0.0,0.0,0.0,0.0,0.0,0.0,0.0,0.0,0.0,0.0,0.0,0.0
TTGCGTAGTTTGAGGA-1,0.2559929228109556,0.4423454901158418,0.014398722208839209,0.05001994638648857,0.0828233954179086,0.05944761647041465,0.05741225466270655,0.0,0.045577897663072756,0.024735327741043787,0.0,0.01005482172339796,0.002792304167511548,0.009680567867443373,0.0,0.06828140924537086,0.0,0.026425135675711017,0.0,0.0,0.006260994711223651,0.013386958103804341,0.0,0.0,0.001903445848473667,0.014907971667817328,0.0,0.009353307109899959,0.00213707184142374,0.0,0.006427389952175612,0.0,0.0,0.004331636595912913,0.0,0.0,0.0,0.016928057616220522,0.00312144687125501,0.0,0.0,0.0,0.0011346173754984003,0.0,0.0,0.0,0.0,0.007980438643581101,0.0,0.00312144687125501,0.0,0.0,0.0,0.0,0.0,0.0,0.0021544505009152555,0.0,0.0,0.0,0.0,0.0,0.0,0.0,0.0011815656107302223,0.002865673972958418,0.0,0.0,0.0,0.0,0.0,0.0,0.0,0.0,0.0,0.0,0.0,0.0,0.0,0.0021544505009152555,0.0,0.0,0.0,0.0,0.0,0.00448193362890841,0.0,0.0,0.0,0.0,0.0,0.0,0.0,0.0,0.0,0.0,0.0,0.0,0.0,0.0,0.0,0.0,0.0,0.0,0.0,0.0,0.0,0.0,0.0,0.0,0.00312144687125501,0.0,0.0,0.0,0.0,0.0,0.0,0.0,0.0
TTGCGTCGGCCAACCG-1,0.9754849853226353,0.396387398439263,0.2343544574781537,0.01889286356337841,0.01070811439940098,0.0,0.010715690529431098,0.021192320747375586,0.043199276011548465,0.07140658639206775,0.0,0.0,0.0,0.0,0.0,0.08545088018683165,0.0,0.004202565677079255,0.0,0.0013724176378027933,0.006914651783717111,0.0,0.0,0.0,0.007992879726888625,0.00208279779428477,0.0,0.012136738917892364,0.0069543034351778115,0.0,0.003252923799223165,0.0010813766794552438,0.0,0.0,0.0,0.0,0.01053960836191262,0.02094244055774772,0.0,0.0,0.0,0.00997631637747585,0.002389345523544542,0.0,0.0,0.0,0.0,0.0,0.0,0.0,0.0,0.0,0.0,0.0013724176378027933,0.0,0.0,0.0,0.0,0.003137228262307729,0.0,0.0,0.0,0.0,0.0,0.0,0.0,0.0,0.014343955677806388,0.0,0.0,0.0,0.0,0.0,0.0,0.001490916836513621,0.0,0.0,0.0,0.0,0.0,0.0,0.0,0.0,0.0,0.003459820933260865,0.0013724176378027933,0.0007746693452071869,0.0,0.0,0.0,0.0,0.0,0.0,0.0,0.0,0.0,0.0,0.0,0.0,0.0,0.0013724176378027933,0.0,0.0,0.0,0.0,0.0,0.0,0.0,0.0,0.0,0.0,0.0,0.0,0.0,0.0,0.0,0.0,0.0,0.0
TTGCTCCCATACCGGA-1,1.109593251825479,0.6147508700378084,0.18253791124391552,0.10104906511952591,0.11301383415215603,0.0,0.023368108658017427,0.022496174833508607,0.03803218187663247,0.02188180815480504,0.0,0.008900114082826155,0.013416464168906793,0.0,0.0,0.0,0.0,0.026762334411060303,0.03717663970785826,0.0018414042668533563,0.0,0.008787851344506816,0.0,0.0,0.003058161577008002,0.0,0.0,0.007300940396772616,0.00197984446422343,0.0,0.0038832341098771128,0.0,0.0,0.011677602703815154,0.0,0.0,0.0,0.0,0.0012301616716216067,0.0,0.0,0.001675647226778528,0.0,0.0,0.0,0.003165011180388377,0.004878559729061002,0.0,0.0,0.0,0.0007891035348775989,0.0,0.0,0.0,0.0,0.0,0.0,0.004337026617827189,0.0,0.0,0.027810709447749233,0.0,0.0035356669736584683,0.0,0.0,0.0,0.0,0.0,0.0,0.0071782873901638945,0.004337026617827189,0.0,0.0,0.0,0.0,0.0,0.0,0.0,0.0,0.0,0.0,0.0,0.0,0.0,0.003551755515127757,0.0,0.0,0.0,0.0012301616716216069,0.0,0.0018867120687243004,0.0,0.0,0.0,0.0,0.0,0.0,0.0006459823505118156,0.0,0.0,0.0,0.0,0.0,0.0,0.0,0.0,0.0,0.0,0.0,0.0,0.0,0.0,0.0,0.0,0.0,0.0,0.0,0.0,0.0
TTGCTGATCATGTTCG-1,0.4375854834921724,0.18410813822800115,0.10392510047249086,0.0892891377038553,0.021321981904848724,0.18611833960330393,0.06557331115870535,0.0,0.0,0.0,0.0,0.0,0.0005270096953596091,0.0,0.04895522524794454,0.0,0.0,0.009208950150283984,0.0,0.0,0.008901365733523344,0.0,0.0,0.0,0.0014557439493950279,0.0,0.001892915887427244,0.0005270096953596091,0.0022501126227791454,0.0,0.0,0.0,0.0,0.004114239667662986,0.0,0.0,0.0,0.0,0.0,0.0,0.0,0.0,0.004484322234296701,0.0,0.0,0.0,0.0,0.0,0.0,0.0034417078802816427,0.0,0.0,0.0,0.0015028716673673348,0.0,0.0,0.0,0.004978592238284688,0.0,0.0,0.0,0.0,0.0,0.0,0.0,0.0,0.0,0.0,0.0,0.0,0.0,0.0,0.0,0.0,0.0003750080660135025,0.0,0.0,0.0,0.0,0.0,0.0,0.0,0.0,0.0,0.0,0.0,0.0,0.0,0.0,0.0,0.0,0.0,0.0,0.0,0.0,0.0,0.0,0.0,0.0,0.003170909112518698,0.0,0.0,0.0,0.0,0.0,0.0,0.0,0.0,0.0,0.0,0.0,0.0,0.0,0.0,0.0,0.0,0.0,0.0,0.0
TTGGAAGAATACAGTC-1,0.0034577887141230314,0.004293002293826011,0.0,0.0,0.0009238188232783563,0.0,0.00669896673565467,0.020359339802804875,0.0004998254390614774,0.00023529846425973368,0.0,0.008052858109878566,0.005090424352843219,0.01904344576345389,0.001298554190889134,0.0003906659003541477,0.001986825447668855,0.0,0.0,0.023914112908498073,0.0031961583080166484,0.0,0.0,0.0011317977882256036,0.005772690864061528,0.0,5.5010601066856894e-05,0.0,0.0011507932156619373,0.004837703721562894,0.0004872803700730838,0.008152675348266959,0.00034517523393747657,0.0,0.0,0.0,0.0,0.0002179902896469615,0.0,0.0,0.0,0.00011144153391445234,0.0007932367088745589,0.0,0.0,0.0,0.0,0.0,0.0,0.0,0.005627198748237172,0.0,0.0019576975828694424,0.0,5.8961096363968495e-05,0.0,0.0030674929035016093,0.0,0.0,0.0,5.564729780765231e-05,0.0,0.0,0.0,0.0,0.0,0.0,0.0,0.0,0.0,0.0,0.0,0.0031645879934094714,0.0,0.0,8.953957571969872e-05,0.0,0.0,0.0,0.0,0.0006236069047564762,0.0,0.0,0.0,0.0,0.0,6.134724375689421e-05,0.0,0.000491959608322305,0.0,0.0,0.0,5.896109636396851e-05,0.0,0.0,0.0,0.0,0.00012131048364884996,0.0,0.0,0.0,0.0,0.0,0.0,0.0,0.0,0.0,0.0,0.0,0.0,0.0,0.0,0.0,0.0,0.0,0.00050994743513738,0.0,0.0,0.0
TTGGACATGTGGCTTA-1,0.27740454799053904,0.061300248187906414,0.0,0.0,0.0,0.0,0.0,0.0,0.0,0.04842168989305902,0.0,0.027008930010278626,0.0,0.0,0.0,0.0,0.0,0.0,0.0,0.004326993145857146,0.015113570544620423,0.0,0.0,0.0,0.0,0.0,0.0,0.0,0.005985408645177638,0.006984281510431957,0.0,0.0,0.0,0.003961421925466203,0.0,0.0,0.0,0.0,0.0,0.0,0.0,0.0,0.0,0.0,0.0,0.0,0.0,0.0,0.0,0.0,0.0,0.0,0.0,0.006984281510431957,0.0,0.0,0.0,0.0,0.0,0.0,0.0,0.0,0.0,0.0,0.0,0.0,0.0,0.0,0.0,0.0,0.0,0.0,0.0,0.0,0.0,0.0,0.0,0.0,0.0,0.0,0.0,0.0,0.0,0.0,0.0,0.0,0.0,0.0,0.0,0.0,0.0,0.0,0.0,0.0,0.0,0.0,0.0,0.0,0.0,0.0,0.0,0.0,0.0,0.0,0.0,0.0,0.0,0.0,0.0,0.0,0.0,0.0,0.0,0.0,0.0,0.0,0.0,0.0,0.0
TTGGATATCGTCTACG-1,0.4988380074026884,0.299942341667129,0.2996564597153781,0.10388046996585598,0.08258486730161123,0.0,0.0020713314642249563,0.13947318247519713,0.02834482709517584,0.006514008939105752,0.0,0.03696284730436669,0.03420450866667832,0.04183941204503797,0.0,0.0,0.0,0.0,0.0227887083902455,0.004398170292464843,0.02096840801864803,0.0,0.029546215350398516,0.008805497713459245,0.0,0.0,0.006944344507916149,0.0,0.020127766652800742,0.005441906965958509,0.0,0.001546968809670953,0.007517272387792116,0.0,0.019625163701659152,0.008076344752713252,0.007105503330306762,0.0,0.0028529058546614707,0.0,0.0,0.00031855995913734555,0.0006164723194556921,0.002786144101522618,0.0,0.0,0.0,0.0,0.0,0.0046089393343707544,0.0,0.0,0.007105255288097684,0.0,0.0,0.0,0.0,0.0,0.0,0.0,0.0,0.0,0.0,0.0,0.0,0.0,0.0,0.0,0.0,0.0,0.0,0.0,0.00026088997246894396,0.0,0.0,0.0,0.0,0.0022585925290102248,0.0,0.0,0.0,0.0,0.0,0.0,0.0,0.0,0.0,0.0018227952328481363,0.0,0.0,0.0,0.0,0.0,0.0,0.0,0.0,0.0,0.0,0.0018227952328481363,0.0,0.0,0.0,0.0,0.0,0.0,0.0,0.0,0.0,0.0,0.0011842092146829475,0.0,0.0,0.0,0.0,0.0011842092146829475,0.0,0.0,0.0,0.0
TTGGCTCGCATGAGAC-1,0.2463461484957222,0.0,0.0,0.0,0.0,0.0,0.0,0.0,0.030328940060518624,0.009540816764783638,0.0,0.0,0.0,0.0,0.0,0.0,0.0,0.03218753843436169,0.0,0.0,0.0,0.0,0.0,0.0,0.0,0.0,0.0,0.0,0.0,0.0,0.0,0.0,0.0,0.0,0.0,0.0,0.0,0.0,0.0,0.0,0.0,0.0,0.0,0.0,0.0,0.0,0.0,0.0,0.0,0.0,0.0,0.0,0.0,0.0,0.011203668232345965,0.0,0.0,0.0,0.0,0.0,0.0,0.0,0.0,0.0,0.0,0.0,0.0,0.0,0.0,0.0,0.0,0.0,0.0,0.0,0.0,0.0,0.0,0.0,0.0,0.0,0.0,0.0,0.0,0.00923084904953762,0.0,0.0,0.0,0.0,0.0,0.0,0.0,0.0,0.0,0.0,0.0,0.0,0.0,0.0,0.0,0.0,0.0,0.0,0.0,0.0,0.0,0.0,0.0,0.0,0.0,0.0,0.0,0.0,0.0,0.0,0.0,0.0,0.0,0.0,0.0
TTGGGACACTGCCCGC-1,0.30140483472505447,0.06533361936815715,0.0,0.012405906541775666,0.027632816852324656,0.0,0.0,0.0,0.0,0.006773018629938055,0.0,0.0,0.0,0.0,0.0,0.0,0.0,0.0,0.0,0.0,0.003674186131387025,0.0020550945704646975,0.0,0.0,0.004008889772618502,0.0,0.0,0.005257952227076583,0.0,0.0,0.0,0.0,0.0,0.0,0.0,0.0,0.03085892113615128,0.0,0.0,0.0,0.0,0.0,0.0,0.006171784227230256,0.0,0.0,0.0,0.0,0.0,0.0,0.0,0.0,0.0,0.0,0.01506084316521331,0.0,0.0,0.0,0.0,0.0,0.0,0.0,0.0,0.0,0.0,0.0,0.0,0.0,0.0,0.0,0.0,0.0,0.0,0.006171784227230256,0.0,0.0,0.0,0.0,0.0,0.0,0.0,0.0,0.0,0.0,0.0,0.0,0.0,0.0,0.0,0.0,0.0,0.0,0.0,0.0,0.0,0.0,0.0,0.0,0.0,0.0,0.0,0.0,0.0,0.0,0.0,0.0,0.0,0.0,0.0,0.0,0.0,0.0,0.0,0.0,0.0,0.0,0.0,0.0,0.0
TTGGTCACACTCGTAA-1,0.6093450269778701,0.05956404190330145,0.12183476921214074,0.028921077959782167,0.16544966665281044,0.0,0.0,0.004805965869430443,0.06119604791759535,0.01632356676504018,0.17579286600755753,0.029627512053209314,0.03488630062646478,0.03197289216572595,0.043273939399121705,0.0,0.0,0.005827019979698303,0.004915074666943824,0.0,0.0,0.0,0.014836508051985308,0.0,0.002016326610343378,0.0,0.015757088343823566,0.010172397010822499,0.004426678841799664,0.0,0.0,0.0,0.0,0.0,0.0,0.0,0.0,0.0,0.0,0.0,0.0,0.0,0.0,0.0,0.0,0.0,0.0,0.0,0.0,0.0,0.0,0.0,0.0,0.0043404092253773036,0.0,0.0,0.0,0.0,0.0043404092253773036,0.0,0.0,0.0,0.0,0.0,0.0,0.0,0.0,0.0,0.0,0.0,0.0,0.0,0.0,0.0,0.0006943833010061158,0.0,0.0,0.0043404092253773036,0.0058009477027136155,0.0,0.0,0.0,0.0,0.0,0.0,0.0,0.0,0.0,0.0,0.0,0.0,0.0,0.0,0.0,0.0,0.0,0.0,0.0,0.0,0.0,0.0,0.0,0.0,0.0,0.0,0.0,0.0,0.0,0.0,0.0,0.0,0.0,0.0,0.0,0.0,0.0,0.0,0.0,0.0
TTGTAAGGACCTAAGT-1,0.26551630971150486,0.18385506330941342,0.24604293018507722,0.0,0.0,0.0,0.07463978345963253,0.14894318779884877,0.006014572789877376,0.054979472984214774,0.0,0.0,0.0,0.0,0.0,0.0,0.0,0.0,0.028761890631355022,0.024771453708667547,0.010204689027659015,0.0,0.02379169683211503,0.0,0.0005314297542433308,0.0,0.0,0.0,0.0,0.0,0.004331524716415339,0.0,0.0,0.0,0.0,0.0,0.0,0.0,0.0,0.0,0.0,0.0,0.0007134604671758897,0.0,0.0,0.0,0.0,0.0,0.0,0.0,0.0,0.0,0.0,0.0,0.0,0.0051660934036243285,0.0,0.0051660934036243285,0.0,0.0,0.0,0.0,0.0,0.0,0.0025416337030200412,0.0,0.0,0.0,0.0,0.0,0.0,0.0,0.0,0.0,0.0,0.0,0.0,0.0,0.0,0.0,0.0,0.0,0.0,0.0,0.0,0.0,0.0,0.0,0.0,0.0,0.0,0.0,0.0,0.0,0.0,0.0,0.0,0.0,0.0,0.0,0.0,0.0,0.0,0.0,0.0,0.0,0.0,0.0,0.0,0.0,0.0,0.0,0.0,0.0,0.0,0.0,0.0,0.0,0.0
TTGTAATCCGTACTCG-1,0.6832262493738038,0.23023754410899855,0.054899616111952966,0.0,0.0,0.0,0.1359439907149511,0.1637909477363123,0.02126343524095639,0.002380061885097685,0.0,0.02677002222489671,0.03054467479951105,0.0,0.0,0.0,0.0,0.0,0.0,0.0,0.0,0.0,0.0,0.0,0.005560710776688373,0.0,0.02007658687840013,0.0024016532316651425,0.0028932450251823874,0.0,0.0,0.0,0.0,0.006782785305702744,0.014292218444398175,0.0,0.0,0.0,0.0,0.0,0.0,0.0,0.0,0.005560710776688373,0.0,0.0,0.0,0.0,0.0,0.0,0.0,0.0,0.0,0.0,0.007206736277521878,0.0,0.0,0.005560710776688373,0.0,0.0,0.0,0.0,0.0,0.0,0.0,0.0,0.0,0.0,0.0,0.0,0.0,0.0,0.0,0.005560710776688373,0.0,0.0,0.0,0.0,0.0,0.0,0.0,0.0,0.0,0.0,0.0023195731993888194,0.0,0.0,0.0,0.0,0.0,0.0,0.0,0.0,0.0,0.0,0.0,0.0,0.0,0.0,0.0,0.0,0.0,0.0,0.0,0.0,0.0,0.0,0.0,0.0,0.0,0.0,0.0,0.0,0.0,0.0,0.0,0.0,0.0,0.0
TTGTGAGGCATGACGC-1,0.011365698076114332,0.07674957194797384,0.011508316022722793,0.0021243005562272305,0.0,0.0,0.010319492146219649,0.00082241397020372,0.003911492056987671,0.007752566053589389,0.0,0.02626502680328164,0.0062428635736807,0.02846631792022182,0.009767491783987003,0.0,0.008306147715494485,0.0006808386510030617,0.0,0.0038353050582998188,0.007701661902997002,0.017316197967175345,0.004920987191092932,0.0009301675124722158,0.0014527191485749875,0.003619536881396564,0.0,0.0,0.0022437052490574803,0.01551277235376003,0.0003253678209432528,0.005744085607085023,0.0,0.0,0.0,0.0,0.0,0.0,0.0,0.0,0.0,0.0005733748613718233,0.0035917440018026618,0.0,0.0,0.0,0.0,0.0005135531300210252,0.0,0.001159387323728669,0.0016468091287426745,0.0,0.006509985370507894,0.0,0.0,0.0,0.00029952204976133577,0.0,0.0,0.0,0.0,0.0,0.0,0.011592092501666713,0.0,5.810142815180375e-05,0.0,0.0,0.0,0.0,0.0,0.0,0.004612452403501504,0.0,0.0,0.0007827838161607076,0.0,0.0,0.0,0.0,0.002689550694672042,0.0,0.0,0.0,0.0,0.0,0.0,0.0,0.0,0.0,0.0,0.0002995220497613358,0.0,0.0,0.0,0.0,0.0,0.0,0.0,0.0,0.0,0.0,0.0,0.0,0.0,0.0,0.0013404292953525052,0.0,0.0,0.0,0.0,0.0,0.0,0.0,0.0,0.0,0.0,0.0,0.0
TTGTGGTAGGAGGGAT-1,0.05255122208953677,0.010443589660811032,0.0,0.0005418854142980464,0.0,0.0,0.010768496862102989,0.00390128723291813,0.006377627887169291,0.0009688404489139165,0.0,0.00851753912742806,0.006053319486530675,0.010989040091755501,0.0031139195506667563,0.0,0.018797384555425928,0.0021083355960593506,0.0,0.011670827825030754,0.003089803090792896,0.0,0.0,0.001055720516612058,0.00483855676585304,0.0,0.00015438653044116594,0.0,0.0012154311243812253,0.006193904431665626,0.0010302035124587251,0.012376373605621275,0.0019116370740536533,0.0,0.0,0.0021662563771210164,0.0,0.0032463061150072798,0.0012020921664973195,0.0,0.0,0.0021377217573429422,0.0020565805489012766,0.00016908578058428853,0.0,0.0,0.0,0.0,0.0,0.0,0.004827217701493365,0.0,0.0005518888247552742,0.0,0.0,0.00033962481481238967,0.003640839550424867,0.0,0.0,0.0017526658007203217,0.0,0.0,0.0,0.0,0.00083925224354056,0.0,0.0,0.0,0.0,0.00024311897330366391,0.0,0.0,0.0012043547811490282,0.0,0.0,8.66772007082578e-05,0.0,0.0,0.0,0.0,0.0008214085376804263,0.0,0.0,0.0,0.0,9.281173060515673e-05,0.00030018951910088887,0.0,0.0017015044695438124,0.00010199950364430501,0.0,0.0,0.0,0.0,0.0,0.0,0.0,0.0,0.0,0.0,0.0,0.0,0.0,0.0,0.0,0.0,0.0,0.0,0.0,0.0,0.0,0.0,0.0,0.0,0.0,0.0,0.0,0.0,0.0
TTGTGTATGCCACCAA-1,0.15346832345404712,0.14017482100933729,0.0561113826861247,0.000999307589764194,0.006552898854529566,0.0,0.005648700215417923,0.011450284808253998,0.0,4.9063950364994256e-05,0.0,0.018564037379199004,0.002521514384555382,0.024176930435957852,0.018303057607731862,0.0,0.0,0.0016949784951891,0.0,0.00797722474030463,0.0,0.0,0.007371889515374555,0.0,0.0,0.004283559451671473,0.001854551846824141,0.0,0.0023647623212793767,0.009757273991465363,0.0014892730506244332,0.011773652437546066,0.0,0.0013245630243914376,0.0,0.0,0.0,0.0,0.0,0.0,0.0,0.0,0.0007886323582955183,0.0009552998577734442,0.0,0.0,0.0,0.0,0.0,0.002945940504130314,0.0029936183651039353,0.0,0.0005839966567529067,0.0,0.0,0.0038015318865670493,0.0010137706129302716,0.0,0.0,0.0028841846771121295,0.0021457550100880815,0.0,0.0,0.0,0.0,0.0,0.0,0.0,0.0,0.0,0.0,0.0,0.00013908263323156715,0.0,0.0,0.00011264864053531211,0.0,0.0,0.0,0.0005839966567529067,0.000334814991490724,0.0,0.0019105997155468885,0.0,0.0,0.0,0.0,0.0,0.0021751195183386213,0.0,0.0,0.0,0.0,0.0,0.0,0.0,0.0,0.0006420517829233824,0.0,0.0,0.0,0.0,0.0,0.0,0.0,0.0,0.0,0.0,0.0,0.0,0.0,0.0,0.0,0.0,0.0,0.0,0.0,0.0,0.0
TTGTGTTTCCCGAAAG-1,0.6316794119351747,0.12735429525748543,0.19421998906612079,0.0057386763189917955,0.015137674617065998,0.0,0.052860426801048035,0.07882693632876622,0.0,0.01891747356623505,0.12849925251395983,0.0177531716113557,0.009949579826260945,0.0713232727727687,0.0,0.0,0.0,0.0005366971907687894,0.0,0.013694269103289065,0.006201873457278554,0.0,0.0,0.0030276687768654932,0.0,0.010244944633115573,0.0,0.005045641562268852,0.0032876667468390067,0.0,0.0,0.001452894121357449,0.011129470683824416,0.005504711346876747,0.017043636294265883,0.00855143979140498,0.0,0.004555034826987294,0.0,0.0,0.0,0.0,0.0,0.0,0.0,0.0,0.0,0.003201466858838706,0.0,0.002916297214846017,0.002103416386391302,0.0,0.0,0.0,0.0,0.0,0.0,0.0,0.0,0.0,0.0,0.0,0.0,0.0,0.0,0.0,0.0,0.0,0.0,0.0,0.0,0.0,0.0,0.0,0.0,0.0,0.0,0.0,0.0,0.0,0.0,0.0,0.0,0.0,0.0,0.0,7.656290737417244e-05,0.0,0.0,0.0036919923645156736,0.0,0.0,0.0,0.0,0.0,0.004750103556211776,0.0,0.0023612650474313743,0.0,0.0,0.0,0.0,0.0,0.0,0.0,0.0,0.0,0.0,0.0,0.0,0.0,0.0,0.0,0.0,0.0,0.0,0.0,0.0,0.0
TTGTTCAGTGTGCTAC-1,0.2984263517373759,0.24101966346678305,0.0,0.013578114974575527,0.04551065143157816,0.05934283631535335,0.011007180160172835,0.0,0.02178785642101901,0.005479845089847498,0.0,0.0,0.0633946200212188,0.026892359524170267,0.019841404285715465,0.0,0.0,0.01853832696390324,0.009883833991310115,0.0,0.0,0.0,0.0075900683528581404,0.014011237772141104,0.002000202697866596,0.018629759154116677,0.0,0.0024143286419362076,0.01030997335643791,0.0,0.004227093467842963,0.0,0.0,0.0,0.0,0.0,0.010555726722170512,0.016432823885413794,0.0,0.0,0.0,0.0,0.0,0.0,0.0,0.015348623841203004,0.0,0.0,0.0,0.0031134387882727106,0.000735161675033794,0.0,0.0,0.0031134387882727106,0.0,0.0,0.0,0.0,0.0,0.0,0.0,0.011070157023759648,0.0,0.0,0.0,0.0011484502689568935,0.0,0.0,0.018008824915230873,0.0,0.0,0.0,0.0,0.0,0.0,0.0,0.0,0.0,0.0,0.0,0.0,0.0,0.0,0.0,0.0,0.0,0.0,0.00432884914562509,0.0,0.0,0.0,0.0,0.0,0.0,0.0,0.0,0.0,0.0,0.0,0.0,0.0,0.0,0.0,0.0,0.0036325415274486403,0.0,0.0,0.0,0.0,0.0,0.0,0.0,0.0,0.0,0.0,0.0,0.0,0.0,0.0
TTGTTTCCATACAACT-1,0.39095434271994983,0.08772458666911065,0.11752453450356061,0.028013713297234413,0.041463554550929045,0.0,0.10458143810344271,0.0,0.006936994532398862,0.07219478371703392,0.0,0.008176131499612426,0.00230149140153028,0.029348810143002346,0.03438793368219304,0.0,0.0,0.0034565473070683407,0.005257734214016771,0.0,0.003182224043362085,0.0,0.011367956666190147,0.0,0.0019684692705679917,0.015540068639159701,0.0,0.0007215886689517133,0.001680695299212841,0.003949579654131901,0.0073101606502137826,0.0015362130011814304,0.0,0.0011111132062246593,0.0031637604728311924,0.009461055484122191,0.0,0.0,0.0,0.008242609839697431,0.0,0.006152251366622062,0.0003122374919067813,0.0,0.0,0.0,0.009216627009753538,0.0,0.0,0.0,0.0,0.0,0.0,0.0,0.0,0.00842137611736523,0.0,0.005502945125723171,0.002807125372455077,0.0,0.0,0.0,0.0,0.03946278507022393,0.0,0.0,0.0,0.0,0.0,0.0,0.0,0.0,0.0,0.0,0.0,0.0,0.0,0.0,0.0,0.0,0.0007507139523360402,0.0,0.0,0.0,0.0,0.0,0.0,0.0,0.0,0.0,0.0,0.0,0.0,0.0,0.0,0.0,0.0,0.0,0.0,0.0,0.0,0.0,0.0,0.0,0.0,0.0,0.0,0.0,0.0,0.0,0.0,0.0,0.0,0.0,0.0,0.0,0.0,0.0,0.0
