,COLLAGEN,LAMININ,THBS,TENASCIN,FN1,MK,MIF,ANGPTL,CXCL,CCL,PTN,CypA,SEMA3,PARs,ncWNT,GALECTIN,EGF,GAS,HSPG,KLK,GRN,FGF,AGRN,PROS,SLURP,IGFBP,PDGF,COMPLEMENT,VEGF,DESMOSOME,ANNEXIN,WNT,NOTCH,CHEMERIN,PERIOSTIN,VISFATIN,MHC-II,CSF,GAP,NRG,ADIPONECTIN,TGFb,PSAP,JAM,SPP1,CD99,TWEAK,ADGRE,APP,EPHB,BMP,IL16,EPHA,CLDN,ADGRG,SEMA4,MHC-I,MPZ,CDH,EDN,NT,PECAM1,ADGRA,TNF,KIT,CTSG,SLIT,RELN,ANGPT,CALCR,ESAM,NEGR,IL1,CDH5,ACTIVIN,PLAU,CD46,PTPR,SELE,OCLN,TRAIL,NECTIN,ADGRL,CEACAM,CX3C,ICAM,IGF,CD34,CDH1,APELIN,CSPG4,Netrin,THY1,CNTN,CD40,PTH,VEGI,MELANOCORTIN,NRXN,LIFR,SELPLG,PROCR,GDF,ADGRB,LEP,CD45,CHAD,SELL,BAFF,SEMA6,CLEC,APJ,UNC5,PCDH,CD6,IL6,SEMA7,CD96,EPGN
AAACCGGGTAGGTACC-1,0.2062335746233328,0.1683032577724317,0.03381425337881278,0.029749060468125803,0.028677291064174548,0.054840326358223807,0.0,0.009496534425196785,0.0,0.0,0.0023952614171336806,0.018810984804303522,0.0,0.0,0.01423317439394649,0.0022105348771573586,0.0,0.0,0.0,0.0,0.05078671499035441,0.007212570217249644,0.0,0.0,0.0,0.0,0.0,0.0,0.0,0.0,0.0,0.0,0.015363653107427336,0.0,0.0,0.0,0.0,0.0,0.0,0.0,0.0,0.0,0.0,0.0,0.0,0.0,0.0,0.0,0.0,0.0,0.0,0.0,0.0,0.0,0.0,0.0041678561957697756,0.0,0.0,0.0,0.0,0.0,0.0,0.0055978984558287806,0.0012859634958703097,0.0,0.0,0.0,0.0,0.0,0.0,0.0,0.0,0.0,0.0,0.0,0.0,0.0055978984558287806,0.0,0.0,0.0,0.0,0.0,0.0,0.0,0.0,0.0,0.0005788826113292902,0.0,0.0,0.0,0.0,0.0,0.0,0.0,0.0,0.0,0.0,0.0,0.0,0.0,0.0,0.0,0.0,0.0,0.0,0.0,0.0,0.0,0.0,0.0,0.0,0.0,0.0,0.0,0.0,0.0,0.0,0.0,0.0
AAACCGTTCGTCCAGG-1,0.25839841792760404,0.2030732112899647,0.11891282898960745,0.0172750425765421,0.011151192494575204,0.024582662466055432,0.07307072098894699,0.038283321454330756,0.018789398392620293,0.13425674478951846,0.0,0.008271831578329322,0.01362131663626159,0.015861622651602673,0.01029840524672294,0.036921893128680355,0.008956963306943743,0.01006141416830041,0.0,0.014371280223983565,0.020455486975516867,0.001330820167754553,0.0014708988302240258,0.004366780061880699,0.03358812635999506,0.0,0.0006413577224786027,0.041113113948836,0.0,0.0,0.0,0.003298167176317037,0.0,0.0,0.0,0.011171568572318094,0.00585731458857886,0.014255066871936041,0.00219991252848444,0.0018639115170231522,0.0005640792036671602,0.0246606142056129,0.0,0.0,0.00022033541553346763,0.0,0.0027097592778202026,0.007169887245901414,0.0,0.0016291368387775088,0.002325362498648055,0.004623250264681836,0.0,0.0,0.0027042577202407376,0.0018511890046830814,0.03364004453525394,0.0,0.0,0.006053001692885094,0.00013407498570311888,0.0,0.0,0.004205355366276542,0.0,0.0,0.0,0.0020546096197297074,0.0027827852935009205,0.0,0.0,0.0,3.5284879920833404e-05,0.0,0.0,0.0,0.0,0.0,0.002151613872466209,0.0008545723981714675,0.0,0.0,0.0004989458156023415,0.0,0.003019815766346837,0.00610277331707967,0.0009382930082266879,0.0,0.0,0.0,0.0006614059762923536,0.0002904396807465304,0.0031249162934410403,0.0,0.0005793183820890203,0.00033771248175984447,0.0,0.0,0.0,0.0,0.002450913040161317,0.0,0.0,0.0,0.0,0.0010899958805736865,0.0,0.0018511890046830814,0.0032355609823136685,0.0,0.0007943631687100364,0.0,0.0,0.0,0.0004989458156023415,3.305353502182553e-05,0.0,0.0,0.0
AAACCTCATGAAGTTG-1,0.4590381957266848,0.0,0.3280277454498703,0.0813475164184994,0.05435376675536976,0.0022363460148895923,0.020718593724092727,0.0432394693405297,0.012080966390078577,0.06709090157790991,0.014208833272520328,0.017148633598978544,0.0056864234939957535,0.0,0.0,0.01126635249532563,0.0,0.006850063933394525,0.0,0.0,0.03245891208082374,0.020130443585599678,0.0,0.006238868366239166,0.0,0.0,0.007590254310359781,0.035207713633141804,0.0,0.0,0.0,0.0,0.004750218705577145,0.0,0.009919630982604248,0.0,0.0,0.0,0.0023751093527885725,0.0,0.0,0.0,0.0,0.0,0.0,0.006809549183887975,0.0,0.0,0.0023751093527885725,0.0,0.0,0.0,0.0,0.0,0.0,0.0,0.0,0.0,0.0,0.0,0.0,0.0,0.0,0.0,0.0,0.0,0.0,0.0,0.0,0.0,0.0,0.0,0.0,0.0,0.0,0.0,0.0,0.0,0.0,0.0,0.0,0.0,0.0,0.0,0.0,0.0,0.0,0.0,0.0,0.0,0.0,0.0,0.0,0.0,0.0,0.0,0.0,0.0,0.0,0.0,0.0,0.0,0.0,0.0,0.0,0.0,0.0,0.0,0.0,0.0,0.0,0.0,0.0,0.0,0.0,0.0,0.0,0.0,0.0
AAACGAGACGGTTGAT-1,0.44484504310602535,0.05771316398810105,0.06507645248537047,0.0740066330825571,0.05462954422189788,0.009333262924018199,0.0,0.0,0.0,0.0,0.0,0.028638711488228517,0.0,0.0,0.0,0.0,0.0,0.0,0.0,0.0,0.0,0.009077715186705363,0.0,0.0,0.0,0.0,0.0,0.0,0.0,0.0,0.0,0.0,0.0,0.0,0.0,0.0,0.0,0.0,0.0,0.0,0.0,0.0,0.0,0.0,0.0,0.0,0.0,0.0,0.0,0.0,0.0,0.0,0.0,0.0,0.0,0.0,0.0,0.0,0.0,0.0,0.0,0.0,0.0,0.0,0.0,0.0,0.0,0.0,0.0,0.0,0.0,0.0,0.0,0.0,0.0,0.0,0.0,0.0,0.0,0.0,0.0,0.0,0.0,0.0,0.0,0.0,0.0,0.0,0.0,0.0,0.0,0.0,0.0,0.0,0.0,0.0,0.0,0.0,0.0,0.0,0.0,0.0,0.0,0.0,0.0,0.0,0.0,0.0,0.0,0.0,0.0,0.0,0.0,0.0,0.0,0.0,0.0,0.0,0.0
AAACTTGCAAACGTAT-1,0.05377842449837545,0.021249623755788115,0.05187024960778224,0.004728986761685688,0.002130131490777326,0.00175200530812128,0.0,0.03303392950455602,0.0,0.004047985163803405,0.0040585657558509,0.0,0.016919891801258594,0.007402037561856524,0.020765724851328802,0.01066475620349064,0.051401226809394254,0.011287260946875152,0.0,0.0016524811367459999,0.0027823477188560377,0.0011999115767763796,0.0,0.0055515421271674515,0.0,0.0,7.827000508308179e-05,0.0018523035057014252,0.0,0.0,0.0,0.0,0.0021854261767198617,0.004079687353826327,0.0,0.0,0.0,0.0010815998789345136,0.014978313217027335,0.0029468288138190025,0.0,0.0,0.0,0.0,0.0,0.0,0.0005060442491448767,0.0,0.0,0.0008136199959130712,0.004215964534708414,0.0,0.006450598017430321,0.0,0.000604405571717066,0.0011439753707836323,0.0006435016452400069,0.0,0.0,0.0,0.0003993083619314437,0.0,0.0,0.0017406847809752022,0.0,0.0,0.0005882289634286533,0.0004685732045176484,0.0,0.0006754687632867978,0.0,0.0,0.0007883827205064912,0.0,0.0,0.0,0.0,0.0,0.0,0.0,0.00493623538726724,0.0,0.00027933683748243955,0.0,0.0,0.0,0.0,0.0,0.0,0.0,0.0,0.0,0.0,0.0,0.0,0.0,0.00046186368404178087,0.00022929339085588606,0.0,6.535594359531042e-05,0.0,0.0,0.0,0.0,0.0,0.0,0.0,0.0,0.0,0.0,0.0,0.0,0.0,0.0,0.0,0.0,0.0,0.0,0.0
AAAGACTGGGCGCTTT-1,0.6260827041747998,0.5785890593307866,0.13861463185373302,0.016316392062066015,0.04993377610417478,0.06374117157943385,0.04830781503970099,0.023924654672021987,0.07564895041880672,0.03734849423089665,0.0015040162402178898,0.0,0.0,0.0,0.0,0.010564308476904124,0.0,0.0,0.0,0.0,0.0,0.007175707408879324,0.0,0.0,0.0,0.0,0.007863259600005683,0.04479839144960581,0.0,0.0,0.0,0.0,0.0,0.0,0.0,0.0,0.0,0.006030177332222357,0.0,0.0,0.0,0.0,0.0,0.0,0.0,0.0,0.0,0.004667649881239331,0.0,0.0,0.0,0.0,0.0,0.0024620762626864252,0.0,0.0,0.0,0.0,0.0,0.004324688212494264,0.0,0.0,0.0,0.0,0.0,0.0,0.0,0.0006533376808493263,0.0,0.0,0.0,0.0,0.0,0.0,0.0,0.0,0.0,0.0,0.0,0.0,0.0,0.0,0.0,0.0,0.0,0.0,0.0006660132199294555,0.0,0.0,0.0,0.0,0.0,0.0,0.0,0.0,0.0,0.0,0.0,0.0,0.0,0.0,0.0,0.0,0.0,0.0,0.0,0.0,0.0,0.0,0.0,0.0,0.0,0.0,0.0,0.0,0.0,0.0,0.0,0.0
AAAGGCTCTCGCGCCG-1,0.7954756279931315,0.37801063581668726,0.13840694661432942,0.04208530972801575,0.02740341431597924,0.019476023974951975,0.056183029151684355,0.03164974830006515,0.0034856307270362116,0.007726724154596456,0.00862360747549986,0.06370792217458425,0.005553544290032194,0.04083564026026375,0.003131159619999938,0.01065968548347711,0.04071780640291509,0.0,0.009548742731482198,0.012675143966482021,0.0,0.0013353865316484564,0.0033059960098609977,0.0009472973401795489,0.0,0.010417018641398386,0.0017542918536230044,0.0,0.0,0.0,0.0,0.004485446426770472,0.0013951562827091578,0.0,0.006682190432373929,0.0,0.014976401836599753,0.012520626987368064,0.0,0.008340292569214466,0.0,0.0,0.0,0.0009472973401795489,0.0012921827277645466,0.0,0.0022949146967166925,0.0,0.0,0.002520385223460539,0.0,0.004790892109134748,0.0,0.0,0.0,0.0036577356462204856,0.0,0.0,0.004291310192756618,0.0017586338390481629,0.0,0.0,0.0,0.0008478963303237296,0.0,0.0,0.0004982175773091545,0.0,0.0,0.0,0.0,0.0,0.0,0.0,0.0,0.0,0.0,0.0,0.0,0.0,0.0,0.0,0.0,0.0,0.0,0.000435038470501728,0.000972050136983573,0.0,0.0,0.0,0.0,0.0,0.0,0.000435038470501728,0.0,0.00028036361435185937,4.963882513750035e-05,0.0,0.0,0.0,0.0,0.0,0.0,0.0,0.0,0.0,0.0,0.0,0.0,0.0,0.0,0.0,0.0,0.0,0.0,0.0004881997233978871,0.0,0.0,0.0
AAAGGGCAGCTTGAAT-1,0.3983597533365747,0.9002517938273052,0.06663719372260161,0.03062893098312508,0.059930281825891336,0.06583410440166078,0.07906247579203424,0.012428468520645896,0.08442934369736163,0.03808158820500719,0.034842817751678024,0.0,0.011244233499519654,0.0,0.01975039601801101,0.03439884244843994,0.007710833538993594,0.029700823219136276,0.0,0.0,0.020067806221223637,0.0,0.0,0.018569473078625467,0.0,0.008704230991875936,0.020788929591280612,0.09055545555076426,0.0,0.0,0.054806838363515714,0.0,0.004036041554746402,0.04528314148769397,0.0,0.011855325165157535,0.030663203426754878,0.01604380073133029,0.0,0.0006444241114320029,0.0012992261852348076,0.002487661500990756,0.0,0.0,0.0,0.0021954092281580356,0.0,0.006956333213518167,0.0,0.002546923205882739,0.0,0.008081606936070363,0.0,0.0,0.0,0.0,0.0,0.0014105394618421816,0.0,0.0,0.0005883862197269064,0.0,0.0,0.0018156424625883774,0.0048646607479947215,0.02994472533201759,0.0,0.005282407980891332,0.0005532419714711806,0.0,0.0,0.0,0.0,0.0,0.0,0.0,0.0,0.0,0.0,0.0,0.0,0.0,0.0,0.0,0.0,0.0017914135428612763,0.000972330750969121,0.0020512704590313706,0.0,0.0007052697309210908,0.0,0.0,0.0063824485827540505,0.0,0.000633165585948601,0.0,0.0,0.0,0.0,0.0014904210364840116,0.0007052697309210908,0.0,0.0,0.0,0.0011365248824545696,0.0,0.0,0.0,0.0,0.0,0.0,0.0,0.0,0.0,0.0,0.0,0.0,0.0,0.0
AAAGTAGCATTGCTCA-1,0.030939378731292193,0.028266907923629493,0.004524628010284142,0.003033011573684152,0.0012004286851224706,0.002061349479804475,0.02195627359740219,0.009746032515179191,0.00027807464267716404,0.0,0.00019832328132608532,0.0,0.0016371528627402503,0.02187610885930275,0.006847091111974518,0.0,0.024355090329597155,0.0,0.0,0.02474404666234137,0.0,0.000714782537825304,0.0,0.00029431412491718787,0.0,0.0,0.0,0.0,0.0,0.006520041667879366,0.003940551794809768,0.011073630602353841,0.00141797440697224,0.0,0.0,0.0,0.0,0.0015218675878184917,0.0,0.003621321012596726,0.0,0.0,0.0,0.0,0.0,0.0,0.0006946478965211133,0.000147676709189791,0.0,0.0007172561432497134,0.0008130728992323002,0.0,0.0033458968039557883,0.0,0.00016645636409110435,0.0002822978724841253,0.0013798221609331392,0.0,0.0027128744033499286,0.000199384427954218,0.00048313717006334965,0.0,0.0,0.0007709200793820178,0.0014023335328673945,0.0,0.00024809692448659107,0.0,0.0,0.0,0.0,0.0,0.0008930431467893611,0.0,0.0,0.0,0.0,0.0,0.0,0.0,0.005021448001621367,0.0,0.00028558316324280687,0.0,0.0,0.0,0.00039923857746398695,0.0,0.0005107761514545757,0.0,0.0,0.0,0.0,0.0,0.0,0.0,0.0,0.0,0.0,0.0,0.0,0.0,0.0,0.0,0.0,0.0,0.0,0.0,0.0,0.0,0.0003111403076987033,0.0,0.0,0.0,0.0,0.0,0.0,0.0,0.0
AAAGTCGACCCTCAGT-1,0.232735486497966,0.10872660829400155,0.09620394304116532,0.054159515218122664,0.0,0.011310699462851384,0.014642595844115584,0.006950137455379686,0.009064792213087555,0.036745065587853815,0.02019981334354972,0.0,0.0,0.0,0.01031476229241805,0.028286379349193525,0.0,0.007969270809552988,0.0,0.0,0.013015087871893162,0.007111292782597377,0.0,0.010409700766494324,0.0,0.0,0.0046203636929129195,0.023743084465098842,0.006248079999688015,0.0,0.0,0.0,0.003028834864828955,0.01895252762089714,0.012090279666431274,0.0,0.0,0.00846112882877944,0.0,0.0025437825163059377,0.00032201617803183645,0.0031825950786619865,0.0,0.0,0.0,0.0034796125357532937,0.0,0.005967391747180983,0.0,0.0,0.0,0.0,0.0,0.0,0.0,0.0015671534105749809,0.0008033735814091822,0.0,0.0,0.0,0.0,0.0,0.0,0.0,0.0,0.0,0.0,0.0,0.00018598270996977883,0.0,0.0,0.0,0.0,0.0,0.0,0.0,0.0,0.0015671534105749809,0.0,0.0,0.0,0.0010025960746982792,0.0,0.0,0.0,0.0,0.0,0.0,0.0,0.0,0.0,0.0,0.0,0.0,0.0,0.0,0.0010474180596353256,0.0,0.0,0.0,0.0,0.0,0.0,0.0,0.0,0.0,0.0,0.0,0.0,0.0,0.0,0.0,0.0,0.0,0.0,0.0,0.0,0.0,0.0
AAATACCTATAAGCAT-1,0.37707693777959556,0.05295537457365111,0.12797476549700462,0.03115871645728989,0.03604310743052132,0.013881413300107993,0.008985096849650716,0.0,0.0,0.0,0.01153393483576182,0.03706924279332074,0.01496455548082995,0.0,0.0,0.0,0.0,0.0,0.0,0.0,0.0,0.0,0.0,0.0,0.0,0.0,0.0011561954271675958,0.0,0.0,0.0,0.0,0.0,0.0,0.0,0.0,0.0,0.0,0.0,0.0,0.0,0.0,0.0,0.0,0.0,0.0,0.0,0.0,0.0,0.010538246210614525,0.0,0.0,0.0,0.0,0.0,0.0,0.0,0.0,0.0,0.0,0.007772986373147739,0.0,0.0,0.0,0.0,0.0,0.0,0.0,0.0,0.0,0.0,0.0,0.007616834314075643,0.0,0.0,0.0,0.0,0.0,0.0,0.0,0.0,0.0,0.0,0.0,0.0,0.0,0.0,0.0,0.0,0.0,0.0,0.0,0.0,0.0,0.0,0.0,0.0,0.0,0.0,0.0,0.0,0.0,0.0,0.0,0.0,0.0,0.0,0.0,0.0,0.0,0.0,0.0,0.0,0.0,0.0,0.0,0.0,0.0,0.0,0.0
AAATCGTGTACCACAA-1,0.4649726829922802,0.5880737818871463,0.056962208758603694,0.009863424273224328,0.01856974803076092,0.061444082511845924,0.0,0.018967050600079964,0.0,0.0,0.007241512906564605,0.0,0.0,0.0,0.030721756825398704,0.0029526276100655968,0.022039765039134955,0.0,0.0,0.0,0.035838946882030896,0.006070231747197637,0.0,0.0,0.04277123807283914,0.0,0.009429160250675127,0.0,0.007595981198485698,0.0027217393656228527,0.0,0.0,0.0,0.0,0.0,0.019414911942662774,0.0,0.0,0.0,0.0042628472557710755,0.0,0.0,0.0,0.0,0.0,0.0,0.0,0.0,0.0,0.0,0.0,0.0,0.0,0.0018482295627226654,0.0,0.0,0.0,0.0,0.0,0.0,0.0020172302097668676,0.0,0.0,0.0,0.0,0.0,0.0,0.0,0.0021029377127264447,0.0,0.0,0.0,0.0,0.0,0.0,0.0,0.0,0.0027217393656228527,0.0,0.0,0.0,0.0,0.0,0.0018482295627226654,0.0,0.0,0.00012399676726142724,0.0,0.00224483028202707,0.0,0.0,0.0,0.0,0.0018482295627226654,0.0,0.0,0.0,0.0,0.0,0.0,0.0,0.0,0.0,0.0,0.0,0.0,0.0011557453760386628,0.0,0.0,0.0,0.0,0.0,0.0,0.0,0.0,0.0,0.0,0.0,0.0
AAATTAACGGGTAGCT-1,0.5770715749225519,0.19229634268401902,0.10367733955577134,0.08175535983425593,0.015750819302913506,0.0853041722225128,0.10956093409453774,0.040666023504819515,0.018703415996485038,0.0,0.012100121963437415,0.008503811099198759,0.0047559787733566965,0.0,0.03205479887749511,0.013665753023494001,0.012536113647070496,0.003207256057080833,0.0,0.0,0.038871076294098195,0.014592406995660473,0.003663440196997993,0.001206399738354436,0.0,0.0,0.010599523865016298,0.0,0.005745127419454599,0.0,0.0,0.0024197749959913783,0.0,0.0,0.0,0.0,0.0,0.0,0.0,0.0,0.0002765237786313852,0.0,0.0,0.0,0.0,0.0,0.0,0.0,0.004672583769127897,0.005939132394671596,0.0,0.0,0.0,0.0007866248878729017,0.0,0.0,0.0,0.0,0.0,0.0,0.0007795734840265345,0.0,0.0,0.0,0.0,0.0,0.0,0.0,0.0,0.0,0.0,0.0,0.0,0.0,0.0,0.0,0.0,0.0,0.0,0.0,0.0,0.0,0.0,0.0,0.0,0.0,0.0,0.0,0.0020258772570392854,0.0,0.0,0.0,0.0,0.0,0.0,0.0,0.0,0.0,0.0,0.0,0.0,0.0,0.0,0.0,0.0,0.0,0.002154174880980874,0.0,0.0,0.0,0.0,0.0,0.0,0.0,0.0,0.0,0.0,0.0,0.0
AAATTAATAAGCGCGA-1,0.023403656106820526,0.02565795562583653,0.016729996978136173,0.0,0.0,0.0,0.0065379946871527315,0.0,0.0,0.0,0.0,0.0,0.0,0.01198479227622094,0.006757270885370637,0.004793283947206706,0.014894387790835193,0.0,0.0,0.013206383951569131,0.0,0.0,0.0,0.0,0.0,0.0,0.0,0.0,0.0,0.012569964621883327,0.0,0.0,0.0,0.0,0.0015975574444890776,0.0,0.0,0.0002302367062706465,0.0,0.00411405706827542,0.0,0.0006716473503010962,0.0,0.0,0.0,0.0,0.0,0.0,0.0,0.0,0.0,0.0,0.0,0.0,0.0,0.0,0.0,0.0,0.0,0.003006891769073771,0.0,0.0,0.0,0.0008254452777471667,0.0,0.0,0.0,0.0,0.0,0.0,0.0,0.0,0.0,0.0,0.0002645388711474922,0.0,0.0,0.0,0.0,0.0,0.0,0.0,0.0,0.0,0.0,0.0,0.0,0.0,0.0,0.0,0.0,0.0,0.0,0.0,0.0,0.0,0.0,0.0,0.0,0.0,0.0,0.0,0.0007953588451403636,0.0,0.0,0.0,0.0,0.0,0.0,0.0,0.0,0.0,0.0,0.0,0.0,0.0,0.0,0.0,0.0006688071270921198
AAATTACCTATCGATG-1,0.6167464561494153,0.0,0.12562167397011462,0.10958429007156448,0.028356599886104283,0.02520163811908724,0.0,0.03956846808939667,0.0,0.0,0.0,0.0,0.0,0.0,0.0,0.0,0.0,0.0,0.0,0.0,0.0,0.0,0.0,0.0,0.0,0.011707915637550803,0.0,0.0,0.0,0.0,0.0,0.0,0.0,0.0,0.0,0.0,0.0,0.0,0.0,0.0,0.0,0.0,0.0,0.0,0.0,0.0,0.0,0.0,0.0,0.0,0.0,0.0,0.0,0.007426425252481274,0.0,0.0,0.0,0.0,0.007426425252481274,0.0,0.0,0.0,0.0,0.005237951771135807,0.0,0.0,0.0,0.0,0.0,0.0,0.0,0.0,0.0,0.0,0.0,0.0,0.0,0.0,0.0,0.0,0.0,0.0,0.0,0.0,0.0,0.0,0.0,0.0,0.0,0.0,0.0,0.0,0.0,0.0,0.0,0.0,0.0,0.0,0.0,0.0,0.0,0.0,0.0,0.0,0.0,0.0,0.0,0.0,0.0,0.0,0.0,0.0,0.0,0.0,0.0,0.0,0.0,0.0,0.0
AAATTGATAGTCCTTT-1,0.010426922314997802,0.006604715049045,0.008966251853270714,0.0,0.0,0.0,0.007215064274748227,0.01487309961598298,0.0,0.0,0.0,0.0,0.0,0.01844752199886719,0.0,0.000511208474831621,0.0,0.0052287152762034,0.0,0.039552455783213425,0.003945782335708974,0.0,0.0,0.0064516701976355,0.0,0.0,0.0,0.0,0.0,0.012292553527383232,0.0,0.0,0.0,0.0,0.0,0.0,0.0,0.0,0.0,0.00033048468108115895,0.0,0.0,0.0,0.0,0.0,0.0,0.0,0.0,0.0,0.0,0.0,0.0,0.0,0.0,0.0,0.0017904239556378431,0.0,0.0,0.0,0.0,0.000958154091030561,0.0,0.0,0.0,0.0,0.0,0.0,0.0,0.0,0.0,0.0,0.0,0.0,0.0,0.0,0.0,0.0,0.0,0.0,0.0017904239556378431,0.0,0.0,0.0,0.0,0.0,0.0,0.0,0.0,0.0,0.0,0.0,0.0,0.0,0.0,0.0,0.0,0.0,0.0,0.0,0.0,0.0,0.00015505151833702303,0.0,0.0,0.0,0.0,0.0,0.0,0.0,0.0,0.0,0.0,0.0,0.0,0.0,0.0,0.0,0.0,0.0
AAATTTGCGGGTGTGG-1,0.35553319348194146,0.15524433748651423,0.20222169493367567,0.02229055915977104,0.005092342399209004,0.049100349474330375,0.16093847620999086,0.03483520843968149,0.07195781001265562,0.023750615921420262,0.00897008104527153,0.0,0.0,0.03714314482270062,0.0,0.013913155341271613,0.004069057274826615,0.0,0.0,0.0,0.0,0.0,0.0,0.0,0.0,0.0033908159244321434,0.0,0.0,0.0,0.0,0.0,0.0,0.0,0.0,0.0,0.0,0.0,0.0,0.0,0.0,0.0,0.0,0.0,0.0,0.0,0.0,0.0,0.0,0.0,0.013011632591667644,0.0,0.0,0.005754987451289266,0.0,0.0,0.0,0.0,0.0,0.0,0.0,0.0,0.0,0.0,0.0005377712180298447,0.0,0.0,0.0,0.0,0.0,0.0,0.0,0.0,0.0003543766009431328,0.0,0.0,0.0,0.0,0.0,0.0,0.0,0.0,0.0,0.0,0.0,0.0,0.0,0.0005103989182094098,0.0,0.0,0.0,0.0,0.0,0.0,0.0,0.0,0.0010677994647881421,0.0,0.0,0.0,0.0,0.0,0.0,0.0,0.0,0.0,0.0,0.0,0.0,0.0,0.0,0.0,0.0,0.0,0.0,0.0,0.0,0.0,0.0,0.0
AACAATTACTCTACGC-1,1.366955416429463,0.9444079803276555,0.056692742699952156,0.04857106693872688,0.17545252691476265,0.0329302639034454,0.05590971508954148,0.017747815917993702,0.07515662170067365,0.03905533543970288,0.004141139349002609,0.019310413336373018,0.0,0.07802521501024323,0.016836853315503098,0.05399478502676862,0.0,0.034999482208245114,0.0,0.010712700615918141,0.0,0.018294298154650866,0.0,0.016150211483311225,0.0,0.0,0.012828040711185542,0.0,0.0,0.0,0.0,4.3486762902018926e-05,0.0,0.0,0.003929642559472712,0.0,0.0,0.01387722126399607,0.0019437647746104766,0.0,0.0,0.0,0.0,0.0,0.008962389003137488,0.0,0.016015646844298584,0.0076817280032739094,0.0,0.0,0.0037326505184917228,0.0,0.0,0.0,0.0,0.0,0.0,0.0,0.0,0.0,0.0,0.0,0.0,0.0,0.0,0.0,0.0,0.0,0.0,0.0,0.004134835328205283,0.0,0.0,0.0,0.0,0.0,0.0,0.0,0.0,0.0,0.0,0.0,0.0,0.0,0.0,0.0,0.0,0.0,0.0,0.0,0.0,0.0,0.0,0.0019437647746104766,0.0,0.0,0.0,0.0,0.0,0.0,0.0,0.0,0.0,0.0019437647746104766,0.0,0.0,0.0,0.0,0.0,0.0,0.0,0.0,0.0,0.0,0.0,0.0,0.0,0.0,0.0
AACACGAGACGCGGCC-1,0.2611112430065126,0.19405174036626124,0.09843656411615669,0.012856555403567484,0.006901897409479085,0.005037859421162004,0.006580935969046745,0.022450294349473505,0.007918631991481675,0.02425068430279265,0.003184349297965049,0.016402638801755923,0.03842964931796985,0.014164635463017964,0.01003911286330473,0.022312976009618547,0.041746362765652745,0.0,0.0,0.01010290354770543,0.0,0.0044724982016727585,0.0014040680999768483,0.0,0.007996442507309815,0.004259859842768648,0.0,0.004216538534609197,0.0,0.0,0.009179105472553913,0.012734034854586088,0.0011111381340789725,0.0,0.0017685005512175702,0.0,0.0,0.0038527002589901532,0.0,0.004085257013461064,0.0,0.008874403405605314,0.0,0.0,0.0,0.0007351417052810188,0.0038345530623588773,0.00017653967842244338,0.0,0.0,0.0019993518356449676,0.0,0.00047595371391972703,0.0,0.000815008552425217,0.00030851749217137734,0.0027603666043103654,0.0,0.0,6.687302685780515e-05,0.000515055026974296,0.0,0.0,0.002607460869295898,0.0004020766079475675,0.0,0.000630962488248908,0.0007647132986059616,0.0,0.0,0.0,0.0,0.010060087990802309,0.0,9.995850836909963e-05,0.0,0.0,0.0,0.0007937459920133934,0.0,0.0,0.0,0.0,0.0,0.0011176261813646887,0.00014619840545733578,0.0008572584804379933,0.0,0.0,0.000590323733107001,0.0,0.0,0.0,0.0,0.0,0.0,0.0002951085742668258,0.0,0.0,0.0,6.194015871034147e-05,0.0,0.0007237510563421979,0.0,0.0,0.000296248472040293,0.0,0.0,0.0,0.0,0.00035340598815071267,0.00017623486527962675,0.0,0.0,0.0,8.650791605886727e-05,0.0,0.0,0.0
AACAGGATGGGCCGCG-1,0.34645550482574994,0.11374996218771474,0.11657889221790038,0.11461989829201719,0.07850497592303987,0.0387172035681358,0.014466213103441754,0.02560470497803447,0.0,0.0,0.011281356282550229,0.0,0.0,0.0,0.0,0.00649384419687169,0.012054998737945457,0.0,0.0,0.0,0.0,0.0,0.0,0.0,0.0,0.0,0.008901769211318765,0.0,0.0,0.0,0.0,0.0,0.0,0.0,0.0,0.0,0.0,0.016369438255591336,0.0,0.0,0.009324538772671382,0.0,0.0,0.003732741559211636,0.0,0.0,0.0,0.0,0.0,0.0,0.0,0.0,0.007465483118423272,0.0,0.0,0.00508044032550287,0.0,0.0,0.009075228580178413,0.0,0.0,0.0,0.0,0.0,0.0,0.0,0.0,0.0,0.0,0.0,0.0,0.0,0.0,0.0,0.0,0.0,0.0,0.0,0.0,0.0,0.0,0.0,0.0,0.0,0.0,0.0,0.0,0.0,0.0,0.0,0.0,0.0,0.0,0.0,0.0,0.0,0.0,0.0,0.0,0.0,0.0,0.0,0.0,0.0,0.0,0.0,0.0,0.0,0.0,0.0,0.0,0.0,0.0,0.0,0.0,0.0,0.0,0.0,0.0
AACCAAGACTTCTCTG-1,1.3372170358869204,0.6000077591581915,0.11349297335427606,0.0753914676739975,0.026725756791185742,0.01950612784481391,0.0,0.019434508253346736,0.0,0.0,0.011825530838884884,0.0,0.04958969894866212,0.01976304093866274,0.0,0.0019242690446498727,0.0,0.0,0.0,0.015910176636529914,0.05375029133877182,0.0,0.0,0.0,0.0,0.0,0.0,0.0,0.0,0.0,0.0,0.0,0.0,0.0,0.0,0.0,0.0,0.0,0.0,0.0,0.0,0.0,0.0,0.0,0.0,0.0,0.0,0.0,0.0,0.0,0.0,0.0,0.0,0.0,0.0,0.0,0.0,0.0,0.0,0.0,0.0,0.0,0.0,0.0,0.0,0.0,0.0,0.0,0.0,0.0,0.0,0.0,0.0,0.0,0.0,0.0,0.0,0.0,0.0,0.0,0.0,0.0,0.0,0.0,0.0,0.0,0.0,0.0,0.0,0.0,0.0,0.0,0.0,0.0,0.0,0.0,0.0,0.0,0.0,0.0,0.0,0.0,0.0,0.0,0.0,0.0,0.0,0.0,0.0,0.0,0.0,0.0,0.0,0.0,0.0,0.0,0.0,0.0,0.0
AACGATATGTCAACTG-1,0.11300874791502934,0.17320743108385464,0.06407925100107245,0.03360219269761098,0.06024676099255952,0.01418055509962567,0.010597195103914494,0.0675517177560167,0.022180462377463142,0.0,0.004929104890657229,0.0,0.015968004793482975,0.01733779395010776,0.009346290080316554,0.006828139582163492,0.0,0.0,0.005188300292499893,0.023033292351100257,0.012382017954465318,0.017924571025790488,0.003663582443569932,0.0,0.0,0.0,0.007355164199875117,0.0,0.0,0.0,0.0,0.0,0.0,0.023230858977814746,0.0,0.0060798271676038365,0.001983658634800412,0.00754868933898779,0.0,0.0,0.0,0.0,0.0,0.003967317269600824,0.0,0.009785386096886232,0.002319862288935174,0.007484629711930483,0.0,0.001983658634800412,0.0,0.0033919976987526346,0.0,0.0,0.0,0.0,0.0,0.0,0.0,0.0,0.006225204933800548,0.0,0.00289950687967362,0.0,0.0,0.0,0.0,0.0,0.005855994902010818,0.0,0.0,0.0,0.0,0.0,0.0,0.0,0.0,0.0,0.0,0.0,0.0,0.0,0.0,0.0,0.0,0.0,0.0,0.0,0.0,0.0,0.0,0.0,0.0,0.0,0.0,0.0,0.0,0.0,0.0,0.0,0.0,0.0,0.0,0.0,0.0014206850895820903,0.0,0.0,0.0,0.0,0.0,0.0,0.0,0.0,0.0,0.0,0.0,0.0,0.0,0.0
AACGCGGTCTCCAGCC-1,0.04245539537489662,0.06765497050189836,0.08086007079866568,0.0663598510261106,0.10777206731857755,0.030069878430088078,0.0024673904113719025,0.03873356549692329,0.037470007283497364,0.035277093617048186,0.0,0.008052439188929306,0.023221860896892026,0.011265430546530914,0.011647518086075745,0.0,0.0,0.032962196890576584,0.0,0.0,0.0,0.0028100324455560643,0.0,0.015108799581806907,0.0,0.027370787614878128,0.010254867298457076,0.0,0.0,0.0,0.0,0.0,0.00896373719508913,0.0,0.006780441243444527,0.00633934533814278,0.0,0.007848606375669559,0.0,0.0,0.0,0.0,0.0,0.0043540735196994935,0.008320836784324534,0.0,0.010747971387988877,0.0,0.0,0.0,0.0,0.0,0.0,0.001969673987160002,0.0,0.001969673987160002,0.0,0.0,0.0,0.0019316813314105446,0.0,0.0,0.0034717640408637456,0.0,0.0,0.0,0.005478704384840922,0.0,0.0070282342818970365,0.0,0.0,0.0,0.0,0.0,0.0,0.0,0.0,0.0,0.0,0.0,0.0,0.0,0.0,0.0,0.0,0.0,0.0,0.0,0.0,0.0,0.0,0.0,0.0,0.0,0.0,0.0,0.0,0.0,0.0,0.0,0.0,0.0,0.0,0.0,0.0,0.0,0.0,0.0,0.0,0.0,0.0,0.0,0.0,0.0,0.0,0.0,0.0,0.0,0.0
AACGGCCATCTCCGGT-1,0.7322918569003948,0.3628460706493475,0.19261714812837077,0.03863015401542898,0.022396459167969538,0.03679028854748325,0.0496517655046797,0.04473192607986473,0.0,0.0,0.02646437260721301,0.03433085369342964,0.03247820760178547,0.0,0.023662790412701203,0.006025270436644421,0.0,0.0,0.038133967039206865,0.0,0.0,0.0024477201764549726,0.019744532168193347,0.0,0.0,0.0,0.0,0.0,0.0,0.0,0.0,0.0,0.0,0.0,0.0,0.0,0.0,0.0,0.0,0.0,0.0,0.0,0.0,0.0,0.0,0.0,0.0,0.008565180192094044,0.0,0.0,0.0,0.0,0.0,0.0,0.0,0.0,0.0,0.0,0.0,0.0,0.0,0.0,0.0,0.0,0.0,0.0,0.0,0.0,0.0,0.0,0.0,0.0,0.0,0.0,0.0,0.0,0.0,0.0,0.0,0.0,0.0,0.0,0.0,0.0,0.0,0.0,0.0,0.0,0.0,0.0025538129485072666,0.0,0.0,0.0,0.0,0.0,0.001960636077909737,0.0,0.0,0.0,0.0,0.0,0.001173141801184761,0.0,0.0,0.0,0.0,0.0,0.0,0.0,0.0,0.0,0.0,0.0,0.0,0.0,0.0,0.0,0.0,0.0
AACGTACTGTGGGTAC-1,0.22431562200310162,0.31627324712074,0.0,0.0,0.00848640889746323,0.017364012781033732,0.037050657416929186,0.0,0.022117739316746855,0.08765547397887498,0.007629914308897645,0.029459834419143648,0.027365796847571337,0.0,0.0,0.02378702121557448,0.005555822101953453,0.0,0.0,0.0,0.0,0.0,0.0,0.0,0.0,0.0,0.0,0.0,0.0,0.0,0.0,0.0,0.0,0.0,0.0,0.0,0.022299352784559728,0.0,0.0,0.0,0.0,0.0,0.0,0.0,0.0,0.0,0.0,0.007628550191926625,0.0,0.0,0.0,0.014397420514739544,0.0,0.0,0.01619605149427428,0.0,0.0,0.0,0.004599164160395568,0.010641314001154312,0.0,0.0,0.0,0.0,0.0028118720733774777,0.0,0.0,0.0,0.0,0.0,0.0,0.0,0.0,0.0,0.0,0.0,0.0,0.0,0.0,0.0,0.0,0.0,0.0,0.0,0.0,0.0,0.0010904745873441487,0.0,0.0,0.0,0.0,0.0,0.0,0.0,0.0,0.0,0.0,0.0,0.0,0.0,0.0,0.0,0.0,0.0,0.0,0.0,0.0,0.0,0.0,0.0,0.0,0.0,0.0,0.0,0.0,0.0,0.0,0.0,0.0
AACGTCAGACTAGTGG-1,0.0,0.023388298251061222,0.044409743328359036,0.0,0.0,0.016022623231495448,0.0,0.0,0.0,0.0,0.0,0.009534571676983513,0.0,0.0,0.0,0.0,0.0035946023707267775,0.0,0.014154960252155294,0.0,0.0,0.0030030395048745696,0.012456045626862759,0.0,0.0,0.0,0.0,0.0,0.0,0.0,0.0,0.0,0.0,0.0,0.0,0.0,0.0,0.0,0.0,0.0,0.0,0.0,0.0,0.0,0.0,0.0,0.0,0.0,0.0,0.0,0.0,0.0,0.0,0.0,0.0,0.0,0.0,0.0,0.0,0.0,0.0,0.0,0.0,0.0,0.0,0.0,0.0,0.0,0.0,0.0,0.0,0.0,0.0,0.0,0.0,0.0,0.0,0.0,0.0,0.0,0.0,0.0,0.0,0.0,0.0,0.0,0.0,0.0,0.0,0.0,0.0,0.0,0.0,0.0,0.0,0.0,0.0,0.0,0.0,0.0,0.0,0.0,0.0,0.0,0.0,0.0,0.0,0.0,0.0,0.0,0.0,0.0,0.0,0.0,0.0,0.0,0.0,0.0,0.0
AACTAGGCTTGGGTGT-1,0.46777347848051143,0.24862812709506094,0.15474620921082247,0.0317612978266964,0.019992159073325643,0.0035179948675877425,0.02658273265484404,0.012941050588679278,0.0,0.0,0.00042136905494214225,0.051754061656086606,0.004552960424593556,0.020098643400706388,0.0,0.005473204865570704,0.0,0.0040860074812625186,0.0,0.011172803604442024,0.0,0.0,0.0,0.006059731343754453,0.015285417624006597,0.008801565314555443,0.0,0.0,0.0,0.0,0.0,0.0,0.0,0.0,0.0,0.0,0.0,0.0,0.0,0.00017241767780616695,0.0,0.0,0.0,0.0,0.0,0.0,0.0,0.0,0.0,0.0,0.0,0.0,0.003053890778950269,0.0,0.0,0.0,0.0,0.0,0.0,0.0,0.0,0.0,0.0,0.0,0.0,0.0,0.0,0.0018598667563325892,0.0,0.0,0.0,0.0,0.0,0.0,0.0,0.0,0.0,0.0,0.0,0.0,0.0,0.0,0.0,0.0,0.0,0.0,0.0009697135802909666,0.0,0.0,0.0,0.0,0.0,0.0,0.0,0.0,0.0,0.0,0.0,0.0,0.0,0.0,0.0,0.0,0.0,0.0,0.0,0.0,0.0,0.0,0.0,0.0,0.0,0.0,0.0,0.0,0.0,0.0,0.0,0.0
AACTCAAGTTAATTGC-1,0.012532359358539488,0.04726269676204181,0.0,0.0,0.0,0.007627812998017311,0.008449763429137615,0.0,0.0,0.0,0.0,0.021275580624309703,0.022194038199050966,0.0,0.0,0.0,0.0,0.0,0.0,0.0,0.0,0.0,0.0,0.0,0.0,0.0,0.0,0.0,0.0,0.008012819831810188,0.0368595441403417,0.0,0.009907917753372159,0.0,0.0,0.0,0.0,0.0,0.0,0.0,0.0,0.0,0.0,0.008012819831810188,0.0,0.0,0.0,0.0,0.0,0.0,0.0,0.0,0.0,0.0,0.0,0.0,0.0,0.0,0.0,0.0,0.0,0.0,0.0,0.0,0.0,0.0,0.0,0.0,0.0,0.0,0.0,0.0,0.0,0.0,0.0,0.0,0.0,0.0,0.0,0.0,0.0,0.0,0.0,0.0,0.0,0.0,0.0,0.0,0.0,0.0,0.0,0.0,0.0,0.0,0.0,0.0,0.0,0.0,0.0,0.0,0.0,0.0,0.0,0.0,0.0,0.0,0.0,0.0,0.0,0.0,0.0,0.0,0.0,0.0,0.0,0.0,0.0,0.0,0.0
AACTCTCAGTGTGCTC-1,0.3412418495310684,0.2606255776797021,0.04695344759517538,0.01845702562028645,0.008702729722708519,0.002321421334736122,0.028374559048620702,0.03412104387582526,0.003567411469662679,0.046382364941348266,0.0074846290978799026,0.03406817379772728,0.00018590959854939098,0.03868351031593208,0.02870894478909836,0.015072189195857014,0.004213192627826959,0.0,0.00415966607635273,0.029087373855387108,0.012005027722900113,0.00214658121152071,0.00465612449822233,0.0,0.025600170943583637,0.00562428149080216,0.0015402732274191423,0.0,0.00812941095790335,0.0,0.0,0.012328918157409875,0.0045254446554381525,0.0,0.0021108332528122285,0.0029726453026868247,0.0,0.002501391786495821,0.001208836552122874,0.0027539018785933613,0.00040722115627070903,0.005581150418831371,0.0,0.0,0.00045598438811692493,0.0,0.0,0.0,0.0,0.0013587710248587556,0.0,0.0,0.001336370829806998,0.0,0.0,0.0,0.007936281923407494,0.0,0.0,0.0016300271421478638,0.00020180446976786917,0.0,0.0,0.0033637777167503076,0.0,0.0,0.0009693228100301152,0.0007232491433774422,0.0011244854424699358,0.0,0.0,0.0,0.0002121827771436928,0.0,0.0010630571157478018,0.0,0.0,0.0,0.0034261784245263483,0.0,0.0,0.0007796165792544725,0.0,0.0,0.0,0.0,0.0010014150172509648,0.000900978237268641,0.0,0.0014308186303539237,0.0,0.0,0.0,0.0019510922465536744,0.0002638344607124964,0.0,0.0,0.00031101965262526833,0.0,0.0006378395015788763,0.0,0.0003655621374054127,0.00039506884779737315,0.0006395335739330153,0.0,0.0,0.0,0.0,0.0,0.0007400634194354316,0.0005121651735509509,0.00043028291029065,0.0003106088141289765,0.0,0.0,0.0001675339084018805,0.0,0.0,0.0
AACTGGGTCCCGACGT-1,0.3330552567764941,0.0,0.16042020966312376,0.08675824499709414,0.009985435216510397,0.008980646795141062,0.0,0.010903565890793838,0.0,0.0,0.0027994197908632916,0.0,0.0,0.0,0.005104712412322695,0.0,0.0,0.05855953464942514,0.0,0.0,0.0,0.0,0.0,0.02999610576746586,0.0,0.0378365046255228,0.0,0.0,0.0,0.0,0.0,0.0,0.0,0.0,0.0,0.0,0.0,0.0,0.0,0.0,0.0,0.0,0.0,0.0,0.0,0.0,0.01674800386938153,0.0,0.0,0.0,0.0,0.0,0.0,0.0,0.0,0.0,0.0,0.0,0.0,0.0,0.0,0.0,0.0,0.0,0.0,0.0,0.0,0.0,0.0,0.0,0.0,0.0,0.0,0.0,0.0,0.0,0.0,0.0,0.0,0.0,0.0,0.0,0.0,0.0,0.0,0.0,0.0,0.0,0.0,0.0,0.0,0.0,0.0,0.0,0.0,0.0,0.0,0.0,0.0,0.0,0.0,0.0,0.0,0.0,0.0,0.0,0.0,0.0,0.0,0.0,0.0,0.0,0.0,0.0,0.0,0.0,0.0,0.0,0.0
AACTTGCCCGTATGCA-1,1.6017099085182065,1.487388260707198,0.17139371578476909,0.18580265057665646,0.3735291513952118,0.08241387694744406,0.029412056670261654,0.0830078036191634,0.03913913272406015,0.0,0.008646996026642663,0.031142828678742945,0.0,0.0,0.006512806739742597,0.022262811925716722,0.0,0.0,0.0,0.0,0.0,0.014803943555454998,0.0,0.0,0.0,0.0,0.0,0.0,0.0,0.0,0.0,6.508354732632467e-05,0.0,0.0,0.0,0.013979323930361495,0.0,0.0,0.0,0.0,0.0,0.0,0.0,0.003653634465226735,0.005999716493529546,0.0,0.0,0.006640265989208398,0.005592832642641091,0.0,0.0,0.0,0.0,0.0030941133782945223,0.0,0.0,0.0,0.0,0.0,0.0,0.0,0.0,0.0,0.0,0.0,0.0,0.0,0.0033718514130546685,0.0017450474524552206,0.0,0.0,0.0,0.0,0.0,0.0,0.0,0.0,0.0,0.0,0.0,0.0,0.0,0.0,0.0,0.0,0.0,0.0024228752121559396,0.0,0.0,0.0,0.0,0.0,0.0,0.0,0.002059014098205473,0.0,0.0,0.0,0.0,0.0,0.0,0.0,0.0,0.0,0.0,0.0,0.0,0.0,0.0,0.0,0.0,0.0,0.0,0.0,0.0,0.0,0.0,0.0,0.0
AACTTTACGGGAGCTT-1,0.03876736736610212,0.06079478958031414,0.01574948340636925,0.006394016549933165,0.0,0.0,0.0,0.0,0.0,0.0,0.0,0.0,0.00045042183746818654,0.028804000679712373,0.009948737416598564,0.00951704994490768,0.02182475437749876,0.0,0.0,0.011671398215342329,0.0,0.002130249528139105,0.003318579451048863,0.0,0.009300108942835079,0.0016975730464438732,0.0,0.006285549089154853,0.0,0.0,0.0,0.0,0.008197933002418528,0.0,0.0,0.0,0.0,0.0,0.0,0.0,0.0,0.0,0.0,0.0,0.0,0.0,0.0012476277804193872,0.0,0.0,0.001287120377766422,0.0,0.0,0.0,0.0,0.0,0.0039310787668188135,0.0,0.0,0.0,0.0,0.0,0.0,0.0,0.002223824916158745,0.0,0.0,0.0004408580849975479,0.0,0.0,0.0,0.0,0.0,0.0,0.0,0.0,0.0,0.0,0.0,0.0,0.0,0.0,0.0,0.0,0.0,0.0,0.0,0.0,0.0,0.0,0.0,0.0,0.0,0.0,0.0,0.0,0.0,0.0,0.0,0.0,0.0,0.0,0.0,0.0,0.0,0.0,0.0,0.0,0.0,0.0,0.0,0.0,0.0,0.0,0.0,0.0,0.0,0.0,0.0,0.0
AAGAGATGAATCGGTA-1,1.2337272965923316,0.8427940438913659,0.2721319804721666,0.2230097330416751,0.2770323287918564,0.06101610151124602,0.042358728212198736,0.015225976681525573,0.042502671755834776,0.0,0.03250284035892548,0.0,0.0,0.05296658240183365,0.007869763181921847,0.03031556324416859,0.0,0.025962522952256914,0.016884732926481533,0.0029655351839820085,0.03748295870518374,0.023557030014399526,0.01965473254306299,0.020052849290946462,0.0,0.0016611987164118543,0.009805148284991004,0.0,0.0,0.0020530959178448917,0.0,0.0003292809605659016,0.0013507483551449709,0.0,0.0,0.0,0.0,0.0,0.0,0.01728674363982165,0.004723363222193822,0.0017244782677062658,0.0,0.0016665570249472885,0.0,0.0,0.0,0.0,0.0,0.0,0.0,0.0,0.0,0.0,0.0,0.0030974604632648707,0.0,0.004626984707109507,0.0,0.006782892650175996,0.002526038874499202,0.0,0.0037779578549018335,0.0,0.010178979440598004,0.0,0.0,0.009184166738403794,0.0,0.0,0.0,0.0,0.0,0.0,0.0,0.0,0.0,0.0016451251057969804,0.0,0.0013507483551449709,0.0,0.0020530959178448917,0.0,0.0013507483551449709,0.011268040714297553,0.0,0.0,0.0,0.0,0.0,0.0,0.0,0.0,0.0,0.0,0.0,0.0,0.0,0.0,0.0006595904955624797,0.0,0.0,0.0,0.0,0.0,0.0,0.0,0.0,0.0,0.0,0.0,0.0,0.0,0.0,0.0,0.0,0.0,0.0,0.0
AAGAGGATGTACGCGA-1,0.24694153087214427,0.19927206849675758,0.04563170053703955,0.013606253731267719,0.0,0.029411483615727187,0.0,0.005956409001992419,0.0,0.0,0.010827526719734125,0.0,0.0,0.0,0.005388936116172228,0.007413676473527605,0.0,0.0,0.004853932492812129,0.0,0.04539828216937783,0.003802988986969451,0.0,0.0,0.0,0.0,0.0026628219523201786,0.0,0.0,0.04047525291705523,0.0,0.0,0.008675019160772401,0.0,0.0,0.0,0.0,0.0,0.0,0.0,0.0,0.0,0.0,0.0,0.0,0.0,0.0,0.0,0.0,0.0,0.0,0.0,0.008675019160772401,0.0,0.007288302210380896,0.0,0.0,0.0,0.0,0.0,0.0,0.0,0.0,0.0,0.0,0.0,0.0,0.0,0.0,0.0,0.0,0.0,0.0,0.0,0.0,0.0,0.0,0.0,0.004337509580386201,0.0,0.0,0.0,0.0,0.0,0.0,0.0,0.0,0.0,0.0,0.0,0.0,0.0,0.0,0.0,0.0,0.0,0.0,0.0,0.0,0.0,0.0,0.0,0.0,0.0,0.0,0.0,0.0,0.0,0.0,0.0,0.0,0.0,0.0,0.0,0.0,0.0,0.0,0.0,0.0
AAGAGGCATGGATCGC-1,0.15543857954201584,0.37385741816898677,0.16405669158153072,0.0,0.024251035221211685,0.007122081954122987,0.0,0.003367064969076211,0.0,0.0,0.0,0.026417193778079814,0.0,0.0,0.006515768844558689,0.0,0.0,0.0,0.04331650900122359,0.0,0.0,0.009313879651598944,0.00830542010826805,0.0,0.0,0.0,0.00911833911503818,0.0,0.0,0.0,0.0,0.0,0.0,0.0,0.0,0.0,0.020816297925891247,0.0,0.0,0.0,0.0,0.0,0.0,0.0,0.0,0.0,0.0,0.0,0.0,0.0,0.0,0.0,0.0,0.0,0.0,0.0,0.0,0.0,0.0,0.0,0.0,0.0,0.0,0.0,0.0,0.0,0.013819411949998316,0.0,0.0037802718062655005,0.0,0.006938765975297082,0.0,0.0,0.006938765975297082,0.0,0.0,0.0,0.0,0.0,0.0,0.0,0.0,0.0,0.0,0.0,0.0,0.0,0.0,0.0,0.0,0.0,0.0,0.0,0.0,0.0,0.0,0.0,0.0,0.0,0.0,0.0,0.0,0.0,0.0,0.0,0.0,0.0,0.0,0.0,0.0,0.0,0.0,0.0,0.0,0.0,0.0,0.0,0.0,0.0
AAGGGACAGATTCTGT-1,0.37161805864944114,0.0,0.03497245324611539,0.06247824663814156,0.010849142232102314,0.04514447836168474,0.0,0.02491981185793708,0.0,0.0,0.0,0.0,0.00963768044798291,0.0,0.0,0.0030865116149128803,0.0,0.0,0.0,0.0,0.0,0.0,0.0,0.0,0.0,0.0,0.0,0.0,0.0,0.0,0.0,0.0,0.0,0.0,0.0,0.0,0.0,0.0,0.0,0.0,0.003483702766634193,0.0,0.0,0.0,0.0,0.0,0.0,0.0,0.0,0.0,0.0,0.0,0.0,0.0,0.0,0.0,0.0,0.0,0.0,0.0,0.0,0.0,0.01169404693356963,0.0,0.0,0.0,0.0,0.0,0.0,0.0,0.0,0.0,0.0,0.0,0.0,0.0,0.0,0.0,0.0,0.008665702039939006,0.0,0.0,0.0,0.0,0.0,0.0,0.0,0.0,0.0,0.0,0.0,0.0,0.0,0.0,0.0,0.0,0.0,0.0,0.0,0.0,0.0,0.0,0.0,0.0,0.0,0.0,0.0,0.0,0.0,0.0,0.0,0.0,0.0,0.0,0.0,0.0,0.0,0.0,0.0
AAGTAGTGACGCGAGG-1,0.564711771738257,0.21704623092422481,0.06038738282070285,0.061600973948083074,0.11453354850914495,0.044126327995299044,0.026126336503667184,0.00834877475818041,0.0,0.0,0.0,0.0,0.0,0.0,0.0,0.024874119400285957,0.0,0.0844745241506943,0.0,0.0,0.0769292476906645,0.006897123053127101,0.0,0.023862779268793308,0.0,0.0,0.0,0.0,0.009291847664386836,0.0,0.0,0.0,0.007168346338022816,0.0,0.0,0.0,0.0,0.0,0.0,0.0,0.0,0.0,0.0,0.0,0.007991527944419402,0.0,0.0,0.0,0.0,0.0,0.0,0.0,0.0,0.0,0.0,0.0,0.0,0.0,0.0,0.0,0.0035201211910843733,0.0,0.0,0.0,0.0,0.0,0.0,0.0,0.0,0.0,0.0,0.007168346338022816,0.0,0.0,0.0,0.0,0.0,0.0,0.0,0.0,0.0,0.0,0.0,0.0,0.0,0.0,0.0,0.0,0.0,0.0,0.0,0.0,0.0,0.0,0.0,0.0,0.0,0.0,0.0,0.0,0.0,0.0,0.0,0.0,0.0,0.0,0.0,0.0,0.0,0.0,0.0,0.0,0.0,0.0,0.0,0.0,0.0,0.0,0.0
AAGTGACGACCGAATT-1,0.027657278723196958,0.03161819378624896,0.0,0.00961671281068088,0.0,0.008751989986720662,0.010438852812545227,0.011355347919097314,0.021064382812092202,0.05435370223226169,0.004014165667389822,0.0,0.011832092080068489,0.0,0.01304935061025964,0.02404777260857732,0.0,0.0,0.0,0.0,0.0,0.0,0.0,0.0,0.0,0.00634553850459515,0.0,0.0,0.0,0.0,0.0,0.0,0.00668985762189296,0.0,0.0,0.0,0.0,0.0,0.0033178747014184695,0.0,0.0,0.0,0.0,0.0,0.0,0.0,0.01477925324508374,0.0,0.011148454379969006,0.0,0.0,0.0,0.0,0.0,0.0,0.0,0.0,0.0,0.0,0.0030556656593104655,0.0,0.0,0.0,0.0,0.0,0.0,0.0,0.0,0.0,0.0,0.0,0.0,0.0,0.0,0.0,0.0,0.0,0.0,0.0,0.0,0.0,0.0,0.0,0.0,0.0,0.0,0.0,0.005353775605218725,0.0,0.0,0.0,0.0,0.0,0.0,0.0,0.0,0.0,0.007172697549521741,0.0,0.0,0.0,0.0,0.0,0.0,0.0,0.0,0.0,0.0,0.0,0.0,0.0,0.0,0.0,0.0,0.0,0.0,0.0,0.0,0.0
AAGTGCGTTAGAATCT-1,0.14315950043884226,0.13558562579935726,0.08223534365521423,0.0,0.00514611503741646,0.001606438386437216,0.017424597330362775,0.016517491782013893,0.004431390295737106,0.0012892085640360273,0.00016036108967719387,0.0,3.279609958355039e-05,0.008861457197147152,0.00983266716000534,0.01130397299230111,0.01372139878679919,0.0,0.0,0.0029832478667239626,0.0,0.0022057774021408743,0.0,0.0,0.0,0.0016913400956177207,0.0,0.0,0.0,0.006082961716130152,0.0,0.030888673820136235,0.005072674503273377,0.0,0.0,0.0,0.0,0.0,0.0,0.008315535422463815,0.0,0.0,0.010934633811335094,0.0,0.0,0.0,0.0,0.00048001177001827844,0.0,0.001140303651608372,0.0034746110543055534,0.0,0.001079965918016359,0.0,0.0009126416075222259,0.0,0.0,0.0,0.0,0.0008830848120488285,0.000539692041618109,0.0,0.0,0.0009297897368019659,0.0,0.0,0.0007295911650519021,0.0,0.0,0.0,0.0,0.0,0.00018772384892201175,0.0,0.0,0.0,0.0,0.0,0.0,0.0,0.0,0.00010791720384826809,0.0002328099230626266,0.0,0.0,0.0,0.0002811180816110209,0.0,0.00145451659719933,0.0,0.0,5.820248076565665e-05,0.0,0.0,0.0,0.0,0.0,0.0,0.0,0.0,0.0,0.0,0.0,0.0,0.0,0.0,0.0,0.0,0.0,0.0,0.0,0.0,0.00020949900496449692,0.0,0.0,0.0,0.0,0.0,0.0
AAGTTCGGCCAACAGG-1,0.3004054354832095,0.0,0.22044204942956297,0.030579478144236096,0.0053813575597569975,0.010934529362545367,0.0,0.019837709441007906,0.018987229314745602,0.01788826620739374,0.003641769598887453,0.0,0.0,0.051486684590309445,0.024089839332401934,0.004530287017599467,0.0,0.0,0.0,0.0,0.0,0.0,0.0,0.0,0.0,0.0,0.0,0.0,0.0,0.0,0.0,0.0,0.0,0.0,0.0,0.0,0.0,0.0,0.0,0.0,0.0,0.0,0.0,0.0,0.0,0.0,0.0,0.0,0.0,0.011161130462557052,0.0,0.0,0.0,0.0,0.0,0.0,0.0,0.0,0.005580565231278526,0.0,0.0,0.0,0.0,0.0,0.0,0.0,0.0,0.0,0.0,0.0,0.0,0.0,0.0,0.0,0.0,0.0,0.0,0.0,0.0,0.0,0.0,0.0,0.0,0.0,0.0,0.0,0.0,0.0,0.0,0.0,0.0,0.0,0.0,0.0,0.0,0.0,0.0,0.0,0.0,0.0,0.0,0.0,0.0,0.0,0.0,0.0,0.0,0.0,0.0,0.0,0.0,0.0,0.0,0.0,0.0,0.0,0.0,0.0,0.0
AATAACAACGCTCGGC-1,0.0,0.0,0.1426376348707215,0.0,0.0,0.027752734619429245,0.0,0.02784964719240479,0.0,0.0,0.002773804755947301,0.0,0.0,0.0,0.004876547886173256,0.0,0.0,0.0,0.0,0.0,0.0,0.0,0.0,0.0,0.0,0.01920693148886784,0.0,0.0,0.0,0.0,0.0,0.0,0.0,0.0,0.0,0.0,0.0,0.0,0.0,0.0,0.0,0.0,0.0,0.0,0.0,0.0,0.0,0.0,0.0,0.0,0.0,0.0,0.0,0.0,0.0,0.0,0.007330487731843862,0.0,0.0,0.0,0.0,0.0,0.0,0.0,0.0,0.0,0.0,0.0,0.0,0.0,0.0,0.0,0.0,0.0,0.0,0.0,0.0,0.0,0.0,0.0,0.0,0.0,0.0,0.0,0.0,0.0,0.0,0.0,0.0,0.0,0.0,0.0,0.0,0.0,0.0,0.0,0.0,0.0,0.0,0.0,0.0,0.0,0.0,0.0,0.0,0.0,0.0,0.0,0.0,0.0,0.0,0.0,0.0,0.0,0.0,0.0,0.0,0.0,0.0
AATAACACTAGAACAA-1,0.3341089325520342,0.15096885216140904,0.025363881504463535,0.015693760368015595,0.004396323434184437,0.0,0.007538480436129237,0.00563118094364274,0.0021160862425119525,0.02580061156724541,0.0023658131950547575,0.0,0.00011703109978724861,0.008048708929170685,0.02997035837658514,0.01785783206913854,0.008442286697020029,0.003367641522537945,0.0,0.010450362865752245,0.029861073300559322,0.0019345949393824173,0.0,0.002248357597747597,0.010454795275285004,0.008198892965803714,0.00014893728062498435,0.0,0.0,0.0015409682202912529,0.0,0.0,0.0,0.0,0.0016687062938075215,0.0,0.002685787061741575,0.004175827526507313,0.0013715868888202606,0.0009794505890244917,0.00012256384867446307,0.0,0.0,0.0,0.0,0.0,0.0,0.00037454921410806034,0.0,0.0,0.004208781826827414,0.0035241901991855643,0.0016436030661797691,0.0,0.0,0.0009391715186622064,0.0,0.0,0.0,0.0011461491268146553,0.0011412135856451694,0.0002756411381590023,0.0,0.00040447322985063514,0.0,0.0,0.001617126764715582,0.0,0.00044984606130922945,0.0,0.0,0.0,0.0,0.0,0.0,0.0,0.0,0.0,0.0,0.0,0.0,0.0,0.0,0.0,0.0,0.0,0.0,0.0,0.0,0.0,0.0,0.0,0.0,0.0,0.0001409421187538487,0.0,0.0,0.00037146653460253686,0.0,0.0,0.0001548786655317432,0.0,0.0,0.0,0.0,0.0,0.0,0.0,0.0,0.0,0.00045826228803094406,0.0,0.0,0.0,0.0,0.0,0.0,0.0,0.0
AATAGAACAGAGTGGC-1,0.36619681691689726,0.2002558507875213,0.0666708950411537,0.023209933762054158,0.009521012758203044,0.014679817567752083,0.02652529363909062,0.049299809755229546,0.002938704904168807,0.009698424777818597,0.010486008111978093,0.0,0.00030996759452889977,0.0016262470026115034,0.01468451218875734,0.026343842071739947,0.015483481645440682,0.0,0.0,0.005051504305756965,0.0,0.0011953579985569695,0.001481582040955651,0.0,0.008576689055409939,0.0,0.0,0.0,0.0,0.0,0.0,0.0,0.0017478514412951264,0.0,0.00283229067352944,0.006265683008493979,0.0,0.0,0.0028716087247575364,0.0036596469763003135,0.0005551493287865283,0.0043922156381307415,0.0,0.0,0.0,0.0,0.004749333710921529,0.0009722967292794537,0.0,0.00048614836463972683,0.0,0.0,0.0,0.0,0.0,0.0,0.0012412004719907284,0.0,0.0,0.0028230876270679034,0.0014174701042749991,0.0,0.0,0.005700565896075551,0.0027531802890049684,0.0,0.0,0.0008195206414111082,0.0014110674432961543,0.0,0.0,0.0,0.0,0.0,0.0,0.00286352768916305,0.0,0.0,0.0017029679813545253,0.0,0.0,0.0,0.0,0.0,0.0,0.0,0.0003407335966966589,0.0,0.0,0.0,0.0,0.0,0.0,0.0,0.000286876674056301,0.0,0.0,0.0,0.0,0.0,0.0,0.0,0.0,0.0,0.0,0.0,0.0,0.0,0.0,0.0,0.0,0.0,0.0,0.0,0.0,0.0,0.0,0.0,0.0
AATAGTCCGTCCCGAC-1,0.048806588341761326,0.07014071468765146,0.034337303603577625,0.0,0.0,0.002574327765995525,0.016704271353400284,0.014537405762944525,0.0,0.0,0.001621868280145995,0.0,0.004564885579927341,0.01452613415791629,0.020636457147759663,0.00028072012619438614,0.032328051701176815,0.0,0.0,0.03496118367176064,0.0,0.00022125922002570863,0.0,0.0,0.027654358980314823,0.010466752530831198,0.0002892711935880761,0.0012407062951036254,0.006268574463099981,0.0,0.0,0.03982252257045743,0.0006556497554555129,0.0027481657111688663,0.0010940683228729596,0.00618625203652722,0.0,0.0,0.016182035225888295,0.006066872523393383,0.0,0.005275914661898738,0.0,0.0002707004719947292,0.003972468953833266,0.0,0.0006879154019939816,0.0,0.0,0.0014731740836011655,0.0,0.0,0.004285918533015701,0.0,0.0016996401737562677,0.0004297795741365298,0.0,0.0,0.0,0.00021910542212860742,0.00022241401662273792,0.0,0.0,0.0009829864036773918,0.0016737911466403693,0.0,0.00019819440848512117,0.0,0.0006036712246346297,0.0,0.0,0.0,0.00014245965930924546,0.0,0.0004049548750133482,0.0,0.0,0.0,0.0,0.0,0.0,0.0,0.00012148374506328364,0.0,0.0,6.58025990494698e-05,0.00019928299444512272,0.0,0.0,0.0,0.0,0.0,6.58025990494698e-05,0.0,0.0,0.0,0.0,0.0,0.0,0.0,0.0,0.0003788626582940217,0.0,0.0003718049222128643,0.0,0.0,0.0,0.0,0.0,0.0,0.0,0.0,0.0,0.0,0.0,0.0,0.0,0.0,0.0
AATATCGAGGGTTCTC-1,0.2801933042688084,0.12989265738016745,0.0,0.0,0.0,0.002470188579809051,0.008207943964888047,0.0,0.0,0.0,0.0,0.0,0.0,0.0,0.006634931001366366,0.0,0.0,0.0,0.0,0.0,0.0,0.009105119581175417,0.0,0.0,0.0,0.0,0.0,0.0,0.0,0.01061597313085989,0.0,0.0,0.008675395254030497,0.0,0.0,0.0,0.0,0.0,0.0,0.0,0.013565771613552033,0.0,0.0,0.0,0.0,0.0,0.0,0.0,0.01061597313085989,0.0,0.0,0.0,0.0,0.0,0.0,0.0,0.0,0.0,0.0,0.0,0.0,0.0,0.0,0.0,0.0,0.0,0.0,0.0,0.0,0.0,0.0,0.0,0.0,0.0,0.0,0.0,0.0,0.0,0.0,0.0,0.0,0.0,0.0,0.0,0.0,0.0,0.0,0.0,0.0,0.0,0.0,0.0,0.0,0.0,0.0,0.0,0.0,0.0,0.0,0.0,0.0,0.0,0.0,0.0,0.0,0.0,0.0,0.0,0.0,0.0,0.0,0.0,0.0,0.0,0.0,0.0,0.0,0.0,0.0
AATATTGGAGTATTGA-1,0.4996606753689035,0.42344281005288426,0.08896599397752263,0.04901129483285077,0.060016809683071506,0.022958962349994276,0.0,0.03740645157371172,0.0,0.0,0.019376570303428566,0.05091544486727191,0.0,0.0,0.006677738341594318,0.01200984032560217,0.0,0.0,0.060489906540108135,0.0,0.0,0.0,0.02961082618395961,0.0,0.033684865760666094,0.007118585967589297,0.0,0.0,0.0,0.0,0.0,0.0,0.0,0.0,0.0,0.0,0.0,0.0,0.0,0.0,0.0,0.0,0.0,0.0,0.0,0.0,0.0,0.0,0.0,0.0,0.0,0.0,0.0,0.0,0.009802963597722696,0.0,0.0,0.0,0.0,0.0,0.0,0.0,0.0,0.0,0.0,0.0,0.0,0.0,0.0,0.0,0.0,0.0,0.0,0.0,0.0,0.0,0.0,0.0,0.0,0.0,0.0,0.0,0.0,0.0,0.0,0.0,0.0,0.0,0.0,0.0,0.0,0.0,0.0,0.0,0.0,0.0,0.0,0.0,0.0,0.0,0.0,0.0,0.0,0.0,0.0,0.0,0.0,0.0,0.0,0.0,0.0,0.0,0.0,0.0,0.0,0.0,0.0,0.0,0.0
AATCGCCTCAGCGCCA-1,0.2768650261774146,0.06228573628602698,0.04941766948803511,0.05356160759268443,0.01745554255815946,0.0,0.015004743824972347,0.0207498708059489,0.0,0.0,0.020777574330229316,0.0,0.0,0.002420747801809604,0.0,0.0,0.0,0.026906566629880727,0.0,0.0,0.0,0.0034382816953107747,0.0,0.02035379470421798,0.0,0.0,0.0,0.0,0.0,0.0,0.0,0.0,0.0,0.0,0.0,0.0,0.0,0.0,0.0,0.0,0.0,0.0,0.0,0.0,0.0,0.0,0.0,0.0,0.0,0.0,0.0,0.0,0.0,0.0,0.0,0.0,0.0,0.006925858110076439,0.0,0.0,0.0,0.0,0.0,0.0,0.0,0.0,0.0,0.0,0.0,0.0,0.0,0.0,0.0,0.006925858110076439,0.0,0.0,0.0,0.0,0.0,0.0,0.0,0.0,0.0,0.0,0.0,0.0,0.0,0.0,0.0,0.0,0.0,0.0,0.0,0.0,0.0,0.0,0.0,0.0,0.0,0.0,0.0,0.0,0.0,0.0,0.0,0.0,0.0,0.0,0.0,0.0,0.0,0.0,0.0,0.0,0.0,0.0,0.0,0.0,0.0
AATCTCTACTGTGGTT-1,0.1647773035984123,0.06475416495510497,0.03606724754959668,0.015807931610408405,0.013375251792214226,0.009446489496318449,0.010296092845949413,0.007639696790425297,0.0013457626396013126,0.00863343607246043,0.0014577991063113719,0.0,0.02119877338491251,0.012292284634771574,0.006235551077810196,0.006453280409301701,0.01784596066413777,0.0,0.0,0.009570943196274577,0.0,0.002150473485266917,0.0015666227204480597,0.0,0.0,0.0,0.0,0.0,0.0,0.022571464232012062,0.0,0.02080251975630185,0.0021883157604171794,0.0,0.00213071127599377,0.0,0.0,0.0003647208233240443,0.0,0.0040231551578632264,0.0006629773390194808,0.005132622359835078,0.0,0.0,0.0,0.0,0.00037833087583501483,0.0,0.0,0.0008491629793943368,0.0016190091246272734,0.0,0.002404831751794369,0.0,0.000864137748299079,0.0005568236846631549,0.0007381637475070847,0.0,0.0,0.0006320136285127068,0.0,0.0,0.0,0.00011941740988915673,0.0,0.0,0.0015773408769974508,0.0,0.0,0.0,0.0,0.0,0.002223078189592175,0.0,0.0,0.0,0.0,0.0,0.0,0.0,0.0,0.0,0.000453921112243174,0.0,0.0,0.0,0.0005391514166380968,0.0,0.0,0.0,0.0,0.0,0.0,0.0,0.0,0.0,0.0,0.0,0.0,0.0,0.0,0.0,0.0,0.0,0.0,0.0,0.0,0.0,0.0,0.0,0.0,0.0,0.0,0.0,0.0,0.0,4.339469531044561e-05,0.0,0.0
AATGACAGCAATGTCT-1,0.1355917886672507,0.07865391422975954,0.11400306759130663,0.013464173521343957,0.007240597547437596,0.014406579450051934,0.08282968330825531,0.021793733970281344,0.06972050900893552,0.021777877160526742,0.0002461232783821351,0.0,0.04330104606186979,0.027038206272757496,0.026786786730371794,0.02307728775922537,0.0,0.0,0.0,0.025071791847960552,0.0156561981187838,0.004085034858729293,0.0,0.0,0.0,0.0,0.0033942451810376273,0.0,0.003899784528610312,0.0,0.0,0.0,0.0,0.0,0.0010152467584507768,0.0,0.017645114888139145,0.016372091677105308,0.0,0.00034965357120209637,0.00011328850819513137,0.0,0.0,0.0010152467584507768,0.0,0.0,0.0009736351110202852,0.0,0.0,0.0010152467584507768,0.0,0.002139626677132304,0.0,0.0,0.0,0.0025247242691789355,0.003760238227080135,0.0,0.0,0.0023968477008260354,0.00042568648139593265,0.0,0.00305789575940273,0.0041232552538503055,0.0,0.0,0.0,0.0,0.0,0.0,0.0,0.0,0.0,0.0,0.0,0.0,0.0,0.0,0.0,0.0,0.0,0.0,0.0,0.0,0.0,0.0,0.00020139981588084178,0.0,0.0,0.0,0.0,0.0,0.0,0.0,0.0,0.0012657369225970063,0.0,0.0,0.0,0.0,0.0,0.0,0.0,0.0,0.0,0.0,0.0,0.0,0.0,0.0,0.0,0.0,0.0,0.0,0.0015851270229794723,0.0,0.0,0.0,0.0
AATGATGCGACTCCTG-1,0.32438509475644706,0.1528321209388699,0.1119599908158862,0.0,0.025208325164545426,0.0,0.0,0.0,0.0,0.010565553444251839,0.0,0.0,0.0,0.0,0.0,0.0,0.0,0.0,0.0,0.0,0.0,0.0,0.0,0.0,0.0,0.0,0.0,0.0,0.0,0.0,0.0,0.0,0.0,0.0,0.0,0.0,0.0,0.0,0.0,0.0,0.0,0.0,0.0,0.0,0.0,0.011960377968190935,0.0,0.0,0.0,0.0,0.0,0.0,0.0,0.0,0.0,0.0,0.0,0.007868622489835834,0.0,0.0,0.0,0.0,0.0,0.0,0.0,0.0,0.0,0.0,0.0,0.0,0.0,0.0,0.0,0.0,0.0,0.0,0.0,0.0,0.0,0.0,0.0,0.0,0.0,0.0,0.0,0.0,0.0,0.0,0.0,0.0,0.0,0.0,0.0,0.0,0.0,0.0,0.0,0.0,0.0,0.0,0.0,0.0,0.0,0.0,0.0,0.0,0.0,0.0,0.0,0.0,0.0,0.0,0.0,0.0,0.0,0.0,0.0,0.0,0.0
AATGGTCCACCGTTCA-1,0.7922490087808876,0.4119331174833913,0.10096342602608559,0.08477819440053837,0.04860097465930501,0.06612038500405534,0.02439084528819714,0.021819243761268373,0.006932893746021532,0.02960689962539959,0.004721161675998238,0.0,0.0,0.0,0.0,0.014939735682457147,0.0025026760413805215,0.019155659611841076,0.046295526320475,0.0,0.0,0.003787477922544984,0.02653661334888475,0.012534137664725544,0.0,0.0,0.01579494577759368,0.0,0.0,0.0,0.0,0.0,0.0,0.0,0.012740851046129792,0.0,0.0,0.0,0.0022949728307397766,0.0,0.0,0.0,0.0,0.0022949728307397766,0.0,0.0,0.0,0.0,0.0,0.0,0.0,0.0,0.0022949728307397766,0.0,0.0,0.0,0.0,0.0,0.0,0.0,0.0,0.0,0.0033023030433162164,0.0008527405399363214,0.005258699128948753,0.0,0.0,0.0,0.0,0.0,0.0,0.0,0.0,0.0,0.0,0.0,0.0,0.0,0.0,0.0,0.0,0.0,0.0,0.0,0.0,0.0,0.0,0.0,0.0,0.0,0.0,0.0,0.0,0.0,0.0,0.0,0.0,0.0,0.0,0.0,0.0,0.0,0.0,0.0,0.0,0.0,0.0,0.0,0.0,0.0,0.0,0.0,0.0,0.0,0.0,0.0,0.0,0.0,0.0
AATTAAAGGTCGGCGT-1,0.28899917504936845,0.0,0.04801125180014791,0.05847941035686593,0.03341778804022445,0.024749075511524266,0.0,0.01361743779484378,0.0,0.0,0.006044138251047267,0.04826489651928237,0.021483699761822284,0.0,0.0,0.002141126041767092,0.0,0.0,0.0,0.0,0.0,0.0,0.0,0.0,0.0,0.0,0.0,0.0,0.0,0.0,0.0,0.0,0.0,0.0,0.0,0.0,0.0,0.0,0.0,0.0,0.0,0.0,0.0,0.0,0.0,0.0,0.0,0.0,0.0,0.0,0.0,0.0,0.0,0.0,0.0,0.0,0.0,0.0,0.009540376423075318,0.0,0.0,0.0,0.0,0.0,0.0,0.0,0.0,0.0,0.0,0.0,0.009540376423075318,0.0,0.0,0.0,0.0,0.0,0.0,0.0,0.0,0.0,0.0,0.0,0.0,0.0,0.0,0.0,0.0,0.0,0.0,0.0,0.0,0.0,0.0,0.0,0.0,0.0,0.0,0.0,0.0,0.0,0.0,0.0,0.0,0.0,0.0,0.0,0.0,0.0,0.0,0.0,0.0,0.0,0.0,0.0,0.0,0.0,0.0,0.0,0.0
AATTAGCGCTGCAGCG-1,0.4604305432912807,0.10948184720972572,0.16350498182020534,0.05624807506627903,0.046243146584635686,0.026533306395221782,0.0,0.03696044726037839,0.003713439614647433,0.010994769841860647,0.012883529234262158,0.05400863534650639,0.0,0.04322071358309917,0.0,0.0,0.00217711307535413,0.0,0.04037782821417199,0.0,0.0,0.0,0.009836574773941112,0.0,0.0,0.0,0.0,0.0,0.0,0.010796138003480052,0.0,0.0,0.0,0.0,0.0,0.0,0.03327618360502944,0.0,0.0,0.0,0.0,0.0,0.0,0.0,0.0,0.0,0.0,0.0,0.0,0.0,0.0,0.0013758738975617366,0.0,0.0,0.0,0.0,0.0,0.0,0.0,0.0,0.0,0.0,0.0,0.0,0.0,0.0,0.0,0.0,0.0,0.0,0.0,0.0,0.0,0.0,0.0,0.0,0.0,0.0,0.0,0.0,0.0,0.0,0.0,0.0,0.0,0.0,0.0,0.0,0.0,0.0,0.0,0.0,0.0,0.0,0.0,0.0,0.0,0.0,0.0,0.0,0.0,0.0,0.0,0.0,0.0,0.0,0.0,0.0,0.0,0.0,0.0,0.0,0.0,0.0,0.0,0.0,0.0,0.0,0.0
AATTCTAGAGTTAGGC-1,0.5062692984995196,0.3757730086016628,0.1160383218759009,0.04858635758463977,0.0682183513656374,0.03979382277665136,0.0,0.010749660727230123,0.0,0.0,0.04464410390028382,0.0,0.0,0.03164003330406794,0.007839567362941563,0.0,0.0,0.0,0.014892885192911532,0.0,0.06604389750415741,0.0,0.012907863649622264,0.0,0.0,0.008778593127866002,0.0,0.0,0.0,0.0,0.0,0.0,0.0,0.0,0.029805449106823156,0.0,0.0,0.0,0.0141750268360887,0.0,0.0,0.0,0.0,0.0,0.0,0.0,0.0,0.0,0.0,0.0,0.0,0.0,0.0,0.0,0.0,0.005730209669595369,0.0,0.0,0.007590180345801268,0.0,0.0011016906779801462,0.0,0.0,0.0,0.0,0.0,0.0,0.0,0.0,0.0,0.0,0.0,0.0,0.0,0.0,0.0,0.0,0.0,0.0,0.0,0.0,0.0,0.0,0.0,0.0,0.0,0.0,0.0,0.0,0.0,0.0,0.0,0.0,0.0,0.0,0.0,0.0,0.0,0.0,0.0,0.0,0.0,0.0,0.0,0.0,0.0,0.0,0.0,0.0,0.0,0.0,0.0,0.0,0.0,0.0,0.0,0.0,0.0,0.0
AATTGAACGCTCTGGT-1,0.08449004796877603,0.0,0.0,0.0,0.0,0.0,0.0,0.0,0.0,0.0,0.0,0.0,0.0,0.0,0.0,0.0,0.0,0.0,0.0,0.0,0.0,0.0,0.0,0.0,0.0,0.0,0.0,0.0,0.0,0.0,0.0,0.0,0.0,0.0,0.0,0.0,0.0,0.0,0.016913275252569658,0.0,0.0,0.0,0.0,0.0,0.0,0.0,0.0,0.0,0.0,0.0,0.0,0.0,0.0,0.0,0.0,0.0,0.0,0.0,0.0,0.0,0.0,0.0,0.0,0.0,0.0,0.0,0.0,0.0,0.0,0.0,0.0,0.0,0.0,0.0,0.0,0.0,0.0,0.0,0.0,0.0,0.0,0.0,0.0,0.0,0.0,0.0,0.0,0.0,0.0,0.0,0.0,0.0,0.0,0.0,0.0,0.0,0.0,0.0,0.0,0.0,0.0,0.0,0.0,0.0,0.0,0.0,0.0,0.0,0.0,0.0,0.0,0.0,0.0,0.0,0.0,0.0,0.0,0.0,0.0
ACAACGGTCCCTGCGA-1,0.4099832062156622,0.41685021982767206,0.06788303062623491,0.04628651609803676,0.07328342010157134,0.03465714303001376,0.03708553961751137,0.0,0.008246754075889592,0.00633447816455782,0.0013152622264601544,0.0,0.03028786936093507,0.030766870983317676,0.0,0.01263893173752385,0.0,0.03495287268907023,0.0,0.001241391233613235,0.0057749020479121674,0.012958729421495637,0.0,0.024121894815864242,0.0,0.010821049853675824,0.009586641911453617,0.0,0.0,0.0,0.0,0.0,0.0,0.0,0.0,0.0,0.0,0.0,0.0,0.0008783110633259819,0.009513728991118865,0.0,0.0,0.0,0.0,0.0017019878032045722,0.0,0.0,0.0,0.0,0.0,0.0,0.0,0.0,0.0,0.0,0.0,0.0,0.0,0.0,0.0,0.0,0.0,0.0,0.0,0.0,0.0,0.0,0.0,0.0,0.0,0.0,0.0,0.0,0.0,0.0,0.0,0.0,0.0,0.0,0.0,0.0,0.0,0.0,0.0,0.0,0.0007119054811196372,0.0,0.0,0.0,0.0,0.0,0.0,0.0,0.0,0.0,0.0,0.0,0.0,0.0,0.0,0.0,0.0,0.0,0.0,0.0,0.0,0.0,0.0,0.0,0.0,0.0,0.0,0.0,0.0,0.0,0.0,0.0,0.0
ACAAGCAGTGCCTAGC-1,0.3401722407577771,0.1985557982656282,0.0146129843435387,0.044740996708561645,0.07736929588599578,0.07301411910961639,0.0,0.019779606714358612,0.0,0.0,0.008898266997400397,0.0,0.0,0.03197630945806499,0.014007958901716678,0.0313156789351337,0.0,0.0,0.0,0.0,0.0,0.0,0.0,0.0,0.0,0.0,0.010693171760005445,0.0,0.0,0.0,0.0,0.0,0.0,0.0,0.0,0.0,0.0,0.0,0.0,0.0,0.0,0.0,0.0,0.0,0.0059617691635105345,0.0,0.0,0.0,0.0,0.0,0.0,0.0,0.0,0.0,0.0,0.0,0.0,0.0,0.0,0.0,0.0,0.0,0.0,0.0,0.0,0.0,0.0,0.0,0.0,0.0,0.0,0.0,0.0,0.0,0.0,0.0,0.0,0.0,0.005746916957431553,0.0,0.0,0.0,0.0,0.0,0.0,0.0,0.0,0.004294396469152023,0.0,0.0,0.0,0.0,0.0,0.004294396469152023,0.0,0.0,0.0,0.0,0.0,0.0,0.0,0.0,0.0,0.0,0.0,0.0,0.0,0.0,0.0,0.0,0.0,0.0,0.0,0.0,0.0,0.0,0.0,0.0,0.0
ACAAGGACAAGAGGTT-1,0.28970271042445506,0.0,0.05235716644200823,0.0483734218838809,0.042897039910442684,0.002315836864686316,0.0,0.005724913356688726,0.0,0.0,0.0051562623450257415,0.0,0.04989649827479667,0.0,0.0,0.0,0.0,0.0,0.0,0.0,0.0,0.0,0.0,0.0,0.0,0.015229790354265792,0.007260398246586878,0.0,0.0,0.0,0.0,0.0,0.0,0.0,0.0,0.0,0.0,0.0,0.0,0.0,0.0,0.0,0.0,0.0,0.0,0.0,0.0,0.0,0.0,0.0,0.0,0.0,0.0,0.0,0.0,0.0,0.0,0.0,0.0,0.0,0.0,0.0,0.0,0.0,0.0,0.0,0.0,0.0,0.0,0.0,0.0,0.0,0.0,0.0,0.0,0.0,0.0,0.0,0.0,0.0,0.0,0.0,0.0,0.0,0.0,0.0,0.0,0.0,0.0,0.0,0.0,0.0,0.0,0.0,0.0,0.0,0.0,0.0,0.0,0.0,0.0,0.0,0.0,0.0,0.0,0.0,0.0,0.0,0.0,0.0,0.0,0.0,0.0,0.0,0.0,0.0,0.0,0.0,0.0
ACAATAGTCGTACGTT-1,0.2398858131786515,0.3914800702692172,0.10957757383994413,0.0027713543576229293,0.010312628522824956,0.037277467758647494,0.028952634203404173,0.03248041506131633,0.03159912890018957,0.10766752344524662,0.005747338537673564,0.0,0.003824459563657358,0.0245823824332584,0.01822003998065373,0.034834529186559986,0.0,0.0,0.04045815503387825,0.0,0.0,0.0,0.01204851425805626,0.0,0.0,0.0,0.003304932440902409,0.0,0.004844366723484067,0.0,0.0,0.0,0.0,0.0,0.0,0.0,0.0,0.016320046582328794,0.0,0.0007494154336952987,0.0,0.006927837351054812,0.0,0.0039046945997758876,0.0,0.0,0.01134544827080224,0.0,0.0,0.0,0.0011116865648325557,0.0,0.0,0.0,0.0,0.0,0.0,0.0,0.0,0.003344395036161167,0.0,0.0,0.0,0.0021657192742247392,0.0,0.0,0.0,0.0014832114042020287,0.0,0.0,0.0,0.0,0.0,0.0,0.0,0.0,0.0,0.0011269295218598347,0.0038699705017529347,0.0011269295218598347,0.0,0.0,0.0,0.0,0.0,0.0017427041007794242,5.7851735169837265e-05,0.0,0.0,0.0010494519851534125,0.0014023557312719712,0.0,0.0,0.0,0.0,0.0,0.0,0.0,0.0,0.0,0.0017427041007794242,0.0007494154336952987,0.0,0.0,0.0,0.0,0.0,0.0,0.0008599428006306632,0.0,0.0,0.0009066269393960223,0.0,0.0,0.0,0.0,0.0,0.0,0.0
ACAATCCATTTAAACC-1,0.0,0.0,0.0,0.0,0.0,0.025747472410354633,0.0,0.012292784933899157,0.0,0.0,0.0,0.0,0.021489555123968433,0.0,0.006574635712229387,0.002586139983729042,0.0,0.03070792776830449,0.0,0.0,0.10551098819205576,0.0,0.0,0.035111781590959554,0.0,0.018727834549104358,0.0016882118181701076,0.0,0.0,0.0,0.0,0.0,0.008915309882849932,0.0,0.0,0.0,0.0,0.0,0.0,0.0,0.0,0.0,0.0,0.0,0.0,0.0,0.0,0.0,0.011652647457847078,0.0,0.0,0.0,0.0,0.0,0.0,0.0,0.0,0.007097057856597099,0.0,0.0,0.0,0.011079504583388886,0.007097057856597099,0.0,0.0,0.0,0.0,0.0,0.0,0.0,0.0,0.0,0.0,0.0,0.0,0.0,0.008915309882849932,0.0,0.0,0.0,0.0,0.0,0.0,0.0,0.0,0.0,0.0,0.0,0.0,0.0,0.0,0.0,0.0,0.0,0.0,0.0,0.0,0.0,0.0,0.0,0.0,0.0,0.0,0.0,0.0,0.0,0.0,0.0,0.0,0.0,0.0,0.0,0.0,0.0,0.0,0.0,0.0,0.0,0.0
ACAATTTAGGAGGCTC-1,0.12499528883771042,0.15697854759063373,0.05680517734899987,0.006521763660706764,0.007227978847395879,0.003240359533310182,0.0,0.0017299171264835373,0.0,0.00019658025571329767,0.006853260737118414,0.008198893137678165,0.0018277901252502715,0.005196218257328404,0.003073376625818121,0.004020285896038995,0.008830315348289448,0.0,0.0,0.0029985436913939467,0.0,0.0046828297095060974,0.0015340467726854701,0.0,0.0,0.0,0.0,0.0,0.0,0.0,0.0,0.0,0.001602566402251281,0.0,0.00158735599387852,0.0,0.0,0.00046883637948175633,0.0,0.00436113835883119,0.0,0.009662498235678751,0.0,0.0,0.0,0.0,0.0005145858753733696,0.0,0.0,0.0,0.003384539521046556,0.0,0.001821383621991737,0.0,0.0007589983527316997,0.0,0.0,0.0,0.0035098794535468663,0.0015397651641981445,0.0,0.0,0.0,0.000891956290355847,0.0,0.0,0.0005367945505248041,0.0005310149843924576,0.00043269463570676464,0.0009672696295487861,0.0,0.0,0.0,0.0,0.0011125102607623982,0.0,0.0,0.0,0.0,0.0,0.0,0.0,0.0016481535090450072,0.0,0.0,0.0,0.00017263051360155663,0.0,0.0,0.0,0.0,0.0,0.0,0.0,0.0,0.0,0.0,0.0,0.0,0.0,0.0,0.0,0.00031015198639778587,0.0,0.0,0.0,0.0,0.0,0.0,0.0,0.0,0.0,0.0,0.0,0.0,0.0,0.0,0.000980762120487359,0.0
ACACTGATCAAGGTGT-1,0.20753792235447882,0.09449012808088206,0.016474229083686447,0.004560385478202103,0.011458716401291388,0.0,0.0508468711232495,0.024721455949078285,0.002865735025252243,0.009622613295893197,0.020487826523864917,0.016945284741909435,0.0,0.02865091893793863,0.006061613493626677,0.01381350246788466,0.0,0.0,0.0,0.0,0.0,0.0018076139879605272,0.0,0.0,0.011817912374941005,0.0,0.00044976290884416473,0.0,0.0,0.004484251673366459,0.022327299317617382,0.0,0.0,0.0,0.005403750750648996,0.0,0.0,0.0,0.0,0.0015520433916158152,0.0,0.0,0.0,0.0,0.0,0.0,0.0,0.0008906145235540113,0.0,0.0,0.002752239573190212,0.0,0.0,0.0,0.0005412767374273347,0.003153300385651256,0.0,0.0,0.0,0.0,0.0,0.0,0.0,0.002737809659659313,0.0,0.0,0.0006921390328924605,0.0,0.0,0.001502474734575187,0.0,0.0,0.0,0.0,0.0,0.0,0.0,0.0,0.0,0.0,0.0,0.0,0.0,0.0,0.0,0.0,0.0,0.0,0.0,0.0,0.0,0.0,0.0,0.0,0.0,0.0,0.0,0.0,0.0,0.0,0.0,0.0,0.0,0.0,0.0,0.0,0.0,0.0,0.0,0.0,0.0,0.0,0.0,0.0,0.0,0.0,0.0,0.0,0.0
ACAGGTGGAGGTGAGG-1,0.15694012307878064,0.1303577091321721,0.013294349760595556,0.0029618557196597023,0.0,0.014393715178404314,0.028905363705635526,0.0,0.004794891938217452,0.0972389469164568,0.009359128338401804,0.04412181007634741,0.0,0.027703318023944157,0.0,0.008870085688830307,0.0,0.0,0.0,0.027807234679913948,0.0,0.00018733245032796997,0.002998561181992141,0.0,0.0,0.006281761227759652,0.005482359397774574,0.0,0.0,0.0,0.0,0.0,0.010874260660065693,0.0,0.0048850421672393275,0.0,0.012867742939564311,0.012206927336176563,0.00366123488647826,0.0,0.001156610271053979,0.0,0.0,0.0,0.0,0.0,0.0,0.0,0.0,0.0071773044132408615,0.0,0.00980284789472278,0.0036336068952353084,0.0,0.0,0.0,0.0,0.0,0.0,0.0,0.0,0.0,0.0,0.0007317524010447936,0.0,0.0,0.0,0.0,0.0,0.0,0.0,0.0,0.0,0.0,0.0,0.0,0.003990920562345692,0.0,0.0,0.0,0.0,0.0,0.0,0.0,0.0062352495374137385,0.0,0.0,0.0,0.0,0.0,0.0,0.0,0.0,0.0,0.0,0.0,0.0,0.0,0.0,0.0,0.0,0.0,0.0,0.0,0.0,0.0,0.0,0.0,0.0,0.0,0.0,0.0,0.0,0.0,0.0,0.0,0.0,0.0,0.0
ACATCAGCTGGGACGC-1,1.8898027710088177,0.949231048035211,0.2374814820710474,0.06124368877810861,0.1161904514940926,0.03656071159578961,0.04065367855572739,0.038872764441945096,0.02051232572086778,0.0,0.038850171377724216,0.008134779492275276,0.007852615610260166,0.02914445278566689,0.015610621893729242,0.013467224687378059,0.004198879602241283,0.0,0.0,0.0,0.0,0.0051193951021634085,0.002369881766823361,0.0,0.007566632800982667,0.0034087706286925947,0.0030970838470627997,0.0,0.0,0.0,0.0,0.0,0.0,0.0,0.011590209822537372,0.0,0.0,0.0034784901562653022,0.0,0.00036982730643087106,0.0,0.0,0.048473090341889444,0.0,0.0,0.002060141139783344,0.0,0.0,0.0,0.0,0.0,0.0,0.0,0.0,0.0,0.0,0.015595111038304783,0.0,0.0,0.0,0.0,0.0,0.0,0.0016531878734322174,0.0,0.0,0.002832608102730198,0.0025616554155017783,0.0,0.0,0.0,0.0,0.0,0.0,0.0,0.0,0.0,0.0,0.0,0.0,0.0,0.0,0.0010633165926607919,0.0,0.0,0.0,0.00026847994683764075,0.0,0.0,0.000946138822899913,0.0,0.0,0.0,0.0,0.0,0.0,0.0005778603475006549,0.0,0.0,0.0,0.0,0.0,0.0,0.0,0.0,0.0,0.0,0.0,0.0,0.0,0.0,0.0009797112831013881,0.0,0.0,0.0,0.0,0.0,0.0,0.0
ACATCCCGGCCATACG-1,1.121418080465389,0.6480793942923411,0.12738774554500562,0.04446673045188077,0.03501854286746135,0.015062072282040666,0.0,0.006664018183287423,0.0005192295713492528,0.0020142207627930576,0.006623854709155903,0.025130503748116994,0.0001717065382281312,0.013967672020924395,0.00044388694362917415,0.0076116059790244505,0.009700462229486126,0.025194629880425416,0.0,0.004340744087884002,0.0,0.0030219885983525565,0.0,0.0099407573054461,0.0,0.0,0.0,0.0,0.0,0.0,0.0,0.0,0.000872286926060193,0.0,0.009232871122622284,0.0,0.0011000013205614775,0.004920450925684865,0.0,0.007847708995070755,0.0,0.0024818248025079937,0.0,0.0,0.0010190457649599995,0.0,0.008760044298260841,0.0,0.0,0.0,0.003316477320672612,0.003168843861467725,0.0027172515221260563,0.0,0.0,0.0,0.0,0.0,0.0,0.0,0.0010074480842744496,0.0,0.0,0.0002679045014532735,0.0,0.0,0.000664879278988137,0.0008923140052853088,0.0,0.0,0.0,0.0,0.0,0.0,0.0,0.0,0.0,0.0,0.0,0.0,0.0,0.0,0.00032228626577945435,0.0,0.0011673198389930877,0.0,0.000917870928081083,0.0,0.0,0.0,0.0,0.0,0.0,0.0,0.0,0.0,0.0,0.0,0.0,0.0,0.0,0.0,0.0,0.0,0.0,0.0,0.0004955369747739986,0.0,0.0,0.0,0.0013403136978077915,0.0,0.0,0.0,0.0,0.00017072334770383094,0.0,0.0,0.0
ACATCGATCGTTTACC-1,0.7898269122424302,0.5881131723744142,0.3906205281571812,0.174567660522313,0.06711468940069572,0.0766637581078188,0.05303804903216307,0.029239071921131666,0.01000557299597943,0.0,0.02866643989293044,0.0,0.026887931047684437,0.00443234041743181,0.02717992811720125,0.002378943813806918,0.011688745067143066,0.021793729240870186,0.0048798307868947,0.0,0.0056712945884377485,0.00719001642088203,0.016478118497536994,0.007523616878284985,0.007006641856049722,0.0,0.0,0.0,0.027727430021454277,0.0,0.0,0.0,0.005226591388523208,0.0,0.013813649719414879,0.003828052661997632,0.0,0.00420992918475573,0.0,0.01260435851813286,0.005172143403612168,0.000824816354008761,0.0,0.0017815493650787963,0.0,0.0024734193001195322,0.0,0.0022189733137074853,0.005226677851198467,0.004682514200859675,0.0012099711001123511,0.0,0.0005426308305357334,0.0005426308305357334,0.0,0.0,0.0,0.001693192289619712,0.0,0.0011941756195269306,0.002014745852010362,0.0,0.003072213488992231,0.0,0.003404906203442218,0.0,0.0,0.0012765905850353402,0.00047283889641829474,0.0,0.0,0.0,0.0,0.0,0.012431977533609638,0.0,0.0,0.0,0.0,0.0,0.0,0.0,0.0,0.0,0.0,0.0,0.0004495886517012056,0.0,0.0,0.0,0.0011431665208665343,0.0005426308305357334,0.0,0.0,0.0,0.0,0.0,0.0,0.002301122918167957,0.000533742879214321,0.0,0.0,0.002967373284602212,0.0,0.0,0.0,0.0,0.0,0.0,0.0,0.0,0.0,0.0,0.0,0.0,0.0,0.0,0.0,0.0
ACATTAGTTTATATCC-1,0.4849399716812127,0.059919129568789475,0.4052690976738118,0.061104458226207706,0.059016465617890514,0.02355161091229903,0.029302080618809734,0.05838209148501487,0.0,0.0,0.04921477661834128,0.0587013427688326,0.0,0.0,0.0,0.014447094319143934,0.0,0.01043813552925479,0.0,0.0,0.0,0.0010835875167415458,0.0,0.008307133025427576,0.0,0.0126350185199889,0.0,0.0,0.0,0.0,0.0,0.0,0.0,0.0,0.021792455639192628,0.0,0.0,0.0,0.0,0.0,0.0,0.0,0.0,0.0038655770403925385,0.0,0.0,0.0043515062864232824,0.0,0.0,0.0,0.0,0.0,0.0,0.0,0.0,0.0,0.0,0.0,0.0038655770403925385,0.0,0.0,0.0,0.0038655770403925385,0.0,0.0,0.0,0.0,0.0,0.0,0.0,0.0,0.0,0.0,0.0,0.0,0.0,0.0,0.0,0.0,0.0,0.0,0.0,0.0,0.0,0.0,0.0,0.0,0.0,0.0,0.0,0.0,0.0,0.0,0.0,0.0,0.0,0.0,0.0,0.0,0.0,0.0,0.0,0.0,0.0,0.0,0.0,0.0,0.0,0.0,0.0,0.0,0.0,0.0,0.0,0.0,0.0,0.0,0.0,0.0
ACCAACGCTTATTTAT-1,0.3136356261878862,0.16424204732735795,0.09352418865589689,0.03400146575281928,0.004570738717477829,0.002584211661684588,0.0034962022099096204,0.08292184300108744,0.0018821677142616111,0.003805572932519869,0.041327034699114834,0.0,0.0,0.004195350879447875,0.008937122939426017,0.0,0.006772023952392028,0.0,0.0,0.0,0.0,0.002705168700847844,0.0,0.0,0.0,0.0,0.00037718813745961295,0.0,0.0,0.0,0.0,0.0,0.0,0.018150803736932324,0.0022970512715836944,0.0,0.0,0.0,0.0,0.007412585311602869,0.0003977046031529211,0.005864863526768931,0.0,0.0015261393684811542,0.0002719628128205313,0.0,0.0,0.0011215754147592967,0.0,0.0009164443534974909,0.0,0.0,0.0,0.0,0.0,0.003868174575577612,0.0,0.0,0.0,0.0,0.0,0.0,0.0,0.002990402999588304,0.0,0.0,0.0,0.0,0.0,0.0015213648060952547,0.0,0.0,0.005069461274361354,0.0,0.0,0.0,0.0,0.0,0.0,0.0,0.0,0.0,0.0,0.0,0.0,0.0,0.0001303698811852316,0.0,0.0,0.0,0.0009164443534974909,0.0,0.0,0.0,0.0,0.0,0.0,0.0,0.0,0.0,0.0,0.0,0.0,0.0,0.0,0.0,0.0,0.0,0.0,0.0,0.0,0.0,0.0,0.0,0.0,0.0,0.0,0.0,0.0
ACCATATCCGCAATAA-1,0.2619539993040759,0.374656545928587,0.15838113884814128,0.04293236031363789,0.0767315280040807,0.06902480444439128,0.006607332691790836,0.027559988460806865,0.0,0.0,0.002416551057086393,0.0,0.05097391832249905,0.0,0.010494932068589459,0.002748005295090194,0.0,0.0,0.0,0.0,0.0,0.009847254948529331,0.0,0.0,0.0,0.0,0.007808747823075873,0.0,0.0,0.0,0.0,0.0,0.005350865076890298,0.0,0.012939094293076495,0.00789119153123554,0.0,0.0113147522427957,0.0,0.0,0.0,0.0012967309776936707,0.0,0.0029254437864794044,0.0,0.0,0.0,0.0,0.0,0.0,0.0,0.0,0.0,0.0,0.0,0.0,0.0,0.005850887572958809,0.0,0.0,0.0,0.0,0.0,0.0,0.004092724293241848,0.0,0.0,0.0,0.0,0.0,0.007756632047119225,0.0,0.0,0.0,0.0,0.0,0.0,0.0,0.0,0.0,0.0,0.0,0.0,0.0,0.0,0.0,0.0,0.0,0.0,0.0,0.0,0.0,0.0,0.0,0.0,0.0,0.0,0.0,0.0,0.0,0.0,0.0,0.0,0.0,0.0,0.0,0.0,0.0,0.0,0.0,0.0,0.0,0.0,0.0,0.0,0.0,0.0,0.0,0.0
ACCATCCGCCAACTAG-1,0.018529913562725746,0.007321825556985958,0.010356983550952999,0.0,0.0,0.0,0.006783973067046704,0.024889213508948654,0.0,0.0,0.0,0.04413410889537989,0.0,0.013856723428445038,0.013301046281916366,0.0,0.02576791122030535,0.009016077851747422,0.0,0.0,0.010269296728245943,0.002732705838535944,0.0034018132206292662,0.005327776869682815,0.0,0.0,0.0,0.0,0.0,0.005556632761934554,0.0,0.0,0.002334649256336563,0.0,0.0,0.0,0.0,0.0019254347293988974,0.0,0.00295960640994719,0.00016006533991684901,0.0,0.0,0.0,0.0,0.0,0.0,0.0,0.0,0.0,0.0,0.0,0.0,0.0,0.0,0.0,0.0,0.0,0.0,0.0,8.246007777808075e-05,0.0,0.0,0.0021775249549622214,0.0,0.0,9.164559933318645e-05,0.0,0.0,0.0,0.0,0.0,0.0,0.0,0.0,0.0,0.0,0.0,0.0,0.0,0.013790346931024523,0.0,0.0,0.0,0.0,0.0,0.0,0.0,0.0,0.0,0.0,0.0,0.0,0.0,0.0,0.0,0.0,0.0,0.0,0.0,0.0,0.0,0.0,0.0,0.0,0.0,0.0,0.0,0.0,0.0,0.0,0.0,0.0,0.0,0.0,0.0,0.0,0.0,0.0
ACCATCGTATATGGTA-1,0.04284255902744432,0.07706734489956703,0.06418073845036681,0.0,0.008630537024910774,0.005001696738637327,0.0,0.0030793712708223606,0.0,0.0,0.013147727211983321,0.0,0.0,0.0,0.017577101600715874,0.0,0.0,0.0,0.0,0.0,0.0,0.002891236206457207,0.0,0.0,0.0,0.0,0.0,0.0,0.0,0.008325202194313477,0.0,0.0,0.0,0.0,0.0,0.0,0.0,0.0,0.019278206648954375,0.0,0.0,0.0,0.0,0.0,0.0,0.0,0.0,0.0,0.0,0.0,0.0,0.0,0.0,0.008325202194313477,0.0,0.0,0.0,0.0,0.0,0.0,0.0,0.0,0.0,0.0,0.0,0.0,0.0,0.0,0.0,0.0,0.0,0.0,0.0,0.008325202194313477,0.0,0.0,0.0,0.0,0.0,0.0,0.0,0.0,0.0,0.0,0.0,0.0,0.0,0.0,0.0,0.0,0.0,0.0,0.0,0.0,0.0,0.0,0.0,0.0,0.0,0.0,0.0,0.0,0.0,0.0,0.0,0.0,0.0,0.0,0.0,0.0,0.0,0.0,0.0,0.0,0.0,0.0,0.0,0.0,0.0
ACCCACCTACATGCTC-1,1.4672471128664752,1.3883953888031682,0.08794965240562191,0.000250325370967919,0.17335526011638092,0.04205481142793045,0.16129382243647924,0.033244131349271254,0.14006777745403495,0.049283875577304515,0.02117877558959511,0.0,0.07707060717057966,0.0,0.007138964669861702,0.061660367750761745,0.007964273289340691,0.0032816630789321353,0.0,0.0,0.0,0.020170806177255356,0.0,0.007865763911807223,0.0,0.0,0.008777304260011843,0.0,0.0,0.0,0.04312497681317867,0.0,0.004452716312988191,0.0,0.0022388339029879266,0.01036195302835945,0.0312917722775833,0.024998015287048942,0.0,0.00031419693150667213,0.0013539881041094014,0.0,0.0,0.00445585039576554,0.0,0.00437375190693204,0.0,0.004512560123967083,0.0,0.0,0.0,0.01006551085088607,0.0,0.0009642923113130494,0.0,0.0,0.0014939108959127025,0.0,0.0,0.0,0.0025159169554092903,0.0,0.002357646938344113,0.0,0.007433168084274845,0.0,0.0,0.005028807845264549,0.0013967907135520462,0.0,0.0,0.0,0.0,0.0,0.0,0.0023653189831354822,0.0,0.0015125710320518855,0.0,0.0,0.0,0.0,0.0,0.0,0.008286028146083473,0.0,0.0005716091925461477,0.0,0.0,0.0,0.0022707327187589704,0.0,0.0,0.0018945558052407383,0.0006027228159261054,0.0,0.000250325370967919,0.0,0.0,0.0,0.0,0.0,0.0,0.0,0.0,0.0,0.0,0.0,0.0,0.0,0.0,0.0,0.0,0.0,0.0,0.0,0.0,0.0,0.0
ACCCATCTTGAGGGTA-1,0.0,0.11150247353461108,0.0,0.0,0.0,0.025338071235409085,0.0,0.006662842807848913,0.0,0.0,0.0,0.017063636442908044,0.0,0.0,0.008318705801503968,0.0,0.0,0.0,0.05555188904884577,0.0,0.0,0.0,0.013453266880056602,0.0,0.0,0.0,0.0,0.0,0.0,0.0,0.0,0.0,0.0,0.0,0.0,0.0,0.0,0.0,0.0,0.0,0.0,0.0,0.0,0.0,0.0,0.006554543670974646,0.0,0.0,0.0,0.0,0.0,0.0,0.0,0.0,0.0,0.0,0.0,0.0,0.016998476990569528,0.0,0.0,0.0,0.0,0.0,0.0,0.0,0.0,0.0,0.0,0.0,0.0,0.0,0.0,0.0,0.0,0.0,0.006554543670974646,0.0,0.0,0.0,0.0,0.0,0.0,0.0,0.0,0.0,0.0,0.0,0.0,0.0,0.0,0.0,0.0,0.0,0.0,0.0,0.0,0.0,0.0,0.0,0.0,0.0,0.0,0.0,0.0,0.0,0.0,0.0,0.0,0.0,0.0,0.0,0.0,0.0,0.0,0.0,0.0,0.0,0.0
ACCCGGTTACACTTCC-1,0.25511861129515206,0.09216589677867659,0.1325169312052245,0.050357962588793485,0.0,0.04250732632666867,0.016916464122341227,0.014843627004968506,0.0,0.0,0.01967066651100549,0.0,0.0,0.0,0.0,0.0,0.0,0.0,0.0,0.0,0.07438288615039611,0.0,0.0,0.0,0.0,0.0,0.0,0.0,0.0,0.0,0.0,0.0,0.0,0.0,0.0,0.0,0.0,0.0,0.0,0.0,0.0,0.0,0.0,0.0,0.0,0.0,0.0,0.0,0.0,0.0,0.0,0.0,0.0,0.0,0.0,0.0,0.0,0.0,0.0,0.0,0.003413619717445988,0.0,0.0,0.0,0.0,0.0,0.0,0.0,0.0,0.0,0.0,0.0,0.0,0.0,0.0,0.0,0.0,0.0,0.0,0.0,0.0,0.0,0.0,0.0,0.0,0.0,0.0,0.0,0.0,0.0,0.0,0.0,0.0,0.0,0.0,0.0,0.0,0.0,0.0,0.0,0.0,0.0,0.0,0.0,0.0,0.0,0.0,0.0,0.0,0.0,0.0,0.0,0.0,0.0,0.0,0.0,0.0,0.0,0.0
ACCCGTGTCATCAGTA-1,0.03624104211774758,0.013195483409570217,0.05045562519881211,0.0,0.0,0.002059209509316757,0.010089099070908339,0.044588553710246955,2.336197298412969e-05,0.0,0.0015458050587919825,0.0,6.081165227776664e-05,0.009708339017837152,0.007338862746911007,0.0,0.044392789267051654,0.0,0.0,0.04027251125715941,0.019953808155825377,0.0007926202102610638,0.0,0.0,0.04598720198013414,0.004093118886433588,0.0,0.0003891410651323516,0.0,0.01780549491853286,0.0,0.01063228789092981,0.0,0.0003122152794688499,0.0,0.0,0.0,0.0004219339004887184,0.01798523502869141,0.007169676399037371,0.0,0.0,0.0,0.0,0.0027346738893579085,0.0,0.00015997914313179128,0.0,0.0,0.0010476110663591499,0.009005507922766437,0.0,0.006721053587115951,0.0,0.0,0.0,0.0,0.0,0.0,0.0,0.0007662847792579384,0.0,0.0,0.0006709613086458213,0.0,0.0,2.4395759386388806e-05,0.0,0.000366432926015976,0.0,0.0,0.0,0.0003802250343773337,0.0,0.0006118198372985582,0.0,0.0,0.0,0.0,0.00029124672251607935,0.0,0.004528305756515093,0.0002492465718347099,0.0,0.0001878442305283178,0.0,8.96581059226546e-05,0.0,0.0,0.0,0.0,0.0,0.0,0.0,0.0,0.0,4.378782849997805e-05,0.0,0.0,0.0,0.0,0.0,0.0,0.00023792854141711678,0.0,0.0,0.0,0.0,5.469125437176858e-05,0.0,0.0,0.0,7.785857041092966e-05,0.0,0.0,0.0,0.0,0.0,0.00026032584963322526
ACCCTATGCCATATCG-1,0.01192053618871357,0.00856388863555789,0.0030443861605519013,0.0,0.0,0.0003458956929540322,0.009058237360302776,0.008761060324605253,0.0,0.0021485275675841783,0.0007465429327399633,0.0,0.002049915934498426,0.015757780282703922,0.008092919853476802,0.0,0.010985438901915112,0.0,0.0,0.03617343557174929,0.02084681103918038,0.0007376379135431661,0.0,0.0005371308655677884,0.07598319952476752,0.0,0.0,0.0,0.0011272607937864315,0.0,0.0,0.0,0.0,0.0015262465304845608,0.0,0.0,0.0,0.0009184179107968246,0.0,0.0014573199586141393,0.00024261535722675247,0.0,0.0,0.0,0.00011976548194835899,0.0,0.0,0.0,0.0,0.0006199743207634322,0.0,0.0,0.0006440588584702737,0.0,0.0,0.0009349401590793544,0.0,0.0,0.0,0.0,0.00033579571783540516,0.0,0.0,9.604792130415834e-05,0.0,0.0,0.0,0.0,0.0,0.0,0.0,0.0,0.0,0.0,0.0,0.0,0.0,0.0,0.0,0.0029544066846045563,0.0,0.0,0.0,0.0,0.0,0.0,2.2735817950523124e-05,0.0,0.0,0.0,0.0,0.0,0.0,0.0,0.0,0.0,0.0,0.0,0.0,0.0,0.0,0.0,0.0,0.0003548626109065743,0.0,0.0,0.0,0.0,0.0,0.0,0.0,0.0,0.0,0.0,0.0,7.098192917540794e-05,0.0,0.0,0.0
ACCTAAGTACCTTTCA-1,0.05210974593026896,0.06236004253259802,0.08208715597865464,0.007408644024669741,0.005518443142751464,0.0031148496684541447,0.03397497890414883,0.023198210889287883,0.005512171784739398,0.0,0.0015854064137834584,0.0,0.009646575500169924,0.012214364890164786,0.0212786411397165,0.012156412803949862,0.019649134686145105,0.0,0.0,0.002508920155175829,0.0,0.002555814152303613,0.0,0.0,0.0,0.0,0.00023862508895863008,0.0,0.0,0.0010515927705883148,0.0,0.0,0.0,0.002055593098625149,0.0,0.004264101644284966,0.0005939768718962956,0.0,0.0,0.003803365075649609,0.00019943193246339344,0.0,0.0,0.00037400421358488474,0.0,0.0,0.000673011627290558,0.0,0.0,0.00248389785251014,0.002408062225672046,0.000753828574793721,0.0010080640175880132,0.0,0.0,0.0002063326167527282,0.0022350873942048933,0.0,0.0,0.0012738151294817415,0.0001575478103962856,0.0001546319503512257,0.0,0.0009609589935037283,0.0,0.0,0.0007655240020813462,0.0,8.711604542260994e-05,0.0,0.0,0.0,0.0,0.0,0.0,0.0,0.0,0.0,0.001124040815352476,0.0,0.0,0.001206853780298352,0.0007641660361573275,0.0,0.0,0.00030926390070245137,0.0,0.0,0.0,0.0,0.0,0.0,0.0,0.0,0.0002809326504789446,0.0,0.0,0.0,0.0,0.0,0.0,0.0,0.00071647035096053,0.0,0.0,0.0,0.0,0.0,0.0,0.0,0.0,0.0,0.0,0.0,0.0,0.0,0.0,0.0,0.0
ACCTAATCGACTTCCT-1,0.8941780863819466,0.6507809953078149,0.0,0.0,0.11978576858901743,0.04104771960269491,0.07039435725713425,0.014463711459663381,0.030706651687940244,0.02719514016990393,0.0029819245750383264,0.0,0.0,0.015224658024317706,0.012952429356595544,0.017145347783104583,0.0,0.030612358292200433,0.034235508959172094,0.0,0.020335193866173128,0.03649217479735805,0.013690277737193828,0.01049646481946522,0.0,0.02341033838214393,0.0063398478254354535,0.0,0.0,0.0,0.0,0.0,0.0,0.0,0.005490640698255751,0.0,0.02481747972760458,0.0,0.0,0.0,0.00610282556787869,0.0,0.0,0.0,0.008213175818183135,0.0,0.012475802956213308,0.010188605558809193,0.0,0.0,0.0,0.007305050610667624,0.0,0.0,0.006372374296567372,0.009556212973217066,0.0,0.0,0.0,0.0,0.0,0.0,0.003310315837475153,0.0,0.0,0.0,0.0,0.0051324960421430844,0.0,0.0,0.0,0.0,0.0,0.0,0.0,0.0,0.0,0.0,0.0,0.0,0.0,0.002301225805856251,0.0,0.002301225805856251,0.0,0.0,0.0,0.0,0.0,0.0,0.0,0.0,0.0,0.0,0.0,0.0,0.0,0.0,0.0,0.0,0.0,0.0,0.0,0.0,0.0,0.0,0.0,0.0,0.0,0.0,0.0,0.0,0.0,0.0,0.0,0.0,0.0,0.0,0.0
ACCTGCGTGTCATGTT-1,0.028627182917662374,0.005947844854937104,0.016548161390608055,0.004257443717525938,0.0013244152991292002,0.0001422306716741882,0.03305665604358095,0.046057696302076734,0.0016828792661769533,0.004206979970888406,0.0001644478340977111,0.0,0.01706892952898777,0.007070257836392104,0.013356940121512456,0.002272128005801277,0.032288291555606835,0.0,0.0,0.0,0.0,0.0004980442052646774,0.0,0.0002618683551115724,0.0056889818803898375,0.0,6.72179616209178e-05,0.0,0.0023233939008465224,0.0,0.0,0.011063462329106622,0.0,0.0009332297358650073,0.0,0.0,4.0379201962523264e-05,0.0013466502419889025,0.0,0.001928674709112548,0.0,0.0,0.0,0.0,0.0,0.0,0.0,5.8737511605936127e-05,0.0,0.0,0.0036277575051218416,0.0004005381312196222,0.002678535634903817,0.0,0.0,0.00011075732643696174,0.0006155171380837424,0.0,0.0,0.0,0.0005876380620401405,0.0,0.0,0.002213878600927709,0.0,0.0,3.8812243784879504e-05,9.822364096943143e-05,0.0,0.0,0.0,0.0,0.004122154110805388,0.0,0.00013840615970276202,0.0003680307126830721,0.0,0.0,0.0,0.00035924935421197037,0.0024053517242006066,0.0,0.0003501010617666112,0.0,0.0,0.00023500118228526277,0.0005918304565674374,0.0,0.0,0.0,0.0,0.0,0.0,0.0,0.0,0.0,0.00036918480568636685,0.0,0.0,0.0,0.0,0.0,9.133671534737264e-05,0.0,0.0,0.0,0.0,0.0,0.00011640743769178094,0.0,0.0,0.0,0.0,0.0,0.0,0.0001232421252540062,0.0,0.0003447647621356903,0.0
ACGAAATGGGCGGCAC-1,0.36962965207641385,0.0,0.15191751588365784,0.0648953016851688,0.06069886778561362,0.041396890633615416,0.0,0.007785573608432315,0.007565105255777196,0.045400098187716946,0.002177941094965794,0.0,0.0455301095186995,0.0,0.00840545025277879,0.030006937380407744,0.0,0.0,0.0,0.0,0.0,0.027795795041887925,0.0,0.0,0.0,0.02290264831523297,0.0,0.0,0.0,0.0,0.0,0.0,0.0,0.0,0.0,0.0,0.027372375981076696,0.0,0.0,0.0,0.0,0.005813657745661253,0.0,0.0,0.0,0.004775494310301259,0.0,0.0,0.0,0.0,0.0,0.014953215181936135,0.0,0.0,0.0,0.0,0.0,0.0,0.0,0.0,0.0018775063261888677,0.0,0.0,0.0,0.0,0.0,0.0,0.0,0.0,0.0,0.0,0.004775494310301259,0.0,0.0,0.0,0.0,0.0,0.0,0.0,0.0,0.0,0.0,0.0,0.0,0.0,0.0,0.0,0.0,0.0,0.0,0.0,0.0,0.0,0.0,0.0,0.0,0.0,0.0,0.0,0.0,0.0,0.0,0.0,0.0,0.0,0.0,0.0,0.0,0.0,0.0,0.0,0.0,0.0,0.0,0.0,0.0,0.0,0.0,0.0
ACGATCATACATAGAG-1,0.0,0.0,0.04379211080268353,0.0,0.0,0.0,0.0,0.00888437393472203,0.0,0.041458390927326075,0.0,0.011414451024435718,0.03117712990410452,0.0,0.0,0.0,0.0,0.0,0.0,0.0,0.0,0.0015318753339712565,0.0,0.0,0.0,0.0,0.0035795987365575058,0.0,0.0,0.009431232450191649,0.0,0.0,0.0,0.0,0.0,0.0,0.0,0.0,0.0,0.0,0.0,0.0,0.0,0.0,0.0,0.0,0.0,0.0,0.0,0.0,0.0,0.0,0.0,0.0,0.0,0.0,0.0,0.0,0.0,0.0,0.0,0.0,0.0,0.0,0.0,0.0,0.0,0.0,0.0,0.0,0.0,0.0,0.0,0.009431232450191649,0.0,0.0,0.0,0.0,0.0,0.0,0.0,0.0,0.0,0.0,0.0,0.0,0.0,0.0,0.0,0.0,0.0,0.0,0.0,0.0,0.0,0.0,0.0,0.0,0.0,0.0,0.0,0.0,0.0,0.0,0.0,0.0,0.0,0.0,0.0,0.0,0.0,0.0,0.0,0.0,0.0,0.0,0.0,0.0,0.0
ACGCAATCACTACAGC-1,0.26592069371345795,0.09433179415093267,0.0,0.0,0.0,0.0,0.0,0.0,0.0,0.0033152920949519366,0.0,0.0,0.0,0.0,0.0,0.0,0.0,0.0,0.01031170382713174,0.0,0.0,0.0,0.0,0.0,0.0,0.0,0.0,0.0,0.0,0.0,0.0,0.0,0.0,0.0,0.0,0.0,0.0,0.0,0.01350659752426302,0.0,0.0,0.0,0.0,0.0,0.0,0.0,0.0,0.0,0.0,0.0,0.0,0.0,0.0,0.0,0.0,0.0,0.0,0.0,0.0,0.0,0.0,0.0,0.0,0.0,0.0,0.0,0.0,0.0,0.0,0.0,0.0,0.0,0.0,0.0,0.0,0.0,0.0,0.0,0.0,0.0,0.0,0.0,0.0,0.0,0.0,0.0,0.0,0.0,0.0,0.0,0.0,0.0,0.0,0.0,0.0,0.0,0.0,0.0,0.0,0.0,0.0,0.0,0.0,0.0,0.0,0.0,0.0,0.0,0.0,0.0,0.0,0.0,0.0,0.0,0.0,0.0,0.0,0.0,0.0
ACGCATTCGTGAGTAC-1,0.40180781958756034,0.48113295885499585,0.09056413361781758,0.04476613612950986,0.03349624668170788,0.09695201362287215,0.10305785627428302,0.03653318461050585,0.01870264043871724,0.0,0.0038412495210000544,0.01707320487656714,0.0,0.0,0.035533686125816526,0.01025965574327491,0.015673338770407077,0.009548422224153858,0.0,0.0,0.005907013728809396,0.0,0.002924517051903105,0.0,0.0,0.0,0.0,0.0,0.0,0.0,0.0,0.0005788900990889403,0.001875275544290992,0.0,0.00122192404648154,0.0,0.0,0.0031078314697463778,0.0,0.0033783757589632315,0.0006895836696211539,0.0020135617696242047,0.0,0.003390113134463629,0.0,0.0,0.0023906030315056725,0.0,0.0,0.0035416584375618,0.0,0.0,0.004195009935371252,0.0028575639115533042,0.0,0.0,0.0,0.0,0.0,0.0,0.0014344268716555367,0.0,0.002924517051903105,0.0,0.0,0.0,0.0,0.005379642972755579,0.0,0.0,0.0,0.0,0.0,0.0,0.0,0.0,0.0,0.0,0.0,0.0,0.0,0.0,0.0,0.0,0.0,0.0,4.4116045535682276e-05,0.0,0.0,0.0,0.0,0.0,0.0,0.0,0.0,0.0,0.0,0.0,0.0,0.0,0.0,0.0,0.0,0.0,0.0,0.0,0.0,0.0,0.0,0.0,0.0,0.0,0.0,0.0,0.0,0.0,0.0,0.0,0.0
ACGCCGCTAGACGACC-1,0.20632811245053884,0.14832464475268145,0.14168264525025762,0.05697876307301662,0.013240855068975965,0.03295538450839844,0.016698151578278548,0.0,0.0,0.0,0.0,0.020932843271292814,0.0,0.0,0.0,0.0,0.0,0.018179855924218544,0.028909303398318847,0.0,0.022559029397737653,0.021048663721760043,0.0035515104273566283,0.004623038109109011,0.0,0.0,0.005256921123794497,0.0,0.0,0.0,0.0,0.0,0.0,0.0,0.0,0.0,0.0,0.0,0.0,0.0,0.0,0.0,0.0,0.0,0.0,0.0,0.0,0.0,0.0,0.0,0.0,0.0,0.0,0.0,0.0,0.0,0.0,0.0,0.0,0.0,0.0,0.0,0.0,0.0,0.0,0.0,0.0,0.0,0.0,0.0,0.0,0.0,0.0,0.0,0.0,0.0,0.0,0.0,0.0,0.0,0.0,0.0,0.0,0.0,0.0,0.0,0.0,0.0,0.0,0.0,0.0,0.0,0.0,0.0,0.0,0.0,0.0,0.0,0.0,0.0,0.0,0.0,0.0,0.0,0.0,0.0,0.0,0.0,0.0,0.0,0.0,0.0,0.0,0.0,0.0,0.0,0.0,0.0,0.0
ACGCGAAGTCAGACGA-1,0.19068050205098416,0.15798131889829684,0.20526124547862473,0.08615896565443194,0.07454745973670988,0.023562335343451684,0.0,0.0476355125346091,0.0,0.0,0.1152344321664352,0.035145197100971776,0.0198758319501046,0.020786459787656263,0.01303416604285108,0.0,0.00494595804361021,0.0,0.0,0.0,0.0,0.011531640040988405,0.0016087344718604631,0.0,0.0,0.0,0.001083439120334903,0.0,0.0,0.0,0.0,0.005402418108485747,0.0,0.0,0.028076172902055562,0.0,0.0,0.0,0.0,0.00038575369516830743,0.0,0.0,0.0,0.0012407733731953157,0.0,0.004061286800575292,0.003427436710767764,0.0,0.0,0.003866600870662696,0.0,0.0011048026396645752,0.0037078797607592627,0.0,0.0,0.0,0.0,0.0,0.0034964875699402104,0.0,0.0,0.0,0.0,0.0,0.0,0.0,0.0,0.0,0.0,0.0,0.0,0.0,0.00031164080038440585,0.0,0.0,0.0,0.0,0.0016338295924148993,0.0,0.0,0.0,0.0,0.003583033755432708,0.0,0.0,0.0,0.0005178045598146217,0.0,0.0,0.0,0.0,0.0,0.0,0.0,0.0,0.00342151930885885,0.0,0.0,0.0,0.0,0.0,0.0,0.0,0.0,0.0,0.0,0.0,0.0,0.0,0.0,0.0,0.0,0.0,0.0,0.0,0.0,0.0,0.0,0.0
ACGCGCTACACAGGGT-1,0.28955645482130843,0.06431905165887696,0.0350424630121663,0.028460427405518227,0.004742761035006958,0.028729393539335447,0.0,0.0031677567320788544,0.0,0.0,0.004922081700098305,0.038339274186497116,0.009366734951826132,0.0,0.0,0.0,0.0,0.0,0.0,0.0,0.0,0.0,0.0,0.0,0.0,0.015228274515939689,0.0,0.0,0.0,0.02153604061476095,0.0,0.0,0.0,0.0,0.0,0.0,0.0,0.0,0.0,0.0,0.0,0.0,0.0,0.0,0.0,0.0,0.0,0.0,0.0,0.0,0.0,0.0,0.0,0.0,0.0,0.0,0.0,0.0077883321015567095,0.0,0.0,0.0,0.0,0.0,0.0,0.0,0.0,0.0,0.0,0.0,0.0,0.0,0.0,0.0,0.0,0.0,0.0,0.0,0.0,0.0,0.0,0.0,0.0,0.0,0.0,0.0,0.0,0.0,0.0,0.0,0.0,0.0,0.0,0.0,0.0,0.0,0.0,0.0,0.0,0.0,0.0,0.0,0.0,0.0,0.0,0.0,0.0,0.0,0.0,0.0,0.0,0.0,0.0,0.0,0.0,0.0,0.0,0.0,0.0,0.0
ACGCGGGCCAAGGACA-1,0.43639694590293115,0.27635508690959204,0.04919000638139595,0.037534793132681,0.016357262074011107,0.04453926602516321,0.027266356159850555,0.026082838750285813,0.0035673437825032893,0.0016191095737128332,0.0073410977171026485,0.009179284951819416,0.01318341984428702,0.00999221410171001,0.024333471835730633,0.010163631875119278,0.02209099883349275,0.031996621635181875,0.0,0.0,0.0058710055038436685,0.002835572002250864,0.009028412378186619,0.0013843159289598347,0.0,0.0,0.0113756355328425,0.0,0.0,0.0006567650520740914,0.0,0.0007210664356777153,0.0,0.0,0.0012450549609450126,0.0,0.0,0.0,0.0,0.0020956679293232406,0.0010465299049626756,0.009421395149371624,0.0,0.0,0.0,0.0,0.003582142827399892,0.0,0.0,0.0026296519307577432,0.0014794015312450783,0.0,0.0015163026707347292,0.0003897648528885842,0.0,0.0,0.0,0.0,0.0,0.0,0.0007858694873000736,0.0,0.0,0.0,0.0,0.0,0.0006567650520740914,0.0,0.0,0.0,0.0,0.0,0.0,0.0,0.00900888998707807,0.0,0.0,0.002970330987159194,0.0,0.0,0.0,0.0,0.0,0.0003897648528885842,0.0,0.0,7.545145947875274e-05,0.0,0.0,0.0,0.0,0.0,0.0,0.0015163026707347292,0.0,0.0,0.0,0.0,0.0,0.0,0.0,0.0,0.0014089831717767319,0.0,0.0,0.0,0.0,0.0,0.0,0.0,0.0,0.0,0.0,0.0,0.0,0.0,0.0,0.0,0.0
ACGCTGTGAGGCGTAG-1,0.27868840272242196,0.11853598043762631,0.02913704410979557,0.00476035016797737,0.0,0.004767505668009055,0.014514290045073038,0.007112560773917614,0.0,0.0,0.0053901496603010225,0.0,0.0,0.04533081635222727,0.013719454943912425,0.016541499264434042,0.020823820528554495,0.0,0.0,0.0017863314182576353,0.0,0.0013521519822818605,0.001855708699019996,0.0,0.0,0.0,0.00043444560606057883,0.0,0.0,0.004579870339840845,0.0,0.0,0.002280889317691068,0.0,0.006742943888495617,0.0,0.0,0.0,0.0,0.004682623388841162,0.0004273735871190465,0.0,0.0,0.0,0.0,0.0,0.0014134328014796412,0.0,0.0,0.006015120796596778,0.0,0.0,0.002124377566272053,0.0,0.0,0.0,0.011317842641966601,0.0,0.0,0.0,0.0006603006016854647,0.0,0.0,0.00034885987875180453,0.0,0.0,0.0012903976224434787,0.0005281397506479838,0.0,0.0,0.0,0.0,0.0,0.0,0.0,0.0,0.0,0.0,0.0015637044945294896,0.0002654948042867098,0.0,0.0,0.0002654948042867098,0.0,0.0,0.0,0.00044697828119553946,0.0,0.0,0.0,0.0,0.0,0.0,0.0,0.0,0.0,0.00034924371129100657,0.0,0.0,0.0,0.0,0.0,0.0,0.0,0.0,0.0,0.0,0.0,0.0,0.0,0.0,0.0,0.0,0.0,0.0,0.0,0.0,0.0,0.0
ACGGCACTTGCTTGGG-1,0.2774397781441704,0.07244692861604557,0.09150524687177412,0.03136645904988284,0.004914836076514661,0.002273342436029144,0.16532216828755728,0.016522069145265553,0.07197615929420151,0.023874595758382508,0.01783924115350291,0.0,0.0,0.0,0.0,0.006676574411501194,0.0,0.0,0.0,0.0,0.0,0.0,0.0,0.0,0.0,0.0,0.0,0.0,0.0,0.0,0.0,0.0,0.028720573604242385,0.0,0.0,0.0,0.0,0.0,0.0,0.0,0.0,0.0,0.0,0.0,0.0,0.0,0.0,0.0,0.0,0.0,0.0,0.0,0.0,0.0,0.008048962087083045,0.0,0.0,0.0,0.0,0.0,0.0,0.0,0.006311324715038148,0.0,0.0,0.0,0.0,0.0,0.0,0.0,0.0,0.0,0.0,0.0,0.0,0.0,0.0,0.0,0.0,0.0,0.0,0.0,0.0,0.0,0.0,0.0,0.0,0.0,0.0,0.0,0.0,0.0,0.0,0.0,0.0,0.0,0.0,0.0,0.0,0.0,0.0,0.0,0.0,0.0,0.0,0.0,0.0,0.0,0.0,0.0,0.0,0.0,0.0,0.0,0.0,0.0,0.0,0.0,0.0
ACGGCCAACATGGACT-1,1.0865486098479586,0.569235457070001,0.35915417567153035,0.09062817156948844,0.0273691243372009,0.02226608545696939,0.06182848969396251,0.03322739811296986,0.006846412436360208,0.024333314572524616,0.028577247731460757,0.0438876820116235,0.014152264645991746,0.0,0.0,0.01965486598143741,0.0,0.0,0.0,0.0,0.0,0.006377358042103435,0.0,0.0018718016656234316,0.0,0.0,0.003404061916176631,0.03382913287883451,0.0,0.0,0.0,0.0,0.0,0.0,0.007627781104064627,0.0,0.010142945161499006,0.008807944273498703,0.0,0.010979010057775428,0.0,0.0,0.0,0.0,0.0,0.0,0.0,0.002634514138922755,0.0,0.0,0.002710301418502701,0.004125102127958204,0.0,0.0,0.0,0.002037510275997774,0.0,0.0,0.0,0.0,0.0008545419091972486,0.0016258784349391865,0.0,0.0003236594702085775,0.0,0.0,0.0008890621991969939,0.0,0.0,0.0,0.0,0.0,0.0,0.0,0.0,0.0,0.0,0.0016258784349391865,0.003380337579025855,0.0,0.0,0.0012863071591330034,0.0,0.0,0.0,0.0,0.00018210367185131737,0.002564980588068141,0.0,0.0,0.0,0.0,0.00457880714952296,0.0016148290051451646,0.0,0.0,0.0,0.0,0.0,0.0,0.0,0.0,0.0,0.0,0.0,0.0,0.0,0.0016258784349391865,0.0,0.0,0.0,0.0,0.0,0.0,0.0012863071591330034,0.0,0.0,0.0,0.0
ACGGGAGTGTCGGCCC-1,0.10944004357312428,0.0023967862752022027,0.10346324126506044,0.0,0.0,0.0076921715504656915,0.0,0.037357937626857046,0.055397824712003454,0.012498142789036085,0.0,0.035801962482726865,0.0,0.0,0.010496168878335823,0.001854786787578605,0.0,0.0,0.0,0.0,0.0,0.0008935989655055775,0.0,0.001010216749550771,0.0,0.006063930525327889,0.0,0.0,0.02800274415132939,0.00983991690264513,0.0,0.0,0.007440323100672526,0.0,0.0,0.0,0.0,0.0,0.0,0.0,0.0,0.0,0.0,0.004402051092611955,0.0,0.0,0.0035286377630073273,0.0012568192618345013,0.0,0.0031804776987713387,0.0,0.0,0.0,0.0,0.0031804776987713387,0.0023759974032626736,0.0,0.0,0.0,0.0,0.0,0.0,0.0032176761443155947,0.007861128659845854,0.0,0.0,0.0,0.0,0.0,0.0,0.0,0.0,0.0,0.0,0.0,0.0,0.0,0.0,0.0,0.0,0.0,0.0,0.0,0.0,0.0,0.0,0.0,0.0,0.0,0.0,0.0,0.0,0.0,0.0,0.0,0.0,0.0,0.0,0.0,0.0,0.0,0.0018734189361878622,0.0,0.0,0.0,0.0,0.0,0.0,0.0,0.0,0.0,0.0,0.0,0.0,0.0,0.0,0.0,0.0,0.0
ACGTAGATTGCTGATG-1,0.2240743244083443,0.01952915711295103,0.03089097592539137,0.02829360046344409,0.0,0.014252766088667601,0.0,0.009372110196893803,0.008841366956951712,0.005363554976784177,0.014040834374776488,0.0,0.0,0.002885439183508349,0.0,0.0,0.0,0.0,0.0,0.0,0.0,0.0,0.0,0.0,0.0,0.0,0.0,0.0,0.0,0.0,0.0,0.0,0.0,0.0,0.0,0.0,0.0,0.0,0.0,0.0,0.0,0.0,0.0,0.0,0.0,0.0,0.0,0.0,0.0,0.0,0.0,0.0,0.0,0.0,0.0,0.0,0.0,0.0,0.0,0.0,0.0,0.0,0.0,0.0,0.0,0.0,0.0,0.0,0.0,0.0,0.0,0.0,0.0,0.0,0.0,0.0,0.0,0.0,0.0,0.0,0.0,0.0,0.0,0.0,0.0,0.0,0.0,0.0,0.0,0.0,0.0,0.0,0.0,0.0,0.0,0.0,0.0,0.0,0.0,0.0,0.0,0.0,0.0,0.0,0.0,0.0,0.0,0.0,0.0,0.0,0.0,0.0,0.0,0.0,0.0,0.0,0.0,0.0,0.0
ACGTTAATGTCGAAGA-1,0.5018830698216266,0.45867094190851565,0.20759761636638135,0.10540061569159051,0.0498803485220619,0.04042029081997616,0.0,0.03991969627595576,0.0,0.0,0.002909595351739718,0.0,0.0,0.001406898143056601,0.04098098414186301,0.0,0.0047796825027576414,0.0,0.0,0.0,0.008896107966937912,0.032468751163320805,0.005347896555060557,0.0,0.0,0.006581748643332027,0.001574941351856219,0.0,0.0,0.0,0.0,0.0,0.005292224325594616,0.0,0.0,0.007912424956881277,0.0,0.0,0.017060103504361202,0.0040997019463343285,0.0,0.0,0.0,0.0,0.0,0.0,0.005172206386655316,0.0,0.0,0.0034480389096886816,0.0,0.0,0.0020786499318789843,0.005985340482244023,0.0,0.0,0.0,0.004670883120956403,0.008106668932530418,0.0,0.0009155059570400314,0.0,0.0,0.0,0.0,0.0,0.0,0.0,0.0035710869786824842,0.0,0.0,0.0,0.0,0.0,0.0,0.0,0.0,0.0,0.0,0.0,0.0,0.0,0.0013693889778096976,0.0,0.0,0.0,0.000917033310219382,0.0,0.0,0.0,0.0,0.0,0.0,0.0,0.0,0.0,0.004250311288885893,0.0,0.0,0.0,0.0,0.0,0.0,0.004351267153325852,0.0,0.0,0.0,0.0,0.0,0.0,0.0,0.0,0.0,0.0,0.0,0.0,0.0,0.0,0.0
ACTCCCATTCCTAAAG-1,0.00518376468631005,0.0008166877986509162,0.0010681768063555718,0.0,0.0,0.0,0.011661913301768507,0.006908513906748667,0.0030789816951502396,0.003452007491075979,7.722474484294355e-05,0.0,0.0,0.0018772794156428475,0.0015800896314430483,0.0,0.008707379866836461,0.0,0.0,0.0,0.0029308820949920694,0.0005205193101667934,0.0,0.0,0.02255769227160348,0.0,0.0,0.0,0.0,0.0,0.004263533145583462,0.0,0.0,0.00034696779326183247,0.0,0.0,0.0,0.0,0.0,0.0011813881588113248,0.0,0.0,0.0043649738390696404,0.0,0.0,0.0,0.0,0.0,0.0,0.0,0.0,0.0,0.00040802214656498787,0.0,0.0,0.0,0.0,0.0,0.0,7.96514112906198e-05,0.0009348763257160039,4.2526676830457795e-05,0.0,0.0011073194930538391,0.0,0.0001493024680430025,3.616532386900283e-05,0.0,0.0,0.0,0.0,0.0,0.0013177500797785385,0.0,0.0,0.0,0.0,0.0,0.0,0.003006537841022053,0.0,0.0,0.0,0.0,0.0,0.0,6.627580121921341e-05,0.0,0.0,0.0,0.00014766962621431693,0.0,0.0,0.0,0.0,0.0,0.00015282476397270105,0.0,0.0,0.0,0.0,5.766343346864115e-05,0.0,0.0,0.0,0.0,0.0,0.0,0.0,0.0,0.00014218143198380597,0.0,0.0,0.0,0.0,0.0,0.0,0.0,4.2526676830457795e-05
ACTCCCTAGAATAGTA-1,0.8402107148520733,0.126477174494064,0.1385438365873913,0.08865420337311666,0.037227489597401964,0.0556145937812637,0.03149227751623564,0.0,0.0,0.0,0.030915664344386508,0.050944538938108665,0.0,0.0,0.0,0.0,0.0026649214970831253,0.0,0.0,0.0,0.0,0.002062821264106705,0.0,0.0,0.015630804408502254,0.0,0.0,0.0,0.0,0.0,0.0,0.0,0.0,0.0,0.0,0.0,0.0,0.0,0.0,0.0,0.0,0.0,0.0,0.0,0.0,0.011989336873247273,0.0,0.0,0.010418331064623554,0.0,0.0,0.0,0.0,0.0,0.010069810664605841,0.0,0.0,0.0,0.0,0.0,0.0,0.0,0.0,0.0,0.0,0.0,0.0,0.0,0.0,0.0,0.0,0.0,0.0,0.0,0.0,0.0,0.0,0.0,0.0,0.0,0.0,0.0,0.0,0.0,0.0,0.0,0.0,0.0,0.0,0.0,0.0,0.0,0.0,0.0,0.0,0.0,0.0,0.0,0.0,0.0,0.0,0.0,0.0,0.0,0.0,0.0,0.0,0.0,0.0,0.0,0.0,0.0,0.0,0.0,0.0,0.0,0.0,0.0,0.0
ACTCGTAACCCGTCCT-1,0.011763107383296213,0.0005204556124243228,0.01668116269726751,0.0,0.0,0.0007199258597489234,0.01762956410604478,0.022291178566528323,0.0002968079396952765,0.0,0.0,0.0,0.025154745650272814,0.006888205865608446,0.008419671361935253,0.0,0.007806576190830621,0.003607050128891052,0.0,0.013128607769828219,0.0,0.0,0.0,0.002468870216849555,0.0,0.0,0.0,0.0,0.0,0.0,0.0,0.017497198049884647,0.0,0.0,0.0,0.0,0.0,0.0008982917898518336,0.013559554553814898,0.009472599248588535,0.0,0.0,0.0,0.0,0.0,0.0,0.0007148477368670743,0.0013857093502360894,0.0,0.0,0.0022104358111626667,0.0,0.0027600103217759113,0.0,0.0,0.002039257184824261,0.0,0.0,0.0,0.0,0.0006322181339305826,0.0,0.0,0.0010961732718617451,0.0,0.0,7.319298963046595e-05,0.0,0.0,0.0,0.0,0.0,0.0,0.0,0.0,0.0,0.0,0.0,0.0,0.0,0.0,0.0,0.0002764713740190383,0.0,0.0,0.0,0.00018398361738282637,0.0,0.0,0.0,0.0,0.0,0.0,0.0,0.0,0.0,0.00012096534028536903,0.0,0.0,0.0,0.0,0.0,0.0,0.0,0.0,0.0,0.0,0.0,0.0,0.0,0.0,0.0,0.0,0.0,0.0,0.0,0.0,0.0,0.0
ACTCGTCAGTAATCCC-1,0.34075679286581095,0.0,0.1103875515627537,0.11541936336145545,0.03575889030299381,0.006101532112971907,0.0,0.004361023308269932,0.0,0.0,0.004449747214067496,0.0,0.04245151180121218,0.001778016773790369,0.011856207204931536,0.0022994392907205777,0.0,0.037407563724319214,0.0,0.007200209342498324,0.045245113020959356,0.01362942801906765,0.0,0.0221587882335078,0.0,0.0,0.010854935329367403,0.0,0.0,0.005068688622153632,0.0,0.0,0.010137377244307263,0.0,0.0,0.0,0.0,0.0,0.0,0.0,0.0,0.0,0.0,0.005068688622153632,0.0,0.01101748693043313,0.0,0.006645857544366223,0.0,0.0,0.0,0.0,0.0,0.0,0.0,0.018360403710886077,0.0,0.0,0.0,0.0,0.0,0.0,0.006645857544366223,0.0,0.0,0.0,0.0,0.0,0.0,0.0,0.0,0.0,0.0,0.0,0.0,0.0,0.0,0.0,0.0,0.0,0.0,0.0,0.0,0.0,0.0,0.0,0.0,0.0,0.0,0.0,0.0,0.0,0.0,0.0,0.0,0.0,0.0,0.0,0.0,0.0,0.0,0.0,0.0042731675703614564,0.0,0.0,0.0,0.0,0.0,0.0,0.0,0.0,0.0,0.0,0.0,0.0,0.0,0.0,0.0,0.0
ACTCTCTGACTTAGGT-1,0.0,0.0,0.022614804680451225,0.0,0.0,0.0,0.0,0.0,0.0,0.0,0.0,0.0,0.0,0.0,0.0,0.0,0.0,0.0,0.0,0.0,0.0,0.0,0.0,0.0,0.0,0.0,0.0,0.0,0.0,0.00934674025003352,0.0,0.0,0.0,0.0,0.0,0.0,0.0,0.0,0.013584044392003357,0.0,0.0,0.0,0.0,0.0,0.0,0.0,0.0,0.0,0.0,0.0,0.0,0.0,0.0,0.0,0.0,0.0,0.0,0.0,0.0,0.0,0.0,0.0,0.0,0.0,0.0,0.0,0.0,0.0,0.0,0.0,0.0,0.0,0.0,0.0,0.0,0.0,0.0,0.0,0.0,0.0,0.0,0.0,0.0,0.0,0.0,0.0,0.0,0.0,0.0,0.0,0.0,0.0,0.0,0.0,0.0,0.0,0.0,0.0,0.0,0.0,0.0,0.0,0.0,0.0,0.0,0.0,0.0,0.0,0.0,0.0,0.0,0.0,0.0,0.0,0.0,0.0,0.0,0.0,0.0
ACTGTCCAGGATTATA-1,0.16159158660639195,0.055473411102032646,0.1942247659263987,0.041968463254293584,0.019663115288887662,0.021207770643887874,0.03155176121873143,0.003686881312300219,0.0,0.0,0.0028553818927896245,0.009270345093146936,0.0,0.0,0.0,0.006127348443402224,0.0,0.0,0.0,0.0,0.0,0.0,0.0,0.0,0.0,0.0,0.0,0.0,0.0,0.0,0.0,0.0,0.0,0.0,0.0,0.0,0.0,0.0,0.0,0.0,0.0,0.0,0.0,0.0,0.0,0.0,0.0,0.0,0.0,0.0,0.0,0.0,0.0,0.0,0.007422777606982895,0.0,0.0,0.0,0.0,0.0,0.0,0.0,0.0,0.0,0.0,0.0,0.0,0.0,0.0,0.0,0.0,0.0,0.0,0.0,0.0,0.0,0.0,0.0,0.0,0.0,0.0,0.0,0.0,0.0,0.0,0.0,0.0,0.0,0.0,0.0,0.0,0.0,0.0,0.0,0.0,0.0,0.0,0.0,0.0,0.0,0.0,0.0,0.0,0.0,0.0,0.0,0.0,0.0,0.0,0.0,0.0,0.0,0.0,0.0,0.0,0.0,0.0,0.0,0.0
ACTTATACTTACCCGG-1,0.1091561589023012,0.0,0.03305889589820076,0.02835340245825827,0.010774107839030773,0.01762334852450644,0.0,0.00913366768175839,0.0,0.0,0.016867716272322957,0.0,0.0,0.0,0.0,0.0,0.0,0.0,0.0,0.0,0.0,0.004601110309800517,0.0,0.0,0.0,0.0,0.0,0.0,0.0,0.0,0.0,0.0,0.0,0.0,0.0,0.0,0.0,0.0,0.0,0.0,0.0,0.0,0.0,0.0,0.0,0.0,0.0,0.0,0.0,0.00913366768175839,0.0,0.0,0.0,0.0,0.0,0.0,0.0,0.00913366768175839,0.0,0.0,0.0,0.0,0.0,0.0,0.0,0.0,0.0,0.0,0.0,0.0,0.0,0.0,0.0,0.0,0.0,0.0,0.0,0.0,0.0,0.0,0.0,0.0,0.0,0.0,0.0,0.0,0.0,0.0,0.0,0.0,0.0,0.0,0.0,0.0,0.0,0.0,0.0,0.0,0.0,0.0,0.0,0.0,0.0,0.0,0.0,0.0,0.0,0.0,0.0,0.0,0.0,0.0,0.0,0.0,0.0,0.0,0.0,0.0,0.0
ACTTCGCCATACGCAC-1,0.2889585142330502,0.043903697479959376,0.10542032461182473,0.02831080999012229,0.028973997744660696,0.02682357637283519,0.048290916534440405,0.016434788506927006,0.04012653553013133,0.0,0.0,0.0,0.0,0.029745263518093232,0.0,0.0,0.0,0.0,0.0,0.0,0.0,0.0,0.0,0.0,0.0,0.0,0.0007074918914548303,0.0,0.0,0.0,0.0,0.0,0.0,0.0,0.0,0.0,0.0,0.0,0.0,0.0,0.0,0.0,0.0,0.0,0.0,0.017692564991235567,0.0,0.0,0.0,0.0,0.0,0.0,0.0,0.0,0.0,0.0,0.0,0.0,0.0,0.0,0.0,0.0,0.0,0.0,0.0,0.0,0.0,0.0,0.0,0.0,0.006091124028854761,0.0,0.0,0.0,0.0,0.0,0.0,0.0,0.0,0.0,0.0,0.0,0.0,0.0,0.0,0.0,0.0,0.0,0.0,0.0,0.0,0.0,0.0,0.0,0.0,0.0,0.0,0.0,0.0,0.0,0.0,0.0,0.0,0.0,0.0,0.0,0.0,0.0,0.0,0.0,0.0,0.0,0.0,0.0,0.0,0.0,0.0,0.0,0.0
ACTTTGACTGCATCCT-1,0.04796215068670812,0.012369668442641752,0.10395190816137614,0.007228190056595843,0.0037668314607069765,0.002403068526870818,0.008618493356084484,0.014696352550575767,0.0005500138053698474,0.007512311258823892,0.003904605319637927,0.0,0.007952367608576977,0.021660889657200817,0.008724885329059334,0.0035009737620149035,0.006019683331590286,0.005060386767962342,0.0,0.019407644518663947,0.0028685605403607345,0.0,0.0,0.0024080314577656584,0.0,0.0,0.0,0.0,0.0,0.015545992124226561,0.0,0.0,0.0,0.00466621127048527,0.0,0.0,0.0,0.0,0.016116915492587407,0.0055834147018871665,0.0003156232381767235,0.006495166689286554,0.0,0.0,0.0,0.0,0.0,0.0,0.0,0.0004013536095204649,0.0054993648384703345,0.0,0.0019087854146025967,0.0,0.0,0.0,0.0003582371502800687,0.0,0.0,0.0,0.0,0.0,0.0,0.0003916246097937993,0.0010016845896380245,0.0,0.0002468097892482935,0.0,0.0,0.00031598343136140394,0.0,0.0,0.0,0.0,0.00037199723134360426,0.0,0.0,0.0,0.0,0.0,0.0,0.0,0.0,0.0,0.0,0.0,0.0,0.0,0.0,0.0,0.0,0.0,0.0,0.0,0.0,0.0,0.0,0.0,0.0,0.0,0.0,0.0003280444750832191,0.0,0.0,0.0,0.0,0.0,0.0,0.0,0.0,0.0,0.0,0.0,0.0,0.0,0.0,0.0,0.0,0.00013912572489224254
AGAACGTGGTACATTC-1,0.23201247365255445,0.0,0.07840505747548752,0.03819074768616831,0.018871448842263605,0.023327507373089397,0.0,0.021421343252672257,0.0,0.0,0.0,0.012799520275211584,0.0,0.0,0.0,0.0,0.0,0.0,0.0,0.0,0.0,0.0,0.0,0.0,0.0,0.0,0.0,0.061558807863131566,0.0,0.0,0.0,0.0,0.0,0.0,0.0,0.0,0.0,0.0,0.0,0.0,0.0,0.0,0.0,0.0,0.0,0.0,0.0,0.0,0.0,0.0,0.0,0.005384163533600081,0.0,0.0,0.0,0.0,0.0,0.006572124358473484,0.0,0.0,0.0,0.0,0.008338147511159083,0.0,0.0,0.0,0.0,0.0,0.0,0.0,0.0,0.0,0.0,0.0,0.0,0.0,0.0,0.0,0.0,0.0,0.0,0.0,0.0,0.0,0.0,0.0,0.0,0.0,0.0,0.0,0.0,0.0,0.0,0.0,0.0,0.0,0.0,0.0,0.0,0.0,0.0,0.0,0.0,0.0,0.0,0.0,0.0,0.0,0.0,0.0,0.0,0.0,0.0,0.0,0.0,0.0,0.0,0.0,0.0
AGAAGTGATTCGTGAT-1,0.15368202010409657,0.03709745493700997,0.09030575377446756,0.01901060496746864,0.016127157533076874,0.004197180077688205,0.029178090180099234,0.043109536066562704,0.024457266024093285,0.005942188902401056,0.0006321113461453243,0.0,0.0,0.03033335398961083,0.00814306807326571,0.022407789152262807,0.0073193825607116,0.0,0.0,0.03835883138915531,0.0,0.00240821587068262,0.0,0.004014424406267546,0.0,0.0,0.0012391330978177388,0.0,0.0,0.0,0.03809859704179213,0.012069264008833095,0.003846424725009969,0.010952331727623124,0.0010235554081953438,0.0,0.0023552311015806,0.004459505184967665,0.0,0.006957397297139523,0.0,0.0027527658979370853,0.0,0.0034090965931717647,0.0,0.0,0.0,0.0006747028185831344,0.0,0.0,0.0,0.0012829096761580849,0.0006747028185831344,0.0,0.0,0.0,0.0,0.0,0.0,0.004459704192132699,0.0005748121640664896,0.0,0.0,0.0054212139952726215,0.0043557521892442315,0.0,0.0,0.0,0.0,0.0,0.0,0.0,0.0006228840253917657,0.0,0.0,0.0,0.0,0.0,0.0,0.0,0.0,0.0,0.0,0.0,0.0,0.0,0.0,0.0,0.0,0.0,0.0,0.0,0.0,0.0,0.0,0.0,0.0,0.0,0.0,0.0,0.0,0.0,0.0,0.0,0.0,0.0,0.0,0.0,0.0,0.0,0.0,0.0,0.0,0.0,0.0,8.621946567421297e-05,0.00040121270070951045,0.0,0.0
AGAATAAATCTTCAGG-1,0.795749144617372,0.34920410189259027,0.166414233503207,0.03063917289699506,0.033105628214714404,0.026000142589745798,0.026120721131568304,0.024162316865085236,0.0,0.0012423658964902122,0.009689720328925615,0.0249716160723989,0.008650850134009961,0.003533396202897914,0.0035242455735831606,0.019925323455291598,0.015665622387808876,0.0,0.0,0.0,0.0,0.0020296356854893603,0.0032702913257799063,0.0,0.0,0.0017712286325249045,0.0020608272309864816,0.0,0.01088921762831142,0.0007957664283521438,0.0,0.0033166178952652417,0.0016391492780796174,0.0,0.0023974152118067015,0.013843835332402845,0.002693542298723972,0.0018947443261506391,0.0,0.004943369900128487,0.0005665511809128123,0.020653593161567188,0.0,0.0011128953986323507,0.0,0.0,0.0014335859672127194,0.0,0.0,0.0015972475109653867,0.002457112818252185,0.004830983161534377,0.0007568936727973712,0.0,0.0,0.0008411313736674187,0.0008625066162633922,0.0,0.0,0.0010742435946855058,0.0,0.0,0.0,0.0,0.00401925924692314,0.0,0.0009377191450827084,0.0,0.0009436889738176932,0.0,0.0,0.0,2.8235920994958063e-05,0.0,0.0006903428325978889,0.0,0.0,0.0,0.001055223939769408,0.0,0.0,0.0009926459414157935,0.0,0.0,0.000781585195963182,0.0,0.0002876237008958846,0.0,0.0,0.0,0.0006321416507438593,0.0,0.0,0.0,0.0014885607301005019,0.00030819511226639707,0.00043705469394066413,0.00019252220899468065,0.0,0.0,0.0,0.0,9.351631182693632e-05,0.0,0.0,0.0,0.0,0.0,0.0,0.0,0.0,0.0,0.0,0.0,0.0,0.0003347423535847492,0.0,0.0,0.0
AGACCATGGGATACAA-1,2.1684582295843446,0.8937662931556373,0.1467290273817941,0.1798957857807833,0.16878184625016895,0.07067806775290428,0.12265751458229868,0.014716003414820869,0.054429358540992324,0.0017476091103694217,0.014330535663514344,0.017122375372392567,0.03180485815950243,0.016858880967869142,0.013009990208144091,0.00588044589933796,0.008317674128244898,0.017123921239040114,0.004280535468978234,0.0023077185291385167,0.0,0.02229311253917182,0.0055975524617230335,0.010818240743764104,0.0,0.0,0.007756237975840124,0.0,0.00468287417564809,0.0,0.0,0.0,0.0,0.0,0.0,0.015102650775746084,0.0016314287466012104,0.0,0.0,0.004702950199343149,0.006715128635110121,0.0,0.0,0.00276929313846783,0.0,0.006383501804191788,0.0,0.001823992104328124,0.0,0.0035220484877410392,0.0010057982306792292,0.002058536015589826,0.001354697850658304,0.0,0.0,0.0,0.0,0.0,0.0,0.0006430343440286592,0.0,0.0,0.0,0.0,0.007651451191640624,0.0,0.008788028742791474,0.002255783123762162,0.001114688891562269,0.004923308110374347,0.0,0.0,0.0,0.0,0.0,0.0,0.0,0.0,0.0,0.000677348925329152,0.0,0.0,0.0,0.0,0.0,0.0,0.0005217056094273717,0.0,0.0,0.00034329670871717787,0.001414595287809526,0.0,0.0,0.0,0.0010155273691263111,0.0,0.001926732462465179,0.0,0.003222839673617836,0.0,0.0,0.0,0.0,0.0,0.0017643830663113267,0.0,0.0,0.0,0.0,0.0,0.0,0.0,0.0,0.0,0.0,0.0,0.001114688891562269,0.0,0.0
AGACCGGGAAACCCTG-1,0.020872909118363255,0.11788811846073324,0.03736894368085738,0.0,0.015499144159056195,0.028698851205659653,0.09008570165852,0.047304766586407504,0.04938609614315944,0.0,0.006421736589251338,0.008780184439660131,0.0,0.027034090156690997,0.013059726210249244,0.018090004195748393,0.0,0.0,0.0,0.014079900525617297,0.01277387105912391,0.012859622742732873,0.0,0.0,0.0,0.0,0.007500553801694295,0.0,0.046514845117812016,0.0,0.0,0.0,0.0,0.023219586674799036,0.012990780958572935,0.0,0.0,0.0,0.0,0.0,0.0,0.0,0.0,0.0036121338149469498,0.0,0.0,0.004296266510584946,0.0029782844027881365,0.0,0.0,0.0,0.0,0.0029782844027881365,0.0,0.0,0.005741601421771557,0.019304811670362406,0.0,0.0,0.00511954217961131,0.0,0.0,0.0,0.0010569679002442728,0.0,0.0,0.0,0.0,0.0011553802494152867,0.00030829974002505246,0.0,0.0,0.0,0.0,0.0,0.0,0.0,0.0,0.0029782844027881365,0.0011722174953146614,0.0,0.0,0.0,0.0,0.0,0.0,0.00042517857039300736,0.0,0.0,0.0,0.0,0.0011722174953146614,0.0,0.0,0.0,0.0007859685721437115,0.0012882127218860281,0.0,0.0,0.00419111503044293,0.0,0.0,0.0,0.0,0.0,0.0,0.0,0.0,0.0,0.0,0.0,0.0,0.0,0.0,0.0,0.0006222989828744008,0.0,0.0018060669074734749,0.0
AGACGACGATGCCGCT-1,0.03227428209403692,0.02229890145122028,0.00907378705866912,0.0,0.0005516222838698218,0.0,0.010255679444876167,0.013272023393186916,0.001368489513818702,0.00026406969552162073,9.05541029442088e-05,0.0,0.017096702055216732,0.019276256139458967,0.01662241612392812,0.0,0.03872307340044352,0.000925786755216525,0.0,0.038854579193037295,0.011659991036249269,0.0030095838984653357,0.0,0.0024040621070414393,0.019403014016846354,0.0016562779857981704,7.59881112639974e-05,0.0013113024945947563,0.0,0.01316643598790526,0.0,0.0,0.0007291071697661996,0.0015130651418009378,0.0,0.0,0.0,0.0008556518885671288,0.0,0.0037267123899322363,0.00018181047441362462,0.00034123884469848987,0.0,0.0,0.0,0.0,0.0,0.0,0.0,0.002067100342412301,0.0,0.0,0.001558263589529792,0.0,0.0005189727199951324,0.0003413492435904772,0.00283664368061897,0.0,0.0,0.0,0.0009502151314464064,0.0,0.0,0.0001123639021011436,0.0,0.0,0.00020997700317914935,0.0,0.0,0.0,0.0,0.0,5.5337680927031986e-05,0.0,0.00029762422937734814,0.0,0.0,0.0,0.0,0.0,0.0,0.0,0.0,0.0,0.0,0.0,0.0,0.0,0.0,0.0,0.0,0.0,0.0,0.0,0.0,0.0,0.0,0.0,0.0,0.0,0.0,0.0,0.0,0.0,0.0,0.0,0.0,0.0,0.0,0.0,0.0,0.0,0.0001686230830569056,0.0,0.0,0.0,0.0,0.0,0.0003217205329984435
AGAGATCTCTAAAGCG-1,0.3856791532140132,0.36348332947575285,0.0,0.0,0.024556992909680102,0.040253781150327725,0.023683011189123318,0.08079490399852832,0.02532622454209747,0.07187484877127955,0.009319054733101118,0.0,0.0,0.1046277904289624,0.006420789727386966,0.033070000687508275,0.0,0.0,0.02349797077338713,0.02678059316332982,0.020210443214554542,0.013337988487302534,0.01444558718126432,0.0,0.037544157203496464,0.0,0.004363625670447894,0.0,0.0,0.001460323109841152,0.0,0.002562502966133412,0.01273856207511552,0.02939027820709099,0.00825806078608744,0.010726055179961183,0.0,0.0,0.0,0.00882471787388932,0.0,0.006426267834254153,0.0,0.0,0.0,0.0036101758629451743,0.0,0.004380969329523456,0.0032969337620019773,0.0,0.0,0.0,0.001460323109841152,0.0,0.0,0.001460323109841152,0.0018039332431822102,0.0,0.0,0.00801701773852848,0.0,0.0,0.002202705174275974,0.00033621216213450673,0.009287154342255972,0.0,0.0,0.0,0.0005883742543090153,0.0,0.0,0.0,0.0,0.0,0.0,0.0,0.0,0.0,0.0,0.0,0.0,0.0026986407708886376,0.0,0.0,0.0,0.0,0.00018928373565393214,0.0,0.0,0.0,0.0,0.0,0.0,0.0,0.0,0.0,0.0,0.0,0.0,0.0,0.0,0.0,0.0,0.0,0.0,0.0,0.0,0.0,0.0,0.0,0.0,0.0,0.0,0.0,0.0,0.0005860069254228441,0.0,0.0,0.0
AGAGCAGTTATGAGAC-1,0.9883619207740842,0.6599171411219192,0.0,0.0,0.10679495846909885,0.07888923551675678,0.12176613599506333,0.07916627022971877,0.18563759251700857,0.06997835881342244,0.015154795637565242,0.04070315802468209,0.0,0.0,0.0017065525922756455,0.029522003762007854,0.0,0.08625615963245141,0.05532396312409671,0.0,0.0,0.02462052923748055,0.02525152506783261,0.018688156541786682,0.0,0.0,0.0,0.0,0.0,0.0,0.0,0.0,0.0,0.0,0.0,0.016890764782091824,0.0,0.0,0.0,0.0,0.0,0.0,0.0,0.0,0.0,0.004650744967136613,0.0,0.0,0.0,0.0,0.0,0.0,0.0,0.0,0.0,0.0,0.0,0.0,0.0,0.0,0.002959982862912339,0.0,0.0,0.0,0.0,0.0,0.0,0.0,0.011346584553370516,0.0,0.004650744967136613,0.0,0.0,0.0,0.0,0.0,0.0,0.0,0.0,0.0,0.0,0.0,0.0,0.0,0.0,0.0,0.0,0.0,0.0,0.0,0.0,0.0,0.0,0.0,0.0,0.0,0.0,0.0,0.0,0.0,0.0,0.0,0.0,0.0,0.0,0.0,0.0,0.0,0.0,0.0,0.0,0.0,0.0,0.0,0.0,0.0,0.0,0.0,0.0
AGAGCGTACAAGCTCG-1,2.1857191224020283,0.9785654008996651,0.12046969378179041,0.09929624289228246,0.1646982921297494,0.05910481154096906,0.15187738287667343,0.021313009510105334,0.13675943485364356,0.02363315998701637,0.03404564653772421,0.0,0.007693573426115845,0.039425582699560896,0.008246933131190305,0.03210589252558557,0.010474469642871919,0.0,0.0,0.0020299853215569575,0.02603323212136623,0.04374733830542309,0.0,0.006824849353296412,0.0,0.0017199576800714404,0.007715095544050948,0.0,0.0,0.0,0.054846718070451085,0.0,0.000729277471927853,0.0,0.0037019509899387628,0.01375862874325989,0.0,0.008926673213421062,0.0,0.0,0.0,0.0,0.0,0.0011718220709314238,0.0,0.0,0.0,0.0018566431559718074,0.0027540310871701874,0.0,0.0,0.0,0.0,0.000729277471927853,0.0,0.0,0.0,0.001458554943855706,0.0,0.001254447259165227,0.0007561087864266293,0.000729277471927853,0.003468599689012096,0.0012110320231260763,0.0,0.029175687742497562,0.0,0.005123147215568609,0.0007882618765249892,0.0,0.0,0.0,0.0,0.0,0.0,0.003038743102635114,0.0,0.0,0.0,0.0,0.0,0.0,0.0,0.0,0.0,0.0,0.0,0.0011718220709314238,0.0,0.0007171746069874423,0.0,0.0,0.0,0.0,0.0019079277249626522,0.0,0.0,0.0,0.0,0.0,0.0,0.0,0.0,0.0,0.0018292813815663236,0.0,0.004473075326215132,0.0,0.0,0.0,0.0,0.0,0.0,0.000729277471927853,0.0,0.0,0.0,0.0,0.0
AGATACCGGTGTTCAC-1,0.0,0.0,0.0,0.0,0.0,0.013927024601205215,0.0,0.0,0.0,0.0,0.0033612645745699746,0.0,0.0,0.0,0.0,0.0,0.0,0.0,0.0,0.0,0.0,0.0,0.0,0.0,0.0,0.0,0.0,0.0,0.0,0.0,0.0,0.0,0.0,0.0,0.0,0.0,0.0,0.0,0.009610566633679055,0.0,0.0,0.0,0.0,0.0,0.0,0.0,0.0,0.0,0.0,0.0,0.0,0.0,0.0,0.009610566633679055,0.0,0.0,0.0,0.0,0.0,0.0,0.0,0.0,0.0,0.0,0.0,0.0,0.0,0.0,0.005307014016075652,0.0,0.0,0.0,0.0,0.0,0.0,0.0,0.0,0.0,0.0,0.0,0.0,0.0,0.0,0.0,0.0,0.0,0.0,0.0,0.0,0.0,0.0,0.0,0.0,0.0,0.0,0.0,0.0,0.0,0.0,0.0,0.0,0.0,0.0,0.0,0.0,0.0,0.0,0.0,0.0,0.0,0.0,0.0,0.0,0.0,0.0,0.0,0.0,0.0,0.0
AGATACTCAAGATCGA-1,0.0717044761376816,0.0,0.0,0.0,0.0,0.0,0.0,0.0,0.0,0.0,0.0,0.02303034213194849,0.0,0.0,0.0,0.0,0.0,0.0,0.0,0.0,0.0,0.0,0.0,0.0,0.0,0.0,0.0,0.0,0.0,0.0,0.0,0.0,0.0,0.0,0.0,0.0,0.0,0.0,0.0,0.0,0.0,0.0,0.0,0.0,0.0,0.0,0.0,0.0,0.0,0.0,0.0,0.0,0.0,0.0,0.007209658982120244,0.007209658982120244,0.0,0.0,0.0,0.0,0.0,0.0,0.0,0.0,0.0,0.0,0.0,0.0,0.0,0.0,0.0,0.0,0.0,0.0,0.0,0.0,0.0,0.0,0.0,0.0,0.0,0.0,0.0,0.0,0.0,0.0,0.0,0.0,0.0,0.0,0.0,0.0,0.0,0.0,0.0,0.0,0.0,0.0,0.0,0.0,0.0,0.0,0.0,0.0,0.0,0.0,0.0,0.0,0.0,0.0,0.0,0.0,0.0,0.0,0.0,0.0,0.0,0.0,0.0
AGATTATAGGACGTTT-1,0.048569183441885294,0.22152972989979164,0.0,0.0,0.0,0.01679857701708966,0.1054172984184202,0.0080812903547837,0.07480354201383155,0.03269249036083,0.0025498848351817936,0.0,0.029679527074447168,0.0,0.014565601110772434,0.005166508672280657,0.0,0.0,0.0,0.0,0.0,0.0,0.0,0.0,0.0,0.0043357804982992075,0.02288857932966464,0.0,0.0,0.0,0.0,0.0,0.0,0.0,0.0,0.0,0.0,0.0,0.0,0.0,0.0,0.0,0.0,0.0,0.0,0.0,0.0,0.005501000793919851,0.0,0.0036266751615197886,0.0,0.0,0.0,0.0,0.0,0.0,0.0,0.0,0.0,0.0,0.0,0.0,0.0,0.0,0.0,0.0,0.0,0.0,0.0,0.0,0.005109370341750735,0.0,0.0,0.0,0.0,0.0,0.0,0.0,0.0,0.0,0.002428013831421511,0.0,0.0,0.0,0.0,0.0,0.0,0.0,0.0,0.0,0.0,0.0,0.0,0.0,0.0,0.0,0.0,0.0,0.0,0.0,0.0,0.0,0.0,0.0,0.0,0.0,0.0,0.0,0.0,0.0,0.0,0.0,0.0,0.0,0.0,0.0,0.0,0.0,0.0
AGCACTACCGGCCTGT-1,0.21228881804604494,0.043996886377881114,0.1782148749044125,0.025134719751528013,0.039816304849585045,0.0,0.01466106805964159,0.005921191228026,0.0,0.0,0.005139969992728209,0.0,0.0,0.0,0.0033608488554793215,0.03102708298386672,0.0,0.037781096889383144,0.0,0.0,0.0,0.0,0.0,0.01046428673578008,0.0,0.0,0.0,0.0,0.0,0.0,0.0,0.0,0.015066199385204026,0.0,0.018587667216720685,0.0,0.0,0.0,0.0,0.0,0.0,0.0,0.0,0.0,0.0,0.0,0.0,0.005022066461734675,0.0,0.0,0.0,0.0,0.0,0.005022066461734675,0.0,0.0,0.0,0.0,0.0,0.0,0.0,0.010953625372823423,0.0,0.0,0.0,0.0,0.0,0.0,0.0,0.0,0.0,0.0,0.0,0.0,0.0,0.0,0.0,0.0,0.0,0.0,0.0,0.0,0.0,0.0,0.0,0.0,0.0,0.0,0.0,0.0,0.0,0.0,0.0,0.0,0.0,0.0,0.0,0.0,0.0,0.0,0.0,0.0,0.0,0.0,0.0,0.0,0.0,0.0,0.0,0.0,0.0,0.0,0.0,0.0,0.0,0.0,0.0,0.0,0.0
AGCACTTAAGGACGCC-1,0.09341751777984172,0.2723061132617055,0.0,0.0,0.022191699500274224,0.004905849163961608,0.05653463169255513,0.0,0.07751598004601823,0.0,0.0,0.0,0.0,0.0,0.0,0.032733459862165554,0.0,0.05516631398000766,0.042581824709969136,0.0,0.0,0.020717592701374347,0.019196448824356522,0.009607482305850177,0.0,0.0,0.0,0.0,0.0,0.0,0.0,0.0,0.0,0.0,0.0,0.0,0.0,0.0,0.0,0.0,0.0,0.0,0.0,0.0,0.0,0.006557468049931298,0.0,0.0,0.0,0.006557468049931298,0.0,0.0,0.0,0.0,0.01100577826876359,0.0,0.0,0.0,0.0,0.0,0.0,0.0,0.0,0.0,0.0,0.0,0.0,0.0,0.0,0.0,0.0,0.0,0.0,0.0,0.0,0.0,0.0,0.0,0.0,0.0,0.0,0.0,0.0,0.0,0.0,0.0,0.0,0.0,0.0,0.0,0.0,0.0,0.0,0.0,0.0,0.0,0.0,0.0,0.0,0.0,0.0,0.0,0.0,0.0,0.0,0.0,0.0,0.0,0.0,0.0,0.0,0.0,0.0,0.0,0.0,0.0,0.0,0.0,0.0
AGCAGCCAGATGAATA-1,0.2755356055268918,0.2012015586635319,0.0444320414131507,0.009681969376984421,0.005472305609582135,0.0026238628215411006,0.008082067227783941,0.000714209854101135,0.0,0.0,0.001537394104676067,0.0,0.0,0.023403076743879207,0.010952228453111083,0.0,0.016405920864345808,0.0004101755608882036,0.0,0.012003701232382693,0.0,0.0015629455212938757,0.001565103975829137,0.00042864085395590327,0.03541252454184938,0.004239860210139138,2.978088078580398e-05,0.0,0.0,0.00560466871799786,0.0,0.015072155006906925,0.006740110068352167,0.0018672426517321356,0.004230658646219897,0.0,0.0,0.0010703174209775194,0.0,0.004950664851077893,0.0,0.007225330587982826,0.0,0.0008792552476619001,0.002268638941220721,0.0,0.0015076171411576818,0.0,0.0,0.0015949871558452425,0.005872285520355911,0.0,0.0026620439859378698,0.0,0.0004767552338954484,0.0,0.0006052633754339642,0.0,0.0,0.00028903814284703556,0.0005782155192331753,0.0,0.0,0.00035076244053869625,0.000669506492694669,0.0,0.00023099066590845415,0.0,0.0,0.0,0.0,0.0,8.952102435240934e-05,0.0,0.0,0.0,0.0,0.0,0.0,0.0,0.0,0.0,0.0001494317602569639,0.0,0.0,0.0,0.000579805643219894,0.0,0.0021131251151133216,0.0,0.0,0.0,0.0,0.0,0.0,0.0,0.0,0.0,0.0,0.0001042829843340353,0.0,0.0,0.0,0.0006281918069366451,0.0,0.0,0.0,0.0,0.0,0.0,0.0,0.0,0.0,0.0,0.0,9.556152448506118e-05,0.0,0.0,0.0
AGCATCGTCGATAATT-1,0.3947012665554929,0.06833214454045503,0.12614613457063595,0.050042618444056136,0.10756513244583435,0.01933126557713528,0.008363954682169541,0.027473955217344248,0.0,0.0,0.0,0.00864368843418827,0.0,0.0,0.0,0.00870878823483165,0.0,0.0,0.0,0.0,0.0,0.0,0.0,0.0,0.0,0.0,0.0,0.0,0.0,0.0,0.0,0.0,0.0,0.0,0.0,0.0,0.0,0.0,0.0,0.0,0.0,0.0,0.0,0.01369859265261797,0.0,0.0,0.0,0.0,0.0,0.0,0.0,0.0,0.0,0.0,0.0,0.0,0.0,0.0,0.0,0.013054256492267989,0.0,0.0,0.0,0.0,0.0,0.0,0.0,0.0,0.0,0.0,0.0,0.0,0.0,0.006849296326308985,0.0,0.0,0.0,0.0,0.0,0.0,0.0,0.0,0.0,0.0,0.0,0.0,0.0,0.0,0.0,0.0,0.0,0.0,0.0,0.0,0.0,0.0,0.0,0.0,0.0,0.0,0.0,0.0,0.0,0.0,0.0,0.0,0.0,0.0,0.0,0.0,0.0,0.0,0.0,0.0,0.0,0.0,0.0,0.0,0.0
AGCCCATACATGTAAG-1,0.4141302014721931,0.31727797953400205,0.11528022492104008,0.06135306171950889,0.041430641904899576,0.05854713865548118,0.02489924103990266,0.022050540428237148,0.019682242914670876,0.05261539177185653,0.0048827187397046746,0.0,0.011901378336547098,0.0,0.0022441975761455647,0.020420622541503754,0.0,0.0,0.015972761828991593,0.0,0.0,0.011190631277212584,0.011326058596502351,0.0,0.0,0.0,0.006324394020970259,0.0,0.0,0.0,0.0,0.0,0.0,0.0,0.0,0.0,0.022691452389123994,0.0,0.0,0.004293904750059717,0.0,0.0,0.0,0.0,0.0,0.0,0.0,0.0,0.0,0.0,0.0,0.009225741232579661,0.0,0.0,0.0,0.0,0.0,0.0,0.0,0.0,0.004074963251759733,0.0,0.0,0.0017072068040151884,0.0,0.0,0.0,0.0,0.0,0.0,0.008334199411589653,0.0,0.0,0.0,0.0,0.0,0.0,0.0,0.0,0.0,0.0,0.0,0.0,0.0,0.0,0.0,0.0003147206828635334,0.0,0.0,0.0,0.0,0.0,0.0,0.0,0.0,0.0,0.0,0.0,0.0,0.0,0.0,0.0,0.0,0.0,0.0,0.0,0.0,0.0,0.0,0.0,0.0,0.0,0.0,0.0,0.0,0.0,0.0,0.0,0.0
AGCGACAGGAACGGTC-1,0.10968565333639241,0.1195690285172314,0.02058973620652526,0.010355189258868233,0.0,0.008601800636101976,0.007054343124176824,0.005164559374266807,0.0028447255757428117,0.01006751920781778,0.005842058819483124,0.0,0.014678164062383491,0.022253154992896665,0.00722132426433013,0.012559289480910823,0.0017036550398636327,0.004641470065246845,0.0,0.0020827461158186115,0.00306555929168808,0.0015912463725028135,0.0,0.004672562948816555,0.0,0.0,0.001278321986055694,0.011115781129229832,0.001919704529271418,0.0,0.0,0.002465828513137682,0.0006925244067014256,0.008928358134706018,0.0,0.0,0.0,0.005662735376958106,0.0,0.0035762937689015357,0.00014815631066072236,0.0,0.0,0.0,0.0,0.0008813839540733157,0.00045679515953951405,0.0,0.0,0.0016234460136337616,0.007526227813983292,0.0,0.002133855392023455,0.0,0.0,0.0,0.00695649428948078,0.0,0.0,0.0,0.0003689981370666444,0.0,0.003261768928780243,0.00020204985282744147,0.0,0.0,0.001279333627023746,0.0,0.0,0.0,0.0,0.0,0.0,0.0,0.0,0.0,0.0,0.0,0.002090915230636568,0.0,0.0,0.0,0.00024793127342201074,0.0,0.0,0.00043004630173374303,0.0010384266418645316,0.0,0.0005658653257100323,0.0,0.0,0.0,0.0007935256167651102,0.0,0.0,0.0,0.0,0.0,0.0,0.0,0.0,0.0006646181741711074,0.0,0.0,0.0,0.0,0.0,0.0,0.0,0.0,0.0,0.0,0.0,0.0,0.0,0.0,0.0,0.001251646906178358,0.0
AGCGCATAATGAATCG-1,0.09581418507525578,0.038653383298350746,0.04848719546522023,0.0,0.0,0.0034056811191189485,0.0,0.030992373095637498,1.6871827410516778e-05,0.001767445056416055,0.002061230771542503,0.0,0.005090030594602862,0.03754875095809762,0.010503788760754803,0.0002908635277672084,0.04387979123305328,0.0,0.0,0.04670127069826392,0.0,0.0012098452418871175,0.0,0.0,0.015767446495620167,0.0,0.0002817163146222556,0.0,0.007060701176142941,0.009757467970294214,0.0,0.015220920734457934,0.0,0.0,0.0026383096246406527,0.0,0.0,0.001121936306693153,0.015380603595745857,0.0063188908004559625,0.0,0.008405524109973268,0.0,0.00010304000877471216,0.0038135642024684797,0.0,0.000916220200985912,0.0,0.0,0.0002579200743384575,0.011884206070670842,0.0,0.003555697647778934,0.0,0.0002549486425618714,0.0005876597413931603,0.0015531234682005701,0.0,0.0,0.0002825948038981727,0.0004293779263642759,0.0,0.0,0.0007143875011224364,0.0,0.0,0.00021561026062060583,0.0,0.0,0.0010043844886866522,0.0,0.0,0.0035687419080299115,0.0,0.0008246832037124525,0.0,0.0,0.0,0.0,0.0,0.0,0.0,0.0,0.0,0.0,0.0,0.00012577911653268714,0.0,0.0,0.0,0.00019483196764585357,0.0,0.0,0.0,0.0,0.0,9.890988500968108e-05,0.0,0.0,0.0001019173351105716,0.0,0.0,0.0,0.00037564799519635117,0.0,0.0,0.0,0.0,0.0,0.0,0.0001364863791813421,0.0,0.0005766081602329946,0.0,0.0,0.0,0.0,0.0,0.0004540280191623725
AGCTCTAGACGTTCCA-1,0.8356552543873413,0.26172899019881884,0.21876692681010154,0.032854733468518776,0.09830866626478209,0.0,0.0515550471692721,0.0,0.06195394975715088,0.0,0.007262243405428812,0.01746396219608593,0.0,0.0,0.01148864768137058,0.0043526147312382,0.0,0.0,0.0,0.0,0.0,0.010280190383063291,0.0,0.0,0.0,0.0,0.009501940073166171,0.03036430062901107,0.0,0.0,0.0,0.0,0.0,0.0,0.007396495202319881,0.011202826474075873,0.0,0.0,0.0,0.0,0.0,0.0,0.0,0.0,0.0,0.0,0.005587087465892768,0.0,0.004241379165066211,0.0,0.0,0.0,0.0,0.0,0.0,0.0,0.0,0.002503879228365228,0.0,0.0,0.0,0.0,0.0,0.0,0.0,0.0,0.0,0.0,0.00555461343723054,0.0,0.0,0.0,0.0,0.0,0.0,0.0,0.0,0.0,0.0,0.0,0.0,0.0,0.0,0.002503879228365228,0.0,0.003568469956644793,0.0,0.0,0.0,0.0,0.0,0.0,0.006301922866382697,0.0,0.0,0.0,0.0,0.0,0.0,0.0,0.0,0.0,0.0,0.0,0.0,0.0,0.0,0.0,0.0,0.0,0.0,0.0,0.0,0.0,0.0,0.0,0.0,0.0,0.0
AGCTCTTTACTCAGTT-1,0.21485370434280932,0.14578434233085447,0.06926815545139269,0.0,0.010923667069460172,0.0,0.009908227458734292,0.0,0.0,0.0,0.0,0.03830683853162592,0.0,0.036087686911575004,0.0,0.0,0.0,0.0,0.0,0.05631400079145432,0.0,0.0,0.0,0.0,0.0,0.0,0.0,0.0,0.0,0.0,0.0,0.0,0.008965604380350793,0.01507144482649336,0.0,0.0,0.0,0.0,0.015715589438014186,0.0,0.0,0.0,0.0,0.0,0.0,0.0,0.0,0.0,0.0,0.0,0.0,0.0,0.0,0.0,0.0,0.0,0.0,0.0,0.008965604380350793,0.0,0.0,0.0,0.0,0.0,0.0,0.0,0.0,0.0,0.0,0.0,0.0,0.0,0.0,0.0,0.0,0.0,0.0,0.0,0.0,0.0,0.0,0.0,0.0,0.0,0.0,0.0,0.0,0.0,0.0,0.0,0.0,0.0,0.0,0.0,0.0,0.0,0.0,0.0,0.0,0.0,0.0,0.0,0.0,0.0,0.0,0.0,0.0,0.0,0.0,0.0,0.0,0.0,0.0,0.0,0.0,0.0,0.0,0.0,0.0
AGCTTGATCTTAACTT-1,0.04962957445688022,0.21818943432192905,0.0,0.0,0.0,0.04093768421898105,0.016810920445391318,0.005316481550387435,0.02877709497069366,0.06040227308377566,0.003909815793901358,0.008565947191983283,0.05811644978002812,0.031208455667898517,0.01683084152086143,0.04327135565565943,0.0,0.0,0.0418011091976012,0.019463498007718145,0.0,0.01999022089030516,0.011445184650884562,0.0,0.0,0.0028951886632868776,0.010070595455736787,0.0,0.0,0.0028951886632868776,0.0,0.001308419033800314,0.0,0.0,0.0,0.0,0.0,0.0,0.0,0.0029478280412132854,0.0,0.0,0.0,0.0,0.0,0.0,0.00906196184204361,0.007350321584216786,0.0,0.0,0.0,0.0,0.0,0.0019803541854304663,0.0,0.0,0.0,0.0,0.0,0.0,0.0,0.0,0.0,0.0004393545326589549,0.0,0.0,0.0,0.0,0.0,0.0,0.00419582113847759,0.0,0.0,0.0,0.0,0.0,0.0,0.0,0.0,0.0,0.0,0.0,0.0,0.0,0.0,0.0,0.0,0.0,0.0,0.0007837619437956771,0.0,0.0,0.0,0.0,0.0,0.0012630683294176178,0.0,0.0,0.0,0.0,0.0,0.0,0.0,0.0,0.0,0.0,0.0,0.0,0.0,0.0,0.0,0.0005441230374620778,0.0,0.0,0.0,0.0,0.0,0.0,0.0
AGGACGACCCATTAGA-1,0.1704224847432373,0.0,0.04019335048014599,0.02769250456840079,0.023818500333383362,0.0036266499247287493,0.0,0.017150300521847642,0.0,0.0,0.01632874723949725,0.0,0.0,0.0,0.0,0.0,0.0,0.0,0.0,0.0,0.0,0.0,0.0,0.0,0.0,0.0,0.0,0.0,0.0,0.0,0.0,0.0,0.008302787485734264,0.0,0.0,0.0,0.0,0.0,0.0,0.0,0.0,0.0,0.0,0.0,0.0,0.0,0.0,0.0,0.0,0.0,0.0,0.0,0.0,0.0,0.0,0.0,0.0,0.0,0.0,0.0,0.0,0.0,0.008302787485734264,0.0,0.0,0.0,0.0,0.0,0.0,0.0,0.0,0.0,0.0,0.0,0.0,0.0,0.008302787485734264,0.0,0.0,0.0,0.0,0.0,0.0,0.0,0.0,0.0,0.0,0.0,0.0,0.0,0.0,0.0,0.0,0.0,0.0,0.0,0.0,0.0,0.0,0.0,0.0,0.0,0.0,0.0,0.0,0.0,0.0,0.0,0.0,0.0,0.0,0.0,0.0,0.0,0.0,0.0,0.0,0.0,0.0
AGGCCCTAGAACGCCA-1,0.7862108042806337,0.37069470063762655,0.15127223825042335,0.044831096186576685,0.017086934158127627,0.001933368944274252,0.0574781912634844,0.035564804905508965,0.0316892852963469,0.11950100979719307,0.0,0.0,0.0,0.03216853397380856,0.01180663806193943,0.015066402316749859,0.0,0.0,0.004099414162024364,0.026750605079735628,0.0,0.0,0.0077668850785084925,0.0,0.0,0.004178031770301663,0.0019077614423711935,0.0,0.0,0.0,0.04429834966694098,0.0029774153429353817,0.0,0.0,0.0,0.02208627692413143,0.015178036509792535,0.0,0.0032789568288420024,0.0,0.0,0.0,0.0,0.0,0.0,0.0,0.0,0.0,0.0,0.009063231616321521,0.0,0.007098773097566391,0.0,0.0,0.0,0.0,0.002580953417512006,0.0,0.0,0.0,0.001347633037626062,0.0,0.0,0.011401009741269145,0.0,0.007953704485840278,0.0,0.00019483142047020904,0.0,0.0,0.0,0.0,0.0,0.0,0.0,0.0,0.0,0.0021891584952011055,0.0,0.0,0.0,0.0,0.0,0.0,0.0,0.0,0.0,0.0,0.0,0.0,0.001976520352072036,0.0,0.0,0.0,0.000970617939970041,0.0,0.0,0.0,0.0,0.0,0.0,0.0,0.0,0.0,0.0,0.0,0.0,0.0,0.0,0.0,0.0,0.0,0.0,0.0,0.0,0.0,0.0,0.0,0.0
AGGCTATGGTTAGCTT-1,0.5594147423019261,0.6185784121922167,0.060857188327125125,0.03843287261129104,0.0940996809890945,0.0722962567677379,0.03582462467696131,0.026897768032826775,0.02230406977227475,0.007202165311783486,0.04059712834021985,0.008267615377767731,0.0008615515081955177,0.04337216271723667,0.004560358633272564,0.014475864521655425,0.01745611326530302,0.0,0.0,0.0063827841855473135,0.012278104587713898,0.0128905358372173,0.0,0.0010444314167321893,0.0,0.0,0.011639816576191566,0.0,0.0036724860046938347,0.0,0.03799529796893041,0.0,0.004024084075843346,0.0,0.009088185864044397,0.0013283960128148329,0.00415235144798057,0.005084935880033756,0.0,0.0002923089448071866,0.010052144234600704,0.0033136091262224703,0.0,0.0,0.0,0.001888143335665916,0.007912207845137556,0.0,0.001888143335665916,0.0,0.004364613671595987,0.003048350524880786,0.0006351280256699862,0.0,0.0,0.0,0.0,0.0,0.0,0.003129488479867446,0.008096544026961356,0.0,0.0,0.0,0.004598438076576167,0.021526227689330574,0.0,0.003898896936130842,0.0,0.0,0.0,0.0,0.0,0.0,0.0,0.0,0.0,0.0006904869847727218,0.0,0.0,0.0,0.0,0.0,0.0,0.0,0.0,0.0004509562188372249,0.0,0.0016773681589308737,0.00025187194500330356,0.0,0.0021269482664320223,0.0,0.0019553326711117297,0.0016710370716122459,0.0,0.00020231598430784923,0.0,0.0012702560513399724,0.0,0.0,0.0,0.000936402816327752,0.0,0.0,0.0,0.0022214234363313943,0.0,0.0,0.0,0.0,0.0,0.0,0.0,0.0,0.0,0.0,0.0,0.0
AGGCTTCCCGAAGAAG-1,0.6176081628563663,0.47123663876459876,0.21911457962876496,0.015791715862106558,0.04691297029336416,0.03283286334448207,0.028956716583591884,0.02546476256580337,0.020761652224356053,0.10766378716090153,0.016086428901442976,0.0,0.01140055097890736,0.0,0.0,0.04381519048112005,0.0,0.0,0.0,0.0,0.0,0.003183185164028819,0.0,0.003961920006831751,0.0,0.002167803135979692,0.0057687228507077954,0.0,0.0,0.0,0.0,0.0,0.0,0.0,0.0009685192381872321,0.010038041031469672,0.02618666403855168,0.009370439119565088,0.0020664514727248987,0.002061919826901268,0.0,0.0,0.0,0.0,0.0,0.0,0.0,0.0011316830615763533,0.0,0.0009002990962267008,0.0,0.014078635174732703,0.0,0.0009002990962267008,0.0,0.0,0.0004355329058642452,0.0,0.0,0.0,0.0017267079818674177,0.0,0.0,0.004134820456397439,0.0,0.0,0.0,0.0013894415433209153,0.0037747718172054705,0.0,0.0,0.0,0.0,0.0,0.0,0.0,0.0,0.0,0.0,0.0,0.0,0.0009002990962267008,0.0009002990962267008,0.0,0.0,0.003201960780181559,0.0003127939260927762,0.0014208188137310497,0.0,0.0,0.0011316830615763533,0.0,0.0,0.0,0.0016919828719309331,0.0,0.0,0.0002238110432980968,0.002484570724832574,0.0,0.0027895215066304213,0.0,0.0,0.0,0.0,0.001785953823234074,0.0,0.0,0.0,0.0,0.0,0.0,0.0,0.0,0.0,0.0,0.0,0.0,0.0
AGGGACTCTACGCGAC-1,0.7722689977575351,0.27358438224401055,0.1995824426789249,0.024719766217917022,0.018153891494737336,0.01348742303334546,0.0,0.030536599367678753,0.0013549873940888145,0.017365243367914077,0.012779879887685076,0.06643144206432235,0.00017677211682244439,0.029693169609249812,0.0010376834031829026,0.005305361584052425,0.035886736280648354,0.0,0.0,0.001231163985188861,0.0,0.0025416306558372114,0.0031544478928550775,0.0,0.024655291055056528,0.0,0.0,0.0,0.0,0.0,0.0,0.0,0.0012911815902940165,0.0,0.000945457933883736,0.0,0.0004366691912208477,0.0,0.0,0.011381438086505224,0.0,0.0,0.0,0.0004366691912208476,0.0003811587502229871,0.0,0.004793884614052978,0.0,0.0,0.0020108982477350748,0.004286434989411205,0.0010200765337641208,0.0003563595759190536,0.0,0.0013648680498957889,0.0,0.0,0.0,0.0,0.002057144516362542,0.001597632357908506,0.0,0.0,0.0019496058520809718,0.0,0.0,0.0005432017002473473,0.0,0.0,0.0,0.0,0.0,0.0001799213656191518,0.0,0.0,0.0,0.0,0.0,0.0011027352231531213,0.0,0.0,0.0,0.0,0.0,0.0,0.0,0.0,0.0008986265777805099,0.0,0.0,0.0004366691912208476,0.0,0.0,0.000261738178809258,0.0,0.0,3.8040540352387037e-05,0.0,0.0,0.0,0.0,0.0,0.0,0.0006231619384997792,0.0,0.00014666950445766354,0.00029509167287078625,0.0,0.0,0.0,0.0,0.0,0.0,0.0,0.0,0.0002493172179086477,0.0,0.0,0.0
AGGGCGAGCAGCTGAT-1,0.503822404398475,0.11728592793347983,0.04249809902760914,0.016243634369718235,0.007247794732505836,0.01533027147529881,0.012290294911296459,0.020587923694820882,0.0,0.0003417180647903317,0.006723888620122998,0.016615922419667126,0.005520150544143969,0.0022834526362312062,0.005298924080088908,0.03066663199528064,0.030169353626700073,0.0,0.0,0.0014968636001628185,0.0,0.0032075011223493175,0.0,0.0,0.0,0.0,0.0005291028242469945,0.0,0.0,0.0,0.011364438766529776,0.0036031379746272038,0.00039580525508978664,0.004923199135473512,0.0011283313557661674,0.0,0.0,0.0023692240966143555,0.0,0.0023559584596932782,0.0,0.006653396457872916,0.014115873960954624,0.0,0.0,0.0,0.002630638552863759,0.0,0.0,0.005398838022784959,0.001286045278258185,0.0,0.0004382615872396899,0.0,0.0,0.0,0.0008151305032435811,0.0,0.0,0.0,0.00045146260072728,0.0,0.0,0.0028276226075029474,0.0,0.003116632526450637,0.0018289014454034823,0.0003439141586114891,0.0,0.0017923388300481108,0.0,0.0,0.0015931952425300726,0.0,0.0,0.0,0.0,0.0012896729035863112,0.0,0.0,0.0,0.0,0.0001748358678455545,0.0,0.0,0.0,0.0006479658587678383,0.0,0.0,0.0007009709152032014,0.0,0.0004163217758496336,0.0,0.0,0.0,0.0,0.0001826837553042993,0.0010497124308024382,0.0,0.0,0.0,0.0,0.0002109312383480645,0.0,0.0,0.0,0.0,0.0,0.0,0.0,0.0,0.0002894582076061093,0.0,0.0,0.0,0.0,0.0,0.0,0.0
AGGGTTTAGTTCGGGA-1,0.10083329961622339,0.01660459179445011,0.012718022365898144,0.015306579737459133,0.0039445380645316604,0.04238133615036304,0.006895008850981807,0.005725455450668068,0.0,0.0,0.006248653753776647,0.0,0.0,0.0,0.013387710971416129,0.0021766301195364,0.01143640589300587,0.0,0.0,0.0,0.0,0.015545229533298906,0.0,0.0,0.0,0.0,0.0,0.0,0.0,0.0,0.0,0.0,0.0,0.0,0.0,0.0,0.0,0.0,0.0,0.0,0.006564876793980452,0.0,0.0,0.0,0.0,0.0,0.0,0.0,0.0,0.008080726122788016,0.0,0.0,0.0,0.0,0.0,0.0,0.0,0.0,0.0,0.0,0.0012392286467757321,0.0,0.0,0.0,0.0,0.0,0.001030415537602224,0.0,0.0,0.0,0.0,0.0,0.0,0.0,0.0,0.0,0.0,0.0,0.0,0.0,0.0,0.0,0.0,0.0,0.0,0.0,0.0,0.0,0.0,0.0,0.0,0.0,0.0,0.0,0.0,0.0,0.0,0.0,0.0,0.0,0.0,0.0,0.0,0.0,0.0,0.0,0.0,0.0,0.0,0.0,0.0,0.0,0.0,0.0,0.0,0.0,0.0,0.0,0.0
AGGTAGGTACAAAGCT-1,0.9308270409110941,0.15286064450390818,0.20638221321004166,0.17359615431528594,0.16065740312164625,0.02764727044843953,0.06280746436028138,0.028649941911398233,0.11523400152178351,0.0,0.0,0.0,0.012583312121948971,0.0,0.0,0.009672906975882304,0.0,0.0,0.0,0.0,0.0,0.0,0.0,0.0,0.0,0.0,0.001084801764148778,0.0,0.0,0.0,0.0,0.0,0.0,0.0,0.0,0.0,0.0,0.0,0.0,0.0,0.0029217573369080953,0.0,0.0,0.0,0.015925838556495514,0.0,0.0,0.0,0.0,0.0,0.0,0.0,0.0,0.0,0.0,0.0,0.0,0.0,0.0,0.0,0.0,0.0,0.0,0.0,0.0,0.0,0.0,0.0,0.0,0.0,0.0,0.0,0.0,0.0,0.0,0.0,0.0,0.0,0.0,0.0,0.0,0.0,0.0,0.0,0.0,0.0,0.0,0.0,0.0,0.0,0.0,0.0,0.0,0.0,0.0,0.0,0.0,0.0,0.0,0.0,0.0,0.0,0.0,0.0,0.0,0.0,0.0,0.0,0.0,0.0,0.0,0.0,0.0,0.0,0.0,0.0,0.0,0.0,0.0
AGGTCAGGTGAGAGTG-1,0.03962793080862506,0.04093621238964032,0.02206993526964874,0.004869614361039419,0.001455852143821849,0.0023561115148353464,0.013670382227193885,0.03351068193425193,0.014548775705220117,0.0029770660045498137,0.0023210665500208454,0.0,0.018453166232714896,0.032389036906479415,0.00984599380825388,0.005303302549328899,0.05013396520094461,0.0032588483513657273,0.0,0.014444562800083157,0.0,0.0009479921880824157,0.0,0.0022691533758977017,0.006245900489630695,0.0,4.513452598861076e-05,0.0,0.0,0.0,0.020641330011775465,0.027536401722836938,0.000481447091265475,0.0010463723723102359,0.0,0.0,0.0,0.0010765689294336012,0.0,0.0036424042999032577,0.0,0.005351094495642235,0.0,0.0,0.0,0.0,0.0015517251984499948,0.0,0.0,8.321041584346616e-05,0.001666097827695888,0.0,0.0026555538653780684,0.0,0.0,3.091734010502586e-05,0.0,0.0,0.0,0.0,0.0004997245616809828,0.0,0.0,0.001508618722641845,0.00039072578893621244,0.002652858290353487,0.00037285901809242514,0.00019157318267671415,0.0,0.0,0.0,0.0,0.0038472140370061705,0.0,0.0001231814811473774,0.0005427890736270465,0.0,0.0,0.0,0.0,0.0,0.0,3.091734010502584e-05,0.0,0.0,0.0,0.0,0.0,0.0,0.0,0.0,0.0,0.0,0.0,0.0,0.0,0.00039221449427215,0.0,0.0,0.0,0.0,0.0002622201164557542,0.00012442842351487751,0.0,0.0,0.0,0.0,0.0,0.00021375746871091106,0.0,0.0,0.0,0.0,0.0,0.0,0.00010694533309321351,0.0,0.0,0.00020990003594168074
AGGTCGCGGAGTTACT-1,0.36853536299764794,0.0,0.11439959026655937,0.08649974025231034,0.009747097869145948,0.0,0.01098154068015476,0.0149233435368402,0.028614535749109427,0.0,0.0,0.0,0.0,0.0,0.0,0.0,0.0,0.02149560936864168,0.0,0.0,0.0,0.0,0.0,0.0,0.0,0.0,0.0,0.0,0.0,0.0,0.0,0.0,0.0,0.01465794833669533,0.0,0.0,0.0,0.0,0.0,0.0,0.0,0.0,0.0,0.0,0.0,0.0,0.0,0.0,0.0,0.0,0.0,0.0,0.0,0.0,0.0,0.0,0.0,0.0,0.0,0.0,0.0,0.0,0.0,0.0,0.0,0.0,0.0,0.0,0.0,0.0,0.0,0.0,0.0,0.0,0.0,0.0,0.0,0.0,0.0,0.0,0.0,0.0,0.0,0.0,0.0,0.0,0.0,0.0,0.0,0.0,0.0,0.0,0.0,0.0,0.0,0.0,0.0,0.0,0.0,0.0,0.0,0.0,0.0,0.0,0.0,0.0,0.0,0.0,0.0,0.0,0.0,0.0,0.0,0.0,0.0,0.0,0.0,0.0,0.0
AGGTGTATCGCCATGA-1,0.264628444550302,0.21483249283987738,0.04813477846823381,0.03404120208026886,0.0,0.002503814642978304,0.12663213512880717,0.03443654643414776,0.09454998882023104,0.06470417438089208,0.02094534535592187,0.04334868852534848,0.0,0.0,0.0,0.03461671360886491,0.014971129843912455,0.006966793085145594,0.0,0.0,0.0,0.007101344414720864,0.0,0.00696678320006906,0.0,0.0019326255454730434,0.0100173592701014,0.0,0.0,0.0,0.0,0.0,0.0,0.0,0.01397916426157504,0.0,0.0,0.0,0.0,0.002107301599142203,0.0,0.0,0.0,0.0,0.0,0.0,0.0,0.0,0.0,0.0,0.0,0.0,0.0,0.0,0.00854677772291885,0.0,0.0,0.0,0.0,0.0,0.0,0.01006537387812838,0.0,0.0,0.0,0.0,0.0,0.0,0.0,0.0,0.0,0.0,0.0,0.0,0.0,0.010988032763591709,0.0,0.0,0.0,0.0,0.0,0.0,0.0,0.0,0.0,0.0,0.0006946440775068953,0.0,0.0,0.00040923778460104495,0.0,0.0,0.0,0.0,0.0,0.0,0.0,0.0,0.0,0.0,0.0,0.0,0.0,0.0,0.0,0.0,0.0,0.0,0.0,0.0,0.0,0.0,0.0,0.0,0.0,0.0,0.0,0.0,0.0
AGGTTGAGGCACGCTT-1,1.8413137530835089,1.0822197744640325,0.14782084961509656,0.12494919945060012,0.1643595266536693,0.021495635997455922,0.035743424210060125,0.0510124983103102,0.04551208158578918,0.021548464642104095,0.011158868711178032,0.0,0.0,0.01525790485741111,0.0,0.0041285886223460175,0.0,0.0,0.04383976908882363,0.0044161784582876056,0.0,0.0,0.007847713372351357,0.0,0.0,0.0,0.005065594454541229,0.0,0.0,0.0,0.0,0.0,0.011897272499466389,0.0,0.0,0.0,0.004898693970515351,0.012549360451852619,0.0,0.003239283705532624,0.01333189780222855,0.0,0.0,0.0,0.0,0.0,0.0,0.005027445223534835,0.0,0.0,0.005689544136429103,0.0022737091725044123,0.0,0.0,0.0,0.0,0.0,0.0,0.0,0.0,0.0062764875979532736,0.0,0.003499289264475519,0.0,0.0,0.0,0.0,0.004406347246264639,0.004973878158848678,0.022763186931593956,0.0,0.0,0.0,0.0,0.0,0.0,0.003499289264475519,0.0,0.0,0.0,0.0,0.0,0.0,0.0,0.0,0.0,0.0001415747060557879,0.0,0.0,0.0,0.0,0.0024493469852576756,0.0,0.0,0.0,0.0,0.0,0.0,0.0,0.0,0.0,0.0,0.0,0.0,0.0,0.0,0.0,0.0,0.0,0.0,0.0,0.0,0.0,0.0,0.0,0.0,0.0,0.0,0.0
AGGTTTCACACACCTT-1,1.2245056555318392,0.713023773674099,0.3166870201975595,0.2090787774623961,0.03277115590645516,0.04019989015814529,0.0,0.03832195008494242,0.0067253696396244785,0.004361897536721468,0.00857445641785474,0.0,0.01196866513087862,0.0049531516272294214,0.034987809106746925,0.0,0.009092405568703473,0.0,0.004244450477696222,0.0,0.0,0.02626687995571362,0.014031367833165042,0.0,0.0,0.0,0.0,0.0,0.0,0.0,0.0,0.0011680287566253858,0.0,0.0,0.04138349673942313,0.0,0.0017618832356453438,0.0,0.005063939207632588,0.0,0.0,0.002892509621771102,0.0,0.0,0.0,0.0,0.0,0.0,0.0,0.008738807790577086,0.0,0.0011672067649557613,0.007800665987571419,0.0,0.0,0.0,0.0,0.0,0.0038269299516258157,0.004026812072186007,0.0017387508832953109,0.0,0.004392935062339093,0.0,0.0,0.0,0.0,0.0,0.0,0.0,0.0,0.0,0.0,0.0,0.0,0.0,0.0,0.0,0.0,0.0,0.0,0.0,0.0,0.0,0.0,0.0,0.0,0.0,0.0,0.0,0.0,0.0,0.0,0.0,0.0,0.0,0.0,0.0,0.0,0.002136654181901321,0.0,0.0,0.0,0.0038269299516258157,0.0,0.0,0.0006168158886035539,0.0,0.0,0.0,0.0,0.0,0.0,0.0,0.0,0.0,0.0,0.0,0.0
AGTACGGCCCGTATCG-1,0.3023722417853557,0.07991051150002915,0.11939755398474265,0.019022088448029235,0.0,0.009446168796917566,0.12612320549495892,0.027809991726535498,0.02757770802382174,0.022031649277335325,0.022921156278940955,0.0,0.0,0.02662891181033818,0.009289338727655236,0.023470937153407267,0.003247777018437621,0.0,0.0,0.019216921456461117,0.0,0.00032427500308439055,0.0030644062735346853,0.001875528836270433,0.0,0.0,0.006445976545005178,0.0,0.0,0.0,0.0,0.0,0.006994582813918254,0.0,0.01094127388589852,0.0,0.0,0.0,0.002417197236355425,0.0,0.00022998245695161906,0.0,0.0,0.0,0.0,0.0,0.004597081203581519,0.0,0.0,0.001508317115201984,0.0,0.0,0.0,0.0023516909899086126,0.002883943059330955,0.004362621926786397,0.0,0.0,0.0,0.00423312321359402,0.0,0.0,0.002417197236355425,0.0007453455247317483,0.0,0.0,0.0,0.0,0.0,0.0,0.0,0.0,6.82833061114841e-05,0.0,0.0,0.0,0.0,0.0,0.0037461602670173463,0.0,0.0,0.0,0.0009613143531103183,0.0,0.0,0.0,0.0,0.0,0.0,0.0,0.0,0.0,0.0,0.0,0.0,0.0,0.0,0.0,0.0,0.0,0.001508317115201984,0.0,0.0006779640279159977,0.0,0.0,0.0021813109633931987,0.0,0.0,0.0,0.0,0.0,0.0,0.0,0.0,0.0,0.0,0.0,0.0,0.0
AGTATTTGGCACGACC-1,0.02401202759817021,0.010072113236903817,0.04109394155779031,0.0,0.0,0.0014655680752587196,0.0,0.026968381155981744,0.0,0.0009392417489804668,0.002377098602348234,0.0,0.01414325273538545,0.009742093540861436,0.005539341910333655,0.0018055379941709121,0.06822505149006677,0.0003962427124408724,0.0,0.008068567793159337,0.006930969580748821,0.00020306510116961435,0.0,0.0008691655336437741,0.04794240303351516,0.0,0.0,0.0003500206992241164,0.002525867835338626,0.0,0.0,0.0,0.00041795184968202115,0.00028200917937931994,0.0,0.0,0.0,0.0008073230609338203,0.0,0.005889349989363306,0.0,0.0,0.0,0.0,0.0013229824206128526,0.0,0.000100032757245816,0.0,0.0,0.0,0.011129240734989169,0.0,0.0028340817351939023,0.004748681374166744,0.0,0.0,0.0006031577386493106,0.0,0.0,0.00024934217331108743,0.0009208413162545164,0.0,0.0,0.0018936211970422678,0.0,0.0,2.4400605028064904e-05,0.0,0.0,0.0,0.0,0.0,0.0012557912224718851,0.0,0.0,0.0,0.0,0.0,0.0,0.0018889116794697258,0.0,0.0,0.00020600554552988626,0.0,0.0,0.00018094774939202306,4.7144947029148225e-05,0.0,0.0,0.0,0.0,0.0001334574814164132,9.840662604351642e-05,0.0,0.0,0.0,0.00017065838027077897,0.0,0.0,0.0,0.0,0.0,0.0,0.00023201828766061897,0.0,0.0,0.0,0.0,0.0,0.0,0.0,0.0,0.0,0.0,0.0,0.0,0.0003748110406736419,0.0,0.0002730926101458823
AGTCAACACCACCATC-1,0.0,0.0,0.06827070885372141,0.0,0.0,0.02086743401156215,0.0,0.029823403350705734,0.0,0.0,0.02028031789245778,0.0,0.0,0.0,0.01300877177684045,0.0,0.0,0.0,0.0,0.0,0.0,0.0,0.0,0.0,0.0,0.0,0.0,0.0,0.0,0.0,0.0,0.0,0.0,0.0,0.0,0.0,0.0,0.0,0.0,0.0,0.0024743946252701035,0.006359150853129967,0.0,0.0,0.0,0.0,0.0,0.0,0.0,0.0,0.0,0.0,0.007404587617128976,0.0,0.0,0.0,0.0,0.007404587617128976,0.007404587617128976,0.0,0.0,0.0,0.0,0.0,0.0,0.0,0.0,0.0,0.0,0.0,0.0,0.0,0.0,0.0,0.0,0.0,0.0,0.0,0.0,0.0,0.0,0.0,0.0,0.0,0.0,0.0,0.0,0.0,0.0,0.0,0.0,0.0,0.0,0.0,0.0,0.0,0.0,0.0,0.0,0.0,0.0,0.0,0.0,0.0,0.0,0.0,0.0,0.0,0.0,0.0,0.0,0.0,0.0,0.0,0.0,0.0,0.0,0.0,0.0
AGTCGGCTCAACTTTA-1,0.2621369784643796,0.22008249358515466,0.09745553013498379,0.022448236236543167,0.005542306451790944,0.007945564474528407,0.0,0.018198048941861496,0.0019271710020719842,0.0,0.0,0.02569039861093697,0.0,0.006794601003680783,0.008033324444091584,0.004704603744188414,0.038625320313799526,0.0,0.0,0.005124143869368936,0.0,0.0008746470347874872,0.00143224985657788,0.0,0.017301618091968084,0.0,0.0,0.0,0.0,0.0007442542139864702,0.0,0.015567162390367806,0.0007442542139864702,0.0037096215101705275,0.0,0.0,0.0,0.0012334240087382429,0.0,0.006402749112250023,0.0,0.0030287483037284265,0.0,0.0,0.0,0.0,0.0012646225438037,0.0007658966640226206,0.0,0.0005360264861640419,0.0,0.0,0.0,0.0,0.0,0.0015557846847204914,0.0,0.0,0.0,0.0,0.0,0.0,0.0,0.0019142776837865266,0.0,0.0,0.00010357906261037509,0.0,0.0,0.0,0.0,0.0,0.012365947572036887,0.0,0.0,0.0,0.0,0.0,0.0,0.0002298701778585787,0.0,0.0,0.0,0.0,0.0,0.0,0.0005602040170058617,0.0,0.0016688110349571648,0.0,0.0,0.0,0.0,0.0,0.0,0.0,0.00011268678380221695,0.0,0.0,0.00045999034093016585,0.0,0.001052706324645108,0.0,0.0,0.0,0.0,0.0,0.0,0.0,0.0,0.0,0.0,0.0,0.0,0.0,0.0002839252497848266,0.0,0.0,0.0
AGTCGTGGGCATTACG-1,0.03785745120493789,0.024148804978057055,0.061555207987817294,0.0,0.0017218117463948053,0.001285046523668113,0.016082161179564597,0.013711486061895236,0.000184643410099136,0.0,0.00017366697977707352,0.0,0.023524192824358303,0.035948961273493035,0.019081794780368495,0.004351281096559444,0.032531873077316316,0.016059541958439418,0.0,0.049161317737171376,0.02241102612792908,0.001770166474351971,0.0,0.007526304136645537,0.0,0.0020850075000779346,0.0,0.0,0.0,0.0,0.0,0.0,0.0006670754555239046,0.002982328645166344,0.0,0.0008739817909744325,0.0,0.0,0.015899043377647876,0.005953060511579035,0.0003193729673211489,0.0,0.0,0.0,0.0,0.0,0.0,0.00011670518813794636,0.0,0.00023341037627589272,0.010317094516024328,0.0,0.0026532181332076694,0.004869290504120999,0.0,0.0,0.0022573823517420244,0.0,0.0,0.0,0.0008044140233040228,0.0,0.0,0.0010891096040159056,0.0,0.0,0.0008304590203847533,0.0,9.813698793398195e-05,0.0,0.0,0.0,0.0003663611430296457,0.0,0.0002941511805195279,0.0,0.0,0.0,0.0,0.0007116552233343968,0.005321806320324665,0.0,0.00023341037627589272,0.0,0.0,0.0,0.0010150975191843751,0.0,0.0011395214271310544,0.0,0.0,0.0,0.0,0.0,0.0,0.0,0.0,0.0,0.0,4.870293514911104e-05,0.0,0.0005697064449392301,0.00027556423116417586,0.0,0.0,0.0,0.0,0.0,0.0,0.0,0.0,0.0,0.00028892168142791364,0.0,0.0,0.0,0.0,0.0,0.0
AGTCTCACAAGACTAC-1,0.0051967281331226035,0.0016408026720488495,0.008378475470592154,0.0,0.0,0.0011805647107215914,0.0,0.002796603332687045,0.0,0.0018200308164610993,0.00016580638245075155,0.0,8.550590973805561e-05,0.0,0.0,0.0,0.03142155668381558,0.0056423134674847145,0.0,0.0,0.0,0.000679373144963376,0.0,0.006071375038416582,0.0,0.004629774591296324,0.0,0.0,0.0,0.0,0.0,0.0,0.0,0.0,0.0,0.0,0.0,0.0,0.0,0.0022920436405000576,0.0,0.0,0.0,0.0,0.0,0.0,0.0,0.0,0.0,0.0,0.0,0.0,0.0017381263020315317,0.0,0.0,0.0,0.0,0.0,0.0,0.0,0.0,0.0,0.0,0.0,0.0,0.0,0.0,0.0,0.0,0.0,0.0,0.0,0.0,0.0,0.0,0.0,0.0,0.0,0.0,0.0011230630309746433,0.0,0.0,0.0,0.0,0.0,0.0,0.0,0.0,0.0,0.0,0.0,0.0,0.0,0.0,0.0,0.0,0.0,0.0,0.0,4.629865925703394e-05,0.0,0.0,0.0,0.0,0.0,0.0,0.0,0.0,0.0,0.0,0.0,0.0,0.0,0.0,0.0,0.0,0.0,0.0,0.0
AGTCTTCTCCTCAAAT-1,1.0538226393678614,0.8274667795828788,0.06637728481560015,0.00709114939490708,0.10631686439626181,0.04138328226580214,0.0,0.0472949680193507,0.0,0.04138219929686235,0.0,0.008167732085211123,0.0634401692014205,0.0064437019521357344,0.008433313143914812,0.0,0.0,0.022178280559685664,0.018600156281590566,0.0,0.0,0.013189827302730717,0.0069657647803269065,0.012089439333632459,0.0,0.02834754642167783,0.011436521784606203,0.0,0.02274764154069857,0.0,0.0,0.00010517495060992374,0.004047088832294486,0.0,0.0,0.007962814606870242,0.0038378845382650555,0.007397557275345184,0.0,0.0,0.0,0.0,0.0,0.006328296288484554,0.0,0.0013876597097135332,0.0,0.002116133873211786,0.0,0.002486049013365417,0.0,0.004000717055764293,0.0013450917712119494,0.0,0.004232267746423572,0.0,0.0,0.0,0.0,0.0,0.0,0.015022831347148335,0.0,0.0,0.0,0.0,0.004409397405538536,0.004459271487614146,0.009088981692936723,0.0051966737045256,0.0,0.0,0.0,0.0,0.0,0.0,0.0,0.0,0.0,0.0,0.0,0.0,0.0006725458856059747,0.0,0.0,0.0,0.00016382155517269617,0.005995387233201495,0.0,0.0,0.0,0.0,0.0,0.0013450917712119494,0.0,0.0,0.0,0.0,0.0,0.0,0.0,0.0,0.0,0.0,0.0,0.0,0.0,0.0,0.0,0.0010878695912164994,0.0,0.0,0.0,0.0,0.0,0.0,0.0,0.0,0.0
AGTGACCTACTTTACG-1,0.7152843222575683,0.5173850768665624,0.16044387706424754,0.1376042557339744,0.09839184478035895,0.10663719033449204,0.09833150576601726,0.04756758729409958,0.08759430102580369,0.004215213763118968,0.05285537127585907,0.0,0.0,0.018314619201706107,0.024065010665855504,0.005363961778972472,0.0,0.026315976353663242,0.01344991323412732,0.0,0.0,0.0,0.007654928256331053,0.001514926395174885,0.0,0.0,0.0,0.0,0.0,0.0,0.0,0.0,0.0,0.0,0.0,0.017844771718282505,0.004476758976573432,0.0,0.0,0.00223210942443565,0.0,0.0,0.0,0.0,0.0,0.0,0.0,0.004326834201109351,0.002238379488286716,0.0,0.0,0.00712937168534455,0.0,0.002238379488286716,0.0,0.0,0.0,0.0,0.0,0.0015874566913968555,0.0,0.0,0.0,0.0,0.0,0.0,0.0,0.0,0.0,0.0,0.0,0.0,0.0,0.0,0.0,0.0,0.0,0.0,0.0,0.0,0.0,0.0,0.0,0.0,0.0,0.0,8.185795979010755e-05,0.0,0.0,0.0,0.0,0.0,0.0,0.0,0.0,0.0,0.0,0.0,0.0,0.0,0.0,0.0,0.0,0.0,0.0,0.0,0.0,0.0,0.0,0.0,0.0,0.0,0.0,0.0,0.0,0.0,0.0,0.0,0.0
AGTGAGACTTCCAGTA-1,0.11566624821733879,0.1270790548545362,0.0,0.0,0.00954251667897915,0.010465833386114369,0.0,0.0,0.0,0.0,0.0,0.0,0.007149276936807215,0.0,0.0,0.0,0.0,0.0,0.029349684459002875,0.0,0.0,0.0,0.0,0.0,0.0,0.0,0.002632266410606544,0.0,0.0,0.0,0.0,0.0,0.0,0.0,0.0,0.0,0.0,0.0,0.0,0.0,0.0,0.0,0.0,0.0,0.0,0.0,0.0,0.0,0.0,0.0,0.0,0.0,0.0,0.0,0.0,0.0,0.0,0.0,0.0,0.0,0.0,0.0,0.0,0.0,0.0,0.0,0.0,0.0,0.0,0.0,0.0,0.0,0.0,0.0,0.0,0.0,0.0,0.0,0.0,0.0,0.0,0.0,0.0,0.0,0.0,0.0,0.0,0.0,0.0,0.0,0.0,0.0,0.0,0.0,0.0,0.0,0.0,0.0,0.0,0.0,0.0,0.0,0.0,0.0,0.0,0.0,0.0,0.0,0.0,0.0,0.0,0.0,0.0,0.0,0.0,0.0,0.0,0.0,0.0
AGTGATATGAGTAGTT-1,1.094130579730513,0.6016618259226825,0.14772395573311242,0.07092115375379339,0.10814521890530401,0.07089845119320343,0.018381488083949488,0.024177466326209075,0.010891786182917147,0.015377777846092585,0.02203554242515785,0.0,0.0,0.0,0.0,0.0,0.0,0.0,0.0,0.0,0.07672110837884075,0.0,0.0,0.0,0.0,0.0,0.0035046092697979003,0.0,0.0,0.0,0.0,0.0,0.0,0.0,0.0,0.0,0.0,0.0,0.0,0.0,0.0,0.0,0.0,0.0,0.0,0.0,0.0,0.0,0.013554420028155689,0.0,0.0,0.0,0.0,0.0,0.0,0.0,0.0,0.0,0.0,0.0,0.0058661512389906285,0.0,0.0,0.0,0.0,0.0,0.0,0.0,0.0,0.0,0.0069323067140761065,0.0,0.0,0.0069323067140761065,0.0,0.0,0.0,0.0,0.0,0.0,0.0,0.0,0.0,0.0,0.0,0.0,0.0,0.0,0.0,0.0,0.0,0.0,0.0,0.0,0.0,0.0,0.0,0.0,0.0,0.0,0.0,0.0,0.0,0.0,0.0,0.0,0.0,0.0,0.0,0.0,0.0,0.0,0.0,0.0,0.0,0.0,0.0,0.0,0.0
AGTGCGTAGCTCGTAA-1,0.8159804031059943,0.1705047540289777,0.21005413442317153,0.05542880183573143,0.054375070731130196,0.03048713583866912,0.0,0.01528741335395836,0.012657278077904552,0.045767233326626716,0.013714243727197763,0.0,0.013530588535304653,0.0,0.007658263982757376,0.0,0.0,0.0,0.0,0.0,0.0,0.009512758391347215,0.0,0.0,0.0,0.0,0.001838211310485989,0.0,0.062360672855078354,0.0,0.0,0.0,0.027772663618973174,0.0,0.0,0.0,0.0,0.0,0.0,0.0,0.0,0.0,0.0,0.0,0.0,0.0,0.0,0.0,0.0,0.0,0.0,0.0,0.0,0.0,0.010216836010933953,0.0,0.0,0.005108418005466977,0.0,0.0,0.0,0.0,0.0,0.0,0.0,0.0,0.0,0.0,0.0,0.0,0.005108418005466977,0.0,0.0,0.0,0.0,0.0,0.005108418005466977,0.0,0.0,0.0,0.0,0.0,0.0,0.0,0.0,0.0,0.0,0.0,0.0,0.0,0.0,0.0,0.0,0.0,0.0,0.0,0.0,0.0,0.0,0.0,0.0,0.0,0.0,0.0,0.0,0.0,0.0,0.0,0.0,0.0,0.0,0.0,0.0,0.0,0.0,0.0,0.0,0.0,0.0
AGTGGCGGCAATTTGA-1,0.0,0.0,0.05645040019861758,0.0,0.0,0.01092422407579717,0.0,0.0,0.0,0.0,0.0,0.0,0.004700273062706051,0.0,0.0,0.00978699801084859,0.0,0.03239455388315929,0.0,0.0,0.0,0.01639199441059427,0.0,0.016859939164568162,0.0,0.011756536465132281,0.0,0.0,0.0,0.0,0.0,0.0009445150013188055,0.0,0.0,0.0,0.0,0.0,0.0,0.0,0.0,0.0,0.0,0.0,0.0,0.0,0.0,0.0,0.0,0.0,0.0,0.0,0.0,0.0,0.0,0.0,0.0,0.0,0.0,0.005634107186139991,0.0,0.0,0.0,0.0,0.0,0.0,0.0,0.0,0.0,0.0,0.0,0.0,0.0,0.0,0.0,0.0,0.0,0.0,0.0,0.0,0.0,0.0,0.0,0.0,0.0,0.0,0.0,0.0,0.0,0.0,0.0,0.0,0.0,0.0,0.0,0.0,0.0,0.0,0.0,0.0,0.0,0.0,0.0,0.0,0.0,0.0,0.0,0.0,0.0,0.0,0.0,0.0,0.0,0.0,0.0,0.0,0.0,0.0,0.0,0.0
AGTGGCTCCGTCGGCC-1,0.1668479724440082,0.12507323036917992,0.05364193434794787,0.00795224850079158,0.007980440165092717,0.005307388593777171,0.014309497884132636,0.020067277905422766,0.0,0.0,0.004116700661807157,0.0,0.013116498361603028,0.027018774399146975,0.011714931144012211,0.0038996097869202382,0.014600634728181194,0.0008084797119515295,0.0,0.010753217952729141,0.00582543129301916,0.002182544201872912,0.0,0.0005105976269292168,0.00742832224962769,0.0,0.0,0.0,0.0004878206664928036,0.00330055361932716,0.0,0.03520037539799646,0.002562134402239397,0.003688763813290416,0.0009454386972011445,0.0,0.0,0.0,0.0,0.005740422775834378,0.00023891193635067412,0.0029015470655066725,0.014345352288366212,0.0,0.0,0.0,0.0006461427288073286,0.0,0.0,0.0,0.006667069562120066,0.0,0.0006701474672150202,0.0,0.0006471757013460927,0.0,0.0006030188011993538,0.0,0.0,0.0004987260802510985,0.00018598481863159696,0.0,0.0,0.0003734012097678146,0.0026363442495151383,0.0,0.00030986764101886176,0.0004790712512975862,0.0,0.0,0.0,0.0,0.00019386395154657478,0.0,0.00038900620660310464,0.0,0.0,0.0,0.0,0.0,0.0,0.0,9.138114264495359e-05,0.0,0.0,0.0,0.00023716611823485154,0.0,0.002240770862563977,0.0,0.0,0.00018276228528990717,0.0,0.0,0.0,0.0,0.000632017176098462,0.0,0.0,0.0,0.0,0.0,0.0,0.0,0.0,0.0,0.00021057694923380156,0.0,0.0,0.0,0.0,0.0,0.0,0.0,0.0,0.00010398587951839147,0.0,0.0,0.0
AGTGGTTGCGTATAGG-1,0.18614771738928118,0.1532839439891148,0.03350156102447704,0.0012334058919743986,0.004198264638951385,0.0018148693569952838,0.016736210666123578,0.010876410950152841,0.0,0.0,0.00027957732753743807,0.0,0.0,0.04832346486053237,0.012734091164151112,0.0,0.010374725048046797,0.0,0.0,0.03994040282530281,0.0,0.0012507666767508816,0.0,0.0,0.0,0.0,0.0003516930451939575,0.0,0.0,0.011053621214874831,0.0,0.0,0.0,0.0,0.0013944012405741242,0.0037454216147292906,0.0,0.0,0.0,0.004397037012244556,8.658731016839635e-05,0.0,0.0,0.0,0.0,0.0,0.0,0.0,0.001977720059360617,0.0,0.006092521645864265,0.0,0.005082499370710757,0.0,0.0,0.0,0.0,0.0,0.0,0.0,0.0,0.0,0.0,0.00032625872317614587,0.0022907117029484707,0.0,0.0,0.0,0.00029599967077441856,0.0,0.0,0.0,8.272566783673867e-05,0.0,0.0,0.0,0.0,0.0,0.0,0.0,0.008695877789106677,0.0,0.0,0.0,0.0,0.0,2.3494336130902113e-05,0.0,0.0014068366777901873,0.0005931663945156233,0.0,0.0,0.0,0.0,0.00033999849458832184,0.0,0.00020821178463015865,0.0,0.0007169029743677099,0.0,0.0,0.0,0.0,0.0,0.0,0.0,0.0,0.0,0.0,0.0,0.0,0.00016774769378872197,0.0,0.0,0.0,0.0,0.0,0.0,0.0
AGTTAAACACTTGCGA-1,0.0,0.16344437367400302,0.0,0.0,0.0,0.02008851038374614,0.0,0.0,0.0,0.0,0.014108725615681139,0.0,0.0,0.0,0.0,0.0,0.0,0.0,0.021055628013578322,0.0,0.0,0.0,0.0,0.0,0.0,0.013045997692848664,0.0,0.0,0.0,0.0,0.0,0.0,0.0,0.008100029674737653,0.0,0.0,0.0,0.0,0.0,0.0,0.0,0.0,0.0,0.0,0.0,0.0,0.0,0.0,0.0,0.0,0.0,0.0,0.0,0.0,0.0,0.0,0.0,0.0,0.008415990908704664,0.0,0.0,0.0,0.0,0.0,0.0,0.0,0.0,0.0,0.0,0.0,0.0,0.0,0.0,0.0,0.0,0.0,0.0,0.0,0.0,0.0,0.0,0.0,0.0,0.0,0.0,0.0,0.0,0.0,0.0,0.0,0.0,0.0,0.0,0.0,0.0,0.0,0.0,0.0,0.0,0.0,0.0,0.0,0.0,0.0,0.0,0.0,0.0,0.0,0.0,0.0,0.0,0.0,0.0,0.0,0.0,0.0,0.0,0.0,0.0
AGTTAAGTCAACCGCT-1,0.05244341985428734,0.017095766366885035,0.0013074098635209117,0.0,0.0004546993801128699,0.000626142926297732,0.0,0.010777035189839095,0.0,0.0,0.0,0.01623001900590754,0.009860763648152051,0.020269875867833048,0.005092974916430433,0.0,0.015971568104986737,0.0,0.0,0.05933152319702707,0.0,0.0003413528073686141,0.0,0.0,0.010283352521172521,0.0,0.0,0.0,0.0,0.0051619963220696325,0.0,0.00913288900330492,0.0006078415873370925,0.0,0.0,0.0,0.0,0.0,0.0,0.0037438598703108407,0.0,9.377504228809875e-05,0.0,0.0,0.0,0.0,0.0003751818662212238,0.0,0.0,0.0,0.0,0.0,0.0,0.0,0.0,0.0011016206198918653,0.003260453767947094,0.0,0.0,0.0,0.00027565361288997916,0.0,0.0,0.0005742552740622027,0.0,0.0,0.0,0.0,3.634587787062313e-05,0.0,0.0,0.0,0.004972819304300226,0.0,0.0,0.0,0.0,0.0,0.0,0.00036198710502818594,0.0,0.00011089933414397185,0.0,0.0,0.0,0.0,5.2556033740938133e-05,0.0,0.0,0.0,0.0,0.0,0.0,0.0,0.0,0.0,0.0,0.00018136729617432054,0.0,0.0,0.0,0.0,0.0,0.0,0.0,0.0,0.0,0.0,3.634587787062313e-05,0.0,0.00044763858819887886,0.0,0.0,0.0,0.0,8.020224009271706e-05,0.0,0.0,0.0
AGTTCCTATTTATGTT-1,1.3869090021010988,0.7310217520989749,0.4623418624765432,0.23459999239393267,0.07935189109743217,0.11295559641557504,0.06263705347152208,0.027556340707807152,0.022158336614396163,0.004362845491685456,0.04278871500843242,0.0,0.008611016753215276,0.0,0.024874152121528683,0.0,0.025291987520511997,0.024354754994625867,0.0,0.0,0.014213754363671371,0.05274386222561832,0.005694675590234003,0.007168774935343985,0.0,0.0059100890158757845,0.0022472893195383775,0.0,0.0,0.017973693513084577,0.0,0.000351327083684099,0.0038800034057810484,0.0,0.027663344333076323,0.0,0.0,0.0,0.015234939115460502,0.0,0.0,0.0,0.0,0.0015166490097677397,0.0,0.0,0.0,0.0,0.0,0.005581981916324998,0.00381645110814499,0.0,0.002483797107011264,0.006745926987425166,0.0,0.0,0.0,0.0,0.0,0.0008655548184859162,0.0026292046351293038,0.0,0.0,0.0,0.0,0.0,0.0,0.0,0.0,0.0,0.0,0.0,0.0,0.0,0.0,0.0,0.0,0.0,0.0,0.0,0.0,0.0,0.0,0.0,0.0,0.0,0.0,0.0,0.0023633543960133088,0.0,0.0,0.0,0.0,0.0,0.0,0.0,0.005095476300234342,0.0,0.002483797107011264,0.0,0.0,0.0,0.0,0.0023246677759364985,0.0,0.0,0.002367026739894095,0.0,0.0,0.0,0.0,0.0,0.0,0.0,0.0,0.0,0.0,0.0,0.0
AGTTTGGCCAGACCTA-1,0.1558524577962677,0.13036312352796178,0.23261430983064404,0.0,0.0,0.01266708585345025,0.0639115048646063,0.009294841570167868,0.04761114616373491,0.04036175720076256,0.0,0.016093151654839953,0.04837601773078712,0.04465257495651824,0.0,0.016700960985780257,0.0,0.0,0.016637249341697455,0.03744496564811815,0.0,0.0035592771307050002,0.01419592716873989,0.0,0.0,0.002293261518317456,0.0031488979199728604,0.0,0.0,0.0032335093852014396,0.04965089407452084,0.0,0.0,0.0,0.0,0.0,0.0,0.0,0.0,0.0,0.0,0.0,0.0,0.0,0.0,0.0022413821631142297,0.0,0.0,0.0,0.0,0.0,0.0,0.0,0.0,0.0,0.008965528652456919,0.001046059532934489,0.0,0.0,0.0,0.0,0.011332481089472959,0.0,0.0022885556165367156,0.0,0.015684711432821703,0.0,0.0,0.0,0.0,0.0,0.0,0.0,0.0,0.0,0.0,0.0,0.0,0.0,0.0,0.0,0.0,0.0,0.0,0.0,0.0,0.0010328057788172868,0.0,0.0,0.0,0.0,0.0,0.0,0.0,0.0,0.0,0.0,0.0,0.0,0.0,0.0,0.0,0.0,0.0,0.0,0.0,0.0,0.0,0.0,0.0,0.0,0.0,0.0,0.0,0.0,0.0,0.0,0.0,0.0
ATAAACGGACCCGTAA-1,0.10468749023069328,0.08801249195836049,0.03511275188536598,0.023489725194469235,0.0,0.03219920885176169,0.00678314706404764,0.01881375240938904,0.0,0.0,0.04746192222132463,0.0,0.0,0.017471605868652294,0.0,0.0,0.0,0.0,0.0,0.0567837990115004,0.08077569250810722,0.012038352599987786,0.0,0.0,0.0,0.015933599574050328,0.0,0.0,0.0,0.0,0.0,0.0,0.0,0.0,0.0,0.0,0.0,0.0,0.0,0.0,0.0,0.0,0.0,0.005582778757600916,0.0,0.0,0.0,0.0,0.01043381000475517,0.0,0.0,0.0,0.0,0.0,0.0,0.0,0.0,0.0,0.0,0.0,0.004242047921930569,0.0,0.0,0.0,0.005344860116218256,0.0,0.0,0.0,0.0,0.005582778757600916,0.0,0.0,0.0,0.0,0.0,0.0,0.0,0.0,0.0,0.0,0.0,0.0,0.0,0.0,0.0,0.0,0.0,0.0,0.0,0.0,0.0,0.0,0.0,0.0,0.0,0.0,0.0,0.0,0.0,0.0,0.0,0.0,0.0,0.0,0.0,0.0,0.0,0.0,0.0,0.0,0.0,0.0,0.0,0.0,0.0,0.0,0.0,0.0,0.0
ATAAATATTAGCAGCT-1,0.32254669185984347,0.0,0.059730422841555005,0.11238940097826494,0.03446311685909021,0.031880178636214035,0.0,0.02118196077442568,0.0,0.0,0.029180927291796995,0.038601236682010875,0.0,0.0,0.0,0.0,0.0,0.0,0.0,0.0,0.0,0.007218607325539148,0.0,0.0,0.0,0.0,0.0013685123310440215,0.0,0.0,0.0,0.0,0.0,0.0,0.0,0.0,0.0,0.0,0.0,0.0,0.0,0.0,0.0,0.0,0.0,0.0,0.0,0.0,0.0,0.0,0.0,0.0,0.0,0.0,0.0,0.0,0.0,0.0,0.0,0.0,0.0,0.0,0.01243548309806336,0.008293852787076573,0.0,0.0,0.0,0.0,0.0,0.0,0.0,0.0,0.0,0.0,0.0,0.0,0.0,0.0,0.0,0.0,0.0,0.0,0.0,0.0,0.0,0.0,0.0,0.0,0.0,0.0,0.0,0.0,0.0,0.0,0.0,0.0,0.0,0.0,0.0,0.0,0.0,0.0,0.0,0.0,0.0,0.0,0.0,0.0,0.0,0.0,0.0,0.0,0.0,0.0,0.0,0.0,0.0,0.0,0.0,0.0
ATAAGTTACCGCGACG-1,0.4337863730697743,0.4559596121885937,0.035293180431653984,0.05301067773246575,0.03611256962818565,0.012562216931115946,0.015054899950534412,0.008381757134149966,0.0,0.0,0.01768500287949794,0.0,0.0,0.0,0.022828688598466432,0.0,0.0,0.0,0.06858851086610034,0.0,0.0,0.0,0.0405297669332226,0.0,0.0,0.005855716587950648,0.004360309230529024,0.0,0.0,0.0,0.0,0.0,0.004952569585915145,0.0,0.0,0.0,0.0,0.0,0.0,0.0,0.0,0.0,0.0,0.0,0.0,0.0,0.0,0.0,0.0,0.0,0.0,0.0,0.0,0.0,0.0,0.0,0.0,0.0,0.0,0.0,0.0,0.0,0.0,0.0,0.0,0.0,0.007013282477792659,0.0,0.0,0.0,0.0,0.0,0.0,0.0,0.0,0.0,0.0,0.0,0.0,0.0,0.0,0.0,0.0,0.0,0.0,0.0,0.0,0.0,0.0,0.0,0.0,0.0,0.0,0.0,0.0,0.0,0.0,0.0,0.0,0.0,0.0,0.0,0.0,0.0,0.0,0.0,0.0,0.0,0.0,0.0,0.0,0.0,0.0,0.0,0.0,0.0,0.0,0.0,0.0
ATAATAGCTGTTGAAT-1,0.20094713430877567,0.46395068807465994,0.11124250389375552,0.054372721433206275,0.060052095481454924,0.025372406014948317,0.0,0.003934474629765923,0.0,0.0,0.022562614511919755,0.008334420893314043,0.0,0.016411150109842176,0.0,0.0,0.018442711102662615,0.0,0.01980948617542979,0.0,0.0,0.015364875208520628,0.010111211282209348,0.0,0.0,0.006510931904938967,0.005208929041738957,0.0,0.0,0.0,0.0,0.0,0.0,0.0,0.0,0.0,0.0,0.0,0.0,0.005908438498398102,0.0,0.0,0.0,0.006694160544698731,0.0,0.0,0.0,0.0,0.0,0.0,0.0,0.0016463612393897626,0.0,0.0,0.0,0.0,0.0,0.0,0.0,0.0,0.001289630307509948,0.0,0.0,0.0,0.0,0.0,0.0,0.0,0.0,0.004319785397787771,0.0,0.0,0.0,0.0,0.0,0.0,0.0,0.0,0.0,0.0,0.0,0.0,0.0033470802723493654,0.0,0.0,0.0,0.0,0.0,0.0,0.0,0.0033470802723493654,0.0,0.0,0.0,0.0,0.005975143082583342,0.0,0.0,0.0,0.0007122575528442318,0.0,0.0010307447196933456,0.0,0.0,0.0,0.0,0.0,0.0,0.0,0.0,0.0,0.0,0.0,0.0,0.0,0.0,0.0,0.0,0.0
ATACCACGGGCAACTT-1,1.3412843226257454,0.5313271244772675,0.1378396921965984,0.11263713904455325,0.16124631268347325,0.059585808211800304,0.0,0.06336508763390664,0.0,0.0,0.0,0.0,0.049928100547163096,0.0,0.006168560695276052,0.005471234228007268,0.017235995560403276,0.0,0.0,0.0,0.0,0.0,0.0,0.0,0.0,0.0,0.0018583906549131369,0.0,0.0,0.0,0.0,0.0,0.0,0.0,0.0,0.009376482137246185,0.029409233775283688,0.0,0.0,0.0,0.002692867014009869,0.0,0.0,0.0,0.016996934046148313,0.0,0.0,0.0,0.0,0.0,0.0,0.0,0.0,0.0,0.0,0.0,0.0,0.0,0.0,0.0,0.0,0.0,0.0,0.0,0.0,0.0,0.0036191207243398437,0.0,0.0,0.0,0.004511158414919167,0.0,0.0,0.0,0.0,0.0,0.0,0.0,0.0,0.0,0.0,0.006000746185497657,0.0,0.0,0.0,0.0,0.0,0.0,0.0,0.0,0.0,0.0,0.0,0.0,0.0,0.0,0.0,0.0,0.0,0.0,0.0,0.0,0.0,0.0,0.0,0.0,0.0,0.0,0.0,0.0,0.0,0.0,0.0,0.0,0.0,0.0,0.0,0.0,0.0
ATACGGTGAAGATGCA-1,1.415106159351149,0.9403095408500501,0.20208484082866984,0.0810630187366844,0.04596598261342044,0.0033908973658410726,0.027427287898140768,0.017064876043072948,0.006458904038037328,0.04673083191632897,0.020086431910386157,0.02599017316026447,0.0027210105895821993,0.022953527009446344,0.015996033660291474,0.00985006267082158,0.007163762130093629,0.0,0.004064144865957939,0.010509606133251737,0.0,0.010390080141757893,0.006934874941985401,0.002075452386862257,0.0,0.0,0.009414597971405312,0.0,0.004675322107088079,0.0,0.0,0.002487635110144903,0.002875977081500808,0.014053460198188964,0.0,0.0,0.013695398072952017,0.0,0.0025469951248391783,0.003924889680364267,0.0,0.0029987792950202357,0.0,0.0,0.0,0.0020793142006049034,0.00719810794684051,0.0,0.0,0.0020150621130769564,0.0,0.00781420032677905,0.0,0.0,0.00440869955274341,0.0,0.0,0.0,0.0,0.004469077176986485,0.0,0.0,0.0,0.0027590844633588636,0.0,0.0,0.0,0.0027488023236140664,0.0012368169257567395,0.0,0.0,0.0,0.0,0.0,0.0,0.0,0.0,0.0,0.006566392367861536,0.0,0.0,0.0007966628808959046,0.0,0.0,0.0,0.0,0.0001266105940388897,0.0012706289327461292,0.0,0.0011850523772977098,0.0016071501761571372,0.0,0.0,0.0,0.0,0.0,0.000865783817671115,0.0,0.0,0.0,0.0,0.0008459546959634933,0.0,0.0,0.0,0.0,0.0,0.0,0.0,0.0,0.0,0.0006222215618732394,0.0,0.0,0.0,0.00039211786993163843,0.0,0.0,0.0
ATAGAGTTATCAACTT-1,0.3900836412254194,0.0,0.03623363287527244,0.05850221959603636,0.016218056933085808,0.013213672643255757,0.0,0.031112686938612508,0.0,0.0,0.0,0.0,0.0,0.0,0.0,0.003375089739050887,0.0,0.0,0.0,0.0,0.0,0.0,0.0,0.0,0.0,0.0,0.0,0.0,0.0,0.0,0.0,0.0,0.0,0.0,0.0,0.0,0.0,0.0,0.0,0.0,0.0,0.0,0.0,0.0,0.0,0.0,0.0,0.0,0.0,0.0,0.0,0.0,0.0,0.0,0.0,0.0,0.0,0.0,0.0,0.0,0.0,0.0,0.0,0.0,0.0,0.0,0.0,0.0,0.0,0.0,0.0,0.0,0.0,0.0,0.0,0.0,0.0,0.0,0.0,0.0,0.0,0.0,0.0,0.0,0.0,0.0,0.0,0.0,0.0,0.0,0.0,0.0,0.0,0.0,0.0,0.0,0.0,0.0,0.0,0.0,0.0,0.0,0.0,0.0,0.0,0.0,0.0,0.0,0.0,0.0,0.0,0.0,0.0,0.0,0.0,0.0,0.0,0.0,0.0
ATAGGCGGCTATAGAA-1,0.17876032675555267,0.0,0.06328410654538287,0.03814849872066457,0.018186042177121803,0.011021693614198979,0.0,0.003255244600911062,0.0,0.0,0.0,0.0,0.0,0.0,0.005559173451633001,0.0,0.0,0.0,0.0,0.0,0.0,0.0,0.0,0.0,0.0,0.0,0.0,0.0,0.0,0.01720637132479989,0.0,0.0,0.0,0.0,0.0,0.0,0.0,0.0,0.0,0.0,0.0,0.0,0.0,0.0,0.0,0.0,0.0,0.0,0.0,0.0,0.0,0.002365735594836101,0.0,0.012776866542217914,0.0,0.0,0.0,0.0,0.008603185662399945,0.0,0.0,0.0,0.008603185662399945,0.0,0.0,0.0,0.0,0.0,0.0,0.0,0.0,0.0,0.0,0.0,0.0,0.0,0.0,0.0,0.0,0.0,0.0,0.0,0.0,0.0,0.0,0.0,0.0,0.0,0.0,0.0,0.0,0.0,0.0,0.0,0.0,0.0,0.0,0.0,0.0,0.0,0.0,0.0,0.0,0.0,0.0,0.0,0.0,0.0,0.0,0.0,0.0,0.0,0.0,0.0,0.0,0.0,0.0,0.0,0.0
ATAGGCTAGCTTCGCA-1,0.5719150604426703,0.40439153936307537,0.06644777606770282,0.08146180870600377,0.02562035930611863,0.0,0.0,0.028190882004654444,0.0,0.10281866084893655,0.0,0.0,0.0,0.0,0.004527799048347501,0.003991611735003576,0.0,0.08417325629087699,0.032505566621549235,0.0,0.0,0.014413118221468959,0.002429188222373258,0.030025252815774214,0.0,0.0,0.0,0.0,0.0,0.0,0.0,0.0031411186009861433,0.0,0.0,0.0,0.0,0.0,0.0,0.0,0.0,0.0,0.0,0.0,0.0,0.0,0.006470977946813863,0.004916638946685246,0.0,0.0,0.009833277893370492,0.0,0.0,0.0,0.0,0.0,0.0,0.0,0.004916638946685246,0.0,0.0,0.0,0.0,0.0,0.0,0.0,0.0,0.0,0.0,0.0,0.0,0.0,0.0,0.0,0.0,0.0,0.0,0.0,0.0,0.0,0.0,0.0,0.0,0.0,0.0,0.0,0.0,0.0,0.0,0.0,0.0,0.0,0.0,0.0,0.0,0.0,0.0,0.0,0.0,0.0,0.0,0.0,0.0,0.0,0.0,0.0,0.0,0.0,0.0,0.0,0.0,0.0,0.0,0.0,0.0,0.0,0.0,0.004916638946685247,0.0,0.0
ATAGGGATATCCTTGA-1,1.5238820514275238,0.5700534234474193,0.28323169312504415,0.24721835614300258,0.28450035159638287,0.015424413591880837,0.016066150864800437,0.055249045086075546,0.04468717806893596,0.0,0.01386273144003135,0.0,0.06023900548199895,0.0,0.002652389458484645,0.0,0.0,0.0,0.03250280373807443,0.0,0.0,0.0,0.0025245946058175517,0.0,0.0,0.023111516504181962,0.007021405237530878,0.0,0.0,0.0,0.0,0.0,0.007892025851177313,0.0,0.0036151935093467363,0.0,0.0,0.0,0.0,0.0,0.0,0.0,0.0,0.0,0.0280894423117466,0.0,0.0,0.00879876339850916,0.0,0.0,0.0,0.0,0.0,0.0,0.0,0.0,0.0,0.0,0.0,0.0,0.005916764744640948,0.0,0.0,0.0,0.0,0.0,0.0,0.004978813924907929,0.0,0.019164865867803298,0.0,0.0,0.0,0.0,0.0,0.0,0.0,0.0,0.0,0.0,0.0,0.0,0.0,0.0,0.0,0.0,0.0,0.0,0.0,0.0,0.0,0.0,0.0,0.0,0.0,0.0,0.0,0.0,0.0,0.0,0.0,0.0,0.0,0.0,0.0,0.0,0.0,0.0,0.0,0.0,0.0,0.0,0.0,0.0,0.0,0.0,0.0,0.0,0.0
ATAGTGAAGCGTTCTC-1,0.5475457348714099,0.3331341263339147,0.08405081941397025,0.06080641433551818,0.03666252391431778,0.07893847948130726,0.0,0.013828475605625477,0.0,0.0,0.011847041320597232,0.0,0.0,0.009797404895208235,0.021398106952336234,0.0031774783427994157,0.0,0.0,0.03141881806307677,0.013337702964093916,0.01895964292268323,0.0,0.01934714293899475,0.0,0.0,0.0031718493957519265,0.0,0.0,0.007224749196632372,0.0,0.0,0.0,0.005873642561284395,0.0,0.0,0.0,0.0,0.0,0.0,0.0,0.0,0.0,0.0,0.003713571066379471,0.0,0.0,0.0,0.0,0.006816270140389185,0.0,0.0,0.0,0.003713571066379471,0.0,0.0,0.0,0.0019758107027503537,0.0,0.0,0.0,0.002196447853729922,0.0,0.0,0.0,0.0,0.0,0.0,0.0,0.0,0.0,0.0,0.0,0.0,0.0,0.0,0.0,0.0,0.0,0.0,0.0,0.0,0.0,0.0,0.0,0.0,0.0,0.0,0.0,0.0,0.0,0.0,0.0,0.0,0.0,0.0,0.0,0.0,0.0,0.0,0.0,0.0,0.0,0.0,0.0,0.0,0.0,0.0,0.0,0.0,0.0,0.0,0.0,0.0,0.0,0.0,0.0,0.0,0.0,0.0
ATATCTTAGGGCCTTC-1,0.40229319324398816,0.7727582215222162,0.11332190212565,0.04434019120996124,0.031274366707174914,0.09495479858528677,0.06558377118546964,0.039151039758222435,0.0,0.005416420004533873,0.005609197938998609,0.0,0.07622621021673275,0.006249144714554876,0.007611696159223512,0.012202882893733547,0.0,0.026085107130287114,0.014287055188706262,0.004578475447143702,0.013334859201211852,0.0,0.02254367249407005,0.001605260680381397,0.0,0.0,0.019949553416058034,0.010516656575433263,0.0,0.0,0.0,0.000585120541393283,0.0015002823447572554,0.0,0.0013608399650488596,0.0,0.0,0.0,0.0,0.007031695231579336,0.0004669036120157584,0.0,0.0,0.0,0.0,0.0019485605263237938,0.01153058135166954,0.0,0.002993774101486796,0.0014084732141642824,0.001200179542509313,0.0,0.002130190227591711,0.0005684560389970933,0.0,0.0,0.0,0.0,0.0,0.0,0.0020687383837543487,0.0,0.0,0.0,0.003941869924876148,0.0,0.0,0.004576655381728721,0.0,0.0,0.0,0.0,0.0,0.0,0.0,0.0,0.0,0.0,0.0,0.0,0.0,0.0,0.0,0.0,0.0,0.0,6.925075765543625e-05,0.0,0.0,0.0,0.0,0.0,0.001581659028899764,0.0,0.0,0.0,0.0,0.0,0.006466892254681429,0.0,0.0,0.0,0.0,0.0,0.0,0.0,0.0,0.0,0.0,0.0,0.0,0.0,0.0,0.0,0.0,0.0,0.0,0.0,0.0
ATATTCAGTTAAACCT-1,0.09513924724988271,0.0,0.05192428381242441,0.03380686748702159,0.008594837602837739,0.0,0.0,0.003270670093338061,0.007397891462811428,0.014175046525945081,0.013628225478822784,0.029556301629289673,0.0,0.018715783024470037,0.0,0.0024815573276932576,0.0,0.0,0.0,0.0,0.0,0.0019945620563719215,0.0,0.0,0.0,0.010368752580751681,0.0020072102319091826,0.0,0.0,0.0,0.0,0.0,0.0,0.0,0.0,0.0,0.0,0.0,0.01356309673772062,0.0,0.0,0.0,0.0,0.0,0.0,0.0,0.0,0.0,0.0,0.0,0.0,0.0,0.0,0.0,0.010496686767055166,0.0,0.0,0.0,0.0,0.0,0.0,0.0,0.005631858752025072,0.0,0.0,0.0,0.0,0.0,0.0,0.0,0.0,0.0,0.0,0.0,0.0,0.0,0.0,0.0,0.0,0.0,0.0,0.0,0.0,0.0,0.0,0.0,0.0,0.0,0.0,0.0,0.0,0.0,0.0,0.0,0.0,0.0,0.0,0.0,0.0,0.0,0.0,0.0,0.0,0.0,0.0,0.0,0.0,0.0,0.0,0.0,0.0,0.0,0.0,0.0,0.0,0.0,0.0,0.0,0.0
ATCAAACGAAGGTTTG-1,0.041407278216480096,0.060420180522545046,0.03100816066703282,0.0,0.0,0.01630823544381699,0.0389429047058748,0.026662312655505678,0.016110628551466378,0.007386947189319638,0.004898057117425683,0.008122193429773944,0.0,0.01079395781930947,0.061030925169400244,0.010578761860080851,0.0014411188731932284,0.0,0.0,0.0,0.0,0.005433323314023682,0.0,0.0,0.0,0.0,0.0018647114845335851,0.0,0.0,0.0,0.0,0.008634511422161017,0.0037505222651242247,0.0,0.002335272106564157,0.0,0.0,0.0,0.0,0.001500633853990733,0.00022520267216088124,0.0,0.0,0.0,0.0,0.0,0.0003775356516177869,0.0,0.0,0.0,0.007639734631268369,0.0,0.001739357556492261,0.0,0.0,0.005203034554222757,0.0,0.0,0.0,0.0,0.0,0.0,0.0,0.0007664724914139436,0.0,0.0,0.0014326815900838335,0.0,0.0,0.0,0.0,0.0,0.0005385262972301952,0.0,0.0,0.0,0.0,0.0,0.0,0.0,0.0,0.0,0.0,0.0,0.0,0.0,0.0003059038755881939,0.0,0.0,0.0,0.0,0.0,0.0,0.0,0.0,0.0,0.0,0.0007140010502215191,0.0,0.0,0.0,0.0012177700510666034,0.0,0.0014927413172762488,0.0,0.0,0.0,0.0,0.0,0.0,0.0,0.0,0.0,0.0,0.0,0.0,0.0,0.0,0.0
ATCACGTGCTAATTAA-1,0.2679389750694445,0.05128767835745703,0.09551413809124122,0.05548193270033201,0.007223139883622505,0.004846639491981804,0.15510814770730144,0.028936396849205258,0.07086446121074827,0.0,0.014480558613571589,0.018108149034489963,0.0,0.037859334927141275,0.0,0.007247483592337598,0.0,0.0,0.0,0.08504728204566601,0.0,0.0,0.0,0.0,0.0,0.0,0.0,0.0,0.0,0.0,0.0,0.0,0.0,0.0,0.0,0.0,0.0,0.0,0.0,0.0,0.0,0.0,0.0,0.0,0.0,0.0,0.006926727639660957,0.0,0.0,0.01153924438583819,0.0,0.0,0.0,0.004987114385796745,0.0,0.0,0.0,0.0,0.0,0.0,0.0,0.0,0.0,0.0,0.0,0.0,0.004824722184992421,0.0,0.0,0.0,0.0,0.0,0.0,0.0,0.0,0.0,0.0,0.0,0.0,0.0,0.0,0.0,0.0,0.0,0.0,0.0,0.0010786558956936926,0.0,0.0,0.0,0.0,0.0,0.0,0.0,0.0,0.0,0.0,0.0,0.0,0.0,0.0,0.0,0.0,0.0,0.0,0.0,0.0,0.0,0.0,0.0,0.0,0.0,0.0,0.0,0.0,0.0,0.0,0.0,0.0
ATCACTTCATCCTCGC-1,1.0462524523816266,0.27007898566521304,0.16038261246252764,0.053316102893356435,0.04652050383539718,0.012502359702240506,0.007562690461536786,0.03423782658997785,0.0,0.0,0.007137739534119907,0.008596571618520425,0.0,0.0,0.01504656958730631,0.0,0.0,0.0,0.0,0.0,0.0,0.0,0.0,0.0,0.0,0.0,0.0,0.08308507540195322,0.0,0.0,0.0,0.0,0.0,0.040671304770313894,0.0029669287672040383,0.0,0.0,0.0,0.0,0.0,0.01811210469594171,0.0,0.0,0.0,0.03596116115213417,0.0,0.0,0.0,0.0,0.0,0.0,0.0,0.0,0.0,0.0,0.0,0.0,0.0,0.0,0.0,0.0,0.0,0.0,0.0,0.0,0.0,0.0,0.0,0.0,0.0,0.0,0.005759013961252144,0.001439519221288234,0.0,0.0,0.0,0.0,0.0,0.0,0.002978160404252168,0.0,0.0,0.0,0.0,0.0,0.0,0.0,0.0,0.0,0.0,0.0,0.0,0.0,0.0,0.0,0.0,0.0,0.0,0.0,0.0,0.0,0.0,0.0,0.0,0.0,0.0,0.0,0.0,0.0,0.0,0.0,0.0,0.0,0.0,0.0,0.0,0.0,0.0,0.0
ATCAGACGGCACGCCG-1,0.5694589365451243,0.11935524688629065,0.06945886280176182,0.027410253180307553,0.028032917092351065,0.0,0.008874526530809758,0.012338845301652347,0.0,0.012270649202406302,0.016824917801936082,0.03876942198284858,0.0,0.027956741961176545,0.018723126879872362,0.010420011407609248,0.0,0.0,0.0,0.09167658239230266,0.0,0.009444492945971399,0.0,0.0,0.0,0.01106692491034392,0.002514781395078316,0.0,0.0,0.0,0.0,0.0,0.0,0.0,0.0,0.0,0.0,0.0,0.0,0.0,0.0,0.0,0.0,0.0,0.0,0.0,0.0,0.0,0.0,0.0,0.0,0.0,0.0,0.0,0.0,0.0,0.0,0.008508631651691462,0.008508631651691462,0.0,0.0,0.0,0.0,0.0,0.0,0.0,0.0,0.0,0.0,0.0,0.0,0.0,0.0,0.0,0.0,0.0,0.0,0.0,0.0,0.0,0.0,0.0,0.0,0.0,0.0,0.0,0.0,0.0,0.0,0.005308297537267953,0.0,0.0,0.0,0.0,0.0,0.0,0.0,0.0,0.0,0.0,0.0,0.0,0.0,0.0,0.0,0.0,0.0,0.0,0.0,0.0,0.0,0.0,0.0,0.0,0.0,0.0,0.0,0.0,0.0
ATCATCCAATATTTGT-1,0.6050920826426627,0.28244092845678553,0.02633148753014177,0.011028298597420483,0.02696306147050076,0.012704474477733593,0.02711388609374558,0.0009073940572002962,0.0,0.0,0.0037266912250078056,0.0,0.0,0.0,0.014020904294461352,0.0,0.010136921639150967,0.0,0.0,0.0,0.0,0.004032811859951329,0.0,0.0,0.0,0.0,0.0,0.0,0.0,0.0,0.0,0.0,0.011133771619281904,0.041313914393512466,0.0,0.0,0.0,0.0,0.0,0.0,0.0,0.0,0.0,0.0,0.0,0.0,0.0,0.0,0.0,0.0,0.0,0.0,0.0,0.0,0.0,0.0,0.0,0.0,0.0,0.0,0.0,0.0,0.0,0.0,0.0,0.0,0.0,0.0,0.0,0.0,0.0,0.0,0.0,0.0,0.0,0.0,0.0,0.0013773578170665002,0.0,0.0,0.0,0.0,0.0,0.0,0.0,0.0,0.0,0.0,0.0,0.0,0.0,0.0,0.0,0.0,0.0,0.0,0.0,0.0,0.0,0.0,0.0,0.0,0.0,0.0,0.0,0.0,0.0,0.0,0.0,0.0,0.0,0.0,0.0,0.0,0.0,0.0,0.0,0.0,0.0
ATCCAATGGAGGGTCC-1,1.4953435629519554,0.6885369224729532,0.17923607825527813,0.005367015687351922,0.08783448199213548,0.0397458366181706,0.14699317182036323,0.043681865848641886,0.07774272536205533,0.05291658376234067,0.0,0.017451091747096373,0.0,0.0,0.009987931585155346,0.004874281693413243,0.0,0.0,0.01892285025712672,0.0,0.0,0.005406726853464989,0.011535104204338405,0.0052031513804311515,0.0,0.007171849029787337,0.0015698887896471272,0.0,0.0,0.0,0.040734883438980886,0.0,0.004871459268440045,0.0,0.0,0.021854390963164497,0.0,0.0,0.0,0.0,0.0,0.0,0.0,0.002862619044919339,0.0,0.0,0.0,0.004218208780574798,0.0,0.0,0.0026238149238240176,0.0,0.0,0.0,0.006480770824197836,0.0,0.0,0.0,0.0,0.0,0.0,0.0,0.0031391731151999,0.002653225267381621,0.0,0.010006981542266752,0.0,0.0,0.0,0.0035816214379990846,0.0,0.0,0.0,0.0,0.0,0.0,0.0,0.0,0.0,0.0,0.0,0.0,0.0,0.0,0.0,0.0,0.0,0.0,0.0,0.0,0.0,0.0,0.0,0.0,0.0,0.0,0.0,0.0034495392226849804,0.0,0.0,0.0,0.0,0.0,0.0,0.0,0.0,0.0,0.0,0.0,0.0,0.0,0.0,0.0,0.0,0.0,0.0,0.0,0.0,0.0
ATCCAATGGTACCGAA-1,0.04184958929156614,0.023960916966205992,0.019042229282461524,0.0007795235940959535,0.0,0.00032698735671830305,0.011502797271064135,0.0,6.28868320779545e-05,0.00037663258022926574,7.088193287105688e-05,0.0,0.001742573151943212,0.014965205570489278,0.007069893435474331,0.0002906123629949799,0.01007366256967413,0.005852923251328833,0.0,0.014848807227666369,0.002861565800439714,0.0006280853155617496,0.0,0.0019201647375376937,0.0,0.0,0.0,0.0,0.0,0.025480773628578406,0.0,0.013496738368661196,0.0,0.00020862331691194234,0.0,0.0,0.0,0.0,0.017687472983530562,0.0036177989822634275,0.00029316563894333744,0.0013516837318316385,0.0,4.627149108706377e-05,0.0,0.0,0.0002057563743818083,6.21503359618352e-05,0.0,0.00023946370354823614,0.00998214266571296,0.0,0.004177875114955445,0.0,0.0009763728230713291,6.21503359618352e-05,0.0008891925687280154,0.0,0.0,0.00047683820327887544,5.013889508116062e-05,0.0,0.0,0.00028535897457802385,0.0,0.0,0.00021825560629504172,0.0,0.0,0.0003495929571265367,0.0,0.0,3.36959732047443e-05,0.0,0.00043911834529075476,0.0,0.0,0.0,0.0,0.0,0.0,0.0,9.030495595162417e-05,0.0,0.0,0.0,6.477514304606779e-06,0.0,0.0006661584828882145,0.0,0.0,0.0,0.0,0.0,0.0,0.0,0.0,0.0,0.0,0.0,0.0,0.0013030802100108194,0.00014060545756149664,0.0,0.0,0.0,0.0,0.0,0.0,0.0,0.0,0.0,0.0,0.0,0.0,0.00021761485180834335,0.0,0.0004584380311774943,0.0
ATCCAGAGCAACAACC-1,0.6297679459061425,0.24210146316723957,0.275096934619606,0.09413438820146063,0.06266663990803598,0.007929072410368717,0.00785266278489573,0.07997388340730469,0.00188822820945166,0.002897708545548197,0.14636871078034627,0.008094862220108542,0.03371849170325677,0.028311599944974175,0.015160121144963927,0.013166819653334993,0.01651058938822427,0.0,0.0,0.01929450728587788,0.0,0.008747144051716421,0.0,0.0,0.009942550450822835,0.0,0.0014133974462039556,0.0,0.0,0.006039383471566685,0.0,0.0,0.00113144146884794,0.0,0.030297525324746995,0.0,0.0,0.0012923165338132986,0.014713927017686703,0.0012245958003899464,0.0,0.0,0.0,0.003574972757760947,0.0,0.0,0.004179414772076487,0.00017347580461543315,0.0,0.0033498948686343354,0.0,0.0,0.003020137809772871,0.0,0.0,0.0,0.0007010564759909149,0.0,0.0,0.0011138180999563582,0.0,0.0,0.0,0.0006544071547581477,0.0,0.0,0.0,0.0,0.0,0.0011260022542236624,0.0,0.0,0.003631160467002635,0.0,0.0,0.0023832884415698244,0.0,0.0010241930213567548,0.0,0.0,0.0,0.0,0.00238480921920232,0.0,0.0,0.0,0.0006894253356227937,0.0,0.0018482774914009032,0.0,0.0006300567657759171,0.0003069507682876917,0.0,0.0,0.0,0.0,0.0,0.0,0.0,0.0,0.0,0.0,0.0,0.0,0.0,0.0,0.0,0.0,0.0,0.0,0.0,0.0,0.0,0.0,0.0003069507682876917,0.0,0.00026856640072552316,0.0,0.0
ATCCAGGATTCGTGAA-1,0.6823462850900281,0.11440796948139212,0.11588899073259695,0.16918879744309223,0.05909913728894274,0.018365811431260697,0.0,0.018640395269324435,0.007761283238776506,0.0086283824295911,0.015701919608997902,0.0,0.0,0.0,0.0,0.0,0.06721929879977881,0.0,0.0,0.0,0.0,0.0,0.0,0.0,0.0,0.0,0.0,0.0,0.0,0.0,0.0,0.0,0.0,0.0,0.0,0.0,0.0,0.0,0.019556267536202092,0.0,0.0,0.0,0.0,0.0,0.0,0.0,0.0,0.0,0.0,0.0,0.0,0.0,0.0,0.008588878100885022,0.0,0.0,0.0,0.0,0.0,0.0,0.0,0.0,0.0,0.0,0.0,0.0,0.0,0.0,0.0,0.0,0.0,0.0,0.0,0.0,0.0,0.0,0.0,0.0,0.0,0.0,0.0,0.0,0.0,0.0,0.0,0.0,0.0,0.0,0.0,0.0,0.0,0.0,0.0,0.0,0.0,0.0,0.0,0.0,0.0,0.0,0.0,0.0,0.0,0.0,0.0,0.0,0.0,0.0,0.0,0.0,0.0,0.0,0.0,0.0,0.0,0.0,0.0,0.0,0.0
ATCCTACCTAAGCTCT-1,0.17062946658647826,0.10626623334517783,0.07894659600063848,0.032944571084125324,0.034010980686253446,0.029683915485858678,0.030866883696356207,0.013420582741285502,0.01062955602494364,0.009091695399904447,0.008157969464876963,0.0386018935146131,0.0,0.0,0.0,0.0,0.005029477359443944,0.0,0.0,0.0,0.0,0.0,0.0,0.0,0.0,0.0,0.005473365105254701,0.0,0.0,0.015170701765643526,0.0,0.0,0.0,0.0,0.0,0.0,0.0,0.0,0.0,0.0,0.0,0.0,0.0,0.005029477359443944,0.0,0.0,0.0,0.010058954718887889,0.0,0.006600831592950772,0.0,0.0,0.005029477359443944,0.0,0.0,0.0,0.0,0.005029477359443944,0.008569870172692754,0.0,0.0,0.0,0.0,0.0,0.0,0.0,0.0,0.0,0.0,0.0,0.0,0.0,0.0,0.0,0.0,0.0,0.0,0.0,0.0,0.0,0.0,0.0,0.0,0.0,0.0,0.0,0.0,0.0,0.0,0.0,0.0,0.0,0.0,0.0,0.0,0.0,0.0,0.0,0.0,0.0,0.0,0.0,0.0,0.0,0.0,0.0,0.0,0.0,0.0,0.0,0.0,0.0,0.0,0.0,0.0,0.0,0.0,0.0,0.0
ATCCTGAATCGCTGCG-1,0.6162528154736548,0.0,0.13943239094609872,0.04986394268595353,0.026101792301782643,0.017279098168607288,0.0,0.03969399758785431,0.005292073353089444,0.013741996150126366,0.02316816028725508,0.0,0.0,0.0,0.02022555089124623,0.0,0.01257122057882751,0.0,0.0,0.0,0.0,0.0,0.0,0.0,0.0,0.008468303007969694,0.0,0.0,0.05718784350473081,0.01689312381389085,0.0,0.0,0.0,0.0,0.0,0.0,0.0,0.0,0.0,0.0,0.0,0.0,0.0,0.0,0.0,0.0,0.0,0.0,0.010428441170405296,0.0,0.0,0.0,0.0,0.0,0.0,0.0,0.0,0.0,0.0,0.005183774934728676,0.0,0.0,0.0,0.0,0.0,0.0,0.0,0.0,0.0,0.0,0.0,0.0,0.0,0.007518676660986791,0.0,0.0,0.0,0.0,0.0,0.0,0.0,0.0,0.0,0.0,0.0,0.007518676660986791,0.0,0.0,0.0,0.0,0.0,0.0,0.0,0.0,0.0,0.0,0.0,0.0,0.0,0.0,0.0,0.0,0.0,0.0,0.0,0.0,0.0,0.0,0.0,0.0,0.0,0.0,0.0,0.0,0.0,0.0,0.0,0.0,0.0
ATCCTGCGTGGAATGG-1,0.8180669624108504,0.24441007239400747,0.05488782518264834,0.08075954259243416,0.07779825599814426,0.06459849853995252,0.02695267743240231,0.020859013182021213,0.0,0.0,0.02240470694578623,0.0,0.02352487085201834,0.0,0.0,0.00285293092311825,0.011303306872567311,0.0,0.0,0.0,0.0,0.0,0.0,0.0,0.0,0.0,0.0,0.0,0.0,0.010263477965214755,0.0,0.0,0.0,0.0,0.0,0.0,0.0,0.0,0.0,0.0,0.0,0.0,0.0,0.0,0.0,0.0,0.0,0.0,0.0,0.0,0.0,0.0,0.0,0.0,0.0,0.0,0.0,0.0,0.0,0.0,0.0,0.0,0.0,0.0,0.0,0.0,0.0,0.0,0.0,0.0,0.0,0.006402758785712735,0.0,0.0,0.0,0.0,0.0,0.0,0.0,0.0,0.0,0.0,0.0,0.0,0.0,0.0,0.0,0.0,0.0,0.0,0.0,0.0,0.0,0.0,0.0,0.0,0.0,0.0,0.0,0.0,0.0,0.0,0.0,0.0,0.0,0.0,0.0,0.0,0.0,0.0,0.0,0.0,0.0,0.0,0.0,0.0,0.0,0.0,0.0
ATCGACCCAATACAGA-1,0.8372931831723027,0.331340988685398,0.42983557451765597,0.1553373533071425,0.07157861463218083,0.11292025776973012,0.01264596733269967,0.04398975467537505,0.018942695220943176,0.01083520636624196,0.04402553201928523,0.0,0.04104070549988302,0.011288633481531928,0.013973446024247983,0.002307710032588323,0.020644874703957365,0.008657474147174833,0.010900176349991221,0.009564651992332054,0.0,0.012879670159912898,0.02881730585905382,0.010238764334391767,0.0,0.0,0.013782275137340892,0.0,0.0,0.00526506372948652,0.0,0.0,0.003363175511569189,0.0,0.014301745960896181,0.00430605100413641,0.0,0.0,0.0,0.0,0.0,0.0013842089873263397,0.04727684353446676,0.0,0.0,0.0,0.0,0.0,0.00240800953142992,0.001881805878564619,0.0,0.0,0.0,0.0009567396564857996,0.0,0.00481601906285984,0.0,0.0,0.0,0.0008608760034514453,0.0,0.0,0.003174360775186858,0.0,0.0,0.0,0.0,0.0023962294641082164,0.000611551476999682,0.0,0.0,0.0,0.0,0.0,0.013147399824343483,0.0,0.0,0.0,0.0,0.0009567396564857996,0.0,0.0,0.0015017793546530179,0.0023425329191684194,0.0,0.0,0.0,0.0,0.0,0.0,0.0,0.0,0.0,0.0,0.0,0.0,0.0,0.0,0.006935253577136878,0.0,0.0,0.0,0.0035448349463813715,0.0,0.0,0.0,0.0,0.0,0.0,0.0,0.0,0.0,0.0,0.0,0.0,0.0,0.0,0.0,0.0
ATCGGTTACCTAGTAA-1,0.11836777384609695,0.11188368150556662,0.08025165897507389,0.007190469309703684,0.0,0.0033222863162708453,0.0,0.0,0.0,0.0,0.008670020701195335,0.0,9.875240983525512e-05,0.0,0.003988582668853936,0.0016296957193534896,0.019020473772220096,0.013589069635203446,0.0,0.0,0.0,0.0030495856394935836,0.00867898318215005,0.0030972792591341964,0.0,0.0,0.0,0.0,0.0,0.013123767835301108,0.0,0.0,0.0015775929968819297,0.0,0.0011447891704271145,0.0,0.0,0.0,0.0,0.005178640398852897,0.0,0.0,0.0,0.0028651249987740363,0.0,0.0,0.0,0.0,0.0,0.0,0.007506232489962302,0.0,0.0019147230249171511,0.0,0.0,0.0022730118578546347,0.0,0.0,0.0,0.0025148646222876965,0.0,0.0,0.0,0.0,0.0034440445269099955,0.0,0.0,0.0,0.0,0.0024259918440654323,0.0,0.0,9.179517797766471e-05,0.0,0.0,0.0,0.0,0.0,0.0,0.0004410870679546124,0.0,0.0,0.0,0.0,0.0,0.0,0.0,0.0,0.0,0.0,0.0,0.0,0.0,0.0,0.0,0.0,0.0007019275217891688,0.00024190452336011523,0.0,0.0,0.0,0.0,0.0,0.0,0.0,0.0,0.0,0.0,0.0,0.0,0.0,0.0,0.0,0.0,0.0,0.0,0.0,0.0,0.0
ATGAAGCCAAGGAGCC-1,0.5409965698936798,0.17399212020466268,0.09547211048442449,0.058711957217204555,0.0652710698569742,0.04477410216987952,0.0067522850079089715,0.021920349679705818,0.0,0.0,0.013212145724929722,0.0,0.0,0.0,0.007442606221253573,0.010098537711116488,0.00831025443715765,0.0,0.03877412248697862,0.0,0.03577201338860311,0.0,0.01098591388833442,0.0,0.0,0.0,0.0,0.0,0.0,0.0,0.0,0.0,0.0,0.0,0.0,0.0,0.035755957432421825,0.0,0.0,0.0,0.0,0.0,0.0,0.0,0.0,0.0,0.00521637438465827,0.0,0.0,0.0,0.0,0.0,0.0,0.0,0.0,0.0,0.0,0.00576953950367615,0.0,0.0,0.0023841717876765785,0.0,0.0,0.0,0.0,0.0,0.0,0.0,0.0,0.0,0.00576953950367615,0.0,0.0,0.0,0.0,0.0,0.0,0.0,0.0,0.0,0.0,0.0,0.0,0.0,0.0,0.0,0.0,0.0,0.0,0.0,0.0,0.0,0.0,0.0,0.0,0.0,0.0,0.0,0.0,0.0,0.0,0.0,0.0,0.0,0.0,0.0,0.0,0.0,0.0,0.0,0.0,0.0,0.0,0.0,0.0,0.0,0.0,0.0,0.0
ATGACGCGTTCTATCC-1,0.015918032782483087,0.007912648988013622,0.022438257074356878,0.0,0.0,0.001776218173611275,0.009544347195412115,0.008389437575996958,0.0015331734126570276,0.0007024580617274272,0.0002927567799322008,0.0,0.0,0.026349209233073854,0.017453600295982783,0.0,0.03191893306816485,0.0029673903545590617,0.0,0.0,0.01617323888274468,0.0037383351098956167,0.0,0.0029898002068182187,0.0,0.015580781523357292,0.0,0.0,0.0012255595223463372,0.00456562507284088,0.0,0.016660295662868477,0.0,0.001593110263900094,0.0,0.0,0.0,0.0008602745515070734,0.015427385376799328,0.003099715121119057,0.00020444551804729615,0.0022449503071043145,0.0,0.0,0.0,0.0,0.0006326398250617484,0.0,0.0,0.0004502492635798048,0.0,0.0,0.0019192629318839924,0.0,0.00016779302719359057,0.0,0.0018704901404693526,0.0,0.0,0.0,0.000979843377506527,0.0,0.0,0.00034581403432746546,0.0,0.0,0.00018446653034148657,0.0,0.0,0.0,0.0,0.0,0.0,0.0,0.0006097555171722014,0.0,0.0,0.0,0.0,0.0,0.0,0.0,0.00023736707508340672,0.0,0.0,0.0,0.0,0.0,0.0,0.0,0.0,0.0,0.0,0.0,0.0,0.0,0.0,0.0001965984473544904,0.0,6.895046015911117e-05,0.0,0.0,0.00018369435964614943,0.0,0.0,0.0,0.0,0.0,0.000552875716806005,0.0,0.0,0.0,0.0,0.0,0.0,0.0,0.0,0.0,0.0
ATGAGGAGTGTTAATC-1,0.655190707977868,0.08917462350985135,0.04717240623867774,0.04579996767696169,0.0611857535636566,0.03543067349224396,0.09055355348448106,0.0027162372805385406,0.08414285259688362,0.0,0.008185720200059109,0.026177149887534407,0.0,0.0,0.0,0.016496411501564584,0.0,0.0,0.0,0.0,0.0,0.0,0.0,0.0,0.0,0.0,0.003517984064369303,0.0,0.0,0.0,0.0,0.0,0.008169261949550323,0.0,0.0,0.0,0.0,0.0,0.0,0.007216777182906685,0.0,0.0,0.0,0.0,0.0,0.0,0.0,0.0,0.0,0.0,0.0,0.0,0.0,0.0064196319161903635,0.0,0.0,0.0,0.0,0.0,0.0,0.0,0.0,0.0,0.0,0.0,0.0,0.0,0.0,0.0,0.0034093536780029437,0.0,0.0,0.0,0.0,0.0,0.0,0.0,0.0,0.0,0.0,0.0,0.0,0.0,0.0,0.0,0.0,0.0,0.0,0.0,0.0,0.0,0.0,0.0,0.0,0.0,0.0,0.0,0.0,0.0,0.0,0.0,0.0,0.0,0.0,0.0,0.0,0.0,0.0,0.0,0.0,0.0,0.0,0.0,0.0,0.0,0.0,0.0,0.0,0.0
ATGATCGGGAATAGAC-1,0.27322002562289344,0.07361975115357546,0.03469352012556857,0.0,0.0,0.008973508501343007,0.01982001888162481,0.040026739494296,0.0,0.0,0.0,0.0,0.0060546325747415555,0.0,0.0,0.0,0.0,0.0,0.0,0.0,0.0,0.0,0.0,0.0,0.0,0.0,0.0,0.0,0.0,0.0,0.03837272091768364,0.0,0.0,0.0,0.0,0.0,0.0,0.002864699621998413,0.0,0.0,0.006523375341487122,0.0,0.0,0.0,0.0050316707358383774,0.005549732589884633,0.0,0.0,0.0,0.0,0.0,0.0,0.0,0.0,0.0,0.0,0.0,0.0,0.0,0.0,0.0,0.0,0.0,0.0,0.0,0.009066963584761544,0.0,0.0,0.0,0.0,0.0,0.0,0.0,0.0,0.0,0.0,0.0,0.0,0.0,0.0,0.0,0.0,0.0,0.0,0.0,0.0,0.0,0.0,0.0,0.0,0.0,0.0,0.0,0.0,0.0,0.0,0.0,0.0,0.0,0.0,0.0,0.0,0.0,0.0,0.0,0.0,0.0,0.0,0.0,0.0,0.0,0.0,0.0,0.0,0.0,0.0,0.0,0.0,0.0
ATGATGCAATGGTACA-1,0.19399800964335412,0.15419238370511248,0.0,0.0,0.06317616227236772,0.02104462720506075,0.09372253934723271,0.04157370050825982,0.09606511767817837,0.0,0.0,0.0,0.0,0.0,0.006694723571733532,0.004365651245309524,0.0,0.0,0.0,0.0,0.0,0.009272663819022137,0.0,0.0,0.0,0.0,0.0,0.0,0.0,0.0,0.0,0.0,0.0059971388003251126,0.0,0.0,0.030717026489470382,0.0,0.0,0.0,0.0,0.0,0.0,0.0,0.0,0.0,0.0,0.0,0.0059971388003251126,0.0,0.0,0.0,0.0,0.0,0.0,0.0,0.011994277600650225,0.0,0.0,0.0045080672317845995,0.0,0.0,0.0,0.0,0.0,0.0,0.0,0.0,0.0,0.0,0.0,0.0,0.0,0.0,0.0,0.0,0.0,0.0,0.0,0.0,0.0,0.0,0.0,0.0,0.0,0.0,0.0,0.0,0.0,0.0,0.0,0.0,0.0,0.0,0.0,0.0,0.0,0.0,0.0,0.0,0.0,0.0,0.0,0.0,0.0,0.0,0.0,0.0,0.0,0.0009597197653355077,0.0,0.0,0.0,0.0,0.0,0.0,0.0,0.0,0.0,0.0
ATGCATGATCCAGGAT-1,0.697307118624434,0.18358961697877463,0.0,0.0,0.031198632455693473,0.024730445579843656,0.00592278923632664,0.015554717973936647,0.039613741728769136,0.019634305671197484,0.0,0.0,0.02316103048765332,0.0,0.0,0.0,0.0,0.0,0.0,0.0,0.0,0.0,0.0,0.0,0.0,0.0,0.0039025993859976224,0.0,0.0,0.0,0.0,0.0,0.0,0.0,0.0,0.00843510224280214,0.00430010385734046,0.012727046394425501,0.0,0.0,0.0,0.0,0.0,0.0,0.0,0.00430010385734046,0.0,0.0,0.0,0.012900311572021381,0.0,0.006352401615377054,0.0,0.0,0.0,0.012900311572021381,0.0,0.0,0.0,0.0017202395850300502,0.0,0.0,0.0,0.0,0.0,0.0,0.0,0.0,0.004936136644161437,0.0,0.00430010385734046,0.0,0.0,0.0,0.0,0.0,0.0,0.0,0.0,0.0,0.0,0.0,0.0,0.0,0.0,0.0,0.0,0.0,0.0,0.0,0.0,0.0,0.0,0.0,0.0,0.0,0.0,0.0,0.0,0.0,0.0,0.0,0.0,0.0,0.004804653325112646,0.0,0.0,0.0,0.0,0.0,0.0,0.0,0.0,0.0,0.0,0.0,0.0,0.0,0.0
ATGCGACAGTCCCATT-1,0.2588054705810784,0.015871297793426272,0.07094122226092854,0.009058718985475897,0.02778318855212871,0.010856294309377155,0.005108725270642622,0.006424950560444865,0.029190684399905097,0.0,0.00416632592796186,0.0,0.006721055098518034,0.0,0.004419558722655384,0.0,0.0,0.0,0.0,0.0,0.0,0.0,0.005404756718261453,0.0,0.0,0.0,0.002354847662895709,0.0,0.0,0.019245888179487435,0.0,0.0,0.0,0.0,0.0,0.0,0.0,0.0,0.0,0.0,0.0,0.0,0.0,0.008666332236270965,0.0,0.005792447868217072,0.0,0.0,0.0,0.0,0.0,0.0,0.0,0.0,0.006665272855096664,0.0,0.0,0.0,0.0,0.0,0.0,0.0,0.0,0.0,0.0,0.0,0.0,0.0,0.0,0.0,0.0,0.0,0.0,0.0,0.0,0.0,0.0,0.0,0.0,0.0,0.0,0.0,0.0,0.0,0.0,0.0,0.0,0.0,0.0,0.0,0.0,0.0,0.0,0.0,0.0,0.0,0.0,0.0,0.0,0.0,0.0,0.0,0.0,0.0,0.0,0.0,0.0,0.0,0.0,0.0,0.0,0.0,0.0,0.0,0.0,0.0,0.0,0.0,0.0
ATGCTCAGTGTTGCAT-1,0.3328960524759454,0.2775707717122585,0.057954170104394485,0.0694553667612614,0.07534732020818048,0.0468817307411282,0.04409397872683663,0.0,0.043921648054888435,0.0,0.002988983197542092,0.029374663046896732,0.01012772725001665,0.0,0.0047686752400507015,0.0030713731008306894,0.007411393039270131,0.0,0.0,0.0,0.0,0.005164239294034779,0.0,0.0,0.0,0.0,0.006864924183668332,0.0,0.005926141223838546,0.0,0.0,0.00013636676765442762,0.0,0.0,0.01015815157948749,0.0,0.0,0.008185699377852854,0.0,0.0007793791028116292,0.0,0.0014865254392044819,0.0,0.0,0.0,0.0,0.0,0.0,0.0,0.0,0.0,0.0,0.0,0.0,0.007475978066370235,0.0,0.0,0.0055462271167437535,0.0,0.0,0.0,0.0,0.0,0.0024049822393123936,0.0,0.0,0.0,0.0,0.0,0.0,0.0,0.0,0.0,0.0,0.0,0.0,0.0,0.0,0.0,0.0,0.0,0.0,0.0,0.0,0.0,0.0,0.0004410165416939243,0.0,0.0,0.0,0.0,0.0,0.0,0.0,0.0,0.0,0.0,0.0,0.0,0.0,0.0,0.0,0.0,0.0,0.0,0.0,0.0,0.0,0.0,0.0,0.0,0.0,0.0,0.0,0.0,0.0,0.0,0.0,0.0
ATGGCAGCCGAGAAAC-1,0.25256804294816554,0.20016571281368162,0.04831351798484895,0.020533200555391384,0.017700004293312498,0.008770154558126193,0.026611096191076915,0.0,0.0003694844374273205,0.012684255662926105,0.009985827243527253,0.0,0.001630775523606264,0.0,0.0057478770516211355,0.005489273747167985,0.023021358561342596,0.0,0.0,0.0,0.0,0.004173485863900487,0.0,0.0,0.012740730485778092,0.0,0.0,0.0,0.01148644205801942,0.007611105981422687,0.0,0.00784095252036585,0.0073428283941665605,0.0,0.0,0.0,0.0,0.0,0.0,0.0037579611408123546,0.0,0.008210570938871073,0.0,0.003102492000279819,0.0,0.0,0.001992259026762166,0.0,0.0,0.0,0.005812121654717815,0.0,0.0,0.0,0.0012850007080493742,0.002313519101012014,0.0,0.0,0.0,0.0,0.00040380079569461106,0.0,0.0,0.0008311433266476046,0.0,0.0,0.0010276264104111688,0.0011840843251632975,0.0,0.0,0.0,0.0,0.0,0.0,0.0,0.0,0.0,0.0012271453331378723,0.0,0.0,0.0,0.0,0.00088856587423764,0.0,0.0,0.0,0.00015330126934701672,0.0,0.0,0.0,0.0,0.0,0.0,0.0,0.0,0.0,0.0,0.0,0.0,0.0,0.0,0.0,0.0,0.0,0.0,0.0,0.0,0.0,0.0,0.0,0.0,0.0,0.0,0.0,0.0,0.0,0.0,0.0,0.0
ATGTGAAAGCCTAATG-1,0.3796741620373252,0.27692508839762103,0.12057355138934904,0.0,0.002687479610631289,0.0018004662418139616,0.023188566503922575,0.025582808605125018,0.009045737772972441,0.002192511432417328,0.0007655808952428535,0.0,0.016319162828967282,0.018621864666943287,0.01663156627781189,0.008161630449175191,0.03714460461473982,0.004558564521934105,0.0,0.016509484685782675,0.0,0.0004918596216578075,0.0,0.001957053887726704,0.01841974001178083,0.0,0.0006346829757285374,0.009016935190418246,0.0,0.0,0.009520246981940877,0.017222368763488843,0.0,0.0,0.0,0.0,0.0006037561895112637,0.0,0.0,0.0029992294901556456,0.0,0.0,0.0,0.0006251098849704924,0.0,0.0,0.004031316499317632,0.0019602623400691993,0.0,0.000491973481956109,0.0,0.0011479120377114284,0.0019455390351824809,0.0,0.0,0.00010643225869856002,0.005126164489479075,0.0,0.0,0.0,0.0007522172236250828,0.0,0.0,0.003679354570941233,0.000471234687671639,0.0011399971592611447,0.0,0.00020882868663225687,0.0,0.0,0.0,0.0,0.0026726284236781393,0.0,0.0,0.0014359943732850072,0.0,0.0,0.0,0.00043905680203755546,0.0,6.626849174533648e-05,0.00013253698349067295,0.0,0.0,0.0012166085737106255,0.0001249574268035913,0.0,0.0014806662288558393,0.0,0.0003495186163318998,0.0,0.0,0.0,0.0,0.0,0.00024257792371205466,0.0,0.0,0.00019672597688876308,0.0,0.00013591256272124292,0.0,0.0,0.0,6.626849174533648e-05,0.0,0.0,0.0,0.0,0.0,0.0,0.0,0.0,0.0,0.00015364816748990263,0.0,0.0,0.0
ATGTTCGTCGACCCAC-1,0.4280703890762822,0.37350563505784673,0.11482139088699918,0.052946364149485656,0.04465943760767463,0.01137229060499516,0.04038891074246389,0.031153385306622608,0.013885254078343854,0.04700848657749665,0.03251415993878356,0.01701780830291251,0.020712720258413538,0.0,0.008293971560935462,0.026954223346598215,0.0,0.0,0.0,0.0,0.0,0.0,0.0,0.008950806469017171,0.0,0.0,0.0048464399687001,0.0,0.04618533390885541,0.0,0.0,0.0,0.002138594408744508,0.0299805068363565,0.0,0.01937096740662351,0.0,0.007879626796275631,0.0,0.0,0.0,0.0,0.0,0.0014132385693007038,0.0,0.0,0.0,0.0,0.0,0.011897013065572396,0.0,0.0,0.0028264771386014077,0.0014132385693007038,0.0,0.0,0.0,0.0014132385693007038,0.0,0.006694966118051248,0.0,0.0,0.0032796192186897873,0.0006090232944700478,0.0,0.0,0.0,0.0,0.0007780994761326285,0.0,0.0,0.0,0.0,0.0,0.0,0.009606488711967835,0.0,0.0,0.0,0.0,0.0,0.0,0.0,0.0,0.0,0.0,0.0002370359925254504,0.0,0.0,0.0,0.0,0.0,0.0,0.0,0.0027820556584054936,0.00013414533089473307,0.0011587578434642358,0.0,0.0,0.0,0.0,0.0,0.0,0.0,0.0,0.0,0.0,0.0,0.0,0.0014132385693007038,0.0,0.0,0.0,0.0,0.0,0.00029754222547191846,0.0,0.0,0.0
ATTAAACATGCGGACC-1,0.4623456439689189,0.2740340047097392,0.14682887964618963,0.10412604468362052,0.037424168704868976,0.07082264421282193,0.0,0.023981243790112683,0.0,0.0,0.024259529971072075,0.0,0.0,0.0,0.018504218806746974,0.004267611252669907,0.0,0.07202743207187723,0.012705337123202806,0.0,0.0,0.0,0.02098846345299652,0.01021979873778759,0.0,0.0,0.0,0.0,0.0,0.00845930127885757,0.0,0.0,0.0,0.0,0.0,0.0,0.014994052906310448,0.0,0.0,0.0,0.0,0.0,0.0,0.0,0.0,0.0,0.0,0.0,0.0,0.0,0.0,0.007305606256203904,0.0,0.004229650639428785,0.0,0.0,0.0,0.007522409663400704,0.0,0.0,0.002856724077675202,0.0,0.0,0.0,0.01030488275042821,0.0,0.0,0.0,0.0,0.0,0.0,0.0,0.0,0.0,0.0,0.0,0.0,0.0,0.0,0.0,0.0,0.0,0.0,0.00845930127885757,0.0,0.0,0.0,0.0,0.0,0.0,0.0,0.0,0.0,0.0,0.0,0.0,0.0,0.0,0.0,0.0,0.0,0.0,0.0,0.0,0.0,0.0,0.0,0.0,0.0,0.0,0.0,0.0,0.0,0.0,0.0,0.0,0.0,0.0,0.0
ATTAATACTACGCGGG-1,0.6205675107095422,0.46288028794521735,0.13067961753037574,0.03564765767469598,0.06372564541818988,0.04077914419093846,0.007871072531010288,0.09951839071870282,0.04621178662334228,0.0,0.002475160083782092,0.0,0.013350247071510174,0.011746204665801193,0.02153233022052525,0.0,0.0,0.0,0.0,0.0,0.0,0.0,0.0,0.0,0.0,0.03403539970076122,0.011830308685143422,0.0,0.0015358485185485893,0.0,0.0,0.0,0.0,0.0,0.0,0.005448702406778111,0.0,0.01038516379586556,0.0,0.0,0.0,0.0,0.0,0.003005091249245446,0.023018043360237612,0.010973346624607175,0.0,0.0,0.0,0.0,0.0037253596952865763,0.0,0.0,0.008804042433849326,0.0,0.0,0.0,0.0,0.0,0.0,0.0,0.013783596642895943,0.0,0.0,0.0,0.0,0.0,0.0,0.016755190370740913,0.0,0.0,0.0,0.0,0.0,0.0,0.0,0.0,0.0,0.0,0.0,0.0,0.0,0.0,0.0,0.0,0.0,8.184040828233031e-05,0.0,0.0,0.0,0.0,0.0,0.0,0.0,0.0,0.0,0.0008346956203997795,0.0,0.0,0.0,0.0,0.0,0.0,0.0,0.0,0.0,0.0,0.0,0.0,0.0,0.0,0.0,0.0,0.0,0.0,0.0,0.0,0.0,0.0
ATTACGCGCTGGCAGG-1,0.09540737247893202,0.05592213047441391,0.0,0.0,0.0,0.0,0.006542058368613253,0.0,0.0,0.0,0.0,0.0,0.0,0.018057482898764927,0.0,0.005792893368567392,0.0,0.0,0.0,0.0,0.0,0.0,0.0,0.0,0.0,0.0,0.0,0.0,0.0,0.0,0.0,0.0,0.0,0.0,0.0,0.0,0.0,0.0,0.0,0.0,0.0,0.0,0.0,0.0,0.0,0.0,0.0,0.0,0.0,0.0,0.0,0.0,0.0,0.0,0.0,0.0,0.0,0.0,0.0,0.0,0.0,0.0,0.0,0.0,0.0,0.0,0.0,0.0,0.0,0.0,0.0,0.0,0.0,0.0,0.0,0.0,0.0,0.0,0.0,0.0,0.0,0.0,0.0,0.0,0.0,0.0,0.0,0.0,0.0,0.0,0.0,0.0,0.0,0.0,0.0,0.0,0.0,0.0,0.0,0.0,0.0,0.0,0.0,0.0,0.0,0.0,0.0,0.0,0.0,0.0,0.0,0.0,0.0,0.0,0.0,0.0,0.0,0.0,0.0
ATTAGATTGATAGCGG-1,0.7333554199706576,0.1294176706166699,0.0388999602667002,0.07292710798884715,0.09849106232933583,0.02773307896950608,0.0,0.030375322822430207,0.0,0.0,0.0,0.0,0.021166503770636256,0.0,0.0,0.010315440050742069,0.0,0.0,0.0,0.0,0.0601235518024438,0.0,0.0,0.0,0.0,0.0,0.0009493569461296241,0.0,0.009715980575973088,0.0,0.0,0.0,0.0,0.0,0.0,0.0,0.0,0.0,0.0,0.0,0.0,0.0,0.0,0.0,0.0,0.0,0.0,0.0,0.0,0.0,0.0,0.0,0.0,0.0,0.0,0.0,0.0,0.0,0.0,0.0,0.0021259652018565693,0.012108212776775373,0.0,0.0,0.0,0.0,0.0,0.0,0.0,0.0,0.0,0.0,0.0,0.012108212776775373,0.0,0.0,0.0,0.0,0.0,0.0,0.0,0.0,0.0,0.0,0.0,0.0,0.0,0.0,0.0,0.0,0.0,0.0,0.0,0.0,0.0,0.0,0.0,0.0,0.0,0.0,0.0,0.0,0.0,0.0,0.0,0.0,0.0,0.0,0.0,0.0,0.0,0.0,0.0,0.0,0.0,0.0,0.0,0.0,0.0
ATTATGCCATAGGGAG-1,0.32223350453566374,0.0,0.044863879452683705,0.0934857267144774,0.05320256088909013,0.021874201055945237,0.0,0.01250671700000647,0.0,0.0,0.0,0.025667221964618892,0.03582184213745462,0.0,0.0,0.003661902816596937,0.0,0.018954912357025264,0.0,0.0,0.0,0.0,0.0,0.02069060585056504,0.0,0.0,0.0,0.0,0.0,0.0,0.0,0.0,0.0,0.0,0.0,0.0,0.0,0.0,0.0,0.0,0.0,0.0,0.0,0.0,0.0,0.0,0.0,0.0,0.0,0.0,0.0,0.0,0.0,0.0,0.0,0.0,0.0,0.0,0.0,0.0,0.0,0.012361694140444305,0.0,0.0,0.0,0.0,0.0,0.0,0.0,0.0,0.0,0.0,0.0,0.0,0.0,0.0,0.0,0.0,0.0,0.0,0.0,0.0,0.0,0.0,0.0,0.0,0.0,0.0,0.0,0.0,0.0,0.0,0.0,0.0,0.0,0.0,0.0,0.0,0.0,0.0,0.0,0.0,0.0,0.0,0.0,0.0,0.0,0.0,0.0,0.0,0.0,0.0,0.0,0.0,0.0,0.0,0.0,0.0,0.0
ATTCAGTAGCAGGGTC-1,0.632285392030143,0.6717870567321768,0.11190764270448214,0.13148974550378148,0.1761669991571341,0.05236711290998791,0.015279179846138552,0.0765810258424097,0.028891772289658123,0.017247992731961814,0.02016105836776005,0.03498152227174948,0.0,0.0,0.010326692568804063,0.012847008408434125,0.016230111918884908,0.015834590617985672,0.00868904655375646,0.0,0.01319717397829466,0.0364902290398451,0.01259396881010027,0.010720056454668895,0.0,0.0,0.010703420015706254,0.0,0.0,0.0,0.0,8.429311945891155e-05,0.003128171357654991,0.0,0.0,0.004688264324756803,0.0,0.0,0.0023430920455570613,0.0,0.0,0.0,0.0,0.0,0.0,0.0,0.0,0.007148485871165499,0.0023430920455570613,0.0,0.0,0.0,0.0,0.0,0.0,0.0,0.0,0.003482278947688468,0.0,0.004611642858577728,0.0014481083739651065,0.0,0.0023430920455570613,0.0,0.0,0.0,0.0,0.009581029706362931,0.0032548261961637265,0.00445497455994831,0.0,0.0,0.0,0.0,0.0,0.0,0.0,0.0,0.0,0.0,0.0,0.0,0.0,0.0,0.0,0.0,0.0,0.0,0.0,0.0,0.0015640856788274957,0.0,0.0,0.0,0.0010685397416599117,0.0,0.0,0.0,0.0,0.0,0.0,0.0,0.0,0.0,0.0,0.0,0.0,0.0,0.0,0.0,0.0,0.0,0.0,0.0,0.0,0.0,0.0,0.0,0.0
ATTCATATACTGTCCA-1,0.4188979217972479,0.35910605814096663,0.15509246199637922,0.02819494655000146,0.0,0.04261137610306903,0.03711565863679053,0.027241982073899832,0.04957134165828236,0.0,0.07102216374935247,0.0,0.0,0.019353830246770905,0.0024809546309073824,0.0,0.0,0.0,0.017050765526308576,0.0,0.0,0.015371026774760085,0.019705187233253787,0.0,0.0,0.007321109638678335,0.006359943613857515,0.0,0.0,0.0,0.0,0.0,0.004024184463226741,0.0,0.049312808518597005,0.0,0.0,0.0,0.0,0.0,0.0,0.0,0.0,0.0,0.0,0.0,0.0,0.0,0.004024184463226741,0.0,0.0,0.0,0.0,0.0,0.0,0.0,0.0,0.0,0.004024184463226741,0.0,0.0,0.0,0.0,0.0,0.0028407752433896294,0.0,0.0,0.0,0.0,0.0,0.0,0.0,0.0,0.0,0.0,0.0,0.0,0.0,0.0,0.0,0.0,0.0,0.0,0.0,0.0,0.0,0.0,0.0,0.0,0.0008767238779190305,0.0,0.0,0.0,0.0,0.0,0.0,0.0,0.0,0.0,0.0,0.0,0.0007250277077290943,0.0,0.0,0.0033348010374741653,0.0,0.0,0.0,0.0,0.0,0.0,0.0,0.0,0.0,0.0,0.0,0.0,0.0,0.0
ATTCCCACATAAACAA-1,0.5780446560353231,1.105981293994723,0.23714346170699593,0.08517155545677245,0.15980345270016333,0.06543407359167923,0.08144457425065277,0.03737284959016057,0.10769553758465215,0.024531168476367375,0.014743915280073542,0.016167354397901165,0.03666034649817548,0.0,0.01643683603394281,0.05377104868918528,0.010343585014494781,0.042157610871080914,0.06221443428420727,0.0,0.0,0.026299313918090168,0.03141347253439061,0.02409308523496648,0.0,0.0,0.005810349511207386,0.0,0.0,0.0,0.06673795563229158,0.0002716198554864882,0.004014909317747059,0.0,0.0,0.011949549369269008,0.0,0.026630821573278046,0.0,0.0,0.0022027039200331424,0.0,0.08464455597530644,0.0,0.0,0.0,0.008488736812993457,0.0,0.0,0.004014909317747059,0.0,0.0,0.0,0.0020074546588735296,0.0,0.002930575517779471,0.0,0.02516948921630816,0.0,0.0019056794223339508,0.0033588315880412455,0.0,0.0,0.0,0.0,0.0,0.0,0.015743147460150167,0.00441898044183262,0.0,0.0,0.0,0.0,0.0,0.0,0.0,0.0,0.0,0.0,0.0,0.0,0.0,0.0,0.0,0.0,0.0,0.0009442761940293495,0.0,0.0,0.0,0.002930575517779471,0.0,0.0,0.0,0.0005290618680051883,0.0,0.0,0.0,0.0,0.004267333654353075,0.0,0.0,0.0,0.0,0.0,0.0,0.0,0.0,0.0,0.0,0.0,0.0,0.0,0.0,0.0,0.0,0.0,0.0,0.0
ATTCGACGCCGGGCCT-1,0.06091506503010444,0.09969104424642249,0.0,0.0,0.006655806640342672,0.023373648735825946,0.0,0.014346671683308849,0.0,0.01267882488281823,0.008487060393693104,0.0,0.0,0.02788499939843894,0.011320055903582045,0.003816412638756701,0.0,0.10034380257595138,0.0,0.0,0.044142104738700796,0.0,0.0,0.027033563043781454,0.0,0.009906742045907593,0.0,0.0,0.0,0.0,0.0,0.0,0.0,0.0,0.0,0.0,0.0,0.0,0.0,0.0,0.0,0.0,0.0,0.0,0.0027446414234818662,0.0,0.0,0.0,0.0,0.0,0.0,0.0,0.0,0.0050611801730387216,0.0,0.0,0.0,0.015183540519116166,0.0,0.007660690715693143,0.0,0.0,0.0,0.0,0.0,0.0,0.0,0.0,0.0,0.0,0.0,0.0,0.0,0.0,0.0,0.0,0.0,0.0,0.0,0.0,0.0,0.0,0.0,0.0,0.0,0.0,0.0,0.0,0.0,0.0,0.0,0.0,0.0,0.0,0.0,0.0,0.0,0.0,0.0,0.0,0.0,0.0,0.0,0.0,0.0,0.0,0.0,0.0,0.0,0.0,0.0,0.0,0.0,0.0,0.0,0.0,0.0,0.0,0.0
ATTGCTGCTCCTCCAT-1,0.037883988609633525,0.016024804338252294,0.0,0.0,0.017198001755628287,0.0,0.0,0.0,0.0,0.0,0.0,0.025140916149922497,0.0,0.002741569579860351,0.00502704969808944,0.0,0.0,0.0,0.0,0.03009960575357232,0.0,0.0,0.0,0.0,0.0,0.0,0.0,0.0,0.0,0.0,0.0,0.0,0.0,0.0,0.0,0.0,0.0,0.0,0.0,0.0,0.0,0.0,0.0,0.0,0.0,0.0,0.0,0.0,0.0,0.0,0.0,0.0,0.0,0.0,0.0,0.0,0.0,0.0,0.0,0.0,0.0,0.0,0.0,0.0,0.0,0.0,0.0,0.0,0.0,0.0,0.0,0.0,0.0,0.0,0.0,0.0,0.0,0.0,0.0,0.0,0.0,0.0,0.0,0.0,0.0,0.0,0.0,0.0,0.0,0.0,0.0,0.0,0.0,0.0,0.0,0.0,0.0,0.0,0.0,0.0,0.0,0.0,0.0,0.0,0.0,0.0,0.0,0.0,0.0,0.0,0.0,0.0,0.0,0.0,0.0,0.0,0.0,0.0,0.0
ATTTAACTCGTATTAC-1,0.0,0.0,0.030688012164687688,0.0,0.0,0.0,0.0,0.0,0.0,0.02556708246874518,0.0,0.0,0.0,0.0,0.0,0.0,0.0,0.0,0.0,0.0,0.0,0.0,0.0,0.0,0.0,0.0,0.0018605544609272937,0.0,0.0,0.0,0.0,0.0,0.010891011404493778,0.0,0.0,0.0,0.0,0.0,0.0,0.0,0.0,0.0,0.0,0.008934740784734399,0.0,0.013139051029694237,0.0,0.008934740784734399,0.0,0.0,0.0,0.0,0.0,0.0,0.0,0.0,0.0,0.0,0.008934740784734399,0.0,0.0,0.0,0.0,0.0,0.0,0.0,0.0,0.0,0.0,0.0,0.008934740784734399,0.0,0.0,0.0,0.0,0.0,0.0,0.0,0.0,0.0,0.0,0.0,0.0,0.0,0.0,0.0,0.0,0.0,0.0,0.0,0.0,0.0,0.0,0.0,0.0,0.0,0.0,0.0,0.0,0.0,0.0,0.0,0.0,0.0,0.0,0.0,0.0,0.0,0.0,0.0,0.0,0.0,0.0,0.0,0.0,0.0,0.0,0.0,0.0
ATTTACAGTTTACTGG-1,0.06937465000612751,0.05809233717661092,0.0,0.0,0.020814805106788792,0.0,0.04160712583329089,0.018790158423514017,0.04944817453418754,0.02005537829470662,0.0,0.0,0.052686183823073905,0.015217359282177101,0.03766680322122073,0.010158928119836657,0.0031615780230952123,0.0,0.0,0.0,0.0,0.0,0.0,0.0,0.0,0.00830115915814442,0.0049558282803239045,0.0,0.014613547427782567,0.005250703789107731,0.0,0.0,0.0,0.0,0.0,0.0,0.0,0.0,0.0,0.0,0.003005533595637378,0.0,0.0,0.0,0.0,0.014447338765337898,0.0,0.0,0.0,0.0,0.0,0.0,0.0,0.0,0.0,0.0,0.0,0.005250703789107731,0.0,0.0,0.0,0.0,0.0,0.0,0.006464923175730048,0.0,0.0,0.0,0.0,0.0,0.0,0.005250703789107731,0.0,0.0,0.0,0.0,0.0,0.0,0.0,0.0,0.0,0.0,0.0,0.0,0.0,0.0,0.0,0.0,0.0,0.0,0.0,0.0,0.0,0.005250703789107731,0.0,0.0,0.0,0.0,0.0,0.0,0.0,0.0,0.0,0.0,0.0,0.0,0.0,0.0,0.0,0.0,0.0,0.0,0.0,0.0,0.0,0.0,0.0,0.0,0.0
ATTTCCGGGTTCTGCG-1,0.06627302303646487,0.011911814224103881,0.013008264913689198,0.0,0.00020642075273298515,0.00040830121992803576,0.016768559756479902,0.01767573939402621,0.0008810343508853256,0.0020030464392691,0.002047916457596634,0.0,0.0020558552842418077,0.0034306563373887916,0.013987562022026244,0.0006997818953314316,0.029165403415085358,0.005607982958119189,0.0,0.02409718507618032,0.003265450538251346,0.00371247139966179,0.0,0.00477982641315245,0.018819378022241682,0.0188524025216047,0.0,0.0,0.0008681558491218866,0.009088181465030163,0.009148020207773874,0.024663453862303994,0.0,0.000406964383781249,0.0,0.0,0.0,0.0014424688647841728,0.014864104903901196,0.0008765879657488335,0.0,0.0020759905677641436,0.0,0.0,0.0,0.0,0.00060643770809918,9.350924448002764e-05,0.0,0.0002632389288168639,0.00886386370288516,0.0,0.00412199634287401,0.0,9.350924448002764e-05,0.0032694242166437034,0.00571812055437161,0.0,0.0,0.0,0.0003847998126075045,0.0,0.0,0.0001963354180075137,0.00030959814744162804,0.00022330004050040246,0.0,0.0,0.0,0.0,0.0,0.0,0.0,0.0,0.00028054335937885503,0.0,0.0,0.0,0.0,0.0005437773472664998,0.0,0.005663785480430973,0.0,0.0,0.00024459815588152747,0.0,0.0016560061971476942,0.0,0.0008502739435706357,0.0,0.0,0.00016563062073881376,0.0,0.0,0.0,0.0,0.0,0.0,0.0,0.0,0.0,0.0,0.00010598963706418128,0.0,0.0,0.0,0.0,0.0,0.00012438171413539466,0.0,0.0,0.0,0.00047364298001370634,0.0,0.0,6.78941957321357e-05,9.350924448002764e-05,0.0,0.0
ATTTGCGCGAGTAGCT-1,0.015777801391731395,0.010590962237507894,0.013306807842727872,0.0,0.0,0.0008576331745172097,0.01238433528854207,0.02497416361578168,6.708440551425049e-05,0.002609976302101534,0.0002765996429204988,0.0,0.0044912849570358775,0.008634366657635404,0.016360224947476465,0.0,0.03508439996689648,0.0,0.0,0.025132513613217687,0.01243025812473543,0.0025117288686696496,0.0,0.0,0.0,0.0,0.00013034679217447642,0.0,0.0,0.018696120623573845,0.0,0.0,0.0,0.0013839609637772898,0.0,0.0,0.0,0.0,0.01666103396593405,0.004981660375932635,0.0,3.304133482189878e-05,0.0,0.0,0.0,0.0,0.0,0.0,0.0,0.00010726269875215263,0.0008622175502936735,0.0,0.0020370695445748707,0.0,0.0006945101539599949,0.00035412388393294737,0.0,0.0,0.0,0.0,0.001097232184161661,0.0,0.0,0.00031136645169811786,0.0,0.0,9.257188053362502e-05,0.0,0.0,0.0004897705636065238,0.0,0.0,0.0032836312467150698,0.0,0.0002907615608206189,0.0,0.0,0.0,0.0,0.0003877655925087855,0.0,0.005315774868936409,0.00027507762847726213,0.0,0.0,0.0,0.0006231771777919922,0.0,0.0,0.0,0.0,0.0,0.0,0.0,0.0,0.0,0.0,0.0,0.0,0.0,0.0,0.0,0.0,0.0,0.0,0.0,0.0,0.0,0.0,0.0,0.0,0.0,4.2088405533356964e-05,0.0,0.0,0.0,0.0,0.0,0.00016778240448475895
ATTTGTTCCAGGGCTC-1,0.0,0.0,0.0,0.0,0.0,0.0023217676413076985,0.024195930335104227,0.0,0.061357421029176525,0.0,0.004438721838817793,0.0,0.0,0.0,0.0,0.0,0.0,0.0,0.0,0.0,0.0,0.0,0.0,0.0,0.0,0.0,0.00731212462967487,0.0,0.0,0.0,0.0,0.0,0.005532244273135063,0.0,0.0,0.0,0.0,0.0,0.0,0.0,0.0,0.0,0.0,0.0,0.0,0.005532244273135063,0.009067820374099755,0.0,0.0,0.0,0.0,0.0,0.0,0.0,0.008804677839926148,0.0,0.0,0.0,0.0,0.0,0.0,0.0,0.0,0.0,0.0,0.0,0.0,0.0,0.0,0.0,0.0,0.0,0.0,0.0,0.0,0.0,0.0,0.0,0.0,0.0,0.0,0.0,0.0,0.0,0.0,0.0,0.0,0.0,0.0,0.0,0.0,0.0,0.0,0.0,0.0,0.0,0.0,0.0,0.0,0.0,0.0,0.0,0.0,0.0,0.0,0.0,0.0,0.0,0.0,0.0,0.0,0.0,0.0,0.0,0.0,0.0,0.0,0.0,0.0
CAAACGAGTATCGCAG-1,0.9985563610330758,0.20284428608824065,0.20981206807192926,0.0877111649387762,0.07790832858170725,0.07136767985488955,0.02519573231410664,0.06782792154097286,0.0,0.0,0.01840355053772569,0.0722837966126619,0.0,0.0,0.015835287401523738,0.006506949410637155,0.0,0.0,0.0,0.0,0.0,0.011501725860396958,0.0,0.0,0.0,0.0,0.0,0.0,0.0,0.0,0.0,0.0,0.0,0.0,0.0,0.0,0.0,0.0,0.0,0.0,0.0,0.0,0.0,0.0,0.0,0.0,0.0,0.0,0.0,0.007748743643813661,0.0,0.0,0.0,0.0,0.0,0.0,0.0,0.0,0.007748743643813661,0.0,0.0,0.0,0.0,0.0,0.0,0.0,0.0,0.0,0.0,0.0,0.0,0.0,0.0,0.0,0.0,0.0,0.0,0.007748743643813661,0.0,0.0,0.0,0.0,0.0,0.0,0.0,0.0,0.0,0.0,0.0,0.0,0.0,0.0,0.0,0.0,0.0,0.004469022031101725,0.0,0.0,0.0,0.0,0.0,0.0,0.0,0.0,0.0,0.0,0.0,0.0,0.0,0.0,0.0,0.0,0.0,0.0,0.0,0.0,0.0,0.0,0.0
CAAACGGTCGCACTTT-1,0.5205102159814853,0.0,0.11505910054564729,0.052869367007986556,0.0659020268969087,0.0,0.023265651284973956,0.0,0.04651868644684379,0.0,0.0,0.0,0.026010751764147046,0.0,0.0,0.0079531555733528,0.0,0.0,0.0,0.0,0.0,0.006114114201178976,0.0,0.0,0.0,0.0,0.0,0.0,0.0,0.0,0.0,0.0,0.0,0.0,0.0,0.0,0.0,0.0,0.01359604670900178,0.0,0.0,0.0,0.0,0.007097057856597099,0.0,0.014194115713194198,0.0,0.0,0.012294351807583474,0.0,0.0,0.0,0.0,0.0,0.0,0.0,0.0,0.0,0.0,0.0,0.0,0.0,0.0,0.0,0.0,0.0,0.0,0.0,0.0,0.0,0.0,0.0,0.0,0.0,0.0,0.0,0.0,0.0,0.0,0.0,0.0,0.0,0.0,0.0,0.0,0.0,0.0,0.0,0.0,0.0,0.0,0.0,0.0,0.0,0.0,0.0,0.0,0.0,0.0,0.0,0.0,0.0,0.0,0.0,0.0,0.0,0.0,0.0,0.0,0.0,0.0,0.0,0.0,0.0,0.0,0.0,0.0,0.0,0.0
CAAATCTCTCACAAGG-1,0.2642164642074821,0.2627274265386041,0.12414570889852712,0.006084056957501875,0.008160776111760411,0.0021932362515933524,0.09838601882281434,0.021954393292579,0.08004900367965091,0.17685874752079347,0.0010610582160865386,0.0,0.0,0.03000696851502203,0.015002530720646376,0.022667775178061348,0.0072435487719873706,0.0,0.004060491927354501,0.0,0.014528477274408818,0.005050774347276098,0.006871178365780607,0.0,0.0,0.0,0.002188348108185417,0.0,0.0,0.0,0.0,0.0,0.0,0.0,0.0,0.0,0.04233445230206937,0.0,0.0,0.0,0.0,0.0,0.0,0.0,0.0,0.0,0.0082240234907394,0.0,0.0,0.005625708178792302,0.0,0.011884220029659475,0.0,0.0,0.0,0.0,0.0,0.0,0.003199319924903374,0.0,0.0004985847711926056,0.0,0.0,0.004948534604894075,0.0,0.0,0.0012928187953664674,0.00018455755234669956,0.0,0.0,0.0,0.0,0.0001796710802500207,0.0,0.0,0.0,0.0,0.0,0.0,0.0,0.0,0.0,0.0,0.0,0.0,0.0,0.0005115168516731211,0.0,0.0,0.0014149662883933805,0.0,0.0,0.0,0.0,0.0,0.0,0.0,0.0,0.0,0.0,0.0,0.0,0.0,0.0,0.0,0.0,0.0,0.0,0.0,0.0,0.0,0.0007536643732811933,0.0,0.0,0.0,0.0,0.0,0.0,0.0
CAAATGTCCTTCCGTG-1,0.28366700108637805,0.13727074274021922,0.1258807524560522,0.06890553015429025,0.04051150671990891,0.03773518266749858,0.007190333215231337,0.002988863490188097,0.008302824195013754,0.016640477526504275,0.017744943534206907,0.01770566319512864,0.05505747617864566,0.0,0.0,0.005768112654167889,0.012082717048766341,0.0,0.0,0.0,0.0,0.007165742104868657,0.0,0.0,0.0,0.0,0.0,0.0,0.0,0.004157026257856292,0.0,0.0,0.0,0.0,0.031081886116558155,0.0,0.0,0.0,0.0,0.0,0.0,0.0,0.0,0.008314052515712584,0.0,0.0,0.007579375988940872,0.0,0.004157026257856292,0.0,0.0,0.0,0.0,0.0,0.007518785910158668,0.0,0.0,0.0,0.0,0.0,0.00260699224379773,0.0,0.0,0.0,0.0,0.0,0.0,0.0,0.0,0.0,0.0,0.0,0.0,0.0,0.0,0.0,0.0,0.0,0.0,0.0,0.0,0.0,0.0,0.0,0.0,0.0,0.0,0.0,0.0,0.0,0.0,0.0,0.0,0.0,0.0,0.0036260464152752902,0.0,0.0,0.0,0.0,0.0,0.0,0.0,0.0,0.0,0.0,0.0,0.0,0.0,0.0,0.0,0.0,0.0,0.0,0.0,0.0,0.0,0.0,0.0
CAACGACCCGTTTACA-1,1.3469584601855527,0.2543758380406155,0.12775228099526573,0.08394366043770138,0.2397533229548354,0.026218322728807704,0.0,0.036138602255693486,0.0,0.0,0.004528914199669403,0.0,0.0,0.0,0.006154145792579498,0.014519694138466885,0.0,0.0,0.0,0.0,0.051745000082130906,0.0,0.0,0.0,0.0,0.0,0.0015287383287587023,0.0,0.0,0.0,0.0,0.0,0.016019164381603328,0.0,0.0,0.0,0.0,0.0,0.0,0.004404088609325396,0.0,0.0,0.0,0.0,0.0,0.0,0.0,0.0,0.0,0.0,0.0,0.0,0.0,0.0,0.0,0.0,0.0,0.0,0.0,0.0,0.0028634862904159926,0.010111755883821499,0.0,0.0,0.0,0.0,0.0,0.005341634291910724,0.0,0.0,0.0,0.0,0.0,0.0,0.0,0.0,0.0,0.0,0.0,0.0,0.0,0.0,0.0,0.0,0.0,0.0,0.0,0.0,0.0,0.0,0.0,0.0,0.0,0.0,0.0,0.0,0.0,0.0,0.0,0.0,0.0,0.0,0.0,0.0,0.0,0.0,0.0,0.0,0.0,0.0,0.0,0.0,0.0,0.0,0.0,0.0,0.0,0.0,0.0
CAACTGCTCATCCGAT-1,0.02622140126180148,0.011946024305507225,0.027773553819559302,0.0,0.0,0.0006853314679055884,0.011026347529184329,0.022229662619610135,2.0943548400299404e-05,0.0020664939884919324,0.00015826278772956614,0.0,0.014041780562785782,0.010799469229797888,0.01305231358788577,0.0,0.030470293774923874,0.0054124093817100585,0.0,0.007107992694788349,0.002813584616536922,0.0,0.0,0.005396462048828082,0.0,0.0019359824003536315,0.0,0.0,0.0,0.009278582132481249,0.006092955615064797,0.0,0.0,0.0,0.0,0.0,0.0,0.0,0.0011554606471106971,0.0030785778418815917,0.0,0.0024646106063521307,0.0,0.0,0.003029342961913483,0.0,0.0,0.0,0.0,0.0005623868196473595,0.0,0.0,0.0027017098577430503,0.0,0.0,0.00038694977366224596,0.0005930554816635964,0.0,0.0,0.00030970367812832003,0.0006112757905278312,0.0,0.0,0.0005642294692093917,0.0,0.0,6.431387654276671e-05,0.0,0.0,0.0,0.0,0.0,0.0,0.0,0.0,0.0,0.0,0.0,0.0,0.0,0.0,0.0,0.0,0.0,0.0,0.0,0.00020774234335674602,0.0,0.0,0.0,0.0,0.0,0.0,0.0,0.0,0.0,5.345518705679328e-05,0.0,0.0,0.0,0.0,0.0,0.0,0.0,0.0,0.0,0.0,0.0,0.0,0.0,0.0,0.0,0.0005623868196473595,0.0,0.0,8.670627975172582e-05,0.0,0.0,0.0002474729346938105
CAAGCACCAAATGCCT-1,0.1598850166378643,0.04681333119309179,0.0,0.0,0.008480641377610202,0.011603183440443145,0.022704558735865157,0.0,0.0,0.0,0.002105054656222887,0.0,0.0,0.0,0.0,0.0,0.0,0.0,0.0,0.0,0.02512255448784558,0.0,0.0,0.0,0.0,0.0,0.0015482252068924444,0.0,0.0,0.0,0.0,0.0,0.0,0.0,0.0,0.0,0.0,0.0,0.0,0.0,0.0,0.0,0.0,0.0,0.03244529283064662,0.0,0.0,0.0,0.010408672489515117,0.0,0.0,0.0,0.0,0.0,0.012236279037529788,0.0,0.0,0.0,0.0,0.0,0.0,0.0,0.0,0.0,0.0,0.0,0.0,0.0,0.0,0.0,0.0,0.0,0.0,0.0,0.0,0.0,0.0,0.0,0.0,0.0,0.0,0.0,0.0,0.0,0.0,0.0,0.0,0.0,0.0,0.0,0.0,0.0,0.0,0.0,0.0,0.0,0.0,0.0,0.0,0.0,0.0,0.0,0.0,0.0,0.0,0.0,0.0,0.0,0.0,0.0,0.0,0.0,0.0,0.0,0.0,0.0,0.0,0.0,0.0
CAAGGATCGCATGTTC-1,0.17588116875026158,0.14921755526594527,0.14680524796821653,0.07440278752978674,0.017771473028358728,0.02729217464667769,0.0,0.03145222298229221,0.0,0.0,0.009203477723653656,0.0,0.0,0.0,0.02993385907531972,0.0,0.0,0.0,0.0,0.0,0.0,0.020106996868961304,0.0,0.0,0.0,0.0,0.0,0.0,0.0,0.0,0.0,0.0022346713310441636,0.0131966637879102,0.0,0.0,0.0,0.0,0.0,0.02209951132778394,0.0,0.0,0.0,0.0,0.0,0.0,0.0,0.0,0.0,0.0,0.004231040986150979,0.0,0.0,0.004231040986150979,0.007524277418797876,0.0,0.0,0.0,0.0,0.009829285857595977,0.0,0.0,0.0,0.0,0.0,0.0,0.0,0.0,0.0,0.0,0.0,0.0,0.0,0.0,0.0,0.0,0.0,0.005672386369112324,0.0,0.0,0.0,0.0,0.0,0.0,0.0,0.0,0.0,0.0,0.0,0.0,0.0,0.0,0.0,0.0,0.0,0.0,0.0,0.0,0.0,0.0,0.0,0.0,0.0,0.0,0.0,0.0,0.0,0.0,0.0,0.0,0.0,0.0,0.0,0.0,0.0,0.0,0.0,0.0,0.0,0.0
CAATACGCTCTGAGGC-1,0.03559337905284799,0.008529422370065664,0.04509837576069198,0.0,0.004610660546043481,0.0013441088394504546,0.02110609281698462,0.01925616398888569,0.0001536253736603406,0.0,7.274587397889577e-05,0.0,0.0,0.02340747074248328,0.011853808611145903,0.0017552265066010518,0.009127480430953313,0.0,0.0,0.02384469942051798,0.0029780176051872726,0.0002571878303655764,0.0,0.00031385045837364895,0.023816569063153666,0.0,0.0,0.0,0.0,0.009478245987793477,0.0,0.04324862637187015,0.0,0.0,0.0020806857408123486,0.0,0.0,0.0008778259212477229,0.01733974874709411,0.002295157771142412,0.0005420484353433836,0.0,0.0,0.0,0.0,0.0,0.0,0.0,0.0,0.0,0.0,0.0,0.0018662403546478076,0.0,0.0003457989218270811,0.0,0.0,0.0,0.002582487347961111,4.7084786881564124e-05,0.0,0.0,0.0,0.0004491551550738742,0.0,0.0,0.000457830838481273,0.0,0.0,0.0,0.0,0.0,0.001906855752732294,0.0,0.0,0.0,0.0,0.0,0.0,0.0,0.0,0.0,9.47300993042239e-05,0.0,0.0,0.0,0.0,0.0,0.0,0.0,0.0,0.0,0.0,0.0,0.0,0.0,0.0,0.0,0.0,0.0,0.0,0.0,0.0,0.0,0.0,0.0,0.0,0.0,0.0,0.0,0.0,0.0,0.0,0.0,0.0,0.0,0.0,0.0,0.0
CAATATTCTTGACCTA-1,0.2722218292822336,0.1119059714511964,0.020367984838455214,0.0,0.004220723809829344,0.0016880088522170777,0.014027928997964522,0.024636553262317583,0.00013420457529606962,0.013627678035629729,0.004368751181788693,0.0,0.005368454295898207,0.036224979962605756,0.01972388599940365,0.005218268976674958,0.021358398788886398,0.0,0.0,0.08204007310188262,0.0,0.0033922178692363247,0.0,0.0,0.03577190869919434,0.01375387908155542,0.0002519197595044602,0.0,0.0,0.007449499086537984,0.0,0.03009227483120904,0.0,0.0,0.0014011380485171652,0.0,0.0,0.0008693494278891323,0.0,0.0023809899565833573,0.0002504647267078581,0.003905928159730974,0.0,0.0,0.0004903013351887064,0.0,0.00025306241080439487,0.0,0.0,0.0011312848333746462,0.0017685916565384422,0.0,0.001512850632636624,0.0,0.0007719819264845227,0.00017685407157950377,0.0011792395593610138,0.0,0.0,0.0009213801912250572,8.387209876510151e-05,0.0,0.0,0.0009178020098678564,0.0006900466731991709,0.0,0.0002884082777174492,0.0004629980189707745,0.0,0.0022362733042118944,0.0,0.0,0.002526899815243104,0.0,0.0009095992523798435,0.0,0.0,0.0,0.0,0.0,0.0,0.0,0.00021133483787548534,0.0,0.0,0.0,0.00016249553605429874,0.0,0.0,0.0,0.00045064048236208656,0.0,0.0,0.0,0.0,0.0,0.0,0.0002476461038666047,0.0,0.0,0.0,6.254156242422789e-05,0.00026933425787332315,0.0,0.0,3.9768012958911094e-05,0.0,0.0,0.0,0.0,0.0,0.0,0.00010566741893774267,0.0,0.0,0.0,0.0,0.0,0.0
CAATTTCGTATAAGGG-1,0.4076001580519802,0.14973012790574516,0.11645762703786482,0.03194269606930956,0.016984034623309607,0.04462571357829363,0.054542483418743834,0.0172949497088936,0.018958653310211147,0.0,0.009322119402422897,0.030706427262192935,0.013752500232061664,0.0,0.001023714887271944,0.0036401110466272924,0.0,0.004083400564853701,0.0,0.0,0.0,0.00321107205665834,0.0,0.0,0.0,0.0,0.0065820604544978715,0.0,0.013511372523424754,0.0,0.0,0.0004297215201385583,0.0,0.0,0.0,0.0,0.0,0.0,0.0,0.0,0.00271206535625415,0.0,0.0,0.0,0.0,0.0030680438865091737,0.011119590207009014,0.0,0.0,0.0036816709913883995,0.0,0.0,0.0,0.00259679843616418,0.0,0.0,0.0,0.0,0.0,0.0,0.003711205906976568,0.0,0.0,0.0,0.00621624316429494,0.0,0.0,0.002446637472712958,0.0,0.0,0.004502409195811328,0.0,0.0,0.0,0.0,0.001396621667077966,0.0,0.0,0.0,0.00129839921808209,0.0,0.0,0.0,0.0030007084088456712,0.0,0.0,0.0,0.0,0.0,0.0,0.0,0.0,0.0,0.0,0.0,0.0,0.0,0.0,0.0,0.0,0.0,0.0,0.0,0.0,0.0,0.0,0.0,0.0,0.0,0.0,0.0,0.0,0.0,0.0,0.0,0.0,0.0,0.0,0.0
CACAATGAGCTGCTAT-1,0.07369860950757354,0.2774120472547258,0.0748113795339092,0.0,0.0,0.02261973044297278,0.016343298584208583,0.014731160870965012,0.009924717089477791,0.019426594564377772,0.0,0.0,0.0,0.0,0.002916799356643875,0.005553588689549811,0.0,0.0,0.053354325442312125,0.0,0.0,0.0012329929580366032,0.008536385766449734,0.0,0.0,0.0,0.0,0.0,0.0,0.0,0.0,0.004520655994692071,0.0,0.0,0.0,0.0,0.0,0.0,0.0,0.0,0.009917817535205618,0.004757894034408733,0.0,0.0,0.0,0.0,0.0,0.0,0.0,0.0,0.0,0.006452591533492953,0.0,0.0,0.0,0.0,0.0,0.0,0.0,0.0,0.0,0.0,0.0,0.0,0.0,0.0,0.0,0.0,0.0,0.0,0.0,0.0,0.0,0.0072235245502390915,0.0,0.0,0.0,0.0,0.0,0.0072235245502390915,0.0,0.0,0.0,0.0,0.0,0.0,0.0,0.0,0.0,0.0,0.0,0.0,0.0,0.0,0.0,0.0,0.0,0.0,0.0,0.0,0.0,0.0,0.0,0.0,0.0,0.0,0.0,0.0,0.0,0.0,0.0,0.0,0.0,0.0,0.0,0.0,0.0,0.0,0.0
CACACAGGGATAGATT-1,1.2820364483317317,0.6658093472790174,0.22126844514666272,0.09169349899091149,0.08656928608161696,0.06177375961930827,0.07142556951195127,0.01741211906334738,0.05102777793833841,0.0,0.037562338821667866,0.008087707763242696,0.05174316553230284,0.023189676000462952,0.015132248198501837,0.03260649036307912,0.0,0.037402256793849606,0.018403645465880362,0.0,0.0,0.017623172473038403,0.008994583192325031,0.013738752335369355,0.008166088039681593,0.0,0.02022491758322288,0.04059709745245381,0.0,0.0027211484958573557,0.0,0.0003512291194709663,0.01266974042261439,0.024841579497454067,0.0,0.0,0.0,0.010380673950416574,0.0,0.008669320758455825,0.002768703393020197,0.0,0.0,0.0022720815512907435,0.0,0.0048453615662455984,0.00646771818564372,0.0,0.0,0.0,0.004027081555011944,0.0,0.0,0.0,0.0,0.0,0.0,0.0,0.0,0.0,0.0022476615792228283,0.0,0.0,0.0,0.0,0.0,0.0,0.005604802231235037,0.0,0.0,0.0,0.0,0.0,0.0,0.0,0.0,0.0,0.002235190382320045,0.0,0.0008716947863669083,0.0,0.0008716947863669083,0.0,0.0,0.0,0.0,0.0,0.0,0.0,0.0007791412048578965,0.0,0.0013795690473006753,0.0,0.0,0.0,0.0,0.000497953897652671,0.0008827648381500427,0.0031165457896421955,0.0,0.0,0.0,0.0,0.0,0.0,0.0,0.0,0.0,0.0,0.0,0.0,0.0,0.0,0.0,0.0,0.0,0.0,0.0,0.0
CACAGCACCCACGGCA-1,0.08932201811187866,0.11818119446714291,0.01476744224950443,0.021076434168447393,0.030477427693471434,0.05200985866795373,0.0,0.006495730458043248,0.0,0.0,0.0,0.0,0.01535946811367751,0.0,0.0,0.0,0.0,0.0,0.0,0.0,0.0,0.0036326081131389833,0.0,0.0,0.0,0.0,0.007191446827313973,0.0,0.0035661053607743704,0.0,0.0,0.0,0.0,0.0,0.0,0.008233692381148593,0.0,0.0,0.0,0.0,0.0,0.0,0.0,0.0,0.0,0.0,0.0,0.0,0.0,0.0,0.0,0.0,0.0,0.0,0.0,0.0,0.0,0.0,0.0,0.0,0.0,0.010063226691799139,0.0,0.0,0.0,0.0,0.0,0.0,0.0,0.0,0.0,0.0,0.0,0.0,0.0,0.0,0.0,0.0,0.0,0.0,0.0,0.0,0.0,0.0,0.0,0.0,0.0,0.0,0.0,0.0,0.0,0.0,0.0,0.0,0.0,0.0,0.0,0.0,0.0,0.0,0.0,0.0,0.0,0.0,0.0,0.0,0.0,0.0,0.0,0.0,0.0,0.0,0.0,0.0,0.0,0.0,0.0,0.0,0.0
CACATATTAGCAGGAT-1,0.3075307342087838,0.0342760609599342,0.029796596960705392,0.026905990296253755,0.005346915130345532,0.04757942927438467,0.009535996675489948,0.0,0.0,0.009674111903964073,0.0058272692227175115,0.0,0.009851469008657158,0.0,0.0,0.0,0.0,0.010485046182796411,0.0,0.0,0.0,0.0,0.0,0.0029136346113587557,0.0,0.0,0.0,0.0,0.0,0.0,0.0,0.0,0.0,0.0,0.0,0.0,0.0,0.0,0.0,0.0,0.0,0.0,0.0,0.0,0.0,0.0,0.0,0.009827479799215536,0.0,0.0,0.0,0.0,0.0,0.0,0.0,0.0,0.0,0.0,0.0,0.0,0.0,0.0,0.0,0.0,0.0,0.0,0.0,0.0,0.0,0.0,0.0,0.0,0.0,0.0,0.0,0.0,0.0,0.0,0.0,0.0,0.0,0.0,0.0,0.0,0.0,0.0,0.0,0.0,0.0,0.0,0.0,0.0,0.0,0.0,0.0,0.0,0.0,0.0,0.0,0.0,0.0,0.0,0.0,0.0,0.0,0.0,0.0,0.0,0.0,0.0,0.0,0.0,0.0,0.0,0.0,0.0,0.0,0.0,0.0
CACCACGCCACACAGA-1,0.005087810368214894,0.011752575650227056,0.011530581363872725,0.0,0.0,0.0,0.0,0.01644769990955936,0.000569883472166754,0.0002599875357719227,0.0,0.04818368343112159,0.0,0.0,0.0050042948141439106,0.0,0.0,0.0,0.0,0.0,0.0,0.0,0.0,0.0,0.03120739526581915,0.0,0.0009100468073012647,0.0,0.0,0.01733384637673113,0.0,0.0,0.0,0.0,0.0,0.0,0.0,0.0,0.0,0.0023519476381517203,0.0,0.0,0.0,0.0,0.0,0.0,0.0,0.0,0.0,0.0,0.0,0.0,0.0031725896023615404,0.0,0.0,0.0,0.0016740721091316338,0.0,0.0,0.0,0.0,0.0,0.0,0.0003443981990638596,0.0,0.0,0.00025609138601674424,0.0,0.0,0.0,0.0,0.0,0.0,0.0,0.0,0.0,0.0,0.0,0.0,0.0,0.0,0.0,0.0,0.0,0.0,0.0,0.0,0.0,0.0,0.0,0.0,0.0,0.0,0.0,0.0,0.0,0.0,0.0,0.0,0.0,0.0,0.0,0.0,0.0,0.0,0.0,0.0,0.0,0.0,0.0,0.0,0.0,0.0,0.0,0.0,0.0,0.0,0.0,0.0
CACCCGGTTTGTGACT-1,0.7014447253537552,0.40554817598184334,0.09467028643168815,0.04941744163206643,0.011397993359379566,0.009094472777097037,0.012814277346162953,0.01879487103460107,0.0027046168100460827,0.009771068295729457,0.004626399804994874,0.0,0.005615349607335667,0.012335467418332479,0.007810238356866285,0.007076617852165276,0.011979833514894461,0.0,0.0,0.009279850213055506,0.0,0.001771312339854613,0.0030621086044276312,0.0,0.0,0.0,0.00010210660629713731,0.0,0.0003360680708073967,0.0,0.00734893358457653,0.0,0.0020328494645228392,0.0023866993049461807,0.0023600791430517104,0.0,0.0,0.0011273438838380512,0.0009364826856077244,0.003351580368380684,0.0003353992357262798,0.000726814238288562,0.0,0.0003317755990797424,0.0003518725606005707,0.0,0.00048377106854117016,0.0,0.0,0.0006707117225462037,0.006531372732479563,0.0014558353457330825,0.0005076061797880652,0.0,0.001251928698472124,0.004286941254804519,0.0008315482711173613,0.0,0.0,0.0,0.0,0.0,0.0,0.0013922064444128572,0.001194169787956883,0.001935688206244296,0.0005606046325831426,0.0007495696941323931,0.0,0.0013437521018746495,0.0,0.0,0.0002185138418549951,0.0,0.0,0.0,0.0,0.0,0.0008682136741572339,0.0002634258443962931,0.0,0.0,0.00045807594877044465,0.0,0.0,0.0001567790194077438,0.0002374515895090625,0.0,0.0012985519122764252,0.0,0.0,0.0,0.0,0.0,0.0,0.0,0.0,0.0,0.0,0.0003086955315454801,0.0,6.557105081935422e-05,0.0,0.00029253311984504474,0.0,0.0,0.0,0.0,0.00105259057946476,0.0,0.0,0.0,0.0,0.0,0.0,0.0001264924343663122,0.0,0.0,0.0
CACCGTTAGGGATCAC-1,0.06348687052651893,0.032005362563222985,0.03463296652800795,0.009763896021335266,0.002376409863391631,0.0015719983713089725,0.0,0.006469204484073768,0.0,0.013608442855654105,0.0007059658812790272,0.0,0.01873862646876211,0.008618664677269195,0.005693813719058789,0.0027615154983684303,0.009628834359961107,0.0013154495674782424,0.0,0.01988025661018436,0.0,0.005221056025271899,0.0,0.0009863691359701388,0.011223411842147389,0.0,0.0,0.003543820880871353,0.0,0.01583674355478929,0.0,0.0163055955583694,0.0,0.0,0.0,0.0,0.0,0.0,0.014044482159410218,0.0024337225883655795,0.0,0.0016673512430018004,0.0,0.0,0.0,0.0,0.000222052505242903,0.00018757071934176063,0.0,0.00020685987797591906,0.0,0.0,0.0011496363114071914,0.0,0.0019091264226498152,0.00025247897997464835,0.0028645663886815833,0.0,0.0,0.0,0.00041881145144332803,0.0,0.0,0.0005272117924398779,0.0,0.0,0.00048410977746875835,0.00019178694788883098,0.0,0.0,0.0,0.0,0.0001378562058535297,0.0,0.0009429514524708718,0.0,0.0,0.0,0.00094595186810043,0.0,0.0,0.0,0.0,0.0,0.0,0.0,6.946554319460293e-05,0.0,0.0,0.0,0.0001393027330529407,0.0,0.0,0.00018757071934176063,0.0,0.0,0.0,0.0,0.0,0.0,0.0,8.457693019671208e-05,0.0003006787888012303,0.0,0.0,0.0,0.0,0.0,0.0,0.0,0.0,0.0,0.0,0.0,0.0,0.0,0.0,0.0,0.0
CACCGTTGCGCGATAT-1,0.49201394030265116,0.8323604928772697,0.1547913834821196,0.0,0.017380605283344137,0.006262990721983113,0.03784471410402966,0.02902786341028438,0.08276482866848073,0.05728269565194147,0.0,0.0,0.022067733735613354,0.0,0.012270925041207026,0.023640735462997636,0.004728761238697811,0.011971474156464938,0.031031284303347877,0.0,0.0030729337248742933,0.0015135544219956323,0.015713930962429984,0.0048059277533398295,0.0,0.008184337625395392,0.0016358417551108064,0.0,0.0,0.0,0.0,0.009294421362785115,0.004693285845869876,0.0,0.0,0.015567352831600439,0.0399811864181291,0.0069347903041369315,0.0012645870441868345,0.0005634715497777693,0.0,0.00564714311549804,0.0,0.0,0.0,0.0,0.0,0.0035258938657091,0.0,0.0015850476256988703,0.0,0.003700510349396421,0.0007925238128494352,0.0007925238128494352,0.0035131139596575635,0.0024020569634068535,0.0012435661408318158,0.0,0.0,0.002051423363798683,0.0006739546205013171,0.010318864903731413,0.0,0.0060906355348008135,0.0,0.0,0.0017090592856158974,0.0,0.0,0.0,0.0,0.0,0.0,0.0,0.0,0.0,0.0,0.0,0.0,0.0,0.0,0.0,0.0,0.0,0.0,0.005571671174087017,0.0018210762845891513,0.0032537788955943996,0.0,0.0029158266835384605,0.0,0.0,0.0,0.0,0.0020382665524345685,0.0014205573725842317,0.0,0.00010712748894073206,0.0,0.0014906229523261104,0.004128211344270929,0.0029066336071608633,0.0,0.0,0.0,0.0,0.0,0.002070615779954437,0.0,0.0,0.0,0.0007652738149568487,0.0,0.0,0.0,0.0,0.0012849852189392315,0.0,0.0
CACCTAATCAGTTTAC-1,0.38239869288977607,0.5308811451319543,0.05172465343279541,0.0,0.09211604857367245,0.007229109166205344,0.0411142286695592,0.06138044595218295,0.1503476896801954,0.0,0.005738818073635976,0.0,0.03542721047207475,0.0,0.0083245344306545,0.0,0.0,0.0,0.04984670389306991,0.0,0.01711261529658943,0.0,0.005955101317486083,0.0,0.0,0.016775999471401022,0.007202746790654452,0.0,0.0,0.0,0.0,0.0,0.0033016367280788664,0.03712828525294191,0.0027270934871218284,0.0025245946058175517,0.0,0.016219785006657106,0.0,0.0023636155555730844,0.0,0.0,0.0,0.0,0.020888439116078933,0.0,0.0,0.009927597566296407,0.0,0.0,0.0,0.0,0.0,0.0,0.0,0.002755010945508762,0.0022944529582639016,0.0,0.0,0.0,0.002149285477681354,0.0,0.0033016367280788664,0.0,0.0,0.0,0.0,0.0,0.004236029605374678,0.0,0.0,0.0,0.0,0.0,0.0,0.0,0.0,0.0,0.0,0.0,0.0,0.0,0.0,0.0,0.0,0.0,0.0,0.0,0.0,0.0,0.0,0.0,0.0,0.0,0.0,0.0,0.0,0.0,0.0,0.0,0.0,0.0,0.0,0.0,0.0,0.0,0.0,0.0,0.0,0.0,0.0,0.0,0.0,0.0,0.0,0.0,0.0,0.0,0.0
CACCTCGATGGTGGAC-1,0.5202140287176398,0.08227162841251406,0.07261799308989557,0.07164291017340067,0.025467039276647063,0.009148457081234716,0.01638147517099922,0.004625819377933941,0.0,0.0,0.0053150987289620685,0.0,0.0,0.005397609259648796,0.0,0.0,0.0,0.0,0.0,0.04461590510637257,0.0,0.0,0.0,0.0,0.0,0.0,0.0,0.0,0.0,0.007623295940056052,0.0,0.0,0.005930253996528345,0.0,0.0,0.0,0.0,0.0,0.0,0.0,0.0,0.0010426230801128,0.0,0.0,0.012914409077944427,0.0,0.0,0.0,0.0,0.0,0.0,0.0,0.0,0.005930253996528345,0.0,0.0,0.0,0.0,0.0,0.0,0.0,0.0,0.0,0.0,0.0,0.0,0.0,0.0,0.0,0.0,0.005930253996528345,0.0,0.0,0.0,0.0,0.0,0.007623295940056052,0.0,0.0,0.0,0.0,0.0,0.0,0.0,0.0,0.0,0.0,0.0,0.0,0.0,0.0,0.0,0.0,0.0,0.0,0.0,0.0,0.0,0.0,0.0,0.0,0.0,0.0,0.0,0.0,0.0,0.0,0.0,0.0,0.0,0.0,0.0,0.0,0.0,0.0,0.0,0.0,0.0,0.0
CACGAAAGTTAGTCCC-1,0.0,0.0,0.0,0.0,0.11406779696743001,0.020126987398468254,0.0,0.04614046211249797,0.0,0.052290220097811695,0.0,0.0,0.028002422888538762,0.0,0.0027443849324029442,0.0,0.0,0.0,0.0,0.0,0.0,0.0,0.0,0.0,0.0,0.03637874050381076,0.004966101632667845,0.0,0.0,0.0,0.0,0.0,0.0,0.0,0.0,0.013727785741355126,0.014622289321258149,0.0,0.0,0.0,0.006586506892748305,0.0,0.0,0.0,0.0085734967314869,0.0,0.0,0.0,0.0,0.0,0.0,0.0030310909468497524,0.0,0.0,0.0,0.0,0.0,0.0,0.0,0.0,0.0,0.0,0.0,0.0,0.0,0.0,0.0,0.0,0.0,0.0,0.0,0.0,0.0,0.0,0.0,0.0,0.0,0.0,0.0,0.0,0.0,0.0,0.0,0.0,0.0,0.0,0.0,0.0,0.0,0.0,0.0,0.0,0.0,0.0,0.003374143833398966,0.0,0.0,0.0,0.0,0.0,0.0,0.0,0.0,0.0,0.0,0.0,0.0,0.0,0.001838948664828046,0.0,0.0,0.0,0.0,0.0,0.0,0.0,0.0,0.0,0.0
CACGGGATTGAGGGTT-1,0.8294947598819963,0.531768890235305,0.16396517665847135,0.017924704898993983,0.047474301273124575,0.02400121185918989,0.004245896406145838,0.04125770190608382,0.0,0.0,0.013362287549162064,0.008573295381740686,0.005169127276182764,0.018838381337989842,0.008901037073905627,0.0061530654951715185,0.005919844772140718,0.02228467499132788,0.014611547635447933,0.004133212142206069,0.0,0.006313603262314645,0.011686085090084761,0.0070514935311059655,0.0,0.008837621342729588,0.0024875323394882506,0.018008254665156386,0.0,0.0,0.0,0.0013900975300860244,0.0076255150619494085,0.0,0.01026268131956092,0.0,0.0,0.0,0.0,0.0005389667739273181,0.0,0.0,0.0,0.0009176526373576668,0.0,0.00181553439243395,0.00267453103366167,0.0,0.0,0.0018353052747153336,0.0,0.0,0.0,0.0,0.0,0.0,0.013785573669860671,0.0,0.0,0.0,0.0,0.0,0.0,0.0009797112831013881,0.0,0.0,0.001141217142095566,0.0013797940070021425,0.0,0.0,0.0,0.0,0.0,0.0,0.0,0.0,0.0,0.0,0.0036054229749382578,0.0,0.0,0.0009176526373576668,0.0009176526373576668,0.0,0.0,0.0,0.00027755947201281233,0.0,0.0,0.0,0.0,0.0,0.0,0.0,0.0,0.0,0.00035122561457084765,0.0,0.0,0.0,0.0,0.0,0.0,0.002538142006442691,0.0,0.0,0.0,0.0,0.0,0.0,0.0,0.0,0.0,0.0,0.0,0.0,0.0,0.0,0.0
CACGTCGGCAACCTCT-1,0.5062216424961657,0.2987629593726683,0.00668710476929018,0.005293596844820006,0.024163246390519966,0.023198142659914073,0.05709697423780552,0.015360056865707154,0.012408794100147768,0.00887719654340871,0.008375395648388437,0.046181182679674145,0.011451845821859446,0.05201572806265647,0.03883786168638604,0.00924512777976957,0.0,0.003338910801404181,0.012629219969554576,0.020530122356665542,0.024513353722061055,0.0021458308170373528,0.003058835934711294,0.008263631769163629,0.0,0.009447673851620927,0.0,0.0,0.0,0.0,0.0,0.0,0.0,0.0,0.0025462691010324535,0.0,0.0,0.007467116755852654,0.0,0.0,0.0,0.0,0.0,0.0,0.0,0.0,0.003150748122047529,0.0,0.0,0.0,0.0,0.0,0.0,0.0,0.0,0.0,0.016809882299767948,0.0,0.0,0.0,0.00016021710258949537,0.0,0.0,0.0,0.0,0.0,0.0,0.0,0.0,0.0,0.0,0.0,0.0,0.0,0.0,0.0,0.0,0.0034106609702250225,0.0,0.0,0.0,0.0,0.0,0.0,0.0,0.0,0.0,0.0,0.0,0.0,0.0,0.0,0.0,0.0,0.0,0.0,0.0,0.0,0.0,0.0,0.0,0.0,0.0,0.0,0.0,0.0,0.0,0.0,0.0,0.0,0.0,0.0,0.0,0.0,0.0,0.0,0.0,0.0,0.0
CACGTTCGTGCTCTAG-1,0.4477858639334466,0.0,0.18574325680766623,0.10781548787682589,0.046608631456172306,0.019065587795938123,0.0,0.00909586107955536,0.0,0.0,0.004637445478600158,0.0,0.0,0.0,0.0,0.0,0.0,0.0,0.0,0.0,0.0,0.00686098318825374,0.0,0.0,0.0,0.0,0.0,0.0,0.0,0.0,0.0,0.0,0.030372010163559247,0.0,0.0,0.0,0.0,0.0,0.0,0.0,0.0,0.0,0.0,0.0,0.0,0.0,0.0,0.0,0.0,0.0,0.0,0.0,0.0,0.0,0.02655246720242347,0.0,0.0,0.0,0.0,0.0,0.0,0.0,0.0,0.0,0.0,0.0,0.0,0.0,0.0,0.0,0.0,0.0,0.0,0.0,0.0,0.0,0.0,0.0,0.0,0.0,0.0,0.0,0.0,0.0,0.0,0.0,0.0,0.0,0.0,0.0,0.0,0.0,0.0,0.0,0.0,0.0,0.0,0.0,0.0,0.0,0.0,0.0,0.0,0.0,0.0,0.0,0.0,0.0,0.0,0.0,0.0,0.0,0.0,0.0,0.0,0.0,0.0,0.0,0.0
CACTAAAGTTGCCTAT-1,0.26803738737825433,0.0,0.05649369776871969,0.03371859322062454,0.007641732670167291,0.015431384980264104,0.0,0.010104404960259269,0.0,0.0,0.002669176005483542,0.0,0.0,0.0,0.0,0.0,0.0,0.0,0.0,0.0,0.0,0.0,0.0,0.0,0.0,0.0,0.0,0.0,0.0,0.0,0.0,0.0,0.008174947613444863,0.0,0.0,0.0,0.0,0.0,0.0,0.0,0.0,0.0,0.0,0.0,0.0,0.0,0.0,0.0,0.0,0.0,0.0,0.0,0.0,0.0,0.0,0.0,0.0,0.0,0.0,0.0,0.0,0.0,0.0,0.0,0.0,0.0,0.0,0.0,0.0,0.0,0.0,0.0,0.0,0.008174947613444863,0.0,0.0,0.0,0.0,0.0,0.0,0.0,0.0,0.0,0.0,0.0,0.0,0.0,0.0,0.0,0.0,0.0,0.0,0.0,0.0,0.0,0.0,0.0,0.0,0.0,0.0,0.0,0.0,0.0,0.0,0.0,0.0,0.0,0.0,0.0,0.0,0.0,0.0,0.0,0.0,0.0,0.0,0.0,0.0,0.0
CACTCAAGAGCTATGG-1,0.11930550711021597,0.0,0.042751954789790325,0.032933246517619565,0.015547617953672332,0.039769276748574216,0.054411161754072186,0.0,0.06424410836622878,0.0,0.0020102476139886643,0.05414455953241346,0.0,0.02233146664913776,0.012329253311862704,0.0,0.0,0.0,0.0,0.0,0.0,0.0,0.0,0.0,0.0,0.012745786723605735,0.0,0.0,0.0,0.007623295940056052,0.0,0.0,0.0,0.0,0.0,0.0,0.0,0.0,0.0,0.0,0.0,0.0,0.0,0.0,0.0,0.0,0.0,0.0,0.010874909003718151,0.005930253996528345,0.0,0.0,0.0,0.0,0.0,0.0,0.0025208254756734277,0.0,0.0,0.0,0.0,0.0,0.0,0.0,0.0,0.0,0.0,0.0,0.0,0.0,0.0,0.0,0.0,0.0,0.0,0.0,0.0,0.0,0.0,0.0,0.0,0.0,0.0,0.0,0.0,0.0,0.0,0.0,0.0,0.0,0.0,0.0,0.0,0.0,0.0,0.0,0.0,0.0,0.0,0.0,0.0,0.0,0.0,0.0,0.0,0.0,0.0,0.0,0.0,0.0,0.0,0.0,0.0,0.0,0.0,0.0,0.0,0.0,0.0
CACTCCTATGTAAGAT-1,0.014123121390620408,0.0020163900025348008,0.007087960570022291,0.0,0.0,0.00082864322341968,0.0056059355292266185,0.016696930616041068,0.0007286328285994334,0.0019067101707829124,0.0022933084009441043,0.0,0.002744121739466856,0.0117170107238504,0.003397736041919881,0.0,0.023841110984156033,0.0006227281110592417,0.0,0.004612273932031565,0.019257578906377863,0.002921530149023814,0.0,0.0005799617775837671,0.015484937246350375,0.012950835534858738,0.0,0.0003063950849046548,0.0,0.0,0.0,0.013878173605533492,0.0,0.00011819751434072803,0.0,0.0,0.0,0.0008974167699795938,0.0,0.00016696645610373583,0.0,0.0,0.0,0.0,0.0,0.0,0.0,0.0,0.0,0.0018818604438535442,0.0,0.0,0.0010823792424654783,0.0,0.00046531344479379855,0.003052935370360178,0.001337882541496029,0.0,0.0,0.0,0.0001198160387475536,0.0,0.0,0.00022812267567252334,0.0,0.0,0.0,0.0,0.0,0.0,0.0,0.0,3.473454898500633e-05,0.0,7.083191059727907e-05,0.0,0.0,0.0,0.00051983857542919,0.0003645582956061213,0.0,0.0,0.0,0.0,0.0,5.355518822668394e-05,0.0,0.0,0.0,0.0,0.0,0.0,0.0002081709913290103,0.0,0.0,0.0,0.0,0.0,0.0,0.0,0.0,0.0,0.0,0.0,0.0,0.0,0.0,0.0,5.9992293718931126e-05,0.0,0.0,0.0,0.0,0.0,0.0,0.0,0.0,0.0,0.0
CACTCGGTTAGGAGGA-1,0.7300814562037169,0.6079035161782331,0.15234952575689642,0.0005345225665206359,0.028385539363905456,0.008150378011217298,0.05590127991009247,0.03495142673084229,0.007195699296136047,0.023748637422241387,0.020928972438550568,0.0,0.008505581617365487,0.03578712347629168,0.019618786812526726,0.024871676912517588,0.0,0.0,0.019830517659340782,0.0,0.0,0.0046270428006067186,0.011437261166535219,0.0,0.0,0.0016528645585942498,0.007221641931602823,0.0,0.0,0.0,0.0,0.0,0.0,0.0,0.009747727349388861,0.021849241186343342,0.009156573972120012,0.013958841734422921,0.0,0.0004683669582289547,0.0004322030413100969,0.0,0.0,0.0,0.0,0.0033041879562682266,0.0061746755660903796,0.0,0.0,0.0,0.0,0.009522309901283223,0.0,0.0,0.0,0.002677240366440733,0.0,0.0,0.0,0.0,0.0,0.0,0.0,0.0,0.0,0.0,0.0,0.0009119410994684668,0.0012029932108939072,0.0,0.0,0.0,0.0,0.0,0.0,0.0,0.0,0.0,0.0,0.0,0.0,0.0,0.0,0.0,0.0,0.004613649143847007,0.00035814599922895623,0.0,0.0,0.0017721732925251954,0.0,0.0,0.0,0.0,0.0029230905299657286,0.0,0.0,0.0,0.0,0.0014958409924611075,0.0,0.0,0.0,0.001127274198852222,0.0,0.0,0.0,0.0,0.0,0.0,0.0,0.00015817738045291953,0.0,0.0,0.0,0.0,0.0,0.0,0.0
CACTTCGCCACAGGCT-1,0.8982472368891317,0.3597016995752172,0.05559123317839173,0.01648939084539026,0.12437131870802112,0.014816395878947933,0.03136516236615452,0.004177059540199694,0.0,0.0,0.0004987106349530011,0.0,0.018861204276304406,0.0,0.0,0.011461040991269374,0.0,0.039143612927599214,0.0,0.0,0.019191194084179772,0.0,0.0,0.02594238085051776,0.0,0.0,0.010161066590299958,0.0,0.0,0.0,0.0,1.62946031048371e-05,0.0076683838860740795,0.0,0.009348120117119002,0.0,0.0,0.0,0.0,0.0,0.0,0.0,0.0,0.0,0.0,0.0,0.0,0.00916007158153651,0.0,0.002176756327159171,0.0,0.0,0.002176756327159171,0.0,0.0,0.0,0.0,0.0,0.0,0.0,0.0,0.0,0.0,0.0018510723290703125,0.0,0.0,0.0,0.0007024998977315673,0.0,0.0,0.004518126470600209,0.0,0.0,0.0,0.0,0.0,0.0,0.0,0.0,0.0,0.0,0.0,0.0,0.0,0.0,0.0,0.0,0.0,0.0,0.0,0.002176756327159171,0.0,0.0,0.0,0.0,0.0,0.0,0.0,0.0,0.0,0.0,0.0,0.0,0.0,0.0,0.0,0.0,0.0,0.0,0.0,0.0,0.0,0.0,0.0,0.0,0.0,0.0,0.0,0.0
CAGACACCGATCGCTG-1,0.2931129158042878,0.2617181090848725,0.09265457966886524,0.009999689071354536,0.01277001523669775,0.002471903030994517,0.028595173942748475,0.03807164528225045,0.0,0.0,0.02982302076464507,0.06652216622761681,0.005904129466882266,0.027609264395042955,0.013802413780485082,0.00398617780523537,0.0,0.0,0.0,0.0229808494960259,0.0,0.0023382813205992475,0.0,0.0,0.0,0.004005031253885973,0.0011559296890041588,0.0,0.017103813955468995,0.005349214395402775,0.0,0.0,0.003353074910088364,0.0,0.004637982871556883,0.004047061057511261,0.0009875804267989786,0.00395949952719683,0.0,0.0022674722434927173,0.0,0.0,0.0,0.0,0.00038355122803945547,0.0,0.0,0.0,0.0,0.0012326473238276946,0.0039132085468692275,0.0018305653645081974,0.0007801541385302484,0.0,0.0,0.000261718663440349,0.001166707929141328,0.0,0.0,0.001307485233210147,0.0,0.0,0.0,0.0013205858593038898,0.0013658240336998874,0.0,0.0,0.0,0.0003291514994514782,0.0,0.0,0.0,3.0076587557529226e-05,0.0,0.0,0.0,0.0,0.0,0.0018230955956852286,0.0,0.0,0.0,0.0,0.0,0.0,0.0,6.602138150212539e-05,0.0,0.0,0.0,0.0005221683519428747,0.0,0.0,0.0,0.0,0.0,0.0,0.0,0.0,0.0,0.0,0.0,0.0,0.0,0.0,0.0,0.0,0.0,0.0,0.0,0.0,0.0,0.0004524931852974461,0.0,0.0,0.0,0.0,0.0008306640505719708,0.0
CAGACGAACCTGATAC-1,0.4112448872266738,0.11957510863195239,0.2700648424181094,0.0997830548899105,0.05361022058565437,0.017612326388945505,0.007846860816444456,0.1054833970523843,0.0036351099028107286,0.008144788190581072,0.11743232919142385,0.0,0.00045731533958522227,0.02419219242658208,0.018445021207443017,0.01018857173568773,0.017496025440456007,0.0,0.0,0.007519327940698501,0.0,0.00384018910091595,0.0,0.0,0.0,0.002175531869391671,0.003777705086227004,0.0,0.0,0.006651998230578682,0.0,0.0,0.0,0.0,0.018328142025479083,0.0089344673230853,0.00044891334243029625,0.0,0.0,0.00041776638118011137,0.0,0.0033196410436362846,0.0,0.0,0.0,0.0,0.0,0.0007489455651361826,0.0,0.0017228569368071855,0.0,0.0019693508120634425,0.0014978911302723653,0.0,0.0,0.00381314711904377,0.0,0.0,0.0,0.0022095580304176093,0.0,0.0,0.0,0.0011803191670199504,0.0,0.0,0.0,0.0,0.002549061468156064,0.0021365513183522877,0.0,0.0,0.0,0.0,0.0,0.0,0.0,0.0,0.0,0.00044891334243029625,0.0,0.0,0.00044891334243029625,0.0,0.0,0.0,0.0001765494538265326,0.0,0.0,0.0,0.0006618841668597222,0.0,0.0,0.0,0.0,0.0,0.0,0.0,0.0,0.0,0.0,0.0,0.0,0.0,0.0,0.0,0.0,0.0,0.0,0.0,0.0,0.0,0.0,0.0,0.0,0.0,0.0,0.0,0.0
CAGAGACGGTCACCCA-1,0.12878022238050496,0.10709132893584743,0.15495249162870112,0.018979262158584545,0.03694509669835094,0.00958598648064856,0.023004288577600444,0.05376756031449275,0.0018098177398175714,0.026301489845271576,0.08426548261609752,0.053738357160167144,0.00017481439357171067,0.02175886264604565,0.0,0.012747470913271436,0.0028052131188255926,0.0,0.0,0.002719479074002399,0.0,0.009239576599905087,0.0,0.0,0.0,0.00897888168795916,0.001589995600663665,0.0,0.0,0.0,0.0,0.0,0.0,0.0,0.03173070029187562,0.014782778910293521,0.0,0.0,0.0,0.0,0.0,0.0,0.0,0.0,0.0,0.0026771031345167885,0.0036947140105222146,0.0,0.0,0.005238663006367378,0.003704081661758464,0.0,0.0003340905045160461,0.0,0.0,0.0,0.00048630559592220874,0.0,0.0,0.0,0.0006852569568810564,0.0,0.002793518607042518,0.0003687403303652604,0.0,0.0,0.00041861686702527847,0.0006112963963608786,0.002466717467608461,0.0,0.0,0.0,0.0,0.0,0.0,0.0,0.0,0.0,0.0,0.0,0.0,0.0,0.0,0.0,0.0,0.0,0.0,0.0,0.0,0.0,0.0011189029798890097,0.0,0.0,0.0,0.0,0.0,0.0,0.0,0.0,0.0,0.0,0.0,0.0,0.0,0.0,0.0,0.0,0.0,0.0,0.0,0.0003340905045160461,0.0,0.0,0.0,0.0,0.0,0.0,0.0,0.0
CAGAGCATGAGCTTGC-1,0.0034578465917477945,0.013821408671561137,0.03852707736232586,0.0,0.0,0.01055529864832783,0.00799011692211375,0.006775228095302984,0.0,0.007572413309563693,0.0,0.0,0.0,0.0,0.0,0.0,0.0,0.009075983253995158,0.0,0.0,0.0,0.0,0.0,0.0018324114526280426,0.011988884992700533,0.0022311346373622976,0.0,0.0,0.002764561145100079,0.0,0.0,0.0,0.01381453788025845,0.0,0.0,0.0,0.005401735491607046,0.004531629290679918,0.0,0.0,0.0,0.0,0.0,0.0,0.0,0.0018324114526280426,0.0,0.0,0.0,0.0,0.0,0.0018324114526280426,0.0,0.0,0.0,0.0,0.0,0.0,0.0,0.0,0.0,0.0,0.0,0.0,0.0,0.0,0.0,0.0,0.0,0.0,0.00569463724173821,0.0,0.0,0.0,0.0,0.0,0.0,0.0,0.0,0.0,0.0,0.0,0.0,0.0,0.0,0.0,0.0,0.0,0.0,0.0,0.0,0.0,0.0,0.003267678608363843,0.0,0.0,0.0,0.0,0.0,0.0,0.0,0.0,0.0,0.0,0.0,0.0,0.0,0.0,0.0,0.0,0.0,0.0,0.0,0.0,0.0,0.0,0.0,0.0,0.0
CAGAGGCGATGCATGA-1,0.08851616652555303,0.09575957879545398,0.008129415531325866,0.00664164679170265,0.0,0.0001854162062792566,0.0,0.031702085331592515,0.0005838401730064337,0.000928093161860806,0.01298325722722621,0.024955271564152635,0.010625457432359403,0.0035079111810870645,0.0047870282224770485,0.0,0.015761252093913172,0.0,0.0,0.005409489912605396,0.0,0.0004047342535346911,0.0,0.0,0.008821419933288888,0.0,0.0,0.0,0.009299975841623499,0.006881257090491542,0.0,0.0,0.0,0.0,0.0,0.0,0.0,0.000678905943293313,0.0011744566144310249,0.004256269026606576,0.0005003002969962675,0.0,0.0,0.0,0.0005756366468006376,0.0,0.0014540062562311343,0.0,0.0,0.001295331364698738,0.0,0.0,0.0030263683377019786,0.0,0.0,0.00022728419066071537,0.0010169099365673073,0.0,0.0,0.0007459237746860481,0.001742843025948468,0.0,0.0,0.0011215341179192076,0.0007460299447587653,0.0,0.00015322224201524544,0.0,0.0,0.0011582788772146403,0.0,0.0,8.364125320755392e-05,0.0,0.0,0.0,0.0,0.0,0.0,0.0,0.005270029369209694,0.0,9.244604381895529e-05,0.0,0.0,0.0,6.332244229954484e-05,0.0,0.0,0.0,0.0,0.0,0.0,0.0,0.0,0.0,0.0,0.0,0.0,0.0,0.0,0.0011182968739106213,0.0,0.0,0.0,0.0,0.0,0.0,0.0,0.0,0.0,0.0,0.0,0.0,0.0,8.585019799710455e-05,0.0,0.0,0.0
CAGCCTCCTGCAGAGG-1,0.49730025760259977,0.26093444428941104,0.015984853273122625,0.038161906190994486,0.04752155375056785,0.006686098821899039,0.014751049194363434,0.014752783475398705,0.018644070358790753,0.007291376630122242,0.001823930969896109,0.0,0.0054311256339327355,0.0,0.006779317790203727,0.007640595970039689,0.0,0.030190812240563913,0.004420181039054824,0.0,0.0,0.01693588873065071,0.004144658470481543,0.008156404718646683,0.0,0.010021827482728316,0.005493776553165609,0.0,0.0,0.0,0.0,0.0,0.0,0.0,0.0,0.0,0.007535757451878419,0.010944906977274948,0.0,0.0035457478494056163,0.008282255139040495,0.0,0.0,0.0,0.0,0.0,0.0019674628535135464,0.0,0.0,0.0,0.0,0.0025227897369528153,0.0,0.0014235518463554654,0.0,0.0,0.0,0.0,0.0,0.0,0.00615221518162346,0.0,0.0,0.0,0.0,0.0,0.0,0.0,0.0,0.0,0.0,0.0,0.0,0.0,0.0,0.003346049439096785,0.0,0.0,0.0,0.0,0.0,0.0,0.0,0.0,0.0,0.0,0.0,0.0,0.0,0.0,0.0,0.0,0.0,0.0,0.0,0.0,0.0,0.0,0.002847103692710931,0.0,0.0,0.0,0.0,0.0,0.0,0.0,0.0,0.0,0.0,0.0,0.0,0.0,0.0,0.0,0.0,0.0,0.0,0.0,0.0
CAGCGATTCCCTTCAA-1,0.38587124128134453,0.08782177721062549,0.09152266236130394,0.06941184991303634,0.0,0.015849038293216718,0.006527206840379779,0.04036552127290814,0.0,0.020991170234995766,0.0069166557769902055,0.0,0.00046568630637550606,0.009032758992532202,0.03128616214560611,0.01584947110473631,0.01319397675343671,0.0,0.0,0.0,0.0,0.0025284281880067717,0.0,0.0,0.0241441561468174,0.0,1.7209584675135483e-05,0.0,0.01814573912518748,0.0,0.0,0.012906098387876097,0.0,0.0,0.0,0.0,0.0005658839814283292,0.006351686264316276,0.0,0.0026013931600259404,0.0017647948687214059,0.0019899914419159643,0.0,0.00030287286065982014,0.0003691580211159105,0.0,0.0,0.0,0.0,0.0,0.00839812527960187,0.0023571223763116807,0.00034580758923330186,0.0,0.0,0.0,0.0,0.0,0.0,0.0015431519119886758,0.0,0.0,0.0,0.0013454247588212862,0.0,0.0,0.0006659584535746011,0.000398417283924805,0.0,0.0,0.0,0.0,6.29669125898656e-05,0.0,0.0011349743718097763,0.0,0.0,0.0,0.0010059278738090978,0.0,0.0,0.0009595833868919229,0.0,0.0,0.0,0.0,0.000541524486882169,0.0,0.0,0.0,0.0,0.0,0.0,0.0,0.0,0.0,0.0,0.0,0.0,0.0,0.00039351376595743936,0.0006256402465945506,0.0,0.0,0.0,0.0,0.0,0.0005658839814283292,0.0,0.0008151365210074922,0.0,0.0,0.0,0.0,0.0,0.0,0.0,0.0,0.0
CAGCGCCAACACGATA-1,0.016930056719499355,0.0021721476159243178,0.001735352964122484,0.0,0.0,0.00015694907797585673,0.0,0.0002798648219819272,0.0,0.0,6.848905413024617e-05,0.0,0.000648386450811613,0.007374982992852441,0.003481186709292059,0.0001431679080319034,0.0017755455703611432,0.0,0.0,0.0,0.012265406347012323,0.00020559713270605867,0.0,0.0004963183785871331,0.011455295410338044,0.0,0.0,0.0,0.0,0.021579942492519145,0.0,0.0,0.0,0.0008774591488527274,0.0,0.0,0.0,0.0005833309235755602,0.013936142971417806,0.0015779105181114145,0.0,0.00012070198971179572,0.0,0.0,0.0,0.0,0.00026424618748349275,0.0,0.0,0.0005787047361359966,0.0011445935210362078,0.0,0.0003920865252492503,0.0,0.0,0.0004140059096492745,0.0,0.0,0.0,0.0,0.0,0.0,0.0,0.0003310836231198435,0.0,0.0,0.0,0.0,0.0,0.0,0.0,0.0,5.467372915285728e-05,0.0,0.0,0.0,0.0,0.0,0.0,0.0,0.0,0.0,0.0006418614770356234,0.0,0.0,9.016818633262113e-05,0.0,0.0,0.0,0.0,0.0,0.0,0.0,0.0,0.0,0.0,0.0,0.0,0.0,0.0,0.0,0.0,0.0,0.0,0.0,0.0,0.0,0.0,0.0,0.0,0.0,0.0,0.0,0.0,0.0,0.0,0.0,0.0,0.0
CAGCTCACTGAGACAT-1,0.5491781935035678,0.6115482977915149,0.09800897181690962,0.10319450720936929,0.05564653634165639,0.11476094281403638,0.03636716748877066,0.026578808996880685,0.007037680430164032,0.0,0.0042521339466255244,0.0,0.0,0.0,0.029536735948073878,0.008007366872487837,0.01008993344710191,0.0,0.0,0.0,0.0300841225505699,0.0012300587029964488,0.0044692196125073955,0.0,0.0,0.0,0.0,0.0,0.0,0.0004929977550972813,0.0,0.001847709139297886,0.0,0.0,0.0009957075023518396,0.0,0.0,0.0,0.0,0.008416833763070475,0.001139880836456053,0.0,0.0,0.0,0.0,0.0,0.0,0.001057657211413851,0.006800358267796009,0.0,0.0,0.0,0.0021646814582649693,0.0004929977550972813,0.0004929977550972813,0.0,0.0,0.0,0.0,0.0009967870360706212,0.0026195447753905796,0.0,0.0,0.0,0.0032055253267788022,0.0,0.0,0.005752078163564349,0.0,0.0,0.0,0.0,0.0,0.0,0.0005412726309147955,0.0,0.0,0.004200440937424504,0.0,0.0,0.0,0.0,0.0,0.0,0.0,0.0,7.56005338416214e-05,0.0,0.0018030172499505824,0.0,0.0,0.0016337766436566648,0.0,0.0,0.0,0.0,0.0,0.0,0.0,0.001104978958402338,0.0,0.0,0.0,0.0,0.0,0.0,0.0017543654218731726,0.0,0.0,0.0,0.0,0.0,0.0,0.0,0.0,0.0,0.0,0.0,0.0
CAGCTGGCGTAACCGT-1,0.02497745086000733,0.0073433039718739605,0.029846850183479698,0.0,0.0,0.0,0.027119171710831183,0.03188269903744432,0.001179812882981492,0.0,0.0,0.0,0.006085718908968141,0.0,0.006247833352793516,0.0,0.039854951622380556,0.0,0.0,0.0,0.005682593561940534,0.0017197873173938768,0.0,0.0,0.0,0.0,0.0,0.0,0.0,0.007606488407058169,0.0,0.0,0.0,0.0,0.0,0.0,0.0,0.0,0.013568742226562637,0.0,0.0,0.0,0.0,0.0,0.0,0.0,0.0,0.0,0.0,0.0,0.0,0.0,0.006340372997713613,0.0,0.0,0.0013188778976987049,0.0,0.0,0.0,0.0,0.0014612307867067668,0.0,0.0,0.0,0.0,0.0,0.0,0.0,0.0,0.0,0.0,0.0,0.0008405951701439304,0.0,0.0,0.0,0.0,0.0,0.0,0.0,0.0,0.0,0.0,0.0,0.0,0.0,0.0,0.0,0.0,0.0,0.0,0.0,0.0,0.0,0.0,0.0,0.0,0.0,0.0,0.0,0.0,0.0,0.0,0.0,0.0,0.0,0.0,0.0,0.0,0.0,0.0,0.0,0.0,0.0,0.0,0.0,0.0,0.0,0.0
CAGCTTAGTAGGTAGC-1,0.21383834267643909,0.052317159080030394,0.115175948039277,0.08355725477326802,0.068797675182378,0.107959910663111,0.022370592630293208,0.0062225500075716806,0.002586656370876511,0.02253950769872849,0.0,0.0,0.07472852731274236,0.015115118967638097,0.001412234655776499,0.019311941990677577,0.0,0.028850264162704694,0.0,0.009490639294056882,0.0,0.0,0.0,0.013514986679945001,0.0,0.0,0.004590832403398337,0.07071855853498435,0.015450943096016556,0.0,0.0,0.0,0.0,0.0,0.0,0.0,0.0,0.0,0.0,0.0,0.006863395637327171,0.006206736508367499,0.0,0.0,0.0036412671359244376,0.0,0.0,0.0,0.0,0.0,0.0,0.0,0.0,0.0,0.0,0.003169984295121474,0.0,0.0,0.0,0.0,0.0023352164664495333,0.0,0.006339968590242948,0.0,0.0,0.0,0.008685913371682879,0.0,0.0,0.0,0.0,0.0,0.0,0.0,0.0,0.0,0.0,0.0,0.0,0.0,0.0,0.0,0.0,0.0,0.0,0.0,0.0,0.0,0.0,0.0,0.0,0.0,0.0,0.0,0.0,0.0,0.0,0.0,0.0,0.0,0.0,0.0,0.0,0.0,0.0,0.0,0.0,0.0,0.0,0.0,0.0,0.0,0.0,0.0,0.0,0.0,0.0,0.0,0.0
CAGGATATATCGTTGT-1,1.4778018219487086,1.3214998620324134,0.2710053636765527,0.16762815922908073,0.11248201152797802,0.062058458935654245,0.0,0.04563056391519704,0.0,0.0,0.030808216232978046,0.0,0.0,0.0,0.024838304933494346,0.0,0.034207999380496304,0.0,0.0,0.0,0.0,0.002446588516427279,0.011710827183963872,0.0,0.0,0.0,0.017859537999637343,0.0,0.008290173767808797,0.007054415605991814,0.0,0.0,0.001968038878441217,0.0,0.031110730321451917,0.0,0.0,0.0,0.0,0.020868034665389845,0.0,0.0,0.0,0.0,0.0,0.002879086835721147,0.0,0.0,0.001968038878441217,0.0,0.0,0.0,0.0,0.0,0.00804864693006753,0.0,0.0,0.0,0.0,0.0004692437400239976,0.0058571639667214116,0.0,0.0,0.0,0.003737845799088849,0.0,0.0,0.0017497014422700055,0.0,0.0,0.0,0.0,0.0,0.0,0.0,0.0,0.0,0.0,0.0,0.001968038878441217,0.0,0.0,0.0,0.0,0.0,0.0,0.00048755110127805275,0.0,0.0,0.0,0.0,0.0,0.0,0.0,0.0,0.0,0.0,0.0,0.003936077756882434,0.0021146684893002146,0.0,0.0,0.0,0.0,0.0,0.0,0.0,0.0,0.0,0.0,0.0,0.0,0.0,0.0,0.0,0.0,0.0,0.0,0.0
CAGGCCGTTTGGGTGT-1,0.043058668153032255,0.1336353064450415,0.11289921179602361,0.02908009176060161,0.0,0.01071359936469134,0.007937465702991718,0.0,0.0,0.0,0.005029504627189672,0.022469961724083574,0.0,0.0,0.014463671189583596,0.0,0.0,0.0,0.0,0.0,0.02857884656951135,0.0,0.0020903815767020616,0.0,0.0,0.0,0.0,0.0,0.0,0.0,0.0,0.0,0.005364468559935849,0.0,0.0,0.0,0.0,0.0,0.0,0.0,0.0,0.0,0.0,0.0,0.0,0.0,0.0,0.0,0.0,0.0,0.0,0.0,0.0,0.0,0.0,0.010728937119871699,0.0,0.0,0.0,0.0,0.0,0.0,0.0,0.0,0.0,0.0,0.0,0.0,0.0,0.0,0.0,0.0,0.0,0.0,0.0,0.0,0.0,0.005364468559935849,0.0,0.0,0.0,0.0,0.0,0.0,0.0,0.0,0.0,0.0,0.0,0.0,0.0,0.0,0.0,0.0,0.0,0.0,0.0,0.0,0.0,0.0,0.0,0.0,0.0,0.0,0.0,0.0,0.0,0.0,0.0,0.0,0.0,0.0,0.0,0.0,0.0,0.0,0.0,0.0,0.0
CAGTACCAGTTTACGT-1,0.010106292919188723,0.0033304637575845555,0.0020475214134325465,0.0005391988123958522,0.0,0.0,0.007536490561258979,0.004166553807696995,0.0004997694438740787,0.002453647926837545,1.4959405130765366e-05,0.0,0.001387733584842404,0.0052643696729808495,0.0031400271852458535,0.0,0.04157371471570291,0.0009036961975028037,0.0,0.017466967097753642,0.0,0.0006280490429068961,0.0,0.0008064133137499295,0.015058913426111068,0.0,0.0,0.0,0.0,0.0,0.0,0.0,0.00021024299477657402,0.00022605207961859825,0.0,0.0,0.0,8.239053747239943e-05,0.0,0.000951588963955539,0.0,0.0,0.0,0.0,0.0,0.0,0.0,0.0,0.0,0.0005638515995742664,0.001565805003986739,0.0,0.0021174658719653973,0.0,0.0,0.00010417132304231413,0.0,0.0,0.0,0.0,0.0007030650584257357,0.0,0.0,0.0002891021006241228,0.0,0.0,0.0,0.0,1.2285662693218812e-05,0.00045378800789850173,0.0,0.0,0.0030564726597105845,0.0,1.8573219563852705e-05,0.0,0.0,0.0,0.0,0.0005525919013722306,0.001860018579096001,0.0,0.000358276786263216,0.0,0.0,0.0,4.6420164945594075e-05,0.0,0.0,0.0,0.0,0.0,0.0,0.0,0.0,0.0,0.00011476208958979364,0.0,0.0,0.0,0.0,5.1407860096391445e-05,5.2458105463713966e-05,0.0,0.0,0.0,0.0,0.0,0.0,0.0,0.0,0.0,0.0,0.0,0.0,0.0,0.00027229684548971047,0.0,0.0
CAGTAGCCCACGCGGT-1,0.1453090090569083,0.04199136638546615,0.0,0.0,0.0,0.0,0.0,0.0,0.0,0.008129865715089444,0.0,0.0,0.0071546693064128055,0.0,0.0,0.0024144770415298173,0.0,0.0,0.0,0.0,0.0,0.0,0.0,0.0,0.0,0.0,0.0,0.0,0.0,0.008978273295648223,0.0,0.0,0.0,0.0,0.0,0.0,0.0,0.0,0.0,0.0,0.0,0.0,0.0,0.0,0.0,0.011146176319366078,0.0,0.0,0.0,0.0,0.0,0.0,0.0,0.0,0.0,0.0,0.0,0.0,0.0,0.0,0.0,0.0,0.0,0.0,0.0,0.0,0.0,0.0,0.0,0.0,0.0,0.0,0.0,0.0,0.0,0.0,0.0,0.0,0.0,0.0,0.0,0.0,0.0,0.0,0.0,0.0,0.0,0.0,0.0,0.0,0.0,0.0,0.0,0.0,0.0,0.0,0.0,0.0,0.0,0.0,0.0,0.0,0.0,0.0,0.0,0.0,0.0,0.0,0.0,0.0,0.0,0.0,0.0,0.0,0.0,0.0,0.0,0.0,0.0
CAGTCGAGGATGCAAT-1,0.3236949030572212,0.0,0.04138461827132854,0.06826477093998434,0.019393869255182515,0.014579085565536432,0.008821591370041973,0.024551449358430556,0.0433231705050522,0.013312107979917817,0.0,0.01916793394258081,0.0,0.0,0.003541518459414743,0.003132716148029276,0.0,0.0,0.0,0.0,0.0,0.0,0.0,0.0,0.0,0.0,0.0,0.0,0.0,0.0,0.0,0.0,0.0,0.0,0.0,0.0,0.0,0.0,0.0,0.0,0.0,0.0,0.0,0.0,0.0,0.0,0.0,0.0,0.0,0.007463079889872201,0.0,0.0,0.0,0.0,0.0,0.0,0.0,0.0,0.0,0.0,0.0,0.0,0.007463079889872201,0.0,0.0,0.0,0.0,0.0,0.0,0.0,0.0,0.0,0.0,0.0,0.0,0.0,0.0,0.0,0.0,0.0,0.0,0.0,0.0,0.0,0.0,0.0,0.0,0.0,0.0,0.0,0.0,0.0,0.0,0.0,0.0,0.0,0.0,0.0,0.0,0.0,0.0,0.0,0.0,0.0,0.0,0.0,0.0,0.0,0.0,0.0,0.0,0.0,0.0,0.0,0.0,0.0,0.0,0.0,0.0
CAGTCTGTATACTGGG-1,0.8117644989411847,0.5563676132984167,0.48681999151548916,0.17754033417139697,0.019994317948297702,0.15064735972930446,0.02569943208094267,0.054212255827628994,0.03666292889293523,0.0,0.022607173920453263,0.0,0.043536537526610325,0.004863889739043755,0.03605407093463708,0.0,0.013488609833654198,0.0,0.0,0.006137992182502242,0.0,0.027326522917163636,0.0033468873431105285,0.0,0.0,0.0,0.00544499486904821,0.0,0.0,0.005081660324826122,0.0,0.0,0.006001022049149707,0.012511370210893193,0.0,0.0,0.0,0.0,0.01440043165044733,0.0027178140352261577,0.0016889564067886212,0.004063130665112819,0.0,0.001422050526721565,0.0,0.0,0.004151837471159207,0.0,0.0024864141734501134,0.0020680736711874595,0.0,0.0,0.0,0.007294078784125828,0.0,0.0,0.0,0.0,0.0,0.00563827799291554,0.0029296294696577185,0.0,0.0,0.0,0.0,0.0,0.0,0.0013630463660801572,0.0,0.0,0.0,0.0,0.0,0.0,0.005656398191428712,0.0,0.0,0.0,0.0,0.0,0.0,0.0,0.00284410105344313,0.0,0.0,0.0,0.0007428480189535561,0.0,0.0,0.0,0.0022363596465189593,0.001787414794132719,0.0,0.0,0.0,0.0,0.0,0.0,0.0,0.001430461312681983,0.0,0.0,0.001778855358374944,0.0,0.000839212337335635,0.0,0.0,0.0,0.0,0.0,0.0,0.0,0.0,0.0,0.0,0.0,0.0,0.0,0.0
CAGTTCCGCGGGTCGA-1,1.2998761673549155,0.6337085508885296,0.3008326511447752,0.12392091054623944,0.1817541256360224,0.07385080167467363,0.05537289022726475,0.0339181086633784,0.04745468787818449,0.02026195111568627,0.03055578483631106,0.056376033139385745,0.03961923164577774,0.050381690249551976,0.012491627986737535,0.03654852382983254,0.004685157430340379,0.04427818173485383,0.0,0.0,0.0,0.007222035622136637,0.0,0.026187642003784498,0.0,0.00207380790502842,0.01830233625095581,0.0,0.0,0.0,0.0,7.316702722329422e-05,0.0,0.0,0.0,0.005886574727830759,0.0,0.010571059624322449,0.0013117113310620306,0.0,0.0019268054942528248,0.0,0.0,0.0,0.0,0.0,0.0,0.0,0.0,0.0032697991093262875,0.0030714480111024,0.0,0.0,0.0,0.0,0.0,0.0,0.0,0.0,0.0,0.004171303725988818,0.0,0.0,0.0,0.0,0.0,0.0,0.004962521218071417,0.0015200413335575255,0.0,0.0,0.0,0.0,0.0,0.0,0.0,0.0,0.0,0.0,0.0,0.0,0.0008248695253030113,0.0008248695253030113,0.0008248695253030113,0.0,0.0,0.0,0.0,0.0,0.0,0.0019965847932124675,0.0,0.0,0.0008248695253030113,0.0014087728705826264,0.0,0.0,0.0,0.0019221222891379573,0.0,0.0,0.0,0.0,0.0,0.0,0.0,0.0,0.0,0.0,0.0,0.0,0.0,0.0,0.0,0.0,0.0,0.0,0.0,0.0
CATAAGCTCTCCGTCT-1,0.1568926059143448,0.07188493851272756,0.05543619516114676,0.019505299839652254,0.007799918510142437,0.004753746293344178,0.006909370629106956,0.02572294762975402,0.0,0.0,0.002184048108013831,0.0,0.01825922128197637,0.008791894659327514,0.019194209230429304,0.004119248452409788,0.02702032326634489,0.0015944376680598737,0.0,0.0022665350719674295,0.0,0.0054497454829509125,0.0,0.0005009429234338328,0.006086709119363534,0.0036788395268583522,0.0009402303130494189,0.0,0.0,0.00842278297694405,0.0,0.02036978136477053,0.0012085097551799203,0.0,0.0,0.001885179096644048,0.0,0.0009000851184538517,0.0,0.0026711083166053506,0.00036948489287931465,0.0,0.0,0.0,0.0,0.0,0.000452974233724172,0.0,0.0,0.0,0.0027668076800925587,0.0,0.0,0.0,0.0,6.534859244437829e-05,0.0035890897797863897,0.0,0.0,0.000835397253015225,0.0,0.0,0.0,0.001947052659999575,0.0011945797581187857,0.0,0.0004410689735591235,0.0008624444909069938,4.980225786323369e-05,0.0008052236439066175,0.0,0.0,0.00017004944977925138,0.0,0.0,0.0,0.0,0.0,0.0,0.00022263677960589342,0.0,0.0,0.00016863583175426045,0.0,0.0,0.0,0.00044327483826583176,0.0,0.0,0.0,0.0,6.534859244437829e-05,0.0,0.0,3.191395611324101e-05,0.0,0.0006816586582866558,0.0007176332022408772,0.0,0.0,0.0,0.00025745537914572027,0.0,0.0003430497588551597,0.0,0.0,0.00022366419434595794,0.0,0.0,0.0,0.0004975438424995327,0.0,0.0,0.0,0.0,0.0002708561858779158,0.0,0.0,0.0
CATACCCGTACCCAGT-1,0.2510530377523385,0.23792619686288458,0.11964287996197204,0.05197232548949766,0.031591468574937887,0.02659722688544566,0.030154851753515313,0.028106391680079133,0.04692016469145554,0.0,0.00783344913792957,0.0,0.0,0.0,0.0,0.0,0.0,0.0,0.016968403626248497,0.0,0.0,0.0,0.0019119746745547214,0.0,0.0,0.0,0.0003680289933582814,0.0,0.0,0.0,0.0,0.0,0.011195796911657561,0.0,0.0,0.0,0.0,0.0,0.0,0.0,0.0,0.0,0.0,0.0,0.004832575804310025,0.0,0.0,0.0,0.0,0.0,0.0,0.0,0.0,0.0,0.011701402181584216,0.0,0.0,0.0,0.0,0.0,0.0,0.0,0.0,0.0,0.0,0.0,0.0,0.0,0.0,0.0,0.0041678561957697756,0.0,0.0,0.0,0.0,0.0,0.0,0.0,0.0,0.0,0.0,0.0,0.0,0.0,0.0,0.0,0.0,0.0,0.0,0.0,0.0,0.0,0.0,0.0,0.0,0.0,0.0,0.0,0.0,0.0,0.0,0.0,0.0,0.0,0.0,0.0,0.0,0.0,0.0,0.0,0.0,0.0,0.0,0.0,0.0,0.0,0.0,0.0,0.0
CATACGGCGTCTGGGC-1,0.3172750069402914,0.07014778856520584,0.10142191412179315,0.043295503775982305,0.022424742102038674,0.0380088930029943,0.017915670475313367,0.01517372381878589,0.0,0.0,0.018816256808627467,0.0,0.0,0.0,0.0,0.0,0.0,0.0,0.0,0.0,0.0,0.0,0.0,0.0,0.0,0.003675657350407271,0.0075672008404298495,0.0,0.0,0.0,0.0,0.0,0.0,0.0,0.0,0.0,0.021008419443669567,0.0,0.0,0.0031500576630595785,0.0,0.0,0.0,0.0,0.0,0.0,0.0,0.0,0.0,0.0,0.0,0.004814968150633273,0.0,0.0,0.0,0.0,0.0,0.0,0.0,0.0,0.0,0.0,0.0,0.0,0.0,0.0,0.0,0.0,0.0,0.0,0.0,0.0,0.0,0.0,0.0,0.0,0.0,0.0,0.0,0.0,0.0,0.0,0.0,0.0,0.0,0.0,0.0,0.0,0.0,0.0,0.0,0.0,0.0,0.0,0.0,0.0,0.0,0.0,0.0,0.0,0.0,0.0,0.0,0.0,0.0,0.0,0.0,0.0,0.0,0.0,0.0,0.0,0.0,0.0,0.0,0.0,0.0,0.0,0.0
CATACTATGTAATTGT-1,0.31168495723766093,0.09268556566103733,0.05884227756284631,0.01047768447529289,0.0,0.014631671403104255,0.02591746174133358,0.0,0.0,0.0,0.0,0.0,0.0,0.005638653464657372,0.0,0.0,0.0,0.0,0.0,0.0,0.0,0.0,0.0,0.0,0.0,0.0,0.0005895996479105916,0.0,0.0,0.0,0.0,0.0,0.0,0.0,0.0,0.0,0.0,0.0,0.0,0.0,0.0,0.0,0.0,0.0,0.0,0.0,0.0,0.0,0.0,0.0,0.0,0.0,0.0,0.0,0.0,0.0,0.0,0.0,0.0,0.0,0.0,0.0,0.0,0.0,0.0,0.0,0.0,0.0,0.0,0.0,0.0,0.0,0.0,0.0,0.0,0.0,0.0,0.0,0.0,0.0,0.0,0.0,0.0,0.0,0.0,0.0,0.0,0.0,0.0,0.0,0.0,0.0,0.0,0.0,0.0,0.0,0.0,0.0,0.0,0.0,0.0,0.0,0.0,0.0,0.0,0.0,0.0,0.0,0.0,0.0,0.0,0.0,0.0,0.0,0.0,0.0,0.0,0.0,0.0
CATAGCCGCCCGGGAT-1,0.17702448036735116,0.4184520602412808,0.13449214291993616,0.13467839500076698,0.08711616871932835,0.06369006360236226,0.1167110694896709,0.04111963448305868,0.14705980653408118,0.049240434387915755,0.02082729160673527,0.026959306412017034,0.10454324409133468,0.04515829888059707,0.008068754450703736,0.07592829946994793,0.007152990022800166,0.0,0.0,0.0031456295424006995,0.0,0.0,0.0,0.0,0.0,0.010261394701166637,0.0,0.0,0.0,0.0043648681784825135,0.0663570845716527,0.0,0.0022630881132932245,0.0,0.0,0.0,0.0,0.01678016994940524,0.0,0.0,0.0,0.0,0.0,0.0,0.0,0.010445088076620729,0.0,0.0,0.0032613992061715025,0.0,0.0,0.0,0.0,0.0022630881132932245,0.0,0.0,0.0,0.004526176226586449,0.0,0.0,0.0,0.0,0.0,0.0,0.0,0.0,0.0,0.0,0.0,0.0,0.0,0.0,0.0,0.0,0.0,0.0,0.0,0.0,0.0,0.0,0.0,0.0,0.0,0.0,0.0,0.0,0.0,0.0,0.0,0.0,0.0,0.0,0.0,0.0,0.0,0.0,0.0,0.0,0.0,0.0,0.0,0.0,0.0,0.0,0.0,0.0,0.0,0.0,0.0,0.0,0.0,0.0,0.0,0.0022630881132932245,0.0,0.0,0.0,0.0,0.0
CATAGCGTTGCCCACC-1,0.22702631530638254,0.07309651613012691,0.04330628563258294,0.017359982506103787,0.0012682285796901194,0.006378899567128914,0.0,0.02216824425288326,0.0009120044092929004,0.004053548067166283,0.005298645637015213,0.0,0.007827129878961545,0.01947739464652687,0.017261982887372608,0.010086812973658972,0.0264415586840112,0.00044877544279400204,0.0,0.02683129364709378,0.0,0.004826146847454322,0.0,0.00020397551861329243,0.030443820660258643,0.0,0.0,0.0,0.0,0.0002145404608755504,0.0,0.020164406393932983,0.0007032806205693346,0.0,0.000984174406211898,0.0,0.0,0.0,0.0,0.002001765077746806,0.0006413562815180611,0.0,0.0,0.0,0.0008255780988180659,0.0,0.0003605045300853902,0.00017654066068623848,0.0,0.0,0.007992358194251313,0.0,0.00018930522769640122,0.0,0.0,0.0005600344206823714,0.0,0.0,0.0,0.0004624367634757916,0.00013673413929279294,0.0,0.0,0.0008544468495344825,0.0,0.0,0.0005260147537491414,0.00044427141867915037,0.0,0.0007792947501830186,0.0,0.0,0.00019040693333944166,0.0,0.0,0.0,0.0,0.0,0.0,0.0,0.0,0.0,0.00021341265954621583,0.0,0.0,0.0,0.00011062913407161128,0.0,0.0007642667269957495,0.0005979961717840002,0.0001586578448685569,0.0,0.0,0.0,0.0,0.0,0.0,0.00018867940147713471,0.0,0.00011437522037007134,3.7851309767819537e-05,0.0,0.00010338280561573095,0.00019525545342898124,0.0,0.0,0.0,0.0,0.0006245674755033331,0.0,0.0,5.910436534990208e-05,0.00010083804115059939,0.0,0.0,0.0,0.0,0.0,0.0
CATAGTCCACAAGAAC-1,0.31873077123690313,0.06162878155411704,0.08145368612171594,0.013037444217382236,0.020401228553520008,0.01647625419322681,0.06950514606160041,0.026751920001090626,0.03132920589665932,0.026091693311719313,0.0,0.05703933338308076,0.0,0.058463583063709884,0.0,0.0067466409198233546,0.0,0.0,0.0,0.0,0.08537353979157399,0.00638336153482921,0.0,0.0,0.0,0.0,0.0,0.0,0.0,0.0,0.0,0.0,0.007637098386043735,0.0,0.0,0.0,0.0,0.0,0.0,0.0,0.0,0.0,0.0,0.0,0.0,0.0,0.0,0.0,0.0,0.0,0.0,0.0,0.0,0.0,0.0,0.0,0.0,0.0,0.0,0.0,0.0,0.0,0.0,0.003353436439792654,0.0,0.0,0.0,0.0,0.0,0.0,0.0,0.0,0.0,0.0,0.0,0.0,0.0,0.0,0.0,0.0,0.0,0.0,0.0,0.0,0.0,0.0,0.0,0.0,0.0,0.0,0.0,0.0,0.0,0.0,0.0,0.0,0.0,0.0,0.0,0.0,0.0,0.0,0.0,0.0,0.0,0.0,0.0,0.0,0.0,0.0,0.0,0.0,0.0,0.0,0.0,0.0,0.0,0.0,0.0
CATATAGGTACAGTCA-1,0.966857948286871,0.7649896896687475,0.2357248614462952,0.17885398640544656,0.11214808880242366,0.10696759575732359,0.017641931055013264,0.0154024608102888,0.0,0.0,0.023287827700463302,0.04306530611471077,0.032639062757550255,0.010668212469312495,0.02360805210906332,0.010368866492696954,0.0,0.006618524846186944,0.03708959298226722,0.02058492683348895,0.010122982686299398,0.0041494458964650895,0.01017435939586624,0.0012372256017824921,0.0,0.0,0.0063391110190700655,0.0,0.0,0.0,0.0,0.0,0.0,0.0,0.0,0.0,0.0,0.0,0.0,0.012132712578295131,0.0,0.0,0.0,0.0,0.0,0.0,0.00502812391648238,0.0,0.0,0.0,0.0013423957793515598,0.0,0.0028225744546680276,0.0014112872273340138,0.0,0.0,0.0,0.004768700411442136,0.0,0.0,0.0009939995612562062,0.0,0.004060761713400952,0.0,0.0,0.0,0.0,0.0,0.0,0.0,0.0,0.0,0.0,0.0,0.02101391152637404,0.0,0.0,0.0,0.0,0.0,0.0,0.0,0.0,0.0,0.0,0.0,0.0001706529808529196,0.0,0.0,0.0,0.0,0.0,0.0,0.0,0.0,0.0,0.0,0.0,0.0,0.0,0.0,0.0,0.00035153212582511936,0.0,0.0,0.0,0.0,0.0,0.0,0.0,0.0,0.0,0.0,0.0,0.0,0.0,0.0,0.0,0.0
CATATGTCAGGCTACG-1,0.09282344713282231,0.11799127695185782,0.11599800211146265,0.0,0.0,0.008827461872556196,0.0,0.027717980549718385,0.002820880568914679,0.0,0.0,0.0,0.0,0.029467844111831676,0.007205639258945721,0.0016809363005171097,0.021653671066556135,0.012814446760271657,0.0,0.033438357316605355,0.0,0.001128162770861421,0.00914281937216654,0.005491468643568866,0.0,0.0,0.0,0.0,0.0,0.005715895955538796,0.0,0.0,0.0033237489618972733,0.0,0.0,0.0,0.0,0.0,0.01425440571470967,0.00927861388126839,0.0,0.0,0.0,0.0,0.0,0.0,0.0,0.0005179771758406374,0.0,0.002070153462494369,0.0,0.0,0.003770319948406622,0.0,0.0,0.0028732992381137992,0.0,0.0,0.0,0.0,0.0,0.0,0.0,0.0015384197465863289,0.0,0.0,0.0,0.0,0.0,0.0,0.0,0.0,0.0003098337428494119,0.0,0.00038150015871345417,0.0,0.0,0.0012518379067450233,0.0,0.0,0.0,0.0,0.0,0.0,0.0,0.0,0.0003164654280665934,0.0,0.0,0.0,0.0,0.0,0.0,0.0,0.0,0.0,5.2783111361998534e-05,0.0,0.0,0.0,0.0,0.0,0.0,0.0,0.0,0.0,0.0,0.0,0.0,0.0,0.0,0.0,0.0,0.0,0.0,0.0,0.0,0.0,0.0
CATCGGACGGGTTAAT-1,0.29648755657328607,0.1809119994045743,0.1124914668150034,0.04771305152919768,0.032099687094499306,0.06136360483703502,0.024344585326260843,0.02263221149580212,0.034180084272958926,0.005732840615823066,0.012316112142693259,0.0,0.0198094222955119,0.0,0.03663854493302417,0.006004814210791064,0.0,0.010046035067491566,0.0,0.0,0.003763586487512457,0.0035572310844104523,0.0,0.0025337779135520505,0.0,0.0,0.004454590568395145,0.0,0.003985151559591214,0.0,0.0,0.0010948639478472063,0.0,0.0,0.0,0.0,0.0,0.0,0.0,0.002910369921653926,0.007366187951391597,0.0,0.0,0.0,0.0,0.001332942463312004,0.0,0.0,0.005301463728686978,0.0,0.001818428972187613,0.0,0.0,0.001332942463312004,0.0,0.0,0.0,0.0,0.0,0.0,0.0013351856003988795,0.0,0.0,0.0,0.008526379982743968,0.0,0.0,0.0,0.0,0.003189766958957607,0.0,0.0,0.0,0.0,0.0,0.0,0.0,0.0,0.0,0.0,0.0,0.0,0.0,0.0,0.0,0.0,0.0003066509236757932,0.0,0.0,0.0,0.0,0.0,0.0,0.0,0.0,0.0,0.0,0.0,0.0,0.0,0.0,0.0,0.0,0.0,0.0,0.0,0.0,0.0,0.0,0.0,0.0,0.0,0.0,0.0,0.0,0.0,0.0,0.0,0.0
CATGATGCACAATTCT-1,0.6656362399787,0.5732304954352204,0.18502003456060345,0.0,0.03193355415203423,0.016868096089998636,0.0,0.07169843244877394,0.0,0.016884177868910433,0.005639895447199349,0.034544904171505714,0.0,0.0,0.003689672238947383,0.0,0.0,0.01617488089807615,0.015417510475852245,0.0,0.0,0.0,0.001484445902236568,0.020932274659124415,0.0,0.0,0.009035205364313436,0.0,0.0,0.0,0.0,0.0,0.015906778566550372,0.05980371266923633,0.0,0.003971249447494644,0.0,0.0,0.0,0.0,0.011474128021331976,0.0,0.0,0.0,0.024102819200569926,0.0,0.0,0.0,0.0,0.0,0.0,0.0,0.0,0.0,0.0,0.0,0.0,0.0,0.0,0.0,0.0,0.0,0.002220495621306666,0.0,0.0,0.0,0.0,0.0,0.004086511182702294,0.0,0.0,0.0,0.0,0.0,0.0,0.0,0.0,0.0016362490240706714,0.0,0.0,0.0,0.0,0.0,0.0,0.0,0.0,0.0,0.0,0.0,0.0,0.0,0.0,0.0,0.0,0.0,0.0,0.0,0.0,0.0,0.0,0.0,0.0,0.0,0.0,0.0,0.0,0.0,0.0,0.0,0.0,0.0,0.0,0.0,0.0,0.0,0.0,0.0,0.0,0.0
CATGCCAACTCGCAAA-1,0.19784585485083916,0.2043183959466368,0.02824039422433636,0.024100255155743038,0.014543589345783453,0.01801687777806505,0.06971096165954067,0.030954917557061454,0.008925163443747202,0.06585625062646037,0.0035660445282183813,0.0,0.0388587532063567,0.0,0.015002559973369193,0.041983494098566936,0.007843477581235618,0.0,0.0,0.0,0.0,0.0023670380429222093,0.0,0.0,0.0,0.0,0.004297372740541439,0.0,0.005951069399657312,0.0,0.02576807725498853,0.0,0.020497285098148008,0.014828668439782406,0.002217058827628014,0.003916042808255622,0.03389601407508,0.0,0.002830881387430983,0.0007947164451934981,0.0,0.02017550180071673,0.0,0.001815766376839978,0.0,0.004574688244084898,0.0029922218586455928,0.0017306531618457353,0.0,0.0010493334367861252,0.0013343656445948138,0.008859911716276833,0.0008653265809228677,0.0,0.0,0.0,0.0028746161831201657,0.0,0.0,0.0,0.0,0.0,0.0,0.004085033578365442,0.0,0.0,0.0015919930950122844,0.0,0.00010291065318484337,0.0,0.0,0.0,0.0,0.0,0.0,0.0,0.0,0.0,0.0030657985385422123,0.0,0.0,0.0008653265809228677,0.0,0.0,0.003176946924554405,0.00425081823346412,0.0006327642170280922,0.0,0.0,0.0,0.0,0.0,0.0,0.0,0.0006108626756573904,0.0,0.0,0.0,0.0,0.0,0.0013899932993159303,0.0,0.0,0.0,0.0,0.0,0.0,0.001828242583023779,0.0,0.0,0.0,0.0,0.0,0.0,0.0,0.0,0.0,0.0,0.0
CATGCGACCAGTTTAA-1,0.2685386105982901,0.0,0.09200748183019292,0.06328276866110029,0.014568383220240701,0.01982497295659197,0.0,0.03878736819808952,0.0,0.0,0.0,0.01896975625868345,0.010133091458906836,0.0,0.006059034967581008,0.0,0.0,0.0,0.0,0.0,0.0,0.0,0.0,0.0,0.0,0.0,0.0,0.0,0.0,0.0,0.0,0.0,0.0,0.0,0.0,0.0,0.021796226651470522,0.0,0.0,0.0,0.0,0.0,0.0,0.0,0.0,0.0,0.0,0.0,0.0,0.0,0.0,0.0,0.0,0.0,0.0,0.0,0.0,0.0,0.0,0.0,0.0,0.0,0.0,0.0,0.0,0.0,0.0,0.0,0.0,0.0,0.0,0.0,0.0,0.0072654088838235075,0.0,0.0,0.0,0.0,0.0,0.0,0.0,0.0,0.0,0.0,0.0,0.0,0.0,0.0,0.0,0.0,0.0,0.0,0.0,0.0,0.0,0.0,0.0,0.0,0.0,0.0,0.0,0.0,0.0,0.0,0.0,0.0,0.0,0.0,0.0,0.0,0.0,0.0,0.0,0.0,0.0,0.0,0.0,0.0,0.0
CATGGTAAGTAGCGTT-1,0.2780782555509109,0.04323053192095329,0.053298574533054435,0.023166619160841773,0.024229764779300715,0.05101274548607758,0.0,0.0,0.0,0.0,0.0,0.0,0.0,0.0,0.0,0.0,0.009027938468172902,0.01145458797888349,0.0,0.0,0.0,0.002406721286064541,0.0,0.002406721286064541,0.0,0.0,0.0,0.0,0.0,0.0,0.0,0.0,0.0,0.0,0.0,0.0,0.0,0.0,0.0,0.0,0.0,0.0,0.0,0.0,0.0,0.0,0.0,0.0,0.0,0.0,0.0,0.0,0.0,0.0,0.0,0.0,0.0,0.013240192380821029,0.0,0.0,0.0,0.0,0.0,0.0,0.0,0.0,0.0,0.0,0.0,0.0,0.0,0.0,0.0,0.0,0.0,0.0,0.0,0.0,0.0,0.0,0.0,0.0,0.0,0.0,0.0,0.0,0.0,0.0,0.0,0.0,0.0,0.0,0.0,0.0,0.0,0.0,0.0,0.0,0.0,0.0,0.0,0.0,0.0,0.0,0.0,0.0,0.0,0.0,0.0,0.0,0.0,0.0,0.0,0.0,0.0,0.0,0.0,0.0,0.0
CATGGTCTAGATACCG-1,0.2885968696416053,0.051067595321906,0.027839269338560027,0.055775925236967776,0.031872981152136326,0.009146125750027035,0.0,0.006684908674694626,0.0,0.0,0.0,0.0,0.013906297363395959,0.0,0.0,0.0,0.0,0.0,0.0,0.0,0.0,0.0,0.0,0.0,0.0,0.008067331456696832,0.005113240092463986,0.0,0.015724140852294777,0.0,0.0,0.0,0.0,0.0,0.0,0.0,0.0,0.0,0.0,0.0,0.0,0.0,0.0,0.011654043871972379,0.0,0.011654043871972379,0.012248258559532437,0.013714117613897606,0.0,0.0,0.0,0.0,0.0,0.0,0.0,0.0,0.0,0.0,0.0,0.0,0.0,0.0,0.0,0.0,0.0,0.0,0.0,0.0,0.0,0.0,0.0,0.0,0.0,0.0,0.0,0.0,0.0,0.0,0.0,0.0,0.0,0.0,0.0,0.0,0.0,0.0,0.0,0.0,0.0,0.0,0.0,0.0,0.0,0.0,0.0,0.0,0.0,0.0,0.0,0.0,0.0,0.0,0.0,0.0,0.0,0.0,0.0,0.0,0.0,0.0,0.0,0.0,0.0,0.0,0.0,0.0,0.0,0.0,0.0
CATTGCGAAATGGGCG-1,0.20989970811292874,0.2033355663227455,0.043337687941023814,0.0004401300857809503,0.01308257267282364,0.026190542967324912,0.06974160053808628,0.03367083112031084,0.01401692289819292,0.02589557455571897,0.01526556495100277,0.0,0.011117408616380655,0.032738563286110724,0.02457137586244102,0.03411708056201089,0.0074925276693358165,0.0,0.0044110568511561985,0.008555685093202205,0.0,0.007240790380104842,0.005474073235094196,0.001314136435269063,0.011613231358335925,0.0,0.005502837571360078,0.020551061999853314,0.0,0.0,0.0,0.0,0.0005561656145640529,0.0,0.0026241888002461944,0.018741526248664823,0.05332999282960844,0.009330572704220982,0.0,0.0010259716950541842,0.0004993384684005034,0.0,0.0,0.0011123312291281056,0.0,0.002036771454131774,0.0,0.0029851752229282935,0.013156119558231304,0.002405803351394081,0.0,0.017428924806647247,0.0014693813544939872,0.0,0.0,0.0007129881370493568,0.0030540520577003877,0.0,0.0,0.0025790466080950094,0.0,0.0,0.0,0.0,0.0,0.0,0.0,0.0,0.000958295973728664,0.0,0.0,0.0,0.0,0.0,0.0,0.0,0.0,0.0,0.006713762844006009,0.0,0.0,0.0,0.0,0.0,0.0,0.0023814849807415155,0.00038766396535746183,0.0,0.0,0.0,0.0,0.0,0.0025892832715177986,0.0,0.0024604395143174146,0.0,0.0,0.0,0.0,0.0,0.0,0.0017751356253830036,0.0,0.0,0.0,0.001175658552438682,0.0,0.0,0.0,0.0,0.0,0.0,0.0,0.0,0.0005561656145640529,0.0009752979786692199,0.0007129881370493568,0.0,0.0
CATTTGAGTGGTACGT-1,0.37068664139949636,0.08836444984699149,0.14775366993842295,0.05825741108778586,0.04070374802216917,0.041315528983728464,0.01469998653379543,0.05642461552015535,0.01813289203681676,0.07167057567551609,0.08016365865427703,0.07341702583919925,0.009169775827980627,0.018706178155692532,0.00757719021688984,0.01972381934290185,0.0,0.0,0.0,0.015582182327169177,0.0,0.006235104001120705,0.0,0.0,0.0,0.01475301773746166,0.0016980240357495394,0.0,0.0,0.0,0.0,0.0,0.005260995300715646,0.0,0.0,0.0,0.0,0.0,0.003554844369129341,0.0,0.0,0.0,0.0,0.0,0.0,0.0,0.004875018007054883,0.0,0.0,0.0,0.0,0.0,0.0,0.000955801942395443,0.0,0.0018802216500773204,0.0,0.0,0.0,0.003095353807507158,0.0,0.0,0.003172093533772261,0.0023268135174462586,0.0,0.0,0.0,0.0,0.0,0.0,0.0,0.0,0.0,0.0,0.0,0.0,0.0,0.000955801942395443,0.0,0.0,0.0,0.0,0.0,0.0,0.003560540864764573,0.0,0.0,0.0,0.0,0.004203948252567304,0.0,0.0,0.0,0.0,0.0,0.0,0.0,0.0,0.0,0.0,0.0,0.0,0.0,0.0,0.0,0.0,0.0,0.0,0.0,0.0,0.0,0.000877520177910064,0.0,0.0,0.0,0.0,0.0,0.0,0.0
CCAAACAGAACCCTCG-1,1.4377221565857035,0.2775643447794554,0.11505416381099243,0.0,0.10670090467777216,0.027927272090896224,0.006889604060388689,0.0,0.0,0.004497285984235308,0.007088788646689438,0.03738391966938577,0.01998613044409533,0.0,0.007088788646689438,0.017112222602364537,0.0,0.0350449360722694,0.0,0.0,0.0,0.0,0.0,0.01273888145973018,0.0,0.0,0.0,0.0,0.0,0.0,0.0,0.0,0.012807978682062661,0.0,0.0,0.0,0.0,0.004922688149816077,0.0,0.0,0.0,0.0,0.0,0.0,0.0,0.0,0.0,0.0,0.010657381048685372,0.0,0.0,0.0,0.0,0.0,0.0,0.005142891897209605,0.002960383283470828,0.0,0.0,0.016869785612778757,0.0,0.0,0.0,0.0,0.0,0.0,0.0,0.0027903507118799274,0.0,0.0,0.0,0.0,0.0,0.0,0.0,0.0,0.005142891897209605,0.0,0.0,0.0,0.0,0.0,0.0,0.0,0.0,0.0,0.0,0.0,0.0,0.0,0.0,0.0,0.0,0.0,0.0,0.0,0.0,0.0,0.0,0.0,0.0,0.0,0.0,0.0,0.0,0.0,0.0,0.0,0.0,0.0,0.0,0.0,0.0,0.0,0.0,0.0,0.0,0.0,0.0
CCAACGATGCACTGAT-1,0.37922915422585185,0.11291150364406935,0.034921235475885264,0.016964734594095948,0.06420954702410558,0.0,0.05184897273871291,0.006894332857083114,0.07111349077355789,0.01648144375926621,0.0030878208557624126,0.0,0.0,0.0,0.0,0.020415037104119155,0.0,0.0,0.0,0.0,0.0,0.0,0.0,0.0,0.0,0.0,0.006401440436407909,0.0,0.0,0.007988523556824452,0.0,0.0,0.006257011568858664,0.0,0.0,0.0,0.0,0.0,0.0,0.0,0.0,0.0,0.0,0.0,0.0,0.0,0.0,0.0,0.0,0.0,0.0,0.0,0.0,0.010089052132448153,0.009683779176170953,0.0,0.0,0.0,0.0,0.0,0.0,0.0,0.0,0.0,0.004068775923144866,0.0,0.0,0.0,0.0,0.0,0.0,0.0,0.0,0.0,0.0,0.0,0.0,0.0,0.0,0.0,0.0,0.0,0.0,0.0,0.0,0.0,0.0,0.0,0.0,0.0,0.0,0.0,0.0,0.0,0.0,0.0,0.0,0.0,0.0,0.0,0.0,0.0,0.0,0.0,0.0,0.0,0.0,0.0,0.0,0.0,0.0,0.0,0.0,0.0,0.0,0.0,0.0,0.0,0.0
CCAAGAAAGTGGGCGA-1,0.4475930408635654,0.152755088290888,0.12686512974250472,0.010691296032282693,0.02125431155790418,0.01059189440496696,0.048620319341151415,0.03282576340664989,0.002403239255919492,0.022147637181375,0.05377440283686441,0.0,0.03990472337314584,0.011955053901933447,0.013065850746632536,0.00454454883799919,0.03009752623532659,0.0,0.0,0.008874393395931011,0.0,0.005313044096057854,0.0,0.0,0.0,0.0,0.000650864034528964,0.0,0.0,0.0,0.0,0.0,0.0,0.0,0.0046044030737005075,0.0,0.0,0.0,0.0,0.0,0.0,0.0012226678951033655,0.0,0.0050299833184939465,0.0,0.0014709949153767024,0.0011963770467215164,0.00037333220412794673,0.0,0.002088787322286264,0.0,0.0,0.003952603763007091,0.0,0.0,0.00032720944435403286,0.0,0.0,0.0,0.0,8.810763356282087e-05,0.0,0.0,0.0006528294008461995,0.0,0.0,0.0,0.0,0.0,0.0,0.0,0.0,0.0,0.0,0.0031518035451606084,0.0,0.0,0.0,0.0,0.0,0.007004723715541082,0.0,0.0049127074505674875,0.0,0.0,0.0,0.0,0.0,0.0,0.0033922624715215645,0.0009606179560530642,0.0,0.0,0.0,0.0,0.0,0.0,0.0,0.0,0.0003923258336279171,0.0,0.0,0.0,0.0,0.0,0.0,0.0,0.0,0.0,0.0,0.0,0.0002689421962107628,0.0,0.0,0.0,0.0,0.0,0.0,0.0
CCAAGGAACAGAGAGG-1,0.0,0.0,0.016909327070999906,0.0,0.0,0.0,0.0,0.0,0.0,0.0,0.0,0.0,0.0,0.004603606947068943,0.0,0.0,0.0,0.0,0.0,0.0,0.0093181083027425,0.0,0.0,0.0,0.0,0.0,0.003269783229392335,0.0,0.0,0.0,0.0,0.0,0.0,0.0,0.0,0.0,0.0,0.0,0.0,0.0,0.0,0.0,0.0,0.0,0.0,0.0,0.0,0.0,0.0,0.0,0.0,0.0,0.0,0.0,0.0,0.0,0.0,0.0,0.0,0.0,0.0,0.0,0.0,0.0,0.0,0.0,0.0,0.0,0.0,0.0,0.009557831444690284,0.0,0.0,0.0,0.0,0.0,0.0,0.01154729687841053,0.0,0.0,0.0,0.0,0.0,0.0,0.0,0.0,0.0,0.0,0.0,0.0,0.0,0.0,0.0,0.0,0.0,0.0,0.0,0.0,0.0,0.0,0.0,0.0,0.0,0.0,0.0,0.0,0.0,0.0,0.0,0.0,0.0,0.0,0.0,0.0,0.0,0.0,0.0,0.0,0.0
CCACACTGAGATATTA-1,0.19697108283337675,0.16774116765849365,0.04376730068495888,0.04977545819932869,0.05326427004812712,0.03898767209884024,0.039261265092497645,0.012004221658980359,0.03611284810788308,0.0,0.0049516202808670765,0.0,0.0,0.0,0.021089049525161312,0.0,0.017218712852812165,0.0,0.017528997660320667,0.0,0.03408391887001542,0.0,0.0,0.0,0.0,0.0,0.0,0.0,0.0,0.0,0.0,0.0,0.0,0.0,0.024215849610471768,0.0,0.0,0.0,0.0,0.0,0.0,0.0,0.0,0.0,0.0,0.0,0.0,0.0,0.0,0.0,0.0,0.0,0.0,0.0,0.0,0.0,0.0,0.0,0.0,0.0,0.0,0.0,0.0,0.0,0.0,0.0,0.0,0.0,0.0,0.0,0.0,0.0,0.0,0.0,0.0,0.0,0.0,0.0,0.0,0.0,0.0,0.0,0.0,0.0,0.0,0.0,0.0,0.0,0.0,0.0,0.0,0.0,0.0,0.0,0.0,0.0,0.0,0.0,0.0,0.0,0.0,0.0,0.0,0.0,0.0,0.0,0.0,0.0,0.0,0.0,0.0,0.0,0.0,0.0,0.0,0.0,0.0,0.0,0.0
CCACCAACTTTACTGT-1,0.5874355455209135,0.17431427536254726,0.16406210394269816,0.032413011380799335,0.015475784072512712,0.01810046277424198,0.03737790074261273,0.04232693284023194,0.007969776903043013,0.062277242971469714,0.011170083259513254,0.0,0.0002759888202352562,0.01758000384406174,0.02677270812602505,0.018957871120852246,0.001348188757680101,0.0,0.0,0.005719491114607278,0.0,0.0011923494943588478,0.0,0.0,0.0,0.004503153606445549,0.0019946275939570677,0.0,0.0,0.0,0.0,0.0,0.0038049215940520156,0.0,0.006229793311933206,0.011871147032211983,0.0,0.0,0.0,0.0,0.0,0.004230348610121998,0.03315707161980037,0.0,0.0,0.00323818449049175,0.0,0.004826751311837385,0.0,0.006917262420737737,0.0,0.0,0.0006938075444003662,0.0,0.0,0.0,0.0012164381595899862,0.0,0.0,0.0024127427021051824,0.0,0.0,0.004014195824544553,0.0017434085485135266,0.0,0.0,0.0010767149834192103,0.0017774422516995418,0.0018364189463373135,0.0,0.0,0.0,0.0,0.0,0.0,0.0,0.0,0.0,0.002677894069775711,0.0,0.0,0.0,0.0,0.0,0.005144281542629946,0.0,0.0,0.0,0.0,0.0,0.0009870151217362742,0.0,0.0,0.0,0.0005804546695914566,0.0,0.0,0.0,0.0,0.0,0.00041343880126553436,0.0,0.0,0.0,0.0,0.0006938075444003662,0.0,0.0,0.0,0.0,0.0,0.0,0.0,0.0,0.0,0.0,0.0,0.0,0.0
CCACCCAAGGAAAGTG-1,0.559624669548551,0.08582720582640156,0.13317266282487364,0.09437564361731653,0.04921955224348958,0.0,0.007186835178214748,0.0,0.0,0.012713644188087812,0.0029293900834916307,0.0,0.0,0.004642875166669322,0.0,0.0042085689269612085,0.0,0.0,0.0,0.0053260000764023445,0.0,0.0,0.0,0.0,0.0,0.0,0.012670396943228825,0.0,0.0,0.0,0.0,0.0,0.01834393489002393,0.0,0.006264883512343733,0.0,0.0,0.0,0.0,0.0,0.0,0.0,0.0,0.0,0.0,0.0,0.0,0.0,0.0,0.0,0.0,0.0,0.0,0.0,0.0,0.0,0.0,0.0,0.0,0.0029526921157278464,0.0,0.0,0.0,0.0,0.0,0.0,0.0,0.0,0.0,0.0,0.0,0.0,0.0,0.0,0.0,0.0,0.0,0.0,0.0,0.0035334587178908364,0.0,0.0,0.0,0.0,0.0,0.0,0.0,0.0,0.0,0.0,0.0,0.0,0.0,0.0,0.0,0.0,0.0,0.0,0.0,0.0,0.0,0.0,0.0,0.0,0.0,0.0,0.0,0.0,0.0,0.0,0.0,0.0,0.0,0.0,0.0,0.0,0.0,0.0,0.0
CCACGGAGCCATAAGA-1,0.2342436618454854,0.17687659397374828,0.14015984190707534,0.004977343427107457,0.00982890908192538,0.007403880810417628,0.05370117672596115,0.0374959332825541,0.02430548263261502,0.0,0.0,0.025121600808690248,0.00892273731735462,0.0,0.00798736324320409,0.011509436372193328,0.0,0.0,0.008182301107233576,0.0,0.0,0.0,0.006889329320583894,0.0,0.0,0.0,0.0024320125002200766,0.0,0.0,0.0,0.0,0.01034173338099876,0.0,0.0,0.0,0.0,0.0,0.0,0.0,0.0,0.0,0.005657318694933146,0.0,0.0015726924571381703,0.0,0.0,0.0027915208758445328,0.0,0.0,0.0,0.0,0.0,0.0,0.0,0.0,0.0,0.0,0.0,0.0,0.0,0.0,0.0,0.0,0.0,0.00384721958413326,0.0,0.0,0.0,0.0,0.0,0.0,0.0,0.0,0.0,0.0,0.0,0.0,0.0015726924571381703,0.0,0.0,0.0,0.0,0.0,0.0,0.0,0.0,0.0,0.0,0.0,0.0,0.0,0.0,0.0,0.0,0.0,0.0,0.0,0.0,0.0,0.0,0.0,0.0,0.001629735699284855,0.0,0.0,0.0,0.0,0.0,0.0,0.0,0.0,0.0,0.0,0.0,0.0,0.0,0.0,0.0,0.0
CCACTGGTGGCTGGTT-1,0.3973833200028074,0.09462691193971515,0.11091881121749222,0.05856888419839981,0.03340094275134313,0.011188923683097405,0.01505682147293461,0.022341083890419503,0.012402260195871448,0.04060491432422111,0.019488483035366648,0.028287706630531338,0.0,0.0,0.0,0.04190023278705911,0.007581850496490403,0.0,0.0,0.0,0.0,0.0060403976766796545,0.0,0.0,0.0,0.005219801396217821,0.005892852095621092,0.0,0.0,0.0,0.0,0.0,0.007483637688804047,0.0,0.0,0.0,0.0,0.0,0.0,0.0,0.0,0.0,0.0,0.0037418188444020236,0.0,0.0,0.0,0.0,0.0,0.007483637688804047,0.005057775388470724,0.0,0.0037418188444020236,0.0,0.0,0.0,0.0,0.0,0.0,0.0,0.0,0.0,0.005091319432261515,0.0,0.0,0.0,0.0,0.0,0.0,0.0,0.0,0.0,0.0,0.0,0.0,0.0,0.0,0.0,0.0,0.0,0.0,0.0,0.0,0.0,0.0,0.0,0.0,0.0,0.0,0.0,0.0,0.0,0.0,0.0,0.0,0.0,0.0013089892182838283,0.0,0.0,0.0,0.0037418188444020236,0.0,0.0,0.0,0.0,0.0,0.0,0.0,0.0,0.0,0.0,0.0,0.0,0.0,0.0,0.0,0.0,0.0,0.0
CCAGAAAGCAACTCAT-1,0.09846461967395255,0.07816665213732592,0.009790079058004737,0.0,0.0,0.002981826607093096,0.030463716975714202,0.009030182681394786,0.0012951217462407237,0.0015246731150109943,0.0017444846163620323,0.0,0.0,0.007967215915447691,0.012367753946369093,0.005449784966893806,0.004219904261882926,0.0,0.0,0.0027332412826893606,0.029346562335547603,0.0015729061695489847,0.0,0.0,0.0,0.022896555588640337,0.000136594513836139,0.0,0.0,0.004464737123562548,0.0,0.014475500686289092,0.0022532109039822474,0.0,0.0,0.004011491830099323,0.0,0.0012309608652862323,0.0,0.004033338021170256,0.00021715672039040933,0.0025054102266571644,0.0,0.0,0.0,0.0,0.0,0.0,0.0,0.0025825541751362223,0.0026162699282129584,0.0,0.0008681830412498902,0.0,0.001968191420425153,0.0,0.0,0.0,0.0,0.000501846093532058,0.0012263601376672041,0.0,0.0,8.091847673129557e-05,0.0,0.0,0.000517328368625091,0.0,0.00039424084458443426,0.0015815998885314016,0.0,0.0,0.0,0.0,0.0,0.0,0.0,0.0,0.0,0.0,0.006827747324620785,0.0,0.0,0.0,0.0,0.0,0.00010926906501917399,0.0,0.0005184367947472648,0.0,0.0,0.0,0.0,0.0,0.0,0.0,0.0,0.0008455813725342176,0.0,0.0,0.0,0.0,0.0,0.0,0.0,0.0,0.0,0.0,0.0,0.0,0.0,0.0,0.0,0.0,0.0,0.0,0.0,0.0,0.0
CCAGCTGATGGTACTT-1,0.28690561936721487,0.7465808838637031,0.386662155741668,0.022699910174700553,0.036278826710709346,0.0016052844727841955,0.028848425856808666,0.01149243848104748,0.024614771940477863,0.022906083231885505,0.018002279667846264,0.008162452869384478,0.026867908426164943,0.0,0.003944278047021485,0.018852730374046008,0.0,0.051243841718800226,0.03337882238481836,0.0,0.0,0.012174455800685581,0.0234574167236027,0.008446125363485837,0.0,0.0,0.010802283935465576,0.0,0.0,0.006116884074749165,0.0,0.0,0.007803642091933305,0.0,0.0,0.0,0.0,0.0,0.0,0.0010009629048825708,0.0,0.0,0.0,0.0,0.0,0.0052824798924581366,0.0,0.0,0.0,0.0,0.0,0.0,0.0,0.0,0.0,0.0,0.0,0.0,0.0,0.009043893925150134,0.0,0.0,0.0,0.0,0.0,0.0,0.0,0.0,0.0,0.0,0.0,0.0,0.0,0.0,0.0,0.0,0.0,0.0,0.0,0.0,0.0,0.0,0.0,0.0,0.0,0.0,0.002276887141203864,0.0,0.0,0.0,0.0,0.0,0.0,0.0,0.0,0.0,0.0010074135636761812,0.0,0.0,0.0,0.0,0.0,0.0,0.0,0.0,0.0,0.0,0.0,0.001429864265968957,0.0,0.0,0.0,0.0,0.0,0.0,0.0,0.0,0.0,0.0
CCAGCTTCCGCCCGCA-1,1.0706389633573201,0.4224834439926243,0.10673682853075471,0.09898517129507779,0.17721701638590592,0.11457299130689172,0.04606900467624786,0.06662666554839025,0.10897837641553768,0.06715289207526626,0.010102624567412179,0.0,0.02462612733804931,0.0,0.004651651188428493,0.02090954288200383,0.0,0.015613003711938533,0.025294980169393688,0.0,0.0,0.0,0.014179250008489784,0.009142826686313192,0.0,0.0055174507918719605,0.011452530575511214,0.062027610627932245,0.0,0.0,0.0,0.0,0.0,0.0,0.01021488405397615,0.007673339389498525,0.013241263349900612,0.0090280498639695,0.0,0.0,0.0,0.0,0.0,0.0,0.0,0.0,0.0,0.009025830509822922,0.0,0.0,0.0,0.012651132229572832,0.0,0.0,0.0,0.004718257146362264,0.0,0.0,0.0,0.004692917346907776,0.0,0.0,0.0,0.0,0.0,0.0,0.0,0.0,0.005846156415919525,0.0,0.0,0.0,0.0,0.0,0.0,0.0,0.0,0.0,0.0062549094255301505,0.0,0.0,0.0,0.0,0.0,0.0,0.002301225805856251,0.0,0.0,0.0,0.0,0.0,0.0,0.004423378898110419,0.0,0.0,0.0,0.0,0.0,0.0,0.0,0.0,0.0,0.0,0.0,0.0,0.0,0.0,0.002301225805856251,0.0,0.0,0.0,0.0,0.0,0.0,0.0,0.0,0.0,0.0,0.0
CCAGTCTTGTCATAGA-1,0.012147418023652299,0.0048982377505784064,0.0007788919999532553,0.0,0.0,0.0015011547499502557,0.0,0.0018051098079190516,0.0,0.0,0.0,0.0,0.006449395214091237,0.010957039102628281,0.005244734911228833,0.0,0.0075127280837660945,0.002748464515765734,0.0,0.025899117345440405,0.0,0.0,0.0,0.0021798491683658093,0.01079047927538132,0.0,0.0,0.0,0.0,0.015131100418411704,0.0,0.0023738169517856,0.0,0.0,0.0,0.0,0.0,0.0,0.0,0.0014209463942498426,0.0,0.0,0.0,0.0,0.0030411662130933968,0.0,0.0,0.0,0.0,0.0,0.0,0.0,0.0006121412816416502,0.0,0.0,0.0016077767515981604,0.0,0.0,0.0,0.0,0.00035228606833542634,0.0,0.0,7.055041521543293e-05,0.0,0.0,0.0,0.0,0.0,0.0,0.0,0.0,0.0,0.0,0.0,0.0,0.0,0.0,0.0,0.0,0.001983204731834949,0.0,0.0,0.0,0.0,0.0,0.00011726035245717353,0.0,0.0,0.0,0.0003060706408208251,0.0,0.0,0.0,0.0,0.0,0.0,0.0,0.0,0.0,0.0,0.0,0.0,0.0,0.0,0.0,0.0,0.0,0.0,0.0,0.0,0.0,0.0003060706408208251,0.0,0.0,0.0,0.0,0.0,0.0
CCATCGCAGTTAAACT-1,0.1823405614303903,0.14343362331996115,0.07960118318581333,0.024553449766428592,0.054100633868123096,0.007820774696760388,0.014825225427884364,0.010823825089449114,0.0,0.0,0.02362632826953605,0.05177978888556721,0.0,0.0,0.0,0.0103063492654086,0.0,0.0,0.010126128265934358,0.0,0.0,0.008975009966213459,0.010748804762618084,0.0,0.0,0.0,0.004288357152932451,0.0,0.0,0.0,0.0,0.0,0.0,0.0,0.0,0.0,0.0,0.0,0.0,0.0,0.0,0.0,0.0,0.0,0.0,0.0,0.0,0.0,0.0,0.0,0.0,0.0,0.0032835512046107762,0.0,0.0,0.0,0.0,0.0,0.0032835512046107762,0.0,0.0,0.0,0.0,0.0,0.0,0.0,0.0,0.0,0.0,0.0,0.0,0.0,0.0,0.0,0.0,0.0,0.0,0.0,0.0,0.0,0.0,0.0,0.0,0.0,0.0,0.0,0.0,0.0,0.0,0.0,0.0,0.0,0.0,0.0,0.0,0.0,0.0,0.0,0.0,0.0,0.0,0.0,0.0,0.0,0.0,0.0,0.0,0.0,0.0,0.0032835512046107762,0.0,0.0,0.0,0.0,0.0,0.0,0.0,0.0,0.0
CCATGCCTGTTTAGTA-1,0.33574801177507624,0.15161301796647692,0.10644074210655532,0.0,0.009019462975999225,0.0,0.03346007382172422,0.0109749449435254,0.0,0.0,0.004302800448052984,0.0,0.0,0.0,0.010428971834897556,0.006056057957630022,0.0,0.0,0.0,0.0,0.0,0.0,0.0,0.0,0.0,0.0,0.0,0.0,0.0,0.0,0.0,0.0,0.0,0.0,0.01308759707060162,0.0,0.0,0.0,0.0,0.0,0.0,0.0,0.0,0.0,0.0,0.015514395721529564,0.0,0.0,0.0,0.0,0.0,0.0,0.0,0.0,0.009019462975999225,0.0,0.0,0.0,0.01838214543594994,0.0,0.0,0.0,0.0,0.0,0.0,0.0,0.0,0.0,0.0,0.0,0.0,0.0,0.0,0.0,0.0,0.0,0.0,0.0,0.0,0.0,0.0,0.0,0.0,0.0,0.0,0.0,0.0,0.0,0.0,0.0,0.0,0.0,0.0,0.0,0.0,0.0,0.0,0.0,0.0,0.0,0.0,0.0,0.0,0.0,0.0,0.0,0.0,0.0,0.0,0.0,0.0,0.0,0.0,0.0,0.0,0.0,0.0,0.0,0.0
CCATGGCCCTTGTACC-1,0.30339640492281145,0.30422503438402865,0.11362638879067156,0.0,0.05073359629245161,0.03916964136692984,0.08595961363281233,0.017043817296789193,0.0926522879042085,0.06398062469921141,0.002486521178393607,0.0,0.031565182598800035,0.0,0.004838579035250244,0.046734863575299844,0.0,0.0,0.0,0.0,0.0,0.0,0.0,0.0,0.0,0.0,0.005209197302134977,0.0,0.0,0.0,0.0,0.0,0.0,0.0,0.007540099120432754,0.0,0.0,0.0031964997018120852,0.0,0.0,0.0,0.0,0.0,0.0,0.0061977871006060285,0.0,0.0,0.0,0.0,0.0,0.0,0.0,0.0,0.007405797788424399,0.0,0.0,0.0,0.0,0.0,0.0,0.0,0.0,0.002724676594596226,0.0,0.002907142289385608,0.0,0.0,0.0,0.0,0.0,0.0,0.0,0.0,0.0,0.0,0.0,0.0,0.0,0.0,0.0,0.0,0.0,0.0,0.0,0.0,0.0,0.0004751204580313455,0.0,0.0,0.0,0.0,0.0,0.0,0.0,0.0,0.0,0.0,0.0,0.0,0.0,0.0,0.0,0.0,0.0,0.0,0.0,0.0,0.0,0.0,0.0,0.0,0.0,0.0,0.0,0.0,0.0,0.0,0.0,0.0
CCATTCCCTGCCCACA-1,0.0,0.0,0.0,0.0,0.0,0.008940333754200799,0.0,0.0,0.006970167914700237,0.0027287417365909673,0.0,0.03579596098149797,0.0,0.0,0.011658780768336655,0.0,0.0,0.0,0.0,0.0,0.0,0.002442597589011751,0.0,0.0,0.0,0.0,0.0,0.0,0.0,0.0,0.0,0.0,0.00800445012279822,0.0,0.0,0.0,0.0,0.0,0.0,0.006442200422870682,0.0,0.0,0.0,0.0,0.0,0.0,0.0,0.0,0.0,0.0,0.0,0.0,0.0,0.0,0.0,0.0,0.0,0.012112894288947254,0.0,0.0,0.0,0.0,0.0,0.0,0.0,0.0,0.0,0.0,0.0,0.0,0.0,0.0,0.0,0.0,0.0,0.0,0.0,0.0,0.0,0.0,0.0,0.0,0.0,0.0,0.0,0.0,0.0,0.0,0.0,0.0,0.0,0.0,0.0,0.0,0.0,0.0,0.0,0.0,0.0,0.0,0.0,0.0,0.0,0.0,0.0,0.0,0.0,0.0,0.0,0.0,0.0,0.0,0.0,0.0,0.0,0.0,0.0,0.0,0.0
CCCAACATACGTCGCG-1,0.4418074103611063,0.11285245796794367,0.07646538115341263,0.027122884182293118,0.03675558466874803,0.010490438109031424,0.018938382871449215,0.0,0.009862338297999903,0.01865764889255764,0.0,0.029905427501360802,0.0,0.0,0.009389288685664791,0.0,0.0,0.0,0.0,0.0,0.0,0.01471271478811411,0.0,0.0,0.0,0.0,0.0,0.0,0.0,0.0,0.0,0.0,0.0,0.0,0.0,0.0,0.017697318323683982,0.0,0.0,0.0,0.0,0.0,0.0,0.0,0.0,0.0,0.0,0.0,0.0,0.0,0.0,0.0,0.0,0.0,0.007400959235659095,0.0,0.0,0.0,0.0,0.0,0.0,0.0,0.0,0.0,0.0,0.0,0.0,0.0,0.0,0.0,0.0,0.007400959235659095,0.0,0.0,0.0,0.0,0.0,0.0,0.0,0.0,0.0,0.0,0.0,0.0,0.0,0.0,0.0,0.0,0.0,0.0,0.0,0.0,0.0,0.0,0.0,0.0,0.0,0.0,0.0,0.0,0.0,0.0,0.0,0.0,0.0,0.0,0.0,0.0,0.0,0.0,0.0,0.0,0.0,0.0,0.0,0.0,0.0,0.0,0.0
CCCAATTTCACAACTT-1,0.09293000739132357,0.12506391341635337,0.08227864932547028,0.0,0.0,0.002932688085022427,0.0,0.015035357306647474,0.007982717301040913,0.04522386582019265,0.0,0.0,0.0,0.0,0.006637859707790022,0.0,0.0,0.0,0.004955698117125726,0.0,0.0,0.0,0.0,0.0,0.0,0.0,0.0,0.0,0.0,0.0,0.0,0.0,0.0,0.0,0.0,0.0,0.0,0.0,0.008603185662399945,0.0,0.0,0.0,0.0,0.0,0.0,0.0,0.0,0.0,0.0,0.0,0.0,0.0,0.0,0.0,0.0,0.0,0.0,0.0,0.008603185662399945,0.0,0.0,0.0,0.0,0.0,0.0,0.0,0.0,0.0,0.0,0.0,0.0,0.0,0.0,0.0,0.0,0.0,0.0,0.0,0.0,0.0,0.0,0.0,0.0,0.0,0.0,0.0,0.0,0.0,0.0,0.0,0.0,0.0,0.0,0.0,0.0,0.0,0.0,0.0,0.0,0.0,0.0,0.0,0.0,0.0,0.0,0.0,0.0,0.0,0.0,0.0,0.0,0.0,0.0,0.0,0.0,0.0,0.0,0.0,0.0
CCCGACCATAGTCCGC-1,0.6287273771795282,0.07749924773865272,0.08390188894104458,0.10714832128318776,0.05587822295525175,0.0,0.0,0.06071272166482511,0.004867591371850298,0.004480141797632384,0.007487226141362392,0.0,0.0,0.0,0.01007755692708423,0.0,0.0,0.0,0.0,0.0,0.01577379531668944,0.007798756061747281,0.0,0.0,0.0,0.0,0.007341602500357944,0.0,0.0,0.0,0.051321485458079075,0.0,0.0,0.0,0.0,0.0,0.0,0.0,0.0,0.0,0.0,0.0,0.0,0.0,0.0,0.0,0.0,0.0,0.0,0.0,0.0,0.0,0.0,0.0,0.0,0.0,0.0,0.0,0.0,0.0070804370560061634,0.007703372471926246,0.0,0.0,0.0,0.0,0.0030699006515368444,0.0,0.0,0.0,0.02337009966630003,0.0,0.0,0.0,0.0,0.0,0.0,0.0,0.0,0.0,0.0,0.0,0.0,0.0,0.0,0.004348884501366375,0.0,0.0,0.0,0.0,0.0,0.0,0.0,0.0,0.0,0.0,0.0,0.0,0.0,0.0,0.0,0.0,0.0,0.0,0.0,0.0,0.0,0.0,0.0,0.0,0.0,0.0,0.0,0.0,0.0,0.0,0.0,0.0,0.0,0.0
CCCGCAGCGCGAACTA-1,0.0,0.0,0.0,0.0,0.0,0.011590874834890658,0.0,0.0,0.0,0.0,0.01278958591203379,0.0,0.0,0.0,0.0,0.0030406340207316247,0.0,0.0,0.0,0.0,0.0,0.006915280873591315,0.0,0.0,0.0,0.0,0.0,0.0,0.0,0.0,0.0,0.0,0.0,0.0,0.0,0.0,0.0,0.0,0.0,0.0,0.0,0.0,0.0,0.0,0.0,0.0,0.0,0.0,0.0,0.0,0.0,0.0,0.0,0.0,0.0,0.0,0.0,0.0,0.0,0.0,0.0,0.0,0.0,0.0,0.0,0.0,0.0,0.004266896038966479,0.0,0.0,0.0,0.0,0.0,0.0,0.0,0.0,0.0,0.0,0.0,0.0,0.0,0.0,0.0,0.0,0.0,0.0,0.0,0.0,0.0,0.0,0.0,0.0,0.0,0.0,0.0,0.0,0.0,0.0,0.0,0.0,0.0,0.0,0.0,0.0,0.0,0.0,0.0,0.0,0.0,0.0,0.0,0.0,0.0,0.0,0.0,0.0,0.0,0.0,0.0
CCCGGTGGAAGAACCT-1,0.5867652127487514,1.1508346276181036,0.08878600516860907,0.018077618114489147,0.0820041253645064,0.044949960828936056,0.06143310128851169,0.024893708587607644,0.06402238541960616,0.07547213067846818,0.014799759958416297,0.0,0.03458632470980766,0.0,0.004319632430176814,0.045620983594262796,0.0034829293327730817,0.007276863458409972,0.019438446726151814,0.0,0.0,0.01993116890560256,0.011919437684864122,0.008675389771460346,0.0,0.006853306283514506,0.008414411137639842,0.0,0.007156259942307211,0.0,0.0,0.0,0.002097579979664062,0.0,0.0,0.01154125248161175,0.0361035439682525,0.012760381584452895,0.0,0.0,0.0,0.0,0.0,0.0018917833956511596,0.0,0.0032247476467457898,0.0,0.0,0.0,0.0025774490932780835,0.0,0.008835568493066522,0.0013832178971396234,0.0,0.0,0.0,0.0,0.0,0.0,0.0013832178971396234,0.0,0.0,0.0,0.0,0.0,0.0,0.0,0.003222359885201642,0.0022378082373206384,0.0,0.0,0.0,0.0,0.0,0.0,0.0,0.0,0.0,0.0,0.0,0.0,0.0,0.0013832178971396234,0.0,0.0,0.0,0.00045240571869454356,0.0013832178971396234,0.0,0.001414447446568029,0.0,0.002097579979664062,0.0,0.0,0.0,0.0,0.0,0.0,0.0,0.0,0.0,0.0,0.0,0.0,0.0,0.0,0.0,0.0,0.0,0.0,0.0,0.0,0.0,0.0,0.0,0.0,0.0,0.0,0.0
CCCGTAAGTCTAGGCC-1,0.10548035230764934,0.0,0.03497089553465122,0.03425188495430641,0.025606361956349938,0.04243472369522459,0.0,0.005633247227533099,0.01082489480968522,0.025665650871507656,0.020928430856983857,0.0,0.024714805129047866,0.0,0.0,0.005547615558429868,0.0,0.018193908730000475,0.0,0.0,0.07287125941790663,0.00797816423967631,0.0,0.006570739106606958,0.0,0.0,0.0,0.0,0.0,0.0,0.0,0.0,0.0,0.0,0.0,0.0,0.0,0.0,0.0,0.0018107536407976138,0.0,0.0,0.0,0.0,0.0,0.0,0.0,0.0,0.0,0.0,0.0,0.0,0.0,0.0,0.0,0.0,0.0,0.0,0.0,0.0,0.0,0.0,0.0,0.0,0.0,0.0,0.0,0.0,0.0,0.0,0.0,0.0,0.0,0.0,0.0,0.0,0.0,0.0,0.0,0.0,0.0,0.0,0.0,0.0,0.0,0.0,0.0,0.0,0.0,0.0,0.0,0.0,0.0,0.0,0.0,0.0,0.0,0.0,0.0,0.0,0.0,0.0,0.0,0.0,0.0,0.0,0.0,0.0,0.0,0.0,0.0,0.0,0.0,0.0,0.0,0.0,0.0,0.0,0.0
CCCTGAAATGAGTTGA-1,0.13240921318495513,0.08074658107982458,0.0,0.0,0.023708489345684654,0.0,0.017440104479409718,0.0,0.0029429765815898964,0.011658496936058482,0.0,0.0,0.0,0.0,0.003189762902722333,0.003802166810505298,0.0,0.0,0.0,0.0,0.0,0.009172078294363818,0.0,0.0,0.0,0.0,0.0,0.0,0.0,0.0,0.0,0.0,0.0,0.0,0.0,0.0,0.0,0.0,0.0,0.0,0.0,0.0,0.0,0.0,0.0,0.0,0.0,0.0,0.0,0.008694842572378585,0.0,0.0,0.0,0.0,0.01063663699557837,0.0,0.0,0.01287736754857348,0.0,0.0,0.0,0.0,0.0,0.0,0.0,0.0,0.0,0.0,0.0,0.0,0.0,0.008694842572378585,0.0,0.0,0.0,0.0,0.0,0.0,0.0,0.0,0.0,0.0,0.0,0.0,0.0,0.0,0.0,0.0,0.0,0.0,0.0,0.0,0.0,0.0,0.0,0.0,0.0,0.0,0.0,0.0,0.0,0.0,0.0,0.0,0.0,0.0,0.0,0.0,0.0,0.0,0.0,0.0,0.0,0.0,0.0,0.0,0.0,0.0,0.0
CCCTGACTAACAAATT-1,0.3637102175798837,0.0927399793824864,0.12850939791731203,0.03346291753579765,0.007759976330237689,0.011545176335266999,0.02873995863829199,0.013173956790008753,0.002454565722357461,0.020548400395060326,0.00543981524353433,0.02517904825866457,0.01170842976385235,0.011631760011074715,0.006515683971450667,0.018827407604082816,0.016812479252253803,0.008144827365149139,0.0,0.000532154129959576,0.0,0.0018251252114803755,0.001621799132439038,0.0032519040419198386,0.0,0.0,7.476028529757666e-05,0.0,0.0030839065203520045,0.005536722427394347,0.0,0.010050064059801373,0.0,0.009174280081862565,0.0,0.002142210004827272,0.0,0.0,0.0,0.005891407676668822,0.0007825365548157011,0.0,0.0,0.00024963807421346827,0.0,0.0,0.0012096023968618539,0.00040869068067402275,0.0,0.0,0.0022623494474761233,0.0,0.0,0.0,0.0,0.0008377059737043231,0.0008320049574312173,0.0,0.0,0.0,0.0,0.0,0.0,0.00013596374481211982,0.0016956623618519324,0.0,0.0029404589988993807,0.0,0.0004107536820644812,0.0,0.0,0.0,0.0,0.0,0.0,0.0019719453535237417,0.0,0.0,0.002184246054843718,0.0,0.0,9.961720617569028e-05,0.0,0.0,0.0,0.0,0.00023540017736260684,0.0,0.0,0.0002113120402292499,0.0,0.0,0.0,0.0,0.00047225621394542317,0.0,0.00029347840308210693,0.000216433388227423,0.0,0.0005540410954930134,0.0,0.0005058548207071063,0.0,0.0,0.0,0.0,0.0,0.0,0.0,0.0,0.0,0.0,0.0,0.0,0.0,0.0,0.0,0.0,0.0
CCCTGCCCAATCCGCT-1,0.2319759957604066,0.2747363770629792,0.17644605424873097,0.043633751823777336,0.0502461609797192,0.03086291244550212,0.02333595295816409,0.04842358726943071,0.02376562566854568,0.04219456624087483,0.0084563725771044,0.017655272305863556,0.0017135887195079437,0.029929637797057252,0.013606169640501797,0.041182333842408735,0.006782753729811207,0.03166464085832479,0.018369969884795362,0.015557774330609762,0.0,0.010967236510827252,0.004047513096263054,0.008676072050435862,0.0,0.0,0.006219660859630561,0.0,0.0,0.0,0.048404193033816836,0.0,0.00846124574726482,0.0,0.0,0.024963156733438702,0.02018070740915174,0.0,0.0,0.003454642540800586,0.0001860433241296986,0.0,0.0,0.011436997435615407,0.0,0.0,0.0,0.0,0.0,0.0,0.0,0.008321820386055926,0.0,0.0,0.0,0.0,0.0,0.0,0.0,0.00659046371066007,0.0,0.0,0.0029008896635195134,0.0,0.0,0.0,0.002930074829444084,0.0,0.0,0.0,0.0,0.0,0.0,0.0,0.0,0.0,0.0,0.0,0.0,0.0,0.0,0.0,0.0,0.0,0.0,0.0,0.0,0.0,0.0,0.0,0.0,0.0,0.0,0.0,0.0007539189752533938,0.0,0.0,0.0,0.0,0.0,0.0,0.0,0.0,0.0,0.0,0.0,0.0,0.0,0.0,0.0,0.0,0.0,0.0,0.0,0.0,0.0,0.0,0.0,0.0
CCCTGCGCTACGCATA-1,0.0,0.27580003693266864,0.0,0.0,0.07803344391761284,0.013076095508885598,0.0,0.03640459866173522,0.0,0.0,0.0,0.048107330991384076,0.034103505987378754,0.0,0.006671948927524122,0.010669976240652506,0.012177956885247901,0.0,0.0,0.0,0.0,0.0,0.0,0.0,0.0,0.0,0.0019373911873870903,0.0,0.0,0.005027622909330811,0.0,0.0,0.005027622909330811,0.0,0.0,0.024856510897695673,0.0,0.0,0.0,0.0,0.0,0.0,0.0,0.0,0.0036142532424404397,0.0,0.0,0.0,0.0,0.0,0.0,0.0,0.0,0.0,0.0,0.0,0.0018205080953316156,0.0,0.0,0.0,0.002554450391139992,0.0,0.0,0.0,0.0,0.0,0.0,0.002940178414337384,0.0,0.001795591763462207,0.0,0.0,0.0,0.0,0.0,0.0,0.0,0.0,0.0,0.0,0.0,0.0,0.0,0.0,0.0,0.0,0.0,0.0,0.0,0.0,0.0,0.0,0.0,0.0,0.0,0.0,0.0,0.0,0.0,0.0,0.0,0.0,0.0,0.0,0.0,0.0,0.0,0.0,0.0,0.0,0.0,0.0,0.0,0.0,0.0,0.0,0.0,0.0,0.0
CCCTTTGACAGGTCTT-1,0.4790943695357344,0.41313662352212616,0.17829849314317917,0.06185048599942926,0.04633189309991106,0.009584305719647246,0.0,0.052125661461039585,0.0,0.0,0.1134451328161629,0.03392143387635379,0.007304275842379252,0.03361466048913612,0.012258677148348324,0.009997803393211997,0.01117769996463357,0.0,0.0,0.003823965482988528,0.0,0.008422419476023926,0.0,0.0,0.0,0.0,0.001696146456295888,0.0,0.0,0.0013536605543214132,0.0,0.0,0.0013510555692067177,0.0,0.012838368385091116,0.0,0.0,0.0,0.0,0.008354349456741461,0.0,0.0,0.0,0.0007919803035128803,0.0,0.0,0.004071804191131625,0.0008768250648496433,0.0,0.0011935968593615788,0.0013556525658021163,0.0,0.0002894319732537107,0.0,0.0,0.002037285300274041,0.0,0.0,0.0,0.0,0.0,0.0,0.0,0.00019235467941594548,0.0,0.0,0.0,0.0,0.0,0.0,0.0,0.0,0.0,0.0,0.0,0.0,0.0,0.0011634800774895885,0.0,0.0,0.0,0.0,0.0016081342366031045,0.0,0.0,0.0,0.0010167234631938043,0.0,0.0,0.002002601139078004,0.0003795023353632888,0.0,0.0,0.0,0.0,0.0,0.0,0.0,0.0,0.0,0.0,0.002183403710678417,0.0,0.0,0.0,0.0,0.00031093942440578134,0.0,0.0,0.0,0.0,0.0,0.0002894319732537107,0.0,0.0,0.0,0.0,0.0,0.0
CCGAACACTGGGCCTC-1,0.160418695170869,0.023228714802340764,0.056158583800351616,0.016869972284522073,0.004307805042975239,0.004245017786533679,0.022100290956011577,0.023206244614413975,0.0016021292171585978,0.0,0.004539769000226515,0.0,0.033686210166149144,0.01852750304085806,0.010646340381148459,0.012841587275484283,0.042657297401247005,0.010237401472754894,0.0,0.016104000282062773,0.0,0.004294945517834835,0.0,0.0037213974654485503,0.013138786732928204,0.0,0.0006877792528837156,0.003843851817978439,0.0,0.007106463571090085,0.0,0.0,0.0,0.004519538876663924,0.0,0.0029412288795521617,0.0,0.00206339695762288,0.0,0.004404228603218686,0.00015775562630480355,0.007512744114692907,0.0,0.0004444948277069928,0.0,0.0,0.001224050132135501,0.0,0.0,0.001234026373479979,0.0030941462079798632,0.0,0.002821210643477074,0.0,0.0,0.0001889959892911622,0.0005673531391321187,0.0,0.0,0.0,0.0003206849156276931,0.0,0.0,0.002072592332839738,0.0,0.0,0.0007123535457618923,0.0010364449677489934,0.00017273633012395302,0.0007048623451432183,0.0,0.0,0.0051275091290399555,0.0,0.0002683780763664105,0.0,0.0,0.0,0.0006548167987866562,0.0,0.0,0.0,4.261107514636282e-05,0.0,0.0,0.0002894140380214303,0.00012317202198613785,0.0,0.0,0.0,0.0,0.0,0.0,0.0,0.0002565285395950824,0.0004893853726349644,0.0003488156868087974,0.0005493259081140983,0.0,0.0,4.261107514636282e-05,0.0004414670580059813,0.000260154594293434,0.0,0.0,0.0,0.0,0.0,0.0,0.0,0.0,0.0,0.0,0.0,0.0,0.00017129437756302924,0.0,0.0,0.00025740188022346084
CCGACAAAGGGAGTGC-1,0.3931812367307244,0.06328297933618741,0.09576273633879262,0.05512365587995509,0.07130768403675738,0.04499580695212409,0.007501201127120102,0.02044272611113795,0.0034156553054382876,0.03457600903013145,0.007935660597182505,0.0,0.0,0.0,0.010894163343609046,0.0372024788254055,0.0,0.0,0.0,0.0,0.0,0.0,0.0,0.0,0.0,0.0,0.0,0.0,0.0,0.0,0.0,0.0020860685885994604,0.024167179777012437,0.0,0.016525607780020546,0.0,0.0,0.0,0.0,0.0,0.0,0.0,0.0,0.0,0.003724166651640327,0.0,0.0,0.0,0.0,0.0,0.0,0.0,0.005240745256094539,0.0,0.0,0.0,0.0,0.0,0.0,0.0,0.0,0.0,0.006842844632411681,0.0,0.0,0.0,0.0,0.0,0.0,0.0,0.0,0.0,0.0,0.0,0.0,0.0,0.0,0.0,0.0,0.0,0.0,0.0,0.0,0.0,0.0,0.0,0.0,0.0,0.0,0.0,0.0,0.0,0.0,0.0,0.0,0.0,0.0,0.0,0.0,0.0,0.0,0.0,0.0,0.0,0.0,0.0,0.0,0.0,0.0,0.0,0.0,0.0,0.0,0.0,0.0,0.0,0.0,0.0,0.0
CCGATTCGAGGGACCC-1,0.3982257468641403,0.18892491614598148,0.08886414485385102,0.041720916958677585,0.021094599774790362,0.0,0.0068913216958841434,0.038236408500087124,0.004919147488248713,0.04164022702553484,0.00908268314801591,0.05650496352884845,0.007763710605728365,0.0,0.0,0.017843034908551096,0.0,0.0,0.039357890672522676,0.0,0.05857788798244841,0.002100561994761337,0.021427711858461738,0.0,0.0,0.0,0.0,0.0,0.0,0.0,0.0,0.0,0.010353530774271385,0.0,0.0,0.0,0.011419101809473677,0.0,0.0,0.0,0.0,0.0,0.0,0.0,0.0,0.0,0.0,0.0,0.0,0.0,0.0,0.006853620140861434,0.0,0.0,0.00774648591862497,0.0054569130030156605,0.0,0.0,0.0040486371109472894,0.0,0.0,0.0,0.0072777071308796175,0.0,0.0,0.0,0.0009568200410746932,0.0,0.0,0.0,0.0,0.0,0.0,0.0,0.0,0.0,0.0,0.0,0.0054569130030156605,0.0040486371109472894,0.0,0.0,0.0,0.0,0.0,0.0,0.0,0.0,0.0,0.0,0.0,0.0,0.0,0.0,0.0,0.0,0.0,0.0,0.0,0.0,0.0,0.0,0.0,0.0,0.0,0.0,0.0,0.0,0.0,0.0,0.0,0.0,0.0,0.0,0.0,0.0,0.0,0.0,0.0
CCGCACAAAGACCAAC-1,0.0,0.0,0.243268373679558,0.0,0.0,0.0,0.0,0.0,0.0,0.0,0.0,0.0,0.0,0.0,0.0,0.002667492768055995,0.0,0.0,0.0,0.0,0.0,0.0,0.0,0.0,0.0,0.01879563959325354,0.011396808967213286,0.0,0.0,0.008918990570292062,0.0,0.0,0.011083404110156118,0.0,0.0,0.0,0.0,0.0,0.0,0.0,0.0,0.0,0.0,0.0,0.0,0.0071004238448861695,0.0,0.009957131524456495,0.0,0.0,0.0,0.0,0.0,0.0071004238448861695,0.011083404110156118,0.0,0.0,0.0,0.0,0.0,0.0,0.0,0.0,0.0,0.00501826378770075,0.0,0.0,0.0,0.0,0.0,0.0,0.0,0.0,0.0,0.0,0.0,0.0,0.0,0.0,0.0,0.0,0.0,0.0,0.0,0.0,0.0,0.0,0.0,0.0,0.0,0.0,0.0,0.0,0.0,0.0,0.0,0.0,0.0,0.0,0.0,0.0,0.0,0.0,0.0,0.0,0.0,0.0,0.0,0.0,0.0,0.0,0.0,0.0,0.0,0.0,0.0,0.0,0.0,0.0
CCGCACGTGACCTCGG-1,1.0131763066990482,0.8192412242995147,0.21002289049006623,0.046414983159397,0.2694559926277424,0.06066634582393607,0.06219919316855602,0.07051740582224907,0.09727667525344184,0.019539640444351473,0.010327154239968658,0.04299265325949305,0.040414546355158995,0.0,0.00943502626015839,0.018960768613087733,0.0,0.0,0.018798921075696716,0.0,0.0,0.0,0.012455707256945005,0.0,0.018504414636841923,0.0,0.012429187572101062,0.0,0.03529118539672316,0.0,0.0,0.0,0.0,0.0,0.004100403524715627,0.007621962353069473,0.0,0.011562591198353279,0.0,0.0,0.007836724814917177,0.005037948926104852,0.0,0.007699161429126107,0.005924399504091675,0.00571027087558092,0.0,0.01287741109276453,0.0,0.004042020555125026,0.0031363814289447475,0.0,0.0,0.0,0.0,0.0,0.0,0.0,0.0,0.0,0.0,0.0,0.0,0.0,0.0,0.0,0.0,0.00475279232112292,0.0018759506635950014,0.0,0.0,0.0,0.0,0.0,0.0,0.0,0.0,0.0,0.0,0.0,0.0,0.0,0.0,0.0,0.0,0.0,0.0,0.0,0.0,0.0,0.0,0.0,0.0,0.0,0.0012456656833771244,0.0,0.0,0.0,0.0,0.0,0.0,0.0,0.0,0.0,0.0,0.0,0.0,0.0,0.0,0.0,0.0,0.0,0.0,0.0,0.0,0.0,0.0,0.0,0.0
CCGCGATTTGGTAGGT-1,0.036770272418601375,0.013676881301733413,0.08367896224273623,0.0,0.0,0.0,0.0,0.014899787890949232,0.0,0.007767033841595022,0.0,0.0,0.0,0.01810130316685382,0.01281468060596385,0.0,0.016939221238723257,0.0075645216151528525,0.0,0.0,0.0,0.0005616998642650094,0.0,0.003442697027182547,0.0,0.0,0.0004740378948138143,0.0,0.0,0.05456355583434923,0.0,0.0,0.0,0.002512566329571545,0.0,0.0,0.0,0.0,0.0,0.0034407541529041918,0.0005472716064676759,0.0,0.0,0.0,0.0,0.0,0.0,0.0,0.0,0.0,0.0,0.0,0.0025101980678378247,0.0,0.0,0.0,0.0,0.0,0.0,0.0,0.0,0.0,0.0,0.00044102590090771117,0.0,0.0,0.0,0.0,0.0,0.0,0.0,0.0,0.0,0.0,0.0,0.0,0.0,0.0,0.0,0.0007860287495934267,0.0,0.0,0.0,0.0,0.0,0.0,0.0,0.0,0.0,0.0,0.0,0.0,0.0,0.0,0.0,0.0,0.0,0.0,0.0,0.0,0.0,0.0,0.0,0.0,0.0,0.0,0.0,0.0,0.0,0.0,0.0,0.0,0.002512211595795258,0.0,0.0,0.0,0.0,0.0,0.0
CCGCGGAATGCGTCAC-1,0.4180711270921812,0.13818729304725386,0.05146208384419916,0.07107308431081802,0.011722511958465775,0.016135023867230824,0.09893148390374158,0.041354530418068115,0.04250803709353983,0.1930505933440391,0.012659646056973865,0.0,0.007020764974122087,0.05120986661641434,0.026367691209914935,0.031210521204147374,0.0,0.0,0.0,0.027295467289323135,0.0,0.002799227380479773,0.003151215057432221,0.001966307786216565,0.0,0.0,0.004275721091479251,0.024231847321288812,0.0,0.0,0.0,0.0,0.0,0.011993799330921064,0.001962435248375017,0.001739967994740944,0.014056368750078907,0.004145705307209017,0.0,0.0,0.00037926702286099286,0.0011987494827569683,0.0,0.0,0.0,0.0,0.004056408147321645,0.011528619073844696,0.0,0.0,0.0,0.009134936004815289,0.0,0.0,0.0,0.0,0.014205044388128817,0.0,0.0,0.0,0.0,0.0,0.0,0.006369278955785887,0.001509936197503265,0.0,0.0016296756567814776,0.00036787394406153896,0.0022708646524304036,0.0,0.0,0.0,0.0,0.0,0.0,0.0,0.0,0.0,0.0019363725864464964,0.0,0.0,0.0,0.0,0.0,0.0,0.002772297909993747,0.00041691052477402463,0.0,0.0,0.003502691060888575,0.0,0.0,0.0,0.0,0.00034323413872320446,0.0,0.0,0.0,0.0,0.0008566045751283016,0.0007871201170389852,0.0008433774217871332,0.0,0.0,0.0,0.0,0.0,0.0003935600585194926,0.0,0.0,0.0,0.0005375092216893264,0.0,0.0,0.0,0.0,0.0,0.0003935600585194926,0.0
CCGCGGGTACGAAGAA-1,1.6506036487421525,0.6242054048212066,0.14899714240036213,0.16766233512268278,0.3412224927182482,0.0944014143915142,0.0,0.05175246743887552,0.0,0.0,0.0,0.03516143211963669,0.0,0.0,0.008028710336170069,0.010987948777355283,0.0,0.0,0.0,0.0,0.0,0.0,0.0,0.0,0.0,0.022669978319124047,0.0,0.0,0.0,0.0,0.0,0.0,0.0,0.0,0.0,0.018111334716541035,0.0,0.0,0.0,0.0,0.0,0.0,0.0,0.0,0.005276733744434927,0.0,0.0,0.0,0.0,0.0,0.0,0.0,0.0,0.0045422650440152335,0.0,0.0,0.02504398648964544,0.0,0.0,0.0,0.0,0.0,0.0,0.0,0.0,0.0,0.0,0.005583885809281137,0.0,0.0,0.0,0.0045422650440152335,0.0,0.0,0.0,0.0,0.0,0.0,0.0,0.0045422650440152335,0.0,0.0,0.0,0.0,0.0,0.0,0.0,0.0,0.0,0.0,0.0,0.0,0.0,0.0,0.0,0.0,0.0,0.0,0.0,0.0,0.0,0.0,0.0,0.0,0.0,0.0,0.0,0.0,0.0,0.0,0.0,0.0,0.0,0.0,0.0,0.0,0.0,0.0,0.0
CCGCGTAGGTAAGGGC-1,0.0,0.0,0.0,0.0,0.0,0.05099704079216187,0.0,0.008501257767863672,0.0,0.0,0.009480996392414377,0.07765824515075229,0.0,0.0,0.020127109811053784,0.029894194534656013,0.0,0.0470402655975158,0.0,0.0,0.0,0.03595402640985593,0.0,0.010823509064662073,0.0,0.0,0.014239393986911007,0.0,0.0,0.0,0.0,0.0,0.0,0.051937243687003906,0.0,0.0,0.0,0.0,0.0,0.0,0.0,0.0,0.0,0.0,0.0,0.0,0.0,0.0,0.0,0.0,0.0,0.0,0.0,0.0,0.0,0.0,0.0,0.0,0.0,0.0,0.0,0.0,0.0,0.0,0.0,0.0,0.0,0.0,0.0,0.0,0.0,0.0,0.0,0.0,0.0,0.0,0.0,0.0,0.0,0.0,0.0,0.0,0.0,0.0,0.0,0.0,0.0,0.0,0.0,0.0,0.0,0.0,0.0,0.0,0.0,0.0,0.0,0.0,0.0,0.0,0.0,0.0,0.0,0.0,0.0,0.0,0.0,0.0,0.0,0.0,0.0,0.0,0.0,0.0,0.0,0.0,0.0,0.0,0.0
CCGCTATCAGCACCAG-1,1.0145775069749006,0.46368717571939877,0.2943774865667845,0.09251431716336449,0.07073190817795867,0.04984211946082783,0.02466021608346136,0.025667107940004055,0.0,0.0,0.050068481859828665,0.009112257754319956,0.0,0.0,0.006023118250619043,0.0,0.026351311095538416,0.0,0.01655035983242601,0.0,0.0,0.014883758171219997,0.021507637439046372,0.0,0.0,0.0,0.0,0.0,0.0,0.0,0.0,0.0,0.0057772567886274825,0.02257199487258866,0.03189503644569064,0.0,0.0,0.002040949678134685,0.0,0.005804643010810567,0.005825522809235686,0.0,0.0,0.0,0.0,0.0024016884953898614,0.0,0.0,0.0,0.0,0.0,0.0,0.0,0.0,0.0,0.013754634174445536,0.0,0.004877618022064539,0.0,0.0,0.0016045913749035776,0.0,0.0,0.0,0.0,0.0,0.0,0.0,0.0,0.0,0.0,0.0,0.0,0.0,0.0,0.0,0.0,0.0,0.0,0.0,0.0,0.0,0.0,0.0,0.0,0.0,0.0,0.0,0.0,0.0,0.0,0.0,0.0,0.0,0.0,0.0,0.0,0.0,0.0,0.0,0.0,0.0,0.0,0.0,0.0,0.0,0.0,0.0,0.0,0.0,0.0,0.0,0.0,0.0,0.0,0.0,0.0,0.0,0.0
CCGCTTACCTCACTCT-1,0.06346037253132406,0.0,0.09901750860557489,0.013527264193853583,0.0,0.037484003879062845,0.0,0.03163433503074829,0.0172214276644383,0.02128448192039057,0.024497378097493312,0.03574051788395,0.0,0.0,0.0,0.0,0.0,0.00860100189355071,0.0,0.0,0.03852986762644925,0.011652903233899795,0.0,0.006399049438945845,0.0,0.0,0.0026602971606994597,0.0,0.0,0.0,0.0,0.0,0.0,0.0,0.0,0.0,0.012328738159114276,0.0,0.0,0.0,0.0,0.0,0.0,0.0,0.0,0.0,0.0,0.0,0.0,0.005007195952516672,0.0,0.0028987350945531777,0.0,0.0,0.0,0.0,0.0,0.0,0.0,0.0,0.0,0.0,0.0,0.0,0.0,0.0,0.0,0.0,0.0,0.0,0.0,0.0,0.0,0.0,0.0,0.0,0.0,0.0,0.0,0.0,0.0,0.004262225657449893,0.0,0.0,0.0,0.0,0.0,0.0,0.0,0.0,0.0,0.0,0.0,0.0,0.0,0.0,0.0,0.0,0.0,0.0,0.0,0.0,0.0,0.0,0.0,0.0,0.0,0.003059316549147712,0.0,0.0,0.0,0.0,0.0,0.0,0.0,0.0,0.0,0.0,0.0
CCGGAATGGTTTCAGT-1,0.4909236029126548,0.09928963671757549,0.03918268101946829,0.07751444972041939,0.02558769293195703,0.03924640657082624,0.06164021829519172,0.0023839931007241756,0.04493265873564514,0.030403079736806303,0.010612385153635835,0.0,0.034832925325173764,0.038964797519402086,0.0,0.012820617693604739,0.0,0.02097685202356387,0.0,0.0,0.0,0.0,0.0,0.0162368100803031,0.0,0.0,0.0051914904500584055,0.0,0.0,0.0,0.0,0.0,0.0,0.0,0.0,0.0,0.0,0.007518745423100369,0.0,0.0,0.017994990394725147,0.0,0.0,0.0,0.0,0.0,0.0,0.007281433855600547,0.012816277528020732,0.005608531440310055,0.0,0.0,0.0,0.0028042657201550274,0.0,0.0,0.0,0.0,0.0,0.0,0.0023966778988936824,0.0,0.0,0.0,0.0,0.0,0.0,0.0,0.0,0.0,0.0,0.0,0.0,0.0,0.0,0.0,0.0,0.0,0.0,0.0028042657201550274,0.0,0.0,0.0,0.0,0.0,0.0,0.0,0.0,0.0,0.0,0.0,0.0,0.0,0.0,0.0,0.0,0.0,0.0015161859710554407,0.0,0.0,0.0,0.0,0.0,0.0,0.0,0.0,0.0,0.0,0.0,0.0,0.0,0.0,0.0,0.0,0.0,0.0,0.0,0.0,0.0
CCGGAGCGTACTTTCT-1,0.027754432366044583,0.00671465326013748,0.02553917659916944,0.0,0.0,0.003199473823813085,0.0,0.018510423870535014,0.0,0.001317769008911314,0.00021243396358553522,0.0,0.011967584094058072,0.01101752418001583,0.007448195829945874,0.00017053563586102768,0.01662075402070957,0.010329649908643155,0.0,0.0009718782900289738,0.01719925067829856,0.0002983603406787292,0.0014122955622494968,0.007833278153674999,0.01016098766009248,0.0,0.0,0.0,0.005943053596022195,0.007652111564976623,0.004409205366465363,0.010959308713577323,0.0004604514487771008,0.0,0.0,0.0,0.0,0.0005409777732124002,0.014844133280131346,0.004955602483549715,0.0,0.0,0.0,0.0,0.002913579588546122,0.0,0.0001645269383931878,0.0,0.0,0.0007605643133268103,0.009042828876900074,0.0,0.001903605662673151,0.0,0.0,0.00020594154739864408,0.0,0.0,0.0,0.0,0.0005637994107020557,0.0,0.0,0.0011063864073185105,0.0,0.000340373146991724,6.0892314637910546e-05,0.0,0.0,0.0,0.0,0.0,8.833301568240788e-05,0.0,0.0003951049543170867,0.0012820744274337484,0.0,0.0,0.0,0.0005997142017339407,0.0,0.0,0.0,0.0,0.0,0.0,0.0007449307500546516,0.0,0.0,0.0,0.0,0.0,0.0,0.0,0.0,0.0,4.654956924596308e-05,0.0,0.0,0.00015421504880742194,0.0,0.0,0.0,0.0,0.0,0.0,0.0,0.0,3.193729859461529e-05,0.0,0.0,0.0,0.0,0.0,0.0,0.0,0.0,0.0,0.0
CCGGGACCCGCAGAGA-1,0.3663133476738709,0.1087968087191344,0.08917841592036363,0.0,0.006475515898925646,0.015166671384274105,0.03206293586836244,0.021527570082213017,0.0343159751665665,0.029904083821509754,0.0,0.0,0.008665759363538628,0.0,0.0,0.0,0.0,0.0,0.009946878879257274,0.0,0.0128948558490366,0.0,0.003454248371678984,0.0,0.0,0.00857106736560636,0.002351534115527705,0.0,0.0,0.0,0.0,0.0,0.0,0.0,0.0,0.0,0.0,0.0,0.0,0.0,0.0,0.0,0.0,0.0,0.0036910671350571895,0.0,0.00426830411242161,0.0,0.010527845259247583,0.0,0.0018748416468388237,0.0,0.0,0.0,0.0,0.0,0.0,0.0,0.0,0.0,0.0,0.01210041868045728,0.0,0.0,0.0,0.0,0.0,0.0,0.0,0.0,0.0,0.0,0.0,0.0,0.0,0.0,0.0,0.0,0.0,0.0,0.0,0.0,0.0,0.0,0.0,0.0,0.0,0.0,0.0,0.0,0.0,0.0,0.0,0.0,0.0,0.0,0.0,0.0,0.0,0.0,0.0,0.0,0.0,0.0030642489841023134,0.0,0.005013862360215624,0.0,0.0,0.0,0.0,0.0,0.0,0.0,0.0,0.0,0.0,0.0,0.0,0.0
CCGGGCTGCTCCATAC-1,0.0,0.0,0.0,0.0,0.0,0.008296027656552723,0.0,0.006750652888496051,0.0,0.0,0.0028848841525535743,0.03535420293723428,0.0,0.018167897488048885,0.014860152248410047,0.0,0.0,0.0,0.0,0.0,0.0542808154201652,0.0,0.0,0.0,0.0,0.0,0.0,0.0,0.0,0.0,0.0,0.0,0.0,0.0,0.0,0.0,0.0,0.0,0.0,0.0,0.0,0.0,0.0,0.0,0.0,0.011462836765822004,0.0,0.0,0.0,0.0,0.0,0.0,0.0,0.0,0.0,0.0,0.0,0.0,0.0,0.0,0.0,0.0,0.0,0.0,0.0,0.0,0.0,0.0,0.0,0.0,0.0,0.0,0.0,0.0,0.0,0.0,0.0,0.0,0.0,0.0,0.0,0.0,0.0,0.0,0.0,0.0,0.0,0.0,0.0,0.0,0.0,0.0,0.0,0.0,0.0,0.0,0.0,0.0,0.0,0.0,0.0,0.0,0.0,0.0,0.0,0.0,0.0,0.0,0.0,0.0,0.0,0.0,0.0,0.0,0.0,0.0,0.0,0.0,0.0
CCGGGTTCGAGGTTAC-1,0.7745661864555742,0.3075751110100068,0.08247367972120347,0.0,0.04422464620777149,0.020000730416138097,0.0,0.0,0.0,0.0,0.0023455638071550504,0.029798170064975146,0.0,0.0,0.0025624850127375937,0.0,0.0028800958961988886,0.0,0.0,0.0,0.0,0.0,0.0,0.0,0.0,0.0,0.0,0.0,0.0,0.0,0.0,0.0,0.011044533196295264,0.0,0.0,0.0,0.0,0.0,0.0,0.0,0.0,0.0,0.0,0.014999408613551358,0.005580156359328264,0.0,0.0,0.0,0.0,0.0,0.0,0.0,0.0,0.007066891429017531,0.009919097343598266,0.0,0.0,0.013560110055030106,0.0,0.0,0.0,0.0,0.0,0.0,0.0,0.0,0.0,0.0,0.0,0.0,0.0,0.0,0.0,0.0,0.0,0.0,0.0,0.0,0.0,0.007066891429017531,0.0,0.0,0.0,0.0,0.0,0.0,0.0,0.0,0.0,0.0,0.0,0.0,0.0,0.0,0.0,0.0,0.0,0.0,0.0,0.0,0.0,0.0,0.0,0.0,0.0,0.0,0.0,0.0,0.0,0.0,0.0,0.0,0.0,0.0,0.0,0.0,0.0,0.0,0.0
CCGGTTTGTAATTGTG-1,0.014296932572756882,0.010114734131459396,0.004907144317998169,0.0,0.0,0.0002810203460630112,0.0026235164558904454,0.016319168740554998,8.045046929530492e-05,0.00264639354144199,0.0014419562962621805,0.0,0.0039684847129902515,0.007036036928088089,0.009055564218220217,0.0,0.02489437043541915,0.004840976205881779,0.0,0.0,0.02984922813013182,0.0002643433486516487,0.0,0.005607780183243788,0.03888471575545407,0.006807417525741152,0.0,0.0,0.0,0.005573422302380499,0.0,0.013418110268628654,0.0,0.0015786643897875105,0.0,0.0,0.0,0.00051287365292507,0.0,0.0018314596471209715,0.0004906675012371039,0.0,0.0,0.0,0.0004248006032275348,0.0,0.0,0.0,0.0,0.00028762314674309227,0.005437465759531722,0.0,0.00542046460943448,0.0,0.0,0.0003871911959500541,0.0,0.0,0.0,0.0,0.00048477019316464767,0.0,0.0,0.00015386711604736944,0.0,0.0,0.0,0.0,0.0,0.0,0.0,0.0,0.0025283591585337772,0.0,0.0003148091464063135,0.0,0.0,0.0,0.0,0.0011686335853183084,0.0028058876294517147,0.0,0.0,0.0,0.0,0.0,2.4739939971601875e-05,0.0,0.0006636357804354344,0.0,0.0,6.895413267000561e-05,0.0,0.0,0.0,0.0,0.0,0.0,0.0,0.0,0.0,0.0,0.0,0.0,0.0,0.0,0.0,0.0,0.00017460765732498819,0.0,0.0,0.0,0.0,0.0,0.0,0.0,0.0002765789703486509,0.00037836286830545275,0.0
CCGTATCTCGTCGTAG-1,0.05831432992844154,0.025998431729454208,0.0023369019788733,0.0,0.0016841486424926683,0.0006770587805772542,0.0,0.015405136345532146,0.0010261031985238018,0.0006455933227754848,0.0,0.0,0.0,0.01719810733588156,0.007673122899829522,0.00010084772959561892,0.014353706560023327,0.0,0.0,0.04112569337767571,0.0032822221131949773,0.0005591441327323948,0.0,0.0008891814044687554,0.0,0.0,0.0,0.0,0.0,0.01842367236852023,0.0,0.0,0.0,0.0,0.0,0.0039842821821120655,0.0,0.0,0.0,0.003381745870167238,0.0,0.0,0.0,0.0,0.0,0.0,0.0,0.0,0.0,0.0,0.002464443804706381,0.0,0.0016487551533724818,0.0,0.0,0.0,0.002914928047437542,0.0,0.0,0.0,0.0013120018528733658,0.0,0.0,0.0005475110071319811,0.0,0.0,0.00017644276048883257,0.0,0.0001090361988655996,0.0,0.0,0.0,0.00013481861579024395,0.0,0.0,0.0,0.0,0.0013758100016954418,0.0,0.0011937506763796425,0.0,0.0013758100016954418,0.0004275737999829208,0.0,0.0,0.0,0.0,0.0,0.0,0.0,0.0,0.0,0.0,0.0,0.0,0.0,0.0,0.0,0.0,0.0,0.0,0.00024313583392555218,0.0,0.0,0.0,0.0004275737999829208,0.0,0.0,0.0,0.0,0.0,0.0,0.0,0.0,0.0,0.0,0.0,0.0,0.0
CCGTGTTAAATTCCAT-1,0.5712118503714267,0.055851996393419555,0.1575396805700272,0.07329504548281009,0.01727294363600192,0.03438513904667624,0.12918518343985017,0.04492312274398531,0.034703970753378235,0.00700256122720738,0.026424481255981666,0.0383028724738876,0.0,0.0,0.05477596994591229,0.01712431082362044,0.0012065305344157533,0.0,0.0,0.0,0.0,0.0,0.0,0.0,0.0,0.0,0.0022914504307786185,0.0,0.0011128396303769314,0.0,0.0,0.011361864139736208,0.0,0.014146310607452842,0.0,0.0,0.0,0.008078279468980267,0.0,0.0,0.00020401238796609496,0.0,0.0,0.0,0.0,0.0,0.0030665789909209,0.0,0.0,0.006736217587318234,0.004226084266051945,0.0,0.0,0.0,0.0,0.005478824268838885,0.0,0.0,0.0,0.001366169247874375,0.0035200923546294376,0.0,0.0,0.0,0.0,0.0,0.0,0.0,0.00020401238796609496,0.0,0.0,0.0,0.0,0.0,0.0,0.0,0.0,0.0,0.0,0.0,0.0,0.0,0.0,0.0,0.0,0.0,0.0,0.0,0.0,0.0,0.0,0.0018616370771674386,0.0,0.0,0.0,0.0,0.0,0.004058232422940982,0.0,0.0,0.0,0.0,0.0,0.0,0.0,0.0,0.0,0.0,0.0,0.0,0.0,0.0,0.0,0.0,0.0,0.0,0.0,0.0,0.0
CCGTTCCGAATCTCGG-1,0.08437366511316663,0.08075026959657869,0.05986443144622319,0.00997550351013462,0.0,0.020782782509020416,0.05925396351684247,0.015150692170379669,0.08199991199205897,0.12076330093267268,0.0033295837549695323,0.0,0.0,0.0,0.014831892047973793,0.056497730459375485,0.004898443421722372,0.0,0.0,0.0,0.0,0.0,0.0,0.0,0.0,0.0,0.011722584954818573,0.0,0.0035995619122333043,0.0,0.0,0.0011350518334303488,0.0059689244241428905,0.0,0.0,0.0,0.0,0.0,0.0,0.0,0.0,0.0,0.0,0.0,0.0,0.0,0.0,0.0,0.0,0.0,0.0,0.0,0.0,0.0,0.0,0.0,0.0,0.0,0.0,0.0,0.002049557331448574,0.0,0.0,0.0,0.0,0.0,0.0,0.0,0.0,0.0,0.0,0.0,0.0,0.0,0.0,0.0,0.0,0.0,0.0,0.0,0.0,0.0,0.0,0.0,0.0,0.0,0.0,0.0,0.0,0.0,0.0,0.0,0.0,0.0,0.0,0.0,0.0,0.0,0.0,0.0,0.0,0.0,0.0,0.0,0.0,0.004169811602216442,0.0,0.0,0.0,0.0,0.0,0.0,0.0,0.0,0.0,0.0,0.0,0.0,0.0
CCTAAATTAACGGTTC-1,0.6929112756092543,0.26981816663155644,0.32740844451392886,0.1550815410658996,0.01814320990930477,0.07984819052273981,0.0,0.03171191765165052,0.0,0.0,0.010491741933344508,0.04515667274529701,0.03339135612808597,0.0,0.03426680276148423,0.0,0.009587892707364504,0.0,0.0,0.0,0.00884164790397154,0.03297573025544731,0.005722415602243266,0.002443217558725185,0.0,0.004208069443122266,0.0,0.0,0.0,0.024714796296615632,0.0,0.00025860334445925104,0.0029543290481571782,0.0,0.0,0.0,0.0,0.0,0.015085298590841123,0.0,0.0,0.0,0.0,0.0,0.0,0.0,0.0,0.0,0.0,0.016794674105476755,0.0029345282218777493,0.0,0.010333860552342932,0.0,0.0,0.0,0.0,0.0,0.007806267078865821,0.0,0.0009762322925298244,0.0,0.0,0.0,0.0,0.0,0.0,0.0,0.0,0.0,0.0,0.0,0.0,0.0,0.0008500339005988117,0.0,0.0,0.0,0.0,0.0,0.0,0.0,0.0,0.0,0.0,0.0,0.0,0.0,0.0,0.0,0.0,0.0,0.0,0.0,0.0,0.0,0.0,0.0,0.005575390788294566,0.0,0.0,0.0,0.0,0.0,0.0,0.0,0.0,0.0,0.0,0.0,0.0,0.0,0.0,0.0,0.0,0.0,0.0,0.0,0.0
CCTACATTCACAGACG-1,0.10618587689438172,0.07352758452462448,0.012602829132287578,0.0,0.0039564608378139755,0.0041259016024736755,0.016239539285891464,0.008235162567618769,0.00022418636584832765,0.0,0.0018261981547238963,0.0,0.02526618346985026,0.025070125168641107,0.025438401607544976,0.0,0.027703465370555985,0.0,0.0,0.011451186489931955,0.015240908474160014,0.003430523733012285,0.0018202428328908864,0.0,0.0,0.0,0.0005844743646375707,0.0,0.0,0.014005328136452649,0.0,0.0,0.0023430863387898723,0.0008470375118198964,0.0,0.0,0.0,0.0006912821518700939,0.014278075806794339,0.004894804723365755,0.00029486234824717937,0.0,0.0,0.0,0.0,0.0,0.0,0.0,0.0,0.0006578650157830105,0.0,0.0,0.0011418578949231924,0.0,0.0018132470404328522,0.0007216279925415557,0.0,0.0,0.0,0.0,0.0008747947822483954,0.0,0.0,0.0,0.0017387161382922574,0.0,0.000859597823857454,0.0,0.0,0.0,0.0,0.0,0.00011188224412592397,0.0,0.0011269301465070825,0.0,0.0,0.0,0.0,0.0,0.0,0.0,0.00031508128286743254,0.0,0.0,0.0,3.600633495156711e-05,0.0,0.0,0.0,0.0,0.0,0.0,0.0,0.0,0.0,0.0,0.0,0.0,0.0,0.0,0.001111879573109978,0.00031620948291564543,0.0,0.0,0.0,0.0,0.0,0.0,7.877032071685813e-05,0.0,0.0,0.0,0.0,0.0,0.0,0.0,0.0,0.0
CCTATACCGTCCTGTC-1,0.09643243192905206,0.02084016657783711,0.006710097065544809,0.0020534384370894474,0.0003610653184940966,0.0008249898525917597,0.0,0.005748545559407401,4.051940962670654e-05,0.0024268574250439516,0.004176546749602816,0.0,0.0,0.006488068180654726,0.03881141922135298,0.0,0.051156894810952244,0.0,0.0,0.01811136553253953,0.0,0.0029827258929179448,0.0,0.0012858468220219668,0.016374239137987214,0.0,2.7269172393148692e-05,0.0,0.0,0.007638596923770416,0.0,0.07425243174449059,0.0,0.0009868689765091998,0.0,0.0,0.0,0.0003098414907389233,0.015886431771391,0.0026540859222547,0.0005408467450918454,0.0044525553854942125,0.0,0.0,0.0009507998484217105,0.0,0.0,9.470520929647571e-05,0.0,0.001156638365820715,0.006658009834737407,0.0,0.002767058517569985,0.0,5.900771654591849e-05,0.0,0.000721764138605654,0.0,0.0,0.0,0.00033720161205848335,0.0,0.0,0.0010565125205081486,0.00035166625830268874,0.0,6.266248237614397e-05,0.0,0.0,0.0007630009119965191,0.0,0.0,0.004757462241386029,0.0,0.0005735990010230397,0.0,0.0,0.0,0.0,0.00022560341709824703,0.0057720325251755635,0.0,0.000833638599548833,0.0,0.0,0.0,0.0004784076921367121,0.0,0.0,0.0,0.0,0.0,0.0,8.401477001880379e-05,0.0,0.0,0.0,0.00026917828650844427,0.0,0.0,0.0,0.00037696790584691205,6.941251595658969e-05,0.0,0.0,0.0,0.0,0.0,0.00035226097982949414,0.0,0.0,0.0,0.0,0.0,0.0,0.0,0.0,0.0,0.0
CCTCCGACAATTCAAG-1,0.5826562298291468,0.16743661701505816,0.1918869666884152,0.08326935532600041,0.11109478498198695,0.013325429140032805,0.019005259795390812,0.010811685351192939,0.0,0.0,0.002657886339971441,0.0,0.0,0.0,0.007481068932958336,0.024205773372319855,0.014280073277821721,0.0,0.0,0.0,0.0,0.0066854203557454835,0.0,0.0,0.0,0.0,0.0,0.0,0.0,0.0,0.0,0.0,0.0,0.0,0.0,0.0,0.0,0.0,0.0,0.0,0.0,0.0,0.0,0.0,0.007579024983350835,0.0,0.0,0.0,0.0,0.0,0.0,0.0,0.0,0.013370840711490967,0.0,0.0,0.0,0.0,0.0,0.0,0.0,0.0,0.0,0.0,0.0,0.0,0.012859082321893932,0.0,0.0,0.0,0.0,0.0,0.0,0.0,0.0,0.0,0.0,0.0,0.0,0.0,0.0,0.0,0.0,0.0,0.0,0.0,0.0,0.0,0.0,0.0,0.0,0.0,0.0,0.0,0.0,0.0,0.0,0.0,0.0,0.0,0.0,0.0,0.0,0.0,0.0,0.0,0.0,0.0,0.0,0.0,0.0,0.0,0.0,0.0,0.0,0.0,0.0,0.0,0.0
CCTCCTGAGCCCACAT-1,0.026325814486982506,0.012964267876866081,0.04281909811127721,0.0,0.0,0.0017001049386816914,0.0,0.008958324628571462,0.0,0.0037524084859294204,0.00021417301240054764,0.0,0.0031616173800560177,0.04979634203433359,0.009991473009244547,0.0,0.005633396117899306,0.0,0.0,0.0,0.0,0.0002422645222364126,0.0,0.0,0.0,0.0,0.0,0.0,0.0,0.008156850669008595,0.0,0.0,0.001890637023274911,0.0,0.002362119607178069,0.0,0.0,0.0,0.014993384355223828,0.004226581428628721,0.00032528346495374277,0.0,0.0,0.0,0.0,0.0,0.0,0.0,0.0,0.0014753547636485785,0.0,0.0,0.0014753547636485785,0.0,0.0030748284250659637,0.0,0.0,0.0,0.0,0.0,0.0,0.0,0.0,0.0003892393502736631,0.0,0.0,0.0,0.0,0.0,0.0,0.0,0.0,0.0,0.0,0.0,0.0,0.0,0.0011841914017910527,0.0,0.0,0.0,0.0,0.0,0.0,0.0,0.0,9.295036296534979e-05,0.0,0.0,0.0,0.0,0.0,0.0,0.0,0.0,0.0,0.0,0.0,0.0,0.0,0.0,0.0,0.0,0.0,0.0,0.0,0.0,0.0,0.0,0.0,0.0,0.0,0.0,0.0,0.0,0.0,0.0,0.0,0.0011841914017910527
CCTCGCGCTGTGCGAT-1,0.055959389596531545,0.0391408377608178,0.055053630917703045,0.0,0.001851321805844536,0.0025780238564691916,0.0,0.0028416219137935147,1.9119519026249067e-05,0.0002472792446078649,0.00014871890215268073,0.0,0.0,0.0002780842620891438,0.006392706205315082,0.0001893578767785691,0.0016316403030484361,0.012028036635212428,0.0,0.0,0.0,3.45039218057561e-05,0.0,0.007077838848552322,0.0054644011174418685,0.0020436526368798093,0.0,0.0,0.0,0.01591599455999177,0.0,0.008251862895948361,0.0015294386798495201,0.000991823763601697,0.0013109497934484598,0.0,0.0,0.0,0.01592905388067173,0.0020709912596101167,0.0,0.004508000055207932,0.008090558801878395,9.966438936801876e-05,0.0023469465797209023,0.0,0.0,0.0,0.0,0.0004852571945579995,0.009649886734843243,0.0002703278483316621,0.003134251712854909,0.0,0.00048241847575061927,0.0,0.0010412859661334674,0.0,0.0,0.0002947780758995341,0.0001026255644694087,0.0,0.0,0.00036866028534820273,0.0,0.0,0.00015046311826848516,0.0,0.0,0.0,0.0,0.0,1.9317090140116882e-05,0.0,0.0003680221246448038,0.0,0.0,0.0,0.0,0.0,0.0,0.004195654967037513,0.00032192592970944,0.0,0.0,0.0,0.00023501180251120802,0.0,0.0,0.0,9.966438936801876e-05,0.0,0.0,0.00011456501594670323,0.0,0.0,0.0,0.00039273151172249956,0.0,0.0,0.0,0.0,0.0,0.0,0.0,6.19208300600092e-05,0.0,0.0,0.0,0.0,0.0,0.0,0.0008481354424659231,0.0,0.0,0.0,0.0,0.0,6.19208300600092e-05
CCTCGGATGCTACCTG-1,0.5237278804056709,0.21030249605849305,0.14248364384688886,0.051468499355851155,0.053810275223283216,0.008108904088995655,0.0,0.012111348349332045,0.0,0.0,0.01074433360098247,0.0467582053325913,0.00031510216047590296,0.057209302751681734,0.014310106822915163,0.016302411945037378,0.006459391002438556,0.0,0.0,0.0093279219806202,0.0,0.004658131036299044,0.0018410062718667523,0.0,0.0,0.0076001825392097745,0.0,0.0,0.002464284239584803,0.004944996326237314,0.0,0.004114821729705456,0.008435251537006276,0.0,0.005029432839708529,0.0,0.0,0.0,0.0,0.003720265634299537,0.0,0.0,0.0,0.0027133423461085738,0.0,0.0,0.0,0.0006381539490886555,0.0,0.0019638374071166962,0.0,0.0,0.0,0.0,0.0,0.0,0.0,0.0,0.0,0.0,0.0,0.0,0.0,0.002519880404929678,0.0,0.0,0.0,0.0011502881713012045,0.0,0.0,0.0,0.0,0.0,0.0,0.0,0.0,0.0,0.0,0.004124300653801205,0.0,0.0,0.0,0.0006381539490886555,0.0,0.0026929627188448857,0.0,0.00014842256978950247,0.0,0.0,0.0,0.0006381539490886556,0.0,0.0,0.0,0.0,0.0,0.0008038705163371814,0.0,0.0,0.0,0.0,0.0,0.0,0.0,0.0,0.0,0.0,0.0,0.0,0.0,0.0,0.0,0.0,0.0006381539490886555,0.0,0.0,0.0,0.0,0.0
CCTCTAATCTGCCAAG-1,0.22960886459357377,0.3598701805492339,0.03777829870160633,0.07116912991574886,0.09928093766756736,0.013445254685389794,0.031017008188380515,0.03034073889597584,0.061533445272537984,0.006358946694552146,0.0035955747147662395,0.0,0.0,0.008518720304650236,0.008601752774921475,0.002516925310852341,0.0,0.06940079884956651,0.029473493978801373,0.002435877731182787,0.002986990812596251,0.012144142354749988,0.003586467567696365,0.01808093122054888,0.0,0.0,0.003529862717334558,0.0,0.0,0.0,0.0,0.0,0.0021369296494746807,0.0,0.001030474241388508,0.0,0.0,0.008359819465427437,0.0,0.0,0.0,0.001011920218984396,0.0,0.0,0.0,0.011832048006460028,0.0,0.0,0.0,0.0,0.0,0.0,0.0,0.003209491185478571,0.0,0.0,0.0,0.0,0.0,0.004129905642516485,0.002735314978377691,0.0,0.0,0.0,0.0,0.0,0.0,0.002607822170646971,0.0,0.0,0.0,0.0,0.0,0.0,0.0,0.0,0.0,0.0013629633930487184,0.0,0.0,0.0,0.0,0.0014120184924470574,0.0,0.0,0.0,0.0,0.0,0.0,0.0,0.0,0.0,0.0,0.0,0.0,0.0,0.0,0.0,0.0,0.0,0.0,0.0,0.0,0.0,0.0025406023763642517,0.0,0.0,0.0,0.0,0.0,0.0,0.0,0.0,0.0,0.0,0.0,0.0,0.0,0.0
CCTCTATCGATTAGCA-1,0.005693053843208962,0.0008568529269196817,0.003029514410954924,0.0,0.0,0.0006876565076655355,0.014748894586793192,0.0075465329162313025,0.0,0.0,0.0,0.04648815446093567,0.0,0.0037103076481601865,0.0,0.0,0.03491356639367204,0.0,0.0,0.0,0.0,0.0002633184700588937,0.0,0.0,0.019176068534649465,0.0,0.0,0.0,0.005961627551097428,0.0,0.0,0.0,0.0010371791314625401,0.0011693767611647393,0.0,0.0,0.0,0.0,0.0,0.004260924566176236,0.0,0.0,0.0,0.0,0.0,0.0,0.0007786331279084312,0.0,0.0,0.0,0.0023133739292868715,0.0,0.0006510531372828167,0.0,0.0,0.0,0.0,0.0,0.0,0.0,0.0002807189510408237,0.0,0.0,0.00034835802337954846,0.0,0.0,0.0005939295014886721,0.0,0.0,0.0,0.0,0.0,0.0,0.0,0.00017143672208825693,0.0,0.0,0.0,0.0,0.0,0.0,0.0,0.0,0.0,0.0,0.0,0.0,0.0,0.0,0.0,0.0,0.0,0.0,0.0,0.0,0.0,0.0,0.0,0.0,0.0,0.0,0.0,0.00012214227163899024,0.0,0.0,0.0,0.0,0.0,0.0,0.0,0.0,0.0,0.0,0.0,0.0,0.00011197628237184523,0.0,0.0,0.0
CCTCTCTCCCATCTAG-1,0.5692603048946132,0.23941770037308122,0.10399880212278191,0.09945531871576685,0.04536352660976354,0.026707166444686938,0.025098387898629455,0.004483247868905022,0.0,0.0,0.0,0.0,0.03164417033779648,0.0,0.0,0.009641321920136866,0.0,0.0,0.0,0.0,0.0,0.0,0.0,0.0,0.0,0.0,0.001302456686340092,0.0,0.0,0.0,0.0,0.0,0.0,0.0,0.007824879046139899,0.0,0.0,0.0,0.0,0.0,0.0,0.0,0.0,0.00649653291024336,0.008767804586135892,0.0,0.0,0.00649653291024336,0.0,0.0,0.0,0.0,0.0,0.0,0.0,0.0,0.0,0.00649653291024336,0.0,0.0,0.0,0.0,0.0,0.0,0.0025557004408366325,0.0,0.0,0.0,0.0,0.007198588521004558,0.0,0.0,0.0,0.0,0.0,0.0,0.0,0.0,0.0,0.0,0.0,0.0,0.0,0.0,0.0,0.0,0.0,0.0,0.0,0.0,0.0,0.0,0.0,0.0,0.0,0.0,0.0,0.0,0.0,0.0,0.0,0.0,0.0,0.0,0.0,0.0,0.0,0.0,0.0,0.0,0.0,0.0,0.0,0.0,0.0,0.0,0.0,0.0,0.0
CCTCTGTACTATTCTA-1,0.2706193348966716,0.18471162300930893,0.030830278259621327,0.006884448202711055,0.0,0.008544350699108505,0.05110759030241228,0.00952665883961315,0.0022648687937098892,0.03210398049010586,0.0011724844742894958,0.024529559321040742,0.01861820059545198,0.06558437617801956,0.0,0.018675940263730054,0.0,0.0,0.0,0.0,0.0,0.0,0.0,0.0,0.0,0.0,0.0,0.0,0.0,0.0,0.0,0.0,0.01105520696667438,0.0,0.0,0.0,0.0,0.0,0.004738633987389714,0.0,0.0,0.0,0.0,0.0,0.0,0.0,0.0,0.0,0.0,0.0,0.0,0.0,0.0,0.0034491548092121602,0.0,0.0,0.0,0.0,0.0,0.0,0.0,0.0,0.0034491548092121602,0.0,0.0,0.0,0.0,0.0,0.0,0.0009549661072382643,0.0,0.0,0.0,0.0,0.0,0.0,0.0,0.0,0.0,0.0,0.0,0.004738633987389714,0.0,0.0,0.0,0.0,0.0,0.0,0.0,0.0,0.0,0.0,0.0,0.0,0.0,0.0,0.0,0.0,0.0,0.0,0.0,0.0,0.0,0.0,0.0,0.0,0.0,0.0,0.0,0.0,0.0,0.0,0.0,0.0,0.0,0.0,0.0,0.0,0.0
CCTGAACGATATATTC-1,0.5937550219544497,0.0,0.1278511096730304,0.11201849346684609,0.0386565304295811,0.030749032990384836,0.039551338265233695,0.014602953391198858,0.09073812802234084,0.0075669798185459,0.0,0.0,0.0,0.0,0.006630140189804256,0.0,0.0,0.0,0.0,0.0,0.0560641595558126,0.0027897382329442077,0.0,0.0,0.0,0.002601695370283579,0.0,0.0,0.0,0.0,0.0,0.0,0.0,0.0,0.0,0.0,0.0,0.0,0.0,0.0,0.0,0.0,0.0,0.005964812488547199,0.0,0.0,0.0,0.0,0.0,0.0,0.0,0.0,0.0,0.005964812488547199,0.0,0.0,0.0,0.0,0.0,0.0,0.0,0.0,0.0,0.0,0.0,0.0,0.00946983470349283,0.0,0.0,0.0,0.0,0.0,0.0,0.0,0.0,0.0,0.0,0.0,0.0,0.0,0.0,0.0,0.0,0.0,0.0,0.0,0.0,0.0,0.0,0.0,0.0,0.0,0.0,0.0,0.0,0.0,0.0,0.0,0.0,0.0,0.0,0.0,0.0,0.0,0.0,0.0,0.0,0.0,0.0,0.0,0.0,0.0,0.0,0.0,0.0,0.0,0.0,0.0,0.0
CCTGACCACCGATGGT-1,0.2978885354920887,0.22706004790607073,0.10244199887977275,0.06281659159644004,0.015927034537794836,0.03298948320743781,0.0474989244912847,0.03471058401404181,0.0427419003005511,0.0,0.03082288289478123,0.02977286682777608,0.06337621488101734,0.0,0.030067549480169858,0.0,0.01998487834884364,0.011730314963881026,0.0040524906694181404,0.0,0.019047560444650967,0.012856533647802483,0.01383027341586368,0.006535582831421216,0.0,0.0,0.005958255916190776,0.0,0.0,0.009869098655049358,0.0,0.0,0.003484696604168063,0.0,0.0,0.0,0.0,0.0,0.0,0.0,0.007477313170455477,0.0,0.0,0.0,0.0,0.0,0.0,0.0,0.004631133800862551,0.0,0.0,0.0,0.0,0.0,0.0,0.0,0.0,0.0,0.0,0.0,0.0029515898281542163,0.0,0.004148193074105322,0.0,0.004626119118022997,0.0,0.0,0.0,0.0,0.0,0.0,0.0,0.0,0.0,0.0,0.0,0.0,0.0,0.0,0.0,0.0,0.0,0.0,0.004934549327524679,0.0,0.0,0.0,0.0,0.0,0.0,0.0,0.0024378649795122587,0.0,0.0,0.0,0.0,0.0,0.0,0.0,0.002355221125603842,0.0,0.0,0.0,0.0,0.0,0.0,0.0,0.0,0.0,0.0,0.0,0.0,0.0,0.0,0.0,0.0,0.0,0.0,0.0
CCTGCCCGTTGTCTAG-1,0.46473026493059943,0.3796908488832179,0.10891044647723,0.025589067066531964,0.00405234477640603,0.002838567778297034,0.007670504678266557,0.009882327219490557,0.0010086661489425819,0.008602991218891182,0.01013857723875425,0.008180395397036282,0.015875325164951118,0.009592991029891296,0.023300716844838035,0.0018790988994509103,0.018399861784338417,0.0037279858167104415,0.0,0.008182330263056722,0.0,0.0028224089519611716,0.0,0.0002002026413590942,0.01233855868719454,0.0,0.0012817999358125413,0.0,0.00031662695293959006,0.0007191374035976305,0.0,0.010792814083206204,0.00415962600686298,0.003005889440033344,0.0,0.004847963978181576,0.0,0.00120308844274152,0.0,0.0045797620485725,0.0004428178510599098,0.013577474689559884,0.0,0.0,0.0,0.0004753670972996914,0.0021590111209184447,0.00024979255687020244,0.0,0.0016475138762708152,0.0024242364593227267,0.0,0.0008643299387841981,0.0,0.0025563665991861478,0.00011946051637332748,0.0,0.0,0.0,0.002043386026252362,0.0,0.0,0.0,0.00020181946902563333,0.0016058685233592087,0.0,0.0006103554903388014,0.0006771924877863344,0.0005058888170499197,0.0,0.0,0.0,8.547399222689307e-05,0.0,0.0,0.0015909683098775608,0.0,0.0,0.0,0.0,0.0,0.0,0.0,0.0,0.0,0.0,9.065979467241586e-05,0.0,0.0,0.0006910013349246474,0.0,0.0001613842771458073,0.0,0.0004753670972996914,0.0009182854077767509,0.0,0.00030558866930977154,7.43427945942244e-05,0.0,0.0,0.0,0.0011263102938505426,0.0,0.00036826239175058586,0.0,0.0,0.0,0.0,0.00012760418227730037,0.0001613842771458073,0.0,0.0001613842771458073,0.0001613842771458073,0.0,0.0,0.00035232637564526113,0.0,0.0,0.0008622536529429381
CCTGCGTTCTACGCTT-1,0.9060274123519277,0.7558102809383125,0.29304469739941413,0.035226908655409665,0.03896074923872125,0.017381409332937046,0.022529937362993777,0.05514246579711608,0.013869683766994267,0.052466844185045824,0.03252882510610812,0.016863834514753005,0.00016611072922429103,0.03378495547670663,0.011357402680317409,0.014518506327424106,0.0,0.022969434209110337,0.04881315457319847,0.006567582432072391,0.0,0.003235114505457058,0.025502790908528618,0.0170040965068444,0.0,0.007738309102770271,0.011122940257224358,0.0,0.0,0.0,0.048987153838418805,0.002485004917506369,0.0018790756202924413,0.0,0.0,0.0,0.0,0.0,0.002660284892925001,0.0011406059068080412,0.0,0.0,0.0,0.0015180699204517937,0.0,0.0,0.0,0.0,0.0018790756202924413,0.0012246604653046043,0.0,0.0,0.0,0.0,0.0,0.0037581512405848827,0.0,0.0,0.0,0.0,0.0,0.0,0.0,0.0034919725665464875,0.0,0.0253454753162119,0.0,0.002223156928868115,0.003371891585747684,0.0,0.0,0.0,0.0,0.0,0.0,0.0,0.0,0.0012246604653046043,0.005897902996366672,0.0,0.0,0.0,0.0,0.0,0.0,0.0,0.0,0.002862724126293647,0.0,0.0015133734034568902,0.0,0.0,0.0,0.0018790756202924413,0.0,0.0,0.0,0.0,0.0,0.0005469290025832292,0.0,0.0,0.0,0.0,0.0,0.0,0.0,0.0,0.0,0.0,0.0,0.0012622921402769445,0.0,0.0,0.0,0.0,0.0,0.0,0.0
CCTGTAAGACATGATA-1,0.17699085231201012,0.0,0.060764386037469885,0.04643365961826891,0.021435449112191664,0.01217607275598345,0.04711183518849212,0.0,0.05626793083684903,0.0,0.0,0.0,0.0,0.0,0.007091444975452215,0.0,0.0,0.0,0.0,0.0,0.04516252599078008,0.0,0.0,0.0,0.0,0.0,0.0,0.0,0.0,0.0,0.0,0.0,0.0,0.0,0.0,0.0,0.0,0.0,0.0,0.0,0.0,0.0,0.0,0.0,0.0,0.0,0.0,0.008996669561174349,0.0,0.0,0.0,0.0,0.0,0.0,0.0,0.0,0.0,0.0,0.0,0.0,0.0,0.0,0.0,0.0,0.0,0.0,0.0,0.0,0.0,0.0,0.0,0.0,0.0,0.0,0.0,0.0,0.0,0.0,0.0,0.0,0.0,0.0,0.0,0.0,0.0,0.0,0.0,0.0,0.0,0.0,0.0,0.0,0.0,0.0,0.0,0.0,0.0,0.0,0.0,0.0,0.0,0.0,0.0,0.0,0.0,0.0,0.0,0.0,0.0,0.0,0.0,0.0,0.0,0.0,0.0,0.0,0.0,0.0,0.0
CCTGTACTCACGCCCA-1,0.8029911407029632,0.3992613868625425,0.33120161129736214,0.0,0.07072129368565859,0.034595032810508956,0.02304970404608248,0.04165767835392186,0.017938352610213756,0.03431417657659391,0.01186895581400794,0.0,0.034916219269802165,0.0,0.03953302969152473,0.045938920448477874,0.0,0.0,0.028409447106213973,0.0,0.0,0.013920977059989278,0.007621902909300673,0.0,0.0,0.0,0.004424757334310627,0.0,0.0,0.0,0.0,0.0,0.0,0.0,0.0,0.018588590736433618,0.0,0.030418798802568894,0.0,0.0034512929267149087,0.0,0.0,0.0,0.008018165110936457,0.0,0.005481953515854624,0.0,0.01290561306766919,0.0,0.0,0.0,0.0,0.0,0.0,0.0,0.0,0.0,0.0,0.0,0.0,0.0,0.01025344702282809,0.004696693482223905,0.0,0.0,0.0,0.0,0.0,0.0,0.0,0.0,0.0,0.0,0.0,0.0,0.0,0.0,0.0,0.0,0.0,0.0,0.0,0.0,0.0,0.0,0.0,0.0,0.0,0.0,0.0,0.0,0.0,0.0,0.0,0.0,0.0,0.0,0.0,0.0,0.0,0.0,0.0,0.0,0.0,0.0,0.0,0.0,0.0,0.0,0.0,0.0,0.0,0.0,0.0,0.0,0.0,0.0,0.0,0.0
CCTGTCGCCCGTAAAT-1,1.176369552681149,0.7677871465325176,0.0947728581116062,0.06584497093037783,0.08483532722741934,0.09443513453437324,0.08061592546833969,0.056038542363815905,0.0062530387904886405,0.0,0.009943953711396353,0.048741647942073425,0.0,0.004023993080307225,0.02260595927967255,0.017297811992235238,0.015664377649163817,0.0,0.00858703046423436,0.0,0.0029089144585424387,0.011037659319057192,0.00905926259794175,0.0,0.0,0.003651950820991584,0.001551149322879985,0.0,0.019478538359616073,0.002675174989670238,0.0,0.005899231368421566,0.0,0.0,0.0048664839339531375,0.005503797412201328,0.0,0.0,0.0,0.0043247497639333,0.001281655384688228,0.00026592054422813955,0.0,0.0,0.0,0.0,0.0,0.0,0.0017028940135504905,0.002205327761140283,0.002426116971516419,0.0,0.0037266370515651602,0.0010622929461632908,0.0,0.0,0.0,0.0,0.0,0.0,0.0028012865545195115,0.0,0.0,0.0,0.0,0.0,0.0,0.007052468334502911,0.0,0.0020209658627876057,0.0,0.0,0.0,0.0,0.003689236908759106,0.0,0.0,0.0,0.0,0.00037325639264769846,0.0,0.0,0.0,0.004203009538322909,0.0,0.0,9.85623214190472e-05,0.0,0.0,0.0,0.0,0.0,0.0,0.0,0.0,0.0,0.0,0.0,0.0021040342814664784,0.0,0.0,0.0,0.00044658713505566926,0.0,0.0,0.0,0.0,0.0,0.0,0.0,0.0,0.0,0.0,0.0,0.0,0.0,0.0,0.0,0.0
CCTTCTCAGCGTTCCT-1,0.35396850515188605,0.11108969468287574,0.09469536453121337,0.00754098606200631,0.009874243991613817,0.006599843083694423,0.015317166113380565,0.0262204815943839,0.00438583628835317,0.002064661216712388,0.0036979940868021055,0.0,0.034003843522583906,0.015018550797130197,0.0038230421113575053,0.0009443362253301274,0.028363827745778555,0.0,0.0,0.00185825456004735,0.0,0.005069658455171542,0.0014127369051160886,0.0,0.0,0.0,0.00018495379111925598,0.0,0.0,0.0014616884304463435,0.0,0.0,0.004056192221547476,0.003728981352170749,0.0,0.0,0.0,0.0,0.0,0.001739843027175932,0.00023579461541008604,0.0011848136268853549,0.02900286488176629,0.0,0.0,0.0,0.0014098439178201352,0.0006269438742089688,0.0,0.0009630866270740184,0.0,0.0,0.0,0.0,0.0014616884304463435,0.0009328997881747735,0.000851454035803049,0.0,0.0,0.0,2.4772226098901174e-05,0.0,0.0,0.00251471643574405,0.0,0.0,0.0006455770450962197,0.0012362243462192427,0.0,0.0,0.0,0.0,0.000988055913251064,0.0,0.00027606842060863784,0.0,0.0,0.0,0.0,0.0,0.0,0.0,0.0004609425781354085,0.0,0.0,0.0,0.0002826615218584801,0.0,0.0,0.0,0.0,0.0,0.0,0.0,0.0,0.0,0.0,0.0011823018165507192,0.0,0.0,0.0,0.0,0.0,0.0,0.0,0.0,0.0,0.0,0.0,0.0,0.0,0.0,0.0,0.0,0.0,0.00034024392719231766,0.0,0.0,0.0
CCTTTAAGGGAGCACT-1,0.02911122588509151,0.009370380061182003,0.02283782573691804,0.0,0.0,0.0005591861402604773,0.0,0.024052717336090823,0.00014586207825154171,0.0,0.0021657176351860853,0.0,0.0,0.010774186886341349,0.003530443692937357,0.0023841002448496645,0.04787715820381094,0.005052940351810923,0.0,0.033164082615464045,0.01387517978455494,0.001493173846062966,0.0,0.002673915208320779,0.027681873680373722,0.020937635933495184,0.0,0.0,0.0,0.006398096668676591,0.0,0.0,0.0,0.0005800272410169135,0.0,0.0,0.0,0.0,0.0,0.005849298893099428,0.0,0.0,0.0,0.0,0.0002525043603053275,0.0,0.0,0.0,0.0,0.0,0.0,0.0,0.0023811303902971305,0.0,0.0,0.0,0.0013847522670666441,0.0,0.0,0.0,0.0006375642636884807,0.0,0.0,0.0015865593299797629,0.0,0.0,0.0,0.0,0.0,0.0,0.0,0.0,0.0016073064218362564,0.0,0.0,0.0,0.0,0.0,0.0,0.001023965650274313,0.0,0.0,0.0,0.0,0.0,0.0,0.0,0.0,0.0,0.0,0.0,0.0,0.0,0.00035769207340645865,0.0,0.0,0.0,0.0,0.0,0.0,0.0,0.0,0.0,0.0,0.0,0.0,0.0,0.0,0.0,0.0,0.0,0.0,0.0,0.0,0.0,0.00018801965838162826,0.0006062466178292714,0.0,0.00035769207340645865
CCTTTCAATGAAGAAA-1,0.5625312257170185,0.04702333977987669,0.1560806500323742,0.12664634191486004,0.030484582462335916,0.04558919217133761,0.015360365233690883,0.058674470868432096,0.07439897798671878,0.0,0.0,0.0,0.0024144770415298173,0.0,0.0,0.008462422634086133,0.0,0.0,0.0,0.0,0.0,0.004245001907502296,0.0,0.0,0.0,0.009161201739764157,0.0017175623038725427,0.0,0.0,0.0,0.0,0.0,0.0,0.0,0.0,0.0,0.0,0.0,0.0,0.0,0.0,0.0,0.0,0.0,0.0,0.0032281996213214823,0.0,0.0,0.0,0.0,0.0,0.0,0.0032281996213214823,0.006126024199577161,0.0,0.0032281996213214823,0.0,0.0,0.0,0.0,0.0,0.0,0.0,0.0038326596061812584,0.0,0.0,0.0,0.0,0.0,0.0,0.0,0.0,0.0,0.0,0.0,0.0,0.0,0.0,0.0,0.0,0.0,0.0,0.0,0.0,0.0,0.0,0.0,0.0,0.0,0.0,0.0,0.0,0.0,0.0,0.0,0.0,0.0,0.0,0.0,0.0,0.0,0.0,0.0,0.0,0.0,0.0,0.0,0.0,0.0,0.0,0.0,0.0,0.0,0.0,0.0,0.0,0.0,0.0,0.0
CGAAACGCAATTCATG-1,0.2924364305343421,0.06427447604565437,0.03332680174132198,0.04100352822160944,0.005347931665118941,0.004067706890948678,0.0,0.0,0.0,0.0,0.0,0.0,0.0,0.0,0.0,0.0,0.0,0.0,0.0,0.0,0.0,0.0,0.0,0.0,0.0,0.0,0.0,0.0,0.0,0.009027938468172902,0.0,0.0,0.0,0.011983552008386513,0.0,0.0,0.0,0.0,0.0,0.0,0.0,0.0,0.0,0.0,0.0,0.0,0.0,0.0,0.0,0.0,0.0,0.0,0.0,0.0,0.0,0.0,0.0,0.0,0.009027938468172902,0.006456197578892944,0.0,0.0,0.0,0.0,0.0,0.0,0.0,0.0,0.0,0.0,0.0,0.0,0.0,0.0,0.0,0.0,0.0,0.0,0.0,0.0,0.0,0.0,0.0,0.0,0.0,0.0,0.0,0.0,0.0,0.0,0.0,0.0,0.0,0.0,0.0,0.0,0.0,0.0,0.0,0.0,0.0,0.0,0.0,0.0,0.0,0.0,0.0,0.0,0.0,0.0,0.0,0.0,0.0,0.0,0.0,0.0,0.0,0.0,0.0
CGAACCCGCATGCGTC-1,0.5066499327773075,0.36295155610500923,0.14291225393587942,0.024485673736107643,0.07275601820923194,0.013240305313180604,0.03127410016869576,0.05036885930068291,0.02325426365043447,0.040666926642197704,0.038743111864219026,0.0,0.02327952250576762,0.0,0.012420228413120842,0.010502305963327432,0.0,0.0,0.0,0.0,0.017869322031667172,0.007908476905953164,0.0,0.0010768853046798845,0.0,0.00746454812428559,0.0032001674189428295,0.0,0.0567909130076363,0.0,0.0,0.0,0.001890823050332126,0.0,0.0,0.017686736861443113,0.006516625629974343,0.0,0.0,0.003134421192862604,0.0,0.00869198420803035,0.0,0.00629755483007273,0.0,0.001890823050332126,0.004293642977605923,0.005422666626856583,0.0,0.0,0.0,0.0026094741355858083,0.0024662488113644547,0.0,0.0,0.0,0.0,0.0,0.0,0.0,0.0,0.0,0.0023378249948134504,0.001414201688637875,0.0,0.0,0.0020453762519228487,0.0,0.004494927373118922,0.0,0.0,0.0,0.0,0.0,0.0,0.0,0.0,0.0,0.0,0.0,0.0,0.0,0.0,0.0,0.0,0.0,0.00020390073286112766,0.0,0.0012331244056822273,0.0,0.0,0.0,0.0,0.0,0.0,0.0,0.0,0.0,0.0,0.0,0.0,0.0,0.0,0.0,0.0,0.0,0.0,0.0,0.0,0.0012331244056822273,0.0,0.0,0.0,0.0,0.0,0.0,0.0,0.0,0.0
CGAAGACGGTGAGTGC-1,0.012832935538921654,0.018056197603302772,0.00887987570287483,0.0,0.0,0.0,0.013323767415304211,0.0,0.0,0.0,0.0,0.0,0.0,0.010050658210405608,0.0028466258757100385,0.0,0.0023099834734498083,0.0,0.0,0.01482682754391966,0.0,0.0,0.0,0.0,0.013894378578863898,0.0,0.0003411396222397433,0.0,0.0006485579037287677,0.005693059905755902,0.0,0.0,0.0,0.0,0.0,0.0,0.0,0.00047261155898116556,0.0017589847354772996,0.0011727523668017738,0.0,0.0,0.0,0.0,0.0,0.0,0.0005080320596474438,0.0,0.0,0.00025315097918721997,0.0,0.0,0.0,0.0,0.0,0.001213596411950612,0.0,0.0,0.0,0.0,0.0,0.0,0.0,0.0007051816393560598,0.0,0.0,0.0,0.0,0.0,0.0,0.0,0.0,0.0,0.0,0.0,0.0,0.0,0.0,0.0,0.0,0.0,0.0,0.0,0.0,0.0,0.0,0.0,0.0,0.0,0.0,0.0,0.0,0.0,0.0,0.0,0.0,0.0,0.0,0.0,0.0,0.0,0.0,0.0,0.0,0.0,0.0,0.0,0.0,0.0,0.0,0.0,0.0,0.0,0.0,0.0,0.0,0.0,0.0,0.0
CGACAGTTCGCGTTAT-1,0.0,0.0,0.0,0.0,0.0,0.007388559979650839,0.0,0.0,0.0,0.0,0.0,0.0,0.019982161537253726,0.0,0.0,0.0,0.0,0.0,0.0,0.0,0.0,0.0,0.0,0.0,0.0,0.0,0.0,0.0,0.0,0.0,0.0,0.0,0.01654318701882455,0.0,0.0,0.0,0.0,0.0,0.01674741364667109,0.0,0.0,0.0,0.0,0.0,0.0,0.0,0.0,0.0,0.0,0.0,0.0,0.0,0.0,0.0,0.011263368655399899,0.0,0.0,0.0,0.0,0.0,0.0,0.0,0.0,0.0,0.0,0.0,0.0,0.0,0.0,0.0,0.008271593509412275,0.0,0.0,0.0,0.0,0.0,0.0,0.0,0.0,0.0,0.0,0.0,0.0,0.0,0.0,0.0,0.0,0.0,0.0,0.0,0.0,0.0,0.0,0.0,0.0,0.0,0.0,0.0,0.0,0.0,0.0,0.0,0.0,0.0,0.0,0.0,0.0,0.0,0.0,0.0,0.0,0.0,0.0,0.0,0.0,0.0,0.0,0.0,0.0
CGAGACCCTAGAGTGT-1,0.6194579606982635,0.4462122883610207,0.10204303735101068,0.12933517543162149,0.02176010815686234,0.08173285562826275,0.02492207818059541,0.029349869419494863,0.008890376135413016,0.0,0.03237027996324787,0.0,0.0,0.0,0.03524942292040204,0.002200379235238439,0.01293786420989789,0.06331218476990068,0.0047984112211132334,0.0,0.0,0.009206330269786863,0.0183170453359637,0.01604873326819543,0.0,0.0019509182762081257,0.010148887902350287,0.0,0.007821719515239594,0.0,0.0,0.0,0.0033096469028674664,0.0,0.0,0.0,0.0,0.0,0.0,0.008767861871726184,0.007315501873385683,0.0,0.0,0.0047174239884524224,0.0,0.006619293805734933,0.0,0.0,0.006738293353223663,0.002300703699733342,0.0,0.0,0.0,0.0,0.0,0.0,0.0,0.00662735307636477,0.0,0.0,0.0,0.0,0.0,0.0,0.0,0.0,0.0,0.0,0.0,0.0,0.0,0.0,0.0,0.0,0.0,0.0,0.003952936042609055,0.005349364761552531,0.0,0.0,0.0,0.0,0.0,0.0,0.0,0.0,0.0,0.0,0.0,0.0013114856412093532,0.0,0.0,0.0,0.0,0.0,0.0,0.0,0.0,0.0,0.0,0.0,0.0,0.0,0.0,0.0,0.0,0.0,0.0,0.0,0.0,0.0,0.0005438740960008911,0.0,0.0,0.0,0.0,0.0,0.0,0.0
CGAGCACTTCAAGTTT-1,0.32880111619776853,0.6386884847559373,0.035062789510906286,0.035552945394925664,0.03638262286190638,0.04365879311394251,0.032280182970181565,0.0005570270192851877,0.0,0.0,0.014682830038977976,0.04538146194519219,0.0073444083212631656,0.02832250692768835,0.0,0.010643586520421097,0.0,0.0,0.021333949830153878,0.003924127171024859,0.017864666073320865,0.014289113489987904,0.01126342895018632,0.0,0.0,0.0,0.0073672777095925585,0.0,0.0,0.0008193402608912051,0.03005688986050216,0.0,0.005609378919771729,0.0,0.002211607562049745,0.0,0.0,0.02160534208409566,0.0,0.0005913950466823924,0.0,0.0,0.0,0.0,0.0,0.0,0.0,0.001853443122616197,0.0016466020194457337,0.0008193402608912051,0.0,0.0,0.0,0.0008193402608912051,0.0,0.0,0.013107371833158056,0.0,0.0,0.0011069621435114163,0.00041946826867784873,0.0,0.0,0.0018105729021710745,0.0,0.015628961281289353,0.0,0.0023403589575910575,0.0,0.0027722003187919354,0.0,0.0,0.0,0.0,0.0,0.0,0.0,0.0,0.0,0.0,0.0,0.0,0.0,0.0,0.007127920125747697,0.0,0.001113261296208433,0.0,0.0,0.0,0.0,0.0,0.0,0.0,0.0,0.0,0.0008761552499187699,0.002245704215085793,0.0,0.0,0.0,0.0,0.0,0.0,0.0,0.0,0.0,0.0,0.0,0.0,0.0,0.0,0.0,0.0,0.0016466020194457337,0.0,0.0,0.0,0.0
CGAGGGACTGCGGTCG-1,0.04561671383286541,0.054414851658345816,0.09829098861495184,0.0,0.014627810619995775,0.0025153898569994807,0.0,0.0031586727047093104,0.008351016232341843,0.023209449986117334,0.006432753191272299,0.048876921128380796,0.0,0.0,0.011152194529544482,0.004391207949028043,0.0,0.0,0.0,0.0,0.0,0.0058124541093382675,0.0,0.0,0.0,0.0,0.006060184481415187,0.0,0.00780206978109305,0.0,0.0,0.0016934928150959985,0.0,0.017268954105237537,0.0,0.0,0.0,0.0,0.0,0.0,0.0,0.0,0.0,0.012141209288149463,0.0,0.0,0.0,0.016478717792939152,0.0,0.0,0.0,0.0,0.007780515670954988,0.0,0.0,0.0,0.0,0.006070604644074731,0.0,0.0,0.0,0.0,0.0,0.0,0.0,0.0,0.0,0.0,0.0,0.0,0.0,0.0,0.0,0.006070604644074731,0.0,0.0,0.0,0.0,0.0,0.0,0.0,0.0,0.0,0.0,0.0,0.0,0.0,0.0,0.0,0.0,0.0,0.0,0.0,0.0,0.0,0.0,0.0,0.0,0.0,0.0,0.0,0.0,0.0,0.0,0.0,0.0,0.0,0.0,0.0,0.0,0.0,0.0,0.0,0.0,0.0,0.0,0.0,0.0,0.0
CGAGTACTAAAGAGGA-1,0.16303719875715716,0.0,0.09257009799000562,0.020976300512665316,0.006812082429379275,0.004109300260636564,0.0,0.010688101628465787,0.01325180537119135,0.019705607141527987,0.005094051175002305,0.0,0.0,0.0,0.026726872685223692,0.002493540396041383,0.0,0.0,0.0,0.0,0.0,0.007908046036165049,0.0,0.0,0.0,0.0,0.0,0.0,0.0,0.0,0.0,0.0,0.0,0.0,0.0,0.0,0.0,0.0,0.0,0.0,0.0,0.0,0.0,0.0,0.0,0.0,0.0,0.0,0.0,0.008752584301074923,0.0,0.0,0.0,0.0,0.0,0.0,0.0,0.006948474909130569,0.0,0.0,0.0,0.0,0.0,0.0,0.0,0.0,0.0,0.0,0.0,0.0,0.0,0.0,0.0,0.0,0.0,0.0,0.0,0.0,0.0,0.0,0.0,0.0,0.0,0.0,0.0,0.0,0.0,0.0,0.0,0.0,0.0,0.0,0.0,0.0,0.0,0.0,0.0,0.0,0.0,0.0,0.0,0.0,0.0,0.0,0.0,0.0,0.0,0.0,0.0,0.0,0.0,0.0,0.008752584301074923,0.0,0.0,0.0,0.0,0.0,0.0
CGATACCTCGCGGACA-1,0.2748855670816639,0.0,0.12454090246247546,0.08787381838472204,0.02619993820961309,0.016300103553699166,0.0,0.02718097593841461,0.0,0.0,0.004494811633416047,0.0,0.0,0.027464975985266454,0.0,0.0,0.0,0.0,0.0,0.0,0.0,0.0,0.0,0.0,0.0,0.0,0.0,0.0,0.0,0.0,0.0,0.0,0.0,0.0,0.0,0.0,0.0,0.0,0.0,0.0,0.0,0.004834887458889332,0.0,0.0,0.0,0.0,0.0,0.0,0.0,0.0,0.0,0.0,0.0,0.0,0.0,0.0,0.0,0.0,0.0,0.0,0.0,0.0,0.0,0.0,0.0,0.0,0.0,0.0,0.0,0.0,0.0,0.0,0.0,0.0,0.0,0.0,0.0,0.0,0.0,0.008733982693967966,0.0,0.0,0.0,0.0,0.0,0.0,0.0,0.0,0.0,0.0,0.0,0.0,0.0,0.0,0.0,0.0,0.0,0.0,0.0,0.0,0.0,0.0,0.0,0.0,0.0,0.0,0.0,0.0,0.0,0.0,0.0,0.0,0.0,0.0,0.0,0.0,0.0,0.0,0.0
CGATCTGTTGGAGGAC-1,0.3478752653606982,0.08514535292619152,0.29200002129105546,0.020773166164193772,0.004312611318860701,0.00894973862757305,0.040916416228899535,0.04119986871401505,0.007650746286168812,0.10484638474988962,0.0,0.0,0.0,0.06008012831413505,0.019877006028142283,0.014583574373502725,0.023749410259149884,0.0,0.0,0.03958052990669193,0.0028674964864841383,0.0005454874138153389,0.0015389966772240231,0.0,0.0,0.0,0.0024586815673191824,0.0,0.0,0.0,0.0,0.011522065608883345,0.004905296056279384,0.0,0.0,0.01685946608153557,0.0,0.011168620268289494,0.0,0.0,0.0,0.0,0.0,0.0013145403180523296,0.0,0.0,0.00529390229400617,0.0,0.0,0.002106747241977267,0.0,0.0,0.0,0.0,0.0,0.005861000439960938,0.0020929620822321003,0.0,0.0,0.0,0.0013225308904659726,0.0,0.0,0.007794965425706167,0.0,0.0,0.0,0.00017186121749110755,0.0,0.0,0.0,0.0,0.0005656101234727728,0.0,0.0,0.0,0.0,0.0,0.0,0.0,0.0,0.0,0.0,0.0,0.003479394356271999,0.0016254335124665231,0.0,0.0,0.0,0.0,0.0,0.0,0.0,0.0,0.0004818186528628695,0.0,9.070873112573236e-05,0.0,0.0,0.000905644810083002,0.0008127167562332616,0.0,0.0,0.0,0.0,0.0,0.0,0.0,0.0,0.0,0.0,0.0,0.0,0.0,0.0,0.0,0.0,0.0,0.0
CGCAAACACGAGTTAC-1,0.45893654492196556,0.0,0.08629446790297494,0.08715360068835087,0.07560575322884897,0.019352080577653034,0.0,0.0031012171186785716,0.0,0.0,0.004673620299948269,0.0,0.0,0.0,0.02880917549181131,0.009525706216454816,0.0,0.0,0.0,0.0,0.0,0.0,0.0,0.0,0.0,0.0,0.0,0.0,0.0,0.0,0.0422080755636558,0.0,0.0,0.0,0.0,0.0,0.0,0.0,0.0,0.0,0.013965665507911687,0.0,0.0,0.0072479043873665125,0.0,0.0,0.0,0.0,0.0,0.0,0.0,0.0,0.0,0.0,0.010123967519603693,0.0,0.0,0.0,0.0,0.0,0.0,0.0,0.0,0.0,0.0,0.013351677076041572,0.012104802130871447,0.0,0.0,0.0,0.0,0.0,0.0,0.0,0.0,0.0,0.0,0.0,0.0,0.0,0.0,0.0,0.0,0.0,0.0,0.0,0.0,0.0,0.0,0.0,0.0,0.0,0.0,0.0,0.0,0.0,0.0,0.0,0.0,0.0,0.0,0.0,0.0,0.0,0.0,0.0,0.0,0.0,0.0,0.0,0.0,0.0,0.0,0.0,0.0,0.0,0.0,0.0,0.0
CGCAATTACTTTCGGT-1,0.8907620972986833,0.522828285321912,0.0631033567094964,0.0,0.07528542531461659,0.03429681381018039,0.028676927490157943,0.045180533894022046,0.02413021865154873,0.030915941403431624,0.001133499817646739,0.016911666785125932,0.038629456244322756,0.024531538796190237,0.005384992538597817,0.020974975788815922,0.0,0.0,0.0,0.0003064347323746434,0.0,0.013808190230403975,0.0,0.0,0.0,0.0017593022875075858,0.008272664306625883,0.0,0.0029045265958649448,0.0,0.0,0.0,0.01095428711337898,0.0,0.0,0.013883329098779944,0.0,0.005565108333628549,0.0,0.0,0.0,0.002632843160663277,0.0,0.0010046154616425856,0.0,0.00303214673642543,0.0,0.0,0.0,0.0,0.0,0.0,0.0,0.0,0.0,0.0,0.0,0.0,0.0,0.0,0.0,0.014003279212277701,0.0,0.0,0.0,0.0,0.0,0.0012755002232498476,0.0005339437561597175,0.0,0.0,0.0,0.0,0.0,0.0,0.0,0.0,0.001570024237519584,0.0,0.0,0.0,0.0,0.0,0.0,0.0,0.0,0.0,0.004406104956426474,0.0,0.0,0.0,0.0,0.0,0.0,0.002363843785248595,0.0,0.0,0.0,0.0,0.0,0.0,0.0,0.0,0.0,0.0,0.0,0.0,0.0,0.0,0.0,0.0,0.0,0.0,0.0,0.0,0.0,0.0,0.001570024237519584,0.0
CGCAATTCTACAATAA-1,1.5759310127843498,1.1423903109311615,0.20363037391468033,0.15144688966396022,0.19616412451292425,0.07596078273446688,0.01450376358769902,0.02489488095572883,0.00860491529931997,0.007834148945131233,0.042326929193214166,0.0,0.06479607647406543,0.046652077133381674,0.013853306060648277,0.017126199751531162,0.0148662950265767,0.04303393415084569,0.02609808631007212,0.0031949556491847005,0.0,0.006862634111990765,0.017232951837177754,0.026262040927346592,0.0,0.0,0.010629826565578999,0.03065969790024093,0.03319179897686916,0.0013621745197567449,0.0,8.363162599970569e-05,0.0,0.0,0.0022251472106584818,0.0,0.0025514854523967087,0.006812163039974411,0.0,0.00033423411260523735,0.00504333266190269,0.018883093825971316,0.0,0.0029443306093689075,0.0,0.0,0.005786773372810651,0.0,0.003823927528564448,0.002187869742082697,0.0,0.005543009560171249,0.0,0.0,0.004253015038593959,0.0,0.0,0.0013167352381702893,0.0,0.0,0.006336483251931704,0.0,0.0,0.0,0.006353514495257292,0.0,0.0,0.008367956669645394,0.0,0.0,0.0,0.0,0.0,0.0,0.0,0.0,0.0,0.0019372963630877606,0.0,0.0,0.0,0.0,0.0,0.0,0.0,0.0,0.00045881492889010214,0.0,0.0,0.0,0.0016275953711986182,0.0010667724313587821,0.0,0.0010667724313587821,0.0,0.0,0.0,0.0,0.0,0.0,0.0,0.0,0.0,0.0,0.0,0.0,0.0,0.0,0.0,0.0,0.0,0.0,0.0,0.0,0.0,0.0,0.0,0.0,0.0
CGCATGGTGCGATGCT-1,0.3754886292769331,0.09535635496296285,0.3041979319479912,0.13623556978870724,0.011798816452661561,0.07838767612076943,0.035401738801558745,0.04595770372310007,0.0,0.0,0.025025723186537174,0.0,0.0,0.0,0.009680271338972188,0.0,0.0,0.027446314025235383,0.0,0.0,0.0,0.0,0.0,0.0021896874310175837,0.0,0.008323302896627922,0.0,0.0,0.0,0.0,0.0,0.0,0.0,0.0,0.0,0.0,0.0,0.0,0.0,0.0,0.0,0.0,0.0,0.0,0.0,0.0,0.0,0.0,0.0,0.0,0.0,0.0,0.0,0.0,0.0,0.00722216920754948,0.0,0.0,0.0,0.009075421885962973,0.0,0.0,0.0,0.0,0.0,0.0,0.0,0.0,0.0,0.0,0.0,0.0,0.0,0.0,0.0,0.0,0.0,0.0,0.0,0.0,0.0,0.0,0.0,0.0,0.0,0.0,0.0,0.0,0.0,0.0,0.0,0.0,0.0,0.0,0.0,0.0,0.0,0.0,0.0,0.0,0.0,0.0,0.0,0.0,0.0,0.0,0.0,0.0,0.0,0.0,0.0,0.0,0.0,0.0,0.0,0.0,0.0,0.0,0.0
CGCCAAGAAGCCGAGT-1,0.16921998723855436,0.13184867211484746,0.06949429049349928,0.04788023805998838,0.0,0.002747696769612248,0.006811691793256636,0.03134573118893241,0.0069789991305749454,0.01653942613021117,0.009331031932160496,0.0,0.001795971344244336,0.02999605718409999,0.016917508855169884,0.024970663996613886,0.010386658107189707,0.03398876618240184,0.009410650783494671,0.020234304177702982,0.0,0.0025198197069023535,0.011518408809815145,0.010750210358392853,0.0,0.006794762139693952,0.004032519818012562,0.0,0.0,0.0,0.0,0.0,0.0,0.0,0.008322267424226985,0.0,0.0,0.0,0.0,0.0,0.0,0.0,0.0,0.0,0.0,0.003257309253762863,0.0,0.0,0.0,0.0,0.0,0.0,0.0,0.0018254892141986348,0.0,0.0018254892141986348,0.0,0.0,0.0,0.0,0.0,0.0,0.0,9.980540153233083e-05,0.0,0.0,0.0,0.0,0.0,0.0,0.0,0.0,0.0,0.0,0.0,0.00814385839244015,0.0,0.0,0.0,0.0,0.0,0.0,0.0,0.0,0.0,0.0018254892141986348,0.0002954685002193593,0.0,0.0,0.0,0.0,0.0,0.0,0.0,0.0,0.0,0.0018254892141986348,0.0,0.0,0.0,0.0,0.0,0.0,0.0,0.0,0.0,0.0,0.0,0.0,0.0,0.0018254892141986348,0.0,0.0,0.0,0.0,0.0,0.0,0.0,0.0
CGCCCAGCACGCCTAG-1,0.012607325305889427,0.008702459693508859,0.030919585664995995,0.0,0.0,0.0007536402979299508,0.002009585045412226,0.02654564689004688,0.0,0.0,0.0024577001371492834,0.0,0.0005489408402568569,0.019829357360381578,0.0005489408402568569,0.0,0.0,0.0,0.0,0.0367164066594454,0.0,0.0,0.0014703772828527461,0.0,0.0,0.0,0.0,0.0,0.0,0.014962508863831,0.0,0.0,0.0,0.0,0.0,0.0,0.0,0.0,0.0,0.00037649041545295117,0.0,0.0,0.0,0.0,0.0004158254299365163,0.0,0.000496223752391124,0.0,0.0,0.0,0.0,0.0,0.0,0.004432291411418084,0.0,0.0,0.0,0.0,0.0,0.0004819392216824696,0.0,0.0,0.0029093381292191814,0.0017068962581913332,0.0,0.0,0.0,0.0,0.0,0.0,0.0,0.0,0.0,0.0,0.0,0.0,0.0,0.0,0.0,0.0,0.0,0.0,0.0,0.0,0.0,0.0,4.883639631455154e-05,0.0,0.0,0.0,0.0,0.0,0.0,0.0,0.0,0.0,0.0,0.0,0.0,0.0,0.0,0.0,0.0,0.0,0.0,0.0,0.0,0.0,0.0,0.0,0.0,0.0,0.0,0.0,0.0,0.0,0.0,0.0,0.0
CGCCGACTATTCGCTA-1,0.11625268624899687,0.09651263423624439,0.0019775653535363314,0.000729775819895766,0.0,0.0,0.020220962627185302,0.0,0.0,0.0,0.0,0.0,0.0,0.0,0.0038940043654419015,0.0,0.0,0.0,0.0,0.0,0.0,0.00019531200898731627,0.0015281028071275104,0.0,0.0,0.0,0.0,0.0,0.0,0.025601578938785025,0.0,0.0,0.0,0.0017000711664812546,0.0,0.0,0.0,0.0,0.014363343853760554,0.0,0.0,0.0,0.0,0.0,0.0,0.0,0.0,0.0,0.0,0.0,0.0,0.0,0.0,0.0,0.0,0.0,0.0,0.0,0.008407592411537455,0.0,0.0,0.0,0.0,0.0011047933666692446,0.0027238964489968067,0.0,0.0,0.0,0.0,0.0,0.0,0.0,0.0,0.0,0.0,0.0,0.0,0.0,0.0,0.0,0.0,0.0,0.0,0.0,0.0,0.0,0.0,0.0,0.004412775269911902,0.0,0.0,0.0,0.0,0.0,0.0,0.0,0.0,0.0,0.0,0.0,0.0,0.0,0.0,0.0,0.0,0.0,0.0,0.0,0.0,0.0,0.0,0.0,0.0,0.0,0.0,0.0,0.0,0.0,0.0
CGCCGCCCATGCCTGT-1,0.5466639236796192,0.18059454163790933,0.12494852343859265,0.061870419155026134,0.02813331278104341,0.0023995413221007387,0.022975330984844885,0.01204675662542395,0.0,0.00977926232203882,0.006189720919500692,0.0,0.005280930536834162,0.0,0.0,0.0,0.0,0.0,0.03777490331958068,0.0,0.0,0.0,0.01175346786201456,0.0,0.0,0.0,0.002072659235002371,0.0,0.0,0.0,0.0,0.0005422067102811471,0.005543163426614625,0.0,0.0,0.0,0.0,0.0,0.0,0.0,0.005543163426614625,0.0,0.0,0.0,0.0,0.0,0.0,0.0,0.0,0.0,0.0,0.0,0.0,0.0,0.0,0.0,0.0,0.009217234441439886,0.0,0.0,0.0,0.0,0.0,0.0,0.0,0.0,0.0,0.0,0.0,0.0,0.0,0.0,0.0,0.0,0.0,0.0,0.005543163426614625,0.0,0.0,0.0,0.0,0.0,0.0,0.0,0.0,0.0,0.0,0.0,0.0,0.0,0.0,0.0,0.0,0.0,0.0,0.0,0.0,0.0,0.0,0.0,0.0,0.0,0.0,0.0,0.0,0.0,0.0,0.0,0.0,0.0,0.0,0.0,0.0,0.0,0.0,0.0,0.0,0.0,0.0
CGCCTCCCTCCTCTAT-1,0.05505286205455241,0.029910014455559596,0.0,0.0,0.0,0.0,0.008356771290285267,0.0,0.0,0.0,0.0,0.0,0.0036268049876994213,0.0,0.001952648417557314,0.0,0.009621374170866103,0.0,0.0,0.0,0.008356771290285267,0.0,0.0,0.0,0.0,0.0,0.0,0.0,0.0,0.0,0.0,0.0,0.0,0.0,0.0,0.0,0.0,0.0,0.0,0.0,0.006070148623826629,0.0,0.0,0.0,0.0,0.0,0.0,0.0,0.0,0.0,0.0,0.0,0.0,0.008356771290285267,0.008356771290285267,0.0,0.0,0.0,0.008356771290285267,0.0,0.0,0.0,0.0,0.0,0.0,0.0,0.0,0.0,0.0,0.0,0.0,0.0,0.0,0.0,0.0,0.0,0.0,0.0,0.0,0.0,0.0,0.0,0.0,0.0,0.0,0.0,0.0,0.0,0.0,0.0,0.0,0.0,0.0,0.0,0.0,0.0,0.0,0.0,0.0,0.0,0.0,0.0,0.0,0.0,0.0,0.0,0.0,0.0,0.0,0.0,0.0,0.0,0.0,0.0,0.0,0.0,0.0,0.0,0.0
CGCCTGGCCTACGTAA-1,0.1928179052463716,0.09334493793226081,0.0880319321964644,0.020007084355799436,0.026033106719407957,0.03930736800695703,0.02978845173675545,0.022286816482910143,0.011809580614765024,0.03373896474111162,0.01075487905578878,0.008318092242109332,0.0198765731456338,0.0,0.013634957302679489,0.00651008186406054,0.0,0.0,0.0,0.0,0.0,0.0,0.0,0.0,0.0,0.0,0.0,0.0,0.0,0.0,0.0,0.0,0.005140966385632137,0.0,0.0,0.0,0.0,0.0,0.0,0.0,0.0,0.0,0.0,0.0,0.0,0.0,0.0,0.0,0.0,0.0,0.0,0.0,0.0,0.0,0.0,0.0,0.0,0.0,0.0,0.0,0.0,0.0,0.0,0.0,0.0,0.0,0.0,0.0,0.0,0.0,0.0,0.0,0.0,0.0,0.0,0.0,0.0,0.0,0.0,0.0,0.0,0.0,0.0,0.0,0.0,0.0,0.0,0.0,0.0,0.0,0.0,0.0,0.0,0.0,0.0,0.0,0.0,0.0,0.0,0.0,0.0,0.0,0.0,0.0,0.0,0.0,0.0,0.0,0.0,0.0,0.0,0.0,0.0,0.0,0.0,0.0,0.0,0.0,0.0
CGCGCATGTTTGATTG-1,0.1917117839576013,0.15498993462077798,0.13082940315994238,0.04275652110605548,0.015193659361738082,0.011548925916708572,0.026948189188692254,0.03858391653820317,0.002452340142374951,0.0026595879299638188,0.10378091683620785,0.04160886463613462,0.0,0.058615385715254605,0.009442996388693297,0.013201141021822734,0.006063970503863421,0.0,0.0,0.027409240467724014,0.0,0.0064201298473622334,0.0,0.0,0.016030226729647695,0.0,0.002558417080120313,0.0,0.0,0.004366837371355168,0.0,0.0,0.0,0.0,0.023703102290380734,0.0,0.0,0.0,0.0,0.004950549792251091,0.0,0.0017551753603365341,0.0,0.002827635689093989,0.0,0.0,0.0,0.0,0.0,0.005349584757612516,0.0,0.0,0.004059682578922189,0.0004327423814060877,0.0,0.0,0.0,0.0,0.0,0.0,0.0,0.0,0.002340181378999052,0.00027414977504084,0.0,0.0,0.0,0.0,0.0,0.0017526384092981459,0.0,0.0,0.0,0.0,0.0,0.0,0.0,0.001900530553829873,0.0,0.0,0.0,0.0,0.0015893491689114904,0.0,0.0,0.0,0.0,0.0,0.0,0.0,0.001440917034989481,0.0,0.0,0.0,0.0,0.0,0.0,0.0,0.0,0.0,0.0,0.0,0.0,0.0,0.0,0.0,0.0002217309333596475,0.0,0.0,0.0,0.0,0.0,0.0,0.0,0.0,0.00013876957259452058,0.0,0.0,0.0
CGCGCCCGACTTAATA-1,1.1450772361502246,0.4768948136688491,0.13905910537245217,0.1643204646898408,0.07227373168612536,0.0,0.0,0.07448695171070974,0.0,0.0,0.0067948052139239785,0.008397575194491282,0.0,0.006397381895731976,0.0,0.0,0.0,0.026031419428941438,0.02282029041237879,0.004848848481086084,0.0,0.0,0.005955491873824049,0.008332784354581464,0.0,0.0,0.0,0.0,0.0,0.0,0.0,0.0,0.0,0.0,0.0,0.004509856622737318,0.0,0.0,0.0,0.0,0.0,0.0,0.0,0.0,0.0,0.0,0.0,0.0,0.0,0.0,0.0,0.0,0.0,0.0,0.007840156250744428,0.00639003704293041,0.0,0.0,0.0,0.0,0.0,0.0,0.0,0.0,0.0,0.0,0.0,0.0,0.0059486061822434984,0.0,0.004115494718685685,0.0,0.0,0.0,0.0,0.0,0.0,0.0,0.0,0.0,0.0,0.0,0.0,0.0,0.0,0.0,0.0,0.0,0.0,0.0,0.0,0.0,0.0,0.0,0.0,0.0,0.0,0.0,0.0,0.0,0.0,0.0,0.0,0.0,0.0,0.0,0.0,0.0,0.0,0.0,0.0,0.0,0.0,0.0,0.0,0.0,0.0,0.0,0.0
CGCTATTCTTAGGCTC-1,0.2702000027382457,0.0,0.06940605378673043,0.04933664622566626,0.02046880984276777,0.03635262194165179,0.05684877306762762,0.0,0.02665990885072346,0.0,0.005843742614589466,0.0,0.0,0.0,0.003664221364719426,0.002056473959767431,0.0,0.0,0.0,0.0,0.0,0.0144748060525843,0.0,0.0,0.0,0.0,0.0,0.0,0.0,0.0,0.0,0.0,0.0,0.0,0.0,0.0,0.0,0.011551526919907327,0.0,0.0,0.0,0.0,0.0,0.0,0.0,0.0,0.0,0.0,0.0,0.0,0.0,0.0,0.0,0.0,0.009469810606424085,0.0,0.0,0.0,0.0,0.0,0.0,0.0,0.0,0.0,0.0,0.0,0.0,0.0,0.0,0.0,0.0,0.0,0.0,0.0,0.0,0.0,0.0,0.0,0.0,0.0,0.0,0.0,0.0,0.0,0.0,0.0,0.0,0.0,0.0,0.0,0.0,0.0,0.0,0.0,0.0,0.0,0.0,0.0,0.0,0.0,0.0,0.0,0.0,0.0,0.0,0.0,0.0,0.0,0.0,0.0,0.0,0.0,0.0,0.0,0.0,0.0,0.0,0.0,0.0
CGCTCGACATAATGAT-1,0.26357544379259473,0.0828855284617801,0.0,0.0,0.03458245718967168,0.01265826069629407,0.0,0.0,0.0,0.0,0.0,0.021488333748152677,0.0029866782488286734,0.0,0.0,0.004661255973855142,0.0,0.0,0.0,0.0,0.0,0.0,0.0,0.0,0.0,0.0,0.0,0.0,0.0,0.008768501692556333,0.0,0.0,0.0,0.0,0.0,0.0,0.0,0.0,0.0,0.0,0.0,0.0,0.0,0.0,0.0,0.0,0.0,0.0,0.0,0.0,0.0,0.0,0.0,0.0,0.0,0.0,0.0,0.0,0.0,0.0,0.0,0.0,0.0,0.0,0.0,0.0,0.0,0.0,0.0,0.0,0.0,0.0,0.0,0.0,0.0,0.0,0.0,0.0,0.0,0.0,0.0,0.0,0.0,0.0,0.0,0.0,0.0,0.0,0.0,0.0,0.0,0.0,0.0,0.0,0.0,0.0,0.00224332526996771,0.0,0.0,0.0,0.0,0.0,0.0,0.0,0.0,0.0,0.0,0.0,0.0,0.0,0.0,0.0,0.0,0.0,0.0,0.0,0.0,0.0,0.0
CGCTCTCCGTAGATTA-1,0.0,0.0,0.0,0.0,0.0,0.0047459132687769565,0.0,0.004633005485539694,0.0,0.0,0.0,0.019698641890947013,0.0,0.0,0.004824320743641186,0.0062071730444716285,0.0,0.0,0.0,0.0,0.0,0.0,0.0,0.0,0.0,0.0,0.0,0.0,0.0,0.0169519859054666,0.0,0.0,0.0,0.0,0.0,0.0,0.0,0.010316013058710556,0.0,0.0,0.0,0.0,0.0,0.0,0.0,0.0,0.0,0.0,0.0,0.0,0.0,0.0,0.0,0.0,0.0,0.0,0.0,0.0,0.0,0.0,0.0,0.0,0.0,0.0,0.0,0.0,0.0,0.0,0.0,0.0,0.0,0.0,0.0,0.0,0.0,0.0,0.0,0.0,0.0,0.0,0.0,0.0,0.0,0.0,0.0,0.0,0.0,0.0,0.0,0.0,0.0,0.0,0.0,0.0,0.0,0.0,0.0,0.0,0.0,0.0,0.0,0.0,0.0,0.0,0.0,0.0,0.0,0.0,0.0,0.0,0.0,0.0,0.0,0.0,0.0,0.0,0.0,0.0,0.0
CGCTTATTCCCGGTCG-1,0.9359454745327245,0.17142192878786452,0.057021364849645685,0.10929566639980369,0.027135548018865696,0.06452228760887013,0.0,0.008371799772693766,0.013359712776745946,0.028636037636220375,0.0,0.0,0.011205300764189154,0.0,0.0,0.0,0.0,0.0,0.0,0.0,0.0,0.0,0.0,0.0,0.0,0.0,0.0,0.0,0.0,0.0,0.0,0.0,0.0,0.0,0.0,0.0,0.0,0.0,0.0,0.0,0.0,0.0,0.0,0.0,0.0,0.0,0.0,0.007339762053507314,0.0,0.0,0.0,0.0,0.0,0.0,0.0,0.0,0.0,0.0,0.0,0.0,0.0,0.0,0.0,0.0,0.0,0.0,0.0,0.0,0.0,0.0,0.0,0.007339762053507314,0.0,0.0,0.0,0.0,0.0,0.0,0.0,0.0,0.0,0.0,0.0,0.0,0.0,0.0,0.0,0.0,0.0,0.0,0.0,0.0,0.0,0.0,0.0,0.0,0.0,0.0,0.0,0.0,0.0,0.0,0.0,0.0,0.0,0.0,0.0,0.0,0.0,0.0,0.0,0.0,0.0,0.0,0.0,0.0,0.0,0.0,0.0
CGGAAAGAATCAAACG-1,0.026424119754902015,0.010151261525295628,0.026764091712676536,0.0,0.0,0.0012326227192289597,0.0,0.025575986654098146,0.0,0.0,0.00362029051353995,0.04314006316199116,0.0,0.012314111076331435,0.004745326612354632,0.004567191110364602,0.05988249455213193,0.0,0.0,0.0,0.0,0.004552786732547724,0.0,0.0,0.0,0.0159900712378984,0.0,0.0,0.0,0.011229784908743696,0.012689084399059341,0.0,0.0,0.0,0.0,0.0,0.0,0.0,0.0,0.0,0.00010087613726858642,0.0,0.0,0.0,0.0003667085146232666,0.0,0.001261220093884603,0.0,0.0,0.002636598923306245,0.0,0.0,0.002819815978853404,0.0,0.0,0.006986807492442564,0.0023765378832992737,0.0,0.002636598923306245,0.0,0.0,0.0,0.0,0.0012021146909448755,0.0,0.0014393452562957184,0.0,0.0,0.0,0.0,0.0,0.0,0.01579751778053324,0.0,0.0,0.0,0.0,0.0,0.0,0.0,0.0,0.00684568470356648,0.0,0.0,0.0,0.0,0.0,0.0,0.0,0.0015922345030793762,0.0,0.0,0.0,0.0,0.0,0.0,0.0,0.0,0.0,0.0,0.0,0.0,0.0,0.0,0.0,0.0,0.0,0.0,0.0,0.0,0.0,0.0,0.0,0.0,0.0,0.0,0.0,0.0,0.0
CGGAACGTAAACATAG-1,0.0,0.0,0.0,0.0,0.0,0.025423058817766082,0.0,0.0,0.01786576560942549,0.03988690693646043,0.008428261417705049,0.02881445577516032,0.0,0.0,0.0,0.010427055855318217,0.0,0.0,0.0,0.0,0.0,0.0,0.0,0.0,0.0,0.0,0.0,0.08881689883248613,0.0,0.0,0.0,0.0,0.0,0.0,0.0,0.0,0.0,0.0,0.0,0.0,0.0,0.0,0.0,0.0,0.0,0.0,0.0,0.0,0.0,0.0,0.0,0.0,0.0,0.0,0.0,0.0,0.0,0.0,0.0,0.0,0.0,0.0,0.0,0.0,0.0,0.0,0.0,0.0,0.0,0.0,0.0,0.0,0.0,0.0,0.0,0.0,0.0,0.0,0.0,0.0,0.0,0.0,0.0,0.0,0.0,0.0,0.0,0.0,0.0,0.0,0.0,0.0,0.00836637902737949,0.0,0.0,0.0,0.0,0.0,0.0,0.0,0.0,0.0,0.0,0.0,0.0,0.0,0.0,0.0,0.0,0.0,0.0,0.0,0.0,0.0,0.0,0.0,0.0,0.0,0.0
CGGAGCAATTTAATCG-1,0.29512874716987114,0.2717819384000344,0.16858056300360838,0.05616138579497161,0.02424701616411167,0.004903941706290443,0.055222021783317234,0.06868438458708552,0.0017172466913150434,0.030521435962591784,0.0035458280652526162,0.0172448702363948,0.007644486646840018,0.0,0.0,0.014234402032657103,0.0,0.0,0.027214509927152287,0.0,0.0,0.0,0.0033941228580080945,0.0,0.023959351720991378,0.0,0.0053041138651898955,0.0,0.0,0.0,0.0,0.0,0.0,0.0,0.0,0.023921370380924994,0.0,0.0,0.0,0.0,0.0,0.0,0.0,0.0,0.0,0.0,0.0,0.0,0.011864475096560108,0.0,0.0,0.0,0.0,0.0,0.0,0.0,0.0,0.0,0.0,0.0,0.0,0.0,0.0,0.0,0.0,0.0,0.0,0.0,0.0019508172852329276,0.0,0.0,0.0,0.0,0.0,0.0,0.0,0.0,0.0,0.00406657884436356,0.0,0.0,0.0,0.0,0.0,0.0,0.0,0.0,0.0,0.0,0.0,0.0,0.0,0.0,0.0,0.0,0.0008097296207685247,0.0,0.0,0.0,0.0,0.0,0.0008154976673185356,0.0,0.0,0.0,0.0,0.0,0.0,0.0,0.0,0.0,0.0,0.0,0.0,0.002901150379246657,0.0,0.0,0.0,0.0
CGGAGCATGGCGATCC-1,0.11910595113128539,0.3574525051210981,0.07039327849454181,0.03876592059204054,0.024350627848797504,0.03627474927990858,0.023703762007687874,0.028528836133986494,0.0,0.0,0.008510193935392516,0.0,0.0,0.006034619500876652,0.0,0.0,0.007308221252106024,0.0,0.0,0.02778230519414329,0.030109795400668594,0.0055547160574402205,0.0,0.0,0.0,0.0,0.0,0.0,0.0,0.0,0.0,0.0,0.0,0.0,0.0,0.0,0.0,0.0,0.0,0.011714280442983286,0.0,0.0,0.0,0.0,0.0,0.0,0.0,0.0,0.0,0.0,0.0,0.0,0.0,0.00978132168999828,0.0,0.0,0.0,0.0,0.0,0.0,0.0,0.0,0.0,0.0,0.0,0.0,0.0,0.0,0.0,0.0,0.0,0.0,0.0,0.0,0.0,0.0,0.0,0.0,0.0,0.006002227065885196,0.0,0.0,0.0,0.0,0.0,0.0,0.0018933171762888176,0.0,0.0,0.0,0.0,0.0,0.0,0.0,0.0,0.0,0.0,0.0,0.0,0.0,0.0,0.0,0.0,0.0,0.0,0.0,0.0,0.0,0.0,0.0,0.0,0.0,0.0,0.0,0.0,0.0,0.0,0.0,0.0
CGGAGTTTGAGAGACA-1,1.2380349966127127,0.46220942708410023,0.1282947858419816,0.11935365887751767,0.137594818677475,0.03925977885831961,0.0826950312385265,0.072001506058912,0.10014384798006519,0.0,0.02361291994207669,0.0,0.0,0.0,0.0,0.013686389181216455,0.0,0.0,0.07362672528544142,0.0,0.0,0.0,0.02044972839599041,0.0,0.0,0.020179382446786145,0.00537339164231331,0.0,0.0,0.0,0.0,0.0,0.0,0.0,0.0,0.02402158501512849,0.0,0.0,0.0,0.0,0.0035786976347858745,0.0,0.0,0.0,0.0,0.0,0.007745318457745977,0.0,0.012022240551832711,0.0,0.0,0.0,0.0,0.0,0.0,0.0,0.0,0.004607160659803953,0.0,0.0,0.0,0.0,0.0,0.0,0.0,0.0,0.0,0.0,0.0,0.0,0.0,0.0,0.0,0.0,0.0,0.0,0.0,0.0,0.0,0.0,0.0,0.0,0.0,0.0,0.0,0.0,0.0,0.0,0.0,0.0,0.0,0.0,0.0,0.0,0.003911297991653316,0.0,0.0,0.0,0.0,0.0,0.0,0.0,0.0,0.0,0.0,0.0,0.0,0.0,0.0,0.0,0.0,0.0,0.0,0.0,0.0,0.0,0.0,0.0,0.0
CGGCAAACATCGTGCG-1,0.0,0.0,0.06564250841038126,0.0,0.0,0.015673554301840927,0.0,0.0,0.0,0.0,0.0,0.031231469428636836,0.0,0.0,0.0,0.008785542215272243,0.0,0.0,0.0,0.0,0.0,0.0,0.0,0.0,0.0,0.0,0.0,0.0,0.0,0.0,0.0,0.0,0.0,0.0,0.0,0.0,0.0,0.0,0.0,0.0,0.007740707428084648,0.0,0.0,0.0,0.0,0.0,0.0,0.0,0.0,0.0,0.0,0.0,0.0,0.0,0.0,0.0,0.0,0.0,0.0,0.0,0.0,0.0,0.0,0.0,0.0,0.0,0.0,0.0,0.0,0.0,0.0,0.0,0.0,0.0,0.0,0.0,0.0,0.0,0.0,0.0,0.0,0.0,0.0,0.0,0.0,0.0,0.0,0.0,0.0,0.0,0.0,0.0,0.0,0.0,0.0,0.0,0.0,0.0,0.0,0.0,0.0,0.0,0.0,0.0,0.0,0.0,0.0,0.0,0.0,0.0,0.0,0.0,0.0,0.0,0.0,0.0,0.0,0.0,0.0
CGGCCACGCACAAAGT-1,0.13111049951707868,0.415540822948907,0.03966728690715949,0.013344594821169961,0.01312113475744382,0.0596565513538034,0.04715971090424276,0.014998487728218355,0.0,0.0,0.006057491494287894,0.0,0.0,0.0,0.022725609156644087,0.01749671963742474,0.0,0.0,0.008547797271037081,0.0,0.0,0.01676148295076206,0.021770448325600704,0.0,0.0,0.0,0.0,0.0,0.0,0.0,0.0,0.0,0.0,0.024346909014365915,0.0,0.0,0.005275115946002554,0.0,0.0,0.005994158395157044,0.0010023216073637396,0.0,0.0,0.00260452888759502,0.0,0.001986425751102522,0.0,0.0,0.0,0.0,0.0,0.006028095741369648,0.0,0.0,0.0,0.003972851502205044,0.0,0.0,0.0,0.0,0.001723401529824914,0.0,0.0,0.0,0.0,0.0,0.0,0.003487145607019821,0.0,0.0,0.0,0.0,0.0,0.0,0.0,0.0,0.0,0.00130226444379751,0.0,0.0,0.007385480824622021,0.0,0.0,0.0,0.0,0.0,4.698484836179863e-05,0.0,0.0,0.0,0.0,0.0,0.0,0.0,0.0,0.0,0.0,0.0,0.0,0.0,0.0,0.0,0.0,0.0,0.0007459292349517625,0.0,0.0,0.0,0.0,0.0,0.0,0.0,0.0,0.0,0.0,0.0,0.0,0.0,0.0
CGGGAATTTATGTAAA-1,0.2972440641651375,0.17213680359016204,0.16345431301541505,0.05087058731329129,0.018049529965554575,0.014332734830965803,0.01405782863843268,0.02499055494535761,0.010341126389726864,0.009297566815394552,0.04050002311869431,0.0,0.0,0.0,0.016695421603887668,0.0,0.0,0.0,0.015519183292876926,0.0,0.0,0.005887448435908372,0.014145744102439545,0.0,0.0,0.004317634307290342,0.0,0.0,0.0,0.0,0.0,0.0,0.0,0.0,0.0,0.0,0.0,0.0,0.0,0.0,0.004198221144255623,0.00350769894370457,0.0,0.0,0.0,0.0025498848351817936,0.0,0.0,0.0,0.0,0.0,0.0,0.0,0.0,0.0,0.0,0.0,0.005109370341750735,0.0,0.0,0.0,0.0,0.0,0.0,0.0,0.0,0.0,0.0,0.0,0.0,0.0,0.0,0.0,0.0,0.0,0.0,0.0036266751615197886,0.0,0.0,0.0,0.0,0.0,0.0,0.0,0.0,0.0,0.0,0.0,0.0,0.0,0.0,0.0,0.0,0.0,0.0,0.0,0.002389846599638948,0.0,0.0,0.0,0.0,0.0,0.0,0.0025498848351817936,0.0,0.0,0.0,0.0,0.0,0.0,0.0,0.0,0.0,0.0,0.0,0.0,0.0,0.0,0.0
CGGGCAGCTAAACCGC-1,0.4477727608987712,0.0589218548957193,0.09052455665566823,0.04306999757920946,0.029728745407987322,0.014473145599104982,0.03144587173403145,0.0044182235803065135,0.0,0.0,0.0,0.0,0.0,0.0175857689194813,0.010474562098154134,0.004903252035127634,0.0,0.0,0.0,0.0,0.0,0.0073158930249316995,0.0,0.0,0.0,0.0,0.0,0.0,0.0,0.0,0.0,0.0,0.0,0.0,0.0,0.0,0.0,0.0,0.0,0.0,0.0,0.0,0.0,0.0,0.0,0.0,0.0,0.0,0.0,0.007282989229037395,0.0,0.0,0.0,0.0,0.0,0.0,0.0,0.0,0.007282989229037395,0.0,0.0,0.0,0.0,0.0,0.0,0.0,0.0,0.0,0.0,0.0,0.0,0.0,0.0,0.0,0.0,0.0,0.0,0.0,0.0,0.0,0.0,0.0,0.0,0.0,0.0,0.0,0.0,0.0,0.0,0.0,0.0,0.0,0.0,0.0,0.0,0.0,0.0,0.0,0.0,0.0,0.0,0.0,0.0,0.0,0.0,0.0,0.0,0.0,0.0,0.0,0.0,0.0,0.0,0.0,0.0,0.0,0.0,0.0,0.0
CGGGCCTTCTTTGTAA-1,0.49602802892556985,0.1437662018167258,0.10128343031069528,0.11387971170438091,0.08563405611209493,0.06799058263593867,0.008213826733312902,0.030352313839432047,0.0,0.0,0.01301336825566335,0.034804610302791236,0.0,0.0,0.014311671113604004,0.010976357562787373,0.005202471590977918,0.017313266790328158,0.013038468979572358,0.0,0.0,0.0027612113230290423,0.004230621168579426,0.0010974110421047207,0.0,0.0027253590442399525,0.0,0.0,0.0,0.005450718088479905,0.0,0.0,0.0,0.026812552612894926,0.0,0.0,0.0,0.0,0.0,0.0019272055328520897,0.0,0.0,0.0,0.0,0.0,0.0,0.0,0.0,0.0,0.0,0.0,0.0,0.0,0.0,0.0,0.0,0.0,0.0,0.0,0.0,0.0015943264997947515,0.0,0.0,0.0,0.008062783609207152,0.0,0.0,0.0,0.0,0.0,0.0,0.0,0.0,0.0,0.0,0.0,0.0,0.0,0.0,0.0,0.0,0.0,0.0,0.0027253590442399525,0.0,0.0,0.0,0.0027253590442399525,0.0,0.0,0.0,0.0,0.0,0.0,0.0,0.0,0.0,0.0004912553986332274,0.0,0.0,0.0,0.0,0.0,0.0,0.0,0.0,0.0,0.0,0.0,0.0,0.0,0.0,0.0,0.0,0.0,0.0,0.0,0.0,0.0
CGGTGAAGACTAAAGT-1,0.44486174419249824,0.0,0.13872920905138544,0.23460847241842156,0.29745541936794595,0.010317842282584432,0.0,0.053957753964159964,0.0,0.0,0.007318525603974044,0.0,0.0,0.0,0.006158170908045654,0.009412130433480013,0.0,0.04517522795327932,0.0,0.0,0.0,0.0,0.0,0.004530639879946835,0.0,0.0,0.0028209220671647655,0.0,0.0,0.0,0.0,0.0,0.0,0.04846154179636342,0.027539079980166834,0.024339315456452026,0.0,0.0,0.0,0.0,0.0,0.0,0.0,0.0,0.0,0.004448485180477546,0.0,0.0,0.0,0.0,0.0,0.0,0.0,0.0,0.0,0.0,0.0,0.0,0.0,0.005002663961330537,0.0,0.0,0.0,0.0,0.0,0.0,0.0,0.0018093930702269604,0.0,0.0,0.0,0.004448485180477546,0.0,0.0,0.0,0.0,0.0,0.0,0.0,0.0,0.0,0.0,0.0,0.0,0.0,0.0,0.0,0.0,0.0,0.0,0.0,0.0,0.0,0.0,0.0,0.0,0.0,0.0,0.0,0.0,0.0,0.0,0.0,0.0,0.0,0.0,0.0,0.0,0.0,0.0,0.0,0.0,0.0,0.0,0.0,0.0,0.0,0.0,0.0
CGGTGCAGATAGAACG-1,0.0,0.0,0.0,0.0,0.0,0.013710755313642083,0.0,0.0,0.0,0.0,0.0,0.0,0.0,0.0,0.0,0.0,0.0,0.0,0.0,0.0,0.0,0.0,0.0,0.0,0.0,0.0,0.0,0.0,0.0,0.0,0.0,0.0,0.0,0.0,0.0,0.0,0.0,0.0,0.0,0.0,0.0,0.0,0.0,0.0,0.0,0.0,0.0,0.0,0.0,0.0,0.0,0.0,0.0,0.0,0.0,0.0,0.0,0.0,0.00954618795769962,0.0,0.0,0.0,0.0,0.0,0.0,0.0,0.0,0.0,0.0,0.0,0.0,0.0,0.0,0.0,0.0,0.0,0.0,0.0,0.0,0.0,0.0,0.0,0.0,0.0,0.0,0.0,0.0,0.0,0.0,0.0,0.0,0.0,0.0,0.0,0.0,0.0,0.0,0.0,0.0,0.0,0.0,0.0,0.0,0.0,0.0,0.0,0.0,0.0,0.0,0.0,0.0,0.0,0.0,0.0,0.0,0.0,0.0,0.0,0.0
CGGTGCGCGTTGGTCC-1,0.43217352245207385,0.5420570039934658,0.04024763408715994,0.0,0.03895432651439134,0.05138085709521491,0.04002630716390235,0.046047259816593,0.002700015645533905,0.008556283597489849,0.027528451547728015,0.0,0.06624541143788851,0.0,0.03480568871887582,0.016101976549937256,0.0,0.0035933870237703043,0.019678759986062083,0.0,0.008447747016956376,0.0,0.010166726661033946,0.011987175446865355,0.0,0.012625706281369602,0.005697697111658357,0.0,0.030348303720763564,0.0,0.0,0.0019316107749238834,0.008838691410739577,0.0,0.007057218156756719,0.013944680245211992,0.005541130136712815,0.005853978731871451,0.0,0.0,9.302568738439621e-05,0.0,0.0,0.0,0.0,0.002001813376513159,0.0,0.008398392825855399,0.0,0.0,0.0,0.005346019894198262,0.006456416995090532,0.0,0.0,0.0,0.002261523739078443,0.0,0.0,0.0025935079833439463,0.0008234672860774372,0.0,0.0,0.0,0.0,0.0,0.0,0.0,0.0008010051555820429,0.0,0.0,0.0,0.0,0.0,0.0,0.0,0.0,0.000843346177858975,0.0,0.0,0.0,0.0,0.0,0.0,0.0,0.0006838078014378392,0.00013903182438029018,0.0,0.0,0.0,0.0,0.0,0.0,0.0,0.0026853010227747263,0.0,0.0,0.0,0.002512432981303621,0.0,0.0,0.0,0.0,0.0,0.0,0.0,0.0,0.0,0.0,0.0,0.0,0.0,0.0,0.0,0.0,0.0,0.0,0.0,0.0
CGGTTCAAGTAGGTGT-1,0.0979669546531241,0.08716869267551136,0.0,0.0,0.013465473240311492,0.007779731926585778,0.0069822396229484995,0.0,0.017968244339736546,0.09233077209410169,0.0,0.0,0.0,0.0,0.0,0.0049803798774971045,0.0,0.0,0.0,0.0,0.0,0.0,0.0,0.0,0.0,0.013551000495485948,0.0,0.0,0.0,0.0,0.0,0.0,0.0,0.0,0.0,0.0,0.0,0.0,0.009465439536742795,0.0,0.0,0.0,0.0,0.0,0.0,0.0,0.0,0.007413678037574557,0.0,0.0,0.0,0.0,0.0,0.0,0.0,0.0,0.0,0.0,0.0,0.0,0.0,0.0,0.0,0.0,0.0,0.0,0.0,0.0,0.0,0.0,0.0,0.0,0.0,0.0,0.0,0.0,0.0,0.005743868486422766,0.0,0.0,0.0,0.0,0.0,0.0,0.0,0.0,0.0,0.0,0.0,0.0,0.0,0.0,0.0,0.0,0.0,0.0,0.0,0.0,0.0,0.0,0.0,0.0,0.0,0.0,0.0,0.0,0.0,0.0,0.0,0.0,0.0,0.0,0.0,0.005743868486422766,0.0,0.0,0.0,0.0,0.0
CGGTTGACCTGGCATA-1,0.17331973709725507,0.09679744699716747,0.0,0.0,0.008103117605746805,0.010955906220448921,0.00706049765870678,0.019520585119918485,0.00856838166396037,0.01953755172159988,0.011442883219857506,0.0,0.0,0.0,0.0,0.031871340682478114,0.0,0.0,0.0,0.0,0.056936801537995865,0.009615806958288965,0.0,0.0,0.0,0.005539819553440528,0.0,0.0,0.0,0.0,0.0,0.0,0.008665702039939006,0.0,0.0,0.0,0.0,0.012886113818724808,0.0,0.0,0.0,0.0,0.0,0.0,0.0,0.0,0.0,0.0,0.0,0.0,0.0,0.0,0.0,0.0,0.0,0.0,0.0,0.0,0.0,0.0,0.002544418843611613,0.0,0.0,0.0,0.0,0.0,0.0,0.0,0.0,0.0,0.0051046116540294385,0.0,0.0,0.0,0.0,0.0,0.00668706385348517,0.0,0.0,0.0,0.0,0.0,0.0,0.0,0.0,0.0,0.0,0.0,0.0,0.0,0.0,0.0051046116540294385,0.0,0.0,0.0,0.0,0.0,0.0,0.0,0.0,0.0,0.0,0.0,0.0,0.0,0.0,0.0,0.0,0.0,0.0,0.0,0.0,0.0,0.0,0.0,0.0,0.0,0.0,0.0
CGTACCTGATAGGCCT-1,0.0,0.0,0.14984280757535356,0.0,0.0,0.021157765067489114,0.027966830821651963,0.0,0.10668485040585365,0.031248144784757376,0.0,0.0,0.014867532479447299,0.0,0.0037323971933433844,0.0,0.0,0.04010105611673785,0.0,0.0,0.05473687202241305,0.0,0.0,0.027917517001435486,0.031045852972523554,0.0,0.006045157937672992,0.0,0.0,0.0,0.0,0.0,0.004734972076018297,0.0,0.0,0.0,0.0,0.0,0.0,0.0,0.0,0.0,0.0,0.0,0.0,0.010554775931605812,0.0,0.0,0.0,0.0,0.0,0.0,0.0,0.0,0.0,0.0,0.0,0.0,0.0,0.0,0.0012167573101546456,0.0,0.0,0.0,0.0,0.0,0.0,0.0,0.0,0.0,0.0,0.0,0.0,0.0,0.0,0.009372288367714064,0.0,0.0,0.0,0.0,0.0,0.0,0.0,0.0,0.0018417861751481494,0.0,0.0,0.0,0.0,0.0,0.0,0.0,0.0,0.0,0.0,0.0,0.0,0.0,0.0,0.0,0.0,0.0,0.0,0.0,0.0,0.0,0.0,0.0,0.0,0.0,0.0,0.0,0.0,0.0,0.0,0.0,0.0,0.0,0.0
CGTCAAGGCTATAAAT-1,1.1871613660328806,0.5957291214828203,0.3174180895336652,0.05463294184263016,0.06736430557752335,0.08092634802917999,0.051795848516531705,0.029667257478081764,0.06990888481721086,0.01764629610474729,0.005615362964787648,0.008329547492266668,0.011112808772424316,0.0,0.003430738575291848,0.009066192425844416,0.0013417276921235187,0.019736750012416798,0.0,0.0,0.016135608342297714,0.0027012034913973136,0.0,0.015097811022904542,0.0,0.013012121213555045,0.010452988956729945,0.0,0.0025488735538955138,0.0030714893386258315,0.0,0.002379200507392556,0.01016354655308973,0.0,0.009516987326859435,0.0056419749399898396,0.0,0.0,0.0,0.0003269728633046372,0.0,0.0,0.0,0.003778672467619605,0.0,0.0,0.0,0.0,0.0,0.0,0.0,0.0,0.004230616491347752,0.0017023135703942262,0.0,0.0,0.0,0.0,0.0,0.0,0.002431343831024291,0.0,0.0,0.0006687578116662777,0.0,0.0,0.002815835384906202,0.0008276480727151305,0.0024754437143822464,0.002425943717668187,0.0,0.0,0.0,0.0,0.0,0.0,0.0,0.0,0.0,0.0,0.0,0.0,0.0,0.0,0.0,0.0,0.0005867814329976467,0.0034744253790718934,0.0,0.0,0.0,0.0017023135703942262,0.0,0.0,0.0005466715853028142,0.0,0.0,0.0,0.0,0.0,0.0,0.0,0.0,0.0,0.0,0.0,0.0,0.0,0.0,0.0,0.0,0.0,0.0,0.0,0.0,0.0,0.0,0.0,0.0
CGTCACGTCCATTGGT-1,0.8434735187308388,0.5115006316818814,0.17213997153662747,0.02923603300558762,0.013360452903479363,0.033493628009880795,0.007101109089691514,0.011041035067420253,0.015176014598520372,0.01717195143219072,0.030313966955022933,0.06100972984478101,0.0,0.0,0.015398718157181319,0.0023631086121673815,0.0,0.0,0.0,0.0,0.0,0.00824197355203671,0.0,0.0,0.0,0.0,0.0052802399582976,0.0,0.013059854889171134,0.0,0.0,0.0,0.003584809304940429,0.0,0.0,0.0,0.028512839503223707,0.0,0.0,0.004795133357648204,0.0,0.0,0.0,0.0,0.0,0.0,0.0,0.0,0.0,0.0,0.0019364755291390522,0.0025380068828956383,0.0,0.0,0.0,0.009805222733946963,0.0,0.0,0.0,0.0,0.0,0.0,0.0,0.0,0.0,0.0,0.0,0.0,0.0,0.0,0.0,0.0,0.0,0.0,0.0,0.0,0.0,0.0,0.0,0.0,0.0,0.0,0.0,0.0,0.0,0.0,0.0,0.0,0.0,0.0,0.0,0.0,0.0,0.0,0.0,0.0,0.0,0.0,0.0,0.0,0.0,0.0,0.0,0.0,0.0,0.0,0.002342175723097395,0.0,0.0,0.0,0.0,0.0,0.0,0.0,0.0,0.0,0.0,0.0,0.0
CGTTCATGGTGCGCGT-1,0.017251774531955272,0.009097173916754447,0.012566814284977242,0.0,0.0,0.0003335775807274358,0.0,0.02457598958803428,0.0004297358808827928,0.0,5.587606900219365e-05,0.0,0.0025780992705052687,0.010605039952419983,0.008593323028704967,0.000299083819516312,0.04452518004846175,0.00046394461051919487,0.0,0.0,0.009687385312843171,0.001412434206914638,0.0,0.0018869421507058223,0.02971954248293909,0.0,0.0,0.0,0.0,0.0,0.0,0.01762459612748992,0.0,0.0006995686410572876,0.0,0.0,0.0,0.0,0.0,0.002956716854614021,0.0,0.0,0.0,0.0,0.0,0.0,0.0012979890448077294,0.0,0.0,0.00047760058422883784,0.0,0.0,0.0029718175908753806,0.0,0.0,0.0004699556838234655,0.0,0.0,0.0,0.00013374115727181538,0.0015340950708003938,0.0,0.0,0.00019555819953404635,0.0,0.0,0.0,0.0,0.0,0.0,0.0,0.0,0.0,0.0,0.0,0.0,0.0,0.0,0.0,0.0,0.005280218243717963,0.0,0.0,0.0,0.0,0.0,0.0,0.0,0.0,0.0,0.0,0.0,0.0,0.0,0.0,0.0,0.000409405615657475,0.0,0.0,0.0,0.0,0.0,0.0,0.0,0.0,0.0,0.0,0.0,0.0,0.0,0.0,0.0,0.0,0.0,0.0,0.0,0.0,0.0,0.0
CGTTGTTTCAATTCCC-1,0.0,0.0,0.0,0.0,0.0,0.004719327668772266,0.0,0.0,0.0,0.0,0.0,0.04402534585565038,0.0,0.0,0.008325202194313477,0.0,0.0,0.0,0.0,0.0,0.0,0.0,0.0,0.0,0.0,0.01229086479481906,0.0,0.0,0.0,0.010242736145765693,0.0,0.0,0.0,0.0,0.0,0.0,0.0,0.0,0.0,0.0,0.0,0.0,0.0,0.0,0.0,0.0,0.0,0.0,0.0,0.0,0.0,0.0,0.0,0.0,0.0,0.0,0.0,0.0,0.0,0.0,0.0,0.0,0.0,0.0,0.0,0.0,0.0,0.0,0.0,0.0,0.0,0.0,0.0,0.0,0.0,0.0,0.0,0.0,0.0,0.0,0.0,0.0,0.0,0.0,0.0,0.0,0.0,0.0,0.0,0.0,0.0,0.0,0.0,0.0,0.0,0.0,0.0,0.0,0.0,0.0,0.0,0.0,0.0,0.0,0.0,0.0,0.0,0.0,0.0,0.0,0.0,0.0,0.0,0.0,0.0,0.0,0.0,0.0,0.0
CGTTTCGCTCATTACA-1,0.0,0.0,0.0,0.0,0.0,0.004041599528920454,0.03795200679462958,0.0,0.042261342561497856,0.0,0.0,0.03023021039530674,0.0,0.0,0.0,0.0,0.0,0.0,0.0,0.0,0.0,0.0,0.0,0.0,0.0,0.0,0.0,0.0,0.0,0.0,0.0,0.0,0.0,0.0,0.0,0.0,0.0,0.0,0.0,0.0015495453017275054,0.0,0.0,0.0,0.0,0.0,0.0,0.0,0.0,0.0,0.0,0.0,0.0,0.0,0.0,0.01295792358323172,0.0,0.0,0.0,0.008768501692556333,0.0,0.0,0.0,0.0,0.0,0.0,0.0,0.0,0.0,0.0,0.0,0.0,0.0,0.0,0.0,0.0,0.0,0.0,0.0,0.0,0.0,0.0,0.0,0.0,0.0,0.0,0.0,0.0,0.0,0.0,0.0,0.0,0.0,0.0,0.0,0.0,0.0,0.0,0.0,0.0,0.0,0.0,0.0,0.0,0.0,0.0,0.0,0.0,0.0,0.0,0.0,0.0,0.0,0.0,0.0,0.0,0.0,0.0,0.0,0.0
CGTTTGTGTAGAGGGT-1,0.04165833449469141,0.008593996674996537,0.015946214959479087,0.0,0.0,0.0018684121308095662,0.0,0.028445753629747744,0.00012525381330405957,0.0006292127640596297,0.003073505739903639,0.0,3.846406113591366e-05,0.023003444511124217,0.03305641720350241,0.004172796730167208,0.024476042973875803,0.0026657758653755538,0.0,0.08736583115394922,0.01929701432746217,0.004794571702949246,0.0,0.0027059058132404465,0.016750350867258942,0.0018322699779572676,0.0,0.0,0.0,0.015985314679340355,0.0,0.08130296247711752,0.0021092093928886412,0.0,0.0,0.0,0.0,0.0014613772749129186,0.016551231386180164,0.001528509185507283,0.00013121222215324113,0.0017904982363913312,0.0071156893897458265,5.6331222737973376e-05,0.0007887419874996224,0.0,0.0,0.0,0.0,0.0005979693925201001,0.017718355123910474,0.0,0.005481559090961739,0.0,0.000621111069434221,0.0019656451105133314,0.0,0.0,0.0,0.0,0.00031607977293313333,0.0,0.0,0.0001476520435720501,0.0,0.0,0.00012893628353034096,0.0,0.0,0.0,0.0,0.0,0.00016015383593791384,0.0,0.0006824032286999195,0.0,0.0,0.0,0.0,0.0005072827751643339,0.0,0.004321942025589162,0.0,0.0,0.0005270214840508415,5.754300216577122e-05,0.0,0.0,0.0005221690125196896,0.0,0.0,0.0,0.0,0.0,0.0,0.0,0.0,0.0,0.0,0.0,0.0,0.0,9.772184681144324e-05,0.0,0.0,0.0,0.0,0.0,0.0,0.0,0.0,0.0,0.0002706939775256934,0.0,0.0,0.0,0.0,0.0,0.0
CTAAAGAATGCCTACT-1,0.3341524004158967,0.09984453257060047,0.07743840053210956,0.09482734743519894,0.02000702664327424,0.02178099595254119,0.0,0.021406567325165063,0.0,0.0,0.0,0.0527703751469476,0.0,0.0,0.02859263322897949,0.0,0.0,0.027662393408729304,0.05123849227545429,0.0,0.0,0.0,0.018553538516631583,0.019457923519608025,0.02650475340434276,0.0,0.0,0.0,0.0,0.0,0.0,0.011950454644721893,0.005274735511879256,0.0,0.0,0.0,0.0,0.0,0.0,0.0,0.0,0.0,0.0,0.0,0.0,0.0,0.0,0.0,0.0,0.0,0.0,0.0,0.0,0.0,0.0,0.0,0.013763298825139473,0.0,0.0,0.0,0.0,0.0,0.0,0.0,0.0,0.0,0.0,0.0,0.0,0.0,0.0,0.0,0.0,0.005274735511879256,0.0,0.0,0.0,0.0,0.0,0.0,0.0,0.0,0.0,0.0,0.0,0.0,0.0,0.0,0.0,0.0,0.0,0.0,0.0,0.0,0.0,0.0,0.0,0.0,0.0,0.0,0.0,0.0,0.0,0.0,0.0,0.0,0.0,0.0,0.0,0.0,0.0,0.0,0.0,0.0,0.0,0.0,0.0,0.0,0.0
CTAAAGGGAAATAGGA-1,1.1255031698192708,0.31084579199677737,0.4440734875632803,0.15753740408025813,0.09311855996943381,0.04698405361297748,0.009792939013695896,0.04641489568972999,0.009931577180710228,0.004005614162115203,0.04789809993920776,0.008282084064655089,0.0,0.007370236791156437,0.03633479671662276,0.0,0.020313963786729314,0.022422680712751913,0.004403595939743353,0.002594791310502424,0.0030248640892747416,0.005305246493004915,0.012254253918678655,0.011715577111915182,0.007802797085093112,0.0021557725241289076,0.008443659888528673,0.008235953923791268,0.005360882770778745,0.0028217746334219525,0.0,0.0004773800155298991,0.008321248148445802,0.0,0.0,0.0,0.0,0.004431024175251194,0.0,0.01401666078332061,0.004025130762394679,0.0,0.0,0.0,0.0,0.0,0.0,0.0,0.0,0.001531570648917475,0.0,0.0,0.0,0.004102242932031568,0.0,0.0,0.010548211998430007,0.0,0.0,0.0,0.0013160075291941329,0.0,0.0,0.0,0.004494921415932678,0.0,0.0,0.0012833339280781402,0.0,0.0016385303683589061,0.0,0.0,0.0,0.0,0.0,0.0,0.0,0.004012548617362396,0.0,0.0,0.0,0.0,0.0,0.001207489172907241,0.0,0.0,0.0,0.0,0.0,0.0,0.0007535268722290847,0.0,0.0,0.0,0.0,0.0,0.0012833339280781404,0.0,0.0,0.0010757786429231265,0.0,0.0,0.0,0.001531570648917475,0.0,0.0,0.0,0.0,0.0,0.0,0.0,0.0,0.0,0.0,0.0,0.0,0.0,0.0,0.0
CTAACCGCGCGCCCGT-1,0.3015388646792642,0.06989534905884079,0.1599413018008556,0.07846439084480726,0.028381617264568823,0.010669693716793865,0.05506930879938571,0.009495324624633289,0.0,0.0,0.0,0.02703929460432404,0.012090776611740111,0.0,0.006662842807848913,0.0,0.0,0.0,0.0,0.0,0.0,0.0,0.0,0.0,0.0,0.0,0.0,0.0,0.0,0.0,0.0,0.0,0.009642575867686538,0.0,0.0,0.0,0.0,0.0,0.0,0.0,0.0,0.0,0.0,0.0,0.003421849172713114,0.0,0.0,0.0,0.010893962322837751,0.0,0.009963731785004482,0.0,0.0,0.0,0.0,0.0,0.0,0.0,0.0,0.0,0.0,0.0,0.0,0.0,0.0,0.0,0.0,0.0,0.0,0.0,0.0,0.0,0.0,0.0,0.0,0.0,0.0,0.0,0.0,0.0,0.0,0.0,0.0,0.0,0.0,0.0,0.0,0.0,0.0,0.0,0.0,0.0,0.0,0.0,0.0,0.0,0.0,0.0,0.0,0.0,0.0,0.0,0.0,0.0,0.0,0.0,0.0,0.0,0.0,0.0,0.0,0.0,0.0,0.0,0.0,0.0,0.0,0.0,0.0
CTAACTGGTCCGGTTC-1,0.23603026981954775,0.12994145683319316,0.01828957608622144,0.027523112900681063,0.011923819986492898,0.017646697767499355,0.0,0.01160414877774667,0.0012583600418158568,0.001180962375297531,0.009732874256322839,0.033863576469490585,0.0,0.007928386560747548,0.01708500955552544,0.012196745399108769,0.003855686576452953,0.0,0.0,0.0007297702943353199,0.0,0.00034239200136115203,0.0,0.0,0.016088630535724055,0.0,0.0,0.0,0.0,0.0,0.0,0.0,0.0024563479948458873,0.0,0.001218152247423887,0.0,0.0,0.001498789862193236,0.0,0.0038562882054848776,0.0005368141169789127,0.0021636235419642907,0.0,0.0,0.0,0.0,0.0002872760445854469,0.0,0.0,0.0012960665389079784,0.007245529039129832,0.0,0.0021467941936439763,0.0,0.000805246924794611,0.0,0.0005569516268922315,0.0,0.0,0.0,0.0003079378850710389,0.0,0.0,0.0,0.0,0.0,0.0012694822066078343,0.0,0.0,0.0,0.0,0.0,0.0,0.0,0.0034079662561189677,0.0,0.0,0.0,0.0014954491261517852,0.0,0.0,0.0,0.00023847316170128732,0.0,0.0,0.0,0.0005648910954859779,0.0,0.0,0.0,0.0,8.429779346311956e-05,0.0,0.0,0.0,0.0003720989572300317,0.0,0.00034594712873540085,0.0,0.0,0.0,0.0,0.0,0.0,0.0,0.0,0.0,0.0,0.0,0.0,0.0,0.0,0.0,0.0,0.0,0.0,0.0,0.0,0.0
CTAATTCGCACGCGCT-1,0.047738113990564365,0.015165453088903798,0.0491803623712076,0.011398428748972813,0.008159751359615407,0.017912984104990166,0.015518079602080907,0.008085466805717149,0.0075696333639665376,0.01981049325190743,0.009095595470193694,0.0,0.0,0.0,0.0,0.013765870459605692,0.0,0.020640441052958067,0.0,0.0,0.0,0.0,0.0,0.0018419902386763282,0.0,0.0,0.0,0.0,0.0,0.0,0.0,0.0,0.0,0.0,0.0,0.0,0.0,0.0,0.0,0.0,0.0,0.0,0.0,0.0,0.0,0.0,0.0,0.0,0.0,0.0,0.0,0.0,0.0,0.002768208385517171,0.0,0.0,0.0,0.0,0.0,0.0,0.0,0.0,0.002768208385517171,0.0,0.0,0.0,0.0,0.0,0.0,0.0,0.0,0.0,0.0,0.0,0.0,0.0,0.0,0.0,0.0,0.0,0.0,0.0,0.0,0.0,0.0,0.0,0.0,0.0,0.0,0.0,0.0,0.0,0.0,0.0,0.0,0.0,0.0,0.0,0.0,0.0,0.0,0.0,0.0,0.0,0.0,0.0,0.0,0.0,0.0,0.0,0.0,0.0,0.0,0.0,0.0,0.0,0.0,0.0,0.0
CTAATTCTCAGATATT-1,0.0,0.0,0.0,0.0,0.0,0.0,0.0,0.0,0.0,0.0,0.0,0.0,0.0,0.0,0.0,0.0,0.0,0.0,0.0,0.0,0.0,0.0,0.0,0.0,0.0,0.0,0.0,0.0,0.0,0.0,0.0,0.0,0.0,0.0,0.0,0.0,0.00960467955732675,0.0,0.0,0.0,0.0,0.0,0.0,0.0,0.0,0.0,0.0,0.0,0.0,0.0,0.0,0.00888983346283443,0.0,0.0,0.0,0.0,0.0,0.0,0.0,0.0,0.0,0.0,0.0,0.0,0.0,0.0,0.004195947546778392,0.0,0.0,0.023275534341126967,0.0,0.0,0.0,0.0,0.0,0.0,0.0,0.0,0.0,0.0,0.0,0.0,0.0,0.0,0.0,0.0,0.0,0.0,0.0,0.0,0.0,0.0,0.0,0.0,0.0,0.0,0.0,0.0,0.0,0.0,0.0,0.0,0.0,0.0,0.0,0.0,0.0,0.0,0.0,0.0,0.0,0.0,0.0,0.0,0.0,0.0,0.0,0.0,0.0
CTAATTTCAACAACAC-1,0.42015974946417983,0.21660061552828308,0.053465850326233785,0.00561206580377867,0.037805535135854246,0.04446272220393718,0.07511011948404847,0.0,0.04099778110617678,0.0038511607305208467,0.0,0.0,0.024416469077606338,0.0,0.006193706641724298,0.0055951962769138774,0.008179065269249861,0.011288443364498201,0.0,0.0,0.0,0.0,0.0,0.00841124695120604,0.0,0.005149082147641385,0.009733178395975593,0.0,0.0188030805589371,0.0,0.0,9.027258407947668e-05,0.0057618708684434635,0.0,0.003596335706718479,0.0,0.0,0.0,0.0,0.0005940591972553949,0.0033429764674391986,0.0,0.0,0.0,0.0,0.0,0.0,0.015050451715339674,0.0,0.0,0.0,0.0,0.0,0.0,0.0,0.0,0.0,0.004392416761121277,0.0,0.0,0.0,0.0,0.0,0.002099551970400018,0.0,0.0,0.0,0.0,0.0,0.0,0.0,0.0,0.0,0.0,0.0,0.0,0.0,0.0,0.0,0.0,0.0,0.0,0.0,0.0,0.0,0.0,0.0004148105273839558,0.0,0.0,0.0,0.0,0.002099551970400018,0.0,0.0,0.0,0.0,0.0,0.0,0.0,0.0,0.0,0.0,0.0,0.0,0.0,0.0,0.0,0.0,0.0,0.0,0.0,0.0,0.0,0.0,0.0,0.0,0.0,0.0,0.0
CTACGACTAGCTATAA-1,0.8848186266410926,0.17904406303836268,0.15207381959989225,0.04992695539861804,0.04514356335461299,0.003724739031714079,0.009319751907371701,0.01988256532808138,0.0,0.0,0.014907868285342988,0.0,0.0,0.0,0.0,0.017701123899732062,0.0,0.0,0.0,0.0,0.0,0.0,0.0,0.0,0.0,0.006509699651711643,0.0,0.0,0.0,0.0,0.0,0.0,0.0,0.0,0.0,0.0,0.0,0.0,0.0,0.0,0.0,0.011380413309080342,0.0,0.0,0.0,0.0,0.0,0.0,0.011302265055864505,0.0,0.0,0.0,0.0,0.007647504038928987,0.0,0.0,0.0,0.0,0.0,0.011139948546308048,0.0,0.0,0.0,0.0,0.0,0.0,0.0,0.0,0.0,0.0,0.0,0.0,0.0,0.0,0.0,0.0,0.0,0.0,0.0,0.0,0.0,0.0,0.0,0.0,0.0,0.0,0.0,0.0,0.0,0.0,0.0,0.0,0.0,0.0,0.0,0.0,0.0,0.0,0.0,0.0,0.0,0.0,0.0,0.0,0.0,0.0,0.0,0.0,0.0,0.0,0.0,0.0,0.0,0.0,0.0,0.0,0.0,0.0,0.0
CTACGCACGGAGTACC-1,0.7502941451669563,0.3607655058520205,0.1418370575239809,0.16168922787948017,0.044146106912877583,0.10355437533737841,0.06341598478117014,0.039379215630077624,0.0,0.0,0.01505806617121394,0.0341699849730943,0.0,0.02532003550818191,0.01191342002566707,0.016287873323901005,0.0,0.0,0.0,0.013220204072539437,0.0,0.0,0.0,0.0,0.0,0.0,0.0,0.0,0.0,0.0,0.0,0.0,0.0,0.0,0.0,0.0,0.003953505486903459,0.0,0.0,0.0021621698230768734,0.0,0.0,0.0,0.0,0.0,0.0,0.0,0.0,0.0,0.0,0.0,0.010409057104849781,0.0,0.003953505486903459,0.0,0.0,0.0,0.0,0.007147848247648909,0.00046686840907417997,0.0,0.0,0.0,0.0,0.007667694868587074,0.0,0.0,0.0,0.0,0.0,0.0,0.0,0.0,0.0,0.0,0.0,0.0,0.0,0.0,0.0,0.0,0.0,0.0,0.0,0.0,0.0,5.4782010380531e-05,0.0,0.0,0.0,0.0,0.0,0.0,0.0,0.0,0.0,0.0,0.0,0.0,0.0,0.0,0.0,0.0,0.0,0.0,0.0,0.0,0.0,0.0,0.0,0.0,0.0,0.0,0.0,0.0,0.0,0.0,0.0,0.0
CTACTCTAGGCCCGGC-1,0.4541345843511508,0.28240632693944834,0.0,0.0,0.19211878606414415,0.03424143671379847,0.021728438483062336,0.061978775962354155,0.0,0.0,0.0028624764737117383,0.026090705951929555,0.0,0.02997430608599525,0.006883555817451084,0.06266605810148064,0.0128827191296797,0.0,0.0,0.0,0.0,0.0,0.0,0.0,0.0,0.0,0.0,0.0,0.0,0.0,0.0,0.0,0.012394937617553753,0.0,0.0,0.0223142673934281,0.0,0.0,0.0,0.0,0.0,0.0,0.0,0.0,0.013775007241792168,0.0,0.0,0.0,0.0,0.0,0.0,0.0,0.0,0.0,0.0,0.0,0.0,0.0,0.0,0.0,0.0016936121244542034,0.0,0.0,0.0,0.0,0.0,0.0,0.0,0.0,0.0,0.0,0.0,0.0,0.0,0.0,0.0,0.0,0.0,0.0,0.0,0.0,0.0,0.0,0.0,0.0,0.0,0.0,0.0,0.0,0.0,0.0,0.0,0.0,0.0,0.0,0.0,0.0,0.0,0.0,0.0,0.0,0.0,0.0,0.0,0.0,0.0,0.0,0.0,0.0,0.0,0.0,0.0,0.0,0.0,0.0,0.0,0.0,0.0,0.0
CTAGCCGATGTTATGA-1,0.46198380393526417,0.11603437141943311,0.046783132005052755,0.04603267818616514,0.031505099004897515,0.005248139188908516,0.0023577290117258154,0.0169881003995329,0.016939317235399026,0.007124080501214757,0.0,0.0,0.0,0.0,0.0,0.0,0.0,0.0,0.0,0.0,0.0,0.0,0.0,0.0,0.0,0.0,0.0,0.0,0.0,0.0,0.0,0.0,0.007752686022952224,0.0,0.0,0.0,0.0,0.0,0.0,0.0,0.007765146462782962,0.0,0.0,0.0,0.0,0.0,0.0,0.0,0.0,0.0,0.0,0.0,0.0,0.0,0.0,0.0,0.0,0.007752686022952224,0.0,0.0,0.0,0.0,0.0,0.0,0.0,0.0,0.0037661686404117417,0.0,0.0,0.0,0.0,0.0,0.0,0.0,0.0,0.0,0.0,0.0,0.0,0.007752686022952224,0.0,0.0,0.0,0.0,0.0,0.0,0.0,0.0,0.0,0.0,0.0,0.0,0.0,0.0,0.0,0.0,0.0,0.0,0.0,0.0,0.0,0.0,0.0,0.0,0.0,0.0,0.0,0.0,0.0,0.0,0.0,0.0,0.0,0.0,0.0,0.0,0.0,0.0,0.0
CTATAAGAGCCAATCG-1,0.47062067391496726,0.21111069780805553,0.09078837125898617,0.0,0.05278422009362821,0.0,0.009931426410134083,0.0,0.06106150592215744,0.010598791522189609,0.0,0.0,0.0,0.0,0.012043533644250275,0.0026169444782055146,0.0,0.0,0.0,0.0,0.0,0.0,0.0,0.0,0.0,0.0,0.0,0.0,0.0,0.0,0.0,0.0,0.0,0.0,0.016418447590205477,0.0,0.0,0.0,0.0,0.0,0.0,0.0,0.0,0.0,0.0,0.0,0.0,0.01435726956669865,0.0,0.0,0.0,0.0,0.0,0.0,0.0,0.0,0.0,0.007178634783349325,0.0,0.0,0.0,0.0,0.0,0.0,0.0,0.0,0.0,0.0,0.0,0.0,0.0,0.0,0.0,0.0,0.0,0.0,0.0,0.0,0.0,0.0,0.0,0.0,0.0,0.0,0.0,0.0,0.0,0.0,0.0,0.0,0.0,0.0,0.0,0.0,0.0,0.0,0.0,0.0,0.0,0.0,0.0,0.0,0.0,0.0,0.0,0.0,0.0,0.0,0.0,0.0,0.0,0.0,0.0,0.0,0.0,0.0,0.0,0.0,0.0
CTATGTGAGTCACGGC-1,0.08015173478471978,0.027699695197503354,0.009187091554163774,0.0,0.0024119563688523075,0.0003590823310096762,0.01113775262129574,0.028823669032232862,0.000737014794900626,0.0,0.0013972355374335585,0.0,0.004063153177031139,0.008047472659294905,0.009401980513358776,0.0,0.06543054136687285,0.0,0.0,0.013617221035534317,0.0,0.00232479518218604,0.0,0.0007382264739111135,0.0,0.0,0.0,0.003380633632617974,0.0,0.0050370493696270556,0.0,0.008305301027110757,0.0,0.0,0.0,0.005060623721156216,0.0,0.0003067893217387275,0.014203702664853261,0.003536943858152614,0.0,0.0006015173071415123,0.0,0.0,0.0,0.0,0.0,0.0,0.0,8.526956055213702e-05,0.0006504188438813458,0.0,0.001657017409596636,0.0,5.990983697530378e-05,5.9909836975303794e-05,0.0,0.0,0.0,7.804980468643352e-05,0.0004430907051334826,0.0,0.0,0.0020366704402053357,0.0,0.0,0.0002873103976311299,0.00043371324291759735,0.0003649540988134139,0.0,0.0,0.0,0.005518934309367053,0.0,0.00010990146749149527,0.0,0.0,0.0,0.0,0.0003684828750650925,0.005472544701674129,0.0,0.00020862359093158937,0.0,0.0,0.00010048299579525556,9.869196335450201e-05,0.0,0.0,0.0,0.0,0.0,6.876089909318127e-05,0.0,0.00019147944372845826,0.0,0.0006029726788348761,0.0,0.0,0.0,0.0,0.0,0.0,0.0,0.0,0.0,9.84265252067387e-05,0.0,3.259962484244746e-05,0.0,0.0,0.0,8.526956055213702e-05,3.172209670207429e-05,0.0,0.00011546293054774231,8.526956055213702e-05,0.0,0.00029955689777289913
CTATTCATGTGTCCCA-1,0.6272671438534236,0.1694482715339307,0.24442807301471925,0.0549983198564206,0.027207342074247867,0.024250054543601005,0.08006449327463466,0.029667803164441425,0.04270440104021399,0.0,0.018221620626181007,0.04686501198002321,0.0,0.0,0.0,0.014087759701296144,0.00036687387753317013,0.0,0.050238959206482775,0.0,0.0,0.015521817562444199,0.0064028411824990136,0.0,0.0,0.0,0.0,0.0,0.0,0.006514454455018023,0.0,0.0,0.0,0.0,0.0219877100646083,0.0,0.0,0.0,0.0,0.0,0.0,0.0,0.0,0.004954377693462043,0.0,0.0,0.0,0.0,0.0,0.0,0.0,0.0,0.0,0.0,0.0,0.0,0.0,0.0,0.0,0.0,0.0,0.0,0.0,0.0,0.0,0.0,0.0,0.0,0.0,0.0,0.0,0.0,0.0,0.0,0.0,0.0,0.0,0.0,0.0,0.0,0.0,0.0,0.0,0.0,0.0,0.0,0.0,0.0,0.0,0.0,0.0,0.0,0.0,0.0,0.0,0.0,0.0,0.0,0.0,0.0,0.0,0.0,0.0,0.0,0.0,0.0,0.0,0.0,0.0,0.0,0.0,0.0,0.0,0.0,0.0,0.0,0.0,0.0,0.0
CTATTTGGTTACGGAT-1,0.3953096546487995,0.07580327273566437,0.042109825316506394,0.04301461043897141,0.03851322881468645,0.014729700868123625,0.01759345274175092,0.008005004728664783,0.0026903020322500662,0.008375100668682744,0.0,0.026544018691319907,0.02611783324463112,0.0,0.0,0.0,0.012989802620127604,0.0,0.0,0.0,0.0,0.0007978164845109575,0.0,0.0,0.0,0.008298022319196114,0.0030255230581085007,0.0,0.0,0.0,0.0,0.0,0.01762060662421786,0.0,0.0,0.0,0.0,0.0,0.0,0.0,0.0,0.0,0.0,0.0,0.0,0.0,0.0,0.0,0.0,0.0,0.0,0.0,0.0,0.0,0.007364850434061813,0.0,0.0,0.0,0.0,0.0,0.0,0.0,0.0,0.0,0.0,0.0,0.0,0.0,0.0,0.0,0.0,0.0,0.0,0.0,0.0,0.0,0.0,0.0,0.0,0.0,0.0,0.0,0.0,0.0,0.0,0.0,0.0,0.0,0.0,0.0,0.0,0.0,0.0,0.0,0.0,0.0,0.0,0.0,0.0,0.0,0.0,0.0,0.0,0.0,0.0,0.0,0.0,0.0,0.0,0.0,0.0,0.0,0.0,0.0,0.0,0.0,0.0,0.0,0.0
CTCACTTGGCTGGTAA-1,0.45267078356885904,0.2662816654221512,0.10093014812686639,0.025244089933252764,0.019422135624229456,0.048040839842809144,0.009990309906729295,0.0048625757922675815,0.0,0.0,0.016795102433435908,0.0,0.0,0.06168827463838225,0.0,0.03723765129425062,0.0,0.0,0.0322417010327587,0.0386852000935283,0.0,0.0,0.005041038499124182,0.0,0.0,0.007902751104600918,0.00583925227477083,0.0,0.0,0.008071859524456793,0.0,0.0,0.010799970766147027,0.0,0.0,0.0,0.0,0.0,0.0,0.0,0.0,0.0,0.0,0.0,0.0,0.0,0.011701278022891014,0.0,0.0,0.0,0.0,0.0,0.0,0.0,0.0,0.0,0.0,0.013932734264275073,0.0,0.0,0.0,0.0,0.0,0.0,0.0,0.0,0.0,0.0,0.0,0.0,0.004644244754758358,0.0,0.0,0.0,0.0,0.0,0.004644244754758358,0.0,0.0,0.0,0.0,0.0,0.0,0.0,0.0,0.0,0.0,0.0,0.0,0.0,0.0,0.0,0.0,0.0,0.0,0.0,0.0,0.0,0.0,0.0,0.0,0.0,0.0,0.0,0.0,0.0,0.0,0.0,0.0,0.0,0.0,0.0,0.0,0.0,0.0,0.0,0.0,0.0,0.0
CTCAGTCACGACAAAT-1,0.3866064288353759,0.08365367191610983,0.12910124504064477,0.0732713552008952,0.021435543007106823,0.011734611991196412,0.007377938059560694,0.021307231821046605,0.033438572840100225,0.01400888225976192,0.0,0.0,0.0,0.0,0.0,0.004198700447279926,0.0,0.036222355401498534,0.0,0.0,0.06118389465509639,0.0,0.0,0.017923625339254703,0.0,0.010503161347060303,0.0,0.0,0.0,0.0,0.0,0.0,0.0,0.0,0.005623266265579985,0.0,0.0,0.0,0.0,0.0,0.0,0.0,0.0,0.0,0.0,0.0,0.0,0.0,0.0,0.0,0.0,0.0,0.0,0.0,0.0,0.0,0.0,0.0,0.0,0.0,0.0,0.0,0.0,0.0023603598303655383,0.0,0.0,0.0,0.0,0.0,0.0,0.0,0.0,0.0,0.0,0.0,0.0,0.0,0.0,0.0,0.0,0.0,0.0,0.0,0.0,0.0,0.0,0.0,0.0,0.0,0.0,0.0,0.0,0.0,0.0,0.0,0.0,0.0,0.0,0.0,0.0,0.0,0.0,0.0,0.0,0.0,0.0,0.0,0.0,0.0,0.0,0.0,0.0,0.0,0.005480339329983347,0.0,0.0,0.0,0.0,0.0
CTCATGGTAATTTGCG-1,0.030236700528675962,0.006454200318016014,0.024333763624698877,0.003421442045332531,0.0012829997430075413,0.001706915406495609,0.012822183751836563,0.017923793859907854,0.0002318306993475678,0.0,0.0,0.0,0.01681899327791599,0.012545753603074259,0.0012717915090848242,0.002096154093091513,0.008550760101046575,0.0033179246798223302,0.0,0.022398038778131065,0.0028321702047579746,0.0007494048807011783,0.0,0.002079957208677425,0.0,0.0,0.0,0.0,0.0,0.017282947738753326,0.0,0.0,0.0,0.0008849359367207409,0.0,0.0,0.0,0.00022659659801442262,0.015384353593891481,0.007407087678926452,0.0,0.00044181080852901056,0.0,0.0,0.0,0.0,0.0,0.0,0.0,0.0002459992542885945,0.006182622108595447,0.00020658800317209289,0.0025486182706797485,0.0,0.0009559716279319584,0.00042748225153764344,0.0,0.0,0.0,0.0,0.0009596816994483604,0.0,0.0,0.0010049499479004036,0.0,0.0,0.0006788483428515219,0.0,0.0,0.0,0.0,0.0,0.0027875079834129473,0.0,0.00019906169004138574,0.0,0.0,0.0,0.0,0.0003949103250531919,0.0,6.480076246150724e-05,0.00042612164450951695,0.0,0.0,0.0,8.472173254059835e-05,0.0,0.0006762941990961298,0.0,0.0,9.206218939643605e-05,0.0,0.0,0.0,0.0,0.0,0.0,0.0,0.0,0.0,0.00022403903733027674,0.0,0.0,0.0,0.0,0.0,0.0,0.0,0.0,0.0,0.0,0.0002459992542885945,0.0,0.0,0.00012392927124179592,0.0,0.0,0.00021971321148700617
CTCCGCCCACATGAGG-1,0.5992178498931114,0.20318099748960394,0.09278882078593373,0.0,0.0234914721286357,0.0077157602587889906,0.0,0.0022503018863456255,0.0,0.0,0.010597946385220177,0.025256753992948987,0.0,0.0,0.0,0.0,0.028059150852485743,0.0,0.0,0.0,0.0,0.0,0.0,0.0,0.0,0.009261898547918465,0.0,0.0,0.0,0.0,0.0,0.0,0.0,0.0,0.0,0.0,0.0,0.0,0.0,0.0,0.0,0.0,0.0,0.0,0.0,0.0,0.0,0.0,0.0,0.0,0.0,0.0,0.018698506395362784,0.0,0.0,0.0,0.0,0.0,0.0,0.0,0.0,0.0,0.0,0.0,0.0,0.0,0.0,0.0,0.0,0.0,0.0,0.0,0.0,0.0,0.0,0.0,0.0,0.0,0.0,0.0,0.0,0.0,0.0,0.0,0.0,0.0,0.0,0.0,0.0,0.0,0.0,0.0,0.0,0.0,0.0,0.0,0.0,0.0,0.0,0.0,0.0,0.0,0.0,0.0,0.0,0.0,0.0,0.0,0.0,0.0,0.0,0.0,0.0,0.0,0.0,0.0,0.0,0.0,0.0
CTCGGTCCGTAGCCTG-1,0.39530220622010415,0.12666130765588413,0.0,0.0,0.03735195626038268,0.01684188661657864,0.007225624277876665,0.012189967621988018,0.0,0.0,0.0,0.017583655846385708,0.011213736865651993,0.008211363887129581,0.0,0.0032653464940338604,0.0,0.0,0.0,0.010414793663170085,0.0,0.0,0.0,0.0,0.0,0.0,0.0,0.0,0.0,0.0,0.0,0.0,0.007339762053507314,0.0,0.0,0.0,0.0,0.0,0.0,0.0,0.0,0.0,0.0,0.0,0.0,0.02053943715341807,0.0,0.0,0.0,0.0,0.0,0.0,0.0,0.0,0.011938711529827808,0.0,0.0,0.0,0.0,0.014556654503815911,0.0,0.0,0.0,0.0,0.0,0.0,0.0,0.0,0.0,0.0,0.007339762053507314,0.0,0.0,0.0,0.0,0.0,0.0,0.0,0.0,0.0,0.0,0.0,0.0,0.0,0.0,0.0,0.0,0.010227520779105569,0.0,0.0,0.0,0.0,0.0,0.0,0.0,0.0,0.0,0.0,0.0,0.0,0.0,0.0,0.0,0.0,0.0,0.0,0.0,0.0,0.0,0.0,0.0,0.0,0.0,0.0,0.0,0.0,0.0,0.0,0.0
CTCTACACTGGCGATT-1,0.48433087585395895,0.13352980649145008,0.08222311846117722,0.025067182514062064,0.0,0.0,0.05488197164651596,0.011394359255785124,0.025079648401251604,0.016642201242942245,0.002654596377017134,0.061615879629941514,0.005036654078843582,0.004623885359041986,0.013017522623529818,0.018095495493179084,0.0356361144815302,0.01013339705150773,0.0,0.0,0.0,0.0033129626964970875,0.004401197399096064,0.003991716408623076,0.0,0.0,0.00045856778284663116,0.0,0.0,0.0,0.0,0.003648161613605138,0.0010016745783286935,0.008467898846349941,0.0,0.0,0.0030265196144447087,0.0,0.0,0.0032607586839521582,0.0002798939953865356,0.0020580854654213866,0.0,0.001716372896751024,0.0,0.0,0.0017978309012031857,0.0,0.0,0.004390715405640967,0.0,0.0052077430029668255,0.0,0.0,0.0,0.00030688051418946167,0.0009753665909186243,0.0,0.0,0.0,0.0004709680924434742,0.0,0.0,0.003673282288292355,0.0,0.0,0.0,0.0009812892785507061,0.0,0.0012464129790577733,0.0,0.0,0.0005992632583109911,0.0,0.0,0.0,0.0,0.0009497089904259837,0.0,0.0,0.0,0.0,0.0,0.0,0.0019227864311121734,0.00046211980839884785,0.0002134368225282338,0.0,0.0,0.0,0.0,0.00030688051418946167,0.0,0.00030688051418946167,0.0,0.0,0.0003183862821457323,0.0,0.0,0.001216920999465873,0.00030688051418946167,0.0,0.0,0.0,0.0,0.0,0.00019802721529086454,0.0,0.0,0.0,0.0006947940641392318,0.0,0.0,0.0,0.0,0.0,0.0,0.0,0.0
CTCTATTTGGCTGCAG-1,0.0,0.0,0.0,0.0,0.0,0.015171585595768998,0.0,0.0,0.011439622836342192,0.012622833444973034,0.0,0.0725322132289083,0.04720400901431069,0.0,0.0,0.0,0.0,0.0,0.0,0.0,0.0,0.0,0.0,0.0,0.0,0.0,0.0,0.0,0.0,0.0,0.0,0.0,0.0,0.0,0.0,0.0,0.0,0.0,0.0,0.0,0.0,0.0,0.0,0.0,0.0,0.0,0.0,0.0,0.0,0.0,0.0,0.0,0.0,0.0,0.0,0.0,0.0,0.0,0.0,0.0,0.0,0.0,0.0,0.0,0.0,0.0,0.0,0.0,0.0,0.0,0.0,0.009330014995257454,0.0,0.0,0.0,0.0,0.0,0.0,0.0,0.0,0.0,0.0,0.0,0.0,0.0,0.0,0.0,0.0,0.0,0.0,0.0,0.0,0.0,0.0,0.0,0.0,0.0,0.0,0.0,0.0,0.0,0.0,0.0,0.0,0.0,0.0,0.0,0.0,0.0,0.0,0.0,0.0,0.0,0.0,0.0,0.0,0.0,0.0,0.0
CTCTGGACGCCTGGTG-1,0.23815393400467322,0.3284748482563672,0.018336423218198703,0.01891983376122555,0.01901071941897975,0.020847443159959927,0.008953853246908708,0.004793465706155648,0.0,0.0,0.0028035191126394325,0.0,0.0,0.0,0.013307071791914385,0.001810311749760444,0.0,0.0,0.025493369232796072,0.0,0.0,0.0,0.012491184789426847,0.0,0.0,0.0,0.0,0.0,0.0,0.0,0.0,0.0,0.0,0.011127266217731979,0.0,0.0,0.0,0.0,0.0,0.005267521611519018,0.0,0.0,0.0,0.007880796186373168,0.0,0.0,0.0,0.0,0.0,0.0,0.0,0.0,0.0,0.0,0.0,0.0,0.0,0.0,0.0,0.0,0.0012224953653587076,0.0,0.0,0.0,0.0,0.0,0.0,0.0,0.0,0.0,0.0,0.0,0.0,0.0,0.0,0.0,0.0,0.0,0.0,0.004498814767639254,0.0,0.0,0.0,0.004498814767639254,0.0,0.0,9.117584801278447e-05,0.0,0.0,0.0,0.0,0.0,0.0,0.0,0.0,0.0,0.0,0.0,0.0,0.0,0.0,0.0,0.0,0.0,0.0,0.0,0.0,0.0,0.0,0.0,0.0,0.0,0.0,0.0,0.0,0.0,0.0,0.0,0.0
CTCTTGTCCCGCTTGG-1,0.34200614161625403,0.21647565733535193,0.1912502948495054,0.03182666861123621,0.032646644522267385,0.016495950594031385,0.12885230874242937,0.056588526045618266,0.0037433874468609965,0.03041790827518215,0.011900623199967937,0.04474107893023634,0.0003608980787473565,0.020760760187742085,0.004102310054984829,0.008691244490708308,0.0036542763350000023,0.0,0.03216922885774197,0.0,0.02485256984400204,0.005056846320638543,0.0076713849465434285,0.0,0.0,0.0020832988737159775,0.005986968001760298,0.0,0.03767554545091767,0.0,0.0,0.0,0.0055144312609715414,0.0,0.01116234024870857,0.011557119883392265,0.007088292433197565,0.0,0.004457573241399448,0.0,0.0,0.0,0.0,0.0,0.0,0.004287201942856724,0.005919500093684037,0.0,0.0,0.002143600971428362,0.0056579683134976326,0.003870978852589596,0.002143600971428362,0.0,0.0,0.002143600971428362,0.0,0.0,0.0,0.0,0.002818106960973076,0.0,0.0026305549900209825,0.000547811880251091,0.0,0.0,0.0,0.00156882713695049,0.0009119033251725799,0.0,0.0,0.0,0.0,0.0,0.0,0.0,0.0,0.0,0.0,0.0,0.0,0.0,0.0,0.0,0.0,0.0,0.0005033250069466879,0.0,0.0,0.0,0.0,0.0,0.0,0.0,0.0,0.0,0.0,0.005120234626247223,0.0,0.0,0.0,0.0,0.0,0.0,0.0,0.0,0.0,0.0,0.0,0.0,0.0,0.0,0.0,0.0,0.0,0.0,0.0,0.0,0.0
CTGAAAGAGATCCGAC-1,0.7390174716406244,0.167497526873082,0.1796087943943409,0.06410294083134284,0.029557383292768195,0.01557778357986661,0.024759992239620714,0.009820287898578502,0.0,0.013798820211245144,0.00818763563363896,0.0,0.0381317231395128,0.0,0.011775013552192532,0.0,0.0,0.0,0.0,0.0,0.02912494479766568,0.012499552522567913,0.0,0.0,0.0,0.012162835029906817,0.013603481459143453,0.0,0.0,0.0,0.0,0.0,0.0133807341472346,0.0,0.0,0.0,0.0,0.01980231866495262,0.0,0.0,0.0,0.001614537207426231,0.0,0.006294944793115498,0.02375448735056255,0.004612344027787208,0.007471615979374796,0.007703138108880653,0.0,0.0,0.0,0.0,0.0,0.0,0.0,0.004612344027787208,0.0,0.0,0.0,0.006260160058202414,0.0011394366094839839,0.010134559788973442,0.0,0.0,0.0042984568234549275,0.0,0.0,0.0,0.0,0.0,0.0,0.0,0.0,0.0,0.0,0.0,0.0,0.0,0.0,0.0,0.0,0.0,0.0,0.0,0.0,0.0,0.0,0.004612344027787208,0.0,0.0,0.0,0.0,0.0,0.0,0.0,0.0,0.0,0.0,0.0,0.0,0.0,0.0,0.0,0.0,0.0,0.0,0.0,0.0,0.0,0.0,0.0,0.0,0.0,0.0,0.0,0.0,0.0,0.0,0.0
CTGAATCCGAGACCTC-1,0.3958582040184464,0.13649522687885063,0.13729627859698434,0.06094900750232505,0.0327960661310624,0.0,0.05112234163361534,0.041864534897165954,0.04894893172424142,0.01675870416592967,0.024319222433707002,0.07928060336748126,0.0,0.048210128766721386,0.0,0.0024753653023043736,0.0,0.0,0.0,0.0,0.027435094512704723,0.006130669641958128,0.0,0.0,0.0,0.0,0.0020582019891156665,0.0,0.0,0.0,0.0,0.0,0.0036093318935982817,0.0,0.0,0.0,0.0,0.015800140034154277,0.0,0.0,0.0,0.0,0.0,0.0036093318935982817,0.0,0.0,0.0,0.0,0.0,0.0,0.0,0.0,0.0,0.0,0.0,0.0,0.0,0.0,0.0,0.0,0.0,0.0,0.004932160172873569,0.0003039170735154075,0.0,0.0,0.0,0.0,0.0,0.0,0.0,0.0,0.0,0.0,0.0,0.0,0.0,0.0,0.0,0.0,0.0,0.0,0.0,0.0,0.0,0.0,0.0,0.0,0.0,0.0,0.0,0.0,0.0,0.0,0.0,0.0,0.0,0.0,0.0,0.0,0.0,0.0,0.0,0.0,0.0,0.0,0.0,0.0,0.0,0.0,0.0,0.0,0.0,0.0,0.0,0.0,0.0,0.0,0.0
CTGATAGTGTATCTCA-1,0.053445495416412775,0.8943234180736167,0.030956994258070504,0.011075392265990538,0.044871518021015334,0.04742333849051672,0.044542056399916576,0.022828516242570943,0.048412181468557185,0.052286237611619525,0.016549314844994077,0.0,0.007376792994705449,0.0,0.0,0.017753163259342043,0.0,0.0,0.046287476557507576,0.0,0.05085077525659358,0.0,0.027523540911553502,0.0,0.0,0.0,0.0,0.0,0.0,0.0,0.0,0.0,0.0,0.0,0.015149133688890292,0.0,0.0,0.0,0.0,0.0,0.0,0.0,0.0,0.006309322005109684,0.0,0.002886878317794549,0.020457129705531922,0.0,0.0,0.0,0.0,0.0,0.0,0.0,0.0,0.0,0.0,0.0,0.0,0.0,0.0,0.010643706506136446,0.0,0.0012415655244187175,0.0,0.0,0.0,0.0,0.0,0.0,0.0,0.0,0.0,0.0,0.0,0.0,0.0,0.0,0.0,0.0,0.0,0.0,0.0,0.0,0.0,0.0,0.0008222731203831612,0.0,0.0,0.0,0.0,0.0,0.0,0.0,0.0,0.0,0.0006280392133647651,0.0,0.0,0.0,0.0,0.0,0.0,0.0,0.0,0.0,0.0,0.0,0.0,0.0,0.0,0.0,0.0,0.0,0.0,0.0,0.0,0.0,0.0
CTGCCCACGAAGCGTT-1,0.12913572058217937,0.081529141046725,0.02211131530625181,0.015017576720996904,0.006801120968307256,0.003789784916405979,0.008215350310974277,0.0,0.0,0.0,0.0,0.0,0.0,0.004528458667340527,0.00428139856947791,0.004675522782946556,0.019841472312344132,0.0,0.0,0.0034205131524052135,0.0,0.0011778655258890785,0.0,0.0,0.0063600731388406846,0.0,0.0,0.0,0.0,0.005336150325766241,0.0,0.0,0.0015804060409776383,0.0,0.0037693247294037333,0.0,0.0,0.0,0.0,0.0039245121395411284,0.0,0.0,0.0,0.0,0.0,0.0,0.0,0.0,0.0,0.0022031133512570816,0.0,0.0,0.0,0.0,0.0,0.0,0.0,0.0,0.0,0.0,0.0,0.0,0.0,0.0003618067971038737,0.0,0.0,0.00018074061911586378,0.00041178021148728585,0.0,0.0,0.0,0.0,0.0,0.0,0.00037660406190587783,0.0,0.0,0.0,0.0,0.0,0.0,0.0,0.0,0.0,0.0,0.0,0.0,0.0,0.0,0.0,0.0,0.0,0.0,0.0,0.0,0.0,0.0,0.0,0.0,0.0,0.0,0.0,0.0004891726962192428,0.0,0.0,0.0,0.0,0.0,0.0,0.0,0.0,0.0,0.000693059195234173,0.0,0.0,0.0,0.0,0.0,0.0
CTGCGGGTGAAATGTT-1,0.3254406408821472,0.47107884767282576,0.0,0.0,0.0670538111106794,0.0546632590763602,0.007081303598909146,0.05083812650956324,0.0,0.0,0.002417553858563116,0.0,0.0,0.04730790154892059,0.004421425155836981,0.03423136128175861,0.0,0.018954705675687984,0.0,0.0,0.0,0.0,0.0,0.0028560780899916788,0.0,0.019892568343613755,0.02600060675624874,0.0,0.0,0.0,0.0,0.0,0.0,0.0,0.0,0.0,0.027410660466208384,0.0,0.0,0.0,0.0,0.0,0.0,0.0,0.006935060768228823,0.0,0.0,0.010317308878561528,0.0,0.0,0.0,0.014341732060289637,0.0,0.004421425155836981,0.0,0.0,0.0,0.0,0.0,0.0,0.0,0.0,0.0,0.0,0.003542409808190554,0.0,0.014740196068305867,0.0,0.0,0.0,0.0,0.004421425155836981,0.0,0.0,0.0,0.0,0.0,0.0,0.0,0.0,0.0,0.0,0.0,0.0,0.0,0.0,0.001694269791146408,0.0,0.0,0.0,0.0,0.0,0.0,0.0,0.0,0.0,0.0,0.0,0.0,0.0,0.0,0.0,0.0,0.0,0.0,0.0,0.0,0.0,0.0,0.0,0.0,0.0,0.0,0.0,0.0,0.0,0.0,0.0,0.0
CTGCTGAGGCCACGAA-1,0.6476145779694091,0.28507000876635225,0.10306954501580634,0.05194309262820488,0.012391169885887742,0.02994182224616388,0.020954279170914164,0.024789021819442068,0.00110026286750601,0.0,0.013290866934066396,0.0,0.02961633758914063,0.032663977965072234,0.0550844767662702,0.012663444162102841,0.007885342457729346,0.0,0.0,0.0,0.013656975275480022,0.003734169201137215,0.0,0.0,0.0,0.0,0.0033142770518861057,0.0,0.0,0.0,0.0,0.0,0.0018910683184592992,0.01003536063849779,0.0025664559839565807,0.0,0.0,0.0,0.0,0.004081255626264387,0.0005329219148960594,0.0,0.0,0.0029140159289577213,0.0,0.0,0.0,0.0,0.0,0.00396549931540793,0.00571741642246293,0.0,0.0058602271908797555,0.0,0.0019143308533087502,0.0,0.0,0.0,0.0,0.0,0.00014501727017078694,0.0,0.0,0.0,0.0,0.0,0.006133285210349304,0.0,0.0,0.0,0.0,0.0,0.0,0.0,0.004276980309368096,0.0,0.0,0.001820630934048136,0.0,0.0,0.0,0.0,0.0,0.0,0.0,0.0,0.0008226825870537207,0.0,0.0,0.0,0.0,0.0,0.0,0.0,0.0,0.0,0.0,0.001322974607792847,0.0,0.00031826232972702686,0.0,0.0008294866210439725,0.0,0.0,0.0,0.0,0.0,0.0,0.0,0.0,0.0,0.0,0.0,0.00045206853093971545,0.0,0.0,0.0,0.0,0.0
CTGGATTTACACTTGA-1,0.7866161710818274,0.37825781860506813,0.22423733314788227,0.046374984484693675,0.04150374558802618,0.011072706123328314,0.0,0.03188008645627973,0.0,0.0,0.09152447521625151,0.0,0.031075031984368413,0.057067570798937414,0.01700671305366877,0.007583091173509134,0.02276586432037806,0.0,0.0,0.018744951232178692,0.0,0.007554293465074911,0.0,0.0,0.0,0.004311152791000221,0.0009969158447764438,0.0,0.0,0.0,0.0,0.0,0.0,0.0,0.0,0.0,0.0009270326145017538,0.0,0.0,0.0,0.0,0.0,0.0,0.0,0.0,0.0,0.0034658731451300043,0.0,0.0,0.011210219135505248,0.0,0.00146462304460382,0.0018540652290035076,0.0,0.0,0.004684312312947327,0.01183783181833087,0.0,0.0,0.0,0.0006037324667363,0.0,0.0,0.00046255265370255267,0.0,0.0,0.0,0.0,0.0,0.0028164049055030664,0.0,0.0,0.0,0.0,0.0,0.0,0.0,0.0,0.0,0.0022828047031846063,0.0,0.0,0.002116976209795355,0.0,0.0,0.0,0.0,0.0,0.0018314824944194686,0.0,0.0016351545029276067,0.0,0.0,0.0,0.0,0.0,0.0,0.0,0.0,0.0,0.0,0.0,0.0,0.0,0.0,0.0,0.0,0.0,0.0,0.0,0.0,0.0,0.0,0.0,0.0,0.0,0.0,0.0,0.0
CTGGCATCCGAATGAG-1,0.09812800221448445,0.11675340556904154,0.07247641952188577,0.0,0.0,0.00503795345420884,0.0,0.027254887124526173,0.00902237756740166,0.0020661143058489434,0.0,0.0,0.034910881731073234,0.002169925416948733,0.010419585614587534,0.010476128751274183,0.016732881665497676,0.0,0.0,0.0006251446150598699,0.0,0.0018797597446415543,0.0031611996140030805,0.0,0.02057464073924144,0.01346962163997955,0.0,0.0,0.0075646693938069675,0.012647580584262255,0.0,0.019267260692867005,0.0017773616203181446,0.0,0.0,0.0,0.0,0.0,0.0,0.010719950648416212,0.0,0.009787646112132262,0.015356618682428358,0.0,0.0,0.0,0.0021273945010332643,0.0,0.0,0.0026174907869233677,0.018146605527803394,0.0,0.0011387944928642566,0.0,0.0009169679587813776,0.0,0.0,0.0,0.0,0.0006171707910080435,0.0009226511836715077,0.0,0.0,0.00308345061925442,0.0017393920444825947,0.0,0.0008817121815637479,0.0,0.0,0.0,0.0,0.0,0.00029440196130080807,0.0,0.000811123083916491,0.0011205084449542027,0.0,0.0,0.0,0.0,0.0,0.0,0.000115775876827629,0.0,0.0,0.0,0.0003386409344728233,0.0,0.0,0.0,0.0,0.0,0.0,0.0,0.0,0.0,0.0,0.00025274278099017664,0.0,0.0,0.0,0.0,0.00036760444638805873,0.0,0.0,0.0,0.0,0.0,0.0,0.0,0.0,0.0,0.0,0.0,0.0,0.0,0.0,0.0,0.0
CTGGCTGGTTGTCAGT-1,0.7030675810427442,0.5196564360216758,0.06115357702963174,0.0004597471030582019,0.02867488096960046,0.012241130309910721,0.06307076044226431,0.061047038869466726,0.006739710386661345,0.027113410905921682,0.006737040862262843,0.0,0.042374172064081755,0.05186849486123364,0.008058799409951863,0.01785592892880768,0.020109863243318815,0.0,0.0,0.02639849853690451,0.0,0.002359679352057631,0.0,0.00604638351353502,0.0,0.0,0.006275340594891286,0.0,0.03776992253505447,0.0,0.055756731685883465,0.0,0.0020046970567537733,0.014522242198119184,0.0,0.031117794211279252,0.03814923654003181,0.0,0.0,0.005842831163990578,0.0,0.0,0.0,0.0035426952007316208,0.0,0.0017789024181726776,0.0,0.0,0.0,0.0,0.003280347506460031,0.00860688903029706,0.0005892136681363654,0.0,0.0,0.0,0.0045152459496054335,0.0,0.0,0.0,0.0009212251823055107,0.0,0.002558299827124051,0.0001595152448720185,0.0,0.005726310206604021,0.0,0.0009364819958989619,0.002431617494926163,0.0,0.0,0.0,0.0,0.0,0.0,0.0,0.0,0.0,0.004317828648734637,0.0,0.0,0.0005892136681363654,0.0025301120176293183,0.0,0.0,0.0,0.0,0.0,0.0,0.0,0.0,0.0009631655434903475,0.0,0.0,0.0,0.0,0.0,0.0,0.0,0.0,0.0,0.0014760063119213162,0.0,0.0,0.0,0.0009631655434903475,0.0,0.0,0.0,0.0,0.0,0.0,0.0,0.0,0.0,0.0,0.0,0.0,0.0
CTGGGATAAATAATGG-1,0.24023983429919138,0.10118612753951359,0.06600444980168457,0.0,0.015304805298915432,0.0,0.006840512773764525,0.006321533552075018,0.0,0.0,0.0,0.016318838911680525,0.0,0.009302118135929566,0.0033335221592217155,0.0,0.0,0.0,0.0,0.0,0.0,0.0,0.0,0.0,0.0,0.0,0.001701490630318232,0.0,0.0,0.0060324517753866345,0.0,0.0,0.0,0.0,0.0,0.0,0.0,0.0,0.0,0.0,0.005735620135876649,0.0,0.0,0.0,0.0,0.0,0.0,0.0,0.0,0.0,0.0,0.0,0.0,0.0,0.0,0.0,0.0,0.0,0.0060324517753866345,0.0,0.0,0.0,0.0,0.0,0.0,0.0,0.0,0.0,0.0,0.0,0.0,0.0,0.0,0.0,0.0,0.004382541221783922,0.0,0.0,0.0,0.0,0.0,0.0,0.0,0.0,0.0,0.0,0.0,0.0,0.0,0.0,0.0,0.0,0.0,0.0,0.0,0.0,0.0,0.0,0.0,0.0,0.0,0.0,0.0,0.0,0.0,0.0,0.0,0.0,0.0,0.0,0.0,0.0,0.0,0.0,0.0,0.0,0.0,0.0,0.0
CTGGGCCTGCTATATC-1,0.054426233028694884,0.10210592663375907,0.08850691626639853,0.0,0.016091613999251457,0.0,0.04964173120681876,0.0,0.0,0.0,0.0,0.0,0.0,0.0,0.0,0.001921933933000882,0.016017710269424095,0.0,0.0,0.0,0.0,0.003496660591136771,0.0,0.0,0.0,0.0,0.0,0.0,0.0,0.0,0.0,0.0,0.0,0.0,0.0,0.0,0.0,0.0,0.0,0.0,0.0,0.0,0.0,0.0,0.0,0.0,0.0,0.0,0.0,0.0,0.0,0.0,0.0,0.0,0.0,0.0,0.0,0.0,0.0,0.0,0.0,0.0,0.0,0.0,0.0,0.0,0.0,0.0,0.0,0.0,0.0,0.0,0.0,0.0,0.0,0.0,0.0,0.0,0.0,0.0,0.0,0.0,0.0,0.0,0.0,0.0,0.0,0.0,0.0,0.0,0.0,0.0,0.0,0.0,0.0,0.0,0.0,0.0,0.0,0.0,0.0,0.0,0.0,0.0,0.0,0.0,0.0,0.0,0.0,0.0,0.0,0.0,0.0,0.0,0.0,0.0,0.0,0.0,0.0
CTGTACTTCTTAGCAT-1,0.21310258846792973,0.11649741483531975,0.06026440563719399,0.08251928539333919,0.06593334099304687,0.0,0.021066537443028655,0.0,0.00340556954002652,0.017520429173591742,0.0,0.019890543923060194,0.0,0.0,0.024425236813777566,0.0,0.006862369412774701,0.0,0.0,0.0,0.040106644017823344,0.0,0.0,0.0,0.0,0.0,0.0,0.0,0.0,0.0,0.0,0.0,0.0,0.0,0.0,0.0,0.0,0.0,0.014492968561291406,0.0,0.008629054030136994,0.0,0.0,0.0,0.0,0.006352601300781705,0.0,0.0,0.0,0.0,0.0,0.0,0.0,0.0,0.0,0.0,0.0,0.006352601300781705,0.0,0.0,0.0,0.0,0.0,0.0,0.0,0.0,0.0,0.0,0.0,0.0,0.0,0.0,0.0,0.0,0.0,0.0,0.0,0.0,0.0,0.0,0.0,0.0,0.0,0.006352601300781705,0.0,0.0,0.0,0.0,0.0,0.0,0.0,0.0,0.0,0.0,0.0,0.0,0.0,0.0,0.0,0.0,0.0,0.0,0.0,0.0,0.0,0.0,0.0,0.0,0.0,0.0,0.0,0.0,0.0,0.0,0.0,0.0,0.0,0.0,0.0
CTGTAGCCATCTCACT-1,0.04486812350798703,0.013754004866665264,0.007219930882466383,0.0010779931886016484,0.00015319485969149838,0.0005193619178853149,0.0012024347305807695,0.028631218990072514,2.373717059237486e-05,0.0006524227613337167,0.00441399772659013,0.0,0.01741881907864374,0.015373282627478325,0.010925486205497947,7.726147023825276e-05,0.07041001275399508,0.005052536819375834,0.0,0.04306543292204859,0.0,0.0013861710941297945,0.0,0.004596338108881138,0.024260958557290886,0.004274116199938983,0.0,0.0,0.0,0.019027895407032328,0.0,0.035824799404428946,0.0,0.00031097871410135146,0.0,0.003593620849336673,0.0,0.0,0.0170800000628223,0.0015017109510772704,0.00028819525761554434,0.0,0.0,0.0,0.0007521973434832746,0.0,0.0001633782102962252,0.0,0.0,0.0003312784811236335,0.003955218442682159,0.0001162668992027972,0.004707531963289498,0.0,0.0,0.0003849437845837503,0.0011218475564665356,0.0,0.0,0.0002884870576746372,0.00036575963005204,0.0,0.0,0.001092791362798308,0.0001709985357253655,0.0,9.610181669080318e-05,0.0,0.0001953752748501361,0.0,0.0,0.0,0.006957538674431001,0.0,0.0004121200520820431,0.0,0.0,0.0,0.0,0.0,0.0,0.0,0.00015612143764670013,0.0,0.0,0.0,0.0002696792739159622,0.0,0.0008131509745365511,0.0,5.8150834531827436e-05,0.0,0.0,0.0,0.0,0.0,5.170391179356279e-05,0.0,0.0,0.0,0.0,0.0,0.00012735246192606528,0.0,0.0,0.0,0.0,0.0,9.340603662395118e-05,0.0,0.0,0.0,0.00010044786346401166,0.0,0.0,0.0,0.0,0.0,0.00017573656631598858
CTGTGCAGGGTAGGTC-1,0.451416341868051,0.3467368898369504,0.1705030745375231,0.0722994870989952,0.017404507832055216,0.026394136928378685,0.05060507000205487,0.01412587023355259,0.0,0.0,0.0019254277708200922,0.0,0.0,0.0,0.010771559444335003,0.0,0.0,0.0,0.030547536511733243,0.0,0.0,0.022396235069518575,0.00821167391636552,0.0,0.0,0.0,0.0032306885441575816,0.0,0.0,0.015368350617660143,0.0,0.0,0.005372486093560635,0.0,0.0,0.0,0.0,0.0,0.017424131279508676,0.0,0.0,0.0,0.0,0.0033319548413665028,0.0,0.0,0.0,0.0,0.0,0.0,0.0,0.0,0.0,0.0,0.0,0.0,0.0,0.0,0.0,0.0,0.0006814187121045141,0.0,0.0,0.0,0.0,0.0,0.0,0.0007011266792575879,0.0,0.0,0.0,0.0,0.0,0.0,0.0,0.0,0.0,0.0,0.0,0.0,0.0,0.0,0.0033319548413665028,0.0,0.0,0.0,0.0,0.0,0.004596236628383,0.0,0.0,0.0,0.0,0.0,0.0,0.0,0.0,0.0,0.0,0.0,0.0,0.0,0.0,0.004596236628383,0.0,0.0,0.0007011266792575878,0.0,0.0,0.0,0.0,0.0,0.0,0.0,0.0,0.0,0.0,0.0,0.0
CTGTTACCCAATCTAG-1,0.5604561655011288,0.5853558196759492,0.04482981088332269,0.03571860976423761,0.04956404154263747,0.008556140678495756,0.0,0.03132126972382722,0.004346759594076244,0.002369322623168305,0.10722906359231403,0.05145092941331256,0.0,0.015792630868376494,0.012152459743782524,0.0,0.008255387086350912,0.0,0.0,0.01676340704155265,0.0,0.006055235174376049,0.025345545517253695,0.0,0.0,0.019039348961072962,0.0014474457902512396,0.0,0.0,0.0,0.0,0.0,0.0,0.0,0.05252171801648633,0.0,0.0,0.0016080707627294413,0.0,0.006253820610772438,0.0009355299818570957,0.0,0.0,0.0,0.0,0.002324353300712718,0.0,0.0,0.0,0.003100368226604567,0.0,0.0,0.002324353300712718,0.0,0.0,0.002324353300712718,0.0,0.0,0.0,0.0,0.0,0.0,0.0,0.0,0.0,0.0,0.00040078911674495314,0.0,0.0,0.0,0.0,0.0,0.0,0.0,0.0,0.0,0.0,0.0,0.0,0.0015501841133022836,0.0,0.0,0.0,0.0,0.0,0.0,0.0005370039339024178,0.0,0.0,0.0,0.0,0.0,0.0,0.0,0.0,0.0,0.0,0.0,0.0,0.0,0.0,0.0,0.0,0.0,0.0,0.0,0.0,0.0,0.0,0.0,0.0,0.0,0.0,0.0,0.0,0.0,0.0,0.0,0.0
CTGTTCATCTCACGGG-1,1.2996612388530875,0.6951291081576372,0.05784019908209332,0.058343312517123595,0.11391428409277797,0.031196209208956716,0.05720753668002875,0.04546328434964569,0.025011560229810024,0.031329314956667784,0.0003551741465152184,0.0,0.018601598434248016,0.043557653817472036,0.0,0.02173182243683227,0.004581977437699882,0.0,0.0,0.0,0.0,0.027128385401497097,0.0,0.010723133406264742,0.0,0.0,0.0067280621173510975,0.0,0.0,0.0,0.0,0.0,0.0,0.0,0.0,0.014265212428794445,0.0,0.0,0.0,0.0011426689465433753,0.010618415517933263,0.0,0.0,0.0,0.0,0.0,0.010730091682738634,0.009204473769051912,0.003408695945428894,0.0,0.0,0.0,0.0,0.0,0.0,0.0,0.0,0.0,0.0,0.0,0.0,0.0,0.0,0.0,0.0,0.0,0.0,0.0,0.0,0.002379971090995508,0.0,0.0,0.0,0.0,0.0,0.0,0.0,0.0,0.0,0.0,0.0,0.0,0.0,0.0,0.0,0.0,0.0002017469258568153,0.0,0.0,0.0,0.0,0.0,0.0,0.003408695945428894,0.002009845143832807,0.0,0.0,0.0,0.0,0.0,0.0,0.0,0.0,0.0,0.0,0.0,0.0,0.0,0.0,0.0,0.0,0.0,0.0,0.0,0.0,0.0,0.0,0.0,0.0
CTTACACGGTATTCCA-1,0.06812906156540517,0.034234326447244307,0.002833885383448901,0.01812544694224484,0.0,0.0,0.0,0.0,0.02287287673531818,0.0,0.0,0.0,0.008352247875970947,0.0,0.0,0.0,0.0032881103531725666,0.0,0.0,0.0,0.0,0.0,0.0,0.0,0.0,0.0,0.0,0.0,0.0,0.0,0.0,0.0,0.0,0.0,0.0,0.0,0.0,0.0,0.0,0.0,0.0,0.0,0.0,0.0,0.0,0.0,0.0,0.0,0.0,0.0,0.0,0.0,0.0,0.0,0.0,0.0,0.0,0.0,0.0,0.0,0.0,0.0,0.0,0.0,0.0,0.0,0.0,0.0,0.0,0.0,0.0,0.0,0.0,0.0,0.0,0.0,0.0,0.0,0.0,0.0,0.0,0.0,0.0,0.0,0.0,0.0,0.0,0.0,0.0,0.0,0.0,0.0,0.0,0.0,0.0,0.0,0.0,0.0,0.0,0.0,0.0,0.0,0.0,0.0,0.0,0.0,0.0,0.0,0.0,0.0,0.0,0.0,0.0,0.0,0.0,0.0,0.0,0.0,0.0
CTTATGCGCTCAGGGC-1,0.04341867005353405,0.027428100771802324,0.039525580128111956,0.0,0.0,0.0,0.0,0.016473191903492997,0.0,0.010958908972415153,0.0,0.0,0.0,0.01582347073121493,0.009953061717270789,0.0,0.0,0.0,0.0,0.042550687006452696,0.015982623373494376,0.0011622236012509676,0.004144745631711286,0.0,0.0,0.0,0.0,0.0,0.0,0.015698432590921456,0.0,0.0,0.002282546911858385,0.0,0.0,0.0,0.0,0.0,0.014244974457952057,0.0,0.0005562725262878263,0.0,0.0,0.0,0.0,0.0,0.0,0.0,0.0,0.0,0.0,0.0,0.0,0.0,0.0,0.00456509382371677,0.0,0.0,0.0,0.0,0.0,0.0,0.005063248891215464,0.0017209150675815798,0.0,0.0,0.00014792335304485575,0.0,0.0,0.0,0.0,0.0,0.0,0.0,0.0,0.0,0.0,0.0,0.0,0.0,0.0,0.0,0.0,0.0,0.0,0.0,0.0,0.0,0.0,0.0,0.0,0.0,0.0,0.0,0.0,0.0,0.0,0.0,0.0,0.0,0.0,0.0,0.0,0.0,0.0,0.0,0.0,0.0,0.0,0.0,0.0,0.0,0.0,0.0,0.0,0.0,0.0,0.0,0.0
CTTCATTGTCAGTGGA-1,0.3318519249185605,0.14175438332842497,0.07605396350267968,0.08034258988109085,0.02620473385977083,0.0555403972514362,0.0453166732361352,0.026359494999745194,0.0,0.0,0.005304645638122145,0.0,0.0,0.0,0.013392635258725812,0.01683368239264086,0.0,0.0,0.0,0.0,0.0,0.016303599971174594,0.004695889917647411,0.0,0.0,0.0,0.005982278521880044,0.0,0.0,0.0,0.0,0.0,0.002672142885699562,0.0,0.0,0.0,0.0,0.0,0.0,0.0,0.0,0.0,0.0,0.007094977568443656,0.0,0.0,0.0,0.0,0.0,0.00250272502708973,0.0,0.0,0.0,0.0,0.0,0.0,0.0,0.0,0.0,0.0,0.0,0.0,0.0,0.0,0.006405940864647029,0.0,0.0,0.0,0.0,0.0,0.0,0.0,0.0,0.0,0.0,0.0,0.0,0.0020329451591628617,0.0,0.0,0.0,0.0,0.0,0.0,0.0,0.0,0.0,0.0,0.0,0.0,0.0,0.0,0.0,0.0,0.0,0.0,0.0,0.0,0.0,0.0,0.0,0.0,0.0,0.0,0.0,0.0,0.0,0.0,0.0,0.0,0.0,0.0,0.0,0.0,0.0,0.0,0.0,0.0,0.0
CTTCCGCTCCGTGAAG-1,0.10222545665624505,0.09035881506293485,0.029853858339711943,0.009463767025123162,0.002679549257326804,0.00026580600113336754,0.0,0.026277849062019458,0.0,0.0,0.004351702609355359,0.0,0.0147016150288947,0.023828136398178594,0.004863085018979469,0.0,0.06519049035498191,0.0032161344799833728,0.0,0.03589943176599211,0.0,0.0010075290693484834,0.0,0.0022729312358200824,0.0070503271355490844,0.0,0.0,0.0,0.0,0.0,0.0,0.0,0.0004788061081700438,0.00035744447862042254,0.0,0.0,0.0,0.0003725182970625226,0.013756556979688741,0.0057319548242189735,0.0,0.0005819992930773063,0.0,0.0,0.0007845563528321063,0.0,0.0008214829981699862,6.655347229514535e-05,0.0,0.0015142002302030444,0.004993043294424534,0.0,0.004308307155434829,0.0,0.0009979397258673421,0.0007241088983617809,0.0014635017034731275,0.0,0.0,0.00020765602551767672,0.00012996244507669443,0.0,0.0,0.0013216927317953732,0.0,0.0,0.0,0.0,0.0,0.0,0.0,0.0,0.005603778591891683,0.0,0.0,0.0,0.0,0.0,0.0,0.0,0.0020117220710112456,0.0,5.8190221565351654e-05,0.0,0.0,0.0,0.0,0.0,0.0005579535505980014,0.0,0.0,0.0,0.0,0.0,0.0,7.078211050261937e-05,0.0001493875017342897,9.476546926553644e-05,0.0,0.0,0.0,0.0,0.0,0.00017153741538071955,0.0,0.0,0.0,0.0,0.0001269368683137382,0.0,0.0,0.0,0.00012642019284332998,0.0,0.0,0.0001504455956570408,0.0,0.0,0.0
CTTCTATGTTGAAGTA-1,0.612218722648148,0.2856413228514413,0.15178087959161551,0.0,0.0291965372853462,0.0024736942179860158,0.11504245778468436,0.0033523198534174264,0.022174831325082214,0.0,0.0,0.0,0.0,0.044338311906280174,0.00630649368834235,0.020081825630625386,0.0,0.0,0.0,0.03356059500633597,0.0,0.0005845944504558263,0.0,0.0,0.0,0.0,0.0,0.0,0.004598403285604987,0.0,0.0,0.0,0.0,0.0,0.008937084884195746,0.0,0.0,0.0,0.0,0.0,0.0,0.0,0.0,0.0,0.0,0.0,0.0,0.0,0.0025455916939501953,0.0,0.0,0.0,0.0,0.0,0.0,0.0,0.0,0.0,0.0,0.0,0.0,0.0,0.003621249635788799,0.0,0.0,0.0,0.0,0.0,0.0,0.0,0.0,0.0,0.00036741314453249706,0.0,0.0,0.0,0.0,0.0,0.0,0.0,0.0,0.0,0.0,0.0,0.0,0.0,0.0,0.0,0.0,0.0,0.0,0.0,0.0,0.0,0.0,0.0,0.0,0.0,0.0,0.0,0.0,0.0,0.0,0.0,0.0,0.0,0.0,0.0,0.0,0.0,0.0,0.0,0.0,0.0,0.0,0.0,0.0,0.0,0.0
CTTCTATTAATGCTAG-1,0.5059246784770833,0.23530313333453817,0.10385021707265636,0.03379207590736579,0.0023162078447659926,0.007421586755128411,0.045474532092085025,0.07024971245337351,0.013064746244859034,0.07313681630943031,0.044481849782125556,0.00832844729068388,0.023112836237632155,0.0051261940334115,0.019942032694011947,0.02880492126019343,0.005364846886838706,0.0,0.0,0.002049162366426516,0.0,0.00567019099064289,0.0016259604198320358,0.0,0.006921609510474796,0.0,0.0017260965663254315,0.0,0.01689397416307366,0.0,0.0,0.002396713221648348,0.0,0.0,0.001509372638064663,0.0032640847592700787,0.004957615766780263,0.0,0.0,0.0006699385743205521,0.0,0.004067021827418052,0.0,0.0,0.0,0.0,0.0044189248460597295,0.002382362787575287,0.0,0.0009069320224122585,0.0,0.005411229871580461,0.0,0.0,0.0,0.0,0.0024679036977550287,0.0,0.0,0.0,0.0013922536937706748,0.0,0.0,0.003982182311890181,0.0,0.0,0.0012339316015293543,0.0,0.0042078341919631786,0.0,0.0,0.0,0.0,0.0,0.0,0.0,0.0,0.0,0.0,0.0,0.0,0.001922370625273471,0.00023817859181315477,0.0,0.0,0.0,0.000763590457925397,0.0011553603913920154,0.0,0.0,0.0003633136465323808,0.0,0.0,0.0004141073458837763,0.00026621812210345693,0.0,0.0,0.0007825486570772493,0.0,0.0,0.0004141073458837763,0.0009106541540969081,0.0005144224226341996,0.0,0.0,0.0,0.0,0.0,0.0,0.0,0.0,0.0,0.0,0.0,0.0,0.0,0.0,0.0,0.0
CTTGCAACCGCCTCCT-1,0.26944770509716076,0.0,0.1889988693969143,0.03048637650735599,0.016076099166327004,0.0382294480968416,0.0,0.012723376266877938,0.0,0.0,0.0011321201317665305,0.0,0.0,0.0,0.019866646970455495,0.0022394724478374856,0.0,0.0,0.0,0.0,0.0,0.005179248553308183,0.0,0.0,0.0,0.0,0.0,0.0,0.0,0.0,0.060685157174795064,0.0,0.0,0.0,0.0,0.0,0.0204350308423192,0.0,0.0,0.0,0.0,0.0,0.0,0.0,0.0,0.0,0.0,0.0,0.0,0.0,0.005524256211860527,0.011093548406533689,0.0,0.0,0.005679540397605417,0.0,0.00018162355353697722,0.0,0.0,0.0,0.0,0.0,0.0,0.007632562303389056,0.0,0.0156396816065117,0.0021953997876201998,0.0,0.0,0.0,0.0,0.0,0.0,0.0,0.0,0.0,0.0,0.0,0.0,0.0035647549343026403,0.0,0.0,0.0,0.0,0.0,0.0,0.0,0.0,0.0,0.0009102131228270785,0.0,0.0,0.0,0.0,0.0,0.0,0.0,0.0,0.0,0.0,0.0,0.0,0.0,0.0,0.0,0.0,0.0,0.0,0.0,0.0,0.0,0.0,0.0,0.0,0.0,0.0,0.0,0.0,0.0
CTTGCCCAGGCTCTAC-1,0.3045037890156756,0.32000210794903383,0.12713844510018604,0.10618037872330789,0.04221426081579448,0.07829358298953293,0.0,0.01977449543254794,0.0,0.0,0.02991927851328925,0.035461940239516376,0.041070778286369666,0.0,0.035863756402325545,0.0024250646353084367,0.0,0.0,0.0,0.0,0.0,0.0,0.0,0.0,0.0,0.0,0.0,0.0,0.0,0.005547603562523865,0.0,0.0028725549442668117,0.0037755256312498636,0.0,0.0,0.0,0.0027738017812619325,0.0,0.0,0.0075854491198799065,0.0007485407456050438,0.0,0.0,0.0,0.0,0.0,0.0,0.0,0.0,0.00404088891870845,0.0,0.003860471760905985,0.0,0.0018877628156249318,0.0,0.0,0.0,0.0,0.0,0.0,0.0,0.0,0.0,0.0,0.0,0.0,0.0,0.0,0.0,0.0,0.0,0.0,0.0,0.0,0.0,0.0,0.0,0.0,0.0,0.0,0.0,0.0,0.0,0.0,0.0,0.0,0.0,0.0,0.0,0.0,0.0,0.0,0.0,0.0,0.0,0.0,0.0,0.0007692509719677213,0.0,0.0,0.0,0.0,0.0,0.0,0.0007266237254257458,0.0,0.0,0.0,0.0,0.0,0.0,0.0,0.0,0.0,0.0,0.0,0.0,0.0,0.0
CTTGTACTTGTTGACT-1,0.8195761593035373,0.14101082179144722,0.09741882211223422,0.057494348101846234,0.16717451251919696,0.024263730082644624,0.0,0.02643569445082952,0.0,0.014255552273689112,0.003872763384285799,0.0,0.06294367196622216,0.0,0.0025606840704985633,0.005468206812003205,0.0,0.05312069484166679,0.0,0.0,0.0,0.02220072278423431,0.0,0.02721747799862303,0.019994349952246426,0.0,0.0009327745511200021,0.0,0.0,0.0,0.0,0.0,0.016736929451551082,0.0,0.0,0.0,0.010657705264388782,0.0,0.0,0.0,0.0,0.0,0.0,0.00457848107722648,0.0,0.0,0.0,0.0,0.0,0.0,0.0,0.004166177884351725,0.0,0.0,0.0,0.0060792241871623015,0.0,0.0,0.0,0.01751588645429788,0.012081407279666764,0.010333108073273197,0.0,0.0,0.0,0.0,0.0,0.00457848107722648,0.0,0.0,0.0,0.0,0.0,0.0,0.0,0.0,0.00457848107722648,0.0,0.0,0.0,0.0,0.0,0.0,0.0,0.0,0.0,0.0,0.0,0.0,0.0,0.0,0.0,0.0,0.0,0.0,0.0,0.0,0.0,0.0,0.0,0.0,0.0,0.0,0.0,0.0,0.0,0.0,0.0,0.0,0.0,0.0,0.0,0.0,0.0,0.0,0.0,0.0,0.0,0.0
CTTGTTGCTGAGTCAA-1,1.0987941987931371,0.10996766424991844,0.18801669595676626,0.202590793226438,0.1066296427582153,0.01612436751665194,0.0,0.02346743487705588,0.0,0.0,0.023876245203987602,0.0,0.0,0.0048636056482257274,0.0,0.0,0.0,0.0,0.0,0.0,0.0,0.013186638177798103,0.0,0.0,0.0,0.0,0.0,0.0,0.0,0.0,0.0,0.0,0.0,0.0,0.0,0.0,0.0,0.0,0.0,0.0,0.0,0.0,0.0,0.0,0.0,0.0,0.0,0.0,0.0,0.0,0.0,0.0,0.0,0.0,0.0,0.0,0.0,0.0,0.0,0.0,0.0,0.0,0.0,0.0,0.0,0.0,0.0,0.0,0.0,0.0,0.0,0.0,0.0,0.0,0.0,0.0,0.0,0.0,0.0,0.0,0.0,0.0,0.0,0.0,0.0,0.0,0.0,0.0,0.0,0.0,0.0,0.0,0.0,0.0,0.0,0.0,0.0,0.0,0.0,0.0,0.0,0.0,0.0,0.0,0.0,0.0,0.0,0.0,0.0,0.0,0.0,0.0,0.0,0.0,0.0,0.0,0.0,0.0,0.0
CTTTAACTTTCAAAGG-1,0.8295461317199534,0.40056062712372664,0.1093963535422776,0.04289369315175074,0.021577309098079603,0.040053569697806046,0.0,0.016187319505003846,0.02301838651640593,0.05081024004729905,0.0,0.027825843187313817,0.03071612003823886,0.0,0.009931382809252648,0.0,0.0,0.009930661460708562,0.0,0.0,0.01076895619078764,0.0,0.0,0.010035802464301037,0.0,0.036841949529194146,0.01292019813027044,0.04476502837103424,0.001788874412829395,0.0,0.0752821381570124,0.0002312782390863589,0.0,0.0,0.0,0.0,0.0,0.010614646335396832,0.0,0.0,0.0010095968865058136,0.0,0.0,0.0,0.0085099841995262,0.003245162146679278,0.008199546309229965,0.0,0.0,0.0,0.0,0.0,0.0,0.0,0.0,0.004796896472702934,0.0,0.0,0.0,0.0,0.00337533884606289,0.0,0.002398448236351467,0.0,0.0,0.003336983201363405,0.0,0.0,0.0,0.0,0.0,0.0,0.0,0.0,0.0,0.0,0.0,0.001270793849265824,0.0,0.0,0.0,0.0,0.001270793849265824,0.0,0.0,0.001270793849265824,0.0,0.0,0.0,0.0,0.0,0.002398448236351467,0.0,0.001270793849265824,0.0,0.0,0.0,0.0,0.0,0.0,0.0,0.0,0.0,0.00194298860954809,0.0,0.0,0.0,0.0,0.0,0.0,0.001270793849265824,0.0,0.0,0.0,0.0,0.0,0.0,0.0,0.0
CTTTAGTGCTATTATT-1,1.0208632950075067,0.5804215364631999,0.4182322836208592,0.10637052373204772,0.07155768974825073,0.041304229522326215,0.07546740999848593,0.03654776773850951,0.03908863856096438,0.011750920092990466,0.037463863565391935,0.0,0.0,0.005330855929647343,0.010974005680575799,0.0,0.03239641297650237,0.0,0.009804507952655611,0.004792393181558897,0.0,0.010557247868256459,0.017586885271345665,0.0,0.0,0.0,0.011294354999904667,0.0,0.0,0.005715569268453864,0.0,0.0,0.008404467938645892,0.0,0.0,0.0047135035246443,0.0012590637639434297,0.0,0.01533810430158565,0.015761734486554563,0.006063520771948202,0.0,0.04936914495201854,0.0,0.0,0.0,0.0,0.0,0.002379606391596888,0.0025181275278868594,0.0,0.0032539363661619235,0.0031858286320819917,0.006789740260808653,0.0,0.0012590637639434297,0.0,0.0,0.0,0.0,0.0032904066559059433,0.0,0.0,0.0,0.0,0.0,0.0,0.0030685495215259945,0.0,0.0,0.0,0.0,0.0,0.0,0.0,0.0,0.0,0.0,0.0,0.0,0.0,0.0,0.0,0.0,0.0069681982650072055,0.0,0.0,0.0,0.0012590637639434295,0.0014905036974262053,0.0,0.0,0.0,0.0,0.0,0.0,0.0022255476709153715,0.0,0.0,0.0009709798041977599,0.0,0.0,0.0,0.0,0.0,0.0,0.0019179775190089799,0.0,0.0,0.0,0.0,0.0008115851192500089,0.0,0.0,0.0,0.0,0.0,0.0,0.0
CTTTGGCGCTTTATAC-1,0.0,0.0,0.0,0.0,0.0,0.05041344390711978,0.0,0.012861564536520247,0.011924624438792235,0.06527324462061623,0.006742896669812492,0.0,0.021957909919141764,0.0,0.011850360347741232,0.03054188214638529,0.0,0.018236597870505356,0.0,0.0,0.0,0.02407352522808401,0.0,0.015972307306303123,0.0,0.024779073620622063,0.0,0.0,0.005222929225280427,0.0,0.0,0.0,0.005612339756348019,0.0,0.0,0.0,0.0,0.0,0.0,0.0,0.0,0.0,0.0,0.0,0.0,0.009753972133273302,0.0,0.0,0.0,0.0,0.0,0.0,0.0,0.0,0.0,0.0,0.0,0.0,0.0,0.0,0.0,0.0,0.0,0.0,0.0,0.0,0.0,0.0,0.0,0.0,0.0,0.0,0.0,0.0,0.0,0.0,0.005612339756348019,0.0,0.0,0.0,0.0,0.0,0.0,0.0,0.0,0.0,0.0,0.0,0.0,0.0,0.0,0.0,0.0,0.0,0.0,0.0,0.0,0.0,0.0,0.0,0.0,0.0,0.0,0.0,0.0,0.0,0.0,0.0,0.0,0.0,0.0,0.0,0.0,0.0,0.0,0.0,0.0,0.0,0.0
CTTTGGCTTTAGTAAA-1,0.6766518294211662,0.14491270931238745,0.0,0.0,0.03058601396730476,0.0,0.009054739689517007,0.011511566170356926,0.0,0.0,0.0,0.0,0.0,0.0,0.018569610861266288,0.0052996709125500505,0.0,0.0318358979229023,0.0,0.0,0.0,0.0,0.0,0.004678036155491049,0.0,0.0,0.0,0.0,0.0,0.0,0.0,0.0,0.0,0.0,0.0,0.0,0.0,0.0,0.0,0.0,0.0,0.0,0.0,0.0,0.0,0.0,0.0,0.0,0.0,0.0,0.0,0.0,0.0,0.0,0.0,0.0,0.0,0.0,0.0,0.0,0.0,0.0,0.0,0.0,0.0,0.0,0.004678036155491049,0.0,0.0,0.0,0.0,0.0,0.0,0.0,0.0,0.0,0.0,0.0,0.0,0.0,0.0,0.0,0.0,0.0067711228959074065,0.0,0.0,0.0,0.0,0.0,0.0,0.0,0.0,0.0,0.0,0.0,0.0,0.0,0.0,0.0,0.0,0.0,0.0,0.0,0.0,0.0,0.0,0.0,0.0,0.0,0.0,0.0,0.0,0.0,0.0,0.0,0.0,0.0,0.0,0.0
GAAACCGAATTACCTT-1,0.8119802910933577,0.4236164351235915,0.08629036508172554,0.11527972743242905,0.08388886649066087,0.027421155318895888,0.01835491558361738,0.033217661468700886,0.01139586768878964,0.016975851877679096,0.01710584677207433,0.031421970950416885,0.0,0.0,0.007320290559882833,0.0,0.008771843831512024,0.05534032599680437,0.040923577860556885,0.0,0.0,0.0,0.024828882123476247,0.00339220729187667,0.0,0.0,0.0,0.0,0.05631326230712628,0.0,0.0,0.0,0.010406385693379993,0.0,0.0,0.0,0.0,0.0,0.0,0.0,0.0,0.0,0.0,0.0,0.0,0.0,0.0,0.0,0.0,0.0,0.0,0.0,0.0,0.0,0.0,0.0,0.0,0.0052031928466899965,0.0,0.002378637161276511,0.0,0.0,0.0,0.0,0.0,0.0,0.0,0.0,0.0,0.0,0.0,0.0,0.0,0.0,0.0,0.0,0.0052031928466899965,0.0,0.0,0.0,0.0,0.0,0.0,0.0,0.0,0.0,0.0,0.0,0.0,0.0,0.0,0.0,0.0,0.0,0.0,0.0,0.0,0.0,0.0,0.0,0.0,0.0,0.0,0.0,0.0,0.0,0.0,0.0,0.0,0.0,0.0,0.0,0.0,0.0,0.0,0.0,0.0,0.0,0.0
GAAACTCGTGCGATGC-1,2.743447114044568,1.4598195695163632,0.17178856520904706,0.3606555670575924,0.3262864247937034,0.09011998113278512,0.028451176803420332,0.11976514152907085,0.032466405744214506,0.0,0.03394867577736588,0.0,0.02144802183242482,0.0,0.01901666746731269,0.029021490562361085,0.0,0.058544446458701604,0.10070001963792195,0.0,0.0,0.028344851414037465,0.03604161722467144,0.02667510539502574,0.0,0.0,0.014371954087350154,0.0,0.0,0.0,0.0,0.00021368745416447713,0.0,0.0,0.0,0.00945023508235063,0.0,0.020597990791790227,0.0,0.0,0.0,0.002227312696465866,0.0,0.002414591192247504,0.0015111791789978826,0.0,0.0,0.0,0.0,0.0,0.00313238941959025,0.0,0.0,0.0,0.0,0.003455089109252431,0.0,0.0,0.0,0.0,0.0,0.0,0.0,0.0,0.0,0.0,0.0,0.013672059934649563,0.005213028622502487,0.0,0.0,0.0,0.0,0.0,0.0,0.0021459975230665083,0.0,0.002201086741040243,0.0,0.0,0.0,0.0,0.0,0.0,0.0,0.0,0.0,0.0,0.0,0.0,0.0028912057829031225,0.003455089109252431,0.0,0.0,0.0,0.0,0.0,0.0,0.007387116740321,0.0,0.0,0.0,0.0,0.0,0.0,0.0,0.0,0.0,0.0,0.0,0.0,0.0,0.0,0.0,0.0,0.0,0.0,0.0,0.0
GAAAGCAGTGCACTTT-1,0.4143354674727842,0.17954007179243886,0.11956563634399851,0.019838059138715735,0.0,0.005151157455987452,0.007764578926322223,0.03794238533608589,2.5652003331859976e-05,0.0,0.0030037472973678987,0.016700709465026286,0.008146386880428111,0.006145324592548139,0.014043217097965853,0.0,0.0490117121923723,0.0,0.0,0.0008193484148375657,0.0,0.002022280144640337,0.0,0.0,0.0,0.009976071255598662,0.0006566501794262919,0.0,0.0007727660071395099,0.0,0.0,0.0,0.0005508391526998045,0.0,0.0016431599684395247,0.011176468367634656,0.0,0.0010588156066227389,0.0,0.0037556432396240085,0.0,0.010288121344239025,0.0,9.312918891738683e-05,0.0017723400053606987,0.0004018807226126897,0.005001760453594442,0.00026655449125463377,0.0,0.0,0.013024274710450761,0.0,0.0018470102515242078,0.0,0.0020769081017626744,0.0,0.000666179240147602,0.0,0.0,0.0,0.0003503037741419346,0.0,0.0,0.0023683398524590466,0.00072838549951885,0.0,0.0003385406386817141,0.0,0.0009646938402678015,0.0011947312801664615,0.0,0.0,0.0037719782650613666,0.0,0.0,0.0019837631264396304,0.0,0.0013450083265522939,0.0,0.0,0.0,0.0,4.9973090697049627e-05,0.0,0.0,0.0,0.0005427651802372668,0.0,0.0004940353429724584,0.0008584005902751957,0.0,0.0,0.0,0.0,0.0,7.244915870007525e-05,0.00011475995084848196,0.0,0.0,0.0,0.0,0.0,4.150429938441082e-05,0.0,0.0,0.0,0.00018709421669344222,0.0,9.762170418291277e-05,0.0,0.0,0.0,4.9973090697049627e-05,0.0,0.0,0.00025516473824416594,0.0,0.0,0.0
GAAAGCCCTTTGGACC-1,0.5261922661731847,0.29019115210605545,0.0,0.0,0.058843737107557616,0.009786118310604615,0.0,0.0,0.1052432234125926,0.0,0.013950816937078711,0.008092578640432753,0.0,0.0,0.0,0.02302158266086502,0.0,0.0,0.0,0.0,0.0,0.013598406793179061,0.0,0.0,0.0,0.008574732587359447,0.0,0.0,0.0,0.012504937150033622,0.0,0.0,0.010875431668377187,0.0,0.0,0.0,0.0,0.0,0.0,0.0,0.0,0.0,0.0,0.005437715834188593,0.0,0.0,0.0,0.0,0.0,0.0,0.0,0.0,0.0,0.0,0.0,0.0,0.0,0.0,0.0,0.0,0.0,0.0,0.0,0.0,0.0,0.0,0.004945517732418439,0.0,0.0,0.0,0.0,0.0,0.0,0.0,0.0,0.0,0.0,0.0,0.0,0.0,0.0,0.0,0.0,0.0,0.0,0.0,0.0,0.0,0.0,0.0,0.0,0.0,0.0,0.0,0.0,0.0,0.0,0.0,0.0,0.0,0.0,0.0,0.0,0.0,0.0,0.0,0.0,0.0,0.0,0.0,0.0,0.0,0.0,0.0,0.0,0.0,0.0,0.0,0.0
GAAAGTGACTAACTGC-1,0.5111942381447702,0.2435050272233922,0.0158720828445611,0.08074743640794706,0.010928381140841964,0.03641383896111032,0.054341996105515517,0.003154610369996474,0.09590405131983695,0.010315476530726238,0.012722608082962761,0.0,0.0,0.0,0.013547647094769471,0.015873652245660765,0.015131424381440023,0.020599531357025136,0.0,0.0,0.0029293733622956534,0.018234970263096825,0.0,0.011033804200368667,0.0,0.001871657118652726,0.00399280471643066,0.0,0.004999309107580792,0.0,0.0,0.0005569323984808747,0.0020729524433444903,0.0,0.003420317360296566,0.0,0.0,0.0,0.0,0.0,0.0,0.0006419393275800722,0.0,0.0,0.0,0.0,0.0,0.0,0.002800898573955208,0.00265654286198272,0.0,0.0,0.0014257556203746938,0.002235632593374821,0.0,0.0,0.0,0.0,0.0,0.001638911949094223,0.0024680090665033082,0.0,0.0,0.0,0.0028618988683416138,0.0,0.0,0.0,0.0,0.0,0.0,0.0,0.0,0.0,0.0,0.0,0.0,0.0,0.0,0.0,0.0,0.0,0.0,0.0,0.0,0.0,0.0,0.0,0.0,0.0,0.0,0.0,0.0,0.0,0.0,0.0,0.0,0.0,0.0020729524433444903,0.00030405053702370935,0.0,0.0,0.0,0.0,0.0,0.0,0.0,0.0,0.0,0.0,0.0,0.0,0.0,0.0,0.0,0.0,0.0,0.0,0.0
GAAATATCACCATCAG-1,0.33867852368355233,0.1962914955869712,0.0,0.0,0.0583000453650544,0.013983071407604828,0.046782110444910964,0.029143213045001184,0.08151458469033623,0.034737180842619154,0.0023443022346830004,0.0,0.0,0.03723971529981659,0.010875451249864299,0.040656426515368736,0.0,0.0,0.0,0.010783673051806313,0.0,0.0,0.0,0.0,0.0,0.0,0.0,0.0,0.0,0.0,0.0,0.0,0.0,0.0,0.01774543305750318,0.0,0.0,0.0,0.0,0.0,0.0,0.0,0.0,0.0056049968147723166,0.005850790315487336,0.0,0.0,0.0,0.0,0.0,0.0,0.0,0.0,0.0056049968147723166,0.008894179909000806,0.0,0.0056049968147723166,0.0,0.009293971990934782,0.0,0.0020365550770533106,0.0,0.0,0.0,0.0,0.0,0.0,0.0,0.0,0.0,0.0056049968147723166,0.0,0.0,0.0,0.0,0.0,0.0,0.0,0.0,0.0,0.0,0.0,0.0,0.0,0.0,0.0056049968147723166,0.0,0.0,0.0,0.0,0.0,0.0,0.0,0.0,0.0,0.0,0.0,0.0,0.0,0.0,0.0,0.0,0.0,0.0,0.0,0.0,0.0,0.0,0.0,0.0,0.0,0.0,0.0,0.0,0.0,0.0,0.0,0.0,0.0
GAAATCGCGCGCAACT-1,0.41183061400712595,0.05458788001724027,0.07687336608103681,0.06132198036938807,0.020661989208256792,0.012126122366648241,0.031878515659724195,0.004938666963767662,0.0,0.017538294755972215,0.0023677744148649774,0.0,0.019225687437626024,0.010367522103634999,0.0027378440733251976,0.0,0.0,0.0,0.0,0.008921295986503281,0.0,0.0,0.0,0.0,0.0,0.0,0.0,0.0,0.0,0.0,0.0,0.0,0.0,0.03141418788421145,0.0,0.0,0.0,0.0,0.0,0.0,0.01775536146052204,0.0001789757834408954,0.0,0.0,0.014123469814567129,0.0,0.0,0.0,0.0,0.0,0.0,0.0,0.0,0.0,0.0,0.0,0.0,0.0,0.0,0.0,0.0,0.01256731249884493,0.0,0.0,0.0,0.0,0.0,0.0,0.0,0.0,0.0,0.0,0.0,0.0,0.00625431728319693,0.0,0.0,0.0,0.0,0.0,0.0,0.0,0.0,0.0,0.0,0.0,0.0,0.0,0.0,0.0,0.0,0.0,0.0,0.0,0.0,0.0,0.0,0.0,0.0,0.0,0.0,0.0,0.00795662683998654,0.0,0.0,0.0,0.0,0.0,0.0,0.0,0.0,0.0,0.0,0.0,0.0,0.0,0.0,0.0,0.0
GAAATTGTCTCTATAA-1,0.5763357403559324,0.30247609975204226,0.0936004559399715,0.14853501783135323,0.06661874422193159,0.07341546782732984,0.03531234540780876,0.006756808253424932,0.0,0.0,0.02425445227851893,0.0,0.03479874428756903,0.0,0.0,0.012529890236625065,0.0,0.0,0.03236163657996171,0.0,0.0,0.0,0.010784946505078725,0.0,0.0,0.0,0.0,0.0,0.0,0.0,0.0,0.0,0.0,0.0,0.0,0.0,0.0,0.0,0.0,0.0,0.007649062141876388,0.0,0.0,0.0,0.0,0.0,0.0,0.0,0.0,0.0,0.0,0.0,0.0,0.0,0.0,0.0,0.0,0.004325942985320375,0.0,0.0,0.0024396614457510546,0.0,0.0,0.0,0.0,0.0,0.0,0.0,0.0,0.0,0.0,0.0,0.0,0.0,0.0,0.0,0.0,0.0,0.0,0.0,0.0,0.0,0.0,0.0,0.0,0.0,0.0,0.0,0.0,0.0,0.0,0.0,0.0,0.0,0.0,0.0,0.0,0.0,0.0,0.0,0.0,0.0,0.0,0.0,0.0,0.0,0.0,0.0,0.0,0.0,0.0,0.0,0.0,0.0,0.0,0.0,0.0,0.0,0.0
GAACACACATCAACCA-1,0.5235165705747864,0.17363483712806796,0.0,0.0,0.02157633485627851,0.03197852746500146,0.0,0.029602139337282278,0.0,0.005778142826520162,0.005586391508590412,0.0,0.054066727603845954,0.0019324544613366003,0.003690977343067122,0.010137052216396108,0.0,0.039063930646013253,0.0,0.009430388318642312,0.02443094108862407,0.005068526108198054,0.0,0.0211272101954037,0.0,0.018203373649892485,0.0,0.0,0.0,0.0,0.0,0.0,0.0,0.0,0.0,0.0,0.0,0.0,0.0,0.0,0.0,0.0,0.0,0.0,0.0,0.0,0.0,0.0,0.0,0.007911989187141963,0.0,0.0,0.0,0.003955994593570981,0.0,0.003955994593570981,0.0,0.0,0.0,0.0,0.003955994593570981,0.0,0.0,0.0,0.0,0.0,0.0,0.0,0.0,0.0,0.0,0.0,0.0,0.0,0.0,0.0033053170333630414,0.0,0.0,0.0,0.0,0.0,0.0,0.0,0.0,0.0,0.0,0.0,0.0,0.0,0.0,0.0,0.0,0.0,0.0,0.0,0.0,0.003955994593570981,0.0,0.0,0.0,0.0,0.0,0.0,0.0,0.0,0.0,0.0,0.0,0.0,0.0,0.0,0.0,0.0,0.0,0.0,0.0,0.0,0.0,0.0
GAACCTCGACCTACAC-1,0.006509637037522633,0.037037089701859954,0.010843673723953789,0.0,0.0,0.0,0.0,0.0,0.0,0.007908920059501145,0.0,0.04412548058219467,0.0,0.0,0.0045040902677899435,0.0033409362764160117,0.0,0.0,0.0,0.0,0.016469558115800045,0.0005015098813105026,0.0,0.0,0.0,0.0,0.0,0.0,0.0,0.0,0.0,0.0,0.0,0.0,0.0,0.0,0.0,0.0,0.0,0.002355218057231101,0.0002582695049777016,0.0,0.0,0.0,0.0,0.0,0.0,0.0,0.0,0.0017560549247015854,0.0,0.0,0.0017560549247015854,0.0,0.0,0.0,0.0,0.0,0.0,0.0,0.0,0.0,0.0,0.0007790817713099476,0.0,0.0,0.0,0.0,0.0,0.0,0.0,0.0,0.0,0.0,0.0,0.0,0.0,0.0,0.0,0.0,0.0,0.0,0.0,0.0,0.0,0.0,9.870055700254222e-05,0.0,0.0,0.0,0.0,0.0,0.0,0.0,0.0,0.0,0.0,0.0,0.0,0.0,0.0,0.0,0.0,0.0,0.0,0.0,0.0,0.0,0.0,0.0,0.0,0.0,0.0,0.0,0.0,0.0,0.0,0.0,0.0
GAACGTTAGGAAGACG-1,0.30287423197414254,0.14514879953908652,0.14827360371003157,0.030802898105714745,0.006778243186248408,0.010653388918852149,0.023766709291533978,0.052264507985621336,0.009122817065936534,0.05166021487710714,0.03819275923395727,0.0,0.010653864359778255,0.0,0.009050705891194579,0.026345584728655457,0.0,0.0,0.0,0.0,0.023448651852379904,0.015810129422361603,0.0,0.011883262436173377,0.010159931034278565,0.0,0.016514231090979156,0.0,0.0,0.0,0.0,0.0,0.00220130969027999,0.0,0.0,0.0,0.011783432640864502,0.0,0.0,0.0,0.0,0.004362359425092465,0.0,0.0014592961954911815,0.0,0.00440261938055998,0.0,0.0,0.0,0.0,0.0,0.010357558007434238,0.0,0.0,0.0,0.0,0.0,0.0,0.0,0.006588220116458566,0.0,0.0,0.0,0.0014312381214116755,0.0,0.0,0.0,0.0,0.002191016034642607,0.0,0.0,0.0,0.0,0.0,0.0,0.0,0.0,0.0,0.005564537008866962,0.0,0.0,0.0,0.0,0.0,0.0,0.0,0.0,0.0,0.0,0.0016644798334746825,0.0,0.0,0.0,0.0,0.0,0.0,0.0,0.0,0.0,0.0009645310084704497,0.0,0.0,0.0,0.0,0.0,0.0,0.0,0.0,0.0,0.0,0.0,0.00043488643140841604,0.0,0.0,0.0014592961954911815,0.0,0.0,0.0,0.0
GAAGCGTGAGGAATTT-1,0.11472342550693787,0.5081674477034169,0.0372351787469224,0.023747771286511333,0.021589426633179837,0.07250237706015274,0.021091772472943048,0.03626512403744057,0.0,0.0,0.004361272235344315,0.0,0.0,0.02092744041851199,0.02007722443859968,0.01233720714630564,0.006234269273142988,0.017392490272049227,0.008438100478765042,0.0,0.0,0.0,0.020859468572823264,0.0,0.0,0.0,0.013719666545923074,0.0,0.0311440035995617,0.0,0.0,0.0,0.007854045735803084,0.0,0.005834528371387041,0.0,0.0,0.0,0.0,0.007971633048043745,0.0007033283739593582,0.0,0.0,0.0,0.0,0.0,0.0,0.0,0.003229351075939313,0.0027275655677796904,0.0,0.0,0.0,0.0,0.0,0.0,0.0,0.0,0.0,0.0015264794910547028,0.0016860007430652606,0.0,0.0,0.0,0.0,0.0,0.0007033283739593582,0.003643496317407484,0.0,0.0,0.0,0.0,0.0,0.0,0.0,0.0,0.0,0.0,0.0,0.0,0.0,0.0,0.0,0.0,0.0,0.0,9.687725239374939e-05,0.0,0.0,0.0,0.00126274992384376,0.0,0.0,0.0,0.0,0.0,0.0,0.0,0.0,0.0,0.0,0.0,0.0,0.005426748369075125,0.0,0.0,0.0,0.0,0.0,0.0,0.0,0.0,0.0,0.0,0.0,0.0,0.0,0.0,0.0
GAAGCTTGCTGACCGC-1,0.6231365639824455,0.2116111420757003,0.20795991954389295,0.09952914293108187,0.09997788743937883,0.01800119782198439,0.02869951691801184,0.02307152395587425,0.008693144816728475,0.02443878584365662,0.016233028994861495,0.0,0.0584453325388016,0.0,0.030974904332103013,0.008367485586440222,0.008579171963319069,0.0,0.021923435910605516,0.0,0.0,0.011159588142701,0.011551911075895191,0.0,0.0,0.0,0.0,0.0,0.0,0.006259099782228402,0.03770495465646491,0.0,0.0,0.0,0.0,0.0,0.0,0.008708192650016999,0.0,0.0,0.012924323967019142,0.0,0.0,0.0,0.0,0.004348650517858899,0.0,0.0,0.01080466697282495,0.0,0.0,0.0,0.0,0.0,0.0,0.0,0.0,0.0,0.0,0.0,0.0,0.0,0.0,0.0,0.0,0.0,0.0,0.0,0.0,0.0,0.0,0.0,0.0,0.0,0.002613710806738191,0.0,0.0,0.0,0.0,0.0,0.0,0.0,0.0,0.0,0.0,0.0,0.0,0.0,0.0,0.0,0.0,0.0,0.0,0.0,0.0,0.0,0.0,0.0,0.0,0.0,0.0,0.0,0.0,0.0,0.0,0.0,0.0,0.0,0.0,0.0,0.0,0.0,0.0,0.0,0.0,0.0,0.0,0.0,0.0
GAAGTCAGTTGCACTA-1,0.7073597567808124,0.2651174704198795,0.2502106500580301,0.021057006210813387,0.05969050426495655,0.008206602206982452,0.07554788146428713,0.10126392248993193,0.0,0.0,0.037335813398347545,0.0,0.0,0.0,0.009963531093318729,0.021021720239452125,0.003516277090868981,0.0,0.0,0.0,0.0,0.0,0.0,0.0,0.0,0.021284830299539616,0.0,0.03894932286497447,0.0,0.0,0.0,0.005451601894640408,0.0,0.0,0.0,0.038302260544100075,0.0,0.010437714405854611,0.0,0.0,0.0,0.0,0.0,0.0019727319138025854,0.0,0.0,0.004809637647916781,0.0,0.0,0.0,0.0,0.0,0.0,0.0,0.0,0.0,0.0,0.0,0.0,0.0,0.0,0.0,0.0,0.0,0.002792527236385147,0.0,0.0,0.0018331514583607602,0.005452009033241072,0.0,0.0,0.0,0.0,0.0,0.0,0.0,0.0,0.0,0.0,0.0,0.0,0.0,0.0,0.0,0.0,0.0,0.0,0.0,0.0,0.0,0.0021802629948236476,0.0,0.0029353591786489184,0.0,0.0,0.002841489115155606,0.0,0.0,0.0,0.0,0.0,0.0,0.0,0.0,0.0,0.0,0.0,0.0,0.0,0.0,0.0016129462483278488,0.0,0.0,0.0016129462483278488,0.0,0.00031026527188257597,0.0,0.0,0.0
GAAGTGATTTATCGTG-1,0.13113859763776325,0.0,0.035761573918650785,0.0460801448121803,0.00855566555780018,0.012137337318702326,0.0,0.00811015284863132,0.0,0.0,0.0029141776019749894,0.0,0.0,0.0,0.013443546920435642,0.0,0.024531026075471273,0.0,0.0,0.0,0.0,0.0,0.0,0.0,0.0,0.0,0.007272041369397181,0.0,0.0,0.0,0.0,0.0,0.0,0.0,0.0,0.0,0.0,0.0,0.0,0.0,0.0,0.0,0.0,0.0,0.0,0.0,0.0,0.0,0.0,0.0,0.0,0.0,0.0,0.00855566555780018,0.0,0.0,0.0,0.0,0.0,0.0,0.0,0.0,0.0,0.0,0.0,0.0,0.0,0.0,0.0,0.0,0.0,0.0,0.0,0.0,0.0,0.0,0.0,0.0,0.0,0.0,0.0,0.0,0.0,0.0,0.0,0.0,0.0,0.0,0.0,0.0,0.0,0.0,0.0,0.0,0.0,0.0,0.0,0.0,0.0,0.0,0.0,0.0,0.0,0.0,0.0,0.0,0.0,0.0,0.0,0.0,0.0,0.0,0.0,0.0,0.0,0.0,0.0,0.0,0.0
GAATCTGAACATTCTC-1,1.7648386549738013,0.7853165877290457,0.3829666572889078,0.16220468400655874,0.037868313503445966,0.12433470828287588,0.07773226004526115,0.05628097033602963,0.02548920568146493,0.004691146157897912,0.030625348016483277,0.0,0.05477397379568121,0.008373351114351411,0.024885708553904533,0.004061339119713741,0.004324475810477836,0.015599092536210436,0.004465684874626426,0.009887103835153602,0.0,0.024729554983392972,0.01220948220380405,0.0112003323852883,0.0,0.0,0.00686747063657421,0.0,0.008665077166379789,0.0019957098839236947,0.0,0.00029234988845254777,0.004106676169581714,0.012870087230130231,0.0,0.010332787660379043,0.0,0.0,0.013816195963222462,0.0023544872814575063,0.005239801333773911,0.0,0.0,0.0012571332878648332,0.0,0.0019957098839236947,0.0030289023416837026,0.0,0.0042926534959441855,0.009497575449580258,0.0,0.0,0.005696300295161017,0.004221324366334245,0.002378437671454547,0.004119753439385709,0.0,0.0,0.0,0.0,0.0011508901437581192,0.0,0.0,0.0,0.004934427559789263,0.0,0.0,0.0,0.001304962671282342,0.0,0.0,0.0,0.0,0.0,0.0,0.0,0.0,0.002915247339887061,0.0,0.0007874208117388721,0.0,0.0,0.0015748416234777443,0.0,0.0,0.0,0.0009119490241858864,0.0,0.002414248059917926,0.0,0.0,0.0,0.0,0.0037727925977308722,0.0,0.0,0.0019862512575518324,0.0,0.0,0.0,0.0,0.0,0.0,0.0,0.0,0.0,0.0017652618702326318,0.0,0.0,0.0,0.0,0.0,0.0,0.0,0.0,0.0,0.0,0.0,0.0
GAATTATAGTGAAAGG-1,0.0985389114743665,0.014456521576372987,0.021268022879256186,0.0,0.0,0.007354079447359939,0.010586329182288256,0.0,0.0,0.0,0.0071263830443338005,0.0,0.0,0.0,0.0021568568131919664,0.0,0.0,0.0,0.0,0.0,0.0,0.0,0.0,0.0,0.0,0.0,0.0,0.0,0.0023603570149008063,0.0,0.0,0.0,0.0,0.0,0.0,0.0,0.0,0.0,0.0,0.0,0.0,0.0,0.0,0.0,0.0,0.0,0.0,0.0,0.0,0.0,0.0,0.0,0.007354079447359939,0.0,0.0,0.0,0.0,0.0,0.007354079447359939,0.0,0.0,0.0,0.0,0.0,0.0,0.0,0.0,0.0,0.0,0.0,0.0,0.0,0.0,0.0,0.0,0.0,0.0,0.0,0.0,0.0,0.0,0.0,0.0,0.0,0.0,0.0,0.0,0.0,0.0,0.0,0.0,0.0,0.0,0.0,0.0,0.0,0.0,0.0,0.0,0.0,0.0,0.0,0.0,0.0,0.0,0.0,0.0,0.0,0.0,0.0,0.0,0.0,0.0,0.0,0.0,0.0,0.0,0.0,0.0
GAATTCACCCGGGTGT-1,0.39271963263432846,0.4601593349310019,0.05961427966551226,0.06913721795174416,0.04292366846915893,0.004750125614144617,0.006508440952495689,0.07188329036089897,0.0,0.0,0.05222176856937055,0.0,0.0,0.0,0.02435933293531929,0.002295008251608147,0.020543909605621413,0.02075444574575821,0.03113128655113883,0.0,0.0,0.010109552047118834,0.0467374240421208,0.00816570171012829,0.0,0.012148824762932121,0.0,0.0,0.0,0.0,0.0,0.0,0.0,0.0,0.0,0.0,0.0,0.0,0.0,0.0,0.0,0.0,0.0,0.0,0.0,0.0,0.0,0.0,0.0,0.0,0.0,0.0,0.0,0.004356414770274729,0.0,0.0,0.0,0.0,0.0,0.0,0.0,0.0,0.0,0.0,0.0,0.0,0.0,0.0,0.0,0.0,0.0,0.0,0.0,0.0,0.0,0.0,0.0,0.0,0.0,0.0,0.0,0.0,0.0,0.0,0.0,0.0,0.0,0.0,0.0,0.0,0.0,0.0,0.0,0.0,0.0,0.0,0.0,0.0,0.0,0.0,0.0,0.0,0.0,0.0,0.0,0.0,0.0,0.0,0.0,0.0,0.0,0.0,0.0,0.0,0.0,0.0,0.0,0.0,0.0
GAATTTCTCGCTGCAG-1,0.3473941198925525,0.574865701972369,0.10523009635408302,0.05757735522875531,0.10582534004042422,0.037598836908762444,0.008119130512999517,0.026468373838738863,0.009191368881818074,0.011338537736968284,0.019599032675599527,0.0,0.02122532492268417,0.020895666041439952,0.003911864475632364,0.004380222332643642,0.0,0.0,0.0,0.004150099567756434,0.0,0.0,0.009057132569911417,0.0,0.0,0.0,0.0062459768884584954,0.0,0.0,0.0,0.0,8.414237013596915e-05,0.004236432343103483,0.0,0.0,0.0,0.0,0.0,0.0,0.005618396162688618,0.007100456574809482,0.0,0.0,0.004236432343103483,0.0,0.0,0.009295268768275359,0.0,0.004140408270775202,0.0,0.0,0.0,0.0,0.004236432343103483,0.0,0.0,0.0,0.0,0.0,0.0,0.0,0.0,0.0,0.0,0.0,0.0,0.0,0.0014030652094891311,0.0,0.0,0.0,0.0,0.0,0.0,0.0,0.0,0.0,0.0,0.0,0.0,0.0,0.0,0.0,0.0,0.0,0.0,0.001298955933000162,0.0,0.0,0.0,0.0,0.0,0.0,0.0,0.0,0.0,0.0,0.0,0.0,0.0,0.0,0.0,0.0,0.0,0.0,0.0,0.0,0.0,0.0,0.0,0.0,0.0,0.0,0.0,0.0,0.0,0.0,0.0,0.0
GACAACGCAGCTTACG-1,0.0,0.16981092444665313,0.0,0.0,0.0,0.01401161663096502,0.0,0.018728132627243627,0.0,0.0,0.0,0.01713401890294797,0.0,0.0,0.0,0.0029534653264260678,0.0,0.0,0.0,0.0,0.0,0.0,0.0,0.0,0.0,0.0,0.0,0.0,0.0,0.0,0.0,0.0,0.0,0.0,0.0,0.0,0.0,0.0,0.0,0.0,0.0,0.0,0.0,0.0,0.0,0.0,0.0,0.0,0.0,0.0,0.0,0.0,0.0,0.0,0.0,0.009335583733515507,0.0,0.0,0.0,0.0,0.0023146018446046504,0.013572065534624618,0.0,0.0,0.0,0.0,0.0,0.0,0.0,0.0,0.0,0.0,0.0,0.009335583733515507,0.0,0.0,0.009335583733515507,0.0,0.0,0.0,0.0,0.0,0.0,0.0,0.0,0.0,0.0,0.0,0.0,0.0,0.0,0.0,0.0,0.0,0.0,0.0,0.0,0.0,0.0,0.0,0.0,0.0,0.0,0.0,0.0,0.0,0.0,0.0,0.0,0.0,0.0,0.0,0.0,0.0,0.0,0.0,0.0,0.0,0.0
GACACTGAGTTCAGTG-1,0.14729823649552884,0.12439025173204683,0.08806738530052713,0.0,0.016313486977218794,0.01684910700165049,0.0,0.0,0.0,0.0,0.0,0.0,0.0,0.0,0.0,0.0,0.00954576003915944,0.0,0.0,0.0,0.0,0.0,0.0,0.0,0.0,0.0,0.0,0.0,0.0,0.0,0.0,0.0,0.0,0.0,0.0,0.0,0.0,0.0,0.0,0.0,0.0,0.0,0.0,0.0,0.0,0.0,0.0,0.0,0.0,0.0,0.0,0.0,0.0,0.0,0.0,0.0,0.0,0.0,0.0,0.0,0.0,0.0,0.0,0.0,0.0,0.0,0.0,0.0,0.0,0.0,0.008042240410654284,0.0,0.0,0.0,0.0,0.0,0.0,0.0,0.0,0.0,0.0,0.0,0.0,0.0,0.0,0.0,0.0,0.0,0.0,0.0,0.0,0.0,0.0,0.0,0.0,0.0,0.0,0.0,0.0,0.0,0.0,0.0,0.0,0.0,0.0,0.0,0.0,0.0,0.0,0.0,0.0,0.0,0.0,0.0,0.0,0.0,0.0,0.0,0.0
GACAGGCACACACTAT-1,0.556869818909457,0.2565759102684353,0.0,0.0,0.040490438683922894,0.0,0.0178731815904603,0.02122017013204447,0.0046558818959677745,0.02574372190928867,0.009306220919625085,0.010042380961140086,0.0,0.02224292065936692,0.002463157852648399,0.0473470721921185,0.01170404257086471,0.0,0.0,0.016486421540698914,0.0,0.0,0.0,0.0,0.0,0.0,0.008879240121630574,0.0,0.0,0.0,0.0,0.0,0.0,0.0,0.0,0.0,0.0,0.0,0.0,0.0,0.0,0.0,0.0,0.0,0.0,0.0,0.0,0.0,0.0,0.0,0.0,0.0,0.0,0.0061169427808112275,0.0,0.0,0.0,0.0,0.0,0.0,0.0,0.0,0.0,0.0,0.0,0.0,0.0,0.0,0.0,0.0,0.0,0.0,0.0,0.0,0.0,0.0,0.0,0.0,0.0,0.0,0.0,0.0,0.0,0.0,0.0,0.0,0.0,0.0061169427808112275,0.0,0.0,0.0,0.0,0.0,0.0,0.0,0.0,0.0,0.0,0.0,0.0,0.0,0.0,0.0,0.0,0.0,0.0,0.0,0.0,0.0,0.0,0.0,0.0,0.0,0.0,0.0,0.0,0.0,0.0,0.0
GACATCGATTTATAAC-1,0.0725653208394705,0.09653606915600235,0.0625220648970379,0.0046329222144884585,0.0014300126928725363,0.0,0.02259028083980199,0.038653162326431435,0.0,0.0,0.035619673398753895,0.0,0.042062756450522744,0.028123545721550666,0.011286395592666141,0.0050384852781685694,0.015267996985477055,0.012901174747532603,0.0,0.028973221600624134,0.0,0.004043536868926271,0.0,0.005365251407528626,0.0,0.0,0.0,0.0,0.041264375198861995,0.004727481141982286,0.0,0.0,0.0,0.0,0.004172110895249373,0.0,0.0,0.0,0.0,0.0056037076193699575,0.0,0.0007738469828993823,0.0,0.0,0.0,0.0,0.0022359001945400614,0.0,0.0,0.0005275794768477997,0.0,0.0,0.004081399137283823,0.0005275794768477997,0.0,0.0,0.001578770440661683,0.0,0.0,0.0,0.00012081404050549211,0.0,0.0,0.0007438260280561238,0.0,0.0,0.0,0.0,0.0,0.0,0.0,0.0,0.00010604411455958921,0.0,0.0,0.004196440329828861,0.0,0.0,0.0,0.0,0.0,0.0,0.0010551589536955993,0.0,0.0,0.0,0.0001490163231732479,0.0,0.0,0.0,0.0,0.0,0.0,0.0,0.0,0.0,0.0,0.0,0.0,0.0,0.0,0.0,0.0,0.0,0.0,0.0,0.0,0.0,0.0,0.0,0.0,0.0,0.0,0.0,0.0,0.0,0.0,0.0,0.0
GACCGACTGAAGCGTC-1,0.0691946716662392,0.3435607571716735,0.0,0.0,0.02173165630787507,0.027800647514061798,0.0070422838246982115,0.01625336139208018,0.0,0.0,0.004637648163270179,0.0,0.0,0.0,0.004886174046453312,0.026933980609269062,0.007541455611920542,0.0,0.03137893874161231,0.0,0.0806296563370511,0.0,0.028020146066619563,0.0,0.0,0.02073937242636798,0.0038970175974635973,0.0,0.0,0.0,0.0,0.0,0.0,0.0,0.0,0.0,0.0,0.0,0.0,0.0,0.0,0.0,0.0,0.0,0.0,0.0,0.0,0.005663477224810378,0.0,0.0,0.0,0.0,0.0,0.0,0.0,0.0,0.0,0.005663477224810378,0.0,0.0,0.0,0.0,0.0,0.0,0.0,0.0,0.011445500489498332,0.0,0.0,0.0,0.0,0.0,0.0,0.0,0.0,0.0,0.0,0.0,0.0,0.0,0.0,0.0,0.0,0.0,0.0,0.0,0.0,0.0,0.0,0.0,0.0,0.007322966028225646,0.0,0.0,0.0,0.0,0.0,0.0,0.0,0.0,0.0,0.0,0.0,0.0,0.0,0.0,0.0,0.0,0.0,0.0,0.0,0.0,0.0,0.0,0.0,0.0,0.0,0.0,0.0
GACCGTGCTGACGGTG-1,0.18140830034063501,0.1361116904250962,0.09889587121392773,0.03438201238079129,0.03048923396409027,0.04529949127184276,0.0,0.008364669084844347,0.0,0.0,0.00531545246074362,0.019996226805484216,0.018581409664317927,0.0,0.009238328752182773,0.002461460931693709,0.0,0.0,0.030290662685733043,0.0,0.0,0.0014046471736493176,0.0026103457224131836,0.0,0.0,0.0,0.0,0.0,0.0,0.0,0.0,0.0,0.0,0.0,0.0,0.0,0.0,0.0,0.0,0.0,0.0,0.0,0.09142521370069709,0.0,0.0,0.0,0.0,0.0,0.014070040615361571,0.0,0.0,0.0,0.0,0.007364850434061813,0.0,0.007364850434061813,0.0,0.0,0.0,0.0,0.0,0.0,0.0,0.0,0.0,0.0,0.0,0.0,0.0,0.0,0.0,0.0,0.0,0.0,0.0,0.0,0.0,0.0,0.0,0.0,0.0,0.0,0.0,0.0,0.0,0.0,0.0,0.0,0.0,0.0,0.0,0.0,0.0,0.0,0.0,0.0,0.0,0.0,0.0,0.0,0.0,0.0,0.0,0.0,0.0,0.0,0.0,0.0,0.0,0.0,0.0,0.0,0.0,0.0,0.0,0.0,0.0,0.0,0.0
GACGCCGTAAAGGCTA-1,0.6829076943319858,0.4914174587257214,0.07860113216150114,0.04508278176484563,0.025510007623910074,0.0034896010249992216,0.05517111954657501,0.04349994276428668,0.004028873953529447,0.007410087681868804,0.0023291632253463475,0.0,0.044896020853984545,0.011245314798986852,0.004025116658095982,0.012796593605980844,0.01869891204458024,0.01876514350941508,0.0,0.007374605849431944,0.0,0.0023718747214022486,0.0,0.007908693540367401,0.04096359906472907,0.0,0.005075877990114344,0.0,0.02344915472957109,0.0,0.0,0.0,0.0,0.0,0.00926420277274894,0.018817394971817617,0.00911283309569872,0.0,0.0020075960579010095,0.0,0.0,0.0,0.0,0.002824474769986581,0.0004521048952151186,0.0018723438284500593,0.003196246499387335,0.0,0.010382429690203006,0.0,0.0,0.0034222773824189507,0.0,0.0,0.0029585764704351406,0.0,0.00333184412292949,0.0,0.0,0.002887460438618112,0.001551561188069333,0.0,0.0,0.000637430427475723,0.0,0.0,0.0,0.0,0.0010892921196502753,0.0,0.0,0.0,9.743184979395737e-05,0.0,0.0,0.004899486207452698,0.0,0.0,0.0,0.0,0.0,0.0,0.0012568684461879808,0.0,0.0,0.0,0.0,0.0,0.0,0.0,0.0,0.0,0.0,0.0,0.0,0.0,0.0,0.0,0.0,0.0,0.0,0.0,0.0,0.0023301422473411505,0.0,0.0,0.0,0.0,0.0,0.0,0.0,0.0,0.0,0.0,0.0,0.00020444382319246066,0.0,0.0,0.0
GAGAATCTCACGATCA-1,0.06849926881249015,0.032744384534434214,0.013902885192556752,0.0,0.0,0.00048766770990189275,0.0,0.0022213906031889803,0.0,0.0019481951582511143,0.0,0.0,0.0,0.011554902722009128,0.0,0.0045972014435485,0.012454038613531384,0.0,0.0,0.006899915015115953,0.0,0.0,0.0,0.0,0.0,0.0,0.0,0.0,0.0,0.01088282834297914,0.0,0.0,0.0,0.001722733339523108,0.0014376615430783076,0.0,0.0,0.0,0.0,0.003073627219252528,0.0,0.0007048363264129333,0.0,0.0,0.0,0.0,0.0007117149494996343,0.0,0.0,0.0,0.0,0.0,0.0007034919925777026,0.0,0.0,0.0,0.0,0.0,0.0,0.0,0.0,0.0,0.0,0.00027179094195758837,0.0017107631223085566,0.0,0.0,0.0,0.0,0.0,0.0,0.0,0.0,0.0,0.0,0.0,0.0,0.0,0.0,0.0,0.0,0.0,0.0008392988089449321,0.0,0.00048710229681493455,0.0,0.0,0.0,0.0014053440276715309,0.0,0.0,0.0,0.0,0.0,0.0,0.0,0.0,0.0,0.0,0.0,0.0,0.0,0.0004160299395225592,0.0,0.0,0.0,0.0,0.0,0.0,0.0,0.0,0.0,0.0,0.0,0.0,0.0,0.0,0.0,0.0
GAGACTTCGCGACCGA-1,0.08168254997273054,0.2843555997278074,0.028864583608175374,0.00045446826895919294,0.005584757161939779,0.022677071816098408,0.050899030674505644,0.026445890737574744,0.008202123240295373,0.033515964440274874,0.01657761193612693,0.03337083667347368,0.00041662689146013555,0.016758351210045846,0.0027905136055486612,0.017155187433728153,0.018643202904818214,0.0,0.0,0.0,0.0,0.0,0.0016777255309549076,0.0,0.0,0.003608953818674526,0.004560136904556259,0.0,0.053641251793635845,0.0,0.0,0.0,0.0016777255309549076,0.0,0.0,0.0,0.026909319734304233,0.0,0.0,0.0019947557994487645,0.0,0.003874547080926056,0.0,0.006553156126607175,0.0,0.0,0.0,0.006350410567225219,0.0,0.004264884417498695,0.0,0.006386957643243765,0.002161420508792192,0.001080710254396096,0.0,0.006880252741104101,0.0,0.0,0.0,0.0,0.0,0.0,0.0,0.0,0.0,0.0,0.0010254277063635267,0.0,0.0,0.0,0.0,0.0,0.0,0.0,0.0,0.0037508149103042698,0.0,0.0,0.0,0.0,0.0,0.0,0.0,0.0,0.0,0.0,0.000498853128637982,0.001080710254396096,0.0,0.003984513224663457,0.0,0.0,0.0,0.0,0.0,0.0,0.0,0.0,0.0,0.0005068931680109208,0.001080710254396096,0.0,0.0,0.0,0.0,0.0,0.0,0.0,0.0,0.0,0.0,0.0,0.0,0.0,0.0,0.00024910238334971706,0.0,0.0,0.0
GAGAGGGCGCGAGGTT-1,0.3312360435908289,0.0,0.11292093370834598,0.13433757266273927,0.017474910578058014,0.024988983693118895,0.0,0.009581170619363635,0.0,0.0,0.0,0.0,0.0,0.0,0.010708351444290581,0.0,0.0,0.0,0.0,0.0,0.0,0.0,0.0,0.0,0.0,0.0,0.0,0.0,0.0,0.0,0.0,0.0,0.0,0.0,0.0,0.0,0.0,0.0,0.0,0.0,0.0046479943781697446,0.0,0.0,0.0,0.0,0.0,0.0,0.0,0.0,0.0,0.0,0.0,0.0,0.009080511958071035,0.0,0.0,0.0,0.009080511958071035,0.0,0.0,0.0,0.0,0.009080511958071035,0.0,0.0,0.0,0.0,0.0,0.0,0.0,0.0,0.009080511958071035,0.0,0.013297121329199583,0.0,0.0,0.0,0.0,0.0,0.0,0.0,0.0,0.0,0.0,0.0,0.0,0.0,0.0,0.0,0.0,0.0,0.0,0.0,0.0,0.0,0.0,0.0,0.0,0.0,0.0,0.0,0.0,0.0,0.0,0.0,0.0,0.0,0.0,0.0,0.0,0.0,0.0,0.0,0.0,0.0,0.0,0.0,0.0,0.0
GAGAGGTGCATTCTGG-1,0.4795239960437814,0.0,0.14256027296759305,0.03900181498431374,0.04553322148125209,0.016217605874378777,0.0,0.022516790277373282,0.033503133058917764,0.03923863245466283,0.0,0.0,0.0,0.0,0.0,0.0,0.021542702850358045,0.0,0.0,0.0,0.0,0.0,0.0,0.0,0.0,0.0,0.00040524986877581355,0.0,0.0,0.0,0.0,0.0,0.00791138120605883,0.0,0.0,0.0,0.0,0.0,0.0,0.0,0.0,0.0,0.0,0.0,0.0,0.0,0.0,0.0,0.01126215246084485,0.0,0.0,0.0,0.0,0.0,0.0,0.0,0.0,0.0,0.0,0.0,0.0,0.0,0.0,0.005047696032730687,0.0,0.0,0.0,0.0,0.0,0.0,0.0,0.0,0.0,0.0,0.0,0.0,0.0,0.0,0.0,0.0,0.0,0.004522005346162168,0.0,0.0,0.0,0.0,0.0,0.0,0.0,0.0,0.0,0.0,0.0,0.0,0.0,0.0,0.0,0.0,0.0,0.0,0.0,0.0,0.0,0.0,0.0,0.0,0.0,0.0,0.0,0.0,0.0,0.0,0.0,0.0,0.0,0.0,0.0,0.0,0.0
GAGGCTATCAAAGTCG-1,0.0,0.0,0.0,0.0,0.0,0.0,0.012838393587571236,0.014621962431868345,0.05907492779358483,0.018690836936663367,0.005887296586382871,0.0,0.03487347083413814,0.0,0.018560582384612802,0.0,0.0,0.05504917939723758,0.0,0.0,0.0,0.01734193318960795,0.0,0.017272072508845934,0.0,0.0,0.0006534682464319635,0.0,0.0,0.0,0.0,0.0,0.0,0.0,0.0,0.0,0.0,0.0,0.0,0.0,0.002442991228654825,0.0,0.0,0.0,0.0,0.0,0.0,0.0,0.0,0.004947151911917736,0.0,0.0,0.0,0.0,0.0,0.0,0.004759005979399735,0.0,0.0,0.0,0.0,0.0,0.0,0.0,0.0,0.0,0.0,0.0,0.0,0.0,0.004947151911917736,0.0,0.0,0.0,0.0,0.00633964396572672,0.0,0.0,0.0,0.0,0.0,0.0,0.0,0.0,0.0,0.0,0.0,0.0,0.0,0.0,0.0,0.0,0.0,0.0,0.0,0.0,0.0,0.0,0.0,0.0,0.0,0.0,0.0,0.0,0.0,0.0,0.0,0.0,0.0,0.0,0.0,0.0,0.0,0.0,0.0,0.0,0.0,0.0,0.0
GAGTATGCCCGCCTTG-1,1.1424924367351772,0.39126626785956653,0.25720966316269317,0.05626890514844768,0.10083443214995505,0.10191796602027221,0.06358813106228517,0.07399683297633798,0.05176865983678604,0.07852154039637592,0.045502955972293604,0.0,0.01664020084308845,0.0,0.006366573850922823,0.02541382613602816,0.0,0.0,0.0,0.0,0.03577718612458882,0.008946995415737766,0.0,0.0,0.0,0.0,0.008039989065925547,0.0,0.0,0.0,0.0,0.0,0.004543521885675482,0.038312402070782424,0.0,0.022716107141846083,0.02817345784218978,0.0,0.003911441285138031,0.0,0.0,0.0,0.0,0.002271760942837741,0.0,0.0,0.0,0.0,0.0,0.00467115625396285,0.0,0.011691629545518292,0.002271760942837741,0.0,0.0,0.005544293809862072,0.0003351144003657711,0.0,0.0,0.0,0.0,0.0,0.0,0.0035510929166963166,0.0011445051850393316,0.0,0.0,0.001057098047671021,0.006385721252954073,0.0,0.0,0.0,0.0,0.0,0.0,0.0,0.0,0.0,0.0,0.0,0.0,0.0,0.0,0.0,0.0,0.0,0.0,0.0,0.0,0.0,0.0,0.0,0.0,0.0,0.0025701958466926114,0.002265962346319645,0.0,0.0,0.0,0.0,0.0,0.0,0.0,0.0,0.0,0.0,0.0,0.0,0.0,0.0,0.0,0.0,0.0,0.0,0.0,0.0,0.0,0.0,0.0
GAGTCAGACCAGAATC-1,0.09054327324221478,0.12345078253775857,0.015830289901125682,0.0024833396126398124,0.0006864141787624062,0.00015260816060154263,0.005680693647704038,0.02359623240030629,0.0002093206025727161,0.0010605281138542665,0.004056461881958856,0.0,0.028403721134805746,0.011783882451951964,0.020821023375385078,0.0,0.06602144539624671,0.004217885935046892,0.0,0.025143527609168843,0.0,0.0011223731146539212,0.0,0.003386198563298376,0.0068907363837534315,0.0,4.754552898950259e-05,0.0,0.0,0.0,0.0033529381717236073,0.05708895607501495,0.000295860405524059,0.0008994934173332894,0.0,0.004245081481760194,0.0,0.00032096376234096646,0.0,0.004071887989295753,8.635933505323683e-05,0.009683338626015092,0.0067993404136709274,0.0,0.0012296517841284215,0.0,0.0005755951701977601,0.000156223515186396,0.0,0.0006180750011587624,0.009350738592166978,0.0,0.0018358098446469469,0.0,0.0008828104138732516,0.0006725698553959553,0.0,0.0,0.0,0.0007439000980901959,0.00013676716090959157,0.0,0.0,0.001197574070937134,0.00023973562983145504,0.00036771803476693456,3.335059844803583e-05,0.0,0.00023308794287936154,0.0008759351413648884,0.0,0.0,0.0051749310761859775,0.0,0.0008432285954654835,0.0010342641819456606,0.0,0.0,0.0,0.0,0.0,0.0,0.0006790048247876341,0.0,0.0,0.0,0.00021653677629791907,0.0,0.002116992279827642,0.0,0.0,4.3829586591639306e-05,0.0,0.0,0.0,0.0,7.285823758598325e-05,0.0,0.0,0.0,0.0,0.0,0.00018792064205483487,0.0,0.0,0.0,0.0,0.0,0.00013983128785887515,6.280609668620598e-05,0.0,0.0,8.340565422862665e-05,0.0,0.0,0.0,0.00011541482811552462,0.0,0.00040484666399007033
GAGTCCGCTTACCGGA-1,0.5109766818661232,0.22473594741638517,0.20754682651516737,0.08456000392313504,0.0,0.03285893812336587,0.0,0.03759929026777561,0.0,0.0,0.042824819925817346,0.0,0.0,0.01843760839894756,0.08682345780548412,0.0,0.0,0.0,0.0,0.02360088435188866,0.0,0.0,0.0,0.0,0.0,0.0,0.0,0.0,0.0,0.004522005346162168,0.0,0.0,0.0,0.0,0.04804584168129822,0.0,0.0,0.0,0.0,0.0,0.0,0.0,0.0,0.004522005346162168,0.0,0.0,0.0,0.0,0.0,0.0,0.0,0.0,0.0,0.0,0.0,0.0,0.0,0.004522005346162168,0.0,0.0,0.0,0.0,0.0,0.0,0.004180031569536684,0.0,0.0,0.0,0.0,0.0,0.0,0.0,0.0,0.0,0.0,0.0,0.0,0.0,0.0,0.0,0.0,0.0,0.0,0.0,0.0,0.0,0.0,0.0,0.0,0.0,0.0,0.0,0.0,0.0,0.0,0.0,0.0,0.0,0.0,0.0,0.0,0.0,0.0,0.0,0.0,0.0,0.0,0.0,0.0,0.0,0.0,0.0,0.0,0.0,0.0,0.0,0.0,0.0,0.0
GATACGATGGGAGTCA-1,0.202309712917311,0.11652997284549622,0.0,0.0,0.015328151526333867,0.04001015615763292,0.009336823147723805,0.0,0.0,0.0,0.011383699525542676,0.0,0.0,0.0,0.010834417593604644,0.012448203447454106,0.0036455348583040335,0.0,0.0,0.0,0.0,0.0,0.0,0.0,0.0,0.0,0.0,0.0,0.0,0.0,0.0,0.0,0.0,0.0,0.0,0.0,0.015867896420761956,0.0,0.0,0.0,0.0,0.0,0.0,0.0,0.0,0.0,0.0,0.0,0.0,0.0,0.0,0.01005109859302084,0.0,0.0,0.015867896420761956,0.0,0.0,0.0,0.0,0.0,0.0,0.0,0.0,0.0,0.0,0.0,0.0,0.0,0.0,0.0,0.0,0.0,0.0,0.0,0.0,0.0,0.0,0.0,0.0,0.0,0.0,0.0,0.0,0.0,0.0,0.0,0.0,0.0,0.0,0.0,0.0,0.0,0.0,0.0,0.0,0.0,0.0,0.0,0.0,0.0,0.0,0.0,0.0,0.0,0.0,0.0,0.0,0.0,0.0,0.0,0.0,0.0,0.0,0.0,0.0,0.0,0.0,0.0,0.0
GATAGGTAACGTTGAC-1,0.43301621220253855,0.25961911977388763,0.3190041449577714,0.07615004509878369,0.123002341211889,0.038417394202164855,0.0,0.0439701051457639,0.0,0.0,0.11795090298941577,0.07032505551163831,0.034377434836774114,0.04121587818564512,0.034905173381734406,0.0,0.0,0.0,0.0,0.03927451203410445,0.006506065673113905,0.006953911292900423,0.0,0.0,0.0,0.01292828318102771,0.0,0.0,0.0,0.0031712825030320428,0.0,0.0,0.0,0.0,0.027049726025729356,0.0,0.0011406683712446768,0.0,0.0,0.0,0.0,0.0,0.0,0.0,0.0,0.0033401983215669445,0.0,0.0,0.003819359024370445,0.006852145381107298,0.0,0.0010113426577926378,0.0011406683712446768,0.0,0.0,0.005535001447438463,0.0,0.0,0.0027029809388091548,0.0,0.0008180623497450004,0.0,0.0,0.0,0.0026179491593456635,0.0,0.0,0.0,0.0,0.0,0.0,0.0,0.0,0.0,0.0,0.0,0.0,0.0,0.0,0.0,0.0,0.0,0.0,0.0,0.0,0.0,0.0,0.0,0.0,0.0,0.0031008840691147833,0.0,0.0,0.0,0.0,0.006244857257685874,0.0,0.0,0.0,0.0,0.0,0.0,0.0,0.0,0.0,0.0,0.0,0.0,0.0,0.0,0.0,0.0,0.0,0.0,0.0,0.0,0.0,0.0,0.0
GATATGAGACACTAAC-1,0.5978920123150743,0.07477759090122554,0.10026457628276235,0.10574356250719325,0.05398483988624786,0.00268142564225134,0.01480284093743535,0.013452532160338029,0.0,0.0,0.01381854068844121,0.0,0.01063958820223767,0.0,0.002359785859884508,0.0,0.0,0.0,0.0,0.0,0.0,0.0,0.0,0.0,0.0,0.0,0.00214418610269442,0.0,0.005587601028420956,0.0,0.0,0.0,0.0,0.0,0.0,0.0,0.0,0.0,0.0,0.0,0.006210304435399935,0.0,0.0,0.0,0.0,0.010903070089269279,0.0,0.0,0.0,0.0,0.0,0.0,0.0,0.0,0.0,0.0,0.0,0.0,0.0069452359210239924,0.0,0.0,0.0,0.0,0.0,0.0,0.0,0.0,0.0,0.0,0.0,0.0,0.010903070089269279,0.0,0.0,0.0,0.0,0.0,0.0,0.0,0.0,0.0,0.0,0.0,0.0,0.0,0.0,0.0,0.0,0.0,0.0,0.0,0.0,0.0,0.0,0.0,0.0,0.0,0.0,0.0,0.0,0.0,0.0,0.0,0.0,0.0,0.0,0.0,0.0,0.0,0.0,0.0,0.0,0.0,0.0,0.0,0.0,0.0,0.0,0.0
GATATGGATTACGCGG-1,0.5119313277873667,0.6270438061840421,0.09654871294977803,0.09418270440737254,0.05300419400582136,0.07101012363218585,0.04915741735801899,0.010662402848870121,0.061067483849480436,0.0,0.011172544237087178,0.008342580089919045,0.0,0.03869576586957936,0.0038225214265761066,0.028669891515207137,0.0,0.02614592582898598,0.039927470280536115,0.004899611959519817,0.0,0.0,0.022274454132499528,0.012143726755872171,0.0,0.03085239746703346,0.005398992941990313,0.0,0.0,0.0,0.0,0.0,0.0,0.0,0.0,0.0,0.0,0.0,0.0,0.0,0.0,0.0,0.0,0.0,0.0,0.0,0.0,0.0,0.0,0.0,0.0,0.0,0.0,0.0,0.0,0.0,0.0,0.0,0.0,0.003572930827073057,0.0,0.0,0.0,0.0,0.0,0.0,0.0,0.0,0.0,0.0,0.0,0.0,0.0,0.0,0.0,0.0,0.0,0.0,0.0,0.0,0.0,0.0,0.0,0.0,0.0,0.0,0.0,0.0,0.0,0.0,0.0,0.0,0.0,0.00742489677658235,0.0,0.0,0.0,0.0,0.0,0.0,0.0,0.0,0.0,0.003712448388291175,0.0,0.0,0.0,0.0,0.0,0.0,0.0,0.0,0.0,0.0,0.0,0.0,0.0,0.0,0.0
GATCCGGGAATTAACA-1,0.1999004620062815,0.0,0.07846192118585729,0.030089551599765806,0.017499488108820696,0.0,0.0,0.0,0.0,0.0,0.0,0.0,0.0,0.0,0.0,0.0,0.0,0.0,0.0,0.0,0.0,0.0,0.0,0.0,0.0,0.0,0.0,0.0,0.0,0.0,0.0,0.0,0.0,0.0,0.0,0.0,0.0,0.0,0.0,0.0,0.0,0.0,0.0,0.0,0.0,0.0,0.0,0.0,0.0,0.0,0.0,0.0,0.0,0.008919383921205691,0.0,0.0,0.0,0.0,0.0,0.0,0.0,0.0,0.0,0.0,0.006124090064404065,0.0,0.0,0.0,0.0,0.0,0.0,0.0,0.0,0.0,0.0,0.0,0.0,0.0,0.0,0.0,0.0,0.0,0.0,0.0,0.0,0.0,0.0,0.0,0.0,0.0,0.0,0.008919383921205691,0.0,0.0,0.0,0.0,0.0,0.0,0.0,0.0,0.0,0.0,0.0,0.0,0.0,0.0,0.0,0.0,0.0,0.0,0.0,0.0,0.0,0.0,0.0,0.0,0.0,0.0,0.0
GATCCTCGACACTGGC-1,0.16420219304770922,0.11181414414227528,0.08697487334416808,0.005871577929115094,0.0027739480222024665,0.0040371493375364045,0.007064557447221043,0.060077089717046735,0.015884070552763103,0.0052327016436482425,0.0027036900458907655,0.053210552734171246,0.0,0.047303960272823097,0.03104856698810168,0.008565193919956325,0.011823191728418461,0.00715680328585303,0.0,0.005914455394794668,0.0,0.004749556419846924,0.0,0.0033057028309803134,0.028756262968395875,0.0,0.0012677959886380117,0.0,0.0013294063448626128,0.0,0.0,0.008163650187256627,0.0,0.004302412573193937,0.0,0.007937334797857165,0.00041800030272033233,0.0,0.0,0.005869898974833311,0.00014545239466408043,0.0,0.0,0.000965827351147222,0.0,0.0,0.00028678032701021924,0.0,0.0,0.0007244299890222229,0.0,0.0015018344775832478,0.0022486991019922296,0.0,0.0,0.0,0.002056203686548125,0.0,0.0,0.0011453060261387197,0.0,0.0,0.0,0.001240655039318904,0.0,0.0,0.0014826156560524438,0.0,0.00011297575038591257,0.004842914758253684,0.0,0.0,0.0005333796826005365,0.0,0.0016385986626501028,0.0,0.0,0.0,0.0,0.000240557693357727,0.0,0.0,0.0,0.0,0.0,0.0,0.0002127499682122116,0.0,0.0012874032065640344,0.0,0.0,0.0,0.0,0.0005584417618227848,0.0,0.0007879100185530894,0.0,0.0,0.0,0.0,0.0,0.0,0.0,0.0,0.0,0.0,0.0,0.0,0.00048173458717888726,0.0,0.0,0.0,0.0,0.0,0.0,0.0,0.0,0.0,0.0
GATCGCGGGCTCTCCA-1,0.7762850326678479,0.08312995292929684,0.3110640804182395,0.13902394221577596,0.04337646507889526,0.030513837233318,0.11362598912665854,0.013949529549814448,0.08138753155786074,0.03160760398597279,0.00942964682652179,0.0,0.0,0.0,0.008160619684027185,0.0,0.0,0.0,0.0,0.0,0.0,0.0,0.0,0.0,0.0,0.0,0.0,0.0,0.0,0.0,0.0,0.0,0.0,0.0,0.0,0.0,0.0,0.0,0.0,0.0031958647170248155,0.01149366087324626,0.0,0.0,0.0,0.0,0.0,0.0,0.0,0.0123222432417679,0.0,0.0,0.0,0.0,0.0,0.0,0.0,0.0,0.0,0.0,0.0,0.0,0.0,0.0055673155036382,0.0,0.0,0.0,0.0,0.0,0.0,0.0,0.0,0.0,0.0,0.0,0.0,0.0,0.0,0.0,0.0,0.0,0.0,0.0,0.0,0.0,0.0,0.0,0.0,0.0,0.0,0.0,0.0,0.0,0.0,0.0,0.0,0.0,0.0,0.0,0.0,0.0,0.0,0.0,0.0,0.0,0.0,0.0,0.0,0.0,0.0,0.0,0.0,0.0,0.0,0.0,0.0,0.0,0.0,0.0,0.0
GATCGGATAGAACCAT-1,0.24468517232044498,0.1724398580798702,0.03216659427298286,0.02331053778601896,0.017597806907290577,0.004248993093633936,0.0,0.02045804862604063,0.0011346971443711674,0.0050785712803542,0.002036850016152743,0.0,0.004090913402841627,0.0034972349429276007,0.017102991298037603,0.007566711013096628,0.01781492521733839,0.0,0.0,0.00035117824134983417,0.0,0.003372778299634149,0.0,0.0,0.0135478476687978,0.0,0.0009163129350306781,0.0,0.0,0.008017105162538635,0.0057163444792094065,0.04545737265239801,0.006044609979115051,0.004420179696230952,0.002209944948034527,0.0,0.0,0.0,0.0007456538102969043,0.0030431286774175634,0.00041288578265339266,0.012146764211694791,0.009245427760874787,0.0,0.0,0.0,0.0006502630627116667,0.0,0.0,0.0010715333792662692,0.00874130305459635,0.0,0.0018099750767057662,0.0,0.0007524279638331342,0.00030010567491733534,0.0,0.00021059395525221142,0.0,0.0,0.00011327617828984871,0.0,0.0,0.0010851820759509615,0.0,0.0,0.00029531028209640994,0.0006529195285933956,0.0,0.00030436471178354286,0.0,0.0,6.080671799951352e-05,0.0,0.00043530045435192046,0.0,0.0,0.0,0.0,0.0002658916696086913,0.0,0.0,0.0003114878321727861,0.0,0.0,0.0,0.00021714491334899746,0.0,0.003227102129447862,0.0,0.0,0.0,0.0,0.0,0.0,0.0,0.0009710931795167074,0.00048560048868423434,0.0,0.0,0.0,0.0,0.0004182571365330949,0.0,0.0,0.0,0.00032210048098488893,0.0,0.0,0.0,0.0,0.0,0.0,0.0,0.0,0.0,0.0,0.0,0.0
GATCGTGACTGATATC-1,0.24505927889184034,0.15615974183820897,0.0,0.0,0.049044584587672954,0.0,0.0,0.0,0.00872667659165349,0.018047128705770656,0.0,0.03872473986158783,0.01284610358219404,0.0,0.025604728725923828,0.0,0.0,0.0,0.03250667120245435,0.0,0.0,0.01036974156872315,0.009373569732531782,0.0,0.0,0.0,0.0,0.0,0.0,0.007860525720340671,0.0,0.0,0.0,0.0,0.020727638022505088,0.0,0.0,0.0,0.0,0.0,0.0,0.0,0.0,0.0,0.0,0.0,0.0,0.0,0.0,0.0,0.0,0.0,0.0,0.0,0.0,0.0,0.0,0.0,0.0,0.0,0.0,0.0,0.0,0.0,0.0,0.0,0.0016887419343154836,0.0,0.0,0.0,0.0,0.0,0.0,0.0,0.0,0.0,0.0,0.0,0.0,0.0,0.0,0.0,0.0,0.0,0.0,0.0,0.0,0.0,0.0,0.0,0.0,0.0,0.0,0.0,0.0,0.0,0.0,0.0,0.0,0.0,0.0,0.0,0.0,0.0,0.0,0.0,0.0,0.0,0.0,0.0,0.0,0.0,0.0,0.0,0.0,0.0,0.0,0.0,0.0
GATCTTTGCAGGGTAT-1,0.0,0.11338587744370297,0.12148521477362266,0.0,0.0,0.0,0.0,0.0,0.0,0.0,0.0,0.0,0.03611674366514461,0.0,0.02492748648944097,0.0,0.0,0.0,0.060736291170271926,0.0,0.0,0.0,0.020237847693452396,0.0,0.0,0.0,0.0,0.0,0.0,0.0,0.0,0.0,0.0,0.0,0.0,0.0,0.0,0.0,0.0,0.0,0.0,0.0,0.0,0.0,0.0,0.0,0.0,0.0,0.0,0.0,0.0,0.0,0.0,0.006935535010830947,0.0,0.0,0.0,0.0,0.0,0.0,0.0,0.0,0.0,0.0,0.0,0.0,0.0,0.0,0.0,0.0,0.0,0.006935535010830947,0.0,0.0,0.0,0.0,0.0,0.0,0.0,0.0,0.0,0.0,0.0,0.0,0.0,0.0,0.0,0.0,0.0,0.0,0.0,0.0,0.0,0.0,0.0,0.0,0.0,0.0,0.0,0.0,0.0,0.0,0.0,0.0,0.0,0.0,0.0,0.0,0.0,0.0,0.0,0.0,0.0,0.0,0.0,0.0,0.0,0.0,0.0
GATGCGTCCTGCATTC-1,0.3382314682465658,0.13764716185708978,0.04924949350669852,0.05187976510447898,0.01254299876916607,0.015119727926377242,0.022424940362483173,0.006994477691566012,0.0039032899640589784,0.027057717583128894,0.0030271274382790083,0.0,0.0,0.0,0.007713718395167397,0.009389637550488336,0.01557742506844546,0.0,0.0,0.0,0.0,0.0,0.0,0.0,0.0,0.0,0.02356422229230895,0.0,0.0,0.0,0.0,0.0,0.0,0.0,0.0,0.0,0.0,0.0,0.0,0.0,0.013430166037077411,0.0,0.0,0.0,0.0,0.0,0.0,0.0,0.0,0.0,0.0011906771764068028,0.0,0.0,0.004119483993531353,0.0,0.0,0.0,0.0,0.0,0.0,0.004619285823753844,0.0,0.0,0.0,0.0,0.0,0.0,0.0,0.0,0.0,0.0,0.0,0.0,0.0,0.0,0.0,0.0,0.0,0.0,0.0,0.0,0.0,0.0,0.0,0.0,0.0,0.0,0.005540764619866026,0.0,0.0,0.0,0.0,0.0,0.0,0.0,0.0,0.0,0.0,0.0,0.0,0.005540764619866026,0.0,0.0,0.0,0.0,0.0,0.0,0.0,0.0,0.0,0.0,0.0,0.0,0.0,0.0,0.0,0.0,0.0,0.0
GATGTTCAATCCACGA-1,0.06222531506131995,0.23207573585024258,0.05973805900731207,0.0,0.008404962401946622,0.0,0.008404962401946622,0.0,0.0,0.0,0.0,0.0,0.0,0.027803866917425972,0.0,0.0,0.0,0.0,0.0,0.0,0.0,0.0,0.0,0.0,0.0,0.0,0.0,0.0,0.0,0.0,0.0,0.0,0.007872676577394438,0.0,0.0,0.0,0.0,0.0,0.0,0.0,0.0,0.0,0.0,0.0,0.0,0.0,0.0,0.0,0.0,0.0,0.0,0.0,0.0,0.0,0.009757109596679135,0.0,0.0,0.0,0.0,0.0,0.0,0.0,0.0,0.0,0.0,0.0,0.0,0.0,0.0,0.0,0.0,0.0,0.0,0.0,0.0,0.0,0.0,0.0,0.0,0.007872676577394438,0.0,0.0,0.0,0.0,0.0,0.0,0.0011764611640439218,0.0,0.0,0.0,0.0,0.0,0.0,0.0,0.0,0.0,0.0,0.0,0.0,0.0,0.0,0.0,0.0,0.0,0.0,0.0,0.0,0.0,0.0,0.0,0.0,0.0,0.0,0.0,0.0,0.0,0.0,0.0,0.0
GATTACTGAATTTGGG-1,0.47406837741386243,0.10926662316644335,0.1505345574556202,0.14355621150494385,0.028691704172535394,0.05211516380728646,0.013810670609520612,0.0,0.08164071818462489,0.007738132653682532,0.016710042614305275,0.0,0.0,0.0,0.008984845918592636,0.0,0.0,0.028452130904789184,0.020403623457056708,0.0,0.0,0.0,0.0,0.009279030223035471,0.0,0.0,0.0,0.0,0.0,0.0,0.0,0.0,0.0,0.0,0.0,0.0,0.0,0.0,0.015868533206835577,0.0,0.0,0.0,0.0,0.0,0.0,0.0,0.0,0.0,0.0,0.0,0.0,0.0,0.0,0.0,0.0,0.0,0.0,0.0,0.0,0.0,0.0,0.0,0.0,0.0,0.0,0.0,0.0,0.0,0.0,0.0,0.0,0.0,0.0,0.0,0.0,0.0,0.0,0.0,0.0,0.0,0.0,0.0,0.0,0.0,0.0,0.0,0.0,0.0,0.0,0.0,0.0,0.0,0.0,0.0,0.0,0.0,0.0,0.0,0.0,0.0,0.0,0.0,0.0,0.0,0.0,0.0,0.0,0.0,0.0,0.0,0.0,0.0,0.0,0.0,0.0,0.0,0.0,0.0,0.0
GATTCCTATACGGCGC-1,0.7979582629510313,0.95619396846995,0.12409850178398239,0.0746616894091948,0.1510165207889665,0.04194522298224461,0.062396081927868496,0.02228917658614612,0.04010085082473639,0.060566463763407206,0.011499478357856243,0.0,0.055858183796211304,0.0,0.006836971233621488,0.0603817683802768,0.0,0.0034961749875727444,0.022888929064806558,0.0,0.0,0.02221237367164883,0.012476927973900515,0.00883852954710174,0.007634879212705713,0.01199859348642967,0.016435946161187747,0.0,0.0,0.0010927688172841382,0.0,0.0,0.0026105772861625526,0.0,0.0,0.009794972372891612,0.0,0.026739850183349907,0.0,0.0,0.0,0.0010113789411211568,0.0,0.011132383680247049,0.0,0.003703244723980576,0.006213379439841994,0.005423709001868657,0.0,0.0,0.0,0.0,0.0,0.0,0.0,0.0,0.001008096594960303,0.0026105772861625526,0.0,0.0016818463357477094,0.0018745151690069306,0.0,0.0,0.0,0.0088303210866379,0.0,0.0,0.0038477931213599472,0.0015827253289079067,0.0,0.0,0.0,0.0,0.0,0.0,0.0,0.0,0.0,0.0,0.0,0.01137401910311196,0.0,0.0,0.0,0.006573461218957985,0.0,0.0006602967541495826,0.0024235811539430057,0.0,0.0011122061966057854,0.0,0.0021088482616363593,0.0,0.0,0.0,0.0,0.0,0.00026579087608031015,0.0,0.003431861196143927,0.0010927688172841382,0.0,0.0,0.0,0.0,0.0,0.0,0.0,0.0,0.0,0.0,0.0,0.0,0.0,0.0,0.0,0.0,0.0,0.0
GATTCGACGGTTCACG-1,0.25525240462939625,0.0734181365197411,0.269998359464069,0.1207717318076936,0.032233978582940186,0.02648201917908618,0.027039176236939445,0.010292634695106433,0.0,0.0,0.0,0.03979871569994958,0.0,0.0,0.014218607536892565,0.0,0.0,0.0,0.0,0.0,0.0,0.017046719346236278,0.0,0.0,0.040207223739927106,0.007605511049088337,0.0,0.0,0.0,0.0,0.0,0.0,0.0,0.0,0.0,0.0,0.0,0.0,0.0,0.0,0.0,0.0,0.0,0.0,0.0,0.0,0.0,0.0,0.0,0.0,0.0,0.0,0.0,0.0,0.0,0.0,0.0,0.0,0.007529885708803499,0.0,0.0,0.0,0.0,0.0,0.0,0.0,0.0,0.0,0.0,0.0,0.0,0.0,0.0,0.0,0.0,0.0,0.0,0.0,0.0,0.0,0.0,0.0,0.0,0.0,0.0,0.0,0.0,0.0,0.0,0.0,0.0,0.0,0.0,0.0,0.0,0.0,0.0,0.0,0.0,0.0,0.0,0.0,0.0,0.0,0.0,0.0,0.0,0.0,0.0,0.0,0.0,0.0,0.0,0.0,0.0,0.0,0.0,0.0,0.0
GCAAATATTACGCTTT-1,0.20537585560434723,0.0,0.06791805170989579,0.054741421743004955,0.03187943071732212,0.007215087812807647,0.0,0.0,0.0,0.0,0.0,0.02773946033417641,0.030481661169801243,0.0,0.01086220908650519,0.0,0.0,0.0,0.0,0.0,0.0,0.0,0.0,0.0,0.0,0.0,0.0024629192855622596,0.0,0.0,0.0,0.0,0.0,0.0,0.0,0.0,0.0,0.0,0.0,0.0,0.0,0.0,0.0,0.0,0.0,0.0,0.0,0.0,0.0,0.008025404476463226,0.0,0.0,0.0,0.0,0.0,0.0,0.0,0.0,0.008025404476463226,0.0,0.0,0.0,0.0,0.0,0.0,0.0,0.0,0.0,0.0,0.0,0.0,0.0,0.0,0.0,0.0,0.0,0.0,0.0,0.0,0.0,0.0,0.0,0.0,0.0,0.0,0.0,0.0,0.0,0.0,0.0,0.0,0.0,0.0,0.0,0.0,0.0,0.0,0.0,0.0,0.0,0.0,0.0,0.0,0.0,0.0,0.0,0.0,0.0,0.0,0.0,0.0,0.0,0.0,0.0,0.0,0.0,0.0,0.0,0.0,0.0
GCAACACACTAGAACT-1,0.010757415313757037,0.0004950783143866592,0.0031390012402911826,0.0,0.0,0.0,0.01553685157289774,0.0088266707334642,0.0032886612259090953,0.0016325780226863938,0.00011600214453923372,0.0,0.0014747208906901016,0.005165698258096079,0.004872694446981338,0.00018682487436685497,0.029541851251017305,0.0004339297024198616,0.0,0.005852306546845012,0.014166405524329299,0.0004205481197063995,0.0,0.002906839799725601,0.022078816944941987,0.0,0.0,0.0,0.0,0.0,0.0,0.013727923034944993,0.0,0.0009659778802777548,0.0,0.0,6.021580310503568e-05,0.0,0.0,0.0025750808858421717,0.0,0.0,0.0,0.0,0.0,0.0,0.0,0.0,0.0,3.010790155251784e-05,0.0,0.0003235943551869716,0.0016320387313109724,0.0,5.693940370378181e-05,0.0,0.0,0.0,0.0,6.669366424615548e-05,0.0009990377717226384,0.0,0.0,0.0009075234054621291,0.0,0.0,4.3794280275724695e-05,0.0,0.0,0.0,0.0,0.0,0.0004598804032561642,0.0,9.872883608974995e-05,0.0,0.0,0.0,0.0,0.0011894746854923452,0.0,0.0,0.0,0.0,0.0,0.0,0.0007422303933314136,0.0,0.0,0.0,0.0,6.021580310503568e-05,0.0,0.0,0.0,0.0,0.0,0.0,0.0,0.0,0.0,0.0,0.0,7.9538928014658e-05,0.0,0.0,0.0,0.0,3.564539790809634e-05,0.0,0.0,0.0,5.693940370378181e-05,0.0,3.010790155251784e-05,0.0,3.010790155251784e-05,0.0,0.00010316619609445748
GCAACCACGGCCGCGT-1,0.08008601500921401,0.10762815599435567,0.04353441916906093,0.0,0.016863269987264846,0.022977898354969217,0.04130131204996011,0.011959095604816384,0.0,0.0,0.0,0.0307037304139946,0.0,0.0,0.0,0.0,0.012838197485369166,0.0,0.0,0.0,0.0,0.0069581666296132565,0.0,0.0,0.0,0.009043380353408724,0.0,0.0,0.0,0.0,0.0,0.0,0.016155731639669692,0.0,0.0,0.0,0.0,0.0,0.0,0.0,0.0,0.0,0.0,0.00424918435397048,0.0,0.0,0.0,0.0,0.010854277919188094,0.0,0.0,0.0,0.0,0.0,0.0,0.0,0.0,0.0,0.0,0.0,0.0,0.0,0.0,0.0,0.0,0.0,0.0,0.0,0.0,0.0,0.0,0.0,0.0,0.0,0.0,0.0,0.005693746108234094,0.0,0.0,0.0,0.0,0.005693746108234094,0.0,0.0,0.0,0.0,0.0,0.0,0.0,0.0,0.0,0.0,0.0,0.0,0.0,0.0,0.0,0.0,0.0,0.0,0.0,0.0,0.0,0.0,0.0,0.0,0.0,0.0,0.0,0.0,0.0,0.0,0.0,0.0,0.0,0.0,0.0,0.0,0.0
GCAAGAATTCCTTGGC-1,0.2768453571737551,0.10230350264662984,0.25834793555130586,0.0,0.016066755006634466,0.008896399136435506,0.025322626865383772,0.0,0.0060415133633807665,0.019086289329109274,0.005557727377920011,0.044241849246231264,0.0,0.0,0.018616406106801757,0.0,0.0,0.0,0.0,0.0,0.0,0.009537208514794848,0.0,0.0,0.0,0.0,0.0,0.0,0.0,0.0,0.0,0.0,0.0,0.0,0.0,0.0,0.0,0.0,0.0,0.0,0.0,0.0,0.0,0.0,0.0,0.0,0.0,0.0,0.0,0.0,0.0,0.0,0.0,0.0,0.0,0.0,0.0,0.006789740260808653,0.006789740260808653,0.0,0.0,0.0,0.0,0.0,0.0,0.0,0.0,0.0,0.0,0.0,0.0,0.0,0.0,0.0,0.0,0.0,0.0,0.0,0.0,0.0,0.0,0.0,0.0,0.0,0.0,0.0,0.0,0.0,0.0,0.0,0.0,0.0,0.0,0.0,0.0,0.0,0.0,0.0,0.0,0.0,0.0,0.0,0.0,0.0,0.0,0.0,0.0,0.0,0.0,0.0,0.0,0.0,0.0,0.0,0.0,0.0,0.0,0.0,0.0
GCACACGCCCATGGTC-1,0.6059411612424552,0.4691558693281898,0.10226222458883281,0.052418256200876624,0.014295633293295008,0.005627783708972122,0.0,0.0056794441803358735,0.0008564599699432687,0.001399006680713431,0.014623621475658042,0.024737224907573303,0.0,0.006979998320292938,0.015933224391093296,0.007834198305874755,0.01837744069234237,0.020767966164350525,0.0,0.0030816556449631705,0.0,0.0022226342168062004,0.006215231488799952,0.0047856233063247496,0.0,0.0,0.00041777157179721856,0.0,0.0003308390643084408,0.0,0.0,0.01742962449558199,0.0009302192843840698,0.0059523652336482425,0.002891816170783717,0.0,0.0006644366323497876,0.0024901703567051935,0.0020438132253590134,0.0024465409890726863,0.0003247237749195869,0.0015546049479228446,0.0,0.0009081282742767336,0.0,0.001982932875182338,0.0,0.0008436681272022996,0.0,0.0,0.00425496745482429,0.0030258938864845247,0.0009716909030926329,0.0,0.0,0.0,0.0,0.0,0.0,0.0,0.0,0.0,0.0,0.0008371042651216019,0.0,0.0,0.0034902548985926733,0.0021865909120267098,0.0,0.0,0.0,0.0,3.1036224675142164e-05,0.0,0.0,0.0,0.0,0.0012900638298520906,0.0,0.0,0.0,0.0,0.0,0.0,0.0,0.0,3.2340038665118964e-05,0.0,0.0,0.0006441403893745379,0.0,0.0,0.0,0.0,0.0,0.00013273188192614968,0.0,4.219911839601766e-05,0.0,0.0,0.0,0.0,0.0,0.0,0.0,0.0,0.0,0.0,0.0,0.0,0.0,0.00029423774092032746,0.0,0.0,0.0,0.000460875014070466,0.0,0.0,0.0
GCACGCCTACTTAGAT-1,0.04346034230484845,0.018635501715108117,0.005822638949818517,0.0,0.0007619045842134734,0.001259160785694868,0.0,0.014181638093257135,0.0002692397864455589,0.007440869019700122,0.0027180427888849126,0.0,0.006889978673298648,0.03241204876761314,0.017906019020296406,0.0004291245217641723,0.03582516697370335,0.0039159454676724464,0.0,0.06779322886961264,0.02200347274016818,0.0036416696879151807,0.0,0.003480705826157478,0.006885808024187286,0.021255945224556726,3.077679232459122e-05,0.0,0.0005402498048969907,0.002912933905402155,0.0023222864675830003,0.0,0.0004905063351488561,0.0010459345414885923,0.0,0.0,0.0,0.0009209665083914892,0.014969467145176364,0.001287367563809158,0.00012065946338487607,0.005227210217465135,0.0,0.0,0.0003828249843687238,0.0,0.0,8.20173811994698e-05,0.0,5.884248071769923e-05,0.010511541398889627,0.001157357628558903,0.004286520194501564,0.0,0.0011448812650855932,0.0005035664144067607,0.0,0.0,0.0,0.00032548542344744587,0.00024779323334469714,0.0,0.0,0.00016282574642666512,0.0003456275959170322,0.0,2.938094792959756e-05,0.0,0.0,0.0012325907344681768,0.0,0.0,9.985516267656624e-05,0.0,0.0002933647958018918,0.0,0.0,0.0,0.0,0.000641586981476787,0.0,0.0,0.00019356012028788372,0.0,0.0,0.0,0.0003916737227802017,0.0,0.0006847639634044229,0.0005019162997082178,0.0,0.00012620025264250493,0.0,0.0,0.0,0.0,0.0,0.0,0.0,0.0,0.0,0.0,5.37175680628608e-05,0.00030333568875983525,0.0,0.0,0.0,0.0,0.0,2.150855367793512e-05,0.0,0.0,0.00020938339792913964,0.0,0.0,0.0,2.150855367793512e-05,0.0003840082045755294,0.0
GCAGATTAGGGATATC-1,0.42429281656444595,0.0604258916726078,0.08348371810919494,0.07910861720235492,0.05928323270119869,0.09114676688096647,0.04372080351418901,0.03437345747693958,0.0,0.0,0.014516583524878729,0.0,0.02445890630630099,0.03225860883793249,0.0075131742679324055,0.008515258108344925,0.0,0.0,0.0,0.018807411072473013,0.0,0.0,0.0,0.0,0.0,0.0,0.00911206198775312,0.0,0.0,0.0,0.0,0.0,0.0,0.0,0.012094495874675665,0.0,0.0,0.0,0.0,0.0,0.0,0.0,0.0,0.0,0.0,0.0,0.0,0.0,0.0,0.0,0.0,0.0,0.0,0.0,0.0,0.0,0.0,0.0,0.0039510189457873535,0.0,0.004411047195992182,0.0,0.0,0.0,0.0,0.0,0.0,0.0,0.0,0.0,0.0,0.0,0.0,0.0,0.0,0.0,0.0,0.0,0.0,0.0,0.0,0.0,0.0,0.0,0.0,0.0,0.0,0.0,0.0,0.0,0.0,0.0,0.0,0.0,0.0,0.0,0.0,0.0,0.0,0.0,0.0,0.0,0.0,0.0,0.0,0.0,0.0,0.0,0.0,0.0,0.0,0.0,0.0,0.0,0.0,0.0,0.0,0.0,0.0
GCAGGACTATAGAATA-1,0.09034777358557153,0.2237957930273232,0.09654241861892024,0.0,0.0074341252802913906,0.0,0.062427472785050474,0.0,0.0,0.0,0.0,0.0,0.0,0.0,0.012590038154911366,0.002770305247720705,0.0,0.0,0.07631823370736789,0.0,0.0,0.0,0.023098089024067413,0.0,0.0,0.0,0.0,0.0,0.0,0.0,0.0,0.0,0.0,0.0,0.0,0.0,0.0,0.0,0.0,0.0,0.0,0.0,0.0,0.0,0.0037425769148146113,0.0,0.0,0.0,0.011804846101272864,0.0,0.0,0.0,0.0,0.0,0.0,0.0,0.0,0.0,0.0,0.0,0.0,0.0,0.0,0.0,0.0,0.0,0.0,0.0,0.0,0.0,0.0,0.00809313876728444,0.0,0.0,0.0,0.0,0.0,0.0,0.0,0.0,0.0,0.0,0.0,0.0,0.0,0.0,0.0,0.0,0.0,0.0,0.0,0.0,0.0,0.0,0.0,0.0,0.0,0.0,0.0,0.0,0.0,0.0,0.0,0.0,0.0,0.0,0.0,0.0,0.0,0.0,0.0,0.0,0.0,0.0,0.0,0.0,0.0,0.0,0.0
GCATACGAGGTCTTTA-1,0.8529681243034992,0.30725323875016736,0.1278890965048991,0.02836900784628206,0.017933175956347698,0.011668290762451577,0.00847910784438203,0.05065284356698248,0.009495866898401388,0.0550924275335771,0.020206052156760468,0.016874458616455576,0.004489129153625985,0.02855490778044043,0.011553576976954392,0.022033677669906673,0.0029117757199505667,0.0,0.0,0.002988312788512743,0.0,0.0044358401367214206,0.0,0.0012998097558498043,0.0,0.0,0.005690977419957304,0.022955673903424085,0.028695395202919853,0.0,0.0,0.002310321463040717,0.003573920709276612,0.0,0.016143782444619368,0.013610853056060464,0.0,0.0,0.0,0.0,0.0,0.0,0.0,0.0030392265443364144,0.0,0.0008969837352063893,0.0,0.0,0.0,0.0,0.0,0.0,0.0,0.0,0.0035954389721841143,0.004325802680326753,0.001210728173332205,0.0,0.0,0.004217484853913242,0.0,0.0,0.0,0.000169024486731268,0.0,0.0,0.0,0.0,0.00045675286489854996,0.0,0.0,0.0,0.0,0.0,0.0,0.0,0.0,0.0,0.0027111398477946834,0.0,0.0,0.0,0.000545468412333258,0.0,0.0,0.001302988448278985,0.0002963603515294989,0.0,0.0,0.00038493280628732943,0.0,0.0,0.0024128046368486838,0.0,0.0008342676179898627,0.0,0.0012065806568179864,0.0,0.0,0.0,0.0,0.0,0.0,0.0,0.0,0.0,0.0,0.0,0.0,0.0,0.0,0.0,0.0,0.0,0.0,0.0,0.0008969837352063891,0.0,0.0
GCATAGAGCACTCAGG-1,0.11390336304736615,0.0,0.0372926571059004,0.040581776393525865,0.006261112717847588,0.11552990811050386,0.0,0.01315107293830714,0.0,0.0,0.012605701039399154,0.0,0.034651498122950035,0.0,0.0,0.007060928832397471,0.0,0.0,0.0,0.0,0.0,0.0,0.0,0.0,0.0,0.0,0.0,0.0,0.0,0.0,0.0,0.0,0.0,0.0,0.0,0.0,0.0,0.0,0.0,0.0,0.0,0.0,0.0,0.005969777796159209,0.0,0.009741864182730627,0.0,0.0,0.0,0.0,0.0,0.0,0.0,0.0,0.0,0.0,0.0,0.0,0.0,0.0,0.0,0.0,0.0,0.0,0.0,0.0,0.0,0.0,0.0,0.0,0.0,0.0,0.0,0.0,0.0,0.0,0.0,0.0,0.0,0.0,0.0,0.0,0.0,0.0,0.0,0.0,0.0,0.0,0.0,0.0,0.0,0.0,0.0,0.0,0.0,0.0,0.0,0.0,0.0,0.0,0.0,0.0,0.0,0.0,0.0,0.0,0.0,0.0,0.0,0.0,0.0,0.0,0.0,0.0,0.0,0.0,0.0,0.0,0.0
GCATCCCTAACTTTGA-1,0.06962358125664247,0.013986009984516098,0.0,0.0,0.0,0.0,0.02295241684097987,0.0,0.023253731869821763,0.0,0.0,0.0,0.0,0.0,0.0,0.0,0.0,0.0,0.0,0.0,0.0,0.0,0.0,0.0,0.0,0.0,0.0,0.0,0.0,0.0,0.0,0.0,0.0,0.0,0.0,0.0,0.0,0.0,0.0,0.0,0.0,0.0,0.0,0.0,0.0,0.015430812725212604,0.0,0.0,0.012483385286980104,0.0,0.0,0.0,0.0,0.0,0.0,0.0,0.0,0.0,0.0,0.0,0.0,0.0,0.0,0.0,0.0,0.0,0.0,0.0,0.0,0.0,0.0,0.0,0.0,0.0,0.0,0.0,0.0,0.0,0.0,0.0,0.0,0.0,0.0,0.0,0.0,0.0,0.0,0.0,0.0,0.0,0.0,0.0,0.0,0.0,0.0,0.0,0.0,0.0,0.0,0.0,0.0,0.0,0.0,0.0,0.0,0.0,0.0,0.0,0.0,0.0,0.0,0.0,0.0,0.0,0.0,0.0,0.0,0.0,0.0
GCATTGTAATTCATAT-1,0.008726880921958155,0.015095778187310302,0.057479724180077754,0.0,0.0,0.016194830374099536,0.013815718340389116,0.014866138524156637,0.02985928595766416,0.05929632679985812,0.0,0.00816606141659232,0.0,0.0,0.02362620231116748,0.021439162172719736,0.0,0.0,0.0,0.0,0.0,0.024686844846264183,0.0,0.0,0.0,0.0,0.0,0.06213040596987363,0.0,0.005188494672040819,0.0,0.0,0.0026010429594401515,0.0,0.0,0.0,0.0,0.0,0.0,0.0,0.0,0.0,0.0,0.0,0.0,0.0,0.0,0.006292275325266172,0.01726721065972319,0.0026010429594401515,0.0,0.0,0.0,0.0,0.0,0.0,0.02459992298258374,0.005188494672040819,0.0,0.0,0.0003541801278841575,0.0,0.0,0.0012296569331065879,0.0,0.0,0.004965789157270871,0.0,0.0,0.0,0.0,0.0,0.0,0.0,0.0,0.0,0.0,0.0,0.0,0.0,0.0,0.0,0.0,0.0,0.0,0.0,0.0,0.0,0.0,0.0,0.0,0.0,0.0,0.0026010429594401515,0.0,0.0,0.0008206104860087833,0.0,0.0,0.00210164356593569,0.0,0.0,0.0,0.0,0.0,0.0,0.0,0.0,0.0022619796214030856,0.0,0.0,0.0,0.0,0.0,0.0,0.0,0.0,0.0,0.0
GCCAACCATTTCCGGA-1,0.0,0.0,0.0,0.0,0.0,0.0,0.008448410394882915,0.0,0.023785168370861542,0.0,0.0,0.0,0.0,0.0,0.0,0.0,0.0,0.01639931174362747,0.0,0.0,0.0,0.0,0.0,0.0,0.0,0.0,0.0,0.0,0.0,0.0,0.0,0.0,0.0,0.0,0.0,0.0,0.0,0.0,0.0,0.0,0.0,0.0,0.0,0.0,0.0,0.0,0.0,0.0,0.0,0.0,0.0,0.0,0.0,0.0,0.0,0.0,0.0,0.0,0.0,0.0,0.0,0.0,0.0,0.0,0.0,0.0,0.0,0.0,0.0,0.0,0.0,0.0,0.0,0.0,0.0,0.0,0.0,0.0,0.0,0.0,0.0,0.0,0.0,0.0,0.0,0.0,0.0,0.0,0.0,0.0,0.0,0.0,0.0,0.0,0.0,0.0,0.0,0.0,0.0,0.0,0.0,0.0,0.0,0.0,0.0,0.0,0.0,0.0,0.0,0.0,0.0,0.0,0.0,0.0,0.0,0.0,0.0,0.0,0.0
GCCAATAGGGCATCTC-1,0.39217009416174087,0.0,0.26953690328411267,0.08569756741795498,0.020814090049340404,0.0,0.0,0.03377088043157734,0.0,0.0,0.0,0.0,0.027000195407071617,0.0,0.0,0.0,0.0,0.0,0.0,0.0,0.0,0.0,0.0,0.0,0.0,0.0,0.0,0.0,0.0,0.0,0.0,0.0,0.0,0.0,0.0,0.0,0.0,0.0,0.0,0.0,0.0,0.0,0.0,0.0,0.0,0.0,0.0,0.009262428442138005,0.0,0.0,0.0,0.0,0.0,0.0,0.0,0.0,0.0,0.007415491976836948,0.0,0.0,0.0,0.0,0.0,0.0,0.0,0.0,0.0,0.0,0.0,0.0,0.0,0.0,0.0,0.0,0.0,0.0,0.0,0.0,0.0,0.0,0.0,0.0,0.0,0.0,0.0,0.0,0.0,0.0,0.0,0.0,0.0,0.0,0.0,0.0,0.0,0.0,0.0,0.0,0.0,0.0,0.0,0.0,0.0,0.0,0.0,0.0,0.0,0.0,0.0,0.0,0.0,0.0,0.0,0.0,0.0,0.0,0.0,0.0,0.0
GCCACAATTTAAGGAC-1,0.5593438377251351,0.08456565243765839,0.13337920123201602,0.09002543288715617,0.019296862358366914,0.015160142658655704,0.0,0.016112775417321184,0.0,0.0,0.037963979475962625,0.0,0.0,0.0,0.0,0.01127283976824982,0.0,0.0,0.0,0.0,0.0,0.0,0.0,0.0,0.0,0.0,0.0,0.0,0.0,0.011135153451175791,0.0,0.0,0.0,0.0,0.0,0.0,0.0,0.0,0.0,0.0,0.0,0.0,0.0,0.0,0.0,0.0,0.0,0.0,0.0,0.0,0.0,0.0,0.0,0.0,0.0,0.0,0.0,0.0,0.0,0.0,0.0,0.0,0.0,0.0,0.0,0.0,0.0,0.0,0.0,0.0,0.0,0.0,0.0,0.0,0.0,0.0,0.0,0.0,0.0,0.0,0.0,0.0,0.0,0.0,0.0,0.0,0.0,0.0,0.0,0.0,0.0,0.0,0.0,0.0,0.0,0.0,0.0,0.0,0.0,0.0,0.0,0.0,0.0,0.0,0.0,0.0,0.0,0.0,0.0,0.0,0.0,0.0,0.0,0.0,0.0,0.0,0.0,0.0,0.0
GCCATCGAGCTGCGTG-1,0.20603326876497474,0.08215891904159758,0.039280614988353495,0.020155326762053418,0.00902813480916466,0.0028012866475891868,0.0,0.039134750259841845,0.005928050086905424,0.002770881374545296,0.012215234830054517,0.0,0.0,0.02147041437178234,0.007127346449358189,0.007627309071950807,0.0294818803767937,0.0,0.0,0.015530052348875261,0.0,0.0017123687219484575,0.0,0.0,0.0062412907064294965,0.0,1.9825135676751847e-05,0.0,0.0,0.005196070965200515,0.0,0.009012204402195372,0.0,0.002952028171727759,0.004405486861429027,0.0,0.0,0.0,0.01408252067315145,0.0037199645277652404,0.0005749746088166102,0.004541388920594775,0.013571022250632567,0.0,0.00027860415993790684,0.0,0.0021874571159705555,0.0,0.0,0.0013338863099292954,0.0017427367715838573,0.0,0.0004313790085812545,0.0,0.0005048022696849567,0.0,0.0,0.0,0.0026845549149365168,0.0005379364737589619,0.00017654529710733302,0.0,0.0,0.0026550447775980264,0.000814377067802131,0.0,0.0012547417998066044,0.0,0.0,0.0007595813374983314,0.0,0.0,0.0,0.0,0.0014490825696609627,0.0,0.0,0.0,0.0,0.0,0.0,0.0,0.0002116567743166325,0.0,0.0,0.0,5.130600009192534e-05,0.0,0.0007419264983993141,0.0,0.0,0.0,0.0,0.0,0.0,0.0,0.0,0.0,0.0,0.0,0.0,0.0,0.0,0.0009073846061178311,0.0,0.0,0.0,0.0,0.0,0.0,0.0,0.0,0.0,0.0,8.337711210220698e-05,7.230168107761717e-05,0.0,0.0,0.0
GCCCGACTTCTTCCCG-1,0.03478429368428042,0.02525791089723167,0.028251564971220604,0.0,0.0,0.0015593473759612537,0.014683179779674375,0.02709522767882109,0.00021766020016131236,0.0,0.0,0.0,0.04309341249110885,0.00033675763006354135,0.00815113283420404,0.00038324767167268576,0.01919736694821801,0.0037882645471456603,0.0,0.0,0.0,0.0003977038196482001,0.0,0.0027748617112935167,0.006073556294253648,0.0057823598935552644,0.0,0.0,0.0,0.004473967364522317,0.0,0.0413414718760164,0.0018722851219243942,0.003410673771997959,0.0,0.0,0.0,0.0012309595380167984,0.016453186918958654,0.010117409048932213,0.0,0.0,0.0,0.0,0.0,0.0,0.0010488447529409177,0.0,0.0,0.0026915446093768378,0.0032885153769160454,0.0,0.006921204788454435,0.0,0.0012512351878268177,0.0006377195092459949,0.0008157417311329161,0.0,0.0,0.00030871122230905726,0.00043907341111423445,0.0,0.0,0.0017039329125677046,0.0,0.0,0.00033785729275226736,0.0,0.0,0.0,0.0,0.0,0.005900681930379233,0.0,0.0004240940643670991,0.0006191624339845077,0.0,0.0,0.0,0.0,0.0,0.0,0.00018209048567673398,0.0,0.0,0.0,0.00014590539381280948,0.0,0.0,0.0,0.0,0.0,0.0,0.0,0.0001481539277175042,0.0,0.0,0.0,0.0,0.0,0.0,0.0,0.0003134848420282041,0.0,0.0,0.0,0.0,0.0,0.00017992580175846466,0.0,0.0,0.0,0.00014134576505056784,0.0,0.0,0.0,0.0,0.0,0.0
GCCCGATCTGTGGTCG-1,0.6883864129127414,0.0,0.2530876120065259,0.08629445410687,0.0342078300179484,0.012251058158052108,0.0,0.0438924507813785,0.0,0.0,0.0032661216120037214,0.0,0.02311834283029672,0.0,0.0,0.019986252956544708,0.0,0.0,0.0,0.0,0.0,0.012422844787170473,0.0,0.0,0.0,0.0,0.0,0.0,0.0,0.0,0.0,0.0,0.0,0.032308592565967915,0.0,0.0,0.0,0.0,0.0,0.0,0.0,0.0,0.0,0.0,0.0,0.0,0.008352963497703265,0.0,0.0,0.0,0.0,0.0,0.006795966152492588,0.0,0.0,0.0,0.0,0.0,0.0,0.0017863812984184396,0.0,0.0,0.0,0.0,0.0,0.0,0.0,0.0,0.0,0.0,0.0,0.0,0.0,0.0,0.0,0.0,0.0,0.0,0.0,0.0,0.0,0.0,0.0,0.0,0.0,0.0,0.0,0.0,0.0,0.0,0.0,0.0,0.0,0.0,0.0,0.0,0.0,0.0,0.0,0.0,0.0,0.0,0.0,0.0,0.0,0.0,0.0,0.0,0.0,0.0,0.0,0.0,0.0,0.0,0.0,0.0,0.0,0.0,0.0
GCCCGCGCGTAAACGG-1,0.5119319980753678,0.18250054313664144,0.1812377738220797,0.05922279786710655,0.02816658530314845,0.061868243173833604,0.01856488096370973,0.04643469104602745,0.01677860434588434,0.19354296399320695,0.029070441046944326,0.016803926735620645,0.012540117460637289,0.0,0.019935393254585626,0.018051581100060575,0.0,0.04789031948973785,0.03385154887008502,0.0,0.0,0.0,0.012650245800284014,0.02786761714852288,0.0,0.0,0.0,0.0,0.0,0.0,0.0,0.0,0.0045933477929103175,0.0,0.0,0.0,0.0,0.0,0.0,0.0,0.0,0.0,0.0,0.0,0.0,0.010389485825998987,0.01149077184484362,0.0051048367922463585,0.0,0.0,0.0,0.0,0.0027563531936103474,0.0,0.0,0.0,0.0010761494506838331,0.0,0.0,0.0,0.0,0.0,0.0027563531936103474,0.0,0.0,0.0,0.0,0.0,0.0,0.0,0.0,0.0,0.0,0.0,0.0,0.0,0.0,0.0,0.0,0.0,0.0,0.0,0.0,0.0,0.0,0.0,0.0,0.0,0.0,0.0047129159713313155,0.0,0.0,0.0,0.0,0.0,0.0,0.0,0.0,0.0,0.0,0.0,0.0,0.0,0.0,0.0,0.0,0.0,0.0,0.0,0.0,0.0,0.0011126244376960205,0.0,0.0,0.0,0.0,0.0,0.0,0.0
GCCGATTGGCCAAGCT-1,0.3666470716286038,0.4444382781817102,0.24380851175099888,0.042284778302124286,0.00904605525784845,0.07715456694253878,0.032942593290719566,0.015113490281931954,0.011005066408736606,0.00915923137607141,0.021291574232848883,0.0,0.02708109447006999,0.0,0.020073007609096614,0.004948351713660431,0.0,0.0,0.0,0.0,0.009425524232166393,0.005716865448828868,0.017144864277853913,0.0,0.0,0.0029615457645533294,0.01854606807228221,0.0,0.0,0.0011855191329273368,0.0,0.0006750189662002842,0.0,0.0,0.0,0.0,0.0,0.0,0.0,0.01028478873114067,0.0,0.0,0.0,0.0,0.0,0.0,0.0,0.0011855191329273368,0.0,0.0,0.00042814424850119644,0.0,0.0,0.0,0.0,0.0,0.0,0.0,0.0,0.0,0.0010484590590141322,0.0,0.0,0.0,0.0,0.0,0.0,0.000417290804171166,0.0,0.0,0.0,0.0,0.0,0.0,0.0,0.0009222154102807653,0.0,0.0036512803561828434,0.0,0.0,0.0,0.0,0.0,0.0007385796517677758,0.0,0.0,0.00045435031589117917,0.0,0.0,0.0,0.0,0.0,0.0,0.0,0.0,0.0,0.0004172908041711659,0.0006688644547261825,0.0,0.0,0.0,0.0,0.0,0.0,0.0,0.0,0.0004532338007555212,0.0,0.0,0.0,0.0,0.0,0.0,0.0,0.0,0.0,0.0,0.0,0.0
GCCGCATTAGTCCGGC-1,0.6039443840281411,0.0599062719112908,0.26684721364031283,0.09648264403585145,0.1244362761801955,0.02146393323529143,0.033673593533900384,0.04948845779233031,0.008737164675807882,0.044664306127624245,0.05562018058627376,0.0,0.0,0.03883361467334846,0.005317492536326594,0.019639017908664375,0.0,0.0,0.0,0.0,0.0,0.0,0.0,0.0,0.0,0.0,0.007079575187369645,0.0,0.009013749751070003,0.005708026833187398,0.0,0.0,0.0,0.0,0.023407576936190774,0.026587597169155937,0.0,0.0,0.0,0.0,0.0,0.006500649236839185,0.0,0.003486141826912534,0.0,0.0,0.0,0.0,0.0,0.0,0.0,0.0,0.0,0.0,0.0,0.002943878010652909,0.0,0.0,0.0,0.005317498542959793,0.0,0.0,0.0,0.0,0.0,0.0,0.0,0.0,0.0,0.0,0.005708026833187398,0.0,0.0,0.0,0.0,0.0,0.0,0.0,0.0041195735032652225,0.0,0.0,0.0,0.0,0.0,0.0,0.0,0.0,0.0,0.0,0.0,0.0,0.0,0.0,0.0,0.0018001355793998376,0.0,0.0,0.0,0.0,0.0,0.0,0.0,0.0,0.0,0.0,0.0,0.0,0.0,0.0,0.0,0.0,0.0,0.0,0.0,0.0,0.0,0.0,0.0,0.0
GCCGCTTGTGAGAAAC-1,0.24832093978338735,0.09857296924518885,0.0,0.0,0.03669473210181562,0.00896479336821665,0.07255113086526335,0.0,0.0,0.0,0.0,0.0,0.0,0.014869643091906325,0.0,0.0,0.0,0.0,0.0,0.0,0.0,0.0,0.0,0.0,0.0,0.0,0.0,0.0,0.0,0.0,0.0,0.0,0.008922674119978644,0.0,0.0,0.0,0.0,0.0,0.0,0.0,0.0,0.0,0.0,0.021311378038245846,0.0,0.0,0.0,0.0,0.0,0.0,0.0,0.0,0.0,0.0,0.0,0.0,0.0,0.007103792679415282,0.0,0.0,0.0,0.0,0.0,0.0,0.0,0.0,0.0,0.0,0.0,0.0,0.0,0.0,0.0,0.0,0.0,0.0,0.0,0.0,0.0,0.0,0.0,0.0,0.0,0.0,0.0,0.0,0.0,0.0,0.0,0.0,0.0,0.0,0.0,0.0,0.0,0.0,0.0,0.0,0.0,0.0,0.0,0.0,0.0,0.0,0.0,0.0,0.0,0.0,0.0,0.0,0.0,0.0,0.0,0.0,0.0,0.0,0.0,0.0,0.0
GCCGGGTTAGGGTCGC-1,0.5119622508100604,0.4062725210907869,0.13700782070333722,0.062490342991769005,0.047736494310438804,0.04638687433844609,0.03315505059300143,0.019824461377047055,0.01488813465859947,0.004007017989789036,0.015556917529996038,0.0,0.022557313863911504,0.0020295806204661186,0.03289581251548455,0.004203520557069321,0.007384923245232337,0.0,0.0,0.0,0.0,0.0015428258948283098,0.0016249458270815764,0.0,0.0,0.0,0.0,0.0,0.003691459705164783,0.0,0.0,0.0011417237312199772,0.0,0.0,0.013790411638589217,0.0,0.0,0.005822012492978769,0.0,0.009933295042440202,0.009254039132095878,0.0013259317028464287,0.0,0.0,0.0,0.0,0.0,0.0,0.0,0.0,0.0,0.0,0.0023093858189975796,0.0,0.003222261396314128,0.001672242940950426,0.0,0.0,0.0,0.0018197846326185605,0.0018683294655287026,0.0,0.0,0.0,0.004135072369395853,0.0,0.0,0.0002936385105239481,0.0,0.0,0.0,0.0,0.0,0.0,0.0,0.0,0.0,0.0,0.0,0.0006371428780471533,0.0,0.0,0.0,0.001035100062903273,0.0,0.0,0.0005838927561511818,0.0,0.0,0.0,0.0,0.0,0.0,0.0,0.0,0.0,0.0,0.0,0.0,0.0,0.0,0.0,0.0,0.0,0.0,0.0,0.0,0.0,0.0,0.0,0.0,0.0,0.0,0.0,0.0,0.0,0.0,0.0,0.0
GCCTATTCCGATATAG-1,0.8686648013014288,0.45429879404475576,0.14772558736028676,0.12028193611953095,0.1161528904792641,0.05244261212006304,0.006985310023800111,0.025964047707876067,0.01778951575709235,0.015236042719969128,0.02511213541478904,0.0,0.0514029352988663,0.0,0.011285007303414519,0.014644847776424047,0.0,0.0208134225269249,0.0,0.0,0.013026422573843734,0.029141803037909187,0.0,0.0126164191653215,0.0,0.0,0.011898402040959662,0.05414413634754564,0.0,0.0,0.0,0.0,0.0,0.0,0.0,0.013087154353673512,0.0,0.0,0.0,0.0,0.019938769393449157,0.0,0.0,0.0035303536253216594,0.0,0.002901792352736056,0.0,0.0,0.0,0.0,0.0,0.0,0.0,0.0015913008598456362,0.0,0.0,0.0,0.0031826017196912725,0.0,0.0,0.0,0.0,0.0,0.0,0.0,0.0,0.0,0.003559252289237621,0.0007026094534693617,0.0,0.0,0.0,0.0,0.0,0.0,0.0,0.0,0.0,0.0,0.0,0.0,0.0,0.0,0.0,0.0,0.0,0.0,0.0,0.0,0.0,0.0,0.0,0.0,0.0,0.0021447532888092106,0.0,0.0,0.001903409385371739,0.0,0.0,0.0,0.0,0.0,0.0,0.0,0.0,0.0,0.0,0.0,0.0,0.0,0.0,0.0,0.0,0.0,0.0,0.0,0.0,0.0
GCGAAGCCATACCCGT-1,0.2458267515875078,0.07512980524420625,0.04682643064107914,0.024073448190775833,0.02789446532242538,0.02877095081357067,0.0,0.00474252442320159,0.0,0.0,0.0,0.017893742159388527,0.0,0.0,0.012948409940643738,0.0,0.0,0.03451703399216969,0.0,0.0,0.022071736958353027,0.0037473169687902547,0.0,0.0,0.0,0.0,0.0,0.0,0.0,0.007448379032867313,0.0,0.0,0.0,0.0,0.0,0.0,0.0,0.0,0.0,0.005581548633077212,0.0,0.0,0.0,0.0,0.0,0.0,0.0,0.0,0.0,0.0,0.0,0.0,0.0,0.0,0.0,0.0,0.0,0.0,0.0,0.0,0.0,0.0,0.0,0.0,0.0,0.0,0.0,0.0,0.0,0.0,0.0,0.0,0.0,0.0,0.0,0.0,0.0,0.0,0.0,0.0,0.0,0.0,0.0,0.0,0.0,0.0,0.0,0.0,0.0,0.0,0.0,0.0,0.0,0.0,0.0,0.0,0.0,0.0,0.0,0.0,0.0,0.0,0.0,0.0,0.0,0.0,0.0,0.0,0.0,0.0,0.0,0.0,0.0,0.0,0.0,0.0,0.0,0.0,0.0
GCGACGATAGTTGTAC-1,0.172565458604596,0.1229637796355378,0.14381248782821243,0.08196590207173708,0.028088043196534986,0.004670753093128374,0.0,0.05267131608582949,0.009307848689804757,0.009552149241096819,0.06736507882308679,0.06582597821438141,0.0,0.0,0.01261261244236534,0.010041192297314237,0.018353320789312406,0.0,0.004391389558792216,0.0,0.0,0.0,0.015538213993713412,0.0,0.0,0.007109567366401881,0.0,0.0,0.0,0.0,0.0,0.0,0.003841958670086013,0.0,0.0,0.0,0.0,0.0,0.0,0.0,0.0,0.0,0.0,0.0,0.0,0.004446921244233365,0.0,0.0,0.007804035341838784,0.0022234606221166824,0.0,0.0,0.0022234606221166824,0.0,0.0,0.0022234606221166824,0.0,0.0,0.004593580354955839,0.0,0.0,0.0,0.003841958670086013,0.0007695852385587463,0.0,0.0,0.004450031976248367,0.0,0.0,0.0,0.0,0.0,0.0,0.0,0.0,0.0,0.0,0.0,0.0,0.0,0.0,0.0,0.0032104549868829453,0.0,0.0,0.0,0.0011890557770109188,0.0,0.0,0.0,0.0,0.0,0.0,0.0022234606221166824,0.0,0.0,0.0,0.0,0.0,0.0,0.0,0.0,0.0,0.0,0.0,0.0,0.0,0.0,0.0,0.0,0.0,0.0,0.0,0.0,0.0,0.0,0.0,0.0,0.0
GCGAGTTCTGCAAAGA-1,0.8249477900825496,0.548014426435167,0.033964200870039415,0.044523570294603736,0.02115648689737379,0.05568916590165958,0.087217462552611,0.02160047288257362,0.030328548412692558,0.0,0.009027667419760379,0.018465638930147923,0.011208286468103713,0.013053717878992368,0.024388919461033033,0.012428190278680308,0.0,0.0,0.004422629563883091,0.005375750078807234,0.0,0.0071773999867878234,0.007997002278096917,0.0,0.005664116245499451,0.0,0.006240059430356074,0.0,0.0,0.0008879669243304345,0.0,0.0019201281567126501,0.002829150389738405,0.0,0.001065733844665473,0.0,0.0005395352723229275,0.0026187883492322537,0.0,0.0,0.0032489118967185524,0.0074238992904692115,0.0,0.0018658838436441541,0.0,0.003031149415412858,0.003349534119648019,0.0,0.006754276815385939,0.0017823982978966578,0.0008563888263984141,0.0017349021622876022,0.0005395352723229275,0.0,0.0,0.005255423448466114,0.0,0.001079070544645855,0.0,0.0007358618627609649,0.0018156748899457273,0.0,0.0,0.0,0.0,0.0,0.0,0.0031325490231644128,0.0,0.0,0.0,0.0,0.0,0.0,0.0,0.0,0.0,0.001512590342314858,0.0,0.0,0.0,0.0005395352723229275,0.0,0.0,0.0,0.0,0.0,0.0,0.0,0.0,0.0,0.0005395352723229275,0.0,0.0027573605957571115,0.0,0.0,0.0,0.0,0.0024926760776968174,0.0,0.0,0.0,0.0,0.0,0.0,0.0,0.0016472428410219569,0.0,0.0,0.0,0.0,0.0,0.0,0.0,0.0,0.0,0.0,0.0,0.0
GCGATTGTTAACGTTA-1,1.2159296961270698,0.3009752535513056,0.3564632046254597,0.25317127221837055,0.1117912258083692,0.010624200896495701,0.0018954393318495184,0.008818989546257386,0.0,0.0,0.011348124079560077,0.008908083226218914,0.01776517820521712,0.0023762183935174784,0.02054711074214631,0.002142063707479694,0.006019085141827412,0.0,0.0,0.0014337510872874373,0.0,0.02028880019704197,0.005954227100630006,0.005834726654521368,0.0,0.011676132627513736,0.003653227592957842,0.0,0.0,0.007492931765733886,0.0,0.0027798447032228142,0.0,0.006540928413360171,0.0012735346958512841,0.0,0.0,0.0,0.0,0.0,0.0,0.003220750251553565,0.0,0.0013780247674821968,0.0,0.0,0.0,0.0,0.007487259259939564,0.003666653704615509,0.0029859071265681547,0.0,0.0,0.002468091317032022,0.0026677371612878215,0.0,0.0,0.0,0.0,0.0,0.0,0.0,0.0,0.0,0.0029448851248793048,0.0,0.0,0.0,0.0,0.0,0.0,0.0,0.0,0.0,0.0,0.0,0.0,0.0,0.0,0.0,0.0,0.0,0.0,0.0,0.0,0.0,0.0003560585001653955,0.0,0.0,0.0,0.0,0.0011852755912451155,0.0,0.0,0.0,0.0,0.0,0.0,0.0,0.0,0.0,0.0,0.0,0.0,0.0,0.0,0.0,0.0,0.0,0.0,0.0,0.0,0.0,0.0,0.0,0.0,0.0008166586935695223,0.0,0.0
GCGCCGTTCCACGATA-1,1.4155419081234761,0.3402996704740493,0.6455952809695353,0.2202948423077266,0.05174462840490203,0.08167729225240375,0.025329782899144837,0.042098995405211496,0.0,0.0,0.022794621962092712,0.025454124772299754,0.02713318234911299,0.0,0.02615642256879756,0.0,0.0,0.022245598631155154,0.0,0.0,0.0,0.015181207812026141,0.0,0.00475366409636254,0.0,0.008446706287067816,0.0,0.0,0.0,0.0,0.0,0.0,0.0,0.0,0.0,0.0,0.0,0.0,0.0,0.0,0.0,0.0,0.0,0.0,0.0,0.0,0.0,0.0,0.0,0.005239276414540156,0.0,0.0,0.0,0.0,0.0,0.0,0.0,0.0,0.0,0.0,0.0,0.0,0.007487589721764727,0.0,0.0,0.0,0.0,0.0,0.0,0.0,0.0,0.0,0.0,0.0,0.0,0.0,0.0,0.0,0.0,0.0,0.0,0.0,0.0,0.0,0.0,0.0,0.0,0.0,0.0,0.0,0.0,0.0,0.0,0.005239276414540156,0.0,0.0,0.0,0.004153746474102189,0.0,0.0,0.0,0.0,0.0,0.0,0.0,0.0,0.0,0.0,0.0,0.0,0.0,0.0,0.0,0.0,0.0,0.0,0.0,0.0,0.0
GCGCTAATTGAATAGA-1,0.0,0.0,0.0,0.0,0.0,0.0,0.0,0.0,0.0,0.0,0.0,0.0,0.0,0.0,0.0,0.0,0.0,0.0,0.0,0.0,0.0,0.0,0.0,0.0,0.020611208101010567,0.0,0.0,0.0,0.0,0.0,0.0,0.0,0.018817117694532686,0.0,0.0,0.0,0.0,0.0,0.0,0.0,0.0,0.0,0.0,0.0,0.0,0.0,0.0,0.0,0.009408558847266343,0.0,0.0,0.0,0.0,0.009408558847266343,0.0,0.0,0.0,0.0,0.0,0.0,0.0,0.0,0.0,0.0,0.0,0.0,0.0,0.0,0.0,0.0,0.0,0.009408558847266343,0.0,0.0,0.0,0.0,0.0,0.0,0.0,0.0,0.0,0.0,0.0,0.0,0.0,0.0,0.0,0.0,0.0,0.0,0.0,0.0,0.0,0.0,0.0,0.0,0.0,0.0,0.0,0.0,0.0,0.0,0.0,0.0,0.0,0.0,0.0,0.0,0.0,0.0,0.0,0.0,0.0,0.0,0.0,0.0,0.0,0.0,0.0
GCGCTATGCCGAGGCA-1,0.38961357249772044,0.0,0.0682576081161154,0.07346448404923835,0.031029084584208326,0.015993802383885442,0.0,0.023574015516107053,0.0,0.0,0.020859612225431277,0.06845891367359365,0.03114200713946218,0.030683754979037636,0.0,0.0,0.0,0.0,0.0,0.0,0.0,0.0,0.0,0.0,0.0,0.0,0.008508765125248171,0.0,0.0,0.0,0.0,0.0,0.0,0.0,0.0,0.0,0.0,0.0,0.0,0.0,0.0,0.0,0.0,0.0,0.0,0.0,0.0,0.0,0.0,0.0,0.0,0.0,0.0,0.0,0.0,0.0,0.0,0.0,0.0,0.0,0.0,0.0,0.0,0.0,0.0,0.0,0.0,0.0,0.0,0.0,0.0,0.0,0.0,0.0,0.0,0.0,0.0,0.0,0.0,0.0,0.0,0.0,0.0,0.0,0.0,0.0,0.0,0.0,0.0,0.0,0.0,0.0,0.0,0.0,0.0,0.0,0.0,0.0,0.0,0.0,0.0,0.0,0.0,0.0,0.0,0.0,0.0,0.0,0.0,0.0,0.0,0.0,0.0,0.0,0.0,0.0,0.0,0.0,0.0
GCGGACCGCGTTGTGG-1,0.569978264971097,0.31235579003735364,0.06318477928376864,0.00013192981670408685,0.01916796962894251,0.022060056270540963,0.09469850202111657,0.06753414074316179,0.030049532941707025,0.12193046851818932,0.009468156949489591,0.0,0.01700680768450209,0.015313540486650894,0.015478978147010094,0.03989028831056526,0.0,0.0,0.0,0.0032514052409410212,0.00889092703340467,0.0032632382019523202,0.0,0.0,0.0,0.0,0.005130401537899834,0.0,0.004458280360747121,0.0,0.0,0.0,0.0,0.0,0.0,0.027300263103093556,0.0,0.009642326820413027,0.0,0.0,0.0006213777191910626,0.03364565640583607,0.0,0.001239072541124423,0.0,0.0013724946524701844,0.0,0.0006221604316902367,0.0,0.002973687384357317,0.0062324959222113336,0.0,0.0,0.0,0.0,0.0,0.0008552771259630015,0.0,0.0,0.0,0.0009301525285031383,0.0,0.0,0.00829366057166195,0.0,0.0,0.0012615788892488243,0.0,0.004617865667112588,0.0,0.0,0.0,0.004049295204794975,0.0,0.0,0.0,0.0,0.0,0.0021561663150567586,0.0,0.0,0.0,0.0,0.0,0.0,0.004598494282740981,0.00047612694158250923,0.0,0.0,0.0,0.0,0.0,0.0,0.0,0.001683244014119031,0.0,0.0,0.0,0.0,0.0,0.00134099585452213,0.0,0.0,0.0,0.0,0.0,0.0,0.001632691529835187,0.0,0.0,0.0,0.0,0.0,0.0,0.0006221604316902367,0.0,0.0,0.0,0.0
GCGGAGAAACTTCGCA-1,0.011940961419504889,0.001951479150521956,0.014144646936166946,0.0,0.0,0.0,0.011918952213287492,0.017874022611787888,0.0008176039226657757,0.0007879326359592073,0.0,0.0,0.01081995108581238,0.008969361043951032,0.004610449740016116,0.00016154427794887294,0.026100345469512422,0.0,0.0,0.030754024124201702,0.03116113064761872,0.00034892952061066964,0.0,0.00048700982344374575,0.010517580199877979,0.0,0.0,0.0005101087502162391,0.0,0.0,0.0,0.0,0.00013399929265425816,0.0003475497187718942,0.0,0.0,0.0,0.0002451478205625951,0.0,0.000696552081008525,0.0,0.0007643247125208805,0.0,0.0,0.0,0.0,0.0,0.0,0.0,0.0007126030654631943,0.0,0.0,0.0,0.0,0.0,0.0,0.0,0.0,0.0,0.0,0.0006839109942929588,0.0,0.0,0.0001926797960535876,0.0,0.0,0.0,0.0,0.0,0.0,0.0,0.0,0.0,0.0,9.325825889831257e-05,0.0,0.0,0.0,0.0,0.002747844803723961,0.0,0.0,0.0002329078957993067,0.0,0.0,0.0,0.0,0.0,0.0,0.0,0.0,0.0,0.0001816677946229433,0.0,0.0,0.0,0.0,0.0,0.0,0.0,0.0,0.0,3.4985477802977086e-05,0.0,0.0,0.0,0.0,0.0,0.00010108188745080047,0.0,0.0,0.0,0.0,0.0,0.0,0.0,0.0,0.0,0.0
GCGGCTCTGACGTACC-1,0.15355098154774183,0.0,0.11060254270327936,0.05008498013975415,0.0,0.015330265809780233,0.0,0.004417041200850169,0.0,0.0,0.0,0.0,0.0,0.0,0.0,0.0,0.0,0.0,0.0,0.0,0.0,0.0,0.0,0.0,0.0,0.0,0.0,0.0,0.0,0.0,0.0,0.0,0.01729275232408614,0.0,0.0,0.0,0.0,0.0,0.0,0.0,0.0,0.0,0.0,0.0,0.0,0.0,0.0,0.0,0.021170253109363258,0.0,0.0,0.0,0.0,0.0,0.0,0.0,0.0,0.0,0.00864637616204307,0.0,0.0,0.0,0.0,0.0,0.0,0.0,0.0,0.0,0.0,0.0,0.0,0.0,0.0,0.0,0.0,0.0,0.0,0.0,0.0,0.0,0.0,0.0,0.0,0.0,0.0,0.0,0.0,0.0,0.0,0.0,0.0,0.0,0.0,0.0,0.0,0.0,0.0,0.0,0.0,0.0,0.0,0.0,0.0,0.0,0.0,0.0,0.0,0.0,0.0,0.0,0.0,0.0,0.0,0.0,0.0,0.0,0.0,0.0,0.0
GCGGGAACCAGGCCCT-1,0.0,0.09210846414770259,0.0,0.0,0.0,0.0,0.0,0.0,0.0,0.0,0.0,0.034734663718517744,0.0,0.0,0.0,0.0,0.0,0.0,0.05174904022498657,0.0,0.0,0.0,0.01325585754431971,0.0,0.0,0.0,0.0,0.0,0.0,0.0,0.0,0.0,0.0,0.0,0.0,0.0,0.0,0.0,0.0,0.0,0.0,0.0,0.0,0.0,0.0,0.0,0.0,0.0,0.0,0.0,0.0,0.0,0.0,0.0,0.0,0.0,0.0,0.0,0.0,0.0,0.0,0.0,0.0,0.0,0.0,0.0,0.0,0.0,0.0,0.008650412274145522,0.0,0.0,0.0,0.0,0.0,0.0,0.0,0.0,0.0,0.0,0.0,0.0,0.0,0.0,0.0,0.0,0.0,0.0,0.0,0.0,0.0,0.0,0.0,0.0,0.0,0.0,0.0,0.0,0.0,0.0,0.0,0.0,0.0,0.0,0.0,0.0,0.0,0.0,0.0,0.0,0.0,0.0,0.0,0.0,0.0,0.0,0.0,0.0,0.0
GCGGGCGAGCCTTACC-1,0.33631914139171926,0.23097621985541444,0.10097495818450115,0.02762712368217697,0.004624428103826111,0.002946650196873704,0.0,0.014739313173435718,4.952251372950233e-05,0.010069995069884125,0.009697516892114476,0.02457483206320171,0.018344483595265363,0.013926251435509367,0.005467090402049,0.0,0.041716425892210696,0.0,0.0,0.012256287233953621,0.0,0.0030527894146158414,0.0,0.0,0.010812038421494368,0.0,0.00012604308830579372,0.0036776297434447094,0.0,0.0,0.0,0.0,0.0013353070185281996,0.0,0.0,0.0,0.0,0.0011258701944347506,0.0,0.00799437692243478,0.0,0.0077115371601243566,0.0,0.0,0.0006774292064536506,0.0,0.0023363666727334777,0.0010992596347525092,0.0,0.0,0.0,0.0,0.0028896143200351078,0.0,0.0,0.0,0.0,0.0,0.0,0.0006067844855759508,0.0002669615451856825,0.0,0.0,0.002102411917151265,0.0007557427989317715,0.0,0.00013279500789917356,0.0,0.0,0.0,0.0,0.0,0.0,0.0,0.0,0.0,0.0,0.0,0.0,0.0,0.0,0.0,9.55075797779321e-05,0.0,0.0,0.00012884930563122668,0.0,0.0,0.0,0.0,0.0,0.0,0.00012884930563122668,0.0,0.0,0.0,3.5423876260828643e-05,0.0,0.0,0.0,0.0,0.0,0.0,0.0,0.0,0.0,0.00029126601699348495,0.0,0.0,0.0,0.0,0.0,0.0,0.0,0.0,0.0,0.0,0.0,0.0
GCGGTTCCCTATCATG-1,1.1849450776555175,0.5192888222817185,0.030843492917258644,0.1833427375653114,0.16966370691050825,0.03208812788706169,0.015589604639023001,0.10178227024047307,0.012345273865297438,0.0,0.01713184759166457,0.0347729934245254,0.0,0.03890436607035174,0.008913492339899718,0.0016664087270446318,0.0,0.0,0.053251635186886775,0.01361391926768997,0.0,0.0,0.039022238239920175,0.0,0.0,0.0,0.010682723752631023,0.0,0.0,0.0,0.0,0.0,0.0,0.0,0.0,0.025962103857644254,0.035618832219322556,0.021419355391799087,0.0,0.0,0.0,0.0,0.0,0.0,0.0,0.0,0.0,0.0,0.0,0.0,0.0,0.004406745908096097,0.011223383452512215,0.005611691726256108,0.0,0.0,0.0,0.0,0.0,0.0,0.0,0.0,0.005611691726256108,0.0,0.0,0.0,0.0,0.0,0.004372501315957481,0.0,0.0,0.0,0.0,0.0,0.0,0.0,0.0,0.0,0.0,0.0,0.0,0.0,0.0,0.0,0.0,0.0,0.0,0.0,0.0,0.0028423500192835747,0.0,0.0,0.0,0.0,0.0,0.0,0.0,0.0,0.0,0.0,0.0,0.0,0.0,0.0,0.0,0.0,0.0,0.0,0.0,0.0,0.0,0.0006144106960589473,0.0,0.0,0.0,0.0,0.0,0.0,0.0
GCGTCGCCAGGGTGAT-1,0.5170186786624084,0.08176410475749474,0.0977058878398507,0.043311579237670594,0.0036089505200746184,0.004888656837960408,0.08369386939714941,0.01366175094503099,0.02959541786371829,0.0,0.0,0.008096667470247641,0.0,0.0,0.0024361404184075307,0.018385866534529588,0.0,0.023899221183334617,0.0,0.0,0.0,0.0,0.0,0.009611653427804989,0.0,0.0,0.006747639975517515,0.0,0.0,0.011990673031306106,0.0,0.0,0.004506522959879958,0.0,0.0,0.0,0.016497195991186063,0.012576106972516462,0.0,0.0,0.0,0.0,0.0,0.0,0.0,0.010230116242622801,0.0,0.005995336515653053,0.0,0.0,0.0,0.0009720786653505419,0.0,0.0,0.0,0.0,0.0,0.0,0.0,0.0,0.0,0.010230116242622801,0.0,0.0,0.0,0.0,0.0,0.0,0.0,0.0,0.0,0.0,0.0,0.0,0.0,0.0,0.004506522959879958,0.0,0.0,0.0,0.0,0.0,0.0,0.0,0.0,0.0,0.0,0.0,0.0,0.0,0.0,0.0,0.0,0.0,0.0,0.0,0.0,0.0,0.0,0.0,0.0,0.0,0.0,0.0,0.0,0.0,0.0,0.0,0.0,0.0,0.0,0.0,0.0,0.0,0.0,0.0,0.0,0.0,0.0
GCGTTATATTTGGAAC-1,0.5878222638756163,0.28097971766654795,0.23906567685266614,0.038109224130872685,0.054563943335249054,0.025132656895839912,0.04352268939187727,0.01685693049060396,0.031937786482173186,0.0,0.014790591377312335,0.03906667894372118,0.00494956826997673,0.0,0.0023543762589187706,0.008068878360317605,0.0,0.023666719398644388,0.0,0.0,0.0,0.009701931762074305,0.0,0.015225197761224767,0.0,0.013072361364367556,0.003749161369147472,0.0,0.0,0.0,0.0,0.0,0.0,0.0,0.01445692852489125,0.0,0.0,0.0011862693233320838,0.0,0.0,0.0,0.0,0.0,0.0,0.0,0.0,0.0,0.009956417918588024,0.0,0.0,0.0,0.0,0.0,0.0,0.0,0.0,0.0,0.0,0.0,0.005968286564189787,0.0,0.0,0.0,0.002848641127536293,0.0,0.0,0.0030844009207922182,0.00209751861315494,0.0,0.0,0.0,0.0,0.0,0.0,0.0,0.0,0.0,0.0,0.004340735894557752,0.0,0.0,0.0,0.0,0.0,0.0,0.0,0.0,0.0,0.0,0.0,0.0,0.0,0.0,0.0,0.0,0.0,0.0,0.0,0.0,0.0,0.0030343511757371074,0.0,0.0,0.0,0.0,0.0,0.0,0.0,0.0,0.0,0.0,0.0,0.0,0.0,0.0,0.0,0.0,0.0,0.0
GCTAAACCTGAGGTGA-1,0.21068342630082648,0.19704682248115765,0.03169663362916434,0.02438435168973062,0.021210879511410215,0.025614244578223113,0.01853407615047349,0.0020560682323874585,0.006444598755897701,0.01998852302879029,0.02326275155847954,0.02445783688042997,0.02120261387087755,0.0,0.009441071538701013,0.02016956443029281,0.002344849943774478,0.024969879045659785,0.0,0.0,0.012190339724098904,0.0,0.0,0.014908813251382482,0.006522434228631807,0.0035362964752552383,0.0022375952811557426,0.06567597974601659,0.0,0.0011788358726536785,0.026879531025017733,0.0,0.0,0.017345946021020596,0.0,0.005364464555010008,0.015456836117162384,0.022331737312794267,0.0,0.0,0.0,0.0006532108453155591,0.0,0.0,0.0,0.004499705431681286,0.0,0.0,0.001815301998324869,0.0,0.0,0.003692261287263291,0.0,0.0,0.0,0.0,0.0,0.0,0.0,0.0,0.0,0.0,0.0,0.0005927653199615018,0.0,0.014924319037976731,0.0,0.0018844482937435151,0.0003366394681696646,0.0,0.0,0.0,0.0,0.0,0.0,0.0,0.0,0.0,0.0,0.0,0.0,0.0,0.0,0.0,0.0,0.002642719492078437,0.0,0.0,0.0,0.0,0.0,0.0,0.003996453916649197,0.0,0.0,0.0,0.0,0.0,0.0,0.0,0.0,0.0,0.0,0.0,0.0,0.0,0.0,0.0,0.0,0.0,0.0,0.0,0.0,0.0,0.0,0.0,0.0,0.0,0.0
GCTAATACCGAATGCC-1,0.3320762941405159,0.23491069740007167,0.0,0.0,0.04334776257003111,0.01303494590397432,0.0,0.012819771094728715,0.0,0.0,0.00521637438465827,0.0,0.012436864631905046,0.0016072988783285762,0.017302534209889312,0.0073208103680543965,0.0,0.0,0.07301797845853102,0.0,0.03250762999446336,0.0,0.018643764537359924,0.0,0.0,0.0,0.0,0.0,0.0,0.0,0.0,0.0,0.0,0.0,0.0,0.0,0.0,0.0,0.0,0.0,0.0,0.0,0.0,0.0,0.0,0.0,0.0,0.0,0.0,0.0,0.0,0.0,0.0,0.0,0.0,0.0,0.0,0.0,0.0,0.0,0.0024927589854414805,0.01235436620268959,0.0,0.0,0.0,0.0,0.0,0.0,0.0,0.0,0.0,0.0,0.0,0.0,0.0,0.0,0.0,0.0,0.0,0.0,0.0,0.0,0.0,0.0,0.0024927589854414805,0.0,0.0,0.0,0.0,0.0,0.0,0.0,0.0,0.0,0.0,0.0,0.0,0.0,0.0,0.0,0.0,0.0,0.0,0.0,0.0,0.0,0.0,0.0,0.0,0.0,0.0,0.0,0.0,0.0,0.0,0.0,0.0,0.0,0.0
GCTACAGTACGGACCG-1,0.40306736520681125,0.13371255198762755,0.12933761488459605,0.03625811677827276,0.023959738971446806,0.012645088965367656,0.0,0.036052362196454746,0.0,0.0,0.00612680589259963,0.0,0.0027030530591311656,0.02159094661830404,0.011136805994863767,0.015293728728325257,0.0100605538047512,0.0,0.0,0.0036431795152086126,0.0,0.002556846541634965,0.0016371318172124876,0.0,0.0,0.002119518818846776,0.002428979178409023,0.0,0.0,0.0,0.012083010713271374,0.0,0.0011046580520422027,0.0044316734969005525,0.005745311808058197,0.0,0.0,0.0019204756809052329,0.0011053486681810406,0.002901422341676865,0.00017868787579705572,0.0018437294994529153,0.0,0.0012102606073626978,0.0,0.0,0.0011893415564161076,0.0,0.0,0.0011216795187687513,0.0,0.0,0.002324168396424078,0.0,0.000903546395701855,0.0004754623057048639,0.0,0.0,0.002589045237198694,0.0,0.0,0.0,0.0,0.0008774577546222923,0.0,0.0,0.0005055325041047802,0.0,0.0001674070855072707,0.0,0.0,0.0,0.00012685766709747686,0.0,0.0,0.0,0.0,0.0,0.0,0.0,0.0,0.00021168576229654265,0.00046952591679316194,0.0,0.0,0.0,0.00023802588660487589,0.0,0.0,0.0,0.0,0.00011738147919829046,0.0,0.0,0.0,0.0,0.0009391504878404784,0.0006181026941343636,0.0,0.0008156466053825317,0.0,0.0,0.0,0.0,0.0,0.0,0.0,0.0,0.0,0.0,0.0,0.0,0.00023476295839658091,0.0,0.0,0.00013168312718735012,0.0,0.0,0.0
GCTAGCTTGAATAGCT-1,0.5921412060238169,0.26247973252865,0.024391781297861934,0.05563210673722015,0.00883239481068177,0.014418456186932462,0.08975155878287248,0.04073686932865864,0.028358011550579612,0.14667593981261715,0.007732549253085183,0.0,0.006837337621817311,0.0,0.022939635442466636,0.0477189609116105,0.0,0.0,0.0,0.0,0.015069173700620291,0.0017872661628428558,0.0016661624161669994,0.0,0.0,0.0016420999712315823,0.005461462253022345,0.031230798530162786,0.0,0.0,0.045523656998731725,0.0054626414650624355,0.004461124076529549,0.010809013682316038,0.0,0.0035094287868134926,0.0,0.011332004625007398,0.0,0.0006115731955398547,0.0009997859489296003,0.0012307686906395524,0.0,0.0,0.0003399989926071811,0.0022153152551847386,0.0,0.005288434572008888,0.0,0.0,0.002682016699369479,0.0,0.0009997859489296003,0.0,0.0,0.005246420584459711,0.010767691124141379,0.0,0.0,0.002266601505887752,0.00017172125811599486,0.0,0.0,0.0057836794228882365,0.002576312114640472,0.0,0.0,0.0,0.0017642353054278454,0.0,0.0,0.0,0.0,0.0,0.0,0.0,0.0,0.0,0.0032235028977264883,0.0,0.0,0.00037159380468107186,0.0,0.0,0.0,0.006045669558765027,0.00011645967710124588,0.0,0.0006281921442485283,0.0,0.0,0.0,0.0013336320215515157,0.0,0.00037397288360817125,0.0,0.0,0.0006154425746724039,0.0,0.0014828184357939915,0.0,0.0,0.0,0.0,0.0,0.0014165729916757097,0.0,0.00037159380468107186,0.0,0.0,0.0,0.0,0.0,0.0,0.0006281921442485285,0.0,0.0,0.0,0.0
GCTAGTAGAGCTTGTA-1,0.2924589019886019,0.17336526731417773,0.21706826810398885,0.09101760829556405,0.023909426431216557,0.044925592057995914,0.028804241853856122,0.05136495600006979,0.0,0.0,0.027813223952161188,0.04033616386608094,0.0,0.0,0.0026551292869738657,0.0,0.0,0.0,0.0046974712576940995,0.0,0.019879263324240178,0.0,0.008520858572651807,0.0,0.0,0.0,0.0,0.0,0.0,0.0,0.0,0.0,0.0,0.0,0.0,0.0,0.0,0.0,0.0,0.0,0.01002031622847799,0.0,0.0,0.00932431382731893,0.0,0.0,0.0,0.0,0.0,0.0,0.001646208260908908,0.0,0.0,0.0,0.0,0.0,0.0,0.0,0.0,0.0,0.0,0.0,0.0,0.0,0.0,0.0,0.0,0.0,0.0,0.0,0.0,0.004662156913659465,0.0,0.0,0.008400059054703993,0.0,0.0,0.0,0.0,0.0,0.0,0.0,0.0,0.0,0.0,0.0,0.0,0.0,0.0,0.0,0.0,0.0,0.0,0.0,0.0,0.0,0.0,0.0,0.0,0.0,0.0,0.0,0.0007814925311289825,0.0,0.0,0.0,0.0,0.0,0.0,0.0,0.0,0.0,0.0,0.0,0.0,0.0,0.0,0.0,0.0
GCTCAATCCGTTTATT-1,0.047546226535396696,0.02617130748649471,0.011321193083540208,0.0,0.0,0.0008422809079170891,0.018787070118377384,0.008950753748409744,0.00011201418027728338,0.0024438228447533706,0.0003160104700653556,0.0,4.470982410138924e-05,0.013875334671907354,0.0064860370741309575,0.0,0.030724559118925434,0.0004484168297432862,0.0,0.05532178408225843,0.0,0.003630594819258637,0.0,0.0009647429070361476,0.013001880671505879,0.0018180775340437677,0.00014258083462405626,0.0,0.0,0.009922675339604793,0.0,0.006260818925687159,0.0,0.0024653622659231824,0.0,0.0,0.00048721844666107215,0.0,0.013814579080167507,0.004046456428903746,0.00017956815530646174,0.0,0.0,0.0,0.0,0.0,0.0,0.000108401521561693,0.0,0.0,0.010018805282552863,0.0018493206575191771,0.0014935909810735496,0.0,0.0,0.0,0.0,0.0,0.0,0.0,0.0005496901210057167,0.0,0.0,0.00013048265931961918,0.0,0.0,0.00020247122211423385,0.0,0.0,0.0,0.0,0.0,0.0037309658314307837,0.0,0.0004725889678198085,0.0,0.0,0.0,0.0,0.0,0.0,0.0,0.0010665031779805304,0.0,0.0,0.0,0.0,0.0,0.0,0.0,0.0,0.0,0.0,0.0,0.0,0.0,0.0,0.0,0.0,0.0,0.0,0.0,0.00023241715195098552,0.0,0.0,0.0,0.0,0.0,0.0,0.0,0.0,0.0,0.0003045872809452786,0.0,0.0,6.596205662719653e-05,0.0,0.0,0.0
GCTCTATGTTACGTGC-1,0.13658681599657957,0.06004691196024906,0.06438430543220816,0.03077942839947873,0.024753667185198457,0.04928103945497452,0.02001283695588437,0.0,0.0,0.0,0.0,0.0,0.0,0.0,0.0,0.004418278316598573,0.0,0.0,0.0,0.0,0.0,0.0,0.0,0.0,0.0,0.0,0.0,0.0,0.0,0.0,0.0,0.0,0.0,0.0,0.0,0.0,0.0,0.0,0.0,0.0,0.0,0.0,0.0,0.0,0.0,0.0,0.0,0.0,0.0,0.0,0.0,0.0,0.0,0.0,0.0,0.0,0.0,0.0,0.0,0.0,0.0,0.0,0.0,0.0,0.0,0.0,0.0,0.0,0.0,0.0,0.009117659208018951,0.0,0.0,0.0,0.0,0.0,0.0,0.0,0.0,0.0,0.0,0.0,0.0,0.009117659208018951,0.0,0.0,0.0,0.0,0.0,0.0,0.0,0.009117659208018951,0.0,0.0,0.0,0.0,0.0,0.0,0.0,0.0,0.0,0.0,0.0,0.0,0.0,0.0,0.0,0.0,0.0,0.0,0.0,0.0,0.0,0.0,0.0,0.0,0.0,0.0,0.0
GCTGCACGGTTTCTTA-1,0.32209685786406494,0.05744664303020691,0.325208823685559,0.09851752273884608,0.04093574283953768,0.0163778299861442,0.0,0.00975440108869688,0.0,0.0,0.0,0.0239593090561481,0.0,0.0,0.0,0.0,0.0,0.0,0.0,0.0,0.0,0.0,0.0,0.0,0.0,0.0,0.0,0.0,0.0,0.0,0.0,0.0,0.0,0.0,0.0,0.0,0.0,0.0,0.013847403712897574,0.0,0.0,0.0,0.0,0.0,0.0,0.0,0.0,0.0,0.0,0.0,0.0,0.0,0.0,0.0,0.0,0.0,0.0,0.0,0.0,0.0,0.0,0.0,0.0,0.0,0.0,0.0,0.0,0.0,0.0,0.0,0.009592926192795989,0.0,0.0,0.0,0.0,0.0,0.0,0.0,0.0,0.0,0.0,0.0,0.0,0.0,0.0,0.0,0.0,0.0,0.0,0.0,0.0,0.0,0.0,0.0,0.0,0.0,0.0,0.0,0.0,0.0,0.0,0.0,0.0,0.0,0.0,0.0,0.0,0.0,0.0,0.0,0.0,0.0,0.0,0.0,0.0,0.0,0.0,0.0,0.0
GCTGCTAAGTAGTCGA-1,0.19477113608873606,0.12535609249495522,0.04637789898201504,0.01523855546875547,0.004184845499842269,0.004122687211798187,0.0015147164072272703,0.018460087341939713,0.0006980834349822584,0.0048578186003895175,0.0025426574145074434,0.0166649333130228,0.01499650398675767,0.028320085084880268,0.01380601094618014,0.0035604439093982927,0.015127813980644255,0.0005143839291958751,0.0,0.03894905085393657,0.0,0.0016836019541814889,0.0,0.000801130615925471,0.007915364304570169,0.00646749811574871,0.0007972102652501038,0.0,0.0,0.0,0.007140210766832981,0.026010051538457077,0.0004061633212547259,0.0,0.0036957657445383747,0.0008483894441616257,0.0,0.0,0.0,0.006181045772839885,0.0,0.013666966475427877,0.0,0.0,0.0023973455591270783,0.0,0.001740556193042848,0.00015098209357109873,0.0,0.0032327003908674493,0.007218488743292942,0.0,0.002511278787224025,0.0,0.0,0.00015098209357109876,0.0007627481932189239,0.0,0.0,0.0,0.00013614157033956754,0.0,0.0,0.0009465208634065591,0.0008799628796064824,0.0,0.0005357958292219439,0.0,0.00029762860333292044,0.0019423372462655357,0.0,0.0,0.0049518908423282085,0.0,0.0,0.0,0.0,0.0,0.0,0.0001995150083517051,0.0,0.0,0.0,0.0,0.0,0.0,0.00036100396249881485,0.0,0.0,0.0008107121065384815,0.00020591053810508638,0.0,0.0,0.0,0.0,0.0,5.907644060337877e-05,0.0,0.0,0.0,0.0,0.0005571475781019528,0.0,0.000535923607881235,0.0,0.0,0.00019987207369225697,0.0,0.0,0.0,0.0,0.0,0.0,0.0,0.0,0.0002553978751052527,0.0,0.0,0.0
GCTGCTCTCCGGACAC-1,0.0,0.0,0.0,0.0,0.0,0.0,0.0,0.0,0.0,0.0,0.0,0.0,0.02086322505819277,0.0,0.0,0.0,0.0017778049730911194,0.0,0.0,0.0,0.0,0.0,0.0,0.0,0.0,0.0,0.0,0.0,0.0,0.0,0.0,0.0,0.0,0.0,0.0,0.0,0.0,0.0,0.013847403712897574,0.0,0.0,0.0,0.0,0.0,0.0,0.0,0.0,0.0,0.0,0.0,0.0,0.0,0.0,0.0,0.0,0.0,0.0,0.0,0.0,0.0,0.0,0.0,0.0,0.0,0.0,0.0,0.0,0.0,0.0,0.0,0.0,0.0,0.0,0.0,0.0,0.0,0.0,0.0,0.0,0.0,0.0,0.0,0.0,0.009592926192795989,0.0,0.0,0.0,0.0,0.0,0.0,0.0,0.0,0.0,0.0,0.0,0.0,0.0,0.0,0.0,0.0,0.0,0.0,0.0,0.0,0.0,0.0,0.0,0.0,0.0,0.0,0.0,0.0,0.0,0.0,0.0,0.0,0.0,0.0,0.0
GCTGGCATATTCACCT-1,0.9052209131005827,0.7824430401990246,0.19519748847335344,0.16580403729254434,0.24447800707688186,0.08420898475065028,0.0,0.08438397140018176,0.006007295427427809,0.032378548587517035,0.00866434442487913,0.008887645794867501,0.03155136915456223,0.0,0.007349604832916906,0.01722301013674954,0.004594471641473188,0.027785457342255418,0.0,0.0,0.02992654534539864,0.0,0.0,0.010204348826322276,0.0,0.023692000706113298,0.010169995576437548,0.0,0.029358368531300846,0.0,0.0,0.0,0.0,0.0,0.0,0.010604724709553518,0.0,0.0,0.0,0.0,0.006675393185436823,0.0,0.0,0.0,0.0,0.0,0.0,0.0,0.0,0.0,0.0,0.0,0.0,0.00279500385048,0.0,0.0,0.0,0.00279500385048,0.00279500385048,0.0,0.0,0.0,0.0,0.0,0.0,0.0,0.0,0.005780583815799359,0.0,0.0,0.0,0.0,0.0,0.0,0.0,0.0,0.0,0.0,0.0,0.00279500385048,0.0,0.003934457545247716,0.0,0.0,0.0,0.0,0.00032762434034365906,0.0,0.0,0.0,0.0,0.0,0.0,0.0,0.005163861699358443,0.0,0.0,0.0,0.0,0.0,0.0,0.0,0.0,0.0,0.0,0.0,0.0,0.0,0.0,0.0,0.0,0.0,0.0,0.0,0.0,0.0,0.0,0.0,0.0
GCTGTATTACTGGCCC-1,0.2395500292756585,0.04807110432890603,0.07720766785531659,0.03995353391185785,0.0033084907839443446,0.016907440944370352,0.029951620066077194,0.029121597423399904,0.003562747871093601,0.01707532963329382,0.04182919187165686,0.05715969101891172,0.0,0.0,0.0,0.007266212730071448,0.0,0.0,0.0,0.0,0.0,0.006282132065602661,0.0,0.0,0.0,0.0,0.0022436509722920774,0.0,0.0,0.0,0.0,0.0,0.0,0.0,0.0,0.0,0.0,0.0,0.015256387778138248,0.0,0.0,0.0,0.0,0.0,0.0,0.0,0.0,0.0,0.0,0.0,0.0,0.0,0.0,0.0,0.0,0.0,0.0,0.0,0.013557204670853536,0.0,0.0,0.0,0.0,0.0,0.0,0.0,0.0,0.0,0.0,0.0,0.0,0.0,0.0,0.0,0.0,0.0,0.0,0.0,0.0,0.005010984533759766,0.0,0.0,0.0,0.0,0.0,0.0,0.0,0.0,0.0,0.0015092004664127587,0.0,0.0,0.0,0.0,0.0,0.0,0.0,0.0,0.0,0.0,0.0,0.0,0.0,0.0,0.0,0.0,0.0,0.0,0.0,0.0,0.0,0.0,0.0,0.0,0.0,0.0,0.0,0.0,0.0
GCTTATGAAGCAGGAA-1,0.24511224709527119,0.06954362897205749,0.0420081934154045,0.027707383014548406,0.021160005529767642,0.017283114515950937,0.0,0.00881167426225322,0.0,0.0,0.016475244298186593,0.0,0.004873464358213851,0.0,0.004604350797737963,0.0,0.0,0.0,0.0,0.0,0.0,0.0,0.0,0.0,0.0,0.0,0.0,0.0,0.0,0.0,0.0,0.0,0.0,0.0,0.0,0.0,0.0,0.0,0.0,0.0,0.0,0.0,0.0,0.0,0.0,0.012818976266910736,0.0,0.008641557257975468,0.0,0.0,0.0,0.0,0.0,0.008641557257975468,0.0,0.0,0.0,0.0,0.008641557257975468,0.0,0.0,0.0,0.0,0.0,0.0,0.0,0.0,0.0,0.0,0.0,0.0,0.0,0.0,0.0,0.0,0.0,0.0,0.0,0.0,0.008641557257975468,0.0,0.0,0.0,0.0,0.0,0.0,0.0,0.0,0.0,0.0,0.0,0.0,0.0,0.0,0.0,0.0,0.0,0.0,0.0,0.0,0.0,0.0,0.0,0.0,0.0,0.0,0.0,0.0,0.0,0.0,0.0,0.0,0.0,0.0,0.0,0.0,0.0,0.0,0.0
GCTTGATGATAATCAG-1,0.15426373506349078,0.1526546230234982,0.0,0.0,0.007160346425217845,0.022600676142772093,0.048085845160523846,0.003049760359227432,0.06638499282366717,0.012947762293901877,0.0,0.0,0.0,0.0,0.0,0.022045977828191583,0.0,0.0327651037232342,0.029214375496294742,0.0,0.0,0.0,0.0045279196844882855,0.01780111017169189,0.0,0.0,0.0,0.0,0.0,0.0,0.0,0.0,0.006637301239626645,0.0,0.0,0.0,0.0,0.007137431414684989,0.0,0.0,0.0,0.0,0.0,0.006637301239626645,0.0,0.0,0.0,0.0,0.011102473237208662,0.0,0.0,0.0,0.0,0.0,0.0,0.0,0.0,0.006637301239626645,0.0,0.0,0.0,0.0,0.006637301239626645,0.0,0.0,0.0,0.0,0.0,0.0,0.0,0.0,0.006637301239626645,0.0,0.006637301239626645,0.0,0.0,0.00841015883000416,0.0,0.0,0.0,0.0,0.0,0.0,0.0,0.0,0.0,0.0,0.0,0.0,0.0,0.0,0.0,0.0,0.0,0.0,0.0,0.0,0.0,0.0,0.0,0.0,0.0,0.0,0.0,0.0,0.0,0.0,0.0,0.0,0.0,0.0,0.0,0.0,0.0,0.0,0.0,0.0,0.0,0.0
GGAACCGTGTAAATTG-1,0.5475048645208341,0.05487715943117823,0.12542439655717597,0.06805157099030601,0.055205907560235384,0.10771376566237864,0.024436644814481295,0.03252699640907605,0.022554979581272536,0.18017172070399037,0.06882212433661217,0.0,0.0,0.03093974791191558,0.005440591954619359,0.01930579352654796,0.0,0.0,0.0,0.0,0.0,0.007914984348892947,0.0,0.0,0.0,0.0,0.003713211349447276,0.0,0.0,0.004361754454114573,0.0,0.0,0.011437525180873266,0.0,0.0,0.0,0.0,0.007974915809993766,0.0,0.0,0.0,0.0,0.0,0.0,0.0,0.0,0.0,0.004361754454114573,0.0,0.0,0.0,0.0,0.0,0.0,0.0,0.0,0.001594795940803171,0.0,0.0,0.0,0.0,0.0,0.005564980036403744,0.002202830465752315,0.0,0.0,0.0,0.0,0.0,0.0,0.0,0.0,0.0,0.0,0.0,0.0,0.0,0.0,0.0,0.0,0.0,0.0,0.0,0.0,0.0,0.0,0.0,0.0,0.0,0.0,0.0,0.0,0.0,0.0,0.0,0.0,0.0,0.0,0.0,0.0,0.0,0.0,0.0,0.0,0.0,0.0,0.0,0.0,0.0,0.0,0.0,0.0,0.0,0.0,0.0,0.0,0.0,0.0,0.0
GGACAAGTTGCAGTGA-1,0.11075320562146133,0.13247328125264762,0.031737891048776674,0.007176307065450515,0.0,0.0,0.0,0.0,0.0,0.0,0.0,0.061122047128695525,0.00012525452049742266,0.00633304756893068,0.0023343735579198625,0.004469581967505927,0.021943580357697265,0.0,0.0,0.0,0.0,0.0010696569054634642,0.0,0.0,0.0,0.0,0.0,0.0,0.0,0.025745310621248282,0.0,0.0,0.0,0.005045989926593008,0.002786269061448213,0.0,0.0,0.0,0.0,0.00476785109716522,0.0,0.0,0.0,0.0026979357598835786,0.0,0.0,0.0008741760671559616,0.0,0.0,0.0016967882043176963,0.009893403447007235,0.0,0.0034104375893366677,0.0,0.0,0.0,0.0,0.0,0.0,0.0,0.0,0.0,0.0,0.00040698541202180275,0.0,0.0,0.0006910858635529861,0.0,0.0,0.0,0.0,0.0,0.0,0.0,0.0,0.0,0.0,0.0,0.0,0.0004043803487605665,0.0,0.0,0.0,0.0,0.0,0.0,0.0,0.0,0.002727034714898945,0.0,0.0,0.0,0.0,0.0,0.0,0.0,0.0,0.0,0.0,0.0,0.0,0.0,0.0,0.0,0.0,0.0,0.0,0.0,0.0,0.0,0.0,0.0,0.0,0.0,0.0,0.0,0.0,0.0,0.0
GGACCAACAGGATAAC-1,0.17228318847557691,0.06655983092324728,0.06355668990986328,0.02087982811515613,0.01570739180015291,0.007740707428084648,0.0,0.00646367637952879,0.0,0.0,0.003379892621107239,0.0,0.0,0.0,0.0,0.007740707428084648,0.0,0.0,0.040115569603883496,0.0,0.0,0.0,0.006336728768049476,0.0,0.0,0.0,0.0,0.0,0.0,0.008709481609805461,0.0,0.0,0.0,0.0,0.0,0.0,0.0,0.0,0.0,0.0,0.008709481609805461,0.0,0.0,0.0,0.0,0.0,0.0,0.0,0.0,0.010652187489218659,0.0,0.0,0.0,0.0,0.0,0.0,0.0,0.0,0.0,0.0,0.0,0.0,0.0,0.0,0.0,0.0,0.0,0.0,0.0,0.0,0.0,0.0,0.0,0.0,0.0,0.0,0.0,0.0,0.0,0.0,0.0,0.0,0.0,0.0,0.0,0.0,0.0,0.0,0.0,0.0,0.0,0.0,0.0,0.0,0.0,0.0,0.0,0.0,0.0,0.0,0.0,0.0,0.0,0.0,0.0,0.0,0.0,0.0,0.0,0.0,0.0,0.0,0.0,0.0,0.0,0.0,0.0,0.0,0.0
GGAGACGACACCTTTG-1,0.8990543194049425,0.15703077890717945,0.4597607143491505,0.184325461674392,0.015325446920793764,0.07698880220152708,0.0,0.02855642817300638,0.003746574259611321,0.0048197209239680605,0.023104609418513986,0.0,0.0,0.0035309352481922847,0.022064562182934868,0.0,0.0,0.029728135938662654,0.0,0.009277847312438138,0.0,0.04494715305328766,0.0,0.010561743776867454,0.0,0.0,0.0,0.0,0.0,0.012444551138841436,0.0,0.0,0.006553037045151782,0.0,0.0,0.0,0.0,0.0,0.016081587176066392,0.016558953790787163,0.0,0.0,0.0,0.0,0.0,0.0,0.0,0.0,0.0,0.0,0.0,0.0,0.008315712600042796,0.0,0.0,0.0,0.0,0.0,0.008420578462671071,0.0,0.004071250862795377,0.0,0.0,0.0,0.0,0.0,0.0,0.0,0.0,0.004683318035681232,0.0,0.0,0.0,0.0,0.0,0.0,0.0034673155873365144,0.0,0.0,0.0,0.0,0.0,0.014207226693732452,0.0,0.0,0.0,0.0,0.0,0.005469942381173027,0.0,0.0,0.0,0.0,0.0,0.0,0.0,0.0,0.0,0.0,0.0,0.0,0.0,0.0,0.0,0.0,0.0,0.0018922854430999342,0.0,0.0,0.0,0.0,0.0,0.0,0.0,0.0,0.0,0.0,0.0,0.0
GGAGTGCCGCCCTGGA-1,2.753341920242984,0.9204238961772468,0.13967153986106384,0.21656409840365246,0.24655135125599936,0.056202007156590975,0.0,0.0029581030393977517,0.0,0.014047997383445867,0.0,0.0,0.0,0.0,0.0,0.006388540700601684,0.0,0.02988098050571901,0.042509725509498136,0.0,0.0,0.013211165652252513,0.02276606243321823,0.01970953578357259,0.0,0.0,0.006302355576702704,0.0,0.0,0.0,0.06094999902842843,0.0,0.0058163016605643535,0.0,0.0,0.0,0.0,0.0,0.0,0.0,0.0,0.0,0.0,0.010854233119904941,0.009500963926726459,0.0,0.0,0.0,0.0,0.0,0.004627155557920209,0.0,0.0,0.004353497412258439,0.0,0.0,0.0,0.004353497412258439,0.0,0.0,0.0,0.0,0.0,0.0,0.0,0.005895314506166198,0.0,0.0029602764136673395,0.0,0.0,0.0,0.0076880989485688484,0.0,0.0,0.0,0.0,0.0,0.0,0.0,0.0,0.0,0.0,0.0,0.0,0.0,0.0,0.0,0.0,0.0,0.0,0.0058163016605643535,0.0,0.0,0.0,0.0,0.0,0.0,0.0,0.0,0.0,0.0,0.0,0.0,0.0,0.0,0.0,0.0,0.0,0.0,0.0,0.0,0.0,0.0,0.0,0.0,0.0,0.0,0.0,0.0
GGATGCTGGCGTTCCT-1,0.06661911602097222,0.07569041542150665,0.0,0.0,0.0,0.008342465947532497,0.0066761112104168525,0.0,0.009010677600201127,0.02033974084831449,0.0,0.0,0.005765336910411192,0.05799813182305661,0.004117505882255916,0.024184735743700572,0.010278701251543152,0.0,0.0,0.01863809040781705,0.037795425373113055,0.003050321201706404,0.0,0.0,0.0,0.0,0.01316053920087723,0.0,0.0,0.0,0.0,0.0,0.00750457345459404,0.0,0.0,0.0,0.0,0.022920289803314394,0.0,0.008318440327282848,0.0,0.0,0.0,0.0,0.0,0.0,0.010268974440991226,0.003967493073751679,0.0,0.005642987262528837,0.0,0.0,0.0,0.0,0.0,0.0,0.0,0.0,0.0,0.01174819905519699,0.0,0.0,0.0,0.0,0.0,0.0,0.0,0.0,0.0,0.0,0.0,0.0,0.0,0.0,0.0,0.0,0.0,0.0,0.0,0.0,0.0,0.0,0.0,0.0,0.0,0.0,7.507793518622743e-05,0.0,0.0,0.0,0.0,0.0,0.0,0.0,0.0,0.0006722713174243004,0.0,0.0,0.0,0.0,0.0,0.0,0.0,0.0,0.0,0.0,0.0,0.0,0.0,0.0,0.0,0.0,0.0,0.0,0.0,0.0,0.0,0.0,0.0
GGATGTCCTTACCGCA-1,0.061965971656322394,0.0481448589696418,0.014831049099131303,0.0,0.010105809520369118,0.011278765861231783,0.0,0.0,0.0,0.0,0.0,0.0,0.0,0.0,0.0,0.0,0.0,0.0,0.0,0.0,0.0,0.012142400933645912,0.0,0.0,0.0,0.0,0.0,0.0,0.0,0.007909335470162433,0.0,0.0,0.0,0.0,0.0,0.0,0.0,0.0,0.0,0.0,0.0,0.0,0.0,0.007909335470162433,0.0,0.0,0.0,0.0,0.0,0.0,0.0,0.0,0.0,0.0,0.0,0.007909335470162433,0.0,0.0,0.0,0.0,0.0,0.0,0.0,0.0,0.0,0.0,0.0,0.0,0.0,0.0,0.0,0.0,0.0,0.0,0.0,0.0,0.0,0.0,0.0,0.0,0.0,0.0,0.0,0.0,0.0,0.0,0.0,0.0,0.0,0.0,0.0,0.0,0.0,0.0,0.0,0.0,0.0,0.0,0.0,0.0,0.0,0.0,0.0,0.0,0.0,0.0,0.0,0.0,0.0,0.0,0.0,0.0,0.0,0.0,0.0,0.0,0.0,0.0,0.0
GGATTTCACTTCTATA-1,0.010513838665088666,0.0,0.017158728664858687,0.0,0.0,0.0,0.0,0.0,0.0,0.0,0.0,0.0,0.0,0.0,0.0,0.0,0.0,0.0,0.0,0.0,0.0,0.0,0.0,0.0,0.0,0.0,0.0,0.0,0.0,0.008579364332429344,0.0,0.0,0.0,0.0,0.0,0.0,0.0,0.0,0.0,0.0,0.0,0.0,0.0,0.0,0.0,0.0,0.0,0.0,0.0,0.0,0.0,0.0,0.0,0.0,0.0,0.0,0.0,0.0,0.0,0.0,0.0,0.0,0.0,0.0,0.0,0.0,0.0,0.0,0.0,0.0,0.0,0.0,0.0,0.0,0.0,0.0,0.0,0.0,0.0,0.008579364332429344,0.0,0.0,0.0,0.0,0.0,0.0,0.0,0.0,0.0,0.0,0.0,0.0,0.0,0.0,0.0,0.0,0.0,0.0,0.0,0.0,0.0,0.0,0.0,0.0,0.0,0.0,0.0,0.0,0.0,0.0,0.0,0.0,0.0,0.0,0.0,0.0,0.0,0.0,0.0
GGCAAAGGCGCCAATA-1,0.04173383739874832,0.016089515991165596,0.011034485204071909,0.0011862206779568252,0.00125073217239073,0.0010724360705412278,0.015965934240899145,0.019032622907570636,8.736761670384173e-05,0.0016498251105419633,0.0014517322730141892,0.0,0.005754953512491726,0.007498467603504977,0.015500101689048312,0.00028606442522449374,0.03002758126540265,0.0014458399155311303,0.0,0.036123689013546866,0.01622849219054734,0.0006901109819873494,0.0,0.0035031847712768305,0.012458908233581686,0.0022601899832001044,0.0,0.0,0.0,0.025931289553504655,0.002455945054486817,0.053994093978571064,0.0,0.0007946759549861149,0.0,0.0,0.0,0.00015499425149174723,0.0180881343251245,0.001756336850380897,0.0,0.0,0.0,0.0,0.0,0.0,0.0,6.25323343702711e-05,0.0,0.0004787350442039115,0.01031860509891992,0.0,0.0030687571407351896,0.0,0.0,0.0019671497219577584,0.0,0.0,0.0,0.0,0.0008535433232934957,0.0,0.0,0.0003513614372300583,0.0,0.00026368389091318694,0.0,0.0,0.0,0.0006202210780965451,0.0,0.0,0.003060312599819558,0.0,0.00043092938881819463,0.0,0.0,0.0,0.0004343973632437203,0.0,0.0,0.004180092149259255,0.0008339970515879404,0.0,0.0,0.0,0.0006985415716925673,0.0,0.000846050890180222,0.0,0.0,0.0,0.0,0.0,0.0,0.0,0.0,0.00019373503875264286,0.0,0.0,2.151382290386626e-05,0.0001360899873518414,0.0,0.0,0.0,0.0,0.0,0.0,0.00018571023376905615,0.0,0.0,0.0,0.00028565065195805696,0.0,0.0,0.0,0.0,0.0,0.0
GGCAAATTACTTTACT-1,1.0091543072674827,0.16504764609278988,0.06979301502093185,0.12298916568288037,0.07852235896497901,0.06229279352115864,0.007576783546794108,0.022420922909479786,0.0,0.0,0.018122626672879692,0.04877298856434534,0.0,0.0,0.0,0.004024111575904117,0.0,0.0,0.0,0.0,0.07699883562428962,0.0,0.0,0.0,0.0,0.0,0.0,0.0,0.0,0.0,0.0,0.0,0.0,0.0,0.0,0.0,0.0,0.0,0.0,0.0,0.0,0.0,0.0,0.0,0.0,0.0,0.0,0.0,0.0,0.0,0.0,0.0,0.0,0.0,0.0,0.0,0.0,0.0,0.0,0.0028333288986612743,0.0,0.0,0.0,0.0,0.00890195836504704,0.0,0.0,0.0,0.0,0.0,0.0,0.0,0.0,0.0,0.0,0.0,0.0,0.0,0.0,0.0,0.0,0.0,0.0,0.0,0.0,0.0,0.0,0.0,0.0,0.0,0.0,0.0,0.0,0.0,0.0,0.0,0.0,0.0,0.0,0.0,0.0,0.0,0.0,0.0,0.0,0.0,0.0,0.0,0.0,0.0,0.0,0.0,0.0,0.0,0.0,0.0,0.0,0.0,0.0
GGCATACAGGTAGCGG-1,0.31209957939277705,0.1074447533683259,0.09044580497260866,0.05122161828448214,0.0975108138194505,0.043763221938579074,0.016243007209408227,0.02231977242553322,0.013827632848700963,0.03470102378826043,0.0,0.0,0.02735773755038637,0.03699761941690431,0.006198897358812586,0.0089384238450121,0.0,0.0,0.0,0.0,0.0,0.03618137397752174,0.0,0.0,0.0,0.0,0.002047847893245009,0.0,0.0,0.0,0.0,0.0,0.0,0.0,0.0,0.0,0.0,0.0,0.0,0.0,0.0,0.0,0.0,0.0,0.010279461968735129,0.0,0.01405650712271808,0.0,0.0,0.0,0.0,0.0,0.0,0.0,0.0,0.0,0.0,0.0,0.0,0.0,0.0,0.0,0.0,0.0,0.0,0.0,0.0,0.0,0.0,0.0,0.0,0.0,0.0,0.007171772892226279,0.0,0.0,0.0,0.0,0.0,0.0,0.0,0.0,0.0,0.0,0.0,0.0,0.0,0.0,0.0,0.0,0.0,0.0,0.0,0.0,0.0,0.0,0.0,0.0,0.0,0.0,0.0,0.0,0.0,0.0,0.0,0.0,0.0,0.0,0.0,0.0,0.0,0.0,0.0,0.0,0.0,0.0,0.0,0.0,0.0
GGCCCTCACCCACTTA-1,0.7615326843425184,0.6645251989781077,0.31334927209024455,0.04098972266474886,0.06720975968182549,0.014806054901250441,0.008528519048095436,0.019275371240833224,0.0,0.020599471462273734,0.014097479253899967,0.0,0.0,0.0,0.008698493901061685,0.021498078900032996,0.0,0.0,0.0,0.0,0.0,0.0,0.0,0.0,0.0,0.0,0.0044266293935234366,0.0,0.0,0.0,0.0,0.0,0.011618938090715,0.0,0.0,0.0,0.0,0.0,0.0,0.0,0.0,0.0,0.0,0.0,0.0,0.0,0.0,0.0,0.0,0.0,0.0,0.0,0.0058094690453575,0.0,0.0,0.0,0.0016935344204955592,0.0,0.0,0.007552968151001956,0.0,0.0,0.0,0.0,0.0,0.0,0.0,0.0,0.0,0.0,0.0,0.0,0.0,0.0,0.0,0.0,0.0,0.0,0.0,0.0,0.0,0.0,0.0,0.0,0.0,0.0,0.001977776257429292,0.0,0.0,0.0,0.0,0.0,0.0,0.0,0.0,0.0,0.0,0.0,0.0,0.0,0.0,0.0,0.0,0.0,0.0,0.0,0.0,0.0,0.0,0.0,0.0,0.0,0.0,0.0,0.0,0.0,0.0,0.0,0.0
GGCCTTTGCAACTGGC-1,0.23960306970823184,0.24724850997280493,0.050958993108503506,0.0009111171672168351,0.003333086188698457,0.001859161235802365,0.0,0.0,0.0,0.0,0.001567810370066121,0.0,0.0047598259077444366,0.006342307512905952,0.01054652255085564,0.0020198607019651722,0.025538438782546833,0.0,0.0,0.008435729402882765,0.0,0.0024817666265990585,0.0032161800064176077,0.0,0.0,0.0,0.00041616472808990066,0.0,0.0,0.017513746055102742,0.0,0.016076821692968334,0.0012888175588597391,0.0010845239350119184,0.0,0.0,0.0,0.0,0.0,0.005363793961932764,0.0004012804086504924,0.008595166400414253,0.021451643027748563,0.0002911066011273859,0.0,0.0,0.0030543039190902553,6.20676340105945e-05,0.0026554005090230056,0.0,0.010187008396212928,0.0006441889543440134,8.826848367320787e-05,0.0,6.20676340105945e-05,0.0008208732156214388,0.0,0.0,0.0,0.0010392733852086222,0.0002562546795422662,0.0,0.0,0.0002242783989487922,0.000825429180939064,0.0,0.0012984251492755476,0.0,0.0,0.0,0.0,0.0,0.0002583937536569597,0.0,0.0004510262693698606,0.0,0.0,0.0,0.0,0.0,0.0,0.0,0.00026597225194935413,0.0,0.0,0.0,0.00023198638326315157,0.0,0.0,0.0,0.0,0.0,0.0,0.00022135291076941788,0.0,0.0,0.0002705600327017021,0.00015827368459264834,0.0,0.00028070930438729204,0.0,0.0009971453803040678,0.0001622864790153238,0.0,0.0,0.0,0.0,0.0,0.0,0.0,0.00043151488566673096,0.0,3.289667023054798e-05,0.0,0.0,0.0002598392139845649,0.0,0.0,0.0
GGCGCAGGACATCTTC-1,0.28793690221783824,0.1135098229838189,0.0,0.0,0.0081302788428205,0.014257399646193172,0.0,0.0,0.0,0.0,0.017980772930149713,0.02805868768639407,0.0,0.0,0.0,0.0032388991088619775,0.01445753306142709,0.0,0.0,0.0,0.0,0.0,0.0,0.0,0.0,0.0,0.0029976526352909253,0.0,0.0,0.0,0.0,0.0,0.0,0.0,0.0,0.0,0.0,0.0,0.0,0.0,0.0,0.0,0.0,0.0082582907851029,0.0030511561845222583,0.0,0.0,0.0,0.0,0.0,0.0,0.0,0.0,0.0,0.0,0.0,0.0,0.0,0.0,0.0,0.0,0.0,0.0,0.0,0.0,0.0,0.0,0.0,0.0,0.0,0.0,0.0,0.0,0.0,0.0,0.0,0.0,0.0,0.0,0.0,0.0,0.0,0.0,0.0,0.0,0.0,0.0,0.0,0.0,0.0,0.0,0.0,0.0,0.0,0.0,0.0,0.0,0.0,0.0,0.0,0.0,0.0,0.0,0.0,0.0,0.0,0.0,0.0,0.0,0.0,0.0,0.0,0.0,0.0,0.0,0.0,0.0,0.0,0.0
GGCGCATGAATTGATG-1,0.0283347199343339,0.0,0.0032679725124585036,0.006456454102684805,0.010277449038416826,0.02863258573392259,0.034607857943958154,0.0,0.026586714646836793,0.0,0.008983621244198103,0.04532824811160992,0.02624417181365051,0.0,0.016091562689640394,0.006615289958031364,0.0,0.0,0.0,0.0,0.0,0.0,0.0,0.0,0.0,0.004823591651494971,0.008040198269154562,0.0,0.0,0.007786176928174543,0.0,0.0,0.0032679725124585036,0.0,0.0,0.0,0.0,0.0,0.0,0.0,0.0,0.0,0.0,0.006183647079100513,0.0,0.0,0.0,0.0,0.0,0.0,0.0,0.0,0.0,0.0,0.0,0.004518204415716039,0.0,0.0,0.0,0.0,0.0,0.0,0.0,0.0,0.0,0.0,0.0,0.0,0.0,0.0,0.0,0.0,0.0,0.0,0.0,0.0,0.0,0.0,0.0,0.0,0.0,0.0,0.0,0.0032679725124585036,0.0,0.0,0.0,0.0,0.0,0.0,0.0,0.0,0.0,0.0,0.0,0.0,0.0,0.0,0.0,0.0,0.0,0.0,0.0,0.0,0.0,0.0,0.0,0.0,0.0,0.0,0.0,0.0,0.0,0.0,0.0,0.0,0.0,0.0,0.0
GGCGCGTTCGAGTTTA-1,0.1232587455535859,0.329561220525823,0.009438462764037807,0.0030787507085960376,0.004715617202936907,0.023713377347826397,0.0,0.017064387684005144,0.0,0.0,0.04938684377026006,0.0,0.0,0.0,0.0,0.0,0.0,0.0,0.0,0.0,0.0,0.008796399297224327,0.0,0.0,0.0,0.0,0.0,0.0,0.05282756326257222,0.0,0.0,0.0,0.0,0.0,0.0,0.0,0.0,0.0,0.0,0.0028623894605025865,0.0,0.0,0.0,0.0,0.0,0.0,0.0,0.0,0.0,0.0,0.0,0.0,0.0,0.0,0.0,0.0,0.0,0.0,0.0,0.0,0.0,0.0,0.004443956127747228,0.0,0.0,0.0,0.0,0.0,0.0,0.0,0.0,0.0,0.0,0.0,0.0,0.0,0.0,0.0,0.0,0.0,0.0,0.0,0.0,0.0,0.0,0.0,0.00015882380849213445,0.0,0.0,0.0,0.0,0.0,0.0,0.0,0.0,0.0,0.0,0.0,0.0,0.0,0.0,0.0,0.0,0.0,0.0,0.0,0.0,0.0,0.0,0.0,0.0,0.0,0.0,0.0,0.0,0.0,0.0,0.0,0.0
GGCGTCCTATCCGCTG-1,0.25323679489885165,0.15302496157236536,0.05673547532969732,0.058167697473177106,0.034412196182685185,0.03643172791071619,0.0,0.025101012891190357,0.007407796947740522,0.024200812562926555,0.009059749120882215,0.0,0.0,0.0,0.014174149167154607,0.0077458443138314625,0.0,0.0,0.030138693545384627,0.0,0.0,0.0211453551641559,0.013005073813509571,0.0,0.0,0.0,0.004278801303442107,0.0,0.0,0.0,0.0,0.0,0.0,0.0,0.0,0.0,0.0,0.023108459777040916,0.0,0.0013303893567689197,0.005646846708224272,0.0,0.0,0.0,0.0,0.0,0.0,0.012547002128817781,0.010399383945291671,0.0,0.0,0.0,0.0,0.0,0.0,0.0,0.0,0.0,0.0,0.0,0.0,0.0,0.0,0.0,0.0,0.0,0.0,0.0,0.0,0.0,0.0,0.0,0.0,0.0,0.0,0.0,0.0,0.0,0.0,0.0,0.0,0.0,0.0,0.0,0.0,0.0,0.0,0.0,0.0,0.0,0.0,0.0,0.0,0.0,0.0,0.0,0.0,0.0,0.0,0.0,0.0,0.0,0.0,0.0,0.0,0.0,0.0,0.0,0.0,0.0,0.0,0.0,0.0,0.0,0.0,0.0,0.0,0.0,0.0
GGCTATTAAGTTGTAT-1,0.37647536418093236,0.03647423874855244,0.06921061373302817,0.06607873495093192,0.058895730002304525,0.007175920529584465,0.0,0.0,0.0,0.0,0.0,0.029416792505093173,0.0,0.0,0.0,0.0,0.01766341132146349,0.0,0.0,0.0,0.0,0.0,0.0,0.0,0.0,0.0,0.0,0.0,0.0,0.01110685534173263,0.0,0.0,0.0,0.0,0.0,0.0,0.0,0.0,0.0,0.0,0.0,0.0,0.0,0.0,0.0,0.0,0.0,0.0,0.0,0.0,0.0,0.0,0.0,0.0,0.0,0.0,0.0,0.0,0.0,0.0,0.0,0.0,0.0,0.0,0.0,0.0,0.0,0.0,0.0,0.0,0.0,0.009139015680562317,0.0,0.0,0.0,0.0,0.0,0.0,0.0,0.0,0.0,0.0,0.0,0.0,0.0,0.0,0.0,0.0,0.0,0.0,0.0,0.0,0.0,0.0,0.0,0.0,0.0,0.0,0.0,0.0,0.0,0.0,0.0,0.0,0.0,0.0,0.0,0.0,0.0,0.0,0.0,0.0,0.0,0.0,0.0,0.0,0.0,0.0,0.0
GGCTCTGCTCCAACGC-1,0.11364362484888194,0.03295400178315045,0.05420448605524129,0.009917568137068893,0.01697513888463275,0.016319525377294218,0.00790741917738751,0.026205883309934414,0.0,0.01464990116513613,0.0,0.0,0.0070544079689666105,0.0,0.005130658867409749,0.0019646050955751436,0.0,0.03393624317683776,0.0,0.0,0.03463537304947244,0.007444260888470304,0.0,0.008503790552316898,0.015262862170770611,0.00509213468733543,0.0011204578983169929,0.0,0.0,0.0,0.0,0.0,0.0050693949183738185,0.0,0.0,0.0,0.01824571280483073,0.0,0.0,0.0,0.0,0.0,0.0,0.0,0.0,0.0,0.0,0.0,0.0,0.0,0.0,0.004758075900651065,0.0,0.0027321985287841197,0.0,0.0,0.0,0.0,0.0,0.0,0.0,0.0,0.0027321985287841197,0.0,0.0,0.0,0.0,0.002970176776971732,0.0,0.0,0.0,0.0,0.0,0.0,0.0,0.0,0.0,0.0,0.0,0.0,0.0,0.0,0.0,0.0,0.0,0.0,0.0,0.0,0.0,0.0,0.0,0.0,0.0,0.0,0.0,0.0,0.0,0.0,0.0,0.0,0.0,0.0,0.0,0.0,0.0,0.0,0.0,0.0,0.0,0.0,0.0027321985287841197,0.0,0.0,0.0,0.0,0.0,0.0,0.0,0.0
GGGACCCGTATATCTT-1,0.12534441891040937,0.038626053794302805,0.05970012853249364,0.005051409994595199,0.0018250310335509166,0.000549108916226124,0.0,0.0402703292668756,0.0003026253341035801,0.000183349447913067,0.001580636656609853,0.0,0.024899419961075607,0.011756285883377814,0.014339381233074273,0.0,0.06739999014676962,0.0,0.0,0.021776476533242075,0.0,0.0008259064055695127,0.0,0.0,0.0,0.0,0.0011979727156151323,0.0006386665316169967,0.0,0.00032704246339012205,0.0,0.0,0.0,0.0,0.0,0.0,0.0,0.0004947520271920137,0.0,0.007928617808770739,0.0,0.0024869082553860347,0.008900175809871652,0.0,0.002200608651750085,0.0,0.0018379834176159822,0.0,0.0,0.0011085465386787591,0.011383744566817096,0.0,0.0026248411567329375,0.0,0.00014538788332075833,0.0001623798831579248,0.0016913721233698768,0.0,0.0,0.0004153837766708748,0.00023205320606728246,0.0,0.0,0.0016641414470218241,0.0,0.0,0.00012516211824878477,0.0,0.0,0.0,0.0,0.0,0.004358034737154347,0.0,0.0005614807196771754,0.0016303352971907914,0.0,0.0,0.0005727816509628563,0.0,0.0,0.004309543600979908,0.0003863040510745988,0.0,0.0,0.0,0.00011588661530967643,0.0,0.0,0.0,0.0,0.0,3.8704272292968705e-05,0.0,0.0,0.0,0.00020124065401917204,0.0,0.0,0.00014823901176850768,0.0,0.00017886803054068624,0.0,0.0,0.0,0.0,0.0,0.0,0.0,0.0,0.0,0.0,0.0003764543102045823,0.0,0.0,0.00011194840540962913,0.0,0.0,0.0
GGGACTGCATAGATAG-1,0.2810307557774833,0.2819772284643379,0.06261141354448693,0.05357725351593556,0.03907035392604969,0.06809621361503877,0.053763953648028814,0.0093407913163523,0.018158512627555693,0.0,0.002570404551001576,0.019339500439052994,0.0,0.0,0.009533386495206629,0.0019266985949735558,0.0,0.0,0.00484901842809658,0.0,0.0,0.0,0.0035728129977386333,0.0,0.0,0.0,0.004563786662126739,0.0,0.0,0.0,0.0,0.0,0.0,0.0,0.0,0.0,0.0,0.0,0.0018827969898279917,0.010890568124695157,0.0004283257930661658,0.0,0.0,0.0,0.0,0.0,0.0,0.0,0.004032522488342581,0.0033429279726358493,0.0,0.0,0.0,0.004032522488342581,0.0,0.0,0.0,0.0,0.0,0.0,0.0007789361397283111,0.0,0.0,0.0,0.0,0.0,0.0,0.0,0.0,0.0,0.0,0.0,0.0,0.0,0.0,0.0,0.0,0.0,0.0,0.0,0.0,0.0,0.0,0.0,0.0,0.0,3.560351490834064e-05,0.0,0.0,0.0,0.0,0.0,0.0,0.0,0.0,0.0,0.0,0.0,0.0,0.0,0.0,0.0,0.0,0.0,0.0,0.0,0.0,0.0,0.0,0.0,0.0,0.0,0.0,0.0,0.0,0.0,0.0,0.0,0.0
GGGAGAACTCACAGTA-1,0.0,0.0,0.0,0.0,0.0,0.03162498194586167,0.0305723372482123,0.004145976745447685,0.018160319578381504,0.0,0.004069262205302595,0.0,0.0,0.0,0.03475985811145463,0.0,0.0,0.0,0.0,0.0,0.0,0.006864842428849967,0.0,0.0,0.0,0.0,0.0,0.0,0.0,0.0,0.0,0.0,0.0,0.0,0.0,0.0,0.0,0.0,0.0,0.003612662107365726,0.0,0.0,0.0,0.0,0.0,0.0,0.0,0.0,0.0,0.0,0.0,0.0,0.0,0.0,0.0,0.014302514650975021,0.0,0.0071512573254875105,0.0,0.0,0.0,0.0,0.0,0.0,0.0,0.0,0.0,0.0,0.0,0.0,0.0,0.0,0.0,0.0,0.0,0.0,0.0,0.0,0.0,0.0,0.0,0.0,0.0,0.0,0.0,0.0,0.0,0.0,0.0,0.0,0.0,0.0,0.0,0.0,0.0,0.0,0.0,0.0,0.0,0.0,0.0,0.0,0.0,0.0,0.0,0.0,0.0,0.0,0.0,0.0,0.0,0.0,0.0,0.0,0.0,0.0,0.0,0.0,0.0
GGGAGGATGCCCGAAA-1,0.30002495508901567,0.4298684788067062,0.18665619754415783,0.058510744775223535,0.05404139226800194,0.05530057312980042,0.026027758841068567,0.04441270137202229,0.0,0.023662131546544642,0.007284041494264534,0.0,0.032125231754354056,0.0,0.0,0.0,0.0,0.0,0.031050441922397948,0.0,0.0,0.0,0.0,0.0,0.0,0.0,0.0,0.0,0.0,0.0,0.0,0.0,0.0,0.0,0.0,0.006060399892494975,0.0,0.0,0.0,0.0,0.0,0.0,0.0,0.0,0.0,0.0,0.0,0.0,0.0,0.0,0.0,0.0,0.0,0.0,0.008629821621276242,0.0,0.0,0.0,0.0,0.0,0.0,0.0,0.006836681613644556,0.0,0.0,0.0,0.0,0.0,0.0,0.0,0.0,0.0,0.0,0.0,0.0,0.0,0.0,0.0,0.0,0.0,0.0,0.0,0.0,0.0,0.02132179104784253,0.0,0.0005979102346140314,0.0,0.0,0.0,0.0,0.0,0.0,0.0,0.0,0.0,0.0,0.0,0.0,0.0,0.0,0.0,0.0,0.0,0.0,0.0,0.0,0.0,0.0,0.0,0.0,0.0,0.0,0.0,0.0,0.0,0.0,0.0,0.0
GGGATGGTCGTAACCG-1,1.1079836372008498,0.4570372917902192,0.17768508101430125,0.09985761714539622,0.0687708620082722,0.09115579744013512,0.018220232107963405,0.0404646329954122,0.021589733586683764,0.07414589483108876,0.041131218930526285,0.019348273661766658,0.02339977046345503,0.0,0.02854531807482966,0.02678175109519709,0.0,0.0,0.058448984879068404,0.0,0.0,0.0,0.031316924875422855,0.0,0.0,0.014231660981140787,0.0042074433129662536,0.0,0.0,0.0,0.05746897070366994,0.0,0.0,0.0,0.0,0.0,0.0,0.0,0.0,0.0,0.0,0.0,0.0,0.0,0.0,0.0,0.0,0.0,0.0,0.0,0.0,0.0,0.0,0.004277349199425417,0.0,0.0,0.0,0.0,0.0,0.0,0.0017921304303219604,0.011641092730244846,0.010872325298582496,0.0,0.0,0.016168611974291605,0.0,0.0,0.0,0.0,0.0,0.0,0.0,0.0,0.0,0.0,0.0,0.0,0.0,0.0,0.0,0.0,0.0,0.0,0.0,0.004277349199425417,0.0,0.0,0.0,0.0,0.0,0.0,0.0,0.0,0.0,0.0,0.0,0.0,0.0,0.0,0.0,0.0,0.0,0.0,0.0,0.0,0.0,0.0,0.0,0.0,0.0,0.0,0.0,0.0,0.0,0.0,0.0,0.0,0.0
GGGCCCGTCTTAAACA-1,0.1132351968781897,0.0,0.09573880830850799,0.037971401774540364,0.011733244105377159,0.020732104007172427,0.0,0.0069101985372912195,0.003775998033479088,0.022014723994680796,0.009907995396588438,0.0,0.0,0.0,0.0,0.005696209033210282,0.0,0.0,0.0,0.0,0.0,0.0,0.0,0.0,0.0,0.004783348584858717,0.0,0.0,0.0,0.0,0.0,0.0,0.0,0.0,0.0,0.0,0.0,0.0,0.0,0.0,0.011173979357842216,0.0,0.0,0.0,0.0,0.0,0.0,0.0,0.0,0.0,0.0,0.0,0.0,0.005821476861851435,0.0,0.0,0.0,0.0,0.0,0.0,0.0,0.0,0.0,0.0,0.0,0.0,0.0,0.0,0.0,0.0,0.0,0.0,0.0,0.0,0.0,0.0,0.0,0.0,0.0,0.0,0.0,0.0,0.0,0.0,0.0,0.0,0.0,0.0,0.0,0.0,0.0,0.0,0.0,0.0,0.0,0.0,0.0,0.0,0.0,0.0,0.0,0.0,0.0,0.0,0.0,0.0,0.0,0.0,0.0,0.0,0.0,0.0,0.0,0.0,0.0,0.0,0.0,0.0,0.0
GGGCCCTACGAAAGGG-1,0.49367302163523297,0.31032935529290223,0.09437960097538567,0.07161127483652804,0.005263684360455007,0.007853278742071784,0.014730795334995269,0.024493557224242016,0.011942455176199613,0.04848987400003715,0.021357008142063073,0.017568164205507317,0.0038780341754747908,0.08298019276679408,0.0024073748753791675,0.027380959069076193,0.023847356339307596,0.03500243600971724,0.02756976200240426,0.02217623572126705,0.0,0.006879031060824126,0.022689105211355875,0.010343189702906921,0.0,0.0,0.007572049060840277,0.0,0.010952428627423957,0.0,0.0,0.0,0.0,0.0,0.01732952068376459,0.0,0.0,0.0,0.006096597763352514,0.0024462728475124927,0.0,0.0,0.0,0.0,0.0,0.0,0.0,0.0,0.0,0.0,0.0016415962916556128,0.0,0.0,0.0,0.0,0.00265330525346574,0.0,0.0035928621219949684,0.0,0.0,0.0,0.00265330525346574,0.0,0.0,0.0,0.0,0.0,0.0,0.0,0.0,0.0,0.0,0.0,0.0,0.0,0.0,0.0,0.0,0.005010128276056949,0.0,0.0,0.0,0.0,0.0,0.0,0.0017964310609974842,0.00034068618913054243,0.0,0.0,0.0,0.0,0.0,0.0,0.0,0.0,0.00015398703968615358,0.001795971344244336,0.0,0.0,0.0,0.0,0.0,0.0,0.0,0.0,0.0,0.0,0.0,0.0,0.0,0.0,0.0,0.0,0.0,0.0,0.0,0.0,0.0,0.0
GGGCCCTTATCTATAC-1,0.03306573040072648,0.038917874418010964,0.017145816174829076,0.0006822777213152367,0.0,0.0,0.03768971674305103,0.0,0.0,0.0,0.0,0.0,0.0,0.0,0.0034838702704028013,0.005301675100765407,0.021595187192147605,0.0,0.0,0.0,0.0,0.0,0.003623630034870912,0.0,0.0,0.0,0.0,0.0,0.0,0.019845142970413485,0.0,0.0,0.001638270263142077,0.0,0.0019294152077878408,0.0,0.0,0.0,0.0,0.0028886357592584786,0.0,0.0,0.025386089312044002,0.0,0.0,0.0,0.0009714271449559016,0.0,0.0,0.0,0.0,0.0,0.0012425825426934291,0.0,0.0015176372538870245,0.0,0.0,0.0,0.0,0.0,0.0,0.0,0.0,0.000645502276295488,0.0,0.0,0.0,0.0,0.0,0.0,0.0,0.0,0.0,0.0,0.0,0.0,0.0,0.0012950966532492138,0.0,0.0006212912713467146,0.0,0.0,0.0,0.0,0.0,0.0,0.0,0.0,0.0,0.0,0.0,0.0,0.0,0.0,0.0,0.0,0.0,0.0,0.0,0.0,0.0,0.0,0.0,0.0,0.0,0.0,0.0,0.0,0.0,0.0,0.0,0.0,0.0,0.0,0.0,0.0,0.0,0.0,0.0
GGGCCGGCCGAAGTAC-1,0.4096113567377947,0.0,0.16172461555505185,0.08815553028512023,0.028550673545396525,0.014327230681379876,0.0,0.008809527422354637,0.0,0.0,0.0,0.05039579307945147,0.0,0.0,0.0,0.0,0.0,0.0,0.0,0.0,0.0,0.0,0.0,0.0,0.0,0.0,0.0038895635541417277,0.0,0.0,0.01155341068586984,0.0,0.0,0.0,0.0,0.0,0.0,0.0,0.0,0.0,0.0,0.0,0.0,0.0,0.0,0.0,0.013816195963222462,0.0,0.0,0.0,0.0,0.0,0.0,0.0,0.0,0.0,0.0,0.0,0.0,0.0,0.0,0.0,0.0,0.0,0.0,0.0,0.0,0.0,0.0,0.0,0.0,0.0,0.0,0.0,0.0,0.0,0.0,0.0,0.0,0.0,0.0,0.0,0.0,0.0,0.0,0.0,0.0,0.0,0.0,0.0,0.0,0.0,0.0,0.0,0.0,0.0,0.0,0.0,0.0,0.0,0.0,0.0,0.0,0.0,0.0,0.0,0.0,0.0,0.0,0.0,0.0,0.0,0.0,0.0,0.0,0.0,0.0,0.0,0.0,0.0
GGGCGGCAAATGAATT-1,0.357554376048623,0.09219827239551782,0.054668759615628656,0.01039220971557763,0.017428105437928568,0.06583161428299295,0.049119346552759534,0.01784430234508605,0.02908468266885656,0.059425557507634626,0.04109726959695236,0.0,0.0,0.03571649749461809,0.01009947074344305,0.020650683478182177,0.012705042423909525,0.0,0.0,0.02483029547974152,0.0,0.004711261607819597,0.0,0.0,0.0,0.032226739126960946,0.007440375232472538,0.0,0.0,0.010856406576655315,0.0,0.0,0.007775835016441498,0.0,0.0,0.0,0.0,0.016745530490414842,0.0,0.0,0.0003837444657421894,0.0,0.0,0.0,0.0,0.0,0.0,0.009316120796548406,0.0,0.0,0.0,0.0,0.0,0.0,0.0,0.0,0.0,0.0027577437211804877,0.0,0.0,0.0,0.0027577437211804877,0.0,0.0023575829968218035,0.0,0.0,0.0,0.0,0.00903377381070357,0.0,0.0,0.0,0.0,0.0,0.0,0.0,0.0,0.0,0.005106874787907547,0.0,0.0,0.0,0.0,0.0,0.0,0.0,0.0,0.0,0.0,0.0,0.0,0.0,0.0,0.0,0.0,0.003994504410638951,0.0,0.0,0.0,0.0,0.0,0.0,0.0,0.0,0.0,0.0,0.0,0.003887917508220749,0.0,0.0,0.0,0.0,0.0,0.0,0.0,0.0,0.0,0.0,0.0
GGGCGGGTTCCCTACG-1,0.3555471026388434,0.07861633722580168,0.07507107949741376,0.059330510698613156,0.039063046774696145,0.02521330982678746,0.008617792543491293,0.0,0.0,0.0,0.01308461175321893,0.0,0.0,0.0,0.012797912099188314,0.0,0.0,0.0,0.0,0.0,0.0,0.01096381550404132,0.0,0.0,0.0,0.015602623674427728,0.0,0.0,0.0,0.0,0.0,0.0,0.0,0.0,0.0,0.0,0.0,0.0,0.01570999334299243,0.0,0.0,0.0,0.0,0.0,0.0,0.0,0.0,0.0,0.019878657315678554,0.0,0.0,0.0,0.0,0.0,0.0,0.0,0.0,0.0,0.008960446506117093,0.0,0.008374857509076981,0.0,0.0,0.0,0.0,0.0,0.0,0.0,0.0,0.0,0.0,0.0,0.0,0.0,0.0,0.0,0.0,0.0,0.0,0.0,0.0,0.0,0.0,0.0,0.0,0.0,0.0,0.0,0.0,0.0,0.0,0.0,0.0,0.0,0.0,0.0,0.0,0.0,0.0,0.0,0.0,0.0,0.0,0.0,0.0,0.0,0.0,0.0,0.0,0.0,0.0,0.0,0.0,0.0,0.0,0.0,0.0,0.0,0.0
GGGCGTCACCACGTAA-1,1.161950105821267,0.5261531251386795,0.011008168292205049,0.10744243462908531,0.046083980417980085,0.009434901179005991,0.025247235936388775,0.05392002906953128,0.009865612169650768,0.0,0.037214259471482825,0.034120695263381184,0.0,0.022018561097424012,0.015334777858219274,0.004436868032529522,0.00657036250511768,0.0,0.0040462027734426784,0.010979807825723076,0.0,0.0,0.010093502508646272,0.001288006299660816,0.0,0.0,0.001913413235680615,0.0,0.0,0.0,0.0,0.0,0.006654708709616583,0.0163359210422715,0.023657624846465317,0.0,0.0,0.007139724854728628,0.0037227868685899244,0.0018937828622839449,0.0,0.0,0.0,0.0035472190014561133,0.0,0.0,0.0,0.00886055968173819,0.0,0.0,0.0,0.0,0.0,0.0,0.0,0.0014112872273340138,0.0,0.0,0.0,0.0,0.0,0.0,0.0,0.00046680809903847873,0.0,0.0,0.0,0.0,0.0,0.0,0.0,0.0,0.00029493462105094093,0.0,0.0,0.001748469511038747,0.0,0.0,0.0,0.0,0.0,0.0,0.0014112872273340138,0.0,0.0,0.0,0.0,0.0,0.0017375495725545287,0.0,0.0,0.0,0.0,0.0,0.0,0.0,0.0,0.0,0.0,0.0,0.0,0.0,0.0,0.0,0.0,0.0,0.0,0.0,0.0,0.0,0.0,0.0,0.0,0.0,0.0,0.0,0.0,0.0,0.0
GGGCTATGATCGATGG-1,0.06805742454560099,0.04336575958540096,0.01165807742083293,0.000881694773642585,0.0003785066647280645,0.0,0.010786414893890149,0.048799431842213935,0.000402779492109936,0.002972015483006645,0.003782209794920288,0.0,0.018414665228730982,0.009788313412134495,0.015617276907331607,0.0022327433356457045,0.09270159656319095,0.0,0.0,0.011933245134652663,0.0,0.0018883378765099969,0.0,0.00020373453125423931,0.06407152246415208,0.0,3.511871320666694e-05,0.0,0.0,0.009077005423446211,0.004254567834314768,0.01870616283709257,0.0,0.0003461402681375344,0.0,0.0,0.0,0.001353101153723669,0.014038400254956484,0.004588831387500606,0.0,0.007749739702916965,0.0,0.0,0.00130882038559811,0.0,0.0018316723609530614,0.000295184151533441,0.0,0.002222591739877771,0.0032545175510322317,0.0,0.003208187737933217,0.0,0.001714591704066047,0.0,0.0,0.0,0.0,0.0001947132664557504,0.0003565996164477353,0.0,0.0,0.002815626187112849,0.0010943427071079689,0.0,0.00011035668883544808,0.0,0.0,0.0,0.0,0.0,0.00020179920958075047,0.0,0.0,0.0016407550577344715,0.0,0.0,0.0,0.0008291795978254341,0.0,0.004145756517621544,0.0002242674558212717,0.0,0.0,0.0,4.678754027107724e-05,0.0,0.0008472473223872263,0.0,0.0,0.0,0.0,0.0,0.0,0.0,0.00015930891671293618,0.0,0.0,0.0,0.0,5.9789522909862044e-05,6.76102354113996e-05,0.0,0.0,0.0,0.0,0.0,0.0,0.0,0.0,0.0,0.0005014956835613085,0.0,0.0,0.0,0.0,0.0,0.0
GGGCTGCCTAGGGCGA-1,0.23527308787379775,0.0,0.04408593827054634,0.0360947656945842,0.004492942429322215,0.03226158274233485,0.0,0.027394746095498138,0.0,0.0,0.02375815137843076,0.0,0.0,0.0,0.005134227024497818,0.0,0.0,0.0,0.0,0.0,0.0,0.0,0.0,0.0,0.0,0.0089759369372153,0.0,0.0,0.0,0.0,0.0,0.0,0.0,0.0,0.0,0.0,0.0,0.0,0.0,0.0,0.0,0.0,0.0,0.0,0.0,0.0,0.0,0.0,0.0,0.0,0.0,0.0,0.01093459604219248,0.0,0.0,0.0,0.0,0.0,0.0,0.0,0.0,0.0,0.0,0.0,0.0,0.0,0.0,0.0,0.0,0.0,0.0,0.0,0.0,0.0,0.0,0.0,0.0,0.0,0.0,0.0,0.0,0.0,0.0,0.0,0.0,0.0,0.0,0.0,0.0,0.0,0.0,0.0,0.0,0.0,0.0,0.0,0.0,0.0,0.0,0.0,0.0,0.0,0.0,0.0,0.0,0.0,0.0,0.0,0.0,0.0,0.0,0.0,0.0,0.0,0.0,0.0,0.0,0.0,0.0
GGGTACTTCATGAACT-1,0.6419127613382242,0.19201069379842525,0.12077115168757149,0.10985079783638454,0.04752206686929194,0.01644265811518318,0.03500880624836244,0.008014558955427017,0.0,0.0,0.0,0.0,0.0,0.0,0.0,0.0,0.0,0.02790549609567684,0.0,0.0,0.0,0.0,0.0,0.016945761759913313,0.0,0.014565866289402896,0.0,0.0,0.0,0.0,0.0,0.0,0.0,0.0,0.0,0.0,0.0,0.0,0.0,0.0,0.0,0.0,0.0,0.0057508501992471865,0.0,0.0,0.0,0.0,0.0,0.0,0.0,0.0,0.0,0.0,0.0,0.0,0.0,0.0,0.0,0.0,0.0,0.0,0.0,0.0,0.0,0.0,0.0,0.0,0.0,0.0,0.0,0.0,0.0,0.0,0.0,0.0,0.0,0.0,0.0,0.0,0.0,0.0,0.0,0.0057508501992471865,0.0,0.0,0.0009279379206568108,0.0,0.0,0.0,0.0,0.0,0.0,0.0,0.0,0.0,0.0,0.0,0.0,0.0,0.0,0.0,0.0,0.0,0.0,0.0,0.0,0.0,0.0,0.0,0.0,0.0,0.0,0.0,0.0,0.0,0.0,0.0,0.0
GGGTATGTATGCACTT-1,0.6414486463322209,0.9220033853358695,0.10047219499539829,0.11267533338569774,0.16755566985090853,0.04103924437314122,0.021664487492481135,0.044907510860948414,0.040671031317426394,0.010799325130103744,0.018034119207418514,0.0,0.0,0.012224262143079985,0.012937270842172183,0.013373689504154442,0.01557128521351972,0.0,0.008852446654911375,0.0014934291692965745,0.007346798643625438,0.01950158011571447,0.008649090253721122,0.0035598508644155815,0.0,0.0028573018933476025,0.011315816974867969,0.0,0.004852687284322616,0.0014140404835613235,0.03151288282110541,0.0001509671990285973,0.0,0.0,0.0,0.0,0.0,0.0,0.0,0.005727228427483326,0.009980833200438943,0.004539934293019369,0.0,0.0,0.0,0.0,0.0,0.0,0.002151941960576874,0.0,0.0,0.0024271978673769696,0.0,0.0,0.0,0.0,0.0,0.0,0.0,0.0035110066003847156,0.0037343369257493548,0.0,0.0,0.0,0.0,0.0,0.0026401453380501183,0.0,0.0,0.0014718314501270336,0.0,0.0,0.0,0.0,0.0,0.0,0.0,0.0011783226790473716,0.0,0.0006872747311516221,0.0,0.0,0.0,0.004768021910876361,0.0,0.0,0.0014251421752472671,0.0,0.0,0.0,0.0,0.0,0.0,0.0,0.0,0.0,0.0,0.0,0.0,0.0,0.0,0.0,0.0,0.0,0.0,0.0,0.0,0.0,0.0,0.0,0.0,0.0,0.0,0.0,0.0,0.0,0.0,0.0,0.0
GGGTCGTGGCAAGTGT-1,0.0,0.0,0.3034284773872442,0.0,0.0,0.0,0.0,0.0,0.0,0.0,0.0,0.0,0.020515445880169868,0.0,0.0,0.0,0.0,0.0,0.0,0.0,0.0,0.0,0.0,0.0,0.0,0.0,0.0,0.0,0.0,0.009563663423220181,0.0,0.0,0.0,0.0,0.0,0.0,0.0,0.0,0.0,0.0,0.0,0.0,0.0,0.0,0.0,0.0,0.0,0.0,0.0,0.0,0.0,0.0,0.0,0.0,0.0,0.0,0.0,0.0,0.0,0.0,0.0,0.0,0.0,0.0,0.0,0.0,0.0,0.0,0.0,0.0,0.0,0.0,0.0,0.0,0.0,0.0,0.0,0.0,0.0,0.0,0.0,0.0,0.0,0.0,0.0,0.0,0.0,0.0,0.0,0.0,0.0,0.0,0.0,0.0,0.0,0.0,0.0,0.0,0.0,0.0,0.0,0.0,0.0,0.0,0.0,0.0,0.0,0.0,0.0,0.0,0.0,0.0,0.0,0.0,0.0,0.0,0.0,0.0,0.0
GGGTGACACCTTAACT-1,0.046761203859774766,0.04634784462238541,0.05085007642404452,0.013658256495826374,0.02753912248968149,0.02583713735487317,0.0,0.016251254723432845,0.008837961867811515,0.009569693687337096,0.02277705586731448,0.008545546359506736,0.021673050161928175,0.02327450664924227,0.0,0.0,0.035973029858011575,0.013556382510133722,0.0,0.03410395869423465,0.0,0.0,0.0,0.006327237811071862,0.0,0.0,0.008029646325156646,0.0,0.0,0.005624001309506497,0.0,0.0,0.0,0.0,0.052062890005831274,0.0,0.0,0.004537531314418281,0.0,0.0,0.0,0.0,0.0,0.00288762668024459,0.0,0.0,0.0,0.0,0.0,0.0,0.0,0.0,0.0,0.0,0.007691337495085444,0.00288762668024459,0.0,0.0,0.0,0.0,0.0025257359868013224,0.0,0.0,0.0,0.0,0.0,0.0,0.0,0.0,0.0,0.0,0.0,0.0,0.0,0.0,0.0,0.0,0.004773749502588202,0.0,0.0,0.0,0.0,0.0,0.0,0.0,0.0,0.0,0.0,0.0,0.0,0.0,0.0,0.0,0.0,0.0,0.0,0.0,0.0,0.0,0.0,0.0,0.0007193904582176438,0.0,0.0,0.0,0.0,0.0,0.0,0.0,0.0,0.0,0.0,0.0,0.0,0.0,0.0,0.0,0.0,0.0
GGGTTAACATTTGAGT-1,0.1832028645604723,0.24931186889073667,0.11257642555691504,0.015955346407410056,0.008524961820210428,0.004463451905382828,0.006506142841466997,0.057332714825619475,0.0008377344098489175,0.0011968205827399528,0.021244888678725808,0.0,0.0001918026493755431,0.0029481213863426442,0.008485496564524254,0.0,0.050799152079619755,0.0,0.0,0.003262157870270179,0.0,0.0017084507956253007,0.0,0.0,0.0109075711421795,0.005371754945240366,8.672804075444805e-05,0.0,0.0,0.007410595828860178,0.0,0.013852145346293629,0.00041123970666217093,0.0032329740654114545,0.0010588213196390042,0.009907089679306208,0.0,0.0,0.0,0.007050381628639737,0.0,0.0,0.0,0.0012113700738162862,0.0005807437273723441,0.0,0.0011636715042930808,0.0,0.0,0.0010291793084515016,0.002783351024611041,0.0,0.0014507773369739224,0.0,0.001627610070980029,0.0,0.0,0.0,0.0,0.0,0.0,0.0,0.0,0.0010869732622365976,0.0008208984328140109,0.0,0.00014045920747259122,0.0,0.0004054433983323566,0.0,0.0,0.0,0.00010408519298849808,0.0,0.0032332055859922173,0.0,0.0,0.0,0.0,0.0,0.0,0.0,0.0008405349502746139,0.0,0.0,0.0,0.0,0.0,0.0,0.0,0.0,0.0005367443103100736,0.0,0.0,0.0,0.0,3.105282209353683e-05,0.0,0.0,0.0,0.0,0.0,0.0,0.0,0.0,0.0,0.0,0.0,0.0,0.0,0.0,0.0,0.0003037906399645403,0.0,0.0,0.0002103805857260569,0.0001715920394799973,0.0,0.0
GGTACAAACATGCTAT-1,1.3194705912133873,0.25129548263096924,0.08279858805813842,0.09629625460691063,0.10874952169973952,0.03166144424032605,0.007817498156815551,0.007493647610476739,0.0,0.0,0.006470169521113334,0.008176137665659092,0.0,0.017175295013448586,0.012105244202274875,0.006854448409975608,0.0,0.0,0.0,0.0,0.0,0.0,0.0,0.0,0.0,0.0,0.006782766369765863,0.0,0.0,0.0,0.0,0.0019790635188470128,0.0,0.0,0.012562654354476203,0.0,0.0,0.0,0.0,0.0,0.0,0.0,0.0,0.0038812148696075904,0.0,0.0,0.0,0.0,0.0,0.0038812148696075904,0.0,0.0,0.0,0.0,0.0,0.0,0.0,0.0,0.0,0.0,0.0016776019956821558,0.0,0.0,0.0,0.0,0.0,0.0,0.0,0.0,0.0,0.0,0.0,0.0,0.0,0.0,0.0,0.0038812148696075904,0.0,0.0,0.0,0.0,0.0,0.0,0.0,0.011291447015168795,0.0,0.0,0.0,0.0,0.0,0.0038812148696075912,0.0,0.0,0.0,0.0,0.0013726718534747115,0.0,0.0,0.0,0.0,0.0,0.0,0.0,0.0,0.0,0.0,0.0,0.0,0.0,0.0,0.0,0.0,0.0,0.0,0.0,0.0,0.0,0.0,0.0
GGTACATCTGGGACGA-1,1.0181648031409143,0.6926375686308972,0.060736088724009735,0.0,0.04746876008756226,0.005479537314020756,0.053001806537906836,0.03958221254871564,0.014940129702131542,0.07971559586945387,0.013850632798304664,0.059440152882908576,0.0236867858639892,0.0,0.00590241170213277,0.04180748352432334,0.0,0.016212396807540094,0.0618254474751111,0.0,0.0,0.005692473625410291,0.03381959202739134,0.010351616448242396,0.0,0.0,0.0,0.0,0.035789836720347724,0.0,0.0,0.0,0.003587200564987219,0.0,0.0,0.01767495505255834,0.0,0.0,0.0,0.006243436494144528,0.0,0.0,0.0,0.0017936002824936095,0.0,0.0,0.007749094906849628,0.003587200564987219,0.0,0.0,0.0,0.0,0.0,0.0,0.0,0.003587200564987219,0.0,0.0,0.0,0.0,0.0,0.0,0.0,0.0,0.0,0.0,0.0,0.0,0.0,0.0,0.0,0.0,0.0,0.0,0.0,0.0,0.0,0.0,0.0,0.0,0.0,0.0,0.0,0.0,0.0,0.0,0.0,0.0,0.0,0.0,0.0,0.0017936002824936095,0.0,0.0,0.0,0.0,0.001794556203424323,0.0,0.0,0.00278975561313562,0.0,0.0,0.0,0.0,0.0,0.0,0.0,0.0,0.0,0.0,0.0,0.0,0.0,0.0,0.0,0.0,0.0,0.0,0.0
GGTAGACCGTTGGGCG-1,0.22852161466830417,0.30815009456090575,0.12706556835646016,0.010438142735942737,0.007260952448872135,0.019653899345381705,0.04740900230423554,0.03266374926739671,0.0012245462191677503,0.02973500779563753,0.032441112722793326,0.025718274489754653,0.00997241919266468,0.030007330962323345,0.004808296477059684,0.016623836702218897,0.012841180710992843,0.0,0.0,0.007244421760804606,0.0,0.0036550817922362004,0.0,0.0,0.04548052958907056,0.0,0.0,0.0,0.0,0.0,0.0,0.0,0.0,0.0,0.0,0.0,0.0,0.0,0.0,0.010312042902661505,0.0,0.0,0.0,0.0,0.0,0.0,0.004835137201822014,0.0006466260269819046,0.0,0.004080754188034803,0.007867749090578776,0.0,0.0006466260269819046,0.0,0.0,0.0006466260269819045,0.0021021034689789383,0.0,0.0,0.0,0.0013049244547968766,0.0,0.0,0.0005322250892706498,0.0,0.0,0.0,0.0,0.0,0.0019726129316297056,0.0,0.0,0.0,0.0,0.004056856618712265,0.0,0.0,0.0,0.0,0.0,0.0,0.0,0.0,0.0,0.0,0.0,0.0002504852269103714,0.0,0.0,0.0,0.0015075367005395444,0.0,0.0,0.0,0.0,0.0,0.0,0.0,0.0,0.0,0.0,0.0,0.0,0.0,0.0,0.0,0.0,0.0,0.0,0.0,0.0,0.0,0.0,0.0,0.0,0.0,0.0,0.0,0.0
GGTAGTGCTCGCACCA-1,0.04832049262813474,0.0,0.0,0.0,0.006768028764149669,0.0035212892703036184,0.004492942429322215,0.0,0.013959046687405538,0.0,0.002597375461947278,0.0,0.0,0.0,0.0,0.0,0.0,0.0,0.0,0.0,0.0,0.0,0.0,0.0,0.0,0.0,0.0,0.0,0.0038210127896182557,0.0,0.0,0.0,0.008554289969144086,0.0,0.0,0.0,0.0,0.0,0.0,0.0,0.0,0.0,0.0,0.0,0.0,0.0,0.0,0.0,0.0,0.0,0.0,0.0,0.0,0.0,0.0,0.0,0.0,0.0,0.0,0.0,0.0,0.0,0.0,0.0,0.0,0.0,0.0,0.0,0.0,0.0,0.0,0.0,0.0,0.0,0.0,0.0,0.0,0.0,0.0,0.0,0.0,0.0,0.0,0.0,0.0,0.0,0.0,0.0,0.0,0.0,0.0,0.0,0.0,0.0,0.0,0.0,0.0,0.0,0.0,0.0,0.0,0.0,0.0,0.0,0.0,0.0,0.0,0.0,0.0,0.0,0.0,0.0,0.0,0.0,0.0,0.0,0.0,0.0,0.0
GGTCAGTGGGTCCCAC-1,0.34491482503871373,0.040085210858028616,0.22048874864352885,0.09958655811767747,0.06565466947240675,0.06993421328024184,0.0,0.019330356293752002,0.0,0.0,0.10365548159653885,0.00860636009696535,0.009850811346637702,0.017646462852405176,0.026756956422119574,0.0,0.0,0.0,0.0,0.0,0.01628773345885267,0.01752494155304153,0.0,0.0,0.0,0.0,0.0034398569881603997,0.0,0.0,0.0,0.0,0.0,0.0,0.0,0.02647816005908374,0.0,0.0,0.0,0.013552152682740789,0.0,0.0,0.0,0.0,0.0,0.0,0.0,0.00468503305786662,0.0025327807600672397,0.0,0.0,0.0,0.0,0.0,0.0,0.0,0.0,0.0,0.0,0.0,0.0,0.0007086382332412112,0.0,0.0,0.0,0.0,0.0,0.0018866185036503348,0.0,0.0,0.0,0.0,0.0,0.0,0.0,0.0,0.0,0.0,0.0,0.0,0.0,0.0,0.0,0.0,0.0,0.0,0.0,0.0,0.0,0.0,0.0,0.0,0.0,0.0,0.0,0.0,0.0,0.0,0.0,0.0,0.0,0.0,0.0,0.0,0.0,0.0,0.0,0.0,0.0,0.0,0.0,0.0,0.0,0.0,0.0,0.0,0.0,0.0,0.0,0.0
GGTCGGATAAACGGCG-1,0.4614321081090678,0.08126631505308932,0.14010273420829078,0.09891014904448583,0.02528369454059669,0.008787091576246894,0.0,0.04369084095348156,0.0,0.006364226323870872,0.0,0.0,0.0,0.0031703073210940405,0.0,0.0052604027508598074,0.0,0.0,0.0,0.005281362292784969,0.06462126082630638,0.0,0.0,0.0,0.0,0.0,0.0,0.0,0.0,0.0,0.0,0.0,0.0,0.0,0.0,0.0,0.0,0.0,0.0,0.0,0.0,0.0,0.0,0.0,0.0,0.0,0.0,0.0,0.0,0.0,0.0,0.0,0.0,0.0,0.0,0.0,0.0,0.0,0.0,0.0,0.0,0.0,0.0,0.0,0.0,0.0,0.0,0.0,0.0,0.0,0.012606254803445653,0.0,0.0,0.00844820142620659,0.0,0.0,0.0,0.0,0.0,0.0,0.0,0.0,0.0,0.0,0.0,0.0,0.0,0.0,0.0,0.0,0.0,0.0,0.0,0.0,0.0,0.0,0.0,0.0,0.0,0.0,0.0,0.0,0.0,0.0,0.0,0.0,0.0,0.0,0.0,0.0,0.0,0.0,0.0,0.0,0.0,0.0,0.0,0.0,0.0
GGTCGGTCGTCCACAG-1,0.38544224209680605,0.23100708908995526,0.08844604618726963,0.012123227034194592,0.011412452940668012,0.0022557538429092165,0.010353306746654764,0.03170438208047892,0.00011652649644115038,0.002438420975761991,0.002169749173460319,0.016193435397097555,0.016897855383478735,0.05538181617014011,0.011739885006270346,0.0,0.06630558893792371,0.00042676722699848423,0.0,0.09751812740862704,0.0,0.0035762352392246957,0.0,0.0,0.03562705269435589,0.0016397565056952108,0.0,0.0,0.0,0.0,0.0,0.02517172653494447,0.00043567601371582353,0.0022840024785244868,0.0009581964591054877,0.0,0.0,0.0,0.0,0.008474604037978064,0.0,0.006904951451200469,0.009965226533628519,0.0,0.0018998205545609726,0.0,0.0019248392998372499,0.0,0.0,0.00014629355001847473,0.0015116024410096786,0.0,0.002390645512581003,0.0,0.0011869778031499707,0.0,0.0,0.0,0.0,0.0007484254339492424,0.00019015838975532324,0.0,0.0,0.0011364516387601356,0.000553975876632303,0.0,0.00013705017184704687,0.0,0.0,0.0,0.0,0.0,0.0005826097082265389,0.0,0.0005929659605494903,0.0017773319900172568,0.0,0.0,0.0,0.0,0.00255220108594929,0.0,0.0005471278543643804,0.0,0.0,0.0,5.572727745951692e-05,0.0,0.002047944445588882,0.0,0.0,0.0,0.0,0.0,0.0,0.0,0.0001850255050524299,0.0,0.0,0.0,0.0,0.0,8.093416810535846e-05,0.0004929887905584547,0.0,0.0,0.0,0.0,0.0,0.0,0.0,0.0,0.0,0.0,0.0,0.00022249838287294205,0.0,0.0,0.0
GGTCTCTGAATGGACT-1,0.03350504650790441,0.03591899447792388,0.003581921892759257,0.0,0.0,0.0014114491707334354,0.02155860091090804,0.0,0.0027332461051113918,0.001629686456617729,0.00044699311107447093,0.0,0.0,0.02126303438775378,0.012234318566512586,0.0,0.026984129541103984,0.0,0.0,0.0747691329309882,0.0,0.0020908223483895112,0.0,0.0,0.0,0.004286221827164285,0.0,0.0,0.0,0.018640631926352715,0.0,0.0,0.0,0.0023568775865216666,0.0,0.0,0.0,0.0,0.0,0.005850021699110201,0.0003265599419060938,0.0032003395189898125,0.01675020850832905,0.0,0.0,0.0,0.0,0.0,0.0,0.0003786850247042146,0.0,0.0,0.0,0.0,0.0,0.0,0.0,0.0,0.0,0.0,0.0008533714349625267,0.0,0.0,0.00011436897584505171,0.0013708961613195891,0.0,0.0005880814797150746,0.0,0.0,0.0018857271992600215,0.0,0.0,8.422449228426856e-05,0.0,0.0,0.0,0.0,0.0016902815628466114,0.0,0.0,0.0,0.0,0.00048789805661889177,0.0,0.0,0.0,3.968522438632601e-05,0.0,0.0006712267659679051,0.0,0.0,0.0,0.0,0.0,0.0,0.0,0.0,0.0,0.0,0.0,0.0,0.0,0.0,0.0,0.0,0.0,0.0,0.0,0.0,0.0,0.0,0.0,0.0,0.0,0.0,0.0,0.0,0.0,0.0
GGTGAAGTACAGGGAT-1,0.40372475013902026,0.0,0.09901872793549188,0.06694544639908218,0.008432807930738705,0.022383641874014384,0.0,0.05319240433461812,0.0,0.0,0.025710392621040513,0.03833150047147736,0.037474336572269715,0.0,0.0,0.0057079968347625845,0.003247611787479117,0.014004861030900975,0.0,0.0,0.0,0.0,0.0,0.00800186624935813,0.0,0.0,0.0,0.0,0.0,0.0,0.0,0.0,0.0,0.0,0.0,0.0,0.0,0.0,0.0,0.0,0.0,0.0,0.0,0.0,0.0,0.0,0.0,0.0,0.0,0.0,0.0,0.0,0.0,0.0,0.0,0.0,0.0,0.0,0.0,0.0,0.004564668630350477,0.0,0.0,0.0,0.0,0.0,0.0,0.0,0.0,0.0,0.0,0.0,0.0,0.0,0.0,0.0,0.0,0.0,0.0,0.0,0.0,0.004244986039310263,0.0,0.0,0.0,0.0,0.0,0.0,0.0,0.0,0.0,0.0,0.0,0.0,0.0,0.0,0.0,0.0,0.0,0.0,0.0,0.0,0.0,0.0,0.0,0.0,0.0,0.0,0.0,0.0,0.0,0.0,0.0,0.0,0.0,0.0,0.0,0.0,0.0
GGTGATAAGGAGCAGT-1,0.5366921355868184,0.09355176345771427,0.07384423034660316,0.08913036474981866,0.0513404790075099,0.017979384029214764,0.0,0.004270284606285979,0.0,0.0,0.013051774990082882,0.0,0.0,0.0,0.0,0.006786012312456164,0.0,0.0,0.0,0.0,0.0,0.01434166132579312,0.0,0.0,0.0,0.0,0.004945704874420954,0.0,0.0,0.0,0.0,0.0,0.0,0.0,0.0,0.0,0.0,0.0,0.0,0.0,0.0,0.0,0.0,0.0,0.0,0.0,0.0,0.0,0.0,0.0,0.0,0.0,0.0,0.00831173997594941,0.00831173997594941,0.0,0.0,0.0,0.00831173997594941,0.0,0.0,0.012455318207446048,0.0,0.0,0.0,0.0,0.0,0.0,0.0,0.00831173997594941,0.0,0.0,0.0,0.0,0.0,0.0,0.0,0.0,0.0,0.0,0.0,0.0,0.0,0.0,0.0,0.0,0.0,0.0,0.0,0.0,0.0,0.0,0.0,0.0,0.0,0.0,0.0,0.0,0.0,0.0,0.0,0.0,0.0,0.0,0.0,0.00831173997594941,0.0,0.0,0.0,0.0,0.0,0.0,0.0,0.0,0.0,0.0,0.0,0.0,0.0
GGTGCTGATCACAAAG-1,0.0,0.38518872222275224,0.14253203382362073,0.0,0.10685400872173534,0.06345102826707465,0.07877464577500659,0.07611758045174578,0.13201180121212405,0.0,0.00812532405114819,0.041663471697108496,0.0,0.0,0.0,0.028650496537015138,0.0,0.0720495023479081,0.0,0.0,0.04280251518905654,0.0,0.0,0.02646739856205866,0.0,0.0,0.0,0.0,0.0,0.0,0.0,0.0,0.0,0.0,0.0,0.01593287950470244,0.0,0.0,0.0,0.0,0.0035567800704123928,0.0,0.0,0.0,0.0,0.0,0.0,0.0,0.0,0.0,0.0,0.0,0.0,0.0,0.0,0.0,0.0,0.0,0.0,0.0,0.0,0.0,0.0,0.0,0.0,0.0,0.0,0.0,0.011685661805797314,0.0,0.0,0.0,0.0,0.0,0.0,0.0,0.0,0.0,0.0,0.0,0.0,0.0,0.0,0.0,0.0,0.0,0.0,0.0,0.0,0.0,0.0,0.0,0.0,0.0,0.0,0.0,0.0,0.0,0.0,0.0,0.0,0.0,0.0,0.0,0.0,0.0,0.0,0.0,0.0,0.0,0.0,0.0,0.0,0.0,0.0,0.0,0.0,0.0,0.0
GGTGCTGGTACACATT-1,0.5717879660137121,0.10278680433891242,0.20930721009628672,0.14182937453811215,0.04853281848331885,0.009757130332442859,0.054799741614337656,0.03928419020244611,0.024709735416131806,0.0,0.03624899146525027,0.031062862527644952,0.0,0.0,0.0,0.0,0.0,0.0,0.0,0.0,0.0,0.0,0.0,0.0,0.0,0.0,0.0,0.0,0.0,0.0,0.0,0.0,0.0,0.0,0.0,0.0,0.0,0.003211256805827813,0.013762473344507448,0.0,0.0,0.0,0.0,0.0,0.0,0.0,0.0,0.0,0.0,0.0,0.0,0.0,0.0,0.0,0.0,0.0,0.0,0.0,0.0,0.0,0.0,0.0,0.0,0.0,0.0,0.0,0.0,0.0,0.0,0.0,0.0,0.0,0.0,0.0,0.0,0.0,0.0,0.0,0.0,0.0,0.0,0.0,0.0,0.0,0.0,0.0,0.0,0.0,0.0,0.0,0.0,0.0,0.0,0.0,0.0,0.0,0.0,0.0,0.0,0.0,0.0,0.0,0.0,0.0,0.0,0.0,0.0,0.0,0.0,0.0,0.0,0.0,0.0,0.0,0.0,0.0,0.0,0.0,0.0
GGTTACCACCCTCGGG-1,0.0,0.0,0.0,0.0,0.0,0.0,0.0,0.0,0.0,0.0,0.0,0.041301524302857405,0.0,0.0,0.0,0.001831620200721852,0.0,0.0,0.0,0.0,0.0,0.007743001082603488,0.0,0.0,0.0,0.0,0.004269312696761728,0.0,0.0,0.005932710993183889,0.0,0.0,0.0,0.0,0.0,0.0,0.0,0.0,0.0,0.0,0.0,0.0,0.0,0.0,0.0,0.0,0.0,0.0,0.0,0.0,0.0,0.0,0.0,0.0,0.0,0.0,0.0,0.0,0.0,0.0,0.0,0.0,0.0,0.0,0.0,0.0,0.0,0.0,0.0,0.0,0.0,0.0,0.0,0.0,0.0,0.0,0.0,0.0,0.0,0.0,0.0,0.0,0.0,0.0,0.0,0.0,0.0,0.0,0.0,0.0,0.0,0.0,0.0,0.0,0.0,0.0,0.0,0.0,0.0,0.0,0.0,0.0,0.0,0.0,0.0,0.0,0.0,0.0,0.0,0.0,0.0,0.0,0.0,0.0,0.0,0.0,0.0,0.0,0.0
GGTTAGGCTTGGAGAA-1,0.10783000183535695,0.0,0.022139953013509153,0.019076318848379282,0.01077823425951224,0.02549642353196876,0.0,0.0034518461355436208,0.0,0.0,0.010994836304212429,0.0,0.0,0.0,0.024181480456234576,0.010855004097904547,0.016976124077103874,0.0,0.0,0.0,0.0,0.0,0.0,0.0,0.0,0.0,0.0,0.0,0.0,0.0,0.0,0.0,0.0,0.0,0.0,0.0,0.0,0.0,0.0,0.0,0.0,0.0,0.0,0.006083415200774695,0.0,0.0,0.0,0.0,0.0,0.0,0.0,0.0,0.0,0.0,0.0,0.0,0.0,0.0,0.0,0.0,0.0,0.0,0.0,0.0,0.0,0.0,0.0,0.0,0.0,0.007001593822224501,0.0,0.0,0.0,0.0,0.0,0.0,0.0,0.0,0.0,0.0,0.0,0.0,0.0,0.0,0.0,0.0,0.0,0.0,0.0,0.0,0.0,0.0,0.0,0.0,0.0,0.0,0.0,0.0,0.0,0.0,0.0,0.0,0.0,0.0,0.0,0.0,0.0,0.0,0.0,0.0,0.0,0.0,0.0,0.0,0.0,0.0,0.0,0.0,0.0
GGTTAGTTACGGCGCC-1,0.2520734399236502,0.16138497403723742,0.2557153811115864,0.05995554784228525,0.0792094443043037,0.07423076679701669,0.023694018424971854,0.0641829817603806,0.0,0.025569206138667398,0.021476173572230275,0.0,0.0,0.0,0.0,0.06312725944004376,0.0,0.06121717801434258,0.0,0.0,0.0,0.0,0.0,0.026607051000437955,0.0,0.011378017722836394,0.018534322761375167,0.0,0.0,0.0,0.0,0.0,0.0,0.0,0.0,0.0,0.0,0.0,0.0,0.0,0.0,0.0,0.0,0.0,0.0,0.0,0.0,0.0,0.0,0.0,0.0,0.0,0.0,0.006661284322260072,0.0,0.0,0.0,0.0,0.0,0.005285543232976897,0.0,0.0,0.0,0.0,0.0,0.0,0.0,0.0,0.0,0.0,0.0,0.0,0.0,0.0,0.0,0.0,0.0,0.0,0.0,0.0,0.0,0.0,0.0,0.0,0.0,0.0,0.0,0.0,0.0,0.0,0.0,0.003602908479165048,0.0,0.0,0.0,0.0,0.0,0.0,0.0,0.0,0.0,0.0,0.0,0.0,0.0,0.0,0.0,0.0,0.0,0.0,0.0,0.0,0.0,0.0,0.0,0.0,0.0,0.0,0.0
GGTTCGGATTATACTA-1,0.02185255978295621,0.014247652656750853,0.0038523268170614234,0.005549961936300669,0.002344599928001196,0.0005448624308177669,0.02003842045637465,0.014664676808692455,0.00027428154438725893,0.0,0.00014367127157448726,0.0,0.0,0.014468000162314393,0.0021390172060223966,0.0,0.0,0.0009544752768258355,0.0,0.019355294813753553,0.0,0.0,0.0,0.000973018450668736,0.01290029825739632,0.002098862041423282,0.0,0.0,0.0,0.006098638806245069,0.0,0.0,0.0,0.0005845541018901376,0.0,0.002520972145363772,0.0,0.0,0.0,0.0005284514057120023,0.00027136040173614105,0.0,0.0,0.0,0.0,0.0,0.00017465319658431668,0.0,0.0,0.0,0.0015059657791577372,0.0,0.0,0.0,0.0,0.0,0.0,0.0,0.0,0.00016260431650219124,0.0,0.0,0.0,0.00014707504425142496,0.0,0.0,0.0,0.0,0.0003021933021191865,0.0,0.0,0.0,0.0,0.0,0.0,0.0,0.0,0.0,0.0,0.0,0.0,0.0,0.0,0.0,0.0,0.0,2.1372943866179362e-05,0.0,0.001457790146641076,0.0,0.0,0.0,0.0,0.0,0.0,0.0,0.0,0.0,0.0,0.0,0.0,0.0,0.0,0.0,0.0,0.0,0.0,0.0,0.0,0.0,0.0,0.0,0.0,0.0,0.0,0.0,0.0,0.0,0.0
GGTTGTGTAGCCTGGC-1,0.2944715783679193,0.12315744813657677,0.06009712021184307,0.010433886820559648,0.013732021372598664,0.019608689917771274,0.02328257021759874,0.028569975862302175,0.01173242947593082,0.10154991104254085,0.02440153333490539,0.0,0.009513245947689708,0.0,0.015432859397698583,0.0191008589614551,0.003055409835041433,0.0,0.0,0.0,0.019742180136783832,0.01301275450074817,0.0,0.007791954011148891,0.0,0.003684927493789859,0.009149555382079151,0.03476099661290174,0.0,0.0,0.050664735970765255,0.0,0.012536141631823112,0.0,0.022877555235004246,0.0,0.03548365037887682,0.0,0.0035669531782048375,0.0,0.0,0.004873011940513691,0.0,0.0,0.0,0.0,0.0,0.00888488416404516,0.0,0.0,0.0,0.012227194277668642,0.004807248128411903,0.0012446842799042927,0.008067193406208886,0.0023564646508402133,0.0012656832970671043,0.0,0.0,0.0,0.0,0.0,0.0029003964101080486,0.0011447705497762452,0.0,0.0243575244741201,0.0,0.0,0.0,0.0,0.0,0.0,0.0,0.0,0.0,0.0,0.0,0.0,0.0,0.0,0.0,0.0,0.0,0.0,0.0,0.001244684279904293,0.0,0.0,0.0,0.0,0.0,0.0,0.0033873371834114577,0.0,0.0,0.0,0.0,0.0,0.0,0.0,0.0,0.0,0.0004086818858878035,0.0,0.0,0.0,0.0,0.0,0.0,0.0,0.0,0.0,0.0,0.0,0.0,0.0001562023834381408,0.0,0.0,0.0
GTAAGCGGGCAGTCAG-1,0.0,0.0,0.06352008371069126,0.0,0.0,0.0,0.0,0.0,0.0,0.026439366677709054,0.0,0.008740956360475392,0.0,0.0,0.0017522475124433102,0.0,0.0,0.0,0.0,0.0,0.0,0.0,0.0,0.0,0.0,0.04367213297267289,0.0,0.0,0.0020730348138568947,0.0,0.0,0.0,0.0,0.0,0.0,0.0,0.0,0.009851382183764978,0.0,0.0,0.0,0.0,0.0,0.0,0.0,0.0,0.0,0.0,0.010733888853775315,0.0,0.0,0.0,0.0,0.0,0.0,0.0,0.0,0.0,0.0,0.0,0.0,0.011142231976723262,0.0,0.0,0.0,0.0,0.0,0.0,0.0,0.0,0.0071512573254875105,0.0,0.0,0.0,0.0,0.0,0.0,0.0,0.0,0.0,0.0,0.0,0.0,0.0,0.0,0.0,0.0,0.0,0.0,0.0,0.0,0.0,0.0,0.0,0.0,0.0,0.0,0.0,0.0,0.0,0.0,0.0,0.0,0.0,0.0,0.0,0.0,0.0,0.0,0.0,0.0,0.0,0.0,0.0,0.0,0.0,0.0,0.0,0.0
GTAAGTAACAGTCTGG-1,0.0,0.0,0.05352294758421619,0.0,0.0,0.0,0.0,0.007848841152454386,0.0,0.0,0.0,0.0,0.0,0.0,0.0,0.0,0.0,0.0,0.0,0.0,0.0,0.0,0.0,0.0,0.0,0.0,0.0,0.0,0.0,0.0,0.0,0.0,0.0,0.0,0.0,0.0,0.0,0.0,0.0,0.0,0.0,0.0,0.0,0.0,0.0,0.0,0.014433969790387285,0.0,0.0,0.0,0.0,0.0,0.0,0.0,0.0,0.0,0.0,0.0,0.0,0.0,0.0,0.0,0.0,0.0,0.0,0.0,0.0,0.0,0.0,0.0,0.0,0.0,0.0,0.008919383921205691,0.0,0.0,0.0,0.0,0.0,0.0,0.0,0.0,0.0,0.0,0.0,0.0,0.0,0.0,0.0,0.0,0.0,0.0,0.0,0.0,0.0,0.0,0.0,0.0,0.0,0.0,0.0,0.0,0.0,0.0,0.0,0.0,0.0,0.0,0.0,0.0,0.0,0.0,0.0,0.0,0.0,0.0,0.0,0.0,0.0
GTAAGTAGGGTATACC-1,1.4064521226845261,0.35709757157879785,0.06797473980889303,0.12519229444645105,0.18432882300117812,0.029978728845696974,0.03325533961951486,0.012885283909502795,0.0,0.0,0.004052146989237139,0.0,0.0,0.0,0.0,0.012806743873089778,0.0,0.0,0.014225847119813964,0.0,0.0,0.0,0.021615165521921033,0.0,0.0,0.0,0.0,0.0,0.0,0.0,0.0,0.0,0.0,0.0,0.0,0.013012337690109291,0.0,0.0,0.0,0.0,0.0,0.0,0.0,0.0,0.0,0.0,0.0,0.0,0.0,0.0,0.0,0.0,0.0,0.006284065943818056,0.010246026598100423,0.0,0.0,0.0,0.0,0.0,0.0,0.0,0.0,0.0,0.0,0.0,0.0,0.0,0.0,0.0,0.0,0.0,0.0,0.0,0.0,0.0,0.0,0.0,0.0,0.0,0.0,0.0,0.0,0.0,0.0,0.0,0.0,0.0,0.0,0.0,0.0,0.0,0.0,0.0,0.0,0.0,0.0,0.0,0.0,0.0,0.0,0.0,0.0,0.0,0.0,0.0,0.0,0.0,0.0,0.0,0.0,0.0,0.0,0.0,0.0,0.0,0.0,0.0,0.0
GTAATCTGATTCTTCG-1,1.3892875044025161,0.768188335554429,0.1200553287350617,0.0,0.07780012103511022,0.04830038546141653,0.08955369162754681,0.050635141499010494,0.03520313699610456,0.20030008684373976,0.015749320189785993,0.04343572673026541,0.03970695267227173,0.014684195499536088,0.01730605164307457,0.0413583783464621,0.008172083422336497,0.027030743021473177,0.0,0.0,0.006497581186184316,0.0024836737092872986,0.0014407615464631966,0.009276955005635058,0.0,0.0,0.004462852274695795,0.0,0.0,0.0,0.0,0.005188382331752878,0.0,0.0,0.012429317325502285,0.0327282570407068,0.007386066399676407,0.0,0.0,0.0003604249679694767,0.000308711915724206,0.0,0.0,0.0031525224277365316,0.0,0.0,0.0,0.0,0.0,0.0,0.0,0.007822304033655596,0.0,0.0,0.0,0.0,0.00551531046866473,0.0,0.0,0.0,0.001539283335995084,0.0,0.0,0.0038303817077001284,0.0010640075337360793,0.0,0.002037056526039982,0.001559016217709681,0.008713110365740519,0.0,0.0,0.0,0.0,0.0,0.0,0.0,0.0,0.0,0.0,0.0007800069049263743,0.0,0.0,0.0,0.0,0.0,0.005182154750527232,0.0006807463945054473,0.0,0.001266621759977982,0.0,0.001266621759977982,0.0,0.0,0.0,0.0019200500014627188,0.0,0.0,0.00043094082495923064,0.0,0.0,0.0012462945900899303,0.0005071135572931201,0.0,0.0,0.0,0.0,0.0,0.0,0.0,0.0,0.0,0.0,0.0,0.0,0.0,0.0,0.0,0.0,0.0
GTACAGAGGCAAGGGT-1,0.46030319821843446,0.21739178710157012,0.07195411955726276,0.06534256554420094,0.05091937761808065,0.01562789275582727,0.014806635554314617,0.008322531285738254,0.0,0.010787328407511383,0.005747397780036026,0.0249928566787744,0.008349341874461728,0.0,0.0,0.0,0.0,0.0,0.058797443853385895,0.0,0.0,0.0025517185428701682,0.006811404238972002,0.0,0.0,0.0,0.0,0.0,0.0,0.0,0.0,0.0,0.026253294729270477,0.0,0.0,0.0,0.0,0.0,0.0,0.0,0.0,0.0,0.0,0.0,0.0,0.0,0.0,0.0,0.0,0.0,0.0,0.0,0.0,0.0,0.0,0.0,0.0,0.0,0.0,0.0,0.0,0.0,0.0,0.0,0.0,0.0,0.0,0.0,0.0,0.0,0.0,0.0,0.0,0.0,0.0,0.0,0.0,0.0,0.0,0.0,0.0,0.0,0.0,0.0,0.0,0.0,0.0,0.0,0.0,0.0,0.0,0.0,0.0,0.0,0.0,0.0,0.0,0.0,0.0,0.0,0.0,0.0,0.0,0.0,0.0,0.0,0.0,0.0,0.0,0.0,0.0,0.0,0.0,0.0,0.0,0.0,0.0,0.0,0.0
GTACGCTTCATTGCAC-1,0.5369770150807517,0.034106478582546756,0.13820470773879964,0.0616759940246045,0.03567443322081945,0.09107579898790928,0.0,0.0,0.0,0.0,0.013724600886932144,0.0,0.0,0.007206042820757911,0.0,0.0,0.0,0.0,0.0,0.0,0.0,0.0018871320001842156,0.0,0.0,0.0,0.0,0.0008869889045815712,0.0,0.0,0.0,0.0,0.0,0.01562900528278918,0.0,0.0,0.0,0.0,0.0,0.0,0.0,0.0,0.0,0.0,0.0,0.0,0.0,0.0,0.007330663026154864,0.010545789776149917,0.0,0.0,0.0,0.0,0.005670292170146754,0.0,0.0,0.0,0.0,0.0,0.0025401089224340694,0.0,0.0,0.0,0.0,0.0,0.0,0.0,0.0,0.0,0.0,0.0,0.0,0.0,0.0,0.0,0.0,0.0,0.0,0.0,0.0,0.0,0.0,0.0,0.0,0.0,0.0,0.0,0.0,0.0,0.0,0.0,0.0,0.0,0.0,0.0,0.0,0.0,0.0,0.0,0.0,0.0,0.0,0.0,0.0,0.0,0.0,0.0,0.0,0.0,0.0,0.0,0.0,0.0,0.0,0.0,0.0,0.0,0.0,0.0
GTACGTTTGCCCGTCA-1,0.09920039916890416,0.1364978031805776,0.1615242556029977,0.04980873603081065,0.005047642550752897,0.03952362334550556,0.061783812785933444,0.0,0.03359093758308819,0.004330866312525661,0.006504052296771242,0.0,0.010478293696846084,0.0016665234844756376,0.00772372522889391,0.0,0.012771443365341023,0.0,0.010438276093764551,0.0,0.0,0.0,0.010329978440715867,0.0,0.0,0.0,0.0,0.0,0.0,0.003700880435662985,0.0,0.0,0.0,0.0,0.0,0.0,0.0,0.0,0.0,0.0,0.0,0.0,0.0,0.0,0.0,0.0,0.0015902500771662197,0.0,0.0,0.0,0.0,0.0,0.0,0.002126031450472409,0.0,0.0,0.0,0.004435672705422672,0.0,0.0,0.0008263304588595105,0.0,0.005047642550752897,0.0,0.0,0.0,0.0,0.0,0.0,0.0,0.0,0.0,0.0,0.0,0.0,0.0,0.0,0.0,0.0,0.0,0.0,0.0,0.0,0.0,0.0,0.0,0.0,0.0,0.0,0.0,0.0,0.0,0.0,0.0,0.0,0.0,0.0,0.0,0.0,0.0,0.0,0.0,0.0,0.0,0.0,0.003084683011070551,0.0,0.0,0.0,0.0,0.0,0.0,0.0,0.0,0.0,0.0,0.0,0.0,0.0
GTACTCCCTTATCGCT-1,0.6610441951770455,0.22584617625606868,0.045366212408298134,0.04239200569339675,0.04942285290357715,0.03291125232646006,0.0,0.015969413145120303,0.0,0.0,0.014530834510403962,0.0,0.0,0.0,0.0027181559986215447,0.0,0.0,0.0,0.0,0.0,0.0,0.01386765426238415,0.0,0.0,0.03628574725239751,0.02159301359783194,0.0015877928874650615,0.0,0.0,0.0,0.0,0.0,0.004654000765143199,0.0,0.0,0.0,0.0,0.0,0.0,0.0,0.0,0.0,0.0,0.004654000765143199,0.011022112627364957,0.0,0.0,0.0,0.0,0.0,0.0014771795775565294,0.0,0.0,0.0,0.0,0.0,0.0,0.004654000765143199,0.0,0.0,0.0,0.0,0.0,0.0,0.0,0.0,0.0,0.0,0.0,0.0,0.0,0.0,0.0,0.0,0.0,0.0,0.0,0.0,0.0,0.0,0.0,0.0,0.0,0.0,0.0,0.0,0.0,0.0,0.0,0.0,0.0,0.0,0.0,0.0,0.0,0.0,0.0,0.0,0.0,0.0,0.0,0.0,0.0,0.0,0.0,0.0,0.0,0.0,0.0,0.0,0.0,0.0,0.0,0.0,0.0,0.0,0.0,0.0,0.0
GTACTCCTGGGTATGC-1,0.4028098191051278,0.13284414816150844,0.1810980882288965,0.0,0.009875721491140488,0.00468818745193231,0.007710568111067821,0.03755974822337765,0.027924898221788994,0.0,0.0,0.0,0.00841212189683099,0.0,0.005068688622153632,0.0,0.008737567451899972,0.014851370887606147,0.0,0.0,0.0,0.002464313317684545,0.0,0.002028838105589617,0.0,0.0,0.0,0.0,0.0,0.0,0.0,0.0,0.0,0.013881269243548697,0.0,0.0,0.0,0.0,0.0,0.0,0.0,0.0,0.0,0.0,0.0,0.0,0.0,0.0,0.0,0.0,0.0,0.0,0.0,0.0,0.0,0.0,0.0,0.0,0.0,0.0,0.0,0.0,0.0,0.0,0.0,0.0,0.0,0.0,0.0,0.03172741209021918,0.0,0.0,0.0,0.0,0.0,0.0,0.0,0.0,0.0,0.0,0.0,0.0,0.0,0.0,0.0,0.0,0.0,0.0,0.0,0.0,0.0,0.0,0.0,0.0,0.0,0.0,0.0,0.0,0.0,0.0,0.0,0.0,0.0,0.0,0.0,0.0,0.0,0.0,0.0,0.0,0.0,0.0,0.0,0.0,0.0,0.0,0.0,0.0,0.0
GTAGAGGGAGACAAGT-1,0.07915006359861707,0.037309955679955015,0.05090234251788763,0.004841724623664659,0.001329647370730737,0.0033226020425140635,0.0,0.03409477805600123,0.005586013013962801,0.002366279940519546,0.002304005714310872,0.016441696927457432,0.0,0.013631105636282155,0.026986474303928143,0.006808667629690504,0.03041072766498001,0.007759111591278336,0.0,0.0,0.006049841684580861,0.002586045302499034,0.0,0.00478807059763386,0.02937164548362043,0.0,0.0,0.0,0.0008829157301373302,0.0,0.0,0.014260307646529765,0.0,0.0012530009735802477,0.0,0.0,0.0,0.001540241149506341,0.014941079706122485,0.0037486199970756485,0.00021696024817173477,0.0,0.0,0.0,0.0,0.0,0.0007345886026332482,0.0,0.0,0.0029789146551690284,0.0,0.0,0.00023411386539473657,0.0,0.0,0.0014794228151637048,0.0,0.0,0.0,0.0009283842724939904,0.0006205449966437904,0.0,0.0,0.00018176812937952295,0.0,0.0,0.0011062307224802234,0.0,0.0,0.003138361280550678,0.0,0.0,0.0002703975733317288,0.0,0.0,0.0,0.0,0.0009714652458536426,0.0,0.0,0.0,0.0,0.0002609042436349035,0.0,0.0,0.0,0.0,0.0,0.0,0.0,0.0,0.0,0.0,0.0,0.0,0.0,0.0,0.0,0.0,0.0,0.0,0.00035565981863219814,0.0,0.0,0.0,0.0,0.0,0.0,0.0,0.0,0.0,0.0,0.0,0.0,0.0,0.0,0.0,0.0,0.0
GTAGCGGCTATACACT-1,0.024979969672260904,0.16781867136396555,0.11962410638614669,0.0,0.006759712265611314,0.004386630227973466,0.0,0.011460461282879742,0.0,0.0,0.0,0.016333865213019067,0.0,0.0,0.012784738667997179,0.0,0.0,0.04923206618820655,0.0,0.0,0.0,0.0,0.0,0.0025840448221353483,0.0,0.004365889434045641,0.006578791604091954,0.0,0.0,0.009643559965974692,0.0,0.0,0.0063614847479308645,0.0,0.0,0.0,0.0,0.0,0.0,0.0,0.0,0.0,0.0,0.0,0.0,0.0,0.0049454794133122655,0.0,0.0,0.0,0.0,0.0,0.0,0.008302787485734264,0.008302787485734264,0.0,0.0,0.004821779982987346,0.0,0.0,0.0,0.0,0.0,0.0,0.0,0.0,0.0,0.0,0.0,0.0,0.0,0.0,0.0,0.0,0.0,0.0,0.0,0.0,0.0,0.0,0.0,0.0,0.0,0.0,0.0,0.0,0.0,0.0,0.0,0.0,0.0,0.0,0.0,0.0,0.0,0.0,0.0,0.0,0.0,0.0,0.0,0.0,0.0,0.0,0.0,0.0,0.0,0.0,0.0,0.0,0.0,0.0,0.0,0.0,0.0,0.0,0.0,0.0,0.0
GTATTCTGAGAAACGA-1,0.15774694361669347,0.06461473992640612,0.02648787283041488,0.009730214440985326,0.0,0.040553655536147516,0.04809887810326072,0.019359913645355595,0.0033530987894266353,0.012268949172497694,0.02401083529666887,0.03699217798737251,0.01119568614440061,0.028027763198805136,0.03192518777500385,0.017431390043388464,0.0,0.0,0.0,0.01938154282560356,0.0,0.0,0.0,0.0,0.0,0.0,0.0018016326637479527,0.0,0.0,0.0,0.0,0.004872809839791236,0.0,0.0,0.0,0.0,0.0,0.0,0.0,0.0,0.0001414542902013729,0.0,0.0,0.0,0.0,0.001566373666474646,0.0,0.0,0.0,0.00469234828501601,0.0,0.0,0.0,0.0,0.0,0.0,0.0007455592379583787,0.0,0.0,0.0,0.0,0.0,0.002346174142508005,0.0,0.005732496946007247,0.0,0.004466992682753657,0.0,0.0,0.0,0.0,0.0,0.0,0.0,0.0,0.0,0.0,0.0,0.0,0.0,0.0,0.0,0.0,0.0,0.0,0.0,0.0,0.00286338158307516,0.0,0.0020366797213095924,0.0,0.0,0.0,0.0,0.0,0.0014547797977718922,0.0,0.0,0.0,0.0,0.0,0.0,0.0,0.0,0.0,0.001566373666474646,0.0,0.0,0.0,0.0,0.0,0.0006324882519098347,0.0,0.0,0.0,0.0,0.0,0.0,0.0
GTCAAGCGGACTCGGG-1,1.0164876899606574,0.0,0.2474756215217252,0.14345279545120193,0.07046556616341071,0.0,0.0,0.012368380370554887,0.0,0.0,0.015335351048423717,0.0,0.023201163218364206,0.0046937493980423045,0.0,0.0013239952610577309,0.0,0.0,0.0,0.0013239952610577309,0.040887312159966605,0.010360391630730341,0.0,0.0,0.0,0.0,0.0,0.0,0.0,0.0085367940996967,0.0,0.0,0.0,0.0,0.0,0.0,0.0,0.0,0.0,0.0,0.0,0.0,0.0,0.0170735881993934,0.0,0.0,0.0,0.0,0.0,0.0,0.0,0.0,0.0,0.0,0.0,0.0,0.0,0.0,0.0,0.0,0.0,0.0,0.0,0.0,0.0,0.0,0.0,0.0,0.0,0.0,0.0,0.0,0.0,0.0,0.0,0.0,0.0,0.0,0.0,0.0,0.0,0.0,0.0,0.0,0.0,0.0,0.0,0.0,0.0,0.0,0.0,0.0,0.0,0.0,0.0,0.0,0.0,0.0,0.0,0.0,0.0,0.0,0.0,0.0,0.0,0.0,0.0,0.0,0.0,0.0,0.0,0.0,0.0,0.0,0.0,0.0,0.0,0.0,0.0
GTCACTCTCCAAATCT-1,0.7905486757215574,0.28960291766551494,0.15636780589639854,0.14318306577345488,0.07218767034505767,0.06917073131268354,0.0716031605600776,0.02717254748784977,0.04134619379928549,0.02100523467200644,0.012614774012091018,0.0518725584357531,0.05159172930982027,0.03923597611325796,0.009127682434584705,0.01994844499357211,0.0,0.06851689054080572,0.02883650922940576,0.0,0.0,0.0,0.011140975903218194,0.03730072788802491,0.0,0.014790533165344347,0.004387451110345509,0.0,0.0,0.0,0.0,0.00017571774011318115,0.0020647491167867416,0.0,0.0,0.0,0.0,0.0,0.0,0.0,0.0,0.0,0.0,0.0,0.0,0.0,0.0,0.0,0.0,0.0,0.0,0.0,0.0,0.0,0.0,0.0066227746555009934,0.0,0.0020647491167867416,0.0,0.0,0.0005056391860535752,0.0,0.0,0.001923772544575925,0.0,0.0,0.0,0.0,0.0,0.0,0.0,0.0,0.0,0.0,0.0,0.0,0.0,0.0,0.0,0.0,0.0,0.0,0.0,0.0,0.0,0.0,0.0,0.0,0.0,0.00045657741335628215,0.0,0.0,0.0,0.0,0.0,0.0,0.0021638634118885955,0.0,0.0,0.0,0.0,0.0,0.0,0.0,0.0,0.0,0.0,0.0,0.0,0.0,0.0,0.0,0.0,0.0,0.0,0.0,0.0,0.0,0.0
GTCAGAATAGTCTATG-1,0.0991065483821714,0.14182928772649858,0.05437169320075574,0.0,0.021125035019085064,0.007935848212253313,0.02968401042751781,0.0,0.0061192747123474805,0.025474860334391492,0.0,0.0,0.059778486850429656,0.0,0.0,0.01627773717878122,0.0,0.0,0.0,0.0,0.0,0.0,0.0,0.0,0.0,0.0,0.00935649111632654,0.0,0.0,0.0,0.0,0.0,0.0,0.0,0.0,0.0,0.0,0.0,0.0,0.0,0.00597177714570713,0.0,0.0,0.0,0.0,0.0,0.0,0.007755193933817962,0.0,0.0,0.0,0.0,0.0,0.0,0.0,0.0,0.0,0.0,0.003877596966908981,0.0,0.0,0.0,0.0,0.0,0.0,0.0,0.0,0.0,0.0,0.0,0.0,0.0,0.0,0.0,0.0,0.0,0.0,0.0,0.0,0.0,0.0,0.0,0.0,0.0,0.0,0.0,0.0,0.0,0.0,0.0,0.0,0.0,0.0,0.0,0.0,0.0,0.0,0.0,0.0,0.0,0.0,0.0,0.0,0.0,0.0,0.0,0.0,0.0,0.0,0.0,0.0,0.0,0.0,0.0,0.0,0.0,0.0,0.0,0.0
GTCATTGCATTGACCC-1,2.308936916849971,1.1314197794251517,0.1935523243117819,0.1362654854388787,0.12206346181024956,0.014027872450852684,0.021915247085477676,0.06830283754380467,0.018642356146126374,0.09903818290021263,0.005282825192274059,0.008478857179861701,0.03375116472916911,0.0,0.005561431273220039,0.018277993796524925,0.0,0.03625915242074829,0.008311134523388362,0.0,0.0,0.0,0.006632349948596865,0.018239201557886976,0.0,0.0,0.0041317316816568035,0.0,0.001906302982262481,0.0,0.0,0.0,0.027758416890181298,0.0,0.0,0.013712987615120383,0.0,0.0,0.0,0.0,0.0,0.0,0.0,0.009255807231566103,0.0,0.0,0.0,0.001375222512026623,0.010793469612905176,0.005229002174790201,0.0,0.0,0.0,0.0,0.0,0.0,0.004734584988640014,0.0,0.0,0.0,0.0,0.011708526931117073,0.0,0.00154382222585794,0.004690379544796385,0.0,0.0,0.001342805276631397,0.006448561608810865,0.0,0.004684572494092202,0.0,0.0,0.0,0.0,0.00707606233389676,0.005409414285808732,0.0,0.006864342992300732,0.0,0.0,0.0,0.0,0.0,0.0,0.002086638167207557,0.0,0.003448008670305557,0.0,0.0032010985345814324,0.0,0.0,0.0,0.0,0.0007204257189114209,0.0,0.0,0.0,0.0,0.0,0.0,0.0,0.0,0.0,0.0,0.0,0.0,0.0,0.0,0.0,0.0,0.0016932565235741692,0.0,0.0,0.0,0.0,0.0,0.0,0.0
GTCCGAGAGCAATCAT-1,0.05416649561765026,0.021619990347090404,0.019879570074951197,0.01168190391342441,0.0,0.0,0.0,0.0,0.0,0.0,0.002265260727401619,0.0,0.0,0.0,0.0,0.008733838319718678,0.021123537687692925,0.0,0.0,0.0,0.0,0.0012140277935049125,0.0,0.0,0.02677331998813655,0.01216153047730118,0.0,0.0,0.0,0.022016129023856273,0.0,0.0,0.0,0.0,0.0,0.0,0.0,0.0,0.0,0.0,0.0,0.0,0.0,0.0,0.0,0.0,0.0,0.0,0.0,0.004703297815986937,0.0,0.0,0.0,0.0,0.0,0.0,0.0,0.0,0.0,0.0,0.0,0.0,0.0,0.0,0.0,0.0,0.0,0.0,0.0,0.0,0.0,0.0,0.0,0.0,0.0,0.0,0.0,0.0,0.0,0.0,0.0,0.004703297815986937,0.004703297815986937,0.0,0.0,0.0,0.0,0.0,0.0,0.0,0.0,0.0,0.0,0.0,0.0,0.0,0.0,0.0,0.0,0.0,0.0,0.0,0.0,0.0,0.0,0.0,0.0,0.0,0.0,0.0,0.0,0.0,0.0,0.0,0.0,0.0,0.0,0.0,0.0
GTCGCCGTTGTGTGTT-1,0.008461529067315402,0.009565673554719819,0.0029959741379619554,0.0,0.0,0.0,0.0,0.01619517887028758,0.0,0.0008712008812152426,0.0,0.0,0.002189583375122848,0.005514232138158557,0.00903585378414664,9.983745800672834e-05,0.03961193196314529,0.0,0.0,0.023591452314447547,0.020272336552085005,0.00016126863871546732,0.0,0.0,0.06517978709499415,0.0019364812620753832,0.0,0.0,0.0,0.006100882493683859,0.0,0.0,0.0,0.0012389443669079572,0.0,0.0,0.0,0.0,0.0,0.001312621445595083,0.0004618636024198454,0.002274922335440778,0.0,0.0,0.0001791630871597285,0.0,0.0,0.0,0.0,0.0,0.0,0.0,0.0019037754508221805,0.0,0.0,0.00039855530608968846,0.0,0.0,0.0,0.0,0.00044241934648149117,0.0,0.0,0.000156670453434182,0.0,0.0,9.101108026606527e-05,0.0,0.0,0.0,0.0,0.0,0.0,0.0,0.0,0.0,0.0,0.0,0.0,0.0014112263149880485,0.0,0.0,0.0,0.0,0.0,0.0,0.0,0.0,0.0,0.0,0.0,0.0,0.0,0.0,0.0,0.0,0.0,0.0,0.0,0.0,0.0,0.0,0.0,0.0,0.0,0.0,0.0,0.0,0.0,0.0,0.0,0.0,0.0,0.0,0.0,0.0,0.0005628786370149924,0.0,0.0
GTCGTACCTACGATTG-1,0.30896443940625806,0.1274333935548031,0.07363885831258538,0.0071670317793142025,0.008490832067176863,0.00826895973383132,0.005496679664054439,0.005491055560065629,0.0,0.0,0.0017209042120348735,0.016343247532436683,0.024601765058628072,0.02016630779965658,0.007341737277719677,0.0055573360368097995,0.022307681365358767,0.0009102079852343534,0.0,0.007554798682475994,0.0,0.0008062551555921475,0.0,0.0002238097191009242,0.0,0.008094312329226559,6.179133658935965e-05,0.0,0.0,0.0,0.0,0.0,0.001932611083383159,0.0035799310520865752,0.0,0.0,0.0,0.0,0.0,0.0038772987912978553,0.000771549269163212,0.0,0.0,0.00028664487471633546,0.0,0.0,0.002096118086588946,0.0,0.0,0.0017040073406655923,0.0,0.0,0.0025810521355942935,0.0,0.0010318857907501556,0.0,0.0,0.0,0.0,0.0016013850930946757,0.0,0.0,0.0,0.0002972717678625265,0.003167625738184376,0.0,0.0019959110248348186,0.0,0.00039261348884395174,0.0,0.0,0.0,0.00010346753623600726,0.0,0.0,0.0015030292493560331,0.0,0.0012181266575629662,0.0,0.0,0.0,0.0,0.00029484602521459547,0.0,0.0,0.0,0.0001582498363275343,0.0,0.0,0.0,0.0,0.0,0.0,0.0,0.0003186083402061405,0.0002568516885493879,0.0,0.0,0.0,0.0,0.0,0.0012945345676981857,0.0,0.0,0.0,0.0,0.0,0.0,0.0,0.0,0.0,0.0,0.0,0.0,0.0,0.00040367754091930833,0.0,0.0,0.0
GTCTACTCAATTACAA-1,1.474000941585702,0.6847503029868104,0.12598873226201,0.004809854247177901,0.019153629611436154,0.020066929088970696,0.1459686803736849,0.028302400912219625,0.04814087065739827,0.09125002829432217,0.013175154250193225,0.0,0.002735098957471423,0.046907960180644616,0.021881816771200453,0.054092526350157336,0.0,0.011199088233765012,0.0,0.032177529485871534,0.0,0.0,0.0,0.011048080150026136,0.0,0.0,0.001212602182786905,0.025333817785146942,0.008770995947848264,0.0,0.0,0.009146350366358151,0.00048814651867695974,0.0,0.0,0.021358398574871797,0.014858208844673782,0.008269183004846985,0.0,0.0034777305118555923,0.0006133921540164369,0.0,0.0,0.006040277413155982,0.0,0.0047408403198561586,0.0,0.0027742984726637316,0.0,0.0,0.002018459116750129,0.009932169528567611,0.0,0.0,0.0,0.0,0.0,0.00048814651867695974,0.0,0.0028073627027755403,0.0,0.0,0.0,0.0,0.0,0.0,0.00195598764468657,0.0,0.0008729138363584906,0.0,0.0,0.0,0.0,0.0,0.0,0.0,0.0,0.0,0.006410947710779569,0.0,0.0,0.0010484999988274806,0.0,0.0,0.0,0.002293699928561065,0.0008571053186500852,0.0013961416153863081,0.0,0.0,0.0,0.0,0.0022547911495100687,0.0,0.0019689573465174236,0.0,0.00101209468229562,0.0,0.0,0.0016246932321291375,0.005683775491739269,0.0010606172403190433,0.0,0.0,0.0,0.0,0.0,0.0,0.0,0.0,0.0,0.0,0.0,0.0,0.0,0.0003588947574123681,0.0,0.0,0.0
GTCTATCTGAGTTTCT-1,0.10273247251347614,0.22721087326541586,0.0,0.0,0.0,0.0,0.010029029654992319,0.0,0.0,0.0,0.0,0.0,0.0,0.0,0.024706815582754983,0.0,0.032733956254597824,0.0,0.009318123242435788,0.0,0.0,0.0,0.0,0.0,0.0,0.0,0.0,0.0,0.0,0.0,0.0,0.0,0.0,0.0,0.0,0.0,0.0,0.0,0.017909660664961143,0.0,0.0,0.0,0.0,0.0,0.0,0.0,0.0,0.0,0.0,0.0,0.0,0.0,0.0,0.0,0.0,0.0,0.0,0.0,0.00935232805192664,0.0,0.0,0.0,0.0,0.0,0.0,0.0,0.0,0.0,0.0,0.0,0.0,0.0,0.0,0.0,0.0,0.0,0.0,0.0,0.0,0.0,0.0,0.0,0.0,0.0,0.0,0.0,0.0,0.0,0.0,0.0,0.0,0.0,0.0,0.0,0.0,0.0,0.0,0.0,0.0,0.0,0.0,0.0,0.0,0.0,0.0,0.0,0.0,0.0,0.0,0.0,0.0,0.0,0.0,0.0,0.0,0.0,0.0,0.0,0.0
GTCTCGACTAAGTTTG-1,0.12206128261291856,0.0,0.16122504287474712,0.021240045402776304,0.0,0.0,0.0,0.0032585725927156595,0.0,0.0,0.0,0.0,0.0,0.0,0.0,0.0,0.0,0.0,0.0,0.0,0.0,0.0,0.0,0.0,0.0,0.0,0.0,0.0,0.0,0.0,0.0,0.0,0.0,0.0,0.0,0.0,0.0,0.0,0.0,0.0,0.0,0.0,0.0,0.0,0.0,0.0,0.0,0.0,0.0,0.0,0.0,0.0,0.0,0.008838312205004766,0.0,0.0,0.0,0.0,0.0,0.0,0.0,0.0,0.0,0.0,0.0,0.0,0.0,0.0,0.0,0.0,0.0,0.008838312205004766,0.0,0.0,0.0,0.0,0.0,0.0,0.0,0.0,0.0,0.0,0.0,0.0,0.0,0.0,0.0,0.0,0.0,0.0,0.0,0.0,0.0,0.0,0.0,0.0,0.0,0.0,0.0,0.0,0.0,0.0,0.0,0.0,0.0,0.0,0.0,0.0,0.0,0.0,0.0,0.0,0.0,0.0,0.0,0.0,0.0,0.0,0.0
GTCTGGGCGGTCGAGA-1,0.7630913771887594,0.3694729233853642,0.0,0.0,0.0,0.03814629492384623,0.0,0.008906019723110127,0.02167918251978882,0.04930072076190799,0.011349727821777171,0.028431480569140806,0.0,0.0,0.019114062501136623,0.012875946305826749,0.0,0.03983120197441203,0.054396500054123866,0.0,0.0560853021702373,0.004530033022508983,0.031988269298896366,0.006613465100265625,0.0,0.0,0.002451970982625117,0.0,0.0,0.0,0.0,0.0,0.0060211759105688305,0.0,0.0,0.0,0.0,0.0,0.0,0.0,0.0,0.0,0.0,0.0,0.0,0.0,0.0,0.0,0.0,0.0,0.0,0.0,0.0,0.00697448363409853,0.0,0.0,0.0,0.0,0.0,0.0,0.004411073963566438,0.0,0.0,0.0,0.0,0.0,0.0,0.0,0.0,0.0,0.0,0.0,0.0,0.0,0.0,0.0,0.005193849813337854,0.0,0.0,0.0,0.0,0.0,0.0,0.0,0.0,0.0,0.0,0.0,0.0,0.0,0.0,0.0,0.0,0.0,0.0,0.0,0.0,0.0,0.0,0.0,0.0,0.0,0.0,0.0,0.0,0.0,0.0,0.0,0.0,0.0,0.0,0.0,0.0,0.0,0.0,0.0,0.0,0.0,0.0
GTGACTTCAGTAGTGC-1,0.24700936182278516,0.16269937843434476,0.0,0.0,0.07604334351754283,0.012260220800548633,0.01707370465970706,0.08025565041198118,0.0,0.0,0.007497166837896576,0.0,0.0,0.0,0.008227483981501292,0.0,0.0,0.0,0.0,0.0,0.059640791107780214,0.0,0.0,0.0,0.0,0.0,0.0,0.0,0.0,0.0,0.0,0.0,0.0,0.0,0.0,0.031798946228696674,0.0,0.0,0.0,0.0,0.0,0.0,0.0,0.0,0.0,0.0,0.0,0.0,0.0,0.0,0.0,0.0,0.0,0.005454697259238934,0.0,0.005454697259238934,0.0,0.0,0.0,0.0,0.002604243351832675,0.0,0.0,0.0,0.0,0.0,0.0,0.0,0.0028836366795970663,0.0,0.0,0.005454697259238934,0.0,0.005454697259238934,0.0,0.0,0.0,0.0,0.007086510332691018,0.0,0.0,0.0,0.0,0.0,0.0,0.0,0.0,0.0,0.0,0.0,0.0,0.0,0.0,0.0,0.0,0.0,0.0,0.0,0.0,0.0,0.0,0.0,0.0,0.0,0.0,0.0,0.0,0.0,0.0,0.0,0.0,0.0,0.0,0.0,0.0,0.0,0.0,0.0,0.0
GTGAGCGTGCTGCACT-1,0.0,0.7285614710014711,0.0,0.0,0.0,0.05453249154455908,0.0,0.006408471596010379,0.0,0.0,0.0,0.0,0.0,0.0,0.006121056411411847,0.013013594971426592,0.0,0.0,0.0,0.0,0.0,0.0,0.0,0.0,0.0,0.029212801340941067,0.0042496298131820395,0.0,0.0,0.0,0.0,0.0,0.0,0.0,0.0,0.0,0.0,0.0,0.0,0.0,0.0,0.0,0.0,0.0,0.0,0.0,0.0,0.0,0.0,0.0,0.0,0.0,0.0,0.0,0.0,0.0,0.0,0.0,0.0,0.0,0.0,0.0,0.0,0.0,0.0,0.0,0.0,0.0,0.0,0.0,0.007033639939998345,0.007033639939998345,0.0,0.0,0.0,0.0,0.0,0.0,0.0,0.0,0.0,0.0,0.0,0.0,0.0,0.0,0.0,0.0,0.0,0.0,0.0,0.0,0.0,0.0,0.0,0.0,0.0,0.0,0.0,0.0,0.0,0.0,0.0,0.0,0.0,0.0,0.0,0.0,0.0,0.0,0.0,0.0,0.0,0.0,0.0,0.0,0.0,0.0,0.0
GTGAGTGGTACAACGC-1,0.2515778786854893,0.17586053636321108,0.26893215885663524,0.023847917701941314,0.010395563273495083,0.008109077181919522,0.10776653317097887,0.08179906808525789,0.022215194102874713,0.0189703118677821,0.05814430444818587,0.026387306387194664,0.0004720663318510416,0.05127259701593677,0.018692721663419076,0.0074118532158203255,0.0,0.0,0.0,0.021115521892263487,0.0,0.004070774732351353,0.003032520089161773,0.0,0.0,0.0019378967182474482,0.0,0.0236826977435846,0.0,0.0,0.0,0.0,0.0,0.0,0.0,0.010686669595348877,0.0010438928256520422,0.0,0.0,0.0027138992380002186,0.0,0.0,0.0,0.0020877856513040844,0.0,0.0,0.0,0.0,0.0,0.0016257305025975544,0.0,0.0038470353591086664,0.0,0.0,0.006287905982098113,0.0,0.0,0.0,0.0,0.0,0.0,0.0,0.0,0.0005041854717381156,0.0,0.0,0.0011939453332117517,0.0007202110525131153,0.0024260381469585358,0.0,0.0,0.0,0.0,0.0,0.0,0.0,0.0,0.0,0.0,0.0,0.0,0.0,0.0,0.0,0.0,0.0,0.000676941354086154,0.0,0.0,0.0,0.0010438928256520422,0.0,0.0016257305025975544,0.0,0.0,0.0016718402589158536,0.0,0.0,0.0,0.0,0.0,0.0,0.0,0.0,0.0,0.0,0.0,0.0,0.0,0.0,0.0,0.0,0.0,0.0,0.0,0.0,0.0,0.0,0.0
GTGATCATAGATCTGC-1,0.25686363342876034,0.5106502297283019,0.11881297145309304,0.0757914451096205,0.02596424566541828,0.06334961020027659,0.0,0.030925991465398713,0.0,0.0,0.015069517876706896,0.0,0.0,0.00832793880667607,0.0357610726296093,0.0,0.02777919381100466,0.0,0.00991411171202591,0.0,0.0,0.010713086374173283,0.018097165956935845,0.0,0.0,0.0,0.0055104357759240465,0.0,0.0,0.0,0.0,0.0,0.004984344406863616,0.011252050158203852,0.0,0.006792657216494838,0.0007346221873299972,0.0,0.0,0.005273849406695156,0.002056207227620871,0.0009635172102164492,0.0,0.0,0.0,0.0,0.0,0.0,0.0,0.003000290985610078,0.0,0.001549027913739361,0.0,0.0007346221873299972,0.0,0.0,0.0,0.0,0.0,0.0,0.004572351217541994,0.0,0.0,0.0,0.0,0.0,0.0,0.0,0.0,0.0,0.0,0.0,0.0,0.0,0.0,0.0,0.0,0.00513104655973532,0.0,0.0,0.0,0.0,0.0,0.0,0.0,0.0,0.00012923713207675303,0.0,0.0,0.0002804769529349325,0.0,0.001884131934944781,0.0,0.0,0.0,0.0,0.0,0.0,0.0,0.0,0.0,0.0,0.0,0.0,0.0,0.0,0.0,0.0,0.0,0.0,0.0,0.0,0.0,0.0,0.0,0.0,0.0,0.0,0.0
GTGATTCGCCGCTCAA-1,0.8929903642140704,0.6282156445959085,0.1638565024893102,0.03108843866110357,0.04987694160545257,0.07326457955082274,0.03490640821350908,0.03125862199991027,0.012460536048536069,0.06255277987963552,0.01779382764180104,0.04701889421316807,0.08224057579965208,0.0,0.03278334263964796,0.0275486050232584,0.005784388969875012,0.0,0.0,0.0,0.0,0.0,0.0,0.0,0.0,0.0,0.0037339264263319396,0.0,0.05657832529740908,0.0,0.04527236017183872,0.00451811746479778,0.005454509166216195,0.0,0.0,0.011734247698100664,0.0,0.0,0.0,0.0,0.0,0.011177805146490683,0.0,0.0,0.0,0.0,0.0,0.004677955361478626,0.002668378905000316,0.0,0.0,0.0,0.0,0.0,0.0,0.0,0.0008087756726939211,0.0,0.0,0.005127940568116618,0.0,0.012438454089454199,0.0,0.0,0.0,0.0,0.0,0.0005906964543321724,0.001288021573784268,0.00039329524007742164,0.0,0.0,0.0,0.0,0.0,0.0,0.0,0.0018078240886126983,0.0,0.0,0.0,0.0,0.0,0.0,0.0,0.0,0.0004395405900836038,0.0,0.0,0.0033321257455780867,0.0,0.0,0.0,0.0,0.002310189069334394,0.0018780150419274418,0.0,0.0,0.0,0.0,0.0,0.001162155151892584,0.0,0.0,0.0,0.0,0.0,0.0,0.0,0.0,0.0,0.001002798022577792,0.0,0.0,0.0,0.0,0.0,0.0,0.0
GTGCCATCACACGGTG-1,0.3582694345938684,0.1643120060614523,0.0,0.0,0.013717593181623043,0.0,0.0,0.0,0.0,0.0,0.0,0.06471065030148106,0.0,0.0,0.0,0.0,0.0,0.0,0.0,0.0,0.0,0.0,0.0,0.0,0.0,0.0,0.0,0.0,0.0,0.0,0.0,0.0,0.0,0.0,0.0,0.0,0.0,0.0,0.0,0.0,0.0,0.0,0.0,0.0,0.0,0.0,0.0,0.0,0.0,0.0,0.0,0.0,0.0,0.0,0.0,0.0,0.0,0.008970767854100649,0.013178182814482476,0.0,0.0,0.0,0.0,0.0,0.0,0.0,0.0,0.0,0.0,0.0,0.0,0.0,0.0,0.0,0.0,0.0,0.0,0.0,0.0,0.0,0.0,0.0,0.0,0.0,0.0,0.0,0.0,0.0,0.0,0.0,0.0,0.0,0.0,0.0,0.0,0.0,0.0,0.0,0.0,0.0,0.0,0.0,0.0,0.0,0.0,0.0,0.0,0.0,0.0,0.0,0.0,0.0,0.0,0.0,0.0,0.0,0.0,0.0,0.0
GTGCGAAATCGAACAC-1,0.7824105703087062,0.0,0.20150861725955607,0.1288592017734368,0.06903003534634455,0.02521917209525448,0.0,0.05161982872615554,0.0,0.0,0.032951898561483145,0.026938961830503275,0.0,0.0,0.0,0.006171279392811228,0.0,0.0,0.0,0.0,0.0,0.003443975024363326,0.0,0.0,0.0,0.0,0.0,0.0,0.0,0.016769522168509653,0.0,0.0,0.014918799560066526,0.0,0.0,0.0,0.0,0.0,0.0,0.0,0.0,0.0,0.0,0.0,0.0,0.0,0.0,0.0,0.0,0.0,0.0,0.0,0.0,0.0,0.0,0.0,0.0,0.0,0.0,0.0,0.0,0.0,0.0,0.0,0.0,0.0,0.0,0.0,0.0,0.0,0.0,0.0,0.0,0.0,0.0,0.0,0.007459399780033263,0.0,0.0,0.0,0.0,0.0,0.0,0.0,0.0,0.0,0.0,0.0,0.0,0.0,0.0,0.0,0.0,0.0,0.0,0.0,0.0,0.0,0.0,0.0,0.0,0.0,0.0,0.0,0.0,0.0,0.0,0.0,0.0,0.0,0.0,0.0,0.0,0.0,0.0,0.0,0.0,0.0,0.0
GTGCTCAAGTACTGTC-1,0.0,0.0,0.0,0.0,0.0,0.0,0.0,0.0,0.0,0.0,0.0,0.0,0.0,0.012938649924273696,0.010487809133409074,0.0022322292978484925,0.0,0.0,0.0,0.023012236465364672,0.0,0.0,0.0,0.0,0.0,0.0,0.0,0.0,0.0,0.008714371534647455,0.0,0.0,0.0,0.0,0.0,0.0,0.0,0.0,0.0,0.0,0.0,0.0,0.0,0.0,0.0,0.0,0.0,0.0,0.0,0.0,0.0,0.0,0.0,0.0,0.0,0.008714371534647455,0.0,0.0,0.0,0.0,0.0,0.0,0.0,0.0,0.0,0.0,0.0,0.0,0.0,0.0,0.0,0.0,0.0,0.0,0.0,0.0,0.0,0.0,0.0,0.0,0.0,0.0,0.0,0.0,0.0,0.0,0.0,0.0,0.0,0.0,0.0,0.0,0.0,0.0,0.0,0.0,0.0,0.0,0.0,0.0,0.0,0.0,0.0,0.0,0.0,0.0,0.0,0.0,0.0,0.0,0.0,0.0,0.0,0.0,0.0,0.0,0.0,0.0,0.0
GTGCTGCAGATAAGGA-1,0.05150401764585704,0.05338885464237996,0.01167997129876033,0.0048683922730547585,0.0025793054280994036,0.00032797654030697083,0.019707691317712033,0.003951046786758349,5.9146997840136486e-05,0.0,9.995783054187686e-05,0.0,0.001671512048346401,0.014031198543177857,0.0038057407721769467,0.0,0.009739685690626386,0.0,0.0,0.00563792204715969,0.0,0.0012634903794810006,0.0016631698322420695,0.0,0.005121788139249791,0.001744725866358862,0.0003363927200156217,0.0,0.0,0.02175532447511992,0.0,0.0,0.0003456778577609927,0.0006040072125156287,0.0,0.0,0.0,0.000258693805476012,0.0,0.0041669681341146205,0.00031095685114204794,0.002209256895709656,0.0,0.0,0.0,0.0,0.0007221548987104882,0.0,0.0,0.0014581680098557153,0.000317628954950279,0.0,0.0050999580919032055,0.0,0.0,0.002386301511325184,0.0,0.0,0.0,0.0003707168457669988,0.0,0.0,0.0,0.00043641094389882795,0.0,0.0,0.00020315952071671845,0.0,0.0,0.0,0.0,0.0,0.00012359100632898913,0.0,0.0,0.0,0.0,0.0,0.0,0.0,0.003040731947858707,0.0,0.0011998263404062826,0.0,0.0,0.0,2.6128440121726683e-05,0.0,0.0005339469252920605,0.0,0.0,0.0,0.0,0.0,0.0,0.0,0.0,0.0,0.0,0.0,0.0,0.0,0.0,0.0,0.0,0.0,0.0,0.0,6.0362370118239234e-05,0.0,0.0005539319321465791,0.0,0.0,0.0,0.0,0.00030323802155886743,0.0,0.0,0.00020750397227021315
GTGGACCAACCCGATT-1,0.25568042385681755,0.04988081463494939,0.048000182389057816,0.010508437319649334,0.01591004807551979,0.0057120479491785175,0.03978024020275012,0.027522361707701698,0.0,0.0,0.0,0.026240839772038855,0.0,0.0,0.0,0.009411322295195501,0.01329369708304779,0.017427917335878652,0.0,0.0,0.0,0.0,0.0,0.0065740340005039245,0.0,0.0,0.0,0.0,0.0,0.0,0.0,0.0,0.0,0.0,0.0,0.0,0.0,0.010627940122315317,0.0,0.0,0.0,0.0,0.0,0.0,0.0,0.004274518857681217,0.0,0.0,0.0,0.0,0.0,0.0,0.0,0.0,0.0,0.0,0.0,0.0,0.0,0.0,0.0,0.0,0.0,0.0,0.0,0.0,0.0,0.0,0.0,0.0,0.0,0.0,0.0,0.0,0.0,0.0,0.0,0.0,0.0,0.004274518857681217,0.0,0.0,0.0,0.0,0.0,0.0,0.0,0.0,0.0,0.0,0.0,0.0,0.0,0.0,0.0,0.0,0.0,0.0,0.0,0.0,0.0,0.0,0.0,0.0,0.0,0.0,0.0,0.0,0.0,0.0,0.0,0.0,0.0,0.0,0.0,0.0,0.0,0.0,0.0
GTGGAGTCGGCGGTTG-1,0.0799654210347295,0.03785256568679576,0.0035164080802418743,0.0,0.0016291734255614054,0.003130275787013735,0.0019450133923475136,0.009378608012274392,0.00043885647375873477,0.0006631864909711337,0.0029591213162536334,0.0,0.00898700404436956,0.0381692375912953,0.022956032733136365,0.0017943552368117248,0.03510035908908442,0.0,0.0,0.10298746546074128,0.0,0.003418458358145091,0.0,0.0,0.0,0.002190993021046615,3.727055707096237e-05,0.0,0.0,0.01816453700382295,0.0,0.08240989183584303,0.0,0.003243834118922274,0.0,0.0,0.0,0.0002845852690571107,0.015918254735829092,0.001635879027270035,0.0,0.0,0.007125173442407674,0.0,0.00027916492505581985,0.0,0.0002878851993327587,0.0,0.0,2.6543716770947022e-05,0.012630196029831913,0.0,0.0003925677668945329,0.0,2.6543716770947022e-05,0.0019284637510430817,0.0004957554951110844,0.0,0.0,0.0006224609623488991,5.339483497282812e-05,0.0,0.0,0.0004214039930715833,0.0,0.0,0.0004667944267185317,0.0,0.0,0.0014768427071321893,0.0,0.0,0.005490550176333901,0.0,0.0005730829454914469,0.0,0.0,0.0,0.0,0.0,0.0,0.0,0.0003200150241321183,0.0,0.0,0.0,4.4940446406677316e-05,0.0,0.0006398940577436282,0.0,0.0,2.6543716770947022e-05,0.0,0.0,0.0,0.0,0.0,0.00021994958903824542,0.0,0.0,0.0,0.00010299087434808918,0.0003670672872485775,0.0,0.0,0.0,0.0,0.0,0.0,0.0,0.0,0.0,0.0,0.0,0.0,0.00010226046860541048,0.0,0.00047081304792900966,0.0
GTGGCGGTCCCAGCGT-1,0.9535111856155938,0.23238697658063714,0.24485712078546448,0.06805213337145884,0.029691337525463893,0.012752346553392616,0.014639824738111581,0.0415899446475924,0.01550648288324433,0.03093958976824325,0.00493398522234191,0.008985288488922136,0.004164937281022298,0.0,0.0,0.0327438073118975,0.0,0.0,0.0,0.0,0.0,0.0,0.0,0.0,0.0,0.009244783739700146,0.005779236724752198,0.0,0.042728908618522236,0.0,0.0,0.0,0.0,0.0,0.0,0.0,0.0,0.0,0.0,0.01575390231419174,0.0,0.0,0.0,0.0,0.0,0.0,0.0,0.0,0.0,0.0,0.0,0.0,0.0,0.0,0.0,0.0,0.0,0.0,0.0,0.0,0.0,0.0,0.0,0.0,0.0,0.0,0.0,0.0011410545738678908,0.0,0.0,0.0,0.0,0.0,0.0,0.0,0.0,0.0,0.0,0.0,0.0,0.0,0.0,0.0,0.0,0.0,0.0,0.0,0.0,0.0,0.0,0.0,0.0,0.0,0.0,0.0,0.0011144881537902196,0.0,0.0,0.0,0.0,0.0,0.0,0.0,0.0,0.0,0.0,0.0,0.0,0.0,0.0,0.0,0.0,0.0,0.0,0.0,0.0,0.0,0.0,0.0
GTGGGAAGACTGAATC-1,0.023702603991063415,0.0066565630630349235,0.025877257432814264,0.004619512047210987,0.001579400923573127,0.0,0.018462638983965305,0.007050747339997064,0.0016913461884718287,0.0018855461634283183,6.272040459670404e-05,0.0,0.009025467550551244,0.004683027200595515,0.005047830750254582,0.00037033201038212514,0.017895299106723807,0.0,0.0,0.006487281752995286,0.0,0.0019274199498805155,0.0,0.0002614787862773295,0.014053242344465292,0.0,0.0,0.0,0.0,0.0,0.004900857511754626,0.0,0.0,0.0028048662119756172,0.0,0.0,0.0,0.0,0.0,0.0030477139881731645,0.00018404820723995845,0.001787661896379966,0.0,0.00010225780871819572,0.0,0.0,0.0004629039608909212,0.0002686045982937095,0.0,0.0,0.0,0.0,0.0012982414602856255,0.0,0.0005126454712081853,0.0,0.0004798346042353513,0.0,0.0,0.0001626452259507986,0.00035246873215998204,0.0,0.0,0.0010569094143192018,0.0002879094820735094,0.0006520829702565554,0.0,0.0002717170056868712,0.0,0.0,0.0,0.0,0.00020666453176630404,0.0,8.430364266952373e-05,0.0,0.0,0.0,0.0006131136486433165,0.0007042270293722961,0.0,0.00017970495154688768,0.0002210248438622148,0.0,0.0,0.0,0.0001656714005812555,0.0,0.0,0.0,0.0,0.0,0.0,0.0,0.0,0.0,0.0007642922250244048,0.00020154929783604292,0.0,0.0,0.0,0.0,7.422071335170089e-05,0.0,0.0,0.0,5.810142815180374e-05,0.0,0.0,0.0,0.0,0.0,0.0,0.0,0.0,0.0001032288562960373,0.0,0.0,0.0
GTGGGCTTAGACACAC-1,0.06928171439607567,0.05139767101351463,0.0,0.0,0.007962840413188906,0.0,0.062068020579467566,0.0,0.060361790314810836,0.0,0.0,0.0,0.0,0.0,0.023709718077364432,0.007241206036642107,0.0,0.04931078582727184,0.0,0.0,0.05449129906299513,0.0,0.0,0.0036206030183210535,0.0,0.0,0.0,0.0,0.0,0.0,0.0,0.0,0.0,0.0,0.0,0.0,0.0,0.0,0.0,0.0,0.003774075654669826,0.0,0.0,0.0,0.0,0.0,0.0,0.0,0.0,0.0,0.0,0.0,0.0,0.0,0.0,0.0,0.0,0.0,0.0,0.0,0.0,0.0,0.0,0.0,0.0,0.0,0.0,0.0,0.0,0.0,0.0,0.0,0.0,0.0,0.0,0.0,0.0,0.0,0.0,0.0,0.0,0.0,0.0,0.0,0.0,0.0,0.0,0.0,0.0,0.0,0.0,0.0,0.0,0.0,0.0,0.0,0.0,0.0,0.0,0.0,0.0,0.0,0.0,0.0,0.0,0.0,0.0,0.0,0.0,0.0,0.0,0.0,0.0,0.0,0.0,0.0,0.0,0.0,0.0
GTGGTATAGTCTGCCG-1,0.011411871407985226,0.012654988856344598,0.001665604535866884,0.0,0.0,0.00022458079363660017,0.0,0.014328050034044797,0.00022367074530367772,0.002470887709858357,0.00041941707849266923,0.0,0.0,0.00723670305518651,0.009262618848092612,0.0,0.018228945382816927,0.0,0.0,0.0,0.0,0.0004848505674883817,0.0,0.0,0.022657614476840685,0.00823581145396651,0.0,0.0,0.0,0.005855468512938185,0.0,0.0,0.0012886497266458984,0.0006274898768050377,0.0,0.0,0.0,0.0032223509882372543,0.0,0.0007157726660469016,0.00010947540636413716,0.0,0.0,0.0,0.0002986139785783154,0.0,0.00048692410522994305,0.0003064037269394431,0.0,0.0016619989839994722,0.0,0.0,0.0008953724256187915,0.0003064037269394431,0.0,0.0,0.0,0.0,0.0,0.00032127773770738495,0.0003334570696657953,0.0,0.0,9.503855797114628e-05,0.0002838903234168906,0.0,0.0,0.0,0.0,0.0,0.0,0.0,0.0063537327774376914,0.0,0.00015962880705984754,0.0,0.0,0.0,0.0,0.0,0.0,0.0,0.0003064037269394431,0.0,0.0,0.0,0.0,0.0,0.0,0.0,0.0,0.0,0.0,0.0,0.0,0.0,0.0,0.0,0.0,0.0,0.0,0.0,0.0,0.0,0.0,0.0,0.0,0.0,0.0,0.0,0.0,0.0,0.0,0.0,0.0,0.0,0.0,0.0,0.0
GTGGTTTCCGCCTTTC-1,0.5020728266312946,0.07212668384744571,0.14117339167117338,0.05427703550169605,0.023942939341433125,0.018433872765869098,0.0,0.006292427509213525,0.0,0.0,0.0,0.0,0.0,0.0,0.005031774404202786,0.0,0.0,0.0,0.0,0.0,0.0,0.030408400421953963,0.0,0.0,0.0,0.0,0.0,0.0,0.0,0.009008194096904438,0.0,0.0,0.0,0.0,0.0,0.0,0.0,0.0,0.013696989464135821,0.0,0.0,0.0,0.0,0.0,0.0,0.0,0.0,0.0,0.0,0.0,0.0,0.0,0.0,0.007182070128056672,0.0,0.0,0.0,0.0,0.0,0.0,0.0,0.0,0.0,0.0,0.0,0.0,0.0,0.0,0.0,0.0,0.0,0.0,0.0,0.0,0.0,0.0,0.0,0.007182070128056672,0.0,0.0,0.0,0.0,0.0,0.0,0.0,0.0,0.0,0.0,0.0,0.0,0.0,0.0,0.0,0.0,0.0,0.0,0.0,0.0,0.0,0.0,0.0,0.0,0.0,0.0,0.0,0.0,0.0,0.0,0.0,0.0,0.0,0.0,0.0,0.0,0.0,0.0,0.0,0.0,0.0
GTTACAATTGGTGACG-1,0.08863008599350111,0.054876126117933265,0.11775220365466291,0.03820326690162229,0.054344953364898994,0.02540720598668819,0.08259388895723403,0.01052634994202056,0.09104428747610378,0.0,0.0,0.0,0.0219608826881924,0.0,0.002890517655369412,0.0,0.0,0.0,0.0,0.0,0.0,0.0,0.0,0.0,0.0,0.005791692309689949,0.0,0.0,0.0,0.0,0.0,0.0,0.005127521824834996,0.0,0.0,0.0,0.0,0.0,0.0,0.0,0.0,0.0,0.0,0.020510087299339983,0.010464921023742836,0.0,0.0,0.0,0.0,0.0,0.0,0.0,0.0,0.0,0.006713321757161811,0.0,0.0,0.005127521824834996,0.0,0.0,0.0,0.0,0.0,0.0,0.0,0.0,0.0,0.0,0.0,0.0,0.0,0.0,0.0,0.0,0.0,0.0,0.0,0.0,0.0,0.0,0.0,0.0,0.0,0.0,0.0,0.0,0.0,0.0,0.0,0.0,0.0,0.005127521824834996,0.0,0.0,0.0,0.0,0.0,0.0,0.0,0.0,0.0,0.0,0.0,0.0,0.0,0.0,0.0,0.0,0.0,0.0,0.0,0.0,0.0,0.0,0.0,0.0,0.0,0.0,0.0
GTTACCTACAACTTGC-1,0.24604756107612769,0.12280561032582936,0.20236451506330697,0.04910346938910079,0.018482790266269974,0.01814509956542041,0.0,0.007059058781632056,0.0,0.0,0.03343871575034903,0.0,0.0,0.0,0.0033316032438429014,0.0,0.0,0.026804625366268976,0.0,0.0,0.0,0.0,0.0,0.015342079706458954,0.0,0.0,0.004765039948952221,0.0,0.0,0.007991925519049032,0.0,0.0,0.0,0.0,0.0,0.0,0.0,0.0,0.0,0.0015773851316179589,0.007772986373147739,0.0,0.0,0.0,0.0,0.007991925519049032,0.0,0.0,0.0,0.0,0.0,0.0,0.0,0.0,0.0,0.0,0.0,0.0,0.0,0.0,0.0,0.0,0.0,0.0,0.0,0.0,0.0,0.0,0.0,0.0,0.0,0.0,0.0,0.0,0.0,0.0,0.0,0.0,0.0,0.0,0.0,0.0,0.0,0.0,0.0,0.0,0.0,0.0,0.0,0.0,0.0,0.0,0.0,0.0,0.0,0.0,0.0,0.0,0.0,0.0,0.0,0.0,0.0,0.0,0.0,0.0,0.0,0.0,0.0,0.0,0.0,0.0,0.0,0.0,0.0,0.0,0.0,0.0,0.0
GTTACTTTGGGCCTAG-1,0.0,0.0,0.0,0.0,0.04564061769108187,0.02338727915416882,0.0,0.00938247339288778,0.0,0.0,0.012897683375251266,0.0,0.028991684280963846,0.029492027667577116,0.007710848134790449,0.003819618224909152,0.0,0.0,0.0,0.0035440045043952186,0.0,0.0050040171511767685,0.0,0.0,0.0,0.0,0.0,0.0,0.0,0.0,0.0,0.0,0.0,0.0,0.0,0.0,0.0,0.0,0.0,0.0,0.00874786804868907,0.0,0.0,0.0,0.0,0.0,0.0,0.0,0.0,0.0,0.0,0.0,0.0,0.0,0.0,0.0,0.0,0.0,0.0,0.0,0.0,0.0,0.0,0.0,0.0,0.0,0.0,0.0,0.0,0.0,0.0,0.0,0.0,0.0,0.0,0.0,0.0,0.0,0.0,0.0,0.0,0.0,0.0,0.0,0.0,0.0,0.0,0.0,0.0,0.0,0.0,0.0,0.0,0.0,0.0,0.0,0.0,0.0,0.0,0.0,0.0,0.0,0.0,0.0,0.0,0.0,0.0,0.0,0.0,0.0,0.0,0.0,0.0,0.0,0.0,0.0,0.0,0.0,0.0
GTTATATTATCTCCCT-1,0.6685691032551432,0.6663761410171152,0.19816779071177934,0.07970902138585553,0.061696067750530055,0.030392857080362125,0.0,0.08992898886212533,0.0,0.0,0.12151888368479395,0.06784967119390167,0.0,0.018057558510994286,0.011163346332860284,0.004080299717995615,0.0,0.0,0.0,0.0,0.0,0.009802529671058444,0.013517864630643006,0.0,0.0,0.005660415293520564,0.0,0.0,0.011234529608883687,0.0,0.0,0.0,0.003387120660650142,0.0,0.0,0.012575396899161803,0.0,0.0,0.0,0.0029125416620664714,0.0,0.0,0.0,0.0,0.0,0.0,0.0,0.0,0.0,0.0,0.0028491156815981995,0.0,0.0,0.0,0.0,0.006631342402391924,0.0,0.0,0.0,0.0,0.0,0.0,0.004873512393123395,0.00021883437932385387,0.0,0.0,0.0,0.0,0.0,0.005067796272137529,0.0,0.0,0.0,0.0,0.0,0.0,0.0,0.0,0.0,0.0,0.0,0.0,0.0019125107921154545,0.0,0.0,0.0,0.0005615957558249274,0.0,0.0019125107921154545,0.0,0.0,0.0,0.0,0.0,0.0,0.0,0.0,0.0,0.0,0.0,0.0,0.0,0.0,0.0,0.0,0.0,0.0,0.0,0.0,0.0,0.0,0.0,0.0,0.0,0.0,0.0,0.0,0.0,0.0
GTTCACAGGAGTCTAG-1,0.28428549083437765,0.3764177709206268,0.0,0.0,0.11567710993869432,0.0,0.06589137533826306,0.0,0.07242078421474431,0.0,0.0,0.0,0.06117069452983331,0.0,0.01960816825070713,0.032756341255223705,0.0,0.0,0.0,0.0,0.0,0.006781906995198203,0.0,0.0,0.0,0.0,0.011413150698092322,0.0,0.0,0.0,0.0,0.0,0.0,0.0,0.0,0.0,0.0,0.0,0.0,0.0,0.004265924842083458,0.0,0.0,0.0,0.005900523146610369,0.0,0.009316323771690794,0.0,0.0,0.0,0.0,0.0,0.0,0.0,0.0,0.0,0.0,0.0,0.0,0.0,0.0,0.0,0.0,0.0,0.0,0.0,0.0,0.0,0.0,0.0,0.006994103862931773,0.0,0.0,0.0,0.0,0.0,0.0,0.0,0.0,0.0,0.0,0.0,0.0,0.0,0.0,0.0,0.0,0.0,0.0,0.0,0.0,0.0,0.0,0.0,0.0,0.0,0.0,0.0,0.0,0.0,0.0,0.0,0.0,0.0,0.0,0.0,0.0,0.0,0.0,0.0,0.0,0.0,0.0,0.0,0.0,0.0,0.0,0.0,0.0
GTTCCAGTCTGACCAT-1,0.9098489817786691,0.1648607386161194,0.03884192681573833,0.06813806955386013,0.07825047082883645,0.047900868976504085,0.0,0.007847889908694372,0.0,0.03169547137138996,0.0,0.0,0.0,0.0,0.0,0.0,0.0,0.0,0.0,0.0,0.0,0.0,0.0,0.0,0.0,0.0,0.007127421337652308,0.0,0.0,0.0,0.0,0.0,0.0,0.0,0.0,0.0,0.0,0.002930863225878235,0.0,0.0,0.0,0.0,0.0,0.0,0.007254621854956705,0.0,0.0,0.0,0.0,0.0,0.0,0.0,0.0,0.0,0.0,0.0,0.0,0.0,0.0,0.0,0.0,0.0,0.0,0.0,0.0,0.0,0.0024586080141408557,0.0,0.0,0.0,0.0,0.0,0.0,0.0,0.0,0.0,0.0,0.0,0.0,0.0,0.0,0.0,0.0,0.0,0.0,0.0,0.0,0.0,0.0,0.0,0.0,0.0,0.0,0.007713425386374632,0.0,0.0,0.0,0.0,0.0,0.0,0.0,0.0,0.0,0.0,0.0,0.0,0.0,0.0,0.0,0.0,0.0,0.0,0.0,0.0,0.0,0.0,0.0,0.0,0.0
GTTCGCCATAAGTGCC-1,1.4586569970436092,0.7717045446202107,0.23207160502805874,0.07343218180352011,0.0829099051689288,0.0351627471392925,0.055234541242188503,0.031067916164910878,0.02271392489373241,0.030399746060850562,0.006968299562323605,0.008184240240771946,0.04710303667089328,0.0,0.010550548552885022,0.004183413006538785,0.003924753097587401,0.024490382186869608,0.03158796778392392,0.0,0.0,0.007313859976209348,0.003181707031606018,0.0061035800502454015,0.0,0.0,0.011634576977345157,0.0,0.0,0.0,0.03382289531229689,0.0,0.0,0.0,0.0,0.005482579515154601,0.015482541039523103,0.016446887850700857,0.0,0.0,0.006597768621237415,0.0,0.0,0.0026907673447839732,0.0,0.0,0.0058849439832993605,0.0073766760489137224,0.0,0.0059469881998724695,0.0,0.011376508797314366,0.0,0.0,0.0,0.0,0.0,0.0,0.0,0.0,0.0,0.0,0.0,0.0,0.0,0.0,0.0,0.0,0.0,0.0,0.0,0.0,0.0,0.0,0.0,0.0,0.0,0.0,0.0,0.0,0.0,0.0,0.0,0.0,0.0,0.0,0.0,0.003256220855088496,0.0,0.0,0.0,0.0,0.0,0.0,0.0,0.0,0.0,0.0,0.0,0.0,0.0,0.0,0.0,0.0,0.0,0.0,0.0,0.0,0.0,0.0,0.0,0.0,0.0,0.0,0.0,0.0,0.0,0.0,0.0
GTTCTTCCCTCGATGT-1,0.37133712142955233,0.06832798680752476,0.03689259339595263,0.018246810253949138,0.014663568196416635,0.0038182939748402853,0.006545076562821654,0.034674285867366886,0.03659348549236955,0.0,0.0,0.0,0.003796002993554772,0.0092020955529357,0.0,0.0,0.0,0.0,0.0,0.003678647096073215,0.01237405837563756,0.0,0.0,0.0,0.0,0.0,0.004005091534572172,0.03223181944261365,0.0,0.0,0.0,0.0,0.0,0.0,0.0,0.0,0.0,0.004460600172183037,0.0,0.0,0.0,0.0,0.0,0.0,0.0,0.010164027445427623,0.0,0.0,0.0,0.0,0.0,0.0,0.0,0.0,0.0,0.0,0.0,0.0,0.0,0.0,0.0,0.014451473301479069,0.0,0.0,0.0,0.0,0.0,0.0,0.0,0.0,0.0,0.0,0.0,0.0,0.0,0.0,0.0,0.0,0.0,0.0,0.0,0.0,0.0,0.0,0.0,0.0,0.0001655174807203649,0.0,0.0,0.0,0.0,0.0,0.007448989090543667,0.0,0.0,0.0,0.0,0.0,0.0,0.0,0.0,0.0,0.0,0.0,0.0,0.0,0.0,0.0,0.0,0.0,0.0,0.0,0.0,0.0,0.0,0.0,0.0,0.0,0.0
GTTGAACCGGTTCCAT-1,0.1405896391433724,0.08305516296370871,0.0903057954372315,0.0,0.009012278413807227,0.012062355692699676,0.011008352111493596,0.0,0.0,0.0,0.012984434953718442,0.0,0.0,0.020809598286976712,0.0,0.0,0.0,0.0,0.0,0.0797844934735349,0.0,0.0,0.0,0.0,0.0,0.0,0.003967234838943561,0.0,0.0,0.0,0.0,0.0,0.0,0.0,0.0,0.0,0.0,0.0,0.0,0.0,0.0,0.0,0.0,0.0,0.0,0.0,0.0,0.0,0.0,0.0,0.0,0.0,0.0,0.0,0.0,0.0,0.0,0.0,0.0,0.0,0.0,0.0,0.0,0.0,0.0,0.0,0.0,0.0,0.0,0.0,0.0,0.0,0.0,0.0,0.0,0.0,0.0,0.0,0.0,0.0,0.0,0.0,0.0,0.0,0.0,0.0,0.0,0.0,0.0,0.0,0.0,0.0,0.0,0.0,0.0,0.0,0.0,0.0,0.0,0.0,0.0,0.0,0.0,0.0,0.0,0.0,0.0,0.0,0.0,0.0,0.0,0.0,0.0,0.0,0.0,0.0,0.0,0.0,0.0
GTTGGATTTGCGTTGG-1,0.0,0.0,0.0,0.0,0.0,0.0,0.047524932174404275,0.0,0.060987076053450245,0.0,0.0,0.0,0.0,0.0,0.0,0.0,0.0,0.0,0.0,0.0,0.0,0.0,0.0,0.0,0.0,0.002140843876960824,0.0,0.0,0.0,0.0,0.0,0.0,0.0,0.0,0.0,0.0,0.0,0.0,0.0,0.0,0.03156868253322426,0.0,0.0,0.0,0.0,0.0,0.0,0.0,0.0,0.0,0.0,0.0,0.0,0.007314826632391606,0.0,0.0,0.0,0.0,0.0,0.0,0.0,0.0,0.0,0.0,0.0,0.0,0.0,0.0,0.0,0.0,0.0,0.0,0.0,0.0,0.0,0.0,0.0,0.0,0.0,0.0,0.0,0.0,0.0,0.0,0.0,0.0,0.0,0.0,0.0,0.0,0.0,0.0,0.0,0.0,0.0,0.0,0.0,0.0,0.0,0.0,0.0,0.0,0.0,0.0,0.0,0.0,0.0,0.0,0.0,0.0,0.0,0.0,0.0,0.0,0.0,0.0,0.0,0.0,0.0
GTTTACGTTCCATCTG-1,0.625262316918322,0.090780255462255,0.3841821580254037,0.13262459382733158,0.07202076196538867,0.024078356189403946,0.044944408451942836,0.024892381005684402,0.01783431720652041,0.0,0.05138849754534981,0.03253210471201387,0.0,0.0,0.0,0.0,0.0,0.020110651380053215,0.0,0.0,0.0,0.011546415179588942,0.0,0.013145676782485448,0.0,0.0,0.0,0.0,0.0,0.0,0.0,0.0,0.0,0.0,0.0,0.0,0.0,0.0,0.0,0.0,0.00246702572719879,0.0,0.0,0.0,0.0,0.0,0.0,0.0,0.0,0.0,0.0,0.0,0.005602768211941731,0.0,0.0,0.0,0.0,0.0,0.0,0.0,0.0,0.0,0.0,0.0,0.0,0.0,0.005632488737459199,0.0,0.0,0.0,0.0,0.0,0.0,0.0,0.0,0.0,0.0,0.0,0.0,0.0,0.0,0.005602768211941731,0.0,0.0,0.0,0.0,0.0,0.0,0.0,0.0,0.0,0.0,0.0,0.0,0.0,0.0,0.0,0.0,0.0,0.0,0.0,0.0,0.0,0.0,0.0,0.0,0.0,0.0,0.0,0.0,0.0,0.0,0.0,0.0,0.0,0.0,0.0,0.0,0.0
GTTTCATATCGTCGCT-1,0.12841254716584502,0.0,0.17457901284466973,0.01485074652710866,0.0,0.04557122492377383,0.017320903816067847,0.0030373771582364968,0.05598789299788379,0.0,0.035566857382002284,0.01683428999033823,0.0,0.0,0.001526620843600285,0.010098719605848606,0.0,0.0,0.0,0.0,0.0,0.0021212365138700653,0.0,0.0,0.0,0.0,0.0,0.0,0.05265085886348389,0.005465356566392741,0.0,0.0,0.0,0.0,0.0,0.0,0.0,0.0,0.0,0.0,0.0,0.0,0.0,0.005465356566392741,0.0,0.0,0.0,0.0,0.0,0.0,0.0,0.0,0.0,0.0,0.0,0.0,0.0,0.005465356566392741,0.0,0.0,0.0,0.0,0.0,0.0,0.0,0.0,0.0,0.0,0.0,0.0,0.0,0.0,0.0,0.0,0.0,0.0,0.0,0.0,0.0,0.0,0.0,0.0,0.0,0.0,0.0,0.0,0.0,0.0,0.0,0.0,0.0,0.0,0.0,0.0,0.0,0.0,0.0,0.0,0.0,0.0,0.0,0.0,0.0,0.0,0.0,0.0,0.0,0.0,0.0,0.0,0.0,0.0,0.0,0.0,0.0,0.0,0.0,0.0,0.0
GTTTGGGCTTGTGAGC-1,0.5691855982245714,0.04068013004262133,0.2935559268029795,0.041024413761670354,0.053452577606919384,0.04199063814915456,0.09365977444950942,0.01351489048130287,0.027760238213895328,0.003706905772936832,0.00604742408281094,0.030369793499497533,0.0,0.0,0.0,0.009494523838907549,0.0,0.0,0.0,0.0,0.0,0.00871704087208353,0.0,0.0,0.0,0.0,0.0,0.0,0.002796861249079731,0.008183647537572804,0.0,0.0,0.0,0.0,0.0,0.0,0.0,0.0,0.0,0.0,0.0,0.0,0.0,0.0,0.0,0.0,0.0,0.0,0.0,0.0,0.0,0.0,0.0,0.0,0.0,0.0,0.0,0.0,0.0,0.0,0.0,0.0,0.0,0.0,0.0,0.0,0.0,0.0,0.0,0.0,0.0,0.0,0.0,0.0,0.0,0.0,0.0,0.0,0.0,0.0,0.0,0.0,0.0,0.0,0.0,0.0,0.0,0.0,0.0,0.0,0.0,0.0,0.0,0.0,0.0,0.0,0.0,0.0,0.0,0.0,0.0,0.0,0.0,0.0,0.0,0.0,0.0,0.0,0.0,0.0,0.0,0.0,0.0,0.0,0.0,0.0,0.0,0.0,0.0
GTTTGGTAGGGTCAAC-1,0.7633848926087206,0.15436439467915214,0.26366173553108935,0.09637604974748953,0.03417787545922675,0.01709027802252497,0.06374691872667432,0.057628596044132244,0.03044674833488347,0.0,0.015875653031032222,0.0,0.005376503690229367,0.03531152344714473,0.01114589729351958,0.008131938608075987,0.0,0.0,0.0,0.0,0.051356745668812584,0.006549007481753385,0.0,0.0,0.0,0.0,0.0,0.0,0.0,0.004556376468665191,0.0,0.0,0.006228821909573428,0.03749011677071918,0.0,0.0,0.0,0.0,0.0,0.0018975764618151267,0.0,0.0,0.0,0.0,0.0,0.0032992499898705347,0.0,0.0,0.0,0.0,0.0,0.0,0.0,0.0,0.006312339301867952,0.0,0.0,0.0,0.0,0.0,0.0,0.0,0.0,0.0,0.0,0.0,0.0,0.0,0.0,0.0,0.0,0.0,0.0,0.0,0.0,0.0,0.0,0.0,0.0032992499898705347,0.0,0.0,0.0,0.0,0.0,0.0,0.0,0.0018243529670734751,0.0,0.0,0.0,0.0,0.0,0.0,0.0,0.0,0.0,0.0,0.0,0.0,0.0,0.0,0.0016026438159404649,0.0,0.0,0.0,0.0,0.0,0.0,0.0,0.0,0.0,0.0,0.0,0.0,0.0,0.0,0.0,0.0,0.0
TAAACCCAGGAGGGCA-1,0.04820791831380225,0.022497325149132254,0.008510764463334968,0.004216073962741007,0.0023437727662939498,0.002474769588232669,0.01857421458308027,0.012161898955191952,3.576075804820926e-05,0.002325317721874215,0.0012541853687366839,0.0,0.02169689841748043,0.013314669966744559,0.010497963913129542,0.0,0.017605370474450915,0.00620851087626592,0.0,0.05366190758554302,0.005921942016144977,0.0030123738764365102,0.0,0.005367153084794051,0.03572925692123696,0.005179703991283603,0.00039881001815390957,0.0,0.0,0.009254484648886433,0.0,0.0,0.0,0.0011975268146534772,0.0,0.0,0.0,0.0,0.0,0.0015148105065471294,0.0,0.0,0.0,0.0,0.0,0.0,0.0,0.00021218441824189446,0.0,0.0016137427805443174,0.0006720030938602062,0.0,0.0,0.0,6.616540674354438e-05,0.0017545344968822642,0.0005761895753319494,0.0,0.0,0.0,0.0004735274654042573,0.0,0.0,0.00027415731031615447,0.0,0.0,0.00017746554633597927,0.0,0.0,0.0024629805960169784,0.0,0.0,0.00010929048603128737,0.0,4.5946557532869424e-05,0.0,0.0,0.0,0.0,0.0,0.0,0.0,0.0,0.0,0.0,0.0,2.3931255672954405e-05,0.0,0.0,0.00046038913461626194,0.0,0.0,0.0,0.0,0.0,0.0,0.0,0.0002654824287391765,0.0,0.0,0.0,0.00010533963784971867,0.0,0.0,0.0,0.0,0.0,0.0,0.0004076190588119642,0.0,0.00033981910390749035,0.0,3.308270337177219e-05,0.0,0.0,0.0,0.0,0.0,0.0
TAAATGAATCCGTTTC-1,1.0525459137183881,0.6647277912196214,0.09885525468343427,0.07495879107708313,0.0757518116819993,0.07973791937431236,0.0785731417599136,0.0,0.021268379808894858,0.0,0.022885738171377058,0.0,0.047541366957458905,0.027363507134797283,0.014723125263173138,0.00989224994054723,0.007946312376388095,0.006328955216405438,0.004267403266906219,0.0010753828733602226,0.0,0.015292599940558463,0.010551354783250718,0.01054711917302157,0.005738325445153332,0.0,0.010512585651104056,0.0,0.008746201992056264,0.0007616502393187598,0.025935753336877615,0.0003048872576398477,0.0021159261389525953,0.016488033097997346,0.011326018376787057,0.0,0.0,0.005187431019640771,0.0,0.0008683093502999114,0.01619829710595444,0.0019256708176790705,0.0,0.0009896053674841355,0.0,0.0,0.007847817741834642,0.0,0.0028733751048650256,0.001263879566126826,0.0,0.0,0.002968816102452407,0.000457126084676641,0.0,0.0,0.000457126084676641,0.0,0.0,0.0,0.0005197361342348774,0.0,0.0035046873583381047,0.000810740401185878,0.0,0.015058384557960717,0.0,0.0013143145662068664,0.0,0.0,0.0,0.0,0.0,0.0,0.0,0.0,0.0,0.0,0.0,0.0,0.0,0.0,0.0,0.0,0.0,0.0,0.0008511898109533452,0.0,0.0,0.0,0.0,0.0,0.0,0.001637164416901898,0.0,0.0,0.0,0.0,0.0,0.0,0.0,0.0,0.0,0.0,0.0,0.0,0.0,0.0,0.0,0.0,0.0,0.0,0.0,0.0,0.0,0.0,0.0,0.0,0.0
TAACAAAGGGAGAAGC-1,0.2098291587810298,0.20489400198264418,0.0426895432028611,0.0,0.024103420613813424,0.019283428837787345,0.007646581244378925,0.0014446031485828845,0.0,0.0,0.0,0.018459071855322556,0.0,0.0,0.0,0.003941974849020578,0.0,0.0,0.0,0.0,0.0,0.01086467632843672,0.0,0.0,0.0,0.0,0.0027849218550471187,0.0,0.0,0.0,0.0,0.0,0.00784437764644853,0.0,0.0,0.0,0.0,0.0,0.0,0.0,0.0,0.0,0.0,0.0,0.0,0.016268868342765367,0.0,0.0,0.0,0.0,0.0,0.0,0.0,0.00784437764644853,0.0,0.0,0.0,0.0,0.0,0.0,0.0,0.0,0.0,0.0,0.0,0.0,0.0,0.0,0.0,0.0,0.0,0.0,0.0,0.0,0.0,0.0,0.0,0.0,0.0,0.0,0.0,0.0,0.0,0.0,0.0,0.0,0.0,0.0,0.0,0.0,0.0,0.0,0.0,0.0,0.0,0.0,0.0,0.0,0.0,0.0,0.0,0.0,0.0,0.0,0.0,0.0,0.0,0.0,0.0,0.0,0.0,0.0,0.0,0.0,0.0,0.0,0.0,0.0,0.0
TAACAATATTTGTTGC-1,0.6529027347487913,0.39016850423469535,0.24201372176663252,0.06297145470405632,0.05079443105052821,0.05757978012840021,0.04530936147942253,0.017407940479236238,0.048978524527899914,0.0,0.007144192287734989,0.0,0.0,0.0,0.0013614975378002285,0.02001371536724552,0.006800312922895434,0.01902331201281463,0.03215836704848365,0.0,0.0,0.0,0.017890757551099472,0.010173262414090355,0.0,0.0,0.0,0.0,0.0,0.0,0.0,0.0,0.0,0.0,0.0130704508595291,0.0,0.0,0.0059049718691471225,0.0,0.0,0.0,0.0,0.0,0.0,0.0,0.0,0.0,0.0,0.0,0.0,0.0,0.0,0.0,0.006607535212159791,0.0,0.0,0.0,0.0035647549343026403,0.006607535212159791,0.0,0.0,0.0,0.0,0.0,0.0,0.0,0.0,0.0,0.0,0.0,0.0,0.0,0.0,0.0,0.0,0.0,0.0,0.0,0.0,0.0,0.0,0.0,0.0,0.0,0.0,0.0,0.0,0.0,0.0,0.0,0.0,0.0,0.0,0.0048784254985391904,0.0,0.0,0.0,0.0,0.0,0.0,0.0,0.0,0.0,0.0,0.0,0.0,0.0,0.0,0.0,0.0,0.0,0.0,0.0,0.0,0.0,0.0,0.0,0.0,0.0
TAACATACAATGTGGG-1,0.39219187982339576,0.1493886453874565,0.11318855892360259,0.0,0.05081257636415281,0.0,0.014010102232869479,0.0,0.0,0.0,0.0,0.0,0.0,0.005997760323151471,0.009488661478148521,0.0,0.0,0.0,0.0,0.028385937051872468,0.021036536087357952,0.006385738423693043,0.0,0.0,0.0,0.0,0.005585170181907461,0.0,0.0,0.0,0.0,0.0,0.0,0.0,0.0,0.0,0.0,0.0,0.0,0.0033210687711414254,0.0,0.0,0.0,0.0,0.0,0.0,0.0,0.0,0.0,0.0,0.0,0.0,0.0,0.0,0.0,0.0,0.0,0.006397151623288592,0.0,0.0,0.0,0.0,0.0,0.0,0.0,0.0,0.0,0.0,0.0,0.0,0.0,0.0,0.0,0.0,0.0,0.0,0.0,0.0,0.0,0.0,0.0,0.0,0.0,0.0,0.0,0.0,0.0,0.0,0.0,0.0,0.0,0.0,0.0,0.0,0.0,0.0,0.0,0.0,0.0,0.0,0.0,0.0,0.0,0.0,0.0,0.0,0.0,0.0,0.0,0.0,0.0,0.0,0.0,0.0,0.0,0.0,0.0,0.0,0.0
TAACGCTTTGAGAGCG-1,1.1086704556561708,1.1948908413401274,0.08728954882850501,0.0,0.20245360129106751,0.03483896253018763,0.010665334124836707,0.03793297281332692,0.0,0.0,0.012194438781728744,0.0,0.005952851174319989,0.0,0.006764150554831721,0.010070775289678494,0.0,0.0,0.0,0.0,0.007199900508011623,0.011838911444583669,0.0,0.0,0.0,0.002282865012235687,0.0,0.0,0.0,0.0,0.0,0.00013204181173870146,0.0,0.0,0.00535414696152551,0.006623023511080491,0.0,0.0,0.0,0.0,0.0,0.006320334155977972,0.0,0.004823699998034717,0.0,0.006459606120003118,0.0,0.0037466304882411835,0.0,0.0,0.0024631237679167196,0.0,0.0,0.0,0.0,0.0,0.0,0.0,0.0,0.0,0.005558625847948617,0.0,0.0,0.0,0.007164565330696755,0.0,0.0,0.0036085099384625396,0.0,0.0,0.0,0.0,0.0,0.0,0.0,0.0,0.0,0.0008301739066559538,0.0,0.0,0.0,0.0,0.0,0.0,0.0,0.0,0.0007741004500814718,0.0,0.0,0.0,0.0,0.0010281436307563426,0.0,0.0,0.0031837197133634822,0.0,0.0,0.0,0.0,0.0,0.0,0.0,0.0,0.0,0.0,0.0,0.0,0.0,0.0,0.0,0.0,0.0,0.0,0.0,0.0,0.0,0.0,0.0,0.0
TAACTATCGAAGGTCC-1,1.0327769156523394,0.3165337079756201,0.0623243267360553,0.034347108104744284,0.012066161598027432,0.022320743389502993,0.07008610135781218,0.0018437661733954785,0.0540198942700866,0.018517930817561392,0.0020577490961590375,0.016460168576395616,0.02934694167259591,0.038209899294059886,0.0028589445332207,0.023005897516766776,0.0,0.10213307851768746,0.014753999651675821,0.0005697693933027419,0.02170689579802658,0.027995885966044916,0.00830960996624365,0.032713542906265936,0.0,0.0,0.0029025685117738793,0.0,0.025650838764786563,0.0,0.0,0.0,0.0,0.0,0.0,0.0,0.01223018145688195,0.0,0.0,0.0,0.018859670446265193,0.0,0.0,0.0,0.0,0.0,0.0,0.0,0.0,0.0,0.0,0.003333550286384039,0.006780440935768785,0.0,0.0,0.0,0.0,0.0,0.0,0.0017956572459912903,0.0,0.0,0.0,0.0,0.0,0.0,0.0,0.0,0.0,0.0,0.006359526531057264,0.0,0.0,0.0,0.0,0.0,0.0,0.0033902204678843925,0.0,0.0,0.0,0.0,0.0,0.0,0.0,0.0,0.0,0.0,0.0,0.0,0.0,0.0,0.0,0.0,0.0,0.0,0.0,0.0,0.0,0.0,0.0033902204678843925,0.0,0.0,0.0,0.0,0.0,0.0,0.0,0.0,0.0,0.0,0.0,0.0,0.0,0.0,0.0,0.0,0.0,0.0
TAACTCATCCGCGCGG-1,0.6462058684269347,0.35004900650276616,0.09627871371236886,0.1120674018513082,0.05203768875491553,0.054507089171200875,0.040351549363410955,0.0192537749559095,0.0,0.0,0.030060955784179787,0.0,0.0,0.0,0.0,0.00489746017659788,0.0,0.0,0.0,0.0,0.0,0.0,0.0,0.0,0.0,0.0,0.010611343710592918,0.0,0.0,0.0,0.0,0.0,0.0,0.0,0.0,0.0,0.0,0.0,0.0,0.0,0.0,0.0,0.0,0.0,0.0,0.0,0.0,0.0,0.020688353809280094,0.0,0.0,0.0,0.0,0.008823265205398188,0.0,0.0,0.0,0.0,0.0,0.0,0.0,0.0,0.0,0.0,0.0,0.0,0.0,0.0,0.0,0.0,0.0,0.0,0.0,0.0,0.0,0.0,0.0,0.0,0.0,0.0,0.0,0.0,0.0,0.0,0.0,0.0,0.0007197398409263321,0.0,0.0,0.0,0.0,0.0,0.0,0.0,0.0,0.0,0.0,0.0,0.0,0.0,0.0,0.0,0.0,0.0,0.0,0.0,0.0,0.0,0.0,0.0,0.0,0.0,0.0,0.0,0.0,0.0,0.0,0.0,0.0
TAAGCAGGCGACACGC-1,1.6417520998124624,0.6979003306379858,0.3852771756778557,0.1216705600484337,0.09585052267850305,0.018598159915102823,0.017413603522670032,0.03202423927390436,0.0020932468930578555,0.024048958906743297,0.02705079497450774,0.0,0.04926218706908613,0.03330093334213831,0.002397390386066045,0.023367297513484087,0.0,0.0,0.0,0.022379515563051663,0.0,0.0,0.0,0.0,0.0,0.008790793895991172,0.0044720557140207175,0.0,0.0,0.0,0.0,0.0,0.0,0.0,0.0,0.0,0.0,0.0,0.0,0.0,0.0,0.0,0.0,0.0,0.0,0.00521080621029504,0.0,0.0,0.0,0.0,0.0,0.0,0.0,0.0,0.0,0.0,0.0,0.0,0.0,0.003514249567101566,0.0,0.0,0.006039495985563082,0.0,0.0,0.0,0.0,0.0,0.0,0.0,0.0,0.0,0.0,0.0,0.0,0.0,0.0,0.0,0.0,0.0,0.0,0.0,0.0,0.0,0.0,0.0,0.0010383219583040525,0.0,0.0,0.0008963630994012745,0.0,0.0,0.0,0.0,0.0,0.0,0.0,0.0,0.0,0.0,0.0,0.0,0.0,0.0,0.0,0.0,0.0,0.0,0.0,0.0,0.0,0.0,0.0,0.0,0.0,0.0,0.0,0.0,0.0
TAAGGCATAACATCAA-1,0.05079402945146222,0.01786104598501473,0.033942636765573936,0.0008591354417170435,0.0,0.0,0.0,0.036723188623930175,0.0,0.0009827500618781392,0.003533735927618162,0.0,0.0,0.01534639466746681,0.010512144295619627,0.002434562511367308,0.05892955232364732,0.0059095365437097395,0.0,0.003278524028961896,0.01286333298970246,0.0004960435365196592,0.0,0.003857799036227028,0.0,0.01066790008160127,2.0356975570141987e-05,0.0,0.0,0.006515341462198101,0.0,0.022406625342601887,0.0,0.0,0.0,0.0,5.321153105033043e-05,0.0012579816525332753,0.016210919251294018,0.004823515545743207,0.00012992457921980982,0.0,0.0,0.0,0.0006888917109189189,0.0,0.001158183345799748,0.0,0.0,0.0013062322941749273,0.015097602829529298,0.0002474808492219356,0.008199201104192413,0.0,0.0003715600330844615,0.002138458623784171,0.001103249558973,0.0,0.0,0.0,0.0004159434420502881,0.0,0.0,0.0021392583325029837,0.0,0.0,1.0987315983020736e-05,0.0,0.0,0.0,0.0,0.0,0.005748035556527696,0.0,0.0002969037649709974,0.004262217092843876,0.0,0.0,0.0,0.0005709971427647691,0.002506361533255169,0.004713171115508562,0.0,0.0,0.0,0.0,0.0,0.0,0.0005053480857414155,0.0,0.0,0.0,0.0,0.0,0.0,0.0,0.0002483097252159736,0.0,0.0,0.0,0.0,0.0,0.00011360816315716938,0.0,0.0,0.0,0.0,0.0,0.00031277054283488536,0.0,0.0,0.0,0.0,0.0,0.0,0.00011092400587028723,0.0,0.0,0.0
TAAGGGCTGGGAGAGG-1,0.03827105021195861,0.0,0.02844124485149044,0.01683782420805235,0.011489165587157879,0.006462112918918495,0.0,0.012941214572400772,0.00269379552191063,0.024666370495555055,0.013801022593697282,0.0,0.029167701037860976,0.0,0.003678089332340751,0.016945602662416903,0.0,0.0,0.0,0.0,0.0,0.003624256561981825,0.0,0.0,0.0,0.0,0.010631807711014187,0.060140016540690525,0.0,0.0,0.0,0.0,0.0,0.0,0.0,0.0,0.0,0.0070966276244635775,0.0,0.0,0.0,0.0,0.0,0.003602908479165048,0.0,0.0,0.0,0.0,0.0,0.0,0.0,0.0,0.0,0.0,0.0,0.0,0.0,0.0,0.0,0.0,0.0,0.0,0.0,0.0,0.0,0.0,0.0,0.0,0.0,0.0,0.0,0.0,0.0,0.0,0.0,0.0,0.0,0.0,0.0,0.0,0.0,0.0,0.0,0.0,0.0,0.0,0.0,0.0,0.0,0.0,0.0,0.0,0.0,0.0,0.0,0.0,0.0,0.0,0.0,0.0,0.0,0.0,0.0,0.0,0.0,0.0,0.0,0.0,0.0,0.0,0.0,0.0,0.0,0.0,0.0,0.0,0.0,0.0,0.0
TAAGTAACATCTTGAC-1,0.3360570584253106,0.16576543624390577,0.0,0.0,0.010168380322419486,0.0025541518155468377,0.04503765456160333,0.0,0.0,0.0,0.012102808068481744,0.03621289828900248,0.0,0.0,0.04707867922173581,0.011695209386153607,0.004804453701892463,0.0,0.0,0.0,0.0,0.0,0.0,0.0,0.0,0.0,0.0028589953123648267,0.0,0.0,0.009084121206799814,0.0,0.0,0.0,0.0,0.0,0.0,0.0,0.0,0.0,0.0,0.0,0.0,0.0,0.0,0.0,0.0,0.0,0.0,0.011937618506012108,0.0,0.0,0.0,0.0,0.0,0.0,0.0,0.0,0.0,0.0,0.0,0.0,0.0,0.0,0.0,0.0,0.0,0.0,0.0,0.0,0.002550123788814205,0.0,0.0,0.0,0.0,0.0,0.0,0.0,0.005760181837189285,0.0,0.0,0.0,0.0,0.0,0.0,0.0,0.0,0.0,0.0,0.0,0.0,0.0,0.0,0.0,0.0,0.0,0.0,0.0,0.0,0.0,0.0,0.0,0.0,0.0,0.0,0.0,0.0,0.0,0.0,0.0,0.0,0.0,0.0,0.0,0.0,0.0,0.0,0.0,0.0,0.0
TAAGTCGCCGAGTATC-1,0.014984689967117744,0.005677004114597564,0.016712852897563763,0.0,0.0,0.00033730379321848553,0.004619839732153506,0.01883579493297063,2.3249846981223866e-05,0.0,0.0002642731199647197,0.0,0.0,0.014058839584190677,0.012104704272361395,0.0,0.03336813830044951,0.0022293478202401783,0.0,0.0,0.03347246909352177,0.0023033690438522933,0.0020281873236067814,0.005049116753310314,0.026531804806866212,0.0,0.0,0.0,0.0,0.007537927225441701,0.0,0.0,0.0,0.0006351320848533086,0.0,0.0,0.0,0.0,0.0,0.0033595421993281582,0.0,0.0,0.0,0.0,0.0,0.0,0.0,0.0,0.0,0.00017025029290428922,0.0064194345360943945,0.0,0.007877270952643943,0.0,0.0,0.0050845070847275655,0.0,0.0,0.0,0.0,0.001598279816091976,0.0,0.0,0.00016894472357182152,0.0,0.0,0.0,0.0,0.0,0.0,0.0,0.0,0.002702068282371799,0.0,0.00018715861630589522,0.0,0.0,0.0,0.0,0.0027415360564957848,0.0,0.0,0.0,0.0,0.0,0.0,0.0,0.0,0.0008239892636733489,0.0,0.0,6.118802892998833e-05,0.0,0.0,0.0,0.0,0.0,0.0,0.0,0.0,0.0,0.0,0.0,0.0,0.0,0.0,0.0,0.0,0.0003090221172581783,0.0,0.0,0.0,6.118802892998833e-05,0.0,0.0,0.0,3.241766783330373e-05,0.0,0.0
TAATAGAACAGAGTTA-1,0.2842115517101821,0.26156845426139996,0.06565111180729638,0.016338072093287574,0.022743205951556662,0.029593093915229983,0.05652219486867261,0.024307166674711778,0.007128386585021924,0.00919055206869985,0.02363830213330922,0.025354060995884723,0.00023690171744588452,0.01838205779256424,0.026359604628606505,0.020003356288480562,0.0010333123359562463,0.021006020078384056,0.0,0.0058768589637989985,0.009427262272376344,0.0008772352882171962,0.0,0.012194451802568366,0.014386174532584185,0.004660056500954276,0.0,0.01738283764514682,0.0007173645223810645,0.0009253938309311894,0.0,0.0031311112493501787,0.0028376558386502696,0.0,0.003566974858432279,0.012113341349187939,0.011007633338808383,0.004139387755091768,0.0,0.001424701136371435,8.701807811110085e-05,0.002509850928337849,0.0,0.0,0.0,0.0,0.0029257989197065096,0.0,0.0,0.0,0.0,0.009437443831483617,0.0005826163982883856,0.0,0.0,0.004311809683931494,0.001344587242563799,0.0,0.0,0.0,0.0007919102984926313,0.0,0.0,0.0003203004291404339,0.0,0.0,0.0032728172099826818,0.0006686053459080393,0.00039840702274098383,0.0017005825263768214,0.0,0.0,0.0,0.0,0.0,0.0,0.0,0.0,0.0,0.0,0.0,0.0,0.00301602045843915,0.0,0.0,0.0,0.0004572318905047804,0.0,0.0,0.0011614502885030223,0.0,0.0,0.0,0.00034277743264280375,0.0014792862700590884,0.0,0.0,0.0,0.0,0.0004652635555233156,0.0,0.0012565982122803498,0.0,0.0,0.0,0.0,0.0,0.0,0.0,0.0,0.0,0.000787293527437493,0.0,0.0,0.0,0.0,0.0,0.0,0.0
TAATCGATCCGTACGT-1,1.124896235971106,0.2234620610874718,0.16082648419907075,0.12029179770208523,0.026946205005762586,0.04435166848712811,0.010917675396323028,0.05437151760055128,0.042892224413584513,0.0,0.0,0.0,0.0,0.0,0.0,0.0,0.0,0.0,0.0,0.0,0.0,0.02717441499822382,0.0,0.0,0.0,0.0,0.0016394153274831371,0.0,0.0,0.0,0.0,0.0,0.0,0.0,0.0,0.0,0.0,0.0,0.0,0.0,0.0,0.0,0.0,0.0,0.0,0.0,0.0,0.0,0.0,0.0,0.0,0.0,0.0,0.0,0.0,0.0,0.0,0.0,0.0,0.0,0.0,0.0,0.0,0.0,0.0,0.0,0.0,0.0,0.0,0.0,0.0,0.0,0.0,0.005854948092232044,0.0,0.0,0.0,0.0,0.0,0.0,0.0,0.0,0.0,0.0,0.0,0.0,0.0,0.0,0.0,0.0,0.0,0.0,0.0,0.0,0.0,0.0,0.0,0.0,0.0,0.0,0.0,0.0,0.0,0.0,0.0,0.0,0.0,0.0,0.0,0.0,0.0,0.0,0.0,0.0,0.0,0.0,0.0,0.0,0.0
TACAACGCACAACTCA-1,0.7485390939629792,0.13418123213885552,0.19703231843711774,0.054933946187320684,0.032225167960146774,0.018521258114681617,0.0,0.015517258845256506,0.0,0.0,0.00935026539207015,0.0,0.0,0.0,0.009874917176029955,0.002661781371649852,0.019114557550470687,0.0,0.0,0.0,0.0,0.0,0.0,0.0,0.0,0.0,0.015897991501531386,0.0,0.0,0.0,0.0,0.0,0.0,0.0,0.0,0.0,0.0,0.0,0.0,0.0,0.0,0.0,0.0,0.0,0.0,0.0,0.0,0.0,0.0,0.0,0.0,0.0,0.0,0.0,0.0,0.0,0.0,0.0,0.0,0.0,0.0,0.0,0.0,0.0,0.0,0.0,0.0,0.0,0.0,0.0,0.0,0.0,0.0,0.0,0.0,0.0,0.0,0.0,0.0,0.0,0.0,0.0,0.0,0.0,0.0,0.0,0.0,0.0,0.0,0.0,0.0,0.0,0.0,0.0,0.0,0.0,0.0,0.0,0.0,0.0,0.0,0.0,0.0,0.0,0.0,0.0,0.0,0.0,0.0,0.0,0.0,0.0,0.0,0.0,0.0,0.0,0.0,0.0,0.0
TACAAGTCTCGTGCAT-1,1.4630669178128037,0.9109137587507115,0.024629388664376365,0.0345575314888436,0.2173026483792298,0.06852347433554414,0.026983177379957486,0.03947939684683148,0.006780831982754191,0.035926473064344086,0.0016652692395400695,0.0,0.04154159350096689,0.0,0.0,0.03681780755754049,0.0,0.0673092880010101,0.0,0.0,0.0,0.0,0.0,0.020650602083809214,0.0,0.01713820352359693,0.007873371833076057,0.0,0.0,0.0,0.08266161352293043,0.0,0.0,0.0,0.0,0.0,0.0,0.0,0.0,0.0,0.0,0.005990585885967872,0.0,0.015734418919149618,0.01365571542744217,0.0,0.0,0.0,0.0,0.0064178504244974885,0.0,0.0,0.0,0.0,0.0,0.0,0.0,0.0,0.0,0.0,0.0,0.0,0.0,0.0,0.0,0.0,0.0,0.0,0.0,0.0,0.0,0.0,0.0,0.0,0.0,0.0,0.0,0.0,0.0,0.0,0.0,0.0,0.0,0.0,0.0,0.0,0.0010638932326564865,0.0,0.0,0.0,0.0,0.0,0.0,0.0,0.0,0.0,0.0,0.0,0.0,0.0,0.0,0.0,0.0,0.0,0.0,0.0,0.0,0.0,0.0,0.0,0.0,0.0,0.0,0.0,0.0,0.0,0.0,0.0,0.0
TACATAGGCATACACC-1,0.3210349550758432,0.42017034317271723,0.11712395503058808,0.00426392807322013,0.031035739491027396,0.08088262409911356,0.03861191913418459,0.008365833035718771,0.008904413112808995,0.004217418943167184,0.013893174666352405,0.0,0.0,0.0,0.022260069812107354,0.0,0.0,0.0,0.0,0.0,0.0,0.004923105844901516,0.0017349149721252626,0.0,0.0,0.0,0.008344618015852984,0.0,0.0,0.0029936906936082956,0.0,0.0032189514352337777,0.0,0.0,0.0,0.0,0.0,0.0033518709448631875,0.0,0.0004874106961130153,0.0,0.0,0.0,0.0007300753971824836,0.0,0.0018744396126383611,0.0,0.0,0.002756272056377669,0.0,0.0009080748035322092,0.0,0.003806146235640508,0.0007300753971824836,0.0,0.0,0.009646510858618654,0.005782057070778102,0.0,0.0,0.0012842367194348338,0.0,0.0,0.0,0.004035309965277283,0.0,0.0,0.0,0.0007306485906610212,0.0,0.0,0.0,0.0,0.0,0.011377019553668656,0.0,0.0,0.0,0.0,0.0007300753971824836,0.0,0.0,0.0,0.0,0.0,0.0,0.0006186815374856383,0.0,0.0,0.0,0.0,0.0,0.0,0.0,0.0,0.0,0.0,0.0,0.0,0.0,0.0,0.0,0.0006971625554956188,0.0,0.0,0.0,0.0,0.0,0.0,0.0,0.0,0.0,0.0,0.0,0.0,0.0,0.0,0.0,0.0
TACATCCCTATCCCTG-1,0.053961715865971746,0.04886706593032691,0.027306376242558602,0.0,0.0015622931486506562,0.00031866609942457887,0.034293074737972974,0.022996634624532948,0.004056665015208989,0.009836674504098851,1.993580040886381e-05,0.049617803884364084,0.02577355474844273,0.004261418344588443,0.012796916312057665,0.00027551151651090456,0.011267162369559366,0.0,0.0,0.0032716154183205755,0.0,0.0026552070334903886,0.0,0.0,0.0,0.0,0.0006033878759182417,0.0,0.0,0.004676392950001218,0.0,0.016753991115358333,0.0,0.0,0.0,0.0,0.0,0.0,0.0,0.0021443630659438457,0.00018800086738819747,0.000752595494574622,0.012314943303725519,0.0,0.0,0.0,0.0,0.0,0.0,0.0008937171089274821,0.007828560148023325,0.0,0.0001388518433707592,0.0,0.0,0.0004027950955626641,0.005324929014537502,0.0,0.0,0.00025982951297720417,3.215741472738221e-05,0.0,0.0,0.001571856070637956,0.0,0.0,6.618593193898618e-05,0.0004608293264338595,0.0,0.0,0.0,0.0,0.0009726909613968396,0.0,0.00010235506321965625,0.0,0.0,0.0,0.0,0.0,0.0,0.0,0.0,0.0,0.0009163096981461776,0.0,0.0005502548219708892,0.0,0.0,0.0,0.0005180262152315717,0.0,0.0,0.0,0.0,0.0,0.0008992826103670653,0.0,0.0,0.0,0.0,0.000219128482793448,0.0,0.0,0.0,0.0001388518433707592,0.0,0.0,0.0,0.0,0.0,0.0,0.0001388518433707592,0.0,0.0,0.0,0.00018576465226741737,0.0,0.0
TACATTTCTAACGTGC-1,0.4621798810573547,0.20011782065720252,0.10151772703368712,0.0,0.05689889912399408,0.02218279304715574,0.0,0.021491785211458468,0.0,0.0,0.004091201334194474,0.0,0.0,0.0,0.010135769390117424,0.0024476533187918685,0.0,0.0,0.0,0.0,0.0,0.0,0.0,0.0,0.0,0.0,0.0,0.0,0.0,0.0,0.0,0.0,0.027539757490466936,0.0,0.0,0.0,0.0,0.012168464876752286,0.0,0.0,0.0,0.0,0.0,0.0,0.0,0.0074881875786642965,0.012136011245851223,0.0,0.0,0.0,0.0,0.0,0.0,0.0,0.0,0.0,0.0,0.0,0.0037440937893321482,0.0,0.003925410475479961,0.0,0.0,0.0,0.0,0.0,0.010777184681331865,0.0,0.0,0.0,0.006858784416601723,0.0,0.0,0.006858784416601723,0.0,0.005746338239108153,0.00991978269068469,0.0037440937893321482,0.0,0.0,0.0,0.0,0.0037440937893321482,0.0,0.0,0.0,0.0,0.0,0.0,0.0,0.008062486838397014,0.0037440937893321482,0.0,0.0,0.0,0.0,0.0,0.0,0.0,0.0,0.0,0.0,0.0,0.0,0.0,0.0,0.0,0.0,0.0,0.0037440937893321482,0.0,0.0,0.0,0.0,0.0,0.0,0.0,0.0,0.0
TACCAGAAGTAGGTTC-1,0.3944820284413553,0.2260778155484083,0.1593752411682231,0.09763934572979767,0.045137288947701415,0.008401275502487773,0.008971847274589242,0.05829371036596765,0.019020756737031286,0.09683169828439134,0.08504936790020849,0.0,0.06394691159837293,0.007917683826487117,0.019780165488116355,0.010787819232434884,0.009261163809517648,0.011556547569262712,0.019037425834025134,0.004085026641012841,0.0,0.003564913097793888,0.01958613323565458,0.004302194546832181,0.0,0.003782251915468558,0.0016360814821242313,0.0,0.005989430164660606,0.0,0.0,0.0043404936510889345,0.0,0.0,0.022362522510258224,0.0,0.001742278899589294,0.005241247603807141,0.0,0.00026938950924254026,0.0,0.0023760528472135203,0.0,0.0006894463305952574,0.0,0.0016929752633400394,0.0,0.0017895374808914802,0.0,0.001800383190967672,0.0,0.0011656673669474585,0.0,0.0,0.0,0.0,0.0015524125613150775,0.0,0.0,0.0018140485819409862,0.0,0.010024225052307746,0.0,0.0002657037614804006,0.0,0.0,0.001775734454995945,0.0,0.002365363118610488,0.002228360080435742,0.0,0.0,0.00030100959917733034,0.0,0.002646660760607013,0.0023535310573725033,0.0,0.0,0.005377197385610155,0.0,0.0,0.0,0.0,0.0,0.0,0.0,0.00023664820849824797,0.0,0.0,0.0,0.0010693816323378187,0.0,0.0,0.0,0.0,0.002058862414596874,0.0,0.0,0.0,0.0,0.0013108364151848018,0.0,0.0,0.0,0.0,0.0006894463305952573,0.0,0.001331634079888328,0.0,0.0,0.0,0.0,0.0,0.0,0.0,0.0,0.0,0.0,0.0
TACCGGCTCACTGCCC-1,0.25774160026100035,0.08428063742330477,0.0781495612096792,0.03249617108613941,0.025834158034157062,0.03530806971278052,0.016752933399958977,0.018677989114771087,0.0,0.0,0.04378135945588017,0.019282009231462144,0.018236537341308645,0.01976695368456384,0.003751166132304828,0.0,0.016730446732630518,0.01358200508859288,0.0,0.015326512639994218,0.0,0.0017064437367788395,0.0,0.01209626433210437,0.0,0.0,0.0041496206555176034,0.0,0.0,0.0,0.0,0.0,0.02064110587671598,0.0,0.0,0.0,0.0,0.0,0.0,0.0,0.0,0.0,0.0,0.005160276469178995,0.0,0.0,0.0,0.0,0.0,0.0,0.0,0.0,0.0,0.0,0.006750833471925031,0.0,0.0,0.0,0.0,0.0,0.0,0.0,0.0,0.0,0.0,0.0,0.0,0.0,0.0,0.0,0.0,0.005160276469178995,0.0,0.0,0.0,0.0,0.005160276469178995,0.0,0.0,0.0,0.0,0.0,0.0,0.0,0.0,0.0,0.0,0.0,0.0,0.0,0.0,0.0,0.0,0.0,0.0,0.0,0.0,0.0,0.0,0.0,0.0,0.0,0.0,0.0,0.0,0.0,0.0,0.0,0.0,0.0,0.0,0.0,0.0,0.0,0.0,0.0,0.0,0.0,0.0
TACCGGTCGTTTCCAT-1,0.49720598500562535,0.11365690315369464,0.25230484745591836,0.03888276403698008,0.040590347670024604,0.02064095901611551,0.07376568560878913,0.009409725629982525,0.0,0.0,0.0,0.0,0.0,0.0,0.0,0.0,0.0,0.0,0.0,0.0,0.0,0.0,0.0,0.0,0.0,0.0,0.0,0.0,0.0,0.0,0.0,0.0,0.008824212539394683,0.0,0.0,0.0,0.0,0.0,0.0,0.0,0.0,0.0,0.0,0.0,0.0,0.0,0.0,0.0,0.0,0.0,0.0,0.0,0.0,0.0,0.0,0.0,0.0,0.0,0.0,0.0,0.0,0.0,0.0,0.0,0.0,0.0,0.0,0.0,0.0,0.0,0.0,0.0,0.0,0.0,0.0,0.0,0.007013822376467117,0.0,0.0,0.0,0.0,0.0,0.0,0.0,0.0,0.0,0.0,0.0,0.0,0.0,0.0,0.0,0.0,0.0,0.0,0.0,0.0,0.0,0.0,0.0,0.0,0.0,0.0,0.0,0.0,0.0,0.0,0.0,0.0,0.0,0.0,0.0,0.0,0.0,0.0,0.0,0.0,0.0,0.0
TACCGTAGGTTAACTA-1,0.023579434099520444,0.015857449332683283,0.005848494260483453,0.0,0.0,0.0003446136781268822,0.0,0.0180974499896049,0.0,0.0,0.0,0.0,0.0,0.011192160800084953,0.00861838179273663,0.0,0.0081166645135472,0.006799878840082609,0.0,0.04741513003022989,0.002951462398631175,0.0006190558183526281,0.0,0.005508415493565243,0.014346624627515311,0.004589543884980826,0.0,0.0,0.0,0.009344988951671093,0.0,0.0,0.0,0.0,0.0,0.0,0.0,0.0,0.0,0.002664050968389858,0.0,0.0,0.0,0.0,0.002840478176315754,0.0,0.00029570271602729953,0.0,0.0,0.0003446136781268822,0.0,0.0,0.00019603836578508052,0.0,0.0,0.0,0.0,0.0,0.0,0.0,0.00020165019970742269,0.0,0.0,0.0002597741426724437,0.0009508433155334485,0.0,4.002781064033144e-05,0.0,0.0,0.0,0.0,0.0,0.0,0.0,0.0,0.0,0.0,0.0,0.0,0.00019603836578508052,0.0,0.0,0.000660182537473424,0.0,0.0,0.0,0.0001728834532099672,0.0,0.0,0.0007593181964736951,0.0,0.0,0.0,0.0,0.0,0.0,0.0,0.0,0.0,0.0,0.0,0.0,0.0,0.0,0.0,0.0,0.0,0.0,0.0,0.0,0.0,0.0,0.0,0.0,0.0,0.0,0.0,0.0,0.0
TACCTGCTGCACTGTG-1,1.3739718177643587,0.6796662814044571,0.196775673032289,0.5793167091394921,0.3717107510111991,0.07814433113550785,0.05381519110534312,0.0036514816743720307,0.0689590040627257,0.0,0.017785188037392027,0.0,0.03296066480675568,0.0,0.02739436298376157,0.035805829020620523,0.0,0.05959517816019869,0.04522788133048285,0.0,0.0,0.0,0.022108549905699708,0.022745991005163703,0.0,0.009745001482984692,0.007142500495807521,0.0,0.0,0.0,0.0,0.0,0.0,0.0,0.013740260443202626,0.0,0.0,0.0,0.0,0.0,0.0,0.0,0.0,0.0,0.0,0.0,0.0,0.0,0.0,0.0,0.0,0.0,0.0,0.0,0.0,0.0,0.0,0.0,0.0,0.0,0.0,0.0,0.0,0.0,0.0,0.0,0.0,0.0,0.0,0.0,0.0,0.0,0.0,0.0,0.0,0.0,0.0,0.0,0.0,0.0,0.0,0.0,0.0,0.0,0.0,0.0,0.0,0.0,0.0,0.0,0.0,0.0,0.0,0.0,0.0,0.0,0.0,0.0,0.0,0.0,0.0,0.0,0.0,0.0,0.0,0.0,0.0,0.0,0.0,0.0,0.0,0.0,0.0,0.0,0.0,0.0,0.0,0.0,0.0
TACCTTAAGATTTCCC-1,0.1250374891870511,0.05466096405223468,0.11037389695431137,0.009570274228895177,0.0057554389456369705,0.0022317122802728707,0.006887328844172942,0.02442533991381052,0.02352499411761379,0.024593958151730554,0.00034206432465951525,0.02503279459209993,0.018157731223228894,0.006527396959066507,0.019076400251010123,0.023156277796634143,0.0,0.0,0.0,0.0,0.0,0.002061977807872771,0.0,0.0020785491057018607,0.0,0.0,0.0002449978818498339,0.009388595420258734,0.0,0.005463140738621258,0.0,0.013606058832962023,0.0,0.0,0.0,0.0,0.0,0.00455311028174808,0.0,0.0006695335683363592,0.00013609336554300754,0.0,0.0,0.0,0.0,0.0,0.0008691226818337472,0.0,0.0,0.0,0.0,0.0,0.0,0.0,0.0,0.0,0.0,0.0,0.0,0.0,0.0016392282777867185,0.0,0.0,0.0005532534263209189,0.0,0.0,0.0021334541690851186,0.0,0.0,0.0,0.0,0.0,0.0006550993891551706,0.0,0.0,0.0,0.0,0.0,0.0,0.0,0.0,0.0,0.0,0.0,0.0,0.0,0.00022638287942084844,0.0,0.0,0.0,0.0,0.0,0.0,0.0006234490374832682,0.0,0.0,0.0,0.0,0.0,0.0,0.0,0.0,0.0,0.0,0.0,0.0006234490374832682,0.0,0.0,0.0,0.0,0.0,0.0,0.0,0.0,0.0,0.0,0.0,0.0,0.0
TACGACGCTTGCTGCG-1,0.4270372848825666,0.3979144622410477,0.09043663037517165,0.08647002559759266,0.03651252442433969,0.029652644741321572,0.0,0.04110293775155602,0.0,0.0,0.03659306476376516,0.0,0.0,0.0,0.006969373735061059,0.0,0.0,0.0,0.04926630410872903,0.0,0.03734527053109495,0.0,0.043218690446013196,0.0,0.0,0.00778029929766463,0.002892105143724153,0.0,0.0,0.0,0.0,0.0,0.004832167770503823,0.03295014583388213,0.0,0.0,0.0,0.0,0.0,0.0,0.0,0.0,0.0,0.0,0.0,0.0,0.0,0.0,0.0,0.004832167770503823,0.0,0.0,0.0,0.0,0.0,0.0,0.0,0.0,0.0,0.0,0.0,0.0,0.0,0.0,0.0,0.0,0.0,0.0,0.0,0.0,0.0,0.0,0.0,0.0,0.0,0.0,0.0,0.0,0.0,0.0,0.0,0.0,0.0,0.0,0.0,0.0,0.0,0.0,0.0,0.0,0.0,0.0,0.0,0.0,0.0,0.0,0.0,0.0,0.0,0.0,0.0,0.0,0.0,0.0,0.0,0.0,0.0,0.0,0.0,0.0,0.0,0.0,0.0,0.0,0.0,0.0,0.0,0.0,0.0
TACGACTGCCTCTTAG-1,0.6536490808427983,0.38922658668432686,0.34699017919754044,0.11168578291316772,0.03816101462725739,0.03908905242640179,0.0,0.0102897004243436,0.004805413917083086,0.003037899680057208,0.027023470283664527,0.025862546742286757,0.005826350478388111,0.007212338779024458,0.024765131778147778,0.0,0.007143455414735532,0.0,0.0,0.01056456963951013,0.026298541091692718,0.037124920206612094,0.011999017523236157,0.0,0.00732823760535549,0.0,0.006271970967130841,0.0,0.0,0.0,0.0,0.0004845618031358777,0.0,0.0,0.0,0.0,0.0,0.0,0.015749700484679326,0.007587151213966889,0.0,0.0,0.0,0.0,0.0,0.005846395002664035,0.0024433837022291103,0.0,0.0,0.0039077908540753065,0.0015903390784451485,0.0,0.0,0.001027545178796955,0.0,0.0,0.0,0.001027545178796955,0.0,0.0,0.0,0.0,0.0,0.0,0.0,0.0,0.0,0.0031952054114981624,0.0,0.0,0.0,0.0,0.0,0.0,0.0,0.00331430043478076,0.0,0.0,0.0,0.0,0.0,0.0,0.0,0.0024831329328452944,0.0,0.0,0.0006387011638195742,0.0,0.002753879603317176,0.0,0.0016025751928351471,0.0,0.0,0.0,0.0,0.0,0.002103246786365835,0.0,0.0,0.0,0.0,0.0,0.0,0.0016025751928351467,0.0013247625098011086,0.0,0.0010275451787969553,0.0,0.0,0.0,0.0,0.0,0.0,0.0,0.0,0.0,0.0,0.0,0.0
TACGAGAACTTCACGT-1,0.0,0.0,0.0,0.0,0.0,0.010908157040871747,0.0,0.0,0.0,0.0,0.0,0.050355298580691626,0.0,0.0,0.014100953217186617,0.0,0.0,0.0,0.0,0.0,0.0,0.0,0.0,0.0,0.0,0.0,0.0,0.0,0.0,0.0,0.0,0.0,0.0,0.0,0.0,0.0,0.0,0.002702030795756726,0.0,0.0,0.0,0.0,0.0,0.0,0.0,0.0,0.0,0.0,0.0,0.0,0.0,0.0,0.0,0.0,0.0,0.0,0.0,0.0,0.0,0.0,0.0,0.0,0.0,0.0,0.0,0.0,0.0,0.0,0.0,0.0,0.0,0.0,0.0,0.0,0.0,0.0,0.0,0.0,0.0,0.0,0.0,0.0,0.0,0.0,0.0,0.0,0.0,0.0,0.0,0.0,0.0,0.0,0.0,0.0,0.0,0.0,0.0,0.0,0.0,0.0,0.0,0.0,0.0,0.0,0.0,0.0,0.0,0.0,0.0,0.0,0.0,0.0,0.0,0.0,0.0,0.0,0.0,0.0,0.0
TACGATGTTGATCATC-1,0.0,0.0,0.0,0.0,0.0,0.010860469816927681,0.07355051332340629,0.0,0.05405679034043383,0.012255114905973464,0.0,0.01662951297804202,0.024827072866243197,0.0,0.0,0.004941517903631115,0.0,0.0,0.0,0.0,0.0,0.003192491377717932,0.0,0.0,0.0,0.014746475034237937,0.0,0.0,0.0,0.0,0.0,0.0,0.0,0.0,0.0,0.0,0.0,0.0,0.0,0.0,0.0,0.0,0.0,0.0,0.0,0.0,0.0,0.012333049052714469,0.0,0.0,0.0,0.0,0.0,0.0,0.0,0.0,0.0,0.0,0.0,0.0,0.0,0.0,0.0,0.0,0.0,0.0,0.0,0.0,0.0,0.0,0.0,0.006166524526357234,0.0,0.0,0.0,0.0,0.0,0.0,0.0,0.0,0.0,0.007887663653934115,0.0,0.0,0.0,0.0,0.0,0.0,0.0,0.0,0.0,0.0,0.0,0.0,0.0,0.0,0.0,0.0,0.0,0.0,0.0,0.0,0.0,0.0,0.0,0.0,0.0,0.0,0.0,0.0,0.0,0.0,0.0,0.0,0.0,0.0,0.0,0.0,0.0
TACGCAGTTCTTTCCT-1,0.4843023232425325,0.10392283845287474,0.09507212510369245,0.050827197491070036,0.03968972523121923,0.02089073934708575,0.019604300666568646,0.024354244033682044,0.0,0.0,0.00836684189172544,0.0,0.0,0.0,0.004337883075215185,0.007536511616891886,0.0,0.05285288763391085,0.0,0.0,0.0,0.0012127568918371546,0.0,0.0069567588991709,0.0,0.0,0.005309551071253702,0.0,0.0,0.0,0.0,0.0,0.0,0.0,0.0,0.0,0.0,0.0,0.0,0.0,0.0,0.0,0.0,0.0,0.0,0.0,0.0,0.0,0.0,0.0,0.0,0.0,0.0,0.0,0.0,0.0,0.0,0.0,0.0,0.0,0.0,0.0,0.0,0.0,0.0,0.0,0.0,0.0,0.0,0.0,0.0,0.0,0.0,0.007023718728824207,0.0,0.0,0.0,0.0,0.0,0.0,0.0,0.0,0.0,0.0,0.0,0.0,0.0,0.0,0.0,0.0,0.0,0.0,0.0,0.0,0.0,0.0,0.0,0.0,0.0,0.0,0.0,0.0,0.0,0.0,0.0,0.0,0.0,0.0,0.0,0.0,0.0,0.0,0.0,0.0,0.0,0.0,0.0,0.0,0.0
TACGCCATATTCTAAT-1,0.27664396188939516,0.45706371996012973,0.1139190898516109,0.028705184222886593,0.03815484375147816,0.09676973494001667,0.006394191594552141,0.010362344860633784,0.0,0.0,0.012212673582793305,0.016710865623841876,0.013316122361473214,0.004835030824985392,0.01109515646372245,0.002184882077920381,0.009976999052351564,0.0,0.018479290831476536,0.0,0.0,0.0023604852092554956,0.015068452292766604,0.0,0.0,0.0,0.0050486594972821664,0.0,0.0038215895241525853,0.0023340073296988654,0.0,0.00031316656767102204,0.0,0.01839676578551712,0.0,0.0,0.0016255137160959094,0.003607999724694495,0.0,0.003774990140294006,0.007485424253864391,0.0,0.0,0.0,0.0,0.0,0.005197070517183383,0.0,0.0,0.0,0.0,0.004850378675428465,0.0,0.0010437396348376342,0.0,0.0,0.0,0.0,0.0,0.0,0.0017428911454172736,0.0,0.0,0.0,0.004120796787940209,0.0,0.0,0.0,0.0,0.0,0.0,0.0,0.0,0.0,0.01496885715084721,0.0,0.0,0.0,0.0,0.0,0.0,0.0,0.0,0.002514956205883027,0.0,0.0,0.0005018029695459813,0.0,0.0,0.0,0.0,0.0,0.0,0.002514956205883027,0.0,0.0,0.0,0.0,0.0,0.0,0.0,0.0,0.0006818631024263996,0.0,0.0,0.0,0.0,0.0,0.0,0.0,0.0,0.0,0.0,0.0,0.0,0.0,0.0,0.0,0.0
TACGCCGAGGGTACCC-1,0.01976612136475471,0.01369582521271231,0.005655210596985528,0.0,0.0,0.0,0.013954074142171263,0.014661092758587896,0.0,0.0,0.000674895374153944,0.0,0.00832016407869569,0.0,0.0064809961193393,0.0,0.0,0.002617998000258764,0.0,0.0,0.01945741321401314,0.004362949377208968,0.0,0.0027416213905455955,0.0,0.0,0.0,0.0,0.005282057883142219,0.0,0.0,0.0,0.0,0.0,0.0,0.0,0.0,0.0,0.0,0.0,0.0,0.0,0.0,0.0,0.0,0.0,0.0,0.0,0.0,0.004617582235215637,0.0,0.0,0.0072915771575744175,0.0,0.0011969649700871708,0.002374794018144385,0.0,0.0,0.0,0.0,0.0003369056290281639,0.0,0.0,0.00017239637446661847,0.0,0.0,0.0,0.0,0.0,0.0,0.0,0.0,0.0,0.0,0.0,0.0,0.0,0.0,0.0,0.0005984824850435854,0.0,0.0,0.0,0.0,0.0,0.0,0.0,0.0,0.0012535076642593997,0.0,0.0,0.0,0.0,0.0,0.0,0.0,0.0,0.0,0.0,0.0,0.0,0.0,0.0,0.0,0.0,0.0,0.0,0.0,0.0,0.0,0.0,0.0,0.0,0.0,0.0,0.0,0.0,0.0,0.0
TACGCCTCCATTCCGA-1,1.012193724994372,0.34811198459522347,0.1669833613049826,0.02827855596907379,0.04862852353323952,0.009775879915263174,0.02411489435278736,0.022802452228477745,0.0006571706559427925,0.01002252661668477,0.0024696284329182605,0.0,0.018702740345400332,0.021874728267291105,0.004604203409633778,0.011729955379587475,0.008136209528778755,0.0,0.0,0.0059185796252170415,0.0,0.0030092492407539453,0.0,0.0,0.0,0.0,0.004531426447105551,0.0,0.021699208348228638,0.0,0.0,0.0,0.0016770721048922465,0.0,0.006361337114403284,0.008942232041919409,0.0027177381111932975,0.0,0.0,0.004197938883558214,0.0,0.0,0.0,0.0,0.0,0.0,0.004589510167633646,0.0,0.0,0.0,0.0,0.0013048732629152488,0.0018324176300593374,0.0,0.0,0.0,0.0,0.0,0.002627235396954706,0.0015299247551417753,0.0,0.0,0.0,0.000411468473008698,0.0,0.0,0.0009155378943921081,0.0017802584544584035,0.0005723940215990367,0.0,0.0,0.0,0.0,0.0,0.0,0.0,0.0,0.0,0.0,0.0,0.0,0.0009956445660411716,0.0,0.0,0.0,0.0,0.0013298405164932211,0.0,0.0,0.0,0.0,0.0,0.0,0.0,0.0,0.0,0.0,0.0,0.0,0.00032335978788467526,0.0,0.0003030962344753883,0.0,0.0,0.0,0.0,0.0,0.0,0.0,0.0,0.0,0.0,0.0,0.0,0.0,0.0,0.0,0.0,0.0
TACGTGCACTATGCTG-1,0.44980524984043513,0.40381229088543746,0.0,0.06765650685149355,0.05208901944495998,0.01969689463314411,0.0,0.002807214313912079,0.0,0.0,0.0003593633291068051,0.0,0.0,0.05095138175678125,0.0020751681954183187,0.0019360068194832717,0.0,0.0,0.03356068911099344,0.0,0.0,0.012269911160309718,0.0034859666020812573,0.011263148723376146,0.0,0.0,0.004895309197968709,0.0,0.0,0.0,0.0,0.0,0.001977469851455259,0.0,0.0,0.0,0.028126429402549256,0.0,0.0,0.0,0.008244044914958648,0.0,0.0,0.0,0.0,0.00391881197102339,0.0,0.011161622513558109,0.0,0.0,0.0,0.0017199532615546085,0.0,0.0,0.0,0.0,0.0,0.0,0.0,0.0,0.0,0.0,0.0,0.0,0.0,0.0,0.0,0.0,0.0,0.0,0.0,0.0,0.0,0.0,0.0,0.0,0.0,0.0,0.0,0.0,0.0,0.0,0.0,0.0,0.0,0.0,0.0,0.0,0.0,0.0,0.0,0.0,0.0,0.0,0.0,0.0,0.0,0.0,0.0054607399860716384,0.0,0.0,0.0,0.0,0.0,0.0,0.0,0.0,0.0,0.0,0.0,0.0,0.0,0.0,0.0,0.0,0.0,0.0,0.0,0.0
TACTATGGTTCCTCAG-1,0.032248683868778466,0.006218863271241993,0.015660969904273996,0.0,0.0,0.0,0.007963669210901584,0.01793964614592746,5.1550712767204965e-05,0.0011877309080258506,0.0016045457214079735,0.0,0.0,0.009085957652287875,0.005010883752518395,0.0001242192136846581,0.0,0.001158773280337721,0.0,0.021806594619800414,0.027495550126355184,0.0013704400310362074,0.0,0.0020804545596107143,0.022176429681181834,0.0,3.41862702003206e-05,0.0005982259526231758,0.0,0.016700280775508454,0.0,0.0,0.0,0.0005648050917874126,0.0,0.0,0.0,0.0,0.01484455213830552,0.001352699270356289,0.00022407775290927365,0.009786471303657064,0.0,0.0,0.0005804947577050764,0.0,0.0,5.489195282030284e-05,0.0,0.00032305314295643305,0.015083992243535937,0.00025707978538058084,0.005362196539733222,0.0,0.00010198106210187252,0.0,0.0,0.0,0.0,0.0,0.0005020743463231953,0.0,0.0,0.0007386379214201895,0.0,0.0,4.452086963467774e-05,0.0,0.0,0.0,0.0,0.0,0.0004246586712447882,0.0,0.0004103119492093441,0.0,0.0,0.0,0.0005414533685908983,0.0001893129367811592,0.0,0.0,0.00028640470912464353,0.0,0.0,5.4891952820302855e-05,0.0,0.0,0.0,0.0,0.0,0.0,5.4891952820302855e-05,0.0,0.0,0.0,2.329251210608631e-05,0.0,0.0,0.0,0.0,0.0,9.429736112654418e-05,0.00010198106210187252,0.0,0.0,0.0,0.0,0.0,0.0,0.0,0.0,5.489195282030284e-05,0.0,0.0,0.0,0.0,0.0,0.0
TACTCGGCACGCCGGG-1,0.40350387589021397,0.43211263980306536,0.04190308109884115,0.025774576198079616,0.02808639725676215,0.01924018695468966,0.13135767508671634,0.022892027771909726,0.05901099113369879,0.1077031056845528,0.02677066797556024,0.04575114906252395,0.021998314133921764,0.05855444025440617,0.004964934827259143,0.03637558875037928,0.007115273603919747,0.0,0.023474435774063857,0.0,0.0,0.0,0.010601108791240715,0.0,0.0,0.0019848069931675326,0.0023785903988273412,0.0,0.0,0.0,0.0,0.0,0.0023398500726268968,0.0,0.0,0.021218650848667843,0.0,0.0,0.0,0.0013596247752893846,0.0,0.05560602071639038,0.0,0.0,0.0,0.004779748724754158,0.0,0.0,0.0,0.0,0.0,0.0,0.0,0.0,0.0,0.0,0.0,0.0,0.0,0.00596427598080926,0.0,0.0,0.0,0.0,0.0,0.0,0.0041986626651176785,0.0,0.00020644346837290622,0.0,0.0,0.0,0.0,0.0,0.0,0.0,0.0,0.0,0.004482399419589519,0.0,0.0,0.0,0.0,0.0,0.0,0.0,0.0005444059284568129,0.0,0.0,0.001833568339613087,0.0,0.0,0.0,0.0,0.0009335466351812048,0.0,0.0,0.0,0.0,0.0,0.0,0.0,0.0,0.0,0.0,0.0,0.0,0.0,0.0,0.0,0.0,0.0,0.0,0.0,0.0,0.0,0.0,0.0,0.0
TACTCTTTCGTCTTCA-1,0.0516155489172956,0.011757167625639598,0.025667140108473506,0.0,0.0,0.000286472887489654,0.008567134805728998,0.02439390929836681,4.9137449515651766e-05,0.0,0.001471776034591089,0.0,0.0016885708409187683,0.007369864617706822,0.0014087658460040957,0.0,0.0511506347292082,0.0010865977262562556,0.0,0.0,0.017463995132223784,0.0,0.0,0.0009129147792737416,0.0,0.0,0.0,0.0,0.0,0.0,0.0,0.0035670684244407374,0.0,0.00032346357157637257,0.0,0.0,0.0,0.0,0.0012539319504439425,0.0008098495159348387,9.488652969970505e-05,0.000919653572002671,0.0,0.0010048477675364633,0.00021608871878434337,0.0,0.0022409899851576084,0.0,0.0,0.0,0.004546038918511119,0.0,0.002874902620060161,0.0,0.0009533818096310034,0.0,0.0,0.0,0.0,0.0,0.0002132877911390502,0.0,0.0,0.00028188352966319256,0.0,0.0,2.137281104531902e-05,0.0,0.0,0.0,0.0,0.0,0.00027105365617229493,0.0,0.0,0.0028030889964580645,0.0,0.0,0.0,0.0,0.0,0.004368083982191119,0.0005732022423965037,0.0,0.0,0.0,0.0,0.0,0.0,0.0,0.0,0.0,0.0,0.0,0.0,0.0,2.5549837202209748e-05,0.0,0.0,0.0,0.0,0.0,0.0,0.0,0.0,0.0,0.0,0.0,0.0,0.0,0.0,0.0,0.0003534557996071554,0.0,0.0,0.0,0.0,0.0,0.0
TACTGAACAGATTTAG-1,0.05117287550108026,0.03088253848717221,0.006423548375191654,0.0,0.0005207193757925249,0.0003778296387399504,0.0032422897795845087,0.030747009575840895,2.9212071098837562e-05,0.0007574915155047742,0.0024976282813399704,0.0,0.0,0.003946375643989282,0.029734852624474263,0.00010361512516150004,0.0385938233333456,0.0,0.0,0.01678728100929074,0.017484316815895195,0.0018936784098876468,0.0,0.0010036270480814039,0.0064425123006047556,0.00939819438397589,2.5169814868563673e-05,0.0,0.0,0.018108769351449294,0.0,0.02752614084136459,0.00033796919665428474,0.0010301590698524354,0.0,0.0,0.0,0.0008239543631142095,0.0166369845682233,0.001147589841267462,0.00022710279594821036,0.0,0.009666616825510232,0.0,0.0007858361913297813,0.0,0.00019616895777476313,0.0,0.0,0.0,0.005336240784561246,0.0,0.003440810440340242,0.0,6.124514615945502e-05,0.00041261872470683237,0.0,0.0,0.0,0.00013352579262463266,0.0005076776453560272,0.0,0.0,0.00022653299371486955,0.0,0.0,5.6788779169628644e-05,0.0,0.0,0.0005575824156736611,0.0,0.0,0.00014825309716494096,0.0,0.00025295903724600465,0.0,0.0,0.0,0.0,0.00020163625198276378,0.0,0.0,0.0005167617888579447,0.0,0.0,0.0,0.00026341721651423856,0.0,0.0,0.0,7.857982915709469e-05,0.0,0.0,0.00010922767936799559,0.0,0.0,0.0,0.0,0.0,0.0,0.0,0.0,3.271371811418533e-05,0.0,0.0,0.0,0.0,0.0,0.0,0.0,0.0,0.0,0.00012890240306345094,0.0,4.4180534843887204e-05,0.0,0.0,0.0,0.0
TACTGCAATCAATTAC-1,0.11029239758022549,0.0,0.010512518334514375,0.013873475995808139,0.00508788407282543,0.0,0.0,0.01978430384262522,0.0,0.0,0.0,0.019915425058319006,0.0,0.0,0.0,0.0,0.0,0.0,0.0,0.0,0.0,0.0,0.0,0.0,0.0,0.0031392929466157434,0.0,0.0,0.0,0.0,0.0,0.0,0.0,0.0,0.0,0.0,0.0,0.0,0.0,0.0,0.0,0.0,0.0,0.0,0.0,0.0,0.0,0.0,0.0,0.0,0.0,0.0,0.0,0.0,0.0,0.0,0.0,0.0,0.0,0.0,0.0,0.0,0.0,0.0,0.0,0.0,0.0,0.0,0.0,0.0,0.0,0.0,0.0,0.0,0.0,0.0,0.0,0.0,0.0,0.0,0.0,0.0,0.0,0.0,0.0,0.0,0.0,0.0,0.0,0.0,0.0,0.0,0.0,0.0,0.0,0.0,0.0,0.0,0.0,0.0,0.0,0.0,0.0,0.0,0.0,0.0,0.0,0.0,0.0,0.0,0.0,0.0,0.0,0.0,0.0,0.0,0.0,0.0,0.0
TACTGGACAGCTCGGC-1,0.0,0.0,0.1620066823659567,0.0,0.0,0.030339654553815446,0.0,0.0,0.0,0.0,0.012938048081356252,0.04230389452756031,0.0,0.0,0.01320794790175222,0.002717012879813208,0.0,0.0,0.0,0.0,0.0,0.0,0.0,0.0,0.0,0.015778347109545544,0.0018482714199191152,0.0,0.0,0.0,0.0,0.003306174074921555,0.0,0.0,0.0,0.0,0.0,0.0,0.0,0.0,0.0,0.009469966525818106,0.0,0.0,0.0,0.0,0.0,0.0,0.0,0.0,0.0,0.0,0.0,0.0,0.0,0.0,0.0,0.0048131520337298655,0.0048131520337298655,0.0,0.0,0.0,0.0,0.0,0.0,0.0,0.004283828660574788,0.0,0.0,0.0,0.0,0.0,0.0,0.0,0.0,0.0,0.0,0.0,0.0,0.0,0.0,0.0,0.0,0.0,0.0,0.0,0.0,0.0,0.0,0.0,0.0,0.0,0.0,0.0,0.0,0.0,0.0,0.0,0.0,0.0,0.0,0.0,0.0,0.0,0.0,0.0,0.0,0.0,0.0,0.0,0.0,0.0,0.0,0.0,0.0,0.0,0.0,0.0,0.0
TACTTGTTAGTAGTCC-1,0.0,0.0,0.0,0.0,0.0,0.0,0.0,0.0,0.0,0.0,0.0,0.026604868069891444,0.0,0.0,0.009166951124638641,0.0,0.0,0.0,0.0,0.0,0.0,0.0,0.0,0.0,0.0,0.0,0.0,0.0,0.0,0.020358940736235197,0.0,0.0,0.0,0.0,0.0,0.0,0.0,0.0,0.0,0.0,0.0,0.0,0.0,0.0,0.0,0.0,0.0,0.0,0.0,0.0,0.0,0.0,0.0,0.0,0.0,0.0,0.007297108461399879,0.0,0.0,0.0,0.0,0.0,0.0,0.0,0.0,0.0,0.0,0.0,0.0,0.0,0.0,0.0,0.0,0.0,0.0,0.0,0.0,0.0,0.0,0.0,0.0,0.0,0.0,0.0,0.0,0.0,0.0,0.0,0.0,0.0,0.0,0.0,0.0,0.0,0.0,0.0,0.0,0.0,0.0,0.0,0.0,0.0,0.0,0.0,0.0,0.0,0.0,0.0,0.0,0.0,0.0,0.0,0.0,0.0,0.0,0.0,0.0,0.0,0.0
TACTTTCCGCACGCCA-1,0.008893254918035793,0.00045483788594169314,0.013932504165162325,0.0,0.0,0.0,0.015124442913568032,0.014480570299559604,0.0034203930340672983,0.006087391526257832,0.0001346737372450603,0.0,0.0,0.0014710788057346075,0.0021133689141487194,0.001980872028553482,0.022368263578056925,0.0,0.0,0.0054777051531963526,0.012329325411167486,0.0007802003597897914,0.0,0.0012109537454982433,0.02551386728387402,0.0,0.0,0.0005994036051834208,0.0019145467782526644,0.008335677752481225,0.003810077862707623,0.008812193421200688,0.0,0.0002710738776881586,0.0,0.0,0.0,0.0004517088875923204,0.0,0.0025774041406455028,0.0,0.00340481009976982,0.0,0.0,0.0,0.0,0.0,0.0,0.0,0.0,0.001319872939889393,0.0,0.0008119306818364859,0.0,0.0,0.0,0.0,0.0,0.0,0.0,0.0010927134485228627,0.0,0.0,0.001135797861752337,0.0,0.00014914520414615977,4.725452419798182e-05,7.77320741919402e-05,0.0,0.0,0.0,0.0,0.0067453621321136425,0.0,0.00011886175857059054,0.0,0.0,0.0,0.0,0.002282926830873475,0.0,6.82120954921866e-05,0.0,0.0,0.0,0.0001361953363375911,2.3332998493162622e-05,0.0,0.0,0.0,0.0,0.0,3.6358730190975785e-05,0.0,0.0,0.0,0.00019691327925654004,0.0,0.0,0.0,0.0,0.0,0.0001155114702533742,0.0,0.0,0.0,0.0,0.0,0.0,0.0,0.0,0.0,0.0,0.0,0.0,0.0,0.0,0.0,0.00010166194348037494
TAGAAATTCACGTATA-1,0.6599081894031845,0.3578167359802,0.17787019283212036,0.01592699122269004,0.0178203134717236,0.007738978298984881,0.03037029074938013,0.0072850045667433114,0.0020898515283354633,0.0035224372040539983,0.006539028095978209,0.043975748864665355,0.017024935956692615,0.01865237520747328,0.010930776634928186,0.014556258182902211,0.017155891379883843,0.0,0.0,0.001281982470250553,0.0,0.0011238976023109323,0.0,0.0,0.0,0.006340958440067648,0.002542588045624786,0.005443209143409115,0.0,0.0,0.027013760502601025,0.014835908058381803,0.0018790829523514284,0.0,0.0,0.002109621207858651,0.0006593603649033724,0.0018204314544740287,0.0011715548889209585,0.0040094054364257,0.00041178789039204725,0.017925670179346983,0.0,0.0009749044483482355,0.0,0.0,0.003855796663823537,0.0,0.0,0.0024393836985608028,0.002089686487904482,0.0024545688192340706,0.0,0.0,0.0,0.0,0.0012576790229059537,0.0,0.0,0.0014372088968987696,0.0,0.0,0.0,0.0002663687883643069,0.0,0.008320253193512041,0.0,0.00046898460844990665,0.0005297003353777805,0.0,0.0,0.0,0.0001281870638624466,0.0,0.0,0.0020899190987548172,0.0,0.0016881598204798575,0.0011715548889209585,0.0,0.0,0.0,0.00023650627677652085,0.0,0.0,0.0,0.00029769163688643616,0.0,0.0,0.0005035107874944,0.0015226237466626274,0.00013185155925574699,0.0,0.0,0.0008295080305063779,0.0002623674871326784,0.0004312365896719342,0.00013528540534228775,0.0,0.0,0.0,0.0,0.0,0.0005738422034439628,0.0,0.0,0.0,0.0,0.0,0.00013185155925574699,0.0,0.00010708085945606133,0.0,0.0,0.0,0.0005643216854609915,0.0,0.0,0.0005189173821175892
TAGAGATCATGCAACT-1,0.3345990567231615,0.1887687633785844,0.09952075081045783,0.04326157966961155,0.027969744167116013,0.01814636221099633,0.1271717785412083,0.021331064051741788,0.09278637860828896,0.03327519057460935,0.0,0.04337155161147589,0.0,0.0,0.030875735705517833,0.01570830180550758,0.0,0.0,0.02891622409748084,0.0,0.044387802977480115,0.0,0.020288737837025766,0.0,0.0,0.0,0.0,0.0,0.0,0.0,0.0,0.0,0.0,0.0,0.0,0.0,0.0,0.013629264687027465,0.0,0.0,0.0,0.0,0.0,0.0,0.0,0.0,0.0,0.0,0.0,0.0036395554305951802,0.0,0.0,0.0,0.0,0.0,0.0,0.0,0.0,0.0,0.0,0.003430099761516532,0.0,0.0,0.005861877304017682,0.0,0.0,0.0,0.0,0.0,0.0,0.0,0.0,0.00014971057058051779,0.0,0.0,0.0,0.0,0.0,0.004968539642746103,0.0,0.0,0.0,0.0,0.0,0.0,0.0,0.00046552648098580453,0.0,0.0,0.0,0.0,0.0,0.0,0.0,0.0,0.0,0.0,0.0,0.0,0.0,0.0,0.0,0.0,0.0,0.0,0.0,0.0,0.0,0.0,0.0,0.0,0.0,0.0,0.0,0.0,0.0,0.0,0.0,0.0
TAGATATGGACTGGAA-1,0.7890418694825114,0.3802713665284625,0.24153136306485012,0.18701047930175219,0.09256952085190699,0.008872640533740803,0.0,0.09295737867687892,0.0,0.0,0.16377752472136103,0.0081465020350667,0.021686352761808258,0.02815038243634271,0.033128207603578874,0.011450934297184278,0.010005704662469111,0.0,0.0,0.0014023832434939243,0.009769615777097807,0.0040706773564442664,0.0015517267610558757,0.0,0.0,0.0,0.000405941229490343,0.0,0.00565150531013344,0.0,0.0,0.023620377338912438,0.01203939483901198,0.0,0.00857190110715039,0.0033326479162984054,0.0011783744092056924,0.0,0.002630625623189,0.006721261043534591,0.0,0.0,0.0,0.002170260725887414,0.0,0.0,0.0029547259148925958,0.0,0.0,0.00564590093696542,0.002452574820089333,0.0013987076023526084,0.0032779248446118607,0.005454431230284706,0.0,0.007932654295585217,0.0,0.0,0.0,0.0,0.0,0.0,0.0,0.0009706186264941026,0.0,0.0,0.0014752884334496784,0.0,0.00033805033045207993,0.0,0.0,0.0,0.0,0.0,0.0,0.0,0.0,0.0,0.0,0.00042114708887927414,0.0,0.0,0.0030625741865982015,0.0,0.0,0.0,0.00037765117225363904,0.0,0.0,0.0,0.0,0.0,0.0,0.0,0.0,0.0,0.0,0.0,0.0,0.0,0.0,0.0,0.0004142878406414515,0.0017815529821777138,0.0,0.0,0.0,0.0,0.0,0.0,0.0,0.0,0.0,0.00042114708887927414,0.0,0.0,0.0,0.0,0.0
TAGATTCCTGGTTATT-1,0.03867700526655332,0.45192210990714154,0.1039883536539504,0.0,0.006435851468945936,0.09260249057086135,0.051133987007225414,0.01047469039485433,0.07324142511199845,0.06361157119701989,0.0014993277148757575,0.0,0.017034595990624606,0.05750035565165039,0.0,0.05020659458268494,0.0,0.04538790756645666,0.031012103298420413,0.0,0.0,0.0,0.02056117881926965,0.00788401233916125,0.0,0.0,0.010525223848714864,0.0,0.004319834302461366,0.0,0.0,0.0,0.0055188148203535806,0.0,0.0,0.0,0.0,0.0,0.0,0.0,0.0,0.0,0.0,0.0,0.0016496453752302667,0.0,0.0,0.0,0.0,0.0,0.0,0.0,0.0,0.0,0.006371502903372467,0.0,0.0,0.0,0.0,0.0,0.0,0.0,0.0,0.0,0.0,0.0,0.0,0.0,0.0,0.0,0.0,0.0,0.0,0.0,0.0,0.0,0.004100921614494876,0.0,0.0,0.0,0.0,0.0,0.0,0.0,0.0,0.0,0.0,0.0,0.0,0.0,0.0,0.0,0.0,0.0,0.0,0.0,0.0,0.0,0.0,0.0,0.0,0.0,0.0,0.0,0.0,0.0,0.0,0.0,0.0,0.0,0.0,0.0,0.0,0.0,0.0,0.0,0.0,0.0,0.0
TAGCAACCTGTCACAA-1,1.420598131616664,0.9180045462597575,0.06488481381692682,0.07082582950796015,0.08043331863497587,0.049181041508882015,0.021101629826580034,0.01917069704658012,0.0277395471189045,0.04062399465094994,0.00881100030867539,0.0,0.018396720730511077,0.011659235715058417,0.01680182028021298,0.0020491391354345873,0.005055961079927973,0.0,0.010744915832082523,0.0,0.0,0.01908709448989747,0.01056973759448012,0.0,0.0,0.0035384624734045903,0.005882305165899556,0.0,0.0006151126345300354,0.0,0.0,0.0005855871430057774,0.0,0.0114195756421936,0.0009627980157250661,0.015937986532441863,0.0,0.005851501741145074,0.0,0.0007005080298699405,0.0,0.0,0.0,0.0038479077035688423,0.0,0.005707638162605963,0.0,0.0,0.0,0.0,0.0,0.0,0.0,0.0,0.0,0.0,0.0,0.0,0.0,0.0,0.0,0.011911782537032768,0.0,0.004181880996892363,0.003055643889706862,0.0,0.0,0.0018596717221590316,0.004025385294313188,0.003441944618440255,0.0,0.0,0.0,0.0,0.0,0.0025780890358272643,0.0,0.0,0.002970455169842895,0.0,0.0,0.0,0.0,0.0,0.0,0.0,0.0005360548491004179,0.005205081980088934,0.0,0.0009222047536597319,0.0,0.0,0.0,0.0,0.0,0.0,0.0,0.0,0.0,0.0014041541432336265,0.0,0.0,0.0,0.0,0.0,0.0010020753838492053,0.00284864873015844,0.0,0.0,0.0,0.0,0.0,0.0,0.0,0.0,0.0,0.0,0.0,0.0
TAGCGTCGAATATTGA-1,0.02269408670115276,0.03426269730182215,0.01966944622252426,0.0,0.0,0.0019007855088886561,0.0,0.0017958234821029244,0.0,0.0,0.0,0.008140199822832992,0.0,0.008653504641937735,0.0035606511258797395,0.0,0.03286175179262178,0.0,0.0,0.0,0.0,8.957086577302261e-05,0.0019046089261954432,0.0,0.0,0.0023483246026303646,0.0,0.0,0.0,0.007359813495886386,0.0,0.0,0.0,0.002171640904996241,0.0,0.0,0.0,0.0,0.0,0.0033824561385013417,0.0,0.0,0.03422909627730819,0.0,0.0,0.0,0.0,0.0,0.0,0.0,0.0,0.0,0.0,0.0,0.0,0.0,0.0,0.0,0.0,0.0,0.0,0.0,0.0,0.0010266450111586704,0.0,0.0,0.0,0.0,0.0,0.0,0.0,0.0,0.0,0.0,0.0,0.0,0.0,0.0,0.0,0.0,0.0,0.0,0.0,0.0,0.0,0.0,0.0,0.0,0.0016908208975121013,0.0,0.0,0.0,0.0,0.0,0.0,0.0,0.0,0.0,0.0,0.0,0.0,0.0012273033577571933,0.0,0.0,0.0,0.0,0.0,0.0,0.0,0.0,0.0,0.0,0.0,0.0,0.0,0.0,0.0,0.0,0.0
TAGCGTTGGGTCTTAC-1,0.15969424905493013,0.059921874997187076,0.15380346527485053,0.043623382227600684,0.01953037238899807,0.002089866837369555,0.0,0.008682570189879755,0.0,0.0,0.00417973367473911,0.0,0.0,0.0,0.009728842141889037,0.0,0.0,0.0,0.0,0.0,0.018838911981009884,0.0,0.0,0.0,0.0,0.0,0.0,0.0,0.0,0.0,0.0,0.0,0.0,0.0,0.0,0.0,0.0,0.0,0.0,0.0,0.0,0.0,0.0,0.009431232450191649,0.0,0.0057160865202437175,0.0,0.0,0.0,0.0,0.0,0.0,0.0,0.0,0.0,0.0057160865202437175,0.0,0.0,0.0,0.0,0.0,0.0,0.0,0.0,0.0,0.0,0.0,0.0,0.0,0.0,0.0,0.0,0.0,0.0,0.0,0.0,0.0,0.0,0.0,0.0,0.0,0.0,0.0,0.0,0.0,0.0,0.0,0.0,0.0,0.0,0.0,0.0,0.0,0.0,0.0,0.0,0.0,0.0,0.0,0.0,0.0,0.0,0.0,0.0,0.0,0.0,0.0,0.0,0.0,0.0,0.0,0.0,0.0,0.0,0.0,0.0,0.0,0.0,0.0
TAGCTAGAAGGCATGA-1,0.29028780653172154,0.2229986537598951,0.09946380701549763,0.02164848290630173,0.032270910058063366,0.004025616376438036,0.014307217914925325,0.03365849605870716,0.002274877993341269,0.00556576746827884,0.0686467875989211,0.008578659218707228,0.0005779383656637606,0.02388695459375505,0.02079802593705433,0.01465268992989041,0.01850030963533219,0.0,0.0,0.02769829780821343,0.0,0.0069672921553395675,0.003247235686420598,0.0,0.009332845930557339,0.0,0.0,0.0,0.0,0.006038602655974958,0.0,0.019509060144782417,0.0,0.0,0.013240723373244487,0.0,0.0,0.0,0.0,0.0014050185291826778,0.0,0.0,0.030502677513720787,0.0,0.0,0.0,0.0,0.0,0.0,0.002174654001861598,0.0,0.0,0.0,0.0,0.0,0.0014753004472794684,0.0,0.0,0.0,0.0,0.0,0.0,0.0,0.0012045955278270073,0.0,0.0,0.0010345174881170216,0.0,0.0,0.0,0.0,0.0,0.00025846656062380736,0.0,0.0,0.0,0.0,0.0,0.0,0.00046628639077824413,0.0,0.0,0.0,0.0,0.0,0.0,0.0004992084861364301,0.0,0.0,0.0,0.0,0.0,0.0,0.0,0.0,0.0,0.0,0.0,0.0,0.0,0.0,0.0,0.0,0.0,0.0,0.00046628639077824413,0.0,0.0,0.0,0.0,0.0,0.0,0.0,0.0,0.0,0.0,0.0,0.0,0.0
TAGCTCGCCTGATAAC-1,0.23724812046507118,0.22514052027080897,0.1424575583940969,0.07801247512167679,0.04546042122418497,0.012985285379908548,0.015646980390969484,0.05225081662747712,0.0,0.0,0.11700873029427962,0.04554740115418643,0.011654695379508914,0.0359629865563137,0.02171659723409221,0.00400123979374708,0.0034634892815229705,0.005623582310889815,0.0,0.00533129242067981,0.0,0.007762806301190411,0.0157650712602995,0.003340774716725061,0.004827416991003465,0.0,0.0022684908633532124,0.0,0.0,0.0,0.0,0.017998876193332274,0.0,0.0,0.024126388596219572,0.0,0.0,0.0,0.0,0.0021243015783383307,0.0,0.0,0.0,0.0004277074333213879,0.0,0.0,0.002098047033977952,0.00031646899937747203,0.0,0.0025429164104479787,0.0,0.0,0.0004277074333213879,0.00017915855959003038,0.0,0.004453510841269888,0.0,0.0,0.0,0.0,0.00032324495223299415,0.0,0.0,0.0,0.0,0.0,0.0,0.0,0.0,0.0008014938757230347,0.0,0.0,0.003392519048699915,0.0,0.0,0.0014578630427417962,0.0,0.0,0.0,0.00017915855959003038,0.0,0.0,0.0,0.0,0.0,0.0,0.0010279544129368472,0.0,0.0,0.0,0.0,0.0,0.0,0.0,0.0,0.0018331225793084102,0.0,0.0016449315026011253,0.001965493600849158,0.0,0.0,0.003615689026156033,0.0,0.0004277074333213879,0.0,0.0,0.0,0.0,0.0007584313569866016,0.0,0.0,0.0,0.0,0.0,0.0,0.0,0.0,0.0,0.0
TAGCTGATGTGAAGCG-1,0.014166461134882777,0.016099009858796705,0.02633371218757779,0.0,0.0,0.0,0.026481108534007498,0.012383099687220222,0.004897799425761101,0.008953667280523046,0.0,0.0,0.0,0.008130041260481183,0.0033630421360249705,0.002117459174452327,0.0,0.0,0.0,0.0,0.0,0.0008015513224767379,0.0,0.0,0.0,0.0,0.0,0.0,0.0,0.008086717666490922,0.0,0.0,0.001984486095211493,0.0,0.0,0.0,0.0,0.0,0.0,0.0,0.0,0.0,0.0,0.0,0.0,0.0029005880478257563,0.0,0.0,0.005801176095651513,0.0,0.0,0.0,0.0,0.004202688796885811,0.0,0.001984486095211493,0.0,0.0,0.0,0.0,0.0,0.0,0.0,0.0,0.0,0.0,0.0,0.0,0.0,0.0,0.0,0.0,0.0,0.0,0.0,0.0,0.0,0.0,0.0,0.0,0.01740161311123989,0.007261615839175626,0.0,0.0,0.0,0.0,0.0,0.0,0.0,0.0,0.0,0.0,0.0,0.0,0.0,0.0,0.0,0.0,0.0,0.0,0.0,0.0,0.0,0.0,0.0,0.0,0.0,0.0,0.0,0.0,0.0,0.0,0.0,0.0,0.0,0.0,0.0,0.0,0.0
TAGGTCCAAGTAAGGA-1,1.4163003446926,0.7530635624117269,0.06502432695829567,0.09343638783398714,0.23749831315781075,0.1057061361281747,0.0648591324441833,0.10242191005282432,0.0572029440632616,0.0,0.021478048553297435,0.0,0.036347198969835764,0.0,0.004614941429553282,0.02687792615063496,0.0,0.029851786637317333,0.04502028160465794,0.0,0.04256867353903552,0.028058449786082826,0.01586430606644466,0.01072683467215792,0.0,0.0,0.00995538308533181,0.0,0.0,0.0,0.0,0.0,0.0,0.0,0.0,0.01314405308853335,0.0,0.0,0.0,0.0,0.0,0.0,0.0,0.0,0.005596900962772622,0.0,0.0,0.008050930786137583,0.0,0.008050930786137583,0.0,0.0,0.0,0.0,0.0,0.0,0.0,0.0,0.0,0.0,0.004876899501203643,0.0,0.0,0.0,0.0,0.0,0.0,0.0,0.004544111484754542,0.002882050282731622,0.0,0.0,0.0,0.0,0.0,0.0,0.0,0.0,0.0,0.0,0.0,0.0,0.0,0.0,0.0,0.0,0.0,0.0,0.0,0.0,0.0,0.0,0.0,0.0,0.0,0.0,0.0,0.0,0.0,0.0,0.0,0.0,0.0,0.0,0.0,0.0,0.0,0.0,0.0,0.0,0.0,0.0,0.0,0.0,0.0,0.0,0.0,0.0,0.0
TAGGTGAGCCCTACTC-1,0.6236578375671752,0.133161412168797,0.1761267717855454,0.1511979510316921,0.07842945509880925,0.03889867100179853,0.008301700804368099,0.027657348744309383,0.008868341237273897,0.018514007592593328,0.019265263957711384,0.017584960966852282,0.03886081740112024,0.0,0.0,0.007111698681794138,0.0,0.05776517294052453,0.015027595523556448,0.0,0.0,0.013372610338330208,0.011386063801924017,0.0050706532551563575,0.0,0.0,0.0,0.049841934234184405,0.0,0.0,0.0,0.0,0.004300966542166137,0.0,0.0015196471111804898,0.0,0.0,0.0,0.0,0.0,0.0,0.0,0.0,0.0,0.0,0.0,0.006928206785625492,0.0,0.0,0.0,0.0,0.0,0.0,0.0,0.0,0.0,0.0,0.0,0.0,0.0030907720950169595,0.0,0.0,0.0,0.0,0.007460932648982116,0.0,0.0,0.0,0.0,0.0,0.0,0.0,0.0,0.0,0.0,0.0,0.0,0.005049671982678585,0.0,0.0,0.0,0.0,0.0,0.0,0.0,0.0,0.0,0.0,0.0,0.0,0.0,0.0,0.0,0.0,0.0,0.0,0.0,0.0,0.0,0.0,0.0,0.0,0.0,0.0,0.0,0.0,0.0,0.0,0.0,0.0,0.0,0.0,0.0,0.0030907720950169595,0.0,0.0,0.0,0.0,0.0
TAGTGCCCTCCAGAGT-1,0.01846677399796481,0.017507513165256953,0.047090051659489526,0.0,0.00939726108681749,0.0,0.0,0.0,0.0,0.0,0.0,0.0,0.0,0.0,0.0,0.0,0.008554724421231407,0.0,0.0,0.0,0.0,0.0,0.0,0.0,0.0,0.0,0.0,0.0,0.0,0.0,0.0,0.0,0.0,0.0,0.0,0.0,0.0,0.0,0.0,0.0,0.0,0.0,0.0,0.00939726108681749,0.0,0.0,0.0,0.0,0.0,0.0,0.0,0.0,0.0,0.0,0.0,0.0,0.0,0.0,0.0,0.0,0.0,0.0,0.0,0.0,0.0,0.0,0.0,0.0,0.0,0.0,0.0,0.0,0.0,0.0,0.0,0.0,0.0,0.0,0.0,0.0,0.0,0.0,0.0,0.0,0.0,0.0,0.0,0.0,0.0,0.0,0.0,0.0,0.0,0.0,0.0,0.0,0.0,0.0,0.0,0.0,0.0,0.0,0.0,0.0,0.0,0.0,0.0,0.0,0.0,0.0,0.0,0.0,0.0,0.0,0.0,0.0,0.0,0.0,0.0
TATACACAGACGCCTT-1,0.8227490299591284,0.4581146563230678,0.28930323649081274,0.07958380696563713,0.12371656145799201,0.028214165847588527,0.0,0.06522357933699134,0.0,0.0,0.10706102543570281,0.026504824116431996,0.012758665426016766,0.02500814956760176,0.010951823499137673,0.00426127343785509,0.004262859032987932,0.0,0.0,0.005595830116452624,0.0,0.003082911162257782,0.0016046566923295983,0.0,0.0,0.0,0.0,0.0,0.002288464201249168,0.0,0.0,0.0,0.0,0.0,0.020217803429937446,0.0,0.000947155924739474,0.0,0.0,0.0010431241826098833,0.0,0.0013712664973559378,0.0,0.0,0.0,0.0,0.004762400966062115,0.0036410452370632855,0.0,0.0,0.0,0.0014406048370658043,0.003193108681591432,0.0,0.0,0.0,0.0005786001295276468,0.0,0.0,0.0,0.0,0.0,0.0,0.0,0.0,0.0,0.0,0.0015196427115882218,0.0,0.0012664027645314794,0.0,0.0,0.004481267139718156,0.0,0.007169924708854838,0.0,0.0,0.0016046566923295983,0.0,0.0,0.0,0.0,0.0,0.0,0.0,0.0,0.000509759219658912,0.0,0.0015522552467532589,0.0024475520882992264,0.0017467333875843373,0.0,0.0,0.0,0.0,0.0,0.0,0.002134969513324147,0.0,0.0,0.0,0.0,0.0,0.0,0.0,0.0,0.0,0.0,0.0,0.0,0.0,0.0,0.0,0.0,0.0,0.0,0.0,0.0,0.0
TATAGGGTACTCATGA-1,0.21965039672375647,0.07061165058038868,0.049994861442707164,0.029327479877188183,0.024421970328514002,0.0061951611396720355,0.0,0.005027622909330811,0.0032799869498859264,0.04170778266016324,0.01996217253807158,0.06494432539319252,0.0,0.0,0.0,0.017268645597615002,0.0,0.0,0.0,0.0,0.0,0.0,0.0,0.0,0.0,0.005633315593545622,0.00475491316274293,0.0,0.0,0.0,0.0,0.0,0.0,0.0,0.0,0.0,0.0,0.0,0.0,0.0,0.0,0.0,0.0,0.0,0.0,0.0,0.0,0.0,0.010501208750257994,0.0,0.0,0.0,0.0,0.0,0.0,0.0,0.0,0.0,0.0,0.0,0.0,0.0,0.0,0.0,0.0,0.0,0.0028129441760697655,0.0,0.0,0.0,0.0,0.0,0.0,0.0,0.0,0.0,0.0,0.0,0.0,0.0,0.0,0.0,0.0,0.0,0.0,0.0,0.0,0.0,0.0,0.0,0.0,0.0,0.0,0.0,0.0,0.0,0.0,0.0,0.0,0.0,0.0,0.0,0.0,0.0,0.0,0.0,0.0,0.0,0.0,0.0,0.0,0.0,0.0,0.0,0.0,0.0,0.0,0.0,0.0
TATCCATATCATGCGA-1,0.07430597312633148,0.056972870070371676,0.06760619843822398,0.0,0.022608032698122813,0.024512671745558483,0.02242112547719865,0.00711769515300826,0.06053862280452778,0.035614470287574154,0.0,0.0,0.029570032492453144,0.0,0.0,0.0,0.0,0.02253573094591465,0.0,0.0,0.03284812562350127,0.012966815422083094,0.0,0.011537501862175403,0.0,0.0,0.0,0.0,0.0,0.0,0.0,0.0,0.008671296887040127,0.0,0.0,0.0,0.0,0.0016366654125087297,0.0,0.0,0.0,0.0,0.0,0.004270279141908372,0.003073330125108846,0.004270279141908372,0.0,0.0,0.0,0.0,0.0,0.0,0.0,0.0,0.0,0.0,0.0,0.007576916518793821,0.0,0.0,0.0,0.0,0.0,0.0,0.0,0.0,0.0,0.0,0.0,0.0,0.004270279141908372,0.0,0.0,0.0,0.0,0.0,0.0057185641916245354,0.0,0.0,0.0,0.0,0.0,0.0,0.0,0.0,0.0,0.0,0.0,0.0,0.0,0.0,0.0,0.0,0.0,0.0,0.0,0.0,0.0,0.0,0.0,0.0,0.0,0.0,0.0,0.0,0.0,0.0,0.0,0.0,0.0,0.0,0.0,0.0,0.0,0.0,0.0,0.0,0.0,0.0
TATCCGCACCGTCGGG-1,0.0907185224762437,0.05655676308835657,0.026683305325251813,0.0,0.0,0.002418345139553873,0.014794667602018282,0.02846242158242692,0.0,0.0,0.0006477755999087854,0.0,0.0,0.0,0.0,0.0,0.06883795196363998,0.0,0.0,0.0,0.0,0.0,0.0,0.0,0.0,0.0,0.0,0.0,0.0,0.0,0.0,0.0,0.0,0.0,0.0,0.0,0.0,0.0,0.0,0.007027812083039582,0.0,0.0,0.0,0.0,0.001054354876837118,0.0,0.000964587725710493,0.0,0.0,0.0,0.0,0.0,0.0032483790131717836,0.0,0.0,0.0022529513502221213,0.0,0.0,0.0,0.0,0.0,0.0,0.0,0.0,0.0,0.0,0.0,0.0,0.0,0.0,0.0,0.0,0.0,0.0,0.0,0.0,0.0,0.0,0.0,0.0,0.0,0.0,0.0,0.0,0.0,0.0,0.0,0.0,0.003884417915961401,0.0,0.0,0.0,0.0,0.0,0.0,0.0,0.0,0.0,0.0,0.0,0.0,0.00019615662157661468,0.0,0.0,0.0,0.0,0.0,0.0,0.0010024903468415275,0.0,0.0,0.0,0.0,0.0,0.0,0.0,0.0,0.0,0.0
TATCGATGATTAAACG-1,0.2794834626636153,0.13967203700747402,0.0,0.0,0.044308646599599176,0.0,0.0,0.0,0.0,0.0,0.0,0.0,0.0,0.0,0.008482677686787085,0.009996393400624783,0.0,0.0,0.0,0.0,0.0,0.0,0.0,0.0,0.0,0.0,0.0,0.0,0.0,0.0,0.0,0.0,0.0,0.029540967533338618,0.0,0.0,0.0,0.0,0.0,0.0,0.0,0.0,0.0,0.009357922232051282,0.0,0.0,0.0,0.0,0.0,0.0,0.0,0.0,0.0,0.0,0.0,0.0,0.0,0.0,0.0,0.0,0.009478553091572953,0.0,0.0,0.0,0.0,0.0,0.0,0.0,0.0,0.0,0.0,0.0,0.0,0.0,0.0,0.0,0.0,0.0,0.0,0.0,0.0,0.0,0.0,0.0,0.0,0.0,0.0,0.0,0.0,0.0,0.0,0.0,0.0,0.0,0.0,0.0,0.0,0.0,0.0,0.0,0.0,0.0,0.0,0.0,0.0,0.0,0.0,0.0,0.0,0.0,0.0,0.0,0.0,0.0,0.0,0.0,0.0,0.0,0.0
TATCTACAGAGGTAAT-1,1.131820487221102,0.7945597536663354,0.14447219248669813,0.0,0.28978190004950893,0.019744892141602136,0.034534431103475274,0.07288118169206327,0.0,0.0,0.0062065434236796965,0.041132150307028006,0.03514080035374618,0.0,0.01735064479615335,0.06194567412218715,0.0,0.0,0.024608108698215322,0.0,0.0311406890383732,0.01988864785232999,0.00795150462409408,0.0,0.0,0.006041580160252724,0.02432365793787339,0.0,0.0,0.0,0.0,0.0,0.003628714233392428,0.0,0.0,0.019443914968846517,0.0,0.0,0.0,0.0,0.0,0.0,0.0,0.007257428466784856,0.012773056024987642,0.0,0.0,0.00794240953682028,0.0,0.0,0.0,0.0,0.003628714233392428,0.0,0.006339350908073487,0.0,0.003628714233392428,0.0,0.0,0.0,0.0,0.0,0.0,0.0,0.0,0.0,0.0,0.005926773207952993,0.003381984829274925,0.0,0.0,0.0,0.0,0.0,0.0,0.0,0.0,0.0,0.0,0.0,0.0,0.0,0.0,0.0,0.0,0.0,0.0,0.0,0.0,0.0,0.004585442179207723,0.003628714233392428,0.0,0.0,0.0,0.0,0.0,0.0,0.0,0.0,0.0,0.0,0.0,0.0,0.0,0.0,0.0,0.0,0.0,0.0,0.0,0.0,0.0,0.0,0.0,0.0,0.0,0.0,0.0
TATCTACCACAGCGGG-1,1.097298589661378,0.45242970195463955,0.14045667447482246,0.08586893797139679,0.011035646457116003,0.053760681588331215,0.048228685041147766,0.018583722146798275,0.05738157152823788,0.005030674275419123,0.010206913490475011,0.0,0.03626325898794947,0.0,0.042828099646677255,0.0018581705372566113,0.029446429052043088,0.0,0.0,0.0,0.0,0.007334931653184235,0.009725415871044632,0.0009038003140188909,0.0,0.0,0.003118999457648535,0.0,0.022131057670093122,0.004727097831286847,0.0,0.0,0.007856080891694291,0.0,0.0,0.015836824119325944,0.0,0.004280421542475486,0.0,0.010510016972309801,0.0035367134706042296,0.009033987219171608,0.0,0.0010031020163166838,0.0,0.0,0.0,0.0,0.0037440235364608046,0.0021221044743995644,0.0,0.0,0.0006157749031274565,0.0,0.0,0.0016881663514410924,0.0014015198724222156,0.0,0.0,0.001227888499179282,0.002070617290804353,0.0,0.0,0.0,0.002975678578303584,0.0,0.0,0.0,0.0016110008184245283,0.0,0.0,0.0,0.0,0.0,0.0,0.0,0.0,0.0,0.0,0.0006157749031274565,0.0,0.0,0.0,0.0006157749031274565,0.010619645779038064,0.0,0.00029754423882902194,0.0,0.0017309506371886597,0.0,0.0,0.0015063295712721078,0.0,0.0,0.0,0.0008704836037587444,0.00044180741478389533,0.0006157749031274565,0.0,0.0004323082829623399,0.0,0.0,0.0,0.0,0.0,0.0,0.0010910734374262481,0.0,0.0023322801467949867,0.0,0.0,0.0,0.0,0.0,0.0,0.0,0.0,0.0,0.0
TATCTAGCCTAAAGGA-1,0.8256104036116936,0.3524316768066727,0.19363417199347546,0.042374529430740736,0.04540759580397078,0.012803440396020632,0.05992331073186947,0.025023733592520313,0.026401304128175873,0.03200004130604916,0.028743811603258645,0.017013287478187047,0.003196734754163022,0.026333609624153285,0.009822289036166288,0.015158077410374742,0.0,0.0,0.0,0.015274962118325786,0.0,0.0047019626231460665,0.0014315694832092837,0.00412156006618654,0.012296087988032696,0.0016608731009413289,0.007819822471615896,0.0,0.04243046670795705,0.0,0.0,0.0060833926618299745,0.0034143393416988044,0.0,0.00808007635847733,0.0,0.0,0.006667039605550725,0.002922695025900695,0.001822381054882782,0.00030060081611027223,0.003249330106282727,0.0,0.002155571078012471,0.0,0.0021722532081321325,0.0,0.0,0.0,0.0018813530272554812,0.0,0.0,0.0015013961525108066,0.0,0.0,0.006345280780894224,0.001440318597056416,0.0,0.0,0.0,0.0,0.0,0.004011956647442088,0.0005778603475006549,0.0,0.0,0.00429402324851209,0.0017594755109265907,0.0,0.0,0.0,0.0,0.0,0.0,0.0,0.0,0.0,0.0,0.0,0.0,0.014122985289464596,0.0,0.0,0.0,0.0,0.0,0.0,0.0,0.0,0.0016031011530039886,0.0011990994834184723,0.0,0.0,0.0,0.0,0.00016796763690391872,0.0,0.0,0.0,0.0,0.0,0.0,0.0004536983700977114,0.0,0.0,0.0,0.0,0.0,0.0,0.0,0.0,0.0005191932514747664,0.0,0.0,0.0,0.0,0.0,0.0,0.0
TATGAAGACAGGTGCG-1,0.9761086501421218,0.5536981232233287,0.3408440045887396,0.07553287242123101,0.16017759059668793,0.0736420719610066,0.021060553312454405,0.008374216953521852,0.0,0.0,0.01734339359705403,0.0,0.0,0.0,0.010735396189323336,0.027416699947623784,0.0,0.02315583772510749,0.04350150889017622,0.0,0.0,0.0,0.014301415567948096,0.00967502872951399,0.0,0.0,0.01564413608351911,0.0,0.0,0.0,0.0,0.0003448124870068398,0.0036723971388385505,0.0,0.0,0.0,0.0,0.012524952684939212,0.0,0.0,0.0,0.0,0.0,0.0,0.0015611981788883212,0.0,0.023537183721552196,0.0,0.0,0.0036723971388385505,0.0028083605319772593,0.0,0.0,0.0,0.0,0.0,0.0,0.00675876132790049,0.0,0.0,0.0,0.0,0.0,0.0,0.0,0.0,0.0,0.005556836982230258,0.0,0.0,0.0,0.0,0.0,0.0,0.0,0.0,0.0,0.0,0.0,0.0,0.0,0.0,0.0,0.0,0.0,0.0,0.0,0.0,0.0,0.0,0.005826520484253258,0.0,0.0,0.0,0.0,0.0,0.0,0.0,0.0,0.0,0.0,0.0,0.0,0.0,0.0,0.0,0.0,0.0,0.0,0.0,0.0,0.0,0.0,0.0,0.0,0.0,0.0,0.0,0.0
TATGGCCCGGCCTCGC-1,0.6779631585166185,0.870101543426757,0.09982183963922303,0.15364058482742676,0.2169449547515747,0.10048224442882078,0.03214652919582784,0.05658546874074433,0.0,0.0,0.008563083003211618,0.008533281469658337,0.0,0.022668441935113557,0.009612674162757986,0.004622475706872447,0.0,0.03817095858664872,0.013739178236239054,0.008084126571396406,0.028905099753992143,0.0017319099060887314,0.014802526798509057,0.011833851015845205,0.0,0.0,0.01661993312541553,0.0,0.0,0.0,0.0,0.0011553691943567378,0.0,0.0,0.0,0.013697119784430872,0.0,0.0,0.0,0.0,0.01217158221998467,0.0,0.0,0.0,0.004282227787454924,0.0,0.0,0.0,0.0,0.0,0.0,0.0,0.0,0.004278765531517505,0.0,0.0,0.0,0.0,0.0,0.0,0.002092950587549981,0.0,0.0,0.0,0.0,0.0,0.0,0.002122756417355148,0.0,0.0,0.0,0.0,0.0,0.0,0.0,0.0,0.0,0.0,0.0,0.0,0.0,0.0,0.0,0.0,0.0,0.0,0.0007453414443702745,0.0,0.0,0.0,0.0,0.0,0.0,0.0,0.003854666323443879,0.0,0.0,0.0,0.0,0.0,0.0,0.0,0.0,0.0,0.0,0.0,0.0,0.0,0.0,0.0,0.0,0.0,0.0,0.0,0.0,0.0,0.0,0.0,0.0
TATGGGACCGAGCAGG-1,0.23638634301308836,0.08606340686837717,0.0425835224826092,0.04047082808460878,0.005372754557208736,0.04281851768837405,0.042944871020165545,0.0258980340267854,0.00415174140934661,0.0286647006139435,0.005249891772865169,0.046416523901210704,0.05447476737007584,0.0,0.018222585833679174,0.013053630807381799,0.0,0.045915324679746246,0.0,0.0,0.0,0.0,0.0,0.009710208417946082,0.0,0.0,0.0,0.0,0.0,0.0,0.0,0.0,0.005372754557208736,0.05689060084228115,0.0,0.0,0.0,0.0,0.0,0.0,0.0,0.0,0.0,0.005372754557208736,0.0,0.0,0.02169493473953919,0.0,0.0,0.0,0.0,0.0,0.0,0.0,0.0,0.0,0.0,0.005372754557208736,0.0,0.0,0.008087158015680378,0.0,0.0,0.0,0.0,0.0,0.0,0.0,0.0,0.0,0.0,0.0,0.0,0.005372754557208736,0.0,0.0,0.0,0.0,0.0,0.0,0.0,0.0,0.0,0.0,0.0,0.0,0.0,0.0,0.0,0.0,0.0,0.0,0.0,0.0,0.0,0.0,0.0,0.0,0.0,0.0,0.0,0.0,0.0,0.0,0.0,0.0,0.0,0.0,0.0,0.0,0.0,0.0,0.0,0.0,0.0,0.0,0.0,0.0,0.0
TATGGGTACGTATCGT-1,0.2567137214045861,0.09235437622509163,0.07727085908781867,0.07422492309029943,0.020609789736177817,0.040576886046582786,0.02357640332787533,0.011701296757063249,0.0,0.00625551960818305,0.0033358229564169335,0.010536580652042295,0.0,0.0,0.014137846646149352,0.004923751876098517,0.016216516330988657,0.016386006376092114,0.0,0.0,0.0,0.0,0.0,0.0,0.0,0.0,0.0,0.0,0.0,0.002285126890472733,0.0,0.0,0.002285126890472733,0.0,0.0,0.0,0.0,0.0,0.0,0.0,0.00035803325484080477,0.0,0.05151889580943565,0.0,0.0,0.002285126890472733,0.0,0.0,0.0,0.0,0.0,0.0,0.0,0.002285126890472733,0.0,0.0,0.0,0.0,0.0,0.0,0.0,0.0,0.0,0.0,0.0,0.0,0.0,0.0,0.0,0.0,0.0,0.0,0.0,0.0,0.0,0.0,0.0,0.003348345097248089,0.0,0.002285126890472733,0.0,0.0,0.0,0.0,0.0,0.0,0.0,0.0,0.0,0.0,0.0,0.0,0.0,0.0,0.0,0.0,0.0,0.0,0.0,0.0,0.0,0.0,0.0,0.0,0.0,0.0,0.0,0.0,0.0,0.0,0.0,0.0,0.0,0.0,0.0,0.0,0.0,0.0,0.0
TATGGTCTGAGTAACA-1,0.5492858904178283,0.23910166306978314,0.12149802999079802,0.1444336409586412,0.03496148730638512,0.08673495470346869,0.034501432455508296,0.032881581370361124,0.006915531444316657,0.012441362987515995,0.011747449618717817,0.0,0.0,0.0,0.012871831101767664,0.0044868831205689,0.0,0.0,0.023398926173190893,0.0,0.0,0.0,0.020189986720808604,0.0,0.0,0.0,0.0,0.0,0.0,0.0,0.0,0.0,0.0,0.0,0.0,0.0,0.0,0.0,0.0,0.0,0.0,0.0,0.0,0.0,0.0,0.0,0.0,0.008746281657191119,0.011152756514359308,0.0,0.0,0.0,0.0,0.0,0.0,0.0,0.0,0.0,0.0,0.0,0.0,0.0,0.0,0.0,0.0,0.0,0.0,0.0,0.0,0.0,0.0,0.0,0.0,0.0,0.0,0.0,0.0,0.0,0.0,0.0,0.0,0.0,0.0,0.0,0.0,0.0,0.0,0.0,0.0,0.0,0.0,0.0,0.0,0.0,0.0,0.0,0.0,0.0,0.0,0.0,0.0,0.0,0.0,0.0,0.0,0.0,0.0,0.0,0.0,0.0,0.0,0.0,0.0,0.0,0.0,0.0,0.0,0.0,0.0
TATTAACCTGACCGCG-1,0.019221060852982134,0.00241188198603247,0.010531237035661145,0.0,0.0,0.0,0.009939339929942295,0.017972980195926396,5.1701132182877394e-05,0.0008713496385356613,0.0001637645232812429,0.0,0.0,0.005264978119629996,0.007638920412823253,5.304075805017059e-05,0.009941099232966526,0.010557796142298136,0.0,0.038082542848052625,0.02328722316073709,0.0,0.0,0.007824454588094156,0.025106354713462422,0.002026684882234994,0.00013198584117989578,0.0,0.0,0.0,0.0,0.0,0.0,0.000917594892519106,0.0,0.0,2.495716908875478e-05,0.00022673370667468384,0.0006251544388216288,0.0016300117997544317,0.0004126768397415063,0.0,0.0,0.0,0.00047529880879288984,0.0,0.00015388911241056186,0.0,0.0,0.00022968135806219193,0.002119066861581709,0.00017879002380174873,0.002924177119417123,0.0,0.0,0.00041360105045311726,0.0,0.0,0.0,0.0,0.0003327086666923366,0.0,0.0,0.0002965404076379507,0.00010203835838197591,0.0,6.889266724379534e-05,0.0,5.190409179089432e-05,0.0,0.0,0.0,0.0001105474951432583,0.0,0.00018476365876680736,0.0005774213639224788,0.0,0.0,0.0,0.0005716542300346015,0.0,0.0,9.733437522337651e-05,0.0,0.0,0.0,0.0,0.0,0.0,0.0,0.0,8.655799436756331e-05,0.0,0.0,0.0,0.0,0.0,0.0,0.00022139927833802136,0.0,0.0,0.0,0.0,0.0,0.0,0.0,0.0,0.0,0.0,0.0,0.0,0.0,0.0,0.0,0.0,0.0,8.655799436756331e-05,0.0,0.0
TATTCCACTCAGCTCG-1,0.24895873653989228,0.23228524369039721,0.2728811753888289,0.09739819735367682,0.07752506638771003,0.00995291565197137,0.0,0.07465335715158647,0.0,0.0,0.12785499785977808,0.0,0.0,0.027417563111813446,0.03508925719852712,0.0037915361806815694,0.010521920306072791,0.0,0.0,0.018396866877417296,0.0,0.005843567446562677,0.015858412347044406,0.0,0.0,0.0,0.0,0.0,0.0,0.0,0.0,0.0,0.0,0.0,0.026575193512132608,0.0,0.0,0.0,0.0,0.0,0.0,0.002684028069141475,0.0,0.003437896382718955,0.0,0.0,0.0035247863413793703,0.0,0.0,0.0035949966348575884,0.0035368544191018442,0.0,0.0,0.0,0.0,0.002450733511940024,0.0003486262156655844,0.0,0.005541413891259475,0.0013721254415554,0.0,0.0,0.0,0.00029741877536780705,0.0,0.0,0.0,0.0,0.0,0.0,0.0,0.0,0.0,0.0,0.0,0.0,0.0,0.002450733511940024,0.0,0.0,0.0,0.004452592760153984,0.0,0.0,0.0,0.0,0.0,0.0,0.0,0.0,0.001754224844852944,0.0,0.0,0.0,0.0,0.0,0.0,0.0,0.0,0.0,0.0,0.0,0.0,0.0,0.0,0.0,0.0,0.0,0.0,0.0,0.0,0.0,0.0,0.0,0.0,0.0,0.0,0.0,0.0
TATTCCTCCGCCCACT-1,0.06331737006614423,0.08904409537673111,0.09881869156040436,0.0,0.0,0.016060079456758927,0.07173880698950641,0.012990295605316449,0.008339148543961828,0.0,0.004573736577706787,0.0,0.0,0.034022507078669835,0.017114373883727056,0.01849677504899397,0.0,0.0,0.004604394918920781,0.0,0.0,0.004872457418350852,0.010380189399169805,0.0,0.0,0.0,0.0,0.0,0.0,0.0,0.0,0.0,0.0,0.009538786090319563,0.005734776710172435,0.0,0.021154006677899472,0.0,0.0,0.0,0.0,0.0,0.0,0.0,0.0,0.0,0.0007726203273332662,0.0,0.0,0.0,0.0,0.003227163633484561,0.0017263590848608215,0.0,0.0,0.0,0.0,0.0,0.0,0.002369614156007383,0.0,0.0,0.0,0.0,0.0,0.0,0.0,0.0,0.0,0.0,0.0,0.0,0.0,0.0,0.0,0.0,0.0,0.0,0.0,0.0,0.0,0.0,0.0,0.0,0.0,0.0,0.0,0.0,0.0,0.0,0.0,0.0,0.0,0.0,0.0,0.001959970951422829,0.0,0.0,0.0,0.0,0.0,0.0,0.0,0.0,0.0,0.0,0.0,0.0,0.0,0.0,0.0,0.0,0.0,0.0,0.0,0.0,0.0,0.0,0.0
TATTTGTTACCCTTTA-1,0.055619042712453326,0.02049626450415286,0.0,0.0,0.0,0.0,0.010621131607804486,0.0,0.0,0.0,0.0,0.0,0.0,0.0,0.004068915593764107,0.0,0.0,0.0,0.0,0.0,0.0,0.0,0.0,0.0,0.0,0.0,0.0,0.0,0.0,0.0,0.0,0.0,0.0,0.011529351583073482,0.0,0.0,0.0,0.0,0.0,0.0,0.0,0.0,0.0,0.0,0.0,0.0,0.0,0.0,0.0,0.0,0.0,0.0,0.0,0.0,0.0,0.0,0.0,0.0,0.0,0.011109358355671218,0.0,0.0,0.0,0.0,0.0,0.0,0.0,0.0,0.0,0.0,0.0,0.0,0.0,0.0,0.0,0.0,0.0,0.0,0.0,0.0,0.0,0.0,0.0,0.0,0.0,0.0,0.0,0.0,0.0,0.0,0.0,0.0,0.0,0.0,0.0,0.0,0.0,0.0,0.0,0.0,0.0,0.0,0.0,0.0,0.0,0.0,0.0,0.0,0.0,0.0,0.0,0.0,0.0,0.0,0.0,0.0,0.0,0.0,0.0
TCAACAAAGATAATTC-1,0.008209501846243101,0.004736136181010234,0.01708952420921895,0.0,0.0,0.0006753781107651146,0.0,0.02005339030443341,0.0005030620656647134,0.0003028334454810496,8.456667680091887e-05,0.0,0.004937864908387741,0.016765053512410713,0.00714041758475951,0.0,0.022877622958405938,0.001312908035934233,0.0,0.022524912341907236,0.022688541595864913,0.0009450254584466248,0.0,0.001220966793823595,0.017444043210472274,0.0,0.0,0.0011872520342939383,0.0,0.015733732348980324,0.0,0.008379471911021575,0.0,0.00025274495992583143,0.0,0.0,0.0,0.0,0.013586333929094722,0.004409034821284983,0.0,0.0,0.0,0.0,0.0,0.0,0.0006461273706640255,0.0,0.0,0.0,0.0,0.0,0.003839045657523755,0.0,0.0,0.00017442093284669255,0.0,0.0,0.0,0.0,0.0011214044272762369,0.0,0.0,0.0003469977197430042,0.0,0.0,0.00015284293023629607,0.0,0.0,0.0,0.0,0.0,0.0028629250880183865,0.0,0.0,0.0,0.0,0.0,0.0,0.00036176770188907484,0.0,0.0,0.0004130784394276468,0.0,0.0,0.0,0.0,0.0,0.0,0.0,0.0,0.0,0.0,0.0,0.0,0.0,0.0,0.0,0.0,0.0,0.0,0.00011815914315698051,0.0,0.0,0.0,0.0,0.0,0.0,0.00029490474112795227,0.0,0.0,0.0,9.874034078852302e-05,0.0,0.0,0.0,0.0,0.0,0.0
TCAACATAGCGCCCTA-1,0.012930202800077537,0.00546760482557158,0.007993090113865797,0.0,0.0,0.0,0.00599528190682731,0.02168663092688764,8.353905789837361e-05,0.0008147513709002907,0.0,0.0,0.0020460334972443677,0.00329221339179452,0.012379246615094503,0.0,0.039792173655187155,0.0043358021775578,0.0,0.01756075502404036,0.0,0.0,0.0,0.004286824016534849,0.0,0.0056594430277846115,0.0,0.0,0.0,0.0005628510658844593,0.0,0.009497463850751902,0.0013435536812602357,0.0004594362539341937,0.0,0.0,0.0,0.0,0.013969507696392497,0.0008153933012973534,0.00018393770864473557,0.0,0.0,0.0,0.00032014301399506525,0.0,0.0009500319851687179,0.0,0.0,0.001956571495594673,0.002942944170480259,0.0,0.0020183951651953857,0.0,0.001127167329287369,0.0,0.0,0.0,0.0,0.0,0.000152254820601946,0.0,0.0,0.00011075685118700698,2.949712524980992e-05,0.0,2.949712524980992e-05,0.0,0.0,0.0,0.0,0.0,0.004684225993906161,0.0,0.0,0.0,0.0,0.0,0.0,0.0,0.0030372634528032364,0.0,0.0,0.0,0.0,0.0,0.0,0.0,0.0,0.0,0.0,0.0,0.0,0.0,0.0,0.0,0.0,0.00022408889509441864,0.0,0.0,0.0,0.0,0.0,0.0,0.0,0.0,0.0,0.0,0.0,0.0,0.0,0.0,0.0,0.0,0.0,0.0,0.0,0.0,0.0
TCAACATCGACCGAGA-1,0.10261638806816888,0.022341376732283716,0.04189058945420965,0.013291647453044689,0.007111141316302583,0.0019342055455357934,0.0,0.0033421489217462705,0.0009249669869293717,0.020634091623777412,0.001968040008198173,0.0,0.00676273816757556,0.006629658993269184,0.012530465867438487,0.005596730050684602,0.0323194020985845,0.009121348560774614,0.0,0.0037932898154022345,0.0,0.0035536103471557248,0.0,0.004232825953822884,0.008163396649050006,0.0,0.000242706229307652,0.0034739320729383523,0.005696708750071678,0.0007175168859790578,0.0,0.030261625438297784,0.00042681018878971185,0.0018826962881974612,0.0,0.0,0.0,0.0,0.0008648745282190692,0.004563536271926909,0.00019961930629677614,0.0,0.009797314766724194,0.0,0.0,0.0,0.0018235810077528146,0.0002138656593194226,0.0,0.0,0.0013885962057198352,0.0,0.0005490534377353836,0.0,0.0,8.095940500691435e-05,0.0,0.0,0.0,0.0002157602578009506,7.992562339448392e-05,0.0,0.0,0.0015437184056930036,0.0,0.0,0.0002316788040128952,0.0009619276337891236,0.0,0.0015282335053282271,0.0,0.0,0.004432054655784335,0.0,0.0002374816136216543,0.0,0.0,0.0,0.0,0.00020398491618569498,0.0,0.0,0.000440764629512924,0.0,0.0,0.0,0.0007725458563624559,0.0,0.0005690562845618261,0.0,0.0,0.000110191157378231,0.0,0.0,0.0,0.00026188542390700884,0.0005295707400659147,0.0,0.0,0.0003158881787032314,0.0,0.0,0.00010867932847374955,0.0,0.0,0.0,0.0,0.0,0.0,0.0,0.0,0.0,0.00020398491618569498,0.0,0.0,0.00019168200774943113,0.0,0.0,0.0002287048911696996
TCAACGAGGAGACAAA-1,0.9706415559038035,0.5444374336929526,0.19226220083743117,0.11737689253879835,0.13273153029983797,0.1116292752675612,0.007425950345329862,0.01924245454644927,0.0,0.0,0.02287700403252326,0.05722845494110384,0.044565298875235596,0.007868512141166722,0.02337380675842913,0.009366143760141724,0.0,0.018540636502815993,0.0,0.0077726196924407815,0.0,0.0,0.0,0.0030667544977944195,0.012289631270447549,0.0,0.0,0.0,0.006447347021654051,0.002864717569931091,0.0,0.0,0.00482177477949086,0.0,0.0,0.0,0.0,0.0,0.0,0.0,0.0,0.0,0.0,0.0,0.0,0.001957057209559769,0.0,0.0,0.0,0.001957057209559769,0.0,0.0,0.0,0.001957057209559769,0.0,0.0,0.0,0.0,0.0,0.0026815247739694313,0.0,0.0,0.0,0.0,0.007901132979964278,0.0,0.0,0.0,0.0,0.0,0.0,0.0,0.0,0.0,0.0,0.0,0.0,0.0,0.0,0.0,0.0,0.0,0.0,0.0,0.0,0.0,0.0,0.0,0.0,0.0,0.002767455529636391,0.0,0.0,0.0,0.0,0.0,0.0,0.0,0.0,0.0,0.0,0.0,0.0,0.0,0.0,0.0,0.0,0.0,0.0,0.0,0.0,0.0,0.0,0.0,0.0,0.0,0.0,0.0,0.0
TCAACGCAGGAAATAA-1,0.31674831804532794,0.16657333238441596,0.10786801863263461,0.005308436327803251,0.013644707511344351,0.008976129973088763,0.023935996165694015,0.042563105993815034,0.026046648419298993,0.008687407332272462,0.00219459804152146,0.042806092791002934,0.03248712813946349,0.034680023931765655,0.009468113446873396,0.023927178907846312,0.010032011049689706,0.0,0.0,0.008781552341190595,0.0,0.002570008563340445,0.0,0.0,0.020010614430873742,0.0,0.0,0.011209779424787228,0.0,0.0008123542666496851,0.0,0.0,0.0022958029154164505,0.004141324628395565,0.0011039641863928216,0.0,0.002577878543308772,0.004390358465684744,0.0,0.004061381926997659,0.0001755279102751482,0.0,0.02714235780308482,0.0,0.0,0.0,0.00055476079139189,0.0014313108787744264,0.0,0.003684270897517736,0.0,0.0011047592645975568,0.0016627728380617553,0.0,0.0,0.0,0.0034682813753412586,0.0,0.0,0.00118181048095983,0.0,0.0,0.002879444849409856,0.0007745730204608897,0.0025113714928334274,0.0,0.0,0.0,0.0,0.0,0.0,0.0,0.0009213073401939434,0.0,0.0,0.0,0.0,0.0,0.0,0.0,0.0,0.0,0.0,0.0,0.0,0.00036573756561487957,0.0010056277077136278,0.0,0.0,0.0,0.0004759482203301657,0.0,0.0,0.0,0.0,0.0,0.0,0.0,0.0,0.0,0.0,0.0,0.0,0.0,0.0,0.0009686242028349524,0.0,0.0,0.0006521277789359528,0.0,0.0026886144663549457,0.0,0.0,0.0,0.0,0.0,0.0,0.0,0.0
TCAACGCGACCGGCAG-1,0.35353966996475333,0.06827508072421799,0.20605969190490495,0.029002737556261142,0.020358379053124473,0.03330451784594496,0.007082828729487694,0.04578193839670455,0.011248229298036365,0.035285895506553235,0.03121541929479551,0.03977623227671689,0.0,0.0,0.0,0.04808899095442043,0.0,0.0,0.0,0.0,0.0,0.0,0.0,0.0,0.0,0.0,0.008114268626846567,0.0,0.0,0.0,0.0,0.0,0.0,0.0,0.0,0.0,0.0,0.0,0.0,0.0,0.0,0.0,0.0,0.0,0.0,0.0,0.0,0.0,0.0,0.0,0.0,0.0,0.0,0.0,0.0,0.0,0.0,0.0,0.0,0.0,0.0,0.010430095902518774,0.0,0.0,0.0,0.0,0.0,0.0,0.0,0.0,0.0,0.0,0.0,0.0,0.0,0.0,0.0,0.0,0.0,0.0,0.0,0.0,0.0,0.0,0.0,0.0,0.0,0.0,0.0,0.0,0.0,0.0,0.0,0.0,0.0,0.0,0.0,0.0,0.0,0.0,0.0,0.0,0.0,0.0,0.0,0.0,0.0,0.0,0.0,0.0,0.0,0.0,0.0,0.0,0.0,0.0,0.0,0.0,0.0
TCAACTAACGTATAAC-1,0.4915052241203109,0.8588464450873172,0.05243628495711472,0.0,0.1173455411914725,0.11484285055518383,0.057492830845607835,0.051104742833159404,0.05102843037657638,0.14117961960221945,0.010701758288002197,0.0,0.05189167972377457,0.02901660335594581,0.007694762139275763,0.05638564947769572,0.0,0.0,0.0,0.003687157243744772,0.03342376042275689,0.009506667073881746,0.003820213574901421,0.0,0.0,0.0073777151927830395,0.008946527031464147,0.0569096843505144,0.021957120847719423,0.0,0.04243728558363452,0.0,0.006773764300448684,0.0,0.0045468854512163885,0.010846057349340467,0.00930096567128375,0.007587536296867707,0.0,0.0,0.0,0.0,0.0,0.010173251231423925,0.0,0.002348035958169869,0.0,0.0027311010170940468,0.0,0.0,0.0,0.008890672262079017,0.0,0.0021000041205572048,0.0,0.0,0.0,0.0008375204963560905,0.0,0.0024767711779377626,0.0005421984935078028,0.0,0.0,0.0,0.0,0.027123797752817598,0.006577343092022104,0.0010810769788445738,0.006892180657061007,0.0,0.0,0.0,0.0,0.0,0.0,0.0,0.0,0.0,0.0,0.0,0.01029976814451048,0.0,0.0,0.0,0.0,0.006295228099387395,0.00035014163892166297,0.0033057494109202334,0.0,0.0017504034167449651,0.0,0.001330086236661181,0.004210017451164732,0.0,0.0,0.0,0.0,0.0,0.0,0.0,0.0,0.0,0.0,0.0,0.0,0.0016780947757407496,0.0,0.0016780947757407496,0.0,0.0008375204963560905,0.0,0.0008549112591079844,0.0,0.0008375204963560905,0.0,0.0,0.0,0.0,0.0
TCACAGCAAACTCGAA-1,0.07259068074491144,0.06399304574150484,0.0609588355948693,0.020144640949398905,0.013800367871688,0.0,0.01434359590594644,0.060607979426800906,0.006019452506942517,0.05454236794309284,0.05581677476380386,0.025236463183167482,0.0,0.035060715331833456,0.005275325163624817,0.013432005543778672,0.001783748367178165,0.0,0.0,0.01720847218865924,0.01896021786153989,0.002766084176437003,0.0,0.0,0.0,0.0,0.0018536180313654814,0.0,0.02463698945806273,0.0,0.0,0.0,0.00301836773648551,0.0,0.0023411538724409427,0.0,0.0,0.0,0.0,0.002321085759619406,0.0,0.0,0.0,0.0008396341899161011,0.0,0.0,0.0,0.0,0.0,0.0014422388216415924,0.0,0.0,0.0033585367596644044,0.0,0.0026281976272451695,0.0,0.0,0.0,0.0,0.0,0.0010182241430582114,0.0,0.0,0.0034268282499608158,0.0,0.0,0.0,0.0,0.0,0.0,0.0,0.0,0.0,0.0,0.0,0.0,0.0,0.0,0.0,0.0,0.0,0.0,0.0,0.0,0.0,0.0,0.00027642966252859364,0.0,0.0,0.0,0.0,0.0,0.0,0.0,0.0,0.0,0.0,0.0,0.0,0.0,0.0,0.0008807766682814356,0.0,0.0,0.0,0.0,0.0,0.0,0.0,0.0,0.0,0.0,0.0,0.0,0.0,0.0,0.0,0.0,0.0
TCACAGGAGAATAAGA-1,0.2518993691299844,0.33133474238479205,0.03472091482668473,0.013046158941775944,0.006768993968684376,0.0011209728182090717,0.012286608938424485,0.016851777425648827,0.000485452580890934,0.0003973361843056781,0.009554801127831402,0.0,0.0022636005495898504,0.00047984190325960974,0.01946955373965076,0.0,0.05764725380559122,0.00040074531423755133,0.0,0.0,0.0,0.0030080603414236505,0.0,0.0006875794537335366,0.008851551252389882,0.0,0.0006109936682377813,0.0,0.0,0.0009609421229241173,0.0,0.04275624665542033,0.0019951524128167075,0.0009147947110705082,0.0,0.0,0.0,0.0,0.0,0.007701929035544159,7.975075123965103e-05,0.003959509896748464,0.03015357156302685,0.0,0.0007817718865465422,0.00040074531423755133,0.0004908550688809694,0.0,0.0024421584846777596,0.0015775006752174268,0.0023644463075186556,0.0,0.0,0.0,0.00031649563389244117,0.0002586422037217976,0.0,0.0,0.0,0.0010400868986214782,0.001436523245557681,0.0,0.0,0.0022553343627306536,0.0012751546057332163,0.0,3.075823117917625e-05,0.0,0.0,0.0,0.0,0.0,0.00028436219348306467,0.0,0.00017923527826250492,0.0,0.0,0.0,0.0,0.00021251591714116006,0.003971939555450663,0.0,0.0,0.0,0.0,0.0,0.0,0.0,0.0012863062107686652,0.0,0.0,0.0,0.0,0.0,0.0,0.0,6.400846837086304e-05,0.0,0.0,0.0,0.0,0.0,0.0,0.0,0.0,0.0,0.0,0.0,0.0,0.0,0.0,0.0,0.00011498009544541935,0.0,0.0,0.0,0.0,0.0,0.0
TCACATCTTATCTGAT-1,0.26102884193424547,1.1845577964537632,0.027269758285006926,0.0543230003743842,0.06566427071306324,0.08241828312041248,0.07556321477883093,0.0049725380683092926,0.11841301493156446,0.11777839099714553,0.022859974747300307,0.0,0.0,0.045981109222195546,0.0,0.01589336590435777,0.0,0.027010087611767403,0.04308507488415408,0.0,0.03936650744123984,0.0,0.01769222711880649,0.011029651128940547,0.0,0.009099525084112978,0.01056145860275393,0.0,0.0,0.0,0.0,0.0,0.0,0.0,0.0,0.0,0.0,0.0,0.0,0.0,0.0,0.0,0.0,0.0,0.0,0.0,0.0,0.004663586591470076,0.0033873165656928524,0.0,0.0,0.0,0.0,0.0,0.0075702515479536174,0.0,0.0,0.0,0.0,0.0,0.0,0.0,0.0,0.0,0.0,0.0,0.0,0.0,0.0,0.0,0.0,0.00635536981290082,0.0,0.0,0.0,0.0,0.0,0.0,0.0,0.0,0.0,0.0,0.0,0.0,0.0,0.0,0.0004665522681995476,0.0,0.0,0.0,0.0,0.0,0.0,0.0,0.0,0.0,0.0,0.0,0.0,0.0,0.0,0.0,0.0,0.0,0.0,0.0,0.0,0.0,0.0,0.0,0.0,0.0,0.0,0.0,0.0,0.0,0.0,0.0,0.0
TCACCCTCTTAAGATT-1,0.9605847269129332,1.1168846625274507,0.14235027014517407,0.06593338793658088,0.052815473980854864,0.06872849164016474,0.0,0.04886691228306096,0.0,0.0,0.04344661380878647,0.0,0.03500040373666975,0.0,0.030067446754863347,0.0,0.0,0.008050595818161768,0.008333094376184947,0.0,0.0,0.014907931881597353,0.02383100069237784,0.004751002895195848,0.0,0.0,0.007884095017576455,0.0,0.0067775610255369975,0.004826404309198673,0.0,0.0016862456315220097,0.002267690635956713,0.0,0.024338415057096555,0.013919525396495613,0.0,0.0,0.0,0.006357885069944766,0.004283312397378172,0.0010102435813002073,0.05051683891625555,0.0,0.0,0.0025983105534973473,0.0,0.004730209440440133,0.0028635715388724945,0.0,0.002810998158690521,0.0,0.009061216482881215,0.005427346827560411,0.0,0.004647305782661969,0.0,0.0,0.002796781188849614,0.0,0.004479173171386222,0.0,0.0,0.0,0.0031079192146857134,0.0,0.0,0.0005558237827232945,0.0,0.0,0.0,0.0,0.0,0.0,0.01912666585959486,0.0,0.0,0.0,0.0,0.002796781188849614,0.0,0.0,0.0018305979209411103,0.0,0.0,0.0,0.00019393457634670952,0.0,0.0,0.000840231058174957,0.0016455196738678003,0.0,0.0,0.0,0.0,0.004587113034689107,0.0,0.0,0.0,0.002001435225535828,0.0,0.0,0.002482893407384429,0.0,0.0,0.0,0.0,0.0,0.0,0.0,0.0,0.0,0.0,0.0,0.0,0.0,0.0,0.0,0.0
TCACGATGTCCGTGGA-1,0.009414944352918857,0.0,0.016049951030377933,0.0,0.0,0.0,0.0,0.017318401397763365,4.1032393955417e-05,0.002727359428974959,0.0,0.0,0.0,0.0,0.008746273714259477,0.0,0.014740169556377528,0.002416020906919471,0.0,0.0,0.04345313343229598,0.0008048355330079951,0.0,0.0010852541105143972,0.0,0.0,0.0003244090770872166,0.0,0.010465232568330547,0.015590283715549293,0.0,0.013099930111650799,0.0004844554698847198,0.0,0.0,0.0,0.0,0.0016500393424294668,0.0,0.00812749464396864,0.0,0.0035861512377657707,0.0,0.0,0.0,0.0,0.0,0.0,0.0,0.0,0.002314739245432033,0.0,0.0013715965775502944,0.0045241799349944175,0.0,0.0004844554698847198,0.0027185001350121633,0.0,0.0,0.0,0.0013948006253287708,0.0,0.0,0.0007233829478296848,0.000705241269879192,0.0,0.00018479653051174373,0.0,0.0,0.0,0.0,0.0,0.007075895363975486,0.0,0.0,0.0,0.0,0.0,0.0,0.00020552800931919138,0.0,0.0,0.0,0.0,0.0,0.00020552800931919138,0.0,0.0,0.0,0.0,0.0,0.0,0.0,0.0,0.0,0.0,0.0,0.0,0.0,0.0,0.0,0.0,0.0,0.00020552800931919138,0.0,0.0,0.0,0.0,0.0,0.0,0.0,0.0,0.0,0.0,0.0,0.0,0.0,0.0,0.0
TCACGTGCCCGATTCA-1,0.26953794248353957,0.11970805175592436,0.06827957995008473,0.03894410513904008,0.01977764260583168,0.050753607238104695,0.01667737095688719,0.007059163748196829,0.01435587507585011,0.01317538504408316,0.006725964298043983,0.0,0.0,0.0,0.0,0.0,0.0,0.0,0.02040014936379366,0.0,0.0,0.0,0.008575052092435701,0.0,0.0,0.0,0.007740082798286353,0.0,0.0,0.0,0.0,0.0,0.0,0.0,0.0,0.0,0.0,0.0,0.0,0.0,0.0078068308014210865,0.0,0.0,0.0,0.0,0.0,0.0,0.0,0.0,0.0,0.0,0.0,0.0,0.0,0.006518621815483592,0.004957997238924524,0.0,0.0,0.0,0.0,0.0,0.0,0.0,0.0,0.0,0.0,0.0,0.0,0.0,0.0,0.0,0.004957997238924524,0.0,0.0,0.0,0.0,0.0,0.0,0.0,0.0,0.0,0.0,0.0,0.0,0.0,0.0,0.0,0.0,0.0,0.0,0.0,0.0,0.0,0.0,0.0,0.0,0.0,0.0,0.0,0.0,0.0,0.0,0.0,0.0,0.0,0.0,0.0,0.0,0.0,0.0,0.0,0.0,0.0,0.0,0.0,0.0,0.0,0.0,0.0
TCAGACGCTATAGAAG-1,0.2642814192248701,0.0,0.10613343506784867,0.04942410815421601,0.0051060427318080385,0.021259025733148668,0.0,0.0,0.0038754461290782458,0.003579896458964613,0.0051060427318080385,0.026999001627995955,0.0,0.0,0.0,0.0,0.0,0.0,0.0,0.0,0.0,0.0,0.0,0.0,0.0,0.0,0.0,0.0,0.0,0.0,0.0,0.0,0.0,0.0,0.0,0.0,0.007233955059172158,0.0,0.0,0.0,0.0,0.0,0.0,0.0,0.0,0.0,0.0,0.0,0.0,0.0,0.0,0.0,0.0,0.0,0.0,0.0,0.0,0.0,0.0,0.0,0.0,0.020302490397220957,0.0,0.0,0.0,0.0,0.0,0.00645880891034921,0.0,0.0,0.0,0.0,0.0,0.0,0.0,0.0,0.0,0.0,0.0,0.007233955059172158,0.0,0.0,0.0,0.0,0.0,0.0,0.0,0.0,0.0,0.0,0.0,0.0,0.0,0.0,0.0,0.0,0.0,0.0,0.0,0.0,0.0,0.0,0.0,0.0,0.0,0.0,0.0,0.0,0.0,0.0,0.0,0.0,0.0,0.0,0.0,0.0,0.0,0.0,0.0
TCAGGGTGTAACGTAA-1,0.4113571776397538,0.05872911848612376,0.03235364299344791,0.041171386073063705,0.03613221423617332,0.012663208176911179,0.015301789837762213,0.006979732858506435,0.0,0.0,0.0,0.0,0.0,0.0,0.0,0.0,0.0,0.017545061852123442,0.0,0.0,0.0,0.0,0.0,0.004769312274799436,0.0,0.0,0.0005491034039669763,0.0,0.0,0.0,0.0,0.0,0.0,0.0,0.0,0.0,0.0,0.0,0.0,0.0,0.0,0.0,0.0,0.016143719048913586,0.0,0.0,0.0,0.0,0.0,0.0,0.0,0.0,0.0,0.0,0.0,0.0,0.0,0.0,0.0,0.0,0.0,0.0,0.0,0.0,0.0,0.0,0.0,0.0,0.0,0.0,0.0,0.0,0.0,0.0,0.0,0.0,0.0,0.0,0.0,0.0,0.0,0.0,0.0,0.0,0.0,0.0,0.0,0.0,0.0,0.0,0.0,0.0,0.0,0.0,0.0,0.0,0.0,0.0,0.0,0.0,0.0,0.0,0.0,0.0,0.0,0.0,0.0,0.0,0.0,0.0,0.0,0.0,0.0,0.0,0.0,0.0,0.0,0.0,0.0
TCAGTACTGACCCGCG-1,0.24653474718445428,0.37006295682380996,0.05588954724765309,0.0256579091313223,0.025976749080036412,0.02899158311747987,0.03918167500130564,0.0038346153812744152,0.024198249267533157,0.0,0.006296727017882912,0.0,0.0,0.024300885302228376,0.0,0.019717798224827155,0.017355425581761355,0.0,0.0,0.0018514079750779708,0.0431927073296314,0.017075694352203623,0.014286586158362258,0.0,0.0,0.0,0.0064163193242720296,0.0,0.0,0.0,0.0,0.0,0.0,0.0,0.0,0.0,0.0,0.0,0.0,0.0,0.0207410536017969,0.004465905526049351,0.0,0.006721914489255142,0.0,0.0,0.0,0.0,0.0,0.0,0.0,0.0,0.0,0.0,0.0,0.007292170911473539,0.0,0.0,0.0,0.002494774928032807,0.0,0.0,0.005785824238342248,0.0,0.0,0.0,0.0,0.0009490600354685827,0.0,0.0036842284863766736,0.0,0.0,0.0,0.0,0.0,0.0,0.0,0.0,0.0,0.0,0.0,0.0,0.0,0.0,0.0,0.0,0.0,0.0,0.0,0.0,0.0,0.0,0.0,0.0,0.0,0.0,0.0,0.0,0.0,0.0,0.0,0.0,0.0,0.0,0.0,0.0,0.0,0.0,0.0,0.0,0.0,0.0,0.0,0.0,0.0,0.0,0.0,0.0,0.0
TCAGTAGGGACTATAA-1,0.47364302760148747,0.1521497057229509,0.13625725497838825,0.0747417586065211,0.10877072013985033,0.05977902464755977,0.017614338531229873,0.01459184797757599,0.0,0.0,0.02497734953840716,0.0,0.028921949380631747,0.0,0.0,0.005400244453728106,0.0,0.0,0.0,0.0,0.0,0.01044566534384811,0.0,0.0,0.0,0.0,0.00706866646348451,0.0,0.0,0.0,0.0,0.0,0.0,0.0,0.0,0.0,0.026303090872303665,0.0,0.0,0.0,0.0,0.0,0.0,0.0,0.0,0.0,0.0,0.0,0.0,0.0,0.0,0.005657246727696892,0.0,0.0,0.0,0.0,0.0,0.0,0.0,0.0,0.0,0.0,0.0,0.0,0.0,0.0,0.0,0.0,0.0,0.0,0.0,0.0,0.0,0.0,0.0,0.0,0.0,0.0,0.0,0.0,0.0,0.0,0.0,0.0,0.0,0.0,0.0,0.0,0.0,0.0,0.0,0.0,0.0,0.0,0.0,0.0,0.0,0.0,0.0,0.0,0.0,0.0,0.0,0.0,0.0,0.0,0.0,0.0,0.0,0.0,0.0,0.0,0.0,0.0,0.0,0.0,0.0,0.0,0.0
TCCAACTTTAAATTCT-1,0.10911967205469394,0.0761808634962486,0.0,0.0,0.0,0.01398522908856627,0.0,0.0,0.0,0.0,0.0042379841595563015,0.0,0.021702399884191207,0.026021668592017794,0.0,0.0,0.0,0.0,0.0,0.0,0.0,0.0,0.0,0.0,0.0,0.0,0.0,0.0,0.0,0.0,0.0,0.0,0.0,0.0,0.0,0.0,0.0,0.0,0.0,0.0,0.0,0.0,0.0,0.012930950816668977,0.0,0.0,0.0,0.0,0.0,0.0,0.0,0.0,0.0,0.0,0.0,0.0,0.0,0.0,0.0,0.0,0.0,0.0,0.0,0.0,0.0,0.0,0.0,0.0,0.0,0.0,0.008743819271856919,0.0,0.0,0.0,0.0,0.0,0.0,0.0,0.0,0.0,0.0,0.0,0.0,0.0,0.0,0.0,0.0,0.0,0.0,0.0,0.0,0.0,0.0,0.0,0.0,0.0,0.0,0.0,0.0,0.0,0.0,0.0,0.0,0.0,0.0,0.0,0.0,0.0,0.0,0.0,0.0,0.0,0.0,0.0,0.0,0.0,0.0,0.0,0.0
TCCACAATGGTTTACG-1,0.39775297883347205,0.19617940262815223,0.17245351664990238,0.064511983918256,0.05576857035886658,0.005482825114366269,0.01691280753040754,0.010676812267024438,0.0,0.0,0.014274215879455335,0.0,0.04872110887915334,0.0,0.019095074831521883,0.012381810323999914,0.0,0.0,0.031782571786133994,0.0,0.0,0.0,0.01821647840409645,0.0,0.0,0.0,0.0,0.0,0.0,0.0,0.0,0.0,0.0,0.0,0.0,0.0,0.0,0.010142386120380948,0.0,0.0,0.0022512699321898667,0.0,0.0,0.0,0.0,0.0,0.0,0.009901525174293036,0.0,0.0,0.0,0.0,0.0,0.0,0.0,0.0,0.0,0.0,0.0,0.0,0.0,0.0,0.0,0.0,0.0,0.0,0.0,0.0,0.0,0.0,0.0,0.0,0.0,0.0,0.0,0.0,0.0,0.0,0.0,0.0,0.0,0.0,0.0,0.009901525174293036,0.0,0.0,0.0,0.0,0.0,0.0,0.0,0.0,0.0,0.0,0.0,0.0,0.0,0.0,0.0,0.0,0.0,0.0,0.0,0.0,0.0,0.0,0.0,0.0,0.0,0.0,0.0,0.0,0.0,0.0,0.0,0.0,0.0,0.0,0.0
TCCAGAGCACCGGTTC-1,0.5637363086768411,0.2841923403021228,0.07891807706526056,0.05491437882878014,0.04512085592000888,0.012845772956300381,0.0,0.022364640162827073,0.009660685161693439,0.0079601261001556,0.0,0.008385531460928639,0.0,0.0,0.015203048595903598,0.0,0.0,0.0,0.0,0.0,0.0,0.0,0.0,0.0,0.0,0.0,0.0,0.0,0.0,0.005244724827699321,0.0,0.0,0.0,0.0,0.0,0.0,0.0,0.0,0.01443907782703766,0.0,0.0,0.0,0.0,0.0,0.0,0.0,0.0,0.0,0.0,0.0,0.0,0.0,0.005244724827699321,0.005244724827699321,0.0,0.0,0.0,0.0,0.0,0.0,0.0,0.0,0.0,0.0,0.0,0.0,0.0,0.0,0.0,0.0,0.0,0.0,0.0,0.0,0.0,0.0,0.005244724827699321,0.0,0.0,0.0,0.0,0.0,0.0,0.0,0.0,0.0,0.0,0.0,0.005244724827699321,0.0,0.0,0.0,0.0,0.0,0.0,0.0,0.0,0.0,0.0,0.0,0.0,0.0,0.0,0.0,0.0,0.0,0.0,0.0,0.0,0.0,0.0,0.0,0.0,0.0,0.0,0.0,0.0,0.0,0.0
TCCAGGCGAGTACGGT-1,0.11214998599796437,0.0,0.02763093739081144,0.03725594015448253,0.01642681318927754,0.01882800215569334,0.0,0.0,0.0,0.0,0.0,0.0,0.0,0.0,0.005612469914632924,0.0,0.0,0.0,0.0,0.0,0.0,0.0,0.0,0.0,0.0,0.0,0.007112899659655662,0.0,0.0,0.0,0.0,0.0,0.0,0.0,0.0,0.0,0.0,0.0,0.0,0.0,0.0,0.0,0.0,0.008443585937487607,0.0,0.0,0.0,0.0,0.0,0.0,0.0,0.0,0.0,0.0,0.0,0.0,0.0,0.0,0.0,0.0,0.0,0.0,0.0,0.0,0.0,0.0,0.0,0.0,0.0,0.0,0.0,0.0,0.0,0.0,0.0,0.0,0.0,0.0,0.0,0.0,0.0,0.0,0.0,0.0,0.0,0.0,0.0,0.0,0.0,0.0,0.0,0.0,0.0,0.0,0.0,0.0,0.0,0.0,0.0,0.0,0.0,0.0,0.0,0.0,0.0,0.0,0.0,0.0,0.0,0.0,0.0,0.0,0.0,0.0,0.0,0.0,0.0,0.0,0.0
TCCCAGCTTTAGTCTG-1,0.772903577535394,0.2644785599259565,0.2577526009787763,0.09785070368556079,0.063183775689478,0.029187168846023254,0.06011938274415485,0.024700885854081547,0.0,0.0,0.007195700394328802,0.04791115857511237,0.0,0.0,0.029196500817589194,0.01194911125175623,0.0,0.0,0.0,0.0,0.0,0.019085236923376603,0.0,0.0,0.0,0.0018863220682314272,0.013968517168230688,0.0,0.0,0.0,0.0,0.0,0.0,0.0,0.0,0.0,0.0,0.0,0.0,0.0,0.0,0.0,0.0,0.0,0.0,0.0,0.0,0.0,0.011854186770999952,0.0,0.0,0.0,0.0,0.0,0.006772297951680327,0.0,0.0,0.0,0.0,0.0,0.0,0.0,0.0,0.0,0.0,0.0,0.0,0.005792494956887341,0.0,0.0,0.0,0.0,0.0,0.0,0.0,0.0,0.0,0.0,0.0,0.0,0.0,0.0,0.0,0.00441843533977379,0.0,0.0,0.0,0.00441843533977379,0.0,0.0,0.0,0.0,0.0,0.0,0.0,0.0,0.0,0.0,0.0,0.0,0.0,0.0,0.0,0.0,0.0,0.0,0.0,0.0,0.0,0.0,0.0,0.0,0.0,0.0,0.0,0.0,0.0,0.0,0.0
TCCCGCGTACTCCTGG-1,0.21459660415120355,0.1293228358616566,0.020215921966428626,0.0,0.01608871870347315,0.011051441819292277,0.010002538073376617,0.0,0.0,0.0,0.0,0.0,0.001737752206837134,0.0,0.0,0.0,0.0,0.0,0.0,0.0,0.0,0.0,0.0,0.0,0.0,0.0,0.0,0.0,0.0,0.0,0.0,0.0,0.01147272446106217,0.0,0.0,0.0,0.018910405634758258,0.0,0.0,0.0,0.0,0.0,0.0,0.0,0.0,0.0,0.0,0.0,0.0,0.0,0.0,0.00302307345275309,0.0,0.0,0.0,0.0,0.0,0.004956186910795368,0.0,0.0,0.0,0.0,0.0,0.0,0.0,0.0,0.0,0.0,0.0,0.0,0.0,0.010862962172250442,0.0,0.0,0.0,0.0,0.0,0.0,0.0,0.0,0.0,0.0,0.0,0.0,0.0,0.0,0.0,0.0,0.0,0.0,0.0,0.0,0.0,0.0,0.0,0.0,0.0,0.0,0.0,0.0,0.0,0.0,0.0,0.0,0.0,0.0,0.0,0.0,0.0,0.0,0.0,0.0,0.0,0.0,0.0,0.0,0.0,0.0,0.0
TCCCGGGTGTGCTGCT-1,0.2314266849516991,0.14386261836310293,0.16816495421218688,0.041999217170250853,0.035632429153921355,0.008246973867682972,0.0,0.01071770408656091,0.0,0.0,0.0,0.00875925854495396,0.0,0.0,0.007025574247131456,0.0,0.0,0.0,0.06104217208710287,0.0,0.0,0.0,0.01920168392867795,0.0,0.0,0.0,0.0,0.08806020892694746,0.0,0.0,0.0,0.006996882013261918,0.0,0.0,0.0,0.0,0.0,0.0,0.0,0.0,0.0,0.0,0.0,0.0,0.0,0.007760581721629236,0.0,0.0,0.0,0.0,0.0,0.0,0.0,0.0,0.0,0.0,0.0,0.0,0.007760581721629236,0.0,0.0,0.0,0.0,0.0,0.0,0.0,0.0,0.0,0.0,0.0,0.0,0.0,0.011351118047289176,0.0,0.0,0.0,0.0,0.0,0.0,0.0,0.0,0.0,0.0,0.0,0.0,0.0,0.0,0.0,0.0,0.0,0.0,0.0,0.0,0.0,0.0,0.0,0.0,0.0,0.0,0.0,0.0,0.0,0.0,0.0,0.0,0.0,0.0,0.0,0.0,0.0,0.0,0.0,0.0,0.0,0.0,0.0,0.0,0.0,0.0
TCCCGTCAGTCCCGCA-1,0.8564064187178,0.4597011078955019,0.005610802625078659,0.0,0.13978884289210666,0.01794554548391466,0.014215042142746536,0.07895899007967282,0.009505835439343777,0.01698441002294985,0.005221410105255577,0.008031129778956871,0.025851395371204504,0.0,0.015000007183641511,0.007385086714561821,0.0,0.03217792635134066,0.023814227644062973,0.0,0.006682709215929958,0.014994898421598905,0.005448802386407341,0.00888870534650658,0.0,0.01244513754187217,0.004545090607463454,0.03997732090152077,0.0,0.0,0.0,4.1316548620331675e-05,0.01250322067549252,0.0,0.0,0.009327333577110374,0.030416965289615558,0.009614654576361731,0.0,0.0,0.01592334848974785,0.0,0.0,0.0,0.0,0.0073863193124403086,0.0020163251615914076,0.011466579799272628,0.0,0.0015981324353572435,0.0,0.0034840980598371263,0.0,0.0,0.0068484693139124215,0.0,0.0,0.0,0.0,0.005516223333439512,0.011236738465953508,0.0,0.0043696640868643956,0.0,0.0,0.0,0.0,0.0,0.009224850706955372,0.0,0.0,0.0,0.0008900105303380781,0.0,0.0,0.0,0.0,0.0018727310730016372,0.0,0.0,0.0,0.0,0.006835201747316155,0.0,0.0,0.0,0.0,0.0,0.0,0.0,0.0,0.0,0.0029229648520789466,0.0,0.0,0.0,0.0,0.0006459823505118156,0.002622544480916757,0.0,0.0,0.0,0.0,0.0,0.0,0.0,0.0,0.0,0.0,0.0,0.0,0.0,0.0,0.0,0.0,0.0,0.0,0.0,0.0
TCCCTGGCTCGCTGGA-1,0.5241235194450833,0.38519650180455345,0.20982753873814092,0.1346436131372714,0.21443594543360267,0.08452227081585498,0.01778312604321558,0.04615790456467496,0.0018039254738995778,0.025966703333963607,0.0,0.0,0.0,0.01714483125478606,0.010348274333151788,0.015514318666561621,0.0,0.08188592076406839,0.0,0.014508803154120791,0.0,0.02459706055365277,0.0,0.019266062599447673,0.0,0.0,0.0034426715130228447,0.0,0.0,0.0,0.0,0.0011338339385642137,0.0,0.0,0.0,0.017721854473137396,0.0,0.0,0.0,0.0,0.0,0.0,0.0,0.005193386252658844,0.010420486126681634,0.0,0.0,0.0,0.0,0.005193386252658844,0.0,0.0,0.0,0.0,0.0,0.0,0.0,0.0,0.0,0.0,0.0,0.0,0.0,0.0,0.0,0.0,0.0,0.0,0.0,0.0,0.0,0.005193386252658844,0.0,0.0,0.0,0.0,0.0,0.0,0.0,0.0,0.0,0.0,0.0,0.0,0.0,0.0,0.0,0.0,0.0,0.0,0.0,0.0,0.0,0.0,0.0020332653197360326,0.0,0.0,0.0,0.0,0.0,0.0,0.0,0.0,0.0,0.0,0.0,0.0,0.0,0.0,0.0,0.0,0.0,0.0,0.0,0.0,0.0,0.0,0.0,0.0
TCCGAACTTGGCTTAC-1,1.3131853300854583,0.5562120666685615,0.36463973645417014,0.1577120327010421,0.06475866438927749,0.00798678917992054,0.023379898937484725,0.0402554111670703,0.0,0.0,0.008316536480661251,0.01720294352586868,0.0,0.0,0.006325962370731648,0.04078303730069564,0.003246845322441117,0.0,0.0,0.0,0.0,0.0050022571318101335,0.0,0.0,0.0,0.0,0.0,0.0,0.0,0.0,0.0,0.0,0.007907010973806918,0.04796421665857371,0.0,0.0,0.0,0.0,0.0,0.0,0.0,0.006791630604307354,0.0,0.0,0.0,0.0,0.024700052891235887,0.0,0.0,0.0,0.0,0.0,0.0,0.0,0.0,0.0,0.0,0.0,0.0,0.0,0.0,0.0,0.0,0.0,0.0,0.0,0.0,0.0,0.0009611946936413015,0.0,0.0,0.0,0.0,0.0,0.0,0.0,0.0,0.0,0.0,0.003953505486903459,0.0,0.0,0.0,0.0,0.0,0.0,0.0,0.0,0.0,0.0,0.0,0.0,0.0,0.0,0.0,0.0,0.0,0.0,0.0,0.0,0.0,0.0,0.0,0.0,0.0,0.0,0.0,0.0,0.0,0.0,0.003953505486903459,0.0,0.0,0.0,0.0,0.0,0.0,0.0,0.0
TCCGATGACTGAGCTC-1,0.23229664377332945,0.13081784179707814,0.021785946161895428,0.06783956276335253,0.03092405637449033,0.0021045438999626673,0.0,0.043320976619503494,0.006286936538625205,0.0124467364960124,0.0042090877999253345,0.0,0.02337911349020272,0.0,0.0,0.00167992380876952,0.0,0.0,0.030273136236722353,0.0,0.0,0.0,0.005972895386986892,0.0,0.0,0.0,0.0042060377051609706,0.0,0.0,0.0,0.0,0.0,0.0,0.0,0.0018104037303867861,0.0,0.0,0.012814400654874724,0.0,0.0,0.0,0.0,0.0,0.0,0.0,0.009920328115875345,0.0,0.0,0.0,0.0,0.0,0.0,0.0,0.004292971578217372,0.0,0.0,0.0,0.004292971578217372,0.0,0.007800843126929651,0.007318032723768011,0.0,0.0,0.0,0.0,0.0,0.0,0.0,0.0,0.0,0.0,0.0,0.0,0.0,0.0,0.012897078717166686,0.0,0.0,0.0,0.0,0.0,0.0,0.0,0.0,0.0,0.0,0.0,0.0,0.0,0.0,0.0,0.0,0.0,0.0,0.0,0.0,0.0,0.0,0.0,0.0,0.0,0.0,0.0,0.0,0.0,0.0,0.0,0.0,0.0,0.0,0.0,0.0,0.0,0.0,0.0,0.0,0.0,0.0,0.0
TCCGATTACATTGCCG-1,0.24425813621507578,0.15098906895427275,0.1524226813838262,0.037732798119685704,0.057706239794571276,0.003132458318025411,0.06264248274890519,0.008643728952553043,0.061221671157056824,0.0,0.002202866645773159,0.0,0.0,0.022005724688470455,0.011980423467974913,0.027203367517791843,0.0,0.0,0.0,0.0,0.0514069512971974,0.0,0.0,0.0,0.0,0.0,0.0,0.0,0.0,0.0,0.0,0.0029143993220384465,0.00853773489335722,0.0,0.0,0.0,0.0,0.0,0.0,0.0,0.0,0.01218701083623564,0.0,0.0,0.002719026591501031,0.0,0.0,0.0,0.0,0.0,0.0,0.0,0.0,0.00426886744667861,0.0,0.0,0.0,0.0,0.0,0.0,0.0,0.0,0.0,0.0,0.003332853610210364,0.0,0.0,0.0,0.0,0.0,0.0,0.0,0.0,0.0,0.0,0.0,0.0,0.0,0.0,0.0,0.0,0.0,0.0,0.0,0.0,0.0,0.0,0.0,0.0,0.0,0.0,0.0,0.0,0.0,0.0,0.0,0.0,0.0,0.0,0.0,0.0,0.0,0.0,0.0,0.0,0.0,0.0,0.0,0.0,0.0,0.0,0.0,0.0,0.0,0.0,0.0,0.0,0.0,0.0
TCCGGTTCGTCCGGTC-1,0.6001262113766461,0.30200187612231105,0.14818563310673136,0.05709390841185405,0.043388460495446354,0.009035373691351965,0.01320269879578727,0.07271882383243955,0.0,0.0,0.09004464656491452,0.05062033244600474,0.06611284650625733,0.0245079396002512,0.0031827402372043142,0.009833312543056357,0.00566210023111213,0.0,0.0,0.013485163856374945,0.0,0.005927280932352044,0.0,0.0034666651233011417,0.0,0.0,0.001701889701715239,0.0,0.0,0.0,0.0,0.0,0.0019643729594641824,0.0,0.007881455575121194,0.01060105320104794,0.0,0.0,0.0,0.006349645476267587,0.0,0.0017822769768831126,0.0,0.0,0.0,0.0,0.0016082131671911397,0.0,0.0,0.0011653236569991174,0.0018361746598896545,0.0,0.002767209088542539,0.0,0.0015115125228358768,0.0034348974081679605,0.0,0.0,0.0,0.0018161622762817673,0.0003983277878998894,0.0,0.0,0.000653906216489238,0.0,0.0,0.0013374321958287976,0.0,0.0004506986440570951,0.0,0.0,0.0,0.0,0.0,0.0,0.0,0.0,0.001066762702096496,0.0,0.00024072308815816204,0.0,0.004138174481050297,0.0018021333783330047,0.0,0.0,0.0,0.00025194101293818085,0.0,0.002927213080147854,0.0,0.0,0.0,0.0,0.0,0.0,0.0012356773793866997,0.0,0.0,0.0,0.0,0.0,0.0,0.0,0.0,0.0,0.0,0.0006533241782567319,0.0,0.0,0.0,0.0,0.0,0.0,0.0,0.0,0.00011924176864762689,0.0,0.0,0.0
TCCTAGCAAAGAAGCT-1,0.09124987505329582,0.0841301392963339,0.05494307927734392,0.0,0.008789263196098532,0.01221497675505651,0.008875252083672926,0.0,0.0,0.0,0.011676865716939568,0.0,0.0,0.027758803967170616,0.0,0.0,0.0,0.0,0.0,0.06659171939265039,0.0,0.0,0.0,0.0,0.0,0.0,0.0,0.0,0.0,0.021314762097370744,0.0,0.0,0.0,0.0,0.0,0.0,0.0,0.0,0.01544153707807575,0.0,0.0,0.0,0.0,0.008714371534647455,0.0,0.0,0.0,0.0,0.0,0.0,0.0,0.0,0.008714371534647455,0.0,0.0,0.0,0.0,0.0,0.0,0.0,0.008714371534647455,0.0,0.0,0.0,0.0,0.0,0.0,0.0,0.0,0.0,0.0,0.0,0.0,0.0,0.0,0.0,0.0,0.0,0.0,0.0,0.0,0.008714371534647455,0.0,0.0,0.0,0.0,0.0,0.0,0.0,0.0,0.0,0.0,0.0,0.0,0.0,0.0,0.0,0.0,0.0,0.0,0.0,0.0,0.0,0.0,0.0,0.0,0.0,0.0,0.0,0.0,0.0,0.0,0.0,0.0,0.0,0.0,0.0,0.0,0.0
TCCTCCTAAGACATTC-1,0.05160283726017276,0.06725777341035316,0.023973539811243665,0.007652351710152394,0.0019754101937879734,0.00017087062903637368,0.011452450962476863,0.03379053655410391,0.0006769333131733216,0.004197600781639105,8.890065818716305e-05,0.0,0.004513335001947118,0.028502767957763818,0.012753948112253898,0.0019484082312315378,0.054972328005639455,0.0007998139188557859,0.0,0.017217152643148735,0.0,0.0007121459547455962,0.0,0.0007573325850855337,0.0,0.0,3.381903781107242e-05,0.0,0.0,0.005078582242068311,0.009478751278556664,0.017186260139107182,0.0,0.001580649870527676,0.0,0.010141375745175065,0.0,0.0,0.0,0.0060675779582756405,0.0,0.0,0.0,0.0,0.0,0.0,0.00024876621227695083,0.0,0.0,0.0021682552539455304,0.0,0.0,0.00033708402133184566,0.0,0.0,0.00021972161660657527,0.0,0.0,0.003159816942228863,0.00014802238273852622,0.0012073736352001215,0.0,0.0,0.002237056274891573,0.0,0.0,0.00010910110794446014,0.00012637040894887612,3.89357917817375e-05,0.0,0.0,0.0,0.0006403145491559477,0.0,0.0,0.0,0.0,0.0,0.0,0.0,0.004529975345271557,0.0,0.0002597338788541317,0.0,0.0009735672433513247,0.0,0.00011314997357188568,0.0,0.0,0.0,0.0,0.0,0.0,0.0,0.0,0.0,0.00015879311227712652,0.0,0.0,0.0,0.0,0.0,0.0,0.0,0.0,0.0,0.0,0.0,0.0,0.0,0.0,0.0,0.0,0.0,0.0,0.0,0.0,0.0,0.0
TCCTCTCCAGTTGTCC-1,1.1704121315148577,0.7188351610990795,0.0635970598338027,0.13604575586041215,0.271367623989086,0.07005082120897572,0.09704894855017257,0.12175605991129616,0.08963081499008115,0.06715343837964696,0.011215933146342548,0.0,0.0,0.0,0.01507487360426664,0.05981404511432492,0.0,0.0,0.05236536616823618,0.0,0.0,0.028193500696834496,0.01770876537642622,0.0,0.0,0.009815651830542301,0.01942813713659851,0.0,0.038999742319537914,0.0,0.0,0.0,0.006045188702296292,0.0,0.0,0.021504042494423163,0.0,0.0,0.0,0.0,0.0,0.0,0.0,0.0,0.004853826730041654,0.0,0.0,0.0,0.0,0.0,0.0,0.0,0.0,0.0,0.0,0.0,0.0,0.0020351402408613803,0.0,0.0,0.0016768521552518309,0.0,0.0,0.0,0.0,0.0,0.0,0.0,0.006735443250668904,0.0,0.0,0.0,0.0,0.0,0.0,0.0,0.0,0.0,0.0,0.0,0.0,0.0,0.0020351402408613803,0.0,0.0,0.0,0.0,0.0,0.0,0.001809648254294869,0.0,0.0,0.0,0.0,0.0,0.0,0.0,0.0,0.0,0.0,0.0,0.0,0.0,0.0,0.0,0.0,0.0,0.0,0.0,0.0,0.0,0.0012257332511122789,0.0,0.0,0.0,0.0,0.0,0.0,0.0
TCCTGCGTTGATACTC-1,0.9421985676451325,0.0824728601916654,0.18315142965170883,0.15885092825538893,0.061026422322161634,0.017507894224852404,0.0,0.027009498254993707,0.0,0.0,0.017777026292051884,0.0,0.0,0.0,0.0,0.005012961201820029,0.0,0.0,0.0,0.0,0.0,0.0,0.0,0.0,0.0,0.0,0.0,0.0,0.021674118834218808,0.0,0.0,0.0,0.0,0.0,0.0,0.0,0.0,0.0,0.015308746989435516,0.0,0.0,0.0,0.0,0.0,0.002351754556140069,0.0,0.0,0.0,0.0,0.0,0.0,0.0,0.0,0.0,0.0,0.0,0.0,0.0,0.0,0.0,0.0,0.0,0.0,0.0,0.0,0.0,0.0,0.0,0.0,0.0,0.008593642358712923,0.0,0.0,0.0,0.0,0.0,0.0,0.0,0.0,0.0,0.0,0.0,0.0,0.0,0.0,0.0,0.0,0.0,0.0,0.0,0.0,0.0,0.0,0.0,0.0,0.0,0.0,0.0,0.0,0.0,0.0,0.0,0.0,0.0,0.0,0.0,0.0,0.0,0.0,0.0,0.0,0.0,0.0,0.0,0.0,0.0,0.0,0.0,0.0
TCGAGACCAACACCGT-1,0.806516508453752,0.6201180167366082,0.15193762093463759,0.0,0.13965500448852824,0.033213014521356554,0.07467763253068163,0.05935978060970672,0.03333056555018489,0.020282892006010023,0.0027789564043971928,0.0,0.07686832738237405,0.0,0.016996142838824117,0.006194784469087794,0.0,0.0,0.0,0.0,0.0,0.0,0.0,0.0,0.0,0.007918517622848835,0.022585686284022816,0.0,0.038093577296419295,0.0,0.0,0.0,0.0,0.0,0.011744110190821055,0.01414539057624526,0.0,0.00996723771187168,0.0,0.0,0.0,0.0,0.0,0.0,0.0,0.0,0.0,0.0,0.0027828865933317145,0.0,0.0,0.0,0.0,0.004052520363042314,0.0,0.0,0.0,0.0,0.0,0.0,0.0023376212242981116,0.0,0.0,0.0,0.0,0.0,0.010143825961384138,0.0,0.0,0.0,0.0,0.0,0.0,0.0,0.0,0.0,0.0,0.0,0.0,0.0,0.0,0.0,0.0,0.0,0.0,0.0,0.0,0.0,0.0,0.0,0.0,0.0,0.0,0.0,0.0,0.0,0.0,0.0,0.0,0.0,0.0,0.0,0.0,0.0,0.0,0.0,0.0,0.0,0.0,0.0,0.0,0.0,0.0,0.0,0.0,0.0,0.0,0.0,0.0
TCGCAAAGATGCATTT-1,0.10756768468265848,0.0,0.0259933466590559,0.024795791800122122,0.005131704832710496,0.02782996466813573,0.0,0.0,0.0,0.0,0.0,0.0,0.0,0.0025581326576888616,0.0,0.0,0.008405819401077472,0.0,0.0,0.03414766822957481,0.0,0.0,0.0,0.0,0.0,0.0,0.0,0.0,0.0,0.0,0.0,0.0,0.007909335470162433,0.0,0.0,0.0,0.0,0.0,0.0,0.0,0.0,0.0,0.0,0.0,0.0,0.0,0.0,0.0,0.0,0.0,0.0,0.0,0.015818670940324867,0.007909335470162433,0.0,0.0,0.0,0.0,0.0,0.0,0.0,0.0,0.0,0.0,0.0,0.0,0.0,0.0,0.0,0.0,0.0,0.0,0.0,0.0,0.0,0.0,0.007909335470162433,0.0,0.0,0.0,0.0,0.0,0.0,0.0,0.0,0.0,0.0,0.0,0.0,0.0,0.0,0.0,0.0,0.0,0.0,0.0,0.0,0.0,0.0,0.0,0.0,0.0,0.0,0.0,0.0,0.0,0.0,0.0,0.0,0.0,0.0,0.0,0.0,0.0,0.0,0.0,0.0,0.0,0.0
TCGCCGAAGTTGCGTC-1,0.5496714304553831,0.07854395515516538,0.12914071608569339,0.07549998477002005,0.022009617429424047,0.01121467201877533,0.028046950471455168,0.01852558926896609,0.0,0.0,0.024427535944521437,0.0518834698095485,0.0,0.0,0.03226537725100532,0.007830877398018264,0.0,0.0,0.0,0.0,0.0,0.0,0.0,0.0,0.0,0.0,0.0,0.0,0.0,0.0,0.0,0.0,0.0,0.0,0.0,0.0,0.0,0.0,0.0,0.0,0.0,0.0,0.0,0.0,0.0,0.0,0.0,0.0,0.0,0.0,0.0,0.0,0.0,0.0,0.0,0.0,0.0,0.0,0.0,0.0,0.0,0.0,0.0,0.0,0.0,0.0,0.0,0.0,0.0,0.0,0.0,0.0,0.0,0.0,0.0,0.0,0.0,0.0,0.0,0.0,0.0,0.0,0.0,0.0,0.0,0.0,0.0,0.0,0.0,0.0,0.0,0.0,0.0,0.0,0.0,0.0,0.0,0.007678318191669826,0.0,0.0,0.0,0.0,0.0,0.0,0.0,0.0,0.0,0.0,0.0,0.0,0.0,0.0,0.0,0.0,0.0,0.0,0.0,0.0,0.0
TCGCGTCCAGAAGGTC-1,0.07728742676922144,0.71682126847264,0.0,0.0,0.13469636272726243,0.03538072698047693,0.015184820286761484,0.0,0.0,0.0,0.0,0.008052816517096134,0.08613346201288698,0.0,0.009980963771966108,0.017621415504960828,0.0,0.0,0.023636380715709844,0.0,0.08271512689529764,0.0,0.01750541990669776,0.0,0.0,0.0,0.0,0.0,0.0,0.0,0.0,0.0,0.0,0.0,0.0,0.0,0.0,0.0,0.0,0.0,0.0,0.0,0.0,0.012263029703452687,0.005535927594221805,0.0,0.0,0.013931952050220011,0.010630614520105894,0.0,0.0,0.0,0.0,0.0,0.0,0.0,0.0,0.0,0.0,0.0,0.0,0.0,0.0,0.0,0.0,0.0,0.0,0.0,0.0,0.0,0.0,0.005736901307568128,0.0,0.0,0.0,0.0,0.0,0.0,0.0,0.0,0.0,0.0,0.0,0.0,0.0,0.0,0.0,0.0,0.0,0.0,0.0,0.0,0.0,0.0,0.0,0.0,0.0,0.0,0.0,0.0,0.0,0.0,0.0,0.0,0.0,0.0,0.0,0.0,0.0,0.0,0.0,0.0,0.0,0.0,0.0,0.0,0.0,0.0,0.0
TCGGAATGCGCTCTGA-1,0.31801320876964817,0.5827406762413011,0.0,0.0,0.056095457403216094,0.06722030622791744,0.02254017896283995,0.012584508032067041,0.0,0.0,0.002685541674699276,0.008829072503008304,0.0,0.0,0.011419065030148355,0.041089777345005504,0.0,0.0,0.06009181532564569,0.0,0.0,0.013741601578417854,0.030479044437095367,0.0,0.0,0.0,0.0,0.0,0.0,0.0,0.0,0.0,0.0,0.0,0.0,0.0,0.0,0.0,0.0,0.0,0.0,0.0,0.0,0.0,0.003886527975231981,0.0,0.0,0.0,0.0,0.0,0.0,0.0,0.0,0.0,0.0,0.0,0.0,0.005828621512737969,0.0,0.008975771969431126,0.0,0.0,0.0,0.0,0.0,0.0,0.0,0.0,0.004072565319816803,0.0,0.0,0.0,0.0,0.005828621512737969,0.0,0.0,0.0,0.0,0.0,0.0,0.0,0.0,0.0,0.0,0.0,0.0,0.0,0.0,0.0,0.0,0.0,0.0,0.0,0.0,0.0,0.0,0.0,0.0,0.0,0.0,0.0,0.0,0.0,0.0,0.0,0.0,0.0,0.0,0.0,0.0,0.0,0.0,0.0,0.0,0.0,0.0,0.0,0.0,0.0
TCGGAGAGTATCGGGA-1,0.32546494568784706,0.2542127951558719,0.0724859104922987,0.005559536869950259,0.0,0.0,0.12275955866646292,0.043902338940611504,0.049261286736196605,0.10449323666311948,0.0006532644065895793,0.0,0.018600739788189262,0.024026972503477805,0.029815770083875776,0.017021235141050296,0.0,0.0,0.0,0.016274071125718242,0.0,0.002998057248727208,0.0,0.0,0.0,0.0,0.002973721971852254,0.0,0.0,0.0,0.0,0.0033815095512493448,0.0,0.0,0.0,0.01818956236266558,0.0,0.0,0.0,0.0,0.0,0.005017643951931677,0.0,0.0,0.0,0.0,0.0,0.00548938723536741,0.0,0.0,0.0,0.0,0.0,0.0,0.0,0.001989046796801122,0.02071671457807841,0.0,0.0,0.0,0.0,0.0,0.0,0.0079682172641796,0.0,0.0,0.0005391504674355726,0.00015819447460711618,0.0007279159240545108,0.0,0.0,0.0,0.0,0.0,0.00017518893210270256,0.0,0.0,0.0,0.002230059376173039,0.0,0.0,0.001252491030332588,0.0,0.0,0.0,0.0,0.0,0.0,0.0,0.0,0.0,0.0,0.0,0.0,0.000387795665901261,0.0,0.0003673448258048089,0.0023929270079683634,0.0,0.0,0.0031709293041849345,0.0010287262262778586,0.0,0.0007842444613008718,0.0,0.0,0.0,0.0,0.0,0.0,0.0,0.0,0.0,0.0,0.0,0.0,0.0,0.0,0.0
TCGGGATTCAAACATA-1,0.5475978173278224,0.15601621312465894,0.135191207251774,0.0351480615396774,0.010535278005971666,0.020615444632127132,0.05350648971017742,0.040106575869588504,0.008080025402155059,0.04884914970401993,0.013063923684346793,0.0,0.0,0.0,0.011774427146999163,0.029067940949676782,0.0,0.0,0.0,0.0,0.0,0.0014282985941769912,0.0036315025894213494,0.0,0.015882323331487102,0.01031330786404071,0.004006865528337549,0.0,0.03861957832243393,0.0,0.0,0.009433145155573482,0.0020046537865071076,0.0,0.0,0.0,0.006097441950893776,0.0,0.0,0.005434056619799594,0.0002542280188591173,0.0,0.0,0.0038298803457745252,0.0,0.0,0.0,0.0,0.0,0.0,0.0,0.007646134200956831,0.0016059730754077667,0.0,0.0,0.0020046537865071076,0.0,0.0,0.0,0.004446043154083604,0.0,0.0,0.0,0.0003488271197773367,0.0070553560137086805,0.0,0.0017805652386373163,0.0,0.0,0.0,0.0,0.0,0.0,0.0,0.0,0.0,0.0,0.0010299421948027673,0.0,0.0,0.0,0.004479262885385331,0.0,0.0,0.0,0.0,0.0,0.0,0.0,0.0,0.0,0.0,0.0,0.0,0.0,0.0,0.0,0.0,0.0,0.0,0.0,0.0,0.0,0.0,0.0,0.0,0.0,0.0,0.0,0.0,0.0,0.0,0.0,0.0,0.0,0.0,0.0,0.0,0.0
TCGTAAGACGACATTG-1,0.3300180976567123,0.025992629531504358,0.04421469685810927,0.040948936368621514,0.024907528828967174,0.027536800342064297,0.006884200085516075,0.011026261410972583,0.0,0.0,0.0,0.0,0.0,0.02820842911122544,0.004765267484845471,0.0,0.0,0.0,0.0,0.011892368075400759,0.0,0.008292539149468297,0.0,0.0,0.0,0.0,0.0,0.0,0.004785498500493128,0.0,0.0,0.0,0.0,0.0,0.0,0.0,0.0,0.0,0.0,0.0,0.0,0.0,0.0,0.0,0.0,0.006884200085516074,0.0,0.0,0.0,0.0,0.0,0.0,0.0,0.0,0.0,0.0,0.0,0.0,0.0,0.0,0.0,0.0,0.0,0.0,0.0,0.0,0.0,0.0,0.0,0.0,0.0,0.006884200085516074,0.0,0.006884200085516074,0.0,0.0,0.0,0.0,0.0,0.0,0.0,0.0,0.0,0.0,0.0,0.0,0.0,0.0,0.0,0.0,0.0,0.0,0.0,0.0,0.0,0.0,0.0,0.0,0.0,0.0,0.0,0.0,0.0,0.0,0.0,0.0,0.0,0.0,0.0,0.0,0.0,0.0,0.0,0.0,0.0,0.0,0.0,0.0,0.0
TCGTATTACCCATTGC-1,0.518214471054454,0.24368883601786717,0.0,0.0,0.02036681961390599,0.0,0.0,0.021742377573924603,0.0023751685084684756,0.011651855564361973,0.0,0.018404189176772057,0.0,0.0,0.003693189819344763,0.017934862904832684,0.0,0.0,0.0,0.0,0.0,0.0,0.0,0.0,0.0,0.0,0.0,0.0,0.01896023861046497,0.01705477476378319,0.0,0.0,0.0,0.0,0.0,0.0,0.0,0.0,0.0,0.0,0.0,0.0,0.0,0.0,0.0029166097489845273,0.0,0.0,0.0,0.0,0.0,0.0,0.0,0.0,0.0,0.0,0.008527387381891596,0.0,0.0,0.0,0.0,0.0,0.0,0.0,0.0,0.0,0.0,0.0,0.0,0.0,0.0,0.0,0.0,0.0,0.0,0.0,0.0,0.0,0.0,0.0,0.0,0.0,0.0,0.0,0.0,0.0,0.0,0.0,0.0,0.0,0.0,0.0,0.0,0.0,0.0,0.0,0.0,0.0,0.0,0.0,0.0,0.0,0.0,0.0,0.0,0.0,0.0,0.0,0.0,0.0,0.0,0.0,0.0,0.0,0.0,0.0,0.0,0.0,0.0,0.0
TCGTCAAGTACGCGCA-1,0.04891654949031849,0.004049968492188913,0.0029235889491319176,0.0,0.0,0.0,0.0,0.01815576761829888,0.0,0.0007656136362197643,0.0020777445613119356,0.0,0.003465523416161566,0.005647995554738271,0.010723734184069883,0.0,0.014851103174262146,0.005374773651718681,0.0,0.003012293076817961,0.002831730309268587,0.0006362537983068944,0.0,0.005749191890328865,0.06465876039531018,0.0023193032462450833,2.7217840283327423e-05,0.0009382026733396289,0.0,0.010577538443099596,0.0,0.0,0.00023136481692736155,0.0002897960933353127,0.0,0.0,0.0,0.0,0.0008408651907918392,0.00030406112830082916,0.0,0.0002586830961144205,0.011803942487037807,0.0,0.00017985180632966842,0.0,0.00016958925955903078,0.0,0.0,0.0,0.009158430282905354,0.0,0.0030061101919001557,0.0,0.0,0.002218087610737165,0.0,0.0,0.0,0.00014742856508110502,0.00018120717884230472,5.1644770974746436e-05,0.0,0.0001595001866398044,0.0,0.0,0.0,0.0,0.0,0.0,0.0,0.0,0.00020616374300893198,0.0,0.00011337776109550018,0.0,0.0,0.0,0.0,0.0,0.0,0.0,0.0,0.0,0.0,8.358415430498043e-05,0.0,0.0,0.0,0.0,0.0,0.0,8.358415430498043e-05,0.0,0.0,0.0,0.0,0.0,0.0,1.7101168461700686e-05,0.0,0.0,0.0,0.00024052769652006348,0.0,0.0,0.0,0.0,8.135946677893329e-05,0.0,0.0,0.0,9.614188805406335e-05,0.0,0.0,0.0,0.0,0.0,0.0
TCGTCACACTGTTAGC-1,0.647750812690482,0.12311420621051479,0.19057310759552215,0.18808853119695684,0.09334176049248066,0.13960388470235147,0.021633182061575697,0.020755632728362353,0.0,0.0,0.024914572031814936,0.026514761827686396,0.020938213039285718,0.0,0.0,0.03811396255522711,0.009994335631984288,0.0,0.0,0.0,0.035836781307822495,0.015189724670514056,0.0,0.0,0.0,0.0,0.005561050419899721,0.0,0.0,0.0,0.0,0.0,0.007267340695152331,0.034696213625005294,0.0,0.0,0.0,0.010107297237147258,0.0,0.0,0.0,0.0,0.0,0.0,0.0,0.009984615775572619,0.0,0.0,0.0,0.0,0.0,0.0,0.0,0.0,0.006965727644724322,0.0,0.0,0.0,0.0,0.0,0.0018789264659425852,0.0,0.0,0.0,0.0,0.0,0.0,0.0,0.0,0.0,0.0,0.0,0.0,0.0,0.0,0.0,0.0,0.0,0.0,0.0,0.0,0.0,0.0,0.0,0.0,0.0,0.0,0.0,0.0,0.0,0.0,0.0,0.0,0.0,0.0,0.0,0.0,0.0,0.0,0.0,0.0,0.0,0.0,0.0,0.0,0.0,0.0,0.0,0.0,0.0,0.0,0.0,0.0,0.0,0.0,0.0,0.0,0.0,0.0
TCGTTAGGAGTCCCTA-1,0.25008500054756483,0.13000442037042076,0.17189723591085634,0.05505559977918178,0.024354548127092614,0.009609350961215894,0.09243027540387352,0.06497436252315622,0.014864996123549159,0.006754826441769904,0.0687815373603606,0.016788832226888165,0.0008390797639513765,0.014799879130043095,0.010750521193759053,0.013356018203747768,0.017267075861121146,0.0,0.0,0.0,0.0,0.005115655397234986,0.0030782816238697852,0.0,0.011408514359794246,0.0016662086684937243,0.00032412335577111575,0.0,0.0,0.0,0.0,0.011775181199356468,0.0012798294002905766,0.0,0.0030030880375059737,0.0,0.0,0.0,0.0,0.003437409941041727,0.0,0.0,0.0,0.0,0.0,0.0008619529121279475,0.0026416109170770453,0.0,0.0,0.0,0.0,0.0029430622766229916,0.002425956135347631,0.0,0.0,0.004136985245307837,0.0,0.0,0.0,0.0,0.0022292548132163037,0.0,0.0035258936332117153,0.0008977482210862578,0.0,0.0,0.0013225017761239726,0.0,0.0,0.0013081740147184043,0.0,0.0,0.0,0.0,0.0,0.0,0.0,0.0,0.0,0.0,0.0,0.0,0.0,0.0,0.0,0.0,0.0005200033515894325,0.0,0.0,0.0,0.0,0.0,0.0,0.0,0.0,0.0,0.0,0.001820188920142856,0.0,0.0,0.0,0.0,0.0,0.0,0.0,0.0,0.0,0.0,0.0,0.0,0.0,0.0,0.0,0.0,0.0,0.0,0.0,0.0,0.0
TCGTTGCTATCCGGTC-1,0.11212837247572774,0.04814562040217117,0.009041366762699432,0.00486107797311913,0.0036508361287371813,0.0,0.02175960206958953,0.035207922748208484,0.0006350719688751258,0.0015958484392908175,0.004801408073817769,0.0,0.02716585121822767,0.008204078530195877,0.02617539780996861,0.0016969516546987895,0.03225071553801487,0.0,0.0,0.01952624249533056,0.0,0.0006032462505049104,0.0,0.0,0.0,0.003981675830435848,3.797602712325952e-05,0.0,0.0,0.005462614888576605,0.0,0.031087441753803454,0.0,0.002030016060408463,0.0,0.0,0.0,0.0,0.015650940136508515,0.004188351890836453,0.0005446217201566142,0.0,0.0,0.0,0.000535215732670445,0.0,0.0005671417080763175,0.0,0.0,0.0010203099873027585,0.0030069640852380592,0.0,0.0011703527229118737,0.0,0.0,0.0006078127336223587,0.0,0.0,0.0,0.0004961975921251555,0.0013910043696824144,0.0,0.0,0.0018595139251101917,0.0,0.0,0.00044090497524441674,0.0,0.0,0.0009931258103040579,0.0,0.0,0.004967268970991881,0.0,0.0,0.0,0.0,0.0,0.0,0.0,0.0,0.0,0.00018132983089929518,0.0,0.0,0.0,0.00011575580077176871,0.0,0.0,0.0,0.0,0.0,0.0,0.0,0.0,0.0,0.0,0.00014434195901811127,0.0,0.0,0.0,0.0,0.0,0.0,0.0,0.0,0.0,0.0,0.0,0.0,0.0,0.0,0.0001813298308992952,0.0,0.0,0.0,0.0,0.0,0.0
TCTAGCAATCTCCGCC-1,0.0,0.11337979620835302,0.0,0.0,0.0,0.007531483671112166,0.0,0.01692995272382535,0.06298288902330457,0.10273833412675298,0.0,0.054375686137294536,0.0,0.0,0.008748270002143746,0.012476421164055026,0.0,0.0,0.0364420504208573,0.0,0.0,0.0,0.020660844768906634,0.0,0.0,0.005224079276480579,0.0,0.0,0.0,0.0,0.0,0.0,0.0,0.0,0.0,0.0,0.0,0.0,0.0,0.0,0.0,0.0,0.0,0.0,0.0,0.0,0.0,0.0,0.0,0.0,0.0,0.0,0.0,0.0,0.0,0.0,0.0,0.0,0.0,0.0,0.0,0.0,0.0,0.0,0.0,0.0,0.0,0.0,0.0,0.0,0.0,0.0,0.0,0.0,0.0,0.0,0.0,0.0,0.0,0.0,0.0,0.0,0.0,0.0,0.0,0.0,0.0,0.0,0.0,0.0,0.0,0.0,0.0,0.0,0.0,0.0011083902731778535,0.0,0.0,0.0,0.0,0.0,0.0,0.0,0.0,0.0,0.0,0.0,0.0,0.0,0.0,0.0,0.0,0.0,0.0,0.0,0.0,0.0,0.0,0.0
TCTAGTTATCAGAAGA-1,0.48929507337271594,0.12393297200116632,0.06736972742901819,0.03247023982806223,0.034252006296439146,0.01882484314260638,0.12375427124336395,0.021247944922049268,0.050933908411342065,0.0,0.006572280830377897,0.0,0.0,0.0,0.00476752422951965,0.00869682253912345,0.0,0.0,0.0,0.0,0.0,0.0,0.0,0.0,0.0,0.0,0.015418532526674123,0.0,0.0,0.0,0.0,0.0,0.0,0.0,0.0,0.0,0.0,0.0,0.0,0.0,0.0,0.0,0.0,0.008123103210438838,0.0,0.0,0.0,0.0,0.0,0.0,0.0,0.0,0.0,0.0,0.0,0.0,0.0,0.0,0.0,0.0,0.0,0.0,0.0,0.0,0.0,0.0,0.0,0.0,0.0,0.0,0.0,0.0,0.0,0.008123103210438838,0.0,0.007263059500621711,0.0,0.0,0.0,0.0,0.0,0.0,0.0,0.0,0.0,0.0,0.0,0.0,0.0,0.0,0.0,0.0,0.0,0.0,0.0,0.0,0.0,0.0,0.0,0.00206593015411636,0.0,0.0,0.0,0.0,0.0,0.0,0.0,0.0,0.0,0.0,0.0,0.0,0.0,0.0,0.0,0.0,0.0,0.0,0.0
TCTATCGGTCGCAACA-1,0.3295114371668496,0.2742408010461239,0.0,0.0,0.07725520578714222,0.01591586961912691,0.0,0.05541468005048334,0.0,0.022912731090078207,0.0,0.03552289895125895,0.013821349661139008,0.0,0.013629166316648195,0.0,0.0,0.0,0.0,0.0,0.0,0.0,0.0,0.0,0.0,0.06047864423208087,0.0,0.0,0.0014675536217580371,0.0,0.0,0.0,0.0,0.0,0.0,0.008603979398893043,0.0,0.0,0.0,0.0,0.0,0.0,0.0,0.0049184250685610255,0.017901018345423625,0.0,0.0,0.0,0.0,0.0,0.0,0.0,0.0,0.0,0.0,0.0,0.0,0.0,0.0,0.0,0.0,0.010810767519922692,0.0,0.0,0.0,0.0,0.0,0.0,0.024623215228910145,0.0,0.0,0.0,0.0,0.0,0.0,0.0,0.0,0.0,0.0,0.0,0.0,0.0,0.0,0.0,0.0,0.0,0.0,0.0,0.0,0.0,0.0,0.0,0.0,0.0,0.0,0.0,0.0,0.0,0.0,0.0,0.0,0.0,0.0,0.0,0.0,0.0,0.0,0.0,0.0,0.007391470223245608,0.0,0.0,0.0,0.0,0.0,0.0,0.0,0.0,0.0
TCTATTACTAGAGGAT-1,0.667983014029963,0.2505035487708639,0.19764949709592713,0.020403173044643518,0.034461385276288906,0.011869844122704462,0.014535688284306996,0.026825837996163178,0.0028674071994651044,0.026283370675404552,0.007603248360416677,0.0,0.022269527504613987,0.041629341462685036,0.007675195218477624,0.02111855530082292,0.015063008207580343,0.0,0.0,0.0,0.0,0.006156579503176801,0.0016596786321897406,0.0,0.007211138949271553,0.0,0.0020769637772195325,0.0,0.0010328179954120606,0.0,0.0,0.0,0.0,0.005426161159191452,0.005246780000282307,0.004093067142466637,0.002376251535066345,0.0,0.0012546618245323539,0.000777428483383487,0.000318549477709795,0.0,0.0,0.0,0.0,0.0,0.0011673386090086198,0.0007708517154522472,0.0,0.0,0.0,0.00437649445372599,0.00032432544759389135,0.0,0.0,0.00017725609906774436,0.004912805544163213,0.0,0.0,0.0011725962180661688,9.224015390266306e-05,0.0,0.0,0.0008155427813556176,0.0,0.0,0.0012848099164020762,0.0027168905114373742,5.5796187780810255e-05,0.0,0.0,0.0,0.0001772204130018846,0.0,0.0,0.0,0.0,0.0,0.0,0.0,0.0,0.0,0.0,0.0,0.0008423937186239161,0.0,0.0003042132406123091,0.0,0.0,0.0,0.0,0.0,0.0,0.0,0.0,0.0,0.0002469666263170562,0.0,0.0,0.0,0.00042494639004212647,0.00017411760699845443,0.0005568234514475986,0.0,0.0,0.0,0.00022953250213844967,0.0,0.0,0.0,0.0,0.0,0.0,0.0,0.0,0.0,0.0,0.0,0.0
TCTCTAATAGCTGGTA-1,0.08311471606821876,0.0531886078873925,0.0580919833968758,0.0,0.021727105979732448,0.023004893705668918,0.028135515100037076,0.025781546484686727,0.1114510121667141,0.01286349620223322,0.0,0.00839438398313293,0.02583992268503377,0.00735252435991701,0.0,0.007791311042041376,0.0,0.03557624342870502,0.0,0.011995093733805775,0.0,0.013460111749562381,0.0,0.022296958572094346,0.0,0.0,0.0016582602263807565,0.0,0.0,0.0,0.0,0.0,0.012165294032230458,0.028506572729766647,0.0,0.0,0.020735081535574934,0.0,0.0,0.0,0.0,0.0,0.0,0.0,0.0022007090764930497,0.0,0.0,0.006019653597706425,0.0,0.0,0.0,0.0038263403183774426,0.0,0.0069728530277035974,0.0,0.0,0.0,0.0,0.0,0.0,0.0,0.0,0.0,0.0,0.0,0.0,0.0,0.0,0.0,0.0,0.0,0.0,0.0,0.0,0.0,0.0,0.005192441004526861,0.0,0.0,0.0,0.0,0.0,0.0,0.0,0.0,0.0,0.0,0.0038263403183774426,0.0,0.0,0.0,0.0,0.0,0.0,0.0,0.0,0.0019324544613366003,0.0,0.0,0.0,0.0,0.0,0.0,0.0,0.0,0.0,0.0,0.0,0.0,0.0,0.0,0.0,0.0,0.0,0.0,0.0,0.0,0.0,0.0
TCTGCCAGAAACTGCA-1,0.20480716463271137,0.02844772845182945,0.022180202324553613,0.04165064927052413,0.012674281391667399,0.0,0.0,0.018451916410477394,0.0,0.0,0.00458208014110293,0.0,0.0,0.0,0.0,0.0,0.0,0.0,0.0,0.0,0.0,0.009225958205238697,0.0,0.0,0.0,0.0,0.0,0.0,0.0,0.018396475929950546,0.0,0.0,0.0,0.0,0.0,0.0,0.0,0.0,0.0,0.0,0.0,0.0,0.0,0.0,0.0,0.0,0.0,0.0,0.0,0.0,0.0,0.0,0.0,0.0,0.0,0.0,0.0,0.0,0.0,0.0,0.0,0.0,0.0,0.0,0.0,0.0,0.0,0.0,0.0,0.0,0.0,0.009198237964975273,0.0,0.009198237964975273,0.0,0.0,0.0,0.0,0.0,0.0,0.015877278175070307,0.0,0.009198237964975273,0.009198237964975273,0.0,0.0,0.0,0.0,0.0,0.0,0.0,0.0,0.0,0.0,0.0,0.0,0.0,0.0,0.0,0.0,0.0,0.0,0.0,0.0,0.0,0.0,0.0,0.0,0.0,0.0,0.0,0.0,0.0,0.0,0.0,0.0,0.0,0.0,0.0
TCTGGCGCAAGCCGGG-1,0.032693324087335836,0.002330636956878669,0.025480933922796333,0.0009444151817465862,0.0,0.0,0.0,0.0011771074080243597,0.0,0.0,0.0,0.0,0.0019033386818462558,0.0,0.014129123504747633,0.0,0.028987541320942077,0.025888491107809126,0.0,0.0,0.0,0.0,0.0,0.00912714725026277,0.0,0.0,0.0,0.0,0.0,0.006491466518816405,0.0,0.03615260970147695,0.0,0.0,0.001762920248997415,0.0,0.0,0.002031599036672661,0.013942587778622352,0.0,0.0,0.0019469956008953582,0.0,0.0035483554966133845,0.0,0.0,0.0013259085844093887,0.0,0.0,0.0,0.0,0.0,0.0,0.0,0.0,0.0,0.0,0.0,0.0,0.0,0.0,0.0,0.0,0.00038734299644568827,0.0,0.0,0.0,0.0,0.0,0.0,0.0,0.0,0.0,0.0,0.0,0.0,0.0,0.0,0.0,0.0,0.0,0.0,0.0,0.0,0.0,0.0,0.0,0.0,0.0018275829878409882,0.0,0.0,0.0,0.0,0.0,0.0,0.0,0.0,0.0,0.0,0.0,0.0,0.0,0.0,0.0,0.0,0.0,0.0,0.0,0.0,0.0,0.0,0.0,0.0,0.0,0.0,0.0,0.0,0.0,0.0
TCTGGGTAGCGCTCAT-1,0.0,0.09502692303308126,0.0,0.0,0.0,0.0,0.0,0.0,0.0,0.0,0.0,0.0,0.0,0.0,0.0,0.0,0.0,0.0,0.020001500325424467,0.0,0.0,0.003121885079791758,0.0,0.0,0.0,0.0,0.0,0.0,0.0,0.01155341068586984,0.0,0.0,0.0,0.0061042689611924906,0.0,0.0,0.0,0.0,0.0,0.0,0.0,0.0,0.0,0.0,0.0,0.0,0.0,0.0,0.0,0.019127326846440362,0.0,0.0,0.0,0.0,0.0,0.0,0.0,0.0,0.0,0.0,0.0,0.0,0.0,0.0,0.0,0.0,0.0,0.0,0.0,0.0,0.0,0.0,0.0,0.0,0.0,0.0,0.0,0.0,0.0,0.0,0.0,0.0,0.0,0.0,0.0,0.0,0.0,0.0,0.0,0.0,0.0,0.0,0.0,0.0,0.0,0.0,0.0,0.0,0.0,0.0,0.0,0.0,0.0,0.0,0.0,0.0,0.0,0.0,0.0,0.0,0.0,0.0,0.0,0.0,0.0,0.0,0.0,0.0,0.0
TCTGTTACCCAGCATA-1,0.3667310243148073,0.22704296489487627,0.007741904771631732,0.015264896359832924,0.007703335500846648,0.005851333333187773,0.01748676017795963,0.00015705204970369702,0.0025569811272337945,0.009856429729328127,0.0021043445285458227,0.06678058424742732,0.0,0.007578433953014701,0.02673751363188608,0.0075430748718644655,0.00842363237965718,0.0,0.0,0.00865375891024986,0.0,0.002577978826877226,0.001735319127638948,0.0,0.0,0.0,0.0,0.0,0.0,0.0,0.0,0.008761907963719982,0.002056023816914785,0.0,0.0,0.0,0.0,0.0,0.0,0.0033608851686178984,0.0005979751246116366,0.0,0.0,0.0,0.0,0.0,0.000256012957141164,0.0002058149755166577,0.0,0.0,0.0,0.0,0.0007575758841424874,0.0,0.0011141725765767723,0.0,0.000800010079354084,0.0,0.0,0.0,0.0,0.0,0.0,0.0,0.0,0.0,0.0013746606445054588,0.0,0.0,0.0,0.0,0.0,0.0,0.0,0.0,0.0,0.0,0.0,0.0,0.0003381292249010043,0.0,0.0,0.0020060654857301215,0.0,0.0,0.0,0.00033183608883553676,0.0,0.0,0.0,0.0,0.0,0.0,0.0,0.0,0.00042421182661552,0.0,0.0,0.0,0.0,0.0,0.0004885174418947137,0.0,0.0006519621830125963,0.0,0.0,0.0,0.0,0.0,0.0,0.0,0.0,0.0,0.0,0.0,0.0,0.0,0.0,0.0
TCTTACAGAGGTACCG-1,0.04459084252161972,0.025404215815689437,0.015141051481040897,0.0,0.0,0.0,0.0,0.0,0.0,0.0,0.0,0.0,0.0,0.0,0.0,0.0,0.0,0.005105254213851299,0.0,0.0,0.0,0.0,0.0,0.0,0.0,0.0,0.0,0.0,0.0,0.0,0.0,0.0,0.0,0.0,0.0,0.0,0.0,0.0,0.0,0.0,0.0,0.0,0.0,0.0,0.0,0.0,0.0,0.0,0.0,0.0,0.0,0.0,0.0,0.005896039420322986,0.0,0.0,0.0,0.005896039420322986,0.0,0.0,0.0,0.0,0.0,0.0,0.0,0.0,0.0,0.0,0.0,0.0,0.0,0.0,0.0,0.0,0.0,0.0,0.0,0.0,0.0,0.0,0.0,0.0,0.0,0.0,0.0,0.0,0.0,0.0,0.0,0.0,0.0,0.0,0.0,0.0,0.0,0.0,0.0,0.0,0.0,0.0,0.0,0.0,0.0,0.0,0.0,0.0,0.0,0.0,0.0,0.0,0.0,0.0,0.0,0.0,0.0,0.0,0.0,0.0,0.0
TCTTACGGCATCCGAC-1,0.6495499973843731,0.5611893312616075,0.14023782557776784,0.13505230843639815,0.11273432146583803,0.06297384483186541,0.025263532317233058,0.02176290693741262,0.0,0.0,0.043646216906837385,0.01635300687553602,0.1083916911431787,0.01781625046164904,0.014408537684778584,0.009930281584178389,0.0,0.02956412179452329,0.009370873944217676,0.0,0.0,0.022870272702789962,0.011967802359758336,0.016598328204555497,0.0,0.0020911070294798635,0.012533272296374454,0.0,0.0,0.0,0.0,0.0001853138715841655,0.004928266325693816,0.03170048654621882,0.00728175722691551,0.0,0.0,0.009234101316343949,0.0010706231276459276,0.011645088943106056,0.0035640315461889756,0.0,0.0,0.0009517061049876027,0.0,0.0,0.0,0.0,0.0021946092471656527,0.0015983523200336445,0.0,0.0,0.0,0.0,0.0,0.0,0.0,0.0,0.0,0.002446800817815324,0.0,0.0,0.0,0.0,0.004803955735605764,0.0,0.007966477076482155,0.0030205930293623314,0.0,0.0,0.0,0.0,0.0,0.0,0.0,0.001630093410653515,0.0,0.0,0.0,0.0,0.0,0.0,0.0,0.000660953074809626,0.0,0.0,0.0,0.0021946092471656527,0.0,0.0003928498896047438,0.0009517061049876027,0.000660953074809626,0.0,0.0,0.0,0.0,0.0,0.0007970064925586943,0.003919969776595183,0.0,0.0,0.0,0.0,0.0,0.0,0.0,0.0,0.0,0.0,0.00172536052942953,0.0,0.0,0.0,0.0,0.0,0.0,0.0,0.0,0.0
TCTTCGAATAGACGTT-1,0.6794926220466322,0.1847945387412361,0.22237133611478296,0.05920119733254037,0.04351608722627183,0.0,0.007146282111137006,0.010110047823525698,0.006179350003737299,0.012390379439116878,0.0,0.0,0.012335703465485404,0.007108342345552733,0.021802879661411534,0.0,0.0,0.028752716518268304,0.0,0.03131370468295366,0.0,0.0,0.0,0.0032551334338346695,0.0,0.0,0.0,0.0,0.0,0.005677121173539898,0.0,0.002182195619041739,0.0,0.0,0.0,0.0,0.0,0.0,0.0,0.0,0.0,0.0,0.0,0.0,0.0,0.0,0.0,0.0,0.0,0.0,0.0,0.0,0.0,0.013623138123318649,0.0,0.0,0.0,0.005677121173539898,0.0,0.0,0.0,0.0,0.0,0.0,0.0,0.0,0.0,0.0,0.0,0.0,0.0,0.005677121173539898,0.0,0.0,0.0,0.0,0.007338374569014613,0.0,0.0,0.0,0.0,0.0,0.0,0.0,0.0,0.0,0.0,0.0,0.0,0.0,0.0,0.0,0.0,0.0,0.0,0.0,0.0,0.0,0.0,0.0,0.0,0.0,0.0,0.0,0.0,0.0,0.0,0.0,0.0,0.0,0.0,0.0,0.0,0.0,0.0,0.0,0.0,0.0,0.0
TCTTCGATACCAATAA-1,0.03677914461402748,0.018398698652065372,0.0,0.0,0.0,0.0,0.0,0.0,0.025174721886473343,0.0,0.0,0.0,0.0,0.0,0.0,0.0,0.0,0.0,0.0,0.0,0.0,0.0,0.0,0.0,0.0,0.0,0.0,0.0,0.0,0.0,0.0,0.0,0.0,0.0,0.0,0.0,0.0,0.0,0.0,0.0012925813641079852,0.004760813134727743,0.0,0.0,0.0,0.0,0.0,0.0,0.0,0.0,0.0,0.0,0.0,0.0,0.0,0.0,0.0,0.0,0.0,0.0,0.0,0.0,0.0,0.0,0.0,0.0,0.0,0.0,0.0,0.0,0.0,0.0,0.0,0.0,0.0,0.0,0.0,0.0,0.0,0.0,0.0,0.0,0.0,0.0,0.0,0.0,0.0,0.0,0.0,0.0,0.0,0.0,0.0,0.0,0.0,0.0,0.0,0.0,0.0,0.0,0.0,0.0,0.0,0.0,0.0,0.0,0.0,0.0,0.0,0.0,0.0,0.0,0.0,0.0,0.0,0.0,0.0,0.0,0.0,0.0
TCTTGGTAACACCAAA-1,0.3975359296540308,0.23654271047524858,0.15043928723512415,0.04864010907464941,0.005819970356552671,0.016157102584240877,0.009431368679496809,0.004566828323247787,0.0,0.029260440183618112,0.001892755922911879,0.03977935439548277,0.012930781370091893,0.0,0.02344117876736441,0.0,0.0,0.05631414202152189,0.0,0.0,0.0,0.0,0.0,0.02241558470557427,0.0,0.0,0.0,0.0,0.0031231855582806085,0.0,0.0,0.0,0.0,0.0,0.0,0.0,0.0,0.0,0.0,0.0,0.0,0.0,0.0,0.0,0.016100495350633653,0.0,0.0,0.0,0.010476234420254051,0.0,0.0,0.0,0.0,0.0,0.0,0.0,0.0,0.0,0.0,0.0,0.0,0.0,0.0,0.0,0.0,0.0,0.0,0.0,0.0,0.0,0.0,0.0,0.0,0.0,0.0,0.0,0.0,0.0,0.0,0.0,0.0,0.0,0.0,0.0,0.0,0.0,0.0003087661180765346,0.0,0.0,0.0,0.0,0.0,0.0,0.0,0.0,0.0,0.0012921656122446624,0.0,0.0,0.0,0.0,0.0,0.0,0.0,0.0,0.0,0.0,0.0,0.0,0.0,0.0,0.0,0.0,0.0,0.0,0.0,0.0,0.0,0.0
TGACGAATATTTCCCT-1,0.041847571180251196,0.08385518907807622,0.04578501157898538,0.0,0.0,0.011275897049757778,0.0324936738955737,0.01394026421418401,0.06229807661170463,0.1263209303584736,0.0011075220545764578,0.0,0.0018044624136738117,0.019022265241143557,0.02635154991802303,0.03860330791353748,0.004720694841621629,0.0,0.0043372659708552416,0.01393645092087466,0.0,0.004231693338451201,0.001427490452177436,0.0,0.0,0.0016819112287418973,0.0052779588401733624,0.0,0.026253150791023517,0.0,0.029904554497815365,0.0,0.005827337966270907,0.0,0.0,0.0,0.026494525965818257,0.0,0.0,0.0005017600731402086,0.0,0.005203154598249866,0.0,0.0,0.0,0.0,0.004636988914762998,0.0011091362028386362,0.0,0.0,0.0025272194925232533,0.008719685982506395,0.0,0.0,0.0,0.0,0.01597543896277615,0.0,0.0,0.0,0.0,0.0,0.0,0.006518733968068097,0.0,0.007518645375865372,0.0,0.0,0.0,0.002963293514249679,0.0,0.0,0.0,0.0,0.0,0.0,0.0,0.0,0.006154155357245214,0.0,0.009011323054061089,0.0,0.0,0.0,0.005000510481976344,0.0011091362028386362,0.0,0.0,0.0,0.0,0.0,0.0,0.0,0.0,0.0,0.0,8.477216154834685e-05,0.003356297655990507,0.0,0.0,0.004043403834589898,0.0,0.0,0.0,0.0,0.0,0.0,0.0,0.0,0.0,0.0,0.0,0.0,0.0,0.0,0.00021708201023778328,0.0,0.0,0.0
TGAGAATGCTTTACCG-1,0.28447995592828496,0.22417652665084717,0.0,0.0,0.029719722609745678,0.0,0.010435872068602916,0.005326324400653943,0.0,0.01745926576979762,0.0,0.008080567013628142,0.0,0.0,0.0,0.0,0.0,0.0,0.05307058346312913,0.0,0.0,0.0,0.019801121209378228,0.0,0.0,0.0,0.0,0.0,0.0,0.0,0.0,0.0,0.0,0.0,0.0,0.0,0.0,0.0,0.0,0.0,0.007547138541359095,0.0,0.0855057983189913,0.0,0.008080567013628142,0.0,0.0,0.0,0.0,0.0,0.0,0.0,0.0,0.0,0.0,0.0,0.0,0.0,0.0,0.0,0.0,0.0,0.0,0.0,0.0,0.0,0.0,0.0,0.0,0.0,0.0,0.0,0.0,0.0,0.0,0.0,0.0,0.0,0.0,0.0,0.0,0.0,0.0,0.0,0.0,0.0,0.0,0.0,0.0,0.0,0.0,0.0,0.0,0.0,0.0,0.0,0.0,0.0,0.0,0.0,0.0,0.0,0.0,0.0,0.0,0.0,0.0,0.0,0.0,0.0,0.0,0.0,0.0,0.0,0.0,0.0,0.0,0.0,0.0
TGAGCCATACAGTCTC-1,0.30648918479254783,0.11451691324446125,0.08744207734567919,0.0,0.02356425480188844,0.016073651291189872,0.011101033629441849,0.0,0.0,0.0,0.008922030734094874,0.0,0.01694813187493116,0.0,0.0,0.0,0.0,0.0,0.0,0.0,0.0,0.004357580238041879,0.0,0.0,0.0,0.0,0.0,0.0,0.0,0.0,0.0,0.0,0.0,0.0,0.0,0.0,0.0,0.0,0.0,0.0,0.005077055529848291,0.0,0.0,0.00815759870965936,0.0,0.0,0.0,0.0,0.0,0.0,0.0,0.0,0.0,0.0,0.0,0.0,0.0,0.0,0.0,0.0,0.0,0.0,0.0,0.0,0.0,0.0,0.0,0.0,0.0,0.0,0.0,0.0,0.0,0.0,0.0,0.0,0.0,0.0,0.0,0.0,0.0,0.0,0.0,0.0,0.0,0.0,0.0,0.0,0.0,0.0,0.0,0.0,0.0,0.0,0.0,0.0,0.0,0.0,0.0,0.0,0.0,0.0,0.0,0.0,0.0,0.0,0.0,0.0,0.0,0.0,0.0,0.0,0.0,0.0,0.0,0.0,0.0,0.0,0.0
TGAGGAGTGCCAGCTT-1,0.025599336877255664,0.003729612344847798,0.00714508889206932,0.0,0.0,0.0028520234299391376,0.0,0.014077886761546417,0.0,0.0,0.0,0.0,0.0,0.0,0.008840224996951807,0.0,0.010557200936312312,0.0,0.0,0.0,0.0,0.00035650405241810794,0.0,0.0,0.01883994751292929,0.016444866064004793,0.00022895333617449157,0.0,0.0,0.025185004773084524,0.0,0.011090723510537165,0.0010090504184810955,0.0,0.0,0.0,0.0,0.0,0.013870955777589207,0.00032653267034166785,0.0,0.0,0.0,0.0,0.0023943602103772134,0.0,0.0007316012748963072,0.0,0.0,0.0007672787189300204,0.0,0.0,0.0006471470186365112,0.0,0.0016438988150013843,0.0,0.0,0.0,0.0,0.0,0.0015183977142437628,0.0,0.0,0.00021048878348054452,0.0,0.0,7.431332984543796e-05,0.0,0.0,0.0020480886209441836,0.0,0.0,0.0,0.0,0.0004814192134206355,0.0,0.0,0.0,0.0,0.0,0.0,0.0,0.0,0.0,0.0,0.0,0.0002486062069297696,0.0,0.0,0.0,0.0,0.0,0.0,0.0,0.0,0.0,0.0,0.0,0.0,0.0,0.0,0.000302635428873047,0.0,0.0,0.0,0.0,0.0,0.0,0.0,0.0,0.0,0.0,0.0,0.0,0.0,0.0,0.0,0.0,0.0003836393594650102
TGAGTAAATTAGCGTA-1,0.10861995892683435,0.15377459987173378,0.019424716303524013,0.01903788591270823,0.0,0.0034011198168696606,0.0,0.007433483549235159,0.0,0.0,0.02392551932251247,0.04780900951528499,0.0,0.05009312007112894,0.0,0.0018588555001769582,0.0,0.0,0.0,0.024184153647072715,0.0,0.0,0.0,0.0,0.0,0.010613434395332839,0.0,0.0,0.05544499185998764,0.0,0.0,0.0,0.0,0.0,0.0,0.0,0.0,0.0,0.0,0.0,0.0,0.0,0.0,0.0,0.0,0.0,0.0,0.0,0.0,0.0,0.0,0.0,0.0,0.0,0.007242667752731915,0.0,0.0,0.0,0.004022904202388018,0.0,0.0,0.0,0.0,0.0,0.0,0.0,0.0,0.0,0.0,0.0,0.0,0.0,0.0,0.0,0.0,0.0,0.0,0.0,0.0,0.004022904202388018,0.0,0.0,0.0,0.0,0.0,0.0,0.0,0.0,0.0,0.0,0.0,0.0,0.0,0.0,0.0,0.0,0.0,0.0,0.0,0.0,0.0,0.0,0.0,0.0,0.0,0.0,0.0,0.0,0.0,0.0,0.0,0.0,0.0,0.0,0.0,0.0,0.0,0.0,0.0
TGAGTGCCTCTTAAAT-1,0.5120351728587795,0.06020157974554926,0.24272305469251115,0.06889231777907628,0.07450758658788942,0.01177383692578616,0.014457027056658838,0.0704558423694056,0.0,0.0,0.025405355609002235,0.0264518387536093,0.0,0.0,0.0,0.005576344654578155,0.0,0.01622691006886195,0.0,0.0,0.0,0.0020799025564254476,0.0,0.0026401383638329718,0.0,0.0,0.0,0.0,0.0,0.010017085544227889,0.0,0.0,0.0,0.0,0.0,0.017140771453689047,0.0,0.0,0.0,0.0,0.0,0.0,0.0,0.0,0.0,0.0,0.0,0.0,0.0,0.0,0.0,0.0,0.0,0.0,0.0,0.0,0.0,0.0,0.0,0.0,0.0,0.0,0.0,0.0,0.0,0.0,0.0,0.0,0.0,0.0,0.0,0.0,0.0,0.0,0.0,0.0,0.0,0.0,0.0,0.0,0.0,0.0,0.0,0.0,0.0,0.0,0.0,0.0,0.0,0.0,0.0,0.0,0.0,0.0,0.0,0.002540857949094367,0.0,0.0,0.0,0.0,0.0,0.0,0.0,0.0,0.0,0.0,0.0,0.0,0.0,0.0,0.0,0.0,0.0,0.0,0.0,0.0,0.0,0.0,0.0
TGATACATTTAGCCGT-1,0.03952051817849852,0.006814547536638971,0.021845397215725197,0.00044327099451433596,0.0,0.002400554901735319,0.01726271587501754,0.027221346413190343,0.000317833645821815,0.0030138691375153066,0.004355463596606609,0.0,0.004175607033322811,0.02373307757705547,0.018032935403955234,0.0019773276705309976,0.021885744430040873,0.012121834165753924,0.0,0.0336607104629348,0.0,0.001975758603965655,0.0,0.010311348546999157,0.043866255122708864,0.0,0.0,0.0010948720810393226,0.0,0.015676730379015777,0.0,0.0,0.0,0.0,0.0,0.0,0.0,0.0005165287827165007,0.01819914132327131,0.0015839683901572898,0.0006756955234418005,0.0012885942896438609,0.0,0.0,0.0006966305286344075,0.0,0.0,0.0,0.0,0.0013239143537062922,0.010630123092252107,0.0,0.004488850275906455,0.0,0.0004668543385258577,0.00042256275618942805,0.0006850367406727758,0.0,0.0,0.0,0.0004857983092343989,0.0,0.0,0.0006502479440866682,0.0,0.0,0.00024397864000836458,0.0,0.0,0.0005943293283707399,0.0,0.0,0.0,0.0,0.0007844111571887184,0.0,0.0,0.0,0.0,0.0,0.0,0.004682454012180268,0.0005470037211140748,0.0,0.0,2.6168500577569143e-05,4.9734106739361106e-05,0.0,0.0008439395218625322,0.0,0.0,7.09820943757556e-05,0.0,0.0,0.0,0.0,0.0,0.0,0.0,0.0,0.0,0.0,0.0,0.0,0.0,0.0,0.0,0.0,0.00019717402212127155,0.0,0.0,0.0,0.0003268519521766268,0.0,0.0,0.0,0.0,0.0,0.0
TGATCAGGGAACTGCT-1,0.38409067408387343,0.19768491578724307,0.11722819180829507,0.05250427000526214,0.014857127411944452,0.037626542925647544,0.024649849198277167,0.011965738937642948,0.036571079958142835,0.07359194296804787,0.002037188626771738,0.0,0.0,0.0,0.019663739729493302,0.04319244518715342,0.0,0.0073645733139001985,0.016891867154721494,0.0,0.0,0.029071910161549558,0.01073565396642221,0.005123609017363388,0.0,0.00543560773672511,0.0,0.0,0.0,0.004067515300664519,0.0,0.0,0.005316828146868306,0.0,0.0,0.0,0.018732109061234133,0.0,0.0,0.0,0.0,0.0,0.0,0.005803809323221023,0.0,0.0,0.0,0.004067515300664519,0.0029019046616105115,0.0,0.0,0.008697602019241472,0.0,0.0,0.0,0.0,0.0,0.0,0.0,0.0,0.0,0.0,0.0,0.0,0.0,0.0,0.0,0.0,0.0,0.0,0.0,0.005645372435260078,0.0,0.0,0.0,0.0,0.0,0.0,0.0,0.0,0.0,0.0,0.0,0.0,0.0,0.0,0.0,0.0,0.0,0.0,0.0,0.0,0.0,0.0,0.0,0.0,0.0,0.0,0.0,0.0,0.0,0.0,0.0,0.0,0.0,0.0,0.0,0.0,0.0,0.0,0.0,0.0,0.0,0.0,0.0,0.0,0.0,0.0,0.0
TGATCCCAGCATTAGT-1,0.2618149097609149,0.08518223488422658,0.08934590139686127,0.05853808049364493,0.009090800760366047,0.0,0.0,0.022079460321482353,0.0,0.010449834980916423,0.0,0.0,0.0,0.0,0.0,0.0,0.012116749145509463,0.0,0.01648545757663383,0.0,0.0,0.0,0.0,0.0,0.0,0.0,0.0,0.0,0.0,0.0,0.0,0.0,0.0,0.0,0.0,0.0,0.0,0.0,0.0,0.0,0.0,0.0,0.0,0.0,0.0,0.0,0.0,0.010667783309198322,0.0,0.0,0.0,0.0,0.0,0.0,0.0,0.0,0.0,0.0,0.0,0.0,0.0,0.0,0.0,0.0,0.0,0.0,0.0,0.0,0.0,0.0,0.0,0.0,0.0,0.0,0.0,0.0,0.0,0.0,0.0,0.0,0.0,0.0,0.0,0.0,0.0,0.0,0.0,0.0,0.0,0.0,0.0,0.0,0.0,0.0,0.0,0.0,0.0,0.0,0.0,0.0,0.0,0.0,0.0,0.0,0.0,0.0,0.0,0.0,0.0,0.0,0.0,0.0,0.0,0.0,0.0,0.0,0.0,0.0,0.0
TGATTCGTCTATCACT-1,0.21116721599640342,0.0,0.025897029476100772,0.022027594341189952,0.01773401703864513,0.0,0.0,0.0,0.0,0.0,0.0,0.0,0.020074594023395703,0.0,0.017176316805648795,0.0030638225763484797,0.0,0.0,0.0,0.0,0.0,0.0,0.0,0.0,0.0,0.009099680264242547,0.005233731538079682,0.0,0.0,0.0,0.0,0.0,0.016326024874911284,0.0,0.0,0.0,0.0,0.0,0.0,0.0,0.0,0.0,0.0,0.0,0.0,0.0,0.0,0.0,0.0,0.0,0.0,0.0,0.0,0.0,0.0,0.0,0.0,0.0,0.0,0.0,0.0,0.0,0.0,0.0,0.0,0.0,0.0,0.0,0.0,0.0,0.0,0.0,0.0,0.0,0.0,0.0,0.0,0.0,0.0,0.0,0.0,0.0,0.0,0.0,0.0,0.0,0.0,0.0,0.0,0.0,0.0,0.0,0.0,0.0,0.0,0.0,0.0,0.0,0.0,0.0,0.0,0.0,0.0,0.0,0.0,0.0,0.0,0.0,0.0,0.0,0.0,0.0,0.0,0.0,0.0,0.0,0.0,0.0,0.0
TGATTCTGTCGCCGGT-1,0.26840079207364836,0.2783893733659719,0.13343946059563835,0.010400474363961382,0.013053753121380334,0.04149621992328255,0.020944368199311475,0.03354815430923765,0.01712645173815369,0.060897759272921036,0.01289918510631797,0.0,0.0,0.08085136868376362,0.0,0.018060134303653552,0.0,0.0,0.0,0.028350999682663424,0.0,0.001053714954144204,0.0,0.0,0.0,0.0,0.0,0.0,0.0,0.0,0.0,0.0,0.0,0.0,0.0,0.0,0.038695064252871184,0.0,0.0,0.0,0.0,0.0,0.0,0.0,0.0,0.0,0.0,0.0,0.0,0.0,0.0,0.015890510383235454,0.0,0.0,0.0,0.0,0.0,0.0,0.0,0.012878831935519416,0.0,0.0,0.0,0.0,0.0,0.0,0.0,0.0,0.0,0.0,0.0,0.0,0.0,0.0,0.0,0.0,0.0,0.0,0.0,0.0,0.0,0.0,0.0,0.0,0.0,0.0,0.0015562740396018455,0.0,0.0,0.0,0.0,0.0,0.0,0.0,0.0,0.005571318370511162,0.0,0.0,0.0,0.0,0.0,0.0,0.0,0.0,0.0,0.0,0.0,0.0,0.0,0.0,0.0,0.0,0.0,0.0,0.0,0.0,0.0,0.0,0.0
TGATTTATTAGCTGTG-1,0.1378450800309812,0.18168714561733024,0.08881530019458965,0.0,0.010049738167618998,0.0,0.0,0.0,0.0,0.0,0.0,0.0,0.0,0.0185070781782187,0.004469169904980065,0.0,0.0,0.006853533697193555,0.0,0.0,0.0,0.0,0.0,0.023740364664873462,0.0,0.0,0.0,0.0,0.0,0.0,0.0,0.0,0.0,0.012763252610012436,0.0,0.0,0.0,0.0,0.0,0.0,0.0,0.0,0.0,0.0,0.003001854438326267,0.0,0.0,0.0,0.0,0.0,0.0,0.0,0.0,0.009171228752910725,0.0,0.0,0.0,0.0,0.0,0.0,0.0,0.0,0.0,0.0,0.0,0.0,0.0,0.0,0.0,0.0,0.0,0.0,0.0,0.0,0.0,0.0,0.0,0.0,0.0,0.0,0.0,0.0,0.0,0.0,0.0,0.0,0.0,0.0,0.0,0.0,0.0,0.0,0.0,0.0,0.0,0.0,0.0,0.0,0.0,0.0,0.0,0.0,0.0,0.0,0.0,0.0,0.0,0.0,0.0,0.0,0.0,0.0,0.0,0.0,0.0,0.0,0.0,0.0,0.0
TGCAGAACTATATCGT-1,0.006507972424870506,0.011776868175510373,0.047958766662075415,0.0,0.0,0.005300567786855682,0.006779538604654194,0.03269511117905473,0.038889587988596,0.06922509004782296,0.0,0.017408159113341475,0.0,0.0441007595342689,0.006591178674830266,0.04495789259746585,0.007046847023365731,0.0074382943799293205,0.0,0.03735770858964368,0.0,0.0,0.0,0.005960725797329539,0.0,0.0,0.005516085346888949,0.0,0.004533794577070722,0.0,0.0,0.0,0.004613574489433234,0.0,0.0,0.0,0.0,0.02392133451362922,0.0,0.0,0.0,0.0,0.0,0.0,0.0,0.0,0.0,0.0,0.0,0.0,0.0,0.0,0.0,0.0,0.0,0.0,0.0,0.0,0.0,0.0,0.0014265176381272973,0.0,0.0,0.0,0.0,0.0,0.004906904687958645,0.0,0.0,0.0,0.0,0.0,0.0,0.0,0.0,0.0,0.0,0.0,0.0,0.0,0.0,0.0,0.0,0.0,0.0,0.0,0.00039922939577605773,0.0,0.0,0.0,0.0,0.0,0.0,0.0,0.0,0.0,0.0,0.0,0.0,0.0,0.0,0.0,0.0,0.0,0.0,0.0,0.0,0.0,0.0,0.0,0.0,0.0,0.0,0.0,0.0,0.0,0.0,0.0,0.0
TGCAGATCGTCCTAGG-1,0.7860963590645731,0.5349386203669194,0.24181351624631092,0.017275143864489015,0.030461006499495073,0.0375217415289813,0.030454599150881535,0.021121154839561847,0.048331549651064565,0.059798153640089384,0.009242240480331091,0.0,0.0,0.0,0.03402571717093268,0.038307489043804904,0.0,0.0,0.004157381737669151,0.0,0.0,0.0,0.0037463791473853767,0.0,0.0,0.0,0.001010915698694618,0.0,0.0,0.0,0.0,0.0,0.0,0.0,0.005038407852727989,0.0,0.018711144231989163,0.012733943552392261,0.0,0.002396741696789449,0.0002700567437736111,0.0029231230281719003,0.0,0.0,0.0,0.0024476717863164675,0.0,0.007767046823205088,0.016587784572414586,0.0,0.0,0.006560666679419608,0.0,0.0,0.0,0.0024476717863164675,0.0,0.0,0.0,0.003839769315804031,0.0,0.0,0.0032632701899746714,0.002354715426841084,0.0,0.0,0.0,0.00234045608907561,0.0,0.0,0.0,0.0,0.00035081091498985256,0.0,0.0,0.005653909639873851,0.0,0.0,0.0,0.0,0.0,0.001713374308248001,0.0,0.0,0.0,0.0,0.0013293107489390599,0.0,0.0,0.0,0.0013775464146418644,0.0011060388947454834,0.0,0.0,0.0,0.0,0.001022768742873636,0.0,0.0,0.0,0.0,0.0,0.0019454965892841591,0.0,0.0,0.0011060388947454834,0.0,0.0,0.0,0.0,0.0,0.0,0.0,0.0,0.0021307163195024206,0.0006073230167675855,0.0,0.0,0.0
TGCAGCTACGTACTTC-1,0.27040991978262585,0.142347725855622,0.0901835980897477,0.00580513993514448,0.024388499114695893,0.01205255475881757,0.014929497844316082,0.02896567645253143,0.007591776877526462,0.03126369707948158,0.00646456727079798,0.036308756882243484,0.022542321221924476,0.0,0.01384435546112444,0.014616962531103275,0.014285439819863773,0.0,0.0,0.0,0.0,0.0030409730422150446,0.0,0.0,0.0,0.0,0.0037487066092627757,0.0,0.005471471421846852,0.0,0.0,0.0,0.0,0.00944494226608843,0.0,0.0,0.002509965712656251,0.014717501818809015,0.0020378039376685243,0.00325313720446228,0.0002937566300640868,0.002164150581273271,0.0,0.001961618655470097,0.0,0.0010142493857109114,0.0,0.0,0.0,0.0,0.0,0.003238634745373578,0.0,0.0,0.0,0.002624237076820117,0.0010183675653605223,0.0,0.0,0.0016422420484922735,0.00047883559785845615,0.0,0.0,0.001862561846322447,0.003925724690519396,0.0,0.0,0.0022882494102841704,0.0006475428466881799,0.0,0.0,0.0,0.0007287295888325547,0.0,0.0,0.0,0.0,0.0,0.0,0.0,0.0,0.0007452435181675779,0.0006639145656528255,0.0,0.0,0.0,0.0,0.0,0.0005654161107589981,0.0009061840386815154,0.0007577795883719326,0.0,0.0,0.0,0.0,0.0,0.0,0.0019303098899465965,0.0,0.0,0.0,0.00033043644138882814,0.0,0.0,0.0,0.0,0.0,0.0,0.0,0.0,0.0,0.0006068432356667352,0.0,0.0,0.0,0.0008150754032443439,0.0,0.0,0.0
TGCAGGATCGGCAAAG-1,0.060405730476390376,0.07374769837499931,0.06036697646757576,0.0,0.014263506353616458,0.011247438638306663,0.0066164326910330305,0.0,0.0,0.0,0.0,0.0,0.0,0.0,0.011074489288495547,0.003220466838506092,0.0,0.0,0.0,0.0,0.0,0.017652127606409072,0.0,0.0,0.0,0.0,0.0031739090571551807,0.0,0.0,0.0,0.0,0.0,0.0,0.0,0.0,0.0,0.0,0.0,0.0,0.0,0.0,0.0,0.0,0.0,0.0,0.0,0.0,0.0,0.0,0.0,0.0,0.0,0.0,0.0,0.0,0.0,0.0,0.0,0.0,0.0,0.0,0.0,0.0,0.0,0.0,0.0,0.0,0.0,0.0,0.0,0.0,0.0,0.0,0.0,0.0,0.0,0.0,0.0,0.0,0.0,0.0,0.0,0.0,0.005183610877667539,0.0,0.0,0.0,0.0,0.0,0.0,0.0,0.0,0.0,0.0,0.0,0.0,0.0,0.0,0.0,0.0,0.0,0.0,0.0,0.0,0.0,0.0,0.0,0.0,0.0,0.0,0.0,0.0,0.0,0.0,0.0,0.0,0.0,0.0,0.0
TGCATATGTCTGTCAC-1,0.0,0.0,0.05749687045844036,0.0,0.0,0.011376882514932074,0.0,0.0,0.0,0.0,0.0,0.0,0.0,0.0,0.0,0.0,0.0,0.0,0.0,0.0,0.036556981302093366,0.0,0.0,0.0,0.0,0.0,0.0,0.0,0.023860883570999573,0.0,0.0,0.0,0.00729710846139988,0.0,0.0,0.0,0.0,0.0,0.015637679568890513,0.0,0.0,0.0,0.0,0.0,0.0,0.0,0.0,0.0,0.0,0.0,0.0,0.0,0.0,0.0,0.0,0.0,0.0,0.0,0.0,0.0,0.0,0.0,0.0,0.0,0.0,0.0,0.0,0.0,0.0,0.0,0.0,0.0,0.0,0.0,0.0,0.0,0.0,0.0,0.0,0.0,0.0,0.0,0.0,0.0,0.0,0.0,0.0,0.0,0.0,0.0,0.0,0.0,0.0,0.0,0.0,0.0,0.0,0.0,0.0,0.0,0.0,0.0,0.0,0.0,0.0,0.0,0.0,0.0,0.0,0.0,0.0,0.0,0.0,0.0,0.0,0.0,0.0,0.0,0.0
TGCATGGATCGGATCT-1,0.5816225590843824,0.2799242484409925,0.14626757558718928,0.13026469600523422,0.0647513440877135,0.01947336359599068,0.03317962410968753,0.040230517547099755,0.0,0.02996881635570087,0.002157610559162933,0.025349272958300535,0.017262764610008596,0.0,0.00669568149757039,0.0,0.0,0.01607155651428432,0.011320611743833229,0.0,0.0,0.005969500329057314,0.0058015917202215725,0.018028418178555484,0.0,0.0,0.007903076489277789,0.0,0.0,0.0,0.0,0.0,0.0,0.0,0.0,0.002093015097420511,0.0018135628857197177,0.01287046238078011,0.0,0.0,0.016283500813866064,0.0,0.0,0.004489529909815815,0.03537366418498388,0.01464852892589685,0.0,0.0,0.0,0.0,0.0,0.007248994997946961,0.0,0.0,0.0,0.0,0.0,0.0,0.0,0.0,0.0,0.0,0.0,0.0,0.0,0.0,0.0,0.0009885303190732577,0.0019272269422698108,0.0,0.0,0.0,0.0,0.0,0.0,0.0,0.0,0.0,0.0,0.0,0.0,0.0,0.0,0.0,0.0,0.0,0.0,0.0,0.0,0.0,0.0,0.0,0.0,0.0,0.0,0.0,0.0014599320698473292,0.0,0.0,0.0,0.0,0.0,0.0,0.0,0.0,0.0,0.0,0.0,0.0,0.0,0.0,0.0,0.0,0.0,0.0,0.0,0.0,0.0,0.0
TGCCAAAGTCAGACTT-1,0.14122692970680384,0.09001410997650652,0.13064189428932144,0.00608132230002041,0.006152379963124416,0.023948484682031267,0.061646689995190726,0.03477459432915018,0.050360698084224324,0.08528772966744191,0.009244075215700464,0.02522432898567926,0.06854438640098294,0.0,0.013399522950206504,0.034222283508460155,0.0,0.0,0.0,0.0,0.0,0.007292557210052179,0.0019510799144632175,0.0,0.0,0.005358345253500363,0.0024174520939072865,0.032155324393756936,0.004697294798337097,0.0,0.0,0.0,0.003363078967769881,0.0,0.0,0.036721491031221645,0.003110931509331321,0.00980855123412631,0.0,0.002168583650030172,0.0,0.0012209332586828145,0.0,0.0005683732214041204,0.0,0.0,0.0015070927279709338,0.0,0.0,0.0016056231625273618,0.0,0.0037012175221675693,0.00032391147135587856,0.0,0.0,0.0,0.0041870009699858145,0.0,0.0,0.0008907848299681718,5.487431382538607e-05,0.0008727179207655432,0.0,0.0030072263637766503,0.0,0.0,0.0,0.0013967525164745335,0.00034473665097390705,0.0,0.0,0.0,0.0,0.0,0.0004066166918317377,0.002782546232578121,0.0,0.0,0.0014128242601742515,0.0,0.0,0.0005525940187907615,0.0,0.0,0.0,0.0006348271278003013,0.0006271356516046282,0.0,0.0,0.0,0.0005683732214041204,0.0,0.0021204132974254352,0.0,0.0013862964313059163,0.0008563162702719778,0.00013113049469374606,0.0027861375230385337,0.0,0.0,0.001105188037581523,0.0,0.0,0.0,0.0,0.0,0.0,0.0007291176723807218,0.0,0.0,0.0,0.0,0.0,0.0,0.0007291176723807218,0.00028630345695114924,0.0,0.0,0.0
TGCCAATGGGTACTCT-1,0.40898837322960474,0.22361920342899116,0.08919048382324707,0.022258912499522096,0.007765960557130044,0.00804125789945876,0.013707897301520423,0.03440404177394233,4.859273512608577e-05,0.0,0.014091829041785906,0.06322946563027565,0.0005179733486242788,0.012350166166699207,0.00033457086547178627,0.0061046358087611385,0.02004711288762543,0.0,0.0,0.004372824498917805,0.0,0.005866510506993352,0.0030201715759209076,0.0,0.027685005851284385,0.0,0.0,0.0,0.0,0.0,0.0,0.0,0.0,0.0,0.0,0.0032614536557167813,0.0007022999538271773,0.0,0.0,0.003224875991146212,0.0,0.002025884782250152,0.0,0.00350464901659442,0.0003771685518291686,0.0020407523707344135,0.001433725628883346,0.0,0.0,0.002894729199745802,0.003942175974391604,0.0021642188490579024,0.0004188844848507001,0.0,0.0,0.0,0.0,0.0,0.0,0.0,0.0,0.0,0.0,0.001754645070429722,0.0,0.0,0.00039329942277130603,0.0,0.00039678124731971074,0.0,0.0,0.0,0.0,0.0,0.0,0.0,0.0,0.0,0.0,0.0,0.0,0.0,0.0004188844848507001,0.0,0.0,0.0,6.492874501329755e-05,0.0,0.0,0.0,0.0005425851651704574,0.0,0.0,0.0,0.0,0.0005369119524845007,4.859273512608577e-05,0.0,0.0,0.0,0.0,0.0010880657161794548,0.0,0.0,0.0,0.0,0.0003345708654717862,0.0,0.0,0.0,0.0,0.0,0.0,0.0,0.0,0.0,0.0,0.0,0.0
TGCCTGATCAAACGAT-1,0.46090568024136497,0.3456878322604677,0.14953253234375927,0.04370699755382482,0.03314866784865269,0.009102918528954819,0.009953361883971931,0.0653483299114163,0.03127053034990748,0.012648310032955808,0.009745518941762376,0.0,0.028284286181144255,0.0,0.01949681430564944,0.0,0.0,0.03589769080454334,0.04557503986332895,0.0,0.01679505500974161,0.005730703826541552,0.007514619930589685,0.030332142675061315,0.0,0.0,0.011549199441239267,0.0,0.023839560434985967,0.0,0.0,0.0013864571978202541,0.004069902683593757,0.0,0.0,0.0,0.0,0.023016398932677158,0.0,0.0,0.014369840530671075,0.0009868630628663512,0.0,0.004900568844459489,0.017998776212352637,0.0,0.0,0.009376156061955231,0.01677785253067715,0.0,0.0,0.0,0.0,0.0,0.0,0.0,0.001633522948153163,0.0,0.0,0.0,0.0007042965066503823,0.012530302571969031,0.0,0.0,0.0,0.0,0.0,0.0,0.0,0.0,0.005269379043113629,0.0,0.0,0.0,0.0,0.0,0.0,0.0,0.0,0.0,0.0,0.0,0.0,0.0,0.0,0.0,0.0,0.0,0.0,0.0,0.0,0.0,0.0,0.002436379735440594,0.0,0.0,0.0,0.0,0.0,0.0,0.0,0.0,0.0023554482512774017,0.0,0.0,0.0,0.0,0.0,0.0,0.0,0.0,0.0,0.0,0.0,0.0,0.0,0.0,0.0,0.0
TGCGAATATGGGATTT-1,0.015447229668514278,0.019537639553528382,0.03617808053366542,0.0,0.0,0.0,0.007107955156716087,0.012567746136066545,0.0,0.0,3.97524981528859e-05,0.00814355221942499,0.002531723571689167,0.005738265890835262,0.004856964287706556,0.0,0.008003448010485137,0.0,0.0,0.0,0.0,0.000570477893974212,0.0,0.0,0.0,0.005178372620924892,0.0,0.0,0.0,0.0,0.0,0.0,0.0,0.0,0.0,0.0,0.0,0.0010490271600561935,0.0,0.00040121778906469194,0.000303932470003415,0.001250716982653306,0.0,0.0,0.0,0.0,0.0,0.0,0.0,0.0005473535647365299,0.0,0.0,0.0008998465960324336,0.0,0.0,0.0,0.009432042761914275,0.0,0.0,0.0,0.00013168186346186562,0.0,0.0,0.0015856272631349006,0.0,0.0,0.0,0.00025434129705631997,0.0,0.0,0.0,0.0,0.0007141528982647931,0.0,0.0,0.0,0.0,0.0,0.0,0.0005473535647365299,0.0,0.0,0.0,0.0,0.0,0.0,0.0003894049148713965,0.0,0.0,0.0,0.0,0.0,0.0,0.0,0.0,0.0,0.0,0.0,0.0,0.0,0.0,0.0,0.0,0.0,0.0,0.0,0.0,0.0,0.0,0.0,0.0,0.0,0.0,0.0,0.0,0.0,0.0,0.0,0.0
TGCGACACCCTAGTGC-1,0.36116155837139896,0.18925651395001825,0.08782727874603698,0.0,0.025885121605581728,0.052513739665253335,0.00982773312721616,0.019606418978883117,0.018840358535935887,0.03406868363872027,0.01964676920319351,0.010200077056458513,0.019503567788586845,0.0,0.008927109094210657,0.011418819458803818,0.0,0.0,0.0,0.0,0.0,0.008757630221197518,0.0,0.0,0.0,0.01376078765868367,0.0,0.0,0.0,0.0,0.0,0.0,0.0,0.0,0.0,0.0,0.0,0.0,0.0,0.0,0.0,0.0,0.0,0.0,0.0,0.0,0.0,0.0,0.0,0.0,0.0,0.0,0.0,0.0,0.0,0.0,0.0,0.0,0.0,0.0,0.0027859723033644163,0.010076123246760372,0.0,0.0,0.0,0.0,0.0,0.0,0.0,0.0,0.0,0.0,0.0,0.0,0.0,0.0,0.0,0.00797653551507284,0.0,0.0,0.0,0.0,0.0,0.0,0.0,0.0,0.0,0.0,0.0,0.0,0.0,0.0,0.0,0.0,0.0,0.0,0.0,0.0,0.0,0.0,0.0,0.0,0.0,0.0,0.0,0.0,0.0,0.0,0.0,0.0,0.0,0.0,0.0,0.0,0.0,0.0,0.0,0.0,0.0
TGCGAGAATATTACCC-1,0.6738857212597393,0.6493334051601759,0.061816420498011115,0.028374287732149357,0.031607872157902374,0.02243695418475716,0.029684030901179104,0.0056278838770923165,0.011358230524856164,0.12862574024149898,0.01289753056163233,0.017700057967052645,0.002418223152785523,0.02738395206881984,0.00790584223041213,0.021785685459223818,0.004097394803535779,0.024410906800353835,0.004404649530971924,0.0,0.04162763643374899,0.0,0.001699624648142758,0.010742993616026566,0.0,0.004810793088846493,0.0,0.0,0.010084015477198362,0.0,0.03673848043355083,0.0,0.0016340018931490278,0.0,0.0,0.0,0.0118725773979656,0.0,0.0,0.0003048340395318997,0.0002352267802817315,0.00894986053534487,0.0,0.0,0.0,0.0,0.0,0.0032680037862980555,0.0,0.0,0.0,0.00817578538411895,0.0,0.0,0.0,0.0023450179010790434,0.0,0.0,0.0,0.0,0.00020827420979152122,0.0,0.0,0.001431682191768043,0.0,0.0,0.0,0.0,0.0,0.0,0.0,0.0,0.0,0.0,0.0,0.0,0.0,0.0,0.0,0.0,0.0,0.0,0.0,0.0,0.0,0.0,0.0005666144712120374,0.0016340018931490278,0.0,0.0,0.0,0.0,0.0,0.0,0.0,0.0,0.0,0.0,0.0,0.0,0.00104973971418823,0.0009089353047709623,0.0,0.0,0.0,0.0,0.0,0.0,0.0,0.00104973971418823,0.0,0.0,0.0,0.0,0.0,0.0,0.0,0.0,0.0
TGCGGAGTAAAGGTGC-1,1.431999328997576,0.9909367222061827,0.191776293735145,0.015811036904203688,0.12624876409599878,0.028099928270227635,0.024953257491499542,0.03186086831235692,0.07254282266352736,0.0,0.005254154745435078,0.0,0.035078578467401846,0.007562058987097559,0.015751053788807857,0.0,0.0,0.04700108389652292,0.021784541293965422,0.032621629265026784,0.026366635719112814,0.0,0.001434550793516056,0.027610868389461352,0.01984145589302214,0.022476785133870893,0.0074317378705739,0.0,0.0,0.0,0.0,0.0,0.008595232953788572,0.058330028294704225,0.0,0.0,0.0,0.0,0.003890527665190879,0.0,0.015586573020760526,0.0,0.0,0.0,0.015084253628429007,0.004598150163011986,0.0,0.006039988511123493,0.0,0.0,0.0,0.0,0.0,0.0,0.0,0.0,0.0,0.0,0.0,0.0,0.008348372537391414,0.0,0.006650359273402702,0.0,0.0,0.0,0.007124623680551003,0.004713793229869157,0.0,0.0,0.0,0.0,0.0,0.0,0.0,0.010528170719983807,0.0,0.0012687462900052677,0.0,0.0,0.0,0.0,0.0,0.0,0.0,0.0,0.0002794351582466609,0.0,0.0,0.0,0.0,0.0,0.0,0.0,0.0,0.0,0.0,0.0,0.0,0.0,0.0,0.0,0.0,0.0,0.0,0.0,0.0,0.0,0.0,0.0,0.0,0.0,0.0,0.0,0.0,0.0,0.0,0.0,0.0
TGCGTAAGAACCTGAT-1,0.3426624005243518,0.12164585104424892,0.030928768019424152,0.008949096874380204,0.03264503153540487,0.003304989986165479,0.0,0.023434757632735465,0.07496044445455452,0.0,0.01969401897214581,0.0,0.0,0.0,0.0,0.0,0.0,0.0,0.0,0.0,0.0,0.0,0.0,0.0,0.0,0.0,0.0032325669428377264,0.0,0.0,0.0,0.0,0.0,0.0,0.0,0.0,0.0,0.0,0.0,0.0,0.0,0.0,0.0,0.0,0.0,0.0,0.0,0.0,0.0,0.0,0.0,0.0,0.0,0.0,0.0,0.008466710279782724,0.0,0.0,0.0,0.015168344014714044,0.0,0.0,0.0,0.0,0.0,0.0,0.0,0.0,0.0,0.0,0.0,0.0,0.008466710279782724,0.0,0.008466710279782724,0.0,0.0,0.0,0.0,0.0,0.0,0.0,0.0,0.0,0.0,0.0,0.0,0.0,0.0,0.0,0.0,0.0,0.0,0.0,0.0,0.0,0.0,0.0,0.0,0.0,0.0,0.0,0.0,0.0,0.0,0.0,0.0,0.0,0.0,0.0,0.0,0.0,0.0,0.0,0.0,0.0,0.0,0.0,0.0,0.0
TGGAACCACTGACACA-1,0.27641668555729637,0.1410104269654148,0.0,0.0,0.02222069704231916,0.0,0.0,0.0,0.0,0.0,0.0,0.0,0.0,0.0,0.0,0.0,0.0,0.0,0.0,0.0,0.0,0.0,0.0,0.0,0.0,0.0,0.0,0.0,0.0,0.0,0.0,0.0,0.0,0.0,0.0,0.0,0.0,0.0,0.0,0.0,0.0,0.0,0.0,0.0,0.0,0.0,0.0,0.0,0.0,0.0,0.0,0.0,0.0,0.0,0.0,0.0,0.0,0.0,0.0,0.0,0.0,0.0,0.0,0.0,0.0,0.0,0.0,0.0,0.0,0.0,0.0,0.0,0.0,0.0,0.0,0.0,0.0,0.0,0.0,0.0,0.0,0.0,0.0,0.0,0.0,0.0,0.0,0.0,0.0,0.0,0.0,0.0,0.0,0.0,0.0,0.0,0.0,0.0,0.0,0.0,0.0,0.0,0.0,0.0,0.02816195277745798,0.0,0.0,0.0,0.0,0.0,0.0,0.0,0.0,0.0,0.0,0.0,0.0,0.0,0.0
TGGAAGGATAAAGATG-1,1.4262593076763723,0.5902610928503775,0.28427175559239726,0.21083502792583045,0.07250693485963369,0.029340589037443767,0.036092213448533264,0.03153280519878727,0.0,0.0210896926424559,0.009489670845936049,0.04720637591340507,0.01933274785070188,0.0,0.010656337368254186,0.0,0.0,0.024823186147429847,0.0351534383806883,0.0,0.03409110464146232,0.0,0.007695482893621425,0.02242289494673411,0.0,0.0,0.012180553123144863,0.12109695684196899,0.0,0.0,0.0,0.0,0.0,0.0,0.0,0.0,0.02171365109362538,0.026300884062177433,0.0,0.0,0.015156337491204628,0.0,0.0,0.003309472644752401,0.03096961033799156,0.013517601522708015,0.0,0.009636667659513352,0.015984440972219342,0.0,0.0,0.012874189106849784,0.0,0.0,0.0,0.0,0.0,0.0,0.0,0.0,0.003026491584648267,0.0,0.0,0.0,0.0,0.0,0.007644625515754679,0.0,0.0,0.0,0.0,0.0,0.0,0.0,0.0,0.009309709820703435,0.0,0.0,0.0,0.0,0.0,0.0,0.0,0.0,0.0,0.0,0.0,0.0,0.0,0.0,0.0,0.0,0.0,0.0,0.0,0.0,0.0,0.0,0.0,0.0,0.0,0.0,0.0,0.0,0.0,0.0,0.0,0.0,0.0,0.0,0.0,0.0,0.0,0.0,0.0,0.0,0.0,0.0,0.0
TGGAATTAGACGCTTT-1,1.16881156992542,0.5420298046982497,0.16534675057812134,0.16741913837741274,0.12318350331376561,0.07919780111383772,0.03622332347054138,0.019452650637321173,0.03433205403675773,0.023003625049893173,0.008122561357814922,0.0,0.0,0.0,0.00473816737793688,0.0362976494839361,0.0,0.04384271290756575,0.012935870301426396,0.0,0.0,0.009992140796207607,0.011195598116443137,0.01719819314614108,0.0,0.0,0.00471797782388793,0.0,0.0,0.0,0.0,0.0,0.0,0.0,0.010424800551753353,0.0,0.0,0.0,0.0,0.0,0.0,0.000568721923682637,0.0,0.00473816737793688,0.0,0.004526914759287562,0.0,0.0,0.0,0.0,0.0,0.0,0.0,0.0,0.0,0.00473816737793688,0.0,0.0,0.0,0.0,0.0,0.0,0.0,0.0,0.0,0.0,0.0,0.0006072614917768972,0.0,0.0,0.0,0.0,0.0,0.0,0.0,0.0,0.0,0.0,0.0,0.0,0.0,0.0,0.0,0.0,0.0,0.0,0.0,0.0,0.0,0.0,0.0,0.0,0.0,0.0,0.0,0.0,0.0,0.0,0.0,0.0,0.0,0.0,0.0,0.0,0.0,0.0,0.0011533669077608728,0.0,0.0,0.0,0.0,0.0,0.0,0.0,0.0,0.0,0.0,0.0,0.0
TGGCAGATTACGATCA-1,0.06679652334837381,0.04941310148506208,0.1181823109279849,0.018199570448917932,0.003484696604168063,0.011413184724139684,0.0,0.01908840306601603,0.010757398305063018,0.006998963336903781,0.013929748788227364,0.0,0.0,0.0,0.015373417172634993,0.0024034129617116996,0.0,0.0,0.0,0.0,0.0,0.015475449114769738,0.0,0.0,0.0,0.0,0.00884089615522796,0.0,0.0,0.0,0.0,0.0,0.0,0.0,0.0,0.0,0.0,0.0,0.0,0.0,0.008055841259975244,0.0013520739911568659,0.0,0.0,0.0,0.0,0.0,0.0,0.0,0.0024378649795122587,0.0,0.0,0.0,0.004934549327524679,0.0,0.0,0.0,0.0,0.0,0.0011296056972414168,0.0043806218990335415,0.0,0.0,0.0,0.0,0.0,0.0,0.0,0.0,0.0,0.004934549327524679,0.0,0.0,0.0,0.0,0.0,0.0,0.0,0.0,0.0024378649795122587,0.0,0.0,0.0,0.0024378649795122587,0.0,0.0,0.0,0.0,0.0,0.0,0.0,0.0,0.0,0.0,0.0,0.0,0.0,0.0,0.0,0.0,0.0,0.0,0.0,0.0,0.0,0.0,0.0,0.0,0.0,0.0,0.0,0.0,0.0,0.0,0.0,0.0,0.0,0.0,0.0
TGGCAGCAGTAATAGT-1,0.27075084587038606,0.04583868206809464,0.10597148705687294,0.034669739957449625,0.03057650501406238,0.07698927529586722,0.0246435639320249,0.006134308445513791,0.0,0.0,0.019451256158491727,0.04135225057114718,0.0,0.0,0.00478405375514172,0.0,0.012192247564836292,0.0,0.0,0.0,0.0,0.0,0.0,0.0,0.0,0.0,0.0,0.0,0.0,0.0,0.0,0.0,0.0,0.0,0.0,0.0,0.0,0.0,0.0,0.0,0.0,0.0,0.0,0.0,0.0,0.0,0.0,0.0,0.0,0.0,0.0,0.0,0.0,0.0,0.0,0.0,0.0,0.0,0.0,0.0,0.0,0.0,0.0,0.0,0.0,0.0,0.0,0.0,0.0,0.0,0.0,0.0,0.0,0.0,0.0,0.0,0.0,0.0,0.0,0.0,0.0,0.0,0.0,0.0,0.0,0.0,0.0,0.0,0.0,0.0,0.0,0.0,0.0,0.0,0.0,0.0,0.0,0.0,0.0,0.0,0.0,0.0,0.0,0.0,0.0,0.0,0.0,0.0,0.0,0.0,0.0,0.0,0.0,0.0,0.0,0.0,0.0,0.0,0.0
TGGCCGTATATTGACC-1,0.13491259350178936,0.09236677573788901,0.043338335704628694,0.04005487262343383,0.018467519626459213,0.015551396768304972,0.047670394236024,0.0,0.055385515386071275,0.009941516297531622,0.0017427265451853253,0.0,0.0,0.0,0.017373128593517553,0.00840639726857789,0.0,0.0,0.0,0.0,0.0,0.0,0.0,0.0,0.0,0.006614268800804311,0.002380673308093344,0.0,0.0,0.0,0.0,0.0,0.0,0.0,0.0,0.0,0.0,0.0045695882086396085,0.0,0.0,0.018382650352917664,0.0,0.0,0.0,0.0,0.0,0.0,0.0,0.0,0.0,0.0,0.0,0.0,0.008970767854100649,0.0,0.0,0.0,0.0,0.008970767854100649,0.0,0.0,0.0,0.0,0.0,0.0,0.0,0.0,0.0,0.0,0.0,0.0,0.0,0.0,0.0,0.0,0.0,0.0,0.0,0.0,0.0,0.0,0.0,0.0,0.0,0.0,0.0,0.0,0.0,0.0,0.0,0.0,0.0,0.0,0.0,0.0,0.0,0.0,0.0,0.0,0.0,0.0,0.0,0.0,0.0,0.0,0.0,0.0,0.0,0.0,0.0,0.0,0.0,0.0,0.0,0.0,0.0,0.0,0.0,0.0
TGGCGACTGCTCCAAA-1,0.07265024409681482,0.07945650372467378,0.013269287793146125,0.010594564896844476,0.002737493129595019,0.0,0.004959254013807782,0.01928375374064017,3.15916427469278e-05,0.0017274887665734535,0.0059374335333743115,0.0,0.019815614522046,0.018415152989550557,0.020344470560236784,0.0,0.0606646576340452,0.0004931316154238224,0.0,0.03427615778294988,0.0,0.0016111549338392356,0.0,0.0005485266786922325,0.012772930098303823,0.0,0.0,0.0,0.0,0.004551805495298996,0.0,0.0,0.002280828589505676,7.808771682029996e-05,0.0,0.0,0.0,0.0001490282849185606,0.0,0.004615351365771427,9.74214183049781e-05,0.012632799725939467,0.0075892126717888135,0.0,0.0007866208093986688,0.0,0.0005929158587625541,0.0,0.0,0.0013194631759782683,0.016570808588354417,0.0,0.0006951227208040067,0.0,5.244559169483827e-05,0.0006226516324932293,0.0,0.0,0.0,0.00022505181821072022,0.0005362111565255889,0.0,0.0,0.0005661310428453333,0.000315965823479557,0.0,6.31835732659037e-05,0.0,0.0,0.0,0.0,0.0,0.00016945888351473478,0.0,0.0009268387864487906,0.0,0.0,0.0,0.0,0.0,0.0,0.0,0.00016207486301488935,0.0,0.0,0.0,0.0,0.0,0.0,0.0,0.00026650132402723797,0.0,0.0,0.0,0.0,0.0,6.534122997653145e-05,0.0,0.0,0.0,0.0,0.0005431824458767898,0.00022184608990266863,0.0,0.0,0.0,0.0,0.0,0.0001612226806631608,0.0,0.0,0.0,4.976514035723526e-05,0.0,0.0,0.0,0.0,0.0,0.0
TGGCGATCAAGTTATG-1,0.13437648629874097,0.11968898464617432,0.15012846211661385,0.023617472591686055,0.0054333052000024,0.01579158999193429,0.03740290807919103,0.055302601833778046,0.0,0.0,0.09301233621121886,0.054981184044922166,0.047223776308760956,0.0025072528278289362,0.02706022441075811,0.012305097965812351,0.014683963769989336,0.0,0.0041567619930430715,0.0,0.0,0.006447587175407871,0.007183620074849692,0.0,0.008327235138862603,0.0,0.0018049448064877027,0.0,0.0,0.0011967723167797392,0.0,0.0,0.0,0.0,0.0,0.0,0.0,0.003114505088798182,0.0,0.0018559190587850074,0.0,0.0,0.0,0.0,0.0,0.0,0.00252162466872748,0.0,0.0,0.0035706088672859512,0.0047060598273985345,0.0,0.0016284996195967414,0.0,0.0018579097141927059,0.0,0.0,0.0,0.0,0.0,0.00028699909286743447,0.0,0.0,0.0002946054582356586,0.0,0.0,0.0,0.0,0.0,0.0013884472153279535,0.0,0.0,0.0067821652173845216,0.0,0.0,0.0,0.0,0.0012355518900956334,0.0,0.0,0.0,0.0,0.0008542340760795265,0.0,0.0,0.0,0.0005101012468819633,0.0,0.0,0.0,0.0,0.0,0.0,0.0,0.0,0.0,0.0,0.0,0.0,0.0,0.0,0.0,0.0,0.0,0.0,0.0,0.0,0.0,0.0,0.0,0.0,0.0,0.0002903079406771039,0.0,0.0,0.0,0.0,0.0,0.0
TGGCTCTTGTCGCGTA-1,0.027361685911029773,0.0314557318641571,0.02002532519239178,0.009114083272307437,0.006051904256947262,0.0018302540908470182,0.0,0.02172054261135243,0.00271356074402109,0.008213496122412544,0.0016385230596355615,0.0,0.0,0.02579422555656046,0.0034370868399453227,0.0036643858872001346,0.024465259788352595,0.0,0.0,0.02617149505649194,0.0,0.001981366622213645,0.0,0.0,0.012615554692821248,0.0,0.0006393962565241716,0.0,0.0,0.0,0.0,0.0,0.0,0.0020040416061530507,0.0,0.0,0.0,0.0,0.0,0.002550468729380967,0.00041412565826843493,0.0,0.0,0.0,0.0,0.0,0.0012518019332894974,0.0,0.0,0.0027414746747044874,0.006887199548393878,0.0,0.0002380971872787327,0.0,0.0,0.0,0.0,0.0,0.0,0.0004990489803629677,0.0,0.0,0.0,0.0010392234163038834,0.0,0.0,0.00030586159827147104,0.0005225596872764928,0.0,0.0,0.0,0.0,0.00040912719736804835,0.0,0.0,0.002299294929934429,0.0,0.0,0.0,0.0,0.0,0.0,0.0,0.0,0.0,0.0,0.00022555536279774324,0.0,0.0,0.0,0.0,0.0002380971872787327,0.0,0.0,0.0,0.0,0.0008076718357855277,0.0,0.0,0.0,0.0,0.0,0.0,0.0,0.0,0.0,0.0,0.0,0.0,0.0,0.0,0.0,0.0,0.0,0.0,0.0,0.0,0.0,0.0
TGGCTTTGGGTAGACA-1,1.0825965833810316,0.5174973569446919,0.12558536609481938,0.08094984477003742,0.17551012140938788,0.019701764112630492,0.009068563982597503,0.06994007723162711,0.03602862068451374,0.0,0.0,0.018520673035030834,0.0,0.0,0.0,0.008458293106504047,0.0,0.0,0.09762924817858543,0.0,0.0,0.014970466463345405,0.02954108193763785,0.0,0.0,0.011160682921252826,0.0033456794422649615,0.0,0.0,0.0,0.0,0.0,0.0,0.0,0.0,0.010219851241405991,0.0,0.0,0.0,0.0,0.0,0.004152955872241287,0.0,0.0,0.009389099153375075,0.0,0.0,0.0,0.0,0.0,0.0,0.0,0.0,0.0,0.0,0.0,0.0,0.005945022362411603,0.0,0.014878411239370727,0.0,0.0,0.0,0.0,0.0,0.0,0.0,0.0,0.0,0.0,0.0,0.0,0.0,0.0,0.0,0.0037027522664295973,0.0,0.0,0.0,0.0,0.0,0.0,0.0,0.0,0.0,0.0,0.0,0.004317453473402205,0.0,0.0,0.0,0.0,0.0,0.0,0.0,0.0,0.0,0.0,0.0,0.0,0.0,0.0,0.0,0.0,0.0,0.0,0.0,0.0,0.0,0.0,0.0,0.0,0.0,0.0,0.0,0.0,0.0,0.0,0.0
TGGGAAATGCCTTTCC-1,1.6996646870032572,0.9645059744989017,0.09312909509798033,0.17721104451635616,0.1045263449291858,0.08926614437221718,0.15429466884232193,0.006123066395395192,0.05956651485357679,0.0,0.03447130706499203,0.0,0.0,0.0,0.010172759633671266,0.01828565109145746,0.015758571033338706,0.014245757378027064,0.03372871905124554,0.0,0.022095826580480593,0.04663903966216843,0.018718096882095255,0.015775949765994002,0.005770303926287808,0.0,0.009165958339943533,0.039066557389987086,0.0,0.0016320253010394217,0.0,0.00022213394236263943,0.0004553440727825939,0.0,0.0,0.008086968629684499,0.0,0.010832674586598952,0.0,0.0012432002079312001,0.006422765447828993,0.0009570458329529213,0.0,0.0008652464317023013,0.0,0.001318450799487804,0.006338936902622784,0.0004553440727825939,0.0,0.004727276333239109,0.0,0.0,0.0,0.0004553440727825939,0.0,0.0019049161388180877,0.0006069924128455721,0.0009106881455651878,0.0,0.0,0.0005668793918465283,0.0,0.0,0.0017512066419742877,0.005622927946488243,0.0,0.0,0.0030066386869424533,0.0008108133083465891,0.0,0.0,0.0,0.0,0.0,0.008186399293748436,0.0,0.0,0.0015599209519012317,0.0,0.0,0.0,0.0,0.0,0.0,0.0,0.00387731837022316,0.0016706939413022948,0.0,0.0,0.0005640176197676076,0.0008652464317023013,0.0,0.000670808026931675,0.0,0.000735370461301588,0.0,0.0,0.0,0.0,0.0007765866771617005,0.0,0.0,0.0035382497676732217,0.0,0.0013223623050120682,0.0,0.0,0.0,0.0,0.0,0.0,0.0,0.0007588954404511692,0.0,0.0,0.0,0.0,0.0,0.0
TGGTAAGCAGGATTGA-1,0.025673100457089343,0.032392567893113615,0.017540380835863123,0.0,0.0,0.002738275282465545,0.004164072948769911,0.030030185129165516,0.0,0.0,0.0,0.0,0.0,0.004287888867787671,0.00606908716552509,0.0018240689012425598,0.007307807359708149,0.0,0.0,0.009046428213994775,0.00317267463027101,0.0022124296803005383,0.0,0.0,0.0,0.0,0.0,0.0,0.0,0.005746643202318346,0.0,0.0,0.0,0.0,0.0010483087648534564,0.0,0.0,0.0,0.014879371344231992,0.0008397161263448178,0.00044699066291568375,0.0,0.0,0.0,0.0,0.0,0.0,0.0,0.0,0.0,0.004102906511731652,0.0,0.001590033451581707,0.0,0.0,0.0,0.0,0.0,0.0,0.0003273408238018221,0.0,0.0,0.0,0.000968863094160327,0.0,0.0,0.0003173432122202397,0.0,0.0,0.0,0.0,0.0,0.0002772660398445854,0.0,0.0,0.0,0.0,0.0,0.0,0.0,0.0,0.0,0.0,0.0,0.0,0.0,0.00019270291212036464,0.0,0.0,0.0,0.0,0.0,0.0,0.0,0.0,0.0,0.0004764643021320738,0.001400688460748155,0.0,0.0,0.0,0.0,0.0,0.0,0.0,0.0,0.0,0.0,0.0,0.0,0.0,0.0,0.0,0.0,0.0,0.0,0.0,0.0,0.0
TGGTCTGTTGGGCGTA-1,0.44546562267858814,0.361582723567175,0.14339563835922553,0.0,0.02870434052499038,0.023324742370759807,0.0,0.0,0.0,0.0,0.007713219778549703,0.02861881709323935,0.0,0.0,0.0023327180537158084,0.005398287553822346,0.01581044960709855,0.040659200420828934,0.03608300288905161,0.0,0.0,0.0,0.0,0.029126607133401927,0.0,0.0,0.0,0.0,0.0,0.0,0.0,0.0,0.0,0.0,0.0,0.0,0.0,0.0,0.0,0.0,0.0,0.0,0.0,0.0,0.007781153817649102,0.0,0.0,0.0,0.0,0.0,0.0,0.0,0.0,0.0,0.0,0.0,0.0,0.0,0.0,0.01043436847178865,0.0,0.0,0.0,0.0,0.0,0.0,0.0,0.0,0.0,0.0,0.0,0.0,0.0,0.0,0.0,0.0,0.0,0.0,0.0,0.0,0.0,0.0,0.0,0.0,0.0,0.0,0.0,0.0,0.0,0.0,0.0,0.0,0.0,0.0,0.0,0.0,0.0,0.0,0.0,0.0,0.0,0.0,0.0,0.0,0.0,0.0,0.0,0.0,0.0,0.0,0.0,0.0,0.0,0.0,0.0,0.0,0.0,0.0,0.0
TGTAATGACCACAATA-1,0.3878446684442157,0.28861192102642036,0.1343875857043203,0.00016454542067289308,0.026760022533494965,0.015960769627158443,0.15423014263576268,0.010349319360457614,0.057962829338612146,0.037450100476927935,0.020856416464818298,0.0,0.008694621180798029,0.0,0.015652596898010334,0.044849656723170754,0.00319459473400378,0.0,0.0,0.0,0.0,0.0,0.0,0.005450056633653481,0.01262333133454277,0.0,0.002275610703584821,0.0,0.025528323977012556,0.0,0.0,0.0032397518385841716,0.0,0.0,0.0,0.0,0.007407969193820957,0.007758742513936702,0.0,0.0,0.0,0.0060182496946509356,0.0,0.0,0.0,0.006299803922306082,0.0061743603658976015,0.0,0.0,0.0,0.0,0.00781326547777894,0.0,0.0009470293410328788,0.0,0.0,0.002794981461593511,0.0,0.0,0.0,0.0004046523244296533,0.0,0.0,0.0,0.004964721464713577,0.0,0.0,0.0,0.0,0.0,0.0,0.0,0.0,0.0,0.0,0.0,0.0,0.0,0.005661329947401305,0.0,0.0,0.0,0.0,0.0,0.0,0.0,0.0,0.0018653873899512374,0.0,0.0013295059610175105,0.0,0.0,0.0,0.0,0.0,0.0001093830648467065,0.0,0.0,0.0,0.0,0.002434919626684666,0.0017118540078766243,0.0,0.0,0.0,0.0,0.0,0.0,0.0,0.0,0.0,0.0001093830648467065,0.0,0.0,0.0,0.00035992694320496085,0.0,0.0,0.0
TGTACGAACAAATCCG-1,0.5296886416700222,0.10288114411866124,0.13322342694227224,0.10496335665836777,0.055324869927546136,0.128211498574656,0.01875589200593792,0.015316230894979462,0.0,0.0,0.016136569184632566,0.0,0.0,0.0,0.0,0.0039484301107573895,0.0,0.0,0.0,0.0,0.0,0.0,0.0,0.0,0.0,0.0,0.0,0.0,0.0,0.0069452359210239924,0.0,0.0,0.0,0.0,0.0,0.0,0.0,0.0,0.0,0.0,0.0,0.0,0.0,0.0,0.0,0.0,0.0,0.0,0.0,0.0,0.0,0.0,0.0,0.0,0.0,0.0,0.0,0.0,0.0,0.0,0.0,0.0,0.0,0.0,0.0,0.0,0.0,0.0,0.0,0.0,0.0,0.0,0.0,0.0,0.0,0.0,0.0,0.0,0.0,0.0,0.0,0.0,0.0,0.0,0.0,0.0,0.0,0.0,0.0,0.0,0.0,0.0,0.0,0.0,0.0,0.0,0.0,0.0,0.0,0.0,0.0,0.0,0.0,0.0,0.0,0.0,0.0,0.0,0.0,0.0,0.0,0.0,0.0,0.0,0.0,0.0,0.0,0.0,0.0
TGTAGTGATCTATAAT-1,0.8468399599810825,0.2735761171150623,0.13918373589984354,0.0,0.0877647085106332,0.0,0.05829668880103797,0.0,0.0,0.0,0.0,0.05686962677373503,0.0,0.0,0.0,0.008825083128319413,0.0,0.0,0.0,0.0,0.0,0.0,0.0,0.0,0.0,0.0,0.0,0.0,0.0,0.0,0.0,0.0,0.0,0.0,0.0,0.0,0.0,0.0,0.0,0.0,0.0,0.0,0.0,0.006941999610888162,0.012295805671351377,0.0,0.0,0.0,0.013566116613308211,0.0,0.0,0.0,0.0,0.006941999610888162,0.0,0.0,0.0,0.0,0.0,0.0,0.0,0.0,0.0,0.0,0.0,0.0,0.0,0.0020482578190190513,0.0,0.0,0.0,0.0,0.0,0.0,0.0,0.0,0.0,0.0,0.0,0.0,0.0,0.0,0.0,0.0,0.0,0.0,0.0,0.0,0.0,0.0,0.0,0.0,0.0,0.0,0.0,0.0,0.0,0.0,0.0,0.0,0.0,0.0,0.0,0.0,0.0,0.0,0.0,0.0,0.0,0.0,0.0,0.0,0.0,0.0,0.0,0.0,0.0,0.0,0.0
TGTCCGTGGCGCCTTT-1,1.1289115614098675,0.9170322280930359,0.06565612076251715,0.0,0.08312145347275175,0.11351532438580333,0.06312316503055941,0.006878552253707414,0.05584057838167643,0.061059591958579226,0.0026377945103871923,0.008574210793503139,0.026875905141873477,0.03994471209710148,0.0011554744675047871,0.019300915496684813,0.0,0.0,0.04894443656297856,0.0,0.0,0.01727198926317887,0.02511580143035557,0.0,0.0,0.022686501104671537,0.014011813349479959,0.0,0.0,0.0,0.0,0.0,0.016638651166803565,0.03126495679741403,0.0,0.0,0.0,0.008981853680864687,0.0,0.0,0.0,0.0026636316946309297,0.0,0.0,0.0,0.0,0.0,0.0,0.0,0.0,0.0,0.0,0.0,0.0,0.0,0.0,0.02027604393622929,0.004405765932966971,0.0,0.0,0.0,0.0,0.0,0.0,0.0,0.0,0.0,0.0,0.00484597654210976,0.0,0.0,0.0,0.0,0.0,0.0,0.0,0.0,0.0,0.0,0.0,0.0,0.0,0.0,0.0,0.0,0.0,0.0012123466587187852,0.0,0.0,0.0,0.0,0.0,0.0,0.0,0.0,0.0,0.0,0.0,0.0,0.0,0.002107714106288791,0.0,0.0,0.0,0.0,0.0,0.0,0.002107714106288791,0.0,0.0,0.0,0.0,0.0,0.0,0.0,0.0,0.0,0.0,0.0
TGTCCTAAGTCACCGC-1,0.2252656500317023,0.10484664864884674,0.21598822562951617,0.07258787631975162,0.08268920178512139,0.0360913210765453,0.03471821216258817,0.012306989703117638,0.0438095938812832,0.018418801871720503,0.0,0.04520560705252102,0.04100530857200513,0.0,0.002087436168298492,0.013617359852750179,0.0,0.0,0.0,0.0,0.036448282799682825,0.019539130639157198,0.0,0.0,0.0,0.026908046399149975,0.0017045597230683795,0.0,0.0,0.0,0.14529232316207422,0.0,0.0063720252026667696,0.0,0.0,0.0,0.0,0.0,0.0,0.0,0.0,0.0,0.0,0.0,0.009164419704249135,0.0,0.0,0.0,0.0,0.0,0.0,0.0,0.0,0.0033989563645375393,0.0,0.0,0.0,0.0,0.0,0.0,0.0042014702602233105,0.0,0.0033989563645375393,0.0,0.0,0.01093963478987858,0.0,0.0,0.0,0.0,0.0,0.0,0.0,0.0,0.0,0.0,0.0,0.0,0.0,0.0,0.0,0.0,0.0,0.0,0.0,0.0,0.0,0.0,0.0,0.0,0.0,0.0033989563645375393,0.0,0.0,0.0,0.0,0.0,0.0,0.0,0.0,0.0,0.0,0.0,0.0,0.0,0.0,0.0,0.0,0.0,0.0,0.0,0.0,0.0,0.0,0.0,0.0,0.0,0.0,0.0
TGTGACTACGCCAGTC-1,0.9647290970888055,0.5542637779409247,0.0494570215031129,0.10680832593389439,0.11673970215004044,0.004351255776588446,0.014045774943627307,0.040550262511928316,0.04220716251867619,0.01605305423300372,0.003469571356703165,0.008330449439948139,0.03671418111383369,0.0,0.020028057872367017,0.0,0.0,0.01319384445413839,0.01989024163744727,0.0,0.0,0.017699031345155717,0.004081564217249837,0.011125059299463076,0.0,0.0,0.00517433439634041,0.0,0.0,0.0,0.0,0.00038397865899606804,0.0022856434374589024,0.0,0.002745005777264515,0.0,0.0,0.015052946418091769,0.0,0.0,0.014726910582616763,0.0,0.0,0.0,0.009093369009639073,0.00393135744207967,0.0,0.012701285149320191,0.0,0.0,0.0,0.0,0.0,0.0022856434374589024,0.0,0.0,0.0,0.0,0.0,0.0,0.0,0.0,0.0,0.0,0.0,0.0,0.0,0.0,0.0,0.0,0.0,0.0,0.0,0.0,0.0,0.0,0.0,0.003050386653386319,0.0,0.0,0.0,0.0,0.0,0.0,0.0,0.0,0.0,0.0,0.0,0.0,0.0,0.0,0.0,0.0,0.0,0.0,0.0,0.0,0.0,0.0,0.0,0.0,0.0,0.0,0.0,0.0,0.0,0.0,0.0,0.0,0.0,0.0,0.0,0.0,0.0,0.0,0.0,0.0,0.0
TGTGCTTTACGTAAGA-1,1.0253233061556037,0.46393549198918865,0.010528145324358393,0.0,0.048271143464163106,0.006453175935742378,0.08769264362433021,0.012009572586870921,0.004209872606039926,0.036754490728756285,0.006709111719374392,0.0,0.021603616322286134,0.026733746545003986,0.0,0.02685033590353654,0.0,0.03300715631601587,0.03243463067877758,0.0,0.0,0.0,0.012185668287090244,0.013117707119233914,0.0,0.0,0.002308311608688899,0.0,0.03793896658407283,0.004610483058955837,0.0,0.0,0.004128838538798641,0.03469578890007117,0.02095920395679126,0.0,0.014239671208854776,0.0,0.0,0.0,0.0,0.0,0.0,0.0,0.0,0.0,0.006991882797174453,0.0,0.0024241985063531406,0.010852226495483975,0.0,0.008910812304133408,0.0,0.0,0.0,0.0,0.0,0.0,0.0,0.0,0.0,0.0,0.0024241985063531406,0.0,0.00464407901035381,0.0,0.0,0.0,0.0,0.0,0.0,0.0,0.0,0.0,0.0,0.0,0.0,0.0,0.0,0.0,0.0,0.0,0.0,0.0,0.0,0.0,0.0,0.0,0.0,0.0,0.0,0.0,0.0,0.0,0.0,0.0,0.0,0.0,0.0,0.000624468581691207,0.0,0.0,0.0,0.0,0.0,0.0,0.0,0.0,0.0,0.0,0.0,0.0,0.0,0.0,0.0,0.0,0.0,0.0,0.0
TGTGTCGCGAGTTGCA-1,0.38764571628839406,0.07776635348413524,0.023067847582551995,0.020758460017904316,0.04403309974246722,0.01607125719204991,0.023047326378655458,0.017051833825098405,0.008818961239940363,0.04152747967738118,0.0,0.0,0.016561127754195062,0.0,0.0023495908863656843,0.02923346327424074,0.007102104919429921,0.0,0.0,0.0,0.0,0.013001987396792756,0.0,0.0,0.0,0.0,0.0,0.0,0.0,0.0,0.0,0.00014617207259665153,0.010774614986424,0.0,0.0,0.008381618180944059,0.0,0.0076712986434129575,0.0,0.0,0.021463721103051545,0.0,0.0,0.0,0.0,0.0,0.0,0.0,0.0,0.0,0.0,0.0,0.0,0.0,0.0,0.0,0.0,0.0,0.0,0.0,0.0,0.0,0.0,0.0,0.0,0.0,0.0,0.0,0.0,0.0,0.0,0.005387307493212,0.0,0.005387307493212,0.0,0.0,0.0,0.0,0.0,0.0,0.0,0.0,0.0,0.0,0.0,0.0,0.0,0.0,0.0,0.0,0.0,0.0,0.0,0.0,0.0007955846014435655,0.0,0.0,0.0,0.0,0.0,0.0,0.0,0.0,0.0,0.0,0.0,0.0,0.0,0.0,0.0,0.0,0.0,0.0,0.0,0.0,0.0,0.0,0.0,0.0
TGTGTTCGTATCCAAG-1,0.931530974915439,0.4106440376310429,0.1388197744337208,0.15391071899156264,0.21768998219897248,0.09470788627750869,0.07522865253566086,0.05985522376998232,0.10865772998473162,0.0404442968897949,0.010484985483187916,0.0,0.0,0.09495118797845714,0.015607848871446731,0.02525261101547511,0.0,0.01329671419883685,0.031597180967003126,0.008785282479643596,0.0,0.02139719554939787,0.011541467803470089,0.005728578838613222,0.0,0.0,0.007634193609874393,0.0,0.00729533089215224,0.0,0.0,0.0,0.0,0.0,0.0,0.019802170648926108,0.0,0.0,0.0,0.0,0.0,0.0,0.0,0.0032148186072830215,0.005804938789263997,0.0,0.0,0.0,0.0,0.0,0.0,0.0,0.0,0.0,0.0,0.0,0.0,0.0,0.0,0.007140758962709618,0.0,0.0,0.006429637214566043,0.0,0.0,0.0,0.0,0.0,0.002263628280624205,0.0,0.006106592559720366,0.0,0.0,0.0,0.0,0.0,0.0,0.0,0.0,0.0,0.0,0.0,0.0,0.0,0.0,0.0032148186072830215,0.0,0.0,0.0,0.0010244020247764413,0.0,0.0,0.0,0.0032148186072830215,0.0,0.0,0.0,0.0,0.0,0.0,0.0,0.0,0.0,0.0,0.0,0.0,0.0,0.0,0.0,0.0,0.0,0.0,0.0,0.0,0.0,0.0,0.0,0.0,0.0
TGTTCGTATTGCGGTG-1,0.13793863828209701,0.2362940464889994,0.21244898227371703,0.0718925124002489,0.06730056894944637,0.0313621611828196,0.006667661708505607,0.0409139621497682,0.001310646962408712,0.0008056165529210223,0.08952428205526392,0.017906765633034068,0.0035775926935990997,0.014602325728392538,0.0,0.0,0.0,0.003352783410270277,0.0,0.0,0.012135811325462084,0.0045107171235604085,0.010923406679018538,0.0033030073448772766,0.0,0.0,0.0,0.0,0.0,0.0,0.0,0.0,0.0014282340091555737,0.0,0.030150971775581313,0.0,0.0,0.0,0.0,0.00043579630004123314,0.0,0.011604148012919924,0.0,0.0,0.0,0.0,0.004705029363577103,0.0,0.0,0.004284702027466721,0.0,0.0,0.0018109042539236056,0.0,0.0032229819312399382,0.004233143277380765,0.0,0.0,0.0,0.0027346205524540835,0.0011527510869166722,0.0,0.0,0.0,0.0,0.0,0.0,0.0,0.0,0.0,0.0,0.0,0.0,0.0,0.0,0.0,0.0,0.0020762151410205864,0.0,0.0,0.0,0.0,0.0,0.0,0.0,0.0,0.00016645734412593525,0.0,0.0,0.0,0.0,0.0,0.0,0.0,0.0,0.0,0.0,0.0,0.0,0.0,0.0,0.0,0.0,0.0,0.0,0.0,0.0,0.0,0.0,0.0,0.0,0.0,0.0,0.0,0.0,0.0,0.0,0.0,0.0
TGTTTCGGTACTTCTC-1,0.13832622778787232,0.14262314033481555,0.0,0.0,0.04866676000050654,0.0,0.018296463339241956,0.0,0.04151001363364949,0.0,0.0,0.00875367660889406,0.0,0.0,0.0,0.0,0.0,0.0,0.03497785543339033,0.0,0.0,0.0,0.01487388506150937,0.0,0.0,0.0,0.0,0.0,0.0,0.0,0.0,0.0,0.0,0.0,0.0,0.0,0.0,0.0,0.0,0.0,0.0,0.0,0.0,0.0,0.01750735321778812,0.0,0.0,0.0,0.0,0.0,0.0,0.0,0.0,0.0,0.0,0.0,0.0,0.0,0.0,0.0,0.0,0.0,0.0,0.0,0.0,0.0,0.0,0.0,0.0,0.0,0.0,0.0,0.0,0.0,0.0,0.0,0.0,0.0,0.0,0.0,0.0,0.0,0.0,0.0,0.0,0.0,0.0,0.0,0.0,0.0,0.0,0.0,0.0,0.0,0.0,0.0,0.0,0.0,0.0,0.0,0.0,0.0,0.0,0.0,0.0,0.0,0.0,0.0,0.0,0.0,0.0,0.0,0.0,0.0,0.0,0.0,0.0,0.0,0.0
TTAACCAACCCTCCCT-1,0.0,0.0,0.0,0.0,0.0,0.015689111910997536,0.0,0.0,0.0,0.006934593243932849,0.0,0.0,0.0,0.0,0.0,0.0,0.0,0.0,0.0,0.0,0.0,0.0,0.0,0.0,0.0,0.0,0.0,0.0,0.0,0.0,0.0,0.0,0.0,0.0,0.0,0.0,0.0,0.0,0.0,0.0,0.004271104468526383,0.0,0.0,0.0,0.0,0.0,0.0,0.0,0.0,0.0,0.0,0.0,0.0,0.0,0.0,0.0,0.0,0.0,0.009563663423220181,0.0,0.0,0.013816195963222462,0.0,0.0,0.009806078414961842,0.0,0.0,0.0,0.0,0.0,0.0,0.0,0.0,0.0,0.0,0.0,0.0,0.0,0.0,0.0,0.0,0.0,0.0,0.0,0.0,0.0,0.0,0.0,0.0,0.0,0.0,0.0,0.0,0.0,0.0,0.0,0.0,0.0,0.0,0.0,0.0,0.0,0.0,0.0,0.0,0.0,0.0,0.0,0.0,0.0,0.0,0.0,0.0,0.0,0.0,0.0,0.0,0.0,0.0
TTAACGTTAAAGCCTG-1,0.026173073984731555,0.01741174210609761,0.008988349592544713,0.0,0.0,0.0001780887663799964,0.0,0.0,6.749684189379133e-05,6.749684189379133e-05,5.685616593205628e-05,0.0,0.0,0.0,0.002572487579451359,0.0,0.0,0.0015110148751947077,0.0,0.0,0.014341212876216525,0.00019858506676445907,0.0,0.0016507496339927543,0.0,0.0,0.0,0.0,0.0,0.014095051592988767,0.0,0.0,0.0,0.00031100309168353686,0.0,0.0,0.0,0.0,0.0,0.0022562229194542094,0.0,0.0007445602118707057,0.0,0.0009021495589091077,0.0,0.0,0.0,0.0,0.0,0.0,0.0,0.0009651140619737866,0.0022603845063666533,0.0,0.0,0.0,0.0,0.0,0.0,0.0,0.0,0.0,0.0,0.0007805543351871193,0.0,0.0,0.0,0.0,0.0,0.0,0.0,0.0,0.0,0.0,0.0,0.0,0.0,0.0,0.0,0.0,0.0,0.0,0.0,0.0,0.0,0.0,0.0,0.0,0.0013002484569620948,0.0,0.0,0.0,0.0,0.0,0.0,0.0,0.0,0.0,0.0,0.0,0.0,0.0,0.0,0.0,0.0,0.0,0.0,0.0,0.0,0.0,0.0,0.0,0.0003619411668056795,0.0,0.0,0.0,0.0,0.0,0.0
TTAACTTCAGGTAGGA-1,0.0787396157000483,0.0,0.05535293718355926,0.0,0.0,0.0023061269320175386,0.066603922051034,0.004174748130830981,0.10186785769783367,0.04924204662055759,0.0,0.019321903810695734,0.001943200227510421,0.03973588762566703,0.016462816734356945,0.00201123619749758,0.008288542218758212,0.0,0.0,0.037762835172548415,0.0,0.0,0.0,0.0,0.0,0.02386292686354792,0.0025535094135991187,0.0,0.0,0.0056325033438526795,0.0,0.008112627567519666,0.004197193189221047,0.0,0.0,0.0,0.0,0.0,0.0,0.0,0.0,0.0,0.0,0.0,0.0,0.0,0.005612482610327412,0.0,0.0,0.0,0.0,0.0,0.0019811794899085027,0.004197193189221047,0.0,0.0028962672500441704,0.001615941347528628,0.0,0.004197193189221047,0.0,0.0,0.0,0.0,0.0,0.0,0.0,0.0,0.0,0.0,0.0,0.0,0.0,0.0,0.0,0.0,0.0,0.0,0.0,0.0,0.0,0.0,0.0,0.0,0.0,0.0,0.0,0.0,0.0,0.0,0.0,0.0,0.0,0.0,0.0,0.0,0.0,0.0,0.0,0.0,0.0018642774991383662,0.0,0.0,0.0,0.0,0.0,0.0,0.0,0.0,0.0,0.0,0.0,0.0,0.0,0.0,0.0,0.0,0.0,0.0,0.0
TTACAGACCTAAATGA-1,0.280019656855977,0.16117731171606914,0.0,0.0,0.01822531181385688,0.0,0.021364877855208363,0.0,0.05096211023028405,0.0,0.0,0.0,0.002711405506536892,0.0,0.0,0.012350302586898091,0.0,0.0,0.0,0.0,0.0,0.0,0.0,0.0,0.0,0.0,0.0,0.0,0.0,0.0,0.0,0.0,0.0,0.0,0.0,0.0,0.0,0.0,0.013754249693729013,0.0,0.0,0.0,0.0,0.0,0.0,0.0,0.0,0.0,0.0,0.0,0.0,0.0,0.0,0.0,0.0,0.0,0.0,0.0,0.0,0.0,0.0,0.0,0.0,0.0,0.0,0.0,0.0,0.0,0.0,0.026539664571641402,0.0,0.0,0.0,0.0,0.0,0.0,0.0,0.007230475230780628,0.0,0.0,0.0,0.0,0.0,0.0,0.0,0.0,0.0,0.0,0.0,0.0,0.0,0.0,0.0,0.0,0.0,0.0,0.0,0.0,0.0,0.0,0.0,0.0,0.0,0.0,0.0,0.0,0.0,0.0,0.0,0.0,0.0,0.0,0.0,0.0,0.0,0.0,0.0,0.0,0.0
TTACCATTGATTACCC-1,2.462677362370644,0.8279369921567501,0.14448058647902595,0.2632949398799043,0.13704833840098746,0.059783685694033084,0.017124313489928038,0.011528710193007708,0.0029741713493001017,0.02424749354828908,0.0,0.04629476287472198,0.0,0.0,0.004653535870284225,0.00870299764187218,0.0,0.057016237404566183,0.0,0.0,0.0,0.02520777504613229,0.0,0.021078834508996183,0.0,0.03336010201665337,0.0016143804088496491,0.0,0.0,0.0,0.0,0.0,0.0,0.0,0.0,0.0,0.0,0.0,0.0,0.0,0.0,0.0,0.0,0.0,0.010543085440701639,0.0,0.0,0.0,0.011355000614932102,0.0,0.0,0.0,0.0,0.0,0.0,0.0,0.002822246553824945,0.0,0.0,0.0,0.005211060699535933,0.0,0.0,0.0,0.0,0.0,0.0,0.0,0.0,0.0,0.0,0.0,0.0,0.0,0.0,0.0,0.0,0.0,0.0,0.0,0.0,0.0,0.0,0.0,0.0,0.0,0.0,0.0,0.0,0.0,0.0,0.0,0.0,0.0,0.0,0.0,0.0,0.0,0.0,0.0,0.0,0.0,0.0,0.0,0.0,0.0,0.0,0.0,0.0,0.0,0.0,0.0,0.0,0.0,0.0,0.0,0.0,0.0,0.0
TTACCCTAACAGTCCT-1,0.3966963697806299,0.2729782753425672,0.0387578253589928,0.05078894518972795,0.013227721269057507,0.04720531805531619,0.04361297000707787,0.03198715218774132,0.008289332304451188,0.0,0.03632719089191765,0.0,0.028947726896394844,0.0,0.006234197397006962,0.06389961767938336,0.0,0.020089450497191005,0.0,0.0,0.0028961572551803793,0.024779837738329803,0.0016120412234206926,0.014929810135777,0.006922862020637931,0.0037541025122881516,0.007115127575095524,0.1162813524892513,0.0,0.0,0.0,0.0,0.0,0.0,0.0,0.0,0.037202260145116114,0.034064761321754275,0.0,0.0,0.0003782689486029715,0.0,0.0,0.0013250379743600163,0.0,0.004559854911699711,0.0,0.0,0.0018573735418335312,0.0,0.0,0.00877096838233997,0.00816450379061862,0.0,0.0,0.0018573735418335312,0.0016410436887552733,0.0,0.0,0.0,0.0,0.0,0.0,0.0,0.0,0.0,0.005082415474763189,0.0,0.0,0.0,0.0,0.0,0.0,0.0,0.0,0.0,0.0,0.0,0.0,0.0023135492607381414,0.0,0.0,0.0,0.0,0.0,0.0026500759487200327,3.310024287211525e-05,0.0,0.0,0.0016050918428356235,0.0,0.0,0.010557561556668194,0.0,0.0,0.0,0.0004908776155593949,0.0,0.0,0.0016706528334174827,0.0,0.0,0.0,0.0,0.0,0.0021456826192435305,0.0,0.0,0.0,0.0,0.0,0.0,0.0,0.0,0.0,0.0,0.0,0.0,0.0
TTACTATCGGCTTCTC-1,0.2604999939841535,0.15285184693589923,0.11502098572232858,0.030546225386971666,0.01092480978473363,0.018087677697311972,0.020205921128499574,0.02579080969512814,0.008528932845252768,0.03161031196543555,0.029953104969044478,0.05568055165158874,0.0019863983929454504,0.03857621827525522,0.009034195346167655,0.010412581957857976,0.0028727072537766763,0.0,0.0298842500929719,0.020245780423298797,0.0,0.01124704009309802,0.018351342859057672,0.0,0.0,0.0,0.00771954056370926,0.0,0.0,0.0,0.0572572031900606,0.0016108469403817837,0.0,0.06729341249293583,0.0,0.0,0.0,0.0075176781736804674,0.0,0.0,0.0,0.0,0.0,0.001787256383647116,0.0,0.0,0.0,0.002641157643699616,0.003199899070847332,0.0,0.0,0.0,0.0,0.0,0.0,0.005282315287399232,0.0,0.0,0.0,0.0,0.0,0.0,0.0,0.0,0.0,0.028963472613205834,0.0,0.0,0.0,0.0,0.0,0.0,0.0,0.0,0.0,0.0,0.0,0.002641157643699616,0.0,0.0,0.0,0.0,0.0,0.0,0.0,0.0,0.0,0.0,0.0,0.0,0.0,0.0,0.0,0.0,0.0,0.0,0.0006521158178776515,0.0,0.0,0.0,0.0,0.0003761315519599883,0.0,0.0,0.0,0.0,0.0,0.0,0.0,0.0,0.0,0.0,0.0,0.0,0.0,0.0,0.0,0.0,0.0
TTACTCTGGTACGTAC-1,0.571479039847574,0.2280882509401669,0.17957871784160115,0.0,0.051513626460454175,0.0,0.02888887006381282,0.0,0.0,0.0,0.0,0.02764310593270542,0.0,0.0,0.0,0.0,0.0,0.015063818508734849,0.0,0.0,0.0,0.006354932868087859,0.0,0.006656342010905045,0.0,0.0,0.0,0.0,0.0,0.0,0.0,0.0,0.0,0.0,0.0,0.0,0.0,0.0,0.0,0.006538896316446198,0.0,0.0,0.0,0.0,0.0,0.0,0.0,0.0,0.0,0.0,0.0,0.0,0.0,0.0,0.0,0.0,0.0,0.0,0.0,0.0,0.0,0.0,0.0,0.0,0.0,0.0,0.0,0.0,0.0,0.0,0.0,0.0,0.0,0.0,0.0,0.0,0.0,0.0,0.0,0.0,0.0,0.0,0.0,0.0,0.0,0.0,0.0,0.0,0.0,0.0,0.0,0.0,0.0,0.0,0.0,0.0,0.0,0.0,0.0,0.0,0.0,0.0,0.0,0.0,0.0,0.0,0.0,0.0,0.0,0.0,0.0,0.0,0.0,0.0,0.0,0.0,0.0,0.0,0.0
TTACTGGGATATTTCA-1,0.502335067850909,0.43873490198972515,0.16465843260242782,0.15382454566352358,0.07279229262042226,0.07841082478571844,0.022439118985348006,0.004914295157513916,0.0,0.0,0.019669543398346763,0.0,0.025384582330892892,0.0,0.020140293382933775,0.007160568547486756,0.0,0.02387000327590602,0.008763189066245878,0.0,0.0,0.0,0.007959746853074967,0.0009282344696603638,0.0,0.0,0.0,0.0,0.008355998779404194,0.0,0.0,0.0,0.0,0.0,0.0,0.0,0.0,0.0,0.0,0.0,0.0037942312946404695,0.0,0.0,0.0,0.0,0.003403374532957693,0.0,0.0,0.0,0.003403374532957693,0.0,0.0,0.0,0.0,0.0,0.0,0.0,0.0,0.0,0.0,0.0,0.0,0.0,0.0,0.0,0.0,0.0,0.0,0.0,0.0,0.0,0.0,0.0,0.0,0.0,0.0,0.0,0.0,0.0,0.0,0.0,0.0,0.0,0.0048339027137421706,0.0,0.0,0.0,0.0,0.0,0.0,0.0,0.0,0.0,0.0,0.0,0.0,0.0,0.0,0.0,0.0,0.0,0.0,0.0,0.0,0.0,0.0,0.0,0.0,0.0,0.0,0.0,0.0,0.0,0.0,0.0,0.0,0.0,0.0,0.0
TTAGAAGAACATGACT-1,0.18361108816213528,0.0,0.06880301605958974,0.02230526239594173,0.014382921812933349,0.00708581335153347,0.0,0.010395769578001873,0.0,0.0,0.0026098157485476975,0.065280893734472,0.0,0.0,0.005493315215785016,0.009993214203763336,0.0,0.0,0.0,0.0,0.0,0.0,0.0,0.0,0.0,0.0,0.0,0.0,0.0,0.0,0.0,0.0,0.0,0.021002642070004934,0.0,0.0,0.0,0.0,0.0,0.0,0.0,0.0,0.0,0.0,0.0,0.0,0.0,0.0,0.0,0.0,0.0,0.0,0.0,0.0,0.0,0.0,0.0,0.0,0.0,0.0,0.0,0.0,0.0,0.0,0.0,0.0,0.0,0.0,0.0,0.0,0.00729710846139988,0.0,0.0,0.0,0.0,0.0,0.0,0.0,0.0,0.0,0.0,0.0,0.0,0.0,0.0,0.0,0.0,0.0,0.0,0.0,0.0,0.0,0.0,0.0,0.0,0.0,0.0,0.0,0.0,0.0,0.0,0.0,0.0,0.0,0.0,0.0,0.0,0.0,0.0,0.0,0.0,0.0,0.0,0.0,0.0,0.0,0.0,0.0,0.0
TTAGCTCTGTAATCCG-1,1.3705204638258788,0.6595864454704902,0.40998801754924397,0.06138304972362329,0.10571695356680462,0.06741687670390918,0.027313028765892935,0.043588639766688204,0.039056512142397914,0.03567273020376584,0.024061229247664663,0.016375515226593397,0.0,0.0,0.00689014734277653,0.010771714647398352,0.00038516534806016823,0.0,0.008491324151174326,0.0,0.0,0.015061855018174475,0.010510883608894383,0.0,0.0,0.008035604673314559,0.011465195691329215,0.0,0.0,0.0,0.0,0.0027426962382464106,0.0,0.04377409395919705,0.0,0.011959977789645842,0.009468100423031402,0.004597333208165312,0.0,0.0,0.0,0.0,0.0,0.0016326065801109827,0.0,0.0,0.0,0.0019955594407860123,0.0,0.0,0.0,0.011010146174498704,0.0,0.0016326065801109827,0.0,0.00296518998233722,0.0006413092644346278,0.0,0.0,0.0069194042873220105,0.0,0.0,0.00296518998233722,0.0,0.0,0.0,0.0,0.0030360050627988074,0.007620542916764009,0.0,0.0,0.0,0.0,0.0,0.0,0.0,0.0,0.0,0.006586061505385227,0.0,0.0,0.0,0.0,0.0,0.004939657400108308,0.0,0.0,0.0,0.0,0.0,0.0,0.0,0.0,0.0,0.0008679168515045797,0.0,0.0,0.0,0.0,0.0,0.0,0.0,0.0,0.0,0.0,0.0,0.0,0.0,0.0,0.0,0.0,0.0,0.0,0.0,0.0,0.0,0.0,0.0,0.0
TTAGTAGGGCGGCGGG-1,0.10308516172685422,0.45796042071070153,0.0,0.0,0.11079570791412291,0.023662209507161136,0.020255181340378854,0.0,0.08212859606366804,0.0,0.0,0.03468327684701972,0.0,0.02888612432689413,0.0,0.010353025298727074,0.0,0.10670427058323166,0.05609046971704743,0.0,0.0,0.0,0.01862122326262318,0.022193103845133372,0.0,0.0,0.002206120813455488,0.0,0.0,0.0,0.0,0.0,0.021601563427440042,0.0,0.024668881675031472,0.0,0.0,0.0,0.0,0.0,0.0,0.006304517692816041,0.0,0.0,0.016394912388165366,0.0,0.0,0.0,0.0,0.0,0.0,0.0,0.0,0.0,0.0,0.00661050124675571,0.0,0.0,0.0,0.0,0.0,0.0,0.0,0.0,0.0,0.0,0.0,0.0,0.0,0.0,0.0,0.0,0.0,0.0,0.0,0.0,0.0,0.0,0.0,0.0,0.0,0.0,0.0,0.0,0.0,0.0,0.0,0.0,0.0,0.0,0.0,0.0,0.0,0.0,0.0,0.0,0.0,0.0,0.0,0.0,0.0,0.0,0.0,0.0,0.0,0.0,0.0,0.0,0.0,0.0,0.0,0.0,0.0,0.0,0.0,0.0,0.0,0.0,0.0
TTATATACGCTGTCAC-1,0.3857527435761593,0.15645883590457807,0.0,0.0,0.0,0.0,0.0,0.003678025985384902,0.003563938929744391,0.015779756863408628,0.002350502906932735,0.03447418847644004,0.0,0.0,0.0,0.0,0.0,0.0,0.0,0.0,0.0,0.013440779312952504,0.0,0.0,0.031057351453366543,0.0,0.0,0.0,0.0,0.0,0.0,0.0,0.011250245305376978,0.0,0.0,0.0,0.0,0.0,0.007279622391343192,0.0,0.0,0.0,0.0,0.005625122652688489,0.0,0.0,0.0,0.0,0.0,0.0,0.0,0.0,0.0,0.0,0.0,0.0,0.0,0.005625122652688489,0.0,0.0,0.0,0.0,0.0,0.0,0.0,0.0,0.0,0.0,0.0,0.0,0.0,0.0,0.0,0.0,0.0,0.0,0.0,0.0,0.0,0.0,0.0,0.0,0.0,0.0,0.0,0.0,0.0,0.0,0.0,0.0,0.0,0.0,0.0,0.0,0.0,0.0,0.0,0.0,0.0,0.0,0.0,0.0,0.0,0.0,0.0,0.0,0.0,0.0,0.0,0.0,0.0,0.0,0.0,0.0,0.0,0.0,0.0,0.0,0.0
TTATCGCCTGCGAAGC-1,0.41416567871339494,0.24008101378935706,0.13670685014956294,0.0789939686646656,0.042534229471489104,0.06978587205067062,0.051319501348592485,0.03694956203775572,0.07618741056325035,0.0,0.007212310770042495,0.0,0.04500427436721434,0.0,0.0036644045186019535,0.019895652879726538,0.0,0.04374493402261107,0.0,0.0,0.0,0.008141071618909626,0.0,0.013628508260200671,0.0,0.0,0.005607809741870525,0.0,0.0,0.0,0.043248072027674944,0.00015039534743276916,0.0,0.023029740291994817,0.010167399654967083,0.0,0.0,0.010571146370164276,0.0,0.0,0.0,0.0007521044064959847,0.0,0.0,0.0,0.0,0.0026320337683450436,0.0,0.0,0.0,0.0,0.0,0.0,0.0,0.0,0.006149582731082046,0.0,0.0,0.0,0.0,0.0,0.0,0.0,0.0,0.0,0.020364766522697794,0.0,0.0,0.0,0.0,0.0,0.0,0.0,0.0,0.0,0.0047768857873711585,0.0,0.0,0.0,0.0,0.0,0.0,0.0,0.0,0.0,0.0,0.0,0.0,0.0,0.0,0.0,0.0,0.0,0.0,0.0,0.0,0.0,0.0,0.0,0.0,0.0,0.0,0.0,0.0,0.0,0.0,0.0,0.0,0.0,0.0,0.0,0.0,0.0,0.0,0.0,0.0,0.0,0.0,0.0
TTATCTGTATCATAAC-1,0.08420753604243517,0.01698685472943472,0.007920331095627956,0.014047437457648413,0.019167003770717096,0.0,0.0,0.014047437457648413,0.0,0.0014255794075241958,0.0,0.0,0.0,0.003550407368617529,0.004405097730306428,0.0,0.0,0.0,0.0,0.0,0.0,0.0,0.0,0.0,0.0,0.0,0.0,0.0,0.0,0.0,0.0,0.0,0.0,0.0,0.0,0.0,0.0,0.0,0.0,0.0,0.0,0.0,0.0,0.0,0.0,0.0,0.0,0.0,0.0,0.0,0.0,0.0,0.0,0.0,0.0,0.0,0.0,0.0,0.0,0.0,0.0,0.0,0.0,0.0,0.0,0.0,0.0,0.0,0.0,0.0,0.007023718728824207,0.0,0.0,0.0,0.0,0.0,0.0,0.0,0.0,0.0,0.0,0.0,0.0,0.0,0.0,0.0,0.0,0.0,0.0,0.0,0.0,0.0,0.0,0.0,0.0,0.0,0.0,0.0,0.0,0.0,0.0,0.0,0.0,0.0,0.0,0.0,0.0,0.0,0.0,0.0,0.0,0.0,0.0,0.0,0.0,0.0,0.0,0.0,0.0
TTATGAATGAAAGGGA-1,0.5670930656239612,0.3469333896453294,0.3257268338917594,0.10729269418761059,0.022133496234889128,0.0725009730117339,0.022720241532804136,0.005535472784614671,0.011692391193903947,0.0052436550272777745,0.023892479450461395,0.0,0.0,0.0,0.012130045764878264,0.004790847017784103,0.0,0.0,0.0,0.0,0.0,0.0,0.0,0.0,0.0,0.00620187853529063,0.0,0.0,0.0,0.002152568726770897,0.0,0.0,0.004305137453541794,0.019893703432565066,0.0,0.0,0.002152568726770897,0.0,0.0,0.012525975043699232,0.010457436117112796,0.0,0.0,0.0,0.0,0.0,0.0,0.0,0.002152568726770897,0.0,0.0,0.004133447765861992,0.0,0.0,0.0,0.0,0.0,0.0,0.0,0.0026653695397879135,0.001442478966389069,0.0,0.0,0.0,0.0,0.0,0.0,0.0018205147075377242,0.0,0.0,0.0,0.0,0.0,0.0,0.0,0.0,0.0,0.0,0.0,0.002152568726770897,0.0,0.0,0.0,0.0,0.0,0.0,0.0,0.0,0.0,0.00047989499475526397,0.0,0.0,0.0,0.002152568726770897,0.0,0.0,0.0,0.0021492020602645804,0.0,0.0,0.0,0.0,0.0,0.0,0.0,0.0,0.0,0.0,0.0,0.0,0.0,0.000802956145003389,0.0,0.0,0.0,0.0,0.0,0.0,0.0
TTATGACAAACTGGAT-1,0.30622400186743215,0.0,0.06972471223576643,0.05098165939495407,0.05152400773971717,0.02337055121388833,0.0,0.003205570023630501,0.0,0.0,0.014657151879998534,0.0,0.0,0.019076270213274644,0.0,0.015323418719464533,0.009615998110656977,0.0,0.0,0.0,0.027982914475719312,0.0,0.0,0.0,0.0,0.0,0.004145163398789777,0.0,0.0,0.0,0.0,0.0,0.0,0.0,0.0,0.0,0.0,0.0,0.0,0.0,0.0,0.0,0.0,0.0,0.0,0.0,0.0,0.005234989074638044,0.0,0.0,0.0,0.0,0.0,0.0,0.0,0.0,0.0,0.0,0.0,0.0,0.0,0.0,0.0,0.0,0.0,0.0,0.0,0.0,0.0,0.0,0.0,0.0,0.0,0.0,0.0,0.0,0.0,0.0,0.0,0.0,0.0,0.0,0.0,0.0,0.0,0.0,0.0,0.0,0.0,0.0,0.0,0.0,0.0,0.0,0.0,0.0,0.0,0.0,0.0,0.0,0.0,0.0,0.0,0.0,0.0,0.0,0.0,0.0,0.0,0.0,0.0,0.0,0.0,0.0,0.0,0.0,0.0,0.0,0.0
TTATGATCTTAACGAA-1,0.3785529691691191,0.0689685087956855,0.04445791658627564,0.04159270890714496,0.11190637613541457,0.008005004728664783,0.0,0.015016080508330356,0.0,0.0,0.007779131491715175,0.0,0.0,0.0,0.0026429717144564446,0.0,0.0,0.0,0.0,0.0,0.0,0.0007523102873183269,0.0,0.0,0.0,0.0,0.0,0.0,0.0,0.0,0.0,0.0,0.0,0.0,0.0,0.025047323920062307,0.0,0.0009814206750577452,0.0,0.0,0.0,0.0,0.0,0.0,0.0,0.0,0.0,0.0,0.0,0.0,0.0,0.0,0.0,0.0,0.0,0.0,0.0,0.0,0.006622388822379588,0.0,0.0,0.0,0.0,0.0,0.0,0.0,0.016781605912323062,0.0,0.009498409761126422,0.0,0.0,0.0,0.0,0.0,0.0,0.0,0.0,0.0,0.0,0.0,0.0,0.0,0.0,0.0,0.0,0.0,0.0,0.0,0.0,0.0,0.0,0.0,0.0,0.0,0.0,0.0,0.0,0.0,0.0,0.0,0.0,0.0,0.0,0.0,0.0,0.0,0.0,0.0,0.0,0.0,0.0,0.0,0.0,0.0,0.0,0.0,0.0,0.0,0.0
TTATGTTTGCGATAGA-1,0.5447451253163182,0.2862168533019392,0.010243318517596573,0.025790286686675674,0.10818426605341674,0.0836635994452348,0.06918684510957518,0.010199817437480593,0.04030844509333389,0.0,0.012953919132996431,0.0,0.021042652471691216,0.041922038530847805,0.006614050819181479,0.06338355426938151,0.0,0.044262776516447985,0.0,0.0023621465915723634,0.0,0.014694886202235571,0.0,0.011957175467364122,0.0,0.013049437622332322,0.00902494539256877,0.0,0.0005662705443061338,0.0,0.0,0.0,0.0,0.0,0.011856799116964276,0.0,0.0,0.014047257252414343,0.0,0.0,0.0,0.0,0.0,0.0,0.0,0.010732191274388486,0.0,0.0,0.010324516121183019,0.0,0.0006381768133723504,0.0,0.0,0.002391666527611177,0.0,0.0034258881652191216,0.0,0.0,0.0,0.0,0.0,0.0,0.004783333055222354,0.0,0.0,0.0,0.0,0.0,0.0,0.0,0.0,0.0,0.0,0.0,0.0,0.0,0.0,0.0,0.0,0.0,0.0,0.0,0.0,0.0,0.0,0.0,0.0,0.0,0.0,0.0,0.0,0.0,0.0,0.0,0.0,0.0,0.0,0.0,0.0,0.0,0.0,0.0,0.0,0.0,0.0,0.0,0.0,0.0,0.0,0.0,0.0,0.0,0.0,0.0,0.0,0.0,0.0,0.0,0.0
TTCAATACTCTGAATC-1,0.04043234008086631,0.0,0.05294823405354805,0.017845392271135397,0.005248709519800383,0.0,0.0,0.0029448939898329644,0.0,0.007916887134118922,0.0,0.0,0.0,0.0,0.010757825974918055,0.0,0.0,0.010092673004032578,0.0,0.0,0.0,0.0,0.0,0.013135157013975739,0.0,0.0,0.0,0.0,0.0,0.005248709519800383,0.0,0.0,0.006851940218266697,0.0,0.0,0.0,0.0,0.0,0.01654962812252799,0.0,0.0,0.0,0.0,0.0,0.0,0.0,0.0,0.0,0.0,0.0,0.0,0.0,0.0,0.005248709519800383,0.0,0.0,0.0,0.0,0.0,0.0,0.0,0.0,0.0,0.0,0.0,0.0,0.008245270265899766,0.0,0.0,0.0,0.0,0.0,0.0,0.0,0.0,0.0,0.005248709519800383,0.0,0.0,0.0,0.0,0.0,0.0,0.0,0.0,0.0,0.0,0.0,0.0,0.0,0.0,0.0,0.0,0.0,0.0,0.0,0.0,0.0,0.0,0.0,0.0,0.0,0.0,0.0,0.0,0.0,0.0,0.0,0.0,0.0,0.0,0.0,0.0,0.0,0.0,0.0,0.0,0.0,0.0
TTCACGAAAGGATCAC-1,0.10232524913285365,0.21024355573582199,0.04819034353714568,0.010443093517380993,0.016258188298832098,0.04055046067930124,0.0,0.010961450156853474,0.0007665333418276542,0.01872653671083361,0.0032935064105561697,0.0,0.02132049827115012,0.0,0.004228525344930145,0.0,0.0029243381445545483,0.09682751283148246,0.0,0.0,0.0,0.0020794754746122635,0.0,0.014088936422392933,0.0,0.017214373401537763,0.005840680741571786,0.09003797394483326,0.0,0.0,0.0,0.0,0.0,0.0,0.0,0.0,0.0,0.019430782449293325,0.0,0.004845093476245364,0.0,0.0,0.0,0.0,0.0,0.0,0.0,0.0,0.0,0.0038999956597727133,0.0,0.0,0.0,0.0,0.0,0.0,0.0009307866713654597,0.008862341153346638,0.0,0.0,0.0,0.0,0.0,0.0,0.0,0.0,0.0,0.0,0.0,0.0,0.0,0.0,0.0,0.0,0.0,0.0,0.0,0.0,0.0,0.0,0.0,0.0,0.0,0.0,0.0,0.00180460844342414,2.98808553336959e-05,0.0,0.0,0.0,0.0,0.0,0.005006669290060557,0.0,0.0,0.0,0.0,0.0,0.0,0.0,0.0,0.0,0.0,0.0,0.0,0.0,0.0,0.0,0.0,0.0,0.0,0.0,0.0,0.0,0.0,0.0,0.0,0.0,0.0
TTCAGGCGTCAAAGCC-1,0.18513827029155305,0.4225847257935093,0.062040389489762926,0.0,0.013641740736553996,0.02995732862401673,0.0,0.08078376588723248,0.01311734322993423,0.02505548651031184,0.014844947306223853,0.0,0.0,0.02221644040278572,0.016245340943444167,0.017075678646396537,0.018229935132654636,0.0,0.0,0.0,0.0029473063436871766,0.002524540302930218,0.001735307190530633,0.0,0.0,0.011012909810610903,0.004557909004545946,0.0,0.034509098532488104,0.0,0.0,0.002065153498656506,0.005559566121709193,0.0,0.0,0.0,0.006072211545217652,0.0,0.0,0.0014945693573926249,0.00017838445445723404,0.033600098762104486,0.0,0.001075034206400371,0.0,0.0,0.0,0.006076651968214118,0.002440560194272881,0.0007529685291649048,0.004776706033880328,0.006336611480790741,0.003166307241037785,0.0,0.0,0.0,0.002496594884106803,0.0,0.0,0.0095383326920589,0.0,0.0,0.0,0.00025646061792694786,0.0069298201123002764,0.0,0.0,0.0015869751236940051,0.0,0.00025623760801836296,0.0,0.0,0.0,0.0,0.0,0.0,0.0,0.00120666935593644,0.0,0.0,0.0,0.0,0.0,0.0,0.0,0.0,0.00024541404709922367,0.0,0.0009537130210680488,0.0,0.0017160534130037557,0.0,0.0,0.002737256984818235,0.0,0.0,0.0,0.0,0.0,0.002691052933081666,0.0,0.0,0.0019466634478160956,0.0,0.0,0.0,0.0,0.0,0.0,0.0,0.0,0.0,0.0,0.0,0.0,0.0,0.0,0.0,0.0
TTCCAATCTGGCTATC-1,0.2930929365641401,0.1158278834696421,0.0,0.0,0.02542216968654268,0.04626900101857965,0.04165765240429086,0.01736039371029872,0.02030766502944946,0.0,0.013611110830340625,0.0,0.0,0.0,0.015444320919645685,0.014891224553040806,0.0,0.0,0.0,0.0,0.0,0.0,0.0,0.0,0.0,0.010847952793616627,0.0,0.07046407035511859,0.0,0.0,0.0,0.0,0.011893792058625188,0.0,0.0,0.0,0.030258528883628993,0.0,0.0,0.0,0.0,0.0,0.0,0.0,0.0,0.0,0.0,0.0,0.0,0.0,0.0,0.006355930262547871,0.002973448014656297,0.0,0.0,0.0,0.0,0.0,0.0,0.0,0.0,0.0,0.0,0.0006856106078621987,0.0,0.0,0.0,0.0,0.0,0.0,0.0,0.0,0.0,0.0,0.0,0.0,0.0,0.004156186790137246,0.0,0.0,0.0,0.0,0.0,0.0,0.0,0.0,0.0,0.0,0.0,0.0,0.0,0.0,0.0,0.0,0.0,0.004008946729052683,0.0,0.0,0.0,0.0,0.0,0.0,0.0,0.0,0.0,0.0,0.0,0.0,0.0,0.0,0.0,0.0,0.0,0.0,0.0,0.0,0.0,0.0,0.0
TTCCACACAGATTTGA-1,0.24122373520332127,0.09579785732165787,0.12094200069119643,0.007248712486777009,0.02958977543476878,0.038605996659107855,0.08735572834575216,0.07746855843982618,0.026733758425488436,0.08817612203126951,0.036344222770205145,0.054969678978267204,0.009287462284700053,0.017913788397395,0.015443678241631608,0.030176650838830595,0.0,0.0,0.0,0.009915601613315518,0.0,0.010027807852328315,0.0,0.0008838049859101076,0.0138309001386415,0.0,0.004213221600964183,0.03712064379372908,0.0,0.0,0.03246244213069601,0.006413452378545101,0.01190446629628311,0.0,0.0025343037447154437,0.006066512565604671,0.010698925594575522,0.0,0.0,0.0,0.0007137480281683684,0.003062079242643043,0.0,0.0010389784416450008,0.0,0.0,0.0,0.0016467505795044245,0.0,0.0013095389640161636,0.0025462691675643247,0.0061042509503706046,0.0,0.0,0.0,0.0,0.0011550577841955248,0.0021329142537683757,0.0,0.002874238090780176,0.0,0.0,0.0,0.004247146287538308,0.0,0.0,0.0,0.0004010200787705043,0.00406589450439563,0.0,0.0,0.0,0.0,0.0,0.0,0.0,0.0,0.0,0.0,0.0,0.0,0.0,0.0,0.0,0.0,0.006067416531324228,0.00035211982531679176,0.0,0.0,0.004164131727273393,0.0,0.0,0.0016536019998915664,0.0,0.0004296798833917147,0.0,0.0,0.0,0.0,0.0,0.0,0.0,0.0006513660734974225,0.0,0.0,0.0,0.0,0.0,0.0,0.0,0.0,0.0005779879116856026,0.0,0.0008233752897522122,0.0,0.0,0.0,0.0,0.0
TTCCGCGTGAGGCGAT-1,0.36197651547241466,0.38424971330579083,0.24830397209452965,0.046061888735403025,0.006994059481602033,0.029384591338287226,0.0,0.007707628792650489,0.0,0.0,0.04142945247891652,0.0,0.0,0.0,0.021941199767807118,0.0,0.019632815426061538,0.04162449115550522,0.012463711395357917,0.0,0.0,0.014151330083707966,0.011220939943513086,0.02122500235096996,0.0,0.0,0.0,0.0,0.0,0.0,0.0,0.003446439744171882,0.0,0.0,0.0,0.0,0.0,0.0,0.0,0.0013272054133834136,0.006591245219908094,0.0,0.0,0.0,0.0,0.0,0.0,0.0,0.0,0.0,0.0,0.0,0.0,0.0,0.0,0.0,0.0,0.0,0.004660523777425185,0.0,0.0,0.0,0.0,0.0,0.0,0.0,0.0,0.0,0.0,0.0,0.0,0.0,0.0,0.0,0.0,0.0,0.0,0.0,0.0,0.0,0.0,0.0,0.0,0.0,0.0,0.0,9.487987062444657e-05,0.0,0.0,0.0,0.0,0.0,0.0,0.0,0.0,0.0,0.0,0.0,0.0,0.0,0.0,0.0,0.0,0.0,0.0,0.0,0.0,0.0,0.0,0.0,0.0,0.0,0.0,0.0,0.0,0.0,0.0,0.0,0.0
TTCCGGCCTTGAGGCT-1,0.08986295338602043,0.026602695765611736,0.031155433337631537,0.013177656498917098,0.0,0.006146143921247174,0.005448510838995495,0.031379094543381905,0.0004710204926892912,0.0016930945120729405,0.006890005137474775,0.0,0.0,0.005807074526939267,0.028693838063331707,0.009653657090222445,0.016756147453904708,0.013604624258063877,0.0,0.011622275001906051,0.009190366607218607,0.002338913987249528,0.0,0.007578263249447984,0.015620545662362033,0.001787363368906443,0.0,0.0,0.0,0.0,0.0,0.022845699615561352,0.0,0.0014154883032644124,0.0,0.0,0.0,0.0007359210411995555,0.016301951303760123,0.0021201311953347748,0.0009119552993914802,0.011293181636606982,0.0,0.0,0.00062429180072427,0.0,0.00039916724749004443,0.0,0.0,0.0,0.00166590023176885,0.0,0.004057085201750854,0.0,0.0,0.0005579083063649195,0.0024276539480501936,0.0,0.0,0.0005520272219840397,0.00035002837165681465,0.0,0.0,0.0011340951246537904,0.0,0.0,0.0005275243285141024,0.0,0.0,0.000807778132009783,0.0,0.0,3.340881539534057e-05,0.0,0.0,0.0,0.0,0.0,0.0,0.0,0.0,0.0,4.7104280863805474e-05,0.0,0.0,0.0,0.0006736041829840797,0.0,0.000903307062324844,0.0,6.436814288178487e-05,0.0,0.0,0.0,0.0,0.0,0.0,0.0,0.0,0.0,0.0,0.0004678806941206331,0.0,0.0,0.0,0.0,0.0,0.0,0.0,0.0,0.0,0.0,0.00015624980419252988,0.0,0.0,0.0,0.0,0.0,0.0
TTCCTCGAGGGTGTCT-1,0.7653226126844208,0.1902897675535265,0.09388517580651856,0.0,0.16753240002041114,0.012464054757532653,0.0,0.09813941637996479,0.0,0.0,0.003536560675221106,0.0,0.03046538467202834,0.0028909580979688374,0.008978927542752282,0.009333117668027182,0.0074877312422372555,0.04016383369776647,0.0,0.009316342478831369,0.0,0.0,0.0,0.01754120391776647,0.0,0.0,0.0,0.06111036839907449,0.0,0.0,0.0,0.0,0.0,0.0,0.0,0.018199983972705412,0.0,0.0,0.0,0.0,0.0,0.0,0.0,0.0,0.0,0.0,0.0,0.0,0.0,0.0,0.0,0.0,0.0,0.0,0.0,0.0,0.0,0.0,0.0,0.0,0.0,0.010443933319594883,0.0,0.0,0.0,0.0,0.0,0.006187224859382445,0.0,0.01438466813028959,0.0,0.0,0.0,0.006554543670974646,0.0,0.0,0.0,0.0,0.0,0.0,0.0,0.0,0.0,0.0,0.0,0.0,0.0,0.0,0.0,0.0,0.0,0.0,0.0,0.0,0.0,0.0,0.0,0.0,0.0,0.0,0.0,0.0,0.0,0.0,0.0,0.0,0.0,0.0,0.0,0.0,0.0,0.0,0.0,0.0,0.0,0.0,0.0,0.0,0.0
TTCCTCTGCCCGAATA-1,0.8303676049885615,0.40540537174259883,0.11683700126711304,0.09386415761176901,0.019438380577319753,0.024780927177177503,0.048786368953345094,0.009198588748823872,0.008853930998132191,0.03302594881164739,0.040059316183420665,0.0,0.004527385135893519,0.048637982430177,0.01545855774198757,0.02227297012810618,0.0,0.0,0.0,0.01635349032292163,0.012745654702659166,0.01030432681691404,0.0,0.003985779136492169,0.0,0.0,0.0038590379879793707,0.0,0.005993381264189753,0.0,0.0,0.0,0.0,0.058655562602611996,0.009471613871503276,0.0,0.008184436169324858,0.007021125217902501,0.0,0.0006749531355910761,0.00029339299085663384,0.0,0.0,0.0,0.0,0.0,0.0,0.0,0.0,0.0,0.0,0.007964410445508335,0.0,0.0,0.0,0.0,0.00198639839294545,0.0,0.0,0.0,0.0,0.0,0.0,0.0,0.0,0.0,0.0,0.0007146847196245474,0.0,0.0,0.0,0.0,0.0,0.0,0.0,0.0,0.0,0.0,0.0,0.0,0.0,0.0,0.0,0.0,0.0,0.0014312524775053686,0.0003689287132535453,0.0,0.0,0.0012296854498117492,0.0,0.0014312524775053686,0.0,0.0,0.0,0.0,0.0008436003770626954,0.0,0.0,0.0,0.0,0.0007621720528165055,0.0,0.0,0.0,0.0,0.0,0.0,0.0,0.0,0.0,0.0,0.0,0.0,0.0,0.0,0.0,0.0,0.0
TTCGGGCGCTAGTCTT-1,0.041613247455934727,0.029750796234710365,0.008977403479082713,0.0,0.0004298723865945786,0.0006953159178074822,0.0,0.021926925898105656,0.0006240700833417556,0.00033048170934197864,0.002568063333066675,0.0,0.0,0.01693453009821663,0.01751031628719149,0.00015689375125483936,0.031786133047867586,0.0050739961431758435,0.0,0.060871234364812926,0.0,0.004407027079058339,0.0,0.004767926080806393,0.0081031480796023,0.0,0.0,0.0,0.0025922165955769645,0.0033310424281587005,0.0,0.0,0.001445952122977199,0.0019991564232396757,0.0,0.0,0.0,0.00030049078594029623,0.015745811958335368,0.0007809838391951934,0.0,0.0,0.0,0.0,0.0,0.0,0.0,0.00029127043535894914,0.0,0.0023410841837843716,0.007189818145684009,0.0,0.008046238795667713,0.0,0.0012054759379820767,0.0027080191007055683,0.0,0.0,0.0,0.00013774826424513574,0.0005230663008733645,0.0,0.0,0.0002933448877216651,0.0003923617482766857,0.0,0.0,0.0,0.0,0.0,0.0,0.0,0.00010377641256970028,0.0,0.00031693161713762443,0.0,0.0,0.0,0.0,0.0,0.0,0.0,0.0,0.0,0.0,0.0,2.7401253001971845e-05,0.0,0.001018424231449715,0.0,0.0002800757913638402,0.0,0.0,0.0,0.0,0.0,0.0,0.0,0.0,0.0,0.0,0.0,0.00010653855250411157,0.0,0.0,0.0,0.0,0.0,0.00011286497709101083,3.405973076906176e-05,0.0,0.0,0.0,0.0,0.0,0.0,0.00023560630730930874,0.0,0.00017787090159743224
TTCGTACTCCAGAACG-1,0.6670272629501933,0.14034534101556057,0.003128417815319289,0.10145076496388787,0.11941765202809551,0.006962406052538958,0.014683647737380344,0.020367911527801735,0.008019996762807034,0.023602555943413046,0.009545684239466347,0.0,0.0,0.0,0.004514883793578167,0.016261325599683532,0.0,0.0,0.0,0.0,0.0,0.003227549029067958,0.0,0.0,0.0,0.0,0.0,0.0,0.0,0.0,0.0,0.0,0.0,0.0,0.0,0.0,0.0,0.014641434327716165,0.0,0.0,0.014028929709120095,0.0,0.0,0.0,0.002254701325903712,0.0,0.0,0.0028410776597104148,0.004709974521181892,0.0,0.0,0.0,0.0,0.0028410776597104148,0.0,0.008701863568914127,0.0,0.0,0.0,0.0,0.0,0.0,0.0,0.0,0.0,0.0,0.0,0.0,0.0,0.0,0.0,0.0,0.0,0.0,0.0,0.011094625595272137,0.003991889047732234,0.0,0.0,0.0,0.0,0.0,0.0,0.0,0.0,0.0,0.0,0.0,0.0,0.0,0.0,0.0,0.0,0.0,0.0,0.0,0.0,0.0,0.0,0.0,0.0,0.0,0.0,0.0,0.0,0.0,0.0,0.0,0.0,0.0,0.0,0.0,0.0,0.0,0.0,0.0,0.0,0.0,0.0
TTCTACTTGCGAGGGC-1,0.8319700098016237,0.7136810130308338,0.05218409299952905,0.020785586005096432,0.07526743307462744,0.04889871925870912,0.07401198766442282,0.01964447215282197,0.0413394638844223,0.01876947646284367,0.0031841330770663355,0.009775043794995632,0.00942935030646865,0.02183569670237213,0.006444280975658263,0.015891554065117556,0.0,0.0,0.004277439247580737,0.0,0.0,0.0,0.0014129943252357393,0.006747906533126707,0.0,0.0,0.011412252926607084,0.03746979131178786,0.0,0.0,0.0,0.00022709291629603777,0.0,0.0,0.006261130886591782,0.0,0.0,0.00788309245993494,0.0,0.0013260751752245125,0.014970996991058479,0.0009555080117685413,0.0,0.0017984659843597417,0.0,0.002255938007851658,0.0,0.00959821791916213,0.0,0.0,0.0001949949519533794,0.0,0.0,0.0,0.0,0.0,0.023798494228696003,0.0,0.0,0.0,0.0,0.0,0.0,0.0024910546203471863,0.0,0.0,0.0,0.0,0.0,0.0,0.0,0.0,0.0,0.0,0.0,0.0,0.0,0.0,0.0,0.0,0.0,0.0,0.0,0.0,0.0,0.0,0.00024614630706779305,0.0,0.0,0.0,0.0,0.0024015898034037892,0.0,0.0,0.0,0.0,0.0019160206481634934,0.0,0.0,0.0004084687501258538,0.0,0.0,0.0,0.0,0.0,0.0,0.0,0.0,0.0,0.0,0.0,0.0,0.0,0.0,0.000795852673490362,0.0,0.0,0.0,0.0
TTCTGCCGCGCCTAGA-1,0.1567879874233512,0.0,0.028942054505618278,0.03011587291318503,0.00788438570239751,0.03586484674703298,0.0,0.0,0.011139555566798524,0.008309357526585272,0.03031935638474749,0.0,0.013092889994723828,0.0,0.0,0.0,0.0,0.0,0.0,0.0,0.0,0.0,0.0,0.0,0.0,0.0,0.0,0.0,0.0,0.0,0.0,0.0,0.0,0.0,0.0,0.0,0.0,0.0,0.0,0.0,0.0,0.0,0.0,0.0,0.0,0.00852374460110683,0.0,0.0,0.0,0.0,0.0,0.0,0.0,0.0,0.0,0.0,0.0,0.0,0.0,0.0,0.0,0.0,0.0,0.0,0.0,0.0,0.0,0.0,0.0,0.0,0.0,0.006740293492971438,0.0,0.0,0.0,0.0,0.0,0.0,0.0,0.0,0.0,0.0,0.0,0.0,0.0,0.0,0.0,0.0,0.0,0.0,0.0,0.0,0.0,0.0,0.0,0.0,0.0,0.0,0.0,0.0,0.0,0.0,0.0,0.0,0.0,0.0,0.0,0.0,0.0,0.0,0.0,0.0,0.0,0.0,0.0,0.0,0.0,0.0,0.0
TTCTGCGAGCGCCCTT-1,0.368360247980062,0.3942914638925829,0.195744398454214,0.12720655907673487,0.08248291566967954,0.028079098236899323,0.03126404822429992,0.0,0.0,0.0,0.00545519858564757,0.036561738857647505,0.0,0.0,0.004346636698776739,0.028370567953222417,0.0,0.0,0.0,0.0,0.0,0.0,0.0,0.0,0.0,0.028164320529769703,0.009819272277282555,0.0,0.0,0.004564302231267478,0.0,0.0,0.0,0.05085284600698789,0.0,0.0,0.0,0.0,0.0,0.0,0.0,0.004689408161588581,0.0,0.0,0.0,0.0,0.0,0.0,0.0,0.009128604462534957,0.0,0.0,0.0,0.0,0.0,0.0,0.0,0.0,0.0033057494109202334,0.0,0.0,0.0,0.0,0.0018783093975917146,0.00819386589272029,0.0,0.0,0.0,0.0,0.0,0.0,0.0,0.0,0.0,0.0,0.0,0.0,0.0,0.0,0.0,0.0,0.0,0.0,0.0,0.0,0.0,0.0,0.0,0.0,0.0,0.0,0.0,0.0,0.0,0.0,0.0,0.0,0.0,0.0,0.0,0.0,0.0,0.0,0.0,0.0,0.0,0.0,0.0033057494109202334,0.0,0.0,0.0,0.0,0.0,0.0,0.0,0.0,0.0,0.0,0.0
TTCTGCTAGACTCCAA-1,0.2697090217384353,0.07989606709802925,0.0,0.0,0.012660628083358851,0.0,0.0,0.007802759847715489,0.0,0.0,0.0,0.0,0.0,0.0,0.0,0.0,0.0,0.0,0.0,0.0,0.0,0.0,0.0,0.0,0.0,0.0,0.0,0.0,0.0,0.0,0.0,0.0,0.0,0.0,0.0,0.0,0.0,0.0,0.0,0.0,0.0,0.0,0.0,0.0,0.0,0.0,0.0,0.0,0.0,0.0,0.0,0.0,0.0,0.009563663423220181,0.0,0.0,0.0,0.0,0.009563663423220181,0.0,0.0,0.0,0.0,0.0,0.0,0.0,0.0,0.0,0.0,0.0,0.0,0.0,0.0,0.0,0.0,0.0,0.0,0.0,0.0,0.0,0.0,0.0,0.0,0.0,0.0,0.0,0.0,0.0,0.0,0.0,0.0,0.0,0.0,0.0,0.0,0.0,0.0,0.0,0.0,0.0,0.0,0.0,0.0,0.0,0.0,0.0,0.0,0.0,0.0,0.0,0.0,0.0,0.0,0.0,0.0,0.0,0.0,0.0,0.0
TTCTTGAGCCGCGCTA-1,0.44910283220072506,0.055523927939386486,0.12778196448239518,0.0706723824297995,0.024060578564909032,0.017415889563763838,0.017238037485368153,0.035916862145921186,0.010890888947564084,0.05103806992203661,0.02624855229886213,0.06093137055343153,0.0,0.0,0.0,0.02802989590060471,0.0,0.0,0.0,0.0,0.0,0.0,0.0,0.0,0.0,0.0,0.002866683909161322,0.0,0.0,0.0,0.0,0.0,0.0,0.0,0.0,0.0,0.0,0.0,0.0,0.0,0.0,0.0,0.0,0.0,0.0,0.006095875342847797,0.0,0.0,0.0,0.0,0.0,0.0,0.0045927835900869945,0.0,0.0,0.0,0.0,0.0,0.0,0.0,0.0,0.0,0.0,0.0,0.0,0.0,0.0,0.0,0.0,0.0,0.0,0.0,0.0,0.0,0.0,0.0,0.0,0.0,0.0,0.0,0.0,0.0045927835900869945,0.0,0.0,0.0,0.0,0.0,0.0,0.0,0.0,0.0,0.0,0.0,0.0,0.0,0.0,0.0,0.0,0.0,0.0,0.0,0.0,0.0,0.0,0.0,0.0,0.0,0.0,0.0,0.0,0.0,0.0,0.0,0.0,0.0,0.0,0.0,0.0,0.0
TTCTTGGACGATCTGC-1,0.026150386249881207,0.00947728773486211,0.01002169618453167,0.0,0.0,0.0013414711351242743,0.0,0.01439766068966193,0.0,0.0,0.00027749989153308386,0.0,0.0,0.019949694623189528,0.011773228023910896,0.0,0.02171217788015485,0.0014000785648178252,0.0,0.021297110508009687,0.0,0.0029049846387800044,0.0,0.0020164014532515584,0.0,0.0,0.0,0.0,0.0,0.005114801296436401,0.0,0.0,0.00576766452612709,0.0,0.0,0.0008490758748841658,0.0,0.0,0.0,0.0038390412811609032,0.0001455359747534296,0.0,0.0,0.0,0.0,0.0,0.00022923306670651056,0.0,0.0,0.001349528974647928,0.0,0.0,0.0001676275100205548,0.0,0.0,0.0,0.0,0.0,0.0,0.0008989137976958463,0.0002969961105664142,0.0,0.0,0.00025392291542917594,0.0,0.0,0.0001897974601785446,0.0,0.00011815679523613649,0.0,0.0,0.0,0.00020097152533071796,0.0,0.0007204074139011149,0.0,0.0,0.0,0.0,0.0,0.0,0.0,0.0,0.0,0.0,0.0,0.0,0.0,0.0,0.0,0.0,0.0,0.0,0.0,0.0,0.0,0.0,0.00039707240653472173,0.0,0.0,0.0,0.0001254567602774449,0.0,0.0,0.0,0.0,0.0,0.0,0.0,0.0,0.0,0.0,0.0,0.0,0.0,0.0,0.0,0.0,0.0
TTCTTGTAACCTAATG-1,0.8381316831428938,0.5304134433969521,0.11213685988888863,0.0,0.045953132535211445,0.030540129447526435,0.0588224178635466,0.020037054480499996,0.05234181464617088,0.019707917501255716,0.0,0.008122361640372054,0.014703975287386761,0.0,0.0008617162146305805,0.02625445280092303,0.0,0.020777154249988276,0.0,0.0,0.0,0.020397832171474638,0.0,0.011875365952429613,0.0,0.0,0.005712226022575831,0.061959296331231595,0.0,0.0,0.0,9.427466743180512e-05,0.0,0.0,0.0,0.0,0.008087798293919778,0.0,0.0,0.0,0.0,0.0,0.0,0.004273380470760761,0.0,0.005019429195945155,0.0,0.0,0.010367937186634897,0.0,0.0,0.0023894776224351382,0.0,0.0,0.0,0.0,0.0,0.005892393755299031,0.0,0.0,0.0,0.0,0.0,0.0,0.0,0.0,0.0,0.0,0.0,0.0,0.0,0.0,0.0,0.00800027126629459,0.0,0.0,0.0,0.0,0.0,0.0,0.0,0.0,0.0,0.0,0.0,0.0030683690979746224,0.0,0.0,0.0,0.0,0.0,0.0,0.006600143609897779,0.0,0.0,0.0,0.0,0.0,0.0,0.0,0.0,0.0,0.0,0.0,0.0,0.0,0.0,0.0,0.0,0.0,0.0,0.0,0.0,0.0,0.0,0.0,0.0,0.0,0.0
TTGAATATGGACTTTC-1,0.05887129871670936,0.0029222816322592134,0.07517061336998365,0.02231794163688355,0.012198220718770317,0.0,0.0,0.0,0.0,0.0,0.0,0.0,0.0,0.0,0.0029767381557265537,0.0,0.0,0.0,0.0,0.0,0.0,0.005527076264444404,0.0,0.0,0.0,0.0,0.0029239368045641495,0.0,0.0,0.0,0.0,0.0,0.0,0.0,0.0,0.0,0.0,0.0,0.0,0.0,0.0,0.0,0.0,0.0,0.0,0.0,0.0,0.0,0.0,0.0,0.0,0.0,0.0,0.0,0.0,0.0,0.0,0.0,0.017341092233993532,0.0,0.0,0.0,0.0,0.0,0.0,0.0,0.0,0.0,0.0,0.0,0.0,0.0,0.0,0.0,0.0,0.0,0.0,0.0,0.0,0.0,0.0,0.0,0.0,0.0,0.0,0.0,0.0,0.0,0.0,0.0,0.0,0.0,0.0,0.0,0.0,0.0,0.0,0.0,0.0,0.0,0.0,0.0,0.0,0.0,0.0,0.0,0.0,0.0,0.0,0.0,0.0,0.0,0.0,0.0,0.0,0.0,0.0,0.0,0.0
TTGACATGAACGTGGA-1,0.0,0.0,0.0,0.0,0.0,0.007535303245004248,0.0,0.0,0.023384744336073595,0.0229776359527815,0.0,0.03745147944896992,0.0,0.0,0.00874582602599177,0.0,0.0,0.0,0.0,0.0,0.0,0.0,0.0,0.0,0.0,0.0,0.0,0.0,0.005738382308521031,0.01864423812066435,0.0,0.0,0.0,0.0,0.0,0.0,0.0,0.0,0.0,0.0,0.0,0.0,0.0,0.0074704499279951864,0.0,0.0,0.0,0.0,0.0,0.0,0.0,0.0,0.0,0.0,0.009322119060332175,0.0,0.03543680710899171,0.0,0.0,0.0,0.0,0.0,0.0,0.0,0.0,0.0,0.0,0.0,0.0,0.0,0.0,0.0,0.0,0.0,0.0,0.0,0.0,0.0,0.0,0.0,0.0,0.0,0.0,0.0,0.0,0.0,0.0,0.0,0.0,0.0,0.0,0.0,0.0,0.0,0.0,0.0,0.0,0.0,0.0,0.0,0.0,0.0,0.0,0.0,0.0,0.0,0.0,0.0,0.0,0.0,0.0,0.0,0.0,0.0,0.0,0.0,0.0,0.0,0.0
TTGACCATGTTCTCCG-1,0.092235655995822,0.0,0.030203675042757443,0.04002195284839052,0.02457874708916463,0.011810140720765366,0.01848232700340645,0.02220106040460374,0.03596320139198128,0.008195815832236322,0.004072402017952062,0.0,0.0,0.0,0.0,0.0024441791715265203,0.0,0.0,0.0,0.0,0.0,0.01268045937292395,0.0,0.0,0.0,0.0,0.004011962706304356,0.0,0.0,0.0,0.0,0.0,0.003027563732634382,0.0,0.0,0.0,0.0,0.004895095569054777,0.0,0.0,0.0,0.0,0.0,0.0,0.0,0.012990452081343792,0.0,0.017568401356795174,0.0,0.0,0.0,0.0,0.0,0.003027563732634382,0.0,0.0,0.0,0.0,0.0,0.0,0.0,0.0,0.0,0.0,0.0,0.0,0.0,0.0,0.0,0.0,0.0,0.0,0.0,0.0,0.0,0.003215675024195384,0.0,0.0,0.0,0.0,0.0,0.0,0.0,0.0,0.0,0.0,0.0,0.0,0.0,0.0,0.0,0.0,0.0,0.0,0.0,0.0,0.0,0.0,0.0,0.0,0.0,0.0,0.0,0.0,0.0,0.0,0.0,0.0,0.0,0.0,0.0,0.0,0.0,0.0,0.0,0.0,0.0,0.0,0.0
TTGACCGTGTTAATGA-1,0.33878563158119385,0.1449023537697458,0.0361220319043042,0.016030406333371418,0.013496340975942798,0.01803759147832014,0.001645439568443458,0.03876771159113841,0.0019816256888563026,0.0009401637335582869,0.003133307102273551,0.0,0.03455266286744714,0.03485602465652697,0.06976659024506843,0.0081507087163343,0.015006729331743712,0.014006977649069788,0.0,0.013306159337921047,0.0,0.0024391675747011472,0.00162266617730496,0.007249785365626878,0.02762403306983511,0.0,8.029187905948256e-05,0.0,0.0,0.004353139195898102,0.0,0.030222184093384966,0.012821283583697076,0.001717543454254431,0.0021619324229953697,0.0,0.0,0.0,0.0,0.0032808343537429428,0.000407686884810098,0.0,0.0,0.0027856492793566488,0.0,0.0,0.00029337865940587236,0.0,0.0,0.0024294421621648167,0.014064744236569946,0.0,0.009854691845025843,0.0,0.0006231625032327448,0.0,0.000779877595326329,0.0,0.0,0.000256252535984354,0.0003513746835709106,0.0,0.0,0.0,0.0,0.0,0.003100248441781585,0.0,4.378137442509656e-05,0.0,0.0,0.0,0.0037058498716852476,0.0,0.0026113925177950028,0.0,0.0,0.0,0.0,0.0,0.0,0.0,0.001231246004164269,0.0,0.0,0.0,0.00024020652358464357,0.0,0.0,0.0,0.0,0.0,0.0,0.0,0.00019074747713936294,0.0,0.0,0.0,0.0,0.0,0.0,0.0008011093231523854,0.0,0.0,0.0,0.0,0.0,0.0,0.0,0.0,0.0,0.0,0.0,0.0,0.0,0.0,0.0,0.0,0.0
TTGACTACCATATGGT-1,0.15872287308172423,0.060370300052013645,0.03519128372514025,0.035543144805766945,0.03391276907423635,0.0038756223149134053,0.0,0.0,0.0,0.0,0.01722621068604456,0.0,0.0,0.040088165590696195,0.0,0.0,0.0,0.0,0.0,0.016730612551245926,0.0,0.0,0.0,0.0,0.0,0.0,0.0,0.0,0.0,0.0,0.0,0.0,0.0066552742708393675,0.0,0.0,0.0,0.0,0.0,0.0,0.0,0.0,0.0,0.0,0.0066552742708393675,0.0,0.0066552742708393675,0.0025306991326661255,0.0,0.0,0.0,0.0,0.0,0.0,0.0,0.0,0.0,0.0,0.0,0.0,0.0,0.0,0.0,0.0066552742708393675,0.0,0.0,0.0,0.0,0.0,0.0,0.0,0.0,0.0066552742708393675,0.0,0.0,0.0,0.0,0.0,0.0,0.0,0.0,0.0,0.0,0.0,0.0,0.0,0.0,0.0,0.0,0.0,0.0,0.0,0.0,0.0,0.0,0.0,0.0,0.0,0.0,0.0,0.0,0.0,0.0,0.0,0.0,0.0,0.0,0.0,0.0,0.0,0.0,0.0,0.0,0.0,0.0,0.0,0.0,0.0,0.0,0.0
TTGAGAGTACTGCTAA-1,0.284888301777843,0.1511932168969097,0.06505830884731567,0.047070836724462675,0.01859424166102777,0.023364557522402706,0.008518119191524454,0.01078645103672617,0.0,0.0,0.024021844326639848,0.0,0.029531641666005526,0.0,0.0,0.0,0.021664289377364573,0.0,0.0,0.0,0.0,0.007083622291271564,0.0,0.0,0.0,0.0,0.0027356938327746526,0.0,0.0,0.0,0.04442851976578921,0.0,0.0,0.0,0.0,0.0,0.0,0.0,0.0,0.0,0.0,0.0,0.0,0.0,0.0,0.0,0.0,0.0,0.0,0.0,0.0,0.0,0.0,0.0,0.0,0.0,0.0,0.0,0.0,0.0,0.0,0.0,0.007083622291271564,0.0,0.0,0.004176986420512818,0.0,0.0,0.0,0.0,0.0,0.0,0.0,0.007083622291271564,0.0,0.0,0.0,0.0,0.0,0.0,0.0,0.0,0.0,0.0,0.0,0.0,0.0,0.0,0.0,0.0,0.0,0.0,0.0,0.0,0.0,0.0,0.0,0.0,0.0,0.0,0.0,0.0,0.0,0.0,0.0,0.0,0.0,0.0,0.0,0.0,0.0,0.0,0.0,0.0,0.0,0.0,0.0,0.0,0.0
TTGATTAGCTGTTTCT-1,0.23245609995758487,0.061500581216576825,0.10499066398370764,0.02588905061677376,0.01770653761987436,0.031091141177772563,0.03801116569166159,0.046291591728613524,0.009047851309001893,0.004626143963212143,0.008395654738513546,0.0,0.0,0.023584520522340096,0.029177818328126288,0.00983356571506463,0.0,0.004710993886769895,0.0,0.0,0.0,0.0037156506786419174,0.0,0.007160950816322325,0.0,0.0,0.0,0.0,0.001009143808255324,0.0,0.0,0.0,0.0,0.0,0.0067321308476267225,0.0,0.0,0.0,0.0031920744349562824,0.0,0.0001840052139949139,0.0,0.0,0.0,0.0,0.0,0.002083153721211326,0.0,0.0,0.001775808114720356,0.0,0.0,0.0,0.0,0.0,0.0,0.01459476403300075,0.0,0.0,0.0,0.0,0.0,0.0,0.0,0.0,0.0,0.0,0.0,0.0,0.0,0.0,0.0,0.0,0.0,0.0,0.0,0.0,0.001775808114720356,0.0,0.0,0.0,0.0,0.0011505637656137116,0.0,0.0,0.0,0.0,0.0,0.0,0.0,0.0,0.0,0.0,0.0,0.0,0.0,0.0,0.0,0.0,0.0,0.0,0.0,0.0,0.0,0.0,0.0,0.0,0.0,0.0,0.0,0.0,0.0,0.0,0.0,0.0,0.0,0.0,0.0,0.0
TTGATTATGCAGATGA-1,0.4860094091731042,0.243067741507778,0.09467240828109569,0.06916953520260895,0.06284786092231621,0.031962829280378635,0.007808034613430076,0.011744826693924921,0.0,0.0,0.02257261317682805,0.0,0.0,0.01722492970650659,0.008922908780169839,0.017965695019631404,0.0,0.0,0.0,0.0,0.0,0.0,0.0,0.0,0.0,0.0,0.00685340846732845,0.0,0.0,0.0,0.0,0.0,0.0,0.0,0.0,0.0,0.0,0.0,0.0,0.010043355274359653,0.00829122862558575,0.0,0.0,0.0,0.0,0.0,0.0,0.0,0.003273846751013097,0.0,0.0009423089362481659,0.0,0.0,0.0,0.0,0.0,0.0,0.0,0.0,0.0,0.0,0.0,0.004379766937241357,0.0,0.0,0.0,0.0,0.0,0.0,0.0,0.0,0.0,0.0,0.0,0.0,0.0,0.0,0.0,0.0,0.0,0.0,0.0,0.0,0.0,0.0,0.0,0.0,0.0,0.0,0.0,0.0,0.0,0.0,0.0,0.0,0.0,0.0,0.0,0.0,0.0,0.0,0.0,0.0,0.0,0.0,0.0,0.0,0.0,0.0,0.0,0.0,0.0,0.0,0.0,0.0,0.0,0.0,0.0,0.0
TTGCACAATTCAGAAA-1,0.22435306627401105,0.05507380851406792,0.13462101130013948,0.06529467250358731,0.02793464359477151,0.06784319672099585,0.0,0.011655085164347538,0.0,0.0,0.01234621486765232,0.0,0.0,0.016265056181118173,0.038123139881152214,0.005962363394209288,0.0,0.02747763628023108,0.0,0.0,0.006286606822344033,0.004984440056323017,0.0,0.006463940636897326,0.0,0.0,0.0,0.0,0.004376474564355836,0.0032328548198831864,0.0,0.0008247935836721889,0.0,0.018550020054112822,0.0,0.0,0.0,0.0,0.0,0.007075323375372764,0.004646049025030978,0.0005195915619452572,0.0,0.006100262148386736,0.0,0.0,0.0,0.0,0.0,0.00704668437027509,0.003584501596365238,0.0,0.0,0.0010924402010287777,0.0,0.005352437407224005,0.0,0.0,0.0,0.0,0.0,0.0,0.0,0.0,0.004309723409893267,0.0,0.0,0.0,0.0,0.0,0.0,0.0,0.0,0.0,0.02951031964459168,0.0,0.0,0.003069192821945125,0.0,0.0,0.0,0.0,0.0,0.0,0.0,0.0,0.0,0.0,0.0,0.0,0.0,0.0,0.0,0.0,0.0,0.0,0.0,0.0,0.0,0.0,0.0,0.0,0.001716830192494224,0.0,0.0,0.0,0.0,0.0,0.0,0.0,0.0,0.0,0.0,0.0,0.0,0.0,0.0,0.0,0.0
TTGCATGCTGATCACG-1,0.3893562498367633,0.07836075449573307,0.07651962781776389,0.07500855917973018,0.021444170458682056,0.012290543682905879,0.0,0.0,0.0,0.0,0.0,0.0,0.0,0.0,0.0,0.0,0.0,0.0,0.0,0.0,0.0,0.0,0.0,0.0,0.0,0.0,0.0014509926041046813,0.0,0.0,0.0,0.0,0.0,0.0,0.0,0.0,0.0,0.0,0.0,0.0,0.0,0.0,0.0,0.0,0.0,0.0,0.0,0.0,0.0,0.0,0.0,0.0,0.0,0.0,0.008848370328798708,0.008848370328798708,0.0,0.0,0.0,0.0,0.0,0.0,0.0,0.0,0.0,0.0,0.0,0.0,0.0,0.0,0.0,0.0,0.0,0.0,0.0,0.0,0.0,0.0,0.0,0.0,0.0,0.0,0.0,0.0,0.0,0.0,0.0,0.0,0.0,0.0,0.0,0.0,0.0,0.0,0.0,0.0,0.0,0.0,0.0,0.0,0.0,0.0,0.0,0.0,0.0,0.0,0.0,0.0,0.0,0.0,0.0,0.0,0.0,0.0,0.0,0.0,0.0,0.0,0.0,0.0
TTGCCCTGATCACGGG-1,0.6649294646159649,0.14615719971652955,0.10927513298670706,0.15997004268580642,0.01341057497639447,0.033625655503733184,0.0,0.02272026393950762,0.011514217968402367,0.024417745730241445,0.0,0.0,0.0,0.0,0.018234005444532846,0.0,0.0,0.0,0.0,0.0,0.0,0.01369608048722596,0.0,0.0,0.0,0.0,0.0,0.0,0.0,0.0,0.0,0.0,0.0,0.0,0.0,0.0,0.0,0.0,0.0,0.0,0.0,0.0,0.0,0.0,0.0,0.0,0.0046580963691504156,0.0,0.0,0.0,0.0,0.0,0.0,0.0,0.0,0.0,0.0,0.0,0.005025769610381314,0.0,0.0,0.0,0.0,0.0,0.0,0.0,0.0,0.0,0.0,0.0,0.0,0.0,0.0,0.0,0.0,0.0,0.0,0.005025769610381314,0.0,0.0,0.0,0.0,0.0,0.0,0.0,0.0,0.0,0.0,0.0,0.0,0.0,0.0,0.0,0.0,0.0,0.0,0.0,0.0,0.0,0.0,0.0,0.0,0.0,0.0,0.0,0.0,0.0,0.0,0.0,0.0,0.0,0.0,0.0,0.0,0.0,0.0,0.0,0.0,0.0
TTGCGGCATCAGAAAG-1,0.30206579354488405,0.1525279882944262,0.06123712890204389,0.03330239656399383,0.0,0.01924291287562919,0.007655705736059477,0.03515341503136868,0.0,0.0,0.010440087474511061,0.008697740886559299,0.006572291495610918,0.01794444650166598,0.002290399910850089,0.020694055161900662,0.01756487858995017,0.004196651588474199,0.0,0.014076059020217538,0.0,0.0008659799251806581,0.0,0.0020722724876386218,0.0,0.0,0.0,0.0,0.0,0.006574649402452108,0.0,0.0,0.0,0.004940207679408464,0.0,0.0,0.0,0.0,0.0,0.004525342313865435,0.0008333384338671308,0.0,0.0,0.0,0.0002827503847021783,0.0,0.0,0.0,0.0,0.0038887816053774743,0.0,0.0,0.0008165989273330404,0.0,0.0,0.00034649845144135515,0.0,0.0,0.0,0.001007803538802267,0.000972548318792976,0.0,0.0,0.0020162734173768196,0.0,0.0,0.0005878291228376485,0.0006883390262187618,0.0,0.0,0.0,0.0,0.0,0.0,0.0017362669114789433,0.0,0.0,0.0016697650048789641,0.0,0.00019717274650876915,0.0,0.0,0.0003943454930175383,0.0,0.0,0.0,0.0009171505639129483,0.0,0.0013856045981676997,0.0,0.0,0.0,0.0,0.0006530885275113986,0.0,0.0,0.0,0.0,0.0,0.0,0.0,0.0,0.0004462503492800675,0.0,0.0,0.0,0.0,0.0,0.0031008109320001557,0.0,0.0,0.0,0.0,0.0,0.0,0.0,0.0,0.0,0.0
TTGCGTAGTTTGAGGA-1,0.24075498893176467,0.23022986453284688,0.03761863225075138,0.0,0.0076295881015348566,0.03485943021634725,0.04226404406232799,0.009680280362774029,0.025207924892509857,0.05224338796724892,0.0033075492877541815,0.018095383027756554,0.025744164885702567,0.0,0.0,0.0327351215060917,0.0,0.012351692886119172,0.009028543488464075,0.0,0.0,0.010248053230926958,0.00973969446774024,0.00933853428363829,0.0,0.009449362504663463,0.006862018995553059,0.0,0.0,0.0,0.0,0.0,0.0,0.0,0.0,0.0,0.0,0.015734053272620875,0.00312144687125501,0.0,0.0,0.0,0.0,0.0,0.0,0.0,0.0029176886520687483,0.007980438643581101,0.0,0.00312144687125501,0.0,0.0,0.0,0.0,0.0,0.0,0.0027544400715587584,0.0,0.0,0.0,0.0,0.0,0.0,0.0,0.0,0.0,0.0,0.0,0.0,0.003300788299757465,0.0,0.0,0.0,0.0,0.0,0.0,0.0,0.0,0.0,0.0021544505009152555,0.0,0.0,0.0,0.0,0.0,0.00448193362890841,0.0,0.0,0.0,0.0022480578476223997,0.0,0.0,0.0,0.0,0.0,0.0,0.0,0.0,0.0,0.0,0.0,0.0,0.0,0.0,0.0,0.0,0.0,0.0,0.0,0.0,0.00312144687125501,0.0,0.0,0.0,0.0,0.0,0.0,0.0,0.0
TTGCGTCGGCCAACCG-1,0.782158748690757,0.44210745895842,0.0362005249947134,0.017340897225819822,0.0,0.01877444651986147,0.01605780376580471,0.008169814503454435,0.009144067515231426,0.05898129390975794,0.01537883715325513,0.028086683346531915,0.023413263394355507,0.024855994795891324,0.0,0.024582631670062374,0.0,0.0,0.0,0.019849642519846774,0.0,0.002868131506180695,0.0,0.004759472506895601,0.0,0.014108580708502415,0.003718971925077973,0.0,0.0,0.0,0.0,0.0,0.0,0.0,0.0,0.0,0.01053960836191262,0.016714800239396293,0.0,0.00076443089981916,0.0004122203593789196,0.03262876163667178,0.0,0.0,0.0,0.0,0.0,0.0,0.0,0.0,0.0,0.010255132224807515,0.0,0.0013724176378027933,0.0,0.0,0.001892429920199768,0.0,0.003137228262307729,0.0,0.0,0.0,0.0,0.0016595252707064308,0.0,0.0,0.0,0.0,0.0,0.0,0.0,0.0,0.0,0.0,0.0,0.0,0.0,0.0,0.0,0.0,0.0,0.0,0.0,0.0,0.0,0.0013724176378027933,0.0003135225693178638,0.0,0.0,0.004469032775748441,0.0,0.0,0.0,0.0,0.0,0.0008387135164733225,0.0,0.0,0.0,0.0,0.0013724176378027933,0.0,0.0,0.0,0.0,0.0,0.0,0.0,0.0,0.0,0.0,0.0019857976832586325,0.0,0.0,0.0,0.0,0.0,0.0,0.0
TTGCTCCCATACCGGA-1,1.2509689762910288,0.6496784195646383,0.04600854755499269,0.0664981503501928,0.10242486430827344,0.013426009218641278,0.00909955785992289,0.049720112353832426,0.014722153265122957,0.009908524653320983,0.007307037226782768,0.05442127453648089,0.038723911728123846,0.005494995118618642,0.013330555085168084,0.0017959486618599912,0.0,0.05816603428745141,0.028212477884342547,0.0,0.026376938957482075,0.01539452428727503,0.0032269937664562622,0.025528091018238244,0.0,0.007242888273288745,0.005929928525236482,0.0,0.0,0.0,0.0,0.0004170343000379857,0.0,0.0,0.0,0.0,0.0,0.0,0.0012301616716216067,0.0,0.0,0.024717029424594406,0.0,0.0,0.004198973792139551,0.003165011180388377,0.0,0.0,0.0,0.0,0.0,0.0,0.0,0.0,0.0,0.0,0.0,0.004337026617827189,0.0,0.005078908275008985,0.010089363188229634,0.0,0.0035356669736584683,0.0,0.0,0.0,0.0,0.002983290585297447,0.0,0.0,0.004337026617827189,0.0,0.0,0.0,0.0,0.007210156476236489,0.0,0.0,0.0,0.0,0.0,0.0,0.0,0.0,0.0,0.0,0.0,0.0,0.0012301616716216069,0.0,0.0018867120687243004,0.0,0.0,0.0,0.0,0.0,0.0,0.0,0.0,0.0,0.0,0.0,0.0011924097166907963,0.0,0.0,0.0,0.0,0.0,0.0,0.0,0.0,0.0,0.0,0.0,0.0,0.0,0.0,0.0,0.0
TTGCTGATCATGTTCG-1,0.3152904217763487,0.1477375705204173,0.09327547550939477,0.08362748344078615,0.029731639372652212,0.04875515033734723,0.06490947028432832,0.013309605725084578,0.0,0.0,0.0029122508100364423,0.0,0.0,0.020281073740390617,0.02089724462538959,0.009771363855105113,0.0,0.0,0.0,0.0,0.0,0.0,0.0,0.0,0.0,0.0,0.0,0.0,0.005617753607328469,0.0,0.0,0.0,0.0,0.0,0.0014557439493950279,0.0,0.0,0.0,0.0,0.0,0.0005788956682112145,0.0,0.0,0.0,0.0,0.0,0.0,0.0,0.0,0.0034417078802816427,0.0,0.0,0.0,0.0015028716673673348,0.0,0.0,0.0,0.004978592238284688,0.0,0.0,0.0006965937188703481,0.0,0.0,0.0,0.0,0.0,0.0,0.0,0.0,0.0,0.0,0.0,0.0,0.0,0.0,0.0021227924360899915,0.0,0.0,0.0,0.0,0.0,0.0,0.0,0.0,0.0,0.0,0.0,0.0,0.0,0.0,0.0,0.0,0.0,0.0,0.0,0.0,0.0,0.0,0.0,0.0,0.0,0.0,0.0,0.0,0.0,0.0,0.0,0.0,0.0,0.0,0.0,0.0,0.0,0.0,0.0,0.0,0.0,0.0,0.0
TTGGAAGAATACAGTC-1,0.0149334616948912,0.00043406903612373273,0.007696485081000947,0.0,0.0,0.0008106095895264001,0.0,0.017144502465349615,0.0,0.0,0.0,0.0,0.0,0.003882174714905935,0.0059039298486792055,0.0,0.014186748556474178,0.0011041642448676948,0.0,0.0,0.016905158432867225,0.0002676268881013077,0.0,0.0018142835651514698,0.0,0.004044969690140002,0.0,0.00038143484826945353,0.0,0.004837703721562894,0.0,0.0,0.00034517523393747657,0.00019928669887758367,0.0,0.0,0.0,0.0,0.0,0.007318250173986078,0.0,0.0,0.0,0.0,0.0,0.0,0.0008902302138056139,0.0,0.0,0.0,0.003427428727207733,8.953957571969872e-05,0.0019576975828694424,0.0,5.8961096363968495e-05,0.0,0.004121374612133058,0.0,0.0,0.0,0.0012359068661438755,0.0,0.0,0.0005804601092857506,0.0,0.0,0.00011509735220154198,0.0,0.0,0.0,0.0,0.0,0.0001554107195544069,0.0,0.0001656331448875908,0.0,0.0,0.0,0.0,0.0,0.0,0.0,0.0,0.0,0.0,0.0,9.334445880558988e-05,0.0,0.000491959608322305,0.0,0.0,0.0,5.896109636396851e-05,0.0,0.0,0.0,0.0,0.0,0.0,0.0,0.0,0.00016503394977748743,0.0,0.0,0.0,0.0,0.0,0.0,0.0,0.0,0.0,0.0,0.0,0.0,0.0,0.0,0.0,0.0,0.0
TTGGACATGTGGCTTA-1,0.06728101708897498,0.04302338561057462,0.0,0.0,0.007149320327582969,0.02181039813076926,0.02098652030751532,0.0,0.0,0.0,0.003074843837903321,0.027531909768986576,0.0,0.02831289860638482,0.0,0.00931817600733754,0.0,0.0,0.0,0.0,0.0,0.0,0.0,0.0,0.0,0.0,0.0,0.0,0.0,0.006984281510431957,0.0,0.0,0.0,0.0,0.0,0.0,0.0,0.0,0.0,0.0,0.0,0.0,0.0,0.0,0.0,0.0,0.0,0.0,0.0,0.0,0.0,0.0,0.0,0.006984281510431957,0.0,0.0,0.0,0.0,0.0,0.0,0.0,0.0,0.0,0.0,0.0,0.0,0.0,0.0,0.0,0.0,0.0,0.0,0.0,0.0,0.0,0.0,0.0,0.0,0.0,0.0,0.0,0.0,0.0,0.0,0.0,0.0,0.0,0.0,0.0,0.0,0.0,0.0,0.0,0.0,0.0,0.0,0.0,0.0,0.0,0.0,0.0,0.0,0.0,0.0,0.0,0.0,0.0,0.0,0.0,0.0,0.0,0.0,0.0,0.0,0.0,0.0,0.0,0.0,0.0
TTGGATATCGTCTACG-1,0.51284345685983,0.12327775398649411,0.0955545994099808,0.08447551196098546,0.0502088728443602,0.007712369617774889,0.013948458037065826,0.05824961666229385,0.016300445344998138,0.02715681502611293,0.06978513611741745,0.03524983717535564,0.019854831688800024,0.0,0.015801270260757318,0.007418652167339272,0.012878396501938342,0.01568659626314521,0.0,0.0,0.010777836767612393,0.007206582996452664,0.0,0.005968523607007185,0.0,0.0,0.0011887915817448756,0.0,0.034448745987847,0.005441906965958509,0.0,0.0,0.007517272387792116,0.0,0.0,0.0,0.007105503330306762,0.005857640204583292,0.0028529058546614707,0.0,0.0,0.0,0.0,0.002786144101522618,0.0,0.0,0.0,0.0,0.0,0.0046089393343707544,0.0020007163785461415,0.0015426791865720815,0.007105255288097684,0.0,0.0,0.0,0.0,0.0,0.0,0.0,0.0,0.0,0.0,0.0,0.0,0.0,0.0,0.0,0.0,0.0,0.0,0.0,0.0003565638167730349,0.0,0.0,0.0030306015434752405,0.0,0.0022585925290102248,0.0,0.0,0.0,0.0,0.0,0.0,0.0,0.0,0.0005263249375417161,0.0018227952328481363,0.0,0.001988985473051626,0.0,0.0,0.0,0.0,0.0,0.0,0.0,0.0,0.0018227952328481363,0.0,0.0,0.0,0.0,0.0,0.0,0.0,0.0,0.0,0.0,0.0011842092146829475,0.0,0.0003627854959537557,0.0,0.0,0.0011842092146829475,0.0,0.0,0.0,0.0
TTGGCTCGCATGAGAC-1,0.33848270859556995,0.0,0.048608651251601215,0.0658674436099282,0.028678895623279,0.015979650088680488,0.0,0.0015914762934687403,0.0,0.0,0.0,0.0,0.0,0.0,0.0,0.0,0.0,0.03313290158122867,0.0,0.0,0.0,0.0,0.0,0.011022358239257214,0.0,0.0,0.0,0.0,0.0,0.0,0.0,0.0,0.0,0.0,0.0,0.0,0.0,0.0,0.0,0.0,0.0,0.0,0.0,0.0,0.0,0.0,0.0,0.0,0.0,0.0,0.0,0.0,0.0,0.0,0.011203668232345965,0.0,0.0,0.0,0.0,0.0,0.0,0.0,0.0,0.0,0.0,0.0,0.0,0.0,0.0,0.0,0.0,0.0,0.0,0.0,0.0,0.0,0.0,0.0,0.0,0.0,0.0,0.0,0.0,0.00923084904953762,0.0,0.0,0.0,0.0,0.0,0.0,0.0,0.0,0.0,0.0,0.0,0.0,0.0,0.0,0.0,0.0,0.0,0.0,0.0,0.0,0.0,0.0,0.0,0.0,0.0,0.0,0.0,0.0,0.0,0.0,0.0,0.0,0.0,0.0,0.0
TTGGGACACTGCCCGC-1,0.09908950526638408,0.04365565698051725,0.0,0.0,0.0,0.002835897404533893,0.017709347724399783,0.020162156833275477,0.0,0.0,0.0,0.0,0.0,0.0,0.003657879714087094,0.0,0.0,0.0,0.0,0.0,0.0,0.0,0.0,0.0,0.0,0.0,0.0,0.0,0.0,0.0,0.0,0.0,0.0,0.0,0.0,0.0,0.03085892113615128,0.0,0.0,0.0,0.0,0.0,0.0,0.006171784227230256,0.0,0.0,0.0,0.0,0.0,0.0,0.0,0.001953795202153804,0.0,0.0,0.01506084316521331,0.0,0.0,0.0,0.0,0.0,0.0,0.0,0.0,0.0,0.0,0.0,0.0,0.0,0.0,0.0,0.0,0.0,0.0,0.006171784227230256,0.0,0.0,0.0,0.0,0.0,0.0,0.0,0.0,0.0,0.0,0.0,0.0,0.0,0.0,0.0,0.0,0.0,0.0,0.0,0.0,0.0,0.0,0.0,0.0,0.0,0.0,0.0,0.0,0.0,0.0,0.0,0.0,0.0,0.0,0.0,0.0,0.0,0.0,0.0,0.0,0.0,0.0,0.0,0.0,0.0
TTGGTCACACTCGTAA-1,0.6307531924479642,0.2587674294814397,0.1596072367392683,0.015387608757284631,0.07341077675742422,0.012735896783667353,0.021913388125515857,0.011322722356954609,0.0,0.0,0.018265436378536844,0.0,0.021247863710519687,0.04012296149127077,0.0,0.002170368977549285,0.0,0.020135276911381415,0.0,0.0,0.0,0.01222487662416153,0.0,0.003511282792488587,0.0,0.013900590454465218,0.0,0.0,0.0,0.0,0.0,0.0,0.0,0.0,0.0,0.0,0.0,0.016791519306758682,0.0,0.0,0.0,0.0,0.0,0.0,0.0,0.0,0.0,0.0,0.0,0.0,0.0,0.0,0.0,0.0043404092253773036,0.0,0.0,0.0,0.0,0.0043404092253773036,0.0,0.0,0.0,0.0,0.00033580323209231105,0.0,0.0,0.0,0.0,0.0,0.0,0.0,0.0,0.0,0.0,0.0,0.0,0.0,0.0043404092253773036,0.0058009477027136155,0.0,0.0,0.0,0.0,0.0,0.0,0.0,0.0,0.0,0.0,0.0,0.0,0.0,0.0,0.0,0.0,0.0,0.0,0.0,0.0,0.0,0.0,0.0,0.0,0.0,0.0,0.0,0.0,0.0,0.0,0.0,0.0,0.0,0.0,0.0,0.0,0.0,0.0,0.0,0.0
TTGTAAGGACCTAAGT-1,0.33616350282324475,0.25294939639361574,0.0,0.0,0.0,0.003486234285089115,0.08488338378058759,0.0,0.03310102573825047,0.020823212999099356,0.0,0.05272482391895066,0.0,0.06517621592608921,0.0,0.01573928044865846,0.0,0.0,0.0437147186665903,0.0700950552144097,0.0,0.006014572789877376,0.023849430772874273,0.0,0.0,0.0,0.0,0.0,0.0,0.0,0.0,0.0,0.0,0.0,0.0,0.0,0.0,0.0,0.0,0.0,0.0,0.0,0.0,0.0,0.0,0.0,0.0,0.0,0.0,0.0,0.0,0.0,0.0,0.0,0.0,0.0051660934036243285,0.0,0.0051660934036243285,0.0,0.0,0.0,0.0,0.0,0.0019978592120638793,0.0,0.0,0.0,0.0,0.0,0.0,0.0,0.0,0.0,0.0,0.0,0.0,0.0,0.0,0.0,0.0,0.0,0.0,0.0,0.0,0.0,0.0,0.0,0.0,0.0,0.0,0.0,0.0,0.0,0.0,0.0,0.0,0.0,0.0,0.0,0.0,0.0,0.0,0.0,0.0,0.0,0.0,0.0,0.0,0.0,0.0,0.0,0.0,0.0,0.0,0.0,0.0,0.0,0.0,0.0
TTGTAATCCGTACTCG-1,0.3721046023902335,0.13917277818943988,0.04854994543984312,0.041258560171373346,0.026891975466299588,0.032980336443009656,0.05742014424304134,0.024601969150976965,0.006907560266896075,0.018606758416435807,0.013997766356038027,0.0,0.0,0.0,0.011708693568856808,0.00609777846994351,0.0,0.0,0.0,0.0,0.0,0.0,0.0,0.0,0.019963385237604908,0.0,0.0225719332226967,0.0,0.0,0.0,0.0,0.0,0.0,0.0,0.0,0.0,0.0,0.0,0.0,0.0,0.005078174919606998,0.0,0.0,0.005560710776688373,0.0,0.0,0.0,0.0,0.0,0.0,0.0,0.0,0.0,0.0,0.007206736277521878,0.0,0.0,0.005560710776688373,0.0,0.0,0.0015189914253147386,0.0,0.0,0.0,0.006297443410786826,0.0,0.0,0.0,0.0,0.0,0.0,0.0,0.0,0.005560710776688373,0.0,0.0,0.0,0.0,0.0,0.0,0.0,0.0,0.0,0.0,0.0,0.0,0.0,0.0,0.0,0.0,0.0,0.0,0.0,0.0,0.0,0.0,0.0,0.0,0.0,0.0,0.0,0.0,0.0,0.0,0.0,0.0,0.0,0.0,0.0,0.0,0.0,0.0,0.0,0.0,0.0,0.0,0.0,0.0,0.0
TTGTGAGGCATGACGC-1,0.03744368286226751,0.05645284167570365,0.024665977052361388,0.0,0.0,0.0,0.006563228151917982,0.03535238762654121,0.00010071923176014364,0.0,0.0014720136727941874,0.058876286197148325,0.0,0.0,0.0009553127867152865,0.0,0.031871586081942294,0.0,0.0,0.0,0.0,0.003947650085643355,0.003390645433069264,0.0,0.0,0.006541017015819864,0.0,0.0,0.0,0.01551277235376003,0.0,0.0,0.0,0.0,0.0,0.0,0.0,0.0010386504042895072,0.0,0.0005045058815677989,0.0003175419928264134,0.0,0.0,0.0,0.0,0.0,0.0,0.0005135531300210252,0.0,0.001159387323728669,0.0,0.0,0.006509985370507894,0.0,0.0,0.0,0.0008798122874725606,0.0,0.0,0.0,0.0,0.0,0.0,0.0011928093367845629,0.0013491235990491489,0.0,6.080671799951352e-05,0.0,0.0,0.0,0.0,0.0,0.008528078846627127,0.0,0.0,0.0021933896291338843,0.0,0.0,0.0,0.0,0.0,0.0,0.0,0.0,0.0,0.0,0.00045856648070291545,0.0,0.0,0.0,0.0,0.0002995220497613358,0.0,0.0,0.0,0.0,0.0011609090787492956,0.0,0.0,0.0,0.0,0.0,0.0,0.0,0.0,0.0,0.0,0.0,0.0,0.0,0.0,0.0,0.0,0.0,0.0,0.0,0.0,0.0,0.0
TTGTGGTAGGAGGGAT-1,0.20985372395212068,0.07670388515566313,0.04862667698871357,0.004429337285531229,0.003112879312590985,0.0,0.013269572342276314,0.007979375527240084,0.0038910726669704456,0.0013234183754199111,0.0,0.0,0.0,0.041767995687457656,0.0016826337084780369,0.009288301014532901,0.02240980038034874,0.0008033241240474805,0.0,0.032604582258423324,0.0,0.0012674058285103316,0.0,0.0007330180320815402,0.0,0.01036570705853362,0.0,0.0,0.0,0.006193904431665626,0.0,0.0,0.0019116370740536533,0.0027798421795145146,0.0,0.0,0.0,0.0,0.0012020921664973195,0.0029710815402006346,0.0,0.007029275724902767,0.0,0.00016908578058428853,0.0,0.0,0.00044822839326241114,0.0,0.0,0.0,0.004338446487367848,0.0,0.0005518888247552742,0.0,0.0,0.00033962481481238967,0.0,0.0,0.0,0.0005623848657925963,0.0003506946251934126,0.0,0.0,0.0008765715569509203,0.0,0.0,0.0012281571122662641,0.0,0.0,0.0,0.0,0.0,0.0012195549610616032,0.0,0.00018796229001710708,0.0,0.0,0.0,0.0,0.0,0.0,0.0,0.0,0.0,0.0,9.281173060515673e-05,9.006799460787435e-05,0.0,0.0017015044695438124,0.0,0.0,0.0,0.0,0.0,0.0,0.0,0.0,0.0,0.0,0.00017972467492392944,0.0,0.0,0.00034630988823452797,0.0,0.0,0.0,0.0,0.0,0.0,0.0,0.0,0.0,0.0,0.0,0.0,4.9842948160856044e-05,0.0,0.0,0.0
TTGTGTATGCCACCAA-1,0.47895090318460676,0.24757685532054496,0.11718322096802454,0.0028312549509903655,0.011366565235778853,0.0025900634930092724,0.008962820988778058,0.004947904899490813,0.0,0.0,0.000463332059562207,0.04428847527795348,0.007481120957525516,0.018887925963404974,0.007231825621816944,0.0039543319464393645,0.0025882186836007253,0.0,0.0,0.0,0.0,0.002466148277353041,0.0023312092626193498,0.0,0.0,0.009854407960527927,0.0,0.0,0.0,0.009757273991465363,0.0,0.008043683244375136,0.0,0.0,0.0019752456924073685,0.0,0.0,0.0,0.0,0.00034359600334703293,0.0,0.003494076587795944,0.0,0.0009552998577734442,0.0009776564061340796,0.0,0.00242950083049406,0.0,0.0,0.002945940504130314,0.006010225254171417,0.0,0.0005839966567529067,0.0,0.0,0.0038015318865670493,0.0,0.0,0.0,0.0019583771166653005,0.0,0.0,0.0,0.0002820099628861566,0.0,0.0,9.215774850178908e-05,0.0010642844083164355,0.0,0.0,0.0,0.0,0.0,0.0,0.0,0.0,0.0,0.0,0.0,0.0005839966567529067,0.0,0.0,0.0019105997155468885,0.0,0.0,0.0,0.0009178718062565218,0.0,0.0021751195183386213,0.0,0.0,0.0,0.0,0.0,0.0,0.0,0.0,0.0,0.0,0.0,0.0,0.00034407815992448906,0.0,0.0,0.0,0.0,0.0,0.0,0.0,0.0,0.0,0.0,0.0,0.0,0.0,0.0,0.0,0.0,0.0
TTGTGTTTCCCGAAAG-1,0.371658704365999,0.16112114044762585,0.24992911876669396,0.06027869655388418,0.040219470686314825,0.013996654596517367,0.04012183766833787,0.0449034723143944,0.0,0.0,0.08057439825554874,0.0,0.0,0.048298008539940256,0.012700218843848667,0.008204019397137849,0.003967548671909524,0.0,0.010517673154685844,0.011874301330859649,0.0,0.011977685235460786,0.011622708777208973,0.0,0.0,0.018646285792002875,0.0030329768051297256,0.0,0.0,0.0,0.0,0.0,0.011129470683824416,0.016674225143685575,0.01846015424580523,0.0,0.0,0.007265011275355778,0.0,0.0,0.0,0.0,0.0,0.0,0.0,0.0,0.004066017571424933,0.003201466858838706,0.0,0.002916297214846017,0.0,0.0,0.0,0.0,0.0,0.0,0.0,0.0,0.0,0.0,0.0,0.0,0.0,0.0,0.0,0.0,0.0,0.0017389259912782761,0.0,0.0,0.0,0.0,0.0,0.0,0.0,0.0,0.0,0.0,0.0,0.0,0.0,0.0,0.0,0.0,0.0,0.0,0.0,0.0,0.0,0.0,0.0,0.0,0.0,0.0,0.0,0.0,0.0,0.0,0.0,0.0,0.0,0.0,0.0,0.0,0.0,0.0,0.0,0.0,0.0,0.0,0.0,0.0,0.0,0.0,0.0,0.0,0.0,0.0,0.0
TTGTTCAGTGTGCTAC-1,0.0,0.08013008968563878,0.0,0.0,0.0,0.014514976955157705,0.0031134387882727106,0.005847928720718149,0.03847236142613088,0.0196372289655506,0.0,0.0,0.01590862617429313,0.021144984680960467,0.0,0.0,0.0,0.014765289563160547,0.023281283470414426,0.0014549369510575415,0.0,0.0,0.008802593113090559,0.00989470845954529,0.0,0.0,0.0,0.0,0.0,0.0,0.0,0.0,0.0,0.0,0.0075213094065667745,0.0,0.010555726722170512,0.0,0.0,0.0,0.0,0.0,0.0,0.0,0.0,0.015348623841203004,0.0,0.0,0.0,0.0031134387882727106,0.0,0.007408617179140759,0.0,0.0031134387882727106,0.0,0.0,0.0,0.0,0.0,0.0,0.0,0.011070157023759648,0.0,0.0,0.0,0.0,0.0,0.0,0.0,0.0,0.0,0.0,0.0,0.0,0.0,0.0,0.0,0.0,0.0,0.0,0.0,0.0,0.0,0.0,0.0,0.0,0.0,0.00432884914562509,0.0,0.0,0.0,0.0,0.0,0.0,0.0,0.0,0.0,0.0,0.0,0.0,0.0,0.0,0.0,0.0,0.0,0.0,0.0,0.0,0.0,0.0,0.0,0.0,0.0,0.0,0.0,0.0,0.0,0.0,0.0
TTGTTTCCATACAACT-1,0.327313039544071,0.2558675417799392,0.1409644633723346,0.024892075147127383,0.018729020324370082,0.008722888017317649,0.023057136560881687,0.022797608671276268,0.03649262163512901,0.09607700759923506,0.0,0.0,0.0,0.0,0.0,0.015376804113816311,0.011178231336145726,0.0,0.0,0.0,0.0,0.0,0.0,0.0,0.0,0.006554730267374307,0.0,0.0,0.004157103416082931,0.003949579654131901,0.0,0.0,0.0,0.0,0.0,0.0,0.0,0.009262825453799204,0.0,0.00045971433335678224,0.0,0.0,0.0,0.0,0.0,0.0,0.0,0.0,0.0,0.0,0.0,0.0,0.0,0.0,0.0,0.00842137611736523,0.0,0.005502945125723171,0.002807125372455077,0.000745574696398706,0.0,0.0,0.0,0.0,0.0,0.0,0.0,0.0,0.0,0.0,0.0,0.0,0.0,0.0,0.0,0.0,0.0,0.0,0.0,0.0,0.0,0.0,0.0,0.0,0.0,0.0,0.0008846810278925748,0.0,0.0,0.0,0.0,0.0,0.0,0.0,0.0,0.0,0.0,0.0010517009077502003,0.0,0.0,0.0,0.0,0.0,0.0,0.0,0.0,0.0,0.0,0.0,0.0,0.0,0.0,0.0,0.0,0.0,0.0,0.0,0.0,0.0
