"","MGI.symbol","Symbol"
"1","Tagln","tagln2"
"2","Ndufs7","ndufs7"
"3","Casp3","casp3a"
"4","Wdr66","wdr66"
"5","Cnksr2","cnksr2b"
"6","2610507B11Rik","si:ch211-259g3.4"
"7","Zc3h10","zc3h10"
"8","Fgd5","fgd5b"
"9","Tbx19","tbx19"
"10","Drap1","drap1"
"11","B4galt7","b4galt7"
"12","Smim22","si:ch1073-443f11.2"
"13","Hmgcl","hmgcl"
"14","Irf2","irf2"
"15","Sez6l","sez6l"
"16","Ammecr1","ammecr1"
"17","Hpgd","hpgd"
"18","AI837181","zgc:63470"
"19","Lect2","si:ch211-132p1.3"
"20","Nfatc4","nfatc4"
"21","Wdr46","wdr46"
"22","Slc35a1","slc35a1"
"23","Hsf4","hsf4"
"24","Brd7","brd7"
"25","Pik3ca","pik3ca"
"26","Cadm3","cadm3"
"27","Slc30a6","slc30a6"
"28","Sugt1","sugt1"
"29","Ptchd1","ptchd1"
"30","Gm45928","si:dkey-28b4.7"
"31","Lrfn1","lrfn1"
"32","Map1a","map1ab"
"33","Adgrd1","adgrd1"
"34","Nfxl1","nfxl1"
"35","Galk1","galk1"
"36","Tspan18","tspan18b"
"37","Vmo1","vmo1b"
"38","Soga3","soga3a"
"39","Cuedc2","cuedc2"
"40","Cdc73","cdc73"
"41","Exoc2","exoc2"
"42","Cd22","si:ch211-1f22.10"
"43","Cd22","si:ch211-1f22.11"
"44","Slc16a4","slc16a4"
"45","Naglu","naglu"
"46","Fgfr1op2","fgfr1op2"
"47","Ints14","ints14"
"48","Hectd2","hectd2"
"49","Vav3","vav3a"
"50","Mei4","mei4"
"51","Surf6","surf6"
"52","Nt5c3","nt5c3a"
"53","Pigo","pigo"
"54","Dnajc11","dnajc11a"
"55","Wt1","wt1a"
"56","Otud6b","otud6b"
"57","Zfp653","znf653"
"58","Cdh24","cdh24b"
"59","Vamp8","vamp8"
"60","Nsd1","si:dkey-285e18.2"
"61","Pdzd8","pdzd8"
"62","Rxrb","rxrba"
"63","Pex13","pex13"
"64","Tbc1d16","tbc1d16"
"65","Camk1g","camk1gb"
"66","Cbx5","cbx5"
"67","Ndufa4","ndufa4l"
"68","Scn8a","scn8aa"
"69","Ptafr","ptafr"
"70","Guca1a","guca1e"
"71","Aldh9a1","aldh3a2a"
"72","Slc4a4","slc4a4b"
"73","Sri","sri"
"74","Ugt2b37","ugt2a6"
"75","Ugt2b37","ugt2a5"
"76","Sult3a1","sult3st1"
"77","Czib","czib"
"78","Dock4","si:dkey-81e3.1"
"79","Gm3550","rpl29"
"80","Ghr","ghrb"
"81","Pmfbp1","pmfbp1"
"82","Tll1","tll1"
"83","Nkd2","nkd3"
"84","Ptgds","ptgdsb.1"
"85","Nat8f4","si:ch211-195e19.1"
"86","Zmynd8","zmynd8"
"87","Mpc1","mpc1"
"88","Mov10","mov10b.2"
"89","Dclk2","dclk2b"
"90","Usp53","usp53b"
"91","Hhipl2","hhipl2"
"92","Hacd3","hacd3"
"93","Pex6","pex6"
"94","Ormdl2","ormdl2"
"95","Lrp8","lrp8"
"96","Aak1","aak1b"
"97","Slc39a8","slc39a8"
"98","Kyat1","kyat1"
"99","Cuedc1","cuedc1a"
"100","Lactbl1","lactbl1b"
"101","Slc2a7","slc2a3b"
"102","Slc24a1","slc24a1"
"103","Cabp4","si:cabz01076231.1"
"104","Irx4","irx4a"
"105","Kif4","kif4"
"106","Lcp2","lcp2b"
"107","Hormad1","hormad1"
"108","B3galt2","b3galt2"
"109","Supv3l1","supv3l1"
"110","Ccdc13","ccdc13"
"111","Pdzd11","pdzd11"
"112","Rbbp8nl","rbbp8l"
"113","Gpi1","gpia"
"114","Ankrd33","ankrd33ab"
"115","Inpp5k","inpp5kb"
"116","Brwd3","brwd3"
"117","Zfp277","znf277"
"118","Luzp1","luzp1"
"119","Snx3","snx3"
"120","Capn9","capn9"
"121","Cited4","cited4b"
"122","Phpt1","phpt1"
"123","Ddx31","ddx31"
"124","Tbx15","tbx15"
"125","Sin3b","sin3b"
"126","Phax","phax"
"127","Tsg101","tsg101b"
"128","Eif3e","eif3ea"
"129","Glmp","glmp"
"130","Pola1","pola1"
"131","Gdpd2","gdpd2"
"132","Lect2","lect2l"
"133","Babam2","babam2"
"134","Gdpgp1","zgc:153343"
"135","Wdr48","wdr48b"
"136","Zbtb34","zbtb34"
"137","Ccnq","ccnq"
"138","Trim9","trim9"
"139","Tm7sf3","tm7sf3"
"140","Stam2","stam2"
"141","Cib1","cib1"
"142","Gdnf","gdnfa"
"143","Diras1","diras1a"
"144","Tprn","tprn"
"145","Gatd3a","gatd3a"
"146","Nomo1","nomo"
"147","Gbgt1","abo"
"148","Ttc23","ttc23"
"149","Thrb","thrb"
"150","Wdr83os","wdr83os"
"151","Gm10037","si:dkey-285e18.6"
"152","Fam160a1","fam160a1b"
"153","Cfap126","cfap126"
"154","Slc43a2","slc43a2b"
"155","Alkal1","alkal1"
"156","Stc2","stc2a"
"157","Itgb1bp1","itgb1bp1"
"158","Cxcr2","cxcr2"
"159","Surf1","surf1"
"160","Fam120b","fam120b"
"161","Rccd1","rccd1"
"162","Egln2","egln2"
"163","Pus3","pus3"
"164","Zfhx3","zfhx3"
"165","Med13","med13a"
"166","4930503L19Rik","zgc:152948"
"167","Nol7","nol7"
"168","Cd93","cd248a"
"169","Lamtor5","lamtor5"
"170","Ptger3","ptger3"
"171","Arhgef1","arhgef1b"
"172","Lrrc74a","lrrc74a"
"173","Utp14b","si:dkey-251i10.3"
"174","Erf","erfl3"
"175","Cfb","bfb"
"176","Cfb","cfbl"
"177","Tbc1d4","tbc1d4"
"178","Cd79a","cd79a"
"179","Iigp1","irgf2"
"180","Erc1","si:dkey-222l13.1"
"181","Erc1","erc1b"
"182","Clcn6","clcn6"
"183","Larp4b","larp4b"
"184","Fam217b","si:ch211-266k22.6"
"185","Tmc5","tmc5"
"186","Snx33","snx33"
"187","Prpf3","prpf3"
"188","Uchl1","uchl1"
"189","Prok2","prok1"
"190","Wfs1","wfs1b"
"191","Aqp6","aqp9b"
"192","Cacnb4","cacnb4a"
"193","Stim2","stim2b"
"194","Ppp1r3d","ppp1r3db"
"195","Lhfpl2","lhfpl2b"
"196","Vwa1","vwa1"
"197","Sirt3","sirt3"
"198","Smn1","smn1"
"199","Hoxa5","hoxa5a"
"200","Rnf121","rnf121"
"201","Cadps","cadpsb"
"202","Ddx21","ddx21"
"203","Fblim1","fblim1"
"204","Guca1a","si:ch211-103a14.5"
"205","Ccdc73","ccdc73"
"206","Cfap161","cfap161"
"207","Rbm12b2","zgc:153215"
"208","Eif4e3","eif4e3"
"209","Iqcb1","iqcb1"
"210","Bicc1","bicc1b"
"211","Nt5e","nt5e"
"212","Synm","synm"
"213","Sat1","sat1a.2"
"214","Hck","hck"
"215","Vrk1","vrk1"
"216","Syt7","syt7b"
"217","D16Ertd472e","zgc:110006"
"218","Kat14","kat14"
"219","Fbxl14","fbxl14b"
"220","Lsp1","lsp1a"
"221","Esyt1","esyt1b"
"222","Lrrfip1","lrrfip1a"
"223","Smarcd3","smarcd3b"
"224","Atcay","atcayb"
"225","Bdnf","bdnf"
"226","Dis3l","dis3l"
"227","Noc4l","noc4l"
"228","Psmc1","psmc1a"
"229","Brd9","brd9"
"230","Chmp1a","chmp1a"
"231","Ubn2","ubn2b"
"232","Serp1","serp1"
"233","Anxa4","anxa4"
"234","Tmem240","tmem240b"
"235","Fam98b","fam98b"
"236","Angel1","angel1"
"237","Tnr","tnr"
"238","Nr4a2","nr4a2b"
"239","Trmt13","trmt13"
"240","Cd22","si:ch211-1f22.12"
"241","Cd22","si:ch211-1f22.13"
"242","Nrm","nrm"
"243","Asns","asns"
"244","Fbxo44","fbxo44"
"245","Irak1","irak1"
"246","Twnk","twnk"
"247","Mfap4","si:ch1073-110a20.7"
"248","Cadm1","cadm1b"
"249","Ythdc1","ythdc1"
"250","Tfe3","tfe3b"
"251","Pdxk","pdxkb"
"252","Nek1","nek1"
"253","Frmd6","frmd6"
"254","Fpgs","fpgs"
"255","Map7d3","map7d3"
"256","Klhl23","klhl23"
"257","Oxct2b","oxct1b"
"258","Rpl18","rpl18"
"259","Stim1","stim1b"
"260","Panx1","panx1a"
"261","Mapk13","mapk13"
"262","C1qtnf4","si:ch211-219a15.3"
"263","Lrrc14b","lrrc14b"
"264","Nr2e1","nr2e1"
"265","Xpo5","si:ch211-233m11.2"
"266","Mtif2","mtif2"
"267","Pcca","pcca"
"268","Fmnl3","fmnl3"
"269","Got2","got2b"
"270","Cers4","cers4a"
"271","Epas1","epas1a"
"272","Necap2","necap2"
"273","Ankrd9","ankrd9"
"274","Lipe","lipeb"
"275","Rd3","rd3"
"276","Slc22a7","slc22a7b.2"
"277","Ino80b","ino80b"
"278","Otp","otpb"
"279","Hmcn1","hmcn1"
"280","Mfap3l","mfap3l"
"281","Gckr","gckr"
"282","Sipa1l1","sipa1l1"
"283","Aadat","aadat"
"284","Drd4","drd4b"
"285","Cd7","si:ch211-188c18.1"
"286","Tipin","tipin"
"287","Lrp1b","lrp1ba"
"288","Herpud2","herpud2"
"289","Plekha4","si:ch211-234p6.5"
"290","Hspb8","hspb8"
"291","Phactr3","phactr3b"
"292","Pus1","pus1"
"293","Pkdcc","pkdcca"
"294","Pfn2","pfn2"
"295","Unc45a","unc45a"
"296","Tusc2","tusc2b"
"297","Rdh14","rdh14b"
"298","Clcn2","clcn2a"
"299","Clcn2","clcn2c"
"300","Rogdi","rogdi"
"301","Nkx3-1","nkx3-1"
"302","Lrrc39","lrrc39"
"303","Evx1","evx1"
"304","Postn","postna"
"305","Wnt5b","wnt5b"
"306","Rassf1","rassf1"
"307","Spink4","spink4"
"308","Ppp1r18","ppp1r18"
"309","Pgghg","pgghg"
"310","Mgat1","mgat1b"
"311","Msh4","msh4"
"312","Tmem86a","tmem86a"
"313","Pm20d1","pm20d1.2"
"314","Spred1","spred1"
"315","Iqcg","iqcg"
"316","Tmem160","tmem160"
"317","Otud3","otud3"
"318","Tmprss3","tmprss3b"
"319","0610010F05Rik","si:ch211-189k9.2"
"320","Sufu","sufu"
"321","Adat1","adat1"
"322","Pitpna","pitpnab"
"323","Cpe","cpe"
"324","Slc25a37","slc25a37"
"325","Paics","paics"
"326","Nkx2-5","nkx2.5"
"327","Myoz2","myoz2b"
"328","G0s2","g0s2"
"329","Mrpl43","mrpl43"
"330","Gab1","gab1"
"331","Lingo1","lingo1a"
"332","Cspg4","cspg4"
"333","Hoxa1","hoxa1a"
"334","Smg1","smg1"
"335","Gata6","gata6"
"336","Bcas3","bcas3"
"337","Txlna","txlna"
"338","Dlg5","dlg5b.1"
"339","Pja1","pja2"
"340","Uqcrb","uqcrb"
"341","Vav3","si:ch73-383g2.1"
"342","Ccbe1","ccbe1"
"343","Lhfpl3","lhfpl3"
"344","Pcgf5","pcgf5b"
"345","Dap3","dap3"
"346","Prkcd","prkcda"
"347","Cpn1","cpn1"
"348","Ube2g1","ube2g1a"
"349","Tbx20","tbx20"
"350","Tfam","tfam"
"351","Slc4a2","slc4a2b"
"352","Tsn","tsn"
"353","Slc35b1","slc35b1"
"354","Slc25a21","slc25a21"
"355","Irx2","irx2a"
"356","Dusp5","dusp5"
"357","Wars2","wars2"
"358","Hpn","tmprss12"
"359","Mettl5","mettl5"
"360","Rcor2","rcor2"
"361","Pou2f2","pou2f2a"
"362","Cacna2d2","cacna2d2b"
"363","Rnf13","rnf13"
"364","Dbt","dbt"
"365","Rtel1","rtel1"
"366","Cisd2","cisd2"
"367","Hoxa3","hoxa4a"
"368","Hoxa3","hoxa3a"
"369","Xpnpep3","xpnpep3"
"370","Lmx1b","lmx1bb"
"371","Lmx1b","lmx1ba"
"372","C8g","c8g"
"373","Spon2","spon2b"
"374","Vit","si:ch1073-291c23.1"
"375","Zbtb43","zbtb43"
"376","Klhl7","klhl7"
"377","Mapk8","mapk8b"
"378","Trappc11","trappc11"
"379","Pon1","pon1"
"380","Neurl4","neurl4"
"381","Npas1","npas1"
"382","Ugt1a6b","ugt5d1"
"383","Actr3b","actr3b"
"384","Rbks","rbks"
"385","Ostm1","ostm1"
"386","Irgc1","irgf1"
"387","Dmbx1","dmbx1a"
"388","Dyrk2","dyrk2"
"389","Ppat","ppat"
"390","Apol6","si:ch73-233k15.2"
"391","Ncbp2","ncbp2"
"392","Tmem67","tmem67"
"393","Adam17","adam17a"
"394","Mov10","mov10b.1"
"395","Bmp15","bmp15"
"396","Grk1","grk1a"
"397","Tmed11","si:ch211-255i20.3"
"398","Rab40c","rab40c"
"399","Stk33","stk33"
"400","Tpst2","tpst2"
"401","Bfsp2","bfsp2"
"402","Pgap2","pgap2"
"403","Msmo1","msmo1"
"404","Mettl3","mettl3"
"405","Polr1d","polr1d"
"406","Zbtb8a","zbtb8a"
"407","Arhgap32","arhgap32a"
"408","Gnao1","gnao1a"
"409","Rnf10","rnf10"
"410","Eda","eda"
"411","Ndufa9","ndufa9b"
"412","Pex1","pex1"
"413","Mmp17","mmp17a"
"414","Nup155","nup155"
"415","Urb1","urb1"
"416","St13","st13"
"417","Mcrip2","si:dkey-44g23.5"
"418","Hspa9","hspa9"
"419","Tmem41b","tmem41b"
"420","Pnpla7","pnpla7b"
"421","Prr12","prr12a"
"422","Pth1r","pth1r"
"423","Grn","grnb"
"424","Stard3nl","stard3nl"
"425","Gadd45a","gadd45aa"
"426","Arhgef9","arhgef9b"
"427","Rhag","rhag"
"428","Plvap","plvapa"
"429","Prkab1","prkab1a"
"430","Mtch2","mtch2"
"431","Cbfb","cbfb"
"432","Lrmda","lrmda"
"433","Trip6","trip6"
"434","Cplane2","cplane2"
"435","Asxl1","asxl1"
"436","Atp8a2","atp8a2"
"437","E2f6","si:ch211-195d17.2"
"438","Mfap4","si:zfos-2330d3.7"
"439","Mfap4","zgc:173915"
"440","Mfap4","wu:fj11g02"
"441","Mfap4","mfap4"
"442","Mfap4","si:zfos-2330d3.1"
"443","Nkx6-3","nkx6.3"
"444","Tpd52l2","tpd52l2a"
"445","Pelo","pelo"
"446","Fmn1","si:ch1073-209e23.1"
"447","Dhrs13","dhrs13b.1"
"448","Dhrs13","dhrs13l1"
"449","Arhgap25","arhgap25"
"450","Phyhipl","phyhiplb"
"451","Hif1an","hif1an"
"452","Suox","suox"
"453","Trim36","trim36"
"454","B4galt3","b4galt3"
"455","D430041D05Rik","kiaa1549lb"
"456","Cmtm7","cmtm7"
"457","Celf3","celf3b"
"458","Setd7","setd7"
"459","Chrne","chrne"
"460","Bcl6b","bcl6b"
"461","Stard3","stard3"
"462","Trim33","trim33"
"463","Tmem28","fam155b"
"464","Car14","ca14"
"465","Ddi1","ddi2"
"466","D230025D16Rik","si:dkey-102f14.5"
"467","Hgf","hgfa"
"468","Erap1","erap1b"
"469","Sfxn4","sfxn4"
"470","Ube2n","ube2na"
"471","Lect2","si:ch211-132p1.4"
"472","Bcl7a","bcl7a"
"473","Zranb3","zranb3"
"474","Mindy4","si:dkey-30h22.11"
"475","Rars2","rars2"
"476","Ilkap","ilkap"
"477","Cbln3","si:ch211-142d6.2"
"478","Cbln3","cbln6"
"479","Cbln3","cbln8"
"480","Cbln3","cbln17"
"481","Scmh1","scmh1"
"482","Xpr1","xpr1a"
"483","Ppm1e","ppm1e"
"484","Hipk3","hipk3b"
"485","Hipk3","hipk3a"
"486","Fer","fer"
"487","Fndc10","si:zfos-1324h11.5"
"488","Rundc3a","rundc3aa"
"489","Blvra","blvra"
"490","Cacna1a","cacna1ab"
"491","Aloxe3","si:dkey-17e16.9"
"492","Tuft1","tuft1a"
"493","Phgdh","phgdh"
"494","Atp1a1","atp1a1a.1"
"495","Atp1a1","atp1a1a.2"
"496","Iffo2","iffo2a"
"497","Vamp5","vamp5"
"498","Gale","gale"
"499","Kalrn","kalrna"
"500","Ripk4","ripk4"
"501","Tent4b","tent4b"
"502","B4galnt4","b4galnt4a"
"503","Atp2b1","atp2b1a"
"504","Vars2","vars2"
"505","Klhl18","klhl18"
"506","Lman2","lman2"
"507","Crip2","crip2l"
"508","Ssrp1","ssrp1b"
"509","Rrbp1","rrbp1b"
"510","Rbbp9","rbbp9"
"511","Ccdc14","ccdc14"
"512","Arl3","arl3a"
"513","Fech","fech"
"514","Pm20d1","pm20d1.1"
"515","Phex","phex"
"516","Cenpu","si:dkey-185e18.7"
"517","Acot8","acot8"
"518","Tecpr2","tecpr2"
"519","Atp6v1g1","atp6v1g1"
"520","Wdr53","wdr53"
"521","Ankrd1","ankrd1b"
"522","Pggt1b","pggt1b"
"523","Ctbp1","ctbp1"
"524","Cth","cthl"
"525","Cth","cth"
"526","Dip2c","dip2ca"
"527","Irf3","irf3"
"528","Nkx2-3","nkx2.3"
"529","Sdr39u1","sdr39u1"
"530","B4galt1","b4galt1"
"531","Zfp503","znf503"
"532","Nkx2-1","nkx2.1"
"533","Rnft1","rnft1"
"534","Lipc","lipca"
"535","Pik3ap1","pik3ap1"
"536","Cyhr1","cyhr1"
"537","Mboat2","mboat2b"
"538","Srgn","srgn"
"539","Ndst2","ndst2a"
"540","Tm4sf5","tm4sf5"
"541","Adcy7","adcy7"
"542","Ednra","ednrab"
"543","Nexn","nexn"
"544","Id1","id1"
"545","Ppm1g","ppm1g"
"546","Pgpep1l","pgpep1l"
"547","Gm19410","si:dkey-88l16.3"
"548","Man2a2","man2a2"
"549","Taf4b","taf4b"
"550","Sema4g","sema4gb"
"551","Adat3","adat3"
"552","Ncoa3","ncoa3"
"553","Rnf2","rnf2"
"554","Tubgcp4","tubgcp4"
"555","Pstpip2","pstpip2"
"556","Braf","braf"
"557","Rpl3","rpl3"
"558","Scd4","scdb"
"559","Rhog","rhogb"
"560","Igf1r","igf1ra"
"561","Fbxo28","fbxo28"
"562","Onecut2","onecut2"
"563","Tcp11l1","tcp11l1"
"564","Gtf2ird1","gtf2ird1"
"565","Tacr1","tacr1b"
"566","1600012H06Rik","zgc:77929"
"567","Hsd17b2","hsd17b2"
"568","Acadsb","acadsb"
"569","Lmnb1","lmnb1"
"570","Paqr4","paqr4b"
"571","Carmil3","carmil3"
"572","Vdac1","vdac1"
"573","1300017J02Rik","srprb"
"574","Slc10a3","slc10a3"
"575","Armc3","armc3"
"576","Rnf144a","rnf144aa"
"577","Pcdh7","pcdh7b"
"578","Corin","corin"
"579","Bcl6","bcl6aa"
"580","Glud1","glud1b"
"581","Rybp","rybpa"
"582","Pde4c","si:dkey-219c10.4"
"583","Sp3","sp3b"
"584","Ablim1","ablim1b"
"585","Sirt7","sirt7"
"586","Txn1","zgc:56493"
"587","Uck2","uck2b"
"588","Olfml2b","olfml2bb"
"589","Iah1","iah1"
"590","Cacng2","cacng2a"
"591","Glyr1","glyr1"
"592","Med21","med21"
"593","Mccc2","mccc2"
"594","Ccdc85a","ccdc85a"
"595","Mterf3","mterf3"
"596","Ak7","ak7b"
"597","Alkbh2","alkbh2"
"598","Acin1","acin1b"
"599","Twf2","twf2a"
"600","Pde5a","pde5ab"
"601","Trim37","trim37"
"602","Gspt1","gspt1"
"603","Rasgef1b","rasgef1ba"
"604","Anxa5","anxa5b"
"605","Nr2f6","nr2f6a"
"606","9530068E07Rik","si:ch73-269m14.2"
"607","Htra2","si:dkey-112g5.12"
"608","Cdc42se2","cdc42se2"
"609","Fam117a","fam117aa"
"610","Eaf2","eaf2"
"611","Nvl","nvl"
"612","Dclk3","dclk3"
"613","Nsun5","nsun5"
"614","Metap2","metap2b"
"615","Cnot1","cnot1"
"616","Gpr132","gpr132b"
"617","Bmp10","bmp10"
"618","Heatr5b","heatr5b"
"619","Cic","cicb"
"620","Mbp","mbpa"
"621","Kdm1a","kdm1a"
"622","Mcrs1","mcrs1"
"623","Bnip1","bnip1a"
"624","Hoxa11","hoxa11a"
"625","Commd2","commd2"
"626","Pan2","pan2"
"627","Prmt8","prmt8b"
"628","Rfesd","rfesd"
"629","Prps1","prps1b"
"630","Dnajc5","dnajc5aa"
"631","Neu4","neu4"
"632","Kmt2e","kmt2e"
"633","Gng12","gng12a"
"634","Fyn","fyna"
"635","Oip5","oip5"
"636","Slc9b2","si:dkey-162b23.4"
"637","Ell3","si:dkey-208k22.6"
"638","Ell3","zgc:154006"
"639","Des","desmb"
"640","Nudt2","nudt2"
"641","Rpp30","rpp30"
"642","Lsp1","lsp1b"
"643","Gm4846","zgc:77439"
"644","Top1","top1"
"645","Ppp4r2","ppp4r2a"
"646","Ckb","ckbb"
"647","Psma3","psma3"
"648","Rnf6","rnf6"
"649","Stag3","stag3"
"650","Gde1","gde1"
"651","Daam1","daam1a"
"652","Grem1","grem1b"
"653","Bub3","bub3"
"654","Efna2","efna2a"
"655","Gp2","si:dkey-175d9.1"
"656","Pigq","pigq"
"657","Lrch3","lrch3"
"658","Tmed9","tmed9"
"659","Tmem231","tmem231"
"660","Endod1","si:ch211-133n4.4"
"661","Sh2d1a","sh2d1ab"
"662","Ankrd33b","ankrd33bb"
"663","Cd22","si:ch211-1f22.16"
"664","Cd22","si:ch211-1f22.14"
"665","Cd22","si:ch73-94k4.1"
"666","Cd22","si:ch211-286b5.6"
"667","Plscr5","si:ch211-71m22.1"
"668","Gamt","gamt"
"669","Mvb12b","mvb12ba"
"670","Mvb12b","mvb12bb"
"671","Cbx4","cbx4"
"672","Lrp12","lrp12"
"673","Zfp526","znf526"
"674","Mettl15","mettl15"
"675","Foxq1","foxq1b"
"676","Susd4","susd4"
"677","Brpf3","brpf3b"
"678","Stc1","stc1"
"679","Fibin","fibinb"
"680","Wnt8b","wnt8b"
"681","Dennd3","dennd3a"
"682","Phf24","phf24"
"683","Tacr3","tacr3l"
"684","Eif3m","eif3m"
"685","Foxn4","foxn4"
"686","Il13ra2","il13ra2"
"687","Pknox1","pknox1.2"
"688","Phf20l1","phf20l1"
"689","Top2b","top2b"
"690","Homer1","homer1b"
"691","Prph2","prph2b"
"692","Efnb1","efnb1"
"693","Ccdc43","ccdc43"
"694","Rest","rest"
"695","Fbxl19","si:ch73-173p19.1"
"696","Cbx8","cbx8a"
"697","Rimbp2","rimbp2"
"698","Tnnt3","tnnt3a"
"699","Anapc2","anapc2"
"700","Pon2","pon3.2"
"701","Thap3","si:ch211-69l10.4"
"702","Glod4","glod4"
"703","Col12a1","col12a1a"
"704","Sp1","sp1"
"705","Tsen34","tsen34"
"706","Wdr82","wdr82"
"707","Adam6b","adam10a"
"708","Slc22a7","slc22a7b.1"
"709","Tmco4","tmco4"
"710","Nudt4","nudt4a"
"711","9130409I23Rik","degs1"
"712","Cracr2a","cracr2ab"
"713","Immp1l","immp1l"
"714","Sh3rf1","sh3rf1"
"715","Mphosph6","mphosph6"
"716","Mgst2","mgst2"
"717","Man1a","man1a1"
"718","Arhgap35","arhgap35a"
"719","Gabarapl2","gabarapl2"
"720","Atl3","atl3"
"721","Ssu72","ssu72"
"722","Bdh2","bdh2"
"723","Nr2c2","nr2c2"
"724","Ncbp3","ncbp3"
"725","Rpe65","rpe65b"
"726","Pld2","pld2"
"727","Scarb1","scarb1"
"728","Trip13","trip13"
"729","Hao2","hao2"
"730","Bbox1","bbox1"
"731","Epdr1","epdr1"
"732","Casp3","casp3b"
"733","Selenot","selenot1b"
"734","Barhl1","barhl1a"
"735","Tkt","tkta"
"736","Dnah10","si:dkeyp-86b9.1"
"737","Mcl1","mcl1b"
"738","Aqp9","aqp10a"
"739","Arhgap11a","arhgap11a"
"740","Anxa2","anxa2b"
"741","Cdkn2aip","cdkn2aip"
"742","Mmp3","hpxa"
"743","Klhl2","klhl2"
"744","Esf1","esf1"
"745","Bbs1","bbs1"
"746","Rnf212","rnf212"
"747","Celsr2","celsr2"
"748","Cers2","cers2b"
"749","Hmg20a","hmg20a"
"750","Intu","intu"
"751","Dach1","dachd"
"752","Kcnt2","kcnt2"
"753","Tpsb2","si:dkey-9p24.5"
"754","Ptpre","ptpreb"
"755","Rbm17","rbm17"
"756","Cplx4","cplx4a"
"757","Ulk2","ulk2"
"758","Hmgb1","hmgb1b"
"759","Cdk9","cdk9"
"760","Vps26a","vps26a"
"761","Ttf1","si:ch73-376l24.3"
"762","Agl","aglb"
"763","Lman1","lman1"
"764","Lsm2","si:ch73-14h10.2"
"765","Lsm2","smx5"
"766","Ppil2","ppil2"
"767","Itgb4","itgb4"
"768","Fstl4","fstl4"
"769","Ulk1","ulk1b"
"770","Gba","gba"
"771","Zbtb20","zbtb20"
"772","Atpaf2","atpaf2"
"773","Tcerg1","tcerg1a"
"774","Mrps12","si:dkey-17e16.10"
"775","Slx4","slx4"
"776","Slx4","si:dkey-44g23.2"
"777","Stk24","stk24b"
"778","Tbxas1","tbxas1"
"779","Zswim5","zswim5"
"780","Zbtb4","zbtb4"
"781","Arglu1","arglu1b"
"782","Prkra","prkra"
"783","Kcnt1","si:dkey-21e5.1"
"784","Ndufs5","ndufs5"
"785","Serp2","serp2"
"786","Gpm6a","gpm6ab"
"787","Sub1","sub1a"
"788","Npm3","npm3"
"789","St8sia3","st8sia3"
"790","Osgepl1","osgepl1"
"791","Vipas39","vipas39"
"792","Disp2","disp2"
"793","Sec63","sec63"
"794","Slc25a28","slc25a28"
"795","Efnb2","efnb2b"
"796","Ephx2","ephx2"
"797","Hras","hrasb"
"798","Sptlc1","sptlc1"
"799","Hpn","hpn"
"800","Ifng","ifng1"
"801","Ifng","ifng1r"
"802","Ksr1","ksr1a"
"803","Fam102b","fam102ba"
"804","Sypl","sypl1"
"805","Vps72","vps72b"
"806","B3galt4","b3galt4"
"807","Bloc1s4","bloc1s4"
"808","Mecp2","mecp2"
"809","Fam20c","fam20cb"
"810","Bgn","bgnb"
"811","Zpld2","si:dkey-103g5.3"
"812","Synpo2","synpo2b"
"813","Sdhaf2","sdhaf2"
"814","Foxc1","foxc1b"
"815","Kctd12b","kctd12b"
"816","S100g","s100a10a"
"817","Capn1","si:dkeyp-50d11.2"
"818","Psma8","psma8"
"819","Raf1","raf1a"
"820","Ptk2","ptk2aa"
"821","Ubc","ubc"
"822","Zbtb8os","zbtb8os"
"823","Klf5","klf5b"
"824","Klf12","klf12b"
"825","Foxl1","foxl1"
"826","Alas2","alas2"
"827","Usp45","usp45"
"828","Mier1","mier1a"
"829","Strip1","strip1"
"830","Nampt","nampta"
"831","Atp6v1e2","atp6v1e1b"
"832","Fem1c","fem1c"
"833","4933434E20Rik","zgc:123238"
"834","Cd200","si:dkey-31e10.5"
"835","Cd200","si:dkey-31e10.1"
"836","Iffo1","iffo1a"
"837","Efna1","efna1a"
"838","Ephb2","ephb2b"
"839","Dnajb1","dnajb6b"
"840","Uchl5","uchl5"
"841","Eif6","eif6"
"842","Pax9","pax9"
"843","Exosc3","exosc3"
"844","Slbp","slbp"
"845","Ankar","ankar"
"846","Tom1l2","tom1l2"
"847","Irf6","irf6"
"848","Sdhc","sdhc"
"849","Setd6","setd6"
"850","Fibp","fibpb"
"851","Ccdc167","ccdc167"
"852","Eif3h","eif3ha"
"853","Cables1","cables1"
"854","Ubap2","ubap2a"
"855","Sdc4","sdc4"
"856","Mef2a","mef2aa"
"857","Furin","furinb"
"858","Sh3gl3","sh3gl3b"
"859","Arpin","arpin"
"860","Zfp800","znf800b"
"861","Asnsd1","asdurf"
"862","Asnsd1","asnsd1"
"863","Cacybp","cacybp"
"864","Wdr95","wdr95"
"865","Srsf4","srsf4"
"866","Cttnbp2nl","cttnbp2nlb"
"867","Pxn","pxna"
"868","L1cam","l1cama"
"869","Kansl1","kansl1a"
"870","Pthlh","pthlhb"
"871","Mfsd14a","hiat1b"
"872","Mbtps2","mbtps2"
"873","Nid2","nid2b"
"874","Ccdc47","ccdc47"
"875","Slit1","slit1a"
"876","Kcnj10","kcnj10a"
"877","Gnpda2","gnpda2"
"878","Arpc5l","arpc5la"
"879","Tmem243","tmem243a"
"880","Cenpf","cenpf"
"881","Rasip1","rasip1"
"882","1700029J07Rik","zgc:153146"
"883","Mtrex","mtrex"
"884","Ccdc28b","ccdc28b"
"885","Plpp1","plpp1a"
"886","Slk","slka"
"887","Slk","slkb"
"888","Bcl2l13","si:ch211-214j24.14"
"889","Pank4","pank4"
"890","Rad21","rad21a"
"891","Polb","polb"
"892","Dpf2","dpf2l"
"893","Fzd2","fzd2"
"894","Mcf2l","mcf2lb"
"895","Arhgap17","arhgap17b"
"896","Arhgap17","si:ch211-246e12.3"
"897","Cldn23","cldn23a"
"898","Cldn23","cldn23b"
"899","Rnf4","rnf4"
"900","Kif20b","kif20bb"
"901","Galc","galcb"
"902","Agrn","agrn"
"903","Ubn1","ubn1"
"904","Dph7","dph7"
"905","Cep70","cep70"
"906","Syap1","syap1"
"907","Tmod4","tmod4"
"908","Ttc22","ttc22"
"909","Rbm48","rbm48"
"910","Parp12","parp12a"
"911","Mylk4","mylk4b"
"912","H1f6","zgc:110425"
"913","H1f6","si:ch1073-153i20.4"
"914","H1f6","si:dkey-23a13.17"
"915","H1f6","si:ch73-368j24.11"
"916","P2rx5","p2rx8"
"917","Rad9a","rad9a"
"918","Ginm1","ginm1"
"919","Scoc","scoca"
"920","Gm20075","btf3l4"
"921","Casq1","casq1b"
"922","Sike1","im:6912630"
"923","Cryzl1","cryzl1"
"924","Spata20","spata20"
"925","Socs1","socs1a"
"926","Abca1","abca1a"
"927","Acot5","acot22"
"928","Ccdc6","ccdc6a"
"929","Camsap1","camsap1b"
"930","Alpk2","alpk2"
"931","Jund","jund"
"932","Gm5244","rplp1"
"933","Omg","omga"
"934","Nmur1","nmur1a"
"935","1700017N19Rik","zc3h11a"
"936","Loxhd1","loxhd1b"
"937","Ifit1bl2","ifit8"
"938","Vangl1","vangl1"
"939","Dagla","dagla"
"940","Fmn1","si:rp71-62i8.1"
"941","Slc31a1","slc31a1"
"942","Klk15","si:ch73-182e20.4"
"943","Klk15","si:dkeyp-93a5.2"
"944","Serpinb1c","serpinb1"
"945","Mcm7","mcm7"
"946","Map3k6","si:ch211-1i11.3"
"947","Zfp92","wu:fc63a07"
"948","Zfp92","si:ch211-148l7.4"
"949","Olfm3","olfm3b"
"950","Pfkfb4","pfkfb4a"
"951","Cetn2","cabp2b"
"952","Lrp1","lrp1ab"
"953","Scn3b","scn3b"
"954","Ftmt","zgc:172145"
"955","Fosl1","fosl1b"
"956","Tenm1","tenm1"
"957","Ipo7","ipo7"
"958","Zfp212","znf574"
"959","Deaf1","deaf1"
"960","Nf1","nf1b"
"961","Ubr2","ubr2"
"962","Efcab1","efcab1"
"963","Kpna6","kpna6"
"964","Ahcyl2","ahcyl2a"
"965","Rnase4","rnasel3"
"966","Taf10","taf10"
"967","Slc24a3","slc24a3"
"968","Dstyk","dstyk"
"969","Cfap77","cfap77"
"970","Cfap77","si:ch211-215c18.3"
"971","Eea1","eea1"
"972","Tcaf3","zgc:162193"
"973","Lratd1","lratd1"
"974","Zkscan17","plagx"
"975","Zkscan17","ovol1b"
"976","Gpr183","gpr183a"
"977","Gm21985","si:cabz01090193.1"
"978","Itsn1","itsn1"
"979","Adcy6","adcy6a"
"980","Rnf115","rnf115"
"981","Tmem132e","tmem132e"
"982","Snap91","snap91b"
"983","Wnk2","wnk2"
"984","Zbtb2","znfl2a"
"985","Tmod3","tmod2"
"986","Tmem175","tmem175"
"987","Usp10","usp10"
"988","Nit2","nit2"
"989","Kdm7a","kdm7aa"
"990","Flot2","flot2b"
"991","Cnga4","cnga4"
"992","Fastkd1","fastkd1"
"993","Chrna3","chrna3"
"994","Dtx4","dtx4a"
"995","Fgfrl1","fgfrl1a"
"996","Sdha","sdha"
"997","Srgap3","srgap3"
"998","Lgr4","lgr4"
"999","S100a10","s100t"
"1000","Kcnc2","kcnc4"
"1001","H1f4","si:ch1073-159d7.7"
"1002","H1f4","si:dkey-23a13.9"
"1003","Chp1","chp1"
"1004","Scn8a","scn8ab"
"1005","Hps1","hps1"
"1006","Rprm","rprma"
"1007","Pus7","pus7"
"1008","Rpl27","rpl27"
"1009","Hmox2","hmox2a"
"1010","Draxin","si:dkey-1c11.1"
"1011","Gemin4","gemin4"
"1012","Ctla2b","si:dkey-239j18.2"
"1013","Xaf1","xaf1"
"1014","Nadk2","nadk2"
"1015","Adrb3","adrb3b"
"1016","Hyal2","hyal2b"
"1017","Rnf207","rnf207b"
"1018","Olfml2a","olfml2a"
"1019","Frs3","frs3"
"1020","Snx29","snx29"
"1021","C7","c7b"
"1022","Map3k14","arf2b"
"1023","Epo","epoa"
"1024","Rsad2","rsad2"
"1025","Ndufaf5","ndufaf5"
"1026","Dazap1","dazap1"
"1027","Slc7a11","slc7a11"
"1028","Acsl1","acsl1a"
"1029","Dnpep","dnpep"
"1030","Col14a1","col14a1b"
"1031","Pmpcb","pmpcb"
"1032","Rgs2","rgs2"
"1033","Atxn7l1","atxn7l1"
"1034","Igbp1b","igbp1"
"1035","St3gal3","st3gal3b"
"1036","Rnf144a","rnf144ab"
"1037","Coro1b","coro1b"
"1038","Miga1","miga1"
"1039","Lrch2","lrch2"
"1040","Gm4450","hsd3b1"
"1041","Map10","si:ch1073-266p11.2"
"1042","Nifk","nifk"
"1043","Rbsn","rbsn"
"1044","Zic5","zic5"
"1045","Ufsp1","ufsp1"
"1046","Polr2a","polr2a"
"1047","Rab15","rab15"
"1048","Trmt1l","trmt1l"
"1049","Iqcc","iqcc"
"1050","Ubl4a","zgc:56596"
"1051","Ap2s1","ap2s1"
"1052","Atp13a5","atp1a3a"
"1053","Got1","got1"
"1054","Mbip","mbip"
"1055","Tent2","tent2"
"1056","Wls","wls"
"1057","Slc27a4","slc27a4"
"1058","Tspo2","tspo"
"1059","Lamb1","lamb1a"
"1060","Mpc2","zgc:103678"
"1061","Myoz1","myoz1a"
"1062","Epb41","epb41a"
"1063","Kat6b","kat6b"
"1064","St6gal1","st6gal1"
"1065","Sugct","sugct"
"1066","Tcf7","tcf7"
"1067","Ube3c","ube3c"
"1068","Afap1l1","afap1l1a"
"1069","Ppp2ca","zgc:56064"
"1070","Tle7","tle2b"
"1071","Ttc4","ttc4"
"1072","Fbxo38","fbxo38"
"1073","Endod1","zgc:158445"
"1074","Endod1","si:dkey-243k1.3"
"1075","Endod1","si:dkey-85k7.10"
"1076","Endod1","si:dkey-85k7.11"
"1077","Drd2","drd2a"
"1078","Sh2d1a","sh2d1aa"
"1079","C1rl","habp2"
"1080","Nr1h5","nr1h5"
"1081","Pfkfb2","pfkfb2b"
"1082","Rbl2","rbl2"
"1083","Swi5","swi5"
"1084","Ugt2b36","ugt2a4"
"1085","Ugt2b36","ugt2a1"
"1086","Slc17a2","slc17a5"
"1087","Msgn1","msgn1"
"1088","Myt1","myt1a"
"1089","Trmt2b","trmt2b"
"1090","Fam169b","fam169b"
"1091","Cacna2d1","cacna2d1a"
"1092","Kcns3","kcns3b"
"1093","Syn2","syn2a"
"1094","H1f5","si:ch73-368j24.12"
"1095","Dusp12","dusp12"
"1096","Pcdh1","pcdh1b"
"1097","Ecm1","ecm1a"
"1098","Marcks","marcksb"
"1099","Trim8","trim8b"
"1100","Sgsm1","sgsm1b"
"1101","Ndufb2","ndufb2"
"1102","Slc16a13","slc16a13"
"1103","Slc7a13","si:dkeyp-120h9.1"
"1104","Trib3","trib3"
"1105","Copb2","copb2"
"1106","Ccr9","ccr9a"
"1107","Heyl","her4.1"
"1108","Heyl","her4.4"
"1109","Heyl","her4.3"
"1110","Heyl","her4.2"
"1111","Rbm47","rbm47"
"1112","Gmds","gmds"
"1113","Tm4sf1","tm4sf18"
"1114","Fam83c","fam83c"
"1115","Ptrh2","ptrh2"
"1116","Mapk6","mapk6"
"1117","Ppfibp2","ppfibp2a"
"1118","Thpo","thpo"
"1119","Sim1","sim1a"
"1120","Kcnip4","si:ch211-145b13.5"
"1121","Dpm3","dpm3"
"1122","Bcl7b","bcl7bb"
"1123","Tmc8","tmc8"
"1124","Snx20","snx20"
"1125","Gltpd2","gltpd2"
"1126","Madd","madd"
"1127","Tpx2","tpx2"
"1128","Efemp2","efemp2b"
"1129","Stx2","stx2b"
"1130","Adgrl4","adgrl4"
"1131","Gdf5","gdf5"
"1132","Slit2","slit2"
"1133","Doc2b","doc2b"
"1134","Lgals4","si:dkey-151j17.4"
"1135","Mpped1","mpped1"
"1136","Xkr9","xkr9"
"1137","Ints8","ints8"
"1138","Skp2","skp2"
"1139","Meioc","moto"
"1140","Insm1","insm1b"
"1141","Sdsl","sdsl"
"1142","Leo1","leo1"
"1143","Agfg2","zgc:114045"
"1144","Gpank1","gpank1"
"1145","Sfxn2","sfxn2"
"1146","Ptx3","ptx3b"
"1147","Tk1","tk1"
"1148","Art2b","si:ch211-145b13.6"
"1149","Hnrnpa1","hnrnpa1b"
"1150","Enkd1","si:ch211-220d9.3"
"1151","Nfil3","nfil3"
"1152","Tspan11","tspan11"
"1153","Wasf3","wasf3b"
"1154","Trim66","trim66"
"1155","Trim46","trim46b"
"1156","Mcm9","mcm9"
"1157","Trhr","trhra"
"1158","Tmem223","tmem223"
"1159","Plscr5","si:ch211-71m22.5"
"1160","Fam222b","fam222bb"
"1161","Slc16a9","slc16a9a"
"1162","Dnmbp","dnmbp"
"1163","Nxn","nxn"
"1164","Ggt1","ggt1b"
"1165","Tyrp1","tyrp1b"
"1166","En1","en1b"
"1167","Prom1","prom1b"
"1168","Radil","radil"
"1169","Rem2","rem2"
"1170","Slc35f1","slc35f1"
"1171","Polr3c","polr3c"
"1172","Ppp1r13l","ppp1r13l"
"1173","Esr2","esr2b"
"1174","Mocs1","mocs1"
"1175","Nup133","nup133"
"1176","Grik5","grik5"
"1177","Slc15a1","slc15a1b"
"1178","Mapkap1","mapkap1"
"1179","Abca3","abca3b"
"1180","Palmd","palmdb"
"1181","Mettl17","mettl17"
"1182","Opa3","opa3"
"1183","Zic2","zic2a"
"1184","Emc2","emc2"
"1185","Phtf1","phtf1"
"1186","Atp1b1","atp1b1b"
"1187","Rundc1","si:dkey-151m15.5"
"1188","Hecw1","hecw1b"
"1189","Prss35","prss35"
"1190","Slc5a11","slc5a11"
"1191","Foxb2","foxb2"
"1192","Frmpd1","frmpd1b"
"1193","Nbas","nbas"
"1194","Gga3","gga3a"
"1195","Mad2l1","mad2l1"
"1196","Maml3","maml3"
"1197","Adra1b","adra1bb"
"1198","Msn","msnb"
"1199","Osbpl6","osbpl6"
"1200","Rbx1","rbx1"
"1201","Acaa1a","acaa1"
"1202","Atf7","atf7a"
"1203","Frmpd2","frmpd2"
"1204","Kidins220","kidins220b"
"1205","Srsf6","srsf6b"
"1206","Syne1","syne1b"
"1207","Lhx4","lhx4"
"1208","Nexmif","nexmifa"
"1209","Khdrbs1","khdrbs1a"
"1210","Phf11a","phf11"
"1211","Cenpe","cenpe"
"1212","Cfd","cfd"
"1213","Rassf7","rassf7b"
"1214","Ppl","ppl"
"1215","Pip4k2a","pip4k2aa"
"1216","Taf2","taf2"
"1217","Plppr5","plppr5b"
"1218","Vasn","vasnb"
"1219","Acbd6","acbd6"
"1220","Rin2","rin2"
"1221","Dexi","dexi"
"1222","Polr2l","polr2l"
"1223","Clhc1","cltca"
"1224","Coro2a","si:ch73-106g13.1"
"1225","Atp6v0e","atp6v0e1"
"1226","Auh","auh"
"1227","P4ha3","si:cabz01069582.1"
"1228","Mmp11","mmp11a"
"1229","Macc1","macc1"
"1230","Klhl41","klhl41a"
"1231","Frem3","frem3"
"1232","Egr3","egr3"
"1233","Gpr18","gpr18"
"1234","Dcaf12","dcaf12"
"1235","Dnhd1","si:dkey-11m19.5"
"1236","Csnk1g2","csnk1g2b"
"1237","Mdm1","mdm1"
"1238","Pacs1","pacs1a"
"1239","Ptger4","ptger4a"
"1240","Mmadhc","zgc:92335"
"1241","Clybl","clybl"
"1242","Dlgap2","dlgap2b"
"1243","Dlgap2","dlgap2a"
"1244","Nae1","nae1"
"1245","Abhd8","abhd8b"
"1246","Tmem168","tmem168b"
"1247","Cat","cat"
"1248","Atp1a4","atp2a1l"
"1249","Rnf165","rnf165b"
"1250","Grn","grn2"
"1251","Grn","grn1"
"1252","Hspa2","hspa1b"
"1253","Ldha","ldha"
"1254","Gtf2b","gtf2b"
"1255","Rnf19b","rnf19b"
"1256","Uqcc2","uqcc2"
"1257","Bdh1","bdh1"
"1258","Csl","cs"
"1259","Ccdc115","ccdc115"
"1260","Pdlim3","pdlim3b"
"1261","Cgn","cgna"
"1262","Ing4","ing4"
"1263","Slc38a7","slc38a7"
"1264","Ube2q2","ube2q1"
"1265","Taf5l","taf5l"
"1266","Ppp1r11","ppp1r11"
"1267","Cabp1","cabp1b"
"1268","Grid1","grid1a"
"1269","Grcc10","grcc10"
"1270","Aqp5","aqp8b"
"1271","Myod1","myod1"
"1272","Syvn1","syvn1"
"1273","Xpo6","xpo6"
"1274","Fabp3","fabp3"
"1275","Kctd7","kctd7"
"1276","Kcnk2","kcnk2a"
"1277","Plscr3","si:ch211-71m22.3"
"1278","Naaladl1","si:ch211-214j8.1"
"1279","Arhgap31","arhgap31"
"1280","Kmt2c","kmt2ca"
"1281","Slc25a38","slc25a38b"
"1282","Zfp36l1","zfp36l1b"
"1283","Tacc3","tacc3"
"1284","Eif4e","eif4ea"
"1285","Cenpt","cenpt"
"1286","Uprt","uprt"
"1287","Pop5","pop5"
"1288","Ascc3","ascc3"
"1289","Xrcc3","xrcc3"
"1290","Trappc6b","trappc6b"
"1291","Zmat3","zmat3"
"1292","Coq10a","si:dkey-190g6.2"
"1293","Brf2","brf2"
"1294","B4galt4","b4galt4"
"1295","Tmem200b","tmem200b"
"1296","Iyd","si:ch211-286f9.2"
"1297","Vps37b","zgc:114173"
"1298","Nuak2","nuak2"
"1299","Mmp24","mmp24"
"1300","Eps8l3","eps8l3a"
"1301","Pld5","si:ch211-194e18.2"
"1302","Pcnx3","pcnx3"
"1303","Zzef1","zzef1"
"1304","Ninj1","si:ch1073-278o19.1"
"1305","Wnt2b","wnt2bb"
"1306","Rab14","rab14"
"1307","Dip2b","dip2ba"
"1308","Tomm6","tomm6"
"1309","Dpf1","dpf1"
"1310","D430041D05Rik","kiaa1549la"
"1311","Scml4","scml4"
"1312","Atic","atic"
"1313","Cfl1","cfl1"
"1314","6430550D23Rik","st3gal7"
"1315","Rabgef1","rabgef1"
"1316","Chrnb4","chrnb4"
"1317","Spire2","spire2"
"1318","Ripor2","ripor2"
"1319","Tsc22d1","tsc22d1"
"1320","Nme4","nme4"
"1321","Me1","me1"
"1322","Ubap1","ubap1"
"1323","Trmt10b","trmt10b"
"1324","Coq5","coq5"
"1325","Ppp1r14c","ppp1r14c"
"1326","Mrpl41","mrpl41"
"1327","Asb12","asb12b"
"1328","Capg","capgb"
"1329","Plekhg6","plekhg6"
"1330","Kcnq4","kcnq4"
"1331","Pcdh18","pcdh18b"
"1332","Nfic","nfic"
"1333","Guca1b","guca1b"
"1334","Ktn1","ktn1"
"1335","A930007A09Rik","si:dkey-16i5.8"
"1336","Ankfy1","ankfy1"
"1337","Hemk1","hemk1"
"1338","Gpr158","gpr158b"
"1339","Oacyl","oacyl"
"1340","Smtnl2","smtnl"
"1341","Svopl","svopl"
"1342","Tbc1d10c","tbc1d10c"
"1343","Ntpcr","ntpcr"
"1344","Dusp19","dusp19b"
"1345","Wwtr1","wwtr1"
"1346","Syngr2","syngr2b"
"1347","Mrps25","mrps25"
"1348","Cdk8","cdk8"
"1349","Bmyc","myca"
"1350","Gatm","gatm"
"1351","Zgpat","zgpat"
"1352","Add1","add1"
"1353","Pon3","pon2"
"1354","Osbpl1a","osbpl1a"
"1355","Eny2","eny2"
"1356","Gadd45gip1","gadd45gip1"
"1357","Pdzrn3","pdzrn3a"
"1358","Rab4b","rab4b"
"1359","Rabggtb","rabggtb"
"1360","Cyb5d2","cyb5d2"
"1361","Pom121l2","pom121"
"1362","Pom121l2","wu:fb30f12"
"1363","Galnt13","galnt13"
"1364","Arl3","arl3b"
"1365","Synpo2l","synpo2la"
"1366","Urod","urod"
"1367","Vdac2","vdac2"
"1368","Accs","accs"
"1369","Bmpr1a","bmpr1ab"
"1370","Paxx","paxx"
"1371","Csnk1a1","csnk1a1"
"1372","Ttc39c","ttc39c"
"1373","Naa40","naa40"
"1374","Ptger2","ptger2b"
"1375","R3hdm1","r3hdm1"
"1376","Tenm2","si:dkey-34l15.2"
"1377","Kalrn","kalrnb"
"1378","H3c3","si:dkey-23a13.21"
"1379","Fubp1","fubp1"
"1380","Lpp","lpp"
"1381","Trpc4","trpc4a"
"1382","Atp1b2","atp1b2b"
"1383","Adipor2","adipor2"
"1384","Tsku","tsku"
"1385","Grm8","grm8a"
"1386","H2ax","hist1h2a6"
"1387","H2ax","hist1h2a2"
"1388","H2ax","hist1h2a10"
"1389","Meis2","meis2a"
"1390","Ptgfr","ptgfr"
"1391","Tprg","tprg1"
"1392","Itga10","itga10"
"1393","Nphp1","nphp1"
"1394","Hdac9","hdac9b"
"1395","Tram1","tram1"
"1396","She","she"
"1397","Hnrnpu","hnrnpua"
"1398","Pbx3","pbx3b"
"1399","Taf11","taf11"
"1400","Stra6l","stra6l"
"1401","Dtx2","dtx2"
"1402","Kcnn1","kcnn1a"
"1403","Rpl26","rpl26"
"1404","Gpat4","gpat4"
"1405","Dpy19l1","dpy19l1l"
"1406","Fam184a","fam184a"
"1407","Dbr1","dbr1"
"1408","Parp2","parp2"
"1409","Gdpd4","gdpd4b"
"1410","Ldb3","ldb3b"
"1411","Pdcd10","pdcd10b"
"1412","Tuba3a","tuba7l"
"1413","Ppp1r13b","ppp1r13ba"
"1414","Pard6g","pard6gb"
"1415","Arrdc5","zgc:110626"
"1416","Arrdc5","si:ch211-130m23.2"
"1417","Oga","oga"
"1418","P2rx3","p2rx3b"
"1419","P2rx3","p2rx3a"
"1420","Slc40a1","slc40a1"
"1421","Ufm1","ufm1"
"1422","Sall1","sall1b"
"1423","Cdc42bpb","cdc42bpb"
"1424","Baz1b","baz1b"
"1425","Irs3","si:ch73-335l21.1"
"1426","Pdzd4","si:ch73-162j3.4"
"1427","Xbp1","xbp1"
"1428","Efhd2","efhd2"
"1429","Fnbp1","fnbp1b"
"1430","Peak1","peak1"
"1431","Rbpjl","rbpjl"
"1432","Zan","zanl"
"1433","Atp5j","si:dkey-22n8.3"
"1434","Lmo4","lmo4b"
"1435","Sorbs1","sorbs1"
"1436","Lyplal1","lyplal1"
"1437","Hsph1","hsph1"
"1438","Fntb","fntb"
"1439","B3gnt9","b3gnt9"
"1440","Snx14","snx14"
"1441","Rfk","rfk"
"1442","Cd22","si:dkey-27j5.11"
"1443","Cd22","si:dkey-27j5.10"
"1444","Cd22","si:ch73-94k4.5"
"1445","Cd22","si:dkey-27j5.6"
"1446","Cd22","si:dkey-27j5.7"
"1447","Cd22","zgc:172106"
"1448","Cd22","si:ch211-286b5.8"
"1449","Cd22","si:ch211-286b5.9"
"1450","Rpp25l","rpp25l"
"1451","Zhx2","zhx2b"
"1452","Cacna1g","cacna1g"
"1453","Znrf3","znrf3"
"1454","P2ry1","p2ry1"
"1455","Gyg","gyg1b"
"1456","Snx27","snx27a"
"1457","Tmem196","tmem196b"
"1458","Pcdh10","pcdh10b"
"1459","C6","c6"
"1460","Srgap1","srgap1a"
"1461","Rgs13","si:ch211-117l17.5"
"1462","Slc15a5","si:ch211-190o6.3"
"1463","Hars2","hars"
"1464","Pdia2","zgc:136472"
"1465","Nfx1","si:dkey-10f23.2"
"1466","Myd88","myd88"
"1467","Mindy2","mindy2"
"1468","Oard1","oard1"
"1469","Rps15","rps15"
"1470","Inppl1","inppl1a"
"1471","Cmya5","cmya5"
"1472","Tmem39b","tmem39b"
"1473","Ctnnd2","ctnnd2b"
"1474","Abtb2","abtb2b"
"1475","Arx","arxa"
"1476","Cep85l","cep85l"
"1477","Fbxl5","fbxl5"
"1478","Acvr2b","acvr2ba"
"1479","Kcnip1","kcnip1b"
"1480","Htra2","si:dkey-112g5.15"
"1481","Htra2","si:dkey-112g5.11"
"1482","Htra2","si:dkey-33c12.10"
"1483","Htra2","si:dkey-33c12.12"
"1484","Htra2","si:dkey-112g5.16"
"1485","Htra2","si:dkey-33c12.11"
"1486","Htra2","si:dkey-112g5.13"
"1487","Htra2","si:dkey-19p15.4"
"1488","Htra2","si:dkey-84o3.3"
"1489","Ola1","ola1"
"1490","Krt19","krt93"
"1491","Noxo1","noxo1b"
"1492","Eftud2","eftud2"
"1493","Pif1","pif1"
"1494","Mybpc2","mybpc2b"
"1495","Ppip5k2","ppip5k2"
"1496","Anks1","anks1aa"
"1497","Camk2g","camk2g2"
"1498","Bmt2","bmt2"
"1499","Scube1","scube1"
"1500","Fktn","fktn"
"1501","Abhd14a","abhd14a"
"1502","Rhobtb2","rhobtb2a"
"1503","Syt13","syt13"
"1504","4930402H24Rik","si:ch211-194c3.5"
"1505","Nubp1","nubp1"
"1506","Elmo1","elmo1"
"1507","Sltm","sltm"
"1508","Nfix","nfixb"
"1509","Ina","inab"
"1510","Xpo1","xpo1b"
"1511","Rad51b","rad51b"
"1512","Msantd1","msantd1"
"1513","Slc4a5","si:ch211-48m9.1"
"1514","Plcg1","plcg1"
"1515","Comtd1","comtd1"
"1516","Hvcn1","hvcn1"
"1517","Mmd2","mmd2b"
"1518","Slitrk3","slitrk3b"
"1519","Rnd3","rnd3a"
"1520","Rnd3","rnd3b"
"1521","Atp6v0a4","si:ch73-173p19.2"
"1522","Dnajc8","dnajc8"
"1523","Bin3","bin3"
"1524","Fggy","fggy"
"1525","Fgd1","fgd1"
"1526","Prdm13","prdm13"
"1527","Pop7","pop7"
"1528","Fam163b","fam163ba"
"1529","Ip6k1","ip6k1"
"1530","Ccnb1","ccnb1"
"1531","Chst5","chst6"
"1532","Mrps14","mrps14"
"1533","Tm4sf4","tm4sf4"
"1534","Tstd1","si:dkey-34l15.1"
"1535","Kcnj3","kcnj3a"
"1536","Katna1","katna1"
"1537","Ift52","ift52"
"1538","Pcmtd2","pcmtd2a"
"1539","Slc6a17","slc6a17"
"1540","Fbxo44","si:rp71-1k13.6"
"1541","Fbxo44","zgc:153722"
"1542","Fbxo44","zgc:114081"
"1543","Matn4","matn4"
"1544","Eef1a1","eef1a1a"
"1545","Gsk3a","gsk3ab"
"1546","Clec16a","clec16a"
"1547","Oser1","oser1"
"1548","Med22","med22"
"1549","Cish","cish"
"1550","Psmc3","psmc3"
"1551","Hpse2","hpse2"
"1552","Htr6","htr6"
"1553","Ptprz1","ptprz1a"
"1554","Clasp1","clasp1a"
"1555","Disc1","disc1"
"1556","Vwf","vwf"
"1557","Ttf1","si:ch73-376l24.4"
"1558","Ttf1","ttf1"
"1559","Ttf1","si:ch73-376l24.6"
"1560","Kctd3","kctd3"
"1561","Rsl1d1","rsl1d1"
"1562","Txndc17","txndc17"
"1563","Ak2","ak2"
"1564","Pttg1","pttg1"
"1565","Zmynd10","zmynd10"
"1566","Ifitm5","ifitm5"
"1567","Jarid2","jarid2b"
"1568","Hnrnpa3","hnrnpa0a"
"1569","Mbd1","mbd1b"
"1570","Chrm1","chrm1a"
"1571","Arhgef3","arhgef3"
"1572","Ppp1r3a","ppp1r3ab"
"1573","Clcn1","clcn1a"
"1574","Srsf2","srsf2a"
"1575","Ubap1l","ubap1la"
"1576","Phox2a","phox2a"
"1577","Usp2","usp2a"
"1578","Tgfb2","tgfb2"
"1579","Setd4","setd4"
"1580","Lurap1","lurap1"
"1581","Chrna2","chrna2a"
"1582","Asap1","asap1b"
"1583","Mrps33","mrps33"
"1584","Sfswap","sfswap"
"1585","Rasgrp4","rasgrp4"
"1586","Zcchc17","zcchc17"
"1587","Slc35d1","slc35d1a"
"1588","Dnajc30","dnajc30b"
"1589","Rap2b","rap2b"
"1590","Bbs2","bbs2"
"1591","Tm9sf3","tm9sf3"
"1592","Fam131b","fam131ba"
"1593","Lrrc9","lrrc9"
"1594","Snx7","snx7"
"1595","Ror2","ror2"
"1596","Mfsd13a","mfsd13a"
"1597","Chrna4","chrna4b"
"1598","Gpr137","gpr137"
"1599","Serhl","serhl"
"1600","Rnf151","rnf151"
"1601","Elmo2","elmo2"
"1602","Cox6b2","cox6b2"
"1603","Zfp532","znf532"
"1604","Efs","efs"
"1605","Tyw5","tyw5"
"1606","Sema3c","sema3c"
"1607","Dnajb12","dnajb12a"
"1608","Gtpbp6","gtpbp6"
"1609","Jtb","jtb"
"1610","Rpusd2","rpusd2"
"1611","Chrnb2","chrnb2"
"1612","Swt1","swt1"
"1613","Prpf4b","prpf4ba"
"1614","Fn1","fn1b"
"1615","Dusp13","dusp13a"
"1616","Dusp13","si:dkey-24f15.2"
"1617","Dnajc2","dnajc2"
"1618","Ivns1abp","ivns1abpa"
"1619","Ivns1abp","ivns1abpb"
"1620","Myo1h","myo1ha"
"1621","Acap1","acap1"
"1622","Rap1gap2","rap1gap2b"
"1623","Rap1gap2","rap1gap2a"
"1624","Timp2","timp2a"
"1625","Icmt","icmt"
"1626","Dcaf7","dcaf7"
"1627","Chst10","chst10"
"1628","Eef2k","eef2k"
"1629","Prdx3","prdx3"
"1630","Spon1","spon1a"
"1631","Hs3st6","si:ch211-216b21.2"
"1632","Ankk1","ankk1"
"1633","Fgf11","fgf11a"
"1634","Tle5","tle5"
"1635","Map7d1","map7d1a"
"1636","Stk17b","stk17b"
"1637","Rbm45","rbm45"
"1638","Rgs7bp","rgs7bpb"
"1639","Klhl24","klhl24b"
"1640","Gabpb1","gabpb1"
"1641","Mgat4f","zgc:101663"
"1642","Idi2","idi1"
"1643","Rpl6","rpl6"
"1644","Kcnv2","kcnv2a"
"1645","Slc5a3","slc5a3b"
"1646","Atp9b","atp9b"
"1647","Marveld3","marveld3"
"1648","Gm21861","sycp3"
"1649","Cavin2","cavin2a"
"1650","Rnaseh2b","rnaseh2b"
"1651","Mrps24","mrps24"
"1652","Il1rapl1","il1rapl1a"
"1653","Ttc36","ttc36"
"1654","Tbrg4","tbrg4"
"1655","Mettl7a3","si:ch211-173n18.3"
"1656","Mettl7a3","mettl7a"
"1657","Col11a1","col11a1b"
"1658","Cav3","cav3"
"1659","Ttll11","ttll11"
"1660","Abcc12","abcc12"
"1661","Gspt2","eef2a.1"
"1662","Msi2","msi2a"
"1663","Gm10131","erh"
"1664","Cfap52","cfap52"
"1665","Rpl21","rpl21"
"1666","Ms4a15","si:dkey-238j22.1"
"1667","Ms4a15","ms4a17c.2"
"1668","Ms4a15","si:dkey-174k12.3"
"1669","Ms4a15","ms4a17c.1"
"1670","Ms4a15","ms4a17a.7"
"1671","Ms4a15","ms4a17a.3"
"1672","Ms4a15","ms4a17a.6"
"1673","Ms4a15","ms4a17a.10"
"1674","Ms4a15","ms4a17a.12"
"1675","Cryba1","cryba1a"
"1676","Rnf185","rnf185"
"1677","Eapp","eapp"
"1678","Ano2","ano2a"
"1679","Ptdss2","ptdss2"
"1680","Cux1","cux1a"
"1681","Golga1","golga1"
"1682","Tfcp2l1","tfcp2l1"
"1683","Plxdc2","plxdc2"
"1684","Art3","si:ch211-51i16.3"
"1685","Art3","si:ch211-51i16.1"
"1686","Art3","si:ch73-379f5.5"
"1687","Vgll2","vgll2a"
"1688","Frem2","frem2a"
"1689","Wrap73","wrap73"
"1690","Gtf2e2","gtf2e2"
"1691","Psmd11","psmd11b"
"1692","Ciz1","ciz1a"
"1693","Ciz1","ciz1b"
"1694","Ddx18","ddx18"
"1695","Lrrc4c","lrrc4cb"
"1696","Nacad","nacad"
"1697","Zkscan6","plagl2"
"1698","Rwdd2b","rwdd2b"
"1699","Sqle","sqleb"
"1700","Ddr2","ddr2a"
"1701","Glipr2","glipr2l"
"1702","Ankrd29","ankrd29"
"1703","Ugt1a6b","si:ch73-334d15.1"
"1704","Ugt1a6b","ugt2a7"
"1705","Ugt1a6b","ugt5g2"
"1706","Reg2","si:dkey-9i23.4"
"1707","Reg2","si:dkey-9i23.5"
"1708","Reg2","si:ch211-125e6.5"
"1709","Reg2","zgc:172053"
"1710","Acaa2","acaa2"
"1711","Slc25a4","slc25a4"
"1712","Gm30083","antxr1c"
"1713","Hcn3","kcnh6a"
"1714","Hcn3","kcnh3"
"1715","Has1","has1"
"1716","Upf1","upf1"
"1717","Cnr1","cnr1"
"1718","Pnp","pnp4a"
"1719","Cnst","cnsta"
"1720","Klra9","si:ch211-193e13.5"
"1721","Kdm4c","kdm4ab"
"1722","Pigc","pigc"
"1723","Atp5o","atp5po"
"1724","Spi1","spi1b"
"1725","Ifi35","ifi35"
"1726","Kdm2b","kdm2bb"
"1727","Olfr681","adra2da"
"1728","Flot1","flot1a"
"1729","Myot","myot"
"1730","Insl3","insl3"
"1731","Rnaseh1","rnaseh1"
"1732","Man2b1","man2b1"
"1733","Ldhb","ldhbb"
"1734","Ampd1","ampd1"
"1735","Tsga10","tsga10"
"1736","Elovl1","elovl1b"
"1737","Cdkn2aipnl","cdkn2aipnl"
"1738","Sgip1","sgip1a"
"1739","Nphp4","nphp4"
"1740","H13","hm13"
"1741","Chka","chka"
"1742","Hs3st6","hs3st3b1b"
"1743","Agr2","agr2"
"1744","Ces1h","si:dkey-30c15.17"
"1745","Nlgn2","nlgn2a"
"1746","Acsbg3","slc27a2a"
"1747","Bdp1","si:ch211-204c21.1"
"1748","Tmem181a","tmem181"
"1749","1110002E22Rik","si:dkey-38l22.2"
"1750","Cysltr2","cysltr3"
"1751","Clasrp","clasrp"
"1752","9430015G10Rik","si:ch211-157b11.12"
"1753","Sh3bgrl3","sh3bgrl3"
"1754","Sema6b","sema6bb"
"1755","Rfx7","rfx7a"
"1756","Rbp1","rbp1.2"
"1757","Rbp1","rbp1.1"
"1758","Coq8b","coq8b"
"1759","Opn4","opn4a"
"1760","Sox14","sox14"
"1761","Stt3b","stt3b"
"1762","Ctdnep1","ctdnep1a"
"1763","Armc8","armc8"
"1764","Txlnb","txlnbb"
"1765","Bbs10","bbs10"
"1766","Srsf9","srsf9"
"1767","Ccdc9b","ccdc9b"
"1768","Aadacl4fm2","aadacl4"
"1769","Gab3","si:ch73-92i20.1"
"1770","Fuca2","fuca2"
"1771","Parp3","parp3"
"1772","Klhl13","klhl13"
"1773","Gdf10","gdf10b"
"1774","Gnaq","gna11a"
"1775","Acsl3","acsl3b"
"1776","Pla1a","pla1a"
"1777","Tdrd7","tdrd7a"
"1778","Cfap221","si:ch73-222h13.1"
"1779","Uba7","uba7"
"1780","Palm3","palm3"
"1781","Megf8","megf8"
"1782","Ralgds","si:ch211-251j10.3"
"1783","Fbxo2","zgc:175088"
"1784","Ptdss1","ptdss1a"
"1785","P2ry13","p2ry13"
"1786","Clptm1l","clptm1l"
"1787","Zfp609","znf609a"
"1788","Pecam1","si:dkey-237i9.8"
"1789","Maip1","maip1"
"1790","Zfp704","znf704"
"1791","Tmed5","tmed5"
"1792","Serpinh1","serpinh1b"
"1793","Slc5a10","si:dkeyp-9d4.5"
"1794","Rgs20","rgs20"
"1795","Ulbp1","si:dkey-225f5.5"
"1796","Ulbp1","mhc1laa"
"1797","Snrnp40","snrnp40"
"1798","Cyth2","si:dkey-283b15.4"
"1799","Zfyve9","zfyve9b"
"1800","Cldn4","cldna"
"1801","Cldn4","cldnb"
"1802","Rgs3","si:ch211-154e10.1"
"1803","Cds1","cds1"
"1804","Gtf3a","gtf3ab"
"1805","Gtf3a","gtf3aa"
"1806","Ankrd45","ankrd45"
"1807","Fbxo3","fbxo3"
"1808","Mst1","mst1"
"1809","Usp25","usp25"
"1810","Krt19","krt94"
"1811","Gak","gak"
"1812","Serinc5","serinc5"
"1813","Htra2","si:dkey-84o3.6"
"1814","B3galnt2","b3galnt2"
"1815","Ttll10","ttll10"
"1816","Mief1","mief1"
"1817","Pprc1","pprc1"
"1818","Il2rb","il2rb"
"1819","Ccnb2","ccnb2"
"1820","Ddx42","ddx42"
"1821","Thyn1","thyn1"
"1822","Xcr1","xcr1a.1"
"1823","Ubxn11","ubxn11"
"1824","Slc7a1","slc7a1a"
"1825","Notch1","notch1b"
"1826","Ciao2a","ciao2a"
"1827","Gjb5","cx28.6"
"1828","Heph","hephl1b"
"1829","Nudt4","nudt4b"
"1830","Prkar1a","prkar1ab"
"1831","Camk2n1","si:dkey-33m11.6"
"1832","Magi1","magi1b"
"1833","Peli2","peli2"
"1834","Crcp","crcp"
"1835","Trp53bp2","tp53bp2a"
"1836","Naa15","naa15b"
"1837","Csrp3","csrp3"
"1838","Rimbp2","si:ch73-287m6.1"
"1839","Npr2","npr1a"
"1840","Hnrnpl","hnrnpl2"
"1841","Mfap5","mfap5"
"1842","Adamts9","adamts9"
"1843","Aadacl4fm5","si:dkey-193c22.1"
"1844","Mafa","mafaa"
"1845","Pax3","pax3a"
"1846","Brpf3","brpf3a"
"1847","Dennd6b","dennd6b"
"1848","Prkx","prkx"
"1849","Gm13547","golga2"
"1850","Nfya","nfyal"
"1851","Nr2f2","nr2f2"
"1852","Rasal1","si:dkeyp-72a4.1"
"1853","Ptbp2","ptbp2a"
"1854","Meak7","meak7"
"1855","Smad5","smad5"
"1856","Dnajc5g","dnajc5gb"
"1857","Tmem8b","si:dkey-84j12.1"
"1858","Abhd14b","abhd14b"
"1859","Insl5","insl5a"
"1860","Myo5c","myo5c"
"1861","Tmem120b","tmem120b"
"1862","Syt9","syt9b"
"1863","Kctd4","kctd4"
"1864","Nup93","nup93"
"1865","Cox7c","cox7c"
"1866","Spdl1","spdl1"
"1867","Serpina10","si:ch1073-416d2.3"
"1868","Pde4dip","si:ch211-242b18.1"
"1869","Dnd1","dnd1"
"1870","Sec14l2","sec14l7"
"1871","Caps2","caps2"
"1872","Slc5a5","slc5a5"
"1873","Sema3a","sema3ab"
"1874","Fbxo46","si:dkey-114g7.4"
"1875","Myo5a","myo5ab"
"1876","Cdk6","cdk6"
"1877","Pkd1l2","pkd1l2a"
"1878","Fgfbp1","fgfbp1b"
"1879","Exo1","exo1"
"1880","Cers3","cers3b"
"1881","Rasal2","rasal2"
"1882","Il10ra","crfb15"
"1883","Capsl","capslb"
"1884","Jade2","jade2"
"1885","Syncrip","syncrip"
"1886","Zc3h7b","zc3h7ba"
"1887","Mrps10","mrps10"
"1888","Apmap","apmap"
"1889","Jup","jupa"
"1890","Dnmt3l","dnmt3ba"
"1891","Synpo2l","synpo2lb"
"1892","Fnip1","fnip1"
"1893","Taz","taz"
"1894","Tmem151a","tmem151a"
"1895","Rhof","rhof"
"1896","Slc22a27","slc22a15"
"1897","Popdc3","popdc3"
"1898","Kdm5b","kdm5bb"
"1899","Pgap1","pgap1"
"1900","Cog6","cog6"
"1901","B3gat3","b3gat3"
"1902","Fyco1","fyco1a"
"1903","Zfp740","znf740b"
"1904","Med15","med15"
"1905","Abitram","abitram"
"1906","Dtx3l","si:dkey-40c23.1"
"1907","Dtx3l","si:dkey-40c23.2"
"1908","Pclo","pcloa"
"1909","Stxbp4","stxbp4"
"1910","Slc9a5","slc9a5"
"1911","Depdc1a","depdc1a"
"1912","Bcat2","bcat2"
"1913","Rgs19","rgs19"
"1914","Dscc1","dscc1"
"1915","Cox11","cox11"
"1916","Glipr1l3","glipr1b"
"1917","Cep350","cep350"
"1918","Rpl5","rpl5a"
"1919","Cnga3","cnga3b"
"1920","Oxt","avp"
"1921","Ndufa6","ndufa6"
"1922","C330018D20Rik","si:dkey-184a18.5"
"1923","Tmed4","tmed4"
"1924","Sh3d21","sh3d21"
"1925","Neurl2","neurl2"
"1926","Adcy1","adcy1b"
"1927","Adcy1","adcy1a"
"1928","Sec14l1","si:dkey-237i9.1"
"1929","Hs2st1","hs2st1b"
"1930","Pmis2","tmem91"
"1931","Kcnn1","kcnn1b"
"1932","Rps7","rps7"
"1933","Ctbs","ctbs"
"1934","Tbc1d10a","tbc1d10ab"
"1935","Morn4","morn4"
"1936","Ahcyl1","ahcyl1"
"1937","Gal3st1","gal3st1b"
"1938","Scnm1","scnm1"
"1939","Pard3b","pard3bb"
"1940","Cntrl","cntrl"
"1941","Adarb2","adarb2"
"1942","Galntl5","galnt11"
"1943","1810065E05Rik","negaly6"
"1944","Plekho2","plekho2"
"1945","Lemd1","zgc:92287"
"1946","Asb15","asb15b"
"1947","Pbx4","pbx2"
"1948","Gpd1l","gpd1l"
"1949","Mcoln1","mcoln1a"
"1950","Prox1","prox1a"
"1951","Samd4b","si:ch1073-111c8.3"
"1952","Otud5","otud5b"
"1953","Ncoa2","ncoa2"
"1954","Inka1","inka1b"
"1955","Creld1","creld1a"
"1956","Ccdc124","ccdc124"
"1957","Pvr","pvrl2l"
"1958","Pvr","si:ch211-222f23.6"
"1959","Prrc1","prrc1"
"1960","Cp","cp"
"1961","Babam1","babam1"
"1962","P4hb","p4hb"
"1963","Orai1","orai1b"
"1964","Med19","med19a"
"1965","Trmt1","trmt1"
"1966","Fnbp4","fnbp4"
"1967","Aldh1l2","aldh1l2"
"1968","Hspa2","hsp70l"
"1969","Tmem256","tmem256"
"1970","Flnc","flnca"
"1971","Msi1","msi1"
"1972","Urad","urad"
"1973","Smyd2","smyd2a"
"1974","Grn","grna"
"1975","Stat1","stat1b"
"1976","Slc4a11","slc4a11"
"1977","Cd79b","cd79b"
"1978","Pxdc1","pxdc1a"
"1979","Tnks1bp1","si:dkey-9i23.6"
"1980","Slmap","slmapa"
"1981","Elp2","elp2"
"1982","Tmx2","tmx2a"
"1983","Kcnh5","kcnh5b"
"1984","Calm3","calm3a"
"1985","Sntb2","sntb2"
"1986","Nfe2l2","nfe2l2a"
"1987","Cdk10","cdk10"
"1988","Abhd12b","si:ch211-117n7.7"
"1989","Abhd12b","si:ch211-117n7.6"
"1990","Dicer1","dicer1"
"1991","Tulp4","tulp4a"
"1992","Tulp4","tulp4b"
"1993","Pgpep1","pgpep1"
"1994","Snx6","snx6"
"1995","Smyd1","smyd1a"
"1996","Smyd1","smyd1b"
"1997","Car7","ca7"
"1998","Rac1","rac1a"
"1999","Mpz","mpz"
"2000","Lzts1","lzts1"
"2001","Mllt10","mllt10"
"2002","Syne2","syne2b"
"2003","Smyd3","smyd3"
"2004","Aicda","aicda"
"2005","Gdpd5","gdpd5b"
"2006","Nus1","nus1"
"2007","Slc17a7","slc17a7b"
"2008","Brd8","brd8"
"2009","Dcaf4","nedd1"
"2010","Gar1","gar1"
"2011","Eif3j1","eif3ja"
"2012","Mycs","mycn"
"2013","Zfp296","znf296"
"2014","Osbpl10","osbpl10b"
"2015","Ifnlr1","crfb2"
"2016","Arl5b","arl8"
"2017","Kif3b","kif3b"
"2018","Lsm5","lsm5"
"2019","Tmem178b","tmem178b"
"2020","Rag1","rag1"
"2021","Atp1a1","atp1a1a.3"
"2022","Nrip1","nrip1b"
"2023","Nrip1","nrip1a"
"2024","Zfp352","klf1"
"2025","Add3","add3a"
"2026","2510002D24Rik","si:ch211-51h9.6"
"2027","Pam","pam"
"2028","Sox11","sox11b"
"2029","Sox11","sox11a"
"2030","Lama1","lama1"
"2031","Gsc","gsc"
"2032","Uncx","uncx4.1"
"2033","Gnai2","gnai2b"
"2034","Gnai2","gnai2a"
"2035","Dnah8","dnah5l"
"2036","Scamp5","scamp5a"
"2037","Fjx1","fjx1"
"2038","Rpgrip1l","rpgrip1l"
"2039","Rngtt","rngtt"
"2040","Runx3","runx3"
"2041","Tpr","tpra"
"2042","Nectin4","nectin4a"
"2043","Rbp3","irbpl"
"2044","Rbp3","rbp3"
"2045","Prpf4","prpf4"
"2046","Cyth1","cyth1b"
"2047","Ush2a","ush2a"
"2048","Tmcc2","tmcc2"
"2049","Ngdn","ngdn"
"2050","Myt1l","myt1la"
"2051","Cgas","cgas"
"2052","Tfe3","tfe3a"
"2053","Tyw1","tyw1"
"2054","Irf2bp2","irf2bp2a"
"2055","Rasa3","rasa3"
"2056","Prkar2b","si:ch211-272n13.7"
"2057","Allc","allc"
"2058","Slc10a1","slc10a1"
"2059","Wdfy3","wdfy3"
"2060","9530077C05Rik","si:dkey-222b8.4"
"2061","Dido1","si:ch73-181d5.4"
"2062","Birc7","birc7"
"2063","Angpt2","angpt2a"
"2064","Zfp366","znf366"
"2065","Sult1a1","sult1st4"
"2066","Sult1a1","sult1st7"
"2067","Sult1a1","sult1st9"
"2068","Rab33a","rab33a"
"2069","Larp4","larp4aa"
"2070","Cavin1","cavin1b"
"2071","Suco","suco"
"2072","Nectin1","nectin1b"
"2073","P3h2","p3h2"
"2074","Mvk","mvk"
"2075","Slc38a3","slc38a3a"
"2076","Slc38a3","slc38a3b"
"2077","Trim3","trim3b"
"2078","Lvrn","anpepa"
"2079","Arhgef10","arhgef10"
"2080","Arhgef19","arhgef19"
"2081","Letmd1","letmd1"
"2082","Ldb2","ldb2b"
"2083","Bbs7","bbs7"
"2084","Me2","me2"
"2085","Fabp1","fabp1b.1"
"2086","Fabp1","fabp1b.2"
"2087","Abcc6","abcc2"
"2088","Atf7","atf7b"
"2089","Ank2","ank2b"
"2090","Ddx19b","ddx19"
"2091","Creb3l3","creb3l3a"
"2092","Atp6v1f","atp6v1f"
"2093","Smim24","si:ch211-133l5.7"
"2094","Gfm1","gfm1"
"2095","Tent5d","tent5d"
"2096","Tbx4","tbx4"
"2097","Mdga2","mdga2a"
"2098","Cd36","cd36"
"2099","Dtnbp1","dtnbp1b"
"2100","Fzd9","fzd9b"
"2101","Dock4","dock4b"
"2102","Fzd10","fzd10"
"2103","Nkd2","nkd2a"
"2104","Mab21l2","mab21l2"
"2105","Zfp422","zgc:173486"
"2106","Piwil2","piwil2"
"2107","Sh3bgrl","sh3bgrl"
"2108","Khdrbs1","khdrbs1b"
"2109","Ercc8","ercc8"
"2110","Spryd7","spryd7b"
"2111","Gja10","cx52.7"
"2112","Gja10","cx52.6"
"2113","Ifrd1","ifrd1"
"2114","Btg3","btg3"
"2115","Elovl7","elovl7a"
"2116","Tgs1","lyn"
"2117","Mmp14","mmp14a"
"2118","Hdc","hdc"
"2119","Ube2b","ube2b"
"2120","Slc35g2","slc35g2b"
"2121","Sestd1","sestd1"
"2122","Ddx4","ddx4"
"2123","Hap1","si:dkey-28e7.3"
"2124","Tmod1","tmod1"
"2125","Gfap","gfap"
"2126","Aldh3a1","aldh9a1b"
"2127","Aldh3a1","aldh3b2"
"2128","Tlr6","tlr1"
"2129","Mep1b","si:ch73-40a17.3"
"2130","Gm14569","si:ch211-149l1.2"
"2131","Uap1","uap1"
"2132","Psip1","psip1a"
"2133","Steap4","steap4"
"2134","Rabgap1l","rabgap1l2"
"2135","Dcbld1","dcbld1"
"2136","Tmem132a","si:dkey-1d7.3"
"2137","Srsf3","srsf3b"
"2138","Rag2","rag2"
"2139","Fut9","fut9a"
"2140","Ghrhr","ghrhrl"
"2141","Ddx5","ddx5"
"2142","Dlg1","dlg1l"
"2143","Pmf1","si:dkey-6i22.5"
"2144","Lmbrd2","lmbrd2b"
"2145","Kcnd3","kcnd3"
"2146","Tapt1","tapt1b"
"2147","Ribc1","ribc1"
"2148","Dhrs3","dhrs3b"
"2149","Cxxc1","cxxc1a"
"2150","Zfp804b","znf804b"
"2151","Lamtor4","lamtor4"
"2152","Ccser2","ccser2a"
"2153","Slc25a42","slc25a42"
"2154","Slc7a3","slc7a3b"
"2155","Rab11a","rab11a"
"2156","Crym","crym"
"2157","Mast1","mast1a"
"2158","Ptp4a2","ptp4a2a"
"2159","Ptp4a2","ptp4a2b"
"2160","Tmem168","tmem168a"
"2161","Cox10","cox10"
"2162","Hras","hrasa"
"2163","Oxtr","oxtr"
"2164","Micall2","micall2b"
"2165","Rbm39","rbm39a"
"2166","Gpr141","si:dkey-94e7.1"
"2167","Tmem42","tmem42a"
"2168","Mycbpap","mycbpap"
"2169","Thy1","thy1"
"2170","Mnat1","mnat1"
"2171","Mmadhc","mmadhc"
"2172","Amph","amph"
"2173","Tmem102","tmem102"
"2174","Kansl3","kansl3"
"2175","Trp53","tp53"
"2176","Zbtb42","si:dkey-79d12.4"
"2177","Myo9a","myo9ab"
"2178","Endod1","si:ch211-133n4.10"
"2179","Endod1","si:ch211-133n4.9"
"2180","Mgrn1","mgrn1a"
"2181","Vgll4","vgll4a"
"2182","Usp33","usp33"
"2183","AU015836","chchd4a"
"2184","Pwp1","pwp1"
"2185","Map11","map11"
"2186","Rps28","rps28"
"2187","Tmem179b","tmem179b"
"2188","Clgn","clgn"
"2189","Nkain1","nkain1"
"2190","Dlgap4","dlgap4b"
"2191","Plcg2","plcg2"
"2192","Arid4b","tomm20a"
"2193","B3gnt6","zgc:162952"
"2194","Cpd","cpda"
"2195","Zfp619","si:ch211-255f4.2"
"2196","Zdhhc13","zdhhc13"
"2197","Agpat5","agpat5"
"2198","Agbl2","agbl2"
"2199","Klb","klb"
"2200","Ppm1j","ppm1na"
"2201","Bysl","bysl"
"2202","Lpin3","zgc:123305"
"2203","B3gnt7","b3gnt7"
"2204","Mgat3","mgat3a"
"2205","Atp6ap1","atp6ap1a"
"2206","Smpd4","smpd4"
"2207","Crygn","crygn2"
"2208","Ptpn6","ptpn6"
"2209","Cdk5r1","cdk5r1b"
"2210","Vcan","vcana"
"2211","Cdkn1a","cdkn1a"
"2212","Manea","manea"
"2213","Ppfibp2","ppfibp2b"
"2214","Mybl2","mybl2b"
"2215","Lenep","lenep"
"2216","Nedd4l","nedd4l"
"2217","Chl1","chl1a"
"2218","Sh2b3","sh2b3"
"2219","Ndufs8","ndufs8a"
"2220","Mc4r","mc4r"
"2221","Casc3","casc3"
"2222","Tmem9b","tmem9b"
"2223","Ceacam18","si:dkey-250k15.9"
"2224","Samsn1","samsn1a"
"2225","Rxfp2","rxfp2b"
"2226","Eif2ak3","eif2ak3"
"2227","1700012P22Rik","si:ch211-226m7.4"
"2228","Prickle2","prickle2b"
"2229","Calb2","calb2a"
"2230","Akr1e1","akr1b1.1"
"2231","Akr1e1","akr1b1.2"
"2232","Nat9","nat9"
"2233","Myh9","myh9a"
"2234","Asb2","asb2b"
"2235","Phf13","phf13"
"2236","Iqschfp","schip1"
"2237","Tmem30c","tmem30c"
"2238","Tnnt3","tnnt3b"
"2239","Slc4a7","slc4a7"
"2240","Spata2","spata2"
"2241","Mon1b","mon1bb"
"2242","Emp2","emp2"
"2243","Bco1","bco1"
"2244","Gpr85","gpr85"
"2245","Pip5k1c","pip5k1cb"
"2246","Trmt10a","trmt10a"
"2247","Derl3","derl3"
"2248","Gm3839","gapdh"
"2249","Plg","plg"
"2250","Tekt3","tekt3"
"2251","Brd2","brd2b"
"2252","Mal","malb"
"2253","Hhip","hhip"
"2254","4930595M18Rik","si:ch211-59o9.10"
"2255","Grm3","grm3"
"2256","Six4","six4a"
"2257","Mpv17l","si:dkeyp-72e1.7"
"2258","Smpx","smpx"
"2259","Gpr22","gpr22b"
"2260","Fam167a","fam167ab"
"2261","Calml4","calml4a"
"2262","Fhl5","fhl5"
"2263","Ccdc77","ccdc77"
"2264","Lrrc4b","lrrc4bb"
"2265","Ubox5","ubox5"
"2266","Triobp","triobpa"
"2267","Triobp","triobpb"
"2268","Bach2","bach2b"
"2269","Vcl","vcla"
"2270","Apc","apc"
"2271","Map2k1","map2k1"
"2272","Nde1","nde1"
"2273","Prickle1","prickle1a"
"2274","Micos13","micos13"
"2275","Sort1","sort1b"
"2276","Lap3","lap3"
"2277","Grb2","grb2a"
"2278","Six1","six1a"
"2279","Urgcp","si:dkey-85k7.12"
"2280","Ttc7b","ttc7b"
"2281","Snap91","snap91a"
"2282","Siae","siae"
"2283","Clcf1","clcf1"
"2284","Draxin","draxin"
"2285","Gnat3","gna15.4"
"2286","Gnat3","si:ch211-207c7.2"
"2287","Gnat3","gna15.3"
"2288","Mlf1","mlf1"
"2289","Acad8","acad8"
"2290","Gorab","gorab"
"2291","Stx12","stx12"
"2292","Stx12","stx12l"
"2293","Fry","frya"
"2294","Ssrp1","ssrp1a"
"2295","Rpl4","rpl4"
"2296","Tmem121b","tmem121b"
"2297","Msl1","msl1a"
"2298","Pag1","pag1"
"2299","B3gat1","b3gat1a"
"2300","Epb41l4a","epb41l4a"
"2301","Nrbf2","nrbf2b"
"2302","Foxo1","foxo1a"
"2303","Usf1","usf1l"
"2304","Lrp2","lrp2a"
"2305","Gng2","gng2"
"2306","Kiz","kiz"
"2307","Lhb","fshb"
"2308","Ccdc136","ccdc136b"
"2309","Filip1","filip1a"
"2310","Plk3","plk3"
"2311","Tsg101","tsg101a"
"2312","Kxd1","uba52"
"2313","Tfrc","tfr1a"
"2314","Cep97","cep97"
"2315","Mnx1","mnx1"
"2316","Ccdc85a","ccdc85al"
"2317","Ankrd28","ankrd28b"
"2318","Osgep","osgep"
"2319","Lmod2","lmod2b"
"2320","Fmnl2","fmnl2a"
"2321","Cldn3","cldne"
"2322","Hsd17b12","hsd17b12b"
"2323","Slc34a1","slc34a1a"
"2324","Qsox1","qsox1"
"2325","Dpp6","dpp6b"
"2326","Traf2","traf2a"
"2327","Gse1","si:dkey-217l24.1"
"2328","1700030K09Rik","si:ch1073-104i17.1"
"2329","Bricd5","bricd5"
"2330","Gnb5","gnb5a"
"2331","Tmem150a","tmem150aa"
"2332","Gopc","gopc"
"2333","Wdr75","wdr75"
"2334","Lig1","lig1"
"2335","Ablim2","ablim2"
"2336","Gps2","gps2"
"2337","Smdt1","smdt1b"
"2338","Smdt1","smdt1a"
"2339","Rangap1","rangap1a"
"2340","Abca2","abca2"
"2341","Ccdc120","ccdc120"
"2342","Ccdc120","si:ch211-169p10.1"
"2343","Sil1","sil1"
"2344","Kmt5b","kmt5b"
"2345","Esam","esamb"
"2346","Ogg1","ogg1"
"2347","Slc18b1","slc18b1"
"2348","Egln3","egln3"
"2349","Rsl24d1","rsl24d1"
"2350","Popdc2","popdc2"
"2351","Hivep1","hivep1"
"2352","Nop10","nop10"
"2353","Trps1","trps1"
"2354","Zfand4","zfand4"
"2355","Afap1l2","afap1l2"
"2356","Myct1","myct1b"
"2357","Myoz1","myoz1b"
"2358","Ivd","ivd"
"2359","Gabra2","gabra2a"
"2360","Cgrrf1","cgrrf1"
"2361","Nrd1","nrd1a"
"2362","Pcgf1","pcgf1"
"2363","Mxd4","mxd4"
"2364","Igsf10","igsf10"
"2365","Agtrap","agtrap"
"2366","Syf2","syf2"
"2367","Abhd11","abhd11"
"2368","Six6","six6a"
"2369","Gpr155","gpr155b"
"2370","Eif3h","eif3hb"
"2371","Vps39","vps39"
"2372","Ccsap","ccsapa"
"2373","Cnot4","cnot4b"
"2374","Fbrsl1","fbrsl1"
"2375","Tmem115","tmem115"
"2376","Misp3","si:ch211-207j7.2"
"2377","Tal2","tal2"
"2378","Snx9","snx9a"
"2379","Irf5","irf5"
"2380","1110059G10Rik","zgc:77056"
"2381","Pip5k1a","pip5k1ab"
"2382","Jade3","jade3"
"2383","Asb14","asb14b"
"2384","Ralgapa2","ralgapa2"
"2385","Igsf21","igsf21a"
"2386","Csad","csad"
"2387","Ciao2b","ciao2b"
"2388","Gcc1","gcc1"
"2389","Irf9","irf9"
"2390","Gpr12","gpr12"
"2391","Rpf1","rpf1"
"2392","Kifap3","kifap3a"
"2393","Megf11","megf11"
"2394","Tmem132c","si:dkey-112m2.1"
"2395","Ano8","ano8b"
"2396","Casp8ap2","casp8ap2"
"2397","Chrna1","chrna1"
"2398","H3f3b","h3f3b.1"
"2399","H3f3b","si:ch1073-429i10.3"
"2400","Atg4d","atg4da"
"2401","Spag7","spag7"
"2402","Vps8","vps8"
"2403","Nkx1-2","nkx1.2la"
"2404","Pros1","pros1"
"2405","Ryr1","ryr1a"
"2406","Edil3","edil3a"
"2407","Celf5","celf5a"
"2408","Fam133b","fam133b"
"2409","Gm960","zgc:195212"
"2410","Bcas2","bcas2"
"2411","Rad21","rad21b"
"2412","Pdpk1","pdpk1b"
"2413","Ankdd1a","ankdd1a"
"2414","Slc27a5","zgc:158482"
"2415","Rere","rereb"
"2416","Tmem30a","tmem30aa"
"2417","Slc9a7","slc9a7"
"2418","Cenpn","cenpn"
"2419","Gpr108","gpr108"
"2420","Cnksr2","cnksr2a"
"2421","Cbln3","cbln7"
"2422","Cbln3","cbln13"
"2423","Chrnb1","chrnb1"
"2424","Chrnb1","chrnb1l"
"2425","Ddx1","ddx1"
"2426","Cnga1","cnga1a"
"2427","Psme2","psme2"
"2428","Prim2","prim2"
"2429","Dph6","dph6"
"2430","Rnf111","rnf111"
"2431","Trex2","si:ch1073-385f13.3"
"2432","Uhrf1bp1","uhrf1bp1"
"2433","Tmem53","tmem53"
"2434","Trappc4","trappc4"
"2435","Pou1f1","pou1f1"
"2436","Itgb3","itgb3b"
"2437","Lars2","lars2"
"2438","Galnt17","galnt17"
"2439","Golph3","si:dkey-27b3.2"
"2440","Csmd3","csmd3a"
"2441","Ciao3","narfl"
"2442","Acta1","acta1a"
"2443","Got2","got2a"
"2444","Cers4","cers4b"
"2445","Fhad1","fhad1"
"2446","Esyt2","esyt2a"
"2447","Mfsd2a","mfsd2aa"
"2448","Rps6ka5","rps6ka5"
"2449","Dhcr24","dhcr24"
"2450","Poldip2","poldip2"
"2451","Tspan2","tspan2b"
"2452","Zfp92","si:dkey-154p10.3"
"2453","Amfr","amfra"
"2454","Enpp5","enpp5"
"2455","Crx","otx5"
"2456","Slc37a4","slc37a4a"
"2457","Perm1","si:ch211-157b11.14"
"2458","Heatr3","heatr3"
"2459","Cln8","cln8"
"2460","Rnase4","rnasel2"
"2461","Ccdc87","ccdc87"
"2462","Mchr1","mchr1a"
"2463","Dnase2a","dnase2"
"2464","Surf4","surf4l"
"2465","Cdipt","cdipt"
"2466","Mapt","mapta"
"2467","Tmtc4","tmtc4"
"2468","Atp1a2","atp1a2a"
"2469","Ext1","ext1a"
"2470","Ccdc127","ccdc127b"
"2471","Htr1a","htr1ab"
"2472","Egr2","egr2b"
"2473","Dipk1a","dipk1aa"
"2474","Cacng6","cacng6a"
"2475","Lypd6","lypd6"
"2476","Zzz3","zzz3"
"2477","Arpp19","arpp19b"
"2478","Prkn","prkn"
"2479","Mrpl57","mrpl57"
"2480","Bnip3l","bnip3lb"
"2481","Tagln3","tagln3a"
"2482","Car4","ca4c"
"2483","Clock","clockb"
"2484","Tex9","tex9"
"2485","Dda1","dda1"
"2486","Ajap1","ajap1"
"2487","Mtf2","mtf2"
"2488","Lrrtm4","si:dkey-28o19.1"
"2489","Plekho1","plekho1a"
"2490","Angptl4","angptl4"
"2491","Mdn1","mdn1"
"2492","Ambp","ambp"
"2493","Papln","paplnb"
"2494","Med18","med18"
"2495","Hepacam","hepacama"
"2496","Osbpl3","osbpl3a"
"2497","Polr3h","polr3h"
"2498","Exoc3","exoc3"
"2499","Lrrc29","lrrc29"
"2500","Grhpr","grhpra"
"2501","Armc9","armc9"
"2502","Cers2","cers2a"
"2503","Rad18","rad18"
"2504","Rorb","rorb"
"2505","Ablim3","ablim3"
"2506","B3gnt2","b3gnt2b"
"2507","B3glct","b3glcta"
"2508","Mrpl52","mrpl52"
"2509","Caskin1","si:dkeyp-9d4.3"
"2510","Atg5","atg5"
"2511","Tha1","tha1"
"2512","Hmga1","si:ch211-161c3.6"
"2513","Cdk7","cdk7"
"2514","Phyhd1","phyhd1"
"2515","B3gntl1","b3gntl1"
"2516","Kctd10","kctd10"
"2517","Rnf220","rnf220a"
"2518","Cotl1","cotl1"
"2519","Ppdpf","ppdpfa"
"2520","Mllt3","mllt3"
"2521","Iffo1","iffo1b"
"2522","Kctd13","kctd13"
"2523","Dpysl2","dpysl2b"
"2524","Mrtfb","mrtfba"
"2525","Por","pora"
"2526","Nrarp","nrarpa"
"2527","Prdm1","prdm1a"
"2528","Prrx1","prrx1b"
"2529","Prdm11","prdm11"
"2530","Gdf2","gdf2"
"2531","Sptbn2","sptbn2"
"2532","Gca","zgc:92027"
"2533","Oxr1","oxr1b"
"2534","Mrpl40","mrpl40"
"2535","Impg1","impg1b"
"2536","Pgr","pgr"
"2537","Ppil1","ppil1"
"2538","Cntn5","cntn5"
"2539","Nub1","nub1"
"2540","Mycl","mycla"
"2541","Plcd1","plcd1a"
"2542","Ccdc142","ccdc142"
"2543","Grid2ip","grid2ipa"
"2544","Grid2ip","grid2ipb"
"2545","Gabrr2","gabrr2a"
"2546","Asb13","asb13b"
"2547","Acadm","acadm"
"2548","2700062C07Rik","si:dkey-184p18.2"
"2549","Shisal1","shisal1a"
"2550","Tmem30b","tmem30b"
"2551","Dop1b","dop1b"
"2552","Nudcd3","nudcd3"
"2553","Spon1","spon1b"
"2554","Znrf2","znrf2a"
"2555","Lysmd1","lysmd1"
"2556","Zfp408","znf408"
"2557","Arih1","arih1l"
"2558","Bves","bves"
"2559","1700067K01Rik","si:ch211-214c7.5"
"2560","Bahd1","bahd1"
"2561","Tcea2","tcea2"
"2562","Nol12","nol12"
"2563","Adgrl2","adgrl2a"
"2564","Vps45","vps45"
"2565","Olfm5","si:ch211-147m6.1"
"2566","Olfm5","si:ch211-194m7.3"
"2567","Olfm5","si:ch211-194m7.4"
"2568","Olfm5","si:ch211-147m6.2"
"2569","Olfm5","si:ch211-147m6.3"
"2570","Smim13","smim13"
"2571","BC048507","dynll1"
"2572","Ngrn","ngrn"
"2573","Mylip","mylipa"
"2574","Nedd9","nedd9"
"2575","Kcnq5","kcnq5a"
"2576","Abhd10","abhd10a"
"2577","Smg8","smg8"
"2578","Rho","rhol"
"2579","Mt4","mt2"
"2580","Galnt4","poc1bl"
"2581","Rbm5","rbm5"
"2582","Fam3c","fam3c"
"2583","Lingo2","lingo2a"
"2584","Spg21","spg21"
"2585","Pdk2","pdk2a"
"2586","Coq8a","coq8ab"
"2587","Hdlbp","hdlbpa"
"2588","Vcpkmt","vcpkmt"
"2589","Ehbp1","ehbp1"
"2590","Msmp","si:ch1073-70f20.1"
"2591","Pcnx4","pcnx4"
"2592","Lsm7","lsm7"
"2593","Tmem170b","tmem170b"
"2594","Kcna4","kcna4"
"2595","Lxn","lxn"
"2596","Tox4","tox4b"
"2597","Susd1","susd1"
"2598","Ska3","ska3"
"2599","Lmod1","lmod1a"
"2600","Odr4","odr4"
"2601","Slc26a6","slc26a6l"
"2602","Akap6","akap6"
"2603","Sap18b","sap18"
"2604","Castor2","castor2"
"2605","Zmynd11","zmynd11"
"2606","Col5a1","col5a1"
"2607","Mapk1","mapk1"
"2608","Inka2","inka2"
"2609","Zcchc4","zcchc4"
"2610","Hirip3","hirip3"
"2611","Slitrk2","slitrk2"
"2612","Megf10","megf10"
"2613","Ptgir","ptgir"
"2614","Sumf2","sumf2"
"2615","Rpl24","rpl24"
"2616","Thap3","si:dkey-50i6.5"
"2617","Srebf2","srebf2"
"2618","Tprgl","tprg1l"
"2619","Aak1","aak1a"
"2620","Ppp1r10","ppp1r10"
"2621","Hspa13","hspa13"
"2622","Atmin","atmin"
"2623","Lamb2","lamb2"
"2624","Camk2b","camk2b2"
"2625","Kbtbd3","kbtbd3"
"2626","Klhl3","klhl3"
"2627","Pgp","pgp"
"2628","Snu13","snu13b"
"2629","Gm7075","rnf7"
"2630","Aptx","aptx"
"2631","Tmprss9","tmprss9"
"2632","Snrpg","snrpg"
"2633","Disp3","si:dkey-32e23.6"
"2634","Slc5a2","slc5a2"
"2635","Vipr2","vipr2"
"2636","Stx3","zgc:165520"
"2637","Drc1","drc1"
"2638","Pofut1","pofut1"
"2639","Tasor","tasorb"
"2640","Ebag9","ebag9"
"2641","Colec10","si:ch211-93i7.4"
"2642","Syne3","syne3"
"2643","Fbxo44","zgc:100832"
"2644","Fbxo44","zgc:173570"
"2645","Fbxo44","zgc:114174"
"2646","Fbxo44","si:dkey-147f3.8"
"2647","Fbxo44","si:dkey-147f3.4"
"2648","Exoc3l4","exoc3l4"
"2649","Exoc3l4","si:dkey-45k15.1"
"2650","Slc22a8","slc22a6l"
"2651","Uox","uox"
"2652","Smg9","smg9"
"2653","Crabp2","crabp2a"
"2654","A930007A09Rik","si:dkeyp-72e1.6"
"2655","Maf","mafa"
"2656","Mmab","mmab"
"2657","Ubtd1","ubtd1b"
"2658","Lrp10","lrp10"
"2659","Agps","agps"
"2660","Colec11","colec11"
"2661","Grik4","grik4"
"2662","Gpr37","gpr37b"
"2663","Rp2","rp2"
"2664","Ptges","ptges"
"2665","Lysmd2","lysmd2"
"2666","Cherp","cherp"
"2667","Ctla2a","ctslb"
"2668","Ctla2a","si:dkey-239j18.3"
"2669","Ctla2a","zgc:174154"
"2670","Ctla2a","si:dkey-269i1.4"
"2671","Ctla2a","si:dkey-26g8.5"
"2672","Ctla2a","zgc:174855"
"2673","Ehf","ehf"
"2674","Pum1","pum1"
"2675","Tlx3","tlx3b"
"2676","Grin2c","grin2cb"
"2677","Chmp4c","chmp4c"
"2678","Znhit1","znhit1"
"2679","Fam50a","fam50a"
"2680","Hspb3","hspb3"
"2681","Tm9sf4","tm9sf4"
"2682","Slc1a2","slc1a2a"
"2683","Pars2","pars2"
"2684","Deptor","deptor"
"2685","Wscd1","wscd1b"
"2686","Tor4a","tor4ab"
"2687","Kcnk7","si:ch211-261a10.5"
"2688","Igfbp3","igfbp3"
"2689","Tenm2","si:ch211-12m10.1"
"2690","Tenm2","si:ch211-166i24.1"
"2691","Tjp3","tjp3"
"2692","Crk","crk"
"2693","Mfsd8","mfsd8"
"2694","Gabbr2","gabbr2"
"2695","Fcrls","si:ch1073-66l23.1"
"2696","Fcrls","zgc:154125"
"2697","Syk","syk"
"2698","Tysnd1","tysnd1"
"2699","Tspan13","tspan13b"
"2700","Asl","asl"
"2701","Dusp23","dusp23b"
"2702","Pmp22","pmp22b"
"2703","Samm50","samm50l"
"2704","Fbn2","fbn2a"
"2705","Itih3","itih3b"
"2706","Itih3","zgc:112265"
"2707","Scg3","scg3"
"2708","Atp2a3","atp2a3"
"2709","Btbd6","btbd6b"
"2710","Snrpd1","snrpd1"
"2711","Rrn3","rrn3"
"2712","Sirt5","sirt5"
"2713","Numbl","numbl"
"2714","Sh3bp2","sh3bp2"
"2715","Map3k3","map3k3"
"2716","Mybpc1","mybpc1"
"2717","Ddx24","ddx24"
"2718","Lbhd2","si:dkeyp-72h1.1"
"2719","C1qtnf6","c1qtnf6a"
"2720","Cox8a","cox8a"
"2721","Nsmf","nsmfb"
"2722","Gmppb","gmppb"
"2723","Plpbp","plpbp"
"2724","Plekhb2","plekhb2"
"2725","Jmjd1c","jmjd1cb"
"2726","Igf2r","igf2r"
"2727","Abcg2","abcg2a"
"2728","Ankrd2","ankrd2"
"2729","Grm2","grm2a"
"2730","Slc8a1","slc8a1b"
"2731","Mrps5","mrps5"
"2732","Ephb4","ephb4b"
"2733","Flrt2","flrt2"
"2734","Prlr","prlra"
"2735","F13a1","f13a1b"
"2736","Slc2a7","slc2a9l1"
"2737","Lama3","lama3"
"2738","Zdhhc16","zdhhc16b"
"2739","Lgmn","lgmn"
"2740","Tcea1","tcea1"
"2741","Chodl","chodl"
"2742","Psmc6","psmc6"
"2743","Ddx6","ddx6"
"2744","Ttc41","ttc41"
"2745","Ccl27b","ccl27a"
"2746","Lypd6b","lypd6b"
"2747","Exosc5","exosc5"
"2748","Rnf114","rnf114"
"2749","Ndufb4","ndufb4"
"2750","Slc35b4","slc35b4"
"2751","Chchd3","chchd3b"
"2752","Phlpp1","phlpp1"
"2753","Shc1","shc1"
"2754","Tmem199","tmem199"
"2755","Usp12","usp12a"
"2756","Nkx1-1","nkx1.2lb"
"2757","Trp73","tp73"
"2758","Cbl","cbl"
"2759","Mettl27","mettl27"
"2760","Akirin2","akirin2"
"2761","Dzip1l","dzip1l"
"2762","Atf7ip2","atf7ip2"
"2763","Msrb1","msrb1b"
"2764","Ercc4","ercc4"
"2765","Ppp1r27","ppp1r27b"
"2766","Ube3b","ube3b"
"2767","Zdhhc3","zdhhc3a"
"2768","Tmem47","tmem47"
"2769","Casq2","casq2"
"2770","Chrnd","chrnd"
"2771","Ogfod3","uts2r2"
"2772","Irx5","irx5b"
"2773","Dnajc25","dnajc25"
"2774","Kera","kera"
"2775","Cfap97","cfap97"
"2776","Serpinb1b","serpinb1l2"
"2777","Mob3c","mob3c"
"2778","Usp54","usp54a"
"2779","Usp54","usp54b"
"2780","Lonrf2","si:ch1073-440b2.1"
"2781","Maz","maza"
"2782","Myh11","myh11b"
"2783","Anln","anln"
"2784","Rfx6","rfx6"
"2785","Zfp384","znf384l"
"2786","Tap1","tap1"
"2787","Kif11","kif11"
"2788","Dhx35","zgc:158828"
"2789","Vps13c","vps13c"
"2790","Rnf224","si:ch211-202f5.2"
"2791","Mlst8","mlst8"
"2792","Gtpbp3","gtpbp3"
"2793","Dnah1","dnah1"
"2794","Arhgef2","arhgef1a"
"2795","Nfs1","nfs1"
"2796","Mal2","mal2"
"2797","Clec3b","clec3ba"
"2798","Nop56","nop56"
"2799","Snx18","snx18a"
"2800","Ephb1","ephb1"
"2801","Ap4b1","ap4b1"
"2802","Hagh","hagh"
"2803","Ypel1","ypel1"
"2804","Serbp1","serbp1a"
"2805","Acadl","acadl"
"2806","Dip2b","dip2bb"
"2807","Jam3","jam3a"
"2808","Ufsp2","ufsp2"
"2809","Arhgef6","arhgef6"
"2810","Rragd","rragd"
"2811","Spock2","spock2"
"2812","Gnb1","gnb1b"
"2813","Pygm","pygma"
"2814","Cntnap3","cntnap3"
"2815","Cacnb3","cacnb3a"
"2816","Otulin","otulinb"
"2817","Gtf2f2","gtf2f2b"
"2818","Mctp2","mctp2a"
"2819","Ddx23","ddx23"
"2820","Gm9008","rnf26"
"2821","Galnt9","galnt9"
"2822","Rapgefl1","rapgefl1"
"2823","Slc2a3","slc2a3a"
"2824","Zfp385b","znf385b"
"2825","Mfap4","zmp:0000001323"
"2826","Mfap4","si:ch1073-110a20.3"
"2827","Mfap4","si:ch1073-110a20.2"
"2828","Mfap4","si:ch1073-110a20.1"
"2829","Arl14ep","arl14ep"
"2830","Adgrb1","adgrb1b"
"2831","Epyc","epyc"
"2832","Fmr1","fmr1"
"2833","Rpp40","rpp40"
"2834","Kremen1","kremen1"
"2835","Srm","srm"
"2836","Galnt12","galnt12"
"2837","Tango2","tango2"
"2838","Gm4756","dhrs7"
"2839","Akap1","akap1a"
"2840","1700066M21Rik","zgc:153521"
"2841","Cyp26a1","cyp26a1"
"2842","Osbp","osbp"
"2843","Ifi44","si:dkey-79f11.10"
"2844","Ifi44","si:dkey-79f11.9"
"2845","Ifi44","si:dkey-79f11.8"
"2846","Ifi44","si:dkey-79f11.7"
"2847","Ifi44","si:dkey-79f11.5"
"2848","Ifi44","si:dkeyp-9d4.2"
"2849","Usp19","usp19"
"2850","Lrrc8e","lrrc8da"
"2851","Sema3d","sema3d"
"2852","Lmcd1","lmcd1"
"2853","Hecw2","hecw2a"
"2854","Rrad","rrad"
"2855","Utp23","utp23"
"2856","Emc9","emc9"
"2857","Kcnj12","kcnj12b"
"2858","Nck1","nck1b"
"2859","Otub1","otub1a"
"2860","Gfra3","gfra3"
"2861","Hnrnpr","hnrnpr"
"2862","Lzts3","lzts3b"
"2863","Smim18","si:dkey-92j12.6"
"2864","Exosc2","exosc2"
"2865","Fbxo31","fbxo31"
"2866","Plxnb3","plxnb3"
"2867","Ppm1a","ppm1aa"
"2868","Thrap3","thrap3a"
"2869","Sybu","sybu"
"2870","Mxi1","mxi1"
"2871","Grin2a","grin2aa"
"2872","Tmem127","tmem127"
"2873","Smarcb1","smarcb1a"
"2874","Trim13","trim13"
"2875","Arhgap45","arhgap45b"
"2876","Tnfaip8l3","tnfaip8l3"
"2877","Klhdc7a","klhdc7a"
"2878","Ak5","ak5"
"2879","Tab3","tab3"
"2880","Olfm1","olfm1b"
"2881","Tbx5","tbx5b"
"2882","Guf1","guf1"
"2883","Smarca1","smarca1"
"2884","Nr1d1","nr1d1"
"2885","Ttll7","ttll7"
"2886","Chmp2b","chmp2ba"
"2887","Cmpk2","cmpk2"
"2888","Cacna1e","cacna1ea"
"2889","Lnx2","lnx2a"
"2890","Ric8a","ric8a"
"2891","Cdcp1","cdcp1a"
"2892","Itpr2","itpr2"
"2893","Rhou","si:ch211-133l11.10"
"2894","Vldlr","vldlr"
"2895","Slitrk4","slitrk4"
"2896","Robo3","zgc:77784"
"2897","Tmem260","tmem260"
"2898","Slc44a3","slc44a1a"
"2899","Uqcrc2","uqcrc2b"
"2900","Slc12a2","slc12a2"
"2901","Qdpr","qdprb1"
"2902","Ncor1","ncor1"
"2903","Mbl2","hbl4"
"2904","Mbl2","mbl2"
"2905","Mbl2","hbl2"
"2906","Zcchc2","zcchc2"
"2907","Sez6l2","sez6l2"
"2908","Cdh3","cdh1"
"2909","Cdh3","cdh28"
"2910","Cdh3","cdh29"
"2911","Cdh3","cdh30"
"2912","Tnc","tnc"
"2913","Ahr","ahr1a"
"2914","Brip1","brip1"
"2915","Smad4","smad4b"
"2916","Anp32e","anp32e"
"2917","Polh","polh"
"2918","Ccdc32","ccdc32"
"2919","Nacc1","nacc1b"
"2920","Adipoq","adipoqb"
"2921","Zdhhc4","zdhhc4"
"2922","Rp1","rp1"
"2923","Gal3st4","gal3st4"
"2924","Qars","qars1"
"2925","Hey1","hey1"
"2926","Sorbs2","sorbs2b"
"2927","Emc4","emc4"
"2928","Lrrc23","lrrc23"
"2929","Tdrd1","tdrd1"
"2930","Gp2","umod"
"2931","Gp2","si:ch73-180n10.1"
"2932","Dennd2c","dennd2c"
"2933","Ptprn","ptprnb"
"2934","Ecm1","ecm1b"
"2935","Treh","treh"
"2936","Mepce","si:ch1073-157b13.1"
"2937","Xpnpep1","xpnpep1"
"2938","Ptk6","ptk6a"
"2939","Cebpa","cebpa"
"2940","Rbp2","rbp2b"
"2941","Pudp","pudp"
"2942","Pamr1","si:ch211-102l7.3"
"2943","Myt1","myt1b"
"2944","Tnnc1","tnnc1a"
"2945","Eif4ebp1","eif4ebp1"
"2946","Dll1","dla"
"2947","Prg4","prg4a"
"2948","Mpnd","mpnd"
"2949","Slc43a1","slc43a1a"
"2950","Tst","zgc:162544"
"2951","Nabp1","nabp1a"
"2952","Clstn2","clstn2"
"2953","Syngap1","syngap1b"
"2954","Asb8","asb8"
"2955","Ap3m1","ap3m1"
"2956","Aplnr","aplnr2"
"2957","Ddx20","ddx20"
"2958","Max","max"
"2959","Xkr7","zgc:198371"
"2960","Prr11","prr11"
"2961","Zbtb10","zbtb10"
"2962","Fam149b","fam149b1"
"2963","Gsx1","gsx1"
"2964","Ostf1","ostf1"
"2965","Ajuba","ajuba"
"2966","Cfap73","cfap73"
"2967","Masp2","masp2"
"2968","Tnfaip2","tnfaip2a"
"2969","Anxa5","anxa5a"
"2970","Rmc1","rmc1"
"2971","Hsd17b14","hsd17b14"
"2972","Sec23b","sec23b"
"2973","Abcc1","abcc1"
"2974","Gjb1","cx31.7"
"2975","Rpe65","rpe65c"
"2976","Kbtbd12","kbtbd12"
"2977","Parp16","parp16"
"2978","Bbs5","bbs5"
"2979","Tmem120a","tmem120a"
"2980","Tmem120a","zgc:103681"
"2981","Ppp1r9b","ppp1r9ba"
"2982","0610012G03Rik","si:ch211-162e15.3"
"2983","Lpcat4","lpcat4"
"2984","Actr2","actr2a"
"2985","Eif5","eif5"
"2986","Npm1","npm1a"
"2987","Gm29776","si:ch211-216p19.5"
"2988","Ppp6r2","ppp6r2a"
"2989","Fam163a","si:dkey-193b15.8"
"2990","Wdr17","wdr17"
"2991","Hp1bp3","hp1bp3"
"2992","Atp2c1","atp2c1"
"2993","6430628N08Rik","si:dkey-9a6.4"
"2994","Prpf40a","prpf40a"
"2995","Nom1","nom1"
"2996","Vwa2","vwa2"
"2997","Trnau1ap","trnau1apa"
"2998","Slc30a5","slc30a5"
"2999","Nmnat3","nmnat3"
"3000","Rnf157","si:dkey-49c17.3"
"3001","Wasl","waslb"
"3002","Sema6c","sema6e"
"3003","Enpp2","enpp2"
"3004","Elac1","elac1"
"3005","Mcam","mcamb"
"3006","Cox7a2","cox7a2a"
"3007","Scrn2","scrn2"
"3008","Esrrg","esrrga"
"3009","Tacr3","tacr3a"
"3010","Slc22a2","slc22a2"
"3011","Hfm1","hfm1"
"3012","Prrg1","prrg1"
"3013","Gphb5","gphb5"
"3014","Rcc2","rcc2"
"3015","Comt","comtb"
"3016","Slc6a1","slc6a1a"
"3017","Ndufb6","ndufb6"
"3018","Supt16","supt16h"
"3019","Mettl11b","mettl11b"
"3020","Nfe2","nfe2"
"3021","Grb7","grb7"
"3022","Khdrbs2","khdrbs2"
"3023","Dnajc11","dnajc11b"
"3024","Bckdha","bckdha"
"3025","P2ry12","p2ry12"
"3026","Spata21","si:dkey-256e7.5"
"3027","Prdm14","prdm14"
"3028","Prdx1","prdx1"
"3029","Kif26b","kif26ba"
"3030","Pnrc1","pnrc1"
"3031","Ywhae","ywhae1"
"3032","Paxbp1","paxbp1"
"3033","Pusl1","pusl1"
"3034","Ascl2","ascl1b"
"3035","Kcnc2","si:ch73-334d15.4"
"3036","Tfb2m","tfb2m"
"3037","Gm9195","si:ch211-286b4.4"
"3038","Ppp4r3a","smek1"
"3039","Ank","ankhb"
"3040","Fhod1","fhod1"
"3041","Ccdc18","ccdc18"
"3042","Polm","polm"
"3043","Shisa8","shisa9a"
"3044","Caln1","caln1"
"3045","Tex264","tex264a"
"3046","Med20","med20"
"3047","Il12rb2","il23r"
"3048","Fzr1","fzr1a"
"3049","Gspt1","gspt1l"
"3050","Slc39a13","slc39a13"
"3051","Rab40b","rab40b"
"3052","Ampd2","ampd2a"
"3053","Hectd3","hectd3"
"3054","Socs3","socs3b"
"3055","Taf1","taf1"
"3056","Aasdh","aasdh"
"3057","Lrrc75a","si:dkey-151p21.7"
"3058","Trappc5","trappc5"
"3059","Lrba","lrba"
"3060","Klhl36","klhl36"
"3061","Phf1","phf1"
"3062","Cdyl","cdyl"
"3063","Zc3h3","zc3h3"
"3064","Cmss1","cmss1"
"3065","Aadac","aadac"
"3066","Tbcel","tbcela"
"3067","Hmgn3","hmgn6"
"3068","Npvf","npvf"
"3069","Piwil1","piwil1"
"3070","Helt","helt"
"3071","Zfp644","znf644a"
"3072","Actl6b","actl6b"
"3073","Kcnn4","kcnn4"
"3074","Cep250","cep135"
"3075","Chpt1","chpt1"
"3076","Epn3","epn3b"
"3077","Nup107","nup107"
"3078","Magt1","magt1"
"3079","Eif3k","eif3k"
"3080","Prr36","si:ch211-214c7.4"
"3081","Ppp5c","ppp5c"
"3082","Nrxn1","nrxn1b"
"3083","Chchd2","chchd2"
"3084","Ube2m","si:ch1073-205c8.3"
"3085","Dnm1","dnm1a"
"3086","Tpd52","tpd52"
"3087","Pdxdc1","pdxdc1"
"3088","Srcin1","zgc:114120"
"3089","Zhx3","zhx3"
"3090","Dnajb9","dnajb9b"
"3091","Plvap","plvapb"
"3092","Mms19","mms19"
"3093","Focad","focad"
"3094","Tbx2","tbx2b"
"3095","Rpia","rpia"
"3096","Mosmo","mosmob"
"3097","Ptk2b","ptk2ba"
"3098","Sass6","sass6"
"3099","Fam13b","fam13b"
"3100","Ubl7","ubl7a"
"3101","Golt1b","golt1bb"
"3102","Lrrc10","lrrc10"
"3103","Ndufaf2","ndufaf2"
"3104","Brf1","brf1b"
"3105","Cxcl12","cxcl12b"
"3106","Cd63","cd63"
"3107","Opn1sw","opn1sw1"
"3108","Fez2","si:dkey-288i20.2"
"3109","Dvl2","dvl2"
"3110","Tnpo3","tnpo3"
"3111","Usp43","usp43a"
"3112","Lbx2","lbx2"
"3113","Sigirr","sigirr"
"3114","Apip","apip"
"3115","Ahrr","ahrrb"
"3116","Ppa1","ppa1b"
"3117","Lrrc56","si:ch211-103e16.5"
"3118","Trp63","tp63"
"3119","Wdr37","wdr37"
"3120","Spic","spic"
"3121","Sptssa","sptssa"
"3122","Usp49","usp49"
"3123","Ccr10","ccr10"
"3124","Dynlrb2","dynlrb2"
"3125","Gabrd","gabrd"
"3126","Adk","adka"
"3127","Dgkg","dgkg"
"3128","Mtif3","mtif3"
"3129","Hgd","hgd"
"3130","Phkg1","phkg1a"
"3131","Phkg1","phkg1b"
"3132","E4f1","e4f1"
"3133","Smpd3","smpd3"
"3134","Spr","spra"
"3135","Spr","sprb"
"3136","Smc1a","smc1a"
"3137","Hsd17b7","hsd17b7"
"3138","Igfbp1","igfbp1b"
"3139","Igfbp1","igfbp1a"
"3140","Arhgap21","arhgap21b"
"3141","Fam83g","si:dkeyp-9d4.4"
"3142","Cd44","cd44a"
"3143","Gapvd1","gapvd1"
"3144","Drd4","drd4a"
"3145","Pfkm","pfkma"
"3146","Chtop","chtopa"
"3147","Ube2n","ube2nb"
"3148","Atp6v0a1","atp6v0a1b"
"3149","Ankrd37","ankrd37"
"3150","Napsa","napsa"
"3151","Abcd1","abcd1"
"3152","Celf3","celf3a"
"3153","Ccdc34","zgc:153293"
"3154","E2f8","e2f8"
"3155","Stat4","stat4"
"3156","Rer1","rer1"
"3157","Sh3tc2","sh3tc2"
"3158","Nras","nras"
"3159","Mcph1","mcph1"
"3160","Tnfaip8l2","tnfaip8l2b"
"3161","Dhrs13","dhrs13a.3"
"3162","Arl15","arl15a"
"3163","Cfap74","cacna1db"
"3164","Snapc3","snapc3"
"3165","Sall3","sall3b"
"3166","Adcyap1r1","adcyap1r1a"
"3167","Gas6","gas6"
"3168","Galr1","galr1a"
"3169","Stard10","stard10"
"3170","Cnn2","cnn2"
"3171","Toporsl","toporsa"
"3172","Mrps27","mrps27"
"3173","Ubb","si:ch211-202a12.4"
"3174","Chst14","chst14"
"3175","Vps72","vps72a"
"3176","Ldlrad4","ldlrad4b"
"3177","Rpgr","rpgrb"
"3178","Fam210a","fam210ab"
"3179","Sec23a","sec23a"
"3180","Map3k1","map3k1"
"3181","Nova1","nova1"
"3182","Adrm1","adrm1"
"3183","Htatsf1","htatsf1"
"3184","Srprb","zgc:172271"
"3185","Nrde2","nrde2"
"3186","Mrps31","mrps31"
"3187","Cd4","cd4-1"
"3188","Ak3","ak3"
"3189","Vegfb","vegfbb"
"3190","Zdhhc12","zdhhc12a"
"3191","Prf1","prf1.2"
"3192","Prf1","prf1.7"
"3193","Ergic1","ergic1"
"3194","Cnppd1","cnppd1"
"3195","Kctd2","kctd2"
"3196","Scx","scxa"
"3197","Glmn","glmna"
"3198","Glmn","glmnb"
"3199","Fstl1","fstl1a"
"3200","Dnah12","dnah12"
"3201","Moxd1","moxd1"
"3202","Zc2hc1c","zc2hc1c"
"3203","Gpha2","gpha2"
"3204","Fbh1","fbxo18"
"3205","Polr2j","polr2j"
"3206","Gm6408","sos1"
"3207","Usp6nl","usp6nl"
"3208","Unc119","unc119a"
"3209","Parvb","parvb"
"3210","Cep192","cep192"
"3211","Mpp4","mpp4l"
"3212","P2rx1","p2rx1"
"3213","Bglap3","bglap"
"3214","Sgca","sgca"
"3215","Tbx5","tbx5a"
"3216","Hepacam2","hepacam2"
"3217","Edn3","edn3b"
"3218","Mrps18b","mrps18b"
"3219","Dynlt1a","dynlt1"
"3220","Ugt1a10","ugt5b5"
"3221","Ugt1a10","ugt5b2"
"3222","Ugt1a10","ugt5b1"
"3223","Ugt1a10","ugt5b4"
"3224","Ugt1a10","ugt5b3"
"3225","Ugt1a10","ugt5g1"
"3226","Ugt1a10","ugt5c1"
"3227","Ugt1a10","ugt5c2"
"3228","Ugt1a10","ugt5c3"
"3229","Clec7a","si:ch211-170d8.8"
"3230","Tesc","tesca"
"3231","Pgf","pgfb"
"3232","Gk","zgc:172295"
"3233","Pcdh17","pcdh17"
"3234","Clec4a1","si:cabz01007816.2"
"3235","Clec4a1","asgrl1"
"3236","Alg8","alg8"
"3237","Smarcb1","smarcb1b"
"3238","Soat1","soat1"
"3239","Sharpin","sharpin"
"3240","Sharpin","rbck1"
"3241","Rassf7","rassf7a"
"3242","Rpf2","rpf2"
"3243","Dock11","dock11"
"3244","B4galt2","b4galt2"
"3245","Grin2d","grin2da"
"3246","Grin2d","grin2db"
"3247","Cacng7","cacng7a"
"3248","Cacng7","cacng7b"
"3249","Tmem54","tmem54a"
"3250","Tmem54","tmem54b"
"3251","Kcnmb2","si:ch211-247n2.1"
"3252","Fndc5","fndc5a"
"3253","Pxmp2","pxmp2"
"3254","Gabra6","gabra6a"
"3255","Ntng1","vav3b"
"3256","Ndufa1","ndufa1"
"3257","Wac","waca"
"3258","Fyb2","si:ch211-232i5.3"
"3259","Epb41l4b","epb41l4b"
"3260","Syt6","syt6b"
"3261","Gm12185","irgf3"
"3262","Gm12185","si:ch73-171o20.1"
"3263","Mavs","mavs"
"3264","Ccdc126","ccdc126"
"3265","Prrt2","prrt2"
"3266","Pgd","pgd"
"3267","Pnoc","pnocb"
"3268","Pnoc","pnoca"
"3269","Tcp11l2","tcp11l2"
"3270","Lrrc8e","si:ch211-106h11.1"
"3271","Morc2a","morc2"
"3272","Tpp2","tpp2"
"3273","Chd5","chd5"
"3274","Med28","med28"
"3275","Gpr37l1","gpr37l1a"
"3276","Ebf1","ebf3a"
"3277","Cox5b-ps","zgc:86599"
"3278","Rpl39","rpl39"
"3279","Wdr4","wdr4"
"3280","Gbp9","si:dkeyp-30d6.2"
"3281","Gbp9","gbp4"
"3282","Tmem230","tmem230a"
"3283","Cpm","cpm"
"3284","Hipk1","hipk1a"
"3285","Mtnr1a","mtnr1ab"
"3286","Tas1r2","tas1r2.2"
"3287","Tas1r2","tas1r2.1"
"3288","Zyx","zyx"
"3289","Cxxc4","cxxc4"
"3290","Ppa2","ppa2"
"3291","Zfp523","znf76"
"3292","Spx","spx"
"3293","Nlrx1","nlrx1"
"3294","Sh3bgr","sh3bgr"
"3295","Gm44505","im:7147486"
"3296","Foxq1","foxq1a"
"3297","Vax2","vax2"
"3298","Pole4","pole4"
"3299","Kcng4","kcng4a"
"3300","Katnbl1","katnbl1"
"3301","St6gal2","st6gal2a"
"3302","Unc5c","si:ch73-72b7.1"
"3303","Relb","relb"
"3304","Lipt1","lipt1"
"3305","Rabl6","rabl6b"
"3306","Rps10","rps10"
"3307","Lrfn2","lrfn2b"
"3308","Calhm2","calhm2.1"
"3309","Calhm2","calhm2.2"
"3310","Sft2d3","sft2d3"
"3311","Kit","kitb"
"3312","Zdhhc20","zdhhc20a"
"3313","Zpld1","zpld1a"
"3314","Zpld1","zpld1b"
"3315","Dok2","dok2"
"3316","Gm4356","gng5"
"3317","Aars2","aars2"
"3318","Cox4i1","cox4i1"
"3319","Mfap1a","mfap1"
"3320","Hsd3b4","hsd3b2"
"3321","AU022252","zgc:112255"
"3322","Polr1b","polr1b"
"3323","Atad1","atad1b"
"3324","Nkx2-4","nkx2.4a"
"3325","Akr1b8","zgc:101765"
"3326","Elavl1","elavl1a"
"3327","Sdr42e1","sdr42e1"
"3328","Gltp","gltpa"
"3329","Itga11","itga11b"
"3330","Dkk3","dkk3b"
"3331","Ywhah","ywhah"
"3332","Plek","plek"
"3333","Ogfrl1","ogfrl1"
"3334","Plekha8","plekha8"
"3335","Rasa1","rasa1a"
"3336","Nmt2","nmt2"
"3337","Tsc22d3","zgc:64189"
"3338","Tsc22d3","si:ch211-220e11.3"
"3339","Slc1a6","slc1a6"
"3340","Fuca1","fuca1.2"
"3341","Fuca1","fuca1.1"
"3342","Bok","boka"
"3343","Bok","bokb"
"3344","Abcb8","abcb8"
"3345","Matk","matk"
"3346","Rnf215","rnf215"
"3347","Dhh","ihhb"
"3348","Gltpd2","cptp"
"3349","Slc24a4","slc24a4a"
"3350","Mill2","mhc1zea"
"3351","Mill2","mhc1zca"
"3352","Mill2","mhc1zba"
"3353","Ldlr","si:dkey-258f14.3"
"3354","Ldlr","si:dkey-258f14.7"
"3355","Plpp3","plpp3"
"3356","Dnajb4","dnajb4"
"3357","Tbc1d23","tbc1d23"
"3358","Hmgb4","ubtfl"
"3359","Muc15","vsig8b"
"3360","Muc15","si:dkey-22i16.9"
"3361","Muc15","jam2b"
"3362","Etnk2","etnk2"
"3363","Sult2a6","sult1st1"
"3364","Sult2a6","sult1st2"
"3365","Sult2a6","sult1st3"
"3366","Ptpn2","ptpn2a"
"3367","Fhl4","fhl1b"
"3368","Eppin","spint1b"
"3369","Eppin","lrp11"
"3370","Pabpn1","pabpn1"
"3371","App","appb"
"3372","Heyl","her7"
"3373","Heyl","heyl"
"3374","En2","en2a"
"3375","Wwp1","wwp1"
"3376","Depdc5","depdc5"
"3377","Il23r","lifrb"
"3378","Il23r","lifra"
"3379","Inmt","zgc:64002"
"3380","Isoc2a","isoc2"
"3381","Herpud1","herpud1"
"3382","Cnep1r1","cnep1r1"
"3383","Acss2","acss2"
"3384","Fibcd1","fibcd1"
"3385","Sult3a1","sult3st3"
"3386","Sult3a1","sult3st5"
"3387","Sult3a1","sult3st4"
"3388","Terf2","terfa"
"3389","Blnk","blnk"
"3390","Pnpo","pnpo"
"3391","Ptf1a","ptf1a"
"3392","Fkbp10","fkbp10a"
"3393","Fbxo40","fbxo40.2"
"3394","Fbxo40","fbxo40.1"
"3395","Pkig","pkig"
"3396","Rbm8a","rbm8a"
"3397","Ppil6","ppil6"
"3398","Mepce","mepce"
"3399","Glul","glulb"
"3400","Lbx1","lbx1a"
"3401","Zcrb1","zcrb1"
"3402","Paqr8","paqr8"
"3403","H1f10","h1-10"
"3404","Slc17a2","slc37a4b"
"3405","Utp3","utp3"
"3406","Styk1","styk1b"
"3407","Mst1r","mst1rb"
"3408","Mst1r","mst1ra"
"3409","Zfp827","znf827"
"3410","Ndrg4","ndrg4"
"3411","Ankrd55","ankrd55"
"3412","Ccnt2","ccnt2a"
"3413","Slc16a12","slc16a12b"
"3414","Dnase1","dnase1"
"3415","Gm10033","si:ch211-261d7.6"
"3416","Sorbs2","sorbs2a"
"3417","Slc35f6","slc35f6"
"3418","Olfr1101","adra1ab"
"3419","Nr4a1","nr4a1"
"3420","Nab1","nab1b"
"3421","Eefsec","eefsec"
"3422","Efr3b","efr3ba"
"3423","Rab3a","rab3aa"
"3424","Tmem51","tmem51b"
"3425","Slc24a5","slc24a5"
"3426","Slc35c2","slc35c2"
"3427","Ddx3y","ddx3xa"
"3428","Tomm70a","tomm70a"
"3429","Kifc5b","kifc1"
"3430","Dnm1","dnm1b"
"3431","Pcmt1","pcmt"
"3432","Olfm2","olfm2b"
"3433","Ms4a6c","ms4a17a.4"
"3434","Ms4a6c","si:ch73-56d11.5"
"3435","Ms4a6c","ms4a17a.5"
"3436","Ms4a6c","si:dkey-7j14.6"
"3437","Amigo1","amigo1"
"3438","Srcin1","si:ch211-278a6.1"
"3439","Ifnar2","il22ra2"
"3440","Ifnar2","ifngr1l"
"3441","Ifnar2","crfb16"
"3442","Lamb1","lamb1b"
"3443","Tm6sf2","tm6sf2"
"3444","Glce","glcea"
"3445","Rpl36","rpl36"
"3446","Atn1","atn1"
"3447","Adcy8","adcy8"
"3448","Gstt4","gstt2"
"3449","Gbf1","gbf1"
"3450","Fam168b","fam168b"
"3451","Elmod3","elmod3"
"3452","Pold2","pold2"
"3453","Myo1e","myo1ea"
"3454","Slc38a6","slc38a6"
"3455","Gigyf1","gigyf1b"
"3456","Fgf13","fgf13a"
"3457","Mycbp","mycbp"
"3458","Sft2d1","sft2d1"
"3459","Taf13","taf13"
"3460","Fgfr1","fgfr1a"
"3461","Fgfr1","fgfr1bl"
"3462","Rpl38","rpl38"
"3463","Ddx47","ddx47"
"3464","Dnajb7","dnajb1b"
"3465","Gsap","gsap"
"3466","Ddx59","ddx59"
"3467","Syt15","syt15"
"3468","Gtpbp1","gtpbp1l"
"3469","Brinp2","brinp3a.1"
"3470","Arap3","arap3"
"3471","Ppp3cc","ppp3ccb"
"3472","Necab2","necab2"
"3473","Taf4","taf4a"
"3474","Gjb6","cx30.3"
"3475","Fabp12","fabp11a"
"3476","Txndc12","txndc12"
"3477","Col14a1","col14a1a"
"3478","Bmpr1b","bmpr1ba"
"3479","Ampd2","ampd2b"
"3480","Acat2","acat2"
"3481","Gria1","gria1b"
"3482","C1qtnf5","c1qtnf5"
"3483","Dbnl","dbnla"
"3484","Cox16","cox16"
"3485","Acsl1","acsl1b"
"3486","Tmem104","tmem104"
"3487","Nmd3","nmd3"
"3488","Isoc1","isoc1"
"3489","Nanp","nanp"
"3490","Rtf2","rtf2"
"3491","Map3k14","map3k14a"
"3492","Nlgn1","nlgn1"
"3493","Rnf207","rnf207a"
"3494","Kif17","kif17"
"3495","Cfap97d2","si:dkey-83m22.7"
"3496","Slc43a2","slc43a2a"
"3497","Sox12","sox19b"
"3498","Sox12","sox19a"
"3499","Chrna5","chrna5"
"3500","Acot9","acot9.2"
"3501","Yipf4","yipf4"
"3502","Hmx1","hmx1"
"3503","Emc6","emc6"
"3504","Kcnc2","kcnc2"
"3505","Zbtb22","zbtb22b"
"3506","Txnip","txnipb"
"3507","Gosr2","gosr2"
"3508","Commd8","commd8"
"3509","Slc6a5","slc6a5"
"3510","Papss2","papss2b"
"3511","Rnf115","si:ch211-81a5.1"
"3512","Aqp12","aqp12"
"3513","Sptb","sptb"
"3514","Gng7","gng7"
"3515","Mettl1","mettl1"
"3516","Plekhg5","plekhg5a"
"3517","Il27ra","il2rga"
"3518","Il27ra","il2rgb"
"3519","Gpr183","gpr183b"
"3520","Rab3c","rab3c"
"3521","Adamts2","adamts2"
"3522","Fam111a","si:ch1073-475a24.1"
"3523","Terb2","terb2"
"3524","Ankrd53","si:ch211-1o7.2"
"3525","Ttll9","ttll9"
"3526","Dcxr","dcxr"
"3527","Lgi1","lgi1b"
"3528","Slc16a5","slc16a5a"
"3529","Gnl3","gnl3"
"3530","Rbm28","rbm28"
"3531","Cpz","cpz"
"3532","Fezf2","fezf2"
"3533","Atp6v1h","atp6v1h"
"3534","2310061I04Rik","si:ch211-215a10.4"
"3535","Bloc1s1","bloc1s1"
"3536","Ppm1f","ppm1f"
"3537","Tafa4","tafa4a"
"3538","Cct2","cct2"
"3539","Zbtb17","zbtb17"
"3540","Fasn","ccdc57"
"3541","Fasn","fasn"
"3542","Chek2","chek2"
"3543","Bscl2","bscl2l"
"3544","Mme","kel"
"3545","Fam169a","fam169ab"
"3546","Il20","il19l"
"3547","Cdh18","cdh18a"
"3548","Csrnp1","csrnp1a"
"3549","Ppfia3","ppfia3"
"3550","Dus2","dus2"
"3551","Gypc","gypc"
"3552","Grem2","grem2a"
"3553","Glrx5","glrx5"
"3554","Ap5s1","ap5s1"
"3555","Pde4b","pde4ba"
"3556","Tnfaip8l2","tnfaip8l2a"
"3557","Mtbp","mtbp"
"3558","Ifit1bl2","ifit12"
"3559","Ifit1bl2","ifit11"
"3560","Ifit1bl2","ifit10"
"3561","Tspan33","tspan33a"
"3562","Pacsin3","pacsin3"
"3563","AI597479","si:dkeyp-118h3.6"
"3564","Pfkm","pfkmb"
"3565","Slc22a28","slc22a4"
"3566","Slc22a28","si:dkey-166k12.1"
"3567","Il10rb","crfb4"
"3568","Eif1ax","eif1axb"
"3569","Fbxw13","si:dkey-202c14.3"
"3570","Peli1","peli1b"
"3571","Eral1","eral1"
"3572","Rbm12","rbm12"
"3573","Taco1","taco1"
"3574","Tmprss11a","st14a"
"3575","Timmdc1","timmdc1"
"3576","Lyrm9","lyrm9"
"3577","Cdc42ep4","cdc42ep4b"
"3578","Actr8","actr8"
"3579","Atg9b","atg9b"
"3580","Cadps","cadpsa"
"3581","Nutf2-ps1","nutf2"
"3582","Ppm1h","ppm1h"
"3583","Amy2a3","amy2a"
"3584","Mbl1","zmp:0000000729"
"3585","Fnbp1l","fnbp1l"
"3586","Fgf3","fgf3"
"3587","Gsr","gsr"
"3588","Adra2c","adra2c"
"3589","Npc2","zgc:193725"
"3590","Npc2","npc2"
"3591","Npdc1","npdc1b"
"3592","Usp43","usp43b"
"3593","Pygb","pygb"
"3594","Ap2b1","ap2b1"
"3595","Abcc5","abcc5"
"3596","Zfp780b","zgc:66472"
"3597","Spag6l","spag6"
"3598","Adm2","adm2a"
"3599","Zdhhc8","zdhhc8b"
"3600","Txndc16","txndc16"
"3601","Pank1","pank1b"
"3602","Gpx3","gpx1b"
"3603","Tfdp1","tfdp1a"
"3604","Tnpo2","tnpo2"
"3605","Cct3","cct3"
"3606","Epb41l5","epb41l5"
"3607","Edf1","edf1"
"3608","Ifi44l","si:dkey-193b15.5"
"3609","Ifi44l","zgc:153654"
"3610","Sec61a1","sec61a1l"
"3611","Sdr16c5","sdr16c5b"
"3612","Sdhd","sdhda"
"3613","Galnt16","galnt16"
"3614","Gemin6","gemin6"
"3615","Rab11fip5","rab11fip5a"
"3616","Atp10b","atp10b"
"3617","Klc4","klc4"
"3618","Tal1","tal1"
"3619","Net1","net1"
"3620","B3gnt3","b3gnt3.1"
"3621","B3gnt3","b3gnt3.2"
"3622","B3gnt3","b3gnt3.3"
"3623","B3gnt3","b3gnt3.4"
"3624","Cpsf6","cpsf6"
"3625","Lmna","lmna"
"3626","Cd93","cd248b"
"3627","Npff","npffl"
"3628","Farp2","farp2"
"3629","Apobec2","apobec2a"
"3630","Dok6","dok6"
"3631","Mier3","mier3b"
"3632","Tasor2","tasor2"
"3633","Vps35","vps35"
"3634","Aplp2","aplp2"
"3635","Sntg2","sntg2"
"3636","Ccne1","ccne1"
"3637","Las1l","las1l"
"3638","Asrgl1","asrgl1"
"3639","Map1s","map1sb"
"3640","Map1s","map1sa"
"3641","Pdlim5","pdlim5a"
"3642","Rgs5","rgs5a"
"3643","Nemp2","nemp2"
"3644","Psmd4","psmd4b"
"3645","Rgs7","rgs7a"
"3646","Qk","qki2"
"3647","Tmem109","si:dkey-9i23.15"
"3648","Rubcnl","rubcnl"
"3649","Dnajc27","dnajc27"
"3650","Lsm14a","lsm14ab"
"3651","Bag4","bag4"
"3652","Thoc2l","thoc2"
"3653","Ptk2","ptk2ab"
"3654","Desi1","desi1b"
"3655","Gmpr2","gmpr2"
"3656","Psmb4","psmb4"
"3657","S100a13","s100v2"
"3658","Fhl3","fhl3a"
"3659","Asb13","asb13a.1"
"3660","Asb13","asb13a.2"
"3661","Gabrr2","gabrr2b"
"3662","Ano6","ano6"
"3663","Fn1","fn1a"
"3664","Stambpl1","stambpl1"
"3665","Tmeff2","tmeff2a"
"3666","Il17f","il17a/f3"
"3667","Ndufs4","ndufs4"
"3668","Adrb2","adrb2a"
"3669","Flt4","flt4"
"3670","Jdp2","jdp2a"
"3671","Mapre3","mapre3a"
"3672","Mapre3","mapre3b"
"3673","Cxcl9","cxcl11.8"
"3674","Cxcl9","cxcl11.6"
"3675","Cxcl9","cxcl11.7"
"3676","Cxcl9","cxcl11.5"
"3677","Ube2j2","ube2j2"
"3678","Otol1","otol1a"
"3679","Rps18","rps18"
"3680","Sf3a1","sf3a1"
"3681","Slc23a2","slc23a2"
"3682","Btk","btk"
"3683","Prmt3","prmt3"
"3684","Cavin4","cavin4b"
"3685","Zc4h2","zc4h2"
"3686","Cfap58","cfap58"
"3687","R3hdml","r3hdml"
"3688","Fam131b","fam131bb"
"3689","Bhlhe41","bhlhe41"
"3690","Rnls","rnls"
"3691","Gnb3","gnb3b"
"3692","Dcst2","dcst2"
"3693","Ttc21b","ttc21b"
"3694","Lsm6","lsm6"
"3695","Pbdc1","pbdc1"
"3696","Hba-a2","zgc:163057"
"3697","Dalrd3","dalrd3"
"3698","1600014C10Rik","si:ch211-260e23.7"
"3699","1600014C10Rik","zgc:101715"
"3700","1600014C10Rik","si:ch211-260e23.8"
"3701","Ubac2","ubac2"
"3702","G3bp2","g3bp2"
"3703","Cyp2j11","cyp2aa12"
"3704","Cyp2j11","cyp2aa11"
"3705","Cyp2j11","cyp2aa8"
"3706","Cyp2j11","cyp2aa4"
"3707","Cyp2j11","cyp2aa7"
"3708","Pdcd1lg2","si:ch211-241b2.5"
"3709","Rassf3","rassf3"
"3710","Tnk2","tnk2a"
"3711","Mblac1","mblac1"
"3712","Cdca7l","cdca7b"
"3713","Cplx4","cplx4b"
"3714","Bclaf3","zgc:112982"
"3715","Fam221a","fam221a"
"3716","Wnt1","wnt1"
"3717","Clta","clta"
"3718","Scyl3","scyl3"
"3719","Gngt1","gngt1"
"3720","Ramp1","zgc:91818"
"3721","Baz1a","baz1a"
"3722","Ddost","ddost"
"3723","Grina","grinab"
"3724","Stxbp1","stxbp1b"
"3725","Gls","glsb"
"3726","Hnrnpa3","hnrnpa0b"
"3727","Hnrnpa3","hnrnpa0l"
"3728","Vamp4","vamp4"
"3729","Oplah","oplah"
"3730","Sele","selp"
"3731","St6galnac5","st6galnac5a"
"3732","Fam8a1","fam8a1a"
"3733","Car1","cahz"
"3734","Tex261","tex261"
"3735","Eef1e1","eef1e1"
"3736","Tnnc2","si:rp71-17i16.4"
"3737","Tnnc2","tnnc2"
"3738","Dapp1","dapp1"
"3739","Ypel5","ypel5"
"3740","Hmgcr","hmgcrb"
"3741","Scube2","scube2"
"3742","Zic3","zic3"
"3743","Wdr93","wdr93"
"3744","Plin1","plin1"
"3745","Atp6v0b","atp6v0b"
"3746","Myo15","myo15ab"
"3747","Sbk1","si:ch211-183d21.3"
"3748","Sars","sars1"
"3749","Cln6","cln6b"
"3750","Carhsp1","carhsp1"
"3751","Calhm1","calhm1"
"3752","Sema3f","sema3fb"
"3753","Irf8","irf8"
"3754","Ptgs2","ptgs2a"
"3755","Phf21a","phf21ab"
"3756","Phf21a","phf21aa"
"3757","Tecr","tecrb"
"3758","Anapc11","anapc11"
"3759","Fam110a","fam110a"
"3760","Alk","alk"
"3761","Mybph","mybphb"
"3762","Mybph","mybpha"
"3763","Afap1","afap1"
"3764","Fam102a","fam102aa"
"3765","Bsdc1","bsdc1"
"3766","Pex14","pex14"
"3767","Pnrc2","pnrc2"
"3768","Gars","gars1"
"3769","Casp7","casp7"
"3770","Ptk7","ptk7a"
"3771","Cep55","cep55l"
"3772","Efna3","efna3b"
"3773","Pip5k1b","pip5k1bb"
"3774","Slc41a2","slc41a2b"
"3775","Slc41a2","slc41a2a"
"3776","Sntb1","sntb1"
"3777","Lhx2","lhx2b"
"3778","Irf2bp1","irf2bp1"
"3779","Tenm4","tenm4"
"3780","Tmem151b","tmem151bb"
"3781","Actc1","zgc:86709"
"3782","Hccs","hccsb"
"3783","Ppargc1b","ppargc1b"
"3784","Il17d","il17d"
"3785","Creb5","creb5b"
"3786","Snapin","snapin"
"3787","Cfl2","cfl2"
"3788","Smurf2","smurf2"
"3789","Nalcn","nalcn"
"3790","Lats2","lats2"
"3791","Abcd3","abcd3a"
"3792","Copa","copa"
"3793","Slc25a26","slc25a26"
"3794","Atoh7","atoh7"
"3795","Calb1","calb1"
"3796","Bmi1","bmi1a"
"3797","Bmi1","bmi1b"
"3798","Ica1l","ical1"
"3799","Srp54a","srp54"
"3800","Chst7","chst7"
"3801","Cenpc1","si:ch211-161h7.4"
"3802","Ptpra","ptpra"
"3803","Hexb","hexb"
"3804","Ect2","ect2"
"3805","Rgs16","rgs8"
"3806","Abi3bp","abi3bpa"
"3807","Abi3bp","abi3bpb"
"3808","Serinc4","serinc4"
"3809","Tdh","tdh"
"3810","Dr1","dr1"
"3811","Cdk15","cdk15"
"3812","Ell3","si:ch211-13k12.2"
"3813","Enpp7","enpp7.1"
"3814","Enpp7","enpp7.2"
"3815","Pex19","pex19"
"3816","Sinhcaf","sinhcaf"
"3817","Rgs4","rgs4"
"3818","Pdzd3","pdzd3a"
"3819","Rnpep","rnpep"
"3820","Kif1c","kif1c"
"3821","Map3k2","map3k2"
"3822","Fam117b","fam117ba"
"3823","Cyp8b1","cyp8b1"
"3824","Cyp8b1","cyp8b2"
"3825","Cyp8b1","cyp8b3"
"3826","Tbc1d20","tbc1d20"
"3827","Ahdc1","ahdc1"
"3828","Gm572","si:ch211-129o18.4"
"3829","Otx2","otx2b"
"3830","Mymk","mymk"
"3831","Lgi3","lgi3"
"3832","Dnah7c","dnah7"
"3833","Pik3r4","pik3r4"
"3834","Fbxl22","fbxl22"
"3835","Cdh6","cdh6"
"3836","Otog","otog"
"3837","Penk","penkb"
"3838","Reg1","si:ch211-125e6.11"
"3839","Reg1","si:ch211-125e6.12"
"3840","Reg1","si:ch211-125e6.13"
"3841","Reg1","si:ch211-125e6.14"
"3842","Reg1","lectin"
"3843","Sox7","sox7"
"3844","Kctd9","kctd9a"
"3845","Ppp1r8","ppp1r8b"
"3846","Cdk5rap3","cdk5rap3"
"3847","Arhgap27","arhgap27"
"3848","Myo1b","myo1b"
"3849","Hebp2","hebp2"
"3850","Nos2","nos2b"
"3851","Btbd17","btbd17b"
"3852","Olfm5","si:ch211-194m7.8"
"3853","Olfm5","si:ch211-194m7.5"
"3854","Hsd17b10","hsd17b10"
"3855","Ccp110","si:ch73-100l22.3"
"3856","Tcf23","tcf23"
"3857","Exoc6","exoc6"
"3858","Efcab15","cabp2a"
"3859","C1qa","c1qa"
"3860","Sh3d19","sh3d19"
"3861","Elk4","elk4"
"3862","Prlr","prlrb"
"3863","Ttyh2","ttyh2"
"3864","Pdcd7","pdcd7"
"3865","Chfr","chfr"
"3866","Vps36","vps36"
"3867","Cep85","cep85"
"3868","Slc2a7","slc2a11b"
"3869","Slc2a7","slc2a15a"
"3870","Tfdp2","tfdp2"
"3871","Amd2","amd1"
"3872","Aldh16a1","aldh16a1"
"3873","Rnf41","rnf41"
"3874","Ywhag","ywhag1"
"3875","Tmem259","tmem259"
"3876","Mtmr9","mtmr9"
"3877","Csde1","si:dkeyp-121d4.3"
"3878","Wnt7b","wnt7bb"
"3879","Pfpl","mpeg1.3"
"3880","Pfpl","mpeg1.1"
"3881","Sec22c","sec22c"
"3882","Dnmt3c","dnmt3bb.1"
"3883","Fgd6","fgd6"
"3884","Olfml2b","olfml2ba"
"3885","Sftpb","sftpbb"
"3886","Otx1","otx1"
"3887","Mfsd9","mfsd9"
"3888","Ccdc117","si:ch211-102c2.7"
"3889","Plk2","plk2b"
"3890","Zbtb44","zbtb44"
"3891","Lypd8","si:dkey-102g19.3"
"3892","Timm17b","timm17b"
"3893","Endou","endou"
"3894","Cel","cel.2"
"3895","Cel","cel.1"
"3896","Tead3","tead3a"
"3897","Tead3","tead3b"
"3898","Dusp23","dusp23a"
"3899","H2ax","hist1h2a4"
"3900","Elovl4","elovl4b"
"3901","Ctcfl","si:dkey-89b17.4"
"3902","Lonp1","lonp1"
"3903","Naa30","naa30"
"3904","Foxn1","foxn1"
"3905","Zscan4-ps2","si:dkeyp-113d7.10"
"3906","Zfp160","znf576.1"
"3907","Rbp4","rbp4"
"3908","4833439L19Rik","zgc:123105"
"3909","Ndufa3","ndufa3"
"3910","Cdh13","cdh13"
"3911","Casp4","caspb"
"3912","Casp4","caspbl"
"3913","Wnt9b","wnt9b"
"3914","Zbtb45","si:dkeyp-84f3.5"
"3915","Dnajc10","dnajc10"
"3916","Chchd10","chchd10"
"3917","Rps8","rps8a"
"3918","Edc4","edc4"
"3919","Szrd1","szrd1"
"3920","Igf2bp2","igf2bp2b"
"3921","Mtap","mtap"
"3922","Ppcs","ppcs"
"3923","Plp2","plp2"
"3924","Rpl22","rpl22"
"3925","Elp3","elp3"
"3926","Uqcrq","uqcrq"
"3927","Gpx1","gpx9"
"3928","Hoxd12","hoxd12a"
"3929","Ppp2r5e","ppp2r5eb"
"3930","Tmem182","tmem182a"
"3931","Tmem182","tmem182b"
"3932","Bmyc","mycb"
"3933","Plekhf1","plekhf1"
"3934","Naxe","naxe"
"3935","Ing5","ing5a"
"3936","Sgms2","sgms2a"
"3937","St6galnac3","st6galnac3"
"3938","Dusp19","dusp19a"
"3939","Coq6","coq6"
"3940","Pfdn5","pfdn5"
"3941","Rbm24","rbm24b"
"3942","Rbm24","rbm24a"
"3943","Mrpl13","mrpl13"
"3944","Cebpz","cebpz"
"3945","Cebpz","si:ch1073-412h12.3"
"3946","Chrna7","chrna7"
"3947","Zfp324","si:dkey-208k4.2"
"3948","Ap4m1","ap4m1"
"3949","Crebzf","crebzf"
"3950","Fmod","fmoda"
"3951","Lsm11","lsm11"
"3952","Slc27a6","slc27a6"
"3953","Ovca2","ovca2"
"3954","Fgl2","fgl2a"
"3955","Zc3h12b","zc3h12b"
"3956","Chdh","chdh"
"3957","Plscr4","si:ch73-206p6.1"
"3958","Plscr4","si:dkey-62k3.6"
"3959","Plscr4","plscr3b"
"3960","Rictor","rictorb"
"3961","Ptgfrn","si:ch211-132g1.7"
"3962","Tmtc3","tmtc3"
"3963","Plekha3","plekha3"
"3964","Rnf113a2","rnf113a"
"3965","Fat1","fat1b"
"3966","Hmgcs1","hmgcs1"
"3967","Ppp1r16a","ppp1r16a"
"3968","Col7a1","si:dkey-21p1.3"
"3969","Mrpl1","mrpl1"
"3970","Neurod1","neurod1"
"3971","Prkar1b","prkar1b"
"3972","Panx1","panx1b"
"3973","Cnot9","cnot9"
"3974","Ulk4","ulk4"
"3975","Rell2","rell2"
"3976","Cope","cope"
"3977","Vipr1","vipr1b"
"3978","Stk25","stk25b"
"3979","Stk25","stk25a"
"3980","Rdh5","rdh5"
"3981","Bcs1l","bcs1l"
"3982","Snx18","snx18b"
"3983","Whrn","whrnb"
"3984","Yipf1","yipf1"
"3985","Abt1","abt1"
"3986","Camsap2","camsap2a"
"3987","Mrs2","mrs2"
"3988","Gorasp1","gorasp1a"
"3989","Exosc10","exosc10"
"3990","Prtg","prtga"
"3991","Snrnp200","snrnp200"
"3992","Dok4","dok4"
"3993","Smad3","smad3b"
"3994","Fam207a","fam207a"
"3995","2310022A10Rik","si:ch211-160d20.3"
"3996","Rps9","rps9"
"3997","Acot3","acot20"
"3998","Acot3","acot21"
"3999","Blk","lck"
"4000","Calhm3","calhm3"
"4001","Ppp2r1b","ppp2r1ba"
"4002","Cacna2d4","cacna2d4a"
"4003","Morf4l2","morf4l1"
"4004","Htr2a","htr2aa"
"4005","Aqp6","aqp8a.2"
"4006","Car15","car15"
"4007","Lum","lum"
"4008","Ash1l","ash1l"
"4009","Gpr25","gpr25"
"4010","Eif1ad","eif1ad"
"4011","Gpr176","gpr176"
"4012","Mfsd4b1","mfsd4b"
"4013","Psmd3","psmd3"
"4014","Spns1","spns1"
"4015","Dlgap1","dlgap1a"
"4016","Ciart","ciarta"
"4017","Cfap300","cfap300"
"4018","Stx8","stx8"
"4019","Kcnk15","kcnk15"
"4020","Gucy1b2","gucy1b2"
"4021","Zfp513","znf513a"
"4022","Prss51","f9a"
"4023","Mad1l1","mad1l1"
"4024","Cwc22","cwc22"
"4025","Timm8a2","timm8a"
"4026","Smpd5","smpd5"
"4027","Bcl9l","bcl9l"
"4028","Syt1","syt1b"
"4029","Cnn3","cnn3a"
"4030","Mbd3","mbd3a"
"4031","Nfkbiz","nfkbiz"
"4032","Ecpas","ecpas"
"4033","Selenoo","selenoo2"
"4034","Kif28","kif28"
"4035","Kif28","si:rp71-84d9.1"
"4036","Stambp","stambpa"
"4037","Cdon","cdon"
"4038","Prlh","prlh2"
"4039","Tcof1","si:ch73-308l14.2"
"4040","Soga3","soga3b"
"4041","Thy1","si:dkeyp-69c1.7"
"4042","Smim8","smim8"
"4043","Pias1","pias1b"
"4044","C1qtnf1","c1qtnf1"
"4045","Daxx","daxx"
"4046","Crot","crot"
"4047","Kpnb1","kpnb1"
"4048","Syngr3","syngr3b"
"4049","Cyp1b1","cyp1b1"
"4050","Tyrobp","tyrobp"
"4051","Mrpl24","mrpl24"
"4052","Rnft2","rnft2"
"4053","Atp7a","atp7a"
"4054","Tapt1","tapt1a"
"4055","Itprid2","itprid2"
"4056","Dhrs3","dhrs3a"
"4057","Cdh10","cdh10a"
"4058","Tmbim1","tmbim1a"
"4059","Foxc1","foxc1a"
"4060","Troap","si:ch211-156j22.4"
"4061","4930480E11Rik","zgc:158260"
"4062","Kcnk6","kcnk6"
"4063","Slc14a2","slc14a2"
"4064","Ssc5d","si:dkey-14d8.20"
"4065","Fancd2","fancd2"
"4066","Phrf1","phrf1"
"4067","Afdn","afdna"
"4068","Hes2","hes2.2"
"4069","Hes2","hes2.1"
"4070","Snap25","snap25b"
"4071","Snap25","snap25a"
"4072","Hoxd10","hoxd10a"
"4073","Lyzl1","lyz"
"4074","Itga2","itga2.1"
"4075","Itga2","itga2.3"
"4076","Itga2","itga2.2"
"4077","Trappc10","trappc10"
"4078","Mgst1","mgst1.2"
"4079","Mgst1","mgst1.1"
"4080","Agrp","agrp"
"4081","P4ha3","p4ha3"
"4082","Esd","esd"
"4083","Psmc3ip","psmc3ip"
"4084","Phldb2","phldb2a"
"4085","Hoxd11","hoxd11a"
"4086","Efcc1","eef1da"
"4087","Cyct","cycsb"
"4088","Xdh","xdh"
"4089","Hpcal4","hpcal4"
"4090","Cyb5r2","cyb5r2"
"4091","Pkn1","pkn1a"
"4092","Patj","patj"
"4093","Crhr1","crhr1"
"4094","Tmem144","tmem144a"
"4095","Ccn5","ccn5"
"4096","Myl12b","myl12.2"
"4097","Ptpn4","ptpn4a"
"4098","Gnai3","gnai3"
"4099","Rock2","rock2bl"
"4100","Rock2","rock2b"
"4101","Rock2","si:dkey-65b13.9"
"4102","Thoc7","thoc7"
"4103","Pltp","pltp"
"4104","Pitrm1","pitrm1"
"4105","Mfrp","mfrp"
"4106","Abl2","abl2"
"4107","Idh3b","idh3b"
"4108","Nkpd1","nkpd1"
"4109","Ddx19b","zgc:193690"
"4110","Cdk18","si:dkey-166c18.1"
"4111","Rbms3","rbms3"
"4112","Gmeb2","si:ch73-302a13.2"
"4113","Ugdh","ugdh"
"4114","Tmem214","tmem214"
"4115","Msn","msna"
"4116","F2rl1","f2rl1.2"
"4117","F2rl1","f2rl1.1"
"4118","Tgm2","tgm2b"
"4119","Pphln1","pphln1"
"4120","Chst11","chst11"
"4121","Zyg11a","si:ch1073-82l19.1"
"4122","Aqp7","aqp7"
"4123","Fbp2","fbp2"
"4124","Wrn","wrn"
"4125","Fgf15","fgf19"
"4126","Trim3","trim3a"
"4127","Fzd7","fzd7b"
"4128","Nlk","nlk2"
"4129","Aagab","aagab"
"4130","Ldb2","ldb2a"
"4131","Smad6","smad6b"
"4132","Hexdc","hexdc"
"4133","Apex1","apex1"
"4134","Kcnt1","kcnt1"
"4135","Plp1","plp1b"
"4136","Ngf","ngfa"
"4137","Hif1a","hif1aa"
"4138","Paqr6","paqr6"
"4139","Sf3a2","sf3a2"
"4140","Ubr7","ubr7"
"4141","Col1a1","col1a1b"
"4142","Pskh1","pskh1"
"4143","Gm10184","kpna2"
"4144","Lrrc71","si:ch211-81a5.5"
"4145","Atl2","atl2"
"4146","Trafd1","trafd1"
"4147","Plin4","zgc:77486"
"4148","Phip","phip"
"4149","2900026A02Rik","si:ch73-138n13.1"
"4150","Cpb1","cpb1"
"4151","Prom1","prom1a"
"4152","Fbxo15","zgc:161973"
"4153","Fam222b","fam222ba"
"4154","Lonrf1","lonrf1l"
"4155","Adprm","adprm"
"4156","Pla2g4a","pla2g4aa"
"4157","Klhl40","klhl40b"
"4158","Elfn1","elfn1b"
"4159","Chd2","chd2"
"4160","Fa2h","fa2h"
"4161","Sh3glb2","sh3glb2b"
"4162","Sh3glb2","sh3glb2a"
"4163","Gas2","gas2b"
"4164","Usp11","usp11"
"4165","Pkn3","prkcg"
"4166","Dapk1","dapk1"
"4167","Fgfr2","fgfr2"
"4168","Prr15","prr15lb"
"4169","Tbcc","tbcc"
"4170","Kcnab1","kcnab1b"
"4171","Gtse1","gtse1"
"4172","Slc7a8","slc7a8a"
"4173","Rprd2","rprd2a"
"4174","Col8a2","col8a2"
"4175","Tax1bp1","tax1bp1b"
"4176","Afg1l","afg1la"
"4177","Slc39a10","slc39a10"
"4178","Tor1b","tor1"
"4179","Vegfc","vegfc"
"4180","Acbd3","acbd3"
"4181","Acbd3","zgc:162964"
"4182","Zfp318","znf318"
"4183","Snapc5","snapc5"
"4184","Gpt2","gpt2"
"4185","Slc1a1","slc1a1"
"4186","Borcs6","si:dkey-72l14.4"
"4187","Gatb","gatb"
"4188","Rps6kc1","rps6kc1"
"4189","D3Ertd751e","zgc:77739"
"4190","Rxfp2","rxfp2a"
"4191","Cck","ccka"
"4192","Zbtb3","zbtb3"
"4193","Gpr45","si:dkeyp-118h3.5"
"4194","Eps8l2","eps8b"
"4195","Ssx2ip","ssx2ipb"
"4196","Dmtn","dmtn"
"4197","Dgcr6","dgcr6"
"4198","Mtmr10","mtmr10"
"4199","Aspg","si:dkey-9i23.14"
"4200","Lats1","lats1"
"4201","Atpaf1","atpaf1"
"4202","Efhb","efhb"
"4203","Tra2a","tra2a"
"4204","Bcl2","bcl2a"
"4205","Bcl2","bcl2b"
"4206","Hoxb4","hoxb4a"
"4207","Selenok","selenok"
"4208","Birc6","birc6"
"4209","Olfr684","adra2db"
"4210","Fbxl21","fbxl3l"
"4211","Gipc2","gipc2"
"4212","Tmem129","tmem129"
"4213","Scp2","scp2b"
"4214","Zfp619","znf1158"
"4215","Pdha2","pdha1b"
"4216","Wfdc1","wfdc1"
"4217","Gng12","si:dkey-44g17.6"
"4218","Zfp367","znf367"
"4219","Cldn7","cldn7b"
"4220","Usp3","usp3"
"4221","Ppm1j","ppm1nb"
"4222","Nav2","nav2a"
"4223","Hoxa11","hoxa11b"
"4224","Gtsf1l","zgc:56699"
"4225","Htatip2","htatip2"
"4226","B3gat2","b3gat2"
"4227","Grin1","grin1a"
"4228","Sf3b4","sf3b4"
"4229","Fam161b","fam161b"
"4230","Gns","gnsa"
"4231","Tspan1","tspan1"
"4232","Sec14l4","sec14l8"
"4233","Mthfsd","mthfsd"
"4234","Tmem82","tmem82"
"4235","Shh","shha"
"4236","Nyx","nyx"
"4237","Ctsd","ctsd"
"4238","Ccdc146","ccdc146"
"4239","Mmp15","mmp15a"
"4240","Pcnx","pcnx1"
"4241","Sacm1l","sacm1lb"
"4242","Secisbp2","secisbp2"
"4243","Ank1","ank1a"
"4244","Kcnh3","cngk"
"4245","Kcnh3","kcnh6b"
"4246","Lnpk","lnpk"
"4247","Pomc","pomca"
"4248","Pomc","pomcb"
"4249","Tpsab1","zgc:123295"
"4250","Tpsab1","zgc:112038"
"4251","Tpsab1","zgc:153968"
"4252","Fam171a2","fam171a2a"
"4253","Ccser1","ccser1"
"4254","Ecrg4","ecrg4a"
"4255","Wnt10b","wnt10b"
"4256","Tjp1","tjp1b"
"4257","Tjp1","tjp1a"
"4258","Dffa","dffa"
"4259","Dpm2","dpm2"
"4260","BC034090","si:dkey-121a11.3"
"4261","Plce1","plce1"
"4262","Prcc","prcc"
"4263","Prdm2","prdm2b"
"4264","Nkain4","nkain4"
"4265","Acbd7","acbd7"
"4266","Ahsa1","ahsa1a"
"4267","Sod2","sod2"
"4268","Pias4","pias4b"
"4269","Pias4","pias4a"
"4270","Bcl9","bcl9"
"4271","Slc30a9","slc30a9"
"4272","Serpinb8","serpinb1l3"
"4273","Gpr89","si:ch73-390b10.2"
"4274","Slc2a8","slc2a8"
"4275","Gse1","gse1"
"4276","Tbc1d24","tbc1d24"
"4277","Rgs17","rgs17"
"4278","Map2k2","map2k2a"
"4279","Map2k2","map2k2b"
"4280","Arpc4","arpc4"
"4281","Arpc4","arpc4l"
"4282","Tafa1","tafa1a"
"4283","Acsf2","acsf2"
"4284","Slc5a1","slc5a1"
"4285","Prkag3","prkag3a"
"4286","Gadd45b","gadd45bb"
"4287","Dcn","dcn"
"4288","Mlxipl","mlxipl"
"4289","Ap5m1","ap5m1"
"4290","Pten","ptenb"
"4291","Myoz3","myoz3a"
"4292","U2af2","u2af2a"
"4293","U2af2","u2af2b"
"4294","Gfra2","gfra2a"
"4295","Gfra2","gfra2b"
"4296","Tfrc","tfr1b"
"4297","Rnf146","rnf146"
"4298","Nf2","nf2a"
"4299","Pgbd5","pgbd5"
"4300","Epha4","epha4a"
"4301","Ppp2r5b","ppp2r5b"
"4302","Ddx28","ddx28"
"4303","Hyal2","hyal2a"
"4304","Senp6","senp6b"
"4305","Helz2","zgc:113057"
"4306","Mrps23","mrps23"
"4307","Med4","med4"
"4308","Snap47","snap47"
"4309","Alkbh6","alkbh6"
"4310","Gpr137c","gpr137c"
"4311","Parp9","parp9"
"4312","Gcm2","gcm2"
"4313","Cipc","cipca"
"4314","Stxbp6","stxbp6l"
"4315","Ccdc33","ccdc33"
"4316","E130308A19Rik","si:ch211-126i22.5"
"4317","Ano5","ano5b"
"4318","Ppp6r3","ppp6r3"
"4319","Mon1a","mon1a"
"4320","Wdr13","wdr13"
"4321","Gins3","gins3"
"4322","Gab2","gab2"
"4323","Dbp","dbpa"
"4324","Fxn","fxn"
"4325","Wdr19","wdr19"
"4326","Knstrn","knstrn"
"4327","Gja8","gja8b"
"4328","Gls2","gls2b"
"4329","Mlf2","mlf2"
"4330","Coa4","si:ch211-215a9.5"
"4331","Mis18a","mis18a"
"4332","Nedd8","nedd8"
"4333","Hacd4","si:ch73-41h24.1"
"4334","Sox13","sox13"
"4335","Kcnf1","kcnf1a"
"4336","Oprk1","oprk1"
"4337","Ikzf4","ikzf4"
"4338","Ankrd16","ankrd16"
"4339","Glt1d1","glt1d1"
"4340","Tapbp","tapbp.1"
"4341","Tapbp","tapbp.2"
"4342","Ndufb7","ndufb7"
"4343","Adipor1","adipor1a"
"4344","Rcor3","rcor3"
"4345","Prmt9","prmt9"
"4346","Tbkbp1","tbkbp1"
"4347","Slc15a4","slc15a4"
"4348","Dnase2b","dnase2b"
"4349","Elovl2","elovl2"
"4350","Ift46","ift46"
"4351","Gria2","gria2a"
"4352","Myorg","myorg"
"4353","Myorg","si:ch211-117c19.1"
"4354","Fahd1","fahd1"
"4355","Noxa1","noxa1"
"4356","Gss","gss"
"4357","Fam219a","fam219aa"
"4358","Mchr1","mchr1b"
"4359","Nfatc2ip","nfatc2ip"
"4360","A130010J15Rik","zgc:112163"
"4361","Exosc1","exosc1"
"4362","Arhgap1","arhgap1"
"4363","Ncoa4","ncoa4"
"4364","Frs2","frs2a"
"4365","Golph3","golph3"
"4366","BC004004","zgc:162255"
"4367","Prdm4","prdm4"
"4368","Dock5","dock5"
"4369","Zcchc24","zcchc24"
"4370","Phyhipl","phyhipla"
"4371","Mlycd","mlycd"
"4372","Lpin1","lpin1"
"4373","Sacs","sacs"
"4374","Rims1","rims1a"
"4375","Bco2","bco2a"
"4376","Fst","fsta"
"4377","Fst","fstb"
"4378","Dcbld2","dcbld2"
"4379","Rpap2","rpap2"
"4380","Flad1","flad1"
"4381","Camsap1","camsap1a"
"4382","Nxnl1","nxnl1"
"4383","Hs6st2","hs6st2"
"4384","P2rx5","p2rx5"
"4385","Mylk3","mylk3"
"4386","Wipf2","wipf2a"
"4387","Gpatch8","gpatch8"
"4388","Mug1","si:ch211-212c13.10"
"4389","Mug1","a2ml"
"4390","Mug1","sb:cb37"
"4391","Mug1","si:ch211-212c13.8"
"4392","Mug1","si:dkey-52d15.2"
"4393","Mug1","si:dkey-105h12.2"
"4394","Srpx2","srpx2"
"4395","Creb1","creb1b"
"4396","Ncald","ncalda"
"4397","Lin9","lin9"
"4398","Ptpn21","ptpn21"
"4399","Ankrd39","ankrd39"
"4400","Cdk5rap2","cdk5rap2"
"4401","Il12b","il12ba"
"4402","Dclre1a","dclre1a"
"4403","Hibadh","hibadhb"
"4404","Hip1","hip1"
"4405","Bcar3","bcar3"
"4406","1700007K13Rik","si:ch211-248e11.2"
"4407","4921524J17Rik","zgc:92818"
"4408","Ascc2","ascc2"
"4409","Mdm2","mdm2"
"4410","Cnnm4","si:ch211-230g14.6"
"4411","Cnnm4","cnnm4b"
"4412","Rpl18a","rpl18a"
"4413","Mgp","mgp"
"4414","Fam189a2","fam189a2"
"4415","Rraga","rraga"
"4416","Hscb","si:ch211-207k7.4"
"4417","Asphd1","asphd1"
"4418","Tnni1","tnni1a"
"4419","Wtap","wtap"
"4420","Ccdc93","ccdc93"
"4421","Snx9","snx9b"
"4422","Stt3a","stt3a"
"4423","Rgs9","rgs9b"
"4424","Pabpc4","pabpc4"
"4425","Mccc1","mccc1"
"4426","Sowaha","sowahab"
"4427","Sun1","zgc:152977"
"4428","Sun1","sun1"
"4429","Smarcad1","smarcad1a"
"4430","Itga2b","itga2b"
"4431","Cdh1","si:dkey-30c15.12"
"4432","Igsf21","igsf21b"
"4433","Exo5","exo5"
"4434","Irf7","irf7"
"4435","Pde1a","pde1a"
"4436","Kcnk10","kcnk10a"
"4437","Kcnk10","kcnk10b"
"4438","Arl4c","arl4cb"
"4439","Csnk2a2","csnk2a2b"
"4440","Gadd45a","gadd45ab"
"4441","Prkab1","prkab1b"
"4442","Brwd1","brwd1"
"4443","Vegfa","vegfaa"
"4444","Hectd1","hectd1"
"4445","Metrnl","metrnlb"
"4446","Pyurf","zgc:162634"
"4447","Gpr155","gpr155a"
"4448","Lyve1","lyve1b"
"4449","Jak2","jak2b"
"4450","Ovch2","ovch2"
"4451","Far2","si:dkey-97m3.1"
"4452","Cacng8","cacng8a"
"4453","Cacng8","cacng8b"
"4454","Smc4","smc4"
"4455","Kbtbd13","kbtbd13"
"4456","Vps50","vps50"
"4457","Rap1gap2","si:ch1073-90m23.1"
"4458","Btg1b","btg1"
"4459","Commd9","commd9"
"4460","Depp1","si:dkeyp-72g9.4"
"4461","Cxcl14","cxcl14"
"4462","Hyal1","hyal1"
"4463","Ankfn1","si:ch211-277e21.2"
"4464","Eif4g2","eif4g2b"
"4465","Emb","emb"
"4466","Rreb1","rreb1b"
"4467","Mturn","mturn"
"4468","Acvrl1","acvr1l"
"4469","Mkx","mkxa"
"4470","Cd151","cd151l"
"4471","Chgb","chga"
"4472","Sh3pxd2a","sh3pxd2aa"
"4473","Nog","nog3"
"4474","Gdpd1","gdpd1"
"4475","Oprm1","oprm1"
"4476","Pnp","pnp6"
"4477","Pnp","pnp4b"
"4478","Arl2","arl2"
"4479","Itprip","itprip"
"4480","Brca2","brca2"
"4481","Flot1","flot1b"
"4482","Pigt","pigt"
"4483","Csnk1d","csnk1db"
"4484","Cul3","cul3a"
"4485","Pdyn","pdyn"
"4486","Sp4","sp4"
"4487","Plcd4","plcd4b"
"4488","Plcd4","plcd4a"
"4489","Birc2","birc2"
"4490","Bace2","bace2"
"4491","Cdk13","cdk13"
"4492","Kbtbd11","kbtbd11"
"4493","Psmc4","psmc4"
"4494","Nr2c1","nr2c1"
"4495","Lefty1","lft2"
"4496","Lefty1","lft1"
"4497","Zfr2","zfr2"
"4498","Gpat3","gpat3"
"4499","Cep76","cep76"
"4500","Rragc","rragca"
"4501","Hes3","her3"
"4502","Itga1","itga1"
"4503","Aen","zgc:152968"
"4504","Gal","galn"
"4505","Prkag1","prkag1"
"4506","Glrb","glrba"
"4507","Arhgap42","arhgap42a"
"4508","Asap1","asap1a"
"4509","Npepps","npepps"
"4510","Prss45","plaua"
"4511","Selenot","selenot1a"
"4512","Il15","il15"
"4513","Gspt2","eef2a.2"
"4514","Spata13","spata13"
"4515","Arsg","arsg"
"4516","Glyat","si:dkey-76k16.5"
"4517","Glyat","si:dkey-76k16.6"
"4518","Dhcr7","dhcr7"
"4519","Cfap57","cfap57"
"4520","Ano2","ano2b"
"4521","Psmb9","psmb9a"
"4522","Mos","mos"
"4523","Cngb3","cngb3.1"
"4524","Lrrc58","lrrc58a"
"4525","Ap4e1","ap4e1"
"4526","P3h1","p3h1"
"4527","Dpysl5","dpysl5a"
"4528","Nts","nts"
"4529","Ntn1","ntn1a"
"4530","Ntn1","ntn1b"
"4531","Osbpl2","osbpl2a"
"4532","Osbpl2","osbpl2b"
"4533","Slc35d2","slc35d2"
"4534","Zdhhc22","zdhhc22"
"4535","Polq","polq"
"4536","Tln2","tln2a"
"4537","Pde12","pde12"
"4538","Stx1b","stx1b"
"4539","Zfp622","znf622"
"4540","Syt16","syt16"
"4541","Gldn","gldn"
"4542","Lepr","lepr"
"4543","Cenph","cenph"
"4544","Caprin2","caprin2"
"4545","Ptprf","ptprfb"
"4546","Ptprf","ptprfa"
"4547","Ptar1","ptar1"
"4548","Lias","lias"
"4549","Nudt14","nudt14"
"4550","Usp9y","usp9"
"4551","E130309D02Rik","zgc:56409"
"4552","Fgf4","fgf4"
"4553","Golph3l","golph3l"
"4554","Ttc9c","ttc9c"
"4555","Mcm6","mcm6"
"4556","Slc38a11","slc38a11"
"4557","Hic2","hic1l"
"4558","Thsd1","thsd1"
"4559","Sys1","sys1"
"4560","Ppara","pparab"
"4561","Rpn1","rpn1"
"4562","Prelp","prelp"
"4563","Mpp6","mpp6b"
"4564","Slc35e3","slc35e3"
"4565","Dgka","dgkaa"
"4566","Plekhm2","plekhm2"
"4567","Sccpdh","sccpdha.2"
"4568","Sccpdh","sccpdha.1"
"4569","Sccpdh","sccpdhb"
"4570","Scg2","scg2b"
"4571","Gsta1","gsta.2"
"4572","Gsta1","gsta.1"
"4573","Lim2","lim2.5"
"4574","Cnot10","cnot10"
"4575","Hbb-y","hbbe2"
"4576","Hbb-y","hbbe3"
"4577","Trpc6","trpc6a"
"4578","Orc6","orc6"
"4579","Cdc6","cdc6"
"4580","Stk35","stk35"
"4581","Gskip","gskip"
"4582","Rcc1l","rcc1l"
"4583","Shisa7","shisa7b"
"4584","Sarm1","sarm1"
"4585","Pcf11","pcf11"
"4586","Parp14","si:ch211-219a4.3"
"4587","Pdzk1ip1","pdzk1ip1"
"4588","Adamtsl2","adamtsl2"
"4589","Atf6","atf6"
"4590","Dlk2","dlk2"
"4591","Dipk2a","dipk2ab"
"4592","Pou5f2","pou3f3a"
"4593","Pou5f2","pou3f1"
"4594","Uqcrfs1","uqcrfs1"
"4595","Fam126a","fam126a"
"4596","Slc22a18","slc22a18"
"4597","Adamts15","adamts15a"
"4598","Rtn4rl1","rtn4rl1a"
"4599","Agtr2","agtr2"
"4600","Lrpap1","lrpap1"
"4601","Churc1","churc1"
"4602","Nudt3","nudt3b"
"4603","Nudt3","nudt3a"
"4604","Trmt11","trmt11"
"4605","Ntn3","ntn2"
"4606","Yod1","yod1"
"4607","Sdf2l1","sdf2l1"
"4608","Rgs3","rgs3b"
"4609","Anks1","anks1ab"
"4610","Krt19","si:ch211-156l18.7"
"4611","Krt19","krt95"
"4612","Rtcb","rtcb"
"4613","Gna13","gna13a"
"4614","Nudt17","nudt17"
"4615","Cmip","cmip"
"4616","Dbf4","dbf4"
"4617","Lrrn4cl","si:ch1073-303k11.2"
"4618","Lrrc4","lrrc4.2"
"4619","Nhlrc2","nhlrc2"
"4620","Wdr92","wdr92"
"4621","Fam174b","fam174b"
"4622","Tada3","tada3l"
"4623","Kirrel","kirrel1a"
"4624","Slc7a6os","slc7a6os"
"4625","Hells","hells"
"4626","Serpinh1","serpinh1a"
"4627","Tgfbr2","tgfbr2b"
"4628","Rfx1","rfx1b"
"4629","Rfx1","rfx1a"
"4630","Myo5b","myo5b"
"4631","Rfc4","rfc4"
"4632","Sbno2","si:ch73-63e15.2"
"4633","Pdilt","pdia8"
"4634","Timm23","timm23b"
"4635","Timm23","timm23a"
"4636","Csnk1g1","csnk1g1"
"4637","Ncoa5","ncoa5"
"4638","Cpvl","cpvl"
"4639","Iqcd","iqcd"
"4640","Rgs13","rgs13"
"4641","Arf1","arf2a"
"4642","Dnph1","dnph1"
"4643","Cers6","cers6"
"4644","Pisd","pisd"
"4645","Fscn2","fscn2b"
"4646","Nxpe5","si:ch211-162k9.5"
"4647","Nxpe5","si:dkey-285b23.4"
"4648","Nxpe5","si:dkey-285b23.3"
"4649","Nxpe5","si:ch211-162k9.6"
"4650","Mcm3ap","mcm3ap"
"4651","Tubg1","tubg1"
"4652","Impact","impact"
"4653","Ctdnep1","ctdnep1b"
"4654","Tef","tefb"
"4655","Exd1","exd1"
"4656","Utp4","utp4"
"4657","Ilf2","ilf2"
"4658","Rps25","rps25"
"4659","Pex12","pex12"
"4660","Hs6st1","hs6st1b"
"4661","Hs6st1","hs6st1a"
"4662","Pcnx2","pcnx2"
"4663","Homer3","homer3b"
"4664","Adgrg2","adgrg4b"
"4665","Soga1","si:ch211-197l9.2"
"4666","Soga1","soga1"
"4667","Arih2","arih2"
"4668","Bola1","bola1"
"4669","Hapln4","hapln4"
"4670","Bmp6","bmp6"
"4671","Chmp5","chmp5a"
"4672","Chmp5","chmp5b"
"4673","Yrdc","yrdc"
"4674","Tmc2","tmc2b"
"4675","Nav1","nav1b"
"4676","Tbl1xr1","tbl1xr1a"
"4677","Ezh1","ezh1"
"4678","Nt5c1b","nt5c1ba"
"4679","Ntn4","ntn4"
"4680","Mtus1","mtus1a"
"4681","Aup1","aup1"
"4682","Tekt4","tekt4"
"4683","Bag2","bag2"
"4684","Tcf7l1","tcf7l1a"
"4685","Txn1","txn"
"4686","Ppp2r5d","ppp2r5d"
"4687","Ppp1r1c","ppp1r1c"
"4688","Pcdh11x","pcdh11"
"4689","Ada","ada"
"4690","Qrfpr","qrfpra"
"4691","Ano9","ano9b"
"4692","Cisd1","cisd1"
"4693","Decr1","decr1"
"4694","Pycr2","pycr1b"
"4695","Atp6v0d1","atp6v0d1"
"4696","Slc37a1","slc37a1"
"4697","Ildr1","ildr1a"
"4698","Ugcg","ugcg"
"4699","Cyp26c1","cyp26c1"
"4700","Blzf1","blzf1"
"4701","Pxk","pxk"
"4702","Gm34653","si:ch73-29c22.2"
"4703","Atp5b","atp5f1b"
"4704","Ssr2","ssr2"
"4705","Rpl5","rpl5b"
"4706","Stoml1","stoml1"
"4707","Rbms2","rbms2b"
"4708","Rbms2","rbms2a"
"4709","Vtn","vtna"
"4710","Kdm5b","kdm5ba"
"4711","Itgb5","itgb5"
"4712","Skor1","skor1b"
"4713","Cdca4","cdca4"
"4714","Akt1s1","akt1s1"
"4715","Lypla1","lypla1"
"4716","Ercc3","ercc3"
"4717","Tcn2","tcn2"
"4718","Map3k19","map3k19"
"4719","Tpgs2","tpgs2"
"4720","Thbs1","thbs1b"
"4721","6030458C11Rik","zgc:56556"
"4722","Eno3","eno3"
"4723","Rmdn1","rmdn1"
"4724","Rab7","rab7a"
"4725","Sgtb","sgtb"
"4726","Dnmt3l","dnmt3bb.2"
"4727","Dnmt3l","dnmt3bb.3"
"4728","Mtmr12","mtmr12"
"4729","Rxra","rxrab"
"4730","Mapk9","mapk9"
"4731","Rpl23a","rpl23a"
"4732","Rdh8","zgc:109982"
"4733","Rdh8","rdh8b"
"4734","Trmt12","trmt12"
"4735","Abcg4","abcg4b"
"4736","Rrp7a","rrp7a"
"4737","Xpo4","xpo4"
"4738","Iqch","iqch"
"4739","Pcdh15","pcdh15a"
"4740","Odf2","odf2b"
"4741","Odf2","odf2a"
"4742","4921504E06Rik","si:dkey-188g12.1"
"4743","Yaf2","yaf2"
"4744","Trpv2","trpv1"
"4745","Ttc29","ttc29"
"4746","Ftdc1","zgc:56095"
"4747","Syncrip","syncripl"
"4748","Mad2l2","mad2l2"
"4749","Pigk","pigk"
"4750","Pik3r1","pik3r1"
"4751","Gtf3c5","gtf3c5"
"4752","Alkbh4","alkbh4"
"4753","Atp5g3","atp5mc3a"
"4754","Emc3","emc3"
"4755","Ptx4","ptx4"
"4756","Chst13","si:ch211-236h17.3"
"4757","Sh3glb1","sh3glb1a"
"4758","Cdc7","cdc7"
"4759","Nipbl","nipbla"
"4760","Lrrc45","lrrc45"
"4761","Slc9a1","slc9a1b"
"4762","Scamp3","scamp3"
"4763","Dscam","dscama"
"4764","Dscam","dscamb"
"4765","Lrp3","lrp3"
"4766","Sec16b","sec16b"
"4767","Hps4","hps4"
"4768","Nfyb","nfyba"
"4769","Nfyb","nfybb"
"4770","Rassf9","rassf9"
"4771","Nck2","nck2a"
"4772","Tpr","tprb"
"4773","Spsb3","spsb3b"
"4774","Ccdc40","ccdc40"
"4775","Ankrd6","ankrd6b"
"4776","Zxdc","zic6"
"4777","Knop1","knop1"
"4778","Rpgrip1","rpgrip1"
"4779","Strada","strada"
"4780","Timm8b","timm8b"
"4781","Myl6b","myl6"
"4782","Osr1","osr1"
"4783","Pnpla6","pnpla6"
"4784","Arfgap3","arfgap3"
"4785","Grap","grapb"
"4786","Tcap","tcap"
"4787","Ankrd66","si:ch211-189e2.2"
"4788","Acer3","acer3"
"4789","Pef1","pef1"
"4790","Wipf1","wipf1a"
"4791","Phactr3","phactr3a"
"4792","Nipsnap1","nipsnap1"
"4793","Ap2m1","ap2m1b"
"4794","Tcf15","tcf15"
"4795","Gpd1","gpd1b"
"4796","Gpd1","gpd1a"
"4797","Nop2","nop2"
"4798","Lratd2","zgc:110182"
"4799","Vps4b","si:dkey-185p13.1"
"4800","Phactr4","phactr4a"
"4801","Gpr65","gpr65"
"4802","Atp8b3","atp8b3"
"4803","Sik2","sik2a"
"4804","Creb3l2","creb3l2"
"4805","Cryab","cryabb"
"4806","Inpp4b","inpp4b"
"4807","Yeats4","yeats4"
"4808","Cdh4","cdh4"
"4809","Fxr2","fxr2"
"4810","Qpctl","qpctlb"
"4811","Qpctl","qpctla"
"4812","Rfx5","rfx5"
"4813","Spen","spen"
"4814","Fdxacb1","fdxacb1"
"4815","Slc16a11","si:dkey-246g23.4"
"4816","Ccdc61","ccdc61"
"4817","Glt8d2","glt8d2"
"4818","Oprd1","oprd1a"
"4819","Hes7","her1"
"4820","Zfr","zfr"
"4821","Lamtor3","lamtor3"
"4822","Syne2","si:ch211-207i1.2"
"4823","Ctdp1","ctdp1"
"4824","Snx11","snx11"
"4825","Rab5a","rab5ab"
"4826","Elavl2","elavl2"
"4827","Anxa1","anxa1a"
"4828","Onecut3","onecut3a"
"4829","Gfra4","gfra4a"
"4830","Slc17a7","slc17a7a"
"4831","Alg14","alg14"
"4832","Vopp1","si:dkey-24c2.9"
"4833","Pxdc1","pxdc1b"
"4834","Abhd17a","abhd17ab"
"4835","Ttc9","si:ch211-259k16.3"
"4836","Slc8a3","slc8a3"
"4837","Ss18l2","ss18l2"
"4838","Mbnl3","mbnl3"
"4839","Mc3r","mc3r"
"4840","Aftph","aftphb"
"4841","Gabrr1","gabrr1"
"4842","Tfpi2","tfpi2"
"4843","Rnf145","rnf145a"
"4844","Asah1","asah1a"
"4845","Slc19a3","slc19a3b"
"4846","Shpk","shpk"
"4847","Zfp106","znf106b"
"4848","2700097O09Rik","zgc:109986"
"4849","Fgf14","fgf14"
"4850","Il10","il10"
"4851","Insig1","insig1"
"4852","Rnf165","rnf165a"
"4853","Fbxl17","fbxl17"
"4854","Flnb","flnb"
"4855","Mrps36","mrps36"
"4856","Slc20a1","slc20a1a"
"4857","Spef2","spef2"
"4858","Ankrd13a","ankrd13a"
"4859","Dglucy","dglucy"
"4860","Otud7b","otud7b"
"4861","Mustn1","mustn1a"
"4862","Wdr33","wdr33"
"4863","Sub1","sub1b"
"4864","Nktr","nktr"
"4865","Gnptg","gnptg"
"4866","Tcaim","tcaim"
"4867","Qdpr","qdprb2"
"4868","Qdpr","zgc:171517"
"4869","Qdpr","qdpra"
"4870","Lcmt1","lcmt1"
"4871","Arl8a","arl8a"
"4872","Lsm1","lsm1"
"4873","Mpdu1","mpdu1b"
"4874","Mpdu1","mpdu1a"
"4875","Colq","colq"
"4876","Pdhb","pdhb"
"4877","Mrtfa","mrtfab"
"4878","Grxcr1","grxcr1a"
"4879","Cmtr1","cmtr1"
"4880","Ccm2","ccm2"
"4881","Rbm33","rbm33a"
"4882","Capn3","capn3b"
"4883","Cx3cr1","ccr11.1"
"4884","Btbd10","btbd10a"
"4885","Btbd10","btbd10b"
"4886","Lmo3","lmo3"
"4887","Hps3","hps3"
"4888","Rfng","rfng"
"4889","Mapk4","mapk4"
"4890","Zpld2","zpd"
"4891","Zpld2","si:ch211-103f14.3"
"4892","Zpld2","si:dkey-4p15.5"
"4893","Zpld2","si:ch211-229d2.5"
"4894","Hoxb9","hoxb9a"
"4895","Slc6a9","slc6a9"
"4896","Mmp11","mmp11b"
"4897","Ccn4","ccn4a"
"4898","Rpp38","rpp38"
"4899","Slc44a2","slc44a2"
"4900","Csrp1","csrp1a"
"4901","Ei24","ei24"
"4902","Gcnt4","si:dkeyp-87d8.8"
"4903","Gcnt4","gcnt4b"
"4904","Rin2","si:ch211-85n16.4"
"4905","Foxa2","foxa2"
"4906","Chmp2b","chmp2bb"
"4907","Ubxn10","ubxn10"
"4908","Ephb2","ephb2a"
"4909","Itga8","itga8"
"4910","Diaph3","diaph3"
"4911","Adgrg3","adgrg1"
"4912","Pip4k2a","pip4k2ab"
"4913","Cblb","cblb"
"4914","Abcb11","abcb11b"
"4915","Upp2","upp2"
"4916","Slc52a2","slc52a2"
"4917","Majin","si:dkey-23i12.11"
"4918","Srpk3","srpk3"
"4919","Ftsj1","ftsj1"
"4920","Mprip","si:ch73-103b11.2"
"4921","Adam8","adam8b"
"4922","F7","f7l"
"4923","Thrap3","thrap3b"
"4924","Gas8","gas8"
"4925","Hoxa9","hmx4"
"4926","Apod","apoda.2"
"4927","Apod","apoda.1"
"4928","Apod","apodb"
"4929","Dsc3","dsc2l"
"4930","Snph","snpha"
"4931","Ift80","ift80"
"4932","Kcnj12","kcnj12a"
"4933","Naxd","naxd"
"4934","Map2k7","map2k7"
"4935","Matn1","matn1"
"4936","Arf3","arf3a"
"4937","Map2k4","map2k4b"
"4938","Etl4","si:ch211-207d6.2"
"4939","Arfip2","arfip2b"
"4940","Arfip2","arfip2a"
"4941","Arf5","arf4a"
"4942","Arf5","zgc:77650"
"4943","Klf14","klf17"
"4944","Klf14","si:ch211-117k10.3"
"4945","Magi2","magi2a"
"4946","Pdrg1","pdrg1"
"4947","Lrrc73","lrrc73"
"4948","Dlg2","dlg2"
"4949","Lipa","lipf"
"4950","Cog2","cog2"
"4951","Pikfyve","pikfyve"
"4952","P2ry10","p2ry10"
"4953","Slit3","slit3"
"4954","Ift88","ift88"
"4955","Cyfip1","cyfip1"
"4956","Slc41a1","slc41a1"
"4957","Brinp3","brinp3a.2"
"4958","Fgr","yrk"
"4959","Kcnq3","kcnq3"
"4960","Emg1","emg1"
"4961","Tpcn1","tpcn1"
"4962","Ints11","ints11"
"4963","Grin3b","grin3bb"
"4964","Usp7","usp7"
"4965","Pum3","pum3"
"4966","Drosha","drosha"
"4967","Ube2j1","ube2j1"
"4968","Traip","traip"
"4969","Gphb5","si:dkey-23i12.9"
"4970","Kdf1","kdf1b"
"4971","Nr1d2","nr1d2a"
"4972","Ddx51","ddx51"
"4973","Snrpb2","snrpb2"
"4974","Camkk1","camkk1a"
"4975","Rps23","rps23"
"4976","Smox","paox1"
"4977","Psmd13","psmd13"
"4978","Tars","tars1"
"4979","Ess2","ess2"
"4980","Trmt5","trmt5"
"4981","Ints3","ints3"
"4982","Gcdh","gcdha"
"4983","Tmem222","tmem222b"
"4984","Eif4ebp3","eif4ebp3"
"4985","Gabrr3","gabrr3a"
"4986","Gemin8","gemin8"
"4987","Rhpn2","rhpn2"
"4988","Apba2","apba2a"
"4989","Apba2","apba2b"
"4990","Lmbr1l","lmbr1l"
"4991","Abl1","abl1"
"4992","Insr","insrb"
"4993","Arhgef16","arhgef16"
"4994","Itpa","itpa"
"4995","Gli3","gli3"
"4996","Egln1","egln1b"
"4997","Arntl","arntl1a"
"4998","Arntl","arntl1b"
"4999","Cntn1","cntn1b"
"5000","Cdc25a","cdc25b"
"5001","Tnfaip2","tnfaip2b"
"5002","Ankle1","zgc:85936"
"5003","Mcm3","mcm3"
"5004","Osbpl7","osbpl7"
"5005","Coq7","coq7"
"5006","Cxxc5","cxxc5a"
"5007","Snx5","snx5"
"5008","Phykpl","phykpl"
"5009","Vwa5b1","vwa5b1"
"5010","Fhl2","fhl2a"
"5011","Prg4","prg4b"
"5012","Dctpp1","dctpp1"
"5013","Arid1a","arid1ab"
"5014","Syngap1","syngap1a"
"5015","Dennd6a","dennd6aa"
"5016","Kif22","kif22"
"5017","Samhd1","samhd1"
"5018","Rbfox3","rbfox3b"
"5019","Rbfox3","rbfox3a"
"5020","Xkr7","xkr7"
"5021","Sfi1","sfi1"
"5022","Ydjc","ydjc"
"5023","Cul1","cul1a"
"5024","Cul1","cul1b"
"5025","Fam217b","fam217b"
"5026","Usp30","usp30"
"5027","Cacna2d1","si:dkey-266j7.2"
"5028","BC055324","si:dkey-97o5.1"
"5029","Morc4","morc3b"
"5030","Antxr2","antxr2b"
"5031","Ide","ide"
"5032","Arhgef10l","arhgef10lb"
"5033","Arhgef10l","arhgef10la"
"5034","Adipoq","adipoqa"
"5035","Upf3a","upf3a"
"5036","Dlgap3","dlgap3"
"5037","Tmem208","tmem208"
"5038","Evx2","evx2"
"5039","Mzt1","si:dkey-15d12.2"
"5040","Nlrc3","nlrc3"
"5041","Gp2","si:dkey-9l20.3"
"5042","Gp2","si:ch73-338o16.4"
"5043","Gp2","si:ch211-226h7.5"
"5044","Gp2","si:ch211-226h7.8"
"5045","Gp2","si:ch211-226h7.6"
"5046","Gp2","si:ch211-226h7.3"
"5047","Gp2","zgc:153932"
"5048","Elfn2","elfn2a"
"5049","Thap7","thap7"
"5050","Sesn2","sesn2"
"5051","Cacna1c","cacna1c"
"5052","Ap1s3","ap1s3b"
"5053","2510009E07Rik","si:dkey-22o12.2"
"5054","Syngr1","syngr1a"
"5055","1700037H04Rik","si:ch211-74f19.2"
"5056","Klhdc9","hcfc2"
"5057","Mea1","mea1"
"5058","Crat","zgc:154046"
"5059","Gosr1","gosr1"
"5060","Kdm6b","kdm6bb"
"5061","Gnat2","gnat2"
"5062","Parp1","parp1"
"5063","Pde6c","pde6c"
"5064","Spcs3","spcs3"
"5065","Fbxo21","fbxo21"
"5066","St3gal5","st3gal5"
"5067","Tsr2","tsr2"
"5068","Ptgr1","si:dkey-11k2.7"
"5069","Ptgr1","ptgr1"
"5070","Acmsd","acmsd"
"5071","Srbd1","si:ch211-117n7.8"
"5072","Srbd1","srbd1"
"5073","Slc25a36","slc25a36a"
"5074","Lss","lss"
"5075","Mterf4","si:dkeyp-94h10.5"
"5076","Ocstamp","ocstamp"
"5077","Fam120c","fam120c"
"5078","Card14","card14"
"5079","Sptbn1","sptbn1"
"5080","Sptbn1","si:zfos-1837d3.1"
"5081","Lin7b","lin7b"
"5082","Bag6","bag6l"
"5083","Gja5","gja5b"
"5084","Arhgef37","arhgef37"
"5085","Poldip3","poldip3"
"5086","Hnf4a","hnf4a"
"5087","Ahctf1","ahctf1"
"5088","Psd2","psd2"
"5089","Mobp","myrip"
"5090","Tssc4","tssc4"
"5091","Mvb12a","mvb12a"
"5092","Napg","napga"
"5093","Ubxn1","ubxn1"
"5094","Ak4","ak4"
"5095","Ttll1","ttll1"
"5096","Golm1","zgc:56525"
"5097","Pura","puraa"
"5098","Pura","purab"
"5099","Tmem161b","tmem161b"
"5100","Exoc1","exoc1"
"5101","Pfn1","pfn1"
"5102","Zfp648","znf648"
"5103","Gstm5","gstm.1"
"5104","Epo","epob"
"5105","Hsp90b1","hsp90b1"
"5106","Akirin1","akirin1"
"5107","Lrch1","lrch1"
"5108","Gtf3c6","gtf3c6"
"5109","Zfp536","znf536"
"5110","Shisa8","shisa8b"
"5111","Slc7a4","slc7a4"
"5112","Klhl38","klhl38b"
"5113","Tdrd6","si:ch211-189e2.3"
"5114","Emc8","emc8"
"5115","Ftsj3","ftsj3"
"5116","Ildr2","si:zfos-1011f11.2"
"5117","Mical2","mical2b"
"5118","Ctla2b","zgc:174153"
"5119","Ctla2b","ctsla"
"5120","Ipo8","ipo8"
"5121","Ntrk1","ntrk1"
"5122","Hoxb13","hoxb13a"
"5123","Dok7","dok7"
"5124","Wdr31","si:ch73-266o15.4"
"5125","Gjb4","cx30.9"
"5126","Bloc1s6","bloc1s6"
"5127","Sla","sla1a"
"5128","Ccnh","ccnh"
"5129","Thap4","thap4"
"5130","0610030E20Rik","si:ch211-283h6.4"
"5131","Rit1","rit1"
"5132","Dupd1","si:dkey-194e6.2"
"5133","Dupd1","si:dkeyp-27c8.1"
"5134","Mef2c","mef2cb"
"5135","Cfap298","cfap298"
"5136","Tsr3","tsr3"
"5137","Ankrd13c","ankrd13c"
"5138","Acp5","acp5a"
"5139","Pnpla8","pnpla8"
"5140","Tnfaip6","tnfaip6"
"5141","Slc30a4","slc30a4"
"5142","Fbxl15","fbxl15"
"5143","Irs2","irs2b"
"5144","Prxl2c","prxl2c"
"5145","Ppia","ppifa"
"5146","Comt","comta"
"5147","Hadh","hadh"
"5148","Ednra","ednraa"
"5149","Irak1bp1","irak1bp1"
"5150","Lamc1","lamc2"
"5151","Lrrc38","lrrc38a"
"5152","Adamts8","adamts8a"
"5153","Mrpl9","mrpl9"
"5154","Cyp27a1","cyp27a7"
"5155","Cyp27a1","cyp27a1.2"
"5156","Cyp27a1","zgc:136333"
"5157","Cyp27a1","cyp27a1.4"
"5158","Spc25","spc25"
"5159","Poglut1","poglut1"
"5160","Mbtps1","mbtps1"
"5161","Cybc1","cybc1"
"5162","Gle1","gle1"
"5163","Atoh1","atoh1a"
"5164","Prdm10","prdm10"
"5165","Crispld1","crispld1a"
"5166","Sv2a","sv2a"
"5167","Nfia","nfia"
"5168","Lrp1","lrp1aa"
"5169","Mrpl10","mrpl10"
"5170","Tepsin","tepsin"
"5171","Ankhd1","ankhd1"
"5172","Fra10ac1","fra10ac1"
"5173","Pfkp","pfkpa"
"5174","Zwilch","zwilch"
"5175","Pde4d","pde4d"
"5176","Rap2c","rap2c"
"5177","Slc50a1","slc50a1"
"5178","Wasf2","wasf2"
"5179","Arl15","arl15b"
"5180","Imp4","imp4"
"5181","Ensa","ensaa"
"5182","Nars2","nars2"
"5183","Isca2","isca2"
"5184","Lmnb2","lmnb2"
"5185","Cnr2","cnr2"
"5186","Ctsf","ctss1"
"5187","Slc25a16","slc25a16"
"5188","Chchd6","chchd6a"
"5189","Amn1","amn1"
"5190","Trpm7","trpm7"
"5191","Pigx","pigx"
"5192","Cdk19","cdk19"
"5193","Ccr6","ccr6a"
"5194","Cxcr3","cxcr3.3"
"5195","Cxcr3","cxcr3.1"
"5196","Nln","nln"
"5197","Ndc1","ndc1"
"5198","Tgfbi","tgfbi"
"5199","Olfml3","olfml3b"
"5200","Cutal","zgc:63972"
"5201","Arl8b","arl8bb"
"5202","Smc2","smc2"
"5203","Cep104","cep104"
"5204","Hdx","hdx"
"5205","Stat5a","stat5b"
"5206","Atp8b1","atp8b1"
"5207","Alas1","alas1"
"5208","Fndc4","fndc4a"
"5209","Abat","abat"
"5210","Slc7a6","slc7a6"
"5211","Tmem63c","tmem63c"
"5212","Hoxb5","hoxb5a"
"5213","Oc90","oc90"
"5214","Nlgn3","nlgn3a"
"5215","Tbc1d17","tbc1d17"
"5216","Arrdc2","arrdc2"
"5217","Sp8","sp8a"
"5218","Pfn4","si:ch211-175f11.5"
"5219","Sirt4","sirt4"
"5220","Washc4","washc4"
"5221","Grhl2","grhl2a"
"5222","Pdzrn4","pdzrn4"
"5223","Nid2","nid2a"
"5224","Pip4p1","pip4p1a"
"5225","Gm614","si:ch211-191o15.6"
"5226","Golt1b","golt1ba"
"5227","Tnnt2","tnnt2a"
"5228","Tnnt2","tnnt2b"
"5229","Gstcd","gstcd"
"5230","Mipep","si:ch73-1a9.4"
"5231","Rundc3b","rundc3b"
"5232","Araf","araf"
"5233","Smg7","smg7"
"5234","Brf1","brf1a"
"5235","Jag2","jag2b"
"5236","Timm13","timm13"
"5237","Selenoi","selenoi"
"5238","Mocs2","mocs2"
"5239","Ttpal","ttpal"
"5240","4930438A08Rik","si:ch211-127i16.2"
"5241","Nfatc3","nfatc3a"
"5242","Tpm1","tpma"
"5243","Atxn7l2","atxn7l2b"
"5244","Sema3e","sema3e"
"5245","Mfsd3","si:dkey-229d2.4"
"5246","Zfp654","znf654"
"5247","Gcnt7","gcnt7"
"5248","Ngb","ngb"
"5249","Riok1","riok1"
"5250","Tmem163","tmem163a"
"5251","Adam15","adam15"
"5252","Tbc1d30","tbc1d30"
"5253","Rps24","rps24"
"5254","Ndufs2","ndufs2"
"5255","Abcc10","abcc6b.1"
"5256","Abcc10","abcc6b.2"
"5257","Abcc10","abcc10"
"5258","Abcc10","abcc6a"
"5259","Sars2","sars2"
"5260","Entpd6","entpd6"
"5261","Cep152","cep152"
"5262","Cnrip1","cnrip1b"
"5263","Cnrip1","cnrip1a"
"5264","Prpf4b","prpf4bb"
"5265","Hyou1","hyou1"
"5266","Eef1aknmt","mettl13"
"5267","Cep19","cep19"
"5268","Galnt2","galnt2"
"5269","Gpsm1","gpsm1a"
"5270","Rhd","rhd"
"5271","Tet1","tet1"
"5272","Bbx","bbx"
"5273","Zfp142","znf142"
"5274","Nrarp","nrarpb"
"5275","Sumo3","sumo3a"
"5276","Yars2","yars2"
"5277","Dnajc6","dnajc6"
"5278","Hoxb6","hoxb6a"
"5279","Alg9","alg9"
"5280","Nr2e3","nr2e3"
"5281","Amdhd1","si:ch73-71d17.1"
"5282","Mpdz","si:dkey-92j12.5"
"5283","Txndc11","txndc11"
"5284","Gsdme","gsdmea"
"5285","Diablo","diabloa"
"5286","Faim2","faim2b"
"5287","Skap2","skap2"
"5288","Nefm","nefmb"
"5289","Nefm","nefma"
"5290","Slc36a3","slc38a5b"
"5291","Cdc37l1","cdc37l1"
"5292","C1qc","c1qc"
"5293","Hexa","hexa"
"5294","Far1","far1"
"5295","Xirp2","xirp2b"
"5296","Capns2","capn12"
"5297","B3glct","b3glctb"
"5298","Plin2","plin2"
"5299","Gdi2","gdi2"
"5300","Dab1","dab1a"
"5301","Col4a2","col4a2"
"5302","Pald1","pald1b"
"5303","Gla","gla"
"5304","Ehd1","ehd1a"
"5305","Lrrtm4","lrrtm4l1"
"5306","Dthd1","dthd1"
"5307","Cpne1","cpne1"
"5308","Slc16a10","slc16a10"
"5309","Ccdc102a","ccdc102a"
"5310","Clcn1","clcn1b"
"5311","Fmc1","si:ch1073-314i13.4"
"5312","Wtip","wtip"
"5313","Picalm","picalma"
"5314","Picalm","picalmb"
"5315","Dach1","dachc"
"5316","Fbxo32","fbxo32"
"5317","Carmil1","carmil1"
"5318","C1ql4","c1ql4b"
"5319","Cyp27b1","cyp27b1"
"5320","Lyrm4","lyrm4"
"5321","Tpgs1","zgc:92789"
"5322","Oscp1","oscp1a"
"5323","Hira","hira"
"5324","Mdk","mdkb"
"5325","Ankrd22","ankrd22"
"5326","Adck5","adck5"
"5327","Noto","noto"
"5328","Khk","khk"
"5329","Mettl21c","si:ch73-244f7.3"
"5330","Mettl21c","zgc:172067"
"5331","Smc6","si:dkey-119f1.1"
"5332","Rec8","rec8a"
"5333","Hjv","hjv"
"5334","Krit1","krit1"
"5335","Stk38l","stk38l"
"5336","Gprc5b","gprc5bb"
"5337","Pdzk1","pdzk1"
"5338","Rhot2","rhot2"
"5339","Thoc5","thoc5"
"5340","Ube2l3","ube2l3b"
"5341","Rapgef4","zgc:171558"
"5342","Esrp2","esrp2"
"5343","Xrcc6","xrcc6"
"5344","Cldn19","cldn19"
"5345","Cacng6","cacng6b"
"5346","Ogfr","ogfrl2"
"5347","Ogfr","ogfr"
"5348","Hlf","hlfb"
"5349","Rxrg","rxrgb"
"5350","Akap14","si:dkeyp-81f3.4"
"5351","Psmb6","psmb6"
"5352","Fzd3","fzd3b"
"5353","Gpi1","gpib"
"5354","Parva","parvab"
"5355","Parva","parvaa"
"5356","Gfpt2","gfpt2"
"5357","Moxd2","moxd1l"
"5358","Atp6ap2","atp6ap2"
"5359","Phactr2","phactr2"
"5360","Rsph14","rsph14"
"5361","Xpo7","xpo7"
"5362","Cnot6l","cnot6l"
"5363","Mocs3","mocs3"
"5364","Map3k21","map3k21"
"5365","Ptpn3","ptpn3"
"5366","Cerkl","cerkl"
"5367","Dcaf15","dcaf15"
"5368","Stn1","stn1"
"5369","Ddx56","ddx56"
"5370","Rplp0","rplp0"
"5371","Eef1g","eef1g"
"5372","Pdp2","pdp2"
"5373","Inpp4a","inpp4ab"
"5374","Inpp4a","inpp4aa"
"5375","Nek10","nek10"
"5376","Wbp2nl","wbp2nl"
"5377","Setd1b","setd1ba"
"5378","Ptchd3","si:ch211-250m6.7"
"5379","Arnt","arnt"
"5380","Abcf1","abcf1"
"5381","Borcs5","borcs5"
"5382","Med6","med6"
"5383","Atg13","atg13"
"5384","Spint4","si:dkeyp-73b11.8"
"5385","Rpap1","rpap1"
"5386","Was","wasb"
"5387","Efnb3","efnb3a"
"5388","Actn1","actn1"
"5389","Opn3","opn3"
"5390","Dusp28","dusp28"
"5391","Ins1","ins"
"5392","Terb1","terb1"
"5393","Ttc17","ttc17"
"5394","Unc93a","unc93a"
"5395","Bag1","bag1"
"5396","Prpf8","prpf8"
"5397","Eps8l1","eps8l1a"
"5398","Eps8l1","eps8l1b"
"5399","Eya2","eya2"
"5400","Neurl1b","neurl1b"
"5401","Spata17","spata17"
"5402","Plpp7","plpp7a"
"5403","Xpot","xpot"
"5404","Cnot2","cnot2"
"5405","Ufc1","ufc1"
"5406","Hoxb7","hoxb7a"
"5407","Zfp185","si:dkey-125i10.3"
"5408","Slc35f4","slc35f4"
"5409","Hsdl2","hsdl2"
"5410","D2hgdh","d2hgdh"
"5411","Gpr179","si:ch211-156l18.8"
"5412","Pmm2","pmm2"
"5413","Usp39","usp39"
"5414","Slc25a25","slc25a24l"
"5415","Slc25a25","slc25a25a"
"5416","Neurl1a","neurl1aa"
"5417","Golga7","golga7"
"5418","Chuk","chuk"
"5419","Ndufaf8","si:dkey-21c1.6"
"5420","Camkv","camkvb"
"5421","Camkv","camkva"
"5422","Fhit","fhit"
"5423","Naa60","nat15"
"5424","Ids","ids"
"5425","Dhx33","dhx33"
"5426","Atm","atm"
"5427","Exoc5","exoc5"
"5428","Lsm14b","lsm14b"
"5429","Abhd10","tagln3b"
"5430","Cr2","csmd2"
"5431","Slc11a2","slc11a2"
"5432","Malt1","malt1"
"5433","Dcun1d2","dcun1d2a"
"5434","Iba57","iba57"
"5435","Htra3","htra3a"
"5436","Arhgef39","arhgef39"
"5437","8030462N17Rik","zgc:77838"
"5438","Gyg","gyg1a"
"5439","Cda","cdab"
"5440","Lims1","lims2"
"5441","Nedd4","nedd4a"
"5442","Rac3","rac3b"
"5443","Atp5j","si:ch211-140m22.7"
"5444","Atf2","atf2"
"5445","Sgpp1","sgpp1"
"5446","Sh2b1","sh2b1"
"5447","Rfc1","rpl9"
"5448","Rfc1","rfc1"
"5449","B3galnt1","si:ch211-250e5.2"
"5450","Nckap1","nckap1"
"5451","Bahcc1","bahcc1b"
"5452","Scarf1","scarf1"
"5453","Fes","fes"
"5454","Chchd7","chchd7"
"5455","Pola2","pola2"
"5456","Zmiz1","zmiz1a"
"5457","Fbxo7","fbxo7"
"5458","Nans","nansa"
"5459","Psmc2","psmc2"
"5460","Nudcd2","nudcd2"
"5461","Smap1","smap1"
"5462","Ddt","ddt"
"5463","Ndufaf7","ndufaf7"
"5464","Gm6133","rpl17"
"5465","Itih3","itih3a"
"5466","Itih3","itih1"
"5467","Wdr18","wdr18"
"5468","Mblac2","mblac2"
"5469","Ndel1","ndel1a"
"5470","Wdr12","wdr12"
"5471","Eva1b","eva1bb"
"5472","Mindy1","mindy1"
"5473","Qpct","qpct"
"5474","Atat1","atat1"
"5475","Cxcr4","cxcr4a"
"5476","Atp8a1","atp8a1"
"5477","Hnrnpu","hnrnpub"
"5478","Psmb10","psmb10"
"5479","Slc9a6","slc9a6b"
"5480","Fam199x","fam199x"
"5481","Frzb","frzb"
"5482","Mgam2-ps","si:ch73-12o23.1"
"5483","Tbc1d2b","tbc1d2b"
"5484","Nhsl1","nhsl1b"
"5485","Vps11","vps11"
"5486","Unc45b","unc45b"
"5487","Smad7","smad7"
"5488","Atp2b1","atp2b1b"
"5489","Kcnk7","kcnk12l"
"5490","Ccdc186","ccdc186"
"5491","Pip5kl1","pip5kl1"
"5492","Lrrc61","lrrc61"
"5493","Amy1","zgc:92137"
"5494","Rp1l1","rp1l1b"
"5495","Gabpa","gabpa"
"5496","Pno1","pno1"
"5497","Ip6k2","ip6k2a"
"5498","Myo1c","myo1cb"
"5499","Ndufa12","ndufa12"
"5500","Ripk1","ripk1l"
"5501","Ptger2","ptger2a"
"5502","Tax1bp3","tax1bp3"
"5503","Mical3","mical3a"
"5504","Usp5","usp5"
"5505","Mindy3","mindy3"
"5506","Tet2","tet2"
"5507","Vsx1","vsx1"
"5508","Chmp7","chmp7"
"5509","Col6a6","col6a4a"
"5510","Col6a6","si:ch211-62a1.3"
"5511","Chaf1a","chaf1a"
"5512","Pinx1","pinx1"
"5513","Pde9a","pde9a"
"5514","Ifnar1","il10rb"
"5515","Tapbpl","tapbpl"
"5516","Vac14","vac14"
"5517","Pls3","pls3"
"5518","Trim71","trim71"
"5519","Rps3a1","rps3a"
"5520","Snrnp70","snrnp70"
"5521","Ykt6","ykt6"
"5522","Cdk16","cdk16"
"5523","Has2","has2"
"5524","Lrig1","lrig1"
"5525","Slc5a6","slc5a6b"
"5526","Mtx1","mtx1a"
"5527","Etaa1","etaa1"
"5528","Grin2c","grin2ca"
"5529","Podn","podn"
"5530","Ftcd","ftcd"
"5531","Crabp2","crabp2b"
"5532","Ypel2","ypel2b"
"5533","Prkd3","prkd3"
"5534","Nucks1","nucks1b"
"5535","Nucks1","nucks1a"
"5536","Dgkz","dgkzb"
"5537","Cdc42bpa","cdc42bpaa"
"5538","Wdpcp","wdpcp"
"5539","Asb12","asb12a"
"5540","Cep83","cep83"
"5541","Atp1b3","atp1b3b"
"5542","Zfp831","znf831"
"5543","Lipi","lipib"
"5544","Sord","sord"
"5545","Nkx6-1","nkx6.1"
"5546","D130043K22Rik","si:ch73-215d9.1"
"5547","Asb6","asb6"
"5548","Crkl","crkl"
"5549","Vmo1","vmo1a"
"5550","Hyi","hyi"
"5551","Pcyt1a","pcyt1aa"
"5552","Mtg2","mtg2"
"5553","Star","star"
"5554","Usp8","usp8"
"5555","Atoh8","atoh8"
"5556","Abcb6","abcb6a"
"5557","Apba1","apba1a"
"5558","Nid1","nid1a"
"5559","Rttn","rttn"
"5560","Eno2","eno2"
"5561","Bhlhe40","bhlhe40"
"5562","Vsnl1","vsnl1b"
"5563","Pdia4","pdia4"
"5564","Espn","espn"
"5565","Arhgdig","arhgdig"
"5566","Klhl4","klhl4"
"5567","Alkbh5","alkbh5"
"5568","Fam222a","fam222a"
"5569","Gm9833","myef2"
"5570","Slc13a3","slc13a3"
"5571","Mast3","mast3b"
"5572","Ube2e3","ube2e3"
"5573","Rps26","rps26"
"5574","Tmprss13","tmprss13b"
"5575","Gm7271","si:dkey-245p14.4"
"5576","Agtr1a","agtr1b"
"5577","Agtr1a","agtr1a"
"5578","Clip4","si:dkeyp-47f9.4"
"5579","Bdkrb1","bdkrb1"
"5580","Tm2d1","tm2d1"
"5581","Ndufa10","ndufa10"
"5582","Fitm2","fitm2"
"5583","Snrpe","snrpe"
"5584","Gne","gne"
"5585","Gna15","gna15.1"
"5586","Ackr4","ackr4b"
"5587","Zic4","zic4"
"5588","Gabrg1","gabrg1"
"5589","Suv39h1","suv39h1a"
"5590","Cacnb4","cacnb4b"
"5591","Cbr1","cbr1"
"5592","Kmt2c","kmt2cb"
"5593","Sypl2","sypl2b"
"5594","Itgb8","itgb8"
"5595","Zfand1","zfand1"
"5596","Dcp1b","dcp1b"
"5597","Msrb1","msrb1a"
"5598","Pou4f2","pou4f2"
"5599","Ntf3","ntf3"
"5600","Hsbp1","hsbp1b"
"5601","Map3k10","map3k10"
"5602","Bet1","bet1"
"5603","Slc35g1","si:ch211-197g18.2"
"5604","Myo10","myo10"
"5605","F11r","f11r.2"
"5606","F11r","f11r.1"
"5607","Sh3kbp1","sh3kbp1"
"5608","Impg2","impg2a"
"5609","Impg2","impg2b"
"5610","Ankef1","ankef1a"
"5611","Ankef1","ankef1b"
"5612","Hrg","si:ch211-284e20.8"
"5613","Pdlim3","pdlim3a"
"5614","Hephl1","f8"
"5615","Sf3b5","sf3b5"
"5616","Foxh1","foxh1"
"5617","Top3b","top3b"
"5618","Gpr101","gpr101"
"5619","Trappc13","trappc13"
"5620","Bola3","bola3"
"5621","Pold1","pold1"
"5622","Srsf5","srsf5b"
"5623","Zfp395","znf395b"
"5624","Zfp395","znf395a"
"5625","Fndc1","fndc1"
"5626","Idh3a","idh3a"
"5627","Atcay","atcaya"
"5628","Dusp22","dusp22b"
"5629","Kcnh4","kcnh4b"
"5630","Gsto1","gsto1"
"5631","Gsto1","gsto2"
"5632","Nfe2l1","nfe2l1a"
"5633","Nfe2l1","nfe2l1b"
"5634","Vkorc1l1","vkorc1l1"
"5635","Blvrb","blvrb"
"5636","Pacsin2","pacsin2"
"5637","Gm525","si:dkey-31g6.6"
"5638","Cib2","cib2"
"5639","Pgrmc2","pgrmc2"
"5640","Pigl","pigl"
"5641","Tjp2","tjp2b"
"5642","Gmpr","gmpr"
"5643","Nrcam","nrcama"
"5644","Pomgnt1","pomgnt1"
"5645","Ash2l","ash2l"
"5646","Pop4","pop4"
"5647","Atp10d","atp10d"
"5648","Arhgef18","arhgef18b"
"5649","Lrtm2","lrtm2a"
"5650","Nrg2","nrg2a"
"5651","Nrg2","nrg2b"
"5652","Arsi","arsia"
"5653","Phf23","phf23b"
"5654","Rrp8","rrp8"
"5655","Tgfbr1","tgfbr1a"
"5656","Cyp11a1","cyp11a2"
"5657","Cyp11a1","cyp11a1"
"5658","Kcnj2","kcnj2b"
"5659","Il12a","il12a"
"5660","Snx19","snx19a"
"5661","Rps6ka3","rps6ka3b"
"5662","Dmxl2","dmxl2"
"5663","Git2","git2a"
"5664","Rtn4r","rtn4r"
"5665","Pak2","pak2b"
"5666","Mllt11","mllt11"
"5667","Acadvl","acadvl"
"5668","Supt6","supt6h"
"5669","Setbp1","setbp1"
"5670","Acvr1b","acvr1bb"
"5671","Tcirg1","tcirg1a"
"5672","Ushbp1","ushbp1"
"5673","Uhmk1","uhmk1"
"5674","Cacna1h","cacna1hb"
"5675","Ncan","ncanb"
"5676","Atxn1","atxn1a"
"5677","Pld3","pld3"
"5678","Ihh","dhh"
"5679","Acsbg1","acsbg1"
"5680","Zp3","zp3.2"
"5681","Zp3","zgc:173556"
"5682","Zp3","zp3b"
"5683","Zp3","zp3a.1"
"5684","Zp3","zp3a.2"
"5685","Sgf29","sgf29"
"5686","Snrpc","snrpc"
"5687","Efna1","efna1b"
"5688","Plag1","plag1"
"5689","Cst3","zgc:163030"
"5690","Cst3","cst3"
"5691","Arhgap10","arhgap10"
"5692","Mcl1","mcl1a"
"5693","Pkp1","pkp1a"
"5694","Pkp1","pkp1b"
"5695","Cdc42ep2","cdc42ep2"
"5696","Zfp865","znf865"
"5697","Scn1b","scn1ba"
"5698","Klf7","klf7b"
"5699","Kctd8","kctd8"
"5700","Map3k15","map3k15"
"5701","Smg6","smg6"
"5702","Smo","smo"
"5703","Cartpt","cart1"
"5704","Cryl1","cryl1"
"5705","Pdgfa","pdgfab"
"5706","Nectin1","nectin1a"
"5707","Hmbs","hmbsb"
"5708","Macroh2a2","macroh2a2"
"5709","Inava","inavab"
"5710","Dtd1","dtd1"
"5711","Tceanc2","tceanc2"
"5712","Clk1","clk4b"
"5713","Pcif1","pcif1"
"5714","Gpatch1","gpatch1"
"5715","Hspb1","hspb1"
"5716","Ctsa","ctsa"
"5717","Lrwd1","lrwd1"
"5718","Rgma","rgma"
"5719","Orai2","orai2"
"5720","Celsr3","celsr3"
"5721","Puf60","puf60b"
"5722","Dgcr2","dgcr2"
"5723","Pank2","pank2"
"5724","Henmt1","henmt1"
"5725","Dimt1","dimt1l"
"5726","Jph1","jph1a"
"5727","Trpv4","trpv4"
"5728","Ncf1","ncf1"
"5729","Itpk1","itpk1a"
"5730","Pask","pask"
"5731","Esr2","esr2a"
"5732","Ost4","ost4"
"5733","Srsf11","srsf11"
"5734","Evi5","evi5b"
"5735","Trappc3","trappc3"
"5736","Trim46","trim46a"
"5737","Ccdc24","ccdc24"
"5738","Cbx8","cbx8b"
"5739","Ptges2","ptgesl"
"5740","Rhbdd2","rhbdd2"
"5741","Sfrp1","sfrp1b"
"5742","Sdhaf4","sdhaf4"
"5743","Mon2","mon2"
"5744","Itm2b","itm2bb"
"5745","Txndc5","txndc5"
"5746","Slc25a15","slc25a15b"
"5747","Plod2","plod2"
"5748","Hmces","hmces"
"5749","Inpp5b","inpp5b"
"5750","Tinf2","zgc:113263"
"5751","Mphosph10","mphosph10"
"5752","Mxra8","mxra8a"
"5753","Prickle3","prickle3"
"5754","Myh9","myh9b"
"5755","Polr2g","polr2gl"
"5756","Fam149a","fam149a"
"5757","Fkbp14","fkbp14"
"5758","Dffb","dffb"
"5759","Agxt","agxta"
"5760","Agxt","agxtb"
"5761","Btbd7","btbd7"
"5762","Bptf","bptf"
"5763","Prrc2a","prrc2a"
"5764","Bax","baxa"
"5765","Samsn1","samsn1b"
"5766","Uxs1","uxs1"
"5767","Bicral","bicral"
"5768","Jade1","jade1"
"5769","Mis18bp1","mis18bp1"
"5770","Ccnd1","ccnd1"
"5771","Snapc1","snapc1b"
"5772","Il17rb","il17ra1a"
"5773","Aplf","zgc:165656"
"5774","Minpp1","minpp1b"
"5775","Atg2b","atg2b"
"5776","Ppp1r3d","ppp1r3da"
"5777","Gpr173","gpr173"
"5778","Plcg2","si:ch211-260p9.3"
"5779","Map7d2","map7d2b"
"5780","B3gnt6","b3gnt7l"
"5781","B3gnt6","si:dkey-160o24.3"
"5782","Slc6a21","slc6a16b"
"5783","Slc6a21","slc6a16a"
"5784","AA467197","zgc:153317"
"5785","Atg4b","atg4b"
"5786","Fbxw4","fbxw4"
"5787","Rergl","rergla"
"5788","Cyp2u1","cyp2u1"
"5789","Ube2z","ube2z"
"5790","Marcks","marcksa"
"5791","Itpkc","itpkca"
"5792","Mat2b","mat2b"
"5793","Aebp1","si:ch1073-459j12.1"
"5794","Aebp1","aebp1"
"5795","Pex11b","pex11b"
"5796","Kif14","kif14"
"5797","Rtkn","rtkn2b"
"5798","Trarg1","trarg1a"
"5799","Suclg2","suclg2"
"5800","Use1","use1"
"5801","Trak1","trak1a"
"5802","Pkp3","pkp3a"
"5803","Larp1b","larp1b"
"5804","Aipl1","aipl1"
"5805","Slc45a3","slc45a3"
"5806","Synj1","synj1"
"5807","Faap100","faap100"
"5808","Heatr5a","heatr5a"
"5809","Noc3l","noc3l"
"5810","Map3k9","map3k9"
"5811","Rabif","rabif"
"5812","Atxn7","atxn7"
"5813","Cenpo","cenpo"
"5814","Pik3r3","pik3r3b"
"5815","Pik3r3","pik3r3a"
"5816","Dmd","dmd"
"5817","Acy1","acy1"
"5818","Scamp1","scamp1"
"5819","Capns1","capns1a"
"5820","Dnajc22","dnajc22"
"5821","Faap24","faap24"
"5822","Tmem219","zgc:158398"
"5823","Prr18","prr18"
"5824","Slc35b3","slc35b3"
"5825","Sec24b","sec24b"
"5826","Hltf","hltf"
"5827","Ccdc137","ccdc137"
"5828","Hoxb3","hoxb3a"
"5829","Tmem14a","zgc:163080"
"5830","Cntnap2","cntnap2b"
"5831","Fbxo22","fbxo22"
"5832","Ilrun","ilrun"
"5833","Zfp292","znf292b"
"5834","Thtpa","thtpa"
"5835","Esam","gpa33a"
"5836","Slc34a1","slc34a1b"
"5837","Tcf20","tcf20"
"5838","Myl4","cmlc1"
"5839","Glt28d2","zgc:92907"
"5840","Sbf1","sbf1"
"5841","Xkr6","xkr6b"
"5842","Hypk","hypk"
"5843","Acap3","acap3a"
"5844","Arhgef38","arhgef38"
"5845","Pcolce","pcolcea"
"5846","Crybb2","crybb2"
"5847","Rgs1","rgs1"
"5848","Kazald1","kazald3"
"5849","Nrn1l","nrn1la"
"5850","Slc1a7","slc1a7b"
"5851","2210010C04Rik","prss1"
"5852","Gfm2","gfm2"
"5853","Ak9","ak9"
"5854","Asic1","asic1a"
"5855","Snrpa1","snrpa1"
"5856","Tnfaip3","tnfaip3"
"5857","Usf1","usf1"
"5858","Gins2","gins2"
"5859","Fgf8","fgf8a"
"5860","Clint1","clint1a"
"5861","Cd180","cd180"
"5862","Fam160a1","fam160a1a"
"5863","Cnot3","cnot3b"
"5864","Gm7879","ppih"
"5865","Smpd2","smpd2b"
"5866","Sec13","sec13"
"5867","Gxylt1","gxylt1b"
"5868","Vwa7","vwa7"
"5869","Pcare","pcare2"
"5870","Nubp2","nubp2"
"5871","Mettl21e","zgc:92518"
"5872","Cask","caska"
"5873","M6pr","m6pr"
"5874","Rrbp1","rrbp1a"
"5875","Ttc27","ttc27"
"5876","Cox6a2","cox6a1"
"5877","Rab23","rab23"
"5878","Dolk","dolk"
"5879","Emx1","emx1"
"5880","Wrnip1","wrnip1"
"5881","Lrrc17","lrrc17"
"5882","Grb2","grb2b"
"5883","Bcor","bcor"
"5884","Clptm1","clptm1"
"5885","Bsnd","bsnd"
"5886","Mgme1","mgme1"
"5887","Nop58","nop58"
"5888","Srsf10","srsf10b"
"5889","Dop1a","dop1a"
"5890","Calml4","calml4b"
"5891","Thbs3","thbs3a"
"5892","Thbs3","thbs3b"
"5893","Pex11a","pex11a"
"5894","Psmb1","psmb1"
"5895","Mtus2","mtus2a"
"5896","Ccny","ccny"
"5897","Ctrb1","zgc:112160"
"5898","Ctrb1","zgc:136461"
"5899","Ctrb1","ctrb1"
"5900","Aqp8","aqp8a.1"
"5901","Atxn2l","atxn2l"
"5902","Mlx","mlx"
"5903","Trhde","trhde.2"
"5904","Kif15","kif15"
"5905","Vstm2b","zgc:194678"
"5906","Id4","id4"
"5907","Mapre1","mapre1a"
"5908","Lama5","lama5"
"5909","Adarb1","adarb1a"
"5910","Neo1","neo1a"
"5911","Cenpv","cenpv"
"5912","Rrp15","rrp15"
"5913","Tmem50a","tmem50a"
"5914","Cep290","cep290"
"5915","Ssu2","ssuh2.1"
"5916","Nr0b1","nr0b1"
"5917","Etfb","etfb"
"5918","Cops2","cops2"
"5919","Tcf3","tcf3a"
"5920","Prkch","prkcha"
"5921","Nmur1","nmur1b"
"5922","Stk36","stk36"
"5923","Ints12","ints12"
"5924","Sgcg","sgcg"
"5925","Nostrin","nostrin"
"5926","Arl13b","arl13b"
"5927","Dvl3","dvl3a"
"5928","Parp8","parp8"
"5929","Abcb4","abcb4"
"5930","Mylk4","mylk4a"
"5931","Clcn7","clcn7"
"5932","Slc27a5","zgc:101540"
"5933","H1f6","si:dkey-108k21.10"
"5934","H1f6","si:dkey-108k21.14"
"5935","H1f6","si:ch211-113a14.12"
"5936","H1f6","zgc:110216"
"5937","H1f6","si:ch211-113a14.18"
"5938","H1f6","si:ch211-113a14.24"
"5939","H1f6","si:ch211-103n10.5"
"5940","Cd226","cd226"
"5941","Nefl","neflb"
"5942","Zic1","zic1"
"5943","Nipal4","nipal4"
"5944","Sdk2","sdk2b"
"5945","Ppp3r1","ppp3r1a"
"5946","Ppp3r1","ppp3r1b"
"5947","Phf8","phf8"
"5948","Flt1","flt1"
"5949","Ramp2","ramp2"
"5950","Sspn","sspn"
"5951","Adamtsl5","adamtsl5"
"5952","Micu2","micu2"
"5953","Plekhj1","plekhj1"
"5954","Npnt","npnta"
"5955","Dpf2","dpf2"
"5956","Lpar4","lpar4"
"5957","Agbl5","agbl5"
"5958","Tmem132c","si:dkeyp-14d3.1"
"5959","Krtcap2","krtcap2"
"5960","Mief2","mief2"
"5961","A430005L14Rik","si:ch211-147a11.3"
"5962","Alox5","alox5a"
"5963","Akap8l","akap8l"
"5964","Impdh2","impdh2"
"5965","Hal","hal"
"5966","Atp6v0c","atp6v0cb"
"5967","Itpka","itpka"
"5968","Ccr7","ccr7"
"5969","Yipf3","yipf3"
"5970","Svep1","svep1"
"5971","Sag","saga"
"5972","Pthlh","pthlha"
"5973","Senp7","senp7b"
"5974","Senp7","si:dkey-100n23.3"
"5975","Mrpl45","mrpl45"
"5976","Cdk5","cdk5"
"5977","Znrf1","znrf1"
"5978","Ctbp2","ctbp2a"
"5979","Map3k7","map3k7"
"5980","Asb14","asb14a"
"5981","Sipa1l2","sipa1l2"
"5982","Syt14","syt14a"
"5983","Cdh24","cdh24a"
"5984","Upf3b","upf3b"
"5985","Cap2","cap2"
"5986","Ddhd1","ddhd1b"
"5987","Tent5b","tent5bb"
"5988","4930430F08Rik","zgc:103499"
"5989","Kbtbd8","kbtbd8"
"5990","Reep3","reep3a"
"5991","Commd3","commd3"
"5992","Rft1","rft1"
"5993","Agt","agt"
"5994","Tubgcp2","tubgcp2"
"5995","Ttc16","ttc16"
"5996","Fam102b","fam102bb"
"5997","Fam234b","fam234b"
"5998","Bdp1","zgc:162472"
"5999","Oxgr1","oxgr1a.1"
"6000","Oxgr1","oxgr1a.3"
"6001","Oxgr1","oxgr1a.2"
"6002","Pbrm1","pbrm1"
"6003","Slc25a11","slc25a11"
"6004","Pik3r5","pik3r5"
"6005","Fosb","fosb"
"6006","Pik3r2","pik3r2"
"6007","Nos1ap","nos1apa"
"6008","Nos1ap","nos1apb"
"6009","Nrn1","nrn1b"
"6010","Psmd6","psmd6"
"6011","Stmn4","stmn4"
"6012","Mapkapk2","mapkapk2a"
"6013","Tbx21","tbx21"
"6014","Tbx21","tbxta"
"6015","Hoxb8","hoxb8a"
"6016","Tfg","tfg"
"6017","Adrb1","adrb1"
"6018","Colgalt1","si:ch211-114l13.7"
"6019","Bdkrb2","si:dkey-63b1.1"
"6020","Smg5","smg5"
"6021","Ctdspl","ctdspla"
"6022","Ppm1l","ppm1la"
"6023","Camk1d","camk1db"
"6024","Per1","per1a"
"6025","Per1","per1b"
"6026","Cyp19a1","cyp19a1a"
"6027","Tmem184c","tmem184c"
"6028","Ccnyl1","ccnyl1"
"6029","Ssbp1","ssbp1"
"6030","Hikeshi","hikeshi"
"6031","Phlda3","phlda3"
"6032","Cnst","cnstb"
"6033","Mgat4c","mgat4c"
"6034","Tardbp","tardbpl"
"6035","Ccdc157","ccdc157"
"6036","Kpna4","kpna4"
"6037","AA986860","zgc:158258"
"6038","AA986860","si:ch73-184c24.1"
"6039","Mamstr","mtdhb"
"6040","Sdf2","sdf2"
"6041","Nrg1","nrg1"
"6042","Ttc9b","ttc9b"
"6043","Npy","npy"
"6044","Mc5r","mc5rb"
"6045","Sipa1l3","sipa1l3"
"6046","Ogdh","ogdhb"
"6047","3830406C13Rik","si:dkey-274m17.3"
"6048","Poc1a","poc1a"
"6049","Ddr2","ddr2b"
"6050","Tubgcp5","tubgcp5"
"6051","Wdr90","wdr90"
"6052","Itgbl1","itgbl1"
"6053","Bckdk","bckdk"
"6054","Zfp330","znf330"
"6055","Prkag2","prkag2b"
"6056","Prkag2","prkag2a"
"6057","Galnt18","galnt18a"
"6058","Bloc1s2","bloc1s2"
"6059","Sclt1","sclt1"
"6060","Ube4a","ube4a"
"6061","Plekhs1","plekhs1"
"6062","Plekhs1","zgc:153920"
"6063","Plekhs1","zgc:158404"
"6064","Plekhs1","si:ch211-28p3.3"
"6065","Frem2","frem2b"
"6066","Smarcc2","smarcc2"
"6067","Mul1","mul1b"
"6068","Ruvbl1","ruvbl1"
"6069","Tusc2","tusc2a"
"6070","Mixl1","mixl1"
"6071","Mpp7","mpp7a"
"6072","Tmem39a","tmem39a"
"6073","Dhrs9","dhrs9"
"6074","Smarcd1","smarcd1"
"6075","Slc6a14","slc6a14"
"6076","Msi2","msi2b"
"6077","Unc13a","unc13a"
"6078","Tmem251","tmem251"
"6079","1810058I24Rik","si:dkey-13i19.8"
"6080","Utp11","utp11"
"6081","Hdac10","hdac10"
"6082","Susd6","susd6"
"6083","Prc1","prc1b"
"6084","Knl1","knl1"
"6085","Cabp5","cabp5b"
"6086","Ctns","ctns"
"6087","Slc16a3","slc16a3"
"6088","Tbx3","tbx3a"
"6089","Hoxd9","hoxd9a"
"6090","Tnnt1","tnnt1"
"6091","Hoxd4","hoxd4a"
"6092","H3c13","zgc:113983"
"6093","Myo6","myo6b"
"6094","Fcamr","si:dkey-1c7.1"
"6095","Fcamr","si:dkey-1c7.2"
"6096","Fcamr","si:ch211-114l13.12"
"6097","Gys2","gys2"
"6098","Rffl","rffl"
"6099","Myof","myof"
"6100","Trappc1","trappc1"
"6101","Fgf11","fgf11b"
"6102","St8sia2","st8sia2"
"6103","Klhl24","klhl24a"
"6104","Plekhm1","plekhm1"
"6105","Mrpl51","mrpl51"
"6106","Uaca","uacaa"
"6107","Slc5a3","slc5a3a"
"6108","P3h4","p3h4"
"6109","Plxnc1","plxnc1"
"6110","Nrp2","nrp2a"
"6111","Nmnat2","nmnat2"
"6112","Cdkn1b","cdkn1bb"
"6113","Eed","eed"
"6114","Hmg20b","hmg20b"
"6115","Piezo2","piezo2a.2"
"6116","Dcst1","dcst1"
"6117","Syt11","syt11a"
"6118","Dym","dym"
"6119","Cysltr1","cysltr1"
"6120","Hspb2","hspb2"
"6121","Tsfm","tsfm"
"6122","Sertad4","sertad4"
"6123","Ccdc22","ccdc22"
"6124","Fbxl19","fbxl6"
"6125","Utp25","utp25"
"6126","Rpl8","rpl8"
"6127","Ldhd","ldhd"
"6128","Cdc14b","cdc14b"
"6129","Top2a","top2a"
"6130","Fam20a","fam20a"
"6131","Tbx18","tbx18"
"6132","Six2","six2a"
"6133","Gusb","gusb"
"6134","Prph2","prph2a"
"6135","Dusp1","dusp1"
"6136","Hoxd3","hoxd3a"
"6137","Dtymk","dtymk"
"6138","Trip4","trip4"
"6139","Mamdc2","mamdc2a"
"6140","Tpi1","tpi1a"
"6141","Pth","pth1a"
"6142","Espl1","espl1"
"6143","Gja3","gja3"
"6144","Cluap1","cluap1"
"6145","Commd5","commd5"
"6146","Celf4","celf4"
"6147","Eci1","eci1"
"6148","Nrap","nrap"
"6149","Six3","six3a"
"6150","Mtx2","mtx2"
"6151","Chrm3","chrm3a"
"6152","Htr5a","htr5ab"
"6153","Rbbp5","rbbp5"
"6154","Lysmd4","lysmd4"
"6155","Tead1","tead1b"
"6156","Cand2","cand2"
"6157","Mfsd4a","mfsd4ab"
"6158","Mfsd4a","mfsd4aa"
"6159","Larp6","larp6a"
"6160","Notch1","notch1a"
"6161","Cpne3","cpne3"
"6162","Csf3","csf3b"
"6163","Rtraf","rtraf"
"6164","Ulbp1","mhc1uka"
"6165","Ulbp1","mhc1uba"
"6166","Spata1","si:dkey-205k8.5"
"6167","Pgam2","pgam2"
"6168","Dennd5b","dennd5b"
"6169","Ccn2","ccn2a"
"6170","Snrpf","snrpf"
"6171","Scamp4","scamp4"
"6172","Htra2","zgc:173425"
"6173","Htra2","si:dkey-33c12.14"
"6174","Nr2f6","nr2f6b"
"6175","Kdm2a","kdm2aa"
"6176","Gdap1","gdap1"
"6177","Dgke","dgke"
"6178","Eva1c","eva1c"
"6179","Hint3","hint3"
"6180","Plekhh3","si:ch211-18i17.2"
"6181","Cltrn","si:dkey-194e6.1"
"6182","Pan3","pan3"
"6183","Ptdss1","ptdss1b"
"6184","Tulp1","tulp1a"
"6185","Tulp1","tulp1b"
"6186","Tm2d3","tm2d3"
"6187","Ppil4","ppil4"
"6188","Mss51","mss51"
"6189","Dnajc16","dnajc16l"
"6190","Tmcc3","tmcc3"
"6191","Smim12","smim12"
"6192","Rilp","rilp"
"6193","Hspa8","hspa8b"
"6194","Dnm2","dnm3a"
"6195","Svop","svopa"
"6196","Rhbdl2","rhbdl2"
"6197","Cables2","cables2a"
"6198","Cables2","cables2b"
"6199","Tesmin","tesmin"
"6200","Atp13a2","atp13a2"
"6201","Batf2","fosaa"
"6202","Cnfn","cnfn"
"6203","Itgb7","itgb7"
"6204","Itga4","itga4"
"6205","Dvl1","dvl1b"
"6206","Fzd5","fzd5"
"6207","Praf2","praf2"
"6208","Ybx1","ybx1"
"6209","Nr4a2","nr4a2a"
"6210","Sycp2","sycp2"
"6211","Snx27","snx27b"
"6212","Kif26a","kif26ab"
"6213","Kif26a","kif26bb"
"6214","Trac","nitr8"
"6215","Aif1l","aif1l"
"6216","Klf15","klf15"
"6217","Tenm3","tenm3"
"6218","Ccdc90b","ccdc90b"
"6219","Lef1","lef1"
"6220","Pla2g4c","si:ch73-55i23.1"
"6221","Fnbp1","fnbp1a"
"6222","Narf","narf"
"6223","Perp","perp"
"6224","Plekhg4","plekhg4"
"6225","Clmn","clmn"
"6226","Clmn","zgc:100997"
"6227","Rps11","rps11"
"6228","Inka1","inka1a"
"6229","Tmem216","si:rp71-1d10.5"
"6230","Hoxb2","hoxb2a"
"6231","Harbi1","harbi1"
"6232","Rab25","rab25a"
"6233","Eepd1","eepd1"
"6234","Zmiz2","zmiz2"
"6235","Prelid3a","prelid3a"
"6236","Col9a3","col9a3"
"6237","Mfsd6","mfsd6b"
"6238","Pard3b","pard3ba"
"6239","Avpr1a","avpr1aa"
"6240","Avpr1a","avpr1ab"
"6241","Mbnl2","mbnl2"
"6242","Cnot6","cnot6a"
"6243","Alcam","alcama"
"6244","Alcam","alcamb"
"6245","Tlx1","tlx1"
"6246","Pi15","pi15a"
"6247","Gabrb3","gabrb1"
"6248","Pacsin1","pacsin1b"
"6249","Pacsin1","pacsin1a"
"6250","Sel1l","sel1l"
"6251","Kdsr","kdsr"
"6252","Lyg2","lygl1"
"6253","Lyg2","lygl2"
"6254","Lyg2","zgc:162941"
"6255","Jmjd4","jmjd4"
"6256","Rhcg","rhcga"
"6257","Ch25h","ch25h"
"6258","Fan1","fan1"
"6259","Apold1","si:cabz01007802.1"
"6260","Apold1","si:cabz01007807.1"
"6261","Bora","bora"
"6262","Bin1","bin1b"
"6263","Ucma","ucmab"
"6264","Irf4","irf4a"
"6265","Gabarapl1","map1lc3cl"
"6266","Sumo1","sumo1"
"6267","Slc7a10","slc7a10b"
"6268","Slc7a10","slc7a10a"
"6269","Pwp2","pwp2h"
"6270","Pappa","pappab"
"6271","Pdc","pdca"
"6272","Gpr61","gpr61"
"6273","Eef1akmt1","eef1akmt1"
"6274","Xirp1","xirp1"
"6275","Psmb8","psmb8a"
"6276","Isl1","isl1"
"6277","Sdcbp2","sdcbp"
"6278","Sfxn5","sfxn5b"
"6279","Nr0b2","nr0b2b"
"6280","Rgl1","rgl1"
"6281","H1f0","h1-0"
"6282","Clrn2","clrn2"
"6283","Vps9d1","vps9d1"
"6284","Dhx9","dhx9"
"6285","Rptor","rptor"
"6286","Ghdc","ghdc"
"6287","Hamp","hamp"
"6288","Spata7","spata7"
"6289","Atp1b2","atp1b2a"
"6290","Rps21","rps21"
"6291","Nucb1","nucb1"
"6292","Pclo","pclob"
"6293","Slc9a2","slc9a2"
"6294","Rdh14","rdh14a"
"6295","Kif7","kif7"
"6296","Cyp4v3","cyp4v7"
"6297","Prdm8","si:dkeyp-41f9.4"
"6298","Slc43a3","slc43a3a"
"6299","Slc38a10","slc38a10"
"6300","Gata2","gata2a"
"6301","Cbx1","cbx1a"
"6302","Cbx1","cbx1b"
"6303","Ccng1","ccng1"
"6304","Mfng","mfng"
"6305","Bop1","bop1"
"6306","Cpne9","cpne9"
"6307","Mtmr11","mtmr11"
"6308","Hbb-bh1","hbae5"
"6309","Wdr89","wdr89"
"6310","Diras1","diras1b"
"6311","Ptbp3","ptbp3"
"6312","Slc46a1","slc46a1"
"6313","Faim","faima"
"6314","Stmnd1","stmnd1"
"6315","Vat1l","vat1l"
"6316","Phf3","phf3"
"6317","Ferd3l","ferd3l"
"6318","Cdc16","cdc16"
"6319","Mdh1","mdh1ab"
"6320","Capg","capga"
"6321","Stoml3","stoml3b"
"6322","Foxo4","foxo4"
"6323","Proser1","proser1"
"6324","Pih1d1","pih1d1"
"6325","Calcr","calcr"
"6326","Rpain","rpain"
"6327","Acad11","acad11"
"6328","Nr1i3","raraa"
"6329","Iglon5","zgc:110372"
"6330","S100a16","icn"
"6331","S100a16","icn2"
"6332","Fer1l4","fer1l4"
"6333","Dhx15","dhx15"
"6334","AI413582","smim29"
"6335","Mmaa","mmaa"
"6336","Txn2","txn2"
"6337","Atrn","atrn"
"6338","Fzd8","fzd8a"
"6339","Fzd8","fzd8b"
"6340","Slc12a3","slc12a3"
"6341","Patl1","patl1"
"6342","Birc5","birc5a"
"6343","Npsr1","si:dkey-78k11.9"
"6344","Aff2","aff2"
"6345","Naif1","naif1"
"6346","Arhgap12","arhgap12b"
"6347","Myom1","myom1a"
"6348","P4htm","p4htm"
"6349","Btbd2","btbd2a"
"6350","Katnb1","katnb1"
"6351","Lrrc47","lrrc47"
"6352","Neto2","neto2b"
"6353","Mast2","mast2"
"6354","Emc10","emc10"
"6355","Fkbp9","fkbp9"
"6356","Tlcd1","tlcd1"
"6357","Pkp2","pkp2"
"6358","Ugp2","ugp2b"
"6359","Tifa","si:ch211-15b10.6"
"6360","Fam166b","fam166b"
"6361","Slc17a6","slc17a6b"
"6362","Ndrg1","ndrg1a"
"6363","Col1a2","col1a2"
"6364","Mdp1","si:dkeyp-27c8.2"
"6365","Xpc","xpc"
"6366","Sytl1","sytl1"
"6367","Atp1a1","atp1a1a.5"
"6368","Mpv17l2","mpv17l2"
"6369","Vps13d","vps13d"
"6370","Hpca","hpca"
"6371","Zfp651","zbtb47b"
"6372","Gabrb2","gabrb2a"
"6373","Foxf1","foxf1"
"6374","Ezh2","ezh2"
"6375","Elf3","elf3"
"6376","Hacl1","hacl1"
"6377","Fbxo48","si:dkey-202b17.4"
"6378","Ccdc88c","ccdc88c"
"6379","Cep170b","si:ch73-212j7.1"
"6380","Mc2r","mc2r"
"6381","Casp2","casp2"
"6382","Arpc5","arpc5a"
"6383","Ccnd3","ccndx"
"6384","Tmem69","tmem69"
"6385","Dusp11","dusp11"
"6386","Slc46a3","slc46a3"
"6387","Slc46a3","si:dkey-5g14.1"
"6388","Ubash3b","ubash3ba"
"6389","Ube2d1","ube2d1a"
"6390","Mafg","mafgb"
"6391","D930020B18Rik","si:ch211-258f14.2"
"6392","Fmnl1","fmnl1a"
"6393","Bud13","bud13"
"6394","Ubxn6","ubxn6"
"6395","Kif13a","kif13a"
"6396","Nfatc1","nfatc1"
"6397","Slco3a1","slco3a1"
"6398","Nudc","nudc"
"6399","Smu1","smu1a"
"6400","Ece2","ece2b"
"6401","Gdnf","gdnfb"
"6402","Gdpd5","gdpd5a"
"6403","Hddc3","hddc3"
"6404","BC048403","si:ch211-125a15.1"
"6405","Plekhg3","si:ch73-212j7.3"
"6406","Col4a1","col4a1"
"6407","Sowahd","sowahd"
"6408","Grid2","grid2"
"6409","Lysmd3","lysmd3"
"6410","Gfi1","gfi1ab"
"6411","Urah","uraha"
"6412","Ambra1","ambra1b"
"6413","Prune2","prune2"
"6414","Rab20","rab20"
"6415","Vps33b","vps33b"
"6416","Emilin1","emilin1a"
"6417","Fam167b","fam167b"
"6418","Nadsyn1","nadsyn1"
"6419","Taok2","taok2a"
"6420","Tmem235","tmem235b"
"6421","Pdzd2","pdzd2"
"6422","Atp6ap1l","atp6ap1la"
"6423","Atp6ap1l","atp6ap1lb"
"6424","Pax2","pax2b"
"6425","Sema6d","sema6dl"
"6426","Ptcd1","ptcd1"
"6427","Tmem183a","tmem183a"
"6428","Cryba2","cryba2a"
"6429","Mcm5","mcm5"
"6430","Pes1","pes"
"6431","Bend7","si:ch211-220f12.4"
"6432","Urgcp","urgcp"
"6433","Urgcp","si:dkey-204a24.11"
"6434","Oog2","si:ch73-174h16.4"
"6435","Ube2w","flj11011l"
"6436","Ube2w","ube2w"
"6437","Prl5a1","prl"
"6438","Six1","six1b"
"6439","Snrpd2","snrpd2"
"6440","Slc2a5","slc2a5"
"6441","Cip2a","cip2a"
"6442","Clec2i","si:dkey-26c10.5"
"6443","Lsg1","lsg1"
"6444","Akr1c20","akr1a1a"
"6445","Phlda2","phlda2"
"6446","Crygs","crygs1"
"6447","Crygs","crygs2"
"6448","Anxa8","anxa13l"
"6449","Anxa8","anxa13"
"6450","Cyb5r3","cyb5r3"
"6451","Pias2","pias2"
"6452","Kcnmb3","si:ch211-38m6.7"
"6453","Apoo","apoob"
"6454","Actg1","actb1"
"6455","Actg1","actb2"
"6456","Meox2","meox2a"
"6457","Tmem35a","tmem35"
"6458","Pllp","pllp"
"6459","Kansl2","kansl2"
"6460","Mpzl1","mpzl1l"
"6461","Nap1l3","nap1l4a"
"6462","Nap1l3","tspy"
"6463","Mgam","si:ch211-236l14.4"
"6464","Gbp11","gbp1"
"6465","Gbp11","si:ch211-209n20.1"
"6466","Gtf2h4","gtf2h4"
"6467","C7","c7a"
"6468","Vasp","vaspb"
"6469","Pced1b","fam113"
"6470","Fgf8","fgf8b"
"6471","Btbd35f5","btbd16"
"6472","Rbm41","rbm41"
"6473","Clec4b2","asgrl2"
"6474","Clec4b2","si:ch211-283g2.2"
"6475","Clec4b2","si:ch211-283g2.3"
"6476","Lrsam1","lrsam1"
"6477","1110038F14Rik","zgc:112185"
"6478","Cort","cenps"
"6479","Lhb","lhb"
"6480","Eogt","eogt"
"6481","Tonsl","tonsl"
"6482","Ncapd2","ncapd2"
"6483","Dmrt2","dmrt2a"
"6484","Tesk1","si:dkeyp-75h12.2"
"6485","Tesk1","si:ch211-113e8.3"
"6486","Abraxas2","abraxas2"
"6487","Fry","fryb"
"6488","Hmga2","hmga2"
"6489","Gm5134","slc5a8l"
"6490","Cbr3","zgc:101858"
"6491","Cbr3","cbr1l"
"6492","Cbr3","zgc:65997"
"6493","Grhl3","grhl3"
"6494","Akap10","akap10"
"6495","Sephs2","sephs2"
"6496","Ltn1","si:dkey-175g6.5"
"6497","Nucb2","nucb2b"
"6498","Nucb2","nucb2a"
"6499","Pdcd2","pdcd2"
"6500","Brd8dc","si:ch211-59d17.3"
"6501","Tmem150a","tmem150ab"
"6502","Bmp1","bmp1b"
"6503","Strn3","strn3"
"6504","Cachd1","cachd1"
"6505","Mrps22","mrps22"
"6506","Tagln","tagln"
"6507","Manf","manf"
"6508","Syndig1l","syndig1l"
"6509","Nr3c2","nr3c2"
"6510","Ms4a7","tmem176l.3a"
"6511","Ms4a7","si:dkey-77f5.10"
"6512","Ms4a7","zgc:113425"
"6513","Tram2","tram2"
"6514","Hsd17b12","hsd17b12a"
"6515","Cpa2","cpa4"
"6516","Cpa2","cpa2"
"6517","Psmc5","psmc5"
"6518","Ttpa","ttpa"
"6519","Fam151a","fam151a"
"6520","Ndrg3","ndrg3b"
"6521","Ndrg3","ndrg3a"
"6522","Aco2","aco2"
"6523","Tgfbr3","tgfbr3"
"6524","Slc2a2","slc2a2"
"6525","Itch","itcha"
"6526","Zfp385a","znf385a"
"6527","Ilf3","ilf3b"
"6528","Prpsap2","prpsap2"
"6529","Abca8b","abca5"
"6530","Trav3d-3","nitr9"
"6531","Trav3d-3","nitr12"
"6532","Trav3d-3","nitr3c"
"6533","Trav3d-3","nitr3a"
"6534","Trav3d-3","nitr3b"
"6535","Trav3d-3","tradv18.0"
"6536","Trav3d-3","tradv22.0"
"6537","Trav3d-3","tradv27.0"
"6538","Trav3d-3","tradv29.0"
"6539","Trav3d-3","tradv30.0.1"
"6540","Trav3d-3","tradv31.0"
"6541","Trav3d-3","tradv30.0.6"
"6542","Trav3d-3","tradv41.0"
"6543","Trav3d-3","nitr13"
"6544","Dhx34","dhx34"
"6545","Capns1","capns1b"
"6546","Crybg1","crybg1b"
"6547","Crybg1","crybg1a"
"6548","Becn1","becn1"
"6549","Med12","med12"
"6550","Nfat5","nfat5a"
"6551","Nfat5","nfat5b"
"6552","L3mbtl1","l3mbtl1a"
"6553","Siglech","si:ch73-380l3.3"
"6554","Rfwd3","rfwd3"
"6555","Stum","stum"
"6556","Best1","best1"
"6557","Lca5","lca5"
"6558","Atf5","atf5a"
"6559","Atf5","atf5b"
"6560","Ugt1a9","ugt5a1"
"6561","Ugt1a9","ugt5a2"
"6562","Ugt1a9","ugt5e1"
"6563","Mrps34","mrps34"
"6564","Tubd1","tubd1"
"6565","S100a4","s100s"
"6566","Suz12","suz12b"
"6567","4930578I06Rik","si:ch73-81k8.2"
"6568","Igf1r","igf1rb"
"6569","Tnfrsf22","cd40"
"6570","Tnfrsf22","tnfrsfa"
"6571","Tnfrsf22","tnfrsf11a"
"6572","Tnfrsf22","hdr"
"6573","Tnfrsf22","tnfrsf1b"
"6574","Usp32","usp32"
"6575","Sppl2b","sppl2"
"6576","Kansl1","kansl1b"
"6577","Pcid2","pcid2"
"6578","Irf9","irf4b"
"6579","Crp","si:ch211-270n8.1"
"6580","Mars2","mars2"
"6581","Ncf4","ncf4"
"6582","Asphd2","asphd2"
"6583","F10","f10"
"6584","Cnot4","cnot4a"
"6585","Chd8","chd8"
"6586","2610028H24Rik","zgc:112416"
"6587","Rps6","rps6"
"6588","Adam39","zgc:174164"
"6589","Vegfd","vegfd"
"6590","Fbxw19","si:ch211-154o6.3"
"6591","Metrn","metrn"
"6592","Magea5","ndnl2"
"6593","Pim1","pim1"
"6594","Ldlrad2","ldlrad2"
"6595","Ddx27","ddx27"
"6596","Mitf","mitfa"
"6597","Sap30bp","sap30bp"
"6598","Cpt1b","cpt1b"
"6599","Pde6b","pde6b"
"6600","Rln3","rln3a"
"6601","Gtf2e1","gtf2e1"
"6602","Ttc30a2","flr"
"6603","Stx7","stx7l"
"6604","Gli2","gli2a"
"6605","Ager","si:ch211-79k12.1"
"6606","Gnao1","gnao1b"
"6607","Atg4d","atg4db"
"6608","Radx","radx"
"6609","Atp6v0c","atp6v0ca"
"6610","Dixdc1","dixdc1b"
"6611","Bhlhb9","armc10"
"6612","Pglyrp2","pglyrp6"
"6613","Pglyrp2","pglyrp2"
"6614","Cyp20a1","cyp20a1"
"6615","Nrp1","nrp1a"
"6616","Abcb10","abcb10"
"6617","Gm32717","cdc5l"
"6618","Cyp4a30b","cyp4t8"
"6619","Chsy1","chsy1"
"6620","Slco2a1","slco2a1"
"6621","Sgk3","sgk3"
"6622","Cavin3","cavin2b"
"6623","Ropn1l","ropn1l"
"6624","Syce1l","si:ch211-199g17.9"
"6625","Haus3","haus3"
"6626","Slc6a4","slc6a4a"
"6627","Tmem119","tmem119b"
"6628","Calcrl","calcrlb"
"6629","Trmt44","trmt44"
"6630","Fbxw2","fbxw2"
"6631","Sstr5","si:zfos-169g10.2"
"6632","Sstr5","sstr3"
"6633","Mvd","mvda"
"6634","Ghrh","ghrh"
"6635","Ankrd13b","ankrd13b"
"6636","Adh7","zgc:63568"
"6637","Adh7","adh8b"
"6638","Adh7","adh8a"
"6639","Adh7","zgc:77938"
"6640","Qrich1","qrich1"
"6641","Bpnt1","bpnt1"
"6642","Cpne2","cpne2"
"6643","Spg20","spartb"
"6644","Spg20","sparta"
"6645","Man2c1","man2c1"
"6646","Virma","virma"
"6647","Tlnrd1","tlnrd1"
"6648","Tdo2","tdo2b"
"6649","Fshr","fshr"
"6650","Sema5a","sema5a"
"6651","Bbs4","bbs4"
"6652","Cep170","cep170aa"
"6653","Clk2","clk2a"
"6654","Psmb3","psmb3"
"6655","Smcr8","smcr8a"
"6656","Rbm26","rbm26"
"6657","S100b","s100b"
"6658","Crbn","crbn"
"6659","Ago1","ago1"
"6660","Shisa4","shisa4"
"6661","Ins2","insb"
"6662","Adarb1","adarb1b"
"6663","Mapre1","mapre1b"
"6664","Rilpl2","rilpl2"
"6665","Trappc6a","trappc6bl"
"6666","Vamp3","vamp3"
"6667","Gclm","gclm"
"6668","Trim62","trim62.2"
"6669","Trim62","trim62.1"
"6670","Sult3a2","sult3st2"
"6671","Cav1","cav1"
"6672","Ncor2","ncor2"
"6673","Gtpbp2","gtpbp2b"
"6674","Uts2","uts2b"
"6675","Zfp92","znf646"
"6676","Cspg5","cspg5a"
"6677","Slc7a14","slc7a14a"
"6678","Pla2g15","pla2g15"
"6679","Lingo1","lingo1b"
"6680","Rab35","rab35b"
"6681","Natd1","natd1"
"6682","Inava","inavaa"
"6683","Spint2","spint2"
"6684","Pmel","pmelb"
"6685","Pmel","pmela"
"6686","Pfkfb1","pfkfb1"
"6687","Pfkfb1","si:dkey-96f10.1"
"6688","Pou3f3","pou5f3"
"6689","Edem2","edem2"
"6690","Ifne","ifnphi2"
"6691","Cpeb4","cpeb4a"
"6692","Ube2ql1","ube2ql1"
"6693","Psmd1","psmd1"
"6694","Zscan29","ovol1a"
"6695","Nenf","nenf"
"6696","Uck1","uck1"
"6697","Haus2","si:dkey-170l10.1"
"6698","Mbd6","mbd6"
"6699","Mmp3","mmp13b"
"6700","Mmp3","mmp25a"
"6701","Fzd9","fzd9a"
"6702","Bmp4","bmp4"
"6703","Mef2d","mef2d"
"6704","Ice1","ice1"
"6705","Slc13a5","slc13a5a"
"6706","Nolc1","nolc1"
"6707","Siah1b","siah1"
"6708","Mroh1","mroh1"
"6709","Hsd11b2","hsd11b2"
"6710","Spryd7","spryd7a"
"6711","Ctsk","ctsk"
"6712","Myh10","myh10"
"6713","Klf7","klf7a"
"6714","Srsf6","srsf6a"
"6715","Slc25a35","slc25a35"
"6716","Txnrd2","txnrd2.1"
"6717","Txnrd2","txnrd2.2"
"6718","Nt5dc3","nt5dc3"
"6719","Stbd1","stbd1"
"6720","Adam34","si:ch1073-396h14.1"
"6721","Slc4a4","slc4a4a"
"6722","Dnajb8","dnajc18"
"6723","Rpl30","rpl30"
"6724","Enpep","enpep"
"6725","Tcte1","tcte1"
"6726","Rps6ka6","rps6kal"
"6727","Rabep1","rabep1"
"6728","Kcnj2","kcnj2a"
"6729","Ripply1","ripply2"
"6730","Wdr26","wdr26b"
"6731","Snx19","snx19b"
"6732","Rora","roraa"
"6733","Glipr1l2","glipr1a"
"6734","Glipr1l2","glipr2"
"6735","Hoxc12","hoxc12a"
"6736","Gpt","gpt2l"
"6737","Gpt","si:ch211-217a12.1"
"6738","Smc1b","smc1b"
"6739","Foxi1","foxp1b"
"6740","Foxi1","foxp1a"
"6741","Rbm18","rbm18"
"6742","Ralgps2","ralgps2"
"6743","Isl2","isl2b"
"6744","Slc22a4","si:dkey-119m7.4"
"6745","Slc22a4","si:dkey-119m7.8"
"6746","Acvr1b","acvr1ba"
"6747","Tcirg1","tcirg1b"
"6748","Ctu2","ctu2"
"6749","Chid1","chid1"
"6750","Glo1","glo1"
"6751","Pds5a","pds5a"
"6752","Atp6v0a2","atp6v0a2b"
"6753","Atp6v0a2","atp6v0a2a"
"6754","Trmt61a","trmt61a"
"6755","Kif19a","kif19"
"6756","Gad2","gad2"
"6757","Tmem134","tmem134"
"6758","Atxn1","atxn1b"
"6759","Gm14569","si:ch211-121j5.4"
"6760","Lmo7","lmo7b"
"6761","Lmo7","lmo7a"
"6762","Fam83d","fam83d"
"6763","Syt10","syt10"
"6764","Tmem107","tmem107l"
"6765","Prrt4","si:dkey-31f5.11"
"6766","Foxb1","foxb1a"
"6767","Pcnp","pcnp"
"6768","Tjp2","tjp2a"
"6769","Micall2","micall2a"
"6770","Cdkl1","cdkl1"
"6771","Sema3g","sema3bl"
"6772","Eps15","eps15"
"6773","Runx1t1","runx1t1"
"6774","Pmvk","pmvk"
"6775","Brd1","brd1b"
"6776","Brd1","brd1a"
"6777","Gm4767","zgc:66443"
"6778","Ssh3","si:ch211-203d1.3"
"6779","Hes6","hes6"
"6780","Hes6","her13"
"6781","Lonp2","lonp2"
"6782","Rab2a","rab2a"
"6783","Raf1","raf1b"
"6784","Srpk1","srpk1b"
"6785","Ccser2","ccser2b"
"6786","Mif","mif"
"6787","Plaa","plaa"
"6788","Ndst3","si:dkey-121b10.7"
"6789","Phf23","phf23a"
"6790","L3mbtl3","l3mbtl3"
"6791","Apon","apof"
"6792","Ret","ret"
"6793","Eef2","eef2l2"
"6794","Pkd2l1","pkd2l1"
"6795","Lrrfip2","lrrfip2"
"6796","Rtkn","si:dkey-40c11.1"
"6797","Slc29a2","slc29a2"
"6798","Dlgap4","dlgap4a"
"6799","Lrrk2","lrrk2"
"6800","Alkal2","alkal2a"
"6801","Alkal2","alkal2b"
"6802","Pkp3","pkp3b"
"6803","Arl4a","arl4aa"
"6804","Arl4a","arl4ab"
"6805","Rad1","rad1"
"6806","Rflnb","rflnb"
"6807","Trir","trir"
"6808","Carm1","carm1"
"6809","Cdk20","cdk20"
"6810","Sf3b1","sf3b1"
"6811","Ppp4c","ppp4cb"
"6812","Ppp4c","ppp4ca"
"6813","Zpr1","zpr1"
"6814","Atp6ap1","atp6ap1b"
"6815","Pdk4","pdk4"
"6816","Rrm2","rrm2"
"6817","Ankrd12","ankrd12"
"6818","Fthl17f","fth1b"
"6819","Fthl17f","fth1a"
"6820","Cd2bp2","cd2bp2"
"6821","Lao1","si:dkey-40g16.6"
"6822","Ube2cbp","ube3d"
"6823","Lhfp","lhfpl6"
"6824","Snapc1","snapc1a"
"6825","Fam117a","fam117ab"
"6826","Ttc5","ttc5"
"6827","Amotl2","amotl2b"
"6828","Amotl2","amotl2a"
"6829","B3gnt6","si:dkey-175m17.6"
"6830","Scrn3","scrn3"
"6831","Hspe1-rs1","hspe1"
"6832","Antxrl","antxr1d"
"6833","Cntn2","robo4"
"6834","Tppp3","tppp3"
"6835","Mrm2","mrm2"
"6836","Mnt","mnta"
"6837","Itpkc","itpkcb"
"6838","Impdh1","impdh1b"
"6839","Impdh1","impdh1a"
"6840","Man1a2","man1a2"
"6841","Snx10","snx10b"
"6842","C1qtnf12","c1qtnf12"
"6843","Plekhb1","si:ch211-176g13.7"
"6844","Cbwd1","cbwd"
"6845","Itm2b","itm2ba"
"6846","Gpr156","gpr156"
"6847","Melk","melk"
"6848","Rab11fip2","rab11fip2"
"6849","Spag17","si:dkey-208b23.5"
"6850","AU040320","si:ch211-193k19.1"
"6851","Kcna1","kcna1a"
"6852","Chml","chm"
"6853","Mybpc3","mybpc3"
"6854","Csrnp2","csrnp2"
"6855","U2surp","u2surp"
"6856","Aox1","aox6"
"6857","Ces1d","nlgn3b"
"6858","Ces1d","si:ch73-89b15.3"
"6859","Ces1d","si:ch211-71n6.4"
"6860","Ces1d","ces2a"
"6861","Ces1d","ces3"
"6862","Arcn1","arcn1a"
"6863","Arcn1","arcn1b"
"6864","Mrap2","mrap2a"
"6865","Prrt3","si:ch211-14i3.2"
"6866","Vps16","vps16"
"6867","Zfhx4","zfhx4"
"6868","Kifc3","kifc3"
"6869","Slc28a1","slc28a1"
"6870","Eml2","eml2"
"6871","Ccdc85c","ccdc85ca"
"6872","Acan","acana"
"6873","Atp11c","atp11c"
"6874","Zmpste24","zmpste24"
"6875","Lrp2bp","lrp2bp"
"6876","Adgrf1","adgrf11"
"6877","Adgrf1","adgrf7"
"6878","Adgrf1","adgrf6"
"6879","Adgrf1","adgrf8"
"6880","Pptc7","pptc7a"
"6881","Mrpl48","mrpl48"
"6882","Adamts6","adamts6"
"6883","Itpk1","itpk1b"
"6884","Mastl","mastl"
"6885","Col18a1","col18a1a"
"6886","Tinag","tinagl1"
"6887","Gm20379","hmgn2"
"6888","Gpn3","gpn3"
"6889","Dcaf5","dcaf5"
"6890","Senp1","senp2"
"6891","Fam167a","fam167aa"
"6892","Eif2b1","eif2b1"
"6893","Heatr1","heatr1"
"6894","Rps12","rps12"
"6895","Stxbp5","stxbp5a"
"6896","Tmc4","tmc4"
"6897","Tert","tert"
"6898","Fbxw9","fbxw9"
"6899","Ddr1","ddr1"
"6900","Inpp5e","inpp5e"
"6901","Faim","faimb"
"6902","Chpf2","chpf2"
"6903","Sfrp2","sfrp2"
"6904","Dse","dse"
"6905","Zfyve26","zfyve26"
"6906","Slc25a33","slc25a33"
"6907","Ifit2","ifit16"
"6908","Ifit2","ifit15"
"6909","Ifit2","ifit14"
"6910","Dio2","dio2"
"6911","Grpel1","grpel1"
"6912","Adam11","adam11"
"6913","Il10ra","ifngr2"
"6914","Il10ra","ifngr1"
"6915","Foxa1","foxa1"
"6916","F8a","zgc:101679"
"6917","Npc1","npc1"
"6918","Sema4g","sema4ga"
"6919","Kcnk1","kcnk1a"
"6920","Mdh1","mdh1aa"
"6921","Auts2","auts2a"
"6922","Nckap5l","nckap5l"
"6923","H2az2","h2az2a"
"6924","Capn11","capn1a"
"6925","Capn11","capn1b"
"6926","Ttc3","ttc3"
"6927","Atg12","atg12"
"6928","Immt","immt"
"6929","Lpar6","lpar6b"
"6930","Ppp1r3c","ppp1r3ca"
"6931","Fabp4","nmnat1-rbp7a"
"6932","Fabp4","rbp7a"
"6933","Dtx3l","si:ch73-78o10.1"
"6934","Prdm8","prdm8b"
"6935","Cyp4v3","cyp4v8"
"6936","Shq1","shq1"
"6937","Sema7a","sema7a"
"6938","Vps13a","vps13a"
"6939","Def8","def8"
"6940","Eif2d","eif2d"
"6941","Nrg3","nrg3b"
"6942","Mrps6","mrps6"
"6943","Sft2d2","sft2d2a"
"6944","Sft2d2","sft2d2b"
"6945","Clic4","clic4"
"6946","Tmprss3","tmprss3a"
"6947","Lgals2","lgals1l1"
"6948","Lgals2","lgals2a"
"6949","Lgals2","lgals2b"
"6950","Slc35f3","slc35f3a"
"6951","Slc35f3","slc35f3b"
"6952","Tmem179","tmem179aa"
"6953","Btf3","btf3"
"6954","Tbpl2","tbpl2"
"6955","Tmem245","tmem245"
"6956","Cwc25","cwc25"
"6957","Mesp2","mespab"
"6958","Mesp2","mespbb"
"6959","Mesp2","mespba"
"6960","Mesp2","mespaa"
"6961","Crip2","crip2"
"6962","Llgl2","llgl2"
"6963","Mob2","mob2a"
"6964","Kl","kl"
"6965","Batf","batf"
"6966","Sp3","sp3a"
"6967","Rnd1","rnd1a"
"6968","Rnd1","rnd1b"
"6969","Pgm2","pgm2"
"6970","Tafa5","tafa5b"
"6971","Tafa5","tafa5a"
"6972","Sphk2","sphk2"
"6973","Tmx4","tmx4"
"6974","H2bc12","hist2h2l"
"6975","Clca1","clca1"
"6976","Clca1","si:ch211-116o3.3"
"6977","Clca1","clca5.1"
"6978","Pgam1","pgam1b"
"6979","Bcam","bcam"
"6980","Adck1","adck1"
"6981","Nipsnap3b","nipsnap3a"
"6982","Armc5","armc5"
"6983","Gtf2a1","gtf2a1"
"6984","Rims3","rims3"
"6985","Hip1r","hip1rb"
"6986","Pdc","pdcb"
"6987","Sdcbp2","sdcbp2"
"6988","Psme1","psme1"
"6989","Twf2","twf2b"
"6990","Tsc1","tsc1b"
"6991","Nkiras1","nkiras1"
"6992","Cnga3","cnga3a"
"6993","Pak1ip1","pak1ip1"
"6994","Scrt1","scrt1b"
"6995","Itgax","si:dkey-32n7.4"
"6996","Itgax","itgam"
"6997","Prkce","prkceb"
"6998","Snx15","snx15"
"6999","Otud5","otud5a"
"7000","Golt1a","golt1a"
"7001","Rps11","si:dkey-159f12.2"
"7002","Dennd2d","dennd2db"
"7003","Dennd2d","dennd2da"
"7004","Mapk10","mapk10"
"7005","Rad52","rad52"
"7006","Slc38a4","slc38a4"
"7007","Slc7a5","slc7a5"
"7008","Dpyd","dpydb"
"7009","Ufd1","ufd1l"
"7010","Lypla2","lypla2"
"7011","Fut11","fut11"
"7012","Prss12","prss12"
"7013","Spib","spi1a"
"7014","Arhgap24","arhgap24"
"7015","Ep400","ep400"
"7016","Cnot6","cnot6b"
"7017","Ppp1r2","ppp1r2"
"7018","Arl6ip5","arl6ip5b"
"7019","Arl6ip5","arl6ip5a"
"7020","Pi15","pi15b"
"7021","Pms2","pms2"
"7022","Dld","dldh"
"7023","Nusap1","nusap1"
"7024","F13b","ntd5"
"7025","Ttll8","ttll6"
"7026","Cdkn3","cdkn3"
"7027","Atg9a","atg9a"
"7028","Htr2c","htr2cl1"
"7029","Htr1b","htr1aa"
"7030","Hoxc5","hoxc5a"
"7031","Tbc1d22a","tbc1d22a"
"7032","Atrx","atrx"
"7033","Atp5k","atp5meb"
"7034","Atp5k","atp5mea"
"7035","Strip2","strip2"
"7036","4930562C15Rik","zpax4"
"7037","4930562C15Rik","zp2l1"
"7038","Mapk12","mapk12b"
"7039","Mapk12","mapk12a"
"7040","Emilin1","emilin1b"
"7041","Pdk3","pdk3a"
"7042","Ifih1","ifih1"
"7043","Orm3","apom"
"7044","Col8a1","col8a1b"
"7045","Taok2","taok2b"
"7046","Pwwp2a","pwwp2a"
"7047","Vmn2r5","vmn2r1"
"7048","Gm20716","dpm1"
"7049","Pfdn2","pfdn2"
"7050","Ephx3","si:dkey-122a22.2"
"7051","Prr12","prr12b"
"7052","Mlh1","mlh1"
"7053","Fgf12","fgf12a"
"7054","Ccdc88b","ccdc88b"
"7055","Prodh","prodha"
"7056","Vmp1","vmp1"
"7057","Rrm2b","rrm2b"
"7058","Spata18","spata18"
"7059","Pax2","pax2a"
"7060","Lhfpl5","lhfpl5a"
"7061","Lhfpl5","lhfpl5b"
"7062","Mlph","mlpha"
"7063","Mlph","mlphb"
"7064","Dcaf4","poc1b"
"7065","Dcaf4","mapkbp1"
"7066","Dcaf4","wdr62"
"7067","Dcaf4","nwd1"
"7068","Bcl2l1","bcl2l1"
"7069","Smndc1","smndc1"
"7070","Ube2g2","ube2g2"
"7071","Arid4a","arid4a"
"7072","Fos","fosab"
"7073","Fastk","fastk"
"7074","Zfp36l1","zfp36l1a"
"7075","Ubash3b","ubash3bb"
"7076","Snrpd3","snrpd3l"
"7077","Gtf2h1","gtf2h1"
"7078","Eif4e","eif4eb"
"7079","Atp6v1a","atp6v1aa"
"7080","Atp6v1a","atp6v1ab"
"7081","Nppb","nppb"
"7082","Dock8","dock8"
"7083","Arpc1b","arpc1b"
"7084","Lacc1","lacc1"
"7085","Dnase1l1","dnase1l1"
"7086","Lrrn1","lrrn1"
"7087","Trub2","trub2"
"7088","Commd4","commd4"
"7089","Arhgap32","arhgap32b"
"7090","Btc","btc"
"7091","E330021D16Rik","ube2q2"
"7092","Phospho1","phospho1"
"7093","Cln3","cln3"
"7094","Pde3b","pde3b"
"7095","Seh1l","seh1l"
"7096","Uncx","uncx"
"7097","Klf17","zgc:153115"
"7098","Klf17","klf2a"
"7099","Klf17","klf13"
"7100","Gja1","cx40.8"
"7101","Slc17a6","slc17a6a"
"7102","Ndrg1","ndrg1b"
"7103","Zdhhc23","zdhhc23a"
"7104","Zdhhc23","zdhhc23b"
"7105","Kdm8","kdm8"
"7106","Dusp4","dusp4"
"7107","Spred3","spred3"
"7108","Igfbp2","igfbp2b"
"7109","Afg3l1","si:ch1073-174d20.2"
"7110","Pla2g12b","pla2g12b"
"7111","Zfp36","cth1"
"7112","Scn2b","scn2b"
"7113","Fto","fto"
"7114","Trit1","trit1"
"7115","Ssr4","ssr4"
"7116","Rab3gap2","rab3gap2"
"7117","Stard5","stard5"
"7118","Cga","cga"
"7119","Asxl2","asxl2"
"7120","Gtf2h3","gtf2h3"
"7121","Cbx2","cbx2"
"7122","Nek7","nek7"
"7123","Dact3","dact3a"
"7124","Nr1i3","rorc"
"7125","Mcts2","mcts1"
"7126","Glra4","glra4a"
"7127","Bend5","bend5"
"7128","Cenpm","pane1"
"7129","Mrps28","mrps28"
"7130","Fndc3b","fndc3ba"
"7131","Fndc3b","fndc3bb"
"7132","Fam83b","fam83b"
"7133","Ap1s2","ap1s2"
"7134","Rasl2-9","ran"
"7135","Sympk","sympk"
"7136","Arhgap12","arhgap12a"
"7137","Nup160","nup160"
"7138","Tox2","tox2"
"7139","Insyn1","insyn1"
"7140","Doxl2","aoc1"
"7141","Tmem44","tmem44"
"7142","Ly75","ly75"
"7143","Ptcd3","ptcd3"
"7144","Bag3","bag3"
"7145","Kyat3","si:ch73-97h19.2"
"7146","Kyat3","kyat3"
"7147","Tmem59l","tmem59l"
"7148","Rffl","zgc:171740"
"7149","Catip","catip"
"7150","Med25","med25"
"7151","Myo6","myo6a"
"7152","Fads2b","fads2"
"7153","Aldob","aldob"
"7154","Cxadr","cxadr"
"7155","Flii","flii"
"7156","Nkapl","nkap"
"7157","Reep2","reep2"
"7158","Pik3c3","pik3c3"
"7159","Smim14","smim14"
"7160","Gm6169","zgc:136605"
"7161","Cd34","si:dkey-261h17.1"
"7162","Kcnv2","kcnv2b"
"7163","Fbxo8","fbxo8"
"7164","Efl1","efl1"
"7165","Letm2","letm2"
"7166","Gas1","gas1b"
"7167","Plxdc2","si:ch211-106h4.6"
"7168","Atp8b5","atp8b5a"
"7169","Kif5b","kif5ba"
"7170","Khdc4","khdc4"
"7171","Mettl2","mettl2a"
"7172","Fbxo10","fbxo10"
"7173","Snai1","snai1a"
"7174","Cecr2","cecr2"
"7175","Sstr1","sstr1a"
"7176","Dync1li1","dync1li1"
"7177","Arid3b","arid3b"
"7178","Cyb5a","cyb5a"
"7179","Raet1e","mhc1zaa"
"7180","Raet1e","mhc1zja"
"7181","Pfas","pfas"
"7182","Ccar1","ccar1"
"7183","Cabp5","cabp5a"
"7184","Cyp3a41a","cyp3c4"
"7185","Cyp3a41a","cyp3c3"
"7186","Cyp3a41a","cyp3c1"
"7187","Pde10a","pde10a"
"7188","Zswim7","zswim7"
"7189","Nmu","nmu"
"7190","Glra1","glra1"
"7191","Kdm4c","kdm4aa"
"7192","Marveld2","marveld2a"
"7193","Marveld2","marveld2b"
"7194","Traf4","traf4a"
"7195","Rhoq","rhoq"
"7196","Bicra","bicra"
"7197","Mamstr","mtdha"
"7198","Fbll1","fbl"
"7199","Dnah11","dnah11"
"7200","Plch2","plch2a"
"7201","Bicdl1","bicdl1"
"7202","Gfer","gfer"
"7203","Midn","midn"
"7204","Thsd7a","thsd7aa"
"7205","Thsd7a","thsd7ab"
"7206","Dync1li2","dync1li2"
"7207","B3galt6","b3galt6"
"7208","Zmynd19","zmynd19"
"7209","Galnt18","galnt18b"
"7210","Taf1c","wu:fj64h06"
"7211","Ndrg2","ndrg2"
"7212","Stab1","stab1"
"7213","Esco1","esco1"
"7214","Cyth4","cyth4b"
"7215","Cyth4","cyth4a"
"7216","Edem1","edem1"
"7217","Nr5a1","nr5a1b"
"7218","Ralgapa1","ralgapa1"
"7219","C2cd2l","c2cd2l"
"7220","Slc5a7","slc5a7a"
"7221","Mdh1b","mdh1b"
"7222","Oxgr1","oxgr1b"
"7223","Man2b2","man2b2"
"7224","Ldah","ldah"
"7225","Agk","agk"
"7226","Pdgfra","pdgfra"
"7227","Optn","optn"
"7228","Ugt8a","ugt8"
"7229","Socs6","socs6b"
"7230","Cox5a","cox5aa"
"7231","Gpr161","si:ch211-237c6.4"
"7232","Gpr161","gpr161"
"7233","Rad54b","rad54b"
"7234","Rcan1","rcan1a"
"7235","Plcl1","plcl1"
"7236","Hoxb8","hoxb8b"
"7237","Mapkapk2","mapkapk2b"
"7238","Myo19","myo19"
"7239","Frmd4a","si:ch211-220f12.1"
"7240","Fam78b","fam78ba"
"7241","Serinc2","serinc2"
"7242","Serinc2","serinc2l"
"7243","Camk1d","camk1da"
"7244","Ctdspl","ctdsplb"
"7245","Tnfsf11","tnfsf11"
"7246","Snx25","snx25"
"7247","Erbb2","erbb2"
"7248","Stac","stac"
"7249","Sema4c","sema4c"
"7250","Bbip1","bbip1"
"7251","Cdpf1","si:ch211-239e6.4"
"7252","Daam1","daam1b"
"7253","Bcr","bcr"
"7254","Bcr","si:dkey-91m11.5"
"7255","Mta1","mta1"
"7256","Garem1","garem"
"7257","Pdcd11","pdcd11"
"7258","Chmp6","chmp6b"
"7259","Lrrc6","lrrc6"
"7260","Dlx2","dlx2b"
"7261","2410002F23Rik","zgc:113436"
"7262","Sesn1","sesn1"
"7263","Gstm2","gstp2"
"7264","Agbl1","agbl1"
"7265","Ccdc71","si:dkeyp-87e7.4"
"7266","Dvl1","si:ch73-236e11.2"
"7267","Dvl1","dvl1a"
"7268","Fscn1","fscn1b"
"7269","Fscn1","fscn1a"
"7270","Kif26a","kif26aa"
"7271","Raph1","raph1b"
"7272","Hspa12a","hspa12a"
"7273","Mslnl","si:ch211-188p14.5"
"7274","Mslnl","si:ch211-188p14.4"
"7275","Mslnl","mslna"
"7276","Trac","nitr6a"
"7277","Trac","nitr6b"
"7278","Ccni","ccni"
"7279","Cradd","cradd"
"7280","Rapgef2","rapgef2"
"7281","Zfp445","prdm2a"
"7282","Comp","comp"
"7283","Fosl2","fosl2l"
"7284","Rabl3","rabl3"
"7285","Oxa1l","oxa1l"
"7286","Rbpj","rbpjb"
"7287","Col15a1","col19a1"
"7288","Col15a1","col16a1"
"7289","Nrsn1","nrsn1l"
"7290","Slc7a12","slc7a2"
"7291","Sdf4","sdf4"
"7292","Kcnd2","kcnd1"
"7293","Gfpt1","gfpt1"
"7294","Armt1","armt1"
"7295","Kdm2a","kdm2ab"
"7296","Lpcat2","lpcat2"
"7297","Nisch","nisch"
"7298","Usb1","usb1"
"7299","Foxp4","foxp4"
"7300","Homez","homeza"
"7301","Hmgb2","hmgb2a"
"7302","Yme1l1","yme1l1a"
"7303","Mat2a","mat2ab"
"7304","Mat2a","mat2aa"
"7305","Sertad2","sertad2b"
"7306","Pkd2","pkd2"
"7307","Tpi1","tpi1b"
"7308","Pth","pth1b"
"7309","Zfp91","si:ch211-113e8.10"
"7310","Zfp91","znf692"
"7311","Sostdc1","sostdc1b"
"7312","Sostdc1","sostdc1a"
"7313","Spock1","spock1"
"7314","Brat1","brat1"
"7315","Plaat3","lratb.2"
"7316","Ap1b1","ap1b1"
"7317","Fut8","fut8a"
"7318","Htr5a","htr5aa"
"7319","Iars2","iars2"
"7320","Trp53bp2","tp53bp2b"
"7321","Hcn4","hcn4l"
"7322","Hcn4","hcn4"
"7323","Rnf40","rnf40"
"7324","Ccdc70","cby1"
"7325","Dmrt3","dmrt3a"
"7326","Nup85","nup85"
"7327","Lmbrd1","lmbrd1"
"7328","Trmt6","trmt6"
"7329","Azin1","azin1b"
"7330","Azin1","azin1a"
"7331","Erbin","erbin"
"7332","Aldh7a1","aldh7a1"
"7333","Ryk","ryk"
"7334","Zcchc14","zcchc14"
"7335","Lpgat1","lpgat1"
"7336","Nhej1","nhej1"
"7337","Eif4a2","eif4a2"
"7338","Ints5","ints5"
"7339","Pgm5","pgm5"
"7340","Plpp4","plpp4"
"7341","Tbc1d19","tbc1d19"
"7342","Lcp2","lcp2a"
"7343","Syt11","syt11b"
"7344","Dao","dao.2"
"7345","Dao","dao.1"
"7346","Dao","dao.3"
"7347","Synj2bp","synj2bp"
"7348","Ctps","ctps1a"
"7349","Ctps","ctps1b"
"7350","Ppp1r12a","ppp1r12a"
"7351","Zyg11b","zyg11"
"7352","Fbxl19","si:ch211-214j8.12"
"7353","Rec114","rec114"
"7354","Tmem184a","tmem184a"
"7355","Ppp1r16b","ppp1r16b"
"7356","Dzank1","dzank1"
"7357","Fam122c","fam122b"
"7358","Rplp2-ps1","rplp2l"
"7359","Otogl","otogl"
"7360","Prkdc","prkdc"
"7361","Nono","nono"
"7362","Tent4a","tent4a"
"7363","Drg1","drg1"
"7364","Pign","pign"
"7365","Ksr2","ksr2"
"7366","Dtna","dtna"
"7367","Rfxank","rfxank"
"7368","Wt1","wt1b"
"7369","Snx32","si:dkey-28n18.9"
"7370","Prkrip1","prkrip1"
"7371","Cd96","si:ch1073-15f19.2"
"7372","Polk","polk"
"7373","Rcvrn","rcvrn3"
"7374","Rcvrn","rcvrn2"
"7375","Timm29","timm29"
"7376","Cchcr1","si:dkeyp-20g2.3"
"7377","Cchcr1","si:dkeyp-20g2.1"
"7378","Ppia","ppiaa"
"7379","Rab30","rab30"
"7380","Twsg1","twsg1a"
"7381","Gpc4","gpc4"
"7382","Dnah3","dnah3"
"7383","Pappa2","pappa2"
"7384","Il11ra1","ghra"
"7385","Il11ra1","il11ra"
"7386","Slitrk5","slitrk5b"
"7387","Taf12","taf12"
"7388","Sp9","sp9"
"7389","D5Ertd579e","zgc:158564"
"7390","Alpi","alpi.2"
"7391","Ube2a","ube2a"
"7392","Plb1","si:ch211-214p16.3"
"7393","Agfg1","agfg1b"
"7394","Agfg1","agfg1a"
"7395","Flvcr2","flvcr2b"
"7396","Flvcr2","flvcr2a"
"7397","Uap1l1","uap1l1"
"7398","Ccdc18","si:ch73-389b16.1"
"7399","Adrb3","adrb3a"
"7400","Col5a2","col5a2a"
"7401","Ctla2b","ctsll"
"7402","Camk1g","camk1ga"
"7403","Mrpl11","mrpl11"
"7404","Fnip2","si:ch211-42i9.8"
"7405","Kin","kin"
"7406","Gpr4","gpr4"
"7407","Ctnnd1","ctnnd1"
"7408","Tshz3","tshz3b"
"7409","Tshz3","tshz3a"
"7410","Scfd2","si:ch73-249k16.4"
"7411","Scfd2","scfd2"
"7412","Pitpna","pitpnaa"
"7413","Naip1","xiap"
"7414","Ccz1","ccz1"
"7415","Ift81","ift81"
"7416","Cetn1","cetn2"
"7417","Mpp5","mpp5b"
"7418","Mpp5","mpp5a"
"7419","Mafk","mafk"
"7420","Atrnl1","atrnl1a"
"7421","Atrnl1","atrnl1b"
"7422","Echdc2","echdc2"
"7423","Tmem184b","si:dkey-217f16.5"
"7424","Tmem184b","tmem184bb"
"7425","Tmem184b","tmem184ba"
"7426","Coro1c","coro1cb"
"7427","Coro1c","coro1ca"
"7428","Hoxc11","hoxc11a"
"7429","Mppe1","mppe1"
"7430","Chad","si:ch211-191d15.2"
"7431","Cpne5","cpne5a"
"7432","Ypel3","ypel3"
"7433","Spred2","spred2b"
"7434","Kdm4d","kdm4c"
"7435","Iqsec2","iqsec2b"
"7436","Nme5","nme5"
"7437","Car12","ca12"
"7438","Zfp512b","si:dkey-256k13.2"
"7439","Nt5c1a","nt5c1aa"
"7440","Nt5c1a","nt5c1ab"
"7441","1700037H04Rik","si:ch211-151p13.8"
"7442","Gm35339","si:ch73-174h16.5"
"7443","Tagap","si:ch211-122h15.4"
"7444","Kptn","kptn"
"7445","Crat","crata"
"7446","Men1","men1"
"7447","Tac1","tac1"
"7448","Arl6ip6","arl6ip6"
"7449","Poli","poli"
"7450","Fbxo45","fbxo45"
"7451","Ephx4","ephx4"
"7452","Gpa33","gpa33b"
"7453","Sh2d1b1","inppl1b"
"7454","Pln","si:ch211-270g19.5"
"7455","Cygb","cygb1"
"7456","Map9","map9"
"7457","Prss58","msmbl"
"7458","Prss58","hp"
"7459","B4galnt1","b4galnt1a"
"7460","Rnf103","rnf103"
"7461","Id2","id2a"
"7462","Cdc42","cdc42"
"7463","Pip4p1","pip4p1b"
"7464","Ubl7","ubl7b"
"7465","Slc25a12","slc25a12"
"7466","Mga","mgaa"
"7467","Hps5","hps5"
"7468","Sgms1","sgms1"
"7469","Spz1","mia3"
"7470","Psmc1","psmc1b"
"7471","Atp2c2","atp1a3b"
"7472","Tbx2","tbx2a"
"7473","Tcaf1","si:ch211-210b2.3"
"7474","Tcaf1","si:ch211-210b2.4"
"7475","Tcaf1","si:ch211-210b2.2"
"7476","Tmem198","tmem198a"
"7477","Tmem198","tmem198b"
"7478","Svil","svila"
"7479","Svil","svilb"
"7480","Fibp","fibpa"
"7481","Tmem108","tmem108"
"7482","Tiparp","tiparp"
"7483","Plgrkt","plgrkt"
"7484","Rab8a","rab8a"
"7485","Cyb561d1","cyb561d1"
"7486","Phc3","phc2a"
"7487","Stat5a","stat5a"
"7488","Rab34","rab34a"
"7489","Adprh","adprh"
"7490","Adam17","adam17b"
"7491","Ehd2","ehd2b"
"7492","Ehd2","ehd2a"
"7493","Fhod3","fhod3b"
"7494","Fhod3","fhod3a"
"7495","Myl6","zgc:153867"
"7496","Cmtm6","cmtm6"
"7497","Parpbp","parpbp"
"7498","Lig4","lig4"
"7499","Kif13b","kif13ba"
"7500","Shank3","shank3a"
"7501","Shank3","shank3b"
"7502","Tmem243","tmem243b"
"7503","Laptm4a","laptm4a"
"7504","Cd2ap","cd2ap"
"7505","Cul2","cul2"
"7506","Ube2k","ube2kb"
"7507","Mcm8","mcm8"
"7508","Chmp4b","chmp4bb"
"7509","Ctsf","ctsl.1"
"7510","Zbtb40","zbtb40"
"7511","Acod1","acod1"
"7512","Zfp438","znf438"
"7513","Trappc9","si:dkey-218f9.10"
"7514","Trappc9","trappc9"
"7515","2700081O15Rik","si:dkey-106g10.7"
"7516","Capn2","capn2a"
"7517","Capn2","capn2b"
"7518","Nsun3","nsun3"
"7519","Mc1r","mc1r"
"7520","Tubgcp3","tubgcp3"
"7521","Gngt2","gngt2a"
"7522","Dnajc14","dnajc14"
"7523","Casp9","casp9"
"7524","Olfml3","olfml3a"
"7525","Pstpip1","pstpip1b"
"7526","Pstpip1","pstpip1a"
"7527","Fam172a","fam172a"
"7528","Arl8b","arl8ba"
"7529","Slc2a1","slc2a1a"
"7530","Csnk1e","csnk1e"
"7531","Adgrb3","adgrb3"
"7532","Nkrf","nkrf"
"7533","Gclc","gclc"
"7534","Plat","plat"
"7535","Hsp90ab1","hsp90aa1.2"
"7536","Hsp90ab1","hsp90ab1"
"7537","Mat1a","mat1a"
"7538","Aimp1","aimp1a"
"7539","Aimp1","aimp1b"
"7540","Tgm6","tgm8"
"7541","Wdr55","wdr55"
"7542","Pde7a","pde7a"
"7543","Stk3","stk3"
"7544","BC024978","zgc:153119"
"7545","Crispld1","crispld1b"
"7546","Umad1","umad1"
"7547","Pfdn4","pfdn4"
"7548","Cpb2","cpb2"
"7549","Olfm3","olfm3a"
"7550","Ciao1","ciao1"
"7551","Loxl2","loxl2b"
"7552","Tmem123","tmem123"
"7553","Pfkp","pfkpb"
"7554","Ing1","ing1"
"7555","Epsti1","zgc:194621"
"7556","Epsti1","epsti1"
"7557","Psmb2","psmb2"
"7558","Nrf1","nrf1"
"7559","Cstf2","cstf2"
"7560","Akap1","akap1b"
"7561","Lbp","bpifcl"
"7562","Hoxc10","hoxc10a"
"7563","Ormdl3","ormdl3"
"7564","Pigp","pigp"
"7565","Frmpd1","frmpd1a"
"7566","Dnajc1","dnajc1"
"7567","Naca","naca"
"7568","Glb1l2","si:dkey-224e22.2"
"7569","Ttc38","ttc38"
"7570","Hecw2","hecw2b"
"7571","Slc25a5","slc25a5"
"7572","Tefm","tefm"
"7573","Rxrb","rxrbb"
"7574","Arf3","arf3b"
"7575","Otub1","otub1b"
"7576","Myh7","myh7l"
"7577","Zfy2","zfx"
"7578","T","tbxtb"
"7579","Dynlt3","dynlt3"
"7580","Obsl1","obsl1b"
"7581","Mdfi","si:dkey-91m3.1"
"7582","Sec62","sec62"
"7583","Pir","pir"
"7584","Fgd4","fgd4a"
"7585","Nxph1","nxph1"
"7586","A830018L16Rik","zgc:162928"
"7587","1700109H08Rik","guca1d"
"7588","1700109H08Rik","guca1g"
"7589","1700109H08Rik","guca1a"
"7590","Gsk3b","gsk3bb"
"7591","Gsk3b","gsk3ba"
"7592","Bms1","bms1"
"7593","Spry2","spry2"
"7594","Pheta2","zgc:153733"
"7595","Acot10","acot9.1"
"7596","Tmem138","tmem138"
"7597","Adam8","adam8a"
"7598","Gtdc1","gtdc1"
"7599","Prss48","zgc:100868"
"7600","Prss48","si:dkeyp-93a5.3"
"7601","Prss48","zgc:123217"
"7602","Mmrn2","mmrn2a"
"7603","Plch1","plch1"
"7604","Sema5b","sema5bb"
"7605","Hmbox1","hmbox1a"
"7606","Ppm1a","ppm1ab"
"7607","Cnnm2","cnnm2a"
"7608","Myo1g","myo1g"
"7609","Cited1","cited1"
"7610","Rpn2","rpn2"
"7611","Rev1","rev1"
"7612","Tmem167","tmem167a"
"7613","Spout1","spout1"
"7614","Tomm22","tomm22"
"7615","Fli1","fli1a"
"7616","Mapk8ip3","mapk8ip3"
"7617","Ptges3l","si:ch211-131k2.3"
"7618","Pin4","pin4"
"7619","Pdgfrl","pdgfrl"
"7620","Ccn4","ccn4b"
"7621","Get4","get4"
"7622","Rnasek","rnasekb"
"7623","Rnasek","rnaseka"
"7624","Terf2ip","terf2ip"
"7625","Olfm1","olfm1a"
"7626","Rtkn2","rtkn2a"
"7627","Foxred2","foxred2"
"7628","Maea","maea"
"7629","Rhbdl3","rhbdl3"
"7630","Bcap31","bcap31"
"7631","Cdh3","cdh31"
"7632","Mettl8","mettl8"
"7633","Alg6","alg6"
"7634","Adgrb2","adgrb2"
"7635","Adcy2","adcy2b"
"7636","Cdh11","cdh11"
"7637","Wfikkn1","wfikkn2b"
"7638","Tmem211","si:dkey-35m8.1"
"7639","Slc4a2","slc4a2a"
"7640","Gpm6a","gpm6aa"
"7641","Hax1","hax1"
"7642","Runx2","runx2a"
"7643","Ncoa6","ncoa6"
"7644","Rab36","rab36"
"7645","Kctd16","kctd16a"
"7646","Casp14","casp8"
"7647","Hmgxb3","si:ch211-238e22.5"
"7648","Slc5a9","slc5a9"
"7649","Tnfrsf19","tnfrsf19"
"7650","Dedd","dedd"
"7651","Ap3s2","ap3s2"
"7652","Coro2b","coro2ba"
"7653","Exd2","exd2"
"7654","Zpld2","si:ch73-261i21.5"
"7655","Zpld2","si:dkeyp-110a12.4"
"7656","Zpld2","cuzd1.2"
"7657","Zpld2","cuzd1.1"
"7658","M1ap","m1ap"
"7659","Pcdh1","pcdh1a"
"7660","Tasp1","tasp1"
"7661","Rap1gap","rap1gap"
"7662","Zmym1","si:ch211-240b21.2"
"7663","Thada","thada"
"7664","Klhl31","klhl31"
"7665","Pwwp3a","si:dkey-57k2.7"
"7666","Zranb2","zranb2"
"7667","Ccdc106","ccdc106b"
"7668","Ppp4r2","ppp4r2b"
"7669","Zfyve21","zfyve21"
"7670","Zmat5","zmat5"
"7671","D8Ertd738e","zgc:136864"
"7672","Rasef","rasef"
"7673","Ints7","ints7"
"7674","Tspan9","tspan9a"
"7675","Tspan9","tspan9b"
"7676","Acp6","acp6"
"7677","Nek4","nek4"
"7678","Slu7","slu7"
"7679","Arl6ip1","arl6ip1"
"7680","Renbp","renbp"
"7681","Prss28","gzmk"
"7682","Prss28","gzma"
"7683","Prss28","zgc:165423"
"7684","Prss28","zgc:163079"
"7685","Prss28","si:dkey-32n7.7"
"7686","Prss28","si:dkey-32n7.9"
"7687","Prss28","si:dkey-16l2.17"
"7688","Prss28","zgc:92313"
"7689","Prss28","prss60.1"
"7690","Prss28","prss60.2"
"7691","Prss28","prss60.3"
"7692","Ckap2l","ckap2l"
"7693","Aph1c","aph1b"
"7694","Cst11","si:busm1-57f23.1"
"7695","Adcyap1","adcyap1a"
"7696","Nudt7","nudt7"
"7697","Tdg","tdg.2"
"7698","Tdg","tdg.1"
"7699","Gorasp2","gorasp2"
"7700","Fbxo11","fbxo11a"
"7701","Fhl2","fhl2b"
"7702","Tuba4a","tuba8l2"
"7703","Fbxw11","fbxw11b"
"7704","Atp5d","atp5f1d"
"7705","Glcci1","glcci1a"
"7706","Ccr9","ccr9b"
"7707","Rbm19","rbm19"
"7708","Arid1a","arid1aa"
"7709","Cog5","cog5"
"7710","Rwdd1","rwdd1"
"7711","Dnaja1","dnaja1"
"7712","Nabp1","nabp1b"
"7713","Mical1","mical1"
"7714","Avl9","avl9"
"7715","Tectb","tectb"
"7716","Ppm1n","ppm1j"
"7717","Enpp6","enpp6"
"7718","Meis1","meis1b"
"7719","Zbtb25","zbtb25"
"7720","Cox7a2l","cox7a2l"
"7721","Tmem222","tmem222a"
"7722","Nxpe3","nxpe3"
"7723","Tigit","si:ch211-214p13.3"
"7724","Tigit","zgc:113337"
"7725","Tigit","si:ch211-141e20.2"
"7726","Tigit","si:ch73-22o12.1"
"7727","Zfyve27","zfyve27"
"7728","Rmdn3","rmdn3"
"7729","Dnajb5","dnajb5"
"7730","Cacnb2","cacnb2a"
"7731","Dlat","dlat"
"7732","6430628N08Rik","si:dkey-225f23.5"
"7733","Fuom","fuom"
"7734","Fam163a","si:dkey-171o17.8"
"7735","Negr1","negr1"
"7736","Tmprss11f","tmprss15"
"7737","Gjb1","cx27.5"
"7738","Stx2","stx2a"
"7739","Lrat","lrata"
"7740","Grik5","si:ch211-264f5.8"
"7741","Sh2d3c","sh2d3ca"
"7742","Arfrp1","arfrp1"
"7743","Rhbdd1","rhbdd1"
"7744","Cyb5b","cyb5b"
"7745","Rpl10a","rpl10a"
"7746","Arfgef2","arfgef2"
"7747","Esrrg","esrrgb"
"7748","Igdcc3","igdcc3"
"7749","Zfp319","znf319b"
"7750","N4bp3","n4bp3"
"7751","Mtss2","mtss1la"
"7752","Faf1","faf1"
"7753","Dock10","dock10"
"7754","Cep78","cep78"
"7755","Sap130","sap130b"
"7756","Sap130","sap130a"
"7757","Glod5","glod5"
"7758","Cybb","cybb"
"7759","Klf11","klf11b"
"7760","Klf11","klf11a"
"7761","Sult5a1","sult5a1"
"7762","Zc3h14","zc3h14"
"7763","Itgb2","itgb2"
"7764","Reep5","reep5"
"7765","Nudt5","nudt5"
"7766","Sema6c","sema6d"
"7767","Slc7a9","slc7a9"
"7768","Gnrh1","gnrh3"
"7769","Zfand2b","zfand2a"
"7770","Actl6a","actl6a"
"7771","Apoc2","apoc2"
"7772","Slc10a2","slc10a2"
"7773","Ttc7","ttc7a"
"7774","Hsf2bp","hsf2bp"
"7775","Habp4","zgc:103482"
"7776","B3gnt5","b3gnt5a"
"7777","B3gnt5","b3gnt5b"
"7778","Rfc2","rfc2"
"7779","Ppp4r4","ppp4r4"
"7780","Dyrk4","dyrk4"
"7781","Micu1","micu1"
"7782","Barx2","barx2"
"7783","Gpn1","gpn1"
"7784","Sec22b","sec22bb"
"7785","Sec22b","sec22ba"
"7786","Stox1","stox1"
"7787","Gpr37","gpr37a"
"7788","Dgkz","dgkza"
"7789","Neu1","neu1"
"7790","Vps41","vps41"
"7791","Zc3h13","zc3h13"
"7792","Cfap45","cfap45"
"7793","Grm8","grm8b"
"7794","Dctn2","dctn2"
"7795","Sptssb","sptssb"
"7796","Grrp1","si:ch211-107n13.1"
"7797","Lrrc24","lrrc24"
"7798","Myo7b","myo7bb"
"7799","Myo7b","si:ch73-194h10.2"
"7800","Amy1","zgc:66313"
"7801","Rab39b","rab39ba"
"7802","Rp1l1","rp1l1a"
"7803","Aebp2","aebp2"
"7804","Epm2a","epm2a"
"7805","Hoxc4","hoxc4a"
"7806","Itih2","itih2"
"7807","Mical3","mical3b"
"7808","Vtcn1","vtcn1"
"7809","Alg3","alg3"
"7810","Tnfsf10","tnfsf10"
"7811","Snapc4","snapc4"
"7812","Sh3bgrl2","sh3bgrl2"
"7813","Tbpl1","tbpl1"
"7814","Sv2b","sv2ba"
"7815","Sv2b","sv2bb"
"7816","C9orf72","zgc:100846"
"7817","Mrpl39","mrpl39"
"7818","Psmd5","psmd5"
"7819","Lipg","lipg"
"7820","Ublcp1","ublcp1"
"7821","Baz2b","baz2ba"
"7822","Kat2b","kat2b"
"7823","Uck2","uck2a"
"7824","Meig1","meig1"
"7825","Trappc12","trappc12"
"7826","Lhx8","lhx8b"
"7827","Lhx8","lhx8a"
"7828","Fbxo9","fbxo9"
"7829","Nek2","nek2"
"7830","Hcn1","hcn1"
"7831","Lzic","lzic"
"7832","Ubl3","ubl3a"
"7833","Glud1","glud1a"
"7834","Nceh1","nceh1a"
"7835","Nceh1","nceh1b.1"
"7836","Thoc3","thoc3"
"7837","Rev3l","rev3l"
"7838","Amigo3","amigo3"
"7839","Igf2","igf2b"
"7840","Timeless","timeless"
"7841","Upk3bl","upk3b"
"7842","Nol10","nol10"
"7843","Creb3","creb3l3l"
"7844","Tank","tank"
"7845","Nhsl1","nhsl1a"
"7846","Ctu1","ctu1"
"7847","Gtpbp4","gtpbp4"
"7848","Depdc7","depdc7b"
"7849","Arpc3","arpc3"
"7850","Slc8a1","slc8a1a"
"7851","Acbd4","acbd4"
"7852","Scd4","scd"
"7853","Ppp1r7","ppp1r7"
"7854","Rab3b","rab3b"
"7855","Usp46","usp46"
"7856","Anxa6","anxa6"
"7857","Gem","gem"
"7858","Cdkl5","cdkl5"
"7859","Gpatch2","si:ch73-21k16.4"
"7860","Arrdc5","si:dkey-172m14.2"
"7861","Arrdc5","arrdc1a"
"7862","Arrdc5","zgc:110353"
"7863","Wnt3","wnt3"
"7864","Fam185a","fam185a"
"7865","Sphkap","sphkap"
"7866","Elk3","elk3"
"7867","Cacna1f","cacna1fb"
"7868","Spata4","spata4"
"7869","Msto1","msto1"
"7870","Gpat2","gpat2"
"7871","Abca12","abca12"
"7872","Caskin2","si:ch211-119c20.2"
"7873","Ctdsp1","ctdsp1"
"7874","Lhcgr","lhcgr"
"7875","Hyal3","hyal3"
"7876","Arhgap23","arhgap23a"
"7877","Mcf2","mcf2a"
"7878","Mcf2","mcf2b"
"7879","Cgn","cgnb"
"7880","Spcs1","spcs1"
"7881","Rflna","rflna"
"7882","Anxa3","anxa3b"
"7883","Anxa3","anxa3a"
"7884","Ube3a","ube3a"
"7885","Nlrp10","si:ch211-66k16.2"
"7886","Nlrp10","si:ch211-66k16.28"
"7887","Nlrp10","nlrb5"
"7888","Naa10","naa10"
"7889","Mmp2","mmp2"
"7890","Tk2","tk2"
"7891","Emp3","si:dkey-264d12.4"
"7892","Emp3","emp3b"
"7893","Rdh10","rdh10b"
"7894","Rdh10","rdh10a"
"7895","Cnksr1","cnksr1"
"7896","Sox1","sox1b"
"7897","Sox1","sox1a"
"7898","Sult2a8","sult2st1"
"7899","Sult2a8","sult2st2"
"7900","Sult2a8","sult2st3"
"7901","Dlgap5","dlgap5"
"7902","Spcs2","spcs2"
"7903","Eif2s3x","eif2s3"
"7904","Mpp3","mpp3a"
"7905","Tmem258","tmem258"
"7906","Rnf25","rnf25"
"7907","Fam83h","fam83ha"
"7908","Fam83h","fam83hb"
"7909","Txlng","txlng"
"7910","Meis3","meis3"
"7911","Ptgds","ptgdsb.2"
"7912","Dnajc24","dnajc24"
"7913","Sypl2","sypl2a"
"7914","Plscr3","plscr3a"
"7915","Pop1","pop1"
"7916","Rrm1","rrm1"
"7917","Ackr3","ackr3b"
"7918","Ackr3","ackr3a"
"7919","Cthrc1","cthrc1b"
"7920","Fundc1","fundc1"
"7921","Ddo","zgc:172341"
"7922","Tulp2","si:dkey-220f10.4"
"7923","Aqp5","aqp10b"
"7924","Lrfn3","zgc:172282"
"7925","Herc2","herc2"
"7926","Sat1","sat1b"
"7927","Sat1","sat1a.1"
"7928","Dact1","dact1"
"7929","Afmid","afmid"
"7930","Rpusd4","rpusd4"
"7931","Olfr543","or113-1"
"7932","Olfr543","or113-2"
"7933","Olfr543","si:ch1073-22e3.1"
"7934","Cdkn1c","cdkn1ca"
"7935","Thop1","thop1"
"7936","Tmtc1","tmtc1"
"7937","Mif4gd","mif4gdb"
"7938","Rbm12b1","rbm12b"
"7939","Erp44","erp44"
"7940","Eps8l3","eps8l3b"
"7941","Msrb3","msrb3"
"7942","Cdc42se1","cdc42se1"
"7943","Cdc123","cdc123"
"7944","Zcchc8","zcchc8"
"7945","Pla2g7","pla2g7"
"7946","Vps37b","vps37b"
"7947","Esrp1","esrp1"
"7948","Crb1","crb1"
"7949","Wdr35","wdr35"
"7950","Hyls1","si:dkey-23f9.4"
"7951","Ssh2","ssh2a"
"7952","Ssh2","ssh2b"
"7953","Rusc2","rusc2"
"7954","Vps25","vps25"
"7955","Cyp2j12","cyp2aa2"
"7956","Cyp2j12","cyp2aa9"
"7957","Cyp2j12","cyp2aa1"
"7958","Cyp2j12","cyp2aa3"
"7959","Cpsf3","cpsf3"
"7960","Cnbp","cnbpb"
"7961","Cnbp","cnbpa"
"7962","Tarbp1","si:dkey-85a20.4"
"7963","Snx12","snx12"
"7964","Abcc9","abcc9"
"7965","Lpo","epx"
"7966","Plekha7","plekha7b"
"7967","Cd74","cd74a"
"7968","Crem","crema"
"7969","Gng8","gng8"
"7970","Taf7","taf7"
"7971","Ache","ache"
"7972","Cacnb3","cacnb3b"
"7973","Pygm","pygmb"
"7974","Tnni3k","tnni3k"
"7975","Dph3","dph3"
"7976","Adgrb1","adgrb1a"
"7977","Elk1","elk1"
"7978","Ints6","ints6"
"7979","Nid1","nid1b"
"7980","Tbx1","tbx1"
"7981","Bhlhe23","bhlhe23"
"7982","Lta4h","lta4h"
"7983","Klhl11","klhl11"
"7984","Fastkd2","fastkd2"
"7985","Rapgef5","rapgef5b"
"7986","Kti12","kti12"
"7987","Tiam1","tiam1a"
"7988","Mrpl44","mrpl44"
"7989","Ficd","ficd"
"7990","Taf3","taf3"
"7991","Vsnl1","vsnl1a"
"7992","Thap11","thap11"
"7993","Angptl1","angptl1a"
"7994","Gbx1","gbx1"
"7995","Car4","ca4b"
"7996","Pspc1","pspc1"
"7997","Gstk1","gstk1"
"7998","Gstk1","gstk4"
"7999","Gstk1","gstk2"
"8000","Rec8","rec8b"
"8001","U2af1","u2af1"
"8002","Rapgef4","rapgef4"
"8003","Sik1","sik1"
"8004","Cab39l","cab39l"
"8005","Commd7","commd7"
"8006","Dpep2","dpep2"
"8007","Dand5","dand5"
"8008","Proz","prozb"
"8009","Zdhhc18","zdhhc18a"
"8010","Wdr47","wdr47a"
"8011","Syt2","syt2a"
"8012","Xirp2","xirp2a"
"8013","B3gnt2","b3gnt2a"
"8014","Gbp2b","gbp2"
"8015","Prr5","prr5a"
"8016","Panx3","panx3"
"8017","Nxf1","nxf1"
"8018","Nxf1","zgc:153681"
"8019","Tnf","tnfb"
"8020","Tnf","tnfa"
"8021","Fbxo25","fbxo25"
"8022","Abr","abr"
"8023","9130401M01Rik","zgc:101716"
"8024","Barx1","barx1"
"8025","Trpm2","trpm2"
"8026","Amer2","amer2"
"8027","Papln","paplna"
"8028","Mmp9","mmp9"
"8029","Pdap1","pdap1b"
"8030","Il16","il16"
"8031","Hnf4g","hnf4g"
"8032","Lrrc18","lrrc18a"
"8033","Cd3eap","cd3eap"
"8034","Zfp207","znf207b"
"8035","Zfp207","znf207a"
"8036","Rmnd1","rmnd1"
"8037","Cyp17a1","cyp17a1"
"8038","Kcnj1","kcnj1b"
"8039","Kcnj1","kcnj1a.5"
"8040","Kcnj1","kcnj1a.3"
"8041","Kcnj1","kcnj1a.4"
"8042","Kcnj1","kcnj1a.2"
"8043","Kcnj1","kcnj1a.6"
"8044","Kcnj1","kcnj1a.1"
"8045","Ebi3","ebi3"
"8046","Rnf220","rnf220b"
"8047","Plcb3","plcb3"
"8048","Polr3e","polr3e"
"8049","Diablo","diablob"
"8050","Eif2b2","eif2b2"
"8051","Copz2","copz2"
"8052","Sf3b2","sf3b2"
"8053","Sema4b","sema4ba"
"8054","Sema4b","sema4bb"
"8055","Psmg2","psmg2"
"8056","Wwox","wwox"
"8057","Rrs1","rrs1"
"8058","Thap12","thap12b"
"8059","Thap12","thap12a"
"8060","Ist1","ist1"
"8061","Klhdc10","klhdc10"
"8062","Aldh1a3","aldh1a3"
"8063","Pkm","pkma"
"8064","Pkm","pkmb"
"8065","Prune1","prune"
"8066","Chac1","chac1"
"8067","Sart3","sart3"
"8068","Th","th"
"8069","Etf1","etf1b"
"8070","Tmem163","tmem163b"
"8071","Arih1","arih1"
"8072","Il4i1","zgc:66484"
"8073","Il4i1","mao"
"8074","Abca4","abca4a"
"8075","Abca4","abca4b"
"8076","Klf5","pibf1"
"8077","Acaca","acaca"
"8078","Fam107a","si:ch211-218o21.4"
"8079","Fam107a","si:ch211-236d3.4"
"8080","Psapl1","sftpba"
"8081","Parp10","si:ch1073-296d18.1"
"8082","Ptprj","ptprja"
"8083","Ptprj","ptprjb.1"
"8084","Ptprj","ptprjb.2"
"8085","Myo1h","myo1hb"
"8086","Sez6","sez6b"
"8087","Sez6","sez6a"
"8088","Cyp1a2","cyp1a"
"8089","Bgn","bgna"
"8090","Bach1","bach1a"
"8091","Fat2","fat2"
"8092","Patl2","patl2"
"8093","Tmem267","tmem267"
"8094","Ipo5","kpnb3"
"8095","Tph1","tph1a"
"8096","Tph1","tph1b"
"8097","Alkbh8","alkbh8"
"8098","Trpc1","trpc1"
"8099","Osbpl5","osbpl5"
"8100","Tdp1","tdp1"
"8101","Rps19","rps19"
"8102","Swap70","swap70b"
"8103","Swap70","swap70a"
"8104","Elac2","elac2"
"8105","Tmem238","tmem238a"
"8106","Rrnad1","rrnad1"
"8107","Dnajb14","dnajb14"
"8108","Mmp16","mmp16b"
"8109","Gsdma","pjvk"
"8110","Zc3h4","zc3h4"
"8111","Pik3cb","pik3cb"
"8112","Zbtb46","zbtb46"
"8113","Sox4","sox4a"
"8114","Cfp","si:ch73-237c6.1"
"8115","Cfp","cfp"
"8116","Asb1","asb1"
"8117","Baiap2l2","baiap2l2a"
"8118","Baiap2l2","baiap2l2b"
"8119","Hspg2","hspg2"
"8120","Tubb5","tubb5"
"8121","Mgll","mgll"
"8122","Zfp185","znf185"
"8123","Sh3yl1","sh3yl1"
"8124","Dot1l","dot1l"
"8125","Zfp143","znf143b"
"8126","Zfp143","znf143a"
"8127","Zfp423","znf423"
"8128","Tnni2","tnni2b.2"
"8129","Tnni2","tnni2b.1"
"8130","Coq8a","coq8aa"
"8131","Rapgef3","rapgef3"
"8132","Pip4p2","pip4p2"
"8133","Axin1","axin1"
"8134","Oxct2a","oxct1a"
"8135","Purg","purg"
"8136","Chkb","chkb"
"8137","Ppcdc","ppcdc"
"8138","Ctnnd2","ctnnd2a"
"8139","Fgfbp3","fgfbp3"
"8140","Map4k5","map4k5"
"8141","Tbc1d12","tbc1d12b"
"8142","Fabp6","fabp6"
"8143","Eif4b","eif4ba"
"8144","Eif4b","eif4bb"
"8145","Ucp2","ucp2"
"8146","Fam204a","fam204a"
"8147","Anapc1","anapc1"
"8148","Vrtn","vrtn"
"8149","Ap4s1","ap4s1"
"8150","Slx1b","slx1b"
"8151","Usp40","usp40"
"8152","Taar5","taar13b"
"8153","Taar5","taar13e"
"8154","Taar5","taar13a"
"8155","Taar5","taar13d"
"8156","Taar5","taar13c"
"8157","Kars","kars1"
"8158","Flrt3","flrt3"
"8159","Eya3","eya3"
"8160","Arr3","arr3a"
"8161","Arr3","arr3b"
"8162","Mmp7","mmp20a"
"8163","Me3","me3"
"8164","Fzd3","fzd3a"
"8165","Pdcd4","pdcd4b"
"8166","Nup98","nup98"
"8167","Gm6619","prss56"
"8168","Gm6619","si:dkey-76d14.2"
"8169","Cbs","cbsa"
"8170","Cbs","cbsb"
"8171","Rab1b","rab1ab"
"8172","Rab1b","rab1aa"
"8173","Eef1a1","eef1a1l2"
"8174","Eef1a1","eef1a1b"
"8175","Best2","best2"
"8176","Extl1","ext1c"
"8177","Ikbkb","ikbkb"
"8178","Mark3","mark3b"
"8179","Dbx1","dbx1b"
"8180","Ppp1r3b","ppp1r3b"
"8181","Aars","aars1"
"8182","Cilp2","cilp2"
"8183","Celf1","celf1"
"8184","Rabep2","rabep2"
"8185","Gpr27","gpr27"
"8186","Uckl1","uckl1b"
"8187","Jagn1","jagn1b"
"8188","Msh3","msh3"
"8189","Dctn1","dctn1b"
"8190","Cemip2","cemip2"
"8191","Vcpip1","vcpip1"
"8192","Slc25a46","slc25a46"
"8193","Kbtbd4","kbtbd4"
"8194","Prickle1","prickle1b"
"8195","Gls2","gls2a"
"8196","Kcnf1","kcnf1b"
"8197","Rnf212b","rnf212b"
"8198","Slc45a2","slc45a2"
"8199","Zbtb11","zbtb11"
"8200","Ptpn5","ptpn5"
"8201","Wdfy4","wdfy4"
"8202","Nsd1","si:dkeyp-87d1.1"
"8203","Nsd1","si:dkey-199k11.6"
"8204","Ppp1cb","ppp1cb"
"8205","Spata2l","spata2l"
"8206","Dusp10","dusp10"
"8207","Zbtb2","zbtb2a"
"8208","Zbtb2","zbtb2b"
"8209","Arhgef28","arhgef28a"
"8210","Camk1","camk1b"
"8211","Camk1","camk1a"
"8212","Msl2","msl2a"
"8213","Msl2","msl2b"
"8214","Psmb5","psmb5"
"8215","Rtn4ip1","rtn4ip1"
"8216","Gbe1","gbe1a"
"8217","Gbe1","gbe1b"
"8218","Kcng1","kcng1"
"8219","Gip","gip"
"8220","Shoc2","shoc2"
"8221","Epcam","epcam"
"8222","Sla2","sla2"
"8223","Sla2","si:ch211-25d12.7"
"8224","Nr1i2","nr1i2"
"8225","E2f3","e2f3"
"8226","Cldnd2","lim2.2"
"8227","Macrod1","macrod1"
"8228","Tob1","tob1b"
"8229","Cdk17","cdk17"
"8230","Snrnp48","snrnp48"
"8231","Arhgap5","arhgap5"
"8232","Btbd11","btbd11a"
"8233","Btbd11","btbd11b"
"8234","Eif4g3","eif4g3b"
"8235","Eif4g3","eif4g3a"
"8236","Ptn","ptn"
"8237","Mcmbp","mcmbp"
"8238","Smpdl3b","smpdl3b"
"8239","Senp6","senp6a"
"8240","Scly","scly"
"8241","Wdcp","wdcp"
"8242","Slf1","slf1"
"8243","Ercc5","bivm"
"8244","Helz2","si:dkey-97a13.6"
"8245","Helz2","helz2"
"8246","Cntfr","cntfr"
"8247","Ewsr1","ewsr1a"
"8248","Dtd2","dtd2"
"8249","H6pd","h6pd"
"8250","Gpc1","gpc1a"
"8251","Slc19a2","slc19a2"
"8252","Mthfs","mthfs"
"8253","Nnt","nnt"
"8254","Aspa","aspa"
"8255","Il9r","mpl"
"8256","Dbp","dbpb"
"8257","Slain1","slain1a"
"8258","Iqce","iqce"
"8259","Plek2","plek2"
"8260","Sgpl1","sgpl1"
"8261","Rpp21","rpp21"
"8262","Serpinb8","serpinb14"
"8263","Serpinb8","serpinb1l1"
"8264","Serpinb8","zgc:173729"
"8265","Serpinb8","serpinb1l4"
"8266","Rab39","rab42a"
"8267","Kcnk3","kcnk3a"
"8268","Myl9","myl9a"
"8269","Polr2c","polr2c"
"8270","Gtf3c2","gtf3c2"
"8271","Bcar1","bcar1"
"8272","Crtc1","crtc1b"
"8273","Gm10320","sec61b"
"8274","Bmper","bmper"
"8275","Ppt1","ppt1"
"8276","Exoc4","exoc4"
"8277","Kcnh8","kcnh8"
"8278","Adora1","adora1a"
"8279","Adora1","adora1b"
"8280","Myo3a","myo3a"
"8281","Cnih2","cnih2"
"8282","Wdr6","wdr6"
"8283","Tnfrsf10b","nradd"
"8284","Dlx5","dlx5a"
"8285","Slamf6","si:cabz01074946.1"
"8286","Sacm1l","sacm1la"
"8287","Gfod2","gfod2"
"8288","Drg2","drg2"
"8289","Ecrg4","ecrg4b"
"8290","Cnp","cnp"
"8291","Msx3","msx1b"
"8292","Msx3","msx3"
"8293","Msx3","msx2a"
"8294","Nrd1","nrd1b"
"8295","Ap1m2","ap1m2"
"8296","Klhl5","klhl5"
"8297","Lmtk3","si:dkey-40m6.8"
"8298","Aire","aire"
"8299","H2-Ke6","hsd17b8"
"8300","Sqstm1","sqstm1"
"8301","Wee1","wee1"
"8302","Bpgm","bpgm"
"8303","Il20ra","il20ra"
"8304","Rxfp1","rxfp1"
"8305","Strbp","strbp"
"8306","Rangrf","rangrf"
"8307","Ahsa1","ahsa1b"
"8308","Ddx49","ddx49"
"8309","Plod3","plod3"
"8310","Ddc","ddc"
"8311","Uhrf1","uhrf1"
"8312","Tyms","tyms"
"8313","Akap9","akap9"
"8314","Sync","sync"
"8315","Myo7a","myo7ab"
"8316","Tmem169","tmem169b"
"8317","Tmem169","tmem169a"
"8318","Tex15","tex15"
"8319","Abhd17b","abhd17b"
"8320","Cd5","si:ch211-150o23.3"
"8321","Six6","six6b"
"8322","Trip12","trip12"
"8323","Ubap2","ubap2b"
"8324","Dst","si:ch211-165e15.1"
"8325","Asb4","asb4"
"8326","Ccsap","ccsapb"
"8327","Aifm1","aifm1"
"8328","Csf1","csf1b"
"8329","Csf1","csf1a"
"8330","Plekhf2","plekhf2"
"8331","Gm28042","pla2g4f.1"
"8332","Gm28042","pla2g4f.2"
"8333","Acy3","acy3.2"
"8334","Acy3","acy3.1"
"8335","Fam234a","fam234a"
"8336","Cfap65","si:ch1073-349o24.2"
"8337","Dhx32","dhx32b"
"8338","Nudt21","nudt21"
"8339","Edil3","edil3b"
"8340","Mag","mag"
"8341","Ddx11","ddx11"
"8342","Arl6ip4","arl6ip4"
"8343","Ccdc113","ccdc113"
"8344","Itpkb","itpkb"
"8345","Gpr63","gpr63"
"8346","Saa2","saa"
"8347","Xpa","xpa"
"8348","Igdcc4","igdcc4"
"8349","Ipmk","ipmkb"
"8350","Wbp1l","wbp1la"
"8351","Pmepa1","pmepa1"
"8352","Cct5","cct5"
"8353","Tmem150b","zgc:123244"
"8354","Tmem141","tmem141"
"8355","Maf1","zgc:112356"
"8356","Cfap61","si:zfos-223e1.2"
"8357","Urb2","urb2"
"8358","Nbea","nbeaa"
"8359","Bco2","bco2l"
"8360","Bco2","bco2b"
"8361","Pou6f2","pou6f2"
"8362","Creb3l1","creb3l1"
"8363","Stap2","stap2a"
"8364","Atp11a","atp11a"
"8365","Mink1","mink1"
"8366","Abca1","abca1b"
"8367","Wdr27","wdr27"
"8368","Smarcd2","smarcd2"
"8369","Shank1","shank1"
"8370","Rrp9","rrp9"
"8371","Clstn1","clstn1"
"8372","Tmem30a","tmem30ab"
"8373","Lasp1","lasp1"
"8374","Mn1","mn1b"
"8375","Zfp488","prdm8"
"8376","Dyrk1b","dyrk1b"
"8377","Klhl15","klhl15"
"8378","Calr","calr"
"8379","Ndufaf6","ndufaf6"
"8380","Saraf","saraf"
"8381","Frmd3","frmd3"
"8382","Nsmce1","nsmce1"
"8383","Esrra","esrra"
"8384","Cul4a","cul4a"
"8385","Tmem59","tmem59"
"8386","Plxna3","plxna3"
"8387","Dnajc4","dnajc4"
"8388","Dtx3","zgc:66440"
"8389","Sh2d7","si:ch211-112g6.4"
"8390","Ippk","ippk"
"8391","Ect2l","ccdc28a"
"8392","Unc80","unc80"
"8393","Prmt1","prmt1"
"8394","Rprd1b","rprd1b"
"8395","Lamtor2","lamtor2"
"8396","Gga3","gga3b"
"8397","Iqsec1","iqsec1b"
"8398","Fam177a2","zgc:153383"
"8399","Camk4","camk4"
"8400","Lvrn","si:ch211-276a23.5"
"8401","Acacb","acacb"
"8402","Hcn2","hcn2b"
"8403","Pik3ip1","pik3ip1"
"8404","Crybb1","crybb1"
"8405","Setd3","setd3"
"8406","Oxnad1","oxnad1"
"8407","Atxn10","atxn10"
"8408","Arglu1","arglu1a"
"8409","Nmt1","nmt1a"
"8410","Nmt1","nmt1b"
"8411","Hif1a","hif1ab"
"8412","Clic3","clic3"
"8413","Phf5a","phf5a"
"8414","Hint2","hint2"
"8415","Slc35a5","slc35a5"
"8416","Vps52","vps52"
"8417","Timp4","timp4.3"
"8418","Timp4","timp4.2"
"8419","L2hgdh","l2hgdh"
"8420","Hs6st3","hs6st3a"
"8421","Hs6st3","hs6st3b"
"8422","Gm6525","rpl36a"
"8423","Bnip2","bnip2"
"8424","Hbegf","hbegfb"
"8425","Gpr137b","gpr137bb"
"8426","Ilk","ilk"
"8427","Hpcal1","hpcal1"
"8428","Eef2kmt","eef2kmt"
"8429","Tmem161a","tmem161a"
"8430","Tmem229b","tmem229b"
"8431","Sac3d1","si:zfos-452g4.1"
"8432","Fam161a","fam161a"
"8433","Gtf2h5","gtf2h5"
"8434","Extl3","extl3"
"8435","Tgm2","tgm2a"
"8436","Hpse","hpse"
"8437","Rabgap1l","rabgap1l"
"8438","Cnih1","cnih1"
"8439","Mitd1","mitd1"
"8440","Fut9","si:ch1073-440p11.2"
"8441","Fut9","ft1"
"8442","Nampt","si:dkey-145c18.3"
"8443","Nampt","si:dkey-145c18.2"
"8444","Cenpp","cenpp"
"8445","Rpa1","rpa1"
"8446","Trpc2","trpc2b"
"8447","Trpc2","trpc2a"
"8448","Slc35e4","slc35e4"
"8449","Terf1","terf1"
"8450","Tekt2","tekt2"
"8451","Cltc","cltcb"
"8452","Arhgap19","arhgap19"
"8453","Pax7","pax7b"
"8454","Stub1","stub1"
"8455","Cflar","cflara"
"8456","Akt3","akt3a"
"8457","Nuggc","nuggc.1"
"8458","Nuggc","si:dkeyp-85e10.3"
"8459","Nuggc","nuggc.2"
"8460","Klhl14","klhl14"
"8461","Dph1","dph1"
"8462","Grwd1","grwd1"
"8463","Megf6","megf6a"
"8464","Timm17a","timm17a"
"8465","Pacc1","pacc1"
"8466","Nt5dc1","nt5dc1"
"8467","Lgsn","lgsn"
"8468","Cdhr1","cdh23"
"8469","Dgkb","dgkb"
"8470","Atp5l","atp5l"
"8471","Metap1","metap1"
"8472","Selenoo","selenoo1"
"8473","Tpk1","tpk1"
"8474","Ksr1","ksr1b"
"8475","Myo9b","si:zfos-588f8.1"
"8476","Myo9b","myo9b"
"8477","Pmp2","fabp11b"
"8478","Npat","npat"
"8479","Magix","magixb"
"8480","Magix","magixa"
"8481","Ntsr1","ntsr1"
"8482","Skil","skilb"
"8483","Skil","skila"
"8484","Dct","dct"
"8485","Sorl1","sorl1"
"8486","Nif3l1","nif3l1"
"8487","Mettl14","mettl14"
"8488","Cacna2d3","cacna2d3"
"8489","Fbxl18","fbxl18"
"8490","Zdhhc25","zgc:77880"
"8491","Vil1","vil1"
"8492","Erich3","erich3"
"8493","Ubtd2","ubtd2"
"8494","Slc7a3","slc7a3a"
"8495","Nrros","nrros"
"8496","Grin1","grin1b"
"8497","Mphosph8","mphosph8"
"8498","Arhgap29","arhgap29a"
"8499","Arhgap29","arhgap29b"
"8500","Ikbkg","ikbkg"
"8501","Atp13a3","atp13a3"
"8502","Esyt3","esyt3"
"8503","Aldoart2","aldoaa"
"8504","Aldoart2","aldoab"
"8505","Syt7","syt7a"
"8506","Tufm","tufm"
"8507","Jam2","jam2a"
"8508","Lrrc74b","lrrc74b"
"8509","Shh","shhb"
"8510","Atp5a1","atp5fa1"
"8511","Mef2b","mef2b"
"8512","Pfkfb2","pfkfb2a"
"8513","Hao1","hao1"
"8514","Dad1","dad1"
"8515","Tube1","tube1"
"8516","Anapc7","anapc7"
"8517","Irx3","irx3a"
"8518","Cemip","cemip"
"8519","Ubac1","ubac1"
"8520","Rccd1","herc7"
"8521","Acsbg2","acsbg2"
"8522","Rab6a","rab6a"
"8523","Grin2b","grin2bb"
"8524","Fancg","fancg"
"8525","Uroc1","uroc1"
"8526","Zmym2","zmym2"
"8527","Eps8l2","eps8l2"
"8528","Ssx2ip","ssx2ipa"
"8529","Aspg","si:dkey-74k8.4"
"8530","Vcan","vcanb"
"8531","Tpte","tpte"
"8532","Tln1","tln1"
"8533","Sec11a","sec11a"
"8534","Galr2","galr2a"
"8535","Cul5","cul5b"
"8536","Des","desma"
"8537","Ndufa4","ndufa4"
"8538","Anapc10","anapc10"
"8539","Taf6l","taf6l"
"8540","Agap1","agap1"
"8541","Rcc1","rcc1"
"8542","Cog3","cog3"
"8543","Gpr35","gpr35.1"
"8544","Stxbp3","stxbp3"
"8545","Caprin1","caprin1a"
"8546","Caprin1","caprin1b"
"8547","Dus3l","dus3l"
"8548","Tmed2","tmed2"
"8549","Rnf128","rnf128a"
"8550","Ccdc172","ccdc172"
"8551","Gm28729","si:ch211-202c21.7"
"8552","Rgn","rgn"
"8553","Tmed6","tmed6"
"8554","Prkg2","prkg2"
"8555","Fam124a","si:dkeyp-74a11.1"
"8556","Pax1","pax1b"
"8557","Map4k3","map4k3b"
"8558","Map4k3","map4k3a"
"8559","Itgae","itgae.2"
"8560","Ganab","ganab"
"8561","Ganab","zgc:171967"
"8562","Armc2","armc2"
"8563","Helq","helq"
"8564","Slc5a12","slc5a12"
"8565","Tti2","tti2"
"8566","Omp","ompb"
"8567","Omp","ompa"
"8568","4933416I08Rik","setx"
"8569","4933416I08Rik","dna2"
"8570","Alad","alad"
"8571","Magoh","magoh"
"8572","Lhpp","lhpp"
"8573","Tnfrsf1a","si:ch211-112c15.8"
"8574","Tbr1","tbr1a"
"8575","Rsrc2","rsrc2"
"8576","Rnf8","rnf8"
"8577","Pqlc3","slc66a3"
"8578","Stpg1","stpg1"
"8579","Meox1","meox1"
"8580","Ghsr","ghsra"
"8581","Ghsr","ghsrb"
"8582","Brd2","brd2a"
"8583","Eef1b2","eef1b2"
"8584","Prorp","prorp"
"8585","Tlk1","tlk1b"
"8586","Tlk1","tlk1a"
"8587","Slc1a4","slc1a4"
"8588","Six4","six4b"
"8589","Lmo2","lmo2"
"8590","Fbxo15","fbxo15"
"8591","Rab11b","rab11ba"
"8592","Pla2g4a","pla2g4ab"
"8593","Cep63","cep63"
"8594","Klhl40","klhl40a"
"8595","Smim7","smim7"
"8596","Pex16","pex16"
"8597","Tns1","tns1b"
"8598","Alg11","alg11"
"8599","Parn","parn"
"8600","Adam12","adam12"
"8601","Rtf1","rtf1"
"8602","Cfap99","cfap99"
"8603","Ywhab","ywhabb"
"8604","Pkd1l2","pkd1l2b"
"8605","Pde6d","pde6d"
"8606","Unc50","unc50"
"8607","Utrn","utrn"
"8608","Frmpd3","frmpd3"
"8609","Map1lc3a","map1lc3a"
"8610","Arfgef3","arfgef3"
"8611","Plppr3","plppr3b"
"8612","Zdhhc6","zdhhc6"
"8613","Prima1","si:dkey-85n7.6"
"8614","Dek","dek"
"8615","Rnd2","rnd2"
"8616","Ints2","ints2"
"8617","Lcmt2","lcmt2"
"8618","Als2","als2b"
"8619","Frk","frk"
"8620","Tbc1d1","tbc1d1"
"8621","Slc35a2","slc35a2"
"8622","Uggt2","uggt2"
"8623","Tbp","tbp"
"8624","Serpina10","serpina10a"
"8625","Relch","relch"
"8626","Ctdsp2","ctdsp2"
"8627","Dnmt3a","dnmt3ab"
"8628","Dnmt3a","dnmt3aa"
"8629","Prkd2","prkd2"
"8630","Tmem131","tmem131"
"8631","Nrbp2","nrbp2b"
"8632","Dcaf11","dcaf11"
"8633","Dhps","dhps"
"8634","Pdk1","pdk1"
"8635","Got1l1","got1l1"
"8636","Zmynd8","prkcbp1l"
"8637","Ankrd27","ankrd27"
"8638","Zc3h7b","zc3h7bb"
"8639","Ubqln4","ubqln4"
"8640","Echs1","echs1"
"8641","Ccdc78","ccdc78"
"8642","Rxra","rxraa"
"8643","2310057M21Rik","si:rp71-19m20.1"
"8644","4931406B18Rik","si:dkey-238d18.7"
"8645","4931406B18Rik","si:ch73-380l3.2"
"8646","Nt5c1b","nt5c1bb"
"8647","Kmt5c","kmt5c"
"8648","Mtus1","mtus1b"
"8649","Ttl","ttl"
"8650","Tcf7l1","tcf7l1b"
"8651","Ano9","ano9a"
"8652","Bcap29","bcap29"
"8653","Ptp4a1","ptp4a1"
"8654","Cks1brt","cks1b"
"8655","Tnik","tnika"
"8656","Srcap","srcap"
"8657","Ildr1","ildr1b"
"8658","Sorcs2","sorcs2"
"8659","Mesd","mesd"
"8660","Mkln1","mkln1"
"8661","Cyp51","cyp51"
"8662","Mrpl19","mrpl19"
"8663","Rcor1","rcor1"
"8664","Gda","gda"
"8665","Simc1","si:ch211-199b20.3"
"8666","Sall1","sall1a"
"8667","Rel","rel"
"8668","Ptch2","ptch2"
"8669","Tnfaip1","tnfaip1"
"8670","Gp1bb","gp1bb"
"8671","Dcaf13","dcaf13"
"8672","Cabp7","cabp7b"
"8673","Jak1","jak1"
"8674","Gpkow","gpkow"
"8675","Errfi1","errfi1a"
"8676","Cacng3","cacng3a"
"8677","Asb15","asb15a"
"8678","Nhs","nhsb"
"8679","Abhd17a","abhd17aa"
"8680","Commd1","commd1"
"8681","Ppp2r3a","ppp2r3a"
"8682","Zfp511","znf511"
"8683","Ehmt1","ehmt1a"
"8684","Gal3st3","gal3st3"
"8685","Fkbp4","fkbp4"
"8686","Znhit2","znhit2"
"8687","Grb10","grb10b"
"8688","Cdca2","si:ch211-244o22.2"
"8689","Kcnh5","kcnh5a"
"8690","Aftph","aftpha"
"8691","Abhd12b","abhd12"
"8692","Fbln5","fbln5"
"8693","Ccdc85b","ccdc85b"
"8694","Pde11a","pde11al"
"8695","Map3k13","si:ch211-45c16.2"
"8696","Otud7a","si:dkey-37f18.2"
"8697","Themis2","themis2"
"8698","Zfp541","znf541"
"8699","Hspa2","hsp70.3"
"8700","Hspa2","hsp70.2"
"8701","Hspa2","hsp70.1"
"8702","Asah1","asah1b"
"8703","Saal1","saal1"
"8704","AU018091","si:ch73-352p4.8"
"8705","Rsph9","rsph9"
"8706","Dmrta2","dmrta2"
"8707","Pnkp","pnkp"
"8708","Yy1","yy1a"
"8709","Msh2","msh2"
"8710","Ddit4","ddit4"
"8711","Ptprk","ptprk"
"8712","Pls1","pls1"
"8713","Trdn","si:ch211-266g18.10"
"8714","Slc26a2","slc26a2"
"8715","Inpp1","si:ch211-160o17.2"
"8716","Rab11fip4","rab11fip4b"
"8717","Slc6a6","slc6a6a"
"8718","Tmem209","tmem209"
"8719","Luc7l2","zgc:158803"
"8720","Elob","elob"
"8721","Spc24","spc24"
"8722","Oprd1","oprd1b"
"8723","Adam28","adam28"
"8724","Nup88","nup88"
"8725","Hes7","her11"
"8726","Rab5a","rab5aa"
"8727","Enpp4","enpp4"
"8728","Cabp1","cabp1a"
"8729","Amt","amt"
"8730","Oma1","oma1"
"8731","Rpl10-ps3","rpl10"
"8732","Irf2","irf2a"
"8733","Yif1b","yif1b"
"8734","Pagr1a","pagr1"
"8735","Zfp385c","znf385c"
"8736","Slc1a3","slc1a3b"
"8737","Figla","figla"
"8738","Prcp","prcp"
"8739","Kcng3","kcng3"
"8740","AU021092","si:ch211-76l23.7"
"8741","Grap","grapa"
"8742","Fkbp8","fkbp8"
"8743","Scamp5","scamp5b"
"8744","Riok2","riok2"
"8745","Tmem205","tmem205"
"8746","Pcdh9","pcdh9"
"8747","Liph","lipia"
"8748","Slc31a2","slc31a2"
"8749","Ap2m1","ap2m1a"
"8750","Krr1","krr1"
"8751","Lratd2","lratd2"
"8752","Ptpn23","ptpn23a"
"8753","Cited4","cited4a"
"8754","Add3","add3b"
"8755","Taok3","taok3a"
"8756","Taok3","taok3b"
"8757","Mob1b","mob1ba"
"8758","Mak16","mak16"
"8759","Rnf150","rnf150a"
"8760","Rnf150","rnf150b"
"8761","Sfpq","sfpq"
"8762","Tmem70","tmem70"
"8763","Sh3glb1","sh3glb1b"
"8764","Rgs21","si:ch211-196h16.12"
"8765","Nupl1","nup58"
"8766","Pard3","pard3ab"
"8767","Mettl26","mettl26"
"8768","Morn5","morn5"
"8769","Irf2bp2","irf2bp2b"
"8770","Col9a1","col9a1b"
"8771","Col9a1","col9a1a"
"8772","Ado","adob"
"8773","Tmem125","tmem125b"
"8774","Spsb3","spsb3a"
"8775","Ndufs1","ndufs1"
"8776","Galntl6","si:ch211-15e22.3"
"8777","Cnmd","cnmd"
"8778","Sytl4","sytl4"
"8779","Psma5","psma5"
"8780","Arrdc3","arrdc3a"
"8781","Arrdc3","arrdc3b"
"8782","Car10","ca10a"
"8783","Vezt","vezt"
"8784","Sumf1","sumf1"
"8785","Cdc42ep1","cdc42ep1a"
"8786","Itgb6","itgb6"
"8787","Dpysl5","dpysl5b"
"8788","Med9","si:ch73-105m5.1"
"8789","Pabpc1l","pabpc1l"
"8790","Arsa","arsa"
"8791","Hes1","her6"
"8792","Col11a1","col11a1a"
"8793","Map7d1","map7d1b"
"8794","Nkx2-2","nkx2.2b"
"8795","Tln2","tln2b"
"8796","Gmppa","gmppab"
"8797","Dysf","dysf"
"8798","Tor3a","tor3a"
"8799","Mlh3","mlh3"
"8800","Tab2","tab2"
"8801","Vwc2l","vwc2l"
"8802","Stat3","stat3"
"8803","Adgrv1","adgrv1"
"8804","Ppfia4","ppfia4"
"8805","Rragc","rragcb"
"8806","Dcp2","dcp2"
"8807","Supt5","supt5h"
"8808","Gpat3","agpat9l"
"8809","Neurog3","neurog3"
"8810","Slc25a17","slc25a17"
"8811","Hspa14","hspa14"
"8812","Pnkd","pnkd"
"8813","Dmac2","si:ch1073-228b5.2"
"8814","Cd109","cd109"
"8815","Ocrl","ocrl"
"8816","Pcbd1","pcbd1"
"8817","Ifrd2","ifrd2"
"8818","Klhl30","klhl30"
"8819","Fgf6","fgf6a"
"8820","Tmem165","tmem165"
"8821","Nbeal1","nbeal1"
"8822","Palm","palm1a"
"8823","Zfp326","znf326"
"8824","Fam72a","zgc:101564"
"8825","Poglut2","poglut2"
"8826","Tdrp","si:ch211-225h24.2"
"8827","Lrrc58","lrrc58b"
"8828","Ngef","ngef"
"8829","Cd2","si:dkey-11f4.20"
"8830","Atg4c","atg4c"
"8831","Rad54l","rad54l"
"8832","Nog","nog1"
"8833","Gad1","gad1b"
"8834","Gad1","gad1a"
"8835","Mettl25","mettl25"
"8836","Apc2","apc2"
"8837","Fam118b","fam118b"
"8838","Cdc42ep5","cdc42ep5"
"8839","Mier1","mier1b"
"8840","Dnlz","dnlz"
"8841","Sycp1","sycp1"
"8842","Tbce","tbce"
"8843","Ift57","ift57"
"8844","Zdhhc9","zdhhc9"
"8845","Ipo4","ipo4"
"8846","Pdcd6","pdcd6"
"8847","AW549877","si:dkey-46a10.3"
"8848","Rnf122","si:ch1073-392o20.1"
"8849","Tatdn2","tatdn2"
"8850","P2ry2","p2ry2.1"
"8851","P2ry2","p2ry2.2"
"8852","P2ry2","p2ry2.3"
"8853","Ckm","ckmb"
"8854","Ckm","ckma"
"8855","Sv2c","sv2ca"
"8856","Fgf18","fgf18a"
"8857","Fgf18","fgf18b"
"8858","Tmed3","tmed3"
"8859","Ap5b1","ap5b1"
"8860","Supt7l","supt7l"
"8861","Asb10","asb10"
"8862","Map3k8","map3k8"
"8863","Phf19","phf19"
"8864","Ppwd1","ppwd1"
"8865","Abi1","abi1a"
"8866","Abi1","abi1b"
"8867","Psd","psda"
"8868","Ldhb","ldhba"
"8869","Tlk2","tlk2"
"8870","Ddx3x","ddx3xb"
"8871","Klf12","klf12a"
"8872","Lrrc8a","lrrc8ab"
"8873","Lrrc8a","lrrc8aa"
"8874","Tg","tg"
"8875","Capn1","zgc:55262"
"8876","Acvrl1","acvrl1"
"8877","Elovl1","elovl1a"
"8878","Yeats2","yeats2"
"8879","Zmat1","zgc:114104"
"8880","Cd151","cd151"
"8881","Kctd12","kctd12.2"
"8882","Kctd12","kctd12.1"
"8883","Wscd2","wscd2"
"8884","Ankmy1","ankmy1"
"8885","Mid1ip1","mid1ip1a"
"8886","Dnajc19","dnajc19"
"8887","Tex11","tex11"
"8888","Rin3","rin3"
"8889","Fam89b","fam89b"
"8890","Ckb","ckba"
"8891","Ism1","ism1"
"8892","Lfng","lfng"
"8893","Hyal5","spam1"
"8894","Erlec1","erlec1"
"8895","Sema6b","sema6ba"
"8896","Usf3","usf3"
"8897","Gm7102","mplkip"
"8898","Opa1","opa1"
"8899","Rbm10","rbm10"
"8900","Pdlim1","pdlim1"
"8901","Kynu","kynu"
"8902","Serp1","zgc:92744"
"8903","Rpl7","rpl7"
"8904","Mrpl54","mrpl54"
"8905","Thoc6","thoc6"
"8906","Naa35","naa35"
"8907","Uba6","si:dkey-82j4.2"
"8908","Slc3a1","slc3a1"
"8909","Pifo","si:ch211-66i15.4"
"8910","Gstt1","gstr"
"8911","Hoxc13","hoxc13a"
"8912","Plxnb1","plxnb1a"
"8913","Mcm10","mcm10"
"8914","Hspd1","hspd1"
"8915","Flrt1","flrt1b"
"8916","Slc9a3","slc9a3.1"
"8917","Slc9a3","slc9a3.2"
"8918","Htr3a","htr3a"
"8919","Vwde","si:dkey-30e9.7"
"8920","Gfod1","si:ch211-276f18.2"
"8921","Poglut3","poglut3"
"8922","Sox21","sox21b"
"8923","Lgals7","lgals3b"
"8924","Lgals7","si:dkey-95h12.2"
"8925","Stk35","stk35l"
"8926","Ubtfl1","ubtf"
"8927","Epha6","epha6"
"8928","Stra6","stra6"
"8929","Pcolce2","pcolce2b"
"8930","Pcolce2","pcolce2a"
"8931","Cntln","cntln"
"8932","Shroom4","shroom4"
"8933","Ipo11","ipo11"
"8934","Shisa7","shisa7a"
"8935","Pdik1l","pdik1l"
"8936","Adgrg7","adgrg7.1"
"8937","Adgrg7","adgrg7.2"
"8938","Dipk2a","dipk2aa"
"8939","S1pr4","s1pr4"
"8940","Pou5f2","pou3f2a"
"8941","Scaf4","scaf4a"
"8942","Il2rb","csf2rb"
"8943","Adamts15","adamts15b"
"8944","Xndc1","zgc:110224"
"8945","Sspo","scospondin"
"8946","Frmd4b","frmd4bb"
"8947","Frmd4b","frmd4ba"
"8948","Ankrd33","ankrd33aa"
"8949","Ppara","pparaa"
"8950","Nfya","nfya"
"8951","Stmn1","stmn1b"
"8952","Stmn1","stmn1a"
"8953","Ptbp2","ptbp2b"
"8954","Npr2","npr1b"
"8955","Rlbp1","rlbp1b"
"8956","Lrrc42","lrrc42"
"8957","Zc3hc1","zc3hc1"
"8958","Mbtd1","mbtd1"
"8959","Pbld1","pbld"
"8960","Pbld1","pbld2"
"8961","C1qtnf4","c1qtnf4"
"8962","Capn5","capn5b"
"8963","Capn5","capn5a"
"8964","Kat7","kat7b"
"8965","Rpl37","rpl37"
"8966","Vps51","vps51"
"8967","Arhgef4","arhgef4"
"8968","Crim1","crim1"
"8969","Zfyve28","zfyve28"
"8970","Rassf5","si:dkey-85p17.3"
"8971","Fam20b","fam20b"
"8972","Sstr3","sstr5"
"8973","Tescl","tescb"
"8974","C2cd3","c2cd3"
"8975","Slc6a1","slc6a1b"
"8976","Ebpl","ebpl"
"8977","Arhgap15","arhgap15"
"8978","Rhbg","rhbg"
"8979","Vps28","vps28"
"8980","Chmp3","chmp3"
"8981","Wnt2","wnt2"
"8982","Postn","postnb"
"8983","Tiam2","tiam2a"
"8984","Exoc7","exoc7"
"8985","Sf3a3","sf3a3"
"8986","Farsa","farsa"
"8987","Phkg2","phkg2"
"8988","Gpsm2","gpsm2"
"8989","Atp6v1c2","atp6v1c2"
"8990","Grm1","grm1b"
"8991","Grm1","grm1a"
"8992","Coq4","coq4"
"8993","R3hcc1","r3hcc1"
"8994","Erbb4","erbb4a"
"8995","Erbb4","si:ch73-383l1.1"
"8996","Erbb4","erbb4b"
"8997","Sesn3","sesn3"
"8998","Pard6a","pard6a"
"8999","Atl1","atl1"
"9000","Ryr2","ryr2b"
"9001","Napa","napaa"
"9002","Napa","napab"
"9003","Vcp","vcp"
"9004","Lpxn","lpxn"
"9005","Tmem94","tmem94"
"9006","Ndufa5","ndufa5"
"9007","Chd9","chd9"
"9008","Cep57l1","cep57l1"
"9009","Crocc2","crocc2"
"9010","Cd48","si:dkey-11f4.14"
"9011","Fgfr1","fgfr1b"
"9012","Plod1","plod1a"
"9013","Adgb","adgb"
"9014","Memo1","memo1"
"9015","Nek11","nek11"
"9016","Rnpc3","rnpc3"
"9017","Maml1","maml1"
"9018","Tbcel","tbcelb"
"9019","Brinp2","brinp2"
"9020","Themis","themis"
"9021","Trabd","trabd"
"9022","Myg1","myg1"
"9023","St3gal3","st3gal3a"
"9024","Eif3f","eif3f"
"9025","B4gat1","b4gat1"
"9026","Rbfa","rbfa"
"9027","Tmem45a","tmem45a"
"9028","Cmah","cmah"
"9029","Rnf216","rnf216"
"9030","Tcf21","tcf21"
"9031","Lingo3","si:dkey-182i3.11"
"9032","Lingo3","lingo3a"
"9033","Lingo3","lrtm2b"
"9034","Lingo3","si:dkey-1j5.4"
"9035","Dnajc9","dnajc9"
"9036","Nmnat1","nmnat1"
"9037","Taf1a","taf1a"
"9038","Tmem51","tmem51a"
"9039","Rhog","rhoga"
"9040","Spopl","spoplb"
"9041","Spopl","spopla"
"9042","Fgf10","fgf10a"
"9043","Lct","lct"
"9044","Lct","si:dkey-79p17.3"
"9045","Rbm34","rbm34"
"9046","Mapk8ip1","mapk8ip1a"
"9047","Trim44","trim44"
"9048","Ace2","ace2"
"9049","Cenpl","cenpl"
"9050","Ifnar2","il10ra"
"9051","Ppp2r3c","ppp2r3c"
"9052","P4ha1","p4ha1b"
"9053","Glce","glceb"
"9054","Atg10","atg10"
"9055","Tsen2","tsen2"
"9056","Wnt4","wnt4"
"9057","Bcl2l11","bcl2l11"
"9058","Tlcd2","tlcd2"
"9059","Slc12a4","slc12a4"
"9060","Akap11","akap11"
"9061","Ptk2b","ptk2bb"
"9062","Gabra5","gabra5"
"9063","Ifi44l","si:dkeyp-75b4.9"
"9064","Ifi44l","si:ch211-197g15.10"
"9065","Ifi44l","si:ch211-197g15.6"
"9066","Ifi44l","si:ch211-197g15.8"
"9067","Ifi44l","si:ch211-197g15.7"
"9068","Ifi44l","si:ch211-208g24.8"
"9069","Rchy1","rchy1"
"9070","Elp6","elp6"
"9071","Sdr16c5","sdr16c5a"
"9072","Sdhd","sdhdb"
"9073","Slc29a3","slc29a3"
"9074","Rbis","si:ch211-282b22.1"
"9075","Fbxl2","fbxl2"
"9076","Uri1","uri1"
"9077","Mettl21a","mettl21a"
"9078","Ylpm1","ylpm1"
"9079","Lpar1","lpar1"
"9080","Sp6","sp6"
"9081","Eid3","nsmce4a"
"9082","Asf1b","asf1bb"
"9083","Mbl1","col7a1"
"9084","Gm14698","styx"
"9085","Hs1bp3","hs1bp3"
"9086","Cela2a","ela3l"
"9087","Rad17","rad17"
"9088","Paqr7","paqr7b"
"9089","Sp7","sp7"
"9090","Arpc5l","arpc5lb"
"9091","Il1f5","il1fma"
"9092","Pank1","pank1a"
"9093","C130074G19Rik","zgc:194392"
"9094","Tbc1d10b","tbc1d10b"
"9095","Rrp12","rrp12"
"9096","Gpx3","gpx1a"
"9097","Gpx3","gpx3"
"9098","Fxyd6","fxyd6"
"9099","Aldh18a1","aldh18a1"
"9100","Fam83g","si:dkey-27o4.1"
"9101","Atp6v0a1","atp6v0a1a"
"9102","Erap1","erap1a"
"9103","Chtop","chtopb"
"9104","Mknk2","mknk2a"
"9105","Aprt","aprt"
"9106","Timm21","si:dkey-118j18.1"
"9107","Peli1","peli1a"
"9108","Myl7","myl7"
"9109","Itih5","itih5"
"9110","Ubr1","ubr1"
"9111","Haao","haao"
"9112","Cpsf1","cpsf1"
"9113","Tmem204","tmem204"
"9114","Dpagt1","dpagt1"
"9115","Pik3cg","pik3cg"
"9116","Mtpap","mtpap"
"9117","Slco2b1","slco2b1"
"9118","Sall3","sall3a"
"9119","Fam228a","fam228a"
"9120","Akna","akna"
"9121","Sergef","sergef"
"9122","Eri1","eri1"
"9123","Map6","map6b"
"9124","Map6","map6a"
"9125","Dmrt1","dmrt1"
"9126","Crtap","crtap"
"9127","Wee2","wee2"
"9128","Mtfr1l","mtfr1l"
"9129","Zfp703","znf703"
"9130","Nptx2","nptx2b"
"9131","Lyrm7","lyrm7"
"9132","Plpp5","plpp5"
"9133","Bscl2","bscl2"
"9134","Epas1","epas1b"
"9135","Tbc1d25","tbc1d25"
"9136","Grem2","grem2b"
"9137","Cnot7","cnot7"
"9138","Cldn22","si:dkey-98f17.3"
"9139","Hpdl","hpdl"
"9140","Trrap","trrap"
"9141","Entpd1","entpd1"
"9142","Nrbp1","nrbp1"
"9143","Sc5d","sc5d"
"9144","Elavl4","elavl4"
"9145","Nck1","nck1a"
"9146","Dytn","dytn"
"9147","Lrrc3","lrrc3"
"9148","Ebf1","si:ch211-51e8.2"
"9149","Ebf1","ebf1b"
"9150","Gnl2","gnl2"
"9151","Ikbke","ikbke"
"9152","Galr3","galr2b"
"9153","Jhy","jhy"
"9154","Pou6f1","pou6f1"
"9155","Cdkn2d","cdkn2d"
"9156","Smarca2","smarca2"
"9157","Smarca2","si:dkey-226m8.10"
"9158","Bmp2k","bmp2k"
"9159","Zbtb16","zbtb16a"
"9160","Cyp7b1","cyp7b1"
"9161","Sharpin","shrprbck1r"
"9162","Barhl1","barhl1b"
"9163","Kcnmb2","kcnmb2"
"9164","Asic4","asic4b"
"9165","Miox","miox"
"9166","Kidins220","kidins220a"
"9167","Lin28a","si:ch1073-284b18.2"
"9168","Lin28a","lin28a"
"9169","Gpcpd1","gpcpd1"
"9170","Slc45a4","slc45a4b"
"9171","Zfp512","znf512"
"9172","Cstf1","cstf1"
"9173","Cops7a","cops7a"
"9174","Galnt1","galnt1"
"9175","Acads","acads"
"9176","Fam160b1","fam160b1"
"9177","Pus7l","pus7l"
"9178","Dag1","dag1"
"9179","Creld2","creld2"
"9180","Cgnl1","cgnl1"
"9181","Trim55","trim55b"
"9182","Trim55","trim55a"
"9183","Cdc20","cdc20"
"9184","Csk","csk"
"9185","Bmp2","bmp2a"
"9186","Bmp2","bmp2b"
"9187","Akt2","akt2"
"9188","Ibtk","ibtk"
"9189","Rnf169","rnf169"
"9190","Kctd6","kctd6b"
"9191","Kctd6","kctd6a"
"9192","Ggnbp2","ggnbp2"
"9193","Lpcat1","lpcat1"
"9194","Pum2","pum2"
"9195","Espnl","espnlb"
"9196","Espnl","espnla"
"9197","Ndufs3","ndufs3"
"9198","Leng9","leng9"
"9199","Mrpl37","mrpl37"
"9200","Rbfox1","rbfox1"
"9201","Ldlrad4","ldlrad4a"
"9202","Pdgfc","pdgfc"
"9203","Rdm1","zgc:103564"
"9204","Mid1","mid1"
"9205","Sgcb","sgcb"
"9206","Cyld","cylda"
"9207","Rpgr","rpgra"
"9208","Luzp2","luzp2"
"9209","Ift20","ift20"
"9210","Ndufa7","ndufa7"
"9211","Ndufa8","ndufa8"
"9212","Hlx","hlx1"
"9213","Uchl3","uchl3"
"9214","Iqgap2","iqgap2"
"9215","Gsx2","gsx2"
"9216","Nudt1","nudt1"
"9217","Vegfb","vegfba"
"9218","Casc1","casc1"
"9219","Sult6b1","sult6b1"
"9220","Zdhhc12","zdhhc12b"
"9221","Tor1aip1","si:dkeyp-82a1.6"
"9222","Tor1aip1","zgc:112962"
"9223","Cpxm1","cpxm1a"
"9224","Lcat","lcat"
"9225","Fkbp10","fkbp10b"
"9226","Kcns3","kcns3a"
"9227","Ndufaf1","ndufaf1"
"9228","Glul","glula"
"9229","Wdhd1","wdhd1"
"9230","Pigg","si:ch73-49o8.1"
"9231","Fbxo36","fbxo36b"
"9232","Fbxo36","fbxo36a"
"9233","Slc17a2","si:ch1073-513e17.1"
"9234","Lbx1","lbx1b"
"9235","Grik1","grik1a"
"9236","Cmtm4","cmtm4"
"9237","Gck","gck"
"9238","Ccdc92b","si:dkey-54n8.4"
"9239","Sdk1","sdk1a"
"9240","Rbbp4","rbbp4"
"9241","Sh2d4b","sh2d4bb"
"9242","Sh2d4b","sh2d4ba"
"9243","Pdgfb","pdgfbb"
"9244","Pdgfb","pdgfba"
"9245","Edc3","edc3"
"9246","Inpp5f","inpp5f"
"9247","Rbm6","rbm6"
"9248","Polr2m","polr2m"
"9249","Wipi2","wipi2"
"9250","Ing3","ing3"
"9251","Nccrp1","nccrp1"
"9252","Dipk1c","dipk1c"
"9253","Dmtf1","dmtf1"
"9254","Cdv3","cdv3"
"9255","Gpr52","gpr52"
"9256","Fitm1","fitm1l"
"9257","Nsfl1c","nsfl1c"
"9258","Tollip","tollip"
"9259","Ankle2","ankle2"
"9260","Slc4a8","slc4a8"
"9261","Srms","zgc:194282"
"9262","Opcml","ntm"
"9263","Paox","si:dkey-275b16.2"
"9264","Pus10","pus10"
"9265","Slc6a8","slc6a8"
"9266","Glrx3","glrx3"
"9267","Anp32a","anp32a"
"9268","Zfat","zfat"
"9269","Tmem71","si:ch211-235o23.1"
"9270","En2","en2b"
"9271","Fibcd1","si:dkeyp-51b7.3"
"9272","Zdhhc14","zdhhc14"
"9273","Phf10","phf10"
"9274","Ccnb1ip1","si:ch211-212k18.11"
"9275","Exoc3l","exoc3l1"
"9276","Pot1b","pot1"
"9277","Mrps26","mrps26"
"9278","Sgk2","sgk2a"
"9279","Ccdc170","ccdc170"
"9280","Elavl1","elavl1b"
"9281","Akr1b8","zgc:110366"
"9282","Akr1b8","zgc:110782"
"9283","Arg1","arg1"
"9284","Fstl3","fstl3"
"9285","Cabp2","cabp4"
"9286","Spire1","spire1a"
"9287","Coq9","coq9"
"9288","Paxip1","paxip1"
"9289","Adamts13","adamts13"
"9290","Fkbp6","fkbp6"
"9291","Ddx39b","ddx39b"
"9292","Fignl1","fignl1"
"9293","Abcg8","abcg8"
"9294","Slc35f2","slc35f2l"
"9295","Slc35f2","slc35f2"
"9296","Lrp1b","lrp1bb"
"9297","Kctd17","kctd17"
"9298","Rnf123","rnf123"
"9299","Cdh15","cdh15"
"9300","Mpi","mpi"
"9301","Gltpd2","si:ch73-269m23.5"
"9302","Slc24a4","slc24a4b"
"9303","Card11","card11"
"9304","Cnn1","cnn1a"
"9305","Cnn1","cnn1b"
"9306","Duxbl1","mxtx2"
"9307","Duxbl1","mxtx1"
"9308","Tent5c","tent5c"
"9309","Zfp414","znf414"
"9310","Ung","ungb"
"9311","Ung","unga"
"9312","Mfsd2b","mfsd2b"
"9313","Tmco6","tmco6"
"9314","Large2","large2"
"9315","C4b","c4b"
"9316","Med1","med1"
"9317","Zdhhc20","zdhhc20b"
"9318","Kit","kita"
"9319","Tlr2","tlr2"
"9320","Wasl","wasla"
"9321","Snx21","snx21"
"9322","Psma4","psma4"
"9323","Ror1","ror1"
"9324","Dhx16","dhx16"
"9325","Nsd2","nsd2"
"9326","Fxr1","fxr1"
"9327","Naa38","naa38"
"9328","Trio","trioa"
"9329","Pmpca","pmpca"
"9330","Prok2","prok2"
"9331","Ing5","ing5b"
"9332","Appbp2","appbp2"
"9333","St6galnac4","st6galnac4"
"9334","Tbc1d14","tbc1d14"
"9335","Zbed4","zbed4"
"9336","Lgals9","lgals9l6"
"9337","Lgals9","lgals9l5"
"9338","Lgals9","lgals9l4"
"9339","Lgals9","lgals9l1"
"9340","Lgals9","lgals9l3"
"9341","Impa1","impa1"
"9342","P3h3","p3h3"
"9343","Maf","mafb"
"9344","Neil3","neil3"
"9345","Kcnab2","kcnab2b"
"9346","Cpt1a","cpt1ab"
"9347","B3gnt8","b3gnt2l"
"9348","Myo1f","myo1f"
"9349","Il11","il11b"
"9350","Casp4","caspa"
"9351","Casp4","casp23"
"9352","Trmt2a","trmt2a"
"9353","Tpm2","tpm2"
"9354","Clasp2","clasp2"
"9355","Trmo","trmo"
"9356","Zdhhc1","zdhhc1"
"9357","Actn3","actn3b"
"9358","Actn3","actn3a"
"9359","Kif6","kif6"
"9360","Mob4","mob4"
"9361","Ecsit","ecsit"
"9362","Hoga1","hoga1"
"9363","Trp53inp1","tp53inp1"
"9364","Cntf","m17"
"9365","Bmpr1a","bmpr1aa"
"9366","Bmp3","bmp3"
"9367","Nat10","nat10"
"9368","Alx4","alx4a"
"9369","Alx4","alx4b"
"9370","Pdzrn3","pdzrn3b"
"9371","Myo16","myo16"
"9372","Eya4","eya4"
"9373","Itga3","itga3b"
"9374","Inhbb","inhbb"
"9375","Crls1","crls1"
"9376","Apbb2","apbb2b"
"9377","Sod1","sod1"
"9378","Antxr1","antxr1a"
"9379","Antxr1","antxr1b"
"9380","Ccdc92","ccdc92"
"9381","Ncam2","ncam2"
"9382","Setmar","setmar"
"9383","Abi2","abi2b"
"9384","Mrpl36","mrpl36"
"9385","Prkaca","prkacab"
"9386","Herc3","herc3"
"9387","Ckap2","si:ch211-266i6.3"
"9388","Cand1","cand1"
"9389","Lypd8","ly6m2"
"9390","Lypd8","ly6m3"
"9391","Lypd8","ly6m4"
"9392","Lypd8","ly6m5"
"9393","Lypd8","ly6m6"
"9394","Lypd8","si:ch211-134a4.6"
"9395","Lypd8","ly6m7"
"9396","Steap2","steap2"
"9397","Samm50","samm50"
"9398","Erlin1","erlin1"
"9399","Pex5l","pex5la"
"9400","H2ax","hist1h2a5"
"9401","Fus","fus"
"9402","Cyfip2","cyfip2"
"9403","Tmem147","tmem147"
"9404","Mrps11","mrps11"
"9405","Irs3","si:ch211-284e13.4"
"9406","Cdk5r2","cdk5r2a"
"9407","Mau2","mau2"
"9408","Calcoco2","calcoco2"
"9409","Hook1","hook1"
"9410","Slc2a7","slc2a11l"
"9411","Slc2a7","slc2a15b"
"9412","Trpa1","trpa1a"
"9413","Zw10","zw10"
"9414","Zfyve16","zfyve16"
"9415","Unc13d","unc13d"
"9416","Pomk","pomk"
"9417","Acp2","acp2"
"9418","Pvalb","pvalb6"
"9419","Pvalb","pvalb7"
"9420","Phyh","zgc:174917"
"9421","Canx","canx"
"9422","Paqr4","paqr4a"
"9423","Epor","il4r.1"
"9424","Epor","epor"
"9425","Ntrk3","ntrk3a"
"9426","Sfxn1","sfxn1"
"9427","Morc3","morc3a"
"9428","Rnf11","rnf11b"
"9429","Slc35a3","slc35a3a"
"9430","Slc35a3","slc35a3b"
"9431","Pfpl","mpeg1.2"
"9432","Nupr1","nupr1b"
"9433","Wnt7b","wnt7ba"
"9434","Wdtc1","wdtc1"
"9435","Diaph2","diaph2"
"9436","Chchd3","chchd3a"
"9437","Patz1","patz1"
"9438","Lpar5","lpar5a"
"9439","Lpar5","lpar5b"
"9440","Kifc2","si:ch211-257p13.3"
"9441","Ago2","ago2"
"9442","Mtg1","mtg1"
"9443","Fyb","fyba"
"9444","Fyb","fybb"
"9445","Sncg","sncga"
"9446","Glis2","glis2b"
"9447","Cfb","cfb"
"9448","Ndufc2","ndufc2"
"9449","Cdt1","cdt1"
"9450","Cpne7","cpne7"
"9451","Scin","scin"
"9452","Foxk1","foxk1"
"9453","Sod3","sod3a"
"9454","Sod3","sod3b"
"9455","Morn2","morn2"
"9456","Cnn3","cnn3b"
"9457","Gnb1l","gnb1l"
"9458","Ppp2r1b","ppp2r1bb"
"9459","Nags","nags"
"9460","Ffar2","si:ch73-90p23.1"
"9461","Ffar2","si:dkey-211g8.6"
"9462","Ffar2","si:dkey-211g8.7"
"9463","Myf6","myf6"
"9464","Trp53i13","si:dkey-54n8.2"
"9465","Tes","tes"
"9466","Cstb","cst14a.2"
"9467","Cstb","cst14a.1"
"9468","Dync1i2","dync1i2a"
"9469","Tomm20","tomm20b"
"9470","Gm10037","si:dkey-56e3.3"
"9471","Gm10037","si:dkey-248e17.5"
"9472","Haus8","si:ch211-153a8.4"
"9473","Trim28","trim33l"
"9474","Cep68","cep68"
"9475","Mab21l3","mab21l3"
"9476","Prpf19","prpf19"
"9477","Itln1","si:ch211-194p6.7"
"9478","Itln1","si:ch211-194p6.12"
"9479","Aspdh","aspdh"
"9480","Chst15","chst15"
"9481","Eif2ak1","eif2ak1"
"9482","Ptgr2","ptgr2"
"9483","Tubb4b","tubb2b"
"9484","Avpr2","avpr2ab"
"9485","Avpr2","avpr2aa"
"9486","Ergic2","ergic2"
"9487","Arhgef2","arhgef2"
"9488","Cd7","si:rp71-81e14.2"
"9489","Cd7","si:ch211-165d12.4"
"9490","Myom2","myom2a"
"9491","Stx11","stx11a"
"9492","Stx11","stx11b.2"
"9493","Stx11","stx11b.1"
"9494","Shank2","shank2a"
"9495","Shank2","shank2b"
"9496","Pak4","pak4"
"9497","Ttc33","ttc33"
"9498","Magi3","wu:fi36a10"
"9499","Magi3","magi3a"
"9500","Whrn","whrna"
"9501","Efhc1","efhc1"
"9502","Wdyhv1","wdyhv1"
"9503","Epg5","epg5"
"9504","Myh11","myh11a"
"9505","Esr1","esr1"
"9506","Lrrc41","si:ch1073-342h5.2"
"9507","Col24a1","col24a1"
"9508","Camsap2","camsap2b"
"9509","Traf6","traf6"
"9510","Lrrc57","lrrc57"
"9511","Ophn1","ophn1"
"9512","Phkb","phkb"
"9513","Chmp2a","chmp2a"
"9514","Cep41","cep41"
"9515","Nelfa","nelfa"
"9516","Mettl22","mettl22"
"9517","Rad51","rad51"
"9518","Arhgap22","arhgap22"
"9519","Tpd52l2","tpd52l2b"
"9520","Rictor","rictora"
"9521","Rcan3","rcan3"
"9522","Frmd5","frmd5"
"9523","Frmd5","si:ch211-69m14.1"
"9524","Slc25a44","slc25a44a"
"9525","Slc25a44","slc25a44b"
"9526","Ube2s","ube2s"
"9527","Apob","apobb.1"
"9528","Apob","apoba"
"9529","Ankrd54","ankrd54"
"9530","Smc5","smc5"
"9531","Akap12","akap12a"
"9532","Akap12","akap12b"
"9533","Atp10a","atp10a"
"9534","Ptger1","ptger1a"
"9535","Ptger1","ptger1b"
"9536","Bnipl","bnipl"
"9537","Slx4ip","slx4ip"
"9538","Selenbp1","selenbp1"
"9539","Wdr36","wdr36"
"9540","Jam3","jam3b"
"9541","Hsd3b7","hsd3b7"
"9542","Gata5","gata5"
"9543","Zeb2","zeb2a"
"9544","Rcn2","rcn2"
"9545","Trim23","trim23"
"9546","Clcn3","clcn3"
"9547","Doc2a","doc2a"
"9548","Fsd1l","fsd1l"
"9549","Arpp19","arpp19a"
"9550","Zbtb7b","zbtb7b"
"9551","St6galnac5","st6galnac5b"
"9552","Fam8a1","fam8a1b"
"9553","Guk1","guk1b"
"9554","Lrrc8c","lrrc8c"
"9555","Rfc5","rfc5"
"9556","Dio1","dio1"
"9557","Prex1","prex1"
"9558","Soat2","soat2"
"9559","Klhl21","klhl21"
"9560","Nxph2","nxph2a"
"9561","Nupl2","nup42"
"9562","Cbarp","cbarpb"
"9563","Adhfe1","adhfe1"
"9564","Htr7","htr7a"
"9565","Prodh2","zgc:92040"
"9566","Adpgk","adpgk"
"9567","Wnk4","wnk4b"
"9568","Kcnv1","si:dkey-201i6.2"
"9569","Cckbr","si:dkey-1h24.2"
"9570","Ubxn8","ubxn8"
"9571","Ints13","ints13"
"9572","Mrpl18","mrpl18"
"9573","Rpl13","rpl13"
"9574","Fcho2","fcho2"
"9575","Otof","otofa"
"9576","Hcrt","hcrt"
"9577","Tmem203","tmem203"
"9578","Slc30a8","slc30a8"
"9579","Sgsh","sgsh"
"9580","Tsen15","tsen15"
"9581","Cmbl","cmbl"
"9582","Ppp1r42","ppp1r42"
"9583","Elovl5","elovl5"
"9584","Grina","grinaa"
"9585","Brms1l","brms1"
"9586","Osbpl3","osbpl3b"
"9587","Proca1","proca1"
"9588","Stxbp1","stxbp1a"
"9589","Mthfd1l","mthfd1l"
"9590","Gls","glsa"
"9591","Crabp1","crabp1a"
"9592","Crabp1","crabp1b"
"9593","Mfn1","mfn1b"
"9594","Il17f","il17a/f1"
"9595","C1qbp","c1qbp"
"9596","Ncam1","ncam1a"
"9597","Atp6v1e2","atp6v1e1a"
"9598","Ube4b","ube4b"
"9599","Adrb2","adrb2b"
"9600","Tmbim4","tmbim4"
"9601","Ndufv1","ndufv1"
"9602","Stat2","stat2"
"9603","Fam91a1","fam91a1"
"9604","Tspan12","tspan12"
"9605","Cd164l2","cd164l2"
"9606","Tbc1d5","tbc1d5"
"9607","Topbp1","topbp1"
"9608","Dact2","dact2"
"9609","Sned1","sned1"
"9610","Cavin4","cavin4a"
"9611","Cbln4","cbln4"
"9612","Rpl34","rpl34"
"9613","Mrpl3","mrpl3"
"9614","Gnb3","gnb3a"
"9615","Slc23a1","slc23a1"
"9616","Srfbp1","srfbp1"
"9617","Galt","galt"
"9618","Prlhr","si:dkey-202l22.3"
"9619","Brox","brox"
"9620","Mtmr7","mtmr7a"
"9621","Mtmr7","mtmr7b"
"9622","Cenpi","cenpi"
"9623","Axdnd1","axdnd1"
"9624","Tspan18","tspan18a"
"9625","Mogat2","mogat2"
"9626","Tmem131l","tmem131l"
"9627","Nol9","nol9"
"9628","Rgs7","rgs7b"
"9629","Txndc9","txndc9"
"9630","Paqr5","paqr5a"
"9631","Paqr5","paqr5b"
"9632","S100a13","s100v1"
"9633","Riok3","riok3"
"9634","Fhl3","fhl3b"
"9635","Desi1","desi1a"
"9636","Mettl9","mettl9"
"9637","Fpgt","fpgt"
"9638","Ptpa","ptpa"
"9639","Nsun6","nsun6"
"9640","Kdm3b","kdm3b"
"9641","Slc44a5","slc44a5b"
"9642","Slc44a5","slc44a5a"
"9643","Fam83e","fam83fb"
"9644","Fam83e","fam83e"
"9645","Fam83e","fam83fa"
"9646","Mta2","mta2"
"9647","Unc119b","unc119.1"
"9648","Acad9","acad9"
"9649","Vti1a","vti1a"
"9650","Gabpb2","gabpb2b"
"9651","Stab2","stab2"
"9652","Utp6","utp6"
"9653","Taok1","taok1a"
"9654","Taok1","taok1b"
"9655","Lyrm1","lyrm1"
"9656","Slc44a1","slc44a1b"
"9657","Polrmt","polrmt"
"9658","Grk3","grk3"
"9659","Kctd9","kctd9b"
"9660","Ercc2","ercc2"
"9661","Scn4b","scn4bb"
"9662","Scn4b","scn4ba"
"9663","Metap1d","metap1d"
"9664","Ubxn7","ubxn7"
"9665","Dusp6","dusp6"
"9666","Efna2","efna2b"
"9667","Lrriq3","lrriq3"
"9668","Rpa2","rpa2"
"9669","Pla2g12a","pla2g12a"
"9670","Cars","cars1"
"9671","Lmod1","lmod1b"
"9672","Riox1","riox1"
"9673","Ngly1","ngly1"
"9674","4930453N24Rik","si:ch211-261p9.4"
"9675","Eps15l1","eps15l1a"
"9676","Nudt19","nudt19"
"9677","Pdzd3","pdzd3b"
"9678","Safb","safb"
"9679","Rbm7","rbm7"
"9680","Psap","psap"
"9681","Hmox1","hmox1a"
"9682","Csdc2","csdc2a"
"9683","Cfdp1","cfdp1"
"9684","Shtn1","shtn1"
"9685","Cars2","cars2"
"9686","Hprt","hprt1"
"9687","Bud31","bud31"
"9688","Pcyt1b","pcyt1ba"
"9689","Cenpj","cenpj"
"9690","Mtrf1l","mtrf1l"
"9691","Col12a1","col12a1b"
"9692","Gm5741","si:dkey-117i10.1"
"9693","Dnajc3","dnajc3a"
"9694","Col23a1","col7a1l"
"9695","Col23a1","si:dkey-117n7.4"
"9696","Ptpmt1","ptpmt1"
"9697","Barhl2","barhl2"
"9698","Dlx6","dlx6a"
"9699","Tmem241","tmem241"
"9700","Xk","xk"
"9701","Arl2bp","arl2bp"
"9702","Pou2f1","pou2f1b"
"9703","Pex10","pex10"
"9704","Aida","aida"
"9705","Nosip","nosip"
"9706","Gng3","gng3"
"9707","Tgoln1","si:ch1073-392o20.2"
"9708","Nbn","nbn"
"9709","Mmgt2","mmgt1"
"9710","Rab11fip3","rab11fip3"
"9711","Ebna1bp2","ebna1bp2"
"9712","Ptgs2","ptgs2b"
"9713","Rab4a","rab4a"
"9714","Calhm1","si:dkeyp-80c12.5"
"9715","Ampd3","ampd3b"
"9716","Ampd3","ampd3a"
"9717","Eif3c","eif3c"
"9718","N4bp1","n4bp1"
"9719","Olah","olah"
"9720","Hapln2","hapln2"
"9721","Fam102a","fam102ab"
"9722","Urm1","urm1"
"9723","Mthfd2l","mthfd2l"
"9724","Orc3","orc3"
"9725","Polr1c","polr1c"
"9726","Cpeb1","cpeb1a"
"9727","Cpeb1","cpeb1b"
"9728","Alms1","alms1"
"9729","Lgi2","lgi2b"
"9730","Psmd14","psmd14"
"9731","Nup205","nup205"
"9732","Sort1","sort1a"
"9733","Ccnb3","ccnb3"
"9734","Bzw1","bzw1b"
"9735","2810006K23Rik","si:ch211-275j6.5"
"9736","Cbfa2t2","cbfa2t2"
"9737","Kctd15","kctd15a"
"9738","Adcy6","adcy6b"
"9739","Stk38","stk38b"
"9740","Stk38","stk38a"
"9741","Myadm","si:dkeyp-67a8.2"
"9742","Pknox2","pknox2"
"9743","Pter","pter"
"9744","Rfc3","rfc3"
"9745","Sgce","sgce"
"9746","Cfap299","cfap299"
"9747","Dram2","dram2b"
"9748","Dram2","dram2a"
"9749","Enc1","enc1"
"9750","Hadha","hadhab"
"9751","Pfn2","pfn2l"
"9752","Dhrs11","dhrs11b"
"9753","Dhrs11","zgc:92630"
"9754","Dhrs11","dhrs11a"
"9755","Mamdc4","mamdc2b"
"9756","L3mbtl2","l3mbtl2"
"9757","Hmgcll1","hmgcll1"
"9758","Exoc3l2","exoc3l2a"
"9759","Exoc3l2","exoc3l2b"
"9760","Tbccd1","tbccd1"
"9761","Cnot3","cnot3a"
"9762","Daw1","daw1"
"9763","Hmox2","hmox2b"
"9764","Prmt7","prmt7"
"9765","Psme4","psme4b"
"9766","Psme4","psme4a"
"9767","Tada2a","tada2a"
"9768","Atxn2","atxn2"
"9769","Gramd1c","gramd1c"
"9770","Tnxb","tnxba"
"9771","Tbck","tbck"
"9772","1700123O20Rik","si:ch211-14a17.11"
"9773","Rmnd5b","rmnd5b"
"9774","Rdh11","rdh12"
"9775","Ggact","ggact.3"
"9776","Ggact","ggact.2"
"9777","Ggact","ggact.1"
"9778","Nell2","si:ch211-37e10.2"
"9779","Nell2","nell2b"
"9780","Cmklr1","cmklr1"
"9781","Cmklr1","cmklrl2"
"9782","Xkr6","xkr6a"
"9783","Kcnk4","kcnk4a"
"9784","Dpp6","dpp6a"
"9785","Actr1a","actr1"
"9786","Lgals8","lgals8a"
"9787","Rybp","rybpb"
"9788","Rbm15b","rbm15b"
"9789","Cdca7","cdca7a"
"9790","Pcolce","pcolceb"
"9791","Pdp1","pdp1"
"9792","Mlc1","mlc1"
"9793","P2rx2","p2rx2"
"9794","Nrn1l","nrn1lb"
"9795","Trpc7","trpc7a"
"9796","Mtmr2","mtmr2"
"9797","Dhdh","zgc:101723"
"9798","Dhdh","dhdhl"
"9799","Gramd4","gramd4b"
"9800","Gramd4","gramd4a"
"9801","Ccs","ccs"
"9802","Slc1a7","slc1a7a"
"9803","Ttll3","ttll3"
"9804","Psen1","psen1"
"9805","Fermt2","fermt2"
"9806","Scfd1","scfd1"
"9807","Mab21l1","mab21l1"
"9808","Ckap5","ckap5"
"9809","Zbtb14","zbtb38"
"9810","G6pd2","g6pd"
"9811","Dpp7","dpp7"
"9812","Tox","tox"
"9813","Myct1","myct1a"
"9814","Chrm4","chrm4a"
"9815","Mtmr6","mtmr6"
"9816","Ncaph2","ncaph2"
"9817","Dpys","dpys"
"9818","Cercam","cercam"
"9819","Ccdc58","ccdc58"
"9820","Trpm5","trpm5"
"9821","Hnrnpk","hnrpkl"
"9822","Hnrnpk","hnrnpk"
"9823","Emp1","emp1"
"9824","Npy2r","npy2rl"
"9825","Npy2r","npy2r"
"9826","Eif3b","eif3bb"
"9827","Eif3b","eif3ba"
"9828","Hook2","hook2"
"9829","Arntl2","arntl2"
"9830","Mcat","mcat"
"9831","Rsph6a","rsph4a"
"9832","Tyw3","tyw3"
"9833","Rif1","rif1"
"9834","Ankra2","ankra2"
"9835","Dpy19l3","dpy19l3"
"9836","Pzp","si:dkey-46g23.2"
"9837","Pzp","zgc:171446"
"9838","Pzp","zgc:171445"
"9839","Pzp","si:dkey-46g23.5"
"9840","Mrgbp","mrgbp"
"9841","Nsun2","nsun2"
"9842","Slc12a9","slc12a9"
"9843","Cyp2r1","cyp2r1"
"9844","Phf12","phf12b"
"9845","Phf12","phf12a"
"9846","Ptges3","ptges3b"
"9847","Ptges3","ptges3a"
"9848","Ntm","opcml"
"9849","Def6","def6b"
"9850","Ddhd1","ddhd1a"
"9851","Tent5b","tent5ba"
"9852","Igsf9b","igsf9bb"
"9853","Mras","si:ch73-116o1.2"
"9854","Mras","mras"
"9855","Pigw","pigw"
"9856","Herc1","herc1"
"9857","Cfap43","cfap43"
"9858","Timm50","timm50"
"9859","Pipox","pipox"
"9860","Rprd1a","rprd1a"
"9861","Pnpla7","pnpla7a"
"9862","Fgg","fgg"
"9863","2510039O18Rik","si:dkeyp-104h9.5"
"9864","Atp2b4","atp2b4"
"9865","Tbc1d22b","tbc1d22b"
"9866","Col2a1","col2a1a"
"9867","Mcf2l","mcf2la"
"9868","Rab5c","rab5c"
"9869","Dmap1","dmap1"
"9870","Lrmp","lrmp"
"9871","F5","f5"
"9872","Alox5ap","alox5ap"
"9873","Bcl2l13","bcl2l13"
"9874","Tmed10","tmed10"
"9875","Copg2","copg2"
"9876","Uxt","uxt"
"9877","Dpp3","dpp3"
"9878","Zfp592","znf592"
"9879","Mogs","mogs"
"9880","Drd3","drd3"
"9881","Cyb561","cyb561"
"9882","Plcb1","si:ch1073-140o9.2"
"9883","Inip","inip"
"9884","Adck2","adck2"
"9885","Fam241a","fam241a"
"9886","Ociad2","ociad2"
"9887","Slc26a10","slc26a10"
"9888","Snrpa","snrpa"
"9889","Tmem192","tmem192"
"9890","Parp4","parp4"
"9891","Psmd8","psmd8"
"9892","Trex2","si:ch1073-296i8.2"
"9893","Rbm11","rbm11"
"9894","Sparc","sparc"
"9895","Mipol1","mipol1"
"9896","Rexo2","smfn"
"9897","Csrp2","csrp2"
"9898","H1f6","si:dkey-108k21.21"
"9899","H1f6","si:ch73-36p18.1"
"9900","H1f6","si:dkey-261m9.12"
"9901","H1f6","zgc:153405"
"9902","H1f6","histh1l"
"9903","Hoxc9","hoxc9a"
"9904","Zeb1","zeb1b"
"9905","Zeb1","zeb1a"
"9906","Zcchc7","zcchc7"
"9907","Rere","rerea"
"9908","Shd","shda"
"9909","Shd","shdb"
"9910","Emx2","emx2"
"9911","Efcab11","efcab11"
"9912","Tmem11","tmem11"
"9913","Fnta","fnta"
"9914","Elmod1","elmod1"
"9915","Ndfip2","ndfip2"
"9916","Dtl","dtl"
"9917","Atg14","zgc:113944"
"9918","Slc29a4","si:ch211-160d14.6"
"9919","Slc29a4","slc29a4"
"9920","Vps35l","vps35l"
"9921","Ahcyl2","ahcyl2b"
"9922","Cd81","cd81a"
"9923","C3","c3a.5"
"9924","C3","c3b.2"
"9925","C3","c3a.1"
"9926","C3","c3b.1"
"9927","C3","c3a.2"
"9928","C3","c3a.3"
"9929","Nav3","nav3"
"9930","Pdxk","pdxka"
"9931","Acta1","acta1b"
"9932","Acta1","actc1a"
"9933","Neo1","neo1b"
"9934","Leap2","si:dkey-22f5.9"
"9935","Lhx6","lhx6"
"9936","Lhx6","si:ch211-236k19.2"
"9937","Mfsd2a","mfsd2ab"
"9938","Galm","galm"
"9939","Esyt2","esyt2b"
"9940","Klhl26","klhl26"
"9941","Dync1i1","dync1i1"
"9942","Prkch","prkchb"
"9943","Fmn1","fmn1"
"9944","Fam3a","fam3a"
"9945","Pdgfa","pdgfaa"
"9946","Fgf20","fgf20a"
"9947","Fgf20","fgf20b"
"9948","Nelfb","nelfb"
"9949","Pygo2","pygo2"
"9950","Selenom","selenom"
"9951","Arhgap39","arhgap39"
"9952","Cavin1","cavin1a"
"9953","Hmbs","hmbsa"
"9954","Gba2","gba2"
"9955","Prkcb","prkcba"
"9956","Malsu1","si:zfos-1192g2.3"
"9957","Ntng2","ntng2a"
"9958","Ntng2","ntng2b"
"9959","Tmem177","tmem177"
"9960","Washc5","washc5"
"9961","Ucp1","ucp1"
"9962","Puf60","puf60a"
"9963","Rap1b","rap1b"
"9964","Yars","yars1"
"9965","Ric8b","ric8b"
"9966","Npffr2","npffr2b"
"9967","Uvrag","uvrag"
"9968","Wnk1","wnk1b"
"9969","Arl14epl","zgc:153292"
"9970","Arl14epl","zgc:163143"
"9971","Tmem218","tmem218"
"9972","Pdia6","pdia6"
"9973","Desi2","desi2"
"9974","Arpc2","arpc2"
"9975","Nol8","nol8"
"9976","Psmb7","psmb7"
"9977","Zfp865","si:dkeyp-69b9.6"
"9978","Scn1b","si:ch211-225p5.8"
"9979","Dab2ip","dab2ipa"
"9980","Nexmif","nexmifb"
"9981","Ercc1","ercc1"
"9982","Cry1","cry1a"
"9983","Cry1","cry1b"
"9984","Gh","gh1"
"9985","Retsat","retsat"
"9986","Retsat","zgc:154169"
"9987","Zc3h7a","zc3h7a"
"9988","Nudt9","nudt9"
"9989","Plekhd1","plekhd1"
"9990","Grip1","grip1"
"9991","Tmem18","tmem18"
"9992","Fars2","fars2"
"9993","Apln","apln"
"9994","Son","si:dkey-67c22.2"
"9995","Phka1","phka1b"
"9996","Phka1","hdac8"
"9997","Srsf3","srsf3a"
"9998","Chst12","si:dkey-26i13.7"
"9999","Chst12","si:dkey-26i13.6"
"10000","Chst12","si:dkey-26i13.5"
"10001","Chst12","si:dkey-26i13.3"
"10002","Chst12","chst12b"
"10003","Chst12","chst12a"
"10004","Git2","git2b"
"10005","Snrpb","snrpb"
"10006","Pak2","pak2a"
"10007","Usp28","usp28"
"10008","Xkrx","xkrx"
"10009","Zdhhc17","zdhhc17"
"10010","Slc12a7","slc12a7a"
"10011","Slc12a7","slc12a7b"
"10012","Slc35g2","slc35g2a"
"10013","Fkbp11","fkbp11"
"10014","Boc","boc"
"10015","Spryd4","spryd4"
"10016","Yae1d1","otulina"
"10017","Phf7","si:ch211-37e10.1"
"10018","Phf7","si:ch211-57f7.7"
"10019","Dnajc15","dnajc15"
"10020","Mug2","cpamd8"
"10021","Atp7b","atp7b"
"10022","Sash3","sash3"
"10023","Itm2c","itm2cb"
"10024","Itm2c","itm2ca"
"10025","Pecr","pecr"
"10026","Fndc7","fndc7a"
"10027","Rhoh","rhoh"
"10028","Tmco1","tmco1"
"10029","Ntrk2","ntrk2a"
"10030","Irx4","irx4b"
"10031","Pigf","pigf"
"10032","Ubxn2a","ubxn2a"
"10033","Dpp9","dpp9"
"10034","Ralgapb","ralgapb"
"10035","Adnp","adnpb"
"10036","Dcun1d1","dcun1d1"
"10037","Arhgef18","arhgef18a"
"10038","Ppip5k1","ppip5k1a"
"10039","Dnajc7","dnajc7"
"10040","Prkcz","prkcz"
"10041","Pck1","pck1"
"10042","Smyd5","smyd5"
"10043","Mapk7","mapk7"
"10044","Yes1","yes1"
"10045","Yes1","clul1"
"10046","Emilin3","emilin3a"
"10047","Bbof1","si:ch211-243o19.4"
"10048","Ehbp1l1","ehbp1l1a"
"10049","Ttc14","ttc14"
"10050","Caly","caly"
"10051","Vgll4","vgll4b"
"10052","Stx1a","stx1a"
"10053","Amh","amh"
"10054","Keap1","keap1b"
"10055","Thumpd2","thumpd2"
"10056","Srp9","srp9"
"10057","AU015836","chchd4b"
"10058","Taar1","taar1b"
"10059","Zfp418","si:ch211-198a12.6"
"10060","Isy1","isy1"
"10061","Saxo2","saxo2"
"10062","Adss","adss2"
"10063","Sfmbt2","sfmbt2"
"10064","Rab3d","rab3da"
"10065","Rab3d","rab3db"
"10066","Dapk2","dapk2a"
"10067","Sorcs3","sorcs3b"
"10068","Vhl","vhll"
"10069","Sema3b","sema3b"
"10070","Pfkfb3","pfkfb3"
"10071","Ppp2ca","ppp2ca"
"10072","Hand2","hand2"
"10073","Slco1c1","slco1c1"
"10074","Sqor","sqor"
"10075","Nol4l","nol4lb"
"10076","Chst1","chst1"
"10077","Myrip","si:ch211-106h4.9"
"10078","Apex2","apex2"
"10079","Prrxl1","drgx"
"10080","Reep1","reep1"
"10081","Mcoln3","mcoln3a"
"10082","Camkmt","camkmt"
"10083","Camkmt","si:ch73-54n14.2"
"10084","Amer3","si:dkey-231j24.3"
"10085","Mark4","si:dkey-31m14.7"
"10086","Mark4","mark4a"
"10087","Scaf11","scaf11"
"10088","Sec61g","sec61g"
"10089","Rps5","rps5"
"10090","Ucn2","ucn3l"
"10091","Il17rb","il17ra2"
"10092","Il17rb","il17ra1b"
"10093","B4galt5","b4galt6"
"10094","Enpp1","enpp1"
"10095","Vps26c","vps26c"
"10096","Cadm4","cadm4"
"10097","Bud23","bud23"
"10098","St6galnac1","st6galnac1.1"
"10099","St6galnac1","st6galnac1.2"
"10100","Klc1","klc1a"
"10101","Wapl","waplb"
"10102","Mxra8","mxra8b"
"10103","Fam43a","fam43a"
"10104","Insm1","insm1a"
"10105","Shld2","si:ch211-134m17.9"
"10106","Edn2","edn2"
"10107","Gm15262","zgc:113423"
"10108","Dock3","dock3"
"10109","Gucy2c","si:ch73-139e5.4"
"10110","Vps29","vps29"
"10111","Eif5a2","eif5a"
"10112","Eif5a2","eif5a2"
"10113","Glt8d1","glt8d1"
"10114","Rspry1","rspry1"
"10115","Neurod6","neurod6a"
"10116","Fstl5","fstl5"
"10117","Vwc2","vwc2"
"10118","Efemp2","efemp2a"
"10119","Phka2","phka2"
"10120","Fam189b","si:dkey-7f3.9"
"10121","Slc6a11","slc6a11b"
"10122","Pfdn6","pfdn6"
"10123","Jph1","jph1b"
"10124","Lrif1","si:ch211-261n11.5"
"10125","Fibin","fibina"
"10126","Gramd1b","gramd1ba"
"10127","Lgals3","lgals3a"
"10128","Polr2d","polr2d"
"10129","Snx4","snx4"
"10130","Tfeb","tfeb"
"10131","1700013F07Rik","si:ch211-163l21.7"
"10132","Rlf","rlf"
"10133","Purb","purba"
"10134","Sfrp1","sfrp1a"
"10135","Fgb","fgb"
"10136","Ccar2","ccar2"
"10137","Entpd5","entpd5a"
"10138","Slf2","slf2"
"10139","Washc1","wash1"
"10140","Pmch","pmch"
"10141","Pip5k1c","pip5k1ca"
"10142","Trnt1","trnt1"
"10143","Pknox1","pknox1.1"
"10144","Tmsb15b1","tmsb5"
"10145","Atad2b","atad2b"
"10146","Entpd8","entpd8"
"10147","Hmx3","hmx3a"
"10148","Slc23a3","slc23a3"
"10149","Ythdf3","ythdf3"
"10150","Nmrk1","nmrk1"
"10151","Vangl2","vangl2"
"10152","Mycbp2","mycbp2"
"10153","Rin1","si:ch211-168d1.3"
"10154","Rin1","rin1a"
"10155","Arhgef7","arhgef7a"
"10156","Mex3b","mex3b"
"10157","Mapk3","mapk3"
"10158","Naprt","naprt"
"10159","Josd1","josd1"
"10160","Prr14","prr14"
"10161","Rgp1","rgp1"
"10162","Cmtm8","cmtm8a"
"10163","Rfx4","rfx4"
"10164","Arnt2","arnt2"
"10165","Arrb2","arrb2a"
"10166","Arrb2","arrb2b"
"10167","Tssk4","si:ch211-22d5.2"
"10168","Pafah1b2","pafah1b2"
"10169","Zfp638","si:ch211-89o9.4"
"10170","Zfp638","si:ch211-212k18.4"
"10171","Unk","unk"
"10172","Ccdc162","si:ch73-242m19.1"
"10173","Slc38a8","slc38a8b"
"10174","Dclk1","dclk1b"
"10175","Dclk1","dclk1a"
"10176","Nptxr","cbx6b"
"10177","Nptxr","cbx6a"
"10178","St8sia5","st8sia5"
"10179","Tmem81","si:dkey-48j7.3"
"10180","Cetn3","cetn3"
"10181","Dcun1d4","dcun1d4"
"10182","Spp2","spp2"
"10183","Rhcg","rhcgl1"
"10184","Rhcg","rhcgb"
"10185","Fam184a","zgc:85722"
"10186","Dnajc5b","dnajc5b"
"10187","Ust","usta"
"10188","Bin1","bin1a"
"10189","Ucma","ucmaa"
"10190","Clec4f","zgc:174904"
"10191","Rhpn1","rhpn1"
"10192","Kcnj16","kcnj16"
"10193","Tbc1d10a","tbc1d10aa"
"10194","Mnd1","mnd1"
"10195","Socs5","socs1b"
"10196","Zfp407","znf407"
"10197","Rbbp8","rbbp8"
"10198","Emc7","emc7"
"10199","Alpk3","alpk3b"
"10200","Alpk3","alpk3a"
"10201","Fbxw10","fbxw10"
"10202","Abhd16a","abhd16a"
"10203","Cmas","cmasa"
"10204","Tnrc6b","si:dkey-217f16.6"
"10205","Tnrc6b","si:dkey-46g23.1"
"10206","Tnrc6b","tnrc6b"
"10207","Ufl1","ufl1"
"10208","Ak7","ak7a"
"10209","Chrm5","chrm5b"
"10210","Nr0b2","nr0b2a"
"10211","Slc38a2","slc38a2"
"10212","Ppfibp1","ppfibp1a"
"10213","Odc1","odc1"
"10214","Ccdc130","ccdc130"
"10215","Khsrp","khsrp"
"10216","Hyal6","hyal6"
"10217","Mtfr1","mtfr1"
"10218","Dnttip2","dnttip2"
"10219","Coa5","coa5"
"10220","Med19","med19b"
"10221","Orai1","orai1a"
"10222","Plxna2","plxna2"
"10223","Ccdc134","si:dkey-167k11.5"
"10224","Gria4","gria4b"
"10225","Apoa1","apoa1a"
"10226","Mfsd6","mfsd6a"
"10227","Ccdc12","ccdc12"
"10228","Etfdh","etfdh"
"10229","Cyb561a3","cyb561a3b"
"10230","Cyb561a3","cyb561a3a"
"10231","Atad5","atad5b"
"10232","Atad5","atad5a"
"10233","Rnf38","rnf38"
"10234","Dazl","dazl"
"10235","Acsl5","acsl5"
"10236","Api5","api5"
"10237","Pcdh19","pcdh19"
"10238","Scaper","scaper"
"10239","Cd276","cd276"
"10240","Eef1a2","eef1a2"
"10241","Nudt16l2","zgc:103759"
"10242","Grifin","grifin"
"10243","Calm3","calm2a"
"10244","Klhdc4","klhdc4"
"10245","Foxd3","foxd3"
"10246","Galns","galns"
"10247","Numb","numb"
"10248","B3galt1","b3galt1a"
"10249","Nppc","nppc"
"10250","Plac8","plac8.2"
"10251","Plac8","plac8.1"
"10252","Slc25a48","slc25a48"
"10253","Acot11","acot11a"
"10254","Acot11","acot11b"
"10255","Tmem240","tmem240a"
"10256","Abcc4","abcc4"
"10257","Pcgf6","pcgf6"
"10258","Zfhx2","si:ch73-386h18.1"
"10259","Bard1","bard1"
"10260","Arpc5","arpc5b"
"10261","Abraxas1","abraxas1"
"10262","Ephx1","ephx1"
"10263","Dyrk1a","dyrk1ab"
"10264","Dyrk1a","dyrk1aa"
"10265","Clk4","clk4a"
"10266","Ube2d1","ube2d1b"
"10267","Lsm8","lsm8"
"10268","Hsd17b3","hsd17b3"
"10269","Mmut","mut"
"10270","Rab27b","rab27b"
"10271","Grid1","grid1b"
"10272","Supt3","supt3h"
"10273","Fkbp15","si:ch211-208h16.4"
"10274","Fkbp15","si:ch73-199g24.2"
"10275","Hoxb1","hoxb1b"
"10276","Ireb2","ireb2"
"10277","Rps6ka1","rps6ka1"
"10278","Lrrk1","lrrk1"
"10279","Unc5b","unc5b"
"10280","Ugp2","ugp2a"
"10281","Mtfmt","mtfmt"
"10282","Mta3","mta3"
"10283","Rhoj","rhoj"
"10284","Dsg1c","si:ch73-74h11.1"
"10285","Pfkl","pfkla"
"10286","Aktip","aktip"
"10287","Kank1","wu:fc93h12"
"10288","Kank1","kank1a"
"10289","Atp1a1","atp1a1b"
"10290","Atp1a1","atp1a1a.4"
"10291","Rab44","rab44"
"10292","Hspb9","hspb11"
"10293","Dck","dck"
"10294","Spef1l","zgc:66426"
"10295","Abcf2","abcf2a"
"10296","Abcf2","abcf2b"
"10297","Sfr1","sfr1"
"10298","Slc8a2","slc8a2a"
"10299","Gpbp1l1","gpbp1l1"
"10300","Rab33b","rab33ba"
"10301","Snupn","snupn"
"10302","Inpp5k","inpp5ka"
"10303","Fbxw17","si:ch73-142c19.1"
"10304","Fbxw17","zgc:171857"
"10305","Dnaja3","dnaja3b"
"10306","Dnaja3","dnaja3a"
"10307","Osbpl11","osbpl11"
"10308","Wdr61","wdr61"
"10309","Piga","piga"
"10310","Cacna1b","cacna1ba"
"10311","Pax6","pax6a"
"10312","Spata6","spata6"
"10313","Myrf","myrf"
"10314","B4galnt3","b4galnt3a"
"10315","B4galnt3","b4galnt3b"
"10316","1110051M20Rik","zgc:92873"
"10317","Med23","med23"
"10318","Vps33a","vps33a"
"10319","Dis3","dis3"
"10320","Ap5z1","ap5z1"
"10321","Myog","myog"
"10322","Nos1","nos1"
"10323","Nme7","nme7"
"10324","Rassf8","rassf8b"
"10325","Gpn2","gpn2"
"10326","Pcm1","pcm1"
"10327","Myom1","myom1b"
"10328","Tspan7","tspan7b"
"10329","Yju2","yju2"
"10330","Anpep","anpepb"
"10331","Anpep","si:ch211-147g22.5"
"10332","Anpep","si:ch211-106j24.1"
"10333","Kcnn2","kcnn2"
"10334","Ssh1","ssh1a"
"10335","Ssh1","ssh1b"
"10336","Fcer1g","cd247l"
"10337","Alg1","alg1"
"10338","Traf3ip1","traf3ip1"
"10339","Scrib","scrib"
"10340","Agtpbp1","agtpbp1"
"10341","Hoxc8","hoxc8a"
"10342","Dennd1c","si:dkey-76b14.2"
"10343","Etv4","etv4"
"10344","Pfdn1","pfdn1"
"10345","Eno4","eno4"
"10346","Kcnk13","kcnk13a"
"10347","Kcnk13","kcnk13b"
"10348","Hmgxb4","hmgxb4a"
"10349","Lrrc31","lrrc31"
"10350","Uaca","uacab"
"10351","Zdhhc2","zdhhc2"
"10352","Tle3","tle3a"
"10353","Tle3","tle3b"
"10354","Hipk2","hipk2"
"10355","Bag5","bag5"
"10356","Acsm3","acsm3"
"10357","Top3a","top3a"
"10358","Tspan14","tspan14"
"10359","Trim45","trim45"
"10360","Slc35d1","slc35d1b"
"10361","Tpp1","tpp1"
"10362","Ap2a1","ap2a1"
"10363","Nars","nars1"
"10364","4932438A13Rik","si:ch211-233a24.2"
"10365","Slc26a3","slc26a3.2"
"10366","Slc26a3","slc26a3.1"
"10367","Cpt2","cpt2"
"10368","Uqcrh","uqcrh"
"10369","Actn2","actn2b"
"10370","Lpin2","lpin2"
"10371","Fbxl8","fbxl8"
"10372","Trpc5","trpc5b"
"10373","1700024G13Rik","zgc:153142"
"10374","Igfbp5","igfbp5b"
"10375","2310009B15Rik","si:dkey-121a9.3"
"10376","Ccn6","ccn6"
"10377","Aspn","aspn"
"10378","Mgarp","si:ch211-235e9.8"
"10379","Tardbp","tardbp"
"10380","Mapk8","mapk8a"
"10381","Rc3h1","rc3h1b"
"10382","Rc3h1","rc3h1a"
"10383","Dnajb12","dnajb12b"
"10384","Plcxd2","plcxd2"
"10385","Vrk3","vrk3"
"10386","Ugt1a1","ugt1b1"
"10387","Ugt1a1","ugt1b5"
"10388","Ugt1a1","ugt1b4"
"10389","Ugt1a1","ugt1b7"
"10390","Ugt1a1","ugt1b2"
"10391","Ugt1a1","ugt1b3"
"10392","Ugt1a1","ugt1ab"
"10393","Ugt1a1","ugt1a7"
"10394","Ugt1a1","ugt1a6"
"10395","Ugt1a1","ugt1a2"
"10396","Ugt1a1","ugt1a1"
"10397","Nectin3","nectin3b"
"10398","Slc4a1","slc4a1b"
"10399","Slc4a1","slc4a1a"
"10400","2200002J24Rik","prrt1"
"10401","Abcc8","abcc8"
"10402","Foxl2","foxl2a"
"10403","Cracr2b","cracr2b"
"10404","Rlim","rlim"
"10405","Ogdh","ogdha"
"10406","Alg10b","alg10"
"10407","Kdm6a","kdm6a"
"10408","Dis3l2","dis3l2"
"10409","Dusp8","dusp8a"
"10410","Gsg1l","gsg1l"
"10411","Rad9b","rad9b"
"10412","Clip1","clip1a"
"10413","Invs","invs"
"10414","Ppp1r14a","ppp1r14aa"
"10415","Ppp1r14a","ppp1r14ab"
"10416","Zfp236","znf236"
"10417","Cacna1s","cacna1sa"
"10418","Coro7","coro7"
"10419","Sf3b3","sf3b3"
"10420","Scamp2","scamp2"
"10421","Scamp2","scamp2l"
"10422","Itpr1","itpr1b"
"10423","Itpr1","itpr1a"
"10424","Mep1a","mep1a.1"
"10425","Gnal","gnal"
"10426","Cd40lg","tnfsf10l4"
"10427","Ndst1","ndst1a"
"10428","Tmem269","si:dkey-205h13.1"
"10429","Stmn4","stmn4l"
"10430","Pam16","pam16"
"10431","Rhot1","rhot1b"
"10432","Nrn1","nrn1a"
"10433","Phf2","phf2"
"10434","Lrrtm1","lrrtm1"
"10435","Klc3","klc3"
"10436","Limk2","limk2"
"10437","Hspa8","hspa8"
"10438","Dhodh","dhodh"
"10439","Batf2","si:ch211-153j24.3"
"10440","Pcdh10","pcdh10a"
"10441","Sh3bp5l","sh3bp5la"
"10442","Ppp1r3g","si:ch211-152c8.5"
"10443","Cd22","si:dkey-4c23.5"
"10444","Cd22","cd22"
"10445","Cd22","si:ch211-53m15.1"
"10446","Cd22","sc:d156"
"10447","Ppef1","ppef1"
"10448","Zbtb26","si:ch211-236k19.4"
"10449","Zfyve9","zfyve9a"
"10450","Cd28","si:dkey-1h24.6"
"10451","Ulbp1","si:ch211-147g22.4"
"10452","Ulbp1","mhc1lja"
"10453","Ulbp1","mhc1lfa"
"10454","Ulbp1","mhc1lda"
"10455","Ulbp1","mhc1lla"
"10456","Ulbp1","si:dkey-52p2.5"
"10457","Ulbp1","mhc1lga"
"10458","Ulbp1","mhc1lia"
"10459","Slc30a2","slc30a2"
"10460","Gpr157","gpr157"
"10461","Mospd1","mospd1"
"10462","Bend3","bend3"
"10463","Kcnj5","kcnj5"
"10464","Slc9a3r1","slc9a3r1a"
"10465","Htra2","zgc:174193"
"10466","Htra2","si:dkey-84o3.2"
"10467","Htra2","si:dkey-84o3.4"
"10468","Htra2","si:dkey-84o3.7"
"10469","Htra2","si:dkey-265c15.6"
"10470","C1qtnf2","c1qtnf2"
"10471","Mxd3","mxd3"
"10472","Abhd4","abhd4"
"10473","Dlx3","dlx3b"
"10474","Map6d1","map6d1"
"10475","Apoc1","apoc1"
"10476","Podxl","podxl"
"10477","Rpl12","rpl12"
"10478","Adm","adma"
"10479","Dgcr8","dgcr8"
"10480","Xkr8","si:ch211-195b13.6"
"10481","Xkr8","xkr8.1"
"10482","Xkr8","xkr8.2"
"10483","Xkr8","xkr8.3"
"10484","Zfp507","znf507"
"10485","Dhx8","dhx8"
"10486","Samd1","samd1b"
"10487","Vps18","vps18"
"10488","Chrm3","chrm3b"
"10489","Naa15","naa15a"
"10490","Tgfb1","tgfb1b"
"10491","Fbxo4","fbxo4"
"10492","Asb16","asb16"
"10493","Anp32b","anp32b"
"10494","Slc39a5","slc39a5"
"10495","Ina","inaa"
"10496","Hdhd3","hdhd3"
"10497","Zfand3","zfand3"
"10498","Rnf17","rnf17"
"10499","Yap1","yap1"
"10500","Cdkn1b","cdkn1ba"
"10501","Dennd3","dennd3b"
"10502","Gulp1","gulp1b"
"10503","Gulp1","gulp1a"
"10504","Tshb","tshba"
"10505","Ogfod2","ogfod2"
"10506","Arl4d","arl4d"
"10507","Hnrnpl","hnrnpl"
"10508","Blmh","blmh"
"10509","Rimkla","rimkla"
"10510","Pth2","pth2"
"10511","Nop53","nop53"
"10512","Shc2","shc2"
"10513","Zbtb32","mynn"
"10514","Sdc2","sdc2"
"10515","Rabggta","rabggta"
"10516","Kcnk5","kcnk5a"
"10517","Kcnk5","kcnk5b"
"10518","Adsl","adsl"
"10519","Emc1","emc1"
"10520","Agmo","agmo"
"10521","Scml2","scml2"
"10522","Gprin3","si:dkeyp-123h10.2"
"10523","Sos2","sos2"
"10524","Tmem237","tmem237b"
"10525","Irs2","irs2a"
"10526","Kdm7a","kdm7ab"
"10527","Mtor","mtor"
"10528","Atp6v1d","atp6v1d"
"10529","Mrps30","mrps30"
"10530","Tnfaip8l1","tnfaip8l1"
"10531","Slc12a8","slc12a8"
"10532","Zfp706","znf706"
"10533","Tmem200a","tmem200a"
"10534","Per2","per2"
"10535","Gm4125","nfil3-4"
"10536","Xpnpep2","xpnpep2"
"10537","Cep44","cep44"
"10538","Gstm5","gstm.2"
"10539","Gstm5","gstm.3"
"10540","C1ql1","si:dkey-5n18.1"
"10541","Alg2","alg2"
"10542","Htra1","htra1b"
"10543","Nipal3","nipal3"
"10544","Znhit3","znhit3"
"10545","Ptprs","ptprsa"
"10546","Klhl38","klhl38a"
"10547","Tdrd6","tdrd6"
"10548","Mrpl14","mrpl14"
"10549","Vat1","vat1"
"10550","Cc2d1b","cc2d1b"
"10551","Cryz","cryz"
"10552","Ildr2","ildr2"
"10553","Rbp7","rbp7b"
"10554","Rtn3","rtn3"
"10555","Ptpn20","ptpn20"
"10556","Btaf1","btaf1"
"10557","Tsr1","tsr1"
"10558","Cdh2","cdh2"
"10559","Rtl9","si:ch211-14k19.8"
"10560","Vwa8","vwa8"
"10561","B9d2","b9d2"
"10562","Mapk11","mapk11"
"10563","Acap2","si:ch211-168b3.1"
"10564","Acap2","acap2"
"10565","Dclre1c","dclre1c"
"10566","Wdr74","wdr74"
"10567","Alkbh1","alkbh1"
"10568","Gjc2","cx47.1"
"10569","Gmeb1","gmeb1"
"10570","Gja5","gja5a"
"10571","Fance","fance"
"10572","Pole","pole"
"10573","Mip","mipb"
"10574","Mip","mipa"
"10575","Triqk","triqk"
"10576","Mboat7","mboat7"
"10577","Ccdc15","ccdc15"
"10578","Nap1l4","nap1l4b"
"10579","Tom1","tom1"
"10580","Erlin2","erlin2"
"10581","Erlin2","ch25hl3"
"10582","Acin1","acin1a"
"10583","Fam135a","fam135a"
"10584","Ercc6l2","ercc6l2"
"10585","Foxn3","ches1"
"10586","Efcab10","si:dkey-42p14.3"
"10587","Klhdc9","hcfc1b"
"10588","Prkd1","prkd1"
"10589","Arfgap2","arfgap2"
"10590","Cbln2","cbln2b"
"10591","Cbln2","cbln2a"
"10592","Cobll1","cobll1b"
"10593","Cobll1","cobll1a"
"10594","Rexo4","rexo4"
"10595","Mpc2","mpc2"
"10596","Fhdc1","fhdc5"
"10597","Fhdc1","fhdc1"
"10598","Slc25a23","slc25a23a"
"10599","Slc25a23","slc25a23b"
"10600","Epc2","epc2"
"10601","Cplx2","cplx2"
"10602","C1ql3","c1ql3b"
"10603","Cox4i2","cox4i2"
"10604","Atp13a5","si:dkey-28b4.8"
"10605","Rbm31y","hnrnpdl"
"10606","Col11a2","col11a2"
"10607","Sox3","sox3"
"10608","Coro6","coro6"
"10609","Cyp26b1","cyp26b1"
"10610","Sdhb","si:dkey-31b16.7"
"10611","Osbpl9","osbpl9"
"10612","Sox6","sox6"
"10613","Lrfn5","lrfn5a"
"10614","Plbd1","si:ch73-139e5.2"
"10615","Vps37d","si:ch211-284f22.3"
"10616","Ptprm","si:ch1073-391i24.1"
"10617","Mipep","mipep"
"10618","Cxcl12","cxcl12a"
"10619","Jag2","jag1b"
"10620","Jag2","dll4"
"10621","Rida","rida"
"10622","Noxred1","noxred1"
"10623","Pcdhac2","pcdh2ac"
"10624","Pcdhac2","pcdh2ab9"
"10625","Pcdhac2","pcdh2ab11"
"10626","Crtac1","crtac1a"
"10627","Stk11","stk11"
"10628","Pitx2","pitx2"
"10629","Atxn7l2","atxn7l2a"
"10630","Abhd2","abhd2b"
"10631","Epb41l2","si:ch73-18b11.1"
"10632","Pafah1b1","pafah1b1a"
"10633","Fcho1","fcho1"
"10634","Synrg","synrg"
"10635","Abcb9","abcb9"
"10636","Ltbp1","ltbp1"
"10637","Slc13a4","slc13a4"
"10638","Kazn","kazna"
"10639","B9d1","b9d1"
"10640","Rbpms2","rbpms2a"
"10641","Rbpms2","rbpms2b"
"10642","0610010K14Rik","zgc:103508"
"10643","0610010K14Rik","zgc:92664"
"10644","Parvg","parvg"
"10645","Leng8","leng8"
"10646","Hoxb5","hoxb5b"
"10647","Oat","oat"
"10648","Arhgap20","arhgap20"
"10649","Kif20b","kif20ba"
"10650","Csgalnact2","csgalnact2"
"10651","Dgkh","dgkh"
"10652","Mrps7","mrps7"
"10653","Hsd17b1","hsd17b1"
"10654","Stam","stam"
"10655","1700025G04Rik","zgc:55943"
"10656","Serpinf1","serpinf1"
"10657","Lin7a","lin7a"
"10658","Fez2","si:ch211-57i17.1"
"10659","Atf4","atf4b"
"10660","G6pc","g6pca.2"
"10661","Tpt1","tpt1"
"10662","Ctxn1","ctxn1"
"10663","Grhl2","grhl2b"
"10664","Efna5","efna5a"
"10665","Pdzd7","pdzd7a"
"10666","Ggcx","ggcx"
"10667","Pds5b","pds5b"
"10668","Ros1","ros1"
"10669","Trdmt1","trdmt1"
"10670","Palb2","palb2"
"10671","Grap2","grap2b"
"10672","Grap2","grap2a"
"10673","Phf20","phf20b"
"10674","Phf20","phf20a"
"10675","Nipa1","nipa1"
"10676","Rapgef1","rapgef1a"
"10677","Rapgef1","rapgef1b"
"10678","Kif21a","kif21a"
"10679","Tmem86b","tmem86b"
"10680","Enox1","enox1"
"10681","Ostc","ostc"
"10682","Zfp593","znf593"
"10683","Stau2","stau2"
"10684","Slc29a1","slc29a1b"
"10685","Srrd","srrd"
"10686","Adk","adkb"
"10687","Ccr6","ccr6b"
"10688","Rundc3a","rundc3ab"
"10689","Ptpn11","ptpn11a"
"10690","Iqsec3","iqsec3a"
"10691","Iqsec3","iqsec3b"
"10692","Myo15b","myo15b"
"10693","Gadd45g","gadd45ga"
"10694","Gadd45g","gadd45gb.1"
"10695","Elmod2","elmod2"
"10696","Wnt11","wnt11"
"10697","Smc1a","smc1al"
"10698","Nme3","nme3"
"10699","Hrc","hrc"
"10700","Rpl13a","rpl13a"
"10701","Ankrd46","ankrd46b"
"10702","Clpx","clpxb"
"10703","Nphp3","nphp3"
"10704","Tspan3","tspan3b"
"10705","Tspan3","tspan3a"
"10706","Mettl6","mettl6"
"10707","Vars","vars1"
"10708","Mfn2","mfn2"
"10709","Tnfrsf21","tnfrsf21"
"10710","Stx4a","stx4"
"10711","Tyro3","tyro3"
"10712","Gsg1l2","gsg1l2b"
"10713","Abcg3","abcg2b"
"10714","Kif3a","kif3a"
"10715","Cct4","cct4"
"10716","Kcnh2","kcnh2a"
"10717","Mb21d2","mb21d2"
"10718","Helb","helb"
"10719","Pard6b","pard6b"
"10720","Ino80e","ino80e"
"10721","Slc27a1","slc27a1b"
"10722","Lzts2","lzts2a"
"10723","Chrm2","chrm2a"
"10724","Chrm2","chrm2b"
"10725","Ush1c","ush1c"
"10726","Dhdds","dhdds"
"10727","S1pr5","s1pr5b"
"10728","Sae1","sae1"
"10729","Snph","snphb"
"10730","Map2k4","map2k4a"
"10731","Adamtsl3","adamtsl3"
"10732","Erf","erf"
"10733","Ube2h","ube2h"
"10734","Clic5","clic5b"
"10735","Etl4","si:ch211-285f17.1"
"10736","Etl4","si:dkey-96n2.1"
"10737","Magi2","magi2b"
"10738","Dhx57","dhx57"
"10739","Alg13","alg13"
"10740","Zc2hc1a","zc2hc1a"
"10741","Prkci","prkci"
"10742","Cpsf4","cpsf4"
"10743","S100a11","s100a11"
"10744","Tmem97","tmem97"
"10745","Alkbh3","alkbh3"
"10746","Ppp2r2c","ppp2r2cb"
"10747","Anxa2","anxa2a"
"10748","Neto1","neto1l"
"10749","Mmp28","mmp28"
"10750","Hinfp","hinfp"
"10751","Car8","ca8"
"10752","Serpine3","serpine3"
"10753","Ociad1","ociad1"
"10754","Atp6v1c1","atp6v1c1b"
"10755","Atp6v1c1","atp6v1c1a"
"10756","Gtpbp8","si:rp71-84d19.3"
"10757","Mysm1","mysm1"
"10758","Mgst3","mgst3a"
"10759","Col9a2","col9a2"
"10760","Rps16","rps16"
"10761","Stip1","stip1"
"10762","Micu3","micu3a"
"10763","Micu3","micu3b"
"10764","Aspm","aspm"
"10765","Ift140","ift140"
"10766","Mfsd10","si:ch211-38m6.6"
"10767","Mfsd10","hiat1a"
"10768","Islr","islr2"
"10769","Leng1","leng1"
"10770","Slc18a3","slc18a3a"
"10771","Cenpa","selenoh"
"10772","Rsph3a","rsph3"
"10773","F7","f7"
"10774","F7","f7i"
"10775","Fabp7","fabp7a"
"10776","Rhou","rhoua"
"10777","Abi3","abi3b"
"10778","Pomt2","pomt2"
"10779","Bmf","bmf2"
"10780","Entpd2","entpd2b"
"10781","Entpd2","entpd2a.2"
"10782","Entpd2","entpd2a.1"
"10783","Ppp1r14bl","ppp1r14ba"
"10784","Ppp1r14bl","ppp1r14bb"
"10785","Mdc1","mdc1"
"10786","Anapc13","anapc13"
"10787","Gcnt4","gcnt4a"
"10788","Pi4kb","pi4kb"
"10789","Cdnf","cdnf"
"10790","Ankrd44","ankrd44"
"10791","Dsp","dspa"
"10792","Ccdc149","ccdc149b"
"10793","Car5b","ca5a"
"10794","Nudt22","nudt22"
"10795","Elp1","elp1"
"10796","Rspo3","rspo3"
"10797","Rcn3","rcn3"
"10798","Slc20a1","slc20a1b"
"10799","Eif3d","eif3d"
"10800","Fgf22","fgf22"
"10801","Dpt","dpt"
"10802","Sh3gl2","sh3gl2a"
"10803","Pemt","pemt"
"10804","Mks1","mks1"
"10805","Kcnip3","kcnip3b"
"10806","Grxcr1","grxcr1b"
"10807","Mrtfa","mrtfaa"
"10808","Dnal1","dnal1"
"10809","Wdr83","wdr83"
"10810","Rbm33","rbm33b"
"10811","Pcna","pcna"
"10812","Cx3cr1","ccr2"
"10813","Cox19","cox19"
"10814","Mlec","mlec"
"10815","Vps53","vps53"
"10816","Dars2","dars2"
"10817","Ptprn","ptprna"
"10818","Specc1","specc1"
"10819","Rassf2","rassf2a"
"10820","Rassf2","rassf2b"
"10821","Kcmf1","kcmf1"
"10822","Cramp1l","cramp1"
"10823","Ctdspl2","ctdspl2a"
"10824","Ctdspl2","ctdspl2b"
"10825","Ubp1","ubp1"
"10826","Cass4","cass4"
"10827","Cbll1","cbll1"
"10828","Snx30","snx30"
"10829","Jmjd7","jmjd7"
"10830","Efhc2","efhc2"
"10831","Porcn","porcnl"
"10832","Porcn","porcn"
"10833","Mcu","mcu"
"10834","Nbr1","nbr1a"
"10835","Ep300","ep300a"
"10836","Ep300","ep300b"
"10837","Cnpy1","cnpy1"
"10838","Ints1","ints1"
"10839","Gp2","si:ch73-181m17.1"
"10840","Gp2","si:dkey-239b22.2"
"10841","Shroom3","shroom3"
"10842","Lsr","lsr"
"10843","Sec23ip","sec23ip"
"10844","Drc7","ccdc135"
"10845","Tnrc6c","tnrc6c1"
"10846","AW209491","zgc:55781"
"10847","Plekha6","plekha6"
"10848","Blm","blm"
"10849","Lrit1","lrit1a"
"10850","Dapk3","dapk3"
"10851","Ttc34","ttc34"
"10852","Slc16a1","slc16a1a"
"10853","Slc16a1","slc16a1b"
"10854","Cop1","cop1"
"10855","Cdc25a","cdc25d"
"10856","Cald1","cald1b"
"10857","Dnajb13","dnajb13"
"10858","Irx6","irx6a"
"10859","Slc43a1","slc43a1b"
"10860","Ppard","ppardb"
"10861","Ppard","pparda"
"10862","Hic1","hic1"
"10863","Angpt1","angpt1"
"10864","Artn","artna"
"10865","Rasal3","rasal3"
"10866","Trub1","trub1"
"10867","Ciapin1","ciapin1"
"10868","Gcdh","gcdhb"
"10869","Sfxn3","sfxn3"
"10870","Foxd1","foxd2"
"10871","Ppp1r9b","ppp1r9bb"
"10872","Golga3","golga3"
"10873","Cela1","cela1.6"
"10874","Cela1","cela1.1"
"10875","Cela1","cela1.2"
"10876","Cela1","cela1.3"
"10877","Cela1","cela1.4"
"10878","Cela1","cela1.5"
"10879","Cela1","si:ch73-44m9.5"
"10880","Med27","med27"
"10881","Man1b1","man1b1b"
"10882","Eif4ebp3","eif4ebp3l"
"10883","Mapk14","mapk14b"
"10884","Mapk14","mapk14a"
"10885","Atraid","atraid"
"10886","Slc25a13","slc25a13"
"10887","Ppp6r2","ppp6r2b"
"10888","Sin3a","sin3aa"
"10889","Sin3a","sin3ab"
"10890","Sptbn5","sptbn5"
"10891","Npb","npb"
"10892","Sbf2","sbf2"
"10893","Ctcf","ctcf"
"10894","Elovl3","elovl6l"
"10895","Id3","id3"
"10896","Ddx10","ddx10"
"10897","Insr","insra"
"10898","Rai14","rai14"
"10899","Endog","endog"
"10900","Haus6","haus6"
"10901","Osgin2","osgin2"
"10902","Mcam","mcama"
"10903","Bsg","bsg"
"10904","Cd37","cd37"
"10905","Kdf1","kdf1a"
"10906","Gfi1b","gfi1b"
"10907","Cadm1","cadm1a"
"10908","Poln","poln"
"10909","Kpna3","kpna3"
"10910","Camkk1","camkk1b"
"10911","Coch","coch"
"10912","Sox5","sox5"
"10913","Clcn5","clcn5b"
"10914","Clcn5","clcn5a"
"10915","Lztfl1","lztfl1"
"10916","Ccnc","ccnc"
"10917","Ndst4","ndst3"
"10918","Atg7","atg7"
"10919","Apbb1ip","apbb1ip"
"10920","Serpind1","serpind1"
"10921","Mtx1","mtx1b"
"10922","Mrpl46","mrpl46"
"10923","Etaa1","si:dkey-78p8.1"
"10924","Twist2","twist2"
"10925","Igsf3","igsf3"
"10926","Ranbp2","ranbp1"
"10927","Eif1b","eif1b"
"10928","Hnrnpul2","si:ch211-107m4.1"
"10929","Gabbr1","gabbr1a"
"10930","Gabbr1","gabbr1b"
"10931","Wdr91","wdr91"
"10932","Zc3h18","zc3h18"
"10933","Grpel2","grpel2"
"10934","Sdhaf3","sdhaf3"
"10935","Tnks","tnksb"
"10936","Tnks","tnksa"
"10937","Cdc42bpa","cdc42bpab"
"10938","Pawr","pawr"
"10939","Tgm1","tgm1l1"
"10940","Tgm1","tgm1"
"10941","Myh14","myh14"
"10942","Prom2","prom2"
"10943","Tbc1d9","tbc1d9"
"10944","Ptchd4","ptchd4"
"10945","Atp1b3","atp1b3a"
"10946","Zdhhc15","zdhhc15b"
"10947","Usf2","usf2"
"10948","Pacs2","pacs2"
"10949","Acvr2a","acvr2aa"
"10950","Lztr1","lztr1"
"10951","Fbxw7","fbxw7"
"10952","Tnrc18","tnrc18"
"10953","Acbd5","acbd5a"
"10954","Ccdc174","ccdc174"
"10955","Ptpn13","ptpn13"
"10956","Ino80c","ino80c"
"10957","Klf3","klf3"
"10958","Mtrr","mtrr"
"10959","Nbeal2","nbeal2"
"10960","Cav2","cav2"
"10961","Ip6k2","ip6k2b"
"10962","Yipf2","yipf2"
"10963","Trmu","trmu"
"10964","Skap1","skap1"
"10965","Snx22","snx22"
"10966","Tet3","tet3"
"10967","Klhl10","klhl10b.1"
"10968","Klhl10","klhl10b.2"
"10969","Klhl10","klhl10a"
"10970","Sparcl1","sparcl1"
"10971","Adal","adal"
"10972","Esm1","esm1"
"10973","Suds3","suds3"
"10974","2210016F16Rik","zgc:136564"
"10975","Nppa","nppa"
"10976","Aldh9a1","aldh9a1a.2"
"10977","Aldh9a1","aldh9a1a.1"
"10978","Thbs4","thbs4b"
"10979","Aamp","aamp"
"10980","Htr3b","htr3b"
"10981","Neb","neb"
"10982","Higd1b","higd1a"
"10983","Arl6","arl6"
"10984","Atp6v0e2","atpv0e2"
"10985","Layn","layna"
"10986","Layn","laynb"
"10987","Tada2b","tada2b"
"10988","Kri1","kri1"
"10989","Tgfa","tgfa"
"10990","Robo1","robo1"
"10991","Hivep3","hivep3a"
"10992","Hivep3","hivep3b"
"10993","Syp","sypb"
"10994","Syp","sypa"
"10995","Mmachc","mmachc"
"10996","Plrg1","plrg1"
"10997","Ing2","ing2"
"10998","Klhl22","klhl22"
"10999","Egfl6","egfl6"
"11000","Scara5","scara5"
"11001","Slc9a6","slc9a6a"
"11002","Ccne2","ccne2"
"11003","Dguok","dguok"
"11004","Ffar1","si:dkey-211g8.9"
"11005","Six5","six5"
"11006","Hoxc6","hoxc6a"
"11007","Tpm4","tpm4b"
"11008","Trpm3","trpm3"
"11009","Fgf16","fgf16"
"11010","Bnc2","bnc2"
"11011","C77080","si:ch211-194e15.5"
"11012","Sgpp1","si:ch211-212g7.6"
"11013","Tmem62","tmem62"
"11014","Cd5l","si:ch73-127m5.1"
"11015","Ppp1r9a","ppp1r9a"
"11016","Lama3","si:ch211-241e1.3"
"11017","Alox12","alox12"
"11018","Ythdf2","ythdf2"
"11019","Nsmf","nsmfa"
"11020","Zfp281","znf281a"
"11021","Smap2","smap2"
"11022","Htr4","htr4"
"11023","Decr2","decr2"
"11024","Cwc15","cwc15"
"11025","Eif3j2","eif3jb"
"11026","Abhd6","abhd6b"
"11027","Grm2","grm2b"
"11028","Gpc3","gpc3"
"11029","Has3","has3"
"11030","Enkur","enkur"
"11031","Foxm1","foxm1"
"11032","Sem1","sem1"
"11033","Sytl5","sytl5"
"11034","Smarcd3","smarcd3a"
"11035","Abcd4","abcd4"
"11036","Srrt","srrt"
"11037","Isg20","isg20l2"
"11038","Isg20","isg20"
"11039","Spsb1","spsb1"
"11040","A1cf","a1cf"
"11041","Igf2bp3","igf2bp3"
"11042","A930017K11Rik","si:ch211-248l17.3"
"11043","Gramd1a","gramd1a"
"11044","Fam210b","fam210b"
"11045","Srpr","srpra"
"11046","Napepld","napepld"
"11047","Rftn1","rftn1a"
"11048","Arfip1","arfip1"
"11049","Sulf2","sulf2b"
"11050","Myl2","myl2b"
"11051","Matn3","matn3a"
"11052","Matn3","matn3b"
"11053","Kcnh4","kcnh4a"
"11054","Eme1","eme1"
"11055","Mlxip","mlxip"
"11056","Fgf5","fgf5"
"11057","Eef1d","eef1db"
"11058","Snx8","snx8b"
"11059","Snx8","snx8a"
"11060","Aldh8a1","aldh8a1"
"11061","Oaz3","oaz1b"
"11062","Mfsd5","mfsd5"
"11063","Emilin2","emilin2a"
"11064","Emilin2","emilin2b"
"11065","Kcnj14","kcnj14"
"11066","Maz","si:ch211-166g5.4"
"11067","Laptm4b","laptm4b"
"11068","Odf3l2","odf3l2a"
"11069","Srek1ip1","srek1ip1"
"11070","Eif2b4","eif2b4"
"11071","Hsbp1","hsbp1a"
"11072","Lox","loxa"
"11073","Tssk6","tssk6"
"11074","Phf6","phf6"
"11075","Senp8","senp8"
"11076","Nme6","nme6"
"11077","Rasgrf1","si:ch211-234p18.3"
"11078","Coro1a","coro1a"
"11079","Irx5","irx5a"
"11080","Aacs","aacs"
"11081","Noct","nocta"
"11082","Fam222a","si:ch211-242f23.8"
"11083","Adam23","adam23a"
"11084","Casd1","casd1"
"11085","Kcnk9","kcnk9"
"11086","Taf6","taf6"
"11087","Psmg3","psmg3"
"11088","Prdx4","prdx4"
"11089","Maff","maff"
"11090","Slc25a1","si:dkey-178e17.1"
"11091","Ccdc65","ccdc65"
"11092","Tbc1d15","tbc1d15"
"11093","Extl2","extl2"
"11094","Med16","med16"
"11095","Gask1b","gask1b"
"11096","Ackr4","ackr4a"
"11097","Ttc39a","ttc39a"
"11098","Chrna9","chrna9"
"11099","Ssbp3","ssbp3a"
"11100","Ssbp3","ssbp3b"
"11101","Tbc1d2","tbc1d2"
"11102","Gtf2f2","gtf2f2a"
"11103","Tmem255b","si:dkey-283j8.1"
"11104","Hnf1a","hnf1a"
"11105","Fkbp1b","fkbp1b"
"11106","Tuba1a","tuba1b"
"11107","Apba1","apba1b"
"11108","Gxylt2","gxylt2"
"11109","Pde3a","pde3a"
"11110","Hcrtr2","hcrtr2"
"11111","Mib1","mib1"
"11112","Tm7sf2","tm7sf2"
"11113","Pa2g4","pa2g4a"
"11114","Mdk","mdka"
"11115","Itga6","itga6b"
"11116","Itga6","itga6a"
"11117","Zmynd12","zmynd12"
"11118","Srd5a1","srd5a1"
"11119","Ocln","oclna"
"11120","Dctn3","dctn3"
"11121","Clock","clocka"
"11122","Nhsl2","nhsl2"
"11123","Ino80","ino80"
"11124","Nphs2","nphs2"
"11125","Ikzf5","ikzf5"
"11126","Foxo6","foxo3a"
"11127","Foxo6","foxo3b"
"11128","Pcbp4","pcbp4"
"11129","Napb","napba"
"11130","Napb","napbb"
"11131","Txnl4b","txnl4b"
"11132","Sash1","sash1a"
"11133","Ddhd2","ddhd2"
"11134","Zbtb41","zbtb41"
"11135","Dhrs2","zgc:158868"
"11136","Dhrs2","si:ch73-186j5.2"
"11137","Dhrs2","zgc:113054"
"11138","Qtrt2","qtrt2"
"11139","Sco2","sco2"
"11140","Ehd1","ehd1b"
"11141","Wdr11","wdr11"
"11142","Cyth3","cyth3a"
"11143","BC003965","si:ch211-231f6.6"
"11144","Dyrk3","dyrk3"
"11145","Slc4a10","slc4a10a"
"11146","Slc4a10","slc4a10b"
"11147","Prpf38a","prpf38a"
"11148","Kdelr2","kdelr2b"
"11149","C1ql4","c1ql4a"
"11150","Lyrm4","si:ch211-152c8.4"
"11151","Pax5","pax5"
"11152","Ccdc96","ccdc96"
"11153","Zbtb48","zbtb48"
"11154","Rpsa","rpsa"
"11155","Shmt1","shmt1"
"11156","Orc5","orc5"
"11157","Por","porb"
"11158","Panx2","panx2"
"11159","Phf14","phf14"
"11160","E2f5","e2f5"
"11161","Foxk2","si:ch211-262e15.1"
"11162","Tcea3","tcea3"
"11163","Fbln2","fbln2"
"11164","Scap","scap"
"11165","Aar2","aar2"
"11166","Hhatl","hhatla"
"11167","Cobl","cobl"
"11168","Cdh26","cdh26.1"
"11169","Vkorc1","vkorc1"
"11170","Gsdme","gsdmeb"
"11171","Pgap3","pgap3"
"11172","Chrna4","chrna4a"
"11173","Pcyt2","pcyt2"
"11174","Ppdpf","ppdpfb"
"11175","Bbs9","bbs9"
"11176","Sgta","sgta"
"11177","Tmem79","tmem79a"
"11178","C9","c9"
"11179","Tnmd","tnmd"
"11180","Borcs7","borcs7"
"11181","Ncapd3","ncapd3"
"11182","Jpt2","jpt2"
"11183","Mycl","myclb"
"11184","Wnt7a","wnt7aa"
"11185","Cbx7","cbx7b"
"11186","Cbx7","cbx7a"
"11187","Slc25a32","slc25a32b"
"11188","Neu3","neu3.1"
"11189","Neu3","neu3.2"
"11190","Neu3","neu3.3"
"11191","Neu3","neu3.4"
"11192","Neu3","neu3.5"
"11193","Mybl1","mybl1"
"11194","Slc38a5","slc38a5a"
"11195","Nptn","nptnb"
"11196","Grem1","grem1a"
"11197","Rac2","rac2"
"11198","Oaz1","oaz1a"
"11199","Pdia2","pdia2"
"11200","Neurod2","neurod2"
"11201","Cnpy4","cnpy4"
"11202","Oaz2","oaz2a"
"11203","Oaz2","oaz2b"
"11204","Hbs1l","hbs1l"
"11205","Slc16a8","slc16a8"
"11206","Tfap2e","tfap2e"
"11207","Avpi1","si:ch211-197k17.3"
"11208","Uso1","uso1"
"11209","Eif2b3","eif2b3"
"11210","Ankrd33b","ankrd33ba"
"11211","Rrp36","rrp36"
"11212","Enah","enah"
"11213","Ankdd1b","ankdd1b"
"11214","Cps1","cps1"
"11215","Ppm1b","ppm1ba"
"11216","Cpsf2","cpsf2"
"11217","Kif1b","kif1b"
"11218","Cops4","cops4"
"11219","Egf","egf"
"11220","Atp5j","atp5pf"
"11221","Mylip","mylipb"
"11222","Pkmyt1","pkmyt1"
"11223","Cldn10","si:ch211-181l5.2"
"11224","Cldn10","cldn10a"
"11225","Galk2","galk2"
"11226","Thg1l","thg1l"
"11227","Polg","polg"
"11228","4833420G17Rik","zgc:153352"
"11229","Ppid","ppid"
"11230","Usp48","usp48"
"11231","Slc26a6","slc26a6"
"11232","Slc26a6","si:ch211-117c9.2"
"11233","Myzap","myzap"
"11234","Sirt2","sirt2"
"11235","Man1c1","si:ch73-373m9.1"
"11236","Slc25a25","slc25a25b"
"11237","Gm5065","lgalslb"
"11238","Gm5065","lgalsla"
"11239","Dcaf17","dcaf17"
"11240","Mrpl27","mrpl27"
"11241","Fhl1","fhl1a"
"11242","Ppbp","cxcl18b"
"11243","Zfp652","znf652"
"11244","Gpr26","gpr26"
"11245","Cd82","cd82a"
"11246","St8sia1","st8sia1"
"11247","Prepl","prepl"
"11248","Paip1","paip1"
"11249","Gripap1","gripap1"
"11250","Tesk2","tesk2"
"11251","Dennd1b","dennd1b"
"11252","Pdf","pdf"
"11253","Ppfia2","ppfia2"
"11254","Fkbp5","fkbp5"
"11255","Was","wasa"
"11256","Slc24a2","slc24a2"
"11257","Gdf9","gdf9"
"11258","Kpna1","kpna1"
"11259","Atp5pb","atp5pb"
"11260","Vdac3","vdac3"
"11261","Nfix","nfixa"
"11262","Mapk15","mapk15"
"11263","Ogfod1","ogfod1"
"11264","Telo2","telo2"
"11265","Fam114a1","fam114a1"
"11266","Rftn2","rftn2"
"11267","Adra1d","adra1d"
"11268","Cd8a","cd8a"
"11269","F2r","f2r"
"11270","Itga5","itga5"
"11271","Kat6a","kat6a"
"11272","Klhl20","klhl20"
"11273","Med11","med11"
"11274","Tubb2b","tubb2"
"11275","Rab13","rab13"
"11276","Hyal4","hyal4"
"11277","Rarg","rarga"
"11278","Egfr","egfra"
"11279","Clp1","clp1"
"11280","Map3k20","zak"
"11281","Thsd7b","thsd7bb"
"11282","Msh6","msh6"
"11283","Sdad1","sdad1"
"11284","Rmi2","rmi2"
"11285","Irak3","irak3"
"11286","Angptl7","angptl7"
"11287","Plekhh1","plekhh1"
"11288","Prpf18","prpf18"
"11289","Rwdd4a","rwdd"
"11290","Uba5","uba5"
"11291","Ttc26","ttc26"
"11292","Col6a1","col6a1"
"11293","Zbtb33","zbtb33"
"11294","Wdr76","wdr76"
"11295","Abce1","abce1"
"11296","Krcc1","zgc:171482"
"11297","Gja8","gja8a"
"11298","Uba2","uba2"
"11299","Dtx4","dtx4b"
"11300","Hsh2d","hsh2d"
"11301","Pkd1l3","pkd1b"
"11302","Prkcq","prkcq"
"11303","Gipc3","gipc3"
"11304","Slc26a4","slc26a4"
"11305","Rbm25","rbm25b"
"11306","Zfpm2","zfpm2a"
"11307","Opn5","opn5"
"11308","Dbndd2","si:ch211-253b8.5"
"11309","Hdac6","hdac6"
"11310","Gm715","zgc:77849"
"11311","Lrrc4b","lrrc4ba"
"11312","Kdr","kdr"
"11313","Crtc2","crtc2"
"11314","Dynlrb1","dynlrb1"
"11315","Ddx55","ddx55"
"11316","Gfra1","gfra1a"
"11317","Gfra1","gfra1b"
"11318","Twf1","twf1b"
"11319","Sobp","sobpa"
"11320","Rab8b","rab8b"
"11321","Scn10a","scn12aa"
"11322","Dlg5","dlg5a"
"11323","Gria2","gria2b"
"11324","Msl1","msl1b"
"11325","Foxo1","foxo1b"
"11326","Fga","fga"
"11327","Gm1673","si:dkeyp-75h12.5"
"11328","Abcg1","abcg1"
"11329","Fbrs","fbrs"
"11330","Grhl1","grhl1"
"11331","Fh1","fh"
"11332","Dclk2","dclk2a"
"11333","Pck2","pck2"
"11334","Tradd","tradd"
"11335","Ano5","ano5a"
"11336","Trpm4","trpm4a"
"11337","Ezr","ezrb"
"11338","Ezr","ezra"
"11339","Nhp2","nhp2"
"11340","Dcaf10","wdr32"
"11341","Mgat4a","mgat4a"
"11342","Car6","ca6"
"11343","Tfpi","tfpia"
"11344","Tnip2","tnip2"
"11345","Papolg","papolg"
"11346","Chst3","chst3a"
"11347","Parp6","parp6a"
"11348","Parp6","parp6b"
"11349","Dus4l","dus4l"
"11350","Per3","per3"
"11351","Gadd45b","gadd45ba"
"11352","Tomm40","tomm40"
"11353","Serping1","serping1"
"11354","Slirp","slirp"
"11355","Elof1","elof1"
"11356","Ttk","ttk"
"11357","Lmod2","lmod2a"
"11358","Arhgef12","arhgef12b"
"11359","Aldh5a1","aldh5a1"
"11360","Xrra1","xrra1"
"11361","Znfx1","znfx1"
"11362","Zbtb24","zbtb24"
"11363","Slc35b2","slc35b2"
"11364","Afap1l1","afap1l1b"
"11365","Trmt10c","trmt10c"
"11366","Ankrd24","ankrd24"
"11367","Ikzf1","ikzf1"
"11368","Rcn1","rcn1"
"11369","Cops5","cops5"
"11370","BC034090","si:ch211-13f8.1"
"11371","Ncf2","ncf2"
"11372","Bri3bp","bri3bp"
"11373","6430548M08Rik","zgc:91860"
"11374","Prim1","prim1"
"11375","Rangap1","rangap1b"
"11376","Cldnd1","cldnd1b"
"11377","Taf1b","taf1b"
"11378","Obscn","obscnb"
"11379","Sec31b","sec31b"
"11380","Eprs","eprs1"
"11381","Vezf1","vezf1b"
"11382","Pkhd1l1","pkhd1l1"
"11383","Pkhd1l1","si:ch211-244a23.1"
"11384","Dync2li1","dync2li1"
"11385","Pex2","pex2"
"11386","Smarcad1","smarcad1b"
"11387","Mvp","mvp"
"11388","Ppp1r37","ppp1r37"
"11389","Rrh","rrh"
"11390","Add2","add2"
"11391","Arl4c","arl4ca"
"11392","Tspear","tspeara"
"11393","Smarcc1","smarcc1a"
"11394","Csnk2a2","csnk2a2a"
"11395","Mark2","mark2a"
"11396","Sh3gl3","sh3gl3a"
"11397","Lmf2","lmf2b"
"11398","Lmf2","lmf2a"
"11399","Vegfa","vegfab"
"11400","Galnt7","galnt7"
"11401","Asah2","asah2"
"11402","Dipk2b","dipk2b"
"11403","Chaf1b","chaf1b"
"11404","Lyve1","lyve1a"
"11405","Slc36a1","slc36a1"
"11406","Jak2","jak2a"
"11407","Nubpl","nubpl"
"11408","Samd7","samd7"
"11409","Galc","galca"
"11410","Nsrp1","nsrp1"
"11411","Topaz1","topaz1"
"11412","Sox2","sox2"
"11413","Ano3","ano3"
"11414","Gk5","gk5"
"11415","Mpv17","mpv17"
"11416","Dtnb","dtnbb"
"11417","Il12b","il12bb"
"11418","Trpc4ap","trpc4apb"
"11419","Trpc4ap","trpc4apa"
"11420","Kcnj11","kcnj11"
"11421","Celf5","celf5b"
"11422","Phldb1","phldb1a"
"11423","Phldb1","phldb1b"
"11424","Mrc1","mrc1b"
"11425","Nelfe","nelfe"
"11426","Med30","med30"
"11427","Prex2","prex2"
"11428","Git1","git1"
"11429","Otud4","otud4"
"11430","Rpl14","rpl14"
"11431","Ndufa9","ndufa9a"
"11432","Tprkb","tprkb"
"11433","Foxe1","foxe3"
"11434","Maco1","si:dkey-12h9.6"
"11435","Pth2r","pth2ra"
"11436","Pth2r","pth2rb"
"11437","Ahsg","ahsg2"
"11438","Slit1","slit1b"
"11439","Ccna1","ccna1"
"11440","Idh3g","idh3g"
"11441","Otc","otc"
"11442","Hdac7","hdac7b"
"11443","Slc39a6","slc39a6"
"11444","Greb1l","greb1l"
"11445","Kcnc1","kcnc1b"
"11446","Kcnc1","kcnc1a"
"11447","Ddit3","ddit3"
"11448","Rgcc","rgcc"
"11449","Ush1g","ush1gb"
"11450","Nsa2","nsa2"
"11451","Chtf8","chtf8"
"11452","Frg1","frg1"
"11453","Smim19","smim19"
"11454","Neurod4","neurod4"
"11455","Mcfd2","mcfd2"
"11456","Cfap157","cfap157"
"11457","Eml3","eml3"
"11458","Cbln3","cbln12"
"11459","Cbln3","cbln18"
"11460","Cbln3","cbln20"
"11461","Cbln3","cbln11"
"11462","Polr1e","polr1e"
"11463","Rras","rras"
"11464","Srd5a2","srd5a2b"
"11465","Fam219a","fam219ab"
"11466","Ptprn2","ptprn2"
"11467","Pglyrp1","pglyrp5"
"11468","Mapt","maptb"
"11469","Lins1","lins1"
"11470","Rab3il1","rab3il1"
"11471","Frs2","frs2b"
"11472","Pcdh8","si:ch211-199f5.1"
"11473","Loxl3","loxl3b"
"11474","Slc2a6","slc2a6"
"11475","Itpr3","itpr3"
"11476","Dscaml1","dscaml1"
"11477","Ttyh1","ttyh1"
"11478","Stard13","stard13b"
"11479","Stard13","stard13a"
"11480","Lpin1","si:ch73-21k16.1"
"11481","Coa7","coa7"
"11482","Dzip1","dzip1"
"11483","Adar","adar"
"11484","Foxred1","foxred1"
"11485","Sh3bp1","sh3bp1"
"11486","Epn2","epn2"
"11487","Cdkn2c","cdkn2c"
"11488","Ccdc86","si:ch211-217k17.7"
"11489","Smpd1","smpd1"
"11490","Wiz","si:ch211-194b1.1"
"11491","Wiz","si:dkey-217d24.6"
"11492","Acer1","acer1"
"11493","Irf2bpl","irf2bpl"
"11494","Plp1","plp1a"
"11495","Cybrd1","cybrd1"
"11496","Abtb1","abtb1"
"11497","Fam162b","fam162a"
"11498","Ndufs6","ndufs6"
"11499","Sytl3","sytl3"
"11500","Paqr3","paqr3b"
"11501","Paqr3","paqr3a"
"11502","Fermt1","fermt1"
"11503","Rap2a","rap2ab"
"11504","Col1a1","col1a1a"
"11505","Rala","ralaa"
"11506","Rala","ralab"
"11507","Rab6b","rab6bb"
"11508","Rab6b","rab6ba"
"11509","Ribc2","ribc2"
"11510","Nat8l","nat8l"
"11511","Dtnbp1","dtnbp1a"
"11512","Tmem144","tmem144b"
"11513","Ptpn4","ptpn4b"
"11514","Rufy2","rufy2"
"11515","Nudt13","nudt13"
"11516","Rock2","rock2a"
"11517","Gnat1","gnat1"
"11518","Tbc1d31","tbc1d31"
"11519","Znrd2","znrd2"
"11520","Frmd8","frmd8"
"11521","Yipf7","zgc:123321"
"11522","Dhfr","dhfr"
"11523","Celsr1","celsr1b"
"11524","Celsr1","celsr1a"
"11525","Ptpre","ptprea"
"11526","Cldn11","cldn11b"
"11527","Cldn11","cldn11a"
"11528","Nxt2","nxt2"
"11529","Anks3","anks3"
"11530","Adamts18","adamts18"
"11531","Acss3","acss3"
"11532","Bcat1","bcat1"
"11533","Tox3","tox3"
"11534","Smarca4","smarca4a"
"11535","Socs2","socs2"
"11536","Mlip","mlip"
"11537","Nup37","nup37"
"11538","Rbms1","rbms1a"
"11539","Tfap2c","tfap2c"
"11540","Rhox10","shox2"
"11541","Jun","jun"
"11542","Cdh17","cdh17"
"11543","Heatr4","si:dkey-13p1.3"
"11544","Traf1","traf1"
"11545","Snx17","snx17"
"11546","Cwc27","cwc27"
"11547","Rabl2","rabl2"
"11548","Pex5","pex5"
"11549","Clstn3","clstn3"
"11550","Coro2a","coro2a"
"11551","Polr2f","polr2f"
"11552","Mmp14","mmp14b"
"11553","Phldb2","phldb2b"
"11554","Nr2f1","nr2f1a"
"11555","Nr2f1","nr2f1b"
"11556","Entr1","entr1"
"11557","Ttc32","ttc32"
"11558","Zfpm1","zfpm1"
"11559","Stxbp5l","stxbp5l"
"11560","Mep1b","mep1b"
"11561","Fdps","fdps"
"11562","Stambp","stambpb"
"11563","Gdap2","gdap2"
"11564","Emsy","emsy"
"11565","Pias1","pias1a"
"11566","Slc4a1ap","slc4a1ap"
"11567","B230219D22Rik","si:ch1073-44g3.1"
"11568","2310011J03Rik","si:ch73-238c9.1"
"11569","Eloa","eloa"
"11570","Syngr3","syngr3a"
"11571","Ptger4","ptger4b"
"11572","Mettl16","mettl16"
"11573","Rbm14","rbm14b"
"11574","Rbm14","rbm14a"
"11575","Gcat","gcat"
"11576","Taf5","taf5"
"11577","Ttc19","ttc19"
"11578","Aurka","aurka"
"11579","Tfb1m","tfb1m"
"11580","Rasa4","rasa4"
"11581","Fbxl7","fbxl7"
"11582","Mfge8","mfge8a"
"11583","Mast1","mast1b"
"11584","Them4","them4"
"11585","Mpzl2","mpzl2b"
"11586","Evi5l","si:ch211-239f4.1"
"11587","Actr5","actr5"
"11588","Snap23","snap23.2"
"11589","Snap23","snap23.1"
"11590","Tgif1","tgif1"
"11591","Unc5d","unc5da"
"11592","Unc5d","unc5db"
"11593","Adap2","adap2"
"11594","Rint1","rint1"
"11595","Tmem179b","zgc:110591"
"11596","Rabac1","rabac1"
"11597","Slc6a19","slc6a19b"
"11598","Armc1","armc1"
"11599","Slc39a9","slc39a9"
"11600","Rims2","rims2a"
"11601","2700049A03Rik","si:ch211-185a18.2"
"11602","Ltv1","ltv1"
"11603","Igf1","igf1"
"11604","Slc6a18","slc6a18"
"11605","Drd2","drd2b"
"11606","Slc8b1","slc8b1"
"11607","Inpp5j","inpp5jb"
"11608","Inpp5j","inpp5ja"
"11609","Wdr73","wdr73"
"11610","Golgb1","golgb1"
"11611","Ubn2","ubn2a"
"11612","Faxc","faxca"
"11613","Ttc6","ttc6"
"11614","Arid2","arid2"
"11615","Mbp","mbpb"
"11616","Tmbim7","zgc:110410"
"11617","H4c1","hist1h4l"
"11618","H4c1","zgc:165555"
"11619","Rtn4rl2","rtn4rl2a"
"11620","Txnl1","txnl1"
"11621","Mgat4b","mgat4b"
"11622","Dolpp1","dolpp1"
"11623","Scp2","scp2a"
"11624","Cplx3","cplx3b"
"11625","Cplx3","cplx3a"
"11626","Ndfip1","ndfip1"
"11627","Ndfip1","ndfip1l"
"11628","Plxdc1","plxdc1"
"11629","Dnajc5","dnajc5ab"
"11630","Eif4h","eif4h"
"11631","BC051019","si:dkey-8l13.5"
"11632","Adamts12","adamts12"
"11633","Poll","poll"
"11634","Prr15","prr15la"
"11635","Kbtbd2","kbtbd2"
"11636","Btbd9","btbd9"
"11637","Tmem106b","tmem106bb"
"11638","Calb2","calb2b"
"11639","Kcnab1","kcnab1a"
"11640","Cpa6","cpa6"
"11641","Prmt2","prmt2"
"11642","Ptpru","ptprua"
"11643","Ptpru","ptprub"
"11644","Asb2","asb2a.1"
"11645","Tekt1","tekt1"
"11646","Ldb1","ldb1a"
"11647","Pdcl","pdcl"
"11648","Ccndbp1","ccndbp1"
"11649","Fam171b","7-Mar"
"11650","Pcnt","pcnt"
"11651","Phb2","phb2b"
"11652","Cnih3","cnih3"
"11653","Ripor1","ripor1"
"11654","Gnb2","gnb2"
"11655","Gpr75","gpr75"
"11656","Nek8","nek8"
"11657","Pcx","pcxa"
"11658","Pcx","pcxb"
"11659","Mal","mala"
"11660","Mal","zgc:153665"
"11661","Ppp1r1b","ppp1r1b"
"11662","Bhlha15","bhlha15"
"11663","Gnpnat1","gnpnat1"
"11664","Mkrn2","mkrn2"
"11665","Cox6a1","cox6a2"
"11666","Usp22","usp22"
"11667","Flna","flna"
"11668","Ggt1","si:dkey-222h21.12"
"11669","Ggt1","ggt1l2.2"
"11670","Ggt1","si:ch73-59p9.2"
"11671","Ggt1","si:ch73-236c18.3"
"11672","Ggt1","ggt1l2.1"
"11673","Ggt1","ggt1a"
"11674","Gpr22","gpr22a"
"11675","Gp9","gp9"
"11676","Coq10b","coq10b"
"11677","Dgat2","dgat2"
"11678","Apbb1","apbb1"
"11679","Mxd1","mxd1"
"11680","Rnf20","rnf20"
"11681","Nasp","nasp"
"11682","Kif21b","kif21b"
"11683","Mon1b","mon1ba"
"11684","Snap29","snap29"
"11685","Cacfd1","si:ch73-209e20.5"
"11686","Pkn3","pkn3"
"11687","Aip","aip"
"11688","Trp53inp2","tp53inp2"
"11689","Cdca3","si:ch211-69g19.2"
"11690","Pcdh15","pcdh15b"
"11691","Dnajb11","dnajb11"
"11692","Cers3","cers3a"
"11693","Arg2","arg2"
"11694","Dennd1a","dennd1a"
"11695","Sptlc3","sptlc3"
"11696","Cblif","tcnbb"
"11697","Cblif","tcnba"
"11698","Insl5","insl5b"
"11699","Ttyh3","ttyh3b"
"11700","Ttyh3","ttyh3a"
"11701","Papss1","papss1"
"11702","Usp13","usp13"
"11703","Mri1","mri1"
"11704","Cpne6","cpne8"
"11705","Hspa4","hspa4b"
"11706","Ndst2","ndst2b"
"11707","Plekhh2","plekhh2"
"11708","Serpinf2","serpinf2a"
"11709","Serpinf2","serpinf2b"
"11710","Gna12","gna12a"
"11711","Clip2","clip2"
"11712","Pcdh12","pcdh12"
"11713","Slc26a11","slc26a11"
"11714","Snf8","snf8"
"11715","Ren1","ren"
"11716","St6galnac6","st6galnac6"
"11717","Cdc27","cdc27"
"11718","Jup","jupb"
"11719","Mertk","mertka"
"11720","Gdi1","gdi1"
"11721","Rasgrf2","rasgrf2b"
"11722","Abcg4","abcg4a"
"11723","Lsm12","lsm12a"
"11724","Slc7a7","slc7a7"
"11725","Nsd3","nsd3"
"11726","Ccng2","ccng2"
"11727","Cdc23","cdc23"
"11728","Ccdc97","ccdc97"
"11729","Pycrl","pycr3"
"11730","Nudt18","nudt18"
"11731","Cant1","cant1b"
"11732","Ablim1","ablim1a"
"11733","Foxg1","foxg1a"
"11734","Lsm4","lsm4"
"11735","Rhov","rhov"
"11736","Gal3st1","gal3st1a"
"11737","Bcl6","bcl6ab"
"11738","Timm10","timm10"
"11739","Tnip1","tnip1"
"11740","Ndufa4l2","ndufa4l2a"
"11741","Tspan6","tspan7"
"11742","Slc39a7","slc39a7"
"11743","Rbbp7","rbb4l"
"11744","Ncs1","ncs1a"
"11745","Ncs1","ncs1b"
"11746","Hdac4","hdac4"
"11747","Flcn","flcn"
"11748","Coa6","coa6"
"11749","Hnrnpm","hnrnpm"
"11750","Tmem170","tmem170a"
"11751","Fbxo5","fbxo5"
"11752","Tmem72","tmem72"
"11753","Pacrg","pacrg"
"11754","Mthfr","mthfr"
"11755","Ralb","ralba"
"11756","Stmn3","stmn3"
"11757","Creg2","creg2"
"11758","Cux2","cux2b"
"11759","Pard6g","pard6ga"
"11760","Rc3h2","rc3h2"
"11761","Sox10","sox10"
"11762","Yif1a","yif1a"
"11763","Gucy2g","gucy2g"
"11764","Rb1","rb1"
"11765","Bcl2l12","si:ch73-248e21.1"
"11766","Bcl11b","bcl11ba"
"11767","Galntl5","galnt6"
"11768","Socs4","socs4"
"11769","Pi4k2a","pi4k2a"
"11770","Tmem121","tmem121aa"
"11771","Tmem121","tmem121ab"
"11772","Tbl1xr1","tbl1xr1b"
"11773","Rab9","rab9a"
"11774","Tmx2","tmx2b"
"11775","Dera","dera"
"11776","Smurf1","smurf1"
"11777","Rnf214","si:dkey-111e8.1"
"11778","Rnf214","si:ch211-139a5.1"
"11779","Nqo1","nqo1"
"11780","Srgap2","srgap2"
"11781","Ldlrap1","ldlrap1a"
"11782","Plxnb2","plxnb2a"
"11783","Plxnb2","si:ch211-127b11.1"
"11784","Plxnb2","si:dkey-183c2.4"
"11785","Cdk2ap2","cdk2ap2"
"11786","Samd4","samd4a"
"11787","Mtmr3","mtmr3"
"11788","Rnf145","rnf145b"
"11789","Parl","parla"
"11790","Rxfp3","rxfp3"
"11791","Npr3","npr3"
"11792","Dlx4","bsx"
"11793","Dlx4","dlx4b"
"11794","Zfp687","znf687b"
"11795","Stat1","stat1a"
"11796","Dgat1","dgat1b"
"11797","Vdr","vdrb"
"11798","Phactr4","phactr4b"
"11799","Cir1","si:ch73-167c12.2"
"11800","Pim3","pim3"
"11801","Sik2","sik2b"
"11802","Ipo9","ipo9"
"11803","Wsb2","wsb2"
"11804","Mylpf","mylpfb"
"11805","Mylpf","mylpfa"
"11806","Fam43b","fam43b"
"11807","Fanci","fanci"
"11808","Entpd3","entpd3"
"11809","Tbcb","tbcb"
"11810","Necab3","necab3"
"11811","Cab39","cab39"
"11812","Aqp3","aqp3b"
"11813","Aqp3","aqp3a"
"11814","Gfra4","gfra4b"
"11815","Anxa1","anxa1c"
"11816","Anxa1","anxa1b"
"11817","Arpc1a","arpc1a"
"11818","Clic6","clic6"
"11819","Eml5","si:dkey-1f12.3"
"11820","Nek6","nek6"
"11821","Ubap2l","ubap2l"
"11822","Sbds","sbds"
"11823","Fermt3","fermt3a"
"11824","Fermt3","fermt3b"
"11825","Ptpdc1","zgc:77752"
"11826","Baalc","baalcb"
"11827","AI593442","si:dkey-35i13.1"
"11828","Scaf1","scaf1"
"11829","Cmtm3","cmtm3"
"11830","Sgsm2","sgsm2"
"11831","Mto1","mto1"
"11832","Ssr3","ssr3"
"11833","Dbndd1","si:ch1073-174d20.1"
"11834","Rps13","rps13"
"11835","Scai","scai"
"11836","Saysd1","si:ch211-59d15.9"
"11837","Kcnh1","kcnh1a"
"11838","6430550D23Rik","st3gal8"
"11839","Dok1","dok1b"
"11840","Susd5","susd5"
"11841","Lemd3","lemd3"
"11842","Nup43","nup43"
"11843","Tmem242","tmem242"
"11844","Btg4","btg4"
"11845","Plcxd3","plcxd3"
"11846","Colec12","colec12"
"11847","Nck2","nck2b"
"11848","Gnpda1","gnpda1"
"11849","Cyp21a1","cyp21a2"
"11850","Cpne4","cpne4b"
"11851","Cpne4","cpne4a"
"11852","Chic1","chic1"
"11853","Ice2","ice2"
"11854","Zrsr1","zrsr2"
"11855","Jarid2","jarid2a"
"11856","Slc22a16","slc22a16"
"11857","Fancc","fancc"
"11858","Fam214a","fam214a"
"11859","Ogn","ognb"
"11860","Ogn","ogna"
"11861","Senp3","senp5"
"11862","Rasl11b","rasl11b"
"11863","Rgs7bp","rgs7bpa"
"11864","Stag1","stag1a"
"11865","Gsn","gsna"
"11866","Gsn","gsnb"
"11867","Plekha1","plekha1b"
"11868","Ube2f","ube2f"
"11869","Ctsh","ctsh"
"11870","Mtpn","mtpn"
"11871","Nrtn","nrtn"
"11872","Raver2","raver2"
"11873","Ssbp4","zgc:110158"
"11874","Ssbp4","ssbp4"
"11875","Calcoco1","calcoco1a"
"11876","Tlr3","lrrc15"
"11877","Pebp1","pebp1"
"11878","Kif1a","kif1aa"
"11879","Glrb","glrbb"
"11880","Ccdc3","ccdc3b"
"11881","Ccdc3","ccdc3a"
"11882","Ptch1","ptch1"
"11883","Tfip11","tfip11"
"11884","Chrna2","chrna2b"
"11885","Dnaaf1","dnaaf1"
"11886","Kat8","kat8"
"11887","Scg5","scg5"
"11888","Trpv6","trpv6"
"11889","Atr","atr"
"11890","Fbxw5","fbxw5"
"11891","Cdr2","si:ch1073-272o11.3"
"11892","Nr4a3","nr4a3"
"11893","Arid1b","arid1b"
"11894","B4galnt2","b4galnt2.2"
"11895","Orc1","orc1"
"11896","Cngb3","cngb3.2"
"11897","Tmub1","tmub1"
"11898","Hdac5","hdac5"
"11899","Nle1","nle1"
"11900","Cluh","cluha"
"11901","Jph3","si:ch211-146m13.3"
"11902","Jph3","jph3"
"11903","Tti1","tti1"
"11904","Itprip","si:dkeyp-80c12.4"
"11905","Gprc6a","gprc6a"
"11906","Drp2","drp2"
"11907","Hmmr","hmmr"
"11908","2210016L21Rik","zgc:162025"
"11909","Psmd10","psmd10"
"11910","Kansl1l","kansl1l"
"11911","Cul3","cul3b"
"11912","Cox6b2","cox6b1"
"11913","Neil1","neil1"
"11914","Btbd3","btbd3b"
"11915","Kif20a","kif20a"
"11916","Ppm1k","ppm1k"
"11917","Ppm1k","si:ch211-149b19.3"
"11918","Mydgf","mydgf"
"11919","Stx5a","stx5al"
"11920","Stx5a","stx5a"
"11921","Rnf24","rnf24"
"11922","Zfp598","znf598"
"11923","Hs3st6","hs3st3l"
"11924","Bloc1s3","bloc1s3"
"11925","Stag2","stag2a"
"11926","Stag2","stag2b"
"11927","Shprh","shprh"
"11928","Abcb7","abcb7"
"11929","Gna14","gna14a"
"11930","Tbx6","tbx6"
"11931","Gatad2a","gatad2ab"
"11932","Sav1","sav1"
"11933","Cuedc1","cuedc1b"
"11934","Depp1","si:ch73-6k14.2"
"11935","Mb","mb"
"11936","Gtf3c4","gtf3c4"
"11937","Rreb1","rreb1a"
"11938","Commd6","commd6"
"11939","Sgip1","sgip1b"
"11940","Fkbp7","fkbp7"
"11941","Arl5a","arl5a"
"11942","Cdca5","cdca5"
"11943","Chd1l","chd1l"
"11944","Cspp1","cspp1b"
"11945","Cspp1","cspp1a"
"11946","Gdf10","gdf10a"
"11947","Grk4","grk4"
"11948","Uba7","uba1"
"11949","Top1","top1l"
"11950","Rnf141","rnf141"
"11951","Nxpe5","si:ch211-157j23.3"
"11952","Nxpe5","si:ch211-157j23.2"
"11953","Lbr","lbr"
"11954","Loxl4","si:cabz01100188.1"
"11955","Zhx2","zhx2a"
"11956","Aga","aga"
"11957","Gpr150","uts2r3"
"11958","Tef","tefa"
"11959","Ighmbp2","ighmbp2"
"11960","Syt3","syt3"
"11961","Dnaja2","dnaja2a"
"11962","Cacna1i","cacna1ib"
"11963","Cacna1i","cacna1ia"
"11964","Snn","snn"
"11965","2310057J18Rik","leg1.2"
"11966","2310057J18Rik","leg1.1"
"11967","Mrrf","mrrf"
"11968","Fam151b","fam151b"
"11969","Ccnjl","ccnjl"
"11970","Snx1","snx1a"
"11971","Setd1a","setd1a"
"11972","Hmx2","hmx2"
"11973","Myf5","myf5"
"11974","Bub1","bub1"
"11975","S100a1","s100a1"
"11976","Cmya5","si:ch1073-398f15.1"
"11977","Mgmt","mgmt"
"11978","Olig2","olig2"
"11979","Ranbp10","ranbp10"
"11980","Trhr2","trhr2"
"11981","Cldn12","cldn12"
"11982","Bckdhb","bckdhb"
"11983","Hnrnph3","hnrnph3"
"11984","Rom1","rom1b"
"11985","Rom1","rom1a"
"11986","Prpf31","prpf31"
"11987","Rapsn","rapsn"
"11988","Pla2g10","zgc:92162"
"11989","Pprc1","si:dkey-93h22.8"
"11990","Ttr","ttr"
"11991","Cd53","zgc:64051"
"11992","Kirrel3","kirrel3a"
"11993","Baz2a","baz2a"
"11994","Tmem38a","tmem38a"
"11995","1110059E24Rik","zgc:101016"
"11996","Tie1","tie1"
"11997","Fam107b","fam107b"
"11998","Mrpl47","mrpl47"
"11999","Nit1","nit1"
"12000","Arl13a","arl13a"
"12001","Rab9b","rab9b"
"12002","Satb2","satb2"
"12003","Tas1r3","tas1r3"
"12004","Tafa3","tafa4b"
"12005","Tafa3","si:dkey-238f9.1"
"12006","Tafa3","si:ch211-254n4.3"
"12007","Dnah6","dnah6"
"12008","Mff","zgc:110130"
"12009","Mff","mff"
"12010","Cish","cishb"
"12011","Vps54","vps54"
"12012","Ext2","ext2"
"12013","Tmppe","tmppe"
"12014","Gnl1","gnl1"
"12015","Gsk3a","gsk3aa"
"12016","Kcnj3","kcnj3b"
"12017","Ngfr","ngfrb"
"12018","Fam53c","zgc:175066"
"12019","Mpp6","mpp6a"
"12020","Dctd","dctd"
"12021","Fam160b2","fam160b2"
"12022","Mkrn2os","mkrn2os.2"
"12023","Golga7b","golga7ba"
"12024","Ndufb5","ndufb5"
"12025","Pdia3","pdia3"
"12026","Capn10","capn10"
"12027","Lim2","lim2.4"
"12028","Fbxo34","fbxo34"
"12029","Sptan1","sptan1"
"12030","Txnip","txnipa"
"12031","Vps37c","vps37c"
"12032","Fancf","fancf"
"12033","R3hcc1l","r3hcc1l"
"12034","Flot2","flot2a"
"12035","Nmb","nmbb"
"12036","Nmb","nmba"
"12037","Tmem63a","tmem63a"
"12038","Hapln1","hapln1b"
"12039","Cdc45","cdc45"
"12040","Lnx1","lnx1"
"12041","Rmi1","rmi1"
"12042","Tango6","tango6"
"12043","Psmd7","psmd7"
"12044","Ankrd52","ankrd52a"
"12045","Adamts2","si:ch211-154c21.1"
"12046","Med13","med13b"
"12047","Gkap1","gkap1"
"12048","Eif3a","eif3s10"
"12049","Spg7","spg7"
"12050","Rtbdn","zgc:109949"
"12051","Naa50","naa50"
"12052","Det1","det1"
"12053","Fam189a1","fam189a1"
"12054","Dhrs1","dhrs1"
"12055","Huwe1","huwe1"
"12056","Ank","ankha"
"12057","Ints6l","ints6l"
"12058","Tmf1","tmf1"
"12059","Akip1","akip1"
"12060","Eif1","eif1"
"12061","Kcnj8","kcnj8"
"12062","Ankrd1","ankrd1a"
"12063","Sde2","sde2"
"12064","Maneal","si:ch211-30b16.2"
"12065","Dpp4","dpp4"
"12066","Dpp4","zgc:136971"
"12067","Xrn1","xrn1"
"12068","Wdr81","wdr81"
"12069","Mms22l","mms22l"
"12070","Slc2a13","slc2a13b"
"12071","Gdpd3","gdpd3b"
"12072","Gdpd3","gdpd3a"
"12073","Mgat1","mgat1a"
"12074","Upk1a","upk1a"
"12075","Kif23","kif23"
"12076","Prelid1","prelid1a"
"12077","Psma6","psma6a"
"12078","Psma6","psma6b"
"12079","Bin2","bin2b"
"12080","Edrf1","edrf1"
"12081","Bcorl1","bcorl1"
"12082","Zfp644","znf644b"
"12083","Gcgr","gipr"
"12084","Vsx2","vsx2"
"12085","Tmem98","tmem98"
"12086","Papola","papola"
"12087","Asic2","asic2"
"12088","Lrrtm2","lrrtm2"
"12089","Hnrnpab","hnrnpaba"
"12090","Akr1a1","akr1a1b"
"12091","Rab3a","rab3ab"
"12092","Aatf","aatf"
"12093","Naa20","naa20"
"12094","Ercc6","ercc6"
"12095","Litaf","litaf"
"12096","Stard7","stard7"
"12097","Ttc1","ttc1"
"12098","Mzt2","mzt2b"
"12099","Usp21","usp21"
"12100","Itgb1bp2","zgc:92429"
"12101","Stard4","stard4"
"12102","Nrxn3","nrxn3a"
"12103","Eif2s1","eif2s1b"
"12104","Eif2s1","eif2s1a"
"12105","Chat","chata"
"12106","Tcta","tcta"
"12107","Zfp65","si:ch211-89o9.6"
"12108","Ccr8","ccr8.1"
"12109","Sost","sost"
"12110","Nepro","nepro"
"12111","Mus81","mus81"
"12112","Srpx","srpx"
"12113","Ganc","ganc"
"12114","Fgf13","fgf13b"
"12115","Phb","phb"
"12116","Sec61a1","sec61a1"
"12117","Irs1","irs1"
"12118","Asb3","asb3"
"12119","Nr2c2ap","nr2c2ap"
"12120","Kcnj9","kcnj9"
"12121","Selenow","selenow1"
"12122","Dnajb9","dnajb9a"
"12123","Ar","ar"
"12124","Zhx3","si:ch211-232b12.5"
"12125","Dhx37","dhx37"
"12126","Zfp800","znf800a"
"12127","Tpbg","tpbgb"
"12128","Nudcd1","nudcd1"
"12129","Psma2","si:rp71-45k5.4"
"12130","Dcps","dcps"
"12131","Gdf7","gdf7"
"12132","Hspa4l","hspa4l"
"12133","Zswim2","zswim2"
"12134","Npdc1","npdc1a"
"12135","Aldh1a2","aldh1a2"
"12136","Adm2","adm2b"
"12137","Cmtr2","cmtr2"
"12138","Golga5","golga5"
"12139","Gucy1a1","gucy1a1"
"12140","Timm9","timm9"
"12141","Nuf2","nuf2"
"12142","Atg3","atg3"
"12143","Trmt112","trmt112"
"12144","Arhgap21","arhgap21a"
"12145","Tmx3","tmx3a"
"12146","Omg","omgb"
"12147","Mrpl23","mrpl23"
"12148","Dennd4b","dennd4b"
"12149","Dnm1l","dnm1l"
"12150","Camk2n2","camk2n1a"
"12151","Coasy","coasy"
"12152","Scoc","scocb"
"12153","Ptrh1","ptrh1"
"12154","Bambi","bambia"
"12155","Acly","aclyb"
"12156","Acly","aclya"
"12157","Rpe","rpe"
"12158","Polr1a","polr1a"
"12159","Sulf1","sulf1"
"12160","Fbxo41","fbxo41"
"12161","Enox2","enox2"
"12162","Mkks","mkks"
"12163","Nagpa","nagpa"
"12164","Gbx2","gbx2"
"12165","Disp1","disp1"
"12166","Timm44","timm44"
"12167","Myh15","myh7ba"
"12168","Gpatch4","gpatch4"
"12169","Lix1","lix1"
"12170","Theg","theg"
"12171","B4galt6","b4galt5"
"12172","Slc20a2","slc20a2"
"12173","Fosl1","fosl1a"
"12174","Wnk3","si:dkey-151g10.3"
"12175","Tmed8","tmed8"
"12176","Zmat2","zmat2"
"12177","Kcnh7","kcnh7"
"12178","Pfkfb4","pfkfb4b"
"12179","Xxylt1","xxylt1"
"12180","Loxhd1","loxhd1a"
"12181","Dhrs13","dhrs13a.1"
"12182","Steap3","steap3"
"12183","Pde4b","pde4bb"
"12184","Rgr","rgra"
"12185","Cog4","cog4"
"12186","Strap","strap"
"12187","Gnpat","si:ch73-21k16.5"
"12188","Pgm2l1","pgm2l1"
"12189","Dhrs7b","dhrs7b"
"12190","Mmel1","mmel1"
"12191","Lrrc8d","lrrc8db"
"12192","Iqub","iqub"
"12193","Glg1","glg1a"
"12194","Ap3m2","ap3m2"
"12195","Tbc1d8b","tbc1d8b"
"12196","Asb7","asb7"
"12197","Atp1b1","atp1b1a"
"12198","Aarsd1","aarsd1"
"12199","Src","src"
"12200","Gpr37l1","gpr37l1b"
"12201","Entpd4b","entpd4"
"12202","Efcab7","efcab7"
"12203","Slc22a23","slc22a23"
"12204","Ubfd1","ubfd1"
"12205","Hipk1","si:ch211-160o17.4"
"12206","Cep162","cep162"
"12207","Hspbp1","hspbp1"
"12208","Ift22","ift22"
"12209","Csf1r","si:zfos-1069f5.1"
"12210","Csf1r","csf1ra"
"12211","Idua","idua"
"12212","Fbxl20","fbxl20"
"12213","Ctnna1","ctnna1"
"12214","Vim","vim"
"12215","Fndc5","fndc5b"
"12216","Ccnt1","ccnt1"
"12217","Dcaf6","dcaf6"
"12218","Rprml","rprml"
"12219","Psmg1","psmg1"
"12220","Daam2","daam2"
"12221","Ndufb8","ndufb8"
"12222","Vstm4","vstm4a"
"12223","Cdk12","cdk12"
"12224","Nuak1","nuak1b"
"12225","Nuak1","nuak1a"
"12226","1810030O07Rik","si:ch211-91p5.3"
"12227","Adra1b","adra1ba"
"12228","Ntng1","ntng1a"
"12229","Zfp711","znf711"
"12230","Syt6","syt6a"
"12231","Kmt2d","kmt2d"
"12232","Cpeb3","cpeb3"
"12233","Zbtb12","zbtb12.2"
"12234","Krt222","krt222"
"12235","Pqbp1","pqbp1"
"12236","Dhrs7c","dhrs7cb"
"12237","Ankmy2","ankmy2b"
"12238","Ankmy2","ankmy2a"
"12239","Pik3r6","pik3r6b"
"12240","Ace3","ace"
"12241","Tpmt","tpmt.1"
"12242","Tpmt","tpmt.2"
"12243","Onecut1","onecut1"
"12244","Mapk8ip2","mapk8ip2"
"12245","Eloc","elocb"
"12246","Wdfy2","wdfy2"
"12247","Epn1","zgc:194578"
"12248","Zfp148","znf148"
"12249","Dhtkd1","dhtkd1"
"12250","Cacna1e","cacna1eb"
"12251","Lifr","osmr"
"12252","Ehd4","ehd4"
"12253","Tfcp2","tfcp2"
"12254","Mcur1","zgc:165532"
"12255","Gcg","gcgb"
"12256","Gcg","gcga"
"12257","Nsf","nsfb"
"12258","Efnb2","efnb2a"
"12259","Cyp46a1","cyp46a1.1"
"12260","Meaf6","meaf6"
"12261","Lrrcc1","lrrcc1"
"12262","Lrrc34","lrrc34"
"12263","Tgfbrap1","tgfbrap1"
"12264","Nova1","nova2"
"12265","Chd1","chd1"
"12266","Abcg5","abcg5"
"12267","Mrnip","mrnip"
"12268","Cd4","dicp3.3"
"12269","Fam120a","fam120a"
"12270","Fam110c","fam110c"
"12271","Nr3c1","nr3c1"
"12272","Uspl1","uspl1"
"12273","Bzw2","bzw2"
"12274","Ptpn9","ptpn9a"
"12275","Wif1","wif1"
"12276","Ech1","ech1"
"12277","Rad23a","rad23aa"
"12278","Fstl1","fstl1b"
"12279","Gata3","gata3"
"12280","Ptk6","ptk6b"
"12281","Vti1b","vti1b"
"12282","Gigyf2","gigyf2"
"12283","Fbxo16","fbxo16"
"12284","Plau","plaub"
"12285","Aven","aven"
"12286","Tdrd12","tdrd12"
"12287","Wdr24","wdr24"
"12288","Slc16a12","slc16a12a"
"12289","Dcun1d3","dcun1d3"
"12290","Osbp2","si:ch211-106a19.1"
"12291","Rassf6","rassf6"
"12292","Dnajc28","dnajc28"
"12293","Mfhas1","mfhas1"
"12294","Cic","cica"
"12295","H3f3a","h3f3d"
"12296","Clip3","clip3"
"12297","Amacr","amacr"
"12298","Tcf7l2","tcf7l2"
"12299","Rcbtb1","rcbtb1"
"12300","Primpol","primpol"
"12301","Eef1akmt2","eef1akmt2"
"12302","Odf3b","trim35-30"
"12303","Odf3b","odf3b"
"12304","Msh5","msh5"
"12305","Ptpn2","ptpn2b"
"12306","Bicd1","bicd1a"
"12307","Dll1","dld"
"12308","Rpl22l1","rpl22l1"
"12309","Vwa5b2","vwa5b2"
"12310","Cct7","cct7"
"12311","Muc5b","muc5.1"
"12312","Muc5b","muc5.2"
"12313","Muc5b","muc5.3"
"12314","Trp53i11","tp53i11a"
"12315","Qrsl1","qrsl1"
"12316","App","appa"
"12317","Foxn2","foxn2b"
"12318","Rspo1","rspo1"
"12319","Blnk","si:dkeyp-117b11.1"
"12320","Naa25","naa25"
"12321","Npas4","npas4a"
"12322","Gphn","gphnb"
"12323","Nkiras2","nkiras2"
"12324","Mrps18a","mrps18a"
"12325","Polr2i","polr2i"
"12326","Ltb4r2","ltb4r"
"12327","Arhgef11","arhgef11"
"12328","Prkar2a","prkar2aa"
"12329","Nkx2-4","nkx2.4b"
"12330","Actr2","actr2b"
"12331","Anxa11","anxa11a"
"12332","Plcxd1","zgc:112023"
"12333","Paip2b","paip2b"
"12334","Itga11","itga11a"
"12335","Exosc4","exosc4"
"12336","Tkfc","tkfc"
"12337","Gid8","gid8b"
"12338","Rasa1","rasa1b"
"12339","Pla2g6","pla2g6"
"12340","Rtn2","rtn2b"
"12341","C1ql2","c1ql2"
"12342","Slc25a43","slc25a43"
"12343","Grpr","grpr"
"12344","Pccb","pccb"
"12345","Gatad2b","gatad2b"
"12346","Dhh","ihha"
"12347","Dedd2","dedd1"
"12348","Vax1","vax1"
"12349","Stk10","si:dkey-81j8.6"
"12350","Stk16","stk16"
"12351","Fam53b","fam53b"
"12352","Adnp2","adnp2a"
"12353","Adnp2","adnp2b"
"12354","Stx17","stx17"
"12355","Trpc3","trpc3"
"12356","Nicn1","nicn1"
"12357","Rbm46","rbm46"
"12358","Gch1","gch1"
"12359","Klhl32","klhl32"
"12360","Abra","abrab"
"12361","Rars","rars1"
"12362","Trhr","trhrb"
"12363","Slc45a1","slc45a1"
"12364","Lmln","lmln"
"12365","Calhm5","calhm5.2"
"12366","Calhm5","calhm5.1"
"12367","Lrit3","lrit3b"
"12368","Lrit3","lrit3a"
"12369","Rab18","rab18b"
"12370","Tvp23b","tvp23b"
"12371","Lrguk","lrguk"
"12372","Pld1","pld1a"
"12373","Mapre2","mapre2"
"12374","Kitl","kitlga"
"12375","Kitl","kitlgb"
"12376","Ninj2","ninj2"
"12377","Slc6a2","slc6a2"
"12378","Cadm2","cadm2a"
"12379","Cadm2","cadm2b"
"12380","Ier5l","ier5l"
"12381","Ndufv3","ndufv3"
"12382","Toe1","toe1"
"12383","Ppp2r5a","ppp2r5a"
"12384","Sycn","sycn.1"
"12385","Sycn","sycn.2"
"12386","Sgms2","sgms2b"
"12387","Mmp25","mmp17b"
"12388","Ddb2","ddb2"
"12389","Glb1","glb1"
"12390","Lrrc52","si:dkey-52j6.3"
"12391","Zbtb18","zbtb18"
"12392","Ctbp1","zgc:136929"
"12393","Nsdhl","nsdhl"
"12394","Gpr158","gpr158a"
"12395","Ilvbl","ilvbl"
"12396","Ptgs1","ptgs1"
"12397","Fmod","fmodb"
"12398","Josd2","josd2"
"12399","St3gal1","st3gal1l3"
"12400","St3gal1","st3gal1"
"12401","St3gal1","st3gal1l"
"12402","Gcnt3","gcnt3"
"12403","Usp42","usp42"
"12404","Trnp1","si:ch211-160f23.7"
"12405","Mrpl35","mrpl35"
"12406","Olig1","olig1"
"12407","Serac1","serac1"
"12408","Ppib","ppib"
"12409","Trpc4","trpc4b"
"12410","Ecd","ecd"
"12411","Slc23a4","zgc:110789"
"12412","Rps8","rps8b"
"12413","Lhx9","lhx9"
"12414","Gbgt1","gbgt1l1"
"12415","Gbgt1","si:dkey-110k5.10"
"12416","Gbgt1","gbgt1l2"
"12417","Gbgt1","si:ch211-287c22.1"
"12418","Gbgt1","gbgt1l4"
"12419","Pdss2","pdss2"
"12420","Itprid1","itprid1"
"12421","Acoxl","acoxl"
"12422","Ccdc59","ccdc59"
"12423","Hexim1","hexim1"
"12424","Ppp2r5e","ppp2r5ea"
"12425","Mns1","mns1"
"12426","Zdhhc5","zdhhc5b"
"12427","Zdhhc5","zdhhc5a"
"12428","Hnrnpd","hnrnpd"
"12429","Haus1","haus1"
"12430","Sephs1","sephs1"
"12431","Plekha5","plekha5"
"12432","Plcd3","plcd3a"
"12433","Plcd3","plcd3b"
"12434","Msmb","si:ch73-132k15.2"
"12435","Mllt1","mllt1b"
"12436","Mllt1","mllt1a"
"12437","Kif3c","kif3cb"
"12438","Acsl4","acsl4a"
"12439","Acsl4","acsl4b"
"12440","Nlrc4","birc5b"
"12441","Fam76b","fam76b"
"12442","Ankrd34b","ankrd34ba"
"12443","Ankrd34b","ankrd34bb"
"12444","Rnaseh2a","rnaseh2a"
"12445","Tmem236","si:dkey-32m20.1"
"12446","Elovl4","elovl4a"
"12447","Samd10","samd10b"
"12448","Samd10","samd10a"
"12449","Mxra7","mxra7"
"12450","Fam32a","fam32a"
"12451","Itsn2","itsn2b"
"12452","Itsn2","itsn2a"
"12453","Cilp","cilp"
"12454","Wsb1","wsb1"
"12455","Slc26a1","slc26a1"
"12456","Ggt5","ggt5a"
"12457","Zbtb1","zbtb1"
"12458","Tmem178","tmem178"
"12459","Slc17a9","slc17a9b"
"12460","Rab43","rab43"
"12461","Pdss1","pdss1"
"12462","Ywhag","ywhag2"
"12463","Htt","htt"
"12464","Mthfd1","mthfd1a"
"12465","Mthfd1","mthfd1b"
"12466","Arhgef15","arhgef15"
"12467","Tamm41","tamm41"
"12468","Nrgn","nrgna"
"12469","Abcg2","abcg2c"
"12470","Abcg2","abcg2d"
"12471","Borcs8","borcs8"
"12472","Zfp365","znf365"
"12473","Fbxl16","fbxl16"
"12474","Rassf4","rassf4a"
"12475","Tanc2","tanc2a"
"12476","Zfp36l3","zgc:114130"
"12477","Dlgap1","dlgap1b"
"12478","Dsel","dsela"
"12479","Letm1","letm1"
"12480","Sf1","sf1"
"12481","Stox2","stox2a"
"12482","Ccnd2","ccnd2a"
"12483","Ccnd2","ccnd2b"
"12484","Atp5c1","atp5f1c"
"12485","Ppp6c","ppp6c"
"12486","Atp11b","si:dkey-211e20.10"
"12487","Syt1","syt1a"
"12488","Srd5a3","srd5a3"
"12489","Oit3","oit3"
"12490","Psme3","psme3"
"12491","Col6a2","col6a2"
"12492","Atp1a4","atp2a2a"
"12493","Atp1a4","atp2a1"
"12494","Derl1","derl1"
"12495","Gpr3","gpr186"
"12496","Rsf1","rsf1b.1"
"12497","Dbi","dbi"
"12498","Cacna2d4","cacna2d4b"
"12499","D6Wsu163e","zgc:154077"
"12500","Cabin1","si:ch73-313l22.2"
"12501","Cabin1","cabin1"
"12502","Fbxo30","fbxo30a"
"12503","Htr2a","htr2ab"
"12504","Fam214b","fam214b"
"12505","G3bp1","g3bp1"
"12506","Kcnk2","kcnk2b"
"12507","Xrn2","xrn2"
"12508","Ell","ell"
"12509","Dhx40","dhx40"
"12510","Calhm6","calhm6"
"12511","Vps37a","vps37a"
"12512","Ankrd10","ankrd10b"
"12513","Ankrd10","ankrd10a"
"12514","Ptp4a3","ptp4a3a"
"12515","Omd","omd"
"12516","Rfx2","rfx2"
"12517","Unc93b1","unc93b1"
"12518","Miip","miip"
"12519","Them6","si:ch73-52e5.2"
"12520","Them6","them6"
"12521","Atp2a2","atp2a2b"
"12522","Ski","skia"
"12523","Dap","dap"
"12524","Nup62","nup62l"
"12525","Gpr83","si:dkey-27p18.2"
"12526","Rbm38","rbm38"
"12527","Aurkaip1","aurkaip1"
"12528","Cenpk","cenpk"
"12529","Mecr","mecr"
"12530","Lin52","lin52"
"12531","Prelid3b","prelid3b"
"12532","Chac2","chac2"
"12533","Gys1","gys1"
"12534","Slc48a1","slc48a1b"
"12535","Slc48a1","slc48a1a"
"12536","Sf3b6","sf3b6"
"12537","Cers5","cers5"
"12538","Nipa2","nipa2"
"12539","Glyctk","glyctk"
"12540","Slc2a12","slc2a12"
"12541","Slc30a1","slc30a1b"
"12542","Slc30a1","slc30a1a"
"12543","Trip11","trip11"
"12544","Gtpbp10","gtpbp10"
"12545","Dmac2l","dmac2l"
"12546","Kdm4b","kdm4b"
"12547","Abhd3","abhd3"
"12548","Grip2","grip2b"
"12549","Grip2","grip2a"
"12550","Lpcat3","lpcat3"
"12551","Tac2","tac3a"
"12552","Cast","cast"
"12553","Zfp362","znf362a"
"12554","Zfp362","znf362b"
"12555","Cldn5","cldn5a"
"12556","Cldn5","cldn5b"
"12557","Gpnmb","gpnmb"
"12558","Ago3","ago3b"
"12559","Ephb3","ephb3a"
"12560","Sgo1","sgo1"
"12561","Relt","relt"
"12562","Fip1l1","fip1l1a"
"12563","Colgalt2","colgalt2"
"12564","Colgalt2","si:ch211-13f8.2"
"12565","Ttf1","si:ch73-376l24.2"
"12566","Ttf1","si:ch73-37h15.2"
"12567","Taf15","taf15"
"12568","Cap1","cap1"
"12569","Cry2","cry2"
"12570","Myo18a","myo18ab"
"12571","Myo18a","myo18aa"
"12572","Tecta","tecta"
"12573","Hmgcr","hmgcra"
"12574","Prr5l","si:ch211-147k10.5"
"12575","Alg12","alg12"
"12576","Klf9","klf9"
"12577","Dipk1a","dipk1ab"
"12578","Bcdin3d","bcdin3d"
"12579","Ripply2","ripply1"
"12580","Chrna10","chrna10a"
"12581","Crppa","crppa"
"12582","Sptlc2","sptlc2a"
"12583","Cep126","cep126"
"12584","Kcnq2","kcnq2b"
"12585","Kcnq2","kcnq2a"
"12586","Chst2","chst2b"
"12587","Chst2","chst2a"
"12588","Cldn2","cldn2"
"12589","Akap13","si:dkey-172h23.2"
"12590","Akap13","arhgef28b"
"12591","Sucla2","sucla2"
"12592","Nyap2","nyap2b"
"12593","Nyap2","nyap2a"
"12594","Polr3f","polr3f"
"12595","Tph2","tph2"
"12596","Adora2b","adora2b"
"12597","Plekho1","plekho1b"
"12598","E2f7","e2f7"
"12599","Degs2","degs2"
"12600","Ogt","ogt.1"
"12601","N4bp2l2","n4bp2l2"
"12602","Pld6","pld6"
"12603","Llgl1","llgl1"
"12604","Tor2a","tor2a"
"12605","Eif4ebp2","gra"
"12606","Tmeff2","tmeff2b"
"12607","Jdp2","jdp2b"
"12608","Impg1","impg1a"
"12609","Wbp1","si:ch73-290k24.6"
"12610","Ncapg2","ncapg2"
"12611","Otol1","otol1b"
"12612","Gfral","gfral"
"12613","Thra","thrab"
"12614","Jph2","jph2"
"12615","Iqca","iqca1"
"12616","Rack1","rack1"
"12617","Hspa12b","hspa12b"
"12618","Mfsd6l","mfsd6l"
"12619","Kiss1","kiss1"
"12620","Bhlhe22","bhlhe22"
"12621","Lipt2","lipt2"
"12622","Stac3","stac3"
"12623","Dclre1b","dclre1b"
"12624","Col6a3","col6a3"
"12625","Upp1","upp1"
"12626","Elovl6","elovl6"
"12627","Arhgap4","arhgap4b"
"12628","Arhgap4","arhgap4a"
"12629","Apool","apool"
"12630","Exosc6","exosc6"
"12631","Hif3a","hif1al"
"12632","Dph2","dph2"
"12633","F9","f9b"
"12634","Ccdc191","ccdc191"
"12635","Cpa1","cpa1"
"12636","Cpa1","cpa5"
"12637","Cped1","cped1"
"12638","1810020O05Rik","si:dkey-57n24.6"
"12639","Cryaa","cryaa"
"12640","Mctp1","mctp1b"
"12641","Cdadc1","cdadc1"
"12642","Shisal1","shisal1b"
"12643","Hykk","hykk.1"
"12644","Stil","stil"
"12645","Epx","mpx"
"12646","Mrpl16","mrpl16"
"12647","Ino80d","ino80db"
"12648","Arfgef1","arfgef1"
"12649","Adam22","adam22"
"12650","Ppt2","ppt2"
"12651","Ppt2","zgc:66024"
"12652","Ppt2","zgc:55621"
"12653","Ppt2","zgc:55413"
"12654","Ppt2","zgc:77118"
"12655","Heg1","heg1"
"12656","Fbxl14","fbxl14a"
"12657","Penk","penka"
"12658","Slc3a2","slc3a2a"
"12659","Slc3a2","zgc:158423"
"12660","Lingo2","lingo2b"
"12661","Junb","junba"
"12662","Junb","junbb"
"12663","Atp8b4","atp8b4"
"12664","Ppp1r8","ppp1r8a"
"12665","Arhgap27","arhgap27l"
"12666","Fam193a","fam193a"
"12667","Erbb3","erbb3a"
"12668","Erbb3","erbb3b"
"12669","Taf8","taf8"
"12670","Egr4","egr1"
"12671","Egr4","egr2a"
"12672","Egr4","egr4"
"12673","Nos2","nos2a"
"12674","Thbs2","thbs2b"
"12675","Thbs2","thbs2a"
"12676","Etnk1","etnk1"
"12677","Chrnb3","chrnb3b"
"12678","Bmp7","bmp7b"
"12679","Bmp7","bmp7a"
"12680","Pgm3","pgm3"
"12681","Adi1","adi1"
"12682","Acd","acd"
"12683","Pdk2","pdk2b"
"12684","H4c12","zgc:153409"
"12685","Rpa3","rpa3"
"12686","Msmp","si:ch211-69e13.6"
"12687","Cd8b1","cd8b"
"12688","Plk4","plk4"
"12689","Dmc1","dmc1"
"12690","Ndufaf4","ndufaf4"
"12691","Spo11","spo11"
"12692","Bcan","bcan"
"12693","Gdap1l1","gdap1l1"
"12694","Hcls1","hcls1"
"12695","Cbln1","cbln1"
"12696","Rps4x","rps4x"
"12697","Tmem151b","tmem151ba"
"12698","Kat2a","kat2a"
"12699","Hccs","hccsa.2"
"12700","Hccs","hccsa.1"
"12701","Calcb","calca"
"12702","Cinp","cinp"
"12703","Pomt1","pomt1"
"12704","Cerk","cerk"
"12705","Glis1","glis1b"
"12706","Apoe","apoeb"
"12707","Abcd3","abcd3b"
"12708","Mrpl28","mrpl28"
"12709","Trim2","trim2a"
"12710","Arid3c","arid3c"
"12711","Ankib1","ankib1b"
"12712","Cept1","cept1b"
"12713","Mpp1","mpp1"
"12714","Mylk","mylkb"
"12715","Wnt16","wnt16"
"12716","Ncln","ncln"
"12717","Stx3","stx3a"
"12718","Gmfb","gmfb"
"12719","Igsf8","igsf8"
"12720","Pgam5","pgam5"
"12721","Myo15","myo15aa"
"12722","Aqp4","aqp4"
"12723","Zfp839","znf839"
"12724","Sema3f","sema3fa"
"12725","Ankrd13d","ankrd13d"
"12726","Snx24","snx24"
"12727","Cdcp2","cdcp2"
"12728","Cdh7","cdh7a"
"12729","Camk2b","camk2b1"
"12730","Stim1","stim1a"
"12731","Dnali1","dnali1"
"12732","Notch2","si:ch73-281k2.5"
"12733","Notch2","notch2"
"12734","Rgs11","rgs11"
"12735","Ndufab1","ndufab1a"
"12736","Loxl1","loxl1"
"12737","Pip5k1b","si:dkey-3h23.3"
"12738","Pip5k1b","pip5k1ba"
"12739","Setdb1","setdb1a"
"12740","Skiv2l","skiv2l"
"12741","Vip","vipb"
"12742","Vip","vip"
"12743","Trp53rka","tp53rk"
"12744","Rnps1","rnps1"
"12745","Rmdn2","rmdn2"
"12746","Vmn1r43","ora1"
"12747","Ppbp","cxcl20"
"12748","Nptx1","nptx1l"
"12749","Fam81b","fam81b"
"12750","Slc22a20","oatx"
"12751","Limk1","limk1b"
"12752","Limk1","limk1a"
"12753","Tox4","tox4a"
"12754","Cactin","cactin"
"12755","Tmem63b","zgc:153431"
"12756","Tmem63b","tmem63ba"
"12757","Lin37","lin37"
"12758","Noxo1","noxo1a"
"12759","Cfap410","cfap410"
"12760","Syt4","syt4"
"12761","Tpd52l1","tpd52l1"
"12762","Rac3","rac3a"
"12763","Cldn10","cldn10b"
"12764","Spin2c","spinb"
"12765","Nanos1","nanos1"
"12766","Nptn","nptna"
"12767","Adad2","adad2"
"12768","Eif4e1b","eif4e1b"
"12769","Lrrc40","lrrc40"
"12770","Dcun1d2","dcun1d2b"
"12771","Gucy1b1","gucy1b1"
"12772","Scpep1","scpep1"
"12773","Trav5d-4","nitr1b"
"12774","Trav5d-4","nitr5"
"12775","Trav5d-4","nitr1k"
"12776","Trav5d-4","nitr2b"
"12777","Trav5d-4","nitr1i"
"12778","Trav5d-4","nitr1f"
"12779","Trav5d-4","nitr2a"
"12780","Trav5d-4","nitr4a"
"12781","Trav5d-4","nitr1m"
"12782","Rarg","rargb"
"12783","Stfa1","cst14b.1"
"12784","Thsd7b","thsd7ba"
"12785","Arsj","arsj"
"12786","AK157302","isca1"
"12787","Spock3","spock3"
"12788","Gatc","gatc"
"12789","Efnb3","efnb3b"
"12790","Vdac3","zgc:56235"
"12791","Tpra1","tpra1"
"12792","Cd82","cd82b"
"12793","Bloc1s5","bloc1s5"
"12794","Selenof","selenof"
"12795","Lrrtm4","lrrtm4l2"
"12796","Cyth3","si:ch211-189a21.1"
"12797","Cyth3","cyth1a"
"12798","Gje1","cx23"
"12799","Dhrs2","dhrs4"
"12800","Dhrs2","zgc:92161"
"12801","Dhrs2","zgc:163083"
"12802","Dhrs2","zgc:123284"
"12803","Dhrs2","zgc:112146"
"12804","Ap3b1","ap3b1a"
"12805","Ankrd50","zgc:172215"
"12806","Kdelr2","kdelr2a"
"12807","Pex11g","pex11g"
"12808","Sash1","sash1b"
"12809","Epb41l3","epb41l3b"
"12810","Epb41l3","epb41l3a"
"12811","Dab1","dab1b"
"12812","Caskin1","caskin1"
"12813","Clcn2","clcn2b"
"12814","Fign","fign"
"12815","Mest","mest"
"12816","Ccl11","ccl38.1"
"12817","Ccl11","ccl38.6"
"12818","Ccl11","ccl38a.5"
"12819","Ccl11","ccl38a.4"
"12820","Usp37","usp37"
"12821","Acox1","acox1"
"12822","Aggf1","aggf1"
"12823","Phtf2","phtf2"
"12824","Tas2r135","tas2r200.1"
"12825","Tas2r135","tas2r200.2"
"12826","Rab27a","rab27a"
"12827","Ogfr","zgc:162182"
"12828","Recql5","recql5"
"12829","Ocln","oclnb"
"12830","Rab10","rab10"
"12831","Nhsl2","si:ch73-362m14.2"
"12832","Psmd12","psmd12"
"12833","Plcd1","plcd1b"
"12834","C2cd4b","c2cd4a"
"12835","Slc25a32","slc25a32a"
"12836","Wnt7a","wnt7ab"
"12837","Tek","tek"
"12838","Gpsm1","gpsm1b"
"12839","Mrps16","mrps16"
"12840","Higd2a","higd2a"
"12841","Tubgcp6","appl2"
"12842","Tmem79","tmem79b"
"12843","Aqr","aqr"
"12844","Kdm5a","kdm5a"
"12845","Camsap3","camsap3"
"12846","Fbxw27","wdr54"
"12847","Znrf2","znrf2b"
"12848","Usp31","usp31"
"12849","Fam131c","fam131c"
"12850","Itgav","itgav"
"12851","Dmwd","zmp:0000000529"
"12852","Nanog","nanog"
"12853","Ripply3","ripply3"
"12854","Cct6b","cct6a"
"12855","Snx13","snx13"
"12856","Cyp39a1","cyp39a1"
"12857","Fbxo42","fbxo42"
"12858","Foxk2","foxk2"
"12859","Pou2f3","pou2f3"
"12860","Nrl","nrl"
"12861","Lctl","lctla"
"12862","Lctl","lctlb"
"12863","Haus4","haus4"
"12864","Crtc3","crtc3"
"12865","Trip10","trip10b"
"12866","Trip10","trip10a"
"12867","Nkain2","nkain2"
"12868","Ift172","ift172"
"12869","Myl10","myl10"
"12870","Ehd3","ehd3"
"12871","Gnb4","gnb4b"
"12872","Recql","recql"
"12873","Odf3l2","odf3l2b"
"12874","Gm4737","ahcy"
"12875","Ccl27b","ccl27b"
"12876","Snapc2","snapc2"
"12877","Myl2","myl2a"
"12878","Tec","tec"
"12879","Hapln3","hapln3"
"12880","Fbxl13","fbxl13"
"12881","Sry","sox32"
"12882","Rgs9bp","si:ch73-167i17.6"
"12883","Avp","oxt"
"12884","Svbp","svbp"
"12885","Mttp","mttp"
"12886","Pcyt1a","pcyt1ab"
"12887","Atp5h","atp5pd"
"12888","Slc25a1","slc25a1b"
"12889","Gbp4","zmp:0000000527"
"12890","Gbp4","unm_sa911"
"12891","5730455P16Rik","zgc:153240"
"12892","Ltf","tfa"
"12893","Slc33a1","slc33a1"
"12894","Arrb1","arrb1"
"12895","Ctsw","ctsbb"
"12896","Atp23","atp23"
"12897","Cttnbp2","cttnbp2"
"12898","Noct","noctb"
"12899","Tmprss11b","st14b"
"12900","Tsnax","tsnax"
"12901","Pdxp","pdxp"
"12902","Ethe1","ethe1"
"12903","Eps8","eps8a"
"12904","Clec3b","clec3bb"
"12905","Mcc","mcc"
"12906","Gm8797","rps27a"
"12907","Aldh9a1","aldh3a2b"
"12908","Thbs4","thbs4a"
"12909","Acvr2a","acvr2ab"
"12910","Dpep1","dpep1"
"12911","Trak2","trak2"
"12912","Ift74","ift74"
"12913","Tmem232","tmem232"
"12914","Efemp1","si:ch73-173h19.3"
"12915","Lrrc26","lgi1a"
"12916","Proser3","proser3"
"12917","Ptprt","ptprt"
"12918","Pgls","pgls"
"12919","Grk6","grk6"
"12920","Il22ra1","ifnlr1"
"12921","Cyp4b1","cyp4f3"
"12922","Tgm1","tgm1l2"
"12923","Tgm1","tgm1l3"
"12924","Tgm1","tgm1l4"
"12925","Psmb11","psmb11b"
"12926","Siva1","siva1"
"12927","Zdhhc15","zdhhc15a"
"12928","Cetn4","cetn4"
"12929","Ccn1","ccn1"
"12930","Zfp281","znf281b"
"12931","Abhd6","abhd6a"
"12932","Il1b","il1b"
"12933","Ttc37","ttc37"
"12934","Spg11","spg11"
"12935","Ube2i","ube2ia"
"12936","Nsmaf","nsmaf"
"12937","Cd5l","si:ch211-51a6.2"
"12938","Zdhhc16","zdhhc16a"
"12939","Zmiz1","zmiz1b"
"12940","Ndor1","ndor1"
"12941","Adam1b","adam10b"
"12942","Cyp11b1","cyp11c1"
"12943","Olig3","olig3"
"12944","Erich2","erich2"
"12945","Cacng2","cacng2b"
"12946","Pmp22","pmp22a"
"12947","Hoxc6","hoxc6b"
"12948","Lcn6","zgc:153704"
"12949","Crnkl1","crnkl1"
"12950","Ifna9","ifnphi3"
"12951","Agpat2","agpat2"
"12952","Cxcr4","cxcr4b"
"12953","Ajm1","unm_hu7912"
"12954","Frrs1l","frrs1l"
"12955","Pcsk6","pcsk6"
"12956","Trim32","trim32"
"12957","Clstn2","si:ch211-276c2.2"
"12958","Ms4a6d","ms4a17a.17"
"12959","Ms4a6d","ms4a17a.1"
"12960","Ms4a6d","ms4a17a.8"
"12961","Ms4a6d","ms4a17a.9"
"12962","Ms4a6d","ms4a17a.2"
"12963","Ms4a6d","ms4a17a.11"
"12964","Ms4a6d","ms4a17a.16"
"12965","Sgsm1","sgsm1a"
"12966","Tub","tub"
"12967","Arhgap44","arhgap44"
"12968","Arhgap44","si:ch211-114m9.1"
"12969","Lrit1","lrit1b"
"12970","Gucd1","gucd1"
"12971","Tcf19","tcf19l"
"12972","Tmem64","tmem64"
"12973","Notum","notum1a"
"12974","Notum","notum1b"
"12975","Nbr1","nbr1b"
"12976","Glb1l3","b3gat1b"
"12977","Itfg2","itfg2"
"12978","Cd209b","si:dkey-61f9.1"
"12979","Cdc40","cdc40"
"12980","Gp2","si:ch73-329n5.1"
"12981","Exosc9","exosc9"
"12982","Ubr5","ubr5"
"12983","Atg4a","atg4a"
"12984","Pyy","pyyb"
"12985","Pyy","pyya"
"12986","Frmpd4","tlr7"
"12987","Pamr1","pamr1"
"12988","Morc4","zgc:152774"
"12989","Tomt","tomt"
"12990","Antxr2","antxr2a"
"12991","Rcbtb2","rcbtb2"
"12992","Cse1l","cse1l"
"12993","Eya1","eya1"
"12994","Macroh2a1","macroh2a1"
"12995","En1","en1a"
"12996","Raet1d","mhc1zfa"
"12997","Raet1d","mhc1zka"
"12998","Ighv2-3","ighv8-1"
"12999","Ighv2-3","ighv8-2"
"13000","Ighv2-3","ighv4-1"
"13001","Ninl","ninl"
"13002","Nr1d2","nr1d2b"
"13003","Sirt6","sirt6"
"13004","Hus1b","zgc:162895"
"13005","Elovl3","zgc:92749"
"13006","Mrpl22","mrpl22"
"13007","Nudt6","nudt6"
"13008","Man1b1","man1b1a"
"13009","Nup50","nup50"
"13010","Spata45","si:ch211-147d7.5"
"13011","Slco4a1","slco4a1"
"13012","Mfsd10","mfsd10"
"13013","Mfsd10","im:7160594"
"13014","Imp3","imp3"
"13015","Hace1","hace1"
"13016","Slc18a3","slc18a3b"
"13017","Fabp7","fabp7b"
"13018","Myadml2","myadml2"
"13019","Ppp2r2c","ppp2r2ca"
"13020","Clpp","clpp"
"13021","Neto1","neto1"
"13022","Arf5","arf5"
"13023","Klf14","klf5l"
"13024","Klf14","sp5l"
"13025","Palmd","palmda"
"13026","Gpc5","gpc5a"
"13027","Lzts2","lzts2b"
"13028","Umps","umps"
"13029","Slc27a1","slc27a1a"
"13030","Lpar3","lpar3"
"13031","Pga5","nots"
"13032","Gm21885","ankrd40"
"13033","Fbxl4","fbxl4"
"13034","Sh3gl2","sh3gl2b"
"13035","Eif2a","eif2a"
"13036","Wdr3","wdr3"
"13037","Bccip","bccip"
"13038","Tnfsf14","tnfsf14"
"13039","Ano10","ano10a"
"13040","Tnc","zmp:0000000846"
"13041","Agpat3","agpat3"
"13042","Abcf3","abcf3"
"13043","Mustn1","mustn1b"
"13044","Csrp1","csrp1b"
"13045","Gpx7","gpx7"
"13046","Gpx8","gpx8"
"13047","Park7","park7"
"13048","Casp6","casp6b.1"
"13049","Casp6","casp6a"
"13050","Casp6","casp6b.2"
"13051","Ccdc149","ccdc149a"
"13052","Dsp","dspb"
"13053","Cyc1","cyc1"
"13054","Spint1","wfikkn1"
"13055","Spint1","spint1a"
"13056","Mospd2","mospd2"
"13057","Cit","citb"
"13058","Cit","cita"
"13059","Slc6a3","slc6a3"
"13060","Fgf7","fgf7"
"13061","G6pc","g6pcb"
"13062","Atf4","atf4a"
"13063","Folr1","folr"
"13064","Gal3st2b","gal3st2"
"13065","Efna5","efna5b"
"13066","H1f8","h1m"
"13067","Cdkal1","cdkal1"
"13068","Fndc4","fndc4b"
"13069","1700025G04Rik","zgc:92140"
"13070","Fignl2","si:dkey-157g16.6"
"13071","Polr3k","polr3k"
"13072","Hpx","hpxb"
"13073","Amot","amot"
"13074","Crtac1","crtac1b"
"13075","Wdr41","wdr41"
"13076","Gemin2","gemin2"
"13077","Abhd2","abhd2a"
"13078","Tmem45b","tmem45b"
"13079","Snx2","snx2"
"13080","Ces2h","nlgn2b"
"13081","Psmf1","psmf1"
"13082","Pafah1b1","pafah1b1b"
"13083","Il2rg","il6r"
"13084","Sdhb","sdhb"
"13085","Plbd1","plbd1"
"13086","Tmprss2","tmprss2"
"13087","Fam110b","fam110b"
"13088","Jag2","jag1a"
"13089","Oca2","oca2"
"13090","Dennd4c","dennd4c"
"13091","Prrg2","masp1"
"13092","Gsg1l2","gsg1l2a"
"13093","Itga9","itga9"
"13094","Tarbp2","tarbp2"
"13095","Tex10","tex10"
"13096","Tcp1","tcp1"
"13097","Nr6a1","nr6a1a"
"13098","Clpx","clpxa"
"13099","Zfp771","znf740a"
"13100","Impa2","impa2"
"13101","Glipr1l1","im:7150988"
"13102","Slc29a1","slc29a1a"
"13103","Nploc4","nploc4"
"13104","Lclat1","lclat1"
"13105","Baiap3","baiap3"
"13106","Opn1mw","opn1lw1"
"13107","Opn1mw","opn1lw2"
"13108","Zbtb7c","zbtb7c"
"13109","Tmem68","tmem68"
"13110","Ppfia1","ppfia1"
"13111","Nab2","nab2"
"13112","Umodl1","umodl1"
"13113","Hibch","hibch"
"13114","Ube2v2","ube2v2"
"13115","Pik3cd","pik3cd"
"13116","Gjb4","cx34.4"
"13117","Amdhd2","amdhd2"
"13118","Elavl3","elavl3"
"13119","Vta1","vta1"
"13120","Sorbs3","sorbs3"
"13121","Pkdrej","pkd1a"
"13122","Shisa8","shisa9b"
"13123","a","asip1"
"13124","Tbc1d7","tbc1d7"
"13125","Rpl35","rpl35"
"13126","Ets1","ets1"
"13127","Fndc3a","fndc3a"
"13128","Mecom","mecom"
"13129","Etnppl","etnppl"
"13130","Serpine1","serpine1"
"13131","Ten1","ten1"
"13132","Pin1","pin1"
"13133","Zbtb39","zbtb39"
"13134","Tmem237","tmem237a"
"13135","Smagp","zgc:172122"
"13136","Smagp","sc:d189"
"13137","C1ql3","c1ql3a"
"13138","Adamts16","adamts16"
"13139","Polr3b","polr3b"
"13140","Ssr1","ssr1"
"13141","Atp13a5","atp2b2"
"13142","S1pr1","s1pr1"
"13143","Slc25a36","slc25a36b"
"13144","Cxcr5","cxcr5"
"13145","Ap1s3","ap1s3a"
"13146","Mien1","selenow2b"
"13147","Mien1","selenow2a"
"13148","2510009E07Rik","zgc:162707"
"13149","Syngr1","syngr1b"
"13150","Klhdc9","hcfc1a"
"13151","Pcsk7","pcsk7"
"13152","Elmo3","elmo3"
"13153","Anapc15","anapc15"
"13154","Kdm6b","kdm6ba"
"13155","Lig3","lig3"
"13156","Nelfcd","nelfcd"
"13157","Prorsd1","zgc:64201"
"13158","mt-Co2","mt-co2"
"13159","Sncb","sncb"
"13160","Phospho2","phospho2"
"13161","Chordc1","chordc1a"
"13162","Chordc1","chordc1b"
"13163","Polr2e","polr2eb"
"13164","Rabgap1","rabgap1"
"13165","Dock6","dock6"
"13166","Trh","trh"
"13167","Aldh2","aldh2.2"
"13168","Aldh2","aldh2.1"
"13169","Abtb2","abtb2a"
"13170","Capzb","capzb"
"13171","Ulbp1","mhc1lba"
"13172","Tespa1","tespa1"
"13173","Slc18a2","slc18a2"
"13174","Slc9a3r1","slc9a3r1b"
"13175","Fsd1","fsd1"
"13176","Cd22","si:ch211-1f22.3"
"13177","Cd22","si:ch211-1f22.5"
"13178","Cd22","si:ch211-152f2.1"
"13179","Cd22","si:ch211-1f22.6"
"13180","Cd22","si:ch211-1f22.7"
"13181","Cd22","si:ch211-152f2.2"
"13182","Cd22","si:ch211-1f22.8"
"13183","Cd22","si:ch211-152f2.3"
"13184","Cd22","si:ch211-1f22.9"
"13185","Cd22","si:ch211-152f2.4"
"13186","Cd22","zgc:171470"
"13187","Cd22","zmp:0000001289"
"13188","Pcyox1l","pcyox1l"
"13189","Txlnb","txlnba"
"13190","Pla2g4c","zgc:101699"
"13191","Gapdhs","gapdhs"
"13192","Pdha1","pdha1a"
"13193","Paf1","paf1"
"13194","Gpr171","gpr171"
"13195","Fadd","fadd"
"13196","Insig2","insig2"
"13197","Eif4g1","eif4g1a"
"13198","Tab1","tab1"
"13199","Jazf1","jazf1a"
"13200","Map1a","map1aa"
"13201","Rps6ka2","rps6ka2"
"13202","Wdr45b","wdr45b"
"13203","Klhl25","enc2"
"13204","Fabp5","rbp5"
"13205","Siah2","siah2l"
"13206","Mrps17","mrps17"
"13207","Tgfb1","tgfb1a"
"13208","Elmo1","si:dkey-56f14.7"
"13209","Xcr1","xcr1b.1"
"13210","Xylt2","xylt2"
"13211","Csf3","csf3a"
"13212","Pbk","pbk"
"13213","Adm","admb"
"13214","Ndufb10","ndufb10"
"13215","mt-Nd4","mt-nd4"
"13216","Slc22a7","slc22a7b.3"
"13217","Slc22a7","zmp:0000001102"
"13218","Mapkapk5","mapkapk5"
"13219","Six3","six3b"
"13220","Tmem33","tmem33"
"13221","Nfasc","nfasca"
"13222","Nudt8","nudt8"
"13223","Prc1","prc1a"
"13224","Gas7","gas7a"
"13225","Actn2","zgc:165653"
"13226","Trpc5","trpc5a"
"13227","Igfbp5","igfbp5a"
"13228","Slc16a3","si:ch211-234h8.7"
"13229","Adamts10","adamts10"
"13230","Strn","strn"
"13231","Psmd11","psmd11a"
"13232","Dph5","dph5"
"13233","Sst","sst1.2"
"13234","Sst","sst1.1"
"13235","Tle5","chico"
"13236","Tut4","tut4"
"13237","Cep72","cep72"
"13238","Slc25a19","slc25a19"
"13239","Lrtm1","lrtm1"
"13240","Dram1","dram1"
"13241","Nrp2","nrp2b"
"13242","Myof","myofl"
"13243","Rhot1","rhot1a"
"13244","Cdo1","cdo1"
"13245","Klhdc2","klhdc2"
"13246","Nkx6-2","nkx6.2"
"13247","Acsbg3","acsl2"
"13248","Otos","otos"
"13249","St14","zmp:0000001114"
"13250","Arrdc1","arrdc1b"
"13251","Cacna1s","cacna1sb"
"13252","Ndst1","ndst1b"
"13253","Igfbp7","igfbp7"
"13254","Wasf1","wasf1"
"13255","Rspo4","rspo4"
"13256","Nfatc2","nfatc2a"
"13257","Abcc8","abcc8b"
"13258","Reg2","si:dkey-241l7.6"
"13259","Reg2","si:dkey-241l7.5"
"13260","Reg2","si:dkey-241l7.3"
"13261","Reg2","si:dkey-241l7.4"
"13262","Reg2","si:dkey-241l7.2"
"13263","Foxl2","foxl2b"
"13264","Unkl","unkl"
"13265","Vcam1","vcam1b"
"13266","Nip7","nip7"
"13267","Pomgnt2","pomgnt2"
"13268","Tdpoz1","spop"
"13269","Nwd2","nwd2"
"13270","Akr1c12","zgc:56622"
"13271","Ano7","si:dkey-83h2.5"
"13272","G6pc3","g6pc3"
"13273","Gmps","gmps"
"13274","Wnt6","wnt6b"
"13275","Nup35","nup35"
"13276","Gtf2a2","gtf2a2"
"13277","Atg2a","si:ch73-45o6.2"
"13278","Tmem174","tmem174"
"13279","Atxn1l","atxn1l"
"13280","Flnc","flncb"
"13281","Msi1","zgc:110796"
"13282","Scube3","scube3"
"13283","Tanc1","tanc1b"
"13284","Snw1","snw1"
"13285","Mmp10","mmp25b"
"13286","Mmp10","mmp30"
"13287","Mmp10","mmp23bb"
"13288","Ambra1","ambra1a"
"13289","Calm3","calm3b"
"13290","Calm3","calm2b"
"13291","Ints9","ints9"
"13292","Gpr19","gpr19"
"13293","Golga4","golga4"
"13294","Fam183b","fam183a"
"13295","Cog7","cog7"
"13296","Ebf2","ebf2"
"13297","Sprtn","sprtn"
"13298","Copb1","copb1"
"13299","Rassf8","rassf8a"
"13300","Mir99a","mir99-2"
"13301","Cacna1b","cacna1bb"
"13302","Pax6","pax6b"
"13303","Eif2b5","eif2b5"
"13304","Cd302","cd302"
"13305","Glyatl3","si:ch73-106k19.2"
"13306","Bnip3","bnip3"
"13307","Hspb9","hspb9"
"13308","Zfp352","klf2b"
"13309","Slc8a2","slc8a2b"
"13310","Ehmt2","ehmt2"
"13311","Padi3","padi2"
"13312","Zdhhc21","zdhhc21"
"13313","4931406C07Rik","zgc:85789"
"13314","Tgif2lx1","pbx4"
"13315","4931417E11Rik","jkamp"
"13316","Pfkl","pfklb"
"13317","Slc43a3","slc43a3b"
"13318","Oprl1","oprl1"
"13319","Slc38a8","slc38a8a"
"13320","Mad2l1bp","mad2l1bp"
"13321","Sgsm3","sgsm3"
"13322","Aplp1","aplp1"
"13323","Kcng2","kcng2"
"13324","Zfp36l2","zfp36l2"
"13325","Dnajc5g","dnajc5ga"
"13326","Dnajc5g","dnajc3b"
"13327","Prkcd","prkcdb"
"13328","Crlf3","crlf3"
"13329","Hopx","hopx"
"13330","Arhgef7","arhgef7b"
"13331","Pcdh18","pcdh18a"
"13332","Jakmip2","jakmip2"
"13333","Ccna2","ccna2"
"13334","Ranbp3","ranbp3b"
"13335","A2ml1","zgc:165518"
"13336","A2ml1","zgc:165453"
"13337","A2ml1","zgc:171426"
"13338","Cmtm8","cmtm8b"
"13339","Mdm4","mdm4"
"13340","Clvs2","clvs2"
"13341","Nprl3","nprl3"
"13342","Apoa1","apoa1b"
"13343","Gabrg2","gabrg2"
"13344","Mcoln1","mcoln1b"
"13345","Atp6v1b2","atp6v1b2"
"13346","Pigu","pigu"
"13347","Ubr4","ubr4"
"13348","Pdcd5","pdcd5"
"13349","Emc7","zgc:195050"
"13350","Pappa","pappaa"
"13351","Mir100","mir100-2"
"13352","Ern2","ern1"
"13353","Cnot8","cnot8"
"13354","Chrm5","chrm5a"
"13355","Tmprss5","tmprss5"
"13356","Hhex","hhex"
"13357","Ppfibp1","ppfibp1b"
"13358","Hs2st1","hs2st1a"
"13359","Apold1","si:rp71-1g18.13"
"13360","Apold1","apol1"
"13361","Lingo4","wu:fc23c09"
"13362","Fmo9","si:dkey-239i20.2"
"13363","Fmo9","fmo5"
"13364","Fmo9","si:dkey-239i20.4"
"13365","Drd1","drd1b"
"13366","Mbnl1","mbnl1"
"13367","Map7d2","map7d2a"
"13368","Sik3","sik3"
"13369","Slc7a13","zgc:175280"
"13370","Hid1","hid1a"
"13371","Cyp3a11","cyp3a65"
"13372","Bnip1","bnip1b"
"13373","Mgat3","mgat3b"
"13374","Dctn4","dctn4"
"13375","Fkbp3","fkbp3"
"13376","Cdk5r1","cdk5r1a"
"13377","Syt12","syt12"
"13378","Trappc2l","trappc2l"
"13379","Scarb2","scarb2c"
"13380","Acot13","acot13"
"13381","Adamts3","adamts3"
"13382","Thumpd1","thumpd1"
"13383","C1qtnf7","c1qtnf7"
"13384","Trarg1","trarg1b"
"13385","Wrap53","wrap53"
"13386","Stk26","stk26"
"13387","Parg","parga"
"13388","Entpd5","entpd5b"
"13389","Elp4","elp4"
"13390","Purb","purbb"
"13391","Tspan17","tspan17"
"13392","Shroom2","shroom2a"
"13393","Fetub","fetub"
"13394","Wasf3","wasf3a"
"13395","Usp14","usp14"
"13396","Pmch","pmchl"
"13397","Prpf6","prpf6"
"13398","Gramd1b","gramd1bb"
"13399","Tfap2b","tfap2b"
"13400","Gjb3","cx35.4"
"13401","Gucy2c","gucy2c"
"13402","Pigs","pigs"
"13403","Neurod6","neurod6b"
"13404","Gramd2","gramd2aa"
"13405","Slc25a15","slc25a15a"
"13406","Angptl6","angptl6"
"13407","Rims4","rims4"
"13408","Pwwp2b","pwwp2b"
"13409","F2rl3","si:ch211-132p1.2"
"13410","Abcd2","abcd2"
"13411","Man2a1","man2a1"
"13412","Tinf2","tinf2"
"13413","Mtr","mtr"
"13414","Usp20","usp20"
"13415","Oaf","oafb"
"13416","Oaf","oafa"
"13417","Aff4","aff4"
"13418","Ccnj","ccnj"
"13419","Tbca","tbca"
"13420","Ndufb3","ndufb3"
"13421","Vasn","vasna"
"13422","Cep112","cep112"
"13423","Gcfc2","gcfc2"
"13424","Tacr2","tacr2"
"13425","Galnt14","galnt14"
"13426","Slc7a15","zmp:0000001267"
"13427","Scn1b","scn1bb"
"13428","Lrig3","lrig3"
"13429","Tyr","tyr"
"13430","Raver1","raver1"
"13431","Wnk1","wnk1a"
"13432","Actr10","actr10"
"13433","Prkcb","prkcbb"
"13434","Gmnc","gmnc"
"13435","Mia","mia"
"13436","Ppip5k1","ppip5k1b"
"13437","Cldn8","cldn17"
"13438","Ubald2","ubald2"
"13439","Lrtm2","zgc:153913"
"13440","Rnf170","rnf170"
"13441","Tgfbr1","tgfbr1b"
"13442","Ggps1","ggps1"
"13443","Hnmt","hnmt"
"13444","Adnp","adnpa"
"13445","Psat1","psat1"
"13446","Iars","iars1"
"13447","Zbtb37","zbtb37"
"13448","Shmt2","shmt2"
"13449","Pklr","pklr"
"13450","Fdx2","fdx2"
"13451","Rps6ka3","rps6ka3a"
"13452","Il12a","zmp:0000001127"
"13453","Gpr17","gpr17"
"13454","Klhl42","klhl42"
"13455","Nanos3","nanos3"
"13456","Exosc7","exosc7"
"13457","Epha3","epha3"
"13458","Slc38a9","slc38a9"
"13459","Orc4","orc4"
"13460","Ripor3","ripor3"
"13461","Tnfsf13b","tnfsf13b"
"13462","Tmem248","tmem248"
"13463","Tpcn2","tpcn2"
"13464","Plaat1","zgc:194275"
"13465","Adssl1","adss1"
"13466","Col2a1","col2a1b"
"13467","Gja6","cx43"
"13468","Clrn3","clrn3"
"13469","Ctnnbl1","ctnnbl1"
"13470","Dqx1","dqx1"
"13471","Trim52","si:dkey-29p10.4"
"13472","Ipo13","ipo13"
"13473","Cttn","cttn"
"13474","Cd244a","si:ch211-209f23.6"
"13475","Cd244a","si:dkey-53k12.1"
"13476","Sgo2b","si:dkey-57a22.11"
"13477","Sag","sagb"
"13478","Aldh1l1","aldh1l1"
"13479","Def6","def6a"
"13480","Dnaaf3","dnaaf3l"
"13481","Dnaaf3","dnaaf3"
"13482","Gpr107","gpr107"
"13483","Tspan2","tspan2a"
"13484","Ankrd11","ankrd11"
"13485","Inha","inha"
"13486","Pgrmc1","pgrmc1"
"13487","Txnl4a","txnl4a"
"13488","Surf4","surf4"
"13489","C3","c3a.4"
"13490","C3","c3a.6"
"13491","Cd81","cd81b"
"13492","H1f6","zgc:163061"
"13493","C1s2","wu:fd46c06"
"13494","Sarnp","sarnp"
"13495","Wdr5","wdr5"
"13496","Sdk2","sdk2a"
"13497","C8b","c8b"
"13498","Eif4a3l1","eif4a3"
"13499","Rnf144b","rnf144b"
"13500","Hrh2","hrh2a"
"13501","Ska2","ska2"
"13502","Taf9","taf9"
"13503","Chmp1b","chmp1b"
"13504","Hadha","hadhaa"
"13505","Clint1","clint1b"
"13506","Osr2","osr2"
"13507","Actr3","actr3"
"13508","Dnajc21","dnajc21"
"13509","Pou4f3","pou4f3"
"13510","Ptcd2","ptcd2"
"13511","Myadm","si:dkeyp-66d1.7"
"13512","Tmem135","tmem135"
"13513","Zbtb49","zbtb49"
"13514","Fam126b","zgc:158316"
"13515","Polr2b","polr2b"
"13516","Txnrd3","txnrd3"
"13517","Ckmt2","ckmt2b"
"13518","Ckmt2","ckmt2a"
"13519","Lman2l","lman2lb"
"13520","Lman2l","lman2la"
"13521","Bzw1","bzw1a"
"13522","Sap30l","sap30l"
"13523","Lrrc51","lrrc51"
"13524","Casp1","casp20"
"13525","Dele1","dele1"
"13526","Cdh22","cdh22"
"13527","Vapa","vapal"
"13528","Vapa","top1mt"
"13529","Zar1l","zar1l"
"13530","Adra2b","adra2b"
"13531","Abracl","abracl"
"13532","Thtpa","si:dkey-191c17.2"
"13533","Naa80","naa80"
"13534","Smoc2","smoc2"
"13535","Zbtb14","zbtb14"
"13536","Zfp735","si:dkeyp-19e1.4"
"13537","Kntc1","kntc1"
"13538","Adcy3","adcy3a"
"13539","Hey2","hey2"
"13540","Trpc7","trpc7b"
"13541","Ralbp1","ralbp1"
"13542","Lgals8","lgals8b"
"13543","Fubp3","fubp3"
"13544","Adad1","adad1"
"13545","Nell2","nell2a"
"13546","Prdm12","prdm12b"
"13547","Zer1","zer1"
"13548","Atp13a1","atp13a1"
"13549","Acap3","acap3b"
"13550","Gpr143","gpr143"
"13551","Spsb4","spsb4b"
"13552","Ercc6l","ercc6l"
"13553","Nsl1","nsl1"
"13554","Lamp1","lamp1b"
"13555","Lamp1","lamp1a"
"13556","Aqp11","aqp11"
"13557","Sepsecs","sepsecs"
"13558","Chrnb3","chrnb3a"
"13559","Cldn15","cldn15lb"
"13560","St7","st7"
"13561","Eipr1","eipr1"
"13562","Slain2","slain2"
"13563","Pts","pts"
"13564","Hykk","hykk.2"
"13565","Ino80d","ino80da"
"13566","Rho","rho"
"13567","Rho","exorh"
"13568","Rhbdd3","rhbdd3"
"13569","Slc3a2","slc3a2b"
"13570","Ddah2","ddah2"
"13571","Crispld2","crispld2"
"13572","Cdh7","cdh7b"
"13573","Snu13","snu13a"
"13574","Ndufab1","ndufab1b"
"13575","Setdb1","setdb1b"
"13576","Slc30a10","slc30a10"
"13577","Mylk","mylka"
"13578","Ubr3","ubr3"
"13579","Rpl28","rpl28"
"13580","Mier2","mier2"
"13581","Rph3a","rph3aa"
"13582","Rph3a","rph3ab"
"13583","Tfap2a","tfap2a"
"13584","Tmem128","tmem107"
"13585","Trap1","trap1"
"13586","Apoe","apoea"
"13587","Adam19","adam19a"
"13588","Cept1","cept1a"
"13589","Cryba4","cryba4"
"13590","Bhmt","bhmt"
"13591","Idh2","idh2"
"13592","Lmo1","lmo1"
"13593","Eif3g","eif3g"
"13594","Msc","msc"
"13595","Pid1","pid1"
"13596","Usp16","usp16"
"13597","Esrrb","esrrb"
"13598","Rpl7l1","rpl7l1"
"13599","Zswim6","zswim6"
"13600","Csf3r","csf3r"
"13601","Tnrc6a","tnrc6a"
"13602","Pdpr","si:cabz01113374.3"
"13603","Sptlc2","sptlc2b"
"13604","Pkp4","pkp4"
"13605","Cldn18","cldn18"
"13606","Ppie","ppie"
"13607","Tymp","tymp"
"13608","Serpine2","serpine2"
"13609","Ccdc127","zmp:0000000930"
"13610","Ccdc127","ccdc127a"
"13611","Ston1","gtf2a1l"
"13612","Map2k5","map2k5"
"13613","Caml","camlg"
"13614","Kctd5","kctd5a"
"13615","Slc22a13b","slc22a13b"
"13616","Fau","faua"
"13617","Fip1l1","fip1l1b"
"13618","Ankzf1","ankzf1"
"13619","Agl","agla"
"13620","Dusp2","dusp2"
"13621","Mctp1","mctp1a"
"13622","Tbata","tbata"
"13623","Cpeb2","cpeb2"
"13624","Crebbp","crebbpa"
"13625","Crebbp","crebbpb"
"13626","Mis12","mis12"
"13627","Pdlim5","pdlim5b"
"13628","Psmd4","psmd4a"
"13629","Timp2","timp2b"
"13630","Pxdn","pxdn"
"13631","Chd6","chd6"
"13632","Glrx","glrx"
"13633","Kctd14","kctd14"
"13634","Thra","thraa"
"13635","L3hypdh","l3hypdh"
"13636","Larp7","larp7"
"13637","Rab5if","rab5if"
"13638","Uros","uros"
"13639","Pmm1","pmm1"
"13640","Aldoc","aldoca"
"13641","Aldoc","aldocb"
"13642","Pde8b","pde8b"
"13643","Sebox","sebox"
"13644","Gga1","gga1"
"13645","Nup188","nup188"
"13646","Rpusd1","rpusd1"
"13647","Slc49a4","slc49a4"
"13648","Fah","fah"
"13649","Prdm5","prdm5"
"13650","Dlst","dlst"
"13651","Mfsd1","mfsd1"
"13652","Fam124b","fam124b"
"13653","2410004B18Rik","zgc:65873"
"13654","Wdr43","wdr43"
"13655","Cript","cript"
"13656","Stox2","stox2b"
"13657","Mid2","mid2"
"13658","Esyt1","esyt1a"
"13659","Haspin","si:dkeyp-26a9.2"
"13660","Mettl18","si:dkey-15f17.8"
"13661","Mrpl20","mrpl20"
"13662","Idh1","idh1"
"13663","Fancb","fancb"
"13664","Serbp1","serbp1b"
"13665","Mmd","mmd"
"13666","Sec24d","sec24d"
"13667","Lnpep","lnpep"
"13668","Prph","prph"
"13669","Ss18","ss18"
"13670","Aifm2","aifm2"
"13671","Ly86","ly86"
"13672","Tsc22d1","zgc:65895"
"13673","Mctp2","mctp2b"
"13674","Spice1","spice1"
"13675","Fbxo33","fbxo33"
"13676","Cftr","cftr"
"13677","Lin7c","lin7c"
"13678","Slc25a34","slc25a34"
"13679","Fat1","fat1a"
"13680","Ctsb","ctsba"
"13681","Cfap206","cfap206"
"13682","Smoc1","smoc1"
"13683","Gorasp1","gorasp1b"
"13684","Crip3","crip3"
"13685","Tmem41a","tmem41aa"
"13686","Aqp1","aqp1a.1"
"13687","Aqp1","aqp1a.2"
"13688","Adora2a","adora2aa"
"13689","Tshz1","tshz1"
"13690","Trpt1","trpt1"
"13691","Rgs6","rgs6"
"13692","Hc","c5"
"13693","Crebl2","crebl2"
"13694","Gbgt1","si:ch211-135f11.5"
"13695","Gbgt1","gbgt1l3"
"13696","Slc1a2","slc1a2b"
"13697","Rnf32","rnf32"
"13698","Rsu1","rsu1"
"13699","Mcoln2","mcoln2"
"13700","Arf6","arf6a"
"13701","Orc2","orc2"
"13702","Prmt6","prmt6"
"13703","Herc4","herc4"
"13704","Fgl2","fgl2b"
"13705","Pcsk5","pcsk5b"
"13706","Unc5a","unc5a"
"13707","Sycn","sycn.3"
"13708","Rnmt","rnmt"
"13709","Tspan10","tspan10"
"13710","Phlda1","phlda1"
"13711","Aldh4a1","aldh4a1"
"13712","Stimate","stimate"
"13713","Yipf5","yipf5"
"13714","Slc17a9","slc17a9a"
"13715","Cebpb","cebpb"
"13716","Gap43","gap43"
"13717","Atg16l1","atg16l1"
"13718","Nrgn","spa17"
"13719","Arhgef15","si:dkey-38p12.3"
"13720","Supt20","supt20"
"13721","Slco1b2","slco1f4"
"13722","Slco1b2","slco1f1"
"13723","Slco1b2","slco1f2"
"13724","Slco1b2","slco1f3"
"13725","Znhit6","znhit6"
"13726","Ttyh2","ttyh2l"
"13727","Cwf19l2","cwf19l2"
"13728","Dnah2","dnah2"
"13729","Rpl19","rpl19"
"13730","Rad23b","rad23b"
"13731","Btbd6","btbd6a"
"13732","Duoxa2","duox2"
"13733","Brcc3","brcc3"
"13734","Zfp804a","znf804a"
"13735","Rcan2","rcan2"
"13736","Hbp1","hbp1"
"13737","Kif3c","kif3ca"
"13738","Kirrel2","kirrel3l"
"13739","Fbln1","fbln1"
"13740","Trp53i11","tp53i11b"
"13741","Mettl23","mettl23"
"13742","Mak","mak"
"13743","Kcne4","kcne4"
"13744","Tle7","tle2a"
"13745","Tle7","tle2c"
"13746","Gm12248","faxdc2"
"13747","Gnmt","gnmt"
"13748","Tmem263","tmem263"
"13749","Cnot11","cnot11"
"13750","Ndufv2","ndufv2"
"13751","Unc5c","unc5c"
"13752","Tia1","tia1"
"13753","Tvp23b","zgc:112148"
"13754","Fam98a","fam98a"
"13755","Pak1","pak1"
"13756","C2cd5","c2cd5"
"13757","Pld1","pld1b"
"13758","Psmd9","psmd9"
"13759","Eci2","eci2"
"13760","Tubb6","tubb6"
"13761","Sidt2","sidt2"
"13762","Pigb","pigb"
"13763","Hdhd2","hdhd2"
"13764","Tmed7","tmed7"
"13765","Sstr2","sstr2a"
"13766","Sstr2","sstr2b"
"13767","Snrnp25","snrnp25"
"13768","Gid8","gid8a"
"13769","Ints4","ints4"
"13770","Ugt1a6a","ugt5f1"
"13771","Ugt1a6a","ugt2b5"
"13772","Ugt1a6a","ugt2b3"
"13773","Ugt1a6a","zgc:172315"
"13774","P2rx7","p2rx7"
"13775","Mpp2","mpp2b"
"13776","Mpp2","mpp2a"
"13777","Anxa13","zgc:101785"
"13778","Dock1","dock1"
"13779","Fam193b","fam193b"
"13780","Slc16a6","slc16a6b"
"13781","Slc16a6","slc16a6a"
"13782","Stk10","stk10"
"13783","Gphn","gphna"
"13784","Ptx3","ptx3a"
"13785","Rab11fip1","rab11fip1a"
"13786","Prkar2a","prkar2ab"
"13787","Wipf3","wipf3"
"13788","Anxa11","anxa11b"
"13789","Flvcr1","flvcr1"
"13790","Rad54l2","rad54l2"
"13791","Vstm4","vstm4b"
"13792","Cops3","cops3"
"13793","Sardh","sardh"
"13794","Fyb2","si:ch211-188c16.1"
"13795","Dut","dut"
"13796","Qtrt1","qtrt1"
"13797","Cacng1","cacng1b"
"13798","Cacng1","cacng1a"
"13799","Brpf1","brpf1"
"13800","Chn1","chn1"
"13801","Rbl1","rbl1"
"13802","Fastkd3","fastkd3"
"13803","Vim","viml"
"13804","Tm9sf1","tm9sf1"
"13805","Nme9","nme8"
"13806","Csf1r","csf1rb"
"13807","Zic2","zic2b"
"13808","Hgh1","hgh1"
"13809","Lcp1","lcp1"
"13810","Gnpat","gnpat"
"13811","Trpm6","trpm6"
"13812","Rspo2","rspo2"
"13813","Hsd17b4","hsd17b4"
"13814","Mrpl21","mrpl21"
"13815","Asap2","asap2a"
"13816","Glg1","glg1b"
"13817","Pgs1","pgs1"
"13818","Ppp2r2d","ppp2r2d"
"13819","Cd4","dicp2.1"
"13820","Cd4","dicp2.2"
"13821","Cd4","si:ch73-322b17.4"
"13822","Cd4","si:ch73-34h11.1"
"13823","Cd4","dicp3.1"
"13824","Cd4","zmp:0000000608"
"13825","Cd4","dicp1.3-4"
"13826","Cd4","dicp1.16"
"13827","Zap70","zap70"
"13828","Evpl","evplb"
"13829","Evpl","evpla"
"13830","Angel2","angel2"
"13831","Etfa","etfa"
"13832","Stx16","stx16"
"13833","Fam210a","fam210aa"
"13834","Serinc3","si:ch73-267c23.10"
"13835","Adat2","adat2"
"13836","Cyp46a1","cyp46a1.2"
"13837","Cyp46a1","zgc:123299"
"13838","Cyp46a1","cyp46a1.4"
"13839","Cyp46a1","cyp46a1.3"
"13840","Nsf","nsfa"
"13841","Smad4","smad4a"
"13842","Mpp4","mpp4a"
"13843","Frmd7","si:ch211-243g6.3"
"13844","Frmd7","frmd7"
"13845","Sox9","sox9a"
"13846","Sox9","sox9b"
"13847","Vill","vill"
"13848","Pkib","pkib"
"13849","Zbtb12","zbtb12.1"
"13850","Dhrs7c","dhrs7ca"
"13851","Fam13a","fam13a"
"13852","Atg101","atg101"
"13853","Smarcal1","smarcal1"
"13854","Camta1","camta1a"
"13855","Camta1","camta1b"
"13856","Mtrf1","mtrf1"
"13857","Unc119","unc119b"
"13858","Farsb","farsb"
"13859","Carf","carf"
"13860","Fam184b","fam184b"
"13861","Lancl2","lancl2"
"13862","Ier3","zgc:158343"
"13863","Uqcrc1","uqcrc1"
"13864","Sec31a","sec31a"
"13865","Fezf1","fezf1"
"13866","Psma2","psma2"
"13867","Ppa1","ppa1a"
"13868","Vash2","vash2"
"13869","Sema6a","sema6a"
"13870","Ofd1","ofd1"
"13871","Adprhl1","adprhl1"
"13872","Mafb","mafba"
"13873","Apobec2","apobec2b"
"13874","Pxmp4","pxmp4"
"13875","Pakap","palm2akap2"
"13876","Rpl23","rpl23"
"13877","Ednrb","ednrba"
"13878","Dnajb3","dnajb1a"
"13879","Gper1","gper1"
"13880","Dhrs13","dhrs13a.2"
"13881","Rab21","rab21"
"13882","Vav2","vav2"
"13883","Slc16a5","slc16a5b"
"13884","Bambi","bambib"
"13885","Tmem9","tmem9"
"13886","Romo1","romo1"
"13887","Cdc42ep4","cdc42ep4a"
"13888","Tmx3","tmx3b"
"13889","Dapl1","dap1b"
"13890","F3","crfb12"
"13891","Rnf34","rnf34b"
"13892","Rnf34","rnf34a"
"13893","Camk2n2","camk2n2"
"13894","Itk","itk"
"13895","Trpm1","trpm1a"
"13896","Trpm1","trpm1b"
"13897","Rprm","rprmb"
"13898","Vgll3","vgll3"
"13899","Rskr","rskra"
"13900","Rskr","rskrb"
"13901","Pik3c2b","pik3c2b"
"13902","Nkx3-2","nkx3-2"
"13903","Camk2d","camk2d2"
"13904","Chd3","chd3"
"13905","Gabra1","gabra1"
"13906","Lsm3","lsm3"
"13907","mt-Co1","mt-co1"
"13908","Thrsp","thrsp"
"13909","Taldo1","taldo1"
"13910","Rtn1","rtn1b"
"13911","Usp44","usp44"
"13912","Tmed1","tmed1b"
"13913","Tmed1","tmed1a"
"13914","Gnl3l","gnl3l"
"13915","Nprl2","nprl2"
"13916","Sra1","sra1"
"13917","Ascl1","ascl1a"
"13918","1300017J02Rik","otomp"
"13919","Fat3","fat3a"
"13920","Fat3","fat3b"
"13921","mt-Nd3","mt-nd3"
"13922","Rrp1","rrp1"
"13923","Zglp1","zglp1"
"13924","Ccr8","cabz01093075.1"
"13925","Ccr8","si:cabz01093077.1"
"13926","Slc39a14","slc39a14"
"13927","Zfp346","znf346"
"13928","Mrto4","mrto4"
"13929","Tm6sf2","zgc:85843"
"13930","Cbx3","cbx3a"
"13931","Dydc1","dydc2"
"13932","Gpam","gpam"
"13933","Bmpr1b","bmpr1bb"
"13934","Cyb5r4","cyb5r4"
"13935","Hnrnpab","hnrnpabb"
"13936","Dbnl","dbnlb"
"13937","Gria1","gria1a"
"13938","Socs3","socs3a"
"13939","Peli3","peli3"
"13940","Bin2","bin2a"
"13941","Snx1","snx1b"
"13942","Wdr20","wdr20b"
"13943","Wdr20","wdr20a"
"13944","Pecam1","pecam1"
"13945","Lrrc4","lrrc4.1"
"13946","Ube2d3","ube2d2l"
"13947","Ube2d3","ube2d3"
"13948","Bhlha9","bhlha9"
"13949","Usp36","usp36"
"13950","Adcy9","adcy9"
"13951","Rgs3","rgs3a"
"13952","Prrg4","prrg4"
"13953","E130311K13Rik","c18h3orf33"
"13954","Gna13","gna13b"
"13955","Pdcd2l","pdcd2l"
"13956","Rfx7","rfx7b"
"13957","Cltb","cltb"
"13958","Hdac1","hdac1"
"13959","Stoml2","stoml2"
"13960","Sbno2","sbno2a"
"13961","Cdc37","cdc37"
"13962","C2cd2","c2cd2"
"13963","Cstf3","cstf3"
"13964","Gnaq","gna11b"
"13965","Rnaset2a","rnaset2"
"13966","Tdrd7","tdrd7b"
"13967","Loxl4","loxl4"
"13968","Car9","ca2"
"13969","Dgka","dgkab"
"13970","Ccnf","ccnf"
"13971","Golga7b","golga7bb"
"13972","Cfap20","cfap20"
"13973","Hs3st4","hs3st4"
"13974","Baiap2","baiap2a"
"13975","Baiap2","baiap2b"
"13976","Hic2","hic2"
"13977","Lhfpl4","lhfpl4a"
"13978","Ngfr","ngfra"
"13979","Cox18","cox18"
"13980","Trib1","trib1"
"13981","Ndufaf3","ndufaf3"
"13982","Dnmt1","dnmt1"
"13983","Mmp1a","mmp13a"
"13984","Col4a4","col4a4"
"13985","Rtn4rl1","rtn4rl1b"
"13986","Gli1","gli1"
"13987","Tyk2","tyk2"
"13988","Ppm1d","ppm1db"
"13989","Ppm1d","ppm1da"
"13990","Mtf1","mtf1"
"13991","Hbb-y","hbba2"
"13992","Hbb-y","hbba1"
"13993","Hbb-y","hbbe1.1"
"13994","Hbb-y","hbbe1.2"
"13995","Hbb-y","hbbe1.3"
"13996","Nfkbie","nfkbie"
"13997","Dynll2","dynll2a"
"13998","Dynll2","dynll2b"
"13999","Nudt12","nudt12"
"14000","Cdr2","cdr2a"
"14001","Ro60","ro60"
"14002","B4galnt2","b4galnt2.1"
"14003","Tmem145","tmem145"
"14004","Cdc42ep3","cdc42ep3"
"14005","Aen","rexo1"
"14006","Calcoco1","calcoco1b"
"14007","Sh3pxd2b","sh3pxd2b"
"14008","Slc2a10","slc2a10"
"14009","Rad51c","rad51c"
"14010","Slc4a3","slc4a3"
"14011","Cidea","cidea"
"14012","Ik","ik"
"14013","Klhl8","klhl8"
"14014","Stag1","stag1b"
"14015","Plekha1","plekha1a"
"14016","Stxbp2","stxbp2"
"14017","Tbrg1","tbrg1"
"14018","Runx1","runx1"
"14019","BC005537","zgc:111986"
"14020","Ppp4r1","ppp4r1"
"14021","Ttll12","ttll12"
"14022","Socs7","socs7"
"14023","Adgrg6","adgrg6"
"14024","Syt17","syt17"
"14025","Cdk4","cdk4"
"14026","Ccdc103","ccdc103"
"14027","Ctnnb1","ctnnb1"
"14028","Pnn","pnn"
"14029","Btd","btd"
"14030","Sec22a","sec22a"
"14031","Reck","reck"
"14032","Zfp618","znf618"
"14033","Mkx","mkxb"
"14034","Clns1a","clns1a"
"14035","P4ha2","p4ha2"
"14036","Srl","srl"
"14037","Hk1","hk1"
"14038","Pxylp1","pxylp1"
"14039","Ncoa1","ncoa1"
"14040","Asmt","asmt"
"14041","Chrng","chrng"
"14042","Wdr48","wdr48a"
"14043","Cluh","cluhb"
"14044","Kdm2b","kdm2ba"
"14045","Pyroxd1","pyroxd1"
"14046","Usp47","usp47"
"14047","Pi4ka","pi4kaa"
"14048","Onecut3","onecut3b"
"14049","Anxa1","anxa1d"
"14050","Xylt1","xylt1"
"14051","Pigv","pigv"
"14052","Fancl","fancl"
"14053","Cryab","cryaba"
"14054","Psma1","psma1"
"14055","Aaas","aaas"
"14056","Strn4","strn4"
"14057","Nxph3","nxph3"
"14058","Bri3","bri3"
"14059","Mov10","mov10a"
"14060","Evl","evlb"
"14061","Rxylt1","rxylt1"
"14062","Lars","lars1b"
"14063","Lars","lars1a"
"14064","Acer2","acer2"
"14065","Hdhd5","hdhd5"
"14066","Coa3","coa3a"
"14067","Zfp687","znf687a"
"14068","Dlx4","dlx4a"
"14069","Dlx4","vox"
"14070","Dlx4","vent"
"14071","Dgat1","dgat1a"
"14072","Vdr","vdra"
"14073","Stk32b","stk32a"
"14074","Klhdc3","klhdc3"
"14075","2810004N23Rik","zgc:194224"
"14076","Hnf1b","hnf1ba"
"14077","Hnf1b","hnf1bb"
"14078","Ldlrap1","ldlrap1b"
"14079","Gpr142","gpr142"
"14080","Cks2","zgc:86839"
"14081","Plxnb2","plxnb2b"
"14082","Kmo","kmo"
"14083","Nectin4","nectin4b"
"14084","Dnaaf2","dnaaf2"
"14085","Tdrd9","tdrd9"
"14086","Kcna2","kcna2a"
"14087","Kcna2","kcna2b"
"14088","Zxdc","si:dkey-156n14.3"
"14089","Gnptab","gnptab"
"14090","Ctc1","ctc1"
"14091","Prdx5","prdx5"
"14092","Rcl1","rcl1"
"14093","Noc2l","noc2l"
"14094","Zfyve1","zfyve1"
"14095","Dpf3","dpf3"
"14096","Cib3","cib3"
"14097","Pcsk9","pcsk9"
"14098","Tmem117","tmem117"
"14099","Tfap4","tfap4"
"14100","Rps2","rps2"
"14101","Rdh8","rdh8a"
"14102","Reps1","reps1"
"14103","Rasgrf2","rasgrf2a"
"14104","Nrip2","nrip2"
"14105","Sptbn4","sptbn4b"
"14106","Rnf14","rnf14"
"14107","Rnf14","zmp:0000000524"
"14108","Tbxa2r","tbxa2r"
"14109","Pigm","pigm"
"14110","Skor1","skor1a"
"14111","Fyco1","fyco1b"
"14112","Dmgdh","dmgdh"
"14113","Uqcc1","uqcc1"
"14114","Gpr153","gpr153"
"14115","Slc44a4","slc44a4"
"14116","Tsen54","tsen54"
"14117","Fer1l6","fer1l6"
"14118","Cyba","cyba"
"14119","Ccdc38","cfap100"
"14120","Hlcs","hlcs"
"14121","Acss1","acss1"
"14122","Sco1","sco1"
"14123","Hspa4","hspa4a"
"14124","Dazap2","dazap2"
"14125","Ptrhd1","ptrhd1"
"14126","Pex26","pex26"
"14127","Dcaf8","dcaf8"
"14128","Slc46a2","slc46a2"
"14129","Dkc1","dkc1"
"14130","Fev","fev"
"14131","Tbl1xr1","tbl1x"
"14132","Eri2","eri2"
"14133","Rela","rela"
"14134","Tmcc1","tmcc1b"
"14135","Homer3","homer3a"
"14136","Cnbd1","cnbd1"
"14137","Fam171a1","fam171a1"
"14138","Shfl","shfl"
"14139","Ralb","ralbb"
"14140","Sntg1","sntg1"
"14141","Ndufa4l2","ndufa4l2b"
"14142","mt-Nd6","mt-nd6"
"14143","Lsm12","lsm12b"
"14144","Alpl","alpl"
"14145","Cant1","cant1a"
"14146","Card9","card9"
"14147","Luc7l3","luc7l3"
"14148","Ptprd","ptprdb"
"14149","Cds2","cds2"
"14150","Crygn","crygn1"
"14151","Rai1","rai1"
"14152","Rtn4rl2","rtn4rl2b"
"14153","Zbtb21","zbtb21"
"14154","Tfap2d","tfap2d"
"14155","Ulk3","ulk3"
"14156","BC005624","zgc:103692"
"14157","Rims2","rims1b"
"14158","Myo9a","myo9aa"
"14159","Spata22","spata22"
"14160","Kif5a","kif5aa"
"14161","Endod1","zgc:172339"
"14162","Endod1","zgc:171534"
"14163","Acat1","acat1"
"14164","Npl","npl"
"14165","Faxc","faxcb"
"14166","Trp53bp1","tp53bp1"
"14167","4933427D14Rik","si:dkey-243i1.1"
"14168","Bmp5","bmp5"
"14169","Plbd2","zgc:158619"
"14170","Shisa2","shisa2b"
"14171","Tatdn1","tatdn1"
"14172","Setdb2","setdb2"
"14173","Hs3st2","hs3st2"
"14174","Plpp2","plpp2b"
"14175","Plpp2","plpp2a"
"14176","Pgk2","pgk1"
"14177","Nufip1","nufip1"
"14178","Slco5a1","slco5a1a"
"14179","Dusp16","dusp16"
"14180","Ier2","ier2b"
"14181","Tyrp1","tyrp1a"
"14182","Pde6g","pde6gb"
"14183","Ndufa2","ndufa2"
"14184","Tax1bp1","tax1bp1a"
"14185","Ldb1","ldb1b"
"14186","Mre11a","mre11a"
"14187","Phb2","phb2a"
"14188","Eomes","eomesb"
"14189","Eomes","eomesa"
"14190","Cck","cckb"
"14191","Ostn","ostn"
"14192","Vps4a","vps4a"
"14193","Dcun1d5","dcun1d5"
"14194","Aurkb","aurkb"
"14195","Rae1","rae1"
"14196","Rprd2","rprd2b"
"14197","Fabp1","fabp1a"
"14198","Nckap1l","zgc:172352"
"14199","Ncapg","ncapg"
"14200","Tat","tat"
"14201","Fcf1","fcf1"
"14202","Cfap36","cfap36"
"14203","Tspan4","tspan4a"
"14204","Tmigd1","tmigd1"
"14205","Dock7","dock7"
"14206","Plekhm3","plekhm3"
"14207","Fuz","fuz"
"14208","Vrk2","vrk2"
"14209","Dhfr","zgc:153031"
"14210","Rnpepl1","rnpepl1"
"14211","Ccdc83","ccdc83"
"14212","Fam136a","fam136a"
"14213","Foxp2","foxp2"
"14214","Rap2a","rap2aa"
"14215","Jmjd6","jmjd6"
"14216","Tmbim1","tmbim1b"
"14217","Cacna2d2","cacna2d2a"
"14218","Fam20c","fam20ca"
"14219","Mfge8","mfge8b"
"14220","Rufy3","rufy3"
"14221","Strc","strc"
"14222","Lrp5","lrp5"
"14223","B230219D22Rik","zgc:77058"
"14224","Acot7","acot7"
"14225","Nthl1","nthl1"
"14226","Usp1","usp1"
"14227","Elovl7","elovl7b"
"14228","St3gal2","st3gal2"
"14229","Hoxd11","hoxc11b"
"14230","Hpcal4","rcvrna"
"14231","Hpcal4","guca1c"
"14232","Hpcal4","rcvrnb"
"14233","Clu","clu"
"14234","Klhl41","klhl41b"
"14235","mt-Nd5","mt-nd5"
"14236","Cacnb1","cacnb1"
"14237","Ppox","ppox"
"14238","Cacng4","cacng4b"
"14239","Cacng4","cacng4a"
"14240","Cnnm4","cnnm4a"
"14241","Crybb3","crybb3"
"14242","Slc12a1","slc12a1"
"14243","Prrc2c","prrc2c"
"14244","Polg2","polg2"
"14245","Ccdc84","ccdc84"
"14246","Mrc1","mrc1a"
"14247","Stim2","stim2a"
"14248","Adcy5","adcy5"
"14249","Mark2","mark2b"
"14250","Zranb1","zranb1a"
"14251","Tspear","tspearb"
"14252","Vwa3a","vwa3a"
"14253","Nanos2","nanos2"
"14254","Furin","furina"
"14255","Ttll4","ttll4"
"14256","Metrnl","metrnla"
"14257","Wdfy1","wdfy1"
"14258","Snrnp35","snrnp35"
"14259","Alg5","alg5"
"14260","Zfp410","znf410"
"14261","Racgap1","racgap1"
"14262","Vstm2l","vstm2l"
"14263","Slc47a1","slc47a4"
"14264","Slc47a1","slc47a1"
"14265","Gnas","gnas"
"14266","Htr2b","htr2b"
"14267","Mapkapk3","mapkapk3"
"14268","Manba","manba"
"14269","Dhx58","dhx58"
"14270","Pet100","pet100"
"14271","Cdk2","cdk2"
"14272","Stk11ip","stk11ip"
"14273","Srd5a2","srd5a2a"
"14274","Appl1","hesx1"
"14275","Appl1","appl1"
"14276","Pdpk1","pdpk1a"
"14277","Ube2t","ube2t"
"14278","Pdzph1","pdzph1"
"14279","Cbln3","si:dkeyp-110c7.4"
"14280","Cbln3","cbln14"
"14281","Cbln3","cbln5"
"14282","Cbln3","si:dkeyp-74b6.2"
"14283","Cbln3","cbln9"
"14284","Cbln3","cbln10"
"14285","Hdac7","hdac7a"
"14286","Cnga1","cnga1b"
"14287","Ranbp9","ranbp9"
"14288","Ush1g","ush1ga"
"14289","Mki67","mki67"
"14290","Otp","otpa"
"14291","Rps14","rps14"
"14292","Trpm4","trpm4b.2"
"14293","Npr1","npr2"
"14294","Wdr45","wdr45"
"14295","E2f4","e2f4"
"14296","Pi4k2b","pi4k2b"
"14297","Adamts1","adamts1"
"14298","Smim4","smim4"
"14299","Stxbp6","stxbp6"
"14300","Zfp217","znf217"
"14301","Dcp1a","dcp1a"
"14302","Gaa","gaa"
"14303","Twf1","twf1a"
"14304","Glis3","glis3"
"14305","Spag9","spag9a"
"14306","Scn10a","scn5lab"
"14307","Angptl2","angptl2b"
"14308","Angptl2","angptl2a"
"14309","Immp2l","immp2l"
"14310","Frrs1","frrs1a"
"14311","Frrs1","frrs1b"
"14312","Lipc","lipcb"
"14313","Otud1","otud1"
"14314","Mboat4","mboat4"
"14315","Sncaip","sncaip"
"14316","Tacr1","tacr1a"
"14317","Arhgap18","arhgap18"
"14318","Cldnd1","cldnd1a"
"14319","Cdc14a","cdc14ab"
"14320","Nin","nin"
"14321","Vezf1","vezf1a"
"14322","Tcf25","tcf25"
"14323","Mrpl33","mrpl33"
"14324","Hddc2","hddc2"
"14325","Fam171a2","fam171a2b"
"14326","Preb","preb"
"14327","Tomm40","tomm40l"
"14328","Myoc","myoc"
"14329","Arhgef12","arhgef12a"
"14330","Agpat4","agpat4"
"14331","Celf6","si:dkey-205h23.2"
"14332","Rfx3","rfx3"
"14333","Cntn4","cntn3b"
"14334","Npepl1","npepl1"
"14335","Agxt2","agxt2"
"14336","Chst3","chst3b"
"14337","Prkag3","prkag3b"
"14338","Acsm1","acss2l"
"14339","Engase","engase"
"14340","Thoc1","thoc1"
"14341","Plxnd1","plxnd1"
"14342","Lmtk2","lmtk2"
"14343","Nme1","nme2b.1"
"14344","Nme1","nme2b.2"
"14345","Ubiad1","ubiad1"
"14346","Tnni2","tnni2a.1"
"14347","Tnni2","tnni2a.2"
"14348","Tnni2","tnni2a.3"
"14349","Tnni2","tnni2a.4"
"14350","Pigh","pigh"
"14351","Inpp5d","inpp5d"
"14352","Hsdl1","hsdl1"
"14353","Cda","cdaa"
"14354","Sox4","sox4b"
"14355","Rhbdf1","rhbdf1a"
"14356","Uevld","uevld"
"14357","Jakmip1","jakmip1"
"14358","Pde8a","pde8a"
"14359","Pitpnb","pitpnb"
"14360","Fzd1","fzd1"
"14361","Nol11","nol11"
"14362","Lrrn3","lrrn3a"
"14363","Lrrn3","lrrn3b"
"14364","Spdya","spdya"
"14365","Gldc","gldc"
"14366","Ndufa11","ndufa11"
"14367","Uckl1","uckl1a"
"14368","Dctn1","dctn1a"
"14369","Inhba","inhbab"
"14370","Inhba","inhbaa"
"14371","Nr1h3","nr1h3"
"14372","Dsn1","dsn1"
"14373","Eva1a","eva1a"
"14374","N6amt1","n6amt1"
"14375","Stk19","stk19"
"14376","mt-Nd2","mt-nd2"
"14377","Sipa1","zmp:0000001168"
"14378","Tshr","tshr"
"14379","Lrr1","zgc:77287"
"14380","Chrna6","chrna6"
"14381","Cutc","cutc"
"14382","Spint4","wu:fb59d01"
"14383","Arsk","arsk"
"14384","Atxn3","atxn3"
"14385","Ythdf1","ythdf1"
"14386","Srsf2","srsf2b"
"14387","Ppp1r3a","ppp1r3aa"
"14388","Mfsd12","mfsd12a"
"14389","Capns2","zgc:85932"
"14390","Nol6","nol6"
"14391","Pms1","pms1"
"14392","Cwf19l1","cwf19l1"
"14393","Ocm","pvalb5"
"14394","Gpc2","gpc2"
"14395","Pald1","pald1a"
"14396","Adgrl1","adgrl1a"
"14397","Nop14","nop14"
"14398","Ube2l3","ube2l3a"
"14399","Rtn4","rtn4a"
"14400","Rnf130","rnf130"
"14401","Wdr47","wdr47b"
"14402","Srf","srfa"
"14403","Srf","srfb"
"14404","Proz","proza"
"14405","Col22a1","si:ch211-196i2.1"
"14406","Garnl3","si:ch211-182d3.1"
"14407","Zdhhc18","zdhhc18b"
"14408","Angptl1","angptl1b"
"14409","Car4","ca4a"
"14410","Rnf182","rnf182"
"14411","Eif3i","eif3i"
"14412","Erc1","erc1a"
"14413","Srsf7","srsf7b"
"14414","Gprc5b","gprc5ba"
"14415","Cep131","cep131"
"14416","Lyar","lyar"
"14417","Gmip","gmip"
"14418","Mrpl2","mrpl2"
"14419","Batf3","batf3"
"14420","Pycr1","pycr1a"
"14421","Bach1","bach1b"
"14422","Fasl","faslg"
"14423","Clic1","clic1"
"14424","Alkbh7","alkbh7"
"14425","Crmp1","crmp1"
"14426","Gpaa1","gpaa1"
"14427","Nfyc","nfyc"
"14428","Etf1","etf1a"
"14429","Gng13","gng13b"
"14430","Rbm27","rbm27"
"14431","Hspbap1","hspbap1"
"14432","2310033P09Rik","zgc:63882"
"14433","Lrrc18","lrrc18b"
"14434","Blcap","blcap"
"14435","Prrx1","prrx1a"
"14436","Fanca","fanca"
"14437","Mcrip1","mcrip1"
"14438","Chtf18","chtf18"
"14439","Lima1","lima1a"
"14440","Nemp1","nemp1"
"14441","Olfr543","or112-1"
"14442","Map3k12","map3k12"
"14443","Hs3st3b1","hs3st1l2"
"14444","Hs3st3b1","hs3st3b1a"
"14445","Ctss","ctss2.1"
"14446","Ctss","ctss2.2"
"14447","Slc16a7","zgc:165507"
"14448","Aanat","aanat2"
"14449","Aanat","aanat1"
"14450","Sowahc","sowahca"
"14451","Sowahc","sowahcb"
"14452","Stard8","stard8"
"14453","Ankrd49","ankrd49"
"14454","Naalad2","naalad2"
"14455","Cthrc1","cthrc1a"
"14456","Plscr3","si:ch73-170d6.4"
"14457","Ralyl","hnrnpc"
"14458","Ralyl","zgc:55733"
"14459","1700088E04Rik","si:dkey-43k4.3"
"14460","Abhd18","abhd18"
"14461","Mpp3","mpp3b"
"14462","Fkbpl","fkbpl"
"14463","Rbfox2","rbfox2"
"14464","Aoc2","aoc2"
"14465","Bhlhe23","si:ch211-196c10.13"
"14466","Rapgef5","rapgef5a"
"14467","Capn15","capn15"
"14468","Gng10","gng10"
"14469","Tiam1","tiam1b"
"14470","Plpp6","plpp6"
"14471","Dlg3","dlg3"
"14472","Ripk2","ripk2"
"14473","Wbp2","wbp2"
"14474","Otop2","otop2"
"14475","Tm9sf2","tm9sf2"
"14476","Nsg2","nsg2"
"14477","Dcakd","dcakd"
"14478","Abcb6","abcb6b"
"14479","Scrt2","scrt2"
"14480","Rnf19a","rnf19a"
"14481","Rps3","rps3"
"14482","Chchd1","chchd1"
"14483","Cd74","cd74b"
"14484","Pih1d2","pih1d2"
"14485","Banf1","banf1"
"14486","Creg1","creg1"
"14487","Art1","art4"
"14488","Art1","zmp:0000000997"
"14489","Art1","si:ch211-163m16.7"
"14490","Mast3","mast3a"
"14491","Sigmar1","sigmar1"
"14492","Prkcsh","prkcsh"
"14493","Cdk11b","cdk11b"
"14494","Rps26","rps26l"
"14495","Elf2","elf2b"
"14496","Ddb1","ddb1"
"14497","Rell1","rell1"
"14498","Tmem126b","tmem126a"
"14499","Sugp1","sugp1"
"14500","Rbmx2","rbmx2"
"14501","Rapgef6","rapgef6"
"14502","Fut10","fut10"
"14503","Srp72","srp72"
"14504","Rab39b","rab39bb"
"14505","Igsf6","si:ch211-139g16.8"
"14506","Adra1a","adra1aa"
"14507","Stk39","stk39"
"14508","S1pr2","s1pr2"
"14509","Dctn5","dctn5"
"14510","Plppr2","plppr2b"
"14511","Plppr2","plppr2a"
"14512","Schip1","zgc:153615"
"14513","Dlx1","dlx1a"
"14514","Zfp341","znf341"
"14515","Slc5a6","slc5a6a"
"14516","Exosc8","exosc8"
"14517","Mansc1","mansc1"
"14518","Mtx3","mtx3"
"14519","Nans","nansb"
"14520","Tubb1","tubb1"
"14521","Riox2","riox2"
"14522","Ndufb11","ndufb11"
"14523","Arl9","arl9"
"14524","Foxr2","foxr1"
"14525","Pdlim2","pdlim2"
"14526","B3galnt1","zgc:194330"
"14527","Bahcc1","bahcc1a"
"14528","Esco2","esco2"
"14529","Vbp1","vbp1"
"14530","Itfg1","itfg1"
"14531","Sp5","sp5a"
"14532","Polr3d","polr3d"
"14533","Dlc1","dlc1"
"14534","Suclg1","suclg1"
"14535","Rab38","rab38b"
"14536","Amer1","amer1"
"14537","Igf2","igf2a"
"14538","Scara3","scara3"
"14539","Tank","zgc:113184"
"14540","Pla2g3","pla2g3"
"14541","Tspan13","tspan13a"
"14542","Depdc7","depdc7a"
"14543","Igflr1","igflr1"
"14544","Pcsk1","pcsk1"
"14545","Ndel1","ndel1b"
"14546","Lrp4","lrp4"
"14547","Snx16","snx16"
"14548","Ralgps1","ralgps1"
"14549","Nkd1","nkd1"
"14550","Fbxw11","fbxw11a"
"14551","Gins4","gins4"
"14552","Aldh6a1","aldh6a1"
"14553","Sox8","sox8b"
"14554","Sox8","sox8a"
"14555","Bmp10","bmp10l"
"14556","Cntn1","cntn1a"
"14557","Bcl7b","bcl7ba"
"14558","Slc25a20","slc25a20"
"14559","Ptprr","ptprr"
"14560","Sh3rf3","si:ch211-124n19.2"
"14561","Dtwd2","dtwd2"
"14562","Ankrd34c","asz1"
"14563","Veph1","veph1"
"14564","Tmem254a","tmem254"
"14565","Nacc1","nacc1a"
"14566","Ppan","ppan"
"14567","Mcm2","mcm2"
"14568","Rap1gap","si:dkey-166d12.2"
"14569","Plppr4","plppr4a"
"14570","Gchfr","gchfr"
"14571","Ccdc106","ccdc106a"
"14572","Agap2","agap2"
"14573","Dhx29","dhx29"
"14574","Chic2","chic2"
"14575","Ppig","ppig"
"14576","Cacna1d","cacna1da"
"14577","Naga","naga"
"14578","Coil","coil"
"14579","Mtss2","mtss1lb"
"14580","Grin3b","grin3ba"
"14581","Ecel1","ecel1"
"14582","Zfp276","zgc:158366"
"14583","Adgra3","adgra3"
"14584","Rpe65","rpe65a"
"14585","Ttc13","ttc13"
"14586","Hsf3","hsf5"
"14587","Ucn","uts1"
"14588","Gabrr3","gabrr3b"
"14589","Rhbdl1","rhbdl1"
"14590","Bicdl2","bicdl2"
"14591","Aamdc","aamdc"
"14592","Mmrn2","mmrn2b"
"14593","Tecpr1","tecpr1b"
"14594","Tecpr1","tecpr1a"
"14595","Sema5b","sema5ba"
"14596","Tsc2","tsc2"
"14597","Cnnm2","cnnm2b"
"14598","Fgd4","fgd4b"
"14599","Ap1s1","ap1s1"
"14600","Rpl31","rpl31"
"14601","Arhgap45","arhgap45a"
"14602","Map3k11","si:cabz01078036.1"
"14603","Wdsub1","wdsub1"
"14604","Cdk14","cdk14"
"14605","1700109H08Rik","si:ch211-245j22.3"
"14606","Ppp1r12c","ppp1r12c"
"14607","As3mt","as3mt"
"14608","Zfyve19","zfyve19"
"14609","Tmbim6","tegt"
"14610","Obsl1","obsl1a"
"14611","Olfm4","si:ch211-173a9.6"
"14612","Iqgap3","iqgap3"
"14613","Tbc1d32","tbc1d32"
"14614","Thumpd3","thumpd3"
"14615","Smpdl3a","smpdl3a"
"14616","Kctd16","kctd16b"
"14617","Slc25a47","slc25a47a"
"14618","Slc25a47","slc25a47b"
"14619","Lmf1","lmf1"
"14620","Colq","wu:fc38h03"
"14621","Fundc2","fundc2"
"14622","Csnk1g2","csnk1g2a"
"14623","Txndc15","irf1b"
"14624","Txndc15","txndc15"
"14625","Coro2b","coro2bb"
"14626","Capn3","capn3a"
"14627","Stk31","stk31"
"14628","Zpld2","si:ch211-246m6.5"
"14629","Ruvbl2","ruvbl2"
"14630","Xkr4","zgc:123035"
"14631","Adcy2","adcy2a"
"14632","Wfikkn1","wfikkn2a"
"14633","Klhl29","zmp:0000000619"
"14634","Klhl29","klhl29"
"14635","Crhbp","crhbp"
"14636","Agap3","agap3"
"14637","Ccdc9","ccdc9"
"14638","Irs4","irs4a"
"14639","Chek1","chek1"
"14640","Slc35c1","slc35c1"
"14641","Ubald1","ubald1b"
"14642","Helz","helz"
"14643","Med24","med24"
"14644","Ttc39d","ttc39b"
"14645","Robo3","robo3"
"14646","Slc44a2","zgc:63569"
"14647","Tmem186","tmem186"
"14648","Kif13b","kif13bb"
"14649","Atpsckmt","atpsckmt"
"14650","Agbl4","agbl4"
"14651","Ahrr","ahrra"
"14652","Btg2","btg2"
"14653","Dner","dner"
"14654","Phc3","phc2b"
"14655","Vapb","vapb"
"14656","Slc32a1","slc32a1"
"14657","Sp8","sp8b"
"14658","Crb2","crb2b"
"14659","Sgms1","zgc:91976"
"14660","Tpm1","tpm1"
"14661","Myl3","myl13"
"14662","Gask1a","gask1a"
"14663","Kcnk18","kcnk18"
"14664","Rps19bp1","rps19bp1"
"14665","Lbh","lbh"
"14666","Rnf217","rnf217"
"14667","Kif2a","zgc:103670"
"14668","Gm11992","si:dkey-276j7.1"
"14669","Ssb","ssb"
"14670","Sppl3","sppl3"
"14671","Loxl2","loxl2a"
"14672","R3hdm2","r3hdm2"
"14673","Angptl3","angptl3"
"14674","Toporsl","toporsb"
"14675","Tbcd","tbcd"
"14676","Mboat1","mboat1"
"14677","Rbpms","rbpms"
"14678","Prmt5","prmt5"
"14679","Gngt2","gngt2b"
"14680","Slc2a1","slc2a1b"
"14681","Abhd13","abhd13"
"14682","Cd44","cd44b"
"14683","Ube2k","ube2ka"
"14684","Chmp4b","chmp4ba"
"14685","Rab3ip","rab3ip"
"14686","Ctsf","ctsf"
"14687","Ccdc6","ccdc6b"
"14688","Lama2","lama2"
"14689","Chchd6","chchd6b"
"14690","Acyp2","acyp2"
"14691","Lipe","lipea"
"14692","9930104L06Rik","c19h1orf109"
"14693","Cited2","cited2"
"14694","Gpd2","gpd2"
"14695","Capn2","capn2l"
"14696","Mrpl32","mrpl32"
"14697","Tmem17","tmem17"
"14698","Ormdl1","ormdl1"
"14699","Nfe2l3","nfe2l3"
"14700","Kcnip2","kcnip2"
"14701","Scgn","scgn"
"14702","Mical2","mical2a"
"14703","Cidec","cidec"
"14704","Ppia","ppiab"
"14705","Aass","aass"
"14706","Hdgfl2","hdgfl2"
"14707","Lrp6","lrp6"
"14708","Cog8","cog8"
"14709","Slitrk5","slitrk5a"
"14710","Dars","dars1"
"14711","Rbm22","rbm22"
"14712","Tfr2","tfr2"
"14713","Hspb6","hspb6"
"14714","Wwc1","wwc1"
"14715","Mindy4b-ps","mindy4b"
"14716","3110082I17Rik","zmp:0000000624"
"14717","B4galnt1","b4galnt1b"
"14718","Cygb","cygb2"
"14719","Pah","pah"
"14720","Iqsec2","iqsec2a"
"14721","Numa1","wu:fb44b02"
"14722","Numa1","numa1"
"14723","Med7","med7"
"14724","Dmbx1","dmbx1b"
"14725","Napg","napgb"
"14726","Tspan31","tspan31"
"14727","Cpne5","cpne5b"
"14728","Cox15","cox15"
"14729","Washc3","washc3"
"14730","Ppic","ppic"
"14731","Bag6","bag6"
"14732","Cbr4","cbr4"
"14733","Rpl15","rpl15"
"14734","Homez","homezb"
"14735","Slc1a5","slc1a5"
"14736","Arx","arxb"
"14737","Mir223","mir223"
"14738","Dnajc16","dnajc16"
"14739","Yme1l1","yme1l1b"
"14740","Nfrkb","nfrkb"
"14741","Fosl2","fosl2"
"14742","Rbpj","rbpja"
"14743","Rps6kl1","rps6kl1"
"14744","Nrsn1","nrsn1"
"14745","Arid3a","arid3a"
"14746","Bola2","zgc:112271"
"14747","Opn4","opn4b"
"14748","Raph1","wu:fj59g11"
"14749","Raph1","raph1a"
"14750","Mfsd14b","si:ch211-87m7.2"
"14751","Dnm2","dnm2b"
"14752","Dnm2","dnm2a"
"14753","Rbm15","rbm15"
"14754","Fabp2","fabp2"
"14755","Rab12","rab12"
"14756","Chmp6","chmp6a"
"14757","Dlx2","dlx2a"
"14758","Fbxl19","zgc:158376"
"14759","Tmem116","si:ch211-157p22.10"
"14760","Hspa5","hspa5"
"14761","Sms","sms"
"14762","Camk2a","camk2a"
"14763","Ap1g2","ap1g2"
"14764","Mogat1","mogat3a"
"14765","Rps27l","rps27l"
"14766","Morn3","morn3"
"14767","Wnt8a","wnt8a"
"14768","Epc1","epc1a"
"14769","Epc1","epc1b"
"14770","Crebrf","crebrf"
"14771","Faf2","faf2"
"14772","Pctp","pctp"
"14773","Acox3","acox3"
"14774","Spryd3","spryd3"
"14775","Prkar1a","prkar1aa"
"14776","Agmat","agmat"
"14777","Magi1","magi1a"
"14778","Fut8","fut8b"
"14779","1110032A03Rik","gb:eh456644"
"14780","Ccnl1","ccnl1a"
"14781","Snai1","snai1b"
"14782","Pym1","pym1"
"14783","Bmpr2","bmpr2b"
"14784","Dhx36","dhx36"
"14785","Gas1","gas1a"
"14786","Gpr182","gpr182"
"14787","Atxn7l3","atxn7l3"
"14788","Zfpl1","zfpl1"
"14789","Pygo1","pygo1"
"14790","Cd34","si:ch211-286o17.1"
"14791","Pip4k2c","pip4k2ca"
"14792","Gtf3c3","gtf3c3"
"14793","Rnf168","rnf168"
"14794","Ehhadh","ehhadh"
"14795","Kyat3","si:ch211-180m24.3"
"14796","Il1rapl1","il1rapl1b"
"14797","Meltf","meltf"
"14798","Smchd1","smchd1"
"14799","Prpf39","prpf39"
"14800","Ggh","zgc:171566"
"14801","Rnf135","trim25l"
"14802","Ppp1r21","ppp1r21"
"14803","Fam78b","fam78bb"
"14804","Colgalt1","colgalt1"
"14805","Pde4a","pde4a"
"14806","Plac8l1","plac8l1"
"14807","Hkdc1","hkdc1"
"14808","Nob1","nob1"
"14809","Nr5a1","nr5a1a"
"14810","Prkaa1","prkaa1"
"14811","Trib2","trib2"
"14812","Cox5a","cox5ab"
"14813","Socs6","socs6a"
"14814","Kcnj13","kcnj13"
"14815","Mc5r","mc5ra"
"14816","Mmp19","mmp19"
"14817","Sqle","sqlea"
"14818","Nadk","nadka"
"14819","Slc25a27","slc25a27"
"14820","Xkr5","xkr5b"
"14821","Xkr5","xkr5a"
"14822","Mrpl12","mrpl12"
"14823","Ppp1r26","ppp1r26"
"14824","Notch3","notch3"
"14825","Traf4","traf4b"
"14826","Cyb5d1","cyb5d1"
"14827","Pepd","pepd"
"14828","Shisa3","shisa3"
"14829","Psenen","psenen"
"14830","Dcaf4","wdr21"
"14831","Spty2d1","spty2d1"
"14832","Hat1","hat1"
"14833","Rtca","rtca"
"14834","Mafg","mafga"
"14835","Mettl24","mettl24"
"14836","Pdk3","pdk3b"
"14837","Nudt15","nudt15"
"14838","Lyst","lyst"
"14839","Etfrf1","lyrm5a"
"14840","Myo3b","myo3b"
"14841","Fgf12","fgf12b"
"14842","Prodh","prodhb"
"14843","Htr2c","htr2cl2"
"14844","Arhgap28","arhgap28"
"14845","Brix1","bxdc2"
"14846","Atrx","atrxl"
"14847","Lrrc3b","lrrc3b"
"14848","Srsf1","srsf1a"
"14849","Srsf1","srsf1b"
"14850","Urah","urahb"
"14851","Pdia5","pdia5"
"14852","F2rl2","f2rl2"
"14853","Kras","kras"
"14854","Fam98c","im:7138535"
"14855","4930562C15Rik","zp2.2"
"14856","4930562C15Rik","zp2.3"
"14857","4930562C15Rik","si:zfos-1505d6.3"
"14858","4930562C15Rik","zp2.6"
"14859","4930562C15Rik","zp2.1"
"14860","4930562C15Rik","zp2.5"
"14861","4930562C15Rik","zp2l2"
"14862","Tshz2","tshz2"
"14863","Cacul1","cacul1"
"14864","Ap1s2","zgc:162858"
"14865","Irak4","irak4"
"14866","Pex7","pex7"
"14867","Gstz1","gstz1"
"14868","Btbd2","btbd2b"
"14869","Nod1","nod1"
"14870","Wars","wars1"
"14871","Nr1i3","rarab"
"14872","Cct8","cct8"
"14873","Zfp131","znf131"
"14874","Tmub2","tmub2"
"14875","Gm45521","si:ch211-193l2.10"
"14876","Mrpl17","mrpl17"
"14877","Calu","calub"
"14878","Cacna1a","cacna1aa"
"14879","Bcl3","bcl3"
"14880","Cep170b","cep170b"
"14881","Nipsnap2","nipsnap2"
"14882","Zfp750","znf750"
"14883","Igfals","igfals"
"14884","Prkca","prkcab"
"14885","Prkca","prkcaa"
"14886","Igfbp2","igfbp2a"
"14887","Macrod2","macrod2"
"14888","Hpf1","hpf1"
"14889","Stx6","stx6"
"14890","Phox2b","phox2bb"
"14891","Shroom1","shroom1"
"14892","Hbb-bh1","hbaa2"
"14893","Hbb-bh1","hbaa1"
"14894","Hbb-bh1","si:ch211-5k11.8"
"14895","Hbb-bh1","hbae1.1"
"14896","Hbb-bh1","hbae1.3"
"14897","Hbb-bh1","hbae3"
"14898","Lpar6","lpar6a"
"14899","4933403O08Rik","cnksr3"
"14900","4933403O08Rik","ipcef1"
"14901","Fam219b","fam219b"
"14902","Ppp1r3c","ppp1r3cb"
"14903","Smarce1","smarce1"
"14904","Dbn1","dbn1"
"14905","Tmem101","tmem101"
"14906","Frem1","frem1a"
"14907","Cog1","cog1"
"14908","1110004F10Rik","zgc:56106"
"14909","Fdft1","fdft1"
"14910","Stoml3","stoml3a"
"14911","Syt9","syt9a"
"14912","Dennd5a","dennd5a"
"14913","Stau1","stau1"
"14914","Angpt4","angpt4"
"14915","Myo5a","myo5aa"
"14916","Astl","hce2l2"
"14917","Rpl35a","rpl35a"
"14918","Dnttip1","ube2c"
"14919","Cdip1","cdip1"
"14920","Sbno1","sbno1"
"14921","Gdpd4","gdpd4a"
"14922","Casr","casr"
"14923","Scrt1","scrt1a"
"14924","Eif3l","eif3s6ip"
"14925","Dzip3","zmp:0000000662"
"14926","Anapc4","anapc4"
"14927","Bbs12","bbs12"
"14928","Prkce","prkcea"
"14929","Creld1","creld1b"
"14930","Dpyd","dpyda.3"
"14931","Rab25","rab25b"
"14932","Rce1","rce1a"
"14933","Kcnma1","kcnma1a"
"14934","Mfsd11","mfsd11"
"14935","Hip1r","hip1ra"
"14936","St7l","st7l"
"14937","Tsc1","tsc1a"
"14938","Aasdhppt","aasdhppt"
"14939","Mob2","mob2b"
"14940","Rsad1","rsad1"
"14941","Ergic3","ergic3"
"14942","Adgre5","si:ch211-241f5.3"
"14943","Pgam1","pgam1a"
"14944","Pcbp3","zgc:110045"
"14945","B3gnt6","zgc:194679"
"14946","B3gnt6","zgc:194551"
"14947","Cpd","cpdb"
"14948","Trim24","trim24"
"14949","Xylb","xylb"
"14950","Mnt","mntb"
"14951","Snx10","snx10a"
"14952","Gpr6","gpr6"
"14953","Fank1","fank1"
"14954","Aldh3b3","aldh3b1"
"14955","Lrrc30","lrrc30a"
"14956","Minpp1","minpp1a"
"14957","Mcm4","mcm4"
"14958","Pygl","pygl"
"14959","Bcl11a","bcl11aa"
"14960","Mrps9","mrps9"
"14961","Tspan15","tspan15"
"14962","Prpsap1","prpsap1"
"14963","Akr7a5","akr7a3"
"14964","Mgrn1","mgrn1b"
"14965","Asph","unm_hu7910"
"14966","Pdgfd","pdgfd"
"14967","Slc9a8","slc9a8"
"14968","Utp15","utp15"
"14969","Bod1l","bod1l1"
"14970","Robo2","robo2"
"14971","Stxbp5","stxbp5b"
"14972","Exoc8","exoc8"
"14973","Gabra4","gabra4"
"14974","Psen2","psen2"
"14975","Ccdc25","ccdc25"
"14976","Pptc7","pptc7b"
"14977","Iqca1l","zgc:153738"
"14978","Col18a1","col18a1b"
"14979","Zswim8","zswim8"
"14980","Slc16a9","slc16a9b"
"14981","Hacd1","hacd1"
"14982","Nfkbil1","nfkbil1"
"14983","Erg","erg"
"14984","Ccdc85c","ccdc85cb"
"14985","Acan","acanb"
"14986","Zfp335","si:ch211-269m15.3"
"14987","Ap1g1","ap1g1"
"14988","Manbal","manbal"
"14989","Cebpe","cebp1"
"14990","Fn3k","fn3krp"
"14991","Gps1","gps1"
"14992","Pik3c2g","pik3c2g"
"14993","Gpc6","gpc6a"
"14994","Gpc6","gpc6b"
"14995","Creb3l3","creb3l3b"
"14996","Samd11","samd11"
"14997","Plppr5","plppr5a"
"14998","Tdrd3","tdrd3"
"14999","Gtf2f1","gtf2f1"
"15000","Slc13a5","slc13a5b"
"15001","Wnt5a","wnt5a"
"15002","Spry4","spry4"
"15003","Aimp2","aimp2"
"15004","Utp20","utp20"
"15005","Ctrl","ctrl"
"15006","Rab22a","rab22a"
"15007","Myoz2","myoz2a"
"15008","Heatr6","heatr6"
"15009","Lmbrd2","lmbrd2a"
"15010","Foxb1","foxb1b"
"15011","Prrt4","prrt4"
"15012","Lmx1a","lmx1al"
"15013","Oxtr","oxtrl"
"15014","Tmem42","tmem42b"
"15015","C87436","si:ch211-127d4.3"
"15016","Lrrc20","lrrc20"
"15017","Il15ra","il15ra"
"15018","Isl2","isl2a"
"15019","Med8","med8"
"15020","Edar","edar"
"15021","Gemin7","gemin7"
"15022","Pou4f1","pou4f1"
"15023","mt-Cytb","mt-cyb"
"15024","Nat14","nat14"
"15025","Zp3","zp3e"
"15026","Zp3","zp3"
"15027","Wdr26","wdr26a"
"15028","Hoxc12","hoxc12b"
"15029","Zfp219","znf516"
"15030","Mitf","mitfb"
"15031","Ano8","ano8a"
"15032","Rln3","rln3b"
"15033","Grtp1","grtp1b"
"15034","Grtp1","grtp1a"
"15035","Dixdc1","dixdc1a"
"15036","Fkrp","fkrp"
"15037","Rpl37a","zgc:171772"
"15038","Clrn1","clrn1"
"15039","Rb1cc1","rb1cc1"
"15040","Lhfpl2","lhfpl2a"
"15041","Parp11","parp11"
"15042","Ces3b","ces2b"
"15043","Mrps15","mrps15"
"15044","Slc30a7","slc30a7"
"15045","Pithd1","pithd1"
"15046","Tnpo1","tnpo1"
"15047","Igfbp6","igfbp6a"
"15048","Igfbp6","igfbp6b"
"15049","Uts2","uts2a"
"15050","Tcf3","tcf3b"
"15051","Dlg4","dlg4a"
"15052","Dlg4","dlg4b"
"15053","Gpatch3","gpatch3"
"15054","Cspg5","cspg5b"
"15055","Tdo2","tdo2a"
"15056","Aco1","aco1"
"15057","Clk2","clk2b"
"15058","Myh6","smyhc3"
"15059","Myh6","smyhc2"
"15060","Fsbp","fsbp"
"15061","Gcn1","gcn1"
"15062","Sun2","si:dkey-92f12.2"
"15063","Mdh2","mdh2"
"15064","Mtmr14","mtmr14"
"15065","S100z","s100z"
"15066","Gprc5c","gprc5c"
"15067","Kpna7","kpna7"
"15068","Cytip","cytip"
"15069","Dvl3","dvl3b"
"15070","Casq1","casq1a"
"15071","Itgb3","itgb3a"
"15072","Mgat2","mgat2"
"15073","0610009B22Rik","trappc2"
"15074","Cbr3","zmp:0000001048"
"15075","Apba3","si:ch73-40i7.5"
"15076","Spns3","spns3"
"15077","Cad","cad"
"15078","Tmem37","tmem37"
"15079","Vasp","vaspa"
"15080","Arl1","arl1"
"15081","Smpd2","smpd2a"
"15082","Filip1","filip1b"
"15083","Smim20","smim20"
"15084","Pitpnm3","pitpnm3"
"15085","Apoo","apooa"
"15086","Cryba2","cryba2b"
"15087","Ndnf","ndnf"
"15088","Mir1a-1","mir1-1"
"15089","Gpr135","gpr135"
"15090","Nynrin","khnyn"
"15091","Ddx52","ddx52"
"15092","Tut1","tut1"
"15093","Rnf139","rnf139"
"15094","Recql4","recql4"
"15095","Suz12","suz12a"
"15096","Esam","esama"
"15097","Mir140","mir140"
"15098","Hpd","hpdb"
"15099","Hk2","hk2"
"15100","Ttc8","ttc8"
"15101","Itch","itchb"
"15102","Smc3","smc3"
"15103","Sgcd","sgcd"
"15104","Ddx54","ddx54"
"15105","Tmem185a","tmem185"
"15106","Oxsm","oxsm"
"15107","Sult4a1","sult4a1"
"15108","Polr2k","polr2k"
"15109","Cdca8","cdca8"
"15110","Tmem14c","tmem14ca"
"15111","Tmem14c","tmem14cb"
"15112","Trappc8","trappc8"
"15113","Bmp1","bmp1a"
"15114","Mrpl38","mrpl38"
"15115","Sox17","sox17"
"15116","Cc2d2a","cc2d2a"
"15117","Fam117b","fam117bb"
"15118","Katnal2","katnal2"
"15119","Bace1","bace1"
"15120","Pcyox1","pcyox1"
"15121","Acvr2b","acvr2bb"
"15122","Nmbr","nmbr"
"15123","Glb1l","glb1l"
"15124","St3gal4","st3gal4"
"15125","Btbd17","btbd17a"
"15126","Psph","psph"
"15127","Smug1","smug1"
"15128","Arfgap1","arfgap1"
"15129","Tecr","tecra"
"15130","Cideb","cideb"
"15131","Mrm1","mrm1"
"15132","Hadhb","hadhb"
"15133","Brap","brap"
"15134","Pdlim7","pdlim7"
"15135","Lgi2","lgi2a"
"15136","Wnt3a","wnt3a"
"15137","Sfrp5","sfrp5"
"15138","Setd5","setd5"
"15139","Tasor","tasora"
"15140","Leprotl1","zgc:92045"
"15141","Creb5","creb5a"
"15142","Map2k6","map2k6"
"15143","Rhobtb2","rhobtb2b"
"15144","Nckipsd","nckipsd"
"15145","Pcyt1b","pcyt1bb"
"15146","Axin2","axin2"
"15147","Rad50","rad50"
"15148","Map4k4","map4k4"
"15149","Ctso","ctso"
"15150","Glra3","glra3"
"15151","2310022B05Rik","si:ch73-111k22.2"
"15152","1600014C10Rik","zgc:112052"
"15153","Zfp64","zfp64"
"15154","G3bp2","zgc:56304"
"15155","Piezo1","piezo1"
"15156","Ext1","ext1b"
"15157","Brinp1","brinp1"
"15158","Serpinc1","serpinc1"
"15159","Bnip3l","bnip3la"
"15160","Tril","tril"
"15161","Guk1","guk1a"
"15162","Banp","banp"
"15163","Spaca9","spaca9"
"15164","Homer2","homer2"
"15165","Pole2","pole2"
"15166","Ears2","zgc:153247"
"15167","Rab3gap1","rab3gap1"
"15168","Rcsd1","zgc:153184"
"15169","Rcsd1","dub"
"15170","Skor2","skor2"
"15171","Pdgfrb","pdgfrb"
"15172","Mrtfb","mrtfbb"
"15173","Ncam1","ncam1b"
"15174","Rasl12","rasl12"
"15175","Pcbp2","pcbp2"
"15176","Fgf23","fgf23"
"15177","Slc13a1","slc13a1"
"15178","Dync1i2","dync1i2b"
"15179","Stc2","stc2b"
"15180","Gemin5","gemin5"
"15181","Slc25a38","slc25a38a"
"15182","Gmcl1","gmcl1"
"15183","Rpp25","rpp25b"
"15184","Bub1b","bub1ba"
"15185","Bub1b","bub1bb"
"15186","Zfp513","znf513b"
"15187","Avil","avil"
"15188","Zdhhc11","zdhhc11"
"15189","Rnf152","rnf152"
"15190","Sncg","sncgb"
"15191","Nop16","nop16"
"15192","Glis2","glis2a"
"15193","C330007P06Rik","zgc:103697"
"15194","Aldh3a2","aldh3a1"
"15195","Cldn1","cldn1"
"15196","Ptger1","ptger1c"
"15197","Lrrc1","lrrc1"
"15198","Coq2","coq2"
"15199","Med31","med31"
"15200","Tirap","tirap"
"15201","Gpr160","gpr160"
"15202","Arhgap22","si:dkey-191m6.4"
"15203","Eif4e2","eif4e2"
"15204","Mfap4","zgc:171687"
"15205","Gtf2h2","gtf2h2"
"15206","Ntmt1","ntmt1"
"15207","Pof1b","pof1b"
"15208","Hivep2","hivep2a"
"15209","Apob","apobb.2"
"15210","Os9","os9"
"15211","Glra2","glra2"
"15212","Zfp384","si:ch211-154o6.2"
"15213","Smad3","smad3a"
"15214","Cdr2l","cdr2l"
"15215","Coq3","coq3"
"15216","Eif2s2","eif2s2"
"15217","Magi3","magi3b"
"15218","Dus1l","dus1l"
"15219","Tbl3","tbl3"
"15220","Prkaa2","prkaa2"
"15221","Mterf2","mterf2"
"15222","Igf2bp2","igf2bp2a"
"15223","Zcchc10","zcchc10"
"15224","Tor4a","tor4aa"
"15225","Il11","il11a"
"15226","Slc5a8","slc5a8"
"15227","Gata4","gata4"
"15228","Egfl7","egfl7"
"15229","Mdga1","mdga1"
"15230","Ubtd1","ubtd1a"
"15231","Kcnab2","kcnab2a"
"15232","Kank4","kank4"
"15233","Cpt1a","cpt1aa"
"15234","Hgsnat","hgsnat"
"15235","Ell2","ell2"
"15236","Ap1m1","ap1m1"
"15237","Rnf166","rnf166"
"15238","Slc19a1","slc19a1"
"15239","Ctnnbip1","ctnnbip1"
"15240","Dpy30","dpy30"
"15241","Ggct","ggctb"
"15242","Denr","denr"
"15243","Ncdn","ncdn"
"15244","Ntrk3","ntrk3b"
"15245","Epor","il4r.2"
"15246","Pclaf","pclaf"
"15247","Map1b","map1b"
"15248","Cdk5r2","cdk5r2b"
"15249","Fbxw8","fbxw8"
"15250","Vsig8","vsig8a"
"15251","Tmem130","tmem130"
"15252","Trpa1","trpa1b"
"15253","Plk2","plk2a"
"15254","Gpr1","gpr1"
"15255","Pex5l","pex5lb"
"15256","Itga3","itga3a"
"15257","Sytl2","sytl2a"
"15258","Abi2","abi2a"
"15259","Ncam2","zgc:152904"
"15260","Armh3","armh3"
"15261","Rpl11","rpl11"
"15262","Zc3h15","zc3h15"
"15263","Adamts17","adamts17"
"15264","Rfxap","rfxap"
"15265","Slc52a3","slc52a3"
"15266","Nmrk2","mibp2"
"15267","Lrrc7","lrrc7"
"15268","Reps2","reps2"
"15269","Pik3c2a","pik3c2a"
"15270","Hsp90aa1","hsp90aa1.1"
"15271","Ccdc92b","si:ch211-274p24.4"
"15272","Yipf6","yipf6"
"15273","Qser1","qser1"
"15274","Gnrhr","gnrhr1"
"15275","Micall1","micall1a"
"15276","Grm4","grm4"
"15277","Rnf126","rnf126"
"15278","Fzd6","fzd6"
"15279","Grik1","grik1b"
"15280","B2m","zmp:0000001138"
"15281","Serpini1","serpini1"
"15282","Tmc6","tmc6a"
"15283","Tbl2","tbl2"
"15284","Mir196a-2","mir196c"
"15285","Mir196a-2","mir196a-1"
"15286","Rabl6","rabl6a"
"15287","Ptprb","ptprb"
"15288","Miga2","miga2"
"15289","Slc15a1","slc15a1a"
"15290","Ppp1r14d","zgc:162989"
"15291","Gpr39","gpr39"
"15292","Kcng4","kcng4b"
"15293","Pnisr","pnisr"
"15294","Spire1","spire1b"
"15295","Zdhhc7","zdhhc7"
"15296","Chsy3","chsy3"
"15297","Spry1","spry1"
"15298","Tmco3","tmco3"
"15299","Dkk3","dkk3a"
"15300","Pick1","pick1"
"15301","Cebpd","cebpd"
"15302","Larp1","larp1"
"15303","Rerg","si:cabz01085950.1"
"15304","Edem3","edem3"
"15305","Lzts3","lzts3a"
"15306","Chit1","chia.1"
"15307","Gabra6","gabra6b"
"15308","Bphl","bphl"
"15309","Wac","wacb"
"15310","Srp19","srp19"
"15311","Cacng5","cacng5b"
"15312","Cacng5","cacng5a"
"15313","Asic4","asic4a"
"15314","Spast","spast"
"15315","Tmem230","tmem230b"
"15316","Tgfb3","tgfb3"
"15317","Foxj1","foxj1a"
"15318","Tdp2","tdp2b"
"15319","Tdp2","tdp2a"
"15320","Slc25a29","slc25a29"
"15321","1700001L19Rik","si:dkeyp-46h3.1"
"15322","Npffr1","npffr1"
"15323","Hgs","hgs"
"15324","Snd1","snd1"
"15325","Cadps2","cadps2"
"15326","Cpxm1","cpxm1b"
"15327","Abhd8","abhd8a"
"15328","Psmd2","psmd2"
"15329","Zar1","zar1"
"15330","Igsf11","igsf11"
"15331","Ppme1","ppme1"
"15332","Aspscr1","aspscr1"
"15333","Rab24","rab24"
"15334","Ift27","ift27"
"15335","Map3k7cl","map3k7cl"
"15336","Akt2","akt2l"
"15337","Ddx46","ddx46"
"15338","Nfkb1","nfkb1"
"15339","C1d","c1d"
"15340","Mtcl1","mtcl1"
"15341","Ak1","ak1"
"15342","Npm2","npm2b"
"15343","Snrk","snrka"
"15344","Plxna1","plxna1a"
"15345","Fbxl3","fbxl3a"
"15346","Adamts14","adamts14"
"15347","Rnf213","rnf213b"
"15348","Irx1","irx1a"
"15349","Etv1","etv1"
"15350","Tfdp1","tfdp1b"
"15351","C130074G19Rik","si:dkey-126g1.9"
"15352","Mios","mios"
"15353","Fcsk","fuk"
"15354","Gpr20","gpr20"
"15355","Asf1b","asf1ba"
"15356","Ctxn3","ctxn3"
"15357","Dpysl4","dpysl4"
"15358","Qsox2","qsox2"
"15359","Mier3","mier3a"
"15360","Sh3bp5","sh3bp5b"
"15361","Ica1","ica1"
"15362","Nptx2","nptx2a"
"15363","Wnt10a","wnt10a"
"15364","Plppr1","plppr1"
"15365","Fam169a","fam169aa"
"15366","Mrc2","mrc2"
"15367","Ovol2","zgc:171929"
"15368","Csrnp1","csrnp1b"
"15369","Znrf4","rnf167"
"15370","Anapc5","anapc5"
"15371","Rock1","rock1"
"15372","Pdhx","pdhx"
"15373","Kiss1r","kiss1rb"
"15374","Mdfic","si:ch211-262n1.4"
"15375","Slc13a2","slc13a2"
"15376","Mib2","mib2"
"15377","Wipi1","wipi1"
"15378","Daglb","daglb"
"15379","Prox2","prox2"
"15380","Dnajc12","dnajc12"
"15381","Atg16l2","atg16l2"
"15382","Med14","med14"
"15383","Efr3a","efr3a"
"15384","Tm4sf19","si:dkey-83h2.3"
"15385","Fez1","fez1"
"15386","Mknk2","mknk2b"
"15387","Vstm2a","zgc:110852"
"15388","Dnah9","dnah9"
"15389","Crocc2","si:dkey-230p4.1"
"15390","Zbtb22","zbtb22a"
"15391","B4galnt4","b4galnt4b"
"15392","Tiam2","tiam2b"
"15393","Thnsl2","thnsl2"
"15394","Rabepk","rabepk"
"15395","Iffo2","iffo2b"
"15396","Rps29","rps29"
"15397","Hhat","hhat"
"15398","Rps17","zgc:114188"
"15399","Pkn2","pkn2"
"15400","Pkn2","zgc:153916"
"15401","Klf8","klf8"
"15402","Plekhg5","plekhg5b"
"15403","Lamtor1","lamtor1"
"15404","Ttll2","ttll2"
"15405","Fen1","fen1"
"15406","Mboat2","mboat2a"
"15407","Papss2","papss2a"
"15408","Ogdhl","ogdhl"
"15409","1110008P14Rik","gb:bc139872"
"15410","Epn3","epn3a"
"15411","Ctr9","ctr9"
"15412","Msantd2","si:ch211-80m8.2"
"15413","Sall4","sall4"
"15414","Ebp","ebp"
"15415","Slc10a4","slc10a4"
"15416","Gigyf1","gigyf1a"
"15417","Pnpla2","pnpla2"
"15418","Fgf10","fgf10b"
"15419","Trim54","trim54"
"15420","Efr3b","efr3bb"
"15421","Olfm2","olfm2a"
"15422","Slc34a2","slc34a2b"
"15423","Slc34a2","slc34a2a"
"15424","Abca7","zgc:172302"
"15425","Aatk","aatka"
"15426","Aatk","aatkb"
"15427","Pcsk2","pcsk2"
"15428","Il17rd","il17rd"
"15429","Dcc","dcc"
"15430","Fbln7","fbln7"
"15431","Gtpbp1","gtpbp1"
"15432","Brinp2","brinp3b"
"15433","Afg3l2","afg3l2"
"15434","Zfp609","znf609b"
"15435","Sirt1","sirt1"
"15436","Stat6","stat6"
"15437","Kirrel","kirrel1b"
"15438","Hdac11","hdac11"
"15439","Tgfbr2","tgfbr2a"
"15440","Rasgrp3","rasgrp3"
"15441","Tiprl","tiprl"
"15442","Plxnb1","plxnb1b"
"15443","Hoxc13","hoxc13b"
"15444","Dnah5","dnah5"
"15445","Xrcc5","xrcc5"
"15446","Ric3","si:ch211-235p24.2"
"15447","Amn","amn"
"15448","Ctsc","ctsc"
"15449","Dip2a","dip2a"
"15450","Nphs1","nphs1"
"15451","Klf4","klf4"
"15452","Stk40","stk40"
"15453","Ago4","ago4"
"15454","Fscn2","fscn2a"
"15455","Ripk3","ripk3"
"15456","Rlbp1","rlbp1a"
"15457","Cyp7a1","cyp7a1"
"15458","Pax3","pax3b"
"15459","Gpm6b","gpm6bb"
"15460","Elp5","elp5"
"15461","Stc1","stc1l"
"15462","Slc39a4","slc39a4"
"15463","Mettl4","mettl4"
"15464","Nabp2","si:ch73-190f16.2"
"15465","Dtwd1","dtwd1"
"15466","Pou5f2","zgc:158291"
"15467","Pou5f2","pou3f3b"
"15468","Scaf4","scaf4b"
"15469","Il2rb","il21r.1"
"15470","Aifm3","aifm3"
"15471","Lactb","lactb"
"15472","Slitrk3","slitrk3a"
"15473","Fis1","fis1"
"15474","Prep","prep"
"15475","Lrrc28","lrrc28"
"15476","Tmem106c","tmem106c"
"15477","Ctla4","cd28"
"15478","Tfec","tfec"
"15479","Cln5","cln5"
"15480","Fgf6","fgf6b"
"15481","Mrpl15","mrpl15"
"15482","Rras2","rras2"
"15483","Palm","palm1b"
"15484","Dntt","dntt"
"15485","Anks4b","anks4b"
"15486","Pax8","pax8"
"15487","Dnajc17","dnajc17"
"15488","Arhgap42","arhgap42b"
"15489","Ano1","ano1"
"15490","Gas2l1","gas2l1"
"15491","Lrrc4c","lrrc4ca"
"15492","Nkx2-2","nkx2.2a"
"15493","E2f1","e2f1"
"15494","Gmppa","gmppaa"
"15495","Cdc26","cdc26"
"15496","Marveld1","marveld1"
"15497","Cdc42ep1","cdc42ep1b"
"15498","Plcl2","plcl2"
"15499","Ndufb9","ndufb9"
"15500","Srebf1","srebf1"
"15501","Upb1","upb1"
"15502","Nr5a2","nr5a2"
"15503","Eif4g2","eif4g2a"
"15504","Ndc80","ndc80"
"15505","Dbh","dbh"
"15506","Gm2a","gm2a"
"15507","Ascc1","ascc1"
"15508","Sh3pxd2a","sh3pxd2ab"
"15509","Fam177a","fam177a1"
"15510","mt-Atp6","mt-atp6"
"15511","Ece1","ece1"
"15512","Chst8","si:ch211-269c21.2"
"15513","Csnk1d","csnk1da"
"15514","Traf7","traf7"
"15515","Sp2","sp2"
"15516","R3hdm4","r3hdm4"
"15517","Dync1h1","dync1h1"
"15518","Dusp7","dusp7"
"15519","Mybbp1a","mybbp1a"
"15520","2300009A05Rik","zgc:162898"
"15521","Cndp2","cndp2"
"15522","Minar1","si:cabz01029535.1"
"15523","Smyd4","smyd4"
"15524","Fzd4","fzd4"
"15525","Slc16a11","zgc:114041"
"15526","Tmem65","tmem65"
"15527","Arv1","arv1"
"15528","Rac1","rac1b"
"15529","Hspb7","hspb7"
"15530","Tmc3","si:dkey-15b23.3"
"15531","Rab11fip4","rab11fip4a"
"15532","Trdn","trdn"
"15533","Mrpl4","mrpl4"
"15534","Spen","si:ch1073-335m2.2"
"15535","Slc6a6","slc6a6b"
"15536","Clcn4","clcn4"
"15537","Tra2b","tra2b"
"15538","Prr16","prr16"
"15539","Tmem74b","tmem74b"
"15540","Ttll5","ttll5"
"15541","Yy1","yy1b"
"15542","Vopp1","vopp1"
"15543","Slc10a7","slc10a7"
"15544","Ehmt1","ehmt1b"
"15545","Grb10","grb10a"
"15546","Nup210","nup210"
"15547","Baiap2l1","baiap2l1a"
"15548","Baiap2l1","baiap2l1b"
"15549","Iqgap1","iqgap1"
"15550","Ybey","ybey"
"15551","Car10","ca10b"
"15552","Uggt1","uggt1"
"15553","Ap3d1","ap3d1"
"15554","Tmem178b","zgc:194665"
"15555","Cfap70","cfap70"
"15556","Sec24a","sec24a"
"15557","Dhx30","dhx30"
"15558","Fgfr3","fgfr3"
"15559","Pofut2","pofut2"
"15560","Enoph1","enoph1"
"15561","Slc1a3","slc1a3a"
"15562","Tppp2","tppp2"
"15563","Isg15","isg15"
"15564","Heca","heca"
"15565","Nrbp2","nrbp2a"
"15566","Gins1","gins1"
"15567","Thbs1","thbs1a"
"15568","Ctif","ctif"
"15569","Tctn1","tctn1"
"15570","Dhx38","dhx38"
"15571","Als2","als2a"
"15572","Rpap3","rpap3"
"15573","Usp38","usp38"
"15574","Ccdc50","ccdc50"
"15575","Wdr59","wdr59"
"15576","Ddx17","si:dkey-156n14.5"
"15577","Serinc1","serinc1"
"15578","Ywhab","ywhaba"
"15579","Plppr3","plppr3a"
"15580","Ppp1r13b","ppp1r13bb"
"15581","Ppp1r15a","ppp1r15a"
"15582","Dpysl3","dpysl3"
"15583","Pdcd10","pdcd10a"
"15584","Fryl","fryl"
"15585","Cnih4","cnih4"
"15586","Nhs","nhsa"
"15587","Cacng3","cacng3b"
"15588","Msantd4","msantd4"
"15589","Cnpy3","cnpy3"
"15590","Drc3","drc3"
"15591","Fam78a","fam78ab"
"15592","Lmbr1","lmbr1"
"15593","Specc1l","specc1la"
"15594","Vtn","vtnb"
"15595","Carnmt1","carnmt1"
"15596","4931406B18Rik","si:dkey-238d18.10"
"15597","4931406B18Rik","si:dkey-238d18.9"
"15598","Atf3","atf3"
"15599","Ncaph","ncaph"
"15600","Golim4","zgc:66479"
"15601","Anapc16","anapc16"
"15602","Fam168a","fam168a"
"15603","Spag8","spag8"
"15604","Trim8","trim8a"
"15605","Ptgis","ptgis"
"15606","5031439G07Rik","zgc:172139"
"15607","Slc35e1","slc35e1"
"15608","Bmerb1","zgc:114175"
"15609","Cyp24a1","cyp24a1"
"15610","Large1","large1"
"15611","Grm5","grm5a"
"15612","Grm5","grm5b"
"15613","Mmp15","mmp15b"
"15614","Irx3","irx3b"
"15615","Rad51d","rad51d"
"15616","Ppif","ppifb"
"15617","Mrps35","mrps35"
"15618","Wnt9a","wnt9a"
"15619","Adgra2","adgra2"
"15620","Ctsz","ctsz"
"15621","Tex2","tex2"
"15622","Kcp","si:dkey-266m15.6"
"15623","Kdelr3","kdelr3"
"15624","Raly","raly"
"15625","Polr2h","polr2h"
"15626","Rgmb","rgmb"
"15627","Rad51ap1","rad51ap1"
"15628","Gas2","gas2a"
"15629","Fam114a2","fam114a2"
"15630","Nagk","nagk"
"15631","Myrfl","myrfl"
"15632","Supt4a","supt4h1"
"15633","2900026A02Rik","tnks1bp1"
"15634","Tent5a","tent5ab"
"15635","Noa1","noa1"
"15636","Apeh","apeh"
"15637","Tbk1","tbk1"
"15638","Tbr1","tbr1b"
"15639","Garem2","gareml"
"15640","Nap1l1","nap1l1"
"15641","Xab2","xab2"
"15642","Pax1","pax1a"
"15643","Prickle2","prickle2a"
"15644","Slitrk6","slitrk6"
"15645","Slc7a8","slc7a8b"
"15646","Hmgb1","hmgb1a"
"15647","Bap1","bap1"
"15648","Eml1","eml1"
"15649","Gc","gc"
"15650","Pak6","pak6b"
"15651","Pak6","pak6a"
"15652","Gmnn","gmnn"
"15653","Timp4","timp4.1"
"15654","Phactr1","phactr1"
"15655","Aig1","aig1"
"15656","Hbegf","hbegfa"
"15657","Gart","gart"
"15658","Gpr137b","gpr137ba"
"15659","Ngf","ngfb"
"15660","Zc3h6","zc3h6"
"15661","Capn7","capn7"
"15662","Pdlim4","pdlim4"
"15663","Stk24","stk24a"
"15664","Wfs1","wfs1a"
"15665","Cep120","cep120"
"15666","Fbxo43","fbxo43"
"15667","Wdr44","wdr44"
"15668","Polr3a","polr3a"
"15669","Dipk1b","dipk1b"
"15670","Hecw1","si:ch211-188f17.1"
"15671","Fzd7","fzd7a"
"15672","Smad6","smad6a"
"15673","Hsf2","hsf2"
"15674","Mrps2","mrps2"
"15675","Med17","med17"
"15676","Gpatch11","gpatch11"
"15677","Cubn","cubn"
"15678","St8sia4","st8sia4"
"15679","Nxnl2","nxnl2"
"15680","Cflar","cflarb"
"15681","Pax7","pax7a"
"15682","Tmx1","tmx1"
"15683","Megf6","megf6b"
"15684","Nuggc","nuggc.3"
"15685","Tmem150c","tmem150c"
"15686","Pkn1","pkn1b"
"15687","Srp14","srp14"
"15688","Ccdc181","ccdc181"
"15689","Ptpn1","ptpn1"
"15690","Fut9","si:dkey-88e12.3"
"15691","Fut9","zgc:165582"
"15692","Fut9","ft2"
"15693","Gpx4","gpx4b"
"15694","Pomp","pomp"
"15695","Slc37a2","slc37a2"
"15696","Kifap3","kifap3b"
"15697","Wbp1l","wbp1lb"
"15698","Tnni1","tnni1b"
"15699","Stx18","stx18"
"15700","Trim80","trim65"
"15701","Dhx32","dhx32a"
"15702","Ptpro","ptpro"
"15703","Haus7","haus7"
"15704","Pou3f2","pou3f2b"
"15705","Arhgap17","arhgap17a"
"15706","Clec11a","clec11a"
"15707","Tpst1","tpst1"
"15708","Uqcr10","uqcr10"
"15709","Slc25a10","si:ch1073-100f3.2"
"15710","Slc25a10","slc25a10"
"15711","Stpg2","stpg2"
"15712","Dnaaf4","dnaaf4"
"15713","Rgs9","rgs9a"
"15714","Sowaha","sowahaa"
"15715","Pxn","pxnb"
"15716","Mmp21","mmp21"
"15717","Mpg","mpg"
"15718","Myo7a","myo7aa"
"15719","Cttnbp2nl","cttnbp2nla"
"15720","Fam131a","fam131a"
"15721","Nod2","nod2"
"15722","Lrig2","lrig2"
"15723","C1qtnf9","c1qtnf9"
"15724","Rufy1","rufy1"
"15725","Rusc1","rusc1"
"15726","Wipf2","wipf2b"
"15727","Necab1","necab1"
"15728","Mn1","mn1a"
"15729","Fgd5","fgd5a"
"15730","Stap2","stap2b"
"15731","Tmem266","tmem266"
"15732","Hgf","hgfb"
"15733","Pea15a","pea15"
"15734","Kcns1","si:dkey-43k4.5"
"15735","Gm5737","sdr42e2"
"15736","mt-Nd1","mt-nd1"
"15737","Slain1","slain1b"
"15738","Srxn1","srxn1"
"15739","Lpar2","lpar2a"
"15740","Lpar2","lpar2b"
"15741","Ewsr1","ewsr1b"
"15742","Gatad1","gatad1"
"15743","Gpc1","gpc1b"
"15744","Cipc","cipcb"
"15745","Spaca4","spaca4l"
"15746","Acp7","acp7"
"15747","Ppargc1a","ppargc1a"
"15748","Spag1","spag1b"
"15749","Spag1","spag1a"
"15750","Tob1","tob1a"
"15751","Nedd8","nedd8l"
"15752","Adipor1","adipor1b"
"15753","Cyb561d2","cyb561d2"
"15754","Nsd1","si:dkey-238o14.7"
"15755","mt-Co3","mt-co3"
"15756","Zcchc9","zcchc9"
"15757","Slc36a4","slc36a4"
"15758","Kank2","kank2"
"15759","Tulp3","zmp:0000000711"
"15760","Mrpl34","mrpl34"
"15761","Lnpk","lnpa"
"15762","Msx3","msx1a"
"15763","Msx3","msx2b"
"15764","Pink1","pink1"
"15765","Srp68","srp68"
"15766","Epha4","epha4l"
"15767","Slc15a2","slc15a2"
"15768","Cbfa2t3","cbfa2t3"
"15769","Dusp27","dusp27"
"15770","Myl9","myl9b"
"15771","Gipc1","gipc1"
"15772","Pnpla3","pnpla3"
"15773","Traf2","unm_sa808"
"15774","Crtc1","crtc1a"
"15775","Cpox","cpox"
"15776","Katnal1","katnal1"
"15777","Ccdc82","ccdc82"
"15778","Gjd2","gjd1a"
